social_record_id,person_id,platform_alias,username_alias,timestamp,content,mentioned_entity,location_id,confidence,source
SOC_000001,PERSON_1476,SnapCircle,user_person_1476,2025-05-06 00:42:39,"Everything is set for the evening, see you there.",PERSON_0397,LOCATION_0071,0.56,SOCIAL_MEDIA_MONITORING
SOC_000002,PERSON_0026,TalkStream,user_person_0026,2026-01-04 08:41:10,"Package ready, will hand it over as discussed.",PERSON_0397,LOCATION_0131,0.66,SOCIAL_MEDIA_MONITORING
SOC_000003,PERSON_1104,PicWall,user_person_1104,2025-03-04 03:01:22,"Plan is confirmed, let's proceed as talked about.",PERSON_1226,LOCATION_0232,0.48,SOCIAL_MEDIA_MONITORING
SOC_000004,PERSON_1226,SnapCircle,user_person_1226,2026-03-28 00:51:38,"Plan is confirmed, let's proceed as talked about.",PERSON_1104,LOCATION_0252,0.65,SOCIAL_MEDIA_MONITORING
SOC_000005,PERSON_0486,TalkStream,user_person_0486,2025-08-21 00:55:56,"Everything is set for the evening, see you there.",PERSON_0486,LOCATION_0093,0.56,SOCIAL_MEDIA_MONITORING
SOC_000006,PERSON_1343,SnapCircle,user_person_1343,2025-07-28 13:09:48,Meeting postponed. Same place tomorrow.,PERSON_1232,LOCATION_0273,0.52,SOCIAL_MEDIA_MONITORING
SOC_000007,PERSON_1060,ConnectHub,user_person_1060,2025-11-19 04:05:55,"Everything is set for the evening, see you there.",PERSON_0720,LOCATION_0054,0.7,SOCIAL_MEDIA_MONITORING
SOC_000008,PERSON_0720,SnapCircle,user_person_0720,2025-10-03 16:49:09,"Plan is confirmed, let's proceed as talked about.",PERSON_0950,LOCATION_0174,0.42,SOCIAL_MEDIA_MONITORING
SOC_000009,PERSON_1008,SnapCircle,user_person_1008,2025-03-04 18:46:50,"Plan is confirmed, let's proceed as talked about.",PERSON_1269,LOCATION_0105,0.56,SOCIAL_MEDIA_MONITORING
SOC_000010,PERSON_0105,ConnectHub,user_person_0105,2025-12-27 02:51:46,"Everything is set for the evening, see you there.",PERSON_1008,LOCATION_0145,0.55,SOCIAL_MEDIA_MONITORING
SOC_000011,PERSON_1190,ChirpNet,user_person_1190,2025-05-14 16:30:21,"Plan is confirmed, let's proceed as talked about.",PERSON_1170,LOCATION_0196,0.42,SOCIAL_MEDIA_MONITORING
SOC_000012,PERSON_1170,SnapCircle,user_person_1170,2025-07-17 20:03:12,"Plan is confirmed, let's proceed as talked about.",PERSON_1170,LOCATION_0116,0.45,SOCIAL_MEDIA_MONITORING
SOC_000013,PERSON_1499,ChirpNet,user_person_1499,2025-01-13 08:36:22,"Package ready, will hand it over as discussed.",PERSON_0037,LOCATION_0147,0.53,SOCIAL_MEDIA_MONITORING
SOC_000014,PERSON_0037,PicWall,user_person_0037,2025-03-14 01:23:41,"Package ready, will hand it over as discussed.",PERSON_1449,LOCATION_0107,0.42,SOCIAL_MEDIA_MONITORING
SOC_000015,PERSON_0398,PicWall,user_person_0398,2026-01-31 02:36:36,"Plan is confirmed, let's proceed as talked about.",PERSON_0398,LOCATION_0148,0.54,SOCIAL_MEDIA_MONITORING
SOC_000016,PERSON_0736,TalkStream,user_person_0736,2025-09-24 14:27:26,"Package ready, will hand it over as discussed.",PERSON_0398,LOCATION_0288,0.44,SOCIAL_MEDIA_MONITORING
SOC_000017,PERSON_0671,SnapCircle,user_person_0671,2025-10-03 10:36:32,Meeting postponed. Same place tomorrow.,PERSON_0945,LOCATION_0169,0.6,SOCIAL_MEDIA_MONITORING
SOC_000018,PERSON_0639,TalkStream,user_person_0639,2025-03-25 17:28:43,"Everything is set for the evening, see you there.",PERSON_1203,LOCATION_0079,0.66,SOCIAL_MEDIA_MONITORING
SOC_000019,PERSON_0104,ChirpNet,user_person_0104,2025-02-22 17:06:49,Keep this between us for now.,PERSON_0551,LOCATION_0120,0.61,SOCIAL_MEDIA_MONITORING
SOC_000020,PERSON_1433,TalkStream,user_person_1433,2025-03-12 10:14:14,Meeting postponed. Same place tomorrow.,PERSON_0030,LOCATION_0240,0.44,SOCIAL_MEDIA_MONITORING
SOC_000021,PERSON_1242,PicWall,user_person_1242,2025-03-16 12:23:01,Meeting postponed. Same place tomorrow.,PERSON_1242,LOCATION_0281,0.56,SOCIAL_MEDIA_MONITORING
SOC_000022,PERSON_1046,SnapCircle,user_person_1046,2025-09-29 11:26:26,Meeting postponed. Same place tomorrow.,PERSON_1242,LOCATION_0281,0.56,SOCIAL_MEDIA_MONITORING
SOC_000023,PERSON_0423,ConnectHub,user_person_0423,2025-08-05 17:08:20,"Plan is confirmed, let's proceed as talked about.",PERSON_0580,LOCATION_0092,0.43,SOCIAL_MEDIA_MONITORING
SOC_000024,PERSON_0784,PicWall,user_person_0784,2025-07-16 10:23:51,"Package ready, will hand it over as discussed.",PERSON_0903,LOCATION_0192,0.74,SOCIAL_MEDIA_MONITORING
SOC_000025,PERSON_0497,ChirpNet,user_person_0497,2025-10-01 02:59:46,Traffic was terrible near the market today.,,LOCATION_0095,0.73,SOCIAL_MEDIA_MONITORING
SOC_000026,PERSON_1118,TalkStream,user_person_1118,2024-05-13 04:50:29,Weather has been unusually warm this month.,,LOCATION_0207,0.85,SOCIAL_MEDIA_MONITORING
SOC_000027,PERSON_1264,PicWall,user_person_1264,2026-06-29 21:35:45,Happy to share we completed the delivery on time.,,LOCATION_0051,0.83,SOCIAL_MEDIA_MONITORING
SOC_000028,PERSON_1487,ConnectHub,user_person_1487,2025-06-26 02:00:09,"New shop opening next week, everyone welcome.",,LOCATION_0045,0.54,SOCIAL_MEDIA_MONITORING
SOC_000029,PERSON_0540,SnapCircle,user_person_0540,2025-06-01 09:30:24,"New shop opening next week, everyone welcome.",,LOCATION_0055,0.46,SOCIAL_MEDIA_MONITORING
SOC_000030,PERSON_0498,ConnectHub,user_person_0498,2024-07-29 23:35:39,Happy to share we completed the delivery on time.,,LOCATION_0279,0.72,SOCIAL_MEDIA_MONITORING
SOC_000031,PERSON_1255,ChirpNet,user_person_1255,2025-04-17 22:15:43,Weather has been unusually warm this month.,,LOCATION_0034,0.57,SOCIAL_MEDIA_MONITORING
SOC_000032,PERSON_1220,ChirpNet,user_person_1220,2025-09-16 16:51:17,"New shop opening next week, everyone welcome.",,LOCATION_0087,0.77,SOCIAL_MEDIA_MONITORING
SOC_000033,PERSON_1248,TalkStream,user_person_1248,2025-01-07 19:32:18,Traffic was terrible near the market today.,,LOCATION_0049,0.54,SOCIAL_MEDIA_MONITORING
SOC_000034,PERSON_0759,PicWall,user_person_0759,2025-11-18 17:08:02,Weather has been unusually warm this month.,,LOCATION_0001,0.76,SOCIAL_MEDIA_MONITORING
SOC_000035,PERSON_0495,PicWall,user_person_0495,2024-12-21 11:51:39,Weather has been unusually warm this month.,,LOCATION_0019,0.68,SOCIAL_MEDIA_MONITORING
SOC_000036,PERSON_1160,PicWall,user_person_1160,2024-07-09 10:43:57,Happy to share we completed the delivery on time.,,LOCATION_0049,0.4,SOCIAL_MEDIA_MONITORING
SOC_000037,PERSON_0403,ChirpNet,user_person_0403,2025-06-21 00:27:18,"New shop opening next week, everyone welcome.",,LOCATION_0024,0.64,SOCIAL_MEDIA_MONITORING
SOC_000038,PERSON_0375,PicWall,user_person_0375,2025-10-25 23:36:08,"Package ready, will hand it over as discussed.",PERSON_0646,LOCATION_0155,0.7,SOCIAL_MEDIA_MONITORING
SOC_000039,PERSON_0850,PicWall,user_person_0850,2025-11-06 03:02:55,"New shop opening next week, everyone welcome.",,LOCATION_0217,0.69,SOCIAL_MEDIA_MONITORING
SOC_000040,PERSON_0028,ChirpNet,user_person_0028,2026-06-04 04:35:52,Traffic was terrible near the market today.,,LOCATION_0251,0.62,SOCIAL_MEDIA_MONITORING
SOC_000041,PERSON_1419,TalkStream,user_person_1419,2024-11-07 19:47:35,Weather has been unusually warm this month.,,LOCATION_0177,0.82,SOCIAL_MEDIA_MONITORING
SOC_000042,PERSON_0923,ConnectHub,user_person_0923,2025-05-22 14:25:58,"Great weekend with family, back to work tomorrow.",,LOCATION_0070,0.76,SOCIAL_MEDIA_MONITORING
SOC_000043,PERSON_1117,ChirpNet,user_person_1117,2026-06-28 17:35:33,"Great weekend with family, back to work tomorrow.",,LOCATION_0140,0.62,SOCIAL_MEDIA_MONITORING
SOC_000044,PERSON_1301,TalkStream,user_person_1301,2024-12-06 06:48:08,"Great weekend with family, back to work tomorrow.",,LOCATION_0171,0.62,SOCIAL_MEDIA_MONITORING
SOC_000045,PERSON_0405,PicWall,user_person_0405,2025-02-25 08:57:28,Happy to share we completed the delivery on time.,,LOCATION_0192,0.69,SOCIAL_MEDIA_MONITORING
SOC_000046,PERSON_0213,PicWall,user_person_0213,2024-05-22 10:02:30,Weather has been unusually warm this month.,,LOCATION_0070,0.55,SOCIAL_MEDIA_MONITORING
SOC_000047,PERSON_0804,SnapCircle,user_person_0804,2026-02-18 14:00:42,"Great weekend with family, back to work tomorrow.",,LOCATION_0010,0.47,SOCIAL_MEDIA_MONITORING
SOC_000048,PERSON_1311,PicWall,user_person_1311,2025-08-28 02:23:22,"New shop opening next week, everyone welcome.",,LOCATION_0172,0.54,SOCIAL_MEDIA_MONITORING
SOC_000049,PERSON_0458,SnapCircle,user_person_0458,2024-09-28 09:54:44,"Great weekend with family, back to work tomorrow.",,LOCATION_0298,0.71,SOCIAL_MEDIA_MONITORING
SOC_000050,PERSON_1056,ChirpNet,user_person_1056,2024-04-06 07:47:54,Weather has been unusually warm this month.,,LOCATION_0248,0.76,SOCIAL_MEDIA_MONITORING
SOC_000051,PERSON_0910,ChirpNet,user_person_0910,2025-06-11 02:15:00,Traffic was terrible near the market today.,,LOCATION_0132,0.81,SOCIAL_MEDIA_MONITORING
SOC_000052,PERSON_1027,PicWall,user_person_1027,2026-01-11 10:55:35,Traffic was terrible near the market today.,,LOCATION_0001,0.41,SOCIAL_MEDIA_MONITORING
SOC_000053,PERSON_0132,ChirpNet,user_person_0132,2026-05-07 19:50:37,"Great weekend with family, back to work tomorrow.",,LOCATION_0174,0.64,SOCIAL_MEDIA_MONITORING
SOC_000054,PERSON_0926,TalkStream,user_person_0926,2024-04-03 05:10:42,"New shop opening next week, everyone welcome.",,LOCATION_0189,0.62,SOCIAL_MEDIA_MONITORING
SOC_000055,PERSON_0548,SnapCircle,user_person_0548,2025-01-20 12:43:55,"Everything is set for the evening, see you there.",PERSON_0491,LOCATION_0051,0.45,SOCIAL_MEDIA_MONITORING
SOC_000056,PERSON_0639,TalkStream,user_person_0639,2026-01-15 17:01:37,Meeting postponed. Same place tomorrow.,,LOCATION_0300,0.68,SOCIAL_MEDIA_MONITORING
SOC_000057,PERSON_0619,PicWall,user_person_0619,2024-10-30 01:16:01,Happy to share we completed the delivery on time.,,LOCATION_0100,0.78,SOCIAL_MEDIA_MONITORING
SOC_000058,PERSON_1488,SnapCircle,user_person_1488,2025-04-19 11:11:19,Weather has been unusually warm this month.,,LOCATION_0090,0.54,SOCIAL_MEDIA_MONITORING
SOC_000059,PERSON_0767,SnapCircle,user_person_0767,2025-04-26 14:04:22,Traffic was terrible near the market today.,,LOCATION_0179,0.78,SOCIAL_MEDIA_MONITORING
SOC_000060,PERSON_0539,SnapCircle,user_person_0539,2025-10-24 04:29:24,"Great weekend with family, back to work tomorrow.",,LOCATION_0030,0.5,SOCIAL_MEDIA_MONITORING
SOC_000061,PERSON_0654,PicWall,user_person_0654,2026-01-11 12:49:09,Weather has been unusually warm this month.,,LOCATION_0034,0.63,SOCIAL_MEDIA_MONITORING
SOC_000062,PERSON_0729,TalkStream,user_person_0729,2025-11-04 07:10:02,Happy to share we completed the delivery on time.,,LOCATION_0132,0.7,SOCIAL_MEDIA_MONITORING
SOC_000063,PERSON_1409,TalkStream,user_person_1409,2024-02-22 11:41:06,Weather has been unusually warm this month.,,LOCATION_0219,0.59,SOCIAL_MEDIA_MONITORING
SOC_000064,PERSON_0576,PicWall,user_person_0576,2026-06-15 19:37:34,"New shop opening next week, everyone welcome.",,LOCATION_0087,0.61,SOCIAL_MEDIA_MONITORING
SOC_000065,PERSON_1151,PicWall,user_person_1151,2025-11-11 10:51:06,Traffic was terrible near the market today.,,LOCATION_0085,0.62,SOCIAL_MEDIA_MONITORING
SOC_000066,PERSON_0178,TalkStream,user_person_0178,2026-05-05 23:27:50,"Great weekend with family, back to work tomorrow.",,LOCATION_0048,0.67,SOCIAL_MEDIA_MONITORING
SOC_000067,PERSON_0596,PicWall,user_person_0596,2025-01-28 09:47:50,"Great weekend with family, back to work tomorrow.",,LOCATION_0281,0.83,SOCIAL_MEDIA_MONITORING
SOC_000068,PERSON_0125,ConnectHub,user_person_0125,2024-10-10 02:19:21,Weather has been unusually warm this month.,,LOCATION_0124,0.45,SOCIAL_MEDIA_MONITORING
SOC_000069,PERSON_0686,PicWall,user_person_0686,2025-10-06 02:32:56,"New shop opening next week, everyone welcome.",,LOCATION_0066,0.49,SOCIAL_MEDIA_MONITORING
SOC_000070,PERSON_0598,TalkStream,user_person_0598,2025-09-16 16:29:48,"New shop opening next week, everyone welcome.",,LOCATION_0033,0.55,SOCIAL_MEDIA_MONITORING
SOC_000071,PERSON_0340,ChirpNet,user_person_0340,2024-12-05 20:34:22,"Great weekend with family, back to work tomorrow.",,LOCATION_0038,0.66,SOCIAL_MEDIA_MONITORING
SOC_000072,PERSON_0671,SnapCircle,user_person_0671,2026-03-31 08:02:15,Traffic was terrible near the market today.,,LOCATION_0146,0.54,SOCIAL_MEDIA_MONITORING
SOC_000073,PERSON_0758,ChirpNet,user_person_0758,2025-12-06 00:06:55,Weather has been unusually warm this month.,,LOCATION_0115,0.43,SOCIAL_MEDIA_MONITORING
SOC_000074,PERSON_0332,ChirpNet,user_person_0332,2024-10-08 20:38:27,Happy to share we completed the delivery on time.,,LOCATION_0250,0.51,SOCIAL_MEDIA_MONITORING
SOC_000075,PERSON_0007,PicWall,user_person_0007,2024-09-18 07:13:00,"Great weekend with family, back to work tomorrow.",,LOCATION_0293,0.55,SOCIAL_MEDIA_MONITORING
SOC_000076,PERSON_0169,ConnectHub,user_person_0169,2024-07-02 16:16:03,Traffic was terrible near the market today.,,LOCATION_0297,0.61,SOCIAL_MEDIA_MONITORING
SOC_000077,PERSON_0907,SnapCircle,user_person_0907,2024-03-23 15:15:19,"New shop opening next week, everyone welcome.",,LOCATION_0047,0.55,SOCIAL_MEDIA_MONITORING
SOC_000078,PERSON_1262,PicWall,user_person_1262,2024-10-04 16:25:10,"New shop opening next week, everyone welcome.",,LOCATION_0129,0.53,SOCIAL_MEDIA_MONITORING
SOC_000079,PERSON_0492,TalkStream,user_person_0492,2025-09-11 03:57:47,Weather has been unusually warm this month.,,LOCATION_0154,0.69,SOCIAL_MEDIA_MONITORING
SOC_000080,PERSON_0265,TalkStream,user_person_0265,2025-01-21 08:53:20,Weather has been unusually warm this month.,,LOCATION_0113,0.77,SOCIAL_MEDIA_MONITORING
SOC_000081,PERSON_0453,TalkStream,user_person_0453,2025-07-07 04:28:14,Weather has been unusually warm this month.,,LOCATION_0126,0.47,SOCIAL_MEDIA_MONITORING
SOC_000082,PERSON_0016,PicWall,user_person_0016,2024-02-29 12:12:22,Happy to share we completed the delivery on time.,,LOCATION_0210,0.48,SOCIAL_MEDIA_MONITORING
SOC_000083,PERSON_0245,PicWall,user_person_0245,2025-03-19 17:56:52,Weather has been unusually warm this month.,,LOCATION_0039,0.42,SOCIAL_MEDIA_MONITORING
SOC_000084,PERSON_0222,TalkStream,user_person_0222,2026-04-07 14:46:29,Traffic was terrible near the market today.,,LOCATION_0040,0.68,SOCIAL_MEDIA_MONITORING
SOC_000085,PERSON_0699,TalkStream,user_person_0699,2025-03-04 09:38:39,Traffic was terrible near the market today.,,LOCATION_0155,0.66,SOCIAL_MEDIA_MONITORING
SOC_000086,PERSON_0747,ConnectHub,user_person_0747,2025-10-31 05:41:02,Weather has been unusually warm this month.,,LOCATION_0244,0.79,SOCIAL_MEDIA_MONITORING
SOC_000087,PERSON_0558,ChirpNet,user_person_0558,2026-04-11 22:56:47,"New shop opening next week, everyone welcome.",,LOCATION_0074,0.85,SOCIAL_MEDIA_MONITORING
SOC_000088,PERSON_1344,SnapCircle,user_person_1344,2025-06-23 20:19:20,Traffic was terrible near the market today.,,LOCATION_0022,0.65,SOCIAL_MEDIA_MONITORING
SOC_000089,PERSON_0301,ConnectHub,user_person_0301,2026-04-18 04:02:56,"Package ready, will hand it over as discussed.",PERSON_0108,LOCATION_0031,0.59,SOCIAL_MEDIA_MONITORING
SOC_000090,PERSON_0911,PicWall,user_person_0911,2025-08-16 01:12:07,Weather has been unusually warm this month.,,LOCATION_0211,0.83,SOCIAL_MEDIA_MONITORING
SOC_000091,PERSON_0165,SnapCircle,user_person_0165,2025-03-26 20:13:54,"New shop opening next week, everyone welcome.",,LOCATION_0262,0.75,SOCIAL_MEDIA_MONITORING
SOC_000092,PERSON_0987,TalkStream,user_person_0987,2024-11-24 18:39:29,Weather has been unusually warm this month.,,LOCATION_0136,0.52,SOCIAL_MEDIA_MONITORING
SOC_000093,PERSON_1134,ConnectHub,user_person_1134,2026-05-18 09:15:03,Traffic was terrible near the market today.,,LOCATION_0056,0.84,SOCIAL_MEDIA_MONITORING
SOC_000094,PERSON_0926,PicWall,user_person_0926,2025-07-19 15:10:09,Weather has been unusually warm this month.,,LOCATION_0049,0.74,SOCIAL_MEDIA_MONITORING
SOC_000095,PERSON_1108,PicWall,user_person_1108,2025-07-07 10:35:42,Weather has been unusually warm this month.,,LOCATION_0194,0.59,SOCIAL_MEDIA_MONITORING
SOC_000096,PERSON_1260,PicWall,user_person_1260,2024-12-11 02:05:01,"New shop opening next week, everyone welcome.",,LOCATION_0224,0.55,SOCIAL_MEDIA_MONITORING
SOC_000097,PERSON_1411,SnapCircle,user_person_1411,2026-01-16 23:02:31,Traffic was terrible near the market today.,,LOCATION_0130,0.68,SOCIAL_MEDIA_MONITORING
SOC_000098,PERSON_0683,ConnectHub,user_person_0683,2024-11-23 18:46:55,"Everything is set for the evening, see you there.",,LOCATION_0258,0.46,SOCIAL_MEDIA_MONITORING
SOC_000099,PERSON_1342,SnapCircle,user_person_1342,2025-07-13 15:14:48,Happy to share we completed the delivery on time.,,LOCATION_0161,0.58,SOCIAL_MEDIA_MONITORING
SOC_000100,PERSON_0284,ChirpNet,user_person_0284,2024-05-23 13:54:11,Traffic was terrible near the market today.,,LOCATION_0162,0.49,SOCIAL_MEDIA_MONITORING
SOC_000101,PERSON_0228,ChirpNet,user_person_0228,2026-03-14 08:01:01,"New shop opening next week, everyone welcome.",,LOCATION_0236,0.42,SOCIAL_MEDIA_MONITORING
SOC_000102,PERSON_1454,ChirpNet,user_person_1454,2024-06-01 23:41:20,"Great weekend with family, back to work tomorrow.",,LOCATION_0203,0.54,SOCIAL_MEDIA_MONITORING
SOC_000103,PERSON_0854,ConnectHub,user_person_0854,2025-03-24 03:59:44,"New shop opening next week, everyone welcome.",,LOCATION_0064,0.78,SOCIAL_MEDIA_MONITORING
SOC_000104,PERSON_0562,PicWall,user_person_0562,2025-05-13 08:27:30,"New shop opening next week, everyone welcome.",,LOCATION_0034,0.55,SOCIAL_MEDIA_MONITORING
SOC_000105,PERSON_0537,SnapCircle,user_person_0537,2025-01-04 11:36:31,"Great weekend with family, back to work tomorrow.",,LOCATION_0258,0.64,SOCIAL_MEDIA_MONITORING
SOC_000106,PERSON_1121,PicWall,user_person_1121,2024-11-18 00:57:47,Meeting postponed. Same place tomorrow.,,LOCATION_0177,0.74,SOCIAL_MEDIA_MONITORING
SOC_000107,PERSON_1407,ConnectHub,user_person_1407,2026-04-30 23:17:42,"Plan is confirmed, let's proceed as talked about.",,LOCATION_0274,0.59,SOCIAL_MEDIA_MONITORING
SOC_000108,PERSON_0997,ChirpNet,user_person_0997,2024-12-31 02:36:08,"Great weekend with family, back to work tomorrow.",,LOCATION_0024,0.81,SOCIAL_MEDIA_MONITORING
SOC_000109,PERSON_1320,SnapCircle,user_person_1320,2025-05-22 14:11:00,"New shop opening next week, everyone welcome.",,LOCATION_0277,0.83,SOCIAL_MEDIA_MONITORING
SOC_000110,PERSON_0665,PicWall,user_person_0665,2025-08-14 22:35:24,Weather has been unusually warm this month.,,LOCATION_0179,0.68,SOCIAL_MEDIA_MONITORING
SOC_000111,PERSON_0820,PicWall,user_person_0820,2024-12-18 12:07:19,"Package ready, will hand it over as discussed.",PERSON_1112,LOCATION_0282,0.85,SOCIAL_MEDIA_MONITORING
SOC_000112,PERSON_0168,TalkStream,user_person_0168,2025-05-03 10:01:31,Happy to share we completed the delivery on time.,,LOCATION_0064,0.41,SOCIAL_MEDIA_MONITORING
SOC_000113,PERSON_0894,SnapCircle,user_person_0894,2024-11-30 17:16:11,"Plan is confirmed, let's proceed as talked about.",,LOCATION_0037,0.6,SOCIAL_MEDIA_MONITORING
SOC_000114,PERSON_1005,ConnectHub,user_person_1005,2026-04-14 01:32:54,"New shop opening next week, everyone welcome.",,LOCATION_0154,0.52,SOCIAL_MEDIA_MONITORING
SOC_000115,PERSON_0131,ConnectHub,user_person_0131,2025-12-25 12:43:49,Weather has been unusually warm this month.,,LOCATION_0125,0.64,SOCIAL_MEDIA_MONITORING
SOC_000116,PERSON_0820,PicWall,user_person_0820,2024-10-22 11:54:28,"Great weekend with family, back to work tomorrow.",,LOCATION_0132,0.65,SOCIAL_MEDIA_MONITORING
SOC_000117,PERSON_0160,PicWall,user_person_0160,2024-08-07 09:07:44,"New shop opening next week, everyone welcome.",,LOCATION_0273,0.42,SOCIAL_MEDIA_MONITORING
SOC_000118,PERSON_1092,ConnectHub,user_person_1092,2026-05-05 04:08:20,Happy to share we completed the delivery on time.,,LOCATION_0141,0.67,SOCIAL_MEDIA_MONITORING
SOC_000119,PERSON_0390,SnapCircle,user_person_0390,2024-05-05 12:43:36,"Great weekend with family, back to work tomorrow.",,LOCATION_0232,0.57,SOCIAL_MEDIA_MONITORING
SOC_000120,PERSON_0943,ChirpNet,user_person_0943,2026-01-28 02:12:09,"New shop opening next week, everyone welcome.",,LOCATION_0271,0.56,SOCIAL_MEDIA_MONITORING
SOC_000121,PERSON_0373,ChirpNet,user_person_0373,2024-11-17 21:38:29,"Everything is set for the evening, see you there.",,LOCATION_0018,0.62,SOCIAL_MEDIA_MONITORING
SOC_000122,PERSON_1139,SnapCircle,user_person_1139,2025-11-27 23:06:49,"New shop opening next week, everyone welcome.",,LOCATION_0146,0.6,SOCIAL_MEDIA_MONITORING
SOC_000123,PERSON_0637,SnapCircle,user_person_0637,2024-10-18 16:14:24,Weather has been unusually warm this month.,,LOCATION_0294,0.43,SOCIAL_MEDIA_MONITORING
SOC_000124,PERSON_1282,ChirpNet,user_person_1282,2024-09-17 05:02:45,Traffic was terrible near the market today.,,LOCATION_0189,0.67,SOCIAL_MEDIA_MONITORING
SOC_000125,PERSON_1480,PicWall,user_person_1480,2024-08-06 06:03:25,Traffic was terrible near the market today.,,LOCATION_0127,0.82,SOCIAL_MEDIA_MONITORING
SOC_000126,PERSON_0845,ChirpNet,user_person_0845,2025-06-04 07:39:53,Happy to share we completed the delivery on time.,,LOCATION_0091,0.52,SOCIAL_MEDIA_MONITORING
SOC_000127,PERSON_0684,ConnectHub,user_person_0684,2025-12-21 12:28:29,Weather has been unusually warm this month.,,LOCATION_0243,0.8,SOCIAL_MEDIA_MONITORING
SOC_000128,PERSON_1198,SnapCircle,user_person_1198,2025-10-02 14:15:48,Happy to share we completed the delivery on time.,,LOCATION_0096,0.52,SOCIAL_MEDIA_MONITORING
SOC_000129,PERSON_1484,ConnectHub,user_person_1484,2025-12-19 08:17:25,Weather has been unusually warm this month.,,LOCATION_0013,0.81,SOCIAL_MEDIA_MONITORING
SOC_000130,PERSON_0099,ChirpNet,user_person_0099,2025-04-12 08:46:01,"Everything is set for the evening, see you there.",PERSON_0986,LOCATION_0273,0.72,SOCIAL_MEDIA_MONITORING
SOC_000131,PERSON_0672,SnapCircle,user_person_0672,2025-01-03 09:00:52,Happy to share we completed the delivery on time.,,LOCATION_0167,0.78,SOCIAL_MEDIA_MONITORING
SOC_000132,PERSON_0468,SnapCircle,user_person_0468,2025-07-15 23:22:15,"Great weekend with family, back to work tomorrow.",,LOCATION_0017,0.71,SOCIAL_MEDIA_MONITORING
SOC_000133,PERSON_1265,PicWall,user_person_1265,2025-10-07 08:41:54,Happy to share we completed the delivery on time.,,LOCATION_0196,0.45,SOCIAL_MEDIA_MONITORING
SOC_000134,PERSON_0603,PicWall,user_person_0603,2026-02-25 17:12:15,Happy to share we completed the delivery on time.,,LOCATION_0097,0.54,SOCIAL_MEDIA_MONITORING
SOC_000135,PERSON_1000,SnapCircle,user_person_1000,2024-12-22 18:37:29,"New shop opening next week, everyone welcome.",,LOCATION_0093,0.49,SOCIAL_MEDIA_MONITORING
SOC_000136,PERSON_0670,ChirpNet,user_person_0670,2025-04-11 16:41:00,Happy to share we completed the delivery on time.,,LOCATION_0210,0.6,SOCIAL_MEDIA_MONITORING
SOC_000137,PERSON_1116,ConnectHub,user_person_1116,2026-01-26 05:55:09,"Great weekend with family, back to work tomorrow.",,LOCATION_0231,0.55,SOCIAL_MEDIA_MONITORING
SOC_000138,PERSON_1210,TalkStream,user_person_1210,2024-07-16 20:40:46,Weather has been unusually warm this month.,,LOCATION_0300,0.62,SOCIAL_MEDIA_MONITORING
SOC_000139,PERSON_0251,ConnectHub,user_person_0251,2025-08-17 06:00:34,Traffic was terrible near the market today.,,LOCATION_0015,0.82,SOCIAL_MEDIA_MONITORING
SOC_000140,PERSON_1096,ChirpNet,user_person_1096,2024-05-24 08:41:40,Traffic was terrible near the market today.,,LOCATION_0003,0.7,SOCIAL_MEDIA_MONITORING
SOC_000141,PERSON_1392,ConnectHub,user_person_1392,2024-07-11 00:31:56,Traffic was terrible near the market today.,,LOCATION_0123,0.41,SOCIAL_MEDIA_MONITORING
SOC_000142,PERSON_1254,ConnectHub,user_person_1254,2025-04-07 23:33:47,Happy to share we completed the delivery on time.,,LOCATION_0236,0.4,SOCIAL_MEDIA_MONITORING
SOC_000143,PERSON_0724,PicWall,user_person_0724,2025-07-31 19:36:54,Weather has been unusually warm this month.,,LOCATION_0111,0.48,SOCIAL_MEDIA_MONITORING
SOC_000144,PERSON_0872,ChirpNet,user_person_0872,2024-04-16 05:31:05,"Great weekend with family, back to work tomorrow.",,LOCATION_0105,0.41,SOCIAL_MEDIA_MONITORING
SOC_000145,PERSON_1441,ChirpNet,user_person_1441,2024-07-29 13:32:59,Traffic was terrible near the market today.,,LOCATION_0254,0.4,SOCIAL_MEDIA_MONITORING
SOC_000146,PERSON_0117,TalkStream,user_person_0117,2025-05-18 06:28:35,Traffic was terrible near the market today.,,LOCATION_0042,0.58,SOCIAL_MEDIA_MONITORING
SOC_000147,PERSON_1370,SnapCircle,user_person_1370,2024-11-01 03:55:51,"Package ready, will hand it over as discussed.",,LOCATION_0001,0.74,SOCIAL_MEDIA_MONITORING
SOC_000148,PERSON_0979,ChirpNet,user_person_0979,2024-01-22 18:18:25,"Great weekend with family, back to work tomorrow.",,LOCATION_0181,0.56,SOCIAL_MEDIA_MONITORING
SOC_000149,PERSON_1309,ChirpNet,user_person_1309,2025-04-15 02:31:20,Happy to share we completed the delivery on time.,,LOCATION_0297,0.72,SOCIAL_MEDIA_MONITORING
SOC_000150,PERSON_0941,TalkStream,user_person_0941,2026-03-10 12:48:15,"New shop opening next week, everyone welcome.",,LOCATION_0202,0.68,SOCIAL_MEDIA_MONITORING
SOC_000151,PERSON_0406,TalkStream,user_person_0406,2024-04-26 07:28:29,"Great weekend with family, back to work tomorrow.",,LOCATION_0243,0.48,SOCIAL_MEDIA_MONITORING
SOC_000152,PERSON_0838,ChirpNet,user_person_0838,2026-03-06 15:33:24,"New shop opening next week, everyone welcome.",,LOCATION_0260,0.61,SOCIAL_MEDIA_MONITORING
SOC_000153,PERSON_1127,ConnectHub,user_person_1127,2025-07-25 09:30:47,Happy to share we completed the delivery on time.,,LOCATION_0249,0.77,SOCIAL_MEDIA_MONITORING
SOC_000154,PERSON_0805,SnapCircle,user_person_0805,2025-05-05 14:08:31,"New shop opening next week, everyone welcome.",,LOCATION_0063,0.77,SOCIAL_MEDIA_MONITORING
SOC_000155,PERSON_0999,TalkStream,user_person_0999,2025-01-20 21:35:23,"New shop opening next week, everyone welcome.",,LOCATION_0236,0.85,SOCIAL_MEDIA_MONITORING
SOC_000156,PERSON_1115,PicWall,user_person_1115,2025-10-12 23:51:37,"New shop opening next week, everyone welcome.",,LOCATION_0291,0.43,SOCIAL_MEDIA_MONITORING
SOC_000157,PERSON_0040,ConnectHub,user_person_0040,2024-09-26 08:46:42,Happy to share we completed the delivery on time.,,LOCATION_0114,0.57,SOCIAL_MEDIA_MONITORING
SOC_000158,PERSON_0569,SnapCircle,user_person_0569,2026-04-28 05:26:26,Weather has been unusually warm this month.,,LOCATION_0067,0.73,SOCIAL_MEDIA_MONITORING
SOC_000159,PERSON_1465,ConnectHub,user_person_1465,2024-10-24 21:17:29,"Great weekend with family, back to work tomorrow.",,LOCATION_0293,0.4,SOCIAL_MEDIA_MONITORING
SOC_000160,PERSON_1239,SnapCircle,user_person_1239,2024-05-21 02:12:34,"Package ready, will hand it over as discussed.",,LOCATION_0081,0.5,SOCIAL_MEDIA_MONITORING
SOC_000161,PERSON_0103,PicWall,user_person_0103,2024-07-10 18:53:10,Weather has been unusually warm this month.,,LOCATION_0162,0.59,SOCIAL_MEDIA_MONITORING
SOC_000162,PERSON_1390,ConnectHub,user_person_1390,2025-03-01 17:16:32,"Great weekend with family, back to work tomorrow.",,LOCATION_0061,0.48,SOCIAL_MEDIA_MONITORING
SOC_000163,PERSON_1098,ChirpNet,user_person_1098,2024-11-06 03:01:06,"New shop opening next week, everyone welcome.",,LOCATION_0081,0.81,SOCIAL_MEDIA_MONITORING
SOC_000164,PERSON_0622,ConnectHub,user_person_0622,2026-05-26 00:06:44,Happy to share we completed the delivery on time.,,LOCATION_0001,0.47,SOCIAL_MEDIA_MONITORING
SOC_000165,PERSON_1455,PicWall,user_person_1455,2026-06-09 06:36:43,Meeting postponed. Same place tomorrow.,,LOCATION_0076,0.57,SOCIAL_MEDIA_MONITORING
SOC_000166,PERSON_0708,SnapCircle,user_person_0708,2025-03-06 06:33:16,Happy to share we completed the delivery on time.,,LOCATION_0269,0.85,SOCIAL_MEDIA_MONITORING
SOC_000167,PERSON_0609,PicWall,user_person_0609,2026-04-24 20:02:49,Keep this between us for now.,PERSON_0025,LOCATION_0201,0.83,SOCIAL_MEDIA_MONITORING
SOC_000168,PERSON_0178,TalkStream,user_person_0178,2025-01-27 11:38:43,Weather has been unusually warm this month.,,LOCATION_0168,0.79,SOCIAL_MEDIA_MONITORING
SOC_000169,PERSON_0317,PicWall,user_person_0317,2024-02-08 07:46:34,"Plan is confirmed, let's proceed as talked about.",PERSON_0911,LOCATION_0217,0.69,SOCIAL_MEDIA_MONITORING
SOC_000170,PERSON_1368,PicWall,user_person_1368,2025-05-21 11:11:57,Meeting postponed. Same place tomorrow.,PERSON_1173,LOCATION_0111,0.77,SOCIAL_MEDIA_MONITORING
SOC_000171,PERSON_1350,ConnectHub,user_person_1350,2024-12-29 22:07:11,Weather has been unusually warm this month.,,LOCATION_0151,0.72,SOCIAL_MEDIA_MONITORING
SOC_000172,PERSON_0502,ConnectHub,user_person_0502,2025-06-19 13:54:00,"New shop opening next week, everyone welcome.",,LOCATION_0094,0.53,SOCIAL_MEDIA_MONITORING
SOC_000173,PERSON_0320,ConnectHub,user_person_0320,2024-07-15 16:13:10,"New shop opening next week, everyone welcome.",,LOCATION_0280,0.64,SOCIAL_MEDIA_MONITORING
SOC_000174,PERSON_1069,TalkStream,user_person_1069,2026-05-02 06:36:07,Keep this between us for now.,,LOCATION_0144,0.62,SOCIAL_MEDIA_MONITORING
SOC_000175,PERSON_0024,TalkStream,user_person_0024,2024-12-22 22:21:57,Keep this between us for now.,,LOCATION_0080,0.47,SOCIAL_MEDIA_MONITORING
SOC_000176,PERSON_0627,ChirpNet,user_person_0627,2025-08-12 00:07:06,"Plan is confirmed, let's proceed as talked about.",PERSON_0667,LOCATION_0221,0.6,SOCIAL_MEDIA_MONITORING
SOC_000177,PERSON_0074,SnapCircle,user_person_0074,2025-02-01 06:29:03,Traffic was terrible near the market today.,,LOCATION_0002,0.73,SOCIAL_MEDIA_MONITORING
SOC_000178,PERSON_1356,TalkStream,user_person_1356,2024-10-03 19:49:03,"Package ready, will hand it over as discussed.",PERSON_0540,LOCATION_0276,0.42,SOCIAL_MEDIA_MONITORING
SOC_000179,PERSON_1012,PicWall,user_person_1012,2025-01-05 09:34:33,Keep this between us for now.,PERSON_1229,LOCATION_0004,0.67,SOCIAL_MEDIA_MONITORING
SOC_000180,PERSON_0354,ConnectHub,user_person_0354,2025-07-15 04:33:08,"Great weekend with family, back to work tomorrow.",,LOCATION_0037,0.63,SOCIAL_MEDIA_MONITORING
SOC_000181,PERSON_0391,PicWall,user_person_0391,2025-03-02 01:56:02,Happy to share we completed the delivery on time.,,LOCATION_0200,0.79,SOCIAL_MEDIA_MONITORING
SOC_000182,PERSON_0864,PicWall,user_person_0864,2024-03-27 22:20:11,Weather has been unusually warm this month.,,LOCATION_0057,0.63,SOCIAL_MEDIA_MONITORING
SOC_000183,PERSON_1288,ChirpNet,user_person_1288,2024-09-19 22:45:42,"New shop opening next week, everyone welcome.",,LOCATION_0058,0.45,SOCIAL_MEDIA_MONITORING
SOC_000184,PERSON_1039,PicWall,user_person_1039,2024-02-11 01:24:45,Happy to share we completed the delivery on time.,,LOCATION_0129,0.53,SOCIAL_MEDIA_MONITORING
SOC_000185,PERSON_0860,TalkStream,user_person_0860,2024-05-20 16:00:15,Happy to share we completed the delivery on time.,,LOCATION_0270,0.8,SOCIAL_MEDIA_MONITORING
SOC_000186,PERSON_1249,PicWall,user_person_1249,2025-03-31 08:36:34,"Great weekend with family, back to work tomorrow.",,LOCATION_0288,0.61,SOCIAL_MEDIA_MONITORING
SOC_000187,PERSON_0025,PicWall,user_person_0025,2025-12-07 19:01:35,Happy to share we completed the delivery on time.,,LOCATION_0205,0.8,SOCIAL_MEDIA_MONITORING
SOC_000188,PERSON_1094,TalkStream,user_person_1094,2025-06-18 11:15:52,Traffic was terrible near the market today.,,LOCATION_0200,0.51,SOCIAL_MEDIA_MONITORING
SOC_000189,PERSON_0173,TalkStream,user_person_0173,2024-07-09 08:00:09,"New shop opening next week, everyone welcome.",,LOCATION_0056,0.53,SOCIAL_MEDIA_MONITORING
SOC_000190,PERSON_0742,PicWall,user_person_0742,2025-02-13 08:50:07,"New shop opening next week, everyone welcome.",,LOCATION_0164,0.48,SOCIAL_MEDIA_MONITORING
SOC_000191,PERSON_0336,SnapCircle,user_person_0336,2025-01-03 03:24:17,Traffic was terrible near the market today.,,LOCATION_0005,0.74,SOCIAL_MEDIA_MONITORING
SOC_000192,PERSON_0957,PicWall,user_person_0957,2024-09-01 18:19:13,Traffic was terrible near the market today.,,LOCATION_0211,0.78,SOCIAL_MEDIA_MONITORING
SOC_000193,PERSON_0129,PicWall,user_person_0129,2024-08-31 03:33:26,"Great weekend with family, back to work tomorrow.",,LOCATION_0217,0.46,SOCIAL_MEDIA_MONITORING
SOC_000194,PERSON_0325,ChirpNet,user_person_0325,2025-10-20 20:56:08,"Great weekend with family, back to work tomorrow.",,LOCATION_0196,0.7,SOCIAL_MEDIA_MONITORING
SOC_000195,PERSON_0686,TalkStream,user_person_0686,2024-02-11 07:06:37,Traffic was terrible near the market today.,,LOCATION_0006,0.65,SOCIAL_MEDIA_MONITORING
SOC_000196,PERSON_1002,TalkStream,user_person_1002,2024-09-11 08:33:29,Weather has been unusually warm this month.,,LOCATION_0103,0.61,SOCIAL_MEDIA_MONITORING
SOC_000197,PERSON_0350,ConnectHub,user_person_0350,2025-10-30 20:28:23,"New shop opening next week, everyone welcome.",,LOCATION_0256,0.67,SOCIAL_MEDIA_MONITORING
SOC_000198,PERSON_1148,SnapCircle,user_person_1148,2024-02-16 22:12:48,Traffic was terrible near the market today.,,LOCATION_0169,0.79,SOCIAL_MEDIA_MONITORING
SOC_000199,PERSON_0126,TalkStream,user_person_0126,2024-02-23 21:09:53,"New shop opening next week, everyone welcome.",,LOCATION_0253,0.42,SOCIAL_MEDIA_MONITORING
SOC_000200,PERSON_1481,ChirpNet,user_person_1481,2024-02-09 16:33:18,"New shop opening next week, everyone welcome.",,LOCATION_0106,0.58,SOCIAL_MEDIA_MONITORING
SOC_000201,PERSON_0431,SnapCircle,user_person_0431,2024-08-31 20:55:09,Traffic was terrible near the market today.,,LOCATION_0061,0.53,SOCIAL_MEDIA_MONITORING
SOC_000202,PERSON_0895,ChirpNet,user_person_0895,2026-04-23 11:34:24,"New shop opening next week, everyone welcome.",,LOCATION_0280,0.73,SOCIAL_MEDIA_MONITORING
SOC_000203,PERSON_1084,ChirpNet,user_person_1084,2026-03-30 10:19:42,Happy to share we completed the delivery on time.,,LOCATION_0093,0.51,SOCIAL_MEDIA_MONITORING
SOC_000204,PERSON_0641,ConnectHub,user_person_0641,2024-05-05 05:11:12,Happy to share we completed the delivery on time.,,LOCATION_0006,0.75,SOCIAL_MEDIA_MONITORING
SOC_000205,PERSON_1444,ConnectHub,user_person_1444,2024-09-04 21:16:59,Happy to share we completed the delivery on time.,,LOCATION_0126,0.78,SOCIAL_MEDIA_MONITORING
SOC_000206,PERSON_1090,SnapCircle,user_person_1090,2024-06-08 08:54:46,Meeting postponed. Same place tomorrow.,,LOCATION_0182,0.53,SOCIAL_MEDIA_MONITORING
SOC_000207,PERSON_0881,TalkStream,user_person_0881,2024-04-19 17:14:39,"Package ready, will hand it over as discussed.",,LOCATION_0190,0.63,SOCIAL_MEDIA_MONITORING
SOC_000208,PERSON_0863,PicWall,user_person_0863,2024-08-28 04:11:21,"Plan is confirmed, let's proceed as talked about.",,LOCATION_0070,0.84,SOCIAL_MEDIA_MONITORING
SOC_000209,PERSON_0274,ConnectHub,user_person_0274,2025-04-06 07:11:18,"Great weekend with family, back to work tomorrow.",,LOCATION_0043,0.42,SOCIAL_MEDIA_MONITORING
SOC_000210,PERSON_0973,ConnectHub,user_person_0973,2024-08-07 08:13:59,Happy to share we completed the delivery on time.,,LOCATION_0279,0.7,SOCIAL_MEDIA_MONITORING
SOC_000211,PERSON_1396,TalkStream,user_person_1396,2026-05-21 12:12:03,"Great weekend with family, back to work tomorrow.",,LOCATION_0001,0.43,SOCIAL_MEDIA_MONITORING
SOC_000212,PERSON_0905,SnapCircle,user_person_0905,2024-08-15 06:32:33,"Great weekend with family, back to work tomorrow.",,LOCATION_0054,0.62,SOCIAL_MEDIA_MONITORING
SOC_000213,PERSON_0663,ChirpNet,user_person_0663,2025-08-28 00:32:48,"Great weekend with family, back to work tomorrow.",,LOCATION_0286,0.56,SOCIAL_MEDIA_MONITORING
SOC_000214,PERSON_0687,ChirpNet,user_person_0687,2024-01-28 22:02:41,"Plan is confirmed, let's proceed as talked about.",PERSON_0590,LOCATION_0233,0.62,SOCIAL_MEDIA_MONITORING
SOC_000215,PERSON_1324,PicWall,user_person_1324,2025-08-13 22:06:44,"Great weekend with family, back to work tomorrow.",,LOCATION_0087,0.79,SOCIAL_MEDIA_MONITORING
SOC_000216,PERSON_1017,SnapCircle,user_person_1017,2025-12-20 06:32:58,"Plan is confirmed, let's proceed as talked about.",,LOCATION_0272,0.83,SOCIAL_MEDIA_MONITORING
SOC_000217,PERSON_0001,TalkStream,user_person_0001,2024-01-26 03:21:39,"New shop opening next week, everyone welcome.",,LOCATION_0203,0.65,SOCIAL_MEDIA_MONITORING
SOC_000218,PERSON_0522,SnapCircle,user_person_0522,2024-10-26 14:00:02,Weather has been unusually warm this month.,,LOCATION_0275,0.52,SOCIAL_MEDIA_MONITORING
SOC_000219,PERSON_0445,SnapCircle,user_person_0445,2024-04-06 16:50:20,Meeting postponed. Same place tomorrow.,,LOCATION_0239,0.82,SOCIAL_MEDIA_MONITORING
SOC_000220,PERSON_0846,PicWall,user_person_0846,2026-06-15 21:17:19,"Great weekend with family, back to work tomorrow.",,LOCATION_0287,0.83,SOCIAL_MEDIA_MONITORING
SOC_000221,PERSON_0806,SnapCircle,user_person_0806,2025-05-14 05:21:33,"New shop opening next week, everyone welcome.",,LOCATION_0125,0.59,SOCIAL_MEDIA_MONITORING
SOC_000222,PERSON_0784,ChirpNet,user_person_0784,2024-02-04 16:57:11,Weather has been unusually warm this month.,,LOCATION_0167,0.49,SOCIAL_MEDIA_MONITORING
SOC_000223,PERSON_0070,TalkStream,user_person_0070,2024-09-21 15:14:53,"Everything is set for the evening, see you there.",,LOCATION_0121,0.75,SOCIAL_MEDIA_MONITORING
SOC_000224,PERSON_0203,ConnectHub,user_person_0203,2026-01-09 18:25:32,"New shop opening next week, everyone welcome.",,LOCATION_0194,0.56,SOCIAL_MEDIA_MONITORING
SOC_000225,PERSON_0889,ChirpNet,user_person_0889,2024-11-28 17:36:11,Keep this between us for now.,PERSON_0315,LOCATION_0233,0.68,SOCIAL_MEDIA_MONITORING
SOC_000226,PERSON_0355,TalkStream,user_person_0355,2026-05-28 17:33:05,"New shop opening next week, everyone welcome.",,LOCATION_0272,0.59,SOCIAL_MEDIA_MONITORING
SOC_000227,PERSON_0576,PicWall,user_person_0576,2024-02-08 07:02:08,Traffic was terrible near the market today.,,LOCATION_0217,0.79,SOCIAL_MEDIA_MONITORING
SOC_000228,PERSON_0879,TalkStream,user_person_0879,2025-09-08 04:54:35,"Great weekend with family, back to work tomorrow.",,LOCATION_0207,0.56,SOCIAL_MEDIA_MONITORING
SOC_000229,PERSON_0311,ChirpNet,user_person_0311,2026-03-10 04:49:42,"New shop opening next week, everyone welcome.",,LOCATION_0108,0.53,SOCIAL_MEDIA_MONITORING
SOC_000230,PERSON_0189,TalkStream,user_person_0189,2024-04-14 11:23:09,Weather has been unusually warm this month.,,LOCATION_0120,0.5,SOCIAL_MEDIA_MONITORING
SOC_000231,PERSON_1011,PicWall,user_person_1011,2024-07-13 01:49:25,Happy to share we completed the delivery on time.,,LOCATION_0268,0.62,SOCIAL_MEDIA_MONITORING
SOC_000232,PERSON_1127,SnapCircle,user_person_1127,2024-02-06 12:48:53,Happy to share we completed the delivery on time.,,LOCATION_0139,0.74,SOCIAL_MEDIA_MONITORING
SOC_000233,PERSON_0259,SnapCircle,user_person_0259,2026-05-31 09:00:03,"Great weekend with family, back to work tomorrow.",,LOCATION_0050,0.6,SOCIAL_MEDIA_MONITORING
SOC_000234,PERSON_0721,SnapCircle,user_person_0721,2025-09-18 01:59:36,Happy to share we completed the delivery on time.,,LOCATION_0257,0.77,SOCIAL_MEDIA_MONITORING
SOC_000235,PERSON_0360,SnapCircle,user_person_0360,2025-02-28 23:10:37,Traffic was terrible near the market today.,,LOCATION_0100,0.42,SOCIAL_MEDIA_MONITORING
SOC_000236,PERSON_0215,SnapCircle,user_person_0215,2024-09-01 16:47:32,Weather has been unusually warm this month.,,LOCATION_0117,0.72,SOCIAL_MEDIA_MONITORING
SOC_000237,PERSON_0706,SnapCircle,user_person_0706,2025-11-17 20:41:52,Meeting postponed. Same place tomorrow.,PERSON_1033,LOCATION_0199,0.61,SOCIAL_MEDIA_MONITORING
SOC_000238,PERSON_0359,TalkStream,user_person_0359,2025-09-17 01:24:59,Traffic was terrible near the market today.,,LOCATION_0276,0.57,SOCIAL_MEDIA_MONITORING
SOC_000239,PERSON_1371,SnapCircle,user_person_1371,2024-09-15 15:29:20,"Great weekend with family, back to work tomorrow.",,LOCATION_0076,0.7,SOCIAL_MEDIA_MONITORING
SOC_000240,PERSON_0202,SnapCircle,user_person_0202,2026-01-23 09:00:53,"New shop opening next week, everyone welcome.",,LOCATION_0269,0.57,SOCIAL_MEDIA_MONITORING
SOC_000241,PERSON_0231,TalkStream,user_person_0231,2026-06-10 02:16:37,"New shop opening next week, everyone welcome.",,LOCATION_0265,0.57,SOCIAL_MEDIA_MONITORING
SOC_000242,PERSON_0819,SnapCircle,user_person_0819,2026-04-26 21:34:25,"New shop opening next week, everyone welcome.",,LOCATION_0035,0.74,SOCIAL_MEDIA_MONITORING
SOC_000243,PERSON_0449,SnapCircle,user_person_0449,2024-11-19 21:36:53,Happy to share we completed the delivery on time.,,LOCATION_0103,0.43,SOCIAL_MEDIA_MONITORING
SOC_000244,PERSON_1157,ConnectHub,user_person_1157,2025-04-18 05:30:49,Weather has been unusually warm this month.,,LOCATION_0244,0.56,SOCIAL_MEDIA_MONITORING
SOC_000245,PERSON_0825,ChirpNet,user_person_0825,2026-01-26 16:40:30,"Great weekend with family, back to work tomorrow.",,LOCATION_0204,0.47,SOCIAL_MEDIA_MONITORING
SOC_000246,PERSON_0363,PicWall,user_person_0363,2024-08-22 07:20:46,"Great weekend with family, back to work tomorrow.",,LOCATION_0173,0.5,SOCIAL_MEDIA_MONITORING
SOC_000247,PERSON_1217,ConnectHub,user_person_1217,2024-12-19 20:50:12,"Great weekend with family, back to work tomorrow.",,LOCATION_0104,0.74,SOCIAL_MEDIA_MONITORING
SOC_000248,PERSON_0608,TalkStream,user_person_0608,2025-10-14 16:16:21,"New shop opening next week, everyone welcome.",,LOCATION_0056,0.52,SOCIAL_MEDIA_MONITORING
SOC_000249,PERSON_1181,SnapCircle,user_person_1181,2024-10-22 08:11:47,Traffic was terrible near the market today.,,LOCATION_0262,0.78,SOCIAL_MEDIA_MONITORING
SOC_000250,PERSON_1196,ChirpNet,user_person_1196,2025-07-18 11:43:12,Happy to share we completed the delivery on time.,,LOCATION_0280,0.53,SOCIAL_MEDIA_MONITORING
SOC_000251,PERSON_0838,TalkStream,user_person_0838,2025-05-27 00:59:37,Traffic was terrible near the market today.,,LOCATION_0190,0.66,SOCIAL_MEDIA_MONITORING
SOC_000252,PERSON_0501,SnapCircle,user_person_0501,2024-09-26 14:51:18,"Great weekend with family, back to work tomorrow.",,LOCATION_0116,0.58,SOCIAL_MEDIA_MONITORING
SOC_000253,PERSON_0943,ChirpNet,user_person_0943,2025-04-14 19:58:31,Traffic was terrible near the market today.,,LOCATION_0181,0.53,SOCIAL_MEDIA_MONITORING
SOC_000254,PERSON_0688,TalkStream,user_person_0688,2025-04-07 21:16:28,Weather has been unusually warm this month.,,LOCATION_0223,0.51,SOCIAL_MEDIA_MONITORING
SOC_000255,PERSON_1155,PicWall,user_person_1155,2025-03-04 15:58:06,Weather has been unusually warm this month.,,LOCATION_0076,0.44,SOCIAL_MEDIA_MONITORING
SOC_000256,PERSON_0510,PicWall,user_person_0510,2026-01-19 11:54:32,Weather has been unusually warm this month.,,LOCATION_0297,0.79,SOCIAL_MEDIA_MONITORING
SOC_000257,PERSON_1175,PicWall,user_person_1175,2025-03-27 06:19:45,"New shop opening next week, everyone welcome.",,LOCATION_0206,0.66,SOCIAL_MEDIA_MONITORING
SOC_000258,PERSON_0941,ChirpNet,user_person_0941,2025-09-08 11:22:06,Traffic was terrible near the market today.,,LOCATION_0112,0.43,SOCIAL_MEDIA_MONITORING
SOC_000259,PERSON_0810,ChirpNet,user_person_0810,2025-12-01 06:49:38,"New shop opening next week, everyone welcome.",,LOCATION_0018,0.76,SOCIAL_MEDIA_MONITORING
SOC_000260,PERSON_0433,TalkStream,user_person_0433,2025-07-12 06:13:00,Weather has been unusually warm this month.,,LOCATION_0077,0.71,SOCIAL_MEDIA_MONITORING
SOC_000261,PERSON_0978,SnapCircle,user_person_0978,2024-10-02 05:17:33,"Great weekend with family, back to work tomorrow.",,LOCATION_0079,0.58,SOCIAL_MEDIA_MONITORING
SOC_000262,PERSON_0699,SnapCircle,user_person_0699,2026-03-19 05:56:53,"Plan is confirmed, let's proceed as talked about.",PERSON_0291,LOCATION_0195,0.58,SOCIAL_MEDIA_MONITORING
SOC_000263,PERSON_0392,ChirpNet,user_person_0392,2025-03-18 10:29:50,Weather has been unusually warm this month.,,LOCATION_0258,0.71,SOCIAL_MEDIA_MONITORING
SOC_000264,PERSON_1024,TalkStream,user_person_1024,2024-09-29 13:16:49,Weather has been unusually warm this month.,,LOCATION_0142,0.54,SOCIAL_MEDIA_MONITORING
SOC_000265,PERSON_1338,SnapCircle,user_person_1338,2025-10-01 07:37:24,Traffic was terrible near the market today.,,LOCATION_0080,0.72,SOCIAL_MEDIA_MONITORING
SOC_000266,PERSON_1203,ChirpNet,user_person_1203,2025-07-05 07:02:46,Happy to share we completed the delivery on time.,,LOCATION_0073,0.42,SOCIAL_MEDIA_MONITORING
SOC_000267,PERSON_1263,TalkStream,user_person_1263,2024-04-16 08:47:46,"Package ready, will hand it over as discussed.",,LOCATION_0263,0.54,SOCIAL_MEDIA_MONITORING
SOC_000268,PERSON_0222,ConnectHub,user_person_0222,2024-02-10 22:04:28,Weather has been unusually warm this month.,,LOCATION_0190,0.81,SOCIAL_MEDIA_MONITORING
SOC_000269,PERSON_0392,TalkStream,user_person_0392,2026-05-27 12:19:02,"New shop opening next week, everyone welcome.",,LOCATION_0208,0.47,SOCIAL_MEDIA_MONITORING
SOC_000270,PERSON_0621,PicWall,user_person_0621,2025-08-15 17:00:38,Happy to share we completed the delivery on time.,,LOCATION_0049,0.81,SOCIAL_MEDIA_MONITORING
SOC_000271,PERSON_1102,ChirpNet,user_person_1102,2024-11-21 17:45:35,Weather has been unusually warm this month.,,LOCATION_0253,0.61,SOCIAL_MEDIA_MONITORING
SOC_000272,PERSON_1249,PicWall,user_person_1249,2025-12-25 09:54:26,Weather has been unusually warm this month.,,LOCATION_0088,0.77,SOCIAL_MEDIA_MONITORING
SOC_000273,PERSON_0950,ConnectHub,user_person_0950,2026-04-18 05:40:50,Keep this between us for now.,,LOCATION_0109,0.77,SOCIAL_MEDIA_MONITORING
SOC_000274,PERSON_0996,ConnectHub,user_person_0996,2026-04-19 06:37:21,Traffic was terrible near the market today.,,LOCATION_0195,0.73,SOCIAL_MEDIA_MONITORING
SOC_000275,PERSON_1027,SnapCircle,user_person_1027,2024-03-23 23:16:05,"Great weekend with family, back to work tomorrow.",,LOCATION_0091,0.67,SOCIAL_MEDIA_MONITORING
SOC_000276,PERSON_0977,ConnectHub,user_person_0977,2025-03-04 21:17:24,Happy to share we completed the delivery on time.,,LOCATION_0140,0.68,SOCIAL_MEDIA_MONITORING
SOC_000277,PERSON_0737,ConnectHub,user_person_0737,2025-03-25 20:17:41,"Plan is confirmed, let's proceed as talked about.",,LOCATION_0036,0.48,SOCIAL_MEDIA_MONITORING
SOC_000278,PERSON_0229,TalkStream,user_person_0229,2024-12-11 03:55:50,Keep this between us for now.,,LOCATION_0224,0.5,SOCIAL_MEDIA_MONITORING
SOC_000279,PERSON_1151,TalkStream,user_person_1151,2025-09-10 10:46:30,"Everything is set for the evening, see you there.",PERSON_0743,LOCATION_0125,0.56,SOCIAL_MEDIA_MONITORING
SOC_000280,PERSON_1434,SnapCircle,user_person_1434,2024-08-03 08:57:18,Weather has been unusually warm this month.,,LOCATION_0112,0.41,SOCIAL_MEDIA_MONITORING
SOC_000281,PERSON_0984,ChirpNet,user_person_0984,2024-09-17 02:22:24,"Everything is set for the evening, see you there.",,LOCATION_0158,0.63,SOCIAL_MEDIA_MONITORING
SOC_000282,PERSON_0457,ConnectHub,user_person_0457,2024-09-10 20:39:01,Weather has been unusually warm this month.,,LOCATION_0277,0.43,SOCIAL_MEDIA_MONITORING
SOC_000283,PERSON_1224,SnapCircle,user_person_1224,2025-01-07 04:37:39,Meeting postponed. Same place tomorrow.,,LOCATION_0044,0.52,SOCIAL_MEDIA_MONITORING
SOC_000284,PERSON_0349,ChirpNet,user_person_0349,2024-02-10 10:12:39,Happy to share we completed the delivery on time.,,LOCATION_0012,0.55,SOCIAL_MEDIA_MONITORING
SOC_000285,PERSON_0404,ConnectHub,user_person_0404,2024-08-25 15:30:47,Traffic was terrible near the market today.,,LOCATION_0214,0.41,SOCIAL_MEDIA_MONITORING
SOC_000286,PERSON_0756,TalkStream,user_person_0756,2026-03-04 13:08:10,Traffic was terrible near the market today.,,LOCATION_0141,0.79,SOCIAL_MEDIA_MONITORING
SOC_000287,PERSON_0796,TalkStream,user_person_0796,2025-05-02 13:36:25,Happy to share we completed the delivery on time.,,LOCATION_0252,0.7,SOCIAL_MEDIA_MONITORING
SOC_000288,PERSON_1101,ConnectHub,user_person_1101,2026-02-03 10:58:33,Traffic was terrible near the market today.,,LOCATION_0277,0.71,SOCIAL_MEDIA_MONITORING
SOC_000289,PERSON_1163,ChirpNet,user_person_1163,2025-04-29 23:43:28,"New shop opening next week, everyone welcome.",,LOCATION_0132,0.76,SOCIAL_MEDIA_MONITORING
SOC_000290,PERSON_0084,ChirpNet,user_person_0084,2024-02-08 01:56:42,Weather has been unusually warm this month.,,LOCATION_0241,0.52,SOCIAL_MEDIA_MONITORING
SOC_000291,PERSON_1072,ConnectHub,user_person_1072,2025-07-29 19:01:38,"New shop opening next week, everyone welcome.",,LOCATION_0023,0.43,SOCIAL_MEDIA_MONITORING
SOC_000292,PERSON_0980,TalkStream,user_person_0980,2025-07-01 20:32:18,"Package ready, will hand it over as discussed.",PERSON_0375,LOCATION_0146,0.61,SOCIAL_MEDIA_MONITORING
SOC_000293,PERSON_0661,ChirpNet,user_person_0661,2026-05-31 01:29:37,Happy to share we completed the delivery on time.,,LOCATION_0228,0.59,SOCIAL_MEDIA_MONITORING
SOC_000294,PERSON_1168,SnapCircle,user_person_1168,2025-01-31 04:24:06,"Everything is set for the evening, see you there.",,LOCATION_0129,0.7,SOCIAL_MEDIA_MONITORING
SOC_000295,PERSON_0468,SnapCircle,user_person_0468,2025-01-01 14:21:57,Weather has been unusually warm this month.,,LOCATION_0017,0.56,SOCIAL_MEDIA_MONITORING
SOC_000296,PERSON_1286,PicWall,user_person_1286,2025-09-16 05:28:48,"Everything is set for the evening, see you there.",PERSON_0864,LOCATION_0053,0.67,SOCIAL_MEDIA_MONITORING
SOC_000297,PERSON_0975,ConnectHub,user_person_0975,2024-01-02 02:45:25,"Great weekend with family, back to work tomorrow.",,LOCATION_0251,0.63,SOCIAL_MEDIA_MONITORING
SOC_000298,PERSON_1081,ConnectHub,user_person_1081,2026-04-12 14:52:34,Traffic was terrible near the market today.,,LOCATION_0054,0.42,SOCIAL_MEDIA_MONITORING
SOC_000299,PERSON_1165,ConnectHub,user_person_1165,2026-06-11 15:29:00,"New shop opening next week, everyone welcome.",,LOCATION_0069,0.45,SOCIAL_MEDIA_MONITORING
SOC_000300,PERSON_0323,ConnectHub,user_person_0323,2026-04-28 14:09:52,Traffic was terrible near the market today.,,LOCATION_0004,0.52,SOCIAL_MEDIA_MONITORING
SOC_000301,PERSON_1059,SnapCircle,user_person_1059,2025-09-10 03:01:23,"Great weekend with family, back to work tomorrow.",,LOCATION_0241,0.68,SOCIAL_MEDIA_MONITORING
SOC_000302,PERSON_1282,ConnectHub,user_person_1282,2025-01-21 12:35:12,"New shop opening next week, everyone welcome.",,LOCATION_0079,0.63,SOCIAL_MEDIA_MONITORING
SOC_000303,PERSON_0730,TalkStream,user_person_0730,2025-12-18 22:51:52,Weather has been unusually warm this month.,,LOCATION_0108,0.45,SOCIAL_MEDIA_MONITORING
SOC_000304,PERSON_0477,ConnectHub,user_person_0477,2024-12-21 03:02:55,Weather has been unusually warm this month.,,LOCATION_0076,0.54,SOCIAL_MEDIA_MONITORING
SOC_000305,PERSON_0886,ChirpNet,user_person_0886,2026-03-29 18:23:43,Happy to share we completed the delivery on time.,,LOCATION_0254,0.71,SOCIAL_MEDIA_MONITORING
SOC_000306,PERSON_0901,ChirpNet,user_person_0901,2024-01-18 13:02:09,Happy to share we completed the delivery on time.,,LOCATION_0247,0.46,SOCIAL_MEDIA_MONITORING
SOC_000307,PERSON_0102,TalkStream,user_person_0102,2025-11-01 03:01:31,Traffic was terrible near the market today.,,LOCATION_0025,0.78,SOCIAL_MEDIA_MONITORING
SOC_000308,PERSON_0052,TalkStream,user_person_0052,2024-04-06 10:58:28,Traffic was terrible near the market today.,,LOCATION_0236,0.66,SOCIAL_MEDIA_MONITORING
SOC_000309,PERSON_0867,ConnectHub,user_person_0867,2024-01-28 11:42:11,"New shop opening next week, everyone welcome.",,LOCATION_0144,0.67,SOCIAL_MEDIA_MONITORING
SOC_000310,PERSON_0764,ConnectHub,user_person_0764,2026-06-26 02:10:05,Traffic was terrible near the market today.,,LOCATION_0191,0.84,SOCIAL_MEDIA_MONITORING
SOC_000311,PERSON_0616,SnapCircle,user_person_0616,2024-06-12 22:21:38,"New shop opening next week, everyone welcome.",,LOCATION_0089,0.68,SOCIAL_MEDIA_MONITORING
SOC_000312,PERSON_1058,PicWall,user_person_1058,2024-01-04 05:39:48,"New shop opening next week, everyone welcome.",,LOCATION_0061,0.57,SOCIAL_MEDIA_MONITORING
SOC_000313,PERSON_0271,ChirpNet,user_person_0271,2024-09-03 14:28:54,Weather has been unusually warm this month.,,LOCATION_0229,0.45,SOCIAL_MEDIA_MONITORING
SOC_000314,PERSON_1334,SnapCircle,user_person_1334,2024-12-23 11:32:37,Happy to share we completed the delivery on time.,,LOCATION_0165,0.62,SOCIAL_MEDIA_MONITORING
SOC_000315,PERSON_0077,ConnectHub,user_person_0077,2025-03-23 01:25:09,"Great weekend with family, back to work tomorrow.",,LOCATION_0273,0.43,SOCIAL_MEDIA_MONITORING
SOC_000316,PERSON_1433,ChirpNet,user_person_1433,2024-04-17 20:37:23,Traffic was terrible near the market today.,,LOCATION_0118,0.42,SOCIAL_MEDIA_MONITORING
SOC_000317,PERSON_0108,PicWall,user_person_0108,2026-06-04 12:21:25,Happy to share we completed the delivery on time.,,LOCATION_0166,0.83,SOCIAL_MEDIA_MONITORING
SOC_000318,PERSON_1283,ConnectHub,user_person_1283,2025-01-14 13:26:05,Happy to share we completed the delivery on time.,,LOCATION_0232,0.75,SOCIAL_MEDIA_MONITORING
SOC_000319,PERSON_0834,TalkStream,user_person_0834,2025-10-01 19:23:12,"Great weekend with family, back to work tomorrow.",,LOCATION_0042,0.8,SOCIAL_MEDIA_MONITORING
SOC_000320,PERSON_1445,PicWall,user_person_1445,2024-10-11 19:42:58,"Package ready, will hand it over as discussed.",PERSON_0761,LOCATION_0206,0.48,SOCIAL_MEDIA_MONITORING
SOC_000321,PERSON_1169,PicWall,user_person_1169,2024-06-19 15:01:53,Happy to share we completed the delivery on time.,,LOCATION_0272,0.63,SOCIAL_MEDIA_MONITORING
SOC_000322,PERSON_0367,PicWall,user_person_0367,2024-05-19 05:45:36,"New shop opening next week, everyone welcome.",,LOCATION_0266,0.69,SOCIAL_MEDIA_MONITORING
SOC_000323,PERSON_0401,TalkStream,user_person_0401,2026-01-17 10:29:53,"New shop opening next week, everyone welcome.",,LOCATION_0187,0.48,SOCIAL_MEDIA_MONITORING
SOC_000324,PERSON_1134,TalkStream,user_person_1134,2025-04-25 00:55:35,Traffic was terrible near the market today.,,LOCATION_0226,0.48,SOCIAL_MEDIA_MONITORING
SOC_000325,PERSON_1329,SnapCircle,user_person_1329,2024-08-28 14:15:17,Traffic was terrible near the market today.,,LOCATION_0299,0.67,SOCIAL_MEDIA_MONITORING
SOC_000326,PERSON_1319,ConnectHub,user_person_1319,2026-06-28 16:40:47,"Great weekend with family, back to work tomorrow.",,LOCATION_0279,0.54,SOCIAL_MEDIA_MONITORING
SOC_000327,PERSON_0027,ConnectHub,user_person_0027,2024-08-29 22:33:45,Happy to share we completed the delivery on time.,,LOCATION_0189,0.42,SOCIAL_MEDIA_MONITORING
SOC_000328,PERSON_0100,TalkStream,user_person_0100,2026-02-16 12:36:59,Weather has been unusually warm this month.,,LOCATION_0011,0.43,SOCIAL_MEDIA_MONITORING
SOC_000329,PERSON_1441,PicWall,user_person_1441,2025-01-28 05:32:47,"Great weekend with family, back to work tomorrow.",,LOCATION_0284,0.57,SOCIAL_MEDIA_MONITORING
SOC_000330,PERSON_0611,ChirpNet,user_person_0611,2024-01-05 09:51:43,Traffic was terrible near the market today.,,LOCATION_0118,0.68,SOCIAL_MEDIA_MONITORING
SOC_000331,PERSON_0234,ChirpNet,user_person_0234,2026-01-29 19:17:27,Weather has been unusually warm this month.,,LOCATION_0137,0.77,SOCIAL_MEDIA_MONITORING
SOC_000332,PERSON_1469,TalkStream,user_person_1469,2025-06-07 07:00:21,"New shop opening next week, everyone welcome.",,LOCATION_0017,0.51,SOCIAL_MEDIA_MONITORING
SOC_000333,PERSON_0784,SnapCircle,user_person_0784,2024-06-09 17:03:30,"Great weekend with family, back to work tomorrow.",,LOCATION_0037,0.44,SOCIAL_MEDIA_MONITORING
SOC_000334,PERSON_1175,SnapCircle,user_person_1175,2025-11-25 07:50:30,Traffic was terrible near the market today.,,LOCATION_0006,0.85,SOCIAL_MEDIA_MONITORING
SOC_000335,PERSON_0794,ConnectHub,user_person_0794,2024-11-13 11:01:47,Keep this between us for now.,PERSON_0278,LOCATION_0169,0.7,SOCIAL_MEDIA_MONITORING
SOC_000336,PERSON_0209,ChirpNet,user_person_0209,2024-01-03 00:25:49,Weather has been unusually warm this month.,,LOCATION_0010,0.49,SOCIAL_MEDIA_MONITORING
SOC_000337,PERSON_1326,ChirpNet,user_person_1326,2025-09-01 20:50:00,Weather has been unusually warm this month.,,LOCATION_0196,0.78,SOCIAL_MEDIA_MONITORING
SOC_000338,PERSON_1091,ConnectHub,user_person_1091,2025-05-07 14:38:55,"Great weekend with family, back to work tomorrow.",,LOCATION_0293,0.54,SOCIAL_MEDIA_MONITORING
SOC_000339,PERSON_0360,ConnectHub,user_person_0360,2025-05-11 01:32:38,Weather has been unusually warm this month.,,LOCATION_0190,0.83,SOCIAL_MEDIA_MONITORING
SOC_000340,PERSON_0878,SnapCircle,user_person_0878,2024-07-19 10:54:00,Traffic was terrible near the market today.,,LOCATION_0205,0.75,SOCIAL_MEDIA_MONITORING
SOC_000341,PERSON_0362,TalkStream,user_person_0362,2026-03-07 10:28:26,Weather has been unusually warm this month.,,LOCATION_0002,0.7,SOCIAL_MEDIA_MONITORING
SOC_000342,PERSON_1234,TalkStream,user_person_1234,2024-09-19 20:39:07,"Great weekend with family, back to work tomorrow.",,LOCATION_0029,0.72,SOCIAL_MEDIA_MONITORING
SOC_000343,PERSON_0570,SnapCircle,user_person_0570,2024-10-28 03:56:34,"Great weekend with family, back to work tomorrow.",,LOCATION_0178,0.69,SOCIAL_MEDIA_MONITORING
SOC_000344,PERSON_1048,ChirpNet,user_person_1048,2025-06-03 06:47:00,Happy to share we completed the delivery on time.,,LOCATION_0294,0.63,SOCIAL_MEDIA_MONITORING
SOC_000345,PERSON_0913,TalkStream,user_person_0913,2024-11-17 00:21:12,Keep this between us for now.,,LOCATION_0212,0.49,SOCIAL_MEDIA_MONITORING
SOC_000346,PERSON_0627,SnapCircle,user_person_0627,2025-07-03 11:47:02,"Great weekend with family, back to work tomorrow.",,LOCATION_0261,0.84,SOCIAL_MEDIA_MONITORING
SOC_000347,PERSON_0266,TalkStream,user_person_0266,2025-04-25 05:02:49,"New shop opening next week, everyone welcome.",,LOCATION_0051,0.52,SOCIAL_MEDIA_MONITORING
SOC_000348,PERSON_0448,ConnectHub,user_person_0448,2026-04-23 11:02:29,"New shop opening next week, everyone welcome.",,LOCATION_0193,0.42,SOCIAL_MEDIA_MONITORING
SOC_000349,PERSON_0179,SnapCircle,user_person_0179,2025-04-23 08:52:02,Weather has been unusually warm this month.,,LOCATION_0230,0.56,SOCIAL_MEDIA_MONITORING
SOC_000350,PERSON_0981,ChirpNet,user_person_0981,2024-10-25 01:18:07,Happy to share we completed the delivery on time.,,LOCATION_0019,0.49,SOCIAL_MEDIA_MONITORING
SOC_000351,PERSON_0369,TalkStream,user_person_0369,2024-11-08 13:38:38,"Great weekend with family, back to work tomorrow.",,LOCATION_0091,0.49,SOCIAL_MEDIA_MONITORING
SOC_000352,PERSON_0943,TalkStream,user_person_0943,2024-06-02 23:13:03,Weather has been unusually warm this month.,,LOCATION_0151,0.42,SOCIAL_MEDIA_MONITORING
SOC_000353,PERSON_0936,ConnectHub,user_person_0936,2026-05-26 08:27:33,Traffic was terrible near the market today.,,LOCATION_0206,0.83,SOCIAL_MEDIA_MONITORING
SOC_000354,PERSON_0106,ConnectHub,user_person_0106,2024-03-02 14:29:01,Traffic was terrible near the market today.,,LOCATION_0230,0.76,SOCIAL_MEDIA_MONITORING
SOC_000355,PERSON_1178,SnapCircle,user_person_1178,2025-09-22 04:08:32,Happy to share we completed the delivery on time.,,LOCATION_0092,0.8,SOCIAL_MEDIA_MONITORING
SOC_000356,PERSON_0941,ChirpNet,user_person_0941,2025-03-14 14:48:34,Traffic was terrible near the market today.,,LOCATION_0082,0.61,SOCIAL_MEDIA_MONITORING
SOC_000357,PERSON_0669,ConnectHub,user_person_0669,2025-04-13 15:47:38,Happy to share we completed the delivery on time.,,LOCATION_0256,0.82,SOCIAL_MEDIA_MONITORING
SOC_000358,PERSON_0702,ConnectHub,user_person_0702,2026-01-17 00:10:23,Happy to share we completed the delivery on time.,,LOCATION_0265,0.79,SOCIAL_MEDIA_MONITORING
SOC_000359,PERSON_1464,SnapCircle,user_person_1464,2025-04-09 15:35:56,Keep this between us for now.,PERSON_0825,LOCATION_0173,0.51,SOCIAL_MEDIA_MONITORING
SOC_000360,PERSON_1330,TalkStream,user_person_1330,2026-06-13 01:01:27,Weather has been unusually warm this month.,,LOCATION_0254,0.42,SOCIAL_MEDIA_MONITORING
SOC_000361,PERSON_0466,PicWall,user_person_0466,2026-03-27 06:10:55,Weather has been unusually warm this month.,,LOCATION_0259,0.76,SOCIAL_MEDIA_MONITORING
SOC_000362,PERSON_0672,PicWall,user_person_0672,2024-06-28 13:50:34,"Great weekend with family, back to work tomorrow.",,LOCATION_0297,0.62,SOCIAL_MEDIA_MONITORING
SOC_000363,PERSON_0193,SnapCircle,user_person_0193,2024-12-22 06:10:12,"New shop opening next week, everyone welcome.",,LOCATION_0040,0.57,SOCIAL_MEDIA_MONITORING
SOC_000364,PERSON_0744,ConnectHub,user_person_0744,2026-01-16 06:06:07,Traffic was terrible near the market today.,,LOCATION_0125,0.82,SOCIAL_MEDIA_MONITORING
SOC_000365,PERSON_0571,ConnectHub,user_person_0571,2025-09-15 05:24:03,"Great weekend with family, back to work tomorrow.",,LOCATION_0265,0.81,SOCIAL_MEDIA_MONITORING
SOC_000366,PERSON_1400,SnapCircle,user_person_1400,2024-12-22 17:10:09,"Great weekend with family, back to work tomorrow.",,LOCATION_0044,0.62,SOCIAL_MEDIA_MONITORING
SOC_000367,PERSON_1422,ConnectHub,user_person_1422,2024-03-04 21:59:33,Happy to share we completed the delivery on time.,,LOCATION_0192,0.49,SOCIAL_MEDIA_MONITORING
SOC_000368,PERSON_1302,PicWall,user_person_1302,2024-06-04 09:16:05,"Everything is set for the evening, see you there.",PERSON_0096,LOCATION_0200,0.7,SOCIAL_MEDIA_MONITORING
SOC_000369,PERSON_0346,TalkStream,user_person_0346,2025-05-28 21:03:43,Weather has been unusually warm this month.,,LOCATION_0026,0.85,SOCIAL_MEDIA_MONITORING
SOC_000370,PERSON_0344,SnapCircle,user_person_0344,2025-07-21 01:51:09,Meeting postponed. Same place tomorrow.,,LOCATION_0136,0.75,SOCIAL_MEDIA_MONITORING
SOC_000371,PERSON_1077,SnapCircle,user_person_1077,2025-11-26 01:26:59,"Great weekend with family, back to work tomorrow.",,LOCATION_0162,0.77,SOCIAL_MEDIA_MONITORING
SOC_000372,PERSON_1329,PicWall,user_person_1329,2026-04-06 01:46:00,Traffic was terrible near the market today.,,LOCATION_0119,0.45,SOCIAL_MEDIA_MONITORING
SOC_000373,PERSON_1103,PicWall,user_person_1103,2024-01-07 13:23:46,"Great weekend with family, back to work tomorrow.",,LOCATION_0092,0.45,SOCIAL_MEDIA_MONITORING
SOC_000374,PERSON_1069,PicWall,user_person_1069,2026-01-14 07:46:55,"Great weekend with family, back to work tomorrow.",,LOCATION_0114,0.65,SOCIAL_MEDIA_MONITORING
SOC_000375,PERSON_0278,ChirpNet,user_person_0278,2026-04-05 06:54:09,Traffic was terrible near the market today.,,LOCATION_0202,0.68,SOCIAL_MEDIA_MONITORING
SOC_000376,PERSON_0118,ConnectHub,user_person_0118,2024-01-30 19:10:03,"Great weekend with family, back to work tomorrow.",,LOCATION_0231,0.57,SOCIAL_MEDIA_MONITORING
SOC_000377,PERSON_1437,PicWall,user_person_1437,2024-07-29 04:10:46,Traffic was terrible near the market today.,,LOCATION_0029,0.77,SOCIAL_MEDIA_MONITORING
SOC_000378,PERSON_0833,TalkStream,user_person_0833,2025-12-26 07:23:27,"New shop opening next week, everyone welcome.",,LOCATION_0083,0.73,SOCIAL_MEDIA_MONITORING
SOC_000379,PERSON_0242,TalkStream,user_person_0242,2025-09-12 20:32:51,"New shop opening next week, everyone welcome.",,LOCATION_0241,0.45,SOCIAL_MEDIA_MONITORING
SOC_000380,PERSON_0564,ConnectHub,user_person_0564,2024-04-06 05:05:16,"Great weekend with family, back to work tomorrow.",,LOCATION_0280,0.43,SOCIAL_MEDIA_MONITORING
SOC_000381,PERSON_0653,ConnectHub,user_person_0653,2024-06-07 15:19:12,"Everything is set for the evening, see you there.",PERSON_1405,LOCATION_0278,0.6,SOCIAL_MEDIA_MONITORING
SOC_000382,PERSON_0274,PicWall,user_person_0274,2024-07-27 17:44:24,Happy to share we completed the delivery on time.,,LOCATION_0283,0.46,SOCIAL_MEDIA_MONITORING
SOC_000383,PERSON_0808,TalkStream,user_person_0808,2025-10-14 04:19:25,"Great weekend with family, back to work tomorrow.",,LOCATION_0038,0.42,SOCIAL_MEDIA_MONITORING
SOC_000384,PERSON_1324,SnapCircle,user_person_1324,2024-01-14 07:04:01,Weather has been unusually warm this month.,,LOCATION_0077,0.62,SOCIAL_MEDIA_MONITORING
SOC_000385,PERSON_1341,SnapCircle,user_person_1341,2025-07-06 23:13:44,Traffic was terrible near the market today.,,LOCATION_0117,0.74,SOCIAL_MEDIA_MONITORING
SOC_000386,PERSON_0624,ConnectHub,user_person_0624,2026-01-08 09:27:56,Happy to share we completed the delivery on time.,,LOCATION_0045,0.56,SOCIAL_MEDIA_MONITORING
SOC_000387,PERSON_0030,PicWall,user_person_0030,2025-08-28 11:18:14,Weather has been unusually warm this month.,,LOCATION_0031,0.47,SOCIAL_MEDIA_MONITORING
SOC_000388,PERSON_0162,ConnectHub,user_person_0162,2024-04-25 17:59:04,Weather has been unusually warm this month.,,LOCATION_0217,0.77,SOCIAL_MEDIA_MONITORING
SOC_000389,PERSON_0529,ConnectHub,user_person_0529,2025-11-04 03:09:17,Happy to share we completed the delivery on time.,,LOCATION_0016,0.8,SOCIAL_MEDIA_MONITORING
SOC_000390,PERSON_0623,ConnectHub,user_person_0623,2025-08-31 16:33:53,"New shop opening next week, everyone welcome.",,LOCATION_0233,0.7,SOCIAL_MEDIA_MONITORING
SOC_000391,PERSON_0082,ChirpNet,user_person_0082,2026-03-23 01:53:26,Meeting postponed. Same place tomorrow.,,LOCATION_0082,0.45,SOCIAL_MEDIA_MONITORING
SOC_000392,PERSON_0375,ConnectHub,user_person_0375,2024-08-29 02:14:57,Weather has been unusually warm this month.,,LOCATION_0085,0.77,SOCIAL_MEDIA_MONITORING
SOC_000393,PERSON_0438,ChirpNet,user_person_0438,2025-11-25 13:03:27,Weather has been unusually warm this month.,,LOCATION_0003,0.53,SOCIAL_MEDIA_MONITORING
SOC_000394,PERSON_0108,TalkStream,user_person_0108,2024-06-02 22:32:47,Happy to share we completed the delivery on time.,,LOCATION_0126,0.61,SOCIAL_MEDIA_MONITORING
SOC_000395,PERSON_0434,SnapCircle,user_person_0434,2024-10-25 01:22:26,Keep this between us for now.,PERSON_0268,LOCATION_0251,0.68,SOCIAL_MEDIA_MONITORING
SOC_000396,PERSON_1263,PicWall,user_person_1263,2024-11-20 04:17:21,Weather has been unusually warm this month.,,LOCATION_0043,0.71,SOCIAL_MEDIA_MONITORING
SOC_000397,PERSON_0201,PicWall,user_person_0201,2026-04-06 13:26:14,Happy to share we completed the delivery on time.,,LOCATION_0218,0.81,SOCIAL_MEDIA_MONITORING
SOC_000398,PERSON_0664,TalkStream,user_person_0664,2024-09-25 17:08:02,Happy to share we completed the delivery on time.,,LOCATION_0151,0.51,SOCIAL_MEDIA_MONITORING
SOC_000399,PERSON_0213,ChirpNet,user_person_0213,2025-07-12 06:52:57,Happy to share we completed the delivery on time.,,LOCATION_0080,0.5,SOCIAL_MEDIA_MONITORING
SOC_000400,PERSON_0856,SnapCircle,user_person_0856,2025-11-08 02:56:01,"Great weekend with family, back to work tomorrow.",,LOCATION_0033,0.73,SOCIAL_MEDIA_MONITORING
SOC_000401,PERSON_1237,PicWall,user_person_1237,2026-04-16 20:33:40,Weather has been unusually warm this month.,,LOCATION_0032,0.46,SOCIAL_MEDIA_MONITORING
SOC_000402,PERSON_0700,ChirpNet,user_person_0700,2025-10-04 19:12:29,"Great weekend with family, back to work tomorrow.",,LOCATION_0288,0.52,SOCIAL_MEDIA_MONITORING
SOC_000403,PERSON_0883,PicWall,user_person_0883,2025-01-02 18:39:15,Happy to share we completed the delivery on time.,,LOCATION_0104,0.54,SOCIAL_MEDIA_MONITORING
SOC_000404,PERSON_1486,ChirpNet,user_person_1486,2024-01-06 07:33:51,"New shop opening next week, everyone welcome.",,LOCATION_0175,0.47,SOCIAL_MEDIA_MONITORING
SOC_000405,PERSON_0083,SnapCircle,user_person_0083,2024-01-10 21:51:50,"New shop opening next week, everyone welcome.",,LOCATION_0124,0.46,SOCIAL_MEDIA_MONITORING
SOC_000406,PERSON_0972,PicWall,user_person_0972,2025-01-09 04:38:23,Happy to share we completed the delivery on time.,,LOCATION_0299,0.53,SOCIAL_MEDIA_MONITORING
SOC_000407,PERSON_1451,SnapCircle,user_person_1451,2025-06-27 16:13:35,"Great weekend with family, back to work tomorrow.",,LOCATION_0036,0.83,SOCIAL_MEDIA_MONITORING
SOC_000408,PERSON_1354,ChirpNet,user_person_1354,2025-03-24 10:26:32,Weather has been unusually warm this month.,,LOCATION_0297,0.44,SOCIAL_MEDIA_MONITORING
SOC_000409,PERSON_1144,SnapCircle,user_person_1144,2025-05-30 21:20:23,Traffic was terrible near the market today.,,LOCATION_0220,0.82,SOCIAL_MEDIA_MONITORING
SOC_000410,PERSON_0937,TalkStream,user_person_0937,2024-09-24 11:55:56,"New shop opening next week, everyone welcome.",,LOCATION_0202,0.78,SOCIAL_MEDIA_MONITORING
SOC_000411,PERSON_0127,TalkStream,user_person_0127,2025-01-26 21:53:39,"New shop opening next week, everyone welcome.",,LOCATION_0206,0.53,SOCIAL_MEDIA_MONITORING
SOC_000412,PERSON_1425,PicWall,user_person_1425,2024-11-01 18:22:27,Keep this between us for now.,,LOCATION_0068,0.74,SOCIAL_MEDIA_MONITORING
SOC_000413,PERSON_0870,ConnectHub,user_person_0870,2025-03-25 18:41:14,"New shop opening next week, everyone welcome.",,LOCATION_0176,0.68,SOCIAL_MEDIA_MONITORING
SOC_000414,PERSON_1348,TalkStream,user_person_1348,2025-02-23 16:19:42,Happy to share we completed the delivery on time.,,LOCATION_0156,0.72,SOCIAL_MEDIA_MONITORING
SOC_000415,PERSON_1386,ConnectHub,user_person_1386,2026-06-07 11:47:42,"New shop opening next week, everyone welcome.",,LOCATION_0249,0.64,SOCIAL_MEDIA_MONITORING
SOC_000416,PERSON_0118,ChirpNet,user_person_0118,2026-01-19 11:20:38,Keep this between us for now.,,LOCATION_0121,0.75,SOCIAL_MEDIA_MONITORING
SOC_000417,PERSON_1115,ChirpNet,user_person_1115,2024-07-07 16:58:45,Happy to share we completed the delivery on time.,,LOCATION_0091,0.62,SOCIAL_MEDIA_MONITORING
SOC_000418,PERSON_1096,PicWall,user_person_1096,2024-05-16 21:29:40,"Great weekend with family, back to work tomorrow.",,LOCATION_0183,0.69,SOCIAL_MEDIA_MONITORING
SOC_000419,PERSON_0067,ConnectHub,user_person_0067,2024-11-14 22:12:22,Traffic was terrible near the market today.,,LOCATION_0141,0.55,SOCIAL_MEDIA_MONITORING
SOC_000420,PERSON_0824,TalkStream,user_person_0824,2024-03-21 15:28:07,"New shop opening next week, everyone welcome.",,LOCATION_0296,0.72,SOCIAL_MEDIA_MONITORING
SOC_000421,PERSON_0024,ChirpNet,user_person_0024,2024-12-18 14:46:04,Weather has been unusually warm this month.,,LOCATION_0130,0.56,SOCIAL_MEDIA_MONITORING
SOC_000422,PERSON_1042,SnapCircle,user_person_1042,2025-11-24 22:41:01,Weather has been unusually warm this month.,,LOCATION_0069,0.68,SOCIAL_MEDIA_MONITORING
SOC_000423,PERSON_0432,SnapCircle,user_person_0432,2024-12-21 16:44:50,"Everything is set for the evening, see you there.",,LOCATION_0224,0.44,SOCIAL_MEDIA_MONITORING
SOC_000424,PERSON_0671,PicWall,user_person_0671,2024-06-07 04:26:29,Keep this between us for now.,PERSON_0360,LOCATION_0046,0.83,SOCIAL_MEDIA_MONITORING
SOC_000425,PERSON_1165,ConnectHub,user_person_1165,2025-07-16 15:11:20,Traffic was terrible near the market today.,,LOCATION_0259,0.72,SOCIAL_MEDIA_MONITORING
SOC_000426,PERSON_1228,SnapCircle,user_person_1228,2025-01-26 07:24:05,Keep this between us for now.,,LOCATION_0279,0.46,SOCIAL_MEDIA_MONITORING
SOC_000427,PERSON_0784,TalkStream,user_person_0784,2025-05-30 14:33:58,Traffic was terrible near the market today.,,LOCATION_0247,0.61,SOCIAL_MEDIA_MONITORING
SOC_000428,PERSON_1348,TalkStream,user_person_1348,2024-04-13 02:52:14,"Great weekend with family, back to work tomorrow.",,LOCATION_0136,0.64,SOCIAL_MEDIA_MONITORING
SOC_000429,PERSON_0623,TalkStream,user_person_0623,2025-03-31 15:30:32,Traffic was terrible near the market today.,,LOCATION_0073,0.49,SOCIAL_MEDIA_MONITORING
SOC_000430,PERSON_1212,PicWall,user_person_1212,2025-07-02 01:10:15,"Great weekend with family, back to work tomorrow.",,LOCATION_0136,0.72,SOCIAL_MEDIA_MONITORING
SOC_000431,PERSON_0731,TalkStream,user_person_0731,2024-12-18 22:35:36,"Plan is confirmed, let's proceed as talked about.",PERSON_1140,LOCATION_0243,0.43,SOCIAL_MEDIA_MONITORING
SOC_000432,PERSON_0786,TalkStream,user_person_0786,2024-05-18 10:22:50,"New shop opening next week, everyone welcome.",,LOCATION_0146,0.61,SOCIAL_MEDIA_MONITORING
SOC_000433,PERSON_0236,TalkStream,user_person_0236,2025-10-31 07:28:31,Weather has been unusually warm this month.,,LOCATION_0035,0.46,SOCIAL_MEDIA_MONITORING
SOC_000434,PERSON_0024,SnapCircle,user_person_0024,2025-11-04 23:38:54,"Plan is confirmed, let's proceed as talked about.",,LOCATION_0270,0.57,SOCIAL_MEDIA_MONITORING
SOC_000435,PERSON_0528,ChirpNet,user_person_0528,2024-04-13 09:10:32,"New shop opening next week, everyone welcome.",,LOCATION_0012,0.43,SOCIAL_MEDIA_MONITORING
SOC_000436,PERSON_0855,ChirpNet,user_person_0855,2025-06-20 06:35:36,"Everything is set for the evening, see you there.",PERSON_0618,LOCATION_0277,0.46,SOCIAL_MEDIA_MONITORING
SOC_000437,PERSON_0167,PicWall,user_person_0167,2024-08-16 14:18:25,"Great weekend with family, back to work tomorrow.",,LOCATION_0231,0.74,SOCIAL_MEDIA_MONITORING
SOC_000438,PERSON_1087,TalkStream,user_person_1087,2025-03-28 08:08:46,"New shop opening next week, everyone welcome.",,LOCATION_0166,0.67,SOCIAL_MEDIA_MONITORING
SOC_000439,PERSON_1313,TalkStream,user_person_1313,2024-10-07 21:40:19,Weather has been unusually warm this month.,,LOCATION_0147,0.6,SOCIAL_MEDIA_MONITORING
SOC_000440,PERSON_0329,SnapCircle,user_person_0329,2024-08-08 16:56:36,Happy to share we completed the delivery on time.,,LOCATION_0174,0.62,SOCIAL_MEDIA_MONITORING
SOC_000441,PERSON_1331,PicWall,user_person_1331,2025-09-17 19:31:01,"New shop opening next week, everyone welcome.",,LOCATION_0183,0.61,SOCIAL_MEDIA_MONITORING
SOC_000442,PERSON_0836,SnapCircle,user_person_0836,2024-09-17 13:13:25,"Great weekend with family, back to work tomorrow.",,LOCATION_0104,0.64,SOCIAL_MEDIA_MONITORING
SOC_000443,PERSON_0856,SnapCircle,user_person_0856,2024-03-01 02:21:04,Weather has been unusually warm this month.,,LOCATION_0113,0.65,SOCIAL_MEDIA_MONITORING
SOC_000444,PERSON_0902,PicWall,user_person_0902,2024-03-26 06:04:16,Keep this between us for now.,,LOCATION_0278,0.81,SOCIAL_MEDIA_MONITORING
SOC_000445,PERSON_1212,ConnectHub,user_person_1212,2024-05-06 01:38:48,"Great weekend with family, back to work tomorrow.",,LOCATION_0226,0.47,SOCIAL_MEDIA_MONITORING
SOC_000446,PERSON_1294,SnapCircle,user_person_1294,2024-10-12 14:10:18,Weather has been unusually warm this month.,,LOCATION_0242,0.63,SOCIAL_MEDIA_MONITORING
SOC_000447,PERSON_1041,ConnectHub,user_person_1041,2025-03-01 06:44:30,"New shop opening next week, everyone welcome.",,LOCATION_0280,0.84,SOCIAL_MEDIA_MONITORING
SOC_000448,PERSON_0729,TalkStream,user_person_0729,2026-05-08 22:59:15,"New shop opening next week, everyone welcome.",,LOCATION_0092,0.59,SOCIAL_MEDIA_MONITORING
SOC_000449,PERSON_0760,ConnectHub,user_person_0760,2026-04-14 03:59:54,Happy to share we completed the delivery on time.,,LOCATION_0208,0.48,SOCIAL_MEDIA_MONITORING
SOC_000450,PERSON_0829,PicWall,user_person_0829,2026-06-25 21:15:58,Weather has been unusually warm this month.,,LOCATION_0136,0.77,SOCIAL_MEDIA_MONITORING
SOC_000451,PERSON_1215,PicWall,user_person_1215,2025-05-15 11:57:28,Traffic was terrible near the market today.,,LOCATION_0152,0.45,SOCIAL_MEDIA_MONITORING
SOC_000452,PERSON_1459,ConnectHub,user_person_1459,2026-05-07 05:34:25,Happy to share we completed the delivery on time.,,LOCATION_0195,0.77,SOCIAL_MEDIA_MONITORING
SOC_000453,PERSON_1451,SnapCircle,user_person_1451,2026-01-04 05:23:54,Happy to share we completed the delivery on time.,,LOCATION_0126,0.59,SOCIAL_MEDIA_MONITORING
SOC_000454,PERSON_1235,ConnectHub,user_person_1235,2025-10-29 00:07:27,"Everything is set for the evening, see you there.",,LOCATION_0147,0.77,SOCIAL_MEDIA_MONITORING
SOC_000455,PERSON_0587,ChirpNet,user_person_0587,2025-08-27 15:35:53,Traffic was terrible near the market today.,,LOCATION_0216,0.43,SOCIAL_MEDIA_MONITORING
SOC_000456,PERSON_1465,SnapCircle,user_person_1465,2026-06-19 15:03:25,"Everything is set for the evening, see you there.",,LOCATION_0233,0.53,SOCIAL_MEDIA_MONITORING
SOC_000457,PERSON_0193,PicWall,user_person_0193,2025-08-02 16:04:10,Happy to share we completed the delivery on time.,,LOCATION_0030,0.65,SOCIAL_MEDIA_MONITORING
SOC_000458,PERSON_0306,PicWall,user_person_0306,2024-08-15 19:00:24,"New shop opening next week, everyone welcome.",,LOCATION_0051,0.47,SOCIAL_MEDIA_MONITORING
SOC_000459,PERSON_0233,TalkStream,user_person_0233,2024-02-05 10:21:41,Weather has been unusually warm this month.,,LOCATION_0018,0.62,SOCIAL_MEDIA_MONITORING
SOC_000460,PERSON_1187,PicWall,user_person_1187,2025-06-07 04:07:56,Keep this between us for now.,PERSON_0161,LOCATION_0292,0.47,SOCIAL_MEDIA_MONITORING
SOC_000461,PERSON_1425,TalkStream,user_person_1425,2025-05-22 17:01:08,"New shop opening next week, everyone welcome.",,LOCATION_0228,0.71,SOCIAL_MEDIA_MONITORING
SOC_000462,PERSON_0211,PicWall,user_person_0211,2025-02-07 18:24:39,"Great weekend with family, back to work tomorrow.",,LOCATION_0203,0.53,SOCIAL_MEDIA_MONITORING
SOC_000463,PERSON_1453,PicWall,user_person_1453,2024-07-03 19:54:24,"New shop opening next week, everyone welcome.",,LOCATION_0182,0.46,SOCIAL_MEDIA_MONITORING
SOC_000464,PERSON_0736,ConnectHub,user_person_0736,2025-10-10 23:11:21,Weather has been unusually warm this month.,,LOCATION_0198,0.41,SOCIAL_MEDIA_MONITORING
SOC_000465,PERSON_1061,ChirpNet,user_person_1061,2026-03-23 08:46:36,"New shop opening next week, everyone welcome.",,LOCATION_0104,0.67,SOCIAL_MEDIA_MONITORING
SOC_000466,PERSON_0385,ConnectHub,user_person_0385,2025-02-05 21:36:14,"Great weekend with family, back to work tomorrow.",,LOCATION_0153,0.81,SOCIAL_MEDIA_MONITORING
SOC_000467,PERSON_0937,ConnectHub,user_person_0937,2025-02-02 01:30:39,Weather has been unusually warm this month.,,LOCATION_0022,0.82,SOCIAL_MEDIA_MONITORING
SOC_000468,PERSON_0051,SnapCircle,user_person_0051,2024-05-25 20:35:08,Traffic was terrible near the market today.,,LOCATION_0059,0.57,SOCIAL_MEDIA_MONITORING
SOC_000469,PERSON_1377,ChirpNet,user_person_1377,2025-04-23 20:25:35,Happy to share we completed the delivery on time.,,LOCATION_0142,0.83,SOCIAL_MEDIA_MONITORING
SOC_000470,PERSON_1372,TalkStream,user_person_1372,2025-09-12 23:59:21,"New shop opening next week, everyone welcome.",,LOCATION_0064,0.45,SOCIAL_MEDIA_MONITORING
SOC_000471,PERSON_0359,ConnectHub,user_person_0359,2024-05-07 06:11:37,Happy to share we completed the delivery on time.,,LOCATION_0296,0.66,SOCIAL_MEDIA_MONITORING
SOC_000472,PERSON_0998,ConnectHub,user_person_0998,2025-08-30 00:27:11,"Great weekend with family, back to work tomorrow.",,LOCATION_0159,0.42,SOCIAL_MEDIA_MONITORING
SOC_000473,PERSON_0174,SnapCircle,user_person_0174,2024-02-07 15:19:45,Keep this between us for now.,,LOCATION_0137,0.52,SOCIAL_MEDIA_MONITORING
SOC_000474,PERSON_1287,ConnectHub,user_person_1287,2024-05-02 13:01:40,Happy to share we completed the delivery on time.,,LOCATION_0231,0.49,SOCIAL_MEDIA_MONITORING
SOC_000475,PERSON_0520,TalkStream,user_person_0520,2025-07-03 20:16:12,"New shop opening next week, everyone welcome.",,LOCATION_0113,0.66,SOCIAL_MEDIA_MONITORING
SOC_000476,PERSON_0418,ConnectHub,user_person_0418,2025-08-18 12:56:34,"New shop opening next week, everyone welcome.",,LOCATION_0292,0.45,SOCIAL_MEDIA_MONITORING
SOC_000477,PERSON_0627,ChirpNet,user_person_0627,2024-03-02 13:47:41,Happy to share we completed the delivery on time.,,LOCATION_0001,0.46,SOCIAL_MEDIA_MONITORING
SOC_000478,PERSON_0001,ChirpNet,user_person_0001,2025-06-09 03:33:50,Weather has been unusually warm this month.,,LOCATION_0223,0.8,SOCIAL_MEDIA_MONITORING
SOC_000479,PERSON_0237,PicWall,user_person_0237,2025-11-14 18:33:21,"New shop opening next week, everyone welcome.",,LOCATION_0226,0.75,SOCIAL_MEDIA_MONITORING
SOC_000480,PERSON_0535,ConnectHub,user_person_0535,2025-09-22 00:56:20,"Great weekend with family, back to work tomorrow.",,LOCATION_0010,0.61,SOCIAL_MEDIA_MONITORING
SOC_000481,PERSON_0004,PicWall,user_person_0004,2026-06-21 23:30:00,Happy to share we completed the delivery on time.,,LOCATION_0063,0.42,SOCIAL_MEDIA_MONITORING
SOC_000482,PERSON_1488,PicWall,user_person_1488,2024-03-28 00:19:32,"New shop opening next week, everyone welcome.",,LOCATION_0190,0.49,SOCIAL_MEDIA_MONITORING
SOC_000483,PERSON_0534,ChirpNet,user_person_0534,2025-01-30 02:28:12,Meeting postponed. Same place tomorrow.,PERSON_0536,LOCATION_0217,0.42,SOCIAL_MEDIA_MONITORING
SOC_000484,PERSON_0932,PicWall,user_person_0932,2025-10-12 16:19:04,"New shop opening next week, everyone welcome.",,LOCATION_0263,0.74,SOCIAL_MEDIA_MONITORING
SOC_000485,PERSON_0152,ChirpNet,user_person_0152,2025-06-17 04:09:25,Traffic was terrible near the market today.,,LOCATION_0044,0.66,SOCIAL_MEDIA_MONITORING
SOC_000486,PERSON_0857,ChirpNet,user_person_0857,2024-09-18 08:38:28,Weather has been unusually warm this month.,,LOCATION_0278,0.69,SOCIAL_MEDIA_MONITORING
SOC_000487,PERSON_0864,ChirpNet,user_person_0864,2024-07-02 20:17:23,Happy to share we completed the delivery on time.,,LOCATION_0107,0.61,SOCIAL_MEDIA_MONITORING
SOC_000488,PERSON_0065,ConnectHub,user_person_0065,2024-07-07 01:35:02,Keep this between us for now.,,LOCATION_0229,0.68,SOCIAL_MEDIA_MONITORING
SOC_000489,PERSON_0610,SnapCircle,user_person_0610,2024-02-09 19:07:28,"Everything is set for the evening, see you there.",,LOCATION_0041,0.78,SOCIAL_MEDIA_MONITORING
SOC_000490,PERSON_0762,ChirpNet,user_person_0762,2024-06-30 20:57:40,Weather has been unusually warm this month.,,LOCATION_0091,0.53,SOCIAL_MEDIA_MONITORING
SOC_000491,PERSON_1049,ConnectHub,user_person_1049,2025-10-08 13:57:46,Meeting postponed. Same place tomorrow.,,LOCATION_0259,0.46,SOCIAL_MEDIA_MONITORING
SOC_000492,PERSON_0766,PicWall,user_person_0766,2024-05-11 10:59:57,Meeting postponed. Same place tomorrow.,,LOCATION_0032,0.83,SOCIAL_MEDIA_MONITORING
SOC_000493,PERSON_1143,PicWall,user_person_1143,2024-05-15 15:57:06,"Great weekend with family, back to work tomorrow.",,LOCATION_0016,0.5,SOCIAL_MEDIA_MONITORING
SOC_000494,PERSON_0528,PicWall,user_person_0528,2025-07-25 14:34:12,Meeting postponed. Same place tomorrow.,,LOCATION_0142,0.54,SOCIAL_MEDIA_MONITORING
SOC_000495,PERSON_0325,SnapCircle,user_person_0325,2024-10-03 07:05:03,"Package ready, will hand it over as discussed.",,LOCATION_0196,0.64,SOCIAL_MEDIA_MONITORING
SOC_000496,PERSON_0586,SnapCircle,user_person_0586,2026-03-14 19:28:59,Happy to share we completed the delivery on time.,,LOCATION_0197,0.81,SOCIAL_MEDIA_MONITORING
SOC_000497,PERSON_1222,TalkStream,user_person_1222,2025-02-05 10:41:00,Weather has been unusually warm this month.,,LOCATION_0112,0.59,SOCIAL_MEDIA_MONITORING
SOC_000498,PERSON_1231,PicWall,user_person_1231,2025-04-27 04:52:22,Traffic was terrible near the market today.,,LOCATION_0178,0.66,SOCIAL_MEDIA_MONITORING
SOC_000499,PERSON_1171,PicWall,user_person_1171,2025-03-12 05:11:29,Happy to share we completed the delivery on time.,,LOCATION_0196,0.76,SOCIAL_MEDIA_MONITORING
SOC_000500,PERSON_1281,PicWall,user_person_1281,2026-01-27 13:53:25,Traffic was terrible near the market today.,,LOCATION_0006,0.44,SOCIAL_MEDIA_MONITORING
SOC_000501,PERSON_0110,SnapCircle,user_person_0110,2026-02-13 12:41:34,Happy to share we completed the delivery on time.,,LOCATION_0268,0.74,SOCIAL_MEDIA_MONITORING
SOC_000502,PERSON_0563,ConnectHub,user_person_0563,2025-11-27 13:06:04,"Great weekend with family, back to work tomorrow.",,LOCATION_0265,0.74,SOCIAL_MEDIA_MONITORING
SOC_000503,PERSON_0037,ChirpNet,user_person_0037,2026-02-16 01:46:31,"New shop opening next week, everyone welcome.",,LOCATION_0047,0.63,SOCIAL_MEDIA_MONITORING
SOC_000504,PERSON_0851,TalkStream,user_person_0851,2024-08-29 05:10:41,Keep this between us for now.,PERSON_1422,LOCATION_0071,0.8,SOCIAL_MEDIA_MONITORING
SOC_000505,PERSON_1170,SnapCircle,user_person_1170,2024-08-03 02:53:46,"New shop opening next week, everyone welcome.",,LOCATION_0247,0.62,SOCIAL_MEDIA_MONITORING
SOC_000506,PERSON_0577,TalkStream,user_person_0577,2025-10-26 21:25:45,Weather has been unusually warm this month.,,LOCATION_0278,0.79,SOCIAL_MEDIA_MONITORING
SOC_000507,PERSON_0096,ConnectHub,user_person_0096,2024-08-28 18:01:07,Keep this between us for now.,,LOCATION_0274,0.4,SOCIAL_MEDIA_MONITORING
SOC_000508,PERSON_0304,TalkStream,user_person_0304,2025-05-16 06:19:10,Weather has been unusually warm this month.,,LOCATION_0015,0.62,SOCIAL_MEDIA_MONITORING
SOC_000509,PERSON_0196,PicWall,user_person_0196,2026-01-11 16:19:15,"Package ready, will hand it over as discussed.",,LOCATION_0218,0.75,SOCIAL_MEDIA_MONITORING
SOC_000510,PERSON_1348,ChirpNet,user_person_1348,2026-03-23 17:20:26,"New shop opening next week, everyone welcome.",,LOCATION_0176,0.76,SOCIAL_MEDIA_MONITORING
SOC_000511,PERSON_0365,SnapCircle,user_person_0365,2025-12-07 16:27:51,Traffic was terrible near the market today.,,LOCATION_0246,0.83,SOCIAL_MEDIA_MONITORING
SOC_000512,PERSON_0120,PicWall,user_person_0120,2025-03-21 14:27:53,Traffic was terrible near the market today.,,LOCATION_0019,0.59,SOCIAL_MEDIA_MONITORING
SOC_000513,PERSON_0838,PicWall,user_person_0838,2024-03-06 01:50:25,"New shop opening next week, everyone welcome.",,LOCATION_0160,0.42,SOCIAL_MEDIA_MONITORING
SOC_000514,PERSON_1386,PicWall,user_person_1386,2026-05-27 06:25:22,Weather has been unusually warm this month.,,LOCATION_0109,0.4,SOCIAL_MEDIA_MONITORING
SOC_000515,PERSON_1335,ConnectHub,user_person_1335,2025-12-22 07:14:11,"Everything is set for the evening, see you there.",PERSON_0741,LOCATION_0120,0.43,SOCIAL_MEDIA_MONITORING
SOC_000516,PERSON_0456,PicWall,user_person_0456,2025-07-09 00:44:46,Happy to share we completed the delivery on time.,,LOCATION_0121,0.64,SOCIAL_MEDIA_MONITORING
SOC_000517,PERSON_1436,ConnectHub,user_person_1436,2025-03-15 21:09:57,"Great weekend with family, back to work tomorrow.",,LOCATION_0293,0.52,SOCIAL_MEDIA_MONITORING
SOC_000518,PERSON_0094,ChirpNet,user_person_0094,2025-07-07 09:52:49,Happy to share we completed the delivery on time.,,LOCATION_0067,0.59,SOCIAL_MEDIA_MONITORING
SOC_000519,PERSON_1074,SnapCircle,user_person_1074,2024-04-09 07:02:52,Meeting postponed. Same place tomorrow.,PERSON_1324,LOCATION_0145,0.69,SOCIAL_MEDIA_MONITORING
SOC_000520,PERSON_0711,SnapCircle,user_person_0711,2026-02-10 21:03:08,"Everything is set for the evening, see you there.",PERSON_1450,LOCATION_0220,0.53,SOCIAL_MEDIA_MONITORING
SOC_000521,PERSON_0904,PicWall,user_person_0904,2026-05-10 18:26:06,"Great weekend with family, back to work tomorrow.",,LOCATION_0080,0.61,SOCIAL_MEDIA_MONITORING
SOC_000522,PERSON_1276,ChirpNet,user_person_1276,2024-07-29 04:40:36,Happy to share we completed the delivery on time.,,LOCATION_0204,0.42,SOCIAL_MEDIA_MONITORING
SOC_000523,PERSON_0101,ConnectHub,user_person_0101,2026-03-04 08:03:34,"Package ready, will hand it over as discussed.",PERSON_0039,LOCATION_0165,0.84,SOCIAL_MEDIA_MONITORING
SOC_000524,PERSON_1036,ConnectHub,user_person_1036,2024-05-03 14:50:21,Weather has been unusually warm this month.,,LOCATION_0117,0.65,SOCIAL_MEDIA_MONITORING
SOC_000525,PERSON_0652,ChirpNet,user_person_0652,2024-12-12 07:36:33,"New shop opening next week, everyone welcome.",,LOCATION_0082,0.8,SOCIAL_MEDIA_MONITORING
SOC_000526,PERSON_1034,SnapCircle,user_person_1034,2024-02-02 19:38:27,Happy to share we completed the delivery on time.,,LOCATION_0009,0.59,SOCIAL_MEDIA_MONITORING
SOC_000527,PERSON_0880,TalkStream,user_person_0880,2024-07-10 14:17:15,Weather has been unusually warm this month.,,LOCATION_0167,0.61,SOCIAL_MEDIA_MONITORING
SOC_000528,PERSON_0696,TalkStream,user_person_0696,2024-10-20 11:20:39,Happy to share we completed the delivery on time.,,LOCATION_0221,0.46,SOCIAL_MEDIA_MONITORING
SOC_000529,PERSON_0508,TalkStream,user_person_0508,2024-11-08 21:37:20,"Great weekend with family, back to work tomorrow.",,LOCATION_0208,0.5,SOCIAL_MEDIA_MONITORING
SOC_000530,PERSON_1412,SnapCircle,user_person_1412,2025-04-11 09:34:50,"New shop opening next week, everyone welcome.",,LOCATION_0072,0.7,SOCIAL_MEDIA_MONITORING
SOC_000531,PERSON_0291,SnapCircle,user_person_0291,2024-02-23 01:59:22,"Package ready, will hand it over as discussed.",,LOCATION_0138,0.56,SOCIAL_MEDIA_MONITORING
SOC_000532,PERSON_0939,SnapCircle,user_person_0939,2026-05-19 22:30:36,"Package ready, will hand it over as discussed.",PERSON_1113,LOCATION_0064,0.53,SOCIAL_MEDIA_MONITORING
SOC_000533,PERSON_1412,TalkStream,user_person_1412,2025-04-30 00:02:26,Weather has been unusually warm this month.,,LOCATION_0102,0.49,SOCIAL_MEDIA_MONITORING
SOC_000534,PERSON_1414,ConnectHub,user_person_1414,2025-08-27 20:31:22,Weather has been unusually warm this month.,,LOCATION_0258,0.66,SOCIAL_MEDIA_MONITORING
SOC_000535,PERSON_0150,ConnectHub,user_person_0150,2025-04-07 20:33:44,Traffic was terrible near the market today.,,LOCATION_0025,0.49,SOCIAL_MEDIA_MONITORING
SOC_000536,PERSON_0848,ConnectHub,user_person_0848,2026-05-02 04:09:31,Weather has been unusually warm this month.,,LOCATION_0170,0.68,SOCIAL_MEDIA_MONITORING
SOC_000537,PERSON_0280,PicWall,user_person_0280,2024-12-15 16:34:07,"Package ready, will hand it over as discussed.",,LOCATION_0224,0.85,SOCIAL_MEDIA_MONITORING
SOC_000538,PERSON_0966,ConnectHub,user_person_0966,2024-11-21 11:17:25,Happy to share we completed the delivery on time.,,LOCATION_0129,0.76,SOCIAL_MEDIA_MONITORING
SOC_000539,PERSON_1116,PicWall,user_person_1116,2024-02-27 00:03:49,Traffic was terrible near the market today.,,LOCATION_0021,0.48,SOCIAL_MEDIA_MONITORING
SOC_000540,PERSON_0072,SnapCircle,user_person_0072,2024-10-07 23:43:51,"New shop opening next week, everyone welcome.",,LOCATION_0222,0.41,SOCIAL_MEDIA_MONITORING
SOC_000541,PERSON_1084,ConnectHub,user_person_1084,2025-12-15 00:58:33,Traffic was terrible near the market today.,,LOCATION_0203,0.43,SOCIAL_MEDIA_MONITORING
SOC_000542,PERSON_1303,PicWall,user_person_1303,2025-07-15 21:23:47,Weather has been unusually warm this month.,,LOCATION_0242,0.74,SOCIAL_MEDIA_MONITORING
SOC_000543,PERSON_1486,PicWall,user_person_1486,2024-07-04 11:20:02,Happy to share we completed the delivery on time.,,LOCATION_0095,0.62,SOCIAL_MEDIA_MONITORING
SOC_000544,PERSON_0185,ChirpNet,user_person_0185,2024-03-11 08:29:26,"Great weekend with family, back to work tomorrow.",,LOCATION_0231,0.83,SOCIAL_MEDIA_MONITORING
SOC_000545,PERSON_0327,SnapCircle,user_person_0327,2026-06-25 16:29:19,Happy to share we completed the delivery on time.,,LOCATION_0132,0.64,SOCIAL_MEDIA_MONITORING
SOC_000546,PERSON_0865,ConnectHub,user_person_0865,2025-07-03 04:09:24,Traffic was terrible near the market today.,,LOCATION_0267,0.66,SOCIAL_MEDIA_MONITORING
SOC_000547,PERSON_0385,ChirpNet,user_person_0385,2025-11-18 18:22:41,Traffic was terrible near the market today.,,LOCATION_0093,0.47,SOCIAL_MEDIA_MONITORING
SOC_000548,PERSON_1168,ChirpNet,user_person_1168,2024-04-27 05:58:30,Traffic was terrible near the market today.,,LOCATION_0059,0.73,SOCIAL_MEDIA_MONITORING
SOC_000549,PERSON_0084,SnapCircle,user_person_0084,2025-05-04 10:51:35,Weather has been unusually warm this month.,,LOCATION_0211,0.48,SOCIAL_MEDIA_MONITORING
SOC_000550,PERSON_0752,TalkStream,user_person_0752,2025-08-15 13:01:23,Meeting postponed. Same place tomorrow.,,LOCATION_0227,0.73,SOCIAL_MEDIA_MONITORING
SOC_000551,PERSON_0569,PicWall,user_person_0569,2024-10-25 00:53:06,Traffic was terrible near the market today.,,LOCATION_0077,0.66,SOCIAL_MEDIA_MONITORING
SOC_000552,PERSON_0201,SnapCircle,user_person_0201,2024-10-22 20:19:38,"Great weekend with family, back to work tomorrow.",,LOCATION_0118,0.5,SOCIAL_MEDIA_MONITORING
SOC_000553,PERSON_0486,PicWall,user_person_0486,2025-04-01 19:03:35,Weather has been unusually warm this month.,,LOCATION_0034,0.65,SOCIAL_MEDIA_MONITORING
SOC_000554,PERSON_0109,PicWall,user_person_0109,2025-01-23 16:19:10,Happy to share we completed the delivery on time.,,LOCATION_0026,0.62,SOCIAL_MEDIA_MONITORING
SOC_000555,PERSON_0474,ConnectHub,user_person_0474,2026-01-16 13:38:10,Traffic was terrible near the market today.,,LOCATION_0150,0.72,SOCIAL_MEDIA_MONITORING
SOC_000556,PERSON_0068,SnapCircle,user_person_0068,2024-11-19 13:34:40,"Great weekend with family, back to work tomorrow.",,LOCATION_0069,0.54,SOCIAL_MEDIA_MONITORING
SOC_000557,PERSON_0176,ConnectHub,user_person_0176,2024-02-14 05:10:41,Traffic was terrible near the market today.,,LOCATION_0148,0.76,SOCIAL_MEDIA_MONITORING
SOC_000558,PERSON_0004,PicWall,user_person_0004,2025-04-10 05:49:06,"New shop opening next week, everyone welcome.",,LOCATION_0273,0.65,SOCIAL_MEDIA_MONITORING
SOC_000559,PERSON_0791,ConnectHub,user_person_0791,2024-12-02 06:18:22,Happy to share we completed the delivery on time.,,LOCATION_0227,0.77,SOCIAL_MEDIA_MONITORING
SOC_000560,PERSON_0414,SnapCircle,user_person_0414,2025-04-27 02:10:06,Traffic was terrible near the market today.,,LOCATION_0155,0.55,SOCIAL_MEDIA_MONITORING
SOC_000561,PERSON_1013,ChirpNet,user_person_1013,2025-03-19 12:04:36,Happy to share we completed the delivery on time.,,LOCATION_0110,0.41,SOCIAL_MEDIA_MONITORING
SOC_000562,PERSON_1324,ConnectHub,user_person_1324,2024-04-21 08:08:56,"Everything is set for the evening, see you there.",PERSON_1249,LOCATION_0077,0.44,SOCIAL_MEDIA_MONITORING
SOC_000563,PERSON_1313,SnapCircle,user_person_1313,2025-06-20 03:23:50,Weather has been unusually warm this month.,,LOCATION_0057,0.52,SOCIAL_MEDIA_MONITORING
SOC_000564,PERSON_1332,PicWall,user_person_1332,2026-01-17 21:06:34,Weather has been unusually warm this month.,,LOCATION_0212,0.55,SOCIAL_MEDIA_MONITORING
SOC_000565,PERSON_0215,TalkStream,user_person_0215,2025-10-28 03:35:22,"Great weekend with family, back to work tomorrow.",,LOCATION_0017,0.57,SOCIAL_MEDIA_MONITORING
SOC_000566,PERSON_0698,SnapCircle,user_person_0698,2024-03-03 06:23:22,"Great weekend with family, back to work tomorrow.",,LOCATION_0054,0.48,SOCIAL_MEDIA_MONITORING
SOC_000567,PERSON_1375,PicWall,user_person_1375,2026-04-14 05:19:06,Weather has been unusually warm this month.,,LOCATION_0174,0.83,SOCIAL_MEDIA_MONITORING
SOC_000568,PERSON_1240,ChirpNet,user_person_1240,2025-05-03 02:32:03,Happy to share we completed the delivery on time.,,LOCATION_0300,0.49,SOCIAL_MEDIA_MONITORING
SOC_000569,PERSON_0064,SnapCircle,user_person_0064,2025-09-28 17:17:57,Weather has been unusually warm this month.,,LOCATION_0223,0.55,SOCIAL_MEDIA_MONITORING
SOC_000570,PERSON_0770,PicWall,user_person_0770,2026-06-11 04:28:23,Meeting postponed. Same place tomorrow.,,LOCATION_0205,0.66,SOCIAL_MEDIA_MONITORING
SOC_000571,PERSON_0598,ChirpNet,user_person_0598,2024-02-06 20:39:18,"Everything is set for the evening, see you there.",PERSON_0978,LOCATION_0243,0.5,SOCIAL_MEDIA_MONITORING
SOC_000572,PERSON_0615,SnapCircle,user_person_0615,2024-11-20 17:46:33,"Great weekend with family, back to work tomorrow.",,LOCATION_0296,0.8,SOCIAL_MEDIA_MONITORING
SOC_000573,PERSON_1356,ChirpNet,user_person_1356,2025-08-03 05:46:20,Meeting postponed. Same place tomorrow.,PERSON_0087,LOCATION_0006,0.41,SOCIAL_MEDIA_MONITORING
SOC_000574,PERSON_1237,SnapCircle,user_person_1237,2025-11-12 13:21:22,Traffic was terrible near the market today.,,LOCATION_0262,0.41,SOCIAL_MEDIA_MONITORING
SOC_000575,PERSON_0665,PicWall,user_person_0665,2024-05-27 10:37:21,Weather has been unusually warm this month.,,LOCATION_0019,0.56,SOCIAL_MEDIA_MONITORING
SOC_000576,PERSON_1267,PicWall,user_person_1267,2024-12-17 09:45:22,Weather has been unusually warm this month.,,LOCATION_0127,0.79,SOCIAL_MEDIA_MONITORING
SOC_000577,PERSON_1278,PicWall,user_person_1278,2025-01-09 12:56:45,Weather has been unusually warm this month.,,LOCATION_0285,0.59,SOCIAL_MEDIA_MONITORING
SOC_000578,PERSON_0660,TalkStream,user_person_0660,2024-08-02 12:51:20,Meeting postponed. Same place tomorrow.,,LOCATION_0158,0.69,SOCIAL_MEDIA_MONITORING
SOC_000579,PERSON_1094,ConnectHub,user_person_1094,2026-04-12 16:41:24,"New shop opening next week, everyone welcome.",,LOCATION_0220,0.75,SOCIAL_MEDIA_MONITORING
SOC_000580,PERSON_0569,ConnectHub,user_person_0569,2025-03-07 09:15:16,"Great weekend with family, back to work tomorrow.",,LOCATION_0057,0.45,SOCIAL_MEDIA_MONITORING
SOC_000581,PERSON_0518,TalkStream,user_person_0518,2025-07-18 21:41:41,"Great weekend with family, back to work tomorrow.",,LOCATION_0297,0.51,SOCIAL_MEDIA_MONITORING
SOC_000582,PERSON_1014,SnapCircle,user_person_1014,2026-02-12 22:56:24,Happy to share we completed the delivery on time.,,LOCATION_0256,0.42,SOCIAL_MEDIA_MONITORING
SOC_000583,PERSON_1373,SnapCircle,user_person_1373,2025-05-13 21:42:23,"New shop opening next week, everyone welcome.",,LOCATION_0062,0.77,SOCIAL_MEDIA_MONITORING
SOC_000584,PERSON_0727,SnapCircle,user_person_0727,2024-07-12 19:34:02,"Great weekend with family, back to work tomorrow.",,LOCATION_0224,0.74,SOCIAL_MEDIA_MONITORING
SOC_000585,PERSON_0571,SnapCircle,user_person_0571,2024-05-09 21:40:46,"Great weekend with family, back to work tomorrow.",,LOCATION_0245,0.79,SOCIAL_MEDIA_MONITORING
SOC_000586,PERSON_0697,ChirpNet,user_person_0697,2025-10-15 04:13:46,Traffic was terrible near the market today.,,LOCATION_0064,0.57,SOCIAL_MEDIA_MONITORING
SOC_000587,PERSON_1405,SnapCircle,user_person_1405,2024-03-07 10:02:26,Traffic was terrible near the market today.,,LOCATION_0141,0.64,SOCIAL_MEDIA_MONITORING
SOC_000588,PERSON_0001,ChirpNet,user_person_0001,2024-07-06 23:42:42,Traffic was terrible near the market today.,,LOCATION_0243,0.77,SOCIAL_MEDIA_MONITORING
SOC_000589,PERSON_0024,ConnectHub,user_person_0024,2024-10-21 23:50:20,Happy to share we completed the delivery on time.,,LOCATION_0060,0.8,SOCIAL_MEDIA_MONITORING
SOC_000590,PERSON_0518,ConnectHub,user_person_0518,2025-02-15 16:14:55,"Great weekend with family, back to work tomorrow.",,LOCATION_0007,0.62,SOCIAL_MEDIA_MONITORING
SOC_000591,PERSON_0209,TalkStream,user_person_0209,2026-04-07 17:26:40,Traffic was terrible near the market today.,,LOCATION_0050,0.68,SOCIAL_MEDIA_MONITORING
SOC_000592,PERSON_0286,ConnectHub,user_person_0286,2025-01-29 20:28:29,"Great weekend with family, back to work tomorrow.",,LOCATION_0065,0.4,SOCIAL_MEDIA_MONITORING
SOC_000593,PERSON_0584,ConnectHub,user_person_0584,2026-03-23 02:35:36,"New shop opening next week, everyone welcome.",,LOCATION_0059,0.56,SOCIAL_MEDIA_MONITORING
SOC_000594,PERSON_0008,SnapCircle,user_person_0008,2026-03-22 05:25:53,Traffic was terrible near the market today.,,LOCATION_0037,0.5,SOCIAL_MEDIA_MONITORING
SOC_000595,PERSON_1331,SnapCircle,user_person_1331,2024-01-09 10:15:43,Happy to share we completed the delivery on time.,,LOCATION_0083,0.58,SOCIAL_MEDIA_MONITORING
SOC_000596,PERSON_1134,ConnectHub,user_person_1134,2024-05-04 03:49:15,Happy to share we completed the delivery on time.,,LOCATION_0086,0.44,SOCIAL_MEDIA_MONITORING
SOC_000597,PERSON_0029,TalkStream,user_person_0029,2026-06-10 09:33:25,"Great weekend with family, back to work tomorrow.",,LOCATION_0078,0.75,SOCIAL_MEDIA_MONITORING
SOC_000598,PERSON_0614,PicWall,user_person_0614,2025-07-12 05:51:50,"Great weekend with family, back to work tomorrow.",,LOCATION_0154,0.47,SOCIAL_MEDIA_MONITORING
SOC_000599,PERSON_0081,ConnectHub,user_person_0081,2024-11-25 02:41:58,Meeting postponed. Same place tomorrow.,,LOCATION_0205,0.42,SOCIAL_MEDIA_MONITORING
SOC_000600,PERSON_0325,PicWall,user_person_0325,2026-03-22 03:26:26,"Great weekend with family, back to work tomorrow.",,LOCATION_0226,0.8,SOCIAL_MEDIA_MONITORING
SOC_000601,PERSON_0763,PicWall,user_person_0763,2025-04-14 21:02:52,Traffic was terrible near the market today.,,LOCATION_0196,0.79,SOCIAL_MEDIA_MONITORING
SOC_000602,PERSON_0211,ChirpNet,user_person_0211,2025-10-20 05:46:54,Happy to share we completed the delivery on time.,,LOCATION_0143,0.43,SOCIAL_MEDIA_MONITORING
SOC_000603,PERSON_1385,TalkStream,user_person_1385,2024-01-23 19:56:44,Traffic was terrible near the market today.,,LOCATION_0260,0.72,SOCIAL_MEDIA_MONITORING
SOC_000604,PERSON_1020,ConnectHub,user_person_1020,2025-09-11 05:57:52,Meeting postponed. Same place tomorrow.,,LOCATION_0036,0.58,SOCIAL_MEDIA_MONITORING
SOC_000605,PERSON_1354,SnapCircle,user_person_1354,2024-05-20 07:23:36,Happy to share we completed the delivery on time.,,LOCATION_0127,0.66,SOCIAL_MEDIA_MONITORING
SOC_000606,PERSON_0066,SnapCircle,user_person_0066,2024-03-27 10:28:02,"Great weekend with family, back to work tomorrow.",,LOCATION_0148,0.72,SOCIAL_MEDIA_MONITORING
SOC_000607,PERSON_1421,TalkStream,user_person_1421,2026-02-07 11:16:13,"New shop opening next week, everyone welcome.",,LOCATION_0097,0.8,SOCIAL_MEDIA_MONITORING
SOC_000608,PERSON_0280,ConnectHub,user_person_0280,2025-01-27 04:42:32,Weather has been unusually warm this month.,,LOCATION_0094,0.84,SOCIAL_MEDIA_MONITORING
SOC_000609,PERSON_0897,TalkStream,user_person_0897,2026-05-09 09:55:55,"New shop opening next week, everyone welcome.",,LOCATION_0229,0.78,SOCIAL_MEDIA_MONITORING
SOC_000610,PERSON_0477,SnapCircle,user_person_0477,2025-04-22 22:50:06,"Great weekend with family, back to work tomorrow.",,LOCATION_0276,0.63,SOCIAL_MEDIA_MONITORING
SOC_000611,PERSON_0338,PicWall,user_person_0338,2024-02-14 00:12:33,"New shop opening next week, everyone welcome.",,LOCATION_0150,0.79,SOCIAL_MEDIA_MONITORING
SOC_000612,PERSON_0617,ChirpNet,user_person_0617,2025-10-21 17:05:47,"Great weekend with family, back to work tomorrow.",,LOCATION_0185,0.44,SOCIAL_MEDIA_MONITORING
SOC_000613,PERSON_0767,ConnectHub,user_person_0767,2024-05-22 10:20:01,Weather has been unusually warm this month.,,LOCATION_0249,0.62,SOCIAL_MEDIA_MONITORING
SOC_000614,PERSON_0815,PicWall,user_person_0815,2025-11-10 10:40:58,"Package ready, will hand it over as discussed.",PERSON_0681,LOCATION_0067,0.84,SOCIAL_MEDIA_MONITORING
SOC_000615,PERSON_0155,SnapCircle,user_person_0155,2024-10-24 00:42:06,Happy to share we completed the delivery on time.,,LOCATION_0130,0.81,SOCIAL_MEDIA_MONITORING
SOC_000616,PERSON_0801,TalkStream,user_person_0801,2025-10-09 08:19:44,Happy to share we completed the delivery on time.,,LOCATION_0169,0.53,SOCIAL_MEDIA_MONITORING
SOC_000617,PERSON_0162,ChirpNet,user_person_0162,2024-02-01 14:58:28,Happy to share we completed the delivery on time.,,LOCATION_0267,0.56,SOCIAL_MEDIA_MONITORING
SOC_000618,PERSON_0633,ConnectHub,user_person_0633,2026-04-01 11:07:36,"Great weekend with family, back to work tomorrow.",,LOCATION_0266,0.78,SOCIAL_MEDIA_MONITORING
SOC_000619,PERSON_0666,SnapCircle,user_person_0666,2026-01-20 03:59:30,Happy to share we completed the delivery on time.,,LOCATION_0017,0.64,SOCIAL_MEDIA_MONITORING
SOC_000620,PERSON_0788,SnapCircle,user_person_0788,2025-03-10 17:51:17,Meeting postponed. Same place tomorrow.,PERSON_0822,LOCATION_0114,0.64,SOCIAL_MEDIA_MONITORING
SOC_000621,PERSON_1222,SnapCircle,user_person_1222,2025-05-18 23:00:52,"Plan is confirmed, let's proceed as talked about.",PERSON_0367,LOCATION_0072,0.54,SOCIAL_MEDIA_MONITORING
SOC_000622,PERSON_0459,ChirpNet,user_person_0459,2024-05-27 11:41:15,Weather has been unusually warm this month.,,LOCATION_0193,0.54,SOCIAL_MEDIA_MONITORING
SOC_000623,PERSON_0794,SnapCircle,user_person_0794,2024-11-18 04:01:14,"Package ready, will hand it over as discussed.",,LOCATION_0079,0.66,SOCIAL_MEDIA_MONITORING
SOC_000624,PERSON_0954,ConnectHub,user_person_0954,2024-05-07 04:18:56,"Great weekend with family, back to work tomorrow.",,LOCATION_0188,0.59,SOCIAL_MEDIA_MONITORING
SOC_000625,PERSON_0306,ConnectHub,user_person_0306,2025-06-13 20:53:47,Traffic was terrible near the market today.,,LOCATION_0121,0.51,SOCIAL_MEDIA_MONITORING
SOC_000626,PERSON_0303,ChirpNet,user_person_0303,2026-05-22 19:57:05,"Great weekend with family, back to work tomorrow.",,LOCATION_0186,0.61,SOCIAL_MEDIA_MONITORING
SOC_000627,PERSON_1405,PicWall,user_person_1405,2025-04-02 21:45:18,Happy to share we completed the delivery on time.,,LOCATION_0261,0.57,SOCIAL_MEDIA_MONITORING
SOC_000628,PERSON_1202,ConnectHub,user_person_1202,2024-04-06 01:22:47,"New shop opening next week, everyone welcome.",,LOCATION_0235,0.46,SOCIAL_MEDIA_MONITORING
SOC_000629,PERSON_0639,ConnectHub,user_person_0639,2026-01-29 14:30:08,Traffic was terrible near the market today.,,LOCATION_0230,0.55,SOCIAL_MEDIA_MONITORING
SOC_000630,PERSON_0286,ConnectHub,user_person_0286,2025-12-03 11:10:15,"New shop opening next week, everyone welcome.",,LOCATION_0045,0.52,SOCIAL_MEDIA_MONITORING
SOC_000631,PERSON_1100,TalkStream,user_person_1100,2025-02-13 23:47:32,Keep this between us for now.,PERSON_0950,LOCATION_0249,0.5,SOCIAL_MEDIA_MONITORING
SOC_000632,PERSON_0848,SnapCircle,user_person_0848,2024-03-16 12:21:14,"Great weekend with family, back to work tomorrow.",,LOCATION_0230,0.82,SOCIAL_MEDIA_MONITORING
SOC_000633,PERSON_0687,ChirpNet,user_person_0687,2026-04-22 17:47:11,"New shop opening next week, everyone welcome.",,LOCATION_0043,0.56,SOCIAL_MEDIA_MONITORING
SOC_000634,PERSON_0854,ConnectHub,user_person_0854,2025-05-16 23:00:13,"New shop opening next week, everyone welcome.",,LOCATION_0114,0.53,SOCIAL_MEDIA_MONITORING
SOC_000635,PERSON_1488,ChirpNet,user_person_1488,2025-04-12 00:26:28,Traffic was terrible near the market today.,,LOCATION_0170,0.5,SOCIAL_MEDIA_MONITORING
SOC_000636,PERSON_0795,ConnectHub,user_person_0795,2024-12-22 08:34:33,"New shop opening next week, everyone welcome.",,LOCATION_0006,0.48,SOCIAL_MEDIA_MONITORING
SOC_000637,PERSON_0792,SnapCircle,user_person_0792,2026-05-23 21:32:19,Weather has been unusually warm this month.,,LOCATION_0107,0.44,SOCIAL_MEDIA_MONITORING
SOC_000638,PERSON_1201,ConnectHub,user_person_1201,2026-03-23 21:02:06,Traffic was terrible near the market today.,,LOCATION_0050,0.82,SOCIAL_MEDIA_MONITORING
SOC_000639,PERSON_1418,ChirpNet,user_person_1418,2026-01-06 03:49:39,Weather has been unusually warm this month.,,LOCATION_0089,0.55,SOCIAL_MEDIA_MONITORING
SOC_000640,PERSON_1385,TalkStream,user_person_1385,2025-01-13 06:32:14,"Plan is confirmed, let's proceed as talked about.",PERSON_0762,LOCATION_0070,0.71,SOCIAL_MEDIA_MONITORING
SOC_000641,PERSON_0862,ChirpNet,user_person_0862,2024-11-25 23:39:31,"Great weekend with family, back to work tomorrow.",,LOCATION_0168,0.49,SOCIAL_MEDIA_MONITORING
SOC_000642,PERSON_0154,SnapCircle,user_person_0154,2026-02-28 04:07:31,"Plan is confirmed, let's proceed as talked about.",PERSON_0266,LOCATION_0189,0.65,SOCIAL_MEDIA_MONITORING
SOC_000643,PERSON_0501,PicWall,user_person_0501,2024-08-22 16:13:07,Traffic was terrible near the market today.,,LOCATION_0246,0.81,SOCIAL_MEDIA_MONITORING
SOC_000644,PERSON_0166,ConnectHub,user_person_0166,2025-12-26 11:07:37,"Great weekend with family, back to work tomorrow.",,LOCATION_0166,0.66,SOCIAL_MEDIA_MONITORING
SOC_000645,PERSON_1130,ConnectHub,user_person_1130,2025-04-02 06:45:27,Happy to share we completed the delivery on time.,,LOCATION_0189,0.64,SOCIAL_MEDIA_MONITORING
SOC_000646,PERSON_0727,PicWall,user_person_0727,2026-04-09 10:38:11,Weather has been unusually warm this month.,,LOCATION_0074,0.46,SOCIAL_MEDIA_MONITORING
SOC_000647,PERSON_0888,PicWall,user_person_0888,2024-09-19 20:20:20,Happy to share we completed the delivery on time.,,LOCATION_0266,0.71,SOCIAL_MEDIA_MONITORING
SOC_000648,PERSON_0077,ConnectHub,user_person_0077,2024-07-31 00:15:26,Happy to share we completed the delivery on time.,,LOCATION_0113,0.54,SOCIAL_MEDIA_MONITORING
SOC_000649,PERSON_1329,ChirpNet,user_person_1329,2024-04-07 22:52:53,Happy to share we completed the delivery on time.,,LOCATION_0099,0.54,SOCIAL_MEDIA_MONITORING
SOC_000650,PERSON_1084,ConnectHub,user_person_1084,2025-10-13 16:26:16,"Great weekend with family, back to work tomorrow.",,LOCATION_0183,0.66,SOCIAL_MEDIA_MONITORING
SOC_000651,PERSON_0638,ConnectHub,user_person_0638,2026-01-25 12:32:10,Weather has been unusually warm this month.,,LOCATION_0294,0.47,SOCIAL_MEDIA_MONITORING
SOC_000652,PERSON_1167,PicWall,user_person_1167,2024-10-27 09:37:38,Traffic was terrible near the market today.,,LOCATION_0012,0.43,SOCIAL_MEDIA_MONITORING
SOC_000653,PERSON_0865,ConnectHub,user_person_0865,2025-06-25 22:54:14,Happy to share we completed the delivery on time.,,LOCATION_0047,0.57,SOCIAL_MEDIA_MONITORING
SOC_000654,PERSON_0634,SnapCircle,user_person_0634,2026-05-11 21:30:18,"Great weekend with family, back to work tomorrow.",,LOCATION_0049,0.51,SOCIAL_MEDIA_MONITORING
SOC_000655,PERSON_1335,ConnectHub,user_person_1335,2024-06-20 05:15:43,Happy to share we completed the delivery on time.,,LOCATION_0210,0.55,SOCIAL_MEDIA_MONITORING
SOC_000656,PERSON_1366,ChirpNet,user_person_1366,2024-02-19 22:35:03,"Great weekend with family, back to work tomorrow.",,LOCATION_0096,0.52,SOCIAL_MEDIA_MONITORING
SOC_000657,PERSON_1038,PicWall,user_person_1038,2025-01-29 17:16:12,"New shop opening next week, everyone welcome.",,LOCATION_0102,0.57,SOCIAL_MEDIA_MONITORING
SOC_000658,PERSON_0982,TalkStream,user_person_0982,2024-07-14 01:34:47,"Everything is set for the evening, see you there.",,LOCATION_0224,0.44,SOCIAL_MEDIA_MONITORING
SOC_000659,PERSON_1305,PicWall,user_person_1305,2025-06-29 21:18:21,"Package ready, will hand it over as discussed.",,LOCATION_0268,0.6,SOCIAL_MEDIA_MONITORING
SOC_000660,PERSON_1462,ConnectHub,user_person_1462,2025-05-17 08:35:20,"New shop opening next week, everyone welcome.",,LOCATION_0246,0.57,SOCIAL_MEDIA_MONITORING
SOC_000661,PERSON_1257,ConnectHub,user_person_1257,2025-10-15 01:52:47,"Great weekend with family, back to work tomorrow.",,LOCATION_0090,0.55,SOCIAL_MEDIA_MONITORING
SOC_000662,PERSON_1373,ConnectHub,user_person_1373,2025-04-29 13:58:26,"New shop opening next week, everyone welcome.",,LOCATION_0282,0.44,SOCIAL_MEDIA_MONITORING
SOC_000663,PERSON_0453,PicWall,user_person_0453,2024-07-29 17:09:15,"Great weekend with family, back to work tomorrow.",,LOCATION_0096,0.62,SOCIAL_MEDIA_MONITORING
SOC_000664,PERSON_0412,PicWall,user_person_0412,2026-04-28 14:49:35,Happy to share we completed the delivery on time.,,LOCATION_0085,0.62,SOCIAL_MEDIA_MONITORING
SOC_000665,PERSON_0441,TalkStream,user_person_0441,2024-12-28 18:05:34,"New shop opening next week, everyone welcome.",,LOCATION_0152,0.48,SOCIAL_MEDIA_MONITORING
SOC_000666,PERSON_0235,ChirpNet,user_person_0235,2025-02-10 15:41:52,"New shop opening next week, everyone welcome.",,LOCATION_0216,0.79,SOCIAL_MEDIA_MONITORING
SOC_000667,PERSON_0771,ConnectHub,user_person_0771,2024-03-04 12:54:31,"Great weekend with family, back to work tomorrow.",,LOCATION_0201,0.42,SOCIAL_MEDIA_MONITORING
SOC_000668,PERSON_0961,PicWall,user_person_0961,2024-08-02 19:55:41,Weather has been unusually warm this month.,,LOCATION_0097,0.75,SOCIAL_MEDIA_MONITORING
SOC_000669,PERSON_0958,SnapCircle,user_person_0958,2024-03-06 03:18:00,"New shop opening next week, everyone welcome.",,LOCATION_0270,0.53,SOCIAL_MEDIA_MONITORING
SOC_000670,PERSON_0156,ChirpNet,user_person_0156,2025-10-16 08:15:06,"Great weekend with family, back to work tomorrow.",,LOCATION_0181,0.74,SOCIAL_MEDIA_MONITORING
SOC_000671,PERSON_1023,ChirpNet,user_person_1023,2025-05-03 23:49:21,Traffic was terrible near the market today.,,LOCATION_0264,0.68,SOCIAL_MEDIA_MONITORING
SOC_000672,PERSON_1098,SnapCircle,user_person_1098,2026-04-30 22:08:43,Keep this between us for now.,,LOCATION_0201,0.44,SOCIAL_MEDIA_MONITORING
SOC_000673,PERSON_0861,ConnectHub,user_person_0861,2024-03-17 02:18:17,"Package ready, will hand it over as discussed.",,LOCATION_0217,0.58,SOCIAL_MEDIA_MONITORING
SOC_000674,PERSON_0499,TalkStream,user_person_0499,2026-05-21 19:24:37,"Everything is set for the evening, see you there.",PERSON_0031,LOCATION_0100,0.72,SOCIAL_MEDIA_MONITORING
SOC_000675,PERSON_0833,ConnectHub,user_person_0833,2025-09-02 09:50:28,Happy to share we completed the delivery on time.,,LOCATION_0113,0.47,SOCIAL_MEDIA_MONITORING
SOC_000676,PERSON_1018,SnapCircle,user_person_1018,2024-12-02 23:26:03,Traffic was terrible near the market today.,,LOCATION_0061,0.73,SOCIAL_MEDIA_MONITORING
SOC_000677,PERSON_1316,SnapCircle,user_person_1316,2024-08-11 15:05:58,"Great weekend with family, back to work tomorrow.",,LOCATION_0133,0.76,SOCIAL_MEDIA_MONITORING
SOC_000678,PERSON_1153,ConnectHub,user_person_1153,2024-02-05 23:06:00,Weather has been unusually warm this month.,,LOCATION_0288,0.82,SOCIAL_MEDIA_MONITORING
SOC_000679,PERSON_1414,SnapCircle,user_person_1414,2025-07-17 12:21:21,Traffic was terrible near the market today.,,LOCATION_0278,0.72,SOCIAL_MEDIA_MONITORING
SOC_000680,PERSON_1450,ConnectHub,user_person_1450,2024-10-11 16:42:16,"Everything is set for the evening, see you there.",PERSON_0711,LOCATION_0288,0.64,SOCIAL_MEDIA_MONITORING
SOC_000681,PERSON_0353,ChirpNet,user_person_0353,2026-04-12 18:29:06,Traffic was terrible near the market today.,,LOCATION_0238,0.7,SOCIAL_MEDIA_MONITORING
SOC_000682,PERSON_0214,TalkStream,user_person_0214,2024-07-27 14:12:27,"Great weekend with family, back to work tomorrow.",,LOCATION_0193,0.85,SOCIAL_MEDIA_MONITORING
SOC_000683,PERSON_0337,PicWall,user_person_0337,2024-08-25 02:08:02,Happy to share we completed the delivery on time.,,LOCATION_0057,0.79,SOCIAL_MEDIA_MONITORING
SOC_000684,PERSON_0687,TalkStream,user_person_0687,2025-01-24 16:29:38,"Great weekend with family, back to work tomorrow.",,LOCATION_0173,0.54,SOCIAL_MEDIA_MONITORING
SOC_000685,PERSON_0604,SnapCircle,user_person_0604,2025-06-21 17:42:27,Happy to share we completed the delivery on time.,,LOCATION_0051,0.81,SOCIAL_MEDIA_MONITORING
SOC_000686,PERSON_0680,PicWall,user_person_0680,2026-04-12 16:49:21,"Great weekend with family, back to work tomorrow.",,LOCATION_0160,0.49,SOCIAL_MEDIA_MONITORING
SOC_000687,PERSON_1354,ConnectHub,user_person_1354,2025-11-28 18:08:51,"Great weekend with family, back to work tomorrow.",,LOCATION_0247,0.51,SOCIAL_MEDIA_MONITORING
SOC_000688,PERSON_0881,ConnectHub,user_person_0881,2025-11-24 14:16:38,Weather has been unusually warm this month.,,LOCATION_0280,0.56,SOCIAL_MEDIA_MONITORING
SOC_000689,PERSON_0543,SnapCircle,user_person_0543,2025-12-31 17:46:32,Traffic was terrible near the market today.,,LOCATION_0120,0.57,SOCIAL_MEDIA_MONITORING
SOC_000690,PERSON_0796,ChirpNet,user_person_0796,2025-08-10 13:01:27,"Great weekend with family, back to work tomorrow.",,LOCATION_0222,0.63,SOCIAL_MEDIA_MONITORING
SOC_000691,PERSON_1067,TalkStream,user_person_1067,2024-04-19 00:45:19,Keep this between us for now.,PERSON_1076,LOCATION_0106,0.59,SOCIAL_MEDIA_MONITORING
SOC_000692,PERSON_1349,TalkStream,user_person_1349,2025-09-16 00:25:09,Happy to share we completed the delivery on time.,,LOCATION_0025,0.82,SOCIAL_MEDIA_MONITORING
SOC_000693,PERSON_1487,ChirpNet,user_person_1487,2025-12-23 17:55:59,Weather has been unusually warm this month.,,LOCATION_0085,0.52,SOCIAL_MEDIA_MONITORING
SOC_000694,PERSON_1078,ConnectHub,user_person_1078,2025-10-02 07:50:23,Weather has been unusually warm this month.,,LOCATION_0038,0.56,SOCIAL_MEDIA_MONITORING
SOC_000695,PERSON_0411,PicWall,user_person_0411,2025-09-13 21:47:56,"New shop opening next week, everyone welcome.",,LOCATION_0190,0.52,SOCIAL_MEDIA_MONITORING
SOC_000696,PERSON_0977,ConnectHub,user_person_0977,2026-02-13 19:34:42,"Everything is set for the evening, see you there.",,LOCATION_0180,0.77,SOCIAL_MEDIA_MONITORING
SOC_000697,PERSON_0077,PicWall,user_person_0077,2025-01-09 14:21:26,Happy to share we completed the delivery on time.,,LOCATION_0263,0.53,SOCIAL_MEDIA_MONITORING
SOC_000698,PERSON_0960,PicWall,user_person_0960,2024-02-04 16:15:23,Keep this between us for now.,,LOCATION_0222,0.54,SOCIAL_MEDIA_MONITORING
SOC_000699,PERSON_0009,PicWall,user_person_0009,2024-06-07 03:14:04,"New shop opening next week, everyone welcome.",,LOCATION_0090,0.75,SOCIAL_MEDIA_MONITORING
SOC_000700,PERSON_0695,SnapCircle,user_person_0695,2025-12-15 15:49:49,Traffic was terrible near the market today.,,LOCATION_0098,0.72,SOCIAL_MEDIA_MONITORING
SOC_000701,PERSON_0606,ChirpNet,user_person_0606,2024-04-09 23:03:44,Happy to share we completed the delivery on time.,,LOCATION_0158,0.8,SOCIAL_MEDIA_MONITORING
SOC_000702,PERSON_0774,ConnectHub,user_person_0774,2024-08-09 16:52:23,Weather has been unusually warm this month.,,LOCATION_0069,0.43,SOCIAL_MEDIA_MONITORING
SOC_000703,PERSON_0186,ConnectHub,user_person_0186,2026-06-29 08:13:21,"Great weekend with family, back to work tomorrow.",,LOCATION_0264,0.58,SOCIAL_MEDIA_MONITORING
SOC_000704,PERSON_0725,TalkStream,user_person_0725,2024-07-28 04:18:58,Weather has been unusually warm this month.,,LOCATION_0215,0.84,SOCIAL_MEDIA_MONITORING
SOC_000705,PERSON_0164,PicWall,user_person_0164,2025-05-02 08:03:04,"Great weekend with family, back to work tomorrow.",,LOCATION_0056,0.59,SOCIAL_MEDIA_MONITORING
SOC_000706,PERSON_0839,ChirpNet,user_person_0839,2024-11-05 20:30:12,"New shop opening next week, everyone welcome.",,LOCATION_0056,0.61,SOCIAL_MEDIA_MONITORING
SOC_000707,PERSON_0562,PicWall,user_person_0562,2026-03-11 00:53:03,"Great weekend with family, back to work tomorrow.",,LOCATION_0294,0.43,SOCIAL_MEDIA_MONITORING
SOC_000708,PERSON_0421,ChirpNet,user_person_0421,2026-03-22 11:45:51,Weather has been unusually warm this month.,,LOCATION_0002,0.61,SOCIAL_MEDIA_MONITORING
SOC_000709,PERSON_1387,ChirpNet,user_person_1387,2025-09-21 08:23:39,"New shop opening next week, everyone welcome.",,LOCATION_0100,0.5,SOCIAL_MEDIA_MONITORING
SOC_000710,PERSON_0550,ConnectHub,user_person_0550,2025-09-10 18:16:09,"New shop opening next week, everyone welcome.",,LOCATION_0045,0.8,SOCIAL_MEDIA_MONITORING
SOC_000711,PERSON_0370,SnapCircle,user_person_0370,2024-03-04 02:08:34,Weather has been unusually warm this month.,,LOCATION_0107,0.71,SOCIAL_MEDIA_MONITORING
SOC_000712,PERSON_0005,TalkStream,user_person_0005,2024-08-04 12:50:09,Happy to share we completed the delivery on time.,,LOCATION_0291,0.69,SOCIAL_MEDIA_MONITORING
SOC_000713,PERSON_0298,PicWall,user_person_0298,2024-08-22 20:26:05,Weather has been unusually warm this month.,,LOCATION_0006,0.67,SOCIAL_MEDIA_MONITORING
SOC_000714,PERSON_1330,SnapCircle,user_person_1330,2025-11-25 12:23:27,"New shop opening next week, everyone welcome.",,LOCATION_0074,0.7,SOCIAL_MEDIA_MONITORING
SOC_000715,PERSON_0591,ChirpNet,user_person_0591,2026-06-21 01:44:37,Traffic was terrible near the market today.,,LOCATION_0168,0.47,SOCIAL_MEDIA_MONITORING
SOC_000716,PERSON_0603,PicWall,user_person_0603,2024-08-03 05:17:12,"New shop opening next week, everyone welcome.",,LOCATION_0107,0.64,SOCIAL_MEDIA_MONITORING
SOC_000717,PERSON_1161,ConnectHub,user_person_1161,2025-12-08 01:22:07,Traffic was terrible near the market today.,,LOCATION_0250,0.67,SOCIAL_MEDIA_MONITORING
SOC_000718,PERSON_1068,PicWall,user_person_1068,2024-11-29 09:05:09,Weather has been unusually warm this month.,,LOCATION_0061,0.62,SOCIAL_MEDIA_MONITORING
SOC_000719,PERSON_0694,TalkStream,user_person_0694,2024-11-18 15:08:49,"Everything is set for the evening, see you there.",,LOCATION_0143,0.42,SOCIAL_MEDIA_MONITORING
SOC_000720,PERSON_0212,TalkStream,user_person_0212,2024-08-20 11:12:47,Keep this between us for now.,,LOCATION_0137,0.46,SOCIAL_MEDIA_MONITORING
SOC_000721,PERSON_1480,SnapCircle,user_person_1480,2025-04-22 04:20:41,Meeting postponed. Same place tomorrow.,,LOCATION_0147,0.67,SOCIAL_MEDIA_MONITORING
SOC_000722,PERSON_0914,TalkStream,user_person_0914,2025-03-24 01:44:50,Traffic was terrible near the market today.,,LOCATION_0127,0.57,SOCIAL_MEDIA_MONITORING
SOC_000723,PERSON_0630,PicWall,user_person_0630,2025-01-01 09:43:46,Happy to share we completed the delivery on time.,,LOCATION_0017,0.5,SOCIAL_MEDIA_MONITORING
SOC_000724,PERSON_0073,PicWall,user_person_0073,2025-07-23 10:35:36,Traffic was terrible near the market today.,,LOCATION_0015,0.61,SOCIAL_MEDIA_MONITORING
SOC_000725,PERSON_0074,ChirpNet,user_person_0074,2024-06-07 18:57:41,Happy to share we completed the delivery on time.,,LOCATION_0172,0.78,SOCIAL_MEDIA_MONITORING
SOC_000726,PERSON_0811,SnapCircle,user_person_0811,2024-05-10 22:23:26,"Plan is confirmed, let's proceed as talked about.",PERSON_0727,LOCATION_0071,0.57,SOCIAL_MEDIA_MONITORING
SOC_000727,PERSON_0402,TalkStream,user_person_0402,2024-02-07 06:48:44,"Great weekend with family, back to work tomorrow.",,LOCATION_0062,0.8,SOCIAL_MEDIA_MONITORING
SOC_000728,PERSON_0933,PicWall,user_person_0933,2024-09-25 04:33:44,"Great weekend with family, back to work tomorrow.",,LOCATION_0210,0.64,SOCIAL_MEDIA_MONITORING
SOC_000729,PERSON_1355,ConnectHub,user_person_1355,2024-09-27 11:18:50,"New shop opening next week, everyone welcome.",,LOCATION_0223,0.76,SOCIAL_MEDIA_MONITORING
SOC_000730,PERSON_1234,TalkStream,user_person_1234,2024-05-31 06:19:00,"Great weekend with family, back to work tomorrow.",,LOCATION_0119,0.42,SOCIAL_MEDIA_MONITORING
SOC_000731,PERSON_1322,ConnectHub,user_person_1322,2024-05-08 16:16:43,Traffic was terrible near the market today.,,LOCATION_0269,0.72,SOCIAL_MEDIA_MONITORING
SOC_000732,PERSON_1226,SnapCircle,user_person_1226,2026-02-20 05:27:30,Happy to share we completed the delivery on time.,,LOCATION_0020,0.42,SOCIAL_MEDIA_MONITORING
SOC_000733,PERSON_0625,SnapCircle,user_person_0625,2025-09-11 01:03:50,Happy to share we completed the delivery on time.,,LOCATION_0153,0.74,SOCIAL_MEDIA_MONITORING
SOC_000734,PERSON_1371,PicWall,user_person_1371,2025-09-06 12:26:33,Weather has been unusually warm this month.,,LOCATION_0116,0.41,SOCIAL_MEDIA_MONITORING
SOC_000735,PERSON_0359,TalkStream,user_person_0359,2025-08-08 02:33:26,Happy to share we completed the delivery on time.,,LOCATION_0006,0.6,SOCIAL_MEDIA_MONITORING
SOC_000736,PERSON_0666,ChirpNet,user_person_0666,2026-01-06 09:09:32,Traffic was terrible near the market today.,,LOCATION_0247,0.84,SOCIAL_MEDIA_MONITORING
SOC_000737,PERSON_0744,SnapCircle,user_person_0744,2026-01-04 21:54:35,Traffic was terrible near the market today.,,LOCATION_0025,0.81,SOCIAL_MEDIA_MONITORING
SOC_000738,PERSON_1247,ConnectHub,user_person_1247,2024-04-08 22:17:23,Traffic was terrible near the market today.,,LOCATION_0267,0.67,SOCIAL_MEDIA_MONITORING
SOC_000739,PERSON_0596,ConnectHub,user_person_0596,2025-12-11 15:53:38,"Plan is confirmed, let's proceed as talked about.",,LOCATION_0201,0.74,SOCIAL_MEDIA_MONITORING
SOC_000740,PERSON_0666,ConnectHub,user_person_0666,2026-03-02 12:35:49,Weather has been unusually warm this month.,,LOCATION_0077,0.58,SOCIAL_MEDIA_MONITORING
SOC_000741,PERSON_0385,ChirpNet,user_person_0385,2024-10-16 21:53:04,Weather has been unusually warm this month.,,LOCATION_0193,0.62,SOCIAL_MEDIA_MONITORING
SOC_000742,PERSON_0616,TalkStream,user_person_0616,2026-06-29 23:36:03,Traffic was terrible near the market today.,,LOCATION_0069,0.82,SOCIAL_MEDIA_MONITORING
SOC_000743,PERSON_0428,SnapCircle,user_person_0428,2025-09-07 11:43:57,Traffic was terrible near the market today.,,LOCATION_0038,0.82,SOCIAL_MEDIA_MONITORING
SOC_000744,PERSON_0527,TalkStream,user_person_0527,2024-02-19 23:08:19,Traffic was terrible near the market today.,,LOCATION_0075,0.56,SOCIAL_MEDIA_MONITORING
SOC_000745,PERSON_0292,ChirpNet,user_person_0292,2025-02-15 20:48:04,"Package ready, will hand it over as discussed.",,LOCATION_0101,0.74,SOCIAL_MEDIA_MONITORING
SOC_000746,PERSON_1495,TalkStream,user_person_1495,2025-04-25 12:53:48,Weather has been unusually warm this month.,,LOCATION_0024,0.77,SOCIAL_MEDIA_MONITORING
SOC_000747,PERSON_0182,TalkStream,user_person_0182,2024-09-15 21:39:28,"Great weekend with family, back to work tomorrow.",,LOCATION_0249,0.82,SOCIAL_MEDIA_MONITORING
SOC_000748,PERSON_0158,ConnectHub,user_person_0158,2024-07-15 17:47:31,"New shop opening next week, everyone welcome.",,LOCATION_0248,0.65,SOCIAL_MEDIA_MONITORING
SOC_000749,PERSON_0633,ConnectHub,user_person_0633,2026-06-16 19:00:35,Traffic was terrible near the market today.,,LOCATION_0106,0.47,SOCIAL_MEDIA_MONITORING
SOC_000750,PERSON_1026,SnapCircle,user_person_1026,2025-07-12 03:52:25,"Package ready, will hand it over as discussed.",PERSON_0715,LOCATION_0227,0.43,SOCIAL_MEDIA_MONITORING
SOC_000751,PERSON_0014,ConnectHub,user_person_0014,2025-04-29 16:07:55,Traffic was terrible near the market today.,,LOCATION_0247,0.72,SOCIAL_MEDIA_MONITORING
SOC_000752,PERSON_0917,ChirpNet,user_person_0917,2024-01-27 12:09:00,Traffic was terrible near the market today.,,LOCATION_0299,0.42,SOCIAL_MEDIA_MONITORING
SOC_000753,PERSON_0406,TalkStream,user_person_0406,2025-03-16 05:54:52,Traffic was terrible near the market today.,,LOCATION_0143,0.51,SOCIAL_MEDIA_MONITORING
SOC_000754,PERSON_1193,ConnectHub,user_person_1193,2024-08-16 17:16:11,Happy to share we completed the delivery on time.,,LOCATION_0244,0.85,SOCIAL_MEDIA_MONITORING
SOC_000755,PERSON_0501,SnapCircle,user_person_0501,2024-08-23 13:56:13,Traffic was terrible near the market today.,,LOCATION_0186,0.77,SOCIAL_MEDIA_MONITORING
SOC_000756,PERSON_1417,TalkStream,user_person_1417,2025-04-28 00:26:58,"New shop opening next week, everyone welcome.",,LOCATION_0279,0.8,SOCIAL_MEDIA_MONITORING
SOC_000757,PERSON_0601,TalkStream,user_person_0601,2024-11-24 16:04:50,Traffic was terrible near the market today.,,LOCATION_0157,0.46,SOCIAL_MEDIA_MONITORING
SOC_000758,PERSON_0766,ChirpNet,user_person_0766,2025-06-25 09:06:39,"Great weekend with family, back to work tomorrow.",,LOCATION_0062,0.84,SOCIAL_MEDIA_MONITORING
SOC_000759,PERSON_0353,TalkStream,user_person_0353,2026-05-07 06:46:34,Happy to share we completed the delivery on time.,,LOCATION_0168,0.52,SOCIAL_MEDIA_MONITORING
SOC_000760,PERSON_0734,PicWall,user_person_0734,2025-06-29 10:20:26,"Great weekend with family, back to work tomorrow.",,LOCATION_0021,0.68,SOCIAL_MEDIA_MONITORING
SOC_000761,PERSON_1057,TalkStream,user_person_1057,2026-02-17 02:35:51,Traffic was terrible near the market today.,,LOCATION_0070,0.62,SOCIAL_MEDIA_MONITORING
SOC_000762,PERSON_0156,ConnectHub,user_person_0156,2026-02-26 17:30:01,Happy to share we completed the delivery on time.,,LOCATION_0271,0.71,SOCIAL_MEDIA_MONITORING
SOC_000763,PERSON_0942,TalkStream,user_person_0942,2026-02-03 07:33:33,Traffic was terrible near the market today.,,LOCATION_0093,0.6,SOCIAL_MEDIA_MONITORING
SOC_000764,PERSON_0997,TalkStream,user_person_0997,2026-05-07 21:11:28,"New shop opening next week, everyone welcome.",,LOCATION_0134,0.7,SOCIAL_MEDIA_MONITORING
SOC_000765,PERSON_0521,PicWall,user_person_0521,2025-10-27 12:10:51,Traffic was terrible near the market today.,,LOCATION_0172,0.63,SOCIAL_MEDIA_MONITORING
SOC_000766,PERSON_1174,ConnectHub,user_person_1174,2024-09-08 19:22:37,"Great weekend with family, back to work tomorrow.",,LOCATION_0142,0.63,SOCIAL_MEDIA_MONITORING
SOC_000767,PERSON_0554,ConnectHub,user_person_0554,2024-02-06 23:15:04,Meeting postponed. Same place tomorrow.,,LOCATION_0086,0.58,SOCIAL_MEDIA_MONITORING
SOC_000768,PERSON_0160,ConnectHub,user_person_0160,2024-02-04 00:53:46,"Great weekend with family, back to work tomorrow.",,LOCATION_0103,0.49,SOCIAL_MEDIA_MONITORING
SOC_000769,PERSON_0642,PicWall,user_person_0642,2025-08-11 18:51:14,Traffic was terrible near the market today.,,LOCATION_0265,0.55,SOCIAL_MEDIA_MONITORING
SOC_000770,PERSON_0448,SnapCircle,user_person_0448,2024-02-02 09:44:01,Happy to share we completed the delivery on time.,,LOCATION_0143,0.7,SOCIAL_MEDIA_MONITORING
SOC_000771,PERSON_0665,ConnectHub,user_person_0665,2026-01-27 05:39:08,Traffic was terrible near the market today.,,LOCATION_0089,0.69,SOCIAL_MEDIA_MONITORING
SOC_000772,PERSON_0781,ConnectHub,user_person_0781,2025-12-01 03:30:31,"Plan is confirmed, let's proceed as talked about.",PERSON_1111,LOCATION_0251,0.8,SOCIAL_MEDIA_MONITORING
SOC_000773,PERSON_0601,PicWall,user_person_0601,2024-04-15 01:44:43,"New shop opening next week, everyone welcome.",,LOCATION_0087,0.78,SOCIAL_MEDIA_MONITORING
SOC_000774,PERSON_1236,PicWall,user_person_1236,2025-02-09 08:34:55,Happy to share we completed the delivery on time.,,LOCATION_0128,0.64,SOCIAL_MEDIA_MONITORING
SOC_000775,PERSON_0338,TalkStream,user_person_0338,2025-03-22 12:01:21,Weather has been unusually warm this month.,,LOCATION_0300,0.71,SOCIAL_MEDIA_MONITORING
SOC_000776,PERSON_0491,SnapCircle,user_person_0491,2025-12-27 04:04:46,Weather has been unusually warm this month.,,LOCATION_0078,0.81,SOCIAL_MEDIA_MONITORING
SOC_000777,PERSON_0097,TalkStream,user_person_0097,2025-08-17 04:43:34,"Great weekend with family, back to work tomorrow.",,LOCATION_0284,0.65,SOCIAL_MEDIA_MONITORING
SOC_000778,PERSON_1403,SnapCircle,user_person_1403,2025-05-03 16:44:53,"Great weekend with family, back to work tomorrow.",,LOCATION_0124,0.65,SOCIAL_MEDIA_MONITORING
SOC_000779,PERSON_0415,PicWall,user_person_0415,2024-11-05 13:22:18,Keep this between us for now.,,LOCATION_0169,0.65,SOCIAL_MEDIA_MONITORING
SOC_000780,PERSON_0711,PicWall,user_person_0711,2024-04-28 05:27:21,"Package ready, will hand it over as discussed.",,LOCATION_0160,0.71,SOCIAL_MEDIA_MONITORING
SOC_000781,PERSON_1245,ConnectHub,user_person_1245,2024-10-12 10:32:28,"Package ready, will hand it over as discussed.",,LOCATION_0179,0.55,SOCIAL_MEDIA_MONITORING
SOC_000782,PERSON_0758,ConnectHub,user_person_0758,2024-02-21 10:41:20,Keep this between us for now.,,LOCATION_0025,0.63,SOCIAL_MEDIA_MONITORING
SOC_000783,PERSON_0708,ConnectHub,user_person_0708,2025-03-07 12:51:46,"Great weekend with family, back to work tomorrow.",,LOCATION_0069,0.74,SOCIAL_MEDIA_MONITORING
SOC_000784,PERSON_0578,SnapCircle,user_person_0578,2025-06-23 11:07:18,Weather has been unusually warm this month.,,LOCATION_0245,0.77,SOCIAL_MEDIA_MONITORING
SOC_000785,PERSON_0040,ConnectHub,user_person_0040,2025-03-19 06:52:17,Happy to share we completed the delivery on time.,,LOCATION_0174,0.46,SOCIAL_MEDIA_MONITORING
SOC_000786,PERSON_0121,SnapCircle,user_person_0121,2026-06-02 02:45:06,"Great weekend with family, back to work tomorrow.",,LOCATION_0127,0.52,SOCIAL_MEDIA_MONITORING
SOC_000787,PERSON_0687,TalkStream,user_person_0687,2025-09-07 10:14:32,Traffic was terrible near the market today.,,LOCATION_0243,0.82,SOCIAL_MEDIA_MONITORING
SOC_000788,PERSON_0853,PicWall,user_person_0853,2026-04-30 03:14:38,Traffic was terrible near the market today.,,LOCATION_0258,0.45,SOCIAL_MEDIA_MONITORING
SOC_000789,PERSON_1418,SnapCircle,user_person_1418,2026-06-21 12:01:52,"New shop opening next week, everyone welcome.",,LOCATION_0159,0.71,SOCIAL_MEDIA_MONITORING
SOC_000790,PERSON_1434,ChirpNet,user_person_1434,2024-06-11 10:34:03,"Great weekend with family, back to work tomorrow.",,LOCATION_0282,0.43,SOCIAL_MEDIA_MONITORING
SOC_000791,PERSON_0131,SnapCircle,user_person_0131,2024-12-17 12:06:12,"New shop opening next week, everyone welcome.",,LOCATION_0295,0.57,SOCIAL_MEDIA_MONITORING
SOC_000792,PERSON_1227,SnapCircle,user_person_1227,2025-09-11 14:34:08,Happy to share we completed the delivery on time.,,LOCATION_0036,0.44,SOCIAL_MEDIA_MONITORING
SOC_000793,PERSON_0165,ChirpNet,user_person_0165,2024-03-10 19:01:05,Happy to share we completed the delivery on time.,,LOCATION_0202,0.63,SOCIAL_MEDIA_MONITORING
SOC_000794,PERSON_1394,ChirpNet,user_person_1394,2025-09-17 10:24:03,Happy to share we completed the delivery on time.,,LOCATION_0219,0.65,SOCIAL_MEDIA_MONITORING
SOC_000795,PERSON_0546,TalkStream,user_person_0546,2026-03-08 15:04:18,Meeting postponed. Same place tomorrow.,,LOCATION_0065,0.78,SOCIAL_MEDIA_MONITORING
SOC_000796,PERSON_0399,ConnectHub,user_person_0399,2026-05-07 00:23:18,Weather has been unusually warm this month.,,LOCATION_0161,0.78,SOCIAL_MEDIA_MONITORING
SOC_000797,PERSON_1037,TalkStream,user_person_1037,2026-02-03 14:59:35,"New shop opening next week, everyone welcome.",,LOCATION_0212,0.53,SOCIAL_MEDIA_MONITORING
SOC_000798,PERSON_0962,SnapCircle,user_person_0962,2026-05-08 16:23:41,"New shop opening next week, everyone welcome.",,LOCATION_0163,0.46,SOCIAL_MEDIA_MONITORING
SOC_000799,PERSON_1185,SnapCircle,user_person_1185,2025-02-11 12:40:21,"New shop opening next week, everyone welcome.",,LOCATION_0151,0.8,SOCIAL_MEDIA_MONITORING
SOC_000800,PERSON_0599,ConnectHub,user_person_0599,2024-12-31 12:48:14,Happy to share we completed the delivery on time.,,LOCATION_0038,0.69,SOCIAL_MEDIA_MONITORING
SOC_000801,PERSON_0167,SnapCircle,user_person_0167,2025-12-25 11:02:57,Traffic was terrible near the market today.,,LOCATION_0291,0.52,SOCIAL_MEDIA_MONITORING
SOC_000802,PERSON_0437,ChirpNet,user_person_0437,2026-04-15 15:18:00,"New shop opening next week, everyone welcome.",,LOCATION_0291,0.47,SOCIAL_MEDIA_MONITORING
SOC_000803,PERSON_0663,SnapCircle,user_person_0663,2024-12-24 12:32:43,"New shop opening next week, everyone welcome.",,LOCATION_0126,0.49,SOCIAL_MEDIA_MONITORING
SOC_000804,PERSON_1011,PicWall,user_person_1011,2025-01-18 05:18:10,"Great weekend with family, back to work tomorrow.",,LOCATION_0168,0.41,SOCIAL_MEDIA_MONITORING
SOC_000805,PERSON_0716,PicWall,user_person_0716,2025-05-30 18:32:01,Weather has been unusually warm this month.,,LOCATION_0266,0.61,SOCIAL_MEDIA_MONITORING
SOC_000806,PERSON_1164,PicWall,user_person_1164,2025-09-03 11:14:57,Weather has been unusually warm this month.,,LOCATION_0109,0.51,SOCIAL_MEDIA_MONITORING
SOC_000807,PERSON_0745,TalkStream,user_person_0745,2024-09-08 17:13:40,"Great weekend with family, back to work tomorrow.",,LOCATION_0123,0.6,SOCIAL_MEDIA_MONITORING
SOC_000808,PERSON_1418,TalkStream,user_person_1418,2025-10-20 10:00:56,"Great weekend with family, back to work tomorrow.",,LOCATION_0119,0.52,SOCIAL_MEDIA_MONITORING
SOC_000809,PERSON_1048,PicWall,user_person_1048,2026-02-17 09:35:48,Traffic was terrible near the market today.,,LOCATION_0034,0.76,SOCIAL_MEDIA_MONITORING
SOC_000810,PERSON_0419,PicWall,user_person_0419,2024-01-03 12:02:36,Happy to share we completed the delivery on time.,,LOCATION_0234,0.83,SOCIAL_MEDIA_MONITORING
SOC_000811,PERSON_0181,PicWall,user_person_0181,2025-09-25 12:32:11,Weather has been unusually warm this month.,,LOCATION_0060,0.75,SOCIAL_MEDIA_MONITORING
SOC_000812,PERSON_1436,TalkStream,user_person_1436,2024-03-26 16:54:01,Keep this between us for now.,,LOCATION_0133,0.65,SOCIAL_MEDIA_MONITORING
SOC_000813,PERSON_0946,SnapCircle,user_person_0946,2024-11-03 14:16:23,"Great weekend with family, back to work tomorrow.",,LOCATION_0187,0.62,SOCIAL_MEDIA_MONITORING
SOC_000814,PERSON_0118,TalkStream,user_person_0118,2025-05-08 02:38:41,Weather has been unusually warm this month.,,LOCATION_0031,0.76,SOCIAL_MEDIA_MONITORING
SOC_000815,PERSON_0786,ChirpNet,user_person_0786,2026-02-26 12:23:29,Happy to share we completed the delivery on time.,,LOCATION_0286,0.84,SOCIAL_MEDIA_MONITORING
SOC_000816,PERSON_1177,ChirpNet,user_person_1177,2024-05-20 17:49:05,Traffic was terrible near the market today.,,LOCATION_0272,0.44,SOCIAL_MEDIA_MONITORING
SOC_000817,PERSON_0225,ConnectHub,user_person_0225,2026-03-29 02:31:01,"Great weekend with family, back to work tomorrow.",,LOCATION_0130,0.63,SOCIAL_MEDIA_MONITORING
SOC_000818,PERSON_0588,SnapCircle,user_person_0588,2024-04-11 06:52:45,"New shop opening next week, everyone welcome.",,LOCATION_0072,0.56,SOCIAL_MEDIA_MONITORING
SOC_000819,PERSON_0756,ChirpNet,user_person_0756,2025-11-30 02:44:58,"Package ready, will hand it over as discussed.",,LOCATION_0141,0.71,SOCIAL_MEDIA_MONITORING
SOC_000820,PERSON_0482,ConnectHub,user_person_0482,2024-03-19 10:36:54,Keep this between us for now.,,LOCATION_0031,0.79,SOCIAL_MEDIA_MONITORING
SOC_000821,PERSON_0336,PicWall,user_person_0336,2025-04-04 21:50:32,Traffic was terrible near the market today.,,LOCATION_0145,0.61,SOCIAL_MEDIA_MONITORING
SOC_000822,PERSON_0659,ChirpNet,user_person_0659,2025-02-27 03:00:03,Weather has been unusually warm this month.,,LOCATION_0067,0.69,SOCIAL_MEDIA_MONITORING
SOC_000823,PERSON_1142,SnapCircle,user_person_1142,2026-01-01 02:31:32,Happy to share we completed the delivery on time.,,LOCATION_0174,0.54,SOCIAL_MEDIA_MONITORING
SOC_000824,PERSON_1048,SnapCircle,user_person_1048,2025-02-28 13:35:40,Happy to share we completed the delivery on time.,,LOCATION_0274,0.4,SOCIAL_MEDIA_MONITORING
SOC_000825,PERSON_0033,PicWall,user_person_0033,2025-05-25 07:35:16,Keep this between us for now.,,LOCATION_0166,0.67,SOCIAL_MEDIA_MONITORING
SOC_000826,PERSON_1134,ConnectHub,user_person_1134,2026-02-20 11:02:27,Weather has been unusually warm this month.,,LOCATION_0236,0.65,SOCIAL_MEDIA_MONITORING
SOC_000827,PERSON_0818,SnapCircle,user_person_0818,2025-04-21 16:01:28,Happy to share we completed the delivery on time.,,LOCATION_0132,0.77,SOCIAL_MEDIA_MONITORING
SOC_000828,PERSON_1251,PicWall,user_person_1251,2025-06-09 01:23:03,Happy to share we completed the delivery on time.,,LOCATION_0288,0.52,SOCIAL_MEDIA_MONITORING
SOC_000829,PERSON_1096,SnapCircle,user_person_1096,2024-09-09 19:59:00,Traffic was terrible near the market today.,,LOCATION_0123,0.78,SOCIAL_MEDIA_MONITORING
SOC_000830,PERSON_0007,ChirpNet,user_person_0007,2025-01-16 16:41:29,Weather has been unusually warm this month.,,LOCATION_0173,0.53,SOCIAL_MEDIA_MONITORING
SOC_000831,PERSON_1161,ConnectHub,user_person_1161,2026-02-25 04:23:44,"New shop opening next week, everyone welcome.",,LOCATION_0300,0.55,SOCIAL_MEDIA_MONITORING
SOC_000832,PERSON_1231,PicWall,user_person_1231,2024-12-29 17:36:07,"Great weekend with family, back to work tomorrow.",,LOCATION_0158,0.59,SOCIAL_MEDIA_MONITORING
SOC_000833,PERSON_0488,ChirpNet,user_person_0488,2024-08-03 15:58:30,Happy to share we completed the delivery on time.,,LOCATION_0015,0.72,SOCIAL_MEDIA_MONITORING
SOC_000834,PERSON_0219,ChirpNet,user_person_0219,2024-08-07 04:18:00,Happy to share we completed the delivery on time.,,LOCATION_0038,0.6,SOCIAL_MEDIA_MONITORING
SOC_000835,PERSON_0337,TalkStream,user_person_0337,2024-07-24 18:12:53,"Great weekend with family, back to work tomorrow.",,LOCATION_0127,0.66,SOCIAL_MEDIA_MONITORING
SOC_000836,PERSON_0849,PicWall,user_person_0849,2025-11-25 04:54:08,"Great weekend with family, back to work tomorrow.",,LOCATION_0257,0.67,SOCIAL_MEDIA_MONITORING
SOC_000837,PERSON_1489,ConnectHub,user_person_1489,2024-07-28 14:22:26,Weather has been unusually warm this month.,,LOCATION_0153,0.77,SOCIAL_MEDIA_MONITORING
SOC_000838,PERSON_0768,PicWall,user_person_0768,2024-01-10 08:32:28,"Great weekend with family, back to work tomorrow.",,LOCATION_0104,0.73,SOCIAL_MEDIA_MONITORING
SOC_000839,PERSON_0330,TalkStream,user_person_0330,2025-11-27 19:48:22,Happy to share we completed the delivery on time.,,LOCATION_0213,0.46,SOCIAL_MEDIA_MONITORING
SOC_000840,PERSON_0456,TalkStream,user_person_0456,2026-03-09 12:40:24,"Great weekend with family, back to work tomorrow.",,LOCATION_0191,0.78,SOCIAL_MEDIA_MONITORING
SOC_000841,PERSON_0758,SnapCircle,user_person_0758,2025-05-31 07:59:35,Weather has been unusually warm this month.,,LOCATION_0265,0.66,SOCIAL_MEDIA_MONITORING
SOC_000842,PERSON_0196,TalkStream,user_person_0196,2025-01-31 03:47:07,Traffic was terrible near the market today.,,LOCATION_0028,0.64,SOCIAL_MEDIA_MONITORING
SOC_000843,PERSON_0907,TalkStream,user_person_0907,2024-10-08 06:04:31,"New shop opening next week, everyone welcome.",,LOCATION_0297,0.72,SOCIAL_MEDIA_MONITORING
SOC_000844,PERSON_0151,TalkStream,user_person_0151,2024-03-16 02:00:15,Traffic was terrible near the market today.,,LOCATION_0156,0.5,SOCIAL_MEDIA_MONITORING
SOC_000845,PERSON_0643,PicWall,user_person_0643,2026-01-05 12:56:53,"New shop opening next week, everyone welcome.",,LOCATION_0140,0.49,SOCIAL_MEDIA_MONITORING
SOC_000846,PERSON_0336,TalkStream,user_person_0336,2025-09-05 18:28:20,"New shop opening next week, everyone welcome.",,LOCATION_0155,0.8,SOCIAL_MEDIA_MONITORING
SOC_000847,PERSON_1106,SnapCircle,user_person_1106,2026-05-31 20:26:25,"New shop opening next week, everyone welcome.",,LOCATION_0257,0.79,SOCIAL_MEDIA_MONITORING
SOC_000848,PERSON_0021,TalkStream,user_person_0021,2025-09-22 01:33:41,Weather has been unusually warm this month.,,LOCATION_0217,0.44,SOCIAL_MEDIA_MONITORING
SOC_000849,PERSON_0923,ChirpNet,user_person_0923,2026-01-15 02:18:25,Meeting postponed. Same place tomorrow.,,LOCATION_0270,0.78,SOCIAL_MEDIA_MONITORING
SOC_000850,PERSON_0676,PicWall,user_person_0676,2025-03-12 21:51:39,"Everything is set for the evening, see you there.",PERSON_0736,LOCATION_0229,0.44,SOCIAL_MEDIA_MONITORING
SOC_000851,PERSON_0032,PicWall,user_person_0032,2024-10-18 19:06:18,Happy to share we completed the delivery on time.,,LOCATION_0233,0.43,SOCIAL_MEDIA_MONITORING
SOC_000852,PERSON_0037,ChirpNet,user_person_0037,2026-03-18 15:43:08,Weather has been unusually warm this month.,,LOCATION_0047,0.65,SOCIAL_MEDIA_MONITORING
SOC_000853,PERSON_0619,ConnectHub,user_person_0619,2025-03-13 12:18:42,Traffic was terrible near the market today.,,LOCATION_0200,0.8,SOCIAL_MEDIA_MONITORING
SOC_000854,PERSON_1387,TalkStream,user_person_1387,2025-05-26 18:11:03,Traffic was terrible near the market today.,,LOCATION_0010,0.57,SOCIAL_MEDIA_MONITORING
SOC_000855,PERSON_0233,ConnectHub,user_person_0233,2025-04-29 12:26:37,Traffic was terrible near the market today.,,LOCATION_0148,0.81,SOCIAL_MEDIA_MONITORING
SOC_000856,PERSON_1310,PicWall,user_person_1310,2025-08-07 00:35:19,Meeting postponed. Same place tomorrow.,,LOCATION_0228,0.57,SOCIAL_MEDIA_MONITORING
SOC_000857,PERSON_0315,SnapCircle,user_person_0315,2025-06-19 21:59:44,"Great weekend with family, back to work tomorrow.",,LOCATION_0190,0.62,SOCIAL_MEDIA_MONITORING
SOC_000858,PERSON_0084,SnapCircle,user_person_0084,2025-01-24 04:34:58,"Package ready, will hand it over as discussed.",PERSON_1500,LOCATION_0051,0.74,SOCIAL_MEDIA_MONITORING
SOC_000859,PERSON_1425,PicWall,user_person_1425,2026-02-09 09:00:05,Traffic was terrible near the market today.,,LOCATION_0008,0.48,SOCIAL_MEDIA_MONITORING
SOC_000860,PERSON_0195,ConnectHub,user_person_0195,2026-03-02 16:21:32,Traffic was terrible near the market today.,,LOCATION_0095,0.76,SOCIAL_MEDIA_MONITORING
SOC_000861,PERSON_0022,ChirpNet,user_person_0022,2025-07-07 04:41:18,Traffic was terrible near the market today.,,LOCATION_0093,0.64,SOCIAL_MEDIA_MONITORING
SOC_000862,PERSON_0793,ConnectHub,user_person_0793,2025-07-05 19:43:40,Keep this between us for now.,,LOCATION_0097,0.43,SOCIAL_MEDIA_MONITORING
SOC_000863,PERSON_1381,ConnectHub,user_person_1381,2024-01-05 10:30:08,"Plan is confirmed, let's proceed as talked about.",PERSON_0479,LOCATION_0229,0.45,SOCIAL_MEDIA_MONITORING
SOC_000864,PERSON_0472,ChirpNet,user_person_0472,2024-07-25 07:57:13,Weather has been unusually warm this month.,,LOCATION_0297,0.58,SOCIAL_MEDIA_MONITORING
SOC_000865,PERSON_0838,ChirpNet,user_person_0838,2024-08-21 13:47:37,"New shop opening next week, everyone welcome.",,LOCATION_0240,0.75,SOCIAL_MEDIA_MONITORING
SOC_000866,PERSON_1470,ConnectHub,user_person_1470,2024-09-16 16:10:48,"New shop opening next week, everyone welcome.",,LOCATION_0239,0.81,SOCIAL_MEDIA_MONITORING
SOC_000867,PERSON_0154,ChirpNet,user_person_0154,2025-10-18 22:02:22,Happy to share we completed the delivery on time.,,LOCATION_0199,0.73,SOCIAL_MEDIA_MONITORING
SOC_000868,PERSON_0594,TalkStream,user_person_0594,2026-04-22 20:52:20,Happy to share we completed the delivery on time.,,LOCATION_0287,0.43,SOCIAL_MEDIA_MONITORING
SOC_000869,PERSON_0467,TalkStream,user_person_0467,2024-04-02 10:06:31,Traffic was terrible near the market today.,,LOCATION_0221,0.69,SOCIAL_MEDIA_MONITORING
SOC_000870,PERSON_0613,PicWall,user_person_0613,2024-06-07 14:18:25,"New shop opening next week, everyone welcome.",,LOCATION_0241,0.49,SOCIAL_MEDIA_MONITORING
SOC_000871,PERSON_0656,TalkStream,user_person_0656,2024-05-01 19:39:15,Weather has been unusually warm this month.,,LOCATION_0256,0.73,SOCIAL_MEDIA_MONITORING
SOC_000872,PERSON_0602,PicWall,user_person_0602,2026-06-22 10:57:58,Keep this between us for now.,,LOCATION_0258,0.5,SOCIAL_MEDIA_MONITORING
SOC_000873,PERSON_0979,ConnectHub,user_person_0979,2024-07-15 09:24:34,Happy to share we completed the delivery on time.,,LOCATION_0191,0.67,SOCIAL_MEDIA_MONITORING
SOC_000874,PERSON_0757,TalkStream,user_person_0757,2024-07-19 21:01:28,Weather has been unusually warm this month.,,LOCATION_0230,0.43,SOCIAL_MEDIA_MONITORING
SOC_000875,PERSON_1262,PicWall,user_person_1262,2026-06-22 22:01:57,"New shop opening next week, everyone welcome.",,LOCATION_0179,0.62,SOCIAL_MEDIA_MONITORING
SOC_000876,PERSON_0286,ChirpNet,user_person_0286,2025-01-02 14:38:37,Traffic was terrible near the market today.,,LOCATION_0185,0.77,SOCIAL_MEDIA_MONITORING
SOC_000877,PERSON_0213,SnapCircle,user_person_0213,2024-04-06 08:04:56,Happy to share we completed the delivery on time.,,LOCATION_0070,0.58,SOCIAL_MEDIA_MONITORING
SOC_000878,PERSON_0547,TalkStream,user_person_0547,2026-05-11 23:18:28,Meeting postponed. Same place tomorrow.,PERSON_1451,LOCATION_0194,0.8,SOCIAL_MEDIA_MONITORING
SOC_000879,PERSON_0058,PicWall,user_person_0058,2024-07-15 13:55:01,"New shop opening next week, everyone welcome.",,LOCATION_0169,0.43,SOCIAL_MEDIA_MONITORING
SOC_000880,PERSON_1122,ChirpNet,user_person_1122,2024-08-09 09:34:05,Weather has been unusually warm this month.,,LOCATION_0005,0.54,SOCIAL_MEDIA_MONITORING
SOC_000881,PERSON_0061,TalkStream,user_person_0061,2025-08-10 19:41:26,"Plan is confirmed, let's proceed as talked about.",,LOCATION_0230,0.58,SOCIAL_MEDIA_MONITORING
SOC_000882,PERSON_1336,ConnectHub,user_person_1336,2025-04-28 04:52:06,"Great weekend with family, back to work tomorrow.",,LOCATION_0239,0.66,SOCIAL_MEDIA_MONITORING
SOC_000883,PERSON_0191,ChirpNet,user_person_0191,2024-11-04 11:03:18,"Plan is confirmed, let's proceed as talked about.",PERSON_0029,LOCATION_0270,0.72,SOCIAL_MEDIA_MONITORING
SOC_000884,PERSON_0059,PicWall,user_person_0059,2024-03-23 01:48:19,"Great weekend with family, back to work tomorrow.",,LOCATION_0174,0.49,SOCIAL_MEDIA_MONITORING
SOC_000885,PERSON_0339,SnapCircle,user_person_0339,2024-06-17 09:35:50,Traffic was terrible near the market today.,,LOCATION_0272,0.52,SOCIAL_MEDIA_MONITORING
SOC_000886,PERSON_1327,TalkStream,user_person_1327,2024-12-10 18:47:14,Happy to share we completed the delivery on time.,,LOCATION_0051,0.81,SOCIAL_MEDIA_MONITORING
SOC_000887,PERSON_0881,ConnectHub,user_person_0881,2026-03-17 08:29:11,"Great weekend with family, back to work tomorrow.",,LOCATION_0010,0.48,SOCIAL_MEDIA_MONITORING
SOC_000888,PERSON_0235,ChirpNet,user_person_0235,2024-05-22 15:33:48,"Great weekend with family, back to work tomorrow.",,LOCATION_0136,0.42,SOCIAL_MEDIA_MONITORING
SOC_000889,PERSON_0857,PicWall,user_person_0857,2026-05-12 16:14:41,"Great weekend with family, back to work tomorrow.",,LOCATION_0028,0.54,SOCIAL_MEDIA_MONITORING
SOC_000890,PERSON_0187,TalkStream,user_person_0187,2025-12-21 03:35:00,Weather has been unusually warm this month.,,LOCATION_0103,0.71,SOCIAL_MEDIA_MONITORING
SOC_000891,PERSON_0725,PicWall,user_person_0725,2025-02-23 20:18:49,Happy to share we completed the delivery on time.,,LOCATION_0265,0.82,SOCIAL_MEDIA_MONITORING
SOC_000892,PERSON_1170,PicWall,user_person_1170,2025-05-18 14:16:28,Traffic was terrible near the market today.,,LOCATION_0057,0.51,SOCIAL_MEDIA_MONITORING
SOC_000893,PERSON_0046,SnapCircle,user_person_0046,2024-09-23 04:09:45,Weather has been unusually warm this month.,,LOCATION_0254,0.57,SOCIAL_MEDIA_MONITORING
SOC_000894,PERSON_0410,SnapCircle,user_person_0410,2024-06-27 02:37:08,"Package ready, will hand it over as discussed.",PERSON_0966,LOCATION_0262,0.68,SOCIAL_MEDIA_MONITORING
SOC_000895,PERSON_1360,ConnectHub,user_person_1360,2025-10-12 16:37:16,"New shop opening next week, everyone welcome.",,LOCATION_0286,0.62,SOCIAL_MEDIA_MONITORING
SOC_000896,PERSON_1376,TalkStream,user_person_1376,2024-01-28 14:22:43,"Plan is confirmed, let's proceed as talked about.",,LOCATION_0085,0.58,SOCIAL_MEDIA_MONITORING
SOC_000897,PERSON_0370,TalkStream,user_person_0370,2024-08-29 00:05:44,Weather has been unusually warm this month.,,LOCATION_0297,0.8,SOCIAL_MEDIA_MONITORING
SOC_000898,PERSON_0905,ChirpNet,user_person_0905,2024-03-23 18:34:47,Weather has been unusually warm this month.,,LOCATION_0274,0.5,SOCIAL_MEDIA_MONITORING
SOC_000899,PERSON_0355,SnapCircle,user_person_0355,2026-04-10 15:04:50,Traffic was terrible near the market today.,,LOCATION_0272,0.54,SOCIAL_MEDIA_MONITORING
SOC_000900,PERSON_1051,SnapCircle,user_person_1051,2024-08-04 13:27:32,Happy to share we completed the delivery on time.,,LOCATION_0076,0.65,SOCIAL_MEDIA_MONITORING
SOC_000901,PERSON_1414,ConnectHub,user_person_1414,2026-01-20 02:06:32,Keep this between us for now.,,LOCATION_0218,0.41,SOCIAL_MEDIA_MONITORING
SOC_000902,PERSON_1312,ConnectHub,user_person_1312,2025-04-22 18:06:14,"Plan is confirmed, let's proceed as talked about.",,LOCATION_0193,0.41,SOCIAL_MEDIA_MONITORING
SOC_000903,PERSON_0968,TalkStream,user_person_0968,2026-02-07 07:09:29,"Package ready, will hand it over as discussed.",,LOCATION_0094,0.47,SOCIAL_MEDIA_MONITORING
SOC_000904,PERSON_0939,PicWall,user_person_0939,2024-07-14 17:09:14,"New shop opening next week, everyone welcome.",,LOCATION_0144,0.41,SOCIAL_MEDIA_MONITORING
SOC_000905,PERSON_0027,TalkStream,user_person_0027,2026-04-13 11:01:00,"Great weekend with family, back to work tomorrow.",,LOCATION_0279,0.51,SOCIAL_MEDIA_MONITORING
SOC_000906,PERSON_0687,ChirpNet,user_person_0687,2024-01-22 18:14:33,Traffic was terrible near the market today.,,LOCATION_0273,0.52,SOCIAL_MEDIA_MONITORING
SOC_000907,PERSON_1233,ChirpNet,user_person_1233,2026-02-08 21:52:48,"New shop opening next week, everyone welcome.",,LOCATION_0236,0.41,SOCIAL_MEDIA_MONITORING
SOC_000908,PERSON_0439,SnapCircle,user_person_0439,2024-01-22 08:14:32,Weather has been unusually warm this month.,,LOCATION_0189,0.44,SOCIAL_MEDIA_MONITORING
SOC_000909,PERSON_0946,ChirpNet,user_person_0946,2026-01-15 22:37:55,Traffic was terrible near the market today.,,LOCATION_0037,0.56,SOCIAL_MEDIA_MONITORING
SOC_000910,PERSON_1387,ConnectHub,user_person_1387,2025-08-05 07:32:51,Traffic was terrible near the market today.,,LOCATION_0190,0.53,SOCIAL_MEDIA_MONITORING
SOC_000911,PERSON_0181,PicWall,user_person_0181,2024-07-14 00:55:13,"New shop opening next week, everyone welcome.",,LOCATION_0040,0.43,SOCIAL_MEDIA_MONITORING
SOC_000912,PERSON_0979,SnapCircle,user_person_0979,2024-10-13 13:53:22,Traffic was terrible near the market today.,,LOCATION_0231,0.54,SOCIAL_MEDIA_MONITORING
SOC_000913,PERSON_0245,PicWall,user_person_0245,2024-02-04 01:55:32,Happy to share we completed the delivery on time.,,LOCATION_0159,0.74,SOCIAL_MEDIA_MONITORING
SOC_000914,PERSON_0828,PicWall,user_person_0828,2025-08-12 17:16:12,"New shop opening next week, everyone welcome.",,LOCATION_0158,0.61,SOCIAL_MEDIA_MONITORING
SOC_000915,PERSON_1392,PicWall,user_person_1392,2025-09-24 09:49:55,"New shop opening next week, everyone welcome.",,LOCATION_0243,0.69,SOCIAL_MEDIA_MONITORING
SOC_000916,PERSON_1124,PicWall,user_person_1124,2024-10-20 19:41:20,Happy to share we completed the delivery on time.,,LOCATION_0049,0.58,SOCIAL_MEDIA_MONITORING
SOC_000917,PERSON_0364,PicWall,user_person_0364,2025-11-22 12:05:19,Traffic was terrible near the market today.,,LOCATION_0196,0.78,SOCIAL_MEDIA_MONITORING
SOC_000918,PERSON_1342,ChirpNet,user_person_1342,2024-12-15 23:21:45,Weather has been unusually warm this month.,,LOCATION_0061,0.75,SOCIAL_MEDIA_MONITORING
SOC_000919,PERSON_1232,SnapCircle,user_person_1232,2024-04-10 18:37:29,"Plan is confirmed, let's proceed as talked about.",PERSON_0529,LOCATION_0153,0.67,SOCIAL_MEDIA_MONITORING
SOC_000920,PERSON_0423,SnapCircle,user_person_0423,2024-09-12 18:01:51,"Great weekend with family, back to work tomorrow.",,LOCATION_0213,0.76,SOCIAL_MEDIA_MONITORING
SOC_000921,PERSON_0159,PicWall,user_person_0159,2025-10-06 08:48:01,"New shop opening next week, everyone welcome.",,LOCATION_0066,0.47,SOCIAL_MEDIA_MONITORING
SOC_000922,PERSON_0197,SnapCircle,user_person_0197,2025-03-12 01:58:34,Traffic was terrible near the market today.,,LOCATION_0098,0.83,SOCIAL_MEDIA_MONITORING
SOC_000923,PERSON_0212,ChirpNet,user_person_0212,2024-03-05 18:09:12,Happy to share we completed the delivery on time.,,LOCATION_0147,0.43,SOCIAL_MEDIA_MONITORING
SOC_000924,PERSON_1219,SnapCircle,user_person_1219,2025-03-08 18:32:38,Traffic was terrible near the market today.,,LOCATION_0009,0.82,SOCIAL_MEDIA_MONITORING
SOC_000925,PERSON_0924,SnapCircle,user_person_0924,2024-05-14 08:38:30,"Great weekend with family, back to work tomorrow.",,LOCATION_0054,0.66,SOCIAL_MEDIA_MONITORING
SOC_000926,PERSON_1440,ChirpNet,user_person_1440,2024-02-22 05:19:43,"Great weekend with family, back to work tomorrow.",,LOCATION_0078,0.79,SOCIAL_MEDIA_MONITORING
SOC_000927,PERSON_1153,ConnectHub,user_person_1153,2024-03-28 20:39:44,Traffic was terrible near the market today.,,LOCATION_0158,0.77,SOCIAL_MEDIA_MONITORING
SOC_000928,PERSON_1150,PicWall,user_person_1150,2024-05-09 18:45:42,Happy to share we completed the delivery on time.,,LOCATION_0179,0.61,SOCIAL_MEDIA_MONITORING
SOC_000929,PERSON_0935,ConnectHub,user_person_0935,2026-01-30 23:36:46,"New shop opening next week, everyone welcome.",,LOCATION_0297,0.84,SOCIAL_MEDIA_MONITORING
SOC_000930,PERSON_1422,SnapCircle,user_person_1422,2024-04-13 18:28:10,Weather has been unusually warm this month.,,LOCATION_0212,0.66,SOCIAL_MEDIA_MONITORING
SOC_000931,PERSON_1168,ChirpNet,user_person_1168,2024-02-26 13:32:54,Traffic was terrible near the market today.,,LOCATION_0299,0.66,SOCIAL_MEDIA_MONITORING
SOC_000932,PERSON_0979,PicWall,user_person_0979,2024-10-04 04:34:45,"Great weekend with family, back to work tomorrow.",,LOCATION_0241,0.72,SOCIAL_MEDIA_MONITORING
SOC_000933,PERSON_1372,TalkStream,user_person_1372,2026-06-29 08:24:20,Happy to share we completed the delivery on time.,,LOCATION_0274,0.83,SOCIAL_MEDIA_MONITORING
SOC_000934,PERSON_0492,ConnectHub,user_person_0492,2024-08-17 16:01:48,Weather has been unusually warm this month.,,LOCATION_0094,0.42,SOCIAL_MEDIA_MONITORING
SOC_000935,PERSON_0653,ChirpNet,user_person_0653,2025-05-19 12:47:11,Happy to share we completed the delivery on time.,,LOCATION_0278,0.84,SOCIAL_MEDIA_MONITORING
SOC_000936,PERSON_0055,ConnectHub,user_person_0055,2025-06-16 18:28:59,"Package ready, will hand it over as discussed.",,LOCATION_0112,0.51,SOCIAL_MEDIA_MONITORING
SOC_000937,PERSON_1210,PicWall,user_person_1210,2024-02-27 03:58:26,Weather has been unusually warm this month.,,LOCATION_0020,0.76,SOCIAL_MEDIA_MONITORING
SOC_000938,PERSON_1170,PicWall,user_person_1170,2024-06-16 03:33:39,Happy to share we completed the delivery on time.,,LOCATION_0297,0.72,SOCIAL_MEDIA_MONITORING
SOC_000939,PERSON_0559,ConnectHub,user_person_0559,2026-04-02 11:47:47,"New shop opening next week, everyone welcome.",,LOCATION_0160,0.51,SOCIAL_MEDIA_MONITORING
SOC_000940,PERSON_0149,ConnectHub,user_person_0149,2026-03-21 10:30:49,Meeting postponed. Same place tomorrow.,,LOCATION_0152,0.7,SOCIAL_MEDIA_MONITORING
SOC_000941,PERSON_0444,PicWall,user_person_0444,2024-04-04 20:28:48,"Great weekend with family, back to work tomorrow.",,LOCATION_0011,0.71,SOCIAL_MEDIA_MONITORING
SOC_000942,PERSON_0172,ChirpNet,user_person_0172,2024-07-25 01:07:23,Weather has been unusually warm this month.,,LOCATION_0020,0.71,SOCIAL_MEDIA_MONITORING
SOC_000943,PERSON_0258,PicWall,user_person_0258,2024-09-01 17:05:23,Happy to share we completed the delivery on time.,,LOCATION_0029,0.71,SOCIAL_MEDIA_MONITORING
SOC_000944,PERSON_1074,PicWall,user_person_1074,2025-07-04 00:55:19,"Great weekend with family, back to work tomorrow.",,LOCATION_0255,0.71,SOCIAL_MEDIA_MONITORING
SOC_000945,PERSON_1463,TalkStream,user_person_1463,2026-03-22 00:18:19,"Plan is confirmed, let's proceed as talked about.",,LOCATION_0156,0.42,SOCIAL_MEDIA_MONITORING
SOC_000946,PERSON_1127,TalkStream,user_person_1127,2025-04-15 00:22:44,"New shop opening next week, everyone welcome.",,LOCATION_0239,0.79,SOCIAL_MEDIA_MONITORING
SOC_000947,PERSON_1012,SnapCircle,user_person_1012,2025-04-10 08:44:20,Traffic was terrible near the market today.,,LOCATION_0234,0.57,SOCIAL_MEDIA_MONITORING
SOC_000948,PERSON_0992,TalkStream,user_person_0992,2025-02-27 13:41:52,Happy to share we completed the delivery on time.,,LOCATION_0151,0.5,SOCIAL_MEDIA_MONITORING
SOC_000949,PERSON_0440,ConnectHub,user_person_0440,2025-11-28 04:28:31,"Great weekend with family, back to work tomorrow.",,LOCATION_0038,0.54,SOCIAL_MEDIA_MONITORING
SOC_000950,PERSON_1425,ChirpNet,user_person_1425,2026-02-20 07:06:25,Keep this between us for now.,,LOCATION_0148,0.53,SOCIAL_MEDIA_MONITORING
SOC_000951,PERSON_1178,TalkStream,user_person_1178,2024-08-19 12:02:18,Traffic was terrible near the market today.,,LOCATION_0162,0.81,SOCIAL_MEDIA_MONITORING
SOC_000952,PERSON_0488,ConnectHub,user_person_0488,2024-03-10 17:50:33,"Great weekend with family, back to work tomorrow.",,LOCATION_0015,0.83,SOCIAL_MEDIA_MONITORING
SOC_000953,PERSON_0883,SnapCircle,user_person_0883,2026-03-08 22:34:50,Happy to share we completed the delivery on time.,,LOCATION_0284,0.46,SOCIAL_MEDIA_MONITORING
SOC_000954,PERSON_1474,SnapCircle,user_person_1474,2025-10-11 02:41:02,"New shop opening next week, everyone welcome.",,LOCATION_0059,0.75,SOCIAL_MEDIA_MONITORING
SOC_000955,PERSON_1428,ConnectHub,user_person_1428,2026-03-01 22:26:17,Keep this between us for now.,,LOCATION_0041,0.62,SOCIAL_MEDIA_MONITORING
SOC_000956,PERSON_0392,PicWall,user_person_0392,2026-01-16 11:28:21,"New shop opening next week, everyone welcome.",,LOCATION_0058,0.66,SOCIAL_MEDIA_MONITORING
SOC_000957,PERSON_1120,ConnectHub,user_person_1120,2025-05-01 21:32:18,"Great weekend with family, back to work tomorrow.",,LOCATION_0022,0.71,SOCIAL_MEDIA_MONITORING
SOC_000958,PERSON_0269,ChirpNet,user_person_0269,2025-02-26 04:23:11,Happy to share we completed the delivery on time.,,LOCATION_0128,0.6,SOCIAL_MEDIA_MONITORING
SOC_000959,PERSON_0178,ConnectHub,user_person_0178,2025-06-22 22:46:20,Happy to share we completed the delivery on time.,,LOCATION_0268,0.47,SOCIAL_MEDIA_MONITORING
SOC_000960,PERSON_0892,ChirpNet,user_person_0892,2026-05-25 01:26:58,Happy to share we completed the delivery on time.,,LOCATION_0091,0.8,SOCIAL_MEDIA_MONITORING
SOC_000961,PERSON_1285,ChirpNet,user_person_1285,2025-09-12 00:17:45,"Everything is set for the evening, see you there.",,LOCATION_0083,0.46,SOCIAL_MEDIA_MONITORING
SOC_000962,PERSON_0565,SnapCircle,user_person_0565,2024-02-27 12:53:01,"New shop opening next week, everyone welcome.",,LOCATION_0246,0.53,SOCIAL_MEDIA_MONITORING
SOC_000963,PERSON_0103,ConnectHub,user_person_0103,2025-05-17 05:29:38,"Great weekend with family, back to work tomorrow.",,LOCATION_0132,0.55,SOCIAL_MEDIA_MONITORING
SOC_000964,PERSON_1098,SnapCircle,user_person_1098,2026-03-17 00:35:03,"New shop opening next week, everyone welcome.",,LOCATION_0181,0.5,SOCIAL_MEDIA_MONITORING
SOC_000965,PERSON_0291,SnapCircle,user_person_0291,2025-10-28 22:18:08,"New shop opening next week, everyone welcome.",,LOCATION_0088,0.52,SOCIAL_MEDIA_MONITORING
SOC_000966,PERSON_1042,SnapCircle,user_person_1042,2025-12-21 23:49:41,"New shop opening next week, everyone welcome.",,LOCATION_0119,0.64,SOCIAL_MEDIA_MONITORING
SOC_000967,PERSON_1157,ConnectHub,user_person_1157,2026-04-11 10:24:01,"New shop opening next week, everyone welcome.",,LOCATION_0224,0.73,SOCIAL_MEDIA_MONITORING
SOC_000968,PERSON_0115,PicWall,user_person_0115,2024-02-22 09:15:52,"New shop opening next week, everyone welcome.",,LOCATION_0236,0.58,SOCIAL_MEDIA_MONITORING
SOC_000969,PERSON_0361,ChirpNet,user_person_0361,2025-10-20 09:54:52,Traffic was terrible near the market today.,,LOCATION_0192,0.72,SOCIAL_MEDIA_MONITORING
SOC_000970,PERSON_1223,TalkStream,user_person_1223,2025-02-28 09:36:26,Traffic was terrible near the market today.,,LOCATION_0283,0.68,SOCIAL_MEDIA_MONITORING
SOC_000971,PERSON_1327,ConnectHub,user_person_1327,2024-07-20 05:44:29,"New shop opening next week, everyone welcome.",,LOCATION_0201,0.45,SOCIAL_MEDIA_MONITORING
SOC_000972,PERSON_1401,SnapCircle,user_person_1401,2026-05-30 03:29:19,Weather has been unusually warm this month.,,LOCATION_0024,0.51,SOCIAL_MEDIA_MONITORING
SOC_000973,PERSON_0352,PicWall,user_person_0352,2025-10-23 10:10:43,Weather has been unusually warm this month.,,LOCATION_0122,0.41,SOCIAL_MEDIA_MONITORING
SOC_000974,PERSON_0767,TalkStream,user_person_0767,2025-01-31 09:20:09,"New shop opening next week, everyone welcome.",,LOCATION_0039,0.56,SOCIAL_MEDIA_MONITORING
SOC_000975,PERSON_0509,SnapCircle,user_person_0509,2025-01-27 04:51:35,Weather has been unusually warm this month.,,LOCATION_0258,0.53,SOCIAL_MEDIA_MONITORING
SOC_000976,PERSON_0646,PicWall,user_person_0646,2026-01-04 20:43:04,Traffic was terrible near the market today.,,LOCATION_0245,0.67,SOCIAL_MEDIA_MONITORING
SOC_000977,PERSON_0627,ChirpNet,user_person_0627,2025-10-26 13:49:42,Weather has been unusually warm this month.,,LOCATION_0071,0.73,SOCIAL_MEDIA_MONITORING
SOC_000978,PERSON_1033,ConnectHub,user_person_1033,2024-03-03 22:53:47,Happy to share we completed the delivery on time.,,LOCATION_0109,0.82,SOCIAL_MEDIA_MONITORING
SOC_000979,PERSON_0285,ConnectHub,user_person_0285,2024-03-14 18:36:31,Traffic was terrible near the market today.,,LOCATION_0201,0.56,SOCIAL_MEDIA_MONITORING
SOC_000980,PERSON_1104,PicWall,user_person_1104,2025-03-23 13:26:13,Happy to share we completed the delivery on time.,,LOCATION_0110,0.49,SOCIAL_MEDIA_MONITORING
SOC_000981,PERSON_0537,ChirpNet,user_person_0537,2024-09-21 20:35:15,Traffic was terrible near the market today.,,LOCATION_0108,0.75,SOCIAL_MEDIA_MONITORING
SOC_000982,PERSON_1253,PicWall,user_person_1253,2024-11-03 18:41:01,Keep this between us for now.,,LOCATION_0264,0.65,SOCIAL_MEDIA_MONITORING
SOC_000983,PERSON_1293,ChirpNet,user_person_1293,2024-10-16 19:10:44,Weather has been unusually warm this month.,,LOCATION_0271,0.55,SOCIAL_MEDIA_MONITORING
SOC_000984,PERSON_1234,PicWall,user_person_1234,2026-06-16 14:08:58,Traffic was terrible near the market today.,,LOCATION_0129,0.45,SOCIAL_MEDIA_MONITORING
SOC_000985,PERSON_0125,ConnectHub,user_person_0125,2026-02-09 13:24:11,Happy to share we completed the delivery on time.,,LOCATION_0104,0.5,SOCIAL_MEDIA_MONITORING
SOC_000986,PERSON_0382,ConnectHub,user_person_0382,2026-03-30 07:17:47,"New shop opening next week, everyone welcome.",,LOCATION_0139,0.69,SOCIAL_MEDIA_MONITORING
SOC_000987,PERSON_0357,ConnectHub,user_person_0357,2024-06-26 08:39:39,Happy to share we completed the delivery on time.,,LOCATION_0278,0.54,SOCIAL_MEDIA_MONITORING
SOC_000988,PERSON_0154,ConnectHub,user_person_0154,2025-07-30 01:03:31,Weather has been unusually warm this month.,,LOCATION_0209,0.57,SOCIAL_MEDIA_MONITORING
SOC_000989,PERSON_1130,ConnectHub,user_person_1130,2024-02-28 17:29:24,"Great weekend with family, back to work tomorrow.",,LOCATION_0149,0.67,SOCIAL_MEDIA_MONITORING
SOC_000990,PERSON_1289,PicWall,user_person_1289,2024-09-05 09:59:26,Weather has been unusually warm this month.,,LOCATION_0042,0.84,SOCIAL_MEDIA_MONITORING
SOC_000991,PERSON_0620,ConnectHub,user_person_0620,2024-06-04 16:17:47,"Great weekend with family, back to work tomorrow.",,LOCATION_0214,0.45,SOCIAL_MEDIA_MONITORING
SOC_000992,PERSON_1279,ChirpNet,user_person_1279,2025-04-28 07:06:44,"New shop opening next week, everyone welcome.",,LOCATION_0238,0.76,SOCIAL_MEDIA_MONITORING
SOC_000993,PERSON_0958,TalkStream,user_person_0958,2025-10-14 02:58:18,"Great weekend with family, back to work tomorrow.",,LOCATION_0080,0.54,SOCIAL_MEDIA_MONITORING
SOC_000994,PERSON_0639,SnapCircle,user_person_0639,2026-02-23 12:53:29,Weather has been unusually warm this month.,,LOCATION_0160,0.72,SOCIAL_MEDIA_MONITORING
SOC_000995,PERSON_1196,SnapCircle,user_person_1196,2026-03-03 17:14:17,"Great weekend with family, back to work tomorrow.",,LOCATION_0270,0.78,SOCIAL_MEDIA_MONITORING
SOC_000996,PERSON_0570,PicWall,user_person_0570,2025-04-05 02:29:01,Traffic was terrible near the market today.,,LOCATION_0078,0.56,SOCIAL_MEDIA_MONITORING
SOC_000997,PERSON_1130,PicWall,user_person_1130,2025-12-04 14:47:54,Weather has been unusually warm this month.,,LOCATION_0289,0.75,SOCIAL_MEDIA_MONITORING
SOC_000998,PERSON_0795,PicWall,user_person_0795,2025-07-15 07:09:27,"Great weekend with family, back to work tomorrow.",,LOCATION_0076,0.54,SOCIAL_MEDIA_MONITORING
SOC_000999,PERSON_0463,ConnectHub,user_person_0463,2024-01-30 01:23:14,"Plan is confirmed, let's proceed as talked about.",,LOCATION_0210,0.79,SOCIAL_MEDIA_MONITORING
SOC_001000,PERSON_0451,ChirpNet,user_person_0451,2026-05-14 18:38:23,"Package ready, will hand it over as discussed.",PERSON_1113,LOCATION_0034,0.55,SOCIAL_MEDIA_MONITORING
SOC_001001,PERSON_1372,TalkStream,user_person_1372,2025-04-12 05:14:32,"New shop opening next week, everyone welcome.",,LOCATION_0234,0.77,SOCIAL_MEDIA_MONITORING
SOC_001002,PERSON_0725,TalkStream,user_person_0725,2025-01-29 18:00:56,Traffic was terrible near the market today.,,LOCATION_0245,0.47,SOCIAL_MEDIA_MONITORING
SOC_001003,PERSON_0564,SnapCircle,user_person_0564,2025-02-17 13:10:10,Traffic was terrible near the market today.,,LOCATION_0290,0.4,SOCIAL_MEDIA_MONITORING
SOC_001004,PERSON_1230,SnapCircle,user_person_1230,2026-03-02 20:10:41,Happy to share we completed the delivery on time.,,LOCATION_0279,0.6,SOCIAL_MEDIA_MONITORING
SOC_001005,PERSON_0653,TalkStream,user_person_0653,2025-11-11 04:27:13,Traffic was terrible near the market today.,,LOCATION_0108,0.71,SOCIAL_MEDIA_MONITORING
SOC_001006,PERSON_1442,PicWall,user_person_1442,2025-07-09 08:36:08,Happy to share we completed the delivery on time.,,LOCATION_0198,0.69,SOCIAL_MEDIA_MONITORING
SOC_001007,PERSON_0730,TalkStream,user_person_0730,2026-04-05 10:59:23,"Package ready, will hand it over as discussed.",,LOCATION_0148,0.72,SOCIAL_MEDIA_MONITORING
SOC_001008,PERSON_1209,TalkStream,user_person_1209,2025-11-15 19:06:52,"Great weekend with family, back to work tomorrow.",,LOCATION_0288,0.77,SOCIAL_MEDIA_MONITORING
SOC_001009,PERSON_0120,PicWall,user_person_0120,2025-11-15 14:17:17,"Great weekend with family, back to work tomorrow.",,LOCATION_0049,0.51,SOCIAL_MEDIA_MONITORING
SOC_001010,PERSON_0325,ChirpNet,user_person_0325,2024-12-01 16:47:08,"New shop opening next week, everyone welcome.",,LOCATION_0266,0.61,SOCIAL_MEDIA_MONITORING
SOC_001011,PERSON_0197,PicWall,user_person_0197,2024-06-21 20:07:24,Weather has been unusually warm this month.,,LOCATION_0298,0.66,SOCIAL_MEDIA_MONITORING
SOC_001012,PERSON_0875,ChirpNet,user_person_0875,2025-04-30 06:00:20,"Great weekend with family, back to work tomorrow.",,LOCATION_0094,0.55,SOCIAL_MEDIA_MONITORING
SOC_001013,PERSON_0366,ChirpNet,user_person_0366,2025-12-29 23:07:53,"Great weekend with family, back to work tomorrow.",,LOCATION_0038,0.59,SOCIAL_MEDIA_MONITORING
SOC_001014,PERSON_0644,PicWall,user_person_0644,2024-05-21 22:02:59,Traffic was terrible near the market today.,,LOCATION_0294,0.52,SOCIAL_MEDIA_MONITORING
SOC_001015,PERSON_0472,SnapCircle,user_person_0472,2024-10-20 04:09:02,"Great weekend with family, back to work tomorrow.",,LOCATION_0107,0.54,SOCIAL_MEDIA_MONITORING
SOC_001016,PERSON_1112,ConnectHub,user_person_1112,2024-03-25 02:14:02,"New shop opening next week, everyone welcome.",,LOCATION_0111,0.83,SOCIAL_MEDIA_MONITORING
SOC_001017,PERSON_1272,ChirpNet,user_person_1272,2026-03-16 13:21:49,"Plan is confirmed, let's proceed as talked about.",PERSON_0633,LOCATION_0285,0.57,SOCIAL_MEDIA_MONITORING
SOC_001018,PERSON_0013,ChirpNet,user_person_0013,2026-03-27 21:42:17,Happy to share we completed the delivery on time.,,LOCATION_0116,0.52,SOCIAL_MEDIA_MONITORING
SOC_001019,PERSON_1268,ChirpNet,user_person_1268,2025-10-11 01:59:17,"New shop opening next week, everyone welcome.",,LOCATION_0108,0.72,SOCIAL_MEDIA_MONITORING
SOC_001020,PERSON_0539,ConnectHub,user_person_0539,2025-05-01 17:20:53,Traffic was terrible near the market today.,,LOCATION_0220,0.77,SOCIAL_MEDIA_MONITORING
SOC_001021,PERSON_0138,SnapCircle,user_person_0138,2026-03-29 13:15:44,Traffic was terrible near the market today.,,LOCATION_0101,0.74,SOCIAL_MEDIA_MONITORING
SOC_001022,PERSON_0904,ChirpNet,user_person_0904,2024-03-29 20:37:16,Weather has been unusually warm this month.,,LOCATION_0190,0.53,SOCIAL_MEDIA_MONITORING
SOC_001023,PERSON_1338,PicWall,user_person_1338,2024-03-31 00:55:41,"New shop opening next week, everyone welcome.",,LOCATION_0080,0.41,SOCIAL_MEDIA_MONITORING
SOC_001024,PERSON_0026,TalkStream,user_person_0026,2024-08-06 11:04:42,"Great weekend with family, back to work tomorrow.",,LOCATION_0285,0.65,SOCIAL_MEDIA_MONITORING
SOC_001025,PERSON_1446,ChirpNet,user_person_1446,2026-05-29 14:44:07,"Package ready, will hand it over as discussed.",PERSON_0809,LOCATION_0130,0.69,SOCIAL_MEDIA_MONITORING
SOC_001026,PERSON_1315,SnapCircle,user_person_1315,2024-07-15 13:18:25,"Great weekend with family, back to work tomorrow.",,LOCATION_0140,0.59,SOCIAL_MEDIA_MONITORING
SOC_001027,PERSON_1320,ConnectHub,user_person_1320,2025-04-24 20:47:30,Weather has been unusually warm this month.,,LOCATION_0277,0.49,SOCIAL_MEDIA_MONITORING
SOC_001028,PERSON_0461,PicWall,user_person_0461,2025-02-02 16:34:47,"New shop opening next week, everyone welcome.",,LOCATION_0010,0.61,SOCIAL_MEDIA_MONITORING
SOC_001029,PERSON_0333,SnapCircle,user_person_0333,2024-12-13 05:25:39,Traffic was terrible near the market today.,,LOCATION_0173,0.48,SOCIAL_MEDIA_MONITORING
SOC_001030,PERSON_1310,ChirpNet,user_person_1310,2026-05-17 03:24:43,"New shop opening next week, everyone welcome.",,LOCATION_0178,0.51,SOCIAL_MEDIA_MONITORING
SOC_001031,PERSON_0567,ConnectHub,user_person_0567,2024-11-09 11:32:18,Weather has been unusually warm this month.,,LOCATION_0232,0.41,SOCIAL_MEDIA_MONITORING
SOC_001032,PERSON_1097,TalkStream,user_person_1097,2024-05-30 11:15:34,Keep this between us for now.,,LOCATION_0093,0.57,SOCIAL_MEDIA_MONITORING
SOC_001033,PERSON_0510,ConnectHub,user_person_0510,2026-01-13 00:26:50,Weather has been unusually warm this month.,,LOCATION_0187,0.69,SOCIAL_MEDIA_MONITORING
SOC_001034,PERSON_1324,PicWall,user_person_1324,2024-02-22 21:43:21,"Everything is set for the evening, see you there.",,LOCATION_0017,0.78,SOCIAL_MEDIA_MONITORING
SOC_001035,PERSON_0896,SnapCircle,user_person_0896,2026-05-05 21:15:05,Weather has been unusually warm this month.,,LOCATION_0240,0.74,SOCIAL_MEDIA_MONITORING
SOC_001036,PERSON_0108,PicWall,user_person_0108,2024-08-24 23:27:14,"Great weekend with family, back to work tomorrow.",,LOCATION_0176,0.5,SOCIAL_MEDIA_MONITORING
SOC_001037,PERSON_1375,TalkStream,user_person_1375,2025-08-09 11:14:39,Traffic was terrible near the market today.,,LOCATION_0284,0.69,SOCIAL_MEDIA_MONITORING
SOC_001038,PERSON_1297,TalkStream,user_person_1297,2025-08-21 11:43:50,Happy to share we completed the delivery on time.,,LOCATION_0186,0.68,SOCIAL_MEDIA_MONITORING
SOC_001039,PERSON_1189,SnapCircle,user_person_1189,2025-05-10 23:43:16,Traffic was terrible near the market today.,,LOCATION_0260,0.65,SOCIAL_MEDIA_MONITORING
SOC_001040,PERSON_1438,TalkStream,user_person_1438,2024-09-10 17:10:40,Happy to share we completed the delivery on time.,,LOCATION_0295,0.65,SOCIAL_MEDIA_MONITORING
SOC_001041,PERSON_0963,ChirpNet,user_person_0963,2025-07-02 10:21:34,"New shop opening next week, everyone welcome.",,LOCATION_0210,0.4,SOCIAL_MEDIA_MONITORING
SOC_001042,PERSON_1350,ConnectHub,user_person_1350,2026-05-22 03:25:56,Traffic was terrible near the market today.,,LOCATION_0061,0.54,SOCIAL_MEDIA_MONITORING
SOC_001043,PERSON_0278,ConnectHub,user_person_0278,2024-01-18 06:25:25,"New shop opening next week, everyone welcome.",,LOCATION_0152,0.42,SOCIAL_MEDIA_MONITORING
SOC_001044,PERSON_1454,PicWall,user_person_1454,2025-03-30 13:01:20,Traffic was terrible near the market today.,,LOCATION_0193,0.64,SOCIAL_MEDIA_MONITORING
SOC_001045,PERSON_0223,ChirpNet,user_person_0223,2025-02-10 17:27:09,Weather has been unusually warm this month.,,LOCATION_0295,0.84,SOCIAL_MEDIA_MONITORING
SOC_001046,PERSON_0038,TalkStream,user_person_0038,2025-01-10 14:51:46,"Great weekend with family, back to work tomorrow.",,LOCATION_0132,0.56,SOCIAL_MEDIA_MONITORING
SOC_001047,PERSON_0998,TalkStream,user_person_0998,2025-11-16 18:06:31,"New shop opening next week, everyone welcome.",,LOCATION_0059,0.53,SOCIAL_MEDIA_MONITORING
SOC_001048,PERSON_0702,TalkStream,user_person_0702,2026-01-07 18:53:13,"New shop opening next week, everyone welcome.",,LOCATION_0225,0.53,SOCIAL_MEDIA_MONITORING
SOC_001049,PERSON_0343,TalkStream,user_person_0343,2025-12-22 07:06:33,"Great weekend with family, back to work tomorrow.",,LOCATION_0034,0.77,SOCIAL_MEDIA_MONITORING
SOC_001050,PERSON_1083,PicWall,user_person_1083,2025-09-01 03:27:58,Happy to share we completed the delivery on time.,,LOCATION_0009,0.54,SOCIAL_MEDIA_MONITORING
SOC_001051,PERSON_0306,TalkStream,user_person_0306,2024-10-01 03:59:56,Traffic was terrible near the market today.,,LOCATION_0191,0.46,SOCIAL_MEDIA_MONITORING
SOC_001052,PERSON_0277,SnapCircle,user_person_0277,2025-11-07 04:59:39,Traffic was terrible near the market today.,,LOCATION_0201,0.51,SOCIAL_MEDIA_MONITORING
SOC_001053,PERSON_0396,PicWall,user_person_0396,2025-04-09 21:04:41,"New shop opening next week, everyone welcome.",,LOCATION_0294,0.56,SOCIAL_MEDIA_MONITORING
SOC_001054,PERSON_0609,ChirpNet,user_person_0609,2024-07-24 02:47:13,Traffic was terrible near the market today.,,LOCATION_0171,0.72,SOCIAL_MEDIA_MONITORING
SOC_001055,PERSON_0973,PicWall,user_person_0973,2024-07-26 03:26:37,"New shop opening next week, everyone welcome.",,LOCATION_0129,0.77,SOCIAL_MEDIA_MONITORING
SOC_001056,PERSON_0898,TalkStream,user_person_0898,2025-01-16 05:08:59,"Great weekend with family, back to work tomorrow.",,LOCATION_0116,0.79,SOCIAL_MEDIA_MONITORING
SOC_001057,PERSON_1220,SnapCircle,user_person_1220,2024-12-05 19:54:30,"New shop opening next week, everyone welcome.",,LOCATION_0157,0.49,SOCIAL_MEDIA_MONITORING
SOC_001058,PERSON_0562,PicWall,user_person_0562,2024-07-31 02:31:37,Weather has been unusually warm this month.,,LOCATION_0024,0.41,SOCIAL_MEDIA_MONITORING
SOC_001059,PERSON_1238,SnapCircle,user_person_1238,2024-12-30 11:43:08,"Great weekend with family, back to work tomorrow.",,LOCATION_0050,0.54,SOCIAL_MEDIA_MONITORING
SOC_001060,PERSON_1239,ConnectHub,user_person_1239,2025-04-23 18:46:27,Weather has been unusually warm this month.,,LOCATION_0211,0.83,SOCIAL_MEDIA_MONITORING
SOC_001061,PERSON_0125,TalkStream,user_person_0125,2024-12-07 22:25:32,Weather has been unusually warm this month.,,LOCATION_0034,0.4,SOCIAL_MEDIA_MONITORING
SOC_001062,PERSON_0624,ConnectHub,user_person_0624,2026-04-21 23:25:14,Traffic was terrible near the market today.,,LOCATION_0005,0.77,SOCIAL_MEDIA_MONITORING
SOC_001063,PERSON_1136,PicWall,user_person_1136,2024-02-17 18:52:55,Weather has been unusually warm this month.,,LOCATION_0117,0.58,SOCIAL_MEDIA_MONITORING
SOC_001064,PERSON_1377,TalkStream,user_person_1377,2024-01-27 21:10:11,"New shop opening next week, everyone welcome.",,LOCATION_0152,0.73,SOCIAL_MEDIA_MONITORING
SOC_001065,PERSON_0583,ChirpNet,user_person_0583,2025-01-22 05:04:23,Weather has been unusually warm this month.,,LOCATION_0145,0.73,SOCIAL_MEDIA_MONITORING
SOC_001066,PERSON_1339,TalkStream,user_person_1339,2024-05-22 16:50:54,"Great weekend with family, back to work tomorrow.",,LOCATION_0090,0.44,SOCIAL_MEDIA_MONITORING
SOC_001067,PERSON_0052,PicWall,user_person_0052,2025-05-18 06:01:38,"Package ready, will hand it over as discussed.",,LOCATION_0206,0.68,SOCIAL_MEDIA_MONITORING
SOC_001068,PERSON_0984,ChirpNet,user_person_0984,2025-02-07 03:34:51,Weather has been unusually warm this month.,,LOCATION_0118,0.74,SOCIAL_MEDIA_MONITORING
SOC_001069,PERSON_0722,SnapCircle,user_person_0722,2024-01-20 10:27:40,"Great weekend with family, back to work tomorrow.",,LOCATION_0074,0.71,SOCIAL_MEDIA_MONITORING
SOC_001070,PERSON_0072,ConnectHub,user_person_0072,2026-06-12 16:35:56,Traffic was terrible near the market today.,,LOCATION_0172,0.7,SOCIAL_MEDIA_MONITORING
SOC_001071,PERSON_0090,SnapCircle,user_person_0090,2024-08-19 06:24:31,Traffic was terrible near the market today.,,LOCATION_0004,0.54,SOCIAL_MEDIA_MONITORING
SOC_001072,PERSON_0917,ChirpNet,user_person_0917,2025-02-09 14:40:37,Weather has been unusually warm this month.,,LOCATION_0269,0.53,SOCIAL_MEDIA_MONITORING
SOC_001073,PERSON_1187,SnapCircle,user_person_1187,2026-06-12 18:32:29,"Great weekend with family, back to work tomorrow.",,LOCATION_0002,0.6,SOCIAL_MEDIA_MONITORING
SOC_001074,PERSON_0279,ConnectHub,user_person_0279,2024-03-20 13:46:49,Meeting postponed. Same place tomorrow.,,LOCATION_0052,0.71,SOCIAL_MEDIA_MONITORING
SOC_001075,PERSON_1307,ChirpNet,user_person_1307,2025-09-30 05:47:15,Happy to share we completed the delivery on time.,,LOCATION_0110,0.58,SOCIAL_MEDIA_MONITORING
SOC_001076,PERSON_0353,PicWall,user_person_0353,2026-06-28 04:07:22,"New shop opening next week, everyone welcome.",,LOCATION_0268,0.7,SOCIAL_MEDIA_MONITORING
SOC_001077,PERSON_0410,TalkStream,user_person_0410,2025-10-21 08:21:12,"Great weekend with family, back to work tomorrow.",,LOCATION_0002,0.69,SOCIAL_MEDIA_MONITORING
SOC_001078,PERSON_0144,PicWall,user_person_0144,2024-01-10 13:27:23,Traffic was terrible near the market today.,,LOCATION_0292,0.63,SOCIAL_MEDIA_MONITORING
SOC_001079,PERSON_0581,ChirpNet,user_person_0581,2024-02-18 10:57:44,Happy to share we completed the delivery on time.,,LOCATION_0188,0.7,SOCIAL_MEDIA_MONITORING
SOC_001080,PERSON_1447,PicWall,user_person_1447,2025-02-24 03:33:30,Happy to share we completed the delivery on time.,,LOCATION_0294,0.5,SOCIAL_MEDIA_MONITORING
SOC_001081,PERSON_1167,TalkStream,user_person_1167,2024-10-07 03:28:44,Meeting postponed. Same place tomorrow.,,LOCATION_0032,0.48,SOCIAL_MEDIA_MONITORING
SOC_001082,PERSON_0013,TalkStream,user_person_0013,2026-05-06 07:31:40,Weather has been unusually warm this month.,,LOCATION_0246,0.61,SOCIAL_MEDIA_MONITORING
SOC_001083,PERSON_1154,TalkStream,user_person_1154,2025-11-21 11:06:27,Happy to share we completed the delivery on time.,,LOCATION_0081,0.5,SOCIAL_MEDIA_MONITORING
SOC_001084,PERSON_0612,PicWall,user_person_0612,2025-04-05 04:52:34,Weather has been unusually warm this month.,,LOCATION_0202,0.63,SOCIAL_MEDIA_MONITORING
SOC_001085,PERSON_1137,ChirpNet,user_person_1137,2025-05-26 02:25:29,"Everything is set for the evening, see you there.",PERSON_0230,LOCATION_0218,0.46,SOCIAL_MEDIA_MONITORING
SOC_001086,PERSON_1151,ChirpNet,user_person_1151,2026-01-18 20:31:15,Meeting postponed. Same place tomorrow.,,LOCATION_0195,0.62,SOCIAL_MEDIA_MONITORING
SOC_001087,PERSON_0822,ConnectHub,user_person_0822,2024-06-17 23:21:05,Meeting postponed. Same place tomorrow.,,LOCATION_0148,0.57,SOCIAL_MEDIA_MONITORING
SOC_001088,PERSON_1298,SnapCircle,user_person_1298,2026-06-29 08:00:16,"Great weekend with family, back to work tomorrow.",,LOCATION_0084,0.84,SOCIAL_MEDIA_MONITORING
SOC_001089,PERSON_1496,PicWall,user_person_1496,2025-08-22 01:02:53,"New shop opening next week, everyone welcome.",,LOCATION_0193,0.51,SOCIAL_MEDIA_MONITORING
SOC_001090,PERSON_0305,PicWall,user_person_0305,2024-02-24 22:47:48,Traffic was terrible near the market today.,,LOCATION_0298,0.59,SOCIAL_MEDIA_MONITORING
SOC_001091,PERSON_1372,ConnectHub,user_person_1372,2024-12-12 05:51:34,"Great weekend with family, back to work tomorrow.",,LOCATION_0254,0.74,SOCIAL_MEDIA_MONITORING
SOC_001092,PERSON_0724,PicWall,user_person_0724,2024-06-30 22:51:51,"Great weekend with family, back to work tomorrow.",,LOCATION_0151,0.75,SOCIAL_MEDIA_MONITORING
SOC_001093,PERSON_0762,SnapCircle,user_person_0762,2025-08-28 03:12:14,"Great weekend with family, back to work tomorrow.",,LOCATION_0131,0.66,SOCIAL_MEDIA_MONITORING
SOC_001094,PERSON_1101,TalkStream,user_person_1101,2025-03-01 06:47:21,"New shop opening next week, everyone welcome.",,LOCATION_0227,0.58,SOCIAL_MEDIA_MONITORING
SOC_001095,PERSON_0236,ConnectHub,user_person_0236,2025-05-31 02:08:37,"Great weekend with family, back to work tomorrow.",,LOCATION_0025,0.69,SOCIAL_MEDIA_MONITORING
SOC_001096,PERSON_1119,TalkStream,user_person_1119,2025-05-23 01:31:02,"New shop opening next week, everyone welcome.",,LOCATION_0071,0.74,SOCIAL_MEDIA_MONITORING
SOC_001097,PERSON_1219,TalkStream,user_person_1219,2024-11-21 04:01:45,"Everything is set for the evening, see you there.",PERSON_0308,LOCATION_0239,0.48,SOCIAL_MEDIA_MONITORING
SOC_001098,PERSON_1462,ConnectHub,user_person_1462,2024-06-28 14:46:00,Weather has been unusually warm this month.,,LOCATION_0206,0.79,SOCIAL_MEDIA_MONITORING
SOC_001099,PERSON_0989,TalkStream,user_person_0989,2024-10-12 04:36:40,Traffic was terrible near the market today.,,LOCATION_0237,0.6,SOCIAL_MEDIA_MONITORING
SOC_001100,PERSON_0327,ConnectHub,user_person_0327,2025-11-13 20:14:15,"Package ready, will hand it over as discussed.",PERSON_0191,LOCATION_0032,0.55,SOCIAL_MEDIA_MONITORING
SOC_001101,PERSON_0263,TalkStream,user_person_0263,2025-10-08 09:40:54,"New shop opening next week, everyone welcome.",,LOCATION_0075,0.79,SOCIAL_MEDIA_MONITORING
SOC_001102,PERSON_1047,SnapCircle,user_person_1047,2025-07-10 18:31:13,Happy to share we completed the delivery on time.,,LOCATION_0124,0.46,SOCIAL_MEDIA_MONITORING
SOC_001103,PERSON_0445,ConnectHub,user_person_0445,2024-08-29 02:34:06,Happy to share we completed the delivery on time.,,LOCATION_0299,0.69,SOCIAL_MEDIA_MONITORING
SOC_001104,PERSON_0744,PicWall,user_person_0744,2025-11-09 20:50:29,Weather has been unusually warm this month.,,LOCATION_0075,0.67,SOCIAL_MEDIA_MONITORING
SOC_001105,PERSON_1358,ConnectHub,user_person_1358,2025-07-09 14:55:45,"New shop opening next week, everyone welcome.",,LOCATION_0294,0.45,SOCIAL_MEDIA_MONITORING
SOC_001106,PERSON_0905,ChirpNet,user_person_0905,2024-10-22 15:13:28,Happy to share we completed the delivery on time.,,LOCATION_0254,0.42,SOCIAL_MEDIA_MONITORING
SOC_001107,PERSON_0191,PicWall,user_person_0191,2026-03-18 04:52:09,Happy to share we completed the delivery on time.,,LOCATION_0020,0.45,SOCIAL_MEDIA_MONITORING
SOC_001108,PERSON_0226,SnapCircle,user_person_0226,2024-02-12 10:39:13,"New shop opening next week, everyone welcome.",,LOCATION_0024,0.52,SOCIAL_MEDIA_MONITORING
SOC_001109,PERSON_0630,TalkStream,user_person_0630,2024-05-22 06:55:18,"New shop opening next week, everyone welcome.",,LOCATION_0157,0.56,SOCIAL_MEDIA_MONITORING
SOC_001110,PERSON_0810,ConnectHub,user_person_0810,2024-08-03 21:37:18,"Great weekend with family, back to work tomorrow.",,LOCATION_0238,0.51,SOCIAL_MEDIA_MONITORING
SOC_001111,PERSON_0086,TalkStream,user_person_0086,2026-05-01 09:39:23,"New shop opening next week, everyone welcome.",,LOCATION_0104,0.43,SOCIAL_MEDIA_MONITORING
SOC_001112,PERSON_0548,ChirpNet,user_person_0548,2024-06-30 18:00:32,Traffic was terrible near the market today.,,LOCATION_0201,0.63,SOCIAL_MEDIA_MONITORING
SOC_001113,PERSON_0387,ChirpNet,user_person_0387,2025-01-14 23:29:27,"Great weekend with family, back to work tomorrow.",,LOCATION_0098,0.4,SOCIAL_MEDIA_MONITORING
SOC_001114,PERSON_1331,SnapCircle,user_person_1331,2026-04-08 04:14:10,"New shop opening next week, everyone welcome.",,LOCATION_0213,0.84,SOCIAL_MEDIA_MONITORING
SOC_001115,PERSON_0573,ConnectHub,user_person_0573,2026-05-31 09:16:49,"Great weekend with family, back to work tomorrow.",,LOCATION_0169,0.66,SOCIAL_MEDIA_MONITORING
SOC_001116,PERSON_0564,SnapCircle,user_person_0564,2026-02-21 11:14:04,"Great weekend with family, back to work tomorrow.",,LOCATION_0270,0.44,SOCIAL_MEDIA_MONITORING
SOC_001117,PERSON_0290,PicWall,user_person_0290,2025-09-01 16:10:09,"Great weekend with family, back to work tomorrow.",,LOCATION_0295,0.55,SOCIAL_MEDIA_MONITORING
SOC_001118,PERSON_0112,ConnectHub,user_person_0112,2025-04-23 14:39:34,"New shop opening next week, everyone welcome.",,LOCATION_0047,0.57,SOCIAL_MEDIA_MONITORING
SOC_001119,PERSON_0752,PicWall,user_person_0752,2025-07-26 19:44:53,"Package ready, will hand it over as discussed.",,LOCATION_0287,0.84,SOCIAL_MEDIA_MONITORING
SOC_001120,PERSON_1005,PicWall,user_person_1005,2024-08-02 09:18:35,Weather has been unusually warm this month.,,LOCATION_0204,0.59,SOCIAL_MEDIA_MONITORING
SOC_001121,PERSON_1476,PicWall,user_person_1476,2025-08-09 07:52:53,Happy to share we completed the delivery on time.,,LOCATION_0198,0.85,SOCIAL_MEDIA_MONITORING
SOC_001122,PERSON_0677,PicWall,user_person_0677,2024-05-30 11:04:54,Happy to share we completed the delivery on time.,,LOCATION_0126,0.79,SOCIAL_MEDIA_MONITORING
SOC_001123,PERSON_0112,SnapCircle,user_person_0112,2025-01-20 00:12:04,"Great weekend with family, back to work tomorrow.",,LOCATION_0177,0.48,SOCIAL_MEDIA_MONITORING
SOC_001124,PERSON_0753,ConnectHub,user_person_0753,2025-08-30 01:23:15,"Great weekend with family, back to work tomorrow.",,LOCATION_0243,0.54,SOCIAL_MEDIA_MONITORING
SOC_001125,PERSON_0662,SnapCircle,user_person_0662,2024-08-25 20:49:06,Happy to share we completed the delivery on time.,,LOCATION_0144,0.64,SOCIAL_MEDIA_MONITORING
SOC_001126,PERSON_1198,SnapCircle,user_person_1198,2024-09-07 21:22:58,Weather has been unusually warm this month.,,LOCATION_0106,0.64,SOCIAL_MEDIA_MONITORING
SOC_001127,PERSON_0574,ConnectHub,user_person_0574,2026-05-15 07:26:43,"Package ready, will hand it over as discussed.",,LOCATION_0028,0.53,SOCIAL_MEDIA_MONITORING
SOC_001128,PERSON_1242,PicWall,user_person_1242,2025-03-14 18:50:05,Traffic was terrible near the market today.,,LOCATION_0072,0.69,SOCIAL_MEDIA_MONITORING
SOC_001129,PERSON_1490,TalkStream,user_person_1490,2024-03-30 21:16:18,"New shop opening next week, everyone welcome.",,LOCATION_0223,0.77,SOCIAL_MEDIA_MONITORING
SOC_001130,PERSON_0769,ConnectHub,user_person_0769,2024-06-02 06:44:54,Meeting postponed. Same place tomorrow.,,LOCATION_0291,0.42,SOCIAL_MEDIA_MONITORING
SOC_001131,PERSON_0330,ConnectHub,user_person_0330,2024-05-21 05:53:03,Happy to share we completed the delivery on time.,,LOCATION_0063,0.76,SOCIAL_MEDIA_MONITORING
SOC_001132,PERSON_1369,TalkStream,user_person_1369,2024-07-06 06:42:58,"Package ready, will hand it over as discussed.",,LOCATION_0184,0.52,SOCIAL_MEDIA_MONITORING
SOC_001133,PERSON_0231,TalkStream,user_person_0231,2024-03-12 00:50:54,"Great weekend with family, back to work tomorrow.",,LOCATION_0175,0.74,SOCIAL_MEDIA_MONITORING
SOC_001134,PERSON_0382,SnapCircle,user_person_0382,2026-02-15 12:24:46,Meeting postponed. Same place tomorrow.,,LOCATION_0019,0.43,SOCIAL_MEDIA_MONITORING
SOC_001135,PERSON_0351,PicWall,user_person_0351,2024-05-25 14:43:04,Traffic was terrible near the market today.,,LOCATION_0076,0.51,SOCIAL_MEDIA_MONITORING
SOC_001136,PERSON_0257,PicWall,user_person_0257,2024-05-05 11:12:37,Traffic was terrible near the market today.,,LOCATION_0088,0.57,SOCIAL_MEDIA_MONITORING
SOC_001137,PERSON_0017,SnapCircle,user_person_0017,2026-04-06 02:31:52,"New shop opening next week, everyone welcome.",,LOCATION_0049,0.66,SOCIAL_MEDIA_MONITORING
SOC_001138,PERSON_1205,PicWall,user_person_1205,2025-09-11 22:59:38,"New shop opening next week, everyone welcome.",,LOCATION_0139,0.44,SOCIAL_MEDIA_MONITORING
SOC_001139,PERSON_1016,PicWall,user_person_1016,2024-02-15 06:10:59,"Plan is confirmed, let's proceed as talked about.",PERSON_0528,LOCATION_0217,0.65,SOCIAL_MEDIA_MONITORING
SOC_001140,PERSON_0608,PicWall,user_person_0608,2026-02-03 02:29:32,"New shop opening next week, everyone welcome.",,LOCATION_0186,0.49,SOCIAL_MEDIA_MONITORING
SOC_001141,PERSON_1441,SnapCircle,user_person_1441,2025-03-08 09:28:46,"New shop opening next week, everyone welcome.",,LOCATION_0134,0.57,SOCIAL_MEDIA_MONITORING
SOC_001142,PERSON_1438,TalkStream,user_person_1438,2025-12-13 15:12:24,Weather has been unusually warm this month.,,LOCATION_0115,0.45,SOCIAL_MEDIA_MONITORING
SOC_001143,PERSON_0265,SnapCircle,user_person_0265,2025-09-26 19:38:54,"Great weekend with family, back to work tomorrow.",,LOCATION_0153,0.61,SOCIAL_MEDIA_MONITORING
SOC_001144,PERSON_0395,ChirpNet,user_person_0395,2024-05-13 09:53:34,Happy to share we completed the delivery on time.,,LOCATION_0018,0.47,SOCIAL_MEDIA_MONITORING
SOC_001145,PERSON_0417,TalkStream,user_person_0417,2025-12-13 05:14:24,"Plan is confirmed, let's proceed as talked about.",,LOCATION_0069,0.57,SOCIAL_MEDIA_MONITORING
SOC_001146,PERSON_1439,ConnectHub,user_person_1439,2026-06-21 09:28:05,"Everything is set for the evening, see you there.",PERSON_0785,LOCATION_0013,0.46,SOCIAL_MEDIA_MONITORING
SOC_001147,PERSON_0363,PicWall,user_person_0363,2025-10-13 15:07:57,Weather has been unusually warm this month.,,LOCATION_0263,0.78,SOCIAL_MEDIA_MONITORING
SOC_001148,PERSON_0111,TalkStream,user_person_0111,2024-07-02 21:57:08,Weather has been unusually warm this month.,,LOCATION_0070,0.67,SOCIAL_MEDIA_MONITORING
SOC_001149,PERSON_1471,ChirpNet,user_person_1471,2024-03-13 19:14:32,"Great weekend with family, back to work tomorrow.",,LOCATION_0269,0.53,SOCIAL_MEDIA_MONITORING
SOC_001150,PERSON_1428,PicWall,user_person_1428,2024-04-18 14:15:55,"New shop opening next week, everyone welcome.",,LOCATION_0091,0.72,SOCIAL_MEDIA_MONITORING
SOC_001151,PERSON_1233,PicWall,user_person_1233,2025-11-14 03:46:17,"New shop opening next week, everyone welcome.",,LOCATION_0096,0.7,SOCIAL_MEDIA_MONITORING
SOC_001152,PERSON_0550,ChirpNet,user_person_0550,2025-04-30 21:37:51,"Great weekend with family, back to work tomorrow.",,LOCATION_0295,0.4,SOCIAL_MEDIA_MONITORING
SOC_001153,PERSON_0019,ConnectHub,user_person_0019,2026-04-29 22:02:02,Traffic was terrible near the market today.,,LOCATION_0073,0.43,SOCIAL_MEDIA_MONITORING
SOC_001154,PERSON_1372,ConnectHub,user_person_1372,2026-02-15 08:46:57,"New shop opening next week, everyone welcome.",,LOCATION_0124,0.55,SOCIAL_MEDIA_MONITORING
SOC_001155,PERSON_1106,ConnectHub,user_person_1106,2025-10-27 02:11:18,Traffic was terrible near the market today.,,LOCATION_0267,0.68,SOCIAL_MEDIA_MONITORING
SOC_001156,PERSON_1232,SnapCircle,user_person_1232,2025-01-20 11:58:42,"Plan is confirmed, let's proceed as talked about.",,LOCATION_0263,0.67,SOCIAL_MEDIA_MONITORING
SOC_001157,PERSON_1390,TalkStream,user_person_1390,2025-07-05 08:13:26,Weather has been unusually warm this month.,,LOCATION_0281,0.58,SOCIAL_MEDIA_MONITORING
SOC_001158,PERSON_1057,TalkStream,user_person_1057,2025-09-26 10:57:09,"New shop opening next week, everyone welcome.",,LOCATION_0170,0.71,SOCIAL_MEDIA_MONITORING
SOC_001159,PERSON_1329,ConnectHub,user_person_1329,2025-06-11 19:02:14,Traffic was terrible near the market today.,,LOCATION_0239,0.52,SOCIAL_MEDIA_MONITORING
SOC_001160,PERSON_1064,ConnectHub,user_person_1064,2025-11-18 17:22:45,Weather has been unusually warm this month.,,LOCATION_0018,0.41,SOCIAL_MEDIA_MONITORING
SOC_001161,PERSON_1203,SnapCircle,user_person_1203,2024-04-29 04:17:12,"Package ready, will hand it over as discussed.",PERSON_1056,LOCATION_0203,0.52,SOCIAL_MEDIA_MONITORING
SOC_001162,PERSON_0249,ChirpNet,user_person_0249,2024-03-13 02:34:40,Happy to share we completed the delivery on time.,,LOCATION_0297,0.74,SOCIAL_MEDIA_MONITORING
SOC_001163,PERSON_0008,ChirpNet,user_person_0008,2024-03-15 12:12:51,Keep this between us for now.,,LOCATION_0077,0.52,SOCIAL_MEDIA_MONITORING
SOC_001164,PERSON_0735,ChirpNet,user_person_0735,2024-02-22 10:53:48,"Package ready, will hand it over as discussed.",PERSON_0154,LOCATION_0190,0.69,SOCIAL_MEDIA_MONITORING
SOC_001165,PERSON_0420,SnapCircle,user_person_0420,2025-02-06 16:59:48,"Package ready, will hand it over as discussed.",,LOCATION_0083,0.79,SOCIAL_MEDIA_MONITORING
SOC_001166,PERSON_1492,PicWall,user_person_1492,2024-06-02 06:16:03,Traffic was terrible near the market today.,,LOCATION_0207,0.62,SOCIAL_MEDIA_MONITORING
SOC_001167,PERSON_0917,SnapCircle,user_person_0917,2025-11-10 20:58:23,Traffic was terrible near the market today.,,LOCATION_0089,0.56,SOCIAL_MEDIA_MONITORING
SOC_001168,PERSON_1482,ChirpNet,user_person_1482,2025-05-08 02:12:08,"Plan is confirmed, let's proceed as talked about.",PERSON_0151,LOCATION_0068,0.72,SOCIAL_MEDIA_MONITORING
SOC_001169,PERSON_0254,TalkStream,user_person_0254,2025-08-12 07:59:31,"New shop opening next week, everyone welcome.",,LOCATION_0220,0.85,SOCIAL_MEDIA_MONITORING
SOC_001170,PERSON_0386,SnapCircle,user_person_0386,2025-06-02 10:16:15,"Plan is confirmed, let's proceed as talked about.",,LOCATION_0297,0.69,SOCIAL_MEDIA_MONITORING
SOC_001171,PERSON_0855,PicWall,user_person_0855,2025-12-29 23:50:39,Weather has been unusually warm this month.,,LOCATION_0077,0.8,SOCIAL_MEDIA_MONITORING
SOC_001172,PERSON_0318,TalkStream,user_person_0318,2025-11-20 23:33:26,Traffic was terrible near the market today.,,LOCATION_0019,0.84,SOCIAL_MEDIA_MONITORING
SOC_001173,PERSON_1019,TalkStream,user_person_1019,2024-11-11 22:17:50,Weather has been unusually warm this month.,,LOCATION_0132,0.59,SOCIAL_MEDIA_MONITORING
SOC_001174,PERSON_1471,ChirpNet,user_person_1471,2024-10-19 10:44:47,"Package ready, will hand it over as discussed.",,LOCATION_0009,0.59,SOCIAL_MEDIA_MONITORING
SOC_001175,PERSON_0996,ConnectHub,user_person_0996,2024-04-01 11:14:37,Traffic was terrible near the market today.,,LOCATION_0115,0.69,SOCIAL_MEDIA_MONITORING
SOC_001176,PERSON_0787,ChirpNet,user_person_0787,2025-09-01 19:20:28,Keep this between us for now.,,LOCATION_0140,0.65,SOCIAL_MEDIA_MONITORING
SOC_001177,PERSON_1190,PicWall,user_person_1190,2026-03-11 12:11:30,Weather has been unusually warm this month.,,LOCATION_0259,0.57,SOCIAL_MEDIA_MONITORING
SOC_001178,PERSON_0593,PicWall,user_person_0593,2026-02-07 08:15:35,Happy to share we completed the delivery on time.,,LOCATION_0082,0.5,SOCIAL_MEDIA_MONITORING
SOC_001179,PERSON_0762,ChirpNet,user_person_0762,2024-11-03 09:09:37,Happy to share we completed the delivery on time.,,LOCATION_0251,0.68,SOCIAL_MEDIA_MONITORING
SOC_001180,PERSON_0671,ConnectHub,user_person_0671,2026-01-19 04:24:28,"New shop opening next week, everyone welcome.",,LOCATION_0026,0.52,SOCIAL_MEDIA_MONITORING
SOC_001181,PERSON_0539,ChirpNet,user_person_0539,2025-10-28 20:38:07,"New shop opening next week, everyone welcome.",,LOCATION_0270,0.75,SOCIAL_MEDIA_MONITORING
SOC_001182,PERSON_1185,ConnectHub,user_person_1185,2025-11-18 14:28:03,"New shop opening next week, everyone welcome.",,LOCATION_0071,0.69,SOCIAL_MEDIA_MONITORING
SOC_001183,PERSON_1175,TalkStream,user_person_1175,2024-10-16 00:13:04,"Great weekend with family, back to work tomorrow.",,LOCATION_0276,0.79,SOCIAL_MEDIA_MONITORING
SOC_001184,PERSON_1260,SnapCircle,user_person_1260,2025-12-07 19:20:33,"Great weekend with family, back to work tomorrow.",,LOCATION_0064,0.65,SOCIAL_MEDIA_MONITORING
SOC_001185,PERSON_0190,ConnectHub,user_person_0190,2025-12-31 02:39:14,Traffic was terrible near the market today.,,LOCATION_0143,0.64,SOCIAL_MEDIA_MONITORING
SOC_001186,PERSON_0202,PicWall,user_person_0202,2024-05-24 10:57:54,"Everything is set for the evening, see you there.",PERSON_0629,LOCATION_0109,0.53,SOCIAL_MEDIA_MONITORING
SOC_001187,PERSON_0922,PicWall,user_person_0922,2024-12-23 18:07:40,Weather has been unusually warm this month.,,LOCATION_0029,0.84,SOCIAL_MEDIA_MONITORING
SOC_001188,PERSON_0897,PicWall,user_person_0897,2024-05-27 21:26:47,"Great weekend with family, back to work tomorrow.",,LOCATION_0219,0.53,SOCIAL_MEDIA_MONITORING
SOC_001189,PERSON_0205,ChirpNet,user_person_0205,2024-01-22 23:47:03,"New shop opening next week, everyone welcome.",,LOCATION_0242,0.73,SOCIAL_MEDIA_MONITORING
SOC_001190,PERSON_0925,TalkStream,user_person_0925,2024-09-08 02:58:25,Happy to share we completed the delivery on time.,,LOCATION_0042,0.47,SOCIAL_MEDIA_MONITORING
SOC_001191,PERSON_0750,ChirpNet,user_person_0750,2024-12-15 22:44:24,"Package ready, will hand it over as discussed.",,LOCATION_0088,0.53,SOCIAL_MEDIA_MONITORING
SOC_001192,PERSON_0257,ConnectHub,user_person_0257,2024-03-22 16:25:02,"Everything is set for the evening, see you there.",PERSON_0226,LOCATION_0248,0.46,SOCIAL_MEDIA_MONITORING
SOC_001193,PERSON_0790,SnapCircle,user_person_0790,2025-02-07 08:07:23,"New shop opening next week, everyone welcome.",,LOCATION_0120,0.41,SOCIAL_MEDIA_MONITORING
SOC_001194,PERSON_1314,SnapCircle,user_person_1314,2026-06-19 07:00:24,Happy to share we completed the delivery on time.,,LOCATION_0172,0.49,SOCIAL_MEDIA_MONITORING
SOC_001195,PERSON_0397,ChirpNet,user_person_0397,2024-03-31 13:58:50,Traffic was terrible near the market today.,,LOCATION_0215,0.48,SOCIAL_MEDIA_MONITORING
SOC_001196,PERSON_0141,TalkStream,user_person_0141,2025-12-29 00:11:00,Happy to share we completed the delivery on time.,,LOCATION_0250,0.82,SOCIAL_MEDIA_MONITORING
SOC_001197,PERSON_0176,PicWall,user_person_0176,2026-02-15 04:34:06,"Great weekend with family, back to work tomorrow.",,LOCATION_0168,0.57,SOCIAL_MEDIA_MONITORING
SOC_001198,PERSON_1085,PicWall,user_person_1085,2024-04-22 06:56:26,Keep this between us for now.,PERSON_0070,LOCATION_0035,0.54,SOCIAL_MEDIA_MONITORING
SOC_001199,PERSON_1490,PicWall,user_person_1490,2024-11-30 17:03:44,Traffic was terrible near the market today.,,LOCATION_0183,0.5,SOCIAL_MEDIA_MONITORING
SOC_001200,PERSON_0061,SnapCircle,user_person_0061,2026-03-04 06:59:05,"New shop opening next week, everyone welcome.",,LOCATION_0180,0.56,SOCIAL_MEDIA_MONITORING
SOC_001201,PERSON_0307,ChirpNet,user_person_0307,2026-02-27 11:38:13,Happy to share we completed the delivery on time.,,LOCATION_0051,0.47,SOCIAL_MEDIA_MONITORING
SOC_001202,PERSON_0176,ChirpNet,user_person_0176,2025-01-05 17:29:10,Meeting postponed. Same place tomorrow.,,LOCATION_0048,0.68,SOCIAL_MEDIA_MONITORING
SOC_001203,PERSON_1268,ChirpNet,user_person_1268,2026-03-28 05:59:19,Happy to share we completed the delivery on time.,,LOCATION_0258,0.53,SOCIAL_MEDIA_MONITORING
SOC_001204,PERSON_0089,PicWall,user_person_0089,2025-02-02 17:50:47,"New shop opening next week, everyone welcome.",,LOCATION_0110,0.59,SOCIAL_MEDIA_MONITORING
SOC_001205,PERSON_0113,ChirpNet,user_person_0113,2025-08-10 17:39:41,Traffic was terrible near the market today.,,LOCATION_0250,0.83,SOCIAL_MEDIA_MONITORING
SOC_001206,PERSON_1047,ConnectHub,user_person_1047,2024-04-28 05:34:43,Weather has been unusually warm this month.,,LOCATION_0044,0.49,SOCIAL_MEDIA_MONITORING
SOC_001207,PERSON_0804,ConnectHub,user_person_0804,2025-06-12 04:42:34,"New shop opening next week, everyone welcome.",,LOCATION_0230,0.62,SOCIAL_MEDIA_MONITORING
SOC_001208,PERSON_0643,ChirpNet,user_person_0643,2024-07-05 19:15:08,"New shop opening next week, everyone welcome.",,LOCATION_0020,0.74,SOCIAL_MEDIA_MONITORING
SOC_001209,PERSON_1108,SnapCircle,user_person_1108,2026-04-12 21:32:18,"Great weekend with family, back to work tomorrow.",,LOCATION_0034,0.55,SOCIAL_MEDIA_MONITORING
SOC_001210,PERSON_1456,ConnectHub,user_person_1456,2024-06-26 04:43:01,Meeting postponed. Same place tomorrow.,PERSON_1300,LOCATION_0106,0.59,SOCIAL_MEDIA_MONITORING
SOC_001211,PERSON_1266,TalkStream,user_person_1266,2024-02-08 16:59:00,Weather has been unusually warm this month.,,LOCATION_0141,0.53,SOCIAL_MEDIA_MONITORING
SOC_001212,PERSON_0263,SnapCircle,user_person_0263,2024-12-17 00:04:15,"New shop opening next week, everyone welcome.",,LOCATION_0155,0.43,SOCIAL_MEDIA_MONITORING
SOC_001213,PERSON_1209,ChirpNet,user_person_1209,2024-03-20 11:30:25,Traffic was terrible near the market today.,,LOCATION_0208,0.72,SOCIAL_MEDIA_MONITORING
SOC_001214,PERSON_1176,ChirpNet,user_person_1176,2025-04-14 06:36:22,"Great weekend with family, back to work tomorrow.",,LOCATION_0244,0.61,SOCIAL_MEDIA_MONITORING
SOC_001215,PERSON_0650,ChirpNet,user_person_0650,2024-05-20 07:33:46,"New shop opening next week, everyone welcome.",,LOCATION_0171,0.71,SOCIAL_MEDIA_MONITORING
SOC_001216,PERSON_1423,SnapCircle,user_person_1423,2026-03-13 02:25:57,Weather has been unusually warm this month.,,LOCATION_0117,0.67,SOCIAL_MEDIA_MONITORING
SOC_001217,PERSON_0890,TalkStream,user_person_0890,2024-11-02 12:23:19,Weather has been unusually warm this month.,,LOCATION_0293,0.58,SOCIAL_MEDIA_MONITORING
SOC_001218,PERSON_0196,ChirpNet,user_person_0196,2025-08-29 09:47:55,Traffic was terrible near the market today.,,LOCATION_0158,0.77,SOCIAL_MEDIA_MONITORING
SOC_001219,PERSON_0541,ConnectHub,user_person_0541,2025-04-10 15:06:52,"Plan is confirmed, let's proceed as talked about.",PERSON_1302,LOCATION_0268,0.59,SOCIAL_MEDIA_MONITORING
SOC_001220,PERSON_0405,SnapCircle,user_person_0405,2024-08-31 16:01:05,"New shop opening next week, everyone welcome.",,LOCATION_0072,0.82,SOCIAL_MEDIA_MONITORING
SOC_001221,PERSON_1379,PicWall,user_person_1379,2024-04-04 16:05:30,Weather has been unusually warm this month.,,LOCATION_0260,0.84,SOCIAL_MEDIA_MONITORING
SOC_001222,PERSON_0647,ChirpNet,user_person_0647,2025-06-23 08:47:19,"Plan is confirmed, let's proceed as talked about.",,LOCATION_0287,0.54,SOCIAL_MEDIA_MONITORING
SOC_001223,PERSON_1068,ChirpNet,user_person_1068,2025-07-14 22:07:58,Happy to share we completed the delivery on time.,,LOCATION_0091,0.49,SOCIAL_MEDIA_MONITORING
SOC_001224,PERSON_0722,PicWall,user_person_0722,2026-03-28 09:47:34,Meeting postponed. Same place tomorrow.,PERSON_0918,LOCATION_0224,0.52,SOCIAL_MEDIA_MONITORING
SOC_001225,PERSON_0280,ConnectHub,user_person_0280,2024-05-28 07:28:47,Traffic was terrible near the market today.,,LOCATION_0264,0.52,SOCIAL_MEDIA_MONITORING
SOC_001226,PERSON_0338,TalkStream,user_person_0338,2025-11-11 16:48:00,Happy to share we completed the delivery on time.,,LOCATION_0220,0.59,SOCIAL_MEDIA_MONITORING
SOC_001227,PERSON_0341,ChirpNet,user_person_0341,2025-05-05 07:59:03,Happy to share we completed the delivery on time.,,LOCATION_0099,0.7,SOCIAL_MEDIA_MONITORING
SOC_001228,PERSON_0008,ChirpNet,user_person_0008,2025-03-23 02:17:20,"New shop opening next week, everyone welcome.",,LOCATION_0297,0.77,SOCIAL_MEDIA_MONITORING
SOC_001229,PERSON_1005,PicWall,user_person_1005,2026-05-30 19:39:47,Traffic was terrible near the market today.,,LOCATION_0064,0.42,SOCIAL_MEDIA_MONITORING
SOC_001230,PERSON_0121,ChirpNet,user_person_0121,2024-09-24 13:23:51,"Great weekend with family, back to work tomorrow.",,LOCATION_0157,0.63,SOCIAL_MEDIA_MONITORING
SOC_001231,PERSON_0440,TalkStream,user_person_0440,2026-01-21 20:01:32,Meeting postponed. Same place tomorrow.,PERSON_0319,LOCATION_0068,0.61,SOCIAL_MEDIA_MONITORING
SOC_001232,PERSON_0179,ChirpNet,user_person_0179,2026-05-31 12:15:10,Happy to share we completed the delivery on time.,,LOCATION_0260,0.63,SOCIAL_MEDIA_MONITORING
SOC_001233,PERSON_1041,ConnectHub,user_person_1041,2024-03-29 09:37:28,Happy to share we completed the delivery on time.,,LOCATION_0010,0.5,SOCIAL_MEDIA_MONITORING
SOC_001234,PERSON_1216,PicWall,user_person_1216,2024-03-10 19:10:05,"Package ready, will hand it over as discussed.",PERSON_0754,LOCATION_0249,0.75,SOCIAL_MEDIA_MONITORING
SOC_001235,PERSON_0366,ChirpNet,user_person_0366,2024-05-07 13:13:15,Weather has been unusually warm this month.,,LOCATION_0098,0.42,SOCIAL_MEDIA_MONITORING
SOC_001236,PERSON_0368,SnapCircle,user_person_0368,2025-06-11 17:16:31,Meeting postponed. Same place tomorrow.,,LOCATION_0059,0.76,SOCIAL_MEDIA_MONITORING
SOC_001237,PERSON_1393,SnapCircle,user_person_1393,2024-07-15 06:40:38,Happy to share we completed the delivery on time.,,LOCATION_0241,0.48,SOCIAL_MEDIA_MONITORING
SOC_001238,PERSON_0737,TalkStream,user_person_0737,2024-12-04 00:23:51,Traffic was terrible near the market today.,,LOCATION_0096,0.55,SOCIAL_MEDIA_MONITORING
SOC_001239,PERSON_1204,TalkStream,user_person_1204,2024-06-09 12:16:46,Weather has been unusually warm this month.,,LOCATION_0015,0.83,SOCIAL_MEDIA_MONITORING
SOC_001240,PERSON_0015,SnapCircle,user_person_0015,2025-07-02 03:54:50,Weather has been unusually warm this month.,,LOCATION_0102,0.57,SOCIAL_MEDIA_MONITORING
SOC_001241,PERSON_0294,SnapCircle,user_person_0294,2024-04-14 13:12:22,Happy to share we completed the delivery on time.,,LOCATION_0232,0.72,SOCIAL_MEDIA_MONITORING
SOC_001242,PERSON_0441,ConnectHub,user_person_0441,2025-09-06 15:02:31,Traffic was terrible near the market today.,,LOCATION_0022,0.6,SOCIAL_MEDIA_MONITORING
SOC_001243,PERSON_1278,TalkStream,user_person_1278,2025-12-06 10:57:16,"New shop opening next week, everyone welcome.",,LOCATION_0175,0.79,SOCIAL_MEDIA_MONITORING
SOC_001244,PERSON_0175,SnapCircle,user_person_0175,2025-11-25 16:43:28,"New shop opening next week, everyone welcome.",,LOCATION_0296,0.5,SOCIAL_MEDIA_MONITORING
SOC_001245,PERSON_1066,SnapCircle,user_person_1066,2025-09-13 16:05:18,"Package ready, will hand it over as discussed.",PERSON_0275,LOCATION_0058,0.62,SOCIAL_MEDIA_MONITORING
SOC_001246,PERSON_0602,ConnectHub,user_person_0602,2025-11-19 01:04:20,Keep this between us for now.,,LOCATION_0138,0.72,SOCIAL_MEDIA_MONITORING
SOC_001247,PERSON_0387,PicWall,user_person_0387,2025-10-22 17:24:02,Traffic was terrible near the market today.,,LOCATION_0288,0.82,SOCIAL_MEDIA_MONITORING
SOC_001248,PERSON_0975,TalkStream,user_person_0975,2024-04-28 12:34:50,Traffic was terrible near the market today.,,LOCATION_0071,0.51,SOCIAL_MEDIA_MONITORING
SOC_001249,PERSON_0863,ChirpNet,user_person_0863,2024-06-05 12:45:36,"New shop opening next week, everyone welcome.",,LOCATION_0150,0.55,SOCIAL_MEDIA_MONITORING
SOC_001250,PERSON_0749,PicWall,user_person_0749,2024-08-23 04:16:53,"Great weekend with family, back to work tomorrow.",,LOCATION_0239,0.4,SOCIAL_MEDIA_MONITORING
SOC_001251,PERSON_1443,TalkStream,user_person_1443,2024-07-10 01:00:35,Weather has been unusually warm this month.,,LOCATION_0195,0.57,SOCIAL_MEDIA_MONITORING
SOC_001252,PERSON_0436,SnapCircle,user_person_0436,2024-05-07 21:13:05,"New shop opening next week, everyone welcome.",,LOCATION_0277,0.48,SOCIAL_MEDIA_MONITORING
SOC_001253,PERSON_1146,TalkStream,user_person_1146,2026-01-03 17:18:47,Traffic was terrible near the market today.,,LOCATION_0071,0.72,SOCIAL_MEDIA_MONITORING
SOC_001254,PERSON_0188,TalkStream,user_person_0188,2024-03-01 01:30:14,"Great weekend with family, back to work tomorrow.",,LOCATION_0251,0.46,SOCIAL_MEDIA_MONITORING
SOC_001255,PERSON_0758,ChirpNet,user_person_0758,2024-06-19 12:03:30,Traffic was terrible near the market today.,,LOCATION_0255,0.65,SOCIAL_MEDIA_MONITORING
SOC_001256,PERSON_1188,ChirpNet,user_person_1188,2024-01-26 05:41:39,"New shop opening next week, everyone welcome.",,LOCATION_0101,0.58,SOCIAL_MEDIA_MONITORING
SOC_001257,PERSON_0939,TalkStream,user_person_0939,2025-05-23 16:31:15,"Great weekend with family, back to work tomorrow.",,LOCATION_0244,0.45,SOCIAL_MEDIA_MONITORING
SOC_001258,PERSON_1401,TalkStream,user_person_1401,2026-04-29 13:12:29,"Great weekend with family, back to work tomorrow.",,LOCATION_0174,0.53,SOCIAL_MEDIA_MONITORING
SOC_001259,PERSON_0709,ChirpNet,user_person_0709,2024-01-02 16:54:11,Weather has been unusually warm this month.,,LOCATION_0055,0.83,SOCIAL_MEDIA_MONITORING
SOC_001260,PERSON_1315,TalkStream,user_person_1315,2024-04-14 12:22:44,Happy to share we completed the delivery on time.,,LOCATION_0130,0.81,SOCIAL_MEDIA_MONITORING
SOC_001261,PERSON_0178,ChirpNet,user_person_0178,2025-11-13 18:44:48,Happy to share we completed the delivery on time.,,LOCATION_0178,0.74,SOCIAL_MEDIA_MONITORING
SOC_001262,PERSON_0217,ConnectHub,user_person_0217,2025-08-06 18:38:04,Happy to share we completed the delivery on time.,,LOCATION_0120,0.59,SOCIAL_MEDIA_MONITORING
SOC_001263,PERSON_0678,SnapCircle,user_person_0678,2024-04-27 19:48:40,Weather has been unusually warm this month.,,LOCATION_0222,0.47,SOCIAL_MEDIA_MONITORING
SOC_001264,PERSON_0438,TalkStream,user_person_0438,2024-07-18 23:41:14,Weather has been unusually warm this month.,,LOCATION_0023,0.42,SOCIAL_MEDIA_MONITORING
SOC_001265,PERSON_1219,SnapCircle,user_person_1219,2025-02-04 22:00:19,Weather has been unusually warm this month.,,LOCATION_0149,0.54,SOCIAL_MEDIA_MONITORING
SOC_001266,PERSON_0174,TalkStream,user_person_0174,2025-07-21 11:09:41,Traffic was terrible near the market today.,,LOCATION_0297,0.57,SOCIAL_MEDIA_MONITORING
SOC_001267,PERSON_1167,PicWall,user_person_1167,2025-03-06 17:43:55,"Package ready, will hand it over as discussed.",,LOCATION_0062,0.66,SOCIAL_MEDIA_MONITORING
SOC_001268,PERSON_0750,ConnectHub,user_person_0750,2026-06-13 18:30:57,Happy to share we completed the delivery on time.,,LOCATION_0078,0.52,SOCIAL_MEDIA_MONITORING
SOC_001269,PERSON_0941,ChirpNet,user_person_0941,2025-09-29 19:33:21,Traffic was terrible near the market today.,,LOCATION_0272,0.84,SOCIAL_MEDIA_MONITORING
SOC_001270,PERSON_0080,SnapCircle,user_person_0080,2025-04-09 15:04:41,Traffic was terrible near the market today.,,LOCATION_0188,0.41,SOCIAL_MEDIA_MONITORING
SOC_001271,PERSON_1403,TalkStream,user_person_1403,2025-03-11 08:42:11,Weather has been unusually warm this month.,,LOCATION_0154,0.67,SOCIAL_MEDIA_MONITORING
SOC_001272,PERSON_1375,TalkStream,user_person_1375,2026-01-29 21:35:12,Traffic was terrible near the market today.,,LOCATION_0244,0.72,SOCIAL_MEDIA_MONITORING
SOC_001273,PERSON_0111,TalkStream,user_person_0111,2025-02-27 22:29:28,"Great weekend with family, back to work tomorrow.",,LOCATION_0280,0.75,SOCIAL_MEDIA_MONITORING
SOC_001274,PERSON_0639,ChirpNet,user_person_0639,2025-04-06 11:46:31,Happy to share we completed the delivery on time.,,LOCATION_0240,0.77,SOCIAL_MEDIA_MONITORING
SOC_001275,PERSON_0851,PicWall,user_person_0851,2025-02-19 19:29:49,"New shop opening next week, everyone welcome.",,LOCATION_0071,0.6,SOCIAL_MEDIA_MONITORING
SOC_001276,PERSON_0682,SnapCircle,user_person_0682,2025-05-01 09:51:34,"New shop opening next week, everyone welcome.",,LOCATION_0100,0.51,SOCIAL_MEDIA_MONITORING
SOC_001277,PERSON_0616,ConnectHub,user_person_0616,2024-02-24 11:53:51,Weather has been unusually warm this month.,,LOCATION_0099,0.71,SOCIAL_MEDIA_MONITORING
SOC_001278,PERSON_0638,SnapCircle,user_person_0638,2024-11-11 06:24:37,Traffic was terrible near the market today.,,LOCATION_0174,0.53,SOCIAL_MEDIA_MONITORING
SOC_001279,PERSON_0962,TalkStream,user_person_0962,2025-08-07 21:37:27,"New shop opening next week, everyone welcome.",,LOCATION_0163,0.76,SOCIAL_MEDIA_MONITORING
SOC_001280,PERSON_0453,ChirpNet,user_person_0453,2026-06-02 12:54:57,"Great weekend with family, back to work tomorrow.",,LOCATION_0286,0.67,SOCIAL_MEDIA_MONITORING
SOC_001281,PERSON_0247,SnapCircle,user_person_0247,2025-11-26 04:12:58,"New shop opening next week, everyone welcome.",,LOCATION_0124,0.49,SOCIAL_MEDIA_MONITORING
SOC_001282,PERSON_1283,ConnectHub,user_person_1283,2026-05-14 16:46:06,Traffic was terrible near the market today.,,LOCATION_0242,0.8,SOCIAL_MEDIA_MONITORING
SOC_001283,PERSON_0323,PicWall,user_person_0323,2024-07-05 17:44:33,"Great weekend with family, back to work tomorrow.",,LOCATION_0254,0.41,SOCIAL_MEDIA_MONITORING
SOC_001284,PERSON_0599,SnapCircle,user_person_0599,2024-01-20 00:44:48,Traffic was terrible near the market today.,,LOCATION_0058,0.78,SOCIAL_MEDIA_MONITORING
SOC_001285,PERSON_0816,SnapCircle,user_person_0816,2025-11-08 10:36:50,Meeting postponed. Same place tomorrow.,,LOCATION_0091,0.57,SOCIAL_MEDIA_MONITORING
SOC_001286,PERSON_0320,PicWall,user_person_0320,2024-05-25 13:13:09,"Great weekend with family, back to work tomorrow.",,LOCATION_0010,0.54,SOCIAL_MEDIA_MONITORING
SOC_001287,PERSON_0081,ConnectHub,user_person_0081,2025-09-27 11:59:32,Traffic was terrible near the market today.,,LOCATION_0245,0.6,SOCIAL_MEDIA_MONITORING
SOC_001288,PERSON_0149,TalkStream,user_person_0149,2024-06-06 22:53:43,"Package ready, will hand it over as discussed.",PERSON_0374,LOCATION_0172,0.41,SOCIAL_MEDIA_MONITORING
SOC_001289,PERSON_0077,SnapCircle,user_person_0077,2024-09-27 03:35:54,Weather has been unusually warm this month.,,LOCATION_0193,0.72,SOCIAL_MEDIA_MONITORING
SOC_001290,PERSON_0143,SnapCircle,user_person_0143,2026-04-25 04:58:32,"New shop opening next week, everyone welcome.",,LOCATION_0062,0.43,SOCIAL_MEDIA_MONITORING
SOC_001291,PERSON_1497,PicWall,user_person_1497,2025-11-20 08:36:25,Traffic was terrible near the market today.,,LOCATION_0256,0.48,SOCIAL_MEDIA_MONITORING
SOC_001292,PERSON_1142,SnapCircle,user_person_1142,2026-04-13 12:26:20,Traffic was terrible near the market today.,,LOCATION_0084,0.54,SOCIAL_MEDIA_MONITORING
SOC_001293,PERSON_0849,SnapCircle,user_person_0849,2024-10-25 23:42:24,"Great weekend with family, back to work tomorrow.",,LOCATION_0107,0.67,SOCIAL_MEDIA_MONITORING
SOC_001294,PERSON_0735,SnapCircle,user_person_0735,2024-06-16 23:37:38,"Great weekend with family, back to work tomorrow.",,LOCATION_0140,0.58,SOCIAL_MEDIA_MONITORING
SOC_001295,PERSON_0662,SnapCircle,user_person_0662,2025-12-05 19:22:45,"Package ready, will hand it over as discussed.",,LOCATION_0024,0.44,SOCIAL_MEDIA_MONITORING
SOC_001296,PERSON_0092,ChirpNet,user_person_0092,2026-02-01 22:28:09,"Everything is set for the evening, see you there.",,LOCATION_0044,0.5,SOCIAL_MEDIA_MONITORING
SOC_001297,PERSON_0932,PicWall,user_person_0932,2024-05-12 05:16:20,Happy to share we completed the delivery on time.,,LOCATION_0033,0.57,SOCIAL_MEDIA_MONITORING
SOC_001298,PERSON_1199,ConnectHub,user_person_1199,2024-08-31 18:15:58,Happy to share we completed the delivery on time.,,LOCATION_0119,0.58,SOCIAL_MEDIA_MONITORING
SOC_001299,PERSON_0505,ChirpNet,user_person_0505,2025-08-17 22:53:31,"Great weekend with family, back to work tomorrow.",,LOCATION_0241,0.47,SOCIAL_MEDIA_MONITORING
SOC_001300,PERSON_1290,ConnectHub,user_person_1290,2025-02-26 08:13:28,"Great weekend with family, back to work tomorrow.",,LOCATION_0250,0.62,SOCIAL_MEDIA_MONITORING
SOC_001301,PERSON_0448,ConnectHub,user_person_0448,2025-10-07 04:03:28,Happy to share we completed the delivery on time.,,LOCATION_0003,0.59,SOCIAL_MEDIA_MONITORING
SOC_001302,PERSON_0915,SnapCircle,user_person_0915,2025-11-12 02:02:23,Weather has been unusually warm this month.,,LOCATION_0208,0.71,SOCIAL_MEDIA_MONITORING
SOC_001303,PERSON_1012,ConnectHub,user_person_1012,2025-05-06 07:45:13,"Great weekend with family, back to work tomorrow.",,LOCATION_0054,0.45,SOCIAL_MEDIA_MONITORING
SOC_001304,PERSON_0578,ChirpNet,user_person_0578,2024-11-12 05:07:19,"New shop opening next week, everyone welcome.",,LOCATION_0075,0.43,SOCIAL_MEDIA_MONITORING
SOC_001305,PERSON_0793,SnapCircle,user_person_0793,2024-04-16 22:16:20,"Great weekend with family, back to work tomorrow.",,LOCATION_0227,0.71,SOCIAL_MEDIA_MONITORING
SOC_001306,PERSON_1138,ConnectHub,user_person_1138,2025-04-25 06:41:15,Traffic was terrible near the market today.,,LOCATION_0128,0.5,SOCIAL_MEDIA_MONITORING
SOC_001307,PERSON_0841,SnapCircle,user_person_0841,2024-01-25 00:12:05,Happy to share we completed the delivery on time.,,LOCATION_0098,0.76,SOCIAL_MEDIA_MONITORING
SOC_001308,PERSON_1447,ChirpNet,user_person_1447,2026-05-31 23:31:11,"Package ready, will hand it over as discussed.",PERSON_0920,LOCATION_0214,0.56,SOCIAL_MEDIA_MONITORING
SOC_001309,PERSON_1254,ConnectHub,user_person_1254,2025-05-22 23:07:41,Happy to share we completed the delivery on time.,,LOCATION_0226,0.67,SOCIAL_MEDIA_MONITORING
SOC_001310,PERSON_0690,TalkStream,user_person_0690,2025-07-19 09:39:11,Traffic was terrible near the market today.,,LOCATION_0228,0.41,SOCIAL_MEDIA_MONITORING
SOC_001311,PERSON_0734,PicWall,user_person_0734,2024-10-01 08:45:03,Weather has been unusually warm this month.,,LOCATION_0241,0.57,SOCIAL_MEDIA_MONITORING
SOC_001312,PERSON_0489,TalkStream,user_person_0489,2025-10-18 02:46:33,Traffic was terrible near the market today.,,LOCATION_0149,0.61,SOCIAL_MEDIA_MONITORING
SOC_001313,PERSON_0084,ConnectHub,user_person_0084,2024-11-26 22:22:38,"Great weekend with family, back to work tomorrow.",,LOCATION_0131,0.52,SOCIAL_MEDIA_MONITORING
SOC_001314,PERSON_1216,ChirpNet,user_person_1216,2025-02-11 15:39:36,Traffic was terrible near the market today.,,LOCATION_0099,0.64,SOCIAL_MEDIA_MONITORING
SOC_001315,PERSON_0845,ChirpNet,user_person_0845,2025-01-23 23:15:50,"Great weekend with family, back to work tomorrow.",,LOCATION_0221,0.82,SOCIAL_MEDIA_MONITORING
SOC_001316,PERSON_0258,TalkStream,user_person_0258,2025-11-20 21:08:21,Weather has been unusually warm this month.,,LOCATION_0059,0.78,SOCIAL_MEDIA_MONITORING
SOC_001317,PERSON_1314,SnapCircle,user_person_1314,2024-12-04 23:21:13,"New shop opening next week, everyone welcome.",,LOCATION_0252,0.69,SOCIAL_MEDIA_MONITORING
SOC_001318,PERSON_1227,TalkStream,user_person_1227,2026-04-28 10:43:35,Weather has been unusually warm this month.,,LOCATION_0096,0.41,SOCIAL_MEDIA_MONITORING
SOC_001319,PERSON_1497,PicWall,user_person_1497,2025-08-08 02:58:58,Happy to share we completed the delivery on time.,,LOCATION_0026,0.57,SOCIAL_MEDIA_MONITORING
SOC_001320,PERSON_1299,TalkStream,user_person_1299,2025-12-18 21:22:15,"New shop opening next week, everyone welcome.",,LOCATION_0072,0.69,SOCIAL_MEDIA_MONITORING
SOC_001321,PERSON_1192,ChirpNet,user_person_1192,2026-01-28 04:53:44,"Plan is confirmed, let's proceed as talked about.",PERSON_0677,LOCATION_0153,0.54,SOCIAL_MEDIA_MONITORING
SOC_001322,PERSON_0208,SnapCircle,user_person_0208,2024-01-16 12:22:59,Traffic was terrible near the market today.,,LOCATION_0174,0.81,SOCIAL_MEDIA_MONITORING
SOC_001323,PERSON_1145,TalkStream,user_person_1145,2025-02-07 07:39:35,Traffic was terrible near the market today.,,LOCATION_0179,0.41,SOCIAL_MEDIA_MONITORING
SOC_001324,PERSON_0461,PicWall,user_person_0461,2025-08-20 18:12:43,"Great weekend with family, back to work tomorrow.",,LOCATION_0190,0.45,SOCIAL_MEDIA_MONITORING
SOC_001325,PERSON_1386,PicWall,user_person_1386,2024-01-17 02:41:58,Happy to share we completed the delivery on time.,,LOCATION_0219,0.43,SOCIAL_MEDIA_MONITORING
SOC_001326,PERSON_0445,SnapCircle,user_person_0445,2026-03-27 02:17:46,Happy to share we completed the delivery on time.,,LOCATION_0099,0.61,SOCIAL_MEDIA_MONITORING
SOC_001327,PERSON_0750,PicWall,user_person_0750,2024-10-05 23:57:19,Meeting postponed. Same place tomorrow.,,LOCATION_0128,0.81,SOCIAL_MEDIA_MONITORING
SOC_001328,PERSON_0224,TalkStream,user_person_0224,2025-05-28 03:38:34,Weather has been unusually warm this month.,,LOCATION_0067,0.52,SOCIAL_MEDIA_MONITORING
SOC_001329,PERSON_1291,TalkStream,user_person_1291,2024-08-19 23:20:06,Traffic was terrible near the market today.,,LOCATION_0208,0.48,SOCIAL_MEDIA_MONITORING
SOC_001330,PERSON_1356,ConnectHub,user_person_1356,2026-01-28 15:23:56,Traffic was terrible near the market today.,,LOCATION_0276,0.52,SOCIAL_MEDIA_MONITORING
SOC_001331,PERSON_0285,ChirpNet,user_person_0285,2024-05-06 12:38:41,Traffic was terrible near the market today.,,LOCATION_0201,0.47,SOCIAL_MEDIA_MONITORING
SOC_001332,PERSON_0740,PicWall,user_person_0740,2026-02-21 12:03:35,"Package ready, will hand it over as discussed.",,LOCATION_0104,0.62,SOCIAL_MEDIA_MONITORING
SOC_001333,PERSON_0583,ChirpNet,user_person_0583,2025-08-30 21:57:18,Meeting postponed. Same place tomorrow.,PERSON_1113,LOCATION_0045,0.78,SOCIAL_MEDIA_MONITORING
SOC_001334,PERSON_1382,ChirpNet,user_person_1382,2026-02-18 15:57:36,Happy to share we completed the delivery on time.,,LOCATION_0282,0.41,SOCIAL_MEDIA_MONITORING
SOC_001335,PERSON_0419,PicWall,user_person_0419,2025-04-24 21:36:42,Happy to share we completed the delivery on time.,,LOCATION_0264,0.61,SOCIAL_MEDIA_MONITORING
SOC_001336,PERSON_0891,TalkStream,user_person_0891,2025-04-20 17:14:07,Weather has been unusually warm this month.,,LOCATION_0299,0.73,SOCIAL_MEDIA_MONITORING
SOC_001337,PERSON_0270,PicWall,user_person_0270,2025-09-29 09:34:05,"Great weekend with family, back to work tomorrow.",,LOCATION_0121,0.66,SOCIAL_MEDIA_MONITORING
SOC_001338,PERSON_1385,ConnectHub,user_person_1385,2025-04-23 00:14:57,Happy to share we completed the delivery on time.,,LOCATION_0250,0.65,SOCIAL_MEDIA_MONITORING
SOC_001339,PERSON_0878,SnapCircle,user_person_0878,2024-08-10 21:34:49,"Great weekend with family, back to work tomorrow.",,LOCATION_0115,0.75,SOCIAL_MEDIA_MONITORING
SOC_001340,PERSON_0494,PicWall,user_person_0494,2025-07-22 17:27:33,"Great weekend with family, back to work tomorrow.",,LOCATION_0187,0.45,SOCIAL_MEDIA_MONITORING
SOC_001341,PERSON_0292,SnapCircle,user_person_0292,2026-01-08 13:54:30,Weather has been unusually warm this month.,,LOCATION_0151,0.76,SOCIAL_MEDIA_MONITORING
SOC_001342,PERSON_0668,ConnectHub,user_person_0668,2025-08-06 04:58:01,"New shop opening next week, everyone welcome.",,LOCATION_0235,0.82,SOCIAL_MEDIA_MONITORING
SOC_001343,PERSON_1371,SnapCircle,user_person_1371,2025-05-05 08:09:19,Weather has been unusually warm this month.,,LOCATION_0236,0.42,SOCIAL_MEDIA_MONITORING
SOC_001344,PERSON_1441,TalkStream,user_person_1441,2024-03-20 09:30:20,"Great weekend with family, back to work tomorrow.",,LOCATION_0264,0.68,SOCIAL_MEDIA_MONITORING
SOC_001345,PERSON_1176,ConnectHub,user_person_1176,2025-05-23 14:30:52,Weather has been unusually warm this month.,,LOCATION_0284,0.73,SOCIAL_MEDIA_MONITORING
SOC_001346,PERSON_0940,ConnectHub,user_person_0940,2024-01-06 06:40:46,Traffic was terrible near the market today.,,LOCATION_0263,0.49,SOCIAL_MEDIA_MONITORING
SOC_001347,PERSON_0829,PicWall,user_person_0829,2025-12-05 22:23:08,Traffic was terrible near the market today.,,LOCATION_0226,0.85,SOCIAL_MEDIA_MONITORING
SOC_001348,PERSON_1215,SnapCircle,user_person_1215,2025-07-24 07:55:51,Happy to share we completed the delivery on time.,,LOCATION_0042,0.84,SOCIAL_MEDIA_MONITORING
SOC_001349,PERSON_0970,ConnectHub,user_person_0970,2024-01-07 14:15:13,Happy to share we completed the delivery on time.,,LOCATION_0213,0.76,SOCIAL_MEDIA_MONITORING
SOC_001350,PERSON_0837,PicWall,user_person_0837,2026-02-12 22:08:55,Keep this between us for now.,,LOCATION_0035,0.54,SOCIAL_MEDIA_MONITORING
SOC_001351,PERSON_0965,ChirpNet,user_person_0965,2025-02-17 21:12:33,Happy to share we completed the delivery on time.,,LOCATION_0287,0.56,SOCIAL_MEDIA_MONITORING
SOC_001352,PERSON_0971,PicWall,user_person_0971,2025-09-09 14:39:57,Weather has been unusually warm this month.,,LOCATION_0295,0.5,SOCIAL_MEDIA_MONITORING
SOC_001353,PERSON_0923,SnapCircle,user_person_0923,2024-10-29 12:15:50,Weather has been unusually warm this month.,,LOCATION_0040,0.76,SOCIAL_MEDIA_MONITORING
SOC_001354,PERSON_0657,SnapCircle,user_person_0657,2026-02-17 11:21:24,Happy to share we completed the delivery on time.,,LOCATION_0296,0.43,SOCIAL_MEDIA_MONITORING
SOC_001355,PERSON_0736,ChirpNet,user_person_0736,2025-12-22 16:27:57,Traffic was terrible near the market today.,,LOCATION_0128,0.58,SOCIAL_MEDIA_MONITORING
SOC_001356,PERSON_1454,PicWall,user_person_1454,2025-02-27 03:22:19,Happy to share we completed the delivery on time.,,LOCATION_0253,0.73,SOCIAL_MEDIA_MONITORING
SOC_001357,PERSON_0585,SnapCircle,user_person_0585,2025-08-02 12:05:13,"New shop opening next week, everyone welcome.",,LOCATION_0196,0.57,SOCIAL_MEDIA_MONITORING
SOC_001358,PERSON_0296,SnapCircle,user_person_0296,2025-09-11 15:00:39,Happy to share we completed the delivery on time.,,LOCATION_0264,0.8,SOCIAL_MEDIA_MONITORING
SOC_001359,PERSON_0199,SnapCircle,user_person_0199,2025-11-19 21:47:34,Happy to share we completed the delivery on time.,,LOCATION_0191,0.58,SOCIAL_MEDIA_MONITORING
SOC_001360,PERSON_1040,ConnectHub,user_person_1040,2025-05-04 11:07:03,"New shop opening next week, everyone welcome.",,LOCATION_0266,0.85,SOCIAL_MEDIA_MONITORING
SOC_001361,PERSON_1401,SnapCircle,user_person_1401,2024-04-11 17:33:33,Happy to share we completed the delivery on time.,,LOCATION_0244,0.54,SOCIAL_MEDIA_MONITORING
SOC_001362,PERSON_0413,PicWall,user_person_0413,2025-05-09 10:41:32,"Great weekend with family, back to work tomorrow.",,LOCATION_0250,0.67,SOCIAL_MEDIA_MONITORING
SOC_001363,PERSON_0429,PicWall,user_person_0429,2025-04-01 13:11:48,Traffic was terrible near the market today.,,LOCATION_0099,0.84,SOCIAL_MEDIA_MONITORING
SOC_001364,PERSON_0443,ChirpNet,user_person_0443,2024-01-27 02:23:19,"New shop opening next week, everyone welcome.",,LOCATION_0239,0.79,SOCIAL_MEDIA_MONITORING
SOC_001365,PERSON_0992,PicWall,user_person_0992,2026-02-14 01:13:32,"Great weekend with family, back to work tomorrow.",,LOCATION_0031,0.67,SOCIAL_MEDIA_MONITORING
SOC_001366,PERSON_0105,TalkStream,user_person_0105,2025-11-08 21:45:14,"New shop opening next week, everyone welcome.",,LOCATION_0091,0.61,SOCIAL_MEDIA_MONITORING
SOC_001367,PERSON_0442,TalkStream,user_person_0442,2024-01-09 01:45:41,"Plan is confirmed, let's proceed as talked about.",,LOCATION_0031,0.74,SOCIAL_MEDIA_MONITORING
SOC_001368,PERSON_1445,SnapCircle,user_person_1445,2025-01-02 16:38:18,Weather has been unusually warm this month.,,LOCATION_0256,0.76,SOCIAL_MEDIA_MONITORING
SOC_001369,PERSON_0808,TalkStream,user_person_0808,2024-03-03 08:23:44,Happy to share we completed the delivery on time.,,LOCATION_0248,0.67,SOCIAL_MEDIA_MONITORING
SOC_001370,PERSON_0123,PicWall,user_person_0123,2025-01-24 06:59:59,"Everything is set for the evening, see you there.",,LOCATION_0152,0.64,SOCIAL_MEDIA_MONITORING
SOC_001371,PERSON_0862,ChirpNet,user_person_0862,2025-04-18 09:50:38,"Everything is set for the evening, see you there.",PERSON_0979,LOCATION_0148,0.77,SOCIAL_MEDIA_MONITORING
SOC_001372,PERSON_1101,ConnectHub,user_person_1101,2024-11-02 12:19:19,Happy to share we completed the delivery on time.,,LOCATION_0157,0.82,SOCIAL_MEDIA_MONITORING
SOC_001373,PERSON_0844,PicWall,user_person_0844,2024-10-16 02:19:01,Happy to share we completed the delivery on time.,,LOCATION_0236,0.79,SOCIAL_MEDIA_MONITORING
SOC_001374,PERSON_1122,SnapCircle,user_person_1122,2025-10-10 18:46:41,Weather has been unusually warm this month.,,LOCATION_0115,0.81,SOCIAL_MEDIA_MONITORING
SOC_001375,PERSON_0263,TalkStream,user_person_0263,2025-08-10 07:43:58,Happy to share we completed the delivery on time.,,LOCATION_0045,0.64,SOCIAL_MEDIA_MONITORING
SOC_001376,PERSON_1280,TalkStream,user_person_1280,2025-03-14 01:59:30,"Great weekend with family, back to work tomorrow.",,LOCATION_0045,0.75,SOCIAL_MEDIA_MONITORING
SOC_001377,PERSON_0444,SnapCircle,user_person_0444,2025-12-23 20:31:55,"Great weekend with family, back to work tomorrow.",,LOCATION_0271,0.41,SOCIAL_MEDIA_MONITORING
SOC_001378,PERSON_1041,ConnectHub,user_person_1041,2026-03-14 07:52:24,Traffic was terrible near the market today.,,LOCATION_0140,0.49,SOCIAL_MEDIA_MONITORING
SOC_001379,PERSON_1252,TalkStream,user_person_1252,2025-03-01 21:07:06,"Great weekend with family, back to work tomorrow.",,LOCATION_0219,0.53,SOCIAL_MEDIA_MONITORING
SOC_001380,PERSON_0553,SnapCircle,user_person_0553,2026-05-14 22:36:38,"Great weekend with family, back to work tomorrow.",,LOCATION_0235,0.85,SOCIAL_MEDIA_MONITORING
SOC_001381,PERSON_1038,ConnectHub,user_person_1038,2026-06-05 00:48:06,Weather has been unusually warm this month.,,LOCATION_0092,0.42,SOCIAL_MEDIA_MONITORING
SOC_001382,PERSON_1009,ConnectHub,user_person_1009,2025-01-06 18:46:23,Happy to share we completed the delivery on time.,,LOCATION_0028,0.66,SOCIAL_MEDIA_MONITORING
SOC_001383,PERSON_0509,TalkStream,user_person_0509,2024-06-22 06:00:19,"New shop opening next week, everyone welcome.",,LOCATION_0108,0.83,SOCIAL_MEDIA_MONITORING
SOC_001384,PERSON_0989,ChirpNet,user_person_0989,2024-12-19 01:11:10,"New shop opening next week, everyone welcome.",,LOCATION_0237,0.7,SOCIAL_MEDIA_MONITORING
SOC_001385,PERSON_1058,ConnectHub,user_person_1058,2024-05-15 02:55:36,Happy to share we completed the delivery on time.,,LOCATION_0151,0.64,SOCIAL_MEDIA_MONITORING
SOC_001386,PERSON_0280,SnapCircle,user_person_0280,2025-04-30 22:22:39,"New shop opening next week, everyone welcome.",,LOCATION_0154,0.47,SOCIAL_MEDIA_MONITORING
SOC_001387,PERSON_0196,SnapCircle,user_person_0196,2026-05-31 23:13:15,Meeting postponed. Same place tomorrow.,,LOCATION_0188,0.54,SOCIAL_MEDIA_MONITORING
SOC_001388,PERSON_0175,ChirpNet,user_person_0175,2024-10-20 23:23:20,Keep this between us for now.,,LOCATION_0296,0.61,SOCIAL_MEDIA_MONITORING
SOC_001389,PERSON_0646,ChirpNet,user_person_0646,2025-07-13 19:16:10,Weather has been unusually warm this month.,,LOCATION_0135,0.77,SOCIAL_MEDIA_MONITORING
SOC_001390,PERSON_0080,PicWall,user_person_0080,2025-07-16 00:56:01,"Everything is set for the evening, see you there.",PERSON_0361,LOCATION_0288,0.77,SOCIAL_MEDIA_MONITORING
SOC_001391,PERSON_0854,ChirpNet,user_person_0854,2026-04-25 07:23:26,"Plan is confirmed, let's proceed as talked about.",,LOCATION_0134,0.5,SOCIAL_MEDIA_MONITORING
SOC_001392,PERSON_0173,ConnectHub,user_person_0173,2026-05-05 23:35:33,Weather has been unusually warm this month.,,LOCATION_0176,0.69,SOCIAL_MEDIA_MONITORING
SOC_001393,PERSON_0313,TalkStream,user_person_0313,2026-04-03 23:44:35,"New shop opening next week, everyone welcome.",,LOCATION_0207,0.73,SOCIAL_MEDIA_MONITORING
SOC_001394,PERSON_0775,ConnectHub,user_person_0775,2024-03-15 18:55:53,Happy to share we completed the delivery on time.,,LOCATION_0187,0.66,SOCIAL_MEDIA_MONITORING
SOC_001395,PERSON_0819,ChirpNet,user_person_0819,2024-05-10 01:01:11,Happy to share we completed the delivery on time.,,LOCATION_0225,0.44,SOCIAL_MEDIA_MONITORING
SOC_001396,PERSON_0474,ChirpNet,user_person_0474,2026-04-04 00:10:12,"Plan is confirmed, let's proceed as talked about.",,LOCATION_0220,0.73,SOCIAL_MEDIA_MONITORING
SOC_001397,PERSON_1431,ConnectHub,user_person_1431,2025-12-12 00:36:26,"Great weekend with family, back to work tomorrow.",,LOCATION_0126,0.45,SOCIAL_MEDIA_MONITORING
SOC_001398,PERSON_1116,ChirpNet,user_person_1116,2024-10-14 22:51:17,"Everything is set for the evening, see you there.",,LOCATION_0091,0.66,SOCIAL_MEDIA_MONITORING
SOC_001399,PERSON_0107,ChirpNet,user_person_0107,2024-01-24 10:12:05,"New shop opening next week, everyone welcome.",,LOCATION_0026,0.72,SOCIAL_MEDIA_MONITORING
SOC_001400,PERSON_0336,TalkStream,user_person_0336,2025-11-02 09:23:42,"Great weekend with family, back to work tomorrow.",,LOCATION_0255,0.45,SOCIAL_MEDIA_MONITORING
SOC_001401,PERSON_1246,ChirpNet,user_person_1246,2024-01-11 10:13:14,Traffic was terrible near the market today.,,LOCATION_0277,0.85,SOCIAL_MEDIA_MONITORING
SOC_001402,PERSON_1125,ConnectHub,user_person_1125,2026-01-25 14:12:12,Weather has been unusually warm this month.,,LOCATION_0046,0.42,SOCIAL_MEDIA_MONITORING
SOC_001403,PERSON_1414,TalkStream,user_person_1414,2025-11-16 03:25:15,Meeting postponed. Same place tomorrow.,,LOCATION_0268,0.44,SOCIAL_MEDIA_MONITORING
SOC_001404,PERSON_0325,ConnectHub,user_person_0325,2024-04-24 22:01:28,Happy to share we completed the delivery on time.,,LOCATION_0186,0.78,SOCIAL_MEDIA_MONITORING
SOC_001405,PERSON_0245,ChirpNet,user_person_0245,2025-11-20 15:45:46,Traffic was terrible near the market today.,,LOCATION_0019,0.72,SOCIAL_MEDIA_MONITORING
SOC_001406,PERSON_0260,TalkStream,user_person_0260,2025-07-13 02:00:27,Weather has been unusually warm this month.,,LOCATION_0134,0.62,SOCIAL_MEDIA_MONITORING
SOC_001407,PERSON_0830,ChirpNet,user_person_0830,2026-02-08 23:49:16,"New shop opening next week, everyone welcome.",,LOCATION_0222,0.73,SOCIAL_MEDIA_MONITORING
SOC_001408,PERSON_0254,PicWall,user_person_0254,2025-10-22 23:19:54,Weather has been unusually warm this month.,,LOCATION_0080,0.85,SOCIAL_MEDIA_MONITORING
SOC_001409,PERSON_0203,TalkStream,user_person_0203,2025-12-04 20:44:49,Happy to share we completed the delivery on time.,,LOCATION_0254,0.43,SOCIAL_MEDIA_MONITORING
SOC_001410,PERSON_1281,SnapCircle,user_person_1281,2024-10-07 02:22:30,"Great weekend with family, back to work tomorrow.",,LOCATION_0296,0.67,SOCIAL_MEDIA_MONITORING
SOC_001411,PERSON_0517,PicWall,user_person_0517,2025-01-19 20:56:37,"New shop opening next week, everyone welcome.",,LOCATION_0075,0.52,SOCIAL_MEDIA_MONITORING
SOC_001412,PERSON_0990,ConnectHub,user_person_0990,2024-01-06 16:47:21,Keep this between us for now.,,LOCATION_0162,0.54,SOCIAL_MEDIA_MONITORING
SOC_001413,PERSON_1072,TalkStream,user_person_1072,2025-02-17 08:09:54,Happy to share we completed the delivery on time.,,LOCATION_0243,0.41,SOCIAL_MEDIA_MONITORING
SOC_001414,PERSON_1313,TalkStream,user_person_1313,2024-05-08 22:47:15,Happy to share we completed the delivery on time.,,LOCATION_0097,0.69,SOCIAL_MEDIA_MONITORING
SOC_001415,PERSON_1408,TalkStream,user_person_1408,2025-08-27 13:58:32,Traffic was terrible near the market today.,,LOCATION_0046,0.74,SOCIAL_MEDIA_MONITORING
SOC_001416,PERSON_0454,ChirpNet,user_person_0454,2025-02-28 13:07:47,Traffic was terrible near the market today.,,LOCATION_0123,0.71,SOCIAL_MEDIA_MONITORING
SOC_001417,PERSON_0978,ConnectHub,user_person_0978,2025-12-21 23:49:00,Weather has been unusually warm this month.,,LOCATION_0299,0.63,SOCIAL_MEDIA_MONITORING
SOC_001418,PERSON_0916,ConnectHub,user_person_0916,2025-11-30 10:35:20,Happy to share we completed the delivery on time.,,LOCATION_0154,0.84,SOCIAL_MEDIA_MONITORING
SOC_001419,PERSON_0595,ConnectHub,user_person_0595,2025-06-18 17:20:55,Traffic was terrible near the market today.,,LOCATION_0112,0.81,SOCIAL_MEDIA_MONITORING
SOC_001420,PERSON_1186,TalkStream,user_person_1186,2024-06-10 02:07:09,"Great weekend with family, back to work tomorrow.",,LOCATION_0062,0.7,SOCIAL_MEDIA_MONITORING
SOC_001421,PERSON_0988,TalkStream,user_person_0988,2025-03-08 00:12:26,Happy to share we completed the delivery on time.,,LOCATION_0131,0.57,SOCIAL_MEDIA_MONITORING
SOC_001422,PERSON_1336,SnapCircle,user_person_1336,2025-06-04 01:39:22,"Everything is set for the evening, see you there.",,LOCATION_0279,0.59,SOCIAL_MEDIA_MONITORING
SOC_001423,PERSON_0186,PicWall,user_person_0186,2025-02-23 14:57:48,Traffic was terrible near the market today.,,LOCATION_0024,0.77,SOCIAL_MEDIA_MONITORING
SOC_001424,PERSON_0278,PicWall,user_person_0278,2025-03-03 18:53:38,"Great weekend with family, back to work tomorrow.",,LOCATION_0002,0.64,SOCIAL_MEDIA_MONITORING
SOC_001425,PERSON_0391,ChirpNet,user_person_0391,2024-08-22 00:14:41,Traffic was terrible near the market today.,,LOCATION_0190,0.63,SOCIAL_MEDIA_MONITORING
SOC_001426,PERSON_1437,TalkStream,user_person_1437,2026-03-07 01:05:21,"New shop opening next week, everyone welcome.",,LOCATION_0249,0.51,SOCIAL_MEDIA_MONITORING
SOC_001427,PERSON_0126,PicWall,user_person_0126,2024-02-08 07:58:57,Traffic was terrible near the market today.,,LOCATION_0173,0.63,SOCIAL_MEDIA_MONITORING
SOC_001428,PERSON_1119,SnapCircle,user_person_1119,2026-04-25 10:22:34,"New shop opening next week, everyone welcome.",,LOCATION_0021,0.68,SOCIAL_MEDIA_MONITORING
SOC_001429,PERSON_0297,ChirpNet,user_person_0297,2025-06-29 13:08:51,"New shop opening next week, everyone welcome.",,LOCATION_0147,0.84,SOCIAL_MEDIA_MONITORING
SOC_001430,PERSON_0759,SnapCircle,user_person_0759,2024-11-06 21:56:34,Keep this between us for now.,,LOCATION_0281,0.47,SOCIAL_MEDIA_MONITORING
SOC_001431,PERSON_0360,ConnectHub,user_person_0360,2024-06-15 04:55:49,Weather has been unusually warm this month.,,LOCATION_0290,0.68,SOCIAL_MEDIA_MONITORING
SOC_001432,PERSON_1177,TalkStream,user_person_1177,2024-06-11 19:56:07,"Great weekend with family, back to work tomorrow.",,LOCATION_0092,0.77,SOCIAL_MEDIA_MONITORING
SOC_001433,PERSON_1199,PicWall,user_person_1199,2026-03-14 20:09:09,Happy to share we completed the delivery on time.,,LOCATION_0009,0.69,SOCIAL_MEDIA_MONITORING
SOC_001434,PERSON_0706,SnapCircle,user_person_0706,2025-10-02 02:42:04,Weather has been unusually warm this month.,,LOCATION_0219,0.74,SOCIAL_MEDIA_MONITORING
SOC_001435,PERSON_0061,TalkStream,user_person_0061,2026-01-19 17:21:48,Weather has been unusually warm this month.,,LOCATION_0210,0.58,SOCIAL_MEDIA_MONITORING
SOC_001436,PERSON_0081,PicWall,user_person_0081,2026-03-04 04:22:46,"New shop opening next week, everyone welcome.",,LOCATION_0275,0.76,SOCIAL_MEDIA_MONITORING
SOC_001437,PERSON_0822,ChirpNet,user_person_0822,2024-02-24 12:08:28,Traffic was terrible near the market today.,,LOCATION_0188,0.5,SOCIAL_MEDIA_MONITORING
SOC_001438,PERSON_0373,ConnectHub,user_person_0373,2025-09-10 09:07:31,Happy to share we completed the delivery on time.,,LOCATION_0118,0.44,SOCIAL_MEDIA_MONITORING
SOC_001439,PERSON_0077,ChirpNet,user_person_0077,2025-03-26 14:03:36,"Package ready, will hand it over as discussed.",PERSON_0362,LOCATION_0163,0.66,SOCIAL_MEDIA_MONITORING
SOC_001440,PERSON_0872,ConnectHub,user_person_0872,2024-05-22 21:46:27,Weather has been unusually warm this month.,,LOCATION_0175,0.56,SOCIAL_MEDIA_MONITORING
SOC_001441,PERSON_0240,TalkStream,user_person_0240,2026-04-22 09:28:42,Happy to share we completed the delivery on time.,,LOCATION_0132,0.66,SOCIAL_MEDIA_MONITORING
SOC_001442,PERSON_0848,ChirpNet,user_person_0848,2025-01-27 21:38:02,"New shop opening next week, everyone welcome.",,LOCATION_0020,0.57,SOCIAL_MEDIA_MONITORING
SOC_001443,PERSON_0357,ConnectHub,user_person_0357,2024-07-29 05:53:48,Weather has been unusually warm this month.,,LOCATION_0118,0.77,SOCIAL_MEDIA_MONITORING
SOC_001444,PERSON_0610,SnapCircle,user_person_0610,2025-07-19 07:36:56,Weather has been unusually warm this month.,,LOCATION_0271,0.76,SOCIAL_MEDIA_MONITORING
SOC_001445,PERSON_0534,TalkStream,user_person_0534,2025-12-22 16:38:17,Weather has been unusually warm this month.,,LOCATION_0127,0.67,SOCIAL_MEDIA_MONITORING
SOC_001446,PERSON_0098,TalkStream,user_person_0098,2025-12-01 10:36:31,"Everything is set for the evening, see you there.",,LOCATION_0215,0.47,SOCIAL_MEDIA_MONITORING
SOC_001447,PERSON_0715,ConnectHub,user_person_0715,2026-03-17 02:51:12,Weather has been unusually warm this month.,,LOCATION_0156,0.79,SOCIAL_MEDIA_MONITORING
SOC_001448,PERSON_1036,SnapCircle,user_person_1036,2024-04-10 01:54:05,Weather has been unusually warm this month.,,LOCATION_0227,0.4,SOCIAL_MEDIA_MONITORING
SOC_001449,PERSON_0519,SnapCircle,user_person_0519,2024-04-08 14:12:47,"Great weekend with family, back to work tomorrow.",,LOCATION_0194,0.53,SOCIAL_MEDIA_MONITORING
SOC_001450,PERSON_0190,ChirpNet,user_person_0190,2026-06-19 03:35:47,Weather has been unusually warm this month.,,LOCATION_0023,0.44,SOCIAL_MEDIA_MONITORING
SOC_001451,PERSON_1393,PicWall,user_person_1393,2025-02-26 00:49:15,Traffic was terrible near the market today.,,LOCATION_0021,0.75,SOCIAL_MEDIA_MONITORING
SOC_001452,PERSON_0761,ChirpNet,user_person_0761,2024-05-27 22:32:15,Traffic was terrible near the market today.,,LOCATION_0298,0.69,SOCIAL_MEDIA_MONITORING
SOC_001453,PERSON_1177,PicWall,user_person_1177,2024-01-25 23:29:21,Happy to share we completed the delivery on time.,,LOCATION_0192,0.57,SOCIAL_MEDIA_MONITORING
SOC_001454,PERSON_0939,TalkStream,user_person_0939,2024-03-30 17:41:08,Traffic was terrible near the market today.,,LOCATION_0144,0.57,SOCIAL_MEDIA_MONITORING
SOC_001455,PERSON_0016,PicWall,user_person_0016,2025-03-21 15:42:39,Happy to share we completed the delivery on time.,,LOCATION_0070,0.64,SOCIAL_MEDIA_MONITORING
SOC_001456,PERSON_0988,ConnectHub,user_person_0988,2024-04-23 22:12:44,Traffic was terrible near the market today.,,LOCATION_0011,0.69,SOCIAL_MEDIA_MONITORING
SOC_001457,PERSON_1476,ConnectHub,user_person_1476,2025-11-12 09:40:10,"Great weekend with family, back to work tomorrow.",,LOCATION_0238,0.82,SOCIAL_MEDIA_MONITORING
SOC_001458,PERSON_0440,ChirpNet,user_person_0440,2024-06-27 13:57:45,Traffic was terrible near the market today.,,LOCATION_0158,0.8,SOCIAL_MEDIA_MONITORING
SOC_001459,PERSON_0511,ChirpNet,user_person_0511,2025-10-12 00:48:18,"New shop opening next week, everyone welcome.",,LOCATION_0251,0.59,SOCIAL_MEDIA_MONITORING
SOC_001460,PERSON_0173,PicWall,user_person_0173,2026-06-26 18:01:49,"Great weekend with family, back to work tomorrow.",,LOCATION_0076,0.44,SOCIAL_MEDIA_MONITORING
SOC_001461,PERSON_1351,TalkStream,user_person_1351,2026-03-31 14:21:05,"Great weekend with family, back to work tomorrow.",,LOCATION_0035,0.68,SOCIAL_MEDIA_MONITORING
SOC_001462,PERSON_0468,PicWall,user_person_0468,2025-06-02 19:15:24,Weather has been unusually warm this month.,,LOCATION_0277,0.77,SOCIAL_MEDIA_MONITORING
SOC_001463,PERSON_1232,PicWall,user_person_1232,2025-03-05 06:29:46,Happy to share we completed the delivery on time.,,LOCATION_0153,0.61,SOCIAL_MEDIA_MONITORING
SOC_001464,PERSON_0664,ConnectHub,user_person_0664,2024-08-15 15:43:23,Traffic was terrible near the market today.,,LOCATION_0001,0.43,SOCIAL_MEDIA_MONITORING
SOC_001465,PERSON_0520,ConnectHub,user_person_0520,2025-07-05 23:56:42,"Plan is confirmed, let's proceed as talked about.",PERSON_0084,LOCATION_0093,0.73,SOCIAL_MEDIA_MONITORING
SOC_001466,PERSON_0758,ChirpNet,user_person_0758,2025-11-28 06:59:54,"New shop opening next week, everyone welcome.",,LOCATION_0165,0.75,SOCIAL_MEDIA_MONITORING
SOC_001467,PERSON_1491,SnapCircle,user_person_1491,2026-03-01 21:01:32,Happy to share we completed the delivery on time.,,LOCATION_0269,0.65,SOCIAL_MEDIA_MONITORING
SOC_001468,PERSON_0911,PicWall,user_person_0911,2024-04-19 15:58:17,Weather has been unusually warm this month.,,LOCATION_0251,0.4,SOCIAL_MEDIA_MONITORING
SOC_001469,PERSON_1498,ChirpNet,user_person_1498,2025-03-18 23:45:41,"New shop opening next week, everyone welcome.",,LOCATION_0177,0.64,SOCIAL_MEDIA_MONITORING
SOC_001470,PERSON_0058,SnapCircle,user_person_0058,2025-09-16 16:26:33,Weather has been unusually warm this month.,,LOCATION_0279,0.52,SOCIAL_MEDIA_MONITORING
SOC_001471,PERSON_1009,PicWall,user_person_1009,2024-02-04 20:32:16,Keep this between us for now.,,LOCATION_0028,0.71,SOCIAL_MEDIA_MONITORING
SOC_001472,PERSON_0526,TalkStream,user_person_0526,2026-06-09 07:21:07,"Great weekend with family, back to work tomorrow.",,LOCATION_0136,0.72,SOCIAL_MEDIA_MONITORING
SOC_001473,PERSON_1233,ChirpNet,user_person_1233,2024-03-15 05:24:50,"Great weekend with family, back to work tomorrow.",,LOCATION_0296,0.73,SOCIAL_MEDIA_MONITORING
SOC_001474,PERSON_0601,TalkStream,user_person_0601,2025-12-26 11:57:30,"Great weekend with family, back to work tomorrow.",,LOCATION_0107,0.65,SOCIAL_MEDIA_MONITORING
SOC_001475,PERSON_0928,ChirpNet,user_person_0928,2024-12-16 08:44:37,Traffic was terrible near the market today.,,LOCATION_0086,0.71,SOCIAL_MEDIA_MONITORING
SOC_001476,PERSON_0140,ChirpNet,user_person_0140,2026-05-09 16:22:10,Happy to share we completed the delivery on time.,,LOCATION_0028,0.43,SOCIAL_MEDIA_MONITORING
SOC_001477,PERSON_1350,ConnectHub,user_person_1350,2025-01-23 14:24:37,Weather has been unusually warm this month.,,LOCATION_0161,0.72,SOCIAL_MEDIA_MONITORING
SOC_001478,PERSON_0255,TalkStream,user_person_0255,2024-11-07 10:18:12,Happy to share we completed the delivery on time.,,LOCATION_0170,0.84,SOCIAL_MEDIA_MONITORING
SOC_001479,PERSON_0007,SnapCircle,user_person_0007,2025-10-06 04:16:35,Weather has been unusually warm this month.,,LOCATION_0183,0.74,SOCIAL_MEDIA_MONITORING
SOC_001480,PERSON_0578,TalkStream,user_person_0578,2024-02-16 17:38:18,"New shop opening next week, everyone welcome.",,LOCATION_0205,0.64,SOCIAL_MEDIA_MONITORING
SOC_001481,PERSON_0666,TalkStream,user_person_0666,2024-10-02 03:00:47,"Great weekend with family, back to work tomorrow.",,LOCATION_0017,0.72,SOCIAL_MEDIA_MONITORING
SOC_001482,PERSON_0868,SnapCircle,user_person_0868,2024-09-10 21:14:19,"New shop opening next week, everyone welcome.",,LOCATION_0223,0.54,SOCIAL_MEDIA_MONITORING
SOC_001483,PERSON_0765,SnapCircle,user_person_0765,2026-06-18 18:42:49,"Package ready, will hand it over as discussed.",PERSON_0244,LOCATION_0131,0.84,SOCIAL_MEDIA_MONITORING
SOC_001484,PERSON_1437,PicWall,user_person_1437,2026-02-19 23:29:08,Happy to share we completed the delivery on time.,,LOCATION_0029,0.74,SOCIAL_MEDIA_MONITORING
SOC_001485,PERSON_1075,ConnectHub,user_person_1075,2026-03-23 05:11:27,Happy to share we completed the delivery on time.,,LOCATION_0149,0.8,SOCIAL_MEDIA_MONITORING
SOC_001486,PERSON_0693,ConnectHub,user_person_0693,2025-03-05 05:16:15,Traffic was terrible near the market today.,,LOCATION_0188,0.49,SOCIAL_MEDIA_MONITORING
SOC_001487,PERSON_0388,TalkStream,user_person_0388,2024-06-07 06:32:06,"New shop opening next week, everyone welcome.",,LOCATION_0043,0.66,SOCIAL_MEDIA_MONITORING
SOC_001488,PERSON_1459,ConnectHub,user_person_1459,2025-03-12 05:34:14,Traffic was terrible near the market today.,,LOCATION_0165,0.61,SOCIAL_MEDIA_MONITORING
SOC_001489,PERSON_1460,PicWall,user_person_1460,2024-03-25 13:22:11,Traffic was terrible near the market today.,,LOCATION_0027,0.71,SOCIAL_MEDIA_MONITORING
SOC_001490,PERSON_0948,SnapCircle,user_person_0948,2026-05-19 15:18:26,"Great weekend with family, back to work tomorrow.",,LOCATION_0133,0.73,SOCIAL_MEDIA_MONITORING
SOC_001491,PERSON_0648,TalkStream,user_person_0648,2024-11-05 03:40:18,Weather has been unusually warm this month.,,LOCATION_0066,0.75,SOCIAL_MEDIA_MONITORING
SOC_001492,PERSON_1218,SnapCircle,user_person_1218,2026-06-27 16:14:05,Traffic was terrible near the market today.,,LOCATION_0294,0.5,SOCIAL_MEDIA_MONITORING
SOC_001493,PERSON_0502,ChirpNet,user_person_0502,2026-03-17 04:27:29,Weather has been unusually warm this month.,,LOCATION_0134,0.54,SOCIAL_MEDIA_MONITORING
SOC_001494,PERSON_0645,TalkStream,user_person_0645,2025-12-14 20:24:26,"Great weekend with family, back to work tomorrow.",,LOCATION_0281,0.83,SOCIAL_MEDIA_MONITORING
SOC_001495,PERSON_0945,TalkStream,user_person_0945,2024-01-28 21:37:28,"Great weekend with family, back to work tomorrow.",,LOCATION_0272,0.46,SOCIAL_MEDIA_MONITORING
SOC_001496,PERSON_0112,ChirpNet,user_person_0112,2026-04-30 18:30:08,Traffic was terrible near the market today.,,LOCATION_0187,0.43,SOCIAL_MEDIA_MONITORING
SOC_001497,PERSON_0373,ChirpNet,user_person_0373,2025-09-29 16:36:38,Happy to share we completed the delivery on time.,,LOCATION_0068,0.42,SOCIAL_MEDIA_MONITORING
SOC_001498,PERSON_1243,ChirpNet,user_person_1243,2025-09-29 21:02:41,"Everything is set for the evening, see you there.",,LOCATION_0008,0.59,SOCIAL_MEDIA_MONITORING
SOC_001499,PERSON_0698,TalkStream,user_person_0698,2024-08-17 19:23:39,"New shop opening next week, everyone welcome.",,LOCATION_0204,0.42,SOCIAL_MEDIA_MONITORING
SOC_001500,PERSON_0138,TalkStream,user_person_0138,2025-05-19 09:28:40,Happy to share we completed the delivery on time.,,LOCATION_0111,0.42,SOCIAL_MEDIA_MONITORING
SOC_001501,PERSON_1259,SnapCircle,user_person_1259,2026-02-19 15:34:42,"Great weekend with family, back to work tomorrow.",,LOCATION_0152,0.42,SOCIAL_MEDIA_MONITORING
SOC_001502,PERSON_1399,SnapCircle,user_person_1399,2024-12-18 16:24:02,"New shop opening next week, everyone welcome.",,LOCATION_0174,0.74,SOCIAL_MEDIA_MONITORING
SOC_001503,PERSON_0633,PicWall,user_person_0633,2024-11-27 11:47:22,Weather has been unusually warm this month.,,LOCATION_0066,0.78,SOCIAL_MEDIA_MONITORING
SOC_001504,PERSON_0303,ChirpNet,user_person_0303,2026-06-08 18:23:54,"Great weekend with family, back to work tomorrow.",,LOCATION_0086,0.7,SOCIAL_MEDIA_MONITORING
SOC_001505,PERSON_0384,TalkStream,user_person_0384,2025-09-05 03:06:22,"Great weekend with family, back to work tomorrow.",,LOCATION_0172,0.72,SOCIAL_MEDIA_MONITORING
SOC_001506,PERSON_1034,PicWall,user_person_1034,2024-05-08 14:27:20,Happy to share we completed the delivery on time.,,LOCATION_0089,0.52,SOCIAL_MEDIA_MONITORING
SOC_001507,PERSON_0025,ChirpNet,user_person_0025,2024-05-20 07:28:54,"Plan is confirmed, let's proceed as talked about.",,LOCATION_0245,0.77,SOCIAL_MEDIA_MONITORING
SOC_001508,PERSON_0148,PicWall,user_person_0148,2026-05-19 05:57:32,"Great weekend with family, back to work tomorrow.",,LOCATION_0123,0.76,SOCIAL_MEDIA_MONITORING
SOC_001509,PERSON_0428,PicWall,user_person_0428,2024-11-23 16:28:15,"Great weekend with family, back to work tomorrow.",,LOCATION_0278,0.74,SOCIAL_MEDIA_MONITORING
SOC_001510,PERSON_1048,ConnectHub,user_person_1048,2025-11-22 14:06:01,Traffic was terrible near the market today.,,LOCATION_0084,0.46,SOCIAL_MEDIA_MONITORING
SOC_001511,PERSON_0479,PicWall,user_person_0479,2025-07-28 07:14:02,"Great weekend with family, back to work tomorrow.",,LOCATION_0154,0.84,SOCIAL_MEDIA_MONITORING
SOC_001512,PERSON_1400,SnapCircle,user_person_1400,2024-10-17 17:02:16,Weather has been unusually warm this month.,,LOCATION_0294,0.52,SOCIAL_MEDIA_MONITORING
SOC_001513,PERSON_0537,PicWall,user_person_0537,2024-09-14 18:47:05,Traffic was terrible near the market today.,,LOCATION_0138,0.67,SOCIAL_MEDIA_MONITORING
SOC_001514,PERSON_0260,SnapCircle,user_person_0260,2025-04-23 02:17:48,Meeting postponed. Same place tomorrow.,PERSON_0284,LOCATION_0184,0.68,SOCIAL_MEDIA_MONITORING
SOC_001515,PERSON_0156,ChirpNet,user_person_0156,2025-04-12 21:26:16,Happy to share we completed the delivery on time.,,LOCATION_0261,0.64,SOCIAL_MEDIA_MONITORING
SOC_001516,PERSON_1023,PicWall,user_person_1023,2026-02-11 11:18:20,"Great weekend with family, back to work tomorrow.",,LOCATION_0154,0.79,SOCIAL_MEDIA_MONITORING
SOC_001517,PERSON_1100,SnapCircle,user_person_1100,2025-10-12 23:23:05,"Great weekend with family, back to work tomorrow.",,LOCATION_0099,0.78,SOCIAL_MEDIA_MONITORING
SOC_001518,PERSON_1136,PicWall,user_person_1136,2026-01-01 08:11:32,Weather has been unusually warm this month.,,LOCATION_0067,0.66,SOCIAL_MEDIA_MONITORING
SOC_001519,PERSON_1005,ConnectHub,user_person_1005,2024-12-14 20:27:28,Traffic was terrible near the market today.,,LOCATION_0204,0.69,SOCIAL_MEDIA_MONITORING
SOC_001520,PERSON_0467,PicWall,user_person_0467,2026-04-15 00:28:15,Traffic was terrible near the market today.,,LOCATION_0201,0.72,SOCIAL_MEDIA_MONITORING
SOC_001521,PERSON_0441,ChirpNet,user_person_0441,2026-04-26 19:56:39,Weather has been unusually warm this month.,,LOCATION_0272,0.58,SOCIAL_MEDIA_MONITORING
SOC_001522,PERSON_0745,SnapCircle,user_person_0745,2024-08-23 14:30:04,"Package ready, will hand it over as discussed.",PERSON_1052,LOCATION_0023,0.79,SOCIAL_MEDIA_MONITORING
SOC_001523,PERSON_0038,SnapCircle,user_person_0038,2024-08-25 09:34:53,"New shop opening next week, everyone welcome.",,LOCATION_0132,0.64,SOCIAL_MEDIA_MONITORING
SOC_001524,PERSON_0635,ConnectHub,user_person_0635,2024-04-14 08:28:15,Happy to share we completed the delivery on time.,,LOCATION_0201,0.61,SOCIAL_MEDIA_MONITORING
SOC_001525,PERSON_1386,TalkStream,user_person_1386,2024-04-23 10:51:31,Meeting postponed. Same place tomorrow.,,LOCATION_0029,0.81,SOCIAL_MEDIA_MONITORING
SOC_001526,PERSON_0781,ConnectHub,user_person_0781,2026-01-29 22:05:14,Weather has been unusually warm this month.,,LOCATION_0261,0.7,SOCIAL_MEDIA_MONITORING
SOC_001527,PERSON_1208,TalkStream,user_person_1208,2024-06-09 02:51:09,"New shop opening next week, everyone welcome.",,LOCATION_0196,0.53,SOCIAL_MEDIA_MONITORING
SOC_001528,PERSON_0117,TalkStream,user_person_0117,2024-11-10 00:15:45,Traffic was terrible near the market today.,,LOCATION_0162,0.81,SOCIAL_MEDIA_MONITORING
SOC_001529,PERSON_0277,PicWall,user_person_0277,2026-02-26 10:45:33,Weather has been unusually warm this month.,,LOCATION_0041,0.68,SOCIAL_MEDIA_MONITORING
SOC_001530,PERSON_1233,SnapCircle,user_person_1233,2026-02-06 12:29:04,Weather has been unusually warm this month.,,LOCATION_0146,0.49,SOCIAL_MEDIA_MONITORING
SOC_001531,PERSON_1275,SnapCircle,user_person_1275,2024-10-20 00:13:58,Weather has been unusually warm this month.,,LOCATION_0106,0.78,SOCIAL_MEDIA_MONITORING
SOC_001532,PERSON_0870,ConnectHub,user_person_0870,2025-08-22 15:41:36,Traffic was terrible near the market today.,,LOCATION_0046,0.73,SOCIAL_MEDIA_MONITORING
SOC_001533,PERSON_0786,TalkStream,user_person_0786,2025-03-21 13:20:14,"Great weekend with family, back to work tomorrow.",,LOCATION_0106,0.76,SOCIAL_MEDIA_MONITORING
SOC_001534,PERSON_1459,PicWall,user_person_1459,2026-03-03 17:57:09,Happy to share we completed the delivery on time.,,LOCATION_0295,0.84,SOCIAL_MEDIA_MONITORING
SOC_001535,PERSON_0438,ChirpNet,user_person_0438,2025-09-09 11:07:08,"New shop opening next week, everyone welcome.",,LOCATION_0193,0.75,SOCIAL_MEDIA_MONITORING
SOC_001536,PERSON_0947,PicWall,user_person_0947,2025-02-28 01:04:32,Happy to share we completed the delivery on time.,,LOCATION_0009,0.69,SOCIAL_MEDIA_MONITORING
SOC_001537,PERSON_1137,ChirpNet,user_person_1137,2024-10-17 19:31:13,"Great weekend with family, back to work tomorrow.",,LOCATION_0208,0.64,SOCIAL_MEDIA_MONITORING
SOC_001538,PERSON_0026,PicWall,user_person_0026,2024-07-27 02:28:45,Happy to share we completed the delivery on time.,,LOCATION_0125,0.76,SOCIAL_MEDIA_MONITORING
SOC_001539,PERSON_0364,PicWall,user_person_0364,2024-06-18 14:02:37,"New shop opening next week, everyone welcome.",,LOCATION_0236,0.61,SOCIAL_MEDIA_MONITORING
SOC_001540,PERSON_1169,PicWall,user_person_1169,2024-02-27 02:49:47,Weather has been unusually warm this month.,,LOCATION_0032,0.6,SOCIAL_MEDIA_MONITORING
SOC_001541,PERSON_1432,ConnectHub,user_person_1432,2026-01-20 14:00:44,"New shop opening next week, everyone welcome.",,LOCATION_0034,0.58,SOCIAL_MEDIA_MONITORING
SOC_001542,PERSON_1274,ConnectHub,user_person_1274,2025-01-25 14:40:39,"New shop opening next week, everyone welcome.",,LOCATION_0036,0.69,SOCIAL_MEDIA_MONITORING
SOC_001543,PERSON_0990,ConnectHub,user_person_0990,2024-04-11 16:44:38,"New shop opening next week, everyone welcome.",,LOCATION_0102,0.77,SOCIAL_MEDIA_MONITORING
SOC_001544,PERSON_0600,PicWall,user_person_0600,2024-10-14 15:31:49,Traffic was terrible near the market today.,,LOCATION_0125,0.58,SOCIAL_MEDIA_MONITORING
SOC_001545,PERSON_1038,PicWall,user_person_1038,2025-09-14 23:14:07,"Great weekend with family, back to work tomorrow.",,LOCATION_0262,0.76,SOCIAL_MEDIA_MONITORING
SOC_001546,PERSON_1136,PicWall,user_person_1136,2025-09-25 19:07:14,Weather has been unusually warm this month.,,LOCATION_0127,0.47,SOCIAL_MEDIA_MONITORING
SOC_001547,PERSON_0816,PicWall,user_person_0816,2026-03-24 20:54:42,"Great weekend with family, back to work tomorrow.",,LOCATION_0131,0.72,SOCIAL_MEDIA_MONITORING
SOC_001548,PERSON_0770,ConnectHub,user_person_0770,2025-07-29 14:41:41,Weather has been unusually warm this month.,,LOCATION_0285,0.51,SOCIAL_MEDIA_MONITORING
SOC_001549,PERSON_0630,TalkStream,user_person_0630,2024-11-26 23:31:50,Traffic was terrible near the market today.,,LOCATION_0277,0.79,SOCIAL_MEDIA_MONITORING
SOC_001550,PERSON_1426,TalkStream,user_person_1426,2025-04-18 16:33:21,"Great weekend with family, back to work tomorrow.",,LOCATION_0019,0.83,SOCIAL_MEDIA_MONITORING
SOC_001551,PERSON_0420,ChirpNet,user_person_0420,2024-06-25 00:25:11,Weather has been unusually warm this month.,,LOCATION_0173,0.69,SOCIAL_MEDIA_MONITORING
SOC_001552,PERSON_0382,SnapCircle,user_person_0382,2024-01-07 20:08:01,Keep this between us for now.,PERSON_0277,LOCATION_0289,0.76,SOCIAL_MEDIA_MONITORING
SOC_001553,PERSON_1072,ConnectHub,user_person_1072,2025-12-19 20:40:06,Traffic was terrible near the market today.,,LOCATION_0253,0.48,SOCIAL_MEDIA_MONITORING
SOC_001554,PERSON_1499,ConnectHub,user_person_1499,2025-11-19 03:12:25,"Package ready, will hand it over as discussed.",,LOCATION_0030,0.44,SOCIAL_MEDIA_MONITORING
SOC_001555,PERSON_0237,PicWall,user_person_0237,2025-07-31 16:58:25,Happy to share we completed the delivery on time.,,LOCATION_0286,0.52,SOCIAL_MEDIA_MONITORING
SOC_001556,PERSON_0550,ChirpNet,user_person_0550,2026-01-09 02:50:33,"New shop opening next week, everyone welcome.",,LOCATION_0215,0.41,SOCIAL_MEDIA_MONITORING
SOC_001557,PERSON_0095,SnapCircle,user_person_0095,2025-04-04 18:58:49,"Plan is confirmed, let's proceed as talked about.",PERSON_0863,LOCATION_0004,0.53,SOCIAL_MEDIA_MONITORING
SOC_001558,PERSON_1385,PicWall,user_person_1385,2024-12-22 01:02:53,Traffic was terrible near the market today.,,LOCATION_0270,0.45,SOCIAL_MEDIA_MONITORING
SOC_001559,PERSON_1136,SnapCircle,user_person_1136,2026-06-11 12:11:14,"Great weekend with family, back to work tomorrow.",,LOCATION_0027,0.56,SOCIAL_MEDIA_MONITORING
SOC_001560,PERSON_1498,SnapCircle,user_person_1498,2024-02-15 05:41:41,Happy to share we completed the delivery on time.,,LOCATION_0157,0.82,SOCIAL_MEDIA_MONITORING
SOC_001561,PERSON_0846,ConnectHub,user_person_0846,2025-02-28 05:52:54,Weather has been unusually warm this month.,,LOCATION_0057,0.4,SOCIAL_MEDIA_MONITORING
SOC_001562,PERSON_0205,SnapCircle,user_person_0205,2024-07-04 09:21:48,Traffic was terrible near the market today.,,LOCATION_0182,0.85,SOCIAL_MEDIA_MONITORING
SOC_001563,PERSON_1119,PicWall,user_person_1119,2024-09-25 13:15:03,"Package ready, will hand it over as discussed.",,LOCATION_0271,0.82,SOCIAL_MEDIA_MONITORING
SOC_001564,PERSON_1099,TalkStream,user_person_1099,2025-11-20 22:11:05,"New shop opening next week, everyone welcome.",,LOCATION_0281,0.82,SOCIAL_MEDIA_MONITORING
SOC_001565,PERSON_0832,ConnectHub,user_person_0832,2026-04-14 13:51:34,Traffic was terrible near the market today.,,LOCATION_0171,0.73,SOCIAL_MEDIA_MONITORING
SOC_001566,PERSON_0808,ConnectHub,user_person_0808,2025-01-18 20:32:08,Weather has been unusually warm this month.,,LOCATION_0068,0.64,SOCIAL_MEDIA_MONITORING
SOC_001567,PERSON_0762,PicWall,user_person_0762,2024-12-15 11:15:48,Happy to share we completed the delivery on time.,,LOCATION_0101,0.65,SOCIAL_MEDIA_MONITORING
SOC_001568,PERSON_0783,ChirpNet,user_person_0783,2026-04-07 11:01:53,Weather has been unusually warm this month.,,LOCATION_0194,0.75,SOCIAL_MEDIA_MONITORING
SOC_001569,PERSON_1182,ConnectHub,user_person_1182,2024-11-13 09:45:19,Weather has been unusually warm this month.,,LOCATION_0192,0.53,SOCIAL_MEDIA_MONITORING
SOC_001570,PERSON_0152,ChirpNet,user_person_0152,2026-03-26 02:51:21,Traffic was terrible near the market today.,,LOCATION_0184,0.46,SOCIAL_MEDIA_MONITORING
SOC_001571,PERSON_0655,ChirpNet,user_person_0655,2025-01-02 14:07:47,"New shop opening next week, everyone welcome.",,LOCATION_0234,0.43,SOCIAL_MEDIA_MONITORING
SOC_001572,PERSON_0706,PicWall,user_person_0706,2026-05-01 10:44:40,"New shop opening next week, everyone welcome.",,LOCATION_0129,0.77,SOCIAL_MEDIA_MONITORING
SOC_001573,PERSON_0277,ConnectHub,user_person_0277,2025-12-07 19:12:36,Happy to share we completed the delivery on time.,,LOCATION_0131,0.41,SOCIAL_MEDIA_MONITORING
SOC_001574,PERSON_1137,TalkStream,user_person_1137,2024-12-25 12:01:51,Meeting postponed. Same place tomorrow.,,LOCATION_0078,0.8,SOCIAL_MEDIA_MONITORING
SOC_001575,PERSON_0872,PicWall,user_person_0872,2025-04-25 06:04:29,Weather has been unusually warm this month.,,LOCATION_0185,0.46,SOCIAL_MEDIA_MONITORING
SOC_001576,PERSON_0838,ConnectHub,user_person_0838,2025-01-01 12:23:17,Happy to share we completed the delivery on time.,,LOCATION_0080,0.41,SOCIAL_MEDIA_MONITORING
SOC_001577,PERSON_1481,ChirpNet,user_person_1481,2024-09-18 02:03:04,"Package ready, will hand it over as discussed.",PERSON_0685,LOCATION_0196,0.72,SOCIAL_MEDIA_MONITORING
SOC_001578,PERSON_0498,SnapCircle,user_person_0498,2026-01-31 18:26:15,Traffic was terrible near the market today.,,LOCATION_0289,0.81,SOCIAL_MEDIA_MONITORING
SOC_001579,PERSON_0801,PicWall,user_person_0801,2024-12-22 10:22:52,Weather has been unusually warm this month.,,LOCATION_0269,0.45,SOCIAL_MEDIA_MONITORING
SOC_001580,PERSON_1477,ConnectHub,user_person_1477,2025-04-23 15:06:04,"New shop opening next week, everyone welcome.",,LOCATION_0055,0.82,SOCIAL_MEDIA_MONITORING
SOC_001581,PERSON_0262,PicWall,user_person_0262,2024-07-13 16:00:36,"New shop opening next week, everyone welcome.",,LOCATION_0065,0.43,SOCIAL_MEDIA_MONITORING
SOC_001582,PERSON_0454,ConnectHub,user_person_0454,2025-09-14 09:30:25,Happy to share we completed the delivery on time.,,LOCATION_0093,0.8,SOCIAL_MEDIA_MONITORING
SOC_001583,PERSON_1249,SnapCircle,user_person_1249,2025-02-01 11:13:10,"Plan is confirmed, let's proceed as talked about.",PERSON_0072,LOCATION_0088,0.6,SOCIAL_MEDIA_MONITORING
SOC_001584,PERSON_0393,ChirpNet,user_person_0393,2026-06-25 18:37:27,Weather has been unusually warm this month.,,LOCATION_0112,0.56,SOCIAL_MEDIA_MONITORING
SOC_001585,PERSON_0104,ChirpNet,user_person_0104,2025-07-22 19:31:28,"Everything is set for the evening, see you there.",PERSON_1210,LOCATION_0083,0.69,SOCIAL_MEDIA_MONITORING
SOC_001586,PERSON_1058,TalkStream,user_person_1058,2024-08-29 06:34:07,"Great weekend with family, back to work tomorrow.",,LOCATION_0211,0.57,SOCIAL_MEDIA_MONITORING
SOC_001587,PERSON_1277,SnapCircle,user_person_1277,2026-04-05 00:56:41,Weather has been unusually warm this month.,,LOCATION_0176,0.64,SOCIAL_MEDIA_MONITORING
SOC_001588,PERSON_0573,PicWall,user_person_0573,2025-12-14 14:36:08,"Package ready, will hand it over as discussed.",PERSON_0819,LOCATION_0169,0.85,SOCIAL_MEDIA_MONITORING
SOC_001589,PERSON_0383,ChirpNet,user_person_0383,2026-01-07 21:29:38,Keep this between us for now.,,LOCATION_0020,0.73,SOCIAL_MEDIA_MONITORING
SOC_001590,PERSON_0235,TalkStream,user_person_0235,2026-04-09 17:45:42,Keep this between us for now.,,LOCATION_0006,0.57,SOCIAL_MEDIA_MONITORING
SOC_001591,PERSON_0501,ConnectHub,user_person_0501,2024-09-29 04:04:57,"Everything is set for the evening, see you there.",PERSON_0801,LOCATION_0056,0.62,SOCIAL_MEDIA_MONITORING
SOC_001592,PERSON_0612,ChirpNet,user_person_0612,2024-09-18 17:16:00,"New shop opening next week, everyone welcome.",,LOCATION_0072,0.55,SOCIAL_MEDIA_MONITORING
SOC_001593,PERSON_1173,TalkStream,user_person_1173,2025-04-13 05:50:28,Traffic was terrible near the market today.,,LOCATION_0112,0.5,SOCIAL_MEDIA_MONITORING
SOC_001594,PERSON_0222,ChirpNet,user_person_0222,2024-01-20 17:14:30,"New shop opening next week, everyone welcome.",,LOCATION_0250,0.62,SOCIAL_MEDIA_MONITORING
SOC_001595,PERSON_1235,PicWall,user_person_1235,2024-12-24 04:00:36,"New shop opening next week, everyone welcome.",,LOCATION_0237,0.44,SOCIAL_MEDIA_MONITORING
SOC_001596,PERSON_1398,SnapCircle,user_person_1398,2026-01-16 09:45:10,Weather has been unusually warm this month.,,LOCATION_0024,0.42,SOCIAL_MEDIA_MONITORING
SOC_001597,PERSON_0394,PicWall,user_person_0394,2025-02-19 14:18:38,Happy to share we completed the delivery on time.,,LOCATION_0163,0.63,SOCIAL_MEDIA_MONITORING
SOC_001598,PERSON_0878,PicWall,user_person_0878,2026-03-28 17:12:51,"New shop opening next week, everyone welcome.",,LOCATION_0195,0.41,SOCIAL_MEDIA_MONITORING
SOC_001599,PERSON_1485,ChirpNet,user_person_1485,2025-01-01 16:35:17,Happy to share we completed the delivery on time.,,LOCATION_0195,0.66,SOCIAL_MEDIA_MONITORING
SOC_001600,PERSON_0259,TalkStream,user_person_0259,2026-03-05 06:24:59,Happy to share we completed the delivery on time.,,LOCATION_0090,0.54,SOCIAL_MEDIA_MONITORING
SOC_001601,PERSON_0194,TalkStream,user_person_0194,2026-03-31 11:08:36,"Everything is set for the evening, see you there.",,LOCATION_0243,0.65,SOCIAL_MEDIA_MONITORING
SOC_001602,PERSON_1413,SnapCircle,user_person_1413,2024-11-22 06:28:19,Happy to share we completed the delivery on time.,,LOCATION_0263,0.61,SOCIAL_MEDIA_MONITORING
SOC_001603,PERSON_1362,SnapCircle,user_person_1362,2024-07-15 19:43:53,Happy to share we completed the delivery on time.,,LOCATION_0117,0.73,SOCIAL_MEDIA_MONITORING
SOC_001604,PERSON_0521,ChirpNet,user_person_0521,2026-05-06 04:49:05,Keep this between us for now.,PERSON_0071,LOCATION_0222,0.44,SOCIAL_MEDIA_MONITORING
SOC_001605,PERSON_1260,ChirpNet,user_person_1260,2024-11-04 23:59:30,Keep this between us for now.,,LOCATION_0144,0.47,SOCIAL_MEDIA_MONITORING
SOC_001606,PERSON_1028,SnapCircle,user_person_1028,2024-10-27 09:42:40,Happy to share we completed the delivery on time.,,LOCATION_0079,0.54,SOCIAL_MEDIA_MONITORING
SOC_001607,PERSON_0896,SnapCircle,user_person_0896,2024-01-20 03:18:24,"Great weekend with family, back to work tomorrow.",,LOCATION_0080,0.82,SOCIAL_MEDIA_MONITORING
SOC_001608,PERSON_1407,TalkStream,user_person_1407,2024-05-03 06:21:27,Happy to share we completed the delivery on time.,,LOCATION_0094,0.7,SOCIAL_MEDIA_MONITORING
SOC_001609,PERSON_0535,ChirpNet,user_person_0535,2025-11-14 12:47:58,Traffic was terrible near the market today.,,LOCATION_0040,0.58,SOCIAL_MEDIA_MONITORING
SOC_001610,PERSON_1264,ChirpNet,user_person_1264,2024-08-29 20:09:00,Weather has been unusually warm this month.,,LOCATION_0081,0.51,SOCIAL_MEDIA_MONITORING
SOC_001611,PERSON_0104,SnapCircle,user_person_0104,2026-03-23 11:07:50,Weather has been unusually warm this month.,,LOCATION_0013,0.55,SOCIAL_MEDIA_MONITORING
SOC_001612,PERSON_0876,PicWall,user_person_0876,2025-10-22 12:30:28,"New shop opening next week, everyone welcome.",,LOCATION_0292,0.78,SOCIAL_MEDIA_MONITORING
SOC_001613,PERSON_0655,ConnectHub,user_person_0655,2025-03-07 21:56:49,Weather has been unusually warm this month.,,LOCATION_0194,0.84,SOCIAL_MEDIA_MONITORING
SOC_001614,PERSON_0739,TalkStream,user_person_0739,2024-01-25 18:46:38,"Great weekend with family, back to work tomorrow.",,LOCATION_0244,0.45,SOCIAL_MEDIA_MONITORING
SOC_001615,PERSON_0955,ConnectHub,user_person_0955,2026-05-06 22:03:35,Happy to share we completed the delivery on time.,,LOCATION_0036,0.85,SOCIAL_MEDIA_MONITORING
SOC_001616,PERSON_0252,SnapCircle,user_person_0252,2025-07-24 01:29:41,Traffic was terrible near the market today.,,LOCATION_0032,0.72,SOCIAL_MEDIA_MONITORING
SOC_001617,PERSON_0233,ChirpNet,user_person_0233,2024-09-08 02:25:01,Weather has been unusually warm this month.,,LOCATION_0288,0.46,SOCIAL_MEDIA_MONITORING
SOC_001618,PERSON_1439,ConnectHub,user_person_1439,2025-10-26 19:02:24,Happy to share we completed the delivery on time.,,LOCATION_0153,0.7,SOCIAL_MEDIA_MONITORING
SOC_001619,PERSON_1237,ChirpNet,user_person_1237,2024-09-08 21:26:45,"Great weekend with family, back to work tomorrow.",,LOCATION_0172,0.66,SOCIAL_MEDIA_MONITORING
SOC_001620,PERSON_0173,TalkStream,user_person_0173,2024-06-30 14:55:57,Happy to share we completed the delivery on time.,,LOCATION_0026,0.53,SOCIAL_MEDIA_MONITORING
SOC_001621,PERSON_0634,TalkStream,user_person_0634,2026-01-28 03:56:59,"Great weekend with family, back to work tomorrow.",,LOCATION_0149,0.41,SOCIAL_MEDIA_MONITORING
SOC_001622,PERSON_1350,ConnectHub,user_person_1350,2025-10-12 15:47:35,"New shop opening next week, everyone welcome.",,LOCATION_0081,0.57,SOCIAL_MEDIA_MONITORING
SOC_001623,PERSON_1182,ChirpNet,user_person_1182,2025-10-13 15:25:26,"New shop opening next week, everyone welcome.",,LOCATION_0072,0.65,SOCIAL_MEDIA_MONITORING
SOC_001624,PERSON_0426,ConnectHub,user_person_0426,2024-03-10 23:22:19,"Everything is set for the evening, see you there.",PERSON_0640,LOCATION_0031,0.84,SOCIAL_MEDIA_MONITORING
SOC_001625,PERSON_0709,TalkStream,user_person_0709,2024-08-08 22:56:17,"New shop opening next week, everyone welcome.",,LOCATION_0255,0.76,SOCIAL_MEDIA_MONITORING
SOC_001626,PERSON_0985,PicWall,user_person_0985,2026-03-13 01:42:24,"Great weekend with family, back to work tomorrow.",,LOCATION_0002,0.47,SOCIAL_MEDIA_MONITORING
SOC_001627,PERSON_0023,SnapCircle,user_person_0023,2024-11-24 05:21:19,Weather has been unusually warm this month.,,LOCATION_0065,0.44,SOCIAL_MEDIA_MONITORING
SOC_001628,PERSON_0178,PicWall,user_person_0178,2024-11-15 10:24:59,"Package ready, will hand it over as discussed.",,LOCATION_0268,0.56,SOCIAL_MEDIA_MONITORING
SOC_001629,PERSON_0127,PicWall,user_person_0127,2025-12-30 06:34:59,"New shop opening next week, everyone welcome.",,LOCATION_0226,0.82,SOCIAL_MEDIA_MONITORING
SOC_001630,PERSON_0149,ChirpNet,user_person_0149,2024-08-10 21:55:24,"New shop opening next week, everyone welcome.",,LOCATION_0212,0.74,SOCIAL_MEDIA_MONITORING
SOC_001631,PERSON_0350,PicWall,user_person_0350,2025-09-28 10:10:09,"New shop opening next week, everyone welcome.",,LOCATION_0026,0.56,SOCIAL_MEDIA_MONITORING
SOC_001632,PERSON_0445,PicWall,user_person_0445,2024-01-20 02:45:31,"Great weekend with family, back to work tomorrow.",,LOCATION_0209,0.53,SOCIAL_MEDIA_MONITORING
SOC_001633,PERSON_0171,SnapCircle,user_person_0171,2025-08-30 17:50:54,Happy to share we completed the delivery on time.,,LOCATION_0050,0.62,SOCIAL_MEDIA_MONITORING
SOC_001634,PERSON_0543,SnapCircle,user_person_0543,2025-03-28 19:14:37,Keep this between us for now.,,LOCATION_0230,0.78,SOCIAL_MEDIA_MONITORING
SOC_001635,PERSON_0390,TalkStream,user_person_0390,2024-10-16 21:14:30,"Great weekend with family, back to work tomorrow.",,LOCATION_0072,0.52,SOCIAL_MEDIA_MONITORING
SOC_001636,PERSON_0757,ChirpNet,user_person_0757,2026-03-31 08:00:31,"New shop opening next week, everyone welcome.",,LOCATION_0240,0.63,SOCIAL_MEDIA_MONITORING
SOC_001637,PERSON_1111,ChirpNet,user_person_1111,2024-09-10 03:04:24,"Great weekend with family, back to work tomorrow.",,LOCATION_0062,0.48,SOCIAL_MEDIA_MONITORING
SOC_001638,PERSON_0523,SnapCircle,user_person_0523,2024-03-12 18:49:08,Happy to share we completed the delivery on time.,,LOCATION_0261,0.79,SOCIAL_MEDIA_MONITORING
SOC_001639,PERSON_0602,PicWall,user_person_0602,2025-11-24 07:32:54,Traffic was terrible near the market today.,,LOCATION_0298,0.65,SOCIAL_MEDIA_MONITORING
SOC_001640,PERSON_1045,ConnectHub,user_person_1045,2026-02-14 01:33:27,Weather has been unusually warm this month.,,LOCATION_0213,0.56,SOCIAL_MEDIA_MONITORING
SOC_001641,PERSON_1194,PicWall,user_person_1194,2024-03-27 16:29:24,"New shop opening next week, everyone welcome.",,LOCATION_0006,0.49,SOCIAL_MEDIA_MONITORING
SOC_001642,PERSON_0937,ConnectHub,user_person_0937,2025-01-15 21:19:48,Weather has been unusually warm this month.,,LOCATION_0002,0.73,SOCIAL_MEDIA_MONITORING
SOC_001643,PERSON_0427,SnapCircle,user_person_0427,2026-05-18 16:07:54,Weather has been unusually warm this month.,,LOCATION_0291,0.4,SOCIAL_MEDIA_MONITORING
SOC_001644,PERSON_0926,PicWall,user_person_0926,2026-01-25 05:11:15,Traffic was terrible near the market today.,,LOCATION_0039,0.45,SOCIAL_MEDIA_MONITORING
SOC_001645,PERSON_0176,ConnectHub,user_person_0176,2025-08-16 18:32:08,Happy to share we completed the delivery on time.,,LOCATION_0028,0.53,SOCIAL_MEDIA_MONITORING
SOC_001646,PERSON_0078,ConnectHub,user_person_0078,2025-05-05 17:45:34,Traffic was terrible near the market today.,,LOCATION_0178,0.64,SOCIAL_MEDIA_MONITORING
SOC_001647,PERSON_0765,TalkStream,user_person_0765,2024-02-01 14:25:13,"New shop opening next week, everyone welcome.",,LOCATION_0051,0.58,SOCIAL_MEDIA_MONITORING
SOC_001648,PERSON_1364,PicWall,user_person_1364,2026-03-05 02:23:43,Weather has been unusually warm this month.,,LOCATION_0257,0.79,SOCIAL_MEDIA_MONITORING
SOC_001649,PERSON_0373,SnapCircle,user_person_0373,2024-10-12 05:09:07,"New shop opening next week, everyone welcome.",,LOCATION_0118,0.74,SOCIAL_MEDIA_MONITORING
SOC_001650,PERSON_0705,ChirpNet,user_person_0705,2025-05-11 06:34:15,Keep this between us for now.,PERSON_1248,LOCATION_0282,0.57,SOCIAL_MEDIA_MONITORING
SOC_001651,PERSON_0202,ConnectHub,user_person_0202,2026-06-19 14:42:43,Happy to share we completed the delivery on time.,,LOCATION_0089,0.41,SOCIAL_MEDIA_MONITORING
SOC_001652,PERSON_1030,ChirpNet,user_person_1030,2026-01-13 18:42:43,Happy to share we completed the delivery on time.,,LOCATION_0276,0.78,SOCIAL_MEDIA_MONITORING
SOC_001653,PERSON_0155,ChirpNet,user_person_0155,2025-08-28 00:18:09,"Plan is confirmed, let's proceed as talked about.",PERSON_0355,LOCATION_0170,0.8,SOCIAL_MEDIA_MONITORING
SOC_001654,PERSON_0838,ConnectHub,user_person_0838,2026-04-08 07:46:01,Weather has been unusually warm this month.,,LOCATION_0300,0.56,SOCIAL_MEDIA_MONITORING
SOC_001655,PERSON_0765,ChirpNet,user_person_0765,2024-01-15 12:17:36,Happy to share we completed the delivery on time.,,LOCATION_0181,0.71,SOCIAL_MEDIA_MONITORING
SOC_001656,PERSON_1194,PicWall,user_person_1194,2024-05-02 10:50:16,Weather has been unusually warm this month.,,LOCATION_0166,0.84,SOCIAL_MEDIA_MONITORING
SOC_001657,PERSON_0308,ChirpNet,user_person_0308,2025-06-24 08:35:08,Keep this between us for now.,PERSON_1149,LOCATION_0105,0.52,SOCIAL_MEDIA_MONITORING
SOC_001658,PERSON_0135,ConnectHub,user_person_0135,2025-04-14 08:33:52,"Great weekend with family, back to work tomorrow.",,LOCATION_0247,0.59,SOCIAL_MEDIA_MONITORING
SOC_001659,PERSON_0325,ConnectHub,user_person_0325,2024-06-03 23:50:49,"Great weekend with family, back to work tomorrow.",,LOCATION_0206,0.51,SOCIAL_MEDIA_MONITORING
SOC_001660,PERSON_0808,ConnectHub,user_person_0808,2024-10-09 03:01:44,Traffic was terrible near the market today.,,LOCATION_0188,0.62,SOCIAL_MEDIA_MONITORING
SOC_001661,PERSON_0949,ChirpNet,user_person_0949,2026-06-27 09:45:34,Weather has been unusually warm this month.,,LOCATION_0265,0.51,SOCIAL_MEDIA_MONITORING
SOC_001662,PERSON_1226,PicWall,user_person_1226,2024-01-13 04:34:31,"Great weekend with family, back to work tomorrow.",,LOCATION_0030,0.81,SOCIAL_MEDIA_MONITORING
SOC_001663,PERSON_1198,SnapCircle,user_person_1198,2024-12-01 22:49:15,"New shop opening next week, everyone welcome.",,LOCATION_0006,0.75,SOCIAL_MEDIA_MONITORING
SOC_001664,PERSON_0438,TalkStream,user_person_0438,2025-06-04 06:27:06,"Great weekend with family, back to work tomorrow.",,LOCATION_0203,0.45,SOCIAL_MEDIA_MONITORING
SOC_001665,PERSON_0555,ConnectHub,user_person_0555,2024-05-28 10:11:55,Traffic was terrible near the market today.,,LOCATION_0273,0.85,SOCIAL_MEDIA_MONITORING
SOC_001666,PERSON_0878,PicWall,user_person_0878,2025-02-12 11:05:53,"Great weekend with family, back to work tomorrow.",,LOCATION_0265,0.41,SOCIAL_MEDIA_MONITORING
SOC_001667,PERSON_1160,TalkStream,user_person_1160,2024-10-25 10:17:38,"New shop opening next week, everyone welcome.",,LOCATION_0089,0.61,SOCIAL_MEDIA_MONITORING
SOC_001668,PERSON_0519,PicWall,user_person_0519,2026-03-31 07:51:04,"New shop opening next week, everyone welcome.",,LOCATION_0104,0.78,SOCIAL_MEDIA_MONITORING
SOC_001669,PERSON_1239,SnapCircle,user_person_1239,2024-02-10 05:50:13,"Everything is set for the evening, see you there.",PERSON_1349,LOCATION_0011,0.8,SOCIAL_MEDIA_MONITORING
SOC_001670,PERSON_0505,PicWall,user_person_0505,2024-12-20 10:30:31,Weather has been unusually warm this month.,,LOCATION_0191,0.45,SOCIAL_MEDIA_MONITORING
SOC_001671,PERSON_1411,ConnectHub,user_person_1411,2024-06-04 20:38:45,Weather has been unusually warm this month.,,LOCATION_0140,0.76,SOCIAL_MEDIA_MONITORING
SOC_001672,PERSON_1282,PicWall,user_person_1282,2025-05-02 00:55:15,Traffic was terrible near the market today.,,LOCATION_0039,0.42,SOCIAL_MEDIA_MONITORING
SOC_001673,PERSON_0842,SnapCircle,user_person_0842,2026-06-04 19:44:17,Happy to share we completed the delivery on time.,,LOCATION_0031,0.65,SOCIAL_MEDIA_MONITORING
SOC_001674,PERSON_0044,ConnectHub,user_person_0044,2024-08-14 23:34:53,Traffic was terrible near the market today.,,LOCATION_0075,0.43,SOCIAL_MEDIA_MONITORING
SOC_001675,PERSON_0659,TalkStream,user_person_0659,2026-04-07 01:36:01,"New shop opening next week, everyone welcome.",,LOCATION_0217,0.51,SOCIAL_MEDIA_MONITORING
SOC_001676,PERSON_0060,ConnectHub,user_person_0060,2024-06-17 14:38:29,"Everything is set for the evening, see you there.",,LOCATION_0063,0.43,SOCIAL_MEDIA_MONITORING
SOC_001677,PERSON_0630,SnapCircle,user_person_0630,2025-06-16 12:08:18,Weather has been unusually warm this month.,,LOCATION_0267,0.43,SOCIAL_MEDIA_MONITORING
SOC_001678,PERSON_1475,ChirpNet,user_person_1475,2024-03-13 07:29:53,Traffic was terrible near the market today.,,LOCATION_0276,0.85,SOCIAL_MEDIA_MONITORING
SOC_001679,PERSON_1336,ConnectHub,user_person_1336,2025-01-20 06:41:11,Happy to share we completed the delivery on time.,,LOCATION_0229,0.69,SOCIAL_MEDIA_MONITORING
SOC_001680,PERSON_0242,ConnectHub,user_person_0242,2024-01-08 01:44:06,Traffic was terrible near the market today.,,LOCATION_0201,0.42,SOCIAL_MEDIA_MONITORING
SOC_001681,PERSON_0775,TalkStream,user_person_0775,2024-04-08 19:42:22,Happy to share we completed the delivery on time.,,LOCATION_0027,0.46,SOCIAL_MEDIA_MONITORING
SOC_001682,PERSON_0527,TalkStream,user_person_0527,2026-04-21 05:01:04,Traffic was terrible near the market today.,,LOCATION_0265,0.64,SOCIAL_MEDIA_MONITORING
SOC_001683,PERSON_0852,TalkStream,user_person_0852,2024-03-07 01:44:00,Traffic was terrible near the market today.,,LOCATION_0257,0.77,SOCIAL_MEDIA_MONITORING
SOC_001684,PERSON_0237,TalkStream,user_person_0237,2026-02-25 09:13:19,"Everything is set for the evening, see you there.",,LOCATION_0136,0.62,SOCIAL_MEDIA_MONITORING
SOC_001685,PERSON_1236,ConnectHub,user_person_1236,2026-02-19 11:42:44,Happy to share we completed the delivery on time.,,LOCATION_0098,0.6,SOCIAL_MEDIA_MONITORING
SOC_001686,PERSON_0517,ConnectHub,user_person_0517,2024-06-30 17:43:23,"New shop opening next week, everyone welcome.",,LOCATION_0285,0.77,SOCIAL_MEDIA_MONITORING
SOC_001687,PERSON_0032,ConnectHub,user_person_0032,2024-05-19 13:09:01,"Great weekend with family, back to work tomorrow.",,LOCATION_0053,0.69,SOCIAL_MEDIA_MONITORING
SOC_001688,PERSON_0073,ChirpNet,user_person_0073,2024-05-31 17:50:45,"Great weekend with family, back to work tomorrow.",,LOCATION_0075,0.62,SOCIAL_MEDIA_MONITORING
SOC_001689,PERSON_1055,PicWall,user_person_1055,2024-04-02 08:42:01,"Great weekend with family, back to work tomorrow.",,LOCATION_0123,0.63,SOCIAL_MEDIA_MONITORING
SOC_001690,PERSON_0896,ConnectHub,user_person_0896,2024-11-07 23:24:15,"New shop opening next week, everyone welcome.",,LOCATION_0270,0.77,SOCIAL_MEDIA_MONITORING
SOC_001691,PERSON_0781,ChirpNet,user_person_0781,2024-08-20 18:52:55,Traffic was terrible near the market today.,,LOCATION_0061,0.58,SOCIAL_MEDIA_MONITORING
SOC_001692,PERSON_0238,ConnectHub,user_person_0238,2025-02-12 01:07:36,Weather has been unusually warm this month.,,LOCATION_0291,0.49,SOCIAL_MEDIA_MONITORING
SOC_001693,PERSON_0051,SnapCircle,user_person_0051,2025-12-06 18:35:16,"Great weekend with family, back to work tomorrow.",,LOCATION_0019,0.55,SOCIAL_MEDIA_MONITORING
SOC_001694,PERSON_0130,PicWall,user_person_0130,2026-02-19 02:43:49,Happy to share we completed the delivery on time.,,LOCATION_0276,0.74,SOCIAL_MEDIA_MONITORING
SOC_001695,PERSON_0563,ChirpNet,user_person_0563,2025-12-14 10:20:14,"Great weekend with family, back to work tomorrow.",,LOCATION_0295,0.56,SOCIAL_MEDIA_MONITORING
SOC_001696,PERSON_1317,SnapCircle,user_person_1317,2025-08-27 12:14:11,"New shop opening next week, everyone welcome.",,LOCATION_0106,0.77,SOCIAL_MEDIA_MONITORING
SOC_001697,PERSON_0291,PicWall,user_person_0291,2024-03-04 08:19:19,"New shop opening next week, everyone welcome.",,LOCATION_0108,0.71,SOCIAL_MEDIA_MONITORING
SOC_001698,PERSON_1488,SnapCircle,user_person_1488,2025-02-15 18:00:03,Happy to share we completed the delivery on time.,,LOCATION_0020,0.63,SOCIAL_MEDIA_MONITORING
SOC_001699,PERSON_1351,PicWall,user_person_1351,2026-02-05 17:10:17,Traffic was terrible near the market today.,,LOCATION_0025,0.78,SOCIAL_MEDIA_MONITORING
SOC_001700,PERSON_0876,ChirpNet,user_person_0876,2025-02-07 18:31:18,Meeting postponed. Same place tomorrow.,,LOCATION_0292,0.64,SOCIAL_MEDIA_MONITORING
SOC_001701,PERSON_1283,ChirpNet,user_person_1283,2026-06-08 16:49:36,Happy to share we completed the delivery on time.,,LOCATION_0282,0.7,SOCIAL_MEDIA_MONITORING
SOC_001702,PERSON_0127,ConnectHub,user_person_0127,2026-03-20 19:33:30,"Great weekend with family, back to work tomorrow.",,LOCATION_0256,0.72,SOCIAL_MEDIA_MONITORING
SOC_001703,PERSON_1201,ConnectHub,user_person_1201,2025-09-09 06:47:49,Weather has been unusually warm this month.,,LOCATION_0040,0.6,SOCIAL_MEDIA_MONITORING
SOC_001704,PERSON_0412,PicWall,user_person_0412,2026-02-01 04:44:14,"New shop opening next week, everyone welcome.",,LOCATION_0185,0.47,SOCIAL_MEDIA_MONITORING
SOC_001705,PERSON_0091,ChirpNet,user_person_0091,2026-03-29 16:52:45,"Great weekend with family, back to work tomorrow.",,LOCATION_0285,0.62,SOCIAL_MEDIA_MONITORING
SOC_001706,PERSON_0075,ChirpNet,user_person_0075,2024-05-28 09:56:17,"New shop opening next week, everyone welcome.",,LOCATION_0193,0.43,SOCIAL_MEDIA_MONITORING
SOC_001707,PERSON_1466,SnapCircle,user_person_1466,2025-02-25 15:40:20,Keep this between us for now.,,LOCATION_0219,0.48,SOCIAL_MEDIA_MONITORING
SOC_001708,PERSON_0392,PicWall,user_person_0392,2025-05-21 07:05:00,Meeting postponed. Same place tomorrow.,PERSON_0544,LOCATION_0218,0.5,SOCIAL_MEDIA_MONITORING
SOC_001709,PERSON_0359,SnapCircle,user_person_0359,2025-04-20 16:51:25,"New shop opening next week, everyone welcome.",,LOCATION_0286,0.4,SOCIAL_MEDIA_MONITORING
SOC_001710,PERSON_1221,TalkStream,user_person_1221,2025-03-01 13:26:30,"New shop opening next week, everyone welcome.",,LOCATION_0033,0.67,SOCIAL_MEDIA_MONITORING
SOC_001711,PERSON_0619,TalkStream,user_person_0619,2025-08-13 05:35:30,Traffic was terrible near the market today.,,LOCATION_0120,0.57,SOCIAL_MEDIA_MONITORING
SOC_001712,PERSON_1184,ChirpNet,user_person_1184,2025-07-11 06:52:48,"New shop opening next week, everyone welcome.",,LOCATION_0094,0.47,SOCIAL_MEDIA_MONITORING
SOC_001713,PERSON_1114,PicWall,user_person_1114,2025-06-17 19:14:54,Meeting postponed. Same place tomorrow.,PERSON_0568,LOCATION_0190,0.79,SOCIAL_MEDIA_MONITORING
SOC_001714,PERSON_1420,ConnectHub,user_person_1420,2024-02-22 18:13:05,"Great weekend with family, back to work tomorrow.",,LOCATION_0290,0.5,SOCIAL_MEDIA_MONITORING
SOC_001715,PERSON_0296,TalkStream,user_person_0296,2024-08-02 20:51:51,Happy to share we completed the delivery on time.,,LOCATION_0154,0.74,SOCIAL_MEDIA_MONITORING
SOC_001716,PERSON_1352,ConnectHub,user_person_1352,2025-07-16 22:11:07,Weather has been unusually warm this month.,,LOCATION_0045,0.45,SOCIAL_MEDIA_MONITORING
SOC_001717,PERSON_1010,ConnectHub,user_person_1010,2025-10-06 04:33:33,Happy to share we completed the delivery on time.,,LOCATION_0008,0.64,SOCIAL_MEDIA_MONITORING
SOC_001718,PERSON_0780,PicWall,user_person_0780,2026-03-15 09:02:46,"Plan is confirmed, let's proceed as talked about.",PERSON_1294,LOCATION_0294,0.73,SOCIAL_MEDIA_MONITORING
SOC_001719,PERSON_0522,ConnectHub,user_person_0522,2024-09-07 22:31:07,Weather has been unusually warm this month.,,LOCATION_0035,0.43,SOCIAL_MEDIA_MONITORING
SOC_001720,PERSON_0761,ChirpNet,user_person_0761,2025-08-20 10:49:47,Weather has been unusually warm this month.,,LOCATION_0018,0.48,SOCIAL_MEDIA_MONITORING
SOC_001721,PERSON_1445,PicWall,user_person_1445,2026-03-22 18:25:13,"New shop opening next week, everyone welcome.",,LOCATION_0256,0.43,SOCIAL_MEDIA_MONITORING
SOC_001722,PERSON_0131,PicWall,user_person_0131,2024-06-03 17:25:31,Weather has been unusually warm this month.,,LOCATION_0165,0.43,SOCIAL_MEDIA_MONITORING
SOC_001723,PERSON_1438,TalkStream,user_person_1438,2024-02-18 00:02:14,Traffic was terrible near the market today.,,LOCATION_0275,0.44,SOCIAL_MEDIA_MONITORING
SOC_001724,PERSON_0832,SnapCircle,user_person_0832,2026-04-19 22:44:15,Weather has been unusually warm this month.,,LOCATION_0101,0.41,SOCIAL_MEDIA_MONITORING
SOC_001725,PERSON_0670,TalkStream,user_person_0670,2024-08-14 07:10:31,Weather has been unusually warm this month.,,LOCATION_0010,0.66,SOCIAL_MEDIA_MONITORING
SOC_001726,PERSON_0639,PicWall,user_person_0639,2025-04-26 03:33:05,"Great weekend with family, back to work tomorrow.",,LOCATION_0200,0.49,SOCIAL_MEDIA_MONITORING
SOC_001727,PERSON_0173,SnapCircle,user_person_0173,2025-12-24 08:57:14,"New shop opening next week, everyone welcome.",,LOCATION_0226,0.48,SOCIAL_MEDIA_MONITORING
SOC_001728,PERSON_0888,PicWall,user_person_0888,2026-04-02 09:46:10,"New shop opening next week, everyone welcome.",,LOCATION_0246,0.45,SOCIAL_MEDIA_MONITORING
SOC_001729,PERSON_0750,PicWall,user_person_0750,2024-11-07 13:41:51,Weather has been unusually warm this month.,,LOCATION_0198,0.47,SOCIAL_MEDIA_MONITORING
SOC_001730,PERSON_0285,ChirpNet,user_person_0285,2025-10-24 21:01:23,"Great weekend with family, back to work tomorrow.",,LOCATION_0221,0.52,SOCIAL_MEDIA_MONITORING
SOC_001731,PERSON_0728,ChirpNet,user_person_0728,2025-02-18 17:35:36,"Great weekend with family, back to work tomorrow.",,LOCATION_0086,0.56,SOCIAL_MEDIA_MONITORING
SOC_001732,PERSON_0496,PicWall,user_person_0496,2024-04-22 12:35:44,Traffic was terrible near the market today.,,LOCATION_0162,0.57,SOCIAL_MEDIA_MONITORING
SOC_001733,PERSON_0311,PicWall,user_person_0311,2025-02-06 00:23:28,"New shop opening next week, everyone welcome.",,LOCATION_0188,0.72,SOCIAL_MEDIA_MONITORING
SOC_001734,PERSON_0763,SnapCircle,user_person_0763,2026-01-19 00:06:06,Happy to share we completed the delivery on time.,,LOCATION_0256,0.5,SOCIAL_MEDIA_MONITORING
SOC_001735,PERSON_0892,PicWall,user_person_0892,2024-11-10 23:16:29,"Great weekend with family, back to work tomorrow.",,LOCATION_0201,0.82,SOCIAL_MEDIA_MONITORING
SOC_001736,PERSON_0060,TalkStream,user_person_0060,2025-05-03 05:57:25,"New shop opening next week, everyone welcome.",,LOCATION_0263,0.62,SOCIAL_MEDIA_MONITORING
SOC_001737,PERSON_0444,ConnectHub,user_person_0444,2026-06-14 06:35:39,Traffic was terrible near the market today.,,LOCATION_0251,0.4,SOCIAL_MEDIA_MONITORING
SOC_001738,PERSON_0909,TalkStream,user_person_0909,2025-07-02 10:50:02,Traffic was terrible near the market today.,,LOCATION_0194,0.44,SOCIAL_MEDIA_MONITORING
SOC_001739,PERSON_0864,SnapCircle,user_person_0864,2026-02-14 19:06:11,Weather has been unusually warm this month.,,LOCATION_0147,0.63,SOCIAL_MEDIA_MONITORING
SOC_001740,PERSON_1275,SnapCircle,user_person_1275,2025-03-08 00:56:52,Weather has been unusually warm this month.,,LOCATION_0166,0.77,SOCIAL_MEDIA_MONITORING
SOC_001741,PERSON_0445,TalkStream,user_person_0445,2024-03-17 09:38:51,Traffic was terrible near the market today.,,LOCATION_0069,0.72,SOCIAL_MEDIA_MONITORING
SOC_001742,PERSON_0983,SnapCircle,user_person_0983,2024-08-14 14:12:22,Weather has been unusually warm this month.,,LOCATION_0026,0.5,SOCIAL_MEDIA_MONITORING
SOC_001743,PERSON_0351,PicWall,user_person_0351,2024-12-07 08:51:24,Traffic was terrible near the market today.,,LOCATION_0206,0.77,SOCIAL_MEDIA_MONITORING
SOC_001744,PERSON_1470,ChirpNet,user_person_1470,2024-10-13 21:51:46,Weather has been unusually warm this month.,,LOCATION_0169,0.71,SOCIAL_MEDIA_MONITORING
SOC_001745,PERSON_1179,ConnectHub,user_person_1179,2024-03-19 05:56:55,"Everything is set for the evening, see you there.",,LOCATION_0261,0.63,SOCIAL_MEDIA_MONITORING
SOC_001746,PERSON_0796,ConnectHub,user_person_0796,2024-10-05 05:19:06,Traffic was terrible near the market today.,,LOCATION_0012,0.58,SOCIAL_MEDIA_MONITORING
SOC_001747,PERSON_1450,SnapCircle,user_person_1450,2025-06-19 13:54:15,Traffic was terrible near the market today.,,LOCATION_0258,0.53,SOCIAL_MEDIA_MONITORING
SOC_001748,PERSON_0389,ConnectHub,user_person_0389,2025-08-02 01:17:14,"New shop opening next week, everyone welcome.",,LOCATION_0175,0.51,SOCIAL_MEDIA_MONITORING
SOC_001749,PERSON_0268,ChirpNet,user_person_0268,2026-06-18 02:13:20,"Great weekend with family, back to work tomorrow.",,LOCATION_0021,0.75,SOCIAL_MEDIA_MONITORING
SOC_001750,PERSON_0373,PicWall,user_person_0373,2026-04-22 05:06:12,Meeting postponed. Same place tomorrow.,,LOCATION_0178,0.8,SOCIAL_MEDIA_MONITORING
SOC_001751,PERSON_0204,PicWall,user_person_0204,2024-11-10 11:48:56,Traffic was terrible near the market today.,,LOCATION_0273,0.52,SOCIAL_MEDIA_MONITORING
SOC_001752,PERSON_0039,SnapCircle,user_person_0039,2024-05-18 19:31:36,Traffic was terrible near the market today.,,LOCATION_0117,0.73,SOCIAL_MEDIA_MONITORING
SOC_001753,PERSON_0949,SnapCircle,user_person_0949,2024-04-28 16:56:36,Happy to share we completed the delivery on time.,,LOCATION_0015,0.41,SOCIAL_MEDIA_MONITORING
SOC_001754,PERSON_0842,ConnectHub,user_person_0842,2024-07-01 19:41:33,Happy to share we completed the delivery on time.,,LOCATION_0081,0.57,SOCIAL_MEDIA_MONITORING
SOC_001755,PERSON_1191,TalkStream,user_person_1191,2026-01-09 15:16:28,"Great weekend with family, back to work tomorrow.",,LOCATION_0161,0.84,SOCIAL_MEDIA_MONITORING
SOC_001756,PERSON_0290,SnapCircle,user_person_0290,2025-02-24 08:24:57,Traffic was terrible near the market today.,,LOCATION_0115,0.75,SOCIAL_MEDIA_MONITORING
SOC_001757,PERSON_0369,ChirpNet,user_person_0369,2025-09-18 13:51:38,"New shop opening next week, everyone welcome.",,LOCATION_0101,0.62,SOCIAL_MEDIA_MONITORING
SOC_001758,PERSON_1291,TalkStream,user_person_1291,2024-04-18 08:11:38,Meeting postponed. Same place tomorrow.,,LOCATION_0138,0.46,SOCIAL_MEDIA_MONITORING
SOC_001759,PERSON_0070,PicWall,user_person_0070,2025-02-26 00:11:27,"Package ready, will hand it over as discussed.",,LOCATION_0141,0.69,SOCIAL_MEDIA_MONITORING
SOC_001760,PERSON_0453,ChirpNet,user_person_0453,2024-07-23 05:14:55,Happy to share we completed the delivery on time.,,LOCATION_0126,0.85,SOCIAL_MEDIA_MONITORING
SOC_001761,PERSON_0585,TalkStream,user_person_0585,2026-04-01 09:55:56,Traffic was terrible near the market today.,,LOCATION_0196,0.63,SOCIAL_MEDIA_MONITORING
SOC_001762,PERSON_0225,SnapCircle,user_person_0225,2024-12-07 07:56:01,"New shop opening next week, everyone welcome.",,LOCATION_0270,0.55,SOCIAL_MEDIA_MONITORING
SOC_001763,PERSON_0013,SnapCircle,user_person_0013,2025-05-01 17:52:39,Meeting postponed. Same place tomorrow.,PERSON_1487,LOCATION_0236,0.48,SOCIAL_MEDIA_MONITORING
SOC_001764,PERSON_0260,TalkStream,user_person_0260,2025-01-22 22:38:35,Happy to share we completed the delivery on time.,,LOCATION_0264,0.77,SOCIAL_MEDIA_MONITORING
SOC_001765,PERSON_1225,ChirpNet,user_person_1225,2026-02-15 01:21:20,Happy to share we completed the delivery on time.,,LOCATION_0185,0.82,SOCIAL_MEDIA_MONITORING
SOC_001766,PERSON_1245,TalkStream,user_person_1245,2025-01-31 00:08:46,"Everything is set for the evening, see you there.",,LOCATION_0259,0.41,SOCIAL_MEDIA_MONITORING
SOC_001767,PERSON_1037,TalkStream,user_person_1037,2025-01-24 14:10:28,Traffic was terrible near the market today.,,LOCATION_0162,0.56,SOCIAL_MEDIA_MONITORING
SOC_001768,PERSON_0614,TalkStream,user_person_0614,2024-11-30 11:07:53,"Great weekend with family, back to work tomorrow.",,LOCATION_0144,0.44,SOCIAL_MEDIA_MONITORING
SOC_001769,PERSON_0678,TalkStream,user_person_0678,2025-05-12 05:36:10,Happy to share we completed the delivery on time.,,LOCATION_0102,0.53,SOCIAL_MEDIA_MONITORING
SOC_001770,PERSON_1383,TalkStream,user_person_1383,2024-08-12 12:32:32,Weather has been unusually warm this month.,,LOCATION_0214,0.43,SOCIAL_MEDIA_MONITORING
SOC_001771,PERSON_1370,PicWall,user_person_1370,2024-06-22 16:36:31,"New shop opening next week, everyone welcome.",,LOCATION_0201,0.71,SOCIAL_MEDIA_MONITORING
SOC_001772,PERSON_0826,TalkStream,user_person_0826,2025-11-29 19:34:19,"New shop opening next week, everyone welcome.",,LOCATION_0233,0.54,SOCIAL_MEDIA_MONITORING
SOC_001773,PERSON_0153,TalkStream,user_person_0153,2024-09-27 05:32:56,"New shop opening next week, everyone welcome.",,LOCATION_0001,0.7,SOCIAL_MEDIA_MONITORING
SOC_001774,PERSON_0123,ConnectHub,user_person_0123,2025-08-23 00:02:57,Happy to share we completed the delivery on time.,,LOCATION_0192,0.46,SOCIAL_MEDIA_MONITORING
SOC_001775,PERSON_1252,ConnectHub,user_person_1252,2024-03-27 19:03:18,Weather has been unusually warm this month.,,LOCATION_0069,0.67,SOCIAL_MEDIA_MONITORING
SOC_001776,PERSON_0625,ChirpNet,user_person_0625,2026-04-27 22:57:11,"Everything is set for the evening, see you there.",,LOCATION_0013,0.5,SOCIAL_MEDIA_MONITORING
SOC_001777,PERSON_0450,TalkStream,user_person_0450,2024-06-05 14:17:29,"Great weekend with family, back to work tomorrow.",,LOCATION_0140,0.75,SOCIAL_MEDIA_MONITORING
SOC_001778,PERSON_0706,ChirpNet,user_person_0706,2024-05-13 15:36:45,Weather has been unusually warm this month.,,LOCATION_0089,0.54,SOCIAL_MEDIA_MONITORING
SOC_001779,PERSON_1311,ChirpNet,user_person_1311,2024-11-12 10:22:31,Traffic was terrible near the market today.,,LOCATION_0292,0.61,SOCIAL_MEDIA_MONITORING
SOC_001780,PERSON_0050,ChirpNet,user_person_0050,2025-08-21 13:59:45,"Plan is confirmed, let's proceed as talked about.",,LOCATION_0090,0.65,SOCIAL_MEDIA_MONITORING
SOC_001781,PERSON_0928,TalkStream,user_person_0928,2025-08-28 08:31:09,Weather has been unusually warm this month.,,LOCATION_0286,0.5,SOCIAL_MEDIA_MONITORING
SOC_001782,PERSON_0068,TalkStream,user_person_0068,2024-05-02 13:56:36,"New shop opening next week, everyone welcome.",,LOCATION_0039,0.82,SOCIAL_MEDIA_MONITORING
SOC_001783,PERSON_0969,PicWall,user_person_0969,2024-09-09 18:35:20,Traffic was terrible near the market today.,,LOCATION_0038,0.82,SOCIAL_MEDIA_MONITORING
SOC_001784,PERSON_0283,SnapCircle,user_person_0283,2026-03-29 22:07:06,"Great weekend with family, back to work tomorrow.",,LOCATION_0290,0.64,SOCIAL_MEDIA_MONITORING
SOC_001785,PERSON_0752,ConnectHub,user_person_0752,2025-12-11 13:46:15,Weather has been unusually warm this month.,,LOCATION_0267,0.79,SOCIAL_MEDIA_MONITORING
SOC_001786,PERSON_0311,TalkStream,user_person_0311,2025-08-02 18:30:27,"New shop opening next week, everyone welcome.",,LOCATION_0078,0.76,SOCIAL_MEDIA_MONITORING
SOC_001787,PERSON_0353,ConnectHub,user_person_0353,2024-07-18 20:02:18,"Plan is confirmed, let's proceed as talked about.",PERSON_1047,LOCATION_0108,0.73,SOCIAL_MEDIA_MONITORING
SOC_001788,PERSON_0009,SnapCircle,user_person_0009,2024-01-21 12:15:31,"New shop opening next week, everyone welcome.",,LOCATION_0190,0.84,SOCIAL_MEDIA_MONITORING
SOC_001789,PERSON_0310,PicWall,user_person_0310,2024-01-05 01:27:27,Happy to share we completed the delivery on time.,,LOCATION_0204,0.52,SOCIAL_MEDIA_MONITORING
SOC_001790,PERSON_1015,TalkStream,user_person_1015,2025-12-21 07:22:11,Weather has been unusually warm this month.,,LOCATION_0164,0.42,SOCIAL_MEDIA_MONITORING
SOC_001791,PERSON_0004,SnapCircle,user_person_0004,2025-03-17 00:56:18,Traffic was terrible near the market today.,,LOCATION_0203,0.62,SOCIAL_MEDIA_MONITORING
SOC_001792,PERSON_0990,SnapCircle,user_person_0990,2024-09-15 16:25:29,Happy to share we completed the delivery on time.,,LOCATION_0122,0.78,SOCIAL_MEDIA_MONITORING
SOC_001793,PERSON_1341,TalkStream,user_person_1341,2024-10-04 00:52:07,Happy to share we completed the delivery on time.,,LOCATION_0127,0.63,SOCIAL_MEDIA_MONITORING
SOC_001794,PERSON_0126,ConnectHub,user_person_0126,2026-02-28 09:10:22,Traffic was terrible near the market today.,,LOCATION_0163,0.43,SOCIAL_MEDIA_MONITORING
SOC_001795,PERSON_0768,ChirpNet,user_person_0768,2025-10-22 04:30:16,Weather has been unusually warm this month.,,LOCATION_0204,0.56,SOCIAL_MEDIA_MONITORING
SOC_001796,PERSON_0685,ChirpNet,user_person_0685,2024-08-22 06:55:47,Weather has been unusually warm this month.,,LOCATION_0238,0.52,SOCIAL_MEDIA_MONITORING
SOC_001797,PERSON_0229,ChirpNet,user_person_0229,2024-11-18 12:55:36,"Great weekend with family, back to work tomorrow.",,LOCATION_0184,0.71,SOCIAL_MEDIA_MONITORING
SOC_001798,PERSON_0986,SnapCircle,user_person_0986,2024-09-25 18:20:19,"New shop opening next week, everyone welcome.",,LOCATION_0016,0.62,SOCIAL_MEDIA_MONITORING
SOC_001799,PERSON_0129,ChirpNet,user_person_0129,2026-04-01 17:42:48,"Everything is set for the evening, see you there.",,LOCATION_0287,0.78,SOCIAL_MEDIA_MONITORING
SOC_001800,PERSON_0915,ChirpNet,user_person_0915,2024-03-24 22:53:28,Weather has been unusually warm this month.,,LOCATION_0258,0.55,SOCIAL_MEDIA_MONITORING
SOC_001801,PERSON_1174,PicWall,user_person_1174,2025-06-07 16:03:04,"Great weekend with family, back to work tomorrow.",,LOCATION_0122,0.68,SOCIAL_MEDIA_MONITORING
SOC_001802,PERSON_1466,TalkStream,user_person_1466,2025-03-31 15:18:40,"Great weekend with family, back to work tomorrow.",,LOCATION_0109,0.66,SOCIAL_MEDIA_MONITORING
SOC_001803,PERSON_0417,ChirpNet,user_person_0417,2026-05-02 01:13:05,Weather has been unusually warm this month.,,LOCATION_0139,0.42,SOCIAL_MEDIA_MONITORING
SOC_001804,PERSON_0147,SnapCircle,user_person_0147,2024-01-18 13:48:12,Happy to share we completed the delivery on time.,,LOCATION_0290,0.79,SOCIAL_MEDIA_MONITORING
SOC_001805,PERSON_0556,TalkStream,user_person_0556,2026-01-04 13:05:39,"New shop opening next week, everyone welcome.",,LOCATION_0086,0.82,SOCIAL_MEDIA_MONITORING
SOC_001806,PERSON_0159,ConnectHub,user_person_0159,2025-07-13 18:57:52,"Plan is confirmed, let's proceed as talked about.",,LOCATION_0016,0.83,SOCIAL_MEDIA_MONITORING
SOC_001807,PERSON_0459,ChirpNet,user_person_0459,2025-01-07 17:18:23,"New shop opening next week, everyone welcome.",,LOCATION_0223,0.84,SOCIAL_MEDIA_MONITORING
SOC_001808,PERSON_0713,PicWall,user_person_0713,2025-08-15 12:08:53,Weather has been unusually warm this month.,,LOCATION_0020,0.59,SOCIAL_MEDIA_MONITORING
SOC_001809,PERSON_0757,TalkStream,user_person_0757,2026-03-29 05:05:05,"Everything is set for the evening, see you there.",,LOCATION_0290,0.41,SOCIAL_MEDIA_MONITORING
SOC_001810,PERSON_1347,ChirpNet,user_person_1347,2024-08-17 07:18:03,"New shop opening next week, everyone welcome.",,LOCATION_0003,0.83,SOCIAL_MEDIA_MONITORING
SOC_001811,PERSON_0975,ChirpNet,user_person_0975,2024-03-27 09:35:48,Traffic was terrible near the market today.,,LOCATION_0021,0.56,SOCIAL_MEDIA_MONITORING
SOC_001812,PERSON_0479,TalkStream,user_person_0479,2024-05-08 18:03:31,"Package ready, will hand it over as discussed.",PERSON_0568,LOCATION_0004,0.72,SOCIAL_MEDIA_MONITORING
SOC_001813,PERSON_1115,TalkStream,user_person_1115,2026-04-30 13:11:54,"Plan is confirmed, let's proceed as talked about.",,LOCATION_0051,0.85,SOCIAL_MEDIA_MONITORING
SOC_001814,PERSON_0072,TalkStream,user_person_0072,2025-10-21 15:36:41,Traffic was terrible near the market today.,,LOCATION_0122,0.5,SOCIAL_MEDIA_MONITORING
SOC_001815,PERSON_0496,SnapCircle,user_person_0496,2025-03-29 14:56:59,Weather has been unusually warm this month.,,LOCATION_0102,0.64,SOCIAL_MEDIA_MONITORING
SOC_001816,PERSON_0744,SnapCircle,user_person_0744,2025-08-05 15:47:35,Weather has been unusually warm this month.,,LOCATION_0285,0.45,SOCIAL_MEDIA_MONITORING
SOC_001817,PERSON_1307,ChirpNet,user_person_1307,2024-05-25 03:32:00,Traffic was terrible near the market today.,,LOCATION_0240,0.72,SOCIAL_MEDIA_MONITORING
SOC_001818,PERSON_0791,PicWall,user_person_0791,2026-04-27 11:07:14,Weather has been unusually warm this month.,,LOCATION_0077,0.75,SOCIAL_MEDIA_MONITORING
SOC_001819,PERSON_1411,PicWall,user_person_1411,2025-06-16 14:01:31,Traffic was terrible near the market today.,,LOCATION_0140,0.44,SOCIAL_MEDIA_MONITORING
SOC_001820,PERSON_0882,ConnectHub,user_person_0882,2024-10-29 20:15:07,Traffic was terrible near the market today.,,LOCATION_0187,0.49,SOCIAL_MEDIA_MONITORING
SOC_001821,PERSON_1445,PicWall,user_person_1445,2024-10-05 22:28:54,"Great weekend with family, back to work tomorrow.",,LOCATION_0246,0.84,SOCIAL_MEDIA_MONITORING
SOC_001822,PERSON_1418,ChirpNet,user_person_1418,2025-03-20 06:52:00,"New shop opening next week, everyone welcome.",,LOCATION_0169,0.68,SOCIAL_MEDIA_MONITORING
SOC_001823,PERSON_0139,SnapCircle,user_person_0139,2024-01-16 23:55:15,"Great weekend with family, back to work tomorrow.",,LOCATION_0217,0.77,SOCIAL_MEDIA_MONITORING
SOC_001824,PERSON_1161,PicWall,user_person_1161,2025-10-11 16:46:52,Traffic was terrible near the market today.,,LOCATION_0030,0.77,SOCIAL_MEDIA_MONITORING
SOC_001825,PERSON_0021,SnapCircle,user_person_0021,2026-01-22 14:14:52,Weather has been unusually warm this month.,,LOCATION_0277,0.65,SOCIAL_MEDIA_MONITORING
SOC_001826,PERSON_0559,TalkStream,user_person_0559,2025-05-08 14:11:17,Traffic was terrible near the market today.,,LOCATION_0290,0.67,SOCIAL_MEDIA_MONITORING
SOC_001827,PERSON_1363,PicWall,user_person_1363,2025-11-29 14:31:29,"New shop opening next week, everyone welcome.",,LOCATION_0039,0.7,SOCIAL_MEDIA_MONITORING
SOC_001828,PERSON_1237,TalkStream,user_person_1237,2026-02-03 06:05:27,"Great weekend with family, back to work tomorrow.",,LOCATION_0262,0.7,SOCIAL_MEDIA_MONITORING
SOC_001829,PERSON_0320,ChirpNet,user_person_0320,2026-05-02 09:50:33,Traffic was terrible near the market today.,,LOCATION_0100,0.78,SOCIAL_MEDIA_MONITORING
SOC_001830,PERSON_1131,SnapCircle,user_person_1131,2025-10-08 12:58:05,"New shop opening next week, everyone welcome.",,LOCATION_0266,0.85,SOCIAL_MEDIA_MONITORING
SOC_001831,PERSON_0428,ConnectHub,user_person_0428,2024-03-02 05:23:43,"New shop opening next week, everyone welcome.",,LOCATION_0258,0.79,SOCIAL_MEDIA_MONITORING
SOC_001832,PERSON_1320,PicWall,user_person_1320,2025-06-15 02:31:09,Weather has been unusually warm this month.,,LOCATION_0137,0.77,SOCIAL_MEDIA_MONITORING
SOC_001833,PERSON_1147,TalkStream,user_person_1147,2026-01-17 20:01:38,Traffic was terrible near the market today.,,LOCATION_0163,0.69,SOCIAL_MEDIA_MONITORING
SOC_001834,PERSON_1322,SnapCircle,user_person_1322,2025-12-05 23:20:37,Happy to share we completed the delivery on time.,,LOCATION_0269,0.59,SOCIAL_MEDIA_MONITORING
SOC_001835,PERSON_0521,TalkStream,user_person_0521,2024-04-15 13:03:45,Weather has been unusually warm this month.,,LOCATION_0182,0.46,SOCIAL_MEDIA_MONITORING
SOC_001836,PERSON_1151,SnapCircle,user_person_1151,2024-04-18 08:48:47,Happy to share we completed the delivery on time.,,LOCATION_0125,0.83,SOCIAL_MEDIA_MONITORING
SOC_001837,PERSON_0619,SnapCircle,user_person_0619,2025-11-01 05:16:43,"Great weekend with family, back to work tomorrow.",,LOCATION_0090,0.57,SOCIAL_MEDIA_MONITORING
SOC_001838,PERSON_0442,PicWall,user_person_0442,2024-12-29 03:22:33,Weather has been unusually warm this month.,,LOCATION_0281,0.71,SOCIAL_MEDIA_MONITORING
SOC_001839,PERSON_1481,PicWall,user_person_1481,2025-12-09 14:46:41,Weather has been unusually warm this month.,,LOCATION_0006,0.53,SOCIAL_MEDIA_MONITORING
SOC_001840,PERSON_0013,TalkStream,user_person_0013,2025-08-01 06:11:55,Weather has been unusually warm this month.,,LOCATION_0086,0.58,SOCIAL_MEDIA_MONITORING
SOC_001841,PERSON_0383,TalkStream,user_person_0383,2025-06-15 14:31:16,"Great weekend with family, back to work tomorrow.",,LOCATION_0300,0.67,SOCIAL_MEDIA_MONITORING
SOC_001842,PERSON_0713,ChirpNet,user_person_0713,2026-04-17 14:32:16,Weather has been unusually warm this month.,,LOCATION_0200,0.61,SOCIAL_MEDIA_MONITORING
SOC_001843,PERSON_0606,PicWall,user_person_0606,2024-05-26 21:57:35,Happy to share we completed the delivery on time.,,LOCATION_0128,0.77,SOCIAL_MEDIA_MONITORING
SOC_001844,PERSON_0983,ChirpNet,user_person_0983,2024-12-12 09:41:39,Weather has been unusually warm this month.,,LOCATION_0106,0.45,SOCIAL_MEDIA_MONITORING
SOC_001845,PERSON_0755,TalkStream,user_person_0755,2026-01-24 17:40:24,"Great weekend with family, back to work tomorrow.",,LOCATION_0190,0.6,SOCIAL_MEDIA_MONITORING
SOC_001846,PERSON_1056,SnapCircle,user_person_1056,2024-08-07 10:26:15,"New shop opening next week, everyone welcome.",,LOCATION_0258,0.44,SOCIAL_MEDIA_MONITORING
SOC_001847,PERSON_1224,ConnectHub,user_person_1224,2024-01-09 07:52:19,"Package ready, will hand it over as discussed.",PERSON_1055,LOCATION_0154,0.57,SOCIAL_MEDIA_MONITORING
SOC_001848,PERSON_1016,ChirpNet,user_person_1016,2024-11-20 13:02:12,Weather has been unusually warm this month.,,LOCATION_0167,0.82,SOCIAL_MEDIA_MONITORING
SOC_001849,PERSON_1097,ConnectHub,user_person_1097,2024-12-05 20:43:38,"New shop opening next week, everyone welcome.",,LOCATION_0253,0.5,SOCIAL_MEDIA_MONITORING
SOC_001850,PERSON_0714,ConnectHub,user_person_0714,2026-03-26 00:48:50,Weather has been unusually warm this month.,,LOCATION_0159,0.59,SOCIAL_MEDIA_MONITORING
SOC_001851,PERSON_0451,TalkStream,user_person_0451,2025-12-25 05:41:52,"Great weekend with family, back to work tomorrow.",,LOCATION_0164,0.56,SOCIAL_MEDIA_MONITORING
SOC_001852,PERSON_0876,ConnectHub,user_person_0876,2024-04-14 23:12:39,Weather has been unusually warm this month.,,LOCATION_0032,0.52,SOCIAL_MEDIA_MONITORING
SOC_001853,PERSON_0022,SnapCircle,user_person_0022,2025-12-16 18:49:22,Happy to share we completed the delivery on time.,,LOCATION_0093,0.83,SOCIAL_MEDIA_MONITORING
SOC_001854,PERSON_0223,PicWall,user_person_0223,2026-05-15 16:42:37,"Great weekend with family, back to work tomorrow.",,LOCATION_0255,0.53,SOCIAL_MEDIA_MONITORING
SOC_001855,PERSON_0387,TalkStream,user_person_0387,2026-05-04 02:23:19,"Plan is confirmed, let's proceed as talked about.",PERSON_1371,LOCATION_0198,0.66,SOCIAL_MEDIA_MONITORING
SOC_001856,PERSON_0445,PicWall,user_person_0445,2025-06-17 05:25:17,Happy to share we completed the delivery on time.,,LOCATION_0209,0.66,SOCIAL_MEDIA_MONITORING
SOC_001857,PERSON_0666,ChirpNet,user_person_0666,2024-05-27 18:42:18,Happy to share we completed the delivery on time.,,LOCATION_0147,0.41,SOCIAL_MEDIA_MONITORING
SOC_001858,PERSON_0601,PicWall,user_person_0601,2024-06-26 05:09:53,Weather has been unusually warm this month.,,LOCATION_0267,0.8,SOCIAL_MEDIA_MONITORING
SOC_001859,PERSON_0328,ChirpNet,user_person_0328,2025-06-28 03:33:14,"Great weekend with family, back to work tomorrow.",,LOCATION_0204,0.74,SOCIAL_MEDIA_MONITORING
SOC_001860,PERSON_0961,ChirpNet,user_person_0961,2024-04-28 06:08:21,Weather has been unusually warm this month.,,LOCATION_0027,0.63,SOCIAL_MEDIA_MONITORING
SOC_001861,PERSON_0672,ConnectHub,user_person_0672,2024-10-23 02:07:33,Happy to share we completed the delivery on time.,,LOCATION_0127,0.66,SOCIAL_MEDIA_MONITORING
SOC_001862,PERSON_0026,PicWall,user_person_0026,2025-12-18 21:08:24,"Great weekend with family, back to work tomorrow.",,LOCATION_0085,0.78,SOCIAL_MEDIA_MONITORING
SOC_001863,PERSON_0429,ConnectHub,user_person_0429,2025-08-06 14:31:24,"New shop opening next week, everyone welcome.",,LOCATION_0239,0.69,SOCIAL_MEDIA_MONITORING
SOC_001864,PERSON_0397,PicWall,user_person_0397,2025-10-16 04:07:04,"Great weekend with family, back to work tomorrow.",,LOCATION_0245,0.81,SOCIAL_MEDIA_MONITORING
SOC_001865,PERSON_0899,ChirpNet,user_person_0899,2024-03-23 11:35:00,Keep this between us for now.,,LOCATION_0280,0.42,SOCIAL_MEDIA_MONITORING
SOC_001866,PERSON_0875,TalkStream,user_person_0875,2026-03-21 22:12:32,"New shop opening next week, everyone welcome.",,LOCATION_0224,0.64,SOCIAL_MEDIA_MONITORING
SOC_001867,PERSON_0380,TalkStream,user_person_0380,2024-08-22 15:11:59,"Package ready, will hand it over as discussed.",PERSON_0160,LOCATION_0257,0.46,SOCIAL_MEDIA_MONITORING
SOC_001868,PERSON_0138,ConnectHub,user_person_0138,2025-11-10 09:13:15,Happy to share we completed the delivery on time.,,LOCATION_0181,0.58,SOCIAL_MEDIA_MONITORING
SOC_001869,PERSON_1109,ConnectHub,user_person_1109,2025-06-29 19:25:34,"New shop opening next week, everyone welcome.",,LOCATION_0115,0.76,SOCIAL_MEDIA_MONITORING
SOC_001870,PERSON_0404,TalkStream,user_person_0404,2025-12-16 13:12:29,"New shop opening next week, everyone welcome.",,LOCATION_0084,0.51,SOCIAL_MEDIA_MONITORING
SOC_001871,PERSON_1026,PicWall,user_person_1026,2025-02-06 22:27:00,Happy to share we completed the delivery on time.,,LOCATION_0297,0.71,SOCIAL_MEDIA_MONITORING
SOC_001872,PERSON_0017,TalkStream,user_person_0017,2024-02-19 06:43:56,Weather has been unusually warm this month.,,LOCATION_0239,0.56,SOCIAL_MEDIA_MONITORING
SOC_001873,PERSON_1175,ConnectHub,user_person_1175,2024-01-23 01:47:51,"New shop opening next week, everyone welcome.",,LOCATION_0296,0.81,SOCIAL_MEDIA_MONITORING
SOC_001874,PERSON_0858,PicWall,user_person_0858,2024-11-05 02:00:10,"New shop opening next week, everyone welcome.",,LOCATION_0245,0.84,SOCIAL_MEDIA_MONITORING
SOC_001875,PERSON_1356,ConnectHub,user_person_1356,2024-02-05 12:06:27,"New shop opening next week, everyone welcome.",,LOCATION_0076,0.53,SOCIAL_MEDIA_MONITORING
SOC_001876,PERSON_0132,ConnectHub,user_person_0132,2025-11-01 11:00:46,Meeting postponed. Same place tomorrow.,,LOCATION_0104,0.83,SOCIAL_MEDIA_MONITORING
SOC_001877,PERSON_0126,ConnectHub,user_person_0126,2024-12-17 22:42:45,"New shop opening next week, everyone welcome.",,LOCATION_0293,0.76,SOCIAL_MEDIA_MONITORING
SOC_001878,PERSON_0467,TalkStream,user_person_0467,2024-07-01 09:00:24,Traffic was terrible near the market today.,,LOCATION_0191,0.56,SOCIAL_MEDIA_MONITORING
SOC_001879,PERSON_0664,PicWall,user_person_0664,2024-01-10 11:33:28,Happy to share we completed the delivery on time.,,LOCATION_0171,0.48,SOCIAL_MEDIA_MONITORING
SOC_001880,PERSON_0237,SnapCircle,user_person_0237,2025-01-22 03:30:33,"New shop opening next week, everyone welcome.",,LOCATION_0036,0.41,SOCIAL_MEDIA_MONITORING
SOC_001881,PERSON_0713,ChirpNet,user_person_0713,2026-01-11 15:10:44,"Package ready, will hand it over as discussed.",,LOCATION_0280,0.83,SOCIAL_MEDIA_MONITORING
SOC_001882,PERSON_1386,SnapCircle,user_person_1386,2024-08-17 06:55:12,"New shop opening next week, everyone welcome.",,LOCATION_0219,0.56,SOCIAL_MEDIA_MONITORING
SOC_001883,PERSON_0112,ChirpNet,user_person_0112,2024-10-03 00:27:23,Happy to share we completed the delivery on time.,,LOCATION_0267,0.54,SOCIAL_MEDIA_MONITORING
SOC_001884,PERSON_0405,ConnectHub,user_person_0405,2025-03-23 10:22:39,Weather has been unusually warm this month.,,LOCATION_0062,0.61,SOCIAL_MEDIA_MONITORING
SOC_001885,PERSON_0438,TalkStream,user_person_0438,2025-03-08 14:19:05,Traffic was terrible near the market today.,,LOCATION_0123,0.43,SOCIAL_MEDIA_MONITORING
SOC_001886,PERSON_1398,TalkStream,user_person_1398,2025-02-01 04:58:29,Happy to share we completed the delivery on time.,,LOCATION_0024,0.54,SOCIAL_MEDIA_MONITORING
SOC_001887,PERSON_0804,PicWall,user_person_0804,2025-05-07 05:25:11,"Great weekend with family, back to work tomorrow.",,LOCATION_0130,0.5,SOCIAL_MEDIA_MONITORING
SOC_001888,PERSON_0066,ChirpNet,user_person_0066,2026-02-15 18:24:24,"Great weekend with family, back to work tomorrow.",,LOCATION_0058,0.68,SOCIAL_MEDIA_MONITORING
SOC_001889,PERSON_1427,SnapCircle,user_person_1427,2024-04-22 10:04:52,Weather has been unusually warm this month.,,LOCATION_0176,0.79,SOCIAL_MEDIA_MONITORING
SOC_001890,PERSON_0499,TalkStream,user_person_0499,2026-01-15 02:34:52,"New shop opening next week, everyone welcome.",,LOCATION_0210,0.47,SOCIAL_MEDIA_MONITORING
SOC_001891,PERSON_0440,TalkStream,user_person_0440,2025-05-01 03:15:35,Happy to share we completed the delivery on time.,,LOCATION_0008,0.47,SOCIAL_MEDIA_MONITORING
SOC_001892,PERSON_0567,ConnectHub,user_person_0567,2024-09-09 06:00:39,Happy to share we completed the delivery on time.,,LOCATION_0112,0.62,SOCIAL_MEDIA_MONITORING
SOC_001893,PERSON_0813,ConnectHub,user_person_0813,2024-06-02 00:45:20,Weather has been unusually warm this month.,,LOCATION_0006,0.85,SOCIAL_MEDIA_MONITORING
SOC_001894,PERSON_0048,ChirpNet,user_person_0048,2024-06-17 18:30:16,Happy to share we completed the delivery on time.,,LOCATION_0170,0.58,SOCIAL_MEDIA_MONITORING
SOC_001895,PERSON_1421,ConnectHub,user_person_1421,2024-04-06 18:46:30,Traffic was terrible near the market today.,,LOCATION_0177,0.74,SOCIAL_MEDIA_MONITORING
SOC_001896,PERSON_1134,ChirpNet,user_person_1134,2024-10-30 22:05:48,"New shop opening next week, everyone welcome.",,LOCATION_0116,0.79,SOCIAL_MEDIA_MONITORING
SOC_001897,PERSON_1075,TalkStream,user_person_1075,2026-03-26 00:04:56,"Great weekend with family, back to work tomorrow.",,LOCATION_0029,0.71,SOCIAL_MEDIA_MONITORING
SOC_001898,PERSON_0203,PicWall,user_person_0203,2024-05-16 17:03:00,"New shop opening next week, everyone welcome.",,LOCATION_0044,0.83,SOCIAL_MEDIA_MONITORING
SOC_001899,PERSON_0477,TalkStream,user_person_0477,2025-11-22 11:29:45,"Package ready, will hand it over as discussed.",PERSON_1418,LOCATION_0256,0.45,SOCIAL_MEDIA_MONITORING
SOC_001900,PERSON_1016,PicWall,user_person_1016,2025-10-16 08:52:49,"New shop opening next week, everyone welcome.",,LOCATION_0047,0.67,SOCIAL_MEDIA_MONITORING
SOC_001901,PERSON_1210,ChirpNet,user_person_1210,2024-08-19 08:26:30,Weather has been unusually warm this month.,,LOCATION_0100,0.47,SOCIAL_MEDIA_MONITORING
SOC_001902,PERSON_1455,ConnectHub,user_person_1455,2024-10-12 00:10:00,Weather has been unusually warm this month.,,LOCATION_0116,0.49,SOCIAL_MEDIA_MONITORING
SOC_001903,PERSON_0956,TalkStream,user_person_0956,2024-12-02 21:36:19,Weather has been unusually warm this month.,,LOCATION_0190,0.8,SOCIAL_MEDIA_MONITORING
SOC_001904,PERSON_1161,ChirpNet,user_person_1161,2026-05-08 07:49:10,"Everything is set for the evening, see you there.",PERSON_1103,LOCATION_0110,0.61,SOCIAL_MEDIA_MONITORING
SOC_001905,PERSON_0026,ChirpNet,user_person_0026,2026-01-09 09:44:14,Happy to share we completed the delivery on time.,,LOCATION_0045,0.82,SOCIAL_MEDIA_MONITORING
SOC_001906,PERSON_0635,PicWall,user_person_0635,2024-02-20 02:00:38,Weather has been unusually warm this month.,,LOCATION_0141,0.74,SOCIAL_MEDIA_MONITORING
SOC_001907,PERSON_1239,SnapCircle,user_person_1239,2026-02-09 04:15:01,"Great weekend with family, back to work tomorrow.",,LOCATION_0131,0.4,SOCIAL_MEDIA_MONITORING
SOC_001908,PERSON_1329,TalkStream,user_person_1329,2026-03-22 03:59:25,Weather has been unusually warm this month.,,LOCATION_0049,0.58,SOCIAL_MEDIA_MONITORING
SOC_001909,PERSON_0316,ChirpNet,user_person_0316,2024-12-16 07:07:32,"New shop opening next week, everyone welcome.",,LOCATION_0256,0.83,SOCIAL_MEDIA_MONITORING
SOC_001910,PERSON_1355,TalkStream,user_person_1355,2026-01-22 11:29:32,"Everything is set for the evening, see you there.",,LOCATION_0123,0.52,SOCIAL_MEDIA_MONITORING
SOC_001911,PERSON_0836,SnapCircle,user_person_0836,2024-02-20 21:01:45,Meeting postponed. Same place tomorrow.,,LOCATION_0114,0.42,SOCIAL_MEDIA_MONITORING
SOC_001912,PERSON_0740,ChirpNet,user_person_0740,2025-02-17 02:17:49,Traffic was terrible near the market today.,,LOCATION_0114,0.77,SOCIAL_MEDIA_MONITORING
SOC_001913,PERSON_1218,PicWall,user_person_1218,2024-01-10 08:11:43,Meeting postponed. Same place tomorrow.,,LOCATION_0284,0.72,SOCIAL_MEDIA_MONITORING
SOC_001914,PERSON_1212,ConnectHub,user_person_1212,2026-01-21 07:40:59,Traffic was terrible near the market today.,,LOCATION_0006,0.58,SOCIAL_MEDIA_MONITORING
SOC_001915,PERSON_1164,ConnectHub,user_person_1164,2026-02-14 13:44:27,Happy to share we completed the delivery on time.,,LOCATION_0059,0.71,SOCIAL_MEDIA_MONITORING
SOC_001916,PERSON_1073,PicWall,user_person_1073,2024-05-18 08:43:30,"Package ready, will hand it over as discussed.",,LOCATION_0174,0.79,SOCIAL_MEDIA_MONITORING
SOC_001917,PERSON_0184,PicWall,user_person_0184,2026-05-22 17:26:22,Traffic was terrible near the market today.,,LOCATION_0170,0.54,SOCIAL_MEDIA_MONITORING
SOC_001918,PERSON_1099,ConnectHub,user_person_1099,2026-06-16 13:38:42,"Great weekend with family, back to work tomorrow.",,LOCATION_0211,0.79,SOCIAL_MEDIA_MONITORING
SOC_001919,PERSON_1489,SnapCircle,user_person_1489,2025-04-26 04:22:16,Meeting postponed. Same place tomorrow.,PERSON_1202,LOCATION_0003,0.8,SOCIAL_MEDIA_MONITORING
SOC_001920,PERSON_1102,TalkStream,user_person_1102,2026-06-19 03:28:01,"Package ready, will hand it over as discussed.",,LOCATION_0103,0.62,SOCIAL_MEDIA_MONITORING
SOC_001921,PERSON_1134,PicWall,user_person_1134,2024-01-04 16:33:55,"New shop opening next week, everyone welcome.",,LOCATION_0286,0.8,SOCIAL_MEDIA_MONITORING
SOC_001922,PERSON_0195,TalkStream,user_person_0195,2024-05-05 12:11:15,"New shop opening next week, everyone welcome.",,LOCATION_0035,0.48,SOCIAL_MEDIA_MONITORING
SOC_001923,PERSON_1078,PicWall,user_person_1078,2025-09-24 07:15:35,"Package ready, will hand it over as discussed.",,LOCATION_0178,0.65,SOCIAL_MEDIA_MONITORING
SOC_001924,PERSON_0187,ChirpNet,user_person_0187,2024-03-13 06:35:59,Happy to share we completed the delivery on time.,,LOCATION_0173,0.43,SOCIAL_MEDIA_MONITORING
SOC_001925,PERSON_0465,SnapCircle,user_person_0465,2025-02-24 15:18:47,Keep this between us for now.,PERSON_0186,LOCATION_0071,0.45,SOCIAL_MEDIA_MONITORING
SOC_001926,PERSON_1339,ChirpNet,user_person_1339,2026-06-21 08:39:24,Weather has been unusually warm this month.,,LOCATION_0080,0.56,SOCIAL_MEDIA_MONITORING
SOC_001927,PERSON_0049,ConnectHub,user_person_0049,2025-03-10 05:51:58,"Great weekend with family, back to work tomorrow.",,LOCATION_0295,0.73,SOCIAL_MEDIA_MONITORING
SOC_001928,PERSON_0213,ConnectHub,user_person_0213,2024-04-20 16:32:11,Keep this between us for now.,,LOCATION_0170,0.75,SOCIAL_MEDIA_MONITORING
SOC_001929,PERSON_0767,ChirpNet,user_person_0767,2024-12-19 09:44:34,Meeting postponed. Same place tomorrow.,,LOCATION_0019,0.57,SOCIAL_MEDIA_MONITORING
SOC_001930,PERSON_1176,TalkStream,user_person_1176,2025-03-08 11:15:20,Traffic was terrible near the market today.,,LOCATION_0204,0.77,SOCIAL_MEDIA_MONITORING
SOC_001931,PERSON_1026,PicWall,user_person_1026,2025-05-21 07:31:35,Keep this between us for now.,,LOCATION_0127,0.62,SOCIAL_MEDIA_MONITORING
SOC_001932,PERSON_0507,SnapCircle,user_person_0507,2026-03-15 06:35:08,"New shop opening next week, everyone welcome.",,LOCATION_0254,0.55,SOCIAL_MEDIA_MONITORING
SOC_001933,PERSON_1162,PicWall,user_person_1162,2025-09-14 11:00:45,"New shop opening next week, everyone welcome.",,LOCATION_0005,0.71,SOCIAL_MEDIA_MONITORING
SOC_001934,PERSON_0364,SnapCircle,user_person_0364,2025-04-09 18:40:37,"Great weekend with family, back to work tomorrow.",,LOCATION_0266,0.69,SOCIAL_MEDIA_MONITORING
SOC_001935,PERSON_1265,ChirpNet,user_person_1265,2026-01-17 01:43:53,"Great weekend with family, back to work tomorrow.",,LOCATION_0266,0.57,SOCIAL_MEDIA_MONITORING
SOC_001936,PERSON_1345,ConnectHub,user_person_1345,2025-06-09 00:38:13,"New shop opening next week, everyone welcome.",,LOCATION_0161,0.63,SOCIAL_MEDIA_MONITORING
SOC_001937,PERSON_0958,TalkStream,user_person_0958,2025-12-13 12:14:08,Happy to share we completed the delivery on time.,,LOCATION_0150,0.54,SOCIAL_MEDIA_MONITORING
SOC_001938,PERSON_0831,SnapCircle,user_person_0831,2024-03-22 09:47:24,"Great weekend with family, back to work tomorrow.",,LOCATION_0090,0.45,SOCIAL_MEDIA_MONITORING
SOC_001939,PERSON_0887,ConnectHub,user_person_0887,2024-06-26 00:12:01,"New shop opening next week, everyone welcome.",,LOCATION_0274,0.41,SOCIAL_MEDIA_MONITORING
SOC_001940,PERSON_0022,PicWall,user_person_0022,2026-03-22 16:30:20,Keep this between us for now.,,LOCATION_0273,0.65,SOCIAL_MEDIA_MONITORING
SOC_001941,PERSON_0453,ConnectHub,user_person_0453,2025-12-19 01:22:04,"Great weekend with family, back to work tomorrow.",,LOCATION_0176,0.76,SOCIAL_MEDIA_MONITORING
SOC_001942,PERSON_1288,TalkStream,user_person_1288,2026-04-11 10:27:43,Traffic was terrible near the market today.,,LOCATION_0088,0.67,SOCIAL_MEDIA_MONITORING
SOC_001943,PERSON_1136,TalkStream,user_person_1136,2025-12-19 12:34:20,"New shop opening next week, everyone welcome.",,LOCATION_0017,0.57,SOCIAL_MEDIA_MONITORING
SOC_001944,PERSON_0957,PicWall,user_person_0957,2024-02-14 10:37:32,Happy to share we completed the delivery on time.,,LOCATION_0161,0.77,SOCIAL_MEDIA_MONITORING
SOC_001945,PERSON_1376,TalkStream,user_person_1376,2026-03-19 02:42:53,"New shop opening next week, everyone welcome.",,LOCATION_0205,0.77,SOCIAL_MEDIA_MONITORING
SOC_001946,PERSON_0025,ChirpNet,user_person_0025,2024-05-03 15:44:32,"New shop opening next week, everyone welcome.",,LOCATION_0135,0.77,SOCIAL_MEDIA_MONITORING
SOC_001947,PERSON_0084,TalkStream,user_person_0084,2026-04-06 08:09:41,Happy to share we completed the delivery on time.,,LOCATION_0011,0.45,SOCIAL_MEDIA_MONITORING
SOC_001948,PERSON_0155,ConnectHub,user_person_0155,2026-02-17 12:31:22,Happy to share we completed the delivery on time.,,LOCATION_0130,0.48,SOCIAL_MEDIA_MONITORING
SOC_001949,PERSON_0944,TalkStream,user_person_0944,2026-06-03 13:22:53,Happy to share we completed the delivery on time.,,LOCATION_0068,0.56,SOCIAL_MEDIA_MONITORING
SOC_001950,PERSON_1485,SnapCircle,user_person_1485,2024-07-21 21:45:51,"Package ready, will hand it over as discussed.",PERSON_1251,LOCATION_0215,0.46,SOCIAL_MEDIA_MONITORING
SOC_001951,PERSON_1437,ChirpNet,user_person_1437,2024-12-13 09:45:50,"Everything is set for the evening, see you there.",,LOCATION_0069,0.45,SOCIAL_MEDIA_MONITORING
SOC_001952,PERSON_0250,PicWall,user_person_0250,2026-04-01 07:43:03,"Great weekend with family, back to work tomorrow.",,LOCATION_0054,0.6,SOCIAL_MEDIA_MONITORING
SOC_001953,PERSON_0538,PicWall,user_person_0538,2025-01-20 23:33:39,"Package ready, will hand it over as discussed.",PERSON_0834,LOCATION_0033,0.74,SOCIAL_MEDIA_MONITORING
SOC_001954,PERSON_0986,ChirpNet,user_person_0986,2024-06-11 07:13:39,"Plan is confirmed, let's proceed as talked about.",PERSON_0728,LOCATION_0076,0.54,SOCIAL_MEDIA_MONITORING
SOC_001955,PERSON_0661,ChirpNet,user_person_0661,2025-04-05 08:22:33,"New shop opening next week, everyone welcome.",,LOCATION_0118,0.61,SOCIAL_MEDIA_MONITORING
SOC_001956,PERSON_1176,PicWall,user_person_1176,2026-01-01 14:09:43,"New shop opening next week, everyone welcome.",,LOCATION_0294,0.67,SOCIAL_MEDIA_MONITORING
SOC_001957,PERSON_1052,ConnectHub,user_person_1052,2024-01-17 00:58:12,Happy to share we completed the delivery on time.,,LOCATION_0083,0.44,SOCIAL_MEDIA_MONITORING
SOC_001958,PERSON_0231,PicWall,user_person_0231,2025-05-04 11:31:56,Traffic was terrible near the market today.,,LOCATION_0035,0.62,SOCIAL_MEDIA_MONITORING
SOC_001959,PERSON_0236,TalkStream,user_person_0236,2025-02-06 16:32:47,Traffic was terrible near the market today.,,LOCATION_0205,0.46,SOCIAL_MEDIA_MONITORING
SOC_001960,PERSON_0279,ConnectHub,user_person_0279,2025-08-04 04:37:14,Happy to share we completed the delivery on time.,,LOCATION_0002,0.51,SOCIAL_MEDIA_MONITORING
SOC_001961,PERSON_0730,TalkStream,user_person_0730,2026-02-26 21:19:08,"Everything is set for the evening, see you there.",,LOCATION_0228,0.82,SOCIAL_MEDIA_MONITORING
SOC_001962,PERSON_0894,ChirpNet,user_person_0894,2025-02-24 20:28:06,"Great weekend with family, back to work tomorrow.",,LOCATION_0247,0.78,SOCIAL_MEDIA_MONITORING
SOC_001963,PERSON_0638,TalkStream,user_person_0638,2026-06-28 00:30:38,"Everything is set for the evening, see you there.",,LOCATION_0274,0.61,SOCIAL_MEDIA_MONITORING
SOC_001964,PERSON_1162,TalkStream,user_person_1162,2026-06-21 10:30:15,Weather has been unusually warm this month.,,LOCATION_0065,0.74,SOCIAL_MEDIA_MONITORING
SOC_001965,PERSON_1449,PicWall,user_person_1449,2025-05-05 02:41:59,Weather has been unusually warm this month.,,LOCATION_0169,0.62,SOCIAL_MEDIA_MONITORING
SOC_001966,PERSON_0631,ChirpNet,user_person_0631,2024-09-07 03:30:04,Weather has been unusually warm this month.,,LOCATION_0107,0.84,SOCIAL_MEDIA_MONITORING
SOC_001967,PERSON_0064,SnapCircle,user_person_0064,2026-03-25 21:08:07,Traffic was terrible near the market today.,,LOCATION_0053,0.72,SOCIAL_MEDIA_MONITORING
SOC_001968,PERSON_1338,PicWall,user_person_1338,2025-06-17 04:46:55,"Great weekend with family, back to work tomorrow.",,LOCATION_0100,0.66,SOCIAL_MEDIA_MONITORING
SOC_001969,PERSON_1349,PicWall,user_person_1349,2024-10-19 12:48:58,Happy to share we completed the delivery on time.,,LOCATION_0035,0.75,SOCIAL_MEDIA_MONITORING
SOC_001970,PERSON_1179,PicWall,user_person_1179,2025-11-05 07:46:25,"Great weekend with family, back to work tomorrow.",,LOCATION_0221,0.68,SOCIAL_MEDIA_MONITORING
SOC_001971,PERSON_1269,ChirpNet,user_person_1269,2025-02-08 15:12:32,Meeting postponed. Same place tomorrow.,,LOCATION_0296,0.6,SOCIAL_MEDIA_MONITORING
SOC_001972,PERSON_0356,ChirpNet,user_person_0356,2026-03-16 23:35:03,"Great weekend with family, back to work tomorrow.",,LOCATION_0045,0.59,SOCIAL_MEDIA_MONITORING
SOC_001973,PERSON_0170,TalkStream,user_person_0170,2026-06-17 06:01:23,Happy to share we completed the delivery on time.,,LOCATION_0116,0.73,SOCIAL_MEDIA_MONITORING
SOC_001974,PERSON_1098,TalkStream,user_person_1098,2024-10-03 01:38:28,Weather has been unusually warm this month.,,LOCATION_0151,0.68,SOCIAL_MEDIA_MONITORING
SOC_001975,PERSON_0297,ChirpNet,user_person_0297,2025-11-01 19:08:06,"New shop opening next week, everyone welcome.",,LOCATION_0007,0.72,SOCIAL_MEDIA_MONITORING
SOC_001976,PERSON_0879,SnapCircle,user_person_0879,2026-06-06 19:12:56,Happy to share we completed the delivery on time.,,LOCATION_0067,0.56,SOCIAL_MEDIA_MONITORING
SOC_001977,PERSON_1352,SnapCircle,user_person_1352,2024-01-06 03:40:33,Traffic was terrible near the market today.,,LOCATION_0235,0.49,SOCIAL_MEDIA_MONITORING
SOC_001978,PERSON_0736,TalkStream,user_person_0736,2024-05-03 03:23:16,Happy to share we completed the delivery on time.,,LOCATION_0268,0.54,SOCIAL_MEDIA_MONITORING
SOC_001979,PERSON_0050,ConnectHub,user_person_0050,2024-07-11 23:53:18,Keep this between us for now.,,LOCATION_0140,0.6,SOCIAL_MEDIA_MONITORING
SOC_001980,PERSON_1374,TalkStream,user_person_1374,2024-09-14 22:41:23,"New shop opening next week, everyone welcome.",,LOCATION_0205,0.62,SOCIAL_MEDIA_MONITORING
SOC_001981,PERSON_0224,PicWall,user_person_0224,2025-03-11 02:21:10,Meeting postponed. Same place tomorrow.,PERSON_0334,LOCATION_0137,0.43,SOCIAL_MEDIA_MONITORING
SOC_001982,PERSON_0976,TalkStream,user_person_0976,2026-06-11 14:33:16,"New shop opening next week, everyone welcome.",,LOCATION_0069,0.49,SOCIAL_MEDIA_MONITORING
SOC_001983,PERSON_0958,SnapCircle,user_person_0958,2026-02-04 13:50:41,Happy to share we completed the delivery on time.,,LOCATION_0270,0.43,SOCIAL_MEDIA_MONITORING
SOC_001984,PERSON_0444,ChirpNet,user_person_0444,2024-07-04 07:11:19,Weather has been unusually warm this month.,,LOCATION_0251,0.46,SOCIAL_MEDIA_MONITORING
SOC_001985,PERSON_0272,TalkStream,user_person_0272,2025-01-02 16:42:10,"New shop opening next week, everyone welcome.",,LOCATION_0020,0.66,SOCIAL_MEDIA_MONITORING
SOC_001986,PERSON_0163,ChirpNet,user_person_0163,2025-12-29 21:13:25,"New shop opening next week, everyone welcome.",,LOCATION_0207,0.75,SOCIAL_MEDIA_MONITORING
SOC_001987,PERSON_0582,ChirpNet,user_person_0582,2026-06-02 00:31:19,Traffic was terrible near the market today.,,LOCATION_0182,0.79,SOCIAL_MEDIA_MONITORING
SOC_001988,PERSON_0914,PicWall,user_person_0914,2024-06-20 19:30:56,Weather has been unusually warm this month.,,LOCATION_0167,0.58,SOCIAL_MEDIA_MONITORING
SOC_001989,PERSON_0987,ChirpNet,user_person_0987,2025-11-28 13:43:26,Meeting postponed. Same place tomorrow.,,LOCATION_0056,0.72,SOCIAL_MEDIA_MONITORING
SOC_001990,PERSON_0071,ChirpNet,user_person_0071,2024-12-22 23:27:06,Happy to share we completed the delivery on time.,,LOCATION_0205,0.48,SOCIAL_MEDIA_MONITORING
SOC_001991,PERSON_0365,TalkStream,user_person_0365,2024-04-14 11:48:31,"Package ready, will hand it over as discussed.",PERSON_1131,LOCATION_0166,0.74,SOCIAL_MEDIA_MONITORING
SOC_001992,PERSON_0082,PicWall,user_person_0082,2025-09-11 10:01:18,Meeting postponed. Same place tomorrow.,PERSON_0437,LOCATION_0182,0.74,SOCIAL_MEDIA_MONITORING
SOC_001993,PERSON_0617,TalkStream,user_person_0617,2025-01-17 14:22:25,"Great weekend with family, back to work tomorrow.",,LOCATION_0095,0.43,SOCIAL_MEDIA_MONITORING
SOC_001994,PERSON_0874,TalkStream,user_person_0874,2024-08-17 09:03:57,Weather has been unusually warm this month.,,LOCATION_0138,0.81,SOCIAL_MEDIA_MONITORING
SOC_001995,PERSON_0923,SnapCircle,user_person_0923,2026-02-15 04:46:55,"Everything is set for the evening, see you there.",,LOCATION_0200,0.58,SOCIAL_MEDIA_MONITORING
SOC_001996,PERSON_1437,ChirpNet,user_person_1437,2024-10-17 07:23:12,Weather has been unusually warm this month.,,LOCATION_0229,0.72,SOCIAL_MEDIA_MONITORING
SOC_001997,PERSON_1244,SnapCircle,user_person_1244,2025-11-06 02:18:22,Weather has been unusually warm this month.,,LOCATION_0115,0.68,SOCIAL_MEDIA_MONITORING
SOC_001998,PERSON_1155,PicWall,user_person_1155,2025-11-06 03:48:12,"Everything is set for the evening, see you there.",,LOCATION_0226,0.56,SOCIAL_MEDIA_MONITORING
SOC_001999,PERSON_1161,SnapCircle,user_person_1161,2024-04-21 03:13:00,"Everything is set for the evening, see you there.",PERSON_1191,LOCATION_0220,0.43,SOCIAL_MEDIA_MONITORING
SOC_002000,PERSON_1444,ChirpNet,user_person_1444,2025-04-19 12:45:14,Happy to share we completed the delivery on time.,,LOCATION_0036,0.68,SOCIAL_MEDIA_MONITORING
SOC_002001,PERSON_0877,PicWall,user_person_0877,2025-04-18 05:13:07,Weather has been unusually warm this month.,,LOCATION_0084,0.47,SOCIAL_MEDIA_MONITORING
SOC_002002,PERSON_0128,ConnectHub,user_person_0128,2025-12-10 08:17:42,"New shop opening next week, everyone welcome.",,LOCATION_0096,0.78,SOCIAL_MEDIA_MONITORING
SOC_002003,PERSON_0101,ChirpNet,user_person_0101,2024-10-06 05:21:02,"Everything is set for the evening, see you there.",PERSON_0912,LOCATION_0145,0.69,SOCIAL_MEDIA_MONITORING
SOC_002004,PERSON_1269,TalkStream,user_person_1269,2025-09-16 02:36:59,"New shop opening next week, everyone welcome.",,LOCATION_0036,0.57,SOCIAL_MEDIA_MONITORING
SOC_002005,PERSON_1454,SnapCircle,user_person_1454,2025-02-12 12:16:35,Meeting postponed. Same place tomorrow.,,LOCATION_0043,0.5,SOCIAL_MEDIA_MONITORING
SOC_002006,PERSON_0153,ChirpNet,user_person_0153,2025-12-12 07:28:54,"Great weekend with family, back to work tomorrow.",,LOCATION_0141,0.79,SOCIAL_MEDIA_MONITORING
SOC_002007,PERSON_0996,TalkStream,user_person_0996,2025-10-06 08:22:35,"New shop opening next week, everyone welcome.",,LOCATION_0185,0.55,SOCIAL_MEDIA_MONITORING
SOC_002008,PERSON_0925,ConnectHub,user_person_0925,2026-02-07 02:40:33,Traffic was terrible near the market today.,,LOCATION_0282,0.79,SOCIAL_MEDIA_MONITORING
SOC_002009,PERSON_0300,TalkStream,user_person_0300,2026-01-17 15:55:58,"New shop opening next week, everyone welcome.",,LOCATION_0191,0.4,SOCIAL_MEDIA_MONITORING
SOC_002010,PERSON_1249,ConnectHub,user_person_1249,2024-04-19 23:37:05,"Package ready, will hand it over as discussed.",,LOCATION_0218,0.73,SOCIAL_MEDIA_MONITORING
SOC_002011,PERSON_1199,PicWall,user_person_1199,2024-07-13 13:54:50,"New shop opening next week, everyone welcome.",,LOCATION_0069,0.66,SOCIAL_MEDIA_MONITORING
SOC_002012,PERSON_0404,ConnectHub,user_person_0404,2024-12-18 03:23:10,Happy to share we completed the delivery on time.,,LOCATION_0244,0.42,SOCIAL_MEDIA_MONITORING
SOC_002013,PERSON_0709,TalkStream,user_person_0709,2025-11-30 11:57:21,Weather has been unusually warm this month.,,LOCATION_0135,0.56,SOCIAL_MEDIA_MONITORING
SOC_002014,PERSON_0372,ChirpNet,user_person_0372,2024-01-18 15:05:48,Weather has been unusually warm this month.,,LOCATION_0274,0.83,SOCIAL_MEDIA_MONITORING
SOC_002015,PERSON_0362,TalkStream,user_person_0362,2025-08-22 13:33:16,"Great weekend with family, back to work tomorrow.",,LOCATION_0232,0.56,SOCIAL_MEDIA_MONITORING
SOC_002016,PERSON_1028,ChirpNet,user_person_1028,2024-10-08 22:50:05,Traffic was terrible near the market today.,,LOCATION_0289,0.7,SOCIAL_MEDIA_MONITORING
SOC_002017,PERSON_0234,TalkStream,user_person_0234,2025-07-18 01:02:55,Traffic was terrible near the market today.,,LOCATION_0087,0.74,SOCIAL_MEDIA_MONITORING
SOC_002018,PERSON_0693,TalkStream,user_person_0693,2025-01-19 14:40:27,"Package ready, will hand it over as discussed.",,LOCATION_0268,0.49,SOCIAL_MEDIA_MONITORING
SOC_002019,PERSON_0123,PicWall,user_person_0123,2025-08-09 11:41:22,"New shop opening next week, everyone welcome.",,LOCATION_0212,0.53,SOCIAL_MEDIA_MONITORING
SOC_002020,PERSON_0131,PicWall,user_person_0131,2025-06-11 08:08:11,"Great weekend with family, back to work tomorrow.",,LOCATION_0025,0.72,SOCIAL_MEDIA_MONITORING
SOC_002021,PERSON_0222,SnapCircle,user_person_0222,2025-05-08 03:50:20,"Package ready, will hand it over as discussed.",PERSON_0906,LOCATION_0140,0.63,SOCIAL_MEDIA_MONITORING
SOC_002022,PERSON_0104,TalkStream,user_person_0104,2024-10-22 17:21:53,"Great weekend with family, back to work tomorrow.",,LOCATION_0153,0.67,SOCIAL_MEDIA_MONITORING
SOC_002023,PERSON_0550,ChirpNet,user_person_0550,2024-09-05 19:12:57,Traffic was terrible near the market today.,,LOCATION_0005,0.7,SOCIAL_MEDIA_MONITORING
SOC_002024,PERSON_0044,PicWall,user_person_0044,2026-04-16 09:49:14,Traffic was terrible near the market today.,,LOCATION_0195,0.58,SOCIAL_MEDIA_MONITORING
SOC_002025,PERSON_1467,ConnectHub,user_person_1467,2024-09-12 01:27:30,Weather has been unusually warm this month.,,LOCATION_0157,0.68,SOCIAL_MEDIA_MONITORING
SOC_002026,PERSON_0642,ChirpNet,user_person_0642,2024-07-09 07:24:11,Traffic was terrible near the market today.,,LOCATION_0055,0.45,SOCIAL_MEDIA_MONITORING
SOC_002027,PERSON_0139,ConnectHub,user_person_0139,2026-01-27 15:52:37,"New shop opening next week, everyone welcome.",,LOCATION_0287,0.8,SOCIAL_MEDIA_MONITORING
SOC_002028,PERSON_1432,ConnectHub,user_person_1432,2025-07-19 12:11:45,"Great weekend with family, back to work tomorrow.",,LOCATION_0264,0.58,SOCIAL_MEDIA_MONITORING
SOC_002029,PERSON_0638,ConnectHub,user_person_0638,2025-03-11 18:50:02,Weather has been unusually warm this month.,,LOCATION_0084,0.52,SOCIAL_MEDIA_MONITORING
SOC_002030,PERSON_0952,ChirpNet,user_person_0952,2026-04-10 13:56:25,"Everything is set for the evening, see you there.",,LOCATION_0193,0.8,SOCIAL_MEDIA_MONITORING
SOC_002031,PERSON_0431,PicWall,user_person_0431,2025-10-02 18:37:01,"New shop opening next week, everyone welcome.",,LOCATION_0261,0.47,SOCIAL_MEDIA_MONITORING
SOC_002032,PERSON_0101,PicWall,user_person_0101,2025-01-17 07:24:12,"New shop opening next week, everyone welcome.",,LOCATION_0215,0.71,SOCIAL_MEDIA_MONITORING
SOC_002033,PERSON_1059,ChirpNet,user_person_1059,2024-12-16 04:08:52,"Great weekend with family, back to work tomorrow.",,LOCATION_0081,0.65,SOCIAL_MEDIA_MONITORING
SOC_002034,PERSON_1368,PicWall,user_person_1368,2024-09-12 07:01:57,Happy to share we completed the delivery on time.,,LOCATION_0171,0.42,SOCIAL_MEDIA_MONITORING
SOC_002035,PERSON_0034,TalkStream,user_person_0034,2025-09-01 13:44:50,"New shop opening next week, everyone welcome.",,LOCATION_0180,0.42,SOCIAL_MEDIA_MONITORING
SOC_002036,PERSON_0897,SnapCircle,user_person_0897,2026-05-14 11:03:00,Happy to share we completed the delivery on time.,,LOCATION_0039,0.68,SOCIAL_MEDIA_MONITORING
SOC_002037,PERSON_1238,ConnectHub,user_person_1238,2024-05-26 05:47:21,"Great weekend with family, back to work tomorrow.",,LOCATION_0030,0.59,SOCIAL_MEDIA_MONITORING
SOC_002038,PERSON_0349,SnapCircle,user_person_0349,2025-12-11 16:07:25,Weather has been unusually warm this month.,,LOCATION_0012,0.63,SOCIAL_MEDIA_MONITORING
SOC_002039,PERSON_0461,TalkStream,user_person_0461,2025-02-21 04:14:39,Meeting postponed. Same place tomorrow.,PERSON_0726,LOCATION_0300,0.7,SOCIAL_MEDIA_MONITORING
SOC_002040,PERSON_1002,PicWall,user_person_1002,2024-04-01 14:04:50,Weather has been unusually warm this month.,,LOCATION_0223,0.44,SOCIAL_MEDIA_MONITORING
SOC_002041,PERSON_0425,TalkStream,user_person_0425,2024-08-14 17:45:15,Weather has been unusually warm this month.,,LOCATION_0144,0.84,SOCIAL_MEDIA_MONITORING
SOC_002042,PERSON_1154,PicWall,user_person_1154,2024-05-17 01:21:56,"Package ready, will hand it over as discussed.",,LOCATION_0101,0.52,SOCIAL_MEDIA_MONITORING
SOC_002043,PERSON_1223,SnapCircle,user_person_1223,2024-07-08 15:43:57,"New shop opening next week, everyone welcome.",,LOCATION_0283,0.65,SOCIAL_MEDIA_MONITORING
SOC_002044,PERSON_0953,PicWall,user_person_0953,2025-06-25 13:48:16,Weather has been unusually warm this month.,,LOCATION_0146,0.85,SOCIAL_MEDIA_MONITORING
SOC_002045,PERSON_0481,SnapCircle,user_person_0481,2025-01-17 20:14:39,Happy to share we completed the delivery on time.,,LOCATION_0197,0.75,SOCIAL_MEDIA_MONITORING
SOC_002046,PERSON_1382,SnapCircle,user_person_1382,2026-02-26 21:57:28,Traffic was terrible near the market today.,,LOCATION_0212,0.59,SOCIAL_MEDIA_MONITORING
SOC_002047,PERSON_0644,TalkStream,user_person_0644,2024-10-22 11:50:32,Weather has been unusually warm this month.,,LOCATION_0224,0.72,SOCIAL_MEDIA_MONITORING
SOC_002048,PERSON_0440,ChirpNet,user_person_0440,2024-01-05 13:04:29,Traffic was terrible near the market today.,,LOCATION_0168,0.42,SOCIAL_MEDIA_MONITORING
SOC_002049,PERSON_0061,ConnectHub,user_person_0061,2025-09-13 20:04:21,"Great weekend with family, back to work tomorrow.",,LOCATION_0270,0.83,SOCIAL_MEDIA_MONITORING
SOC_002050,PERSON_1386,PicWall,user_person_1386,2024-08-13 06:26:30,"Plan is confirmed, let's proceed as talked about.",,LOCATION_0109,0.78,SOCIAL_MEDIA_MONITORING
SOC_002051,PERSON_0802,ChirpNet,user_person_0802,2024-12-05 05:17:15,"New shop opening next week, everyone welcome.",,LOCATION_0270,0.62,SOCIAL_MEDIA_MONITORING
SOC_002052,PERSON_1082,ChirpNet,user_person_1082,2025-11-25 01:36:05,Keep this between us for now.,,LOCATION_0216,0.52,SOCIAL_MEDIA_MONITORING
SOC_002053,PERSON_0017,ConnectHub,user_person_0017,2025-11-13 09:20:49,Traffic was terrible near the market today.,,LOCATION_0079,0.52,SOCIAL_MEDIA_MONITORING
SOC_002054,PERSON_1445,ConnectHub,user_person_1445,2026-04-23 22:59:13,Traffic was terrible near the market today.,,LOCATION_0086,0.65,SOCIAL_MEDIA_MONITORING
SOC_002055,PERSON_0187,TalkStream,user_person_0187,2025-06-25 12:14:58,"New shop opening next week, everyone welcome.",,LOCATION_0243,0.41,SOCIAL_MEDIA_MONITORING
SOC_002056,PERSON_1405,SnapCircle,user_person_1405,2025-09-24 22:22:49,"Everything is set for the evening, see you there.",,LOCATION_0041,0.64,SOCIAL_MEDIA_MONITORING
SOC_002057,PERSON_1170,SnapCircle,user_person_1170,2026-03-19 10:14:41,Happy to share we completed the delivery on time.,,LOCATION_0047,0.44,SOCIAL_MEDIA_MONITORING
SOC_002058,PERSON_0126,ConnectHub,user_person_0126,2025-12-25 01:16:24,"New shop opening next week, everyone welcome.",,LOCATION_0083,0.44,SOCIAL_MEDIA_MONITORING
SOC_002059,PERSON_1314,ConnectHub,user_person_1314,2024-03-12 10:05:05,"Great weekend with family, back to work tomorrow.",,LOCATION_0062,0.59,SOCIAL_MEDIA_MONITORING
SOC_002060,PERSON_0438,ChirpNet,user_person_0438,2025-03-20 19:26:10,"Everything is set for the evening, see you there.",,LOCATION_0023,0.84,SOCIAL_MEDIA_MONITORING
SOC_002061,PERSON_0488,ConnectHub,user_person_0488,2024-07-23 15:33:15,Happy to share we completed the delivery on time.,,LOCATION_0015,0.82,SOCIAL_MEDIA_MONITORING
SOC_002062,PERSON_0694,ConnectHub,user_person_0694,2026-03-30 02:21:32,Weather has been unusually warm this month.,,LOCATION_0083,0.63,SOCIAL_MEDIA_MONITORING
SOC_002063,PERSON_0761,ConnectHub,user_person_0761,2025-05-24 08:36:53,Traffic was terrible near the market today.,,LOCATION_0048,0.41,SOCIAL_MEDIA_MONITORING
SOC_002064,PERSON_0386,PicWall,user_person_0386,2024-02-04 00:58:10,Weather has been unusually warm this month.,,LOCATION_0037,0.69,SOCIAL_MEDIA_MONITORING
SOC_002065,PERSON_1389,TalkStream,user_person_1389,2025-11-18 01:31:23,Traffic was terrible near the market today.,,LOCATION_0039,0.44,SOCIAL_MEDIA_MONITORING
SOC_002066,PERSON_0534,PicWall,user_person_0534,2025-03-16 19:52:54,"Great weekend with family, back to work tomorrow.",,LOCATION_0167,0.57,SOCIAL_MEDIA_MONITORING
SOC_002067,PERSON_0944,SnapCircle,user_person_0944,2026-02-27 19:17:53,"Great weekend with family, back to work tomorrow.",,LOCATION_0278,0.47,SOCIAL_MEDIA_MONITORING
SOC_002068,PERSON_0521,SnapCircle,user_person_0521,2024-08-31 23:07:46,"Great weekend with family, back to work tomorrow.",,LOCATION_0022,0.44,SOCIAL_MEDIA_MONITORING
SOC_002069,PERSON_1485,SnapCircle,user_person_1485,2026-05-17 06:08:03,Traffic was terrible near the market today.,,LOCATION_0045,0.76,SOCIAL_MEDIA_MONITORING
SOC_002070,PERSON_0744,PicWall,user_person_0744,2025-07-24 06:17:45,"Plan is confirmed, let's proceed as talked about.",,LOCATION_0245,0.53,SOCIAL_MEDIA_MONITORING
SOC_002071,PERSON_0084,ConnectHub,user_person_0084,2025-04-15 01:01:24,"Great weekend with family, back to work tomorrow.",,LOCATION_0211,0.46,SOCIAL_MEDIA_MONITORING
SOC_002072,PERSON_0840,ConnectHub,user_person_0840,2024-11-28 16:50:43,"Great weekend with family, back to work tomorrow.",,LOCATION_0271,0.7,SOCIAL_MEDIA_MONITORING
SOC_002073,PERSON_0881,ChirpNet,user_person_0881,2025-12-08 07:07:24,"Great weekend with family, back to work tomorrow.",,LOCATION_0200,0.78,SOCIAL_MEDIA_MONITORING
SOC_002074,PERSON_0481,ChirpNet,user_person_0481,2024-12-06 16:43:10,Happy to share we completed the delivery on time.,,LOCATION_0147,0.66,SOCIAL_MEDIA_MONITORING
SOC_002075,PERSON_0061,TalkStream,user_person_0061,2024-12-21 22:36:31,"Great weekend with family, back to work tomorrow.",,LOCATION_0070,0.69,SOCIAL_MEDIA_MONITORING
SOC_002076,PERSON_0859,ChirpNet,user_person_0859,2024-10-30 02:45:13,"New shop opening next week, everyone welcome.",,LOCATION_0134,0.82,SOCIAL_MEDIA_MONITORING
SOC_002077,PERSON_0209,ConnectHub,user_person_0209,2026-01-19 10:25:25,Weather has been unusually warm this month.,,LOCATION_0210,0.66,SOCIAL_MEDIA_MONITORING
SOC_002078,PERSON_0447,TalkStream,user_person_0447,2025-02-19 10:09:54,"New shop opening next week, everyone welcome.",,LOCATION_0063,0.74,SOCIAL_MEDIA_MONITORING
SOC_002079,PERSON_1192,TalkStream,user_person_1192,2026-01-11 19:59:40,"Everything is set for the evening, see you there.",,LOCATION_0183,0.83,SOCIAL_MEDIA_MONITORING
SOC_002080,PERSON_0641,PicWall,user_person_0641,2024-12-30 10:36:06,Keep this between us for now.,,LOCATION_0236,0.59,SOCIAL_MEDIA_MONITORING
SOC_002081,PERSON_0003,ConnectHub,user_person_0003,2025-08-25 19:14:42,Happy to share we completed the delivery on time.,,LOCATION_0090,0.62,SOCIAL_MEDIA_MONITORING
SOC_002082,PERSON_1119,TalkStream,user_person_1119,2024-05-18 14:23:09,Traffic was terrible near the market today.,,LOCATION_0181,0.65,SOCIAL_MEDIA_MONITORING
SOC_002083,PERSON_0928,ConnectHub,user_person_0928,2024-10-23 17:09:49,Happy to share we completed the delivery on time.,,LOCATION_0276,0.65,SOCIAL_MEDIA_MONITORING
SOC_002084,PERSON_1414,ConnectHub,user_person_1414,2025-11-12 18:20:01,Keep this between us for now.,,LOCATION_0068,0.69,SOCIAL_MEDIA_MONITORING
SOC_002085,PERSON_0351,ChirpNet,user_person_0351,2025-10-21 04:08:39,"New shop opening next week, everyone welcome.",,LOCATION_0026,0.65,SOCIAL_MEDIA_MONITORING
SOC_002086,PERSON_0539,ChirpNet,user_person_0539,2024-05-28 22:05:16,Weather has been unusually warm this month.,,LOCATION_0180,0.51,SOCIAL_MEDIA_MONITORING
SOC_002087,PERSON_0686,TalkStream,user_person_0686,2025-06-13 07:09:16,Happy to share we completed the delivery on time.,,LOCATION_0096,0.78,SOCIAL_MEDIA_MONITORING
SOC_002088,PERSON_0941,ConnectHub,user_person_0941,2024-06-21 04:12:26,Happy to share we completed the delivery on time.,,LOCATION_0202,0.54,SOCIAL_MEDIA_MONITORING
SOC_002089,PERSON_0890,ChirpNet,user_person_0890,2026-04-05 10:47:19,Weather has been unusually warm this month.,,LOCATION_0243,0.56,SOCIAL_MEDIA_MONITORING
SOC_002090,PERSON_1092,SnapCircle,user_person_1092,2025-12-22 15:22:11,Happy to share we completed the delivery on time.,,LOCATION_0101,0.79,SOCIAL_MEDIA_MONITORING
SOC_002091,PERSON_1195,PicWall,user_person_1195,2025-03-08 14:50:34,Traffic was terrible near the market today.,,LOCATION_0059,0.61,SOCIAL_MEDIA_MONITORING
SOC_002092,PERSON_0019,TalkStream,user_person_0019,2024-06-23 10:39:09,"New shop opening next week, everyone welcome.",,LOCATION_0203,0.78,SOCIAL_MEDIA_MONITORING
SOC_002093,PERSON_1298,SnapCircle,user_person_1298,2026-05-10 10:39:44,Happy to share we completed the delivery on time.,,LOCATION_0284,0.42,SOCIAL_MEDIA_MONITORING
SOC_002094,PERSON_0948,ConnectHub,user_person_0948,2024-02-13 17:27:21,"Package ready, will hand it over as discussed.",PERSON_0402,LOCATION_0223,0.45,SOCIAL_MEDIA_MONITORING
SOC_002095,PERSON_1142,ChirpNet,user_person_1142,2024-07-18 05:50:04,Traffic was terrible near the market today.,,LOCATION_0244,0.84,SOCIAL_MEDIA_MONITORING
SOC_002096,PERSON_1000,PicWall,user_person_1000,2025-02-25 15:59:44,"Everything is set for the evening, see you there.",,LOCATION_0133,0.57,SOCIAL_MEDIA_MONITORING
SOC_002097,PERSON_0532,ChirpNet,user_person_0532,2024-12-08 04:25:01,Traffic was terrible near the market today.,,LOCATION_0269,0.68,SOCIAL_MEDIA_MONITORING
SOC_002098,PERSON_0643,ConnectHub,user_person_0643,2024-10-01 09:46:22,Traffic was terrible near the market today.,,LOCATION_0050,0.77,SOCIAL_MEDIA_MONITORING
SOC_002099,PERSON_1459,PicWall,user_person_1459,2024-10-11 11:09:43,Weather has been unusually warm this month.,,LOCATION_0145,0.5,SOCIAL_MEDIA_MONITORING
SOC_002100,PERSON_0738,ConnectHub,user_person_0738,2024-06-22 16:57:08,Keep this between us for now.,PERSON_0214,LOCATION_0300,0.74,SOCIAL_MEDIA_MONITORING
SOC_002101,PERSON_0270,ConnectHub,user_person_0270,2025-12-13 23:31:52,Weather has been unusually warm this month.,,LOCATION_0241,0.68,SOCIAL_MEDIA_MONITORING
SOC_002102,PERSON_0510,ChirpNet,user_person_0510,2024-09-20 18:03:51,"New shop opening next week, everyone welcome.",,LOCATION_0027,0.54,SOCIAL_MEDIA_MONITORING
SOC_002103,PERSON_1233,PicWall,user_person_1233,2024-09-26 16:35:10,Traffic was terrible near the market today.,,LOCATION_0286,0.7,SOCIAL_MEDIA_MONITORING
SOC_002104,PERSON_1091,ChirpNet,user_person_1091,2026-05-24 17:22:01,Happy to share we completed the delivery on time.,,LOCATION_0163,0.68,SOCIAL_MEDIA_MONITORING
SOC_002105,PERSON_0500,SnapCircle,user_person_0500,2025-12-10 10:27:07,"New shop opening next week, everyone welcome.",,LOCATION_0146,0.7,SOCIAL_MEDIA_MONITORING
SOC_002106,PERSON_0081,TalkStream,user_person_0081,2025-08-09 12:40:31,Meeting postponed. Same place tomorrow.,,LOCATION_0135,0.5,SOCIAL_MEDIA_MONITORING
SOC_002107,PERSON_0356,SnapCircle,user_person_0356,2024-08-24 12:45:50,Meeting postponed. Same place tomorrow.,PERSON_1223,LOCATION_0175,0.57,SOCIAL_MEDIA_MONITORING
SOC_002108,PERSON_1391,SnapCircle,user_person_1391,2024-05-19 00:51:33,"Great weekend with family, back to work tomorrow.",,LOCATION_0249,0.63,SOCIAL_MEDIA_MONITORING
SOC_002109,PERSON_0550,TalkStream,user_person_0550,2024-12-09 11:17:02,"New shop opening next week, everyone welcome.",,LOCATION_0175,0.46,SOCIAL_MEDIA_MONITORING
SOC_002110,PERSON_0883,PicWall,user_person_0883,2024-07-10 19:17:57,Happy to share we completed the delivery on time.,,LOCATION_0144,0.76,SOCIAL_MEDIA_MONITORING
SOC_002111,PERSON_0181,ChirpNet,user_person_0181,2026-03-19 11:52:35,Weather has been unusually warm this month.,,LOCATION_0050,0.57,SOCIAL_MEDIA_MONITORING
SOC_002112,PERSON_0405,ConnectHub,user_person_0405,2026-02-13 10:42:37,"Everything is set for the evening, see you there.",,LOCATION_0072,0.51,SOCIAL_MEDIA_MONITORING
SOC_002113,PERSON_0846,ChirpNet,user_person_0846,2024-06-24 14:11:51,Weather has been unusually warm this month.,,LOCATION_0297,0.81,SOCIAL_MEDIA_MONITORING
SOC_002114,PERSON_0976,SnapCircle,user_person_0976,2024-02-11 10:08:13,"Great weekend with family, back to work tomorrow.",,LOCATION_0199,0.69,SOCIAL_MEDIA_MONITORING
SOC_002115,PERSON_0740,ConnectHub,user_person_0740,2025-06-23 02:23:58,Weather has been unusually warm this month.,,LOCATION_0264,0.82,SOCIAL_MEDIA_MONITORING
SOC_002116,PERSON_0650,PicWall,user_person_0650,2025-12-13 17:42:38,Traffic was terrible near the market today.,,LOCATION_0051,0.72,SOCIAL_MEDIA_MONITORING
SOC_002117,PERSON_1314,ChirpNet,user_person_1314,2025-03-19 07:15:21,Traffic was terrible near the market today.,,LOCATION_0162,0.67,SOCIAL_MEDIA_MONITORING
SOC_002118,PERSON_0505,PicWall,user_person_0505,2024-03-14 09:27:44,Meeting postponed. Same place tomorrow.,PERSON_1193,LOCATION_0221,0.49,SOCIAL_MEDIA_MONITORING
SOC_002119,PERSON_1483,ChirpNet,user_person_1483,2024-02-11 18:58:02,"Great weekend with family, back to work tomorrow.",,LOCATION_0189,0.54,SOCIAL_MEDIA_MONITORING
SOC_002120,PERSON_1142,SnapCircle,user_person_1142,2025-04-14 14:11:44,"New shop opening next week, everyone welcome.",,LOCATION_0174,0.59,SOCIAL_MEDIA_MONITORING
SOC_002121,PERSON_1144,SnapCircle,user_person_1144,2025-06-23 12:31:26,Happy to share we completed the delivery on time.,,LOCATION_0260,0.62,SOCIAL_MEDIA_MONITORING
SOC_002122,PERSON_0813,ChirpNet,user_person_0813,2025-02-13 23:29:32,"New shop opening next week, everyone welcome.",,LOCATION_0076,0.6,SOCIAL_MEDIA_MONITORING
SOC_002123,PERSON_1157,ChirpNet,user_person_1157,2026-04-25 09:41:45,"Great weekend with family, back to work tomorrow.",,LOCATION_0004,0.76,SOCIAL_MEDIA_MONITORING
SOC_002124,PERSON_0768,ChirpNet,user_person_0768,2024-01-21 08:25:24,"New shop opening next week, everyone welcome.",,LOCATION_0234,0.84,SOCIAL_MEDIA_MONITORING
SOC_002125,PERSON_0920,ConnectHub,user_person_0920,2025-08-08 13:19:29,Happy to share we completed the delivery on time.,,LOCATION_0003,0.8,SOCIAL_MEDIA_MONITORING
SOC_002126,PERSON_1350,SnapCircle,user_person_1350,2025-04-15 23:38:00,"New shop opening next week, everyone welcome.",,LOCATION_0081,0.69,SOCIAL_MEDIA_MONITORING
SOC_002127,PERSON_0183,ChirpNet,user_person_0183,2025-09-05 17:18:56,Happy to share we completed the delivery on time.,,LOCATION_0144,0.72,SOCIAL_MEDIA_MONITORING
SOC_002128,PERSON_0155,TalkStream,user_person_0155,2024-07-17 12:36:30,"New shop opening next week, everyone welcome.",,LOCATION_0140,0.7,SOCIAL_MEDIA_MONITORING
SOC_002129,PERSON_0420,ChirpNet,user_person_0420,2024-10-20 03:55:50,Happy to share we completed the delivery on time.,,LOCATION_0233,0.57,SOCIAL_MEDIA_MONITORING
SOC_002130,PERSON_0568,PicWall,user_person_0568,2025-04-22 08:40:59,Meeting postponed. Same place tomorrow.,PERSON_1052,LOCATION_0228,0.79,SOCIAL_MEDIA_MONITORING
SOC_002131,PERSON_1111,PicWall,user_person_1111,2025-08-29 04:05:53,"New shop opening next week, everyone welcome.",,LOCATION_0042,0.78,SOCIAL_MEDIA_MONITORING
SOC_002132,PERSON_0188,ChirpNet,user_person_0188,2025-01-06 19:27:00,"Great weekend with family, back to work tomorrow.",,LOCATION_0251,0.74,SOCIAL_MEDIA_MONITORING
SOC_002133,PERSON_1086,TalkStream,user_person_1086,2024-12-14 17:07:29,"Great weekend with family, back to work tomorrow.",,LOCATION_0145,0.45,SOCIAL_MEDIA_MONITORING
SOC_002134,PERSON_0743,TalkStream,user_person_0743,2025-11-17 15:11:14,"Great weekend with family, back to work tomorrow.",,LOCATION_0069,0.48,SOCIAL_MEDIA_MONITORING
SOC_002135,PERSON_0486,ConnectHub,user_person_0486,2026-04-11 09:06:24,Traffic was terrible near the market today.,,LOCATION_0134,0.76,SOCIAL_MEDIA_MONITORING
SOC_002136,PERSON_1285,PicWall,user_person_1285,2025-12-10 18:15:50,Traffic was terrible near the market today.,,LOCATION_0263,0.61,SOCIAL_MEDIA_MONITORING
SOC_002137,PERSON_0892,ChirpNet,user_person_0892,2025-07-21 16:56:03,Happy to share we completed the delivery on time.,,LOCATION_0011,0.79,SOCIAL_MEDIA_MONITORING
SOC_002138,PERSON_0245,SnapCircle,user_person_0245,2024-06-13 22:50:41,"Everything is set for the evening, see you there.",,LOCATION_0029,0.46,SOCIAL_MEDIA_MONITORING
SOC_002139,PERSON_1447,ChirpNet,user_person_1447,2025-08-28 10:57:02,Traffic was terrible near the market today.,,LOCATION_0194,0.49,SOCIAL_MEDIA_MONITORING
SOC_002140,PERSON_0685,SnapCircle,user_person_0685,2024-09-30 07:32:20,Traffic was terrible near the market today.,,LOCATION_0098,0.64,SOCIAL_MEDIA_MONITORING
SOC_002141,PERSON_1075,ChirpNet,user_person_1075,2025-07-28 06:18:20,Keep this between us for now.,PERSON_0266,LOCATION_0089,0.81,SOCIAL_MEDIA_MONITORING
SOC_002142,PERSON_0145,PicWall,user_person_0145,2024-07-11 23:00:05,Meeting postponed. Same place tomorrow.,,LOCATION_0288,0.42,SOCIAL_MEDIA_MONITORING
SOC_002143,PERSON_1287,ChirpNet,user_person_1287,2026-02-25 09:17:56,"New shop opening next week, everyone welcome.",,LOCATION_0221,0.53,SOCIAL_MEDIA_MONITORING
SOC_002144,PERSON_1272,ConnectHub,user_person_1272,2026-06-04 11:04:54,"New shop opening next week, everyone welcome.",,LOCATION_0175,0.5,SOCIAL_MEDIA_MONITORING
SOC_002145,PERSON_1168,TalkStream,user_person_1168,2024-03-10 18:39:46,Traffic was terrible near the market today.,,LOCATION_0019,0.76,SOCIAL_MEDIA_MONITORING
SOC_002146,PERSON_0888,PicWall,user_person_0888,2025-10-08 00:58:12,"Great weekend with family, back to work tomorrow.",,LOCATION_0276,0.83,SOCIAL_MEDIA_MONITORING
SOC_002147,PERSON_0173,PicWall,user_person_0173,2024-02-21 15:23:09,"Great weekend with family, back to work tomorrow.",,LOCATION_0046,0.51,SOCIAL_MEDIA_MONITORING
SOC_002148,PERSON_0261,TalkStream,user_person_0261,2024-04-13 19:14:13,Traffic was terrible near the market today.,,LOCATION_0044,0.74,SOCIAL_MEDIA_MONITORING
SOC_002149,PERSON_1112,PicWall,user_person_1112,2026-05-06 22:05:25,Weather has been unusually warm this month.,,LOCATION_0171,0.42,SOCIAL_MEDIA_MONITORING
SOC_002150,PERSON_0749,PicWall,user_person_0749,2025-08-14 06:09:49,Weather has been unusually warm this month.,,LOCATION_0089,0.79,SOCIAL_MEDIA_MONITORING
SOC_002151,PERSON_0608,TalkStream,user_person_0608,2024-06-30 15:11:54,Traffic was terrible near the market today.,,LOCATION_0176,0.67,SOCIAL_MEDIA_MONITORING
SOC_002152,PERSON_0232,TalkStream,user_person_0232,2026-01-14 10:54:07,Weather has been unusually warm this month.,,LOCATION_0129,0.61,SOCIAL_MEDIA_MONITORING
SOC_002153,PERSON_1204,PicWall,user_person_1204,2024-07-30 22:58:33,Happy to share we completed the delivery on time.,,LOCATION_0205,0.45,SOCIAL_MEDIA_MONITORING
SOC_002154,PERSON_1268,TalkStream,user_person_1268,2025-10-04 22:52:03,Happy to share we completed the delivery on time.,,LOCATION_0138,0.75,SOCIAL_MEDIA_MONITORING
SOC_002155,PERSON_0790,ConnectHub,user_person_0790,2024-11-11 00:22:10,Happy to share we completed the delivery on time.,,LOCATION_0290,0.76,SOCIAL_MEDIA_MONITORING
SOC_002156,PERSON_0411,SnapCircle,user_person_0411,2024-08-16 00:31:20,"New shop opening next week, everyone welcome.",,LOCATION_0100,0.41,SOCIAL_MEDIA_MONITORING
SOC_002157,PERSON_0128,ConnectHub,user_person_0128,2025-02-12 15:43:08,"Great weekend with family, back to work tomorrow.",,LOCATION_0296,0.72,SOCIAL_MEDIA_MONITORING
SOC_002158,PERSON_0666,ConnectHub,user_person_0666,2026-06-03 06:00:37,"Great weekend with family, back to work tomorrow.",,LOCATION_0017,0.71,SOCIAL_MEDIA_MONITORING
SOC_002159,PERSON_0241,SnapCircle,user_person_0241,2024-07-31 09:59:05,"Great weekend with family, back to work tomorrow.",,LOCATION_0206,0.59,SOCIAL_MEDIA_MONITORING
SOC_002160,PERSON_0015,ChirpNet,user_person_0015,2025-02-28 15:00:02,Keep this between us for now.,,LOCATION_0262,0.61,SOCIAL_MEDIA_MONITORING
SOC_002161,PERSON_1031,ChirpNet,user_person_1031,2024-01-31 09:20:56,"Plan is confirmed, let's proceed as talked about.",PERSON_0653,LOCATION_0290,0.75,SOCIAL_MEDIA_MONITORING
SOC_002162,PERSON_0904,ChirpNet,user_person_0904,2026-03-06 01:59:59,Happy to share we completed the delivery on time.,,LOCATION_0110,0.57,SOCIAL_MEDIA_MONITORING
SOC_002163,PERSON_0026,SnapCircle,user_person_0026,2025-04-26 00:32:23,"New shop opening next week, everyone welcome.",,LOCATION_0095,0.53,SOCIAL_MEDIA_MONITORING
SOC_002164,PERSON_0877,SnapCircle,user_person_0877,2024-08-09 07:05:18,"New shop opening next week, everyone welcome.",,LOCATION_0024,0.42,SOCIAL_MEDIA_MONITORING
SOC_002165,PERSON_0839,ChirpNet,user_person_0839,2025-03-22 22:00:24,Traffic was terrible near the market today.,,LOCATION_0136,0.55,SOCIAL_MEDIA_MONITORING
SOC_002166,PERSON_0399,ConnectHub,user_person_0399,2025-08-02 17:27:32,"Everything is set for the evening, see you there.",,LOCATION_0181,0.8,SOCIAL_MEDIA_MONITORING
SOC_002167,PERSON_1317,SnapCircle,user_person_1317,2026-04-18 14:25:47,Weather has been unusually warm this month.,,LOCATION_0026,0.49,SOCIAL_MEDIA_MONITORING
SOC_002168,PERSON_0271,SnapCircle,user_person_0271,2024-03-13 18:39:44,"New shop opening next week, everyone welcome.",,LOCATION_0269,0.71,SOCIAL_MEDIA_MONITORING
SOC_002169,PERSON_0690,SnapCircle,user_person_0690,2025-03-31 20:53:31,"Great weekend with family, back to work tomorrow.",,LOCATION_0158,0.46,SOCIAL_MEDIA_MONITORING
SOC_002170,PERSON_1096,TalkStream,user_person_1096,2025-09-20 03:38:36,"New shop opening next week, everyone welcome.",,LOCATION_0283,0.45,SOCIAL_MEDIA_MONITORING
SOC_002171,PERSON_1369,ConnectHub,user_person_1369,2024-02-01 17:49:49,Traffic was terrible near the market today.,,LOCATION_0234,0.65,SOCIAL_MEDIA_MONITORING
SOC_002172,PERSON_0849,ConnectHub,user_person_0849,2025-10-02 07:08:41,"Great weekend with family, back to work tomorrow.",,LOCATION_0247,0.55,SOCIAL_MEDIA_MONITORING
SOC_002173,PERSON_0974,TalkStream,user_person_0974,2025-07-03 11:17:27,"New shop opening next week, everyone welcome.",,LOCATION_0106,0.74,SOCIAL_MEDIA_MONITORING
SOC_002174,PERSON_1443,ConnectHub,user_person_1443,2024-08-04 21:01:01,Traffic was terrible near the market today.,,LOCATION_0265,0.48,SOCIAL_MEDIA_MONITORING
SOC_002175,PERSON_0457,ConnectHub,user_person_0457,2024-08-07 21:17:39,"Great weekend with family, back to work tomorrow.",,LOCATION_0217,0.56,SOCIAL_MEDIA_MONITORING
SOC_002176,PERSON_0559,SnapCircle,user_person_0559,2026-03-09 05:55:28,"New shop opening next week, everyone welcome.",,LOCATION_0050,0.41,SOCIAL_MEDIA_MONITORING
SOC_002177,PERSON_1320,ConnectHub,user_person_1320,2025-03-21 06:59:35,Traffic was terrible near the market today.,,LOCATION_0007,0.79,SOCIAL_MEDIA_MONITORING
SOC_002178,PERSON_1113,ConnectHub,user_person_1113,2025-08-03 17:46:41,"New shop opening next week, everyone welcome.",,LOCATION_0253,0.5,SOCIAL_MEDIA_MONITORING
SOC_002179,PERSON_1342,ConnectHub,user_person_1342,2024-02-16 11:45:40,Weather has been unusually warm this month.,,LOCATION_0181,0.71,SOCIAL_MEDIA_MONITORING
SOC_002180,PERSON_0502,TalkStream,user_person_0502,2026-01-28 20:29:00,"Great weekend with family, back to work tomorrow.",,LOCATION_0164,0.7,SOCIAL_MEDIA_MONITORING
SOC_002181,PERSON_1470,ChirpNet,user_person_1470,2026-05-21 12:52:35,Happy to share we completed the delivery on time.,,LOCATION_0299,0.49,SOCIAL_MEDIA_MONITORING
SOC_002182,PERSON_0671,SnapCircle,user_person_0671,2025-05-09 17:34:33,Happy to share we completed the delivery on time.,,LOCATION_0226,0.78,SOCIAL_MEDIA_MONITORING
SOC_002183,PERSON_0951,ConnectHub,user_person_0951,2024-03-13 15:19:51,"New shop opening next week, everyone welcome.",,LOCATION_0024,0.75,SOCIAL_MEDIA_MONITORING
SOC_002184,PERSON_0320,TalkStream,user_person_0320,2024-02-19 13:43:37,Traffic was terrible near the market today.,,LOCATION_0090,0.64,SOCIAL_MEDIA_MONITORING
SOC_002185,PERSON_0675,SnapCircle,user_person_0675,2024-03-08 18:13:04,Weather has been unusually warm this month.,,LOCATION_0249,0.79,SOCIAL_MEDIA_MONITORING
SOC_002186,PERSON_1411,ConnectHub,user_person_1411,2025-05-05 17:11:04,Happy to share we completed the delivery on time.,,LOCATION_0080,0.85,SOCIAL_MEDIA_MONITORING
SOC_002187,PERSON_0408,ConnectHub,user_person_0408,2025-03-17 13:06:49,Happy to share we completed the delivery on time.,,LOCATION_0113,0.76,SOCIAL_MEDIA_MONITORING
SOC_002188,PERSON_0135,PicWall,user_person_0135,2026-01-29 21:08:12,Happy to share we completed the delivery on time.,,LOCATION_0097,0.75,SOCIAL_MEDIA_MONITORING
SOC_002189,PERSON_0562,PicWall,user_person_0562,2026-03-13 04:34:37,"New shop opening next week, everyone welcome.",,LOCATION_0144,0.44,SOCIAL_MEDIA_MONITORING
SOC_002190,PERSON_0161,PicWall,user_person_0161,2025-05-14 02:44:55,"Great weekend with family, back to work tomorrow.",,LOCATION_0180,0.52,SOCIAL_MEDIA_MONITORING
SOC_002191,PERSON_0053,SnapCircle,user_person_0053,2024-02-21 02:08:59,"Great weekend with family, back to work tomorrow.",,LOCATION_0260,0.43,SOCIAL_MEDIA_MONITORING
SOC_002192,PERSON_0141,ChirpNet,user_person_0141,2025-12-24 01:51:16,Traffic was terrible near the market today.,,LOCATION_0190,0.72,SOCIAL_MEDIA_MONITORING
SOC_002193,PERSON_0163,SnapCircle,user_person_0163,2024-04-19 06:13:56,Happy to share we completed the delivery on time.,,LOCATION_0127,0.71,SOCIAL_MEDIA_MONITORING
SOC_002194,PERSON_0260,ConnectHub,user_person_0260,2025-09-24 15:52:59,Happy to share we completed the delivery on time.,,LOCATION_0034,0.56,SOCIAL_MEDIA_MONITORING
SOC_002195,PERSON_1159,PicWall,user_person_1159,2026-03-26 05:14:02,Happy to share we completed the delivery on time.,,LOCATION_0010,0.65,SOCIAL_MEDIA_MONITORING
SOC_002196,PERSON_0685,ChirpNet,user_person_0685,2026-05-06 06:06:50,Keep this between us for now.,PERSON_0586,LOCATION_0088,0.77,SOCIAL_MEDIA_MONITORING
SOC_002197,PERSON_0764,SnapCircle,user_person_0764,2024-04-14 04:44:38,"New shop opening next week, everyone welcome.",,LOCATION_0101,0.46,SOCIAL_MEDIA_MONITORING
SOC_002198,PERSON_0351,SnapCircle,user_person_0351,2025-09-15 15:11:18,Happy to share we completed the delivery on time.,,LOCATION_0136,0.72,SOCIAL_MEDIA_MONITORING
SOC_002199,PERSON_0415,ConnectHub,user_person_0415,2025-04-30 05:49:12,"New shop opening next week, everyone welcome.",,LOCATION_0189,0.85,SOCIAL_MEDIA_MONITORING
SOC_002200,PERSON_0145,ConnectHub,user_person_0145,2026-06-24 03:47:00,"Great weekend with family, back to work tomorrow.",,LOCATION_0198,0.61,SOCIAL_MEDIA_MONITORING
SOC_002201,PERSON_0394,PicWall,user_person_0394,2024-06-18 08:50:49,Weather has been unusually warm this month.,,LOCATION_0133,0.6,SOCIAL_MEDIA_MONITORING
SOC_002202,PERSON_1477,ChirpNet,user_person_1477,2024-03-13 15:42:20,"Great weekend with family, back to work tomorrow.",,LOCATION_0135,0.6,SOCIAL_MEDIA_MONITORING
SOC_002203,PERSON_1142,PicWall,user_person_1142,2025-11-06 20:14:55,Happy to share we completed the delivery on time.,,LOCATION_0264,0.8,SOCIAL_MEDIA_MONITORING
SOC_002204,PERSON_1116,SnapCircle,user_person_1116,2026-03-10 16:40:42,"New shop opening next week, everyone welcome.",,LOCATION_0251,0.6,SOCIAL_MEDIA_MONITORING
SOC_002205,PERSON_0414,SnapCircle,user_person_0414,2026-04-12 04:10:41,"Everything is set for the evening, see you there.",PERSON_0447,LOCATION_0045,0.65,SOCIAL_MEDIA_MONITORING
SOC_002206,PERSON_0575,TalkStream,user_person_0575,2024-08-29 19:03:44,Keep this between us for now.,,LOCATION_0123,0.62,SOCIAL_MEDIA_MONITORING
SOC_002207,PERSON_1087,ConnectHub,user_person_1087,2025-02-21 07:37:13,"Great weekend with family, back to work tomorrow.",,LOCATION_0146,0.59,SOCIAL_MEDIA_MONITORING
SOC_002208,PERSON_0846,ConnectHub,user_person_0846,2024-12-16 11:37:28,"Everything is set for the evening, see you there.",,LOCATION_0297,0.78,SOCIAL_MEDIA_MONITORING
SOC_002209,PERSON_0210,TalkStream,user_person_0210,2024-03-27 23:37:39,"Great weekend with family, back to work tomorrow.",,LOCATION_0283,0.57,SOCIAL_MEDIA_MONITORING
SOC_002210,PERSON_1067,ConnectHub,user_person_1067,2024-01-30 18:08:35,Traffic was terrible near the market today.,,LOCATION_0266,0.53,SOCIAL_MEDIA_MONITORING
SOC_002211,PERSON_0804,TalkStream,user_person_0804,2026-04-24 01:24:51,"New shop opening next week, everyone welcome.",,LOCATION_0230,0.42,SOCIAL_MEDIA_MONITORING
SOC_002212,PERSON_0634,TalkStream,user_person_0634,2024-09-26 12:46:28,Happy to share we completed the delivery on time.,,LOCATION_0069,0.4,SOCIAL_MEDIA_MONITORING
SOC_002213,PERSON_0638,PicWall,user_person_0638,2024-07-30 12:49:58,Happy to share we completed the delivery on time.,,LOCATION_0064,0.49,SOCIAL_MEDIA_MONITORING
SOC_002214,PERSON_0237,ConnectHub,user_person_0237,2024-01-19 02:51:03,Weather has been unusually warm this month.,,LOCATION_0096,0.45,SOCIAL_MEDIA_MONITORING
SOC_002215,PERSON_1217,PicWall,user_person_1217,2025-12-10 20:47:50,"Great weekend with family, back to work tomorrow.",,LOCATION_0134,0.65,SOCIAL_MEDIA_MONITORING
SOC_002216,PERSON_0803,ConnectHub,user_person_0803,2025-09-14 16:51:14,Happy to share we completed the delivery on time.,,LOCATION_0288,0.54,SOCIAL_MEDIA_MONITORING
SOC_002217,PERSON_0205,TalkStream,user_person_0205,2025-12-10 09:33:55,Traffic was terrible near the market today.,,LOCATION_0212,0.62,SOCIAL_MEDIA_MONITORING
SOC_002218,PERSON_1388,ConnectHub,user_person_1388,2025-10-19 05:26:15,Traffic was terrible near the market today.,,LOCATION_0007,0.73,SOCIAL_MEDIA_MONITORING
SOC_002219,PERSON_1225,SnapCircle,user_person_1225,2026-01-13 21:52:39,"New shop opening next week, everyone welcome.",,LOCATION_0245,0.8,SOCIAL_MEDIA_MONITORING
SOC_002220,PERSON_0837,ConnectHub,user_person_0837,2025-06-10 15:21:08,Weather has been unusually warm this month.,,LOCATION_0085,0.78,SOCIAL_MEDIA_MONITORING
SOC_002221,PERSON_0084,PicWall,user_person_0084,2024-08-14 02:25:08,"New shop opening next week, everyone welcome.",,LOCATION_0251,0.66,SOCIAL_MEDIA_MONITORING
SOC_002222,PERSON_0342,TalkStream,user_person_0342,2025-07-10 11:05:56,Traffic was terrible near the market today.,,LOCATION_0215,0.43,SOCIAL_MEDIA_MONITORING
SOC_002223,PERSON_1276,TalkStream,user_person_1276,2024-04-08 12:41:56,Happy to share we completed the delivery on time.,,LOCATION_0194,0.75,SOCIAL_MEDIA_MONITORING
SOC_002224,PERSON_0149,TalkStream,user_person_0149,2024-07-02 22:55:24,Happy to share we completed the delivery on time.,,LOCATION_0072,0.59,SOCIAL_MEDIA_MONITORING
SOC_002225,PERSON_0888,ConnectHub,user_person_0888,2026-02-03 23:06:07,"New shop opening next week, everyone welcome.",,LOCATION_0216,0.71,SOCIAL_MEDIA_MONITORING
SOC_002226,PERSON_0267,PicWall,user_person_0267,2024-04-27 19:09:45,"Great weekend with family, back to work tomorrow.",,LOCATION_0021,0.52,SOCIAL_MEDIA_MONITORING
SOC_002227,PERSON_0197,ConnectHub,user_person_0197,2024-02-27 01:12:16,Traffic was terrible near the market today.,,LOCATION_0288,0.66,SOCIAL_MEDIA_MONITORING
SOC_002228,PERSON_1194,PicWall,user_person_1194,2026-05-23 04:01:09,"Package ready, will hand it over as discussed.",PERSON_0210,LOCATION_0186,0.44,SOCIAL_MEDIA_MONITORING
SOC_002229,PERSON_0539,PicWall,user_person_0539,2025-03-12 20:33:48,Happy to share we completed the delivery on time.,,LOCATION_0020,0.75,SOCIAL_MEDIA_MONITORING
SOC_002230,PERSON_0259,ConnectHub,user_person_0259,2026-02-07 05:41:35,Traffic was terrible near the market today.,,LOCATION_0100,0.65,SOCIAL_MEDIA_MONITORING
SOC_002231,PERSON_1227,ConnectHub,user_person_1227,2025-06-13 18:19:36,"Great weekend with family, back to work tomorrow.",,LOCATION_0206,0.54,SOCIAL_MEDIA_MONITORING
SOC_002232,PERSON_0942,ConnectHub,user_person_0942,2025-10-21 01:09:27,Traffic was terrible near the market today.,,LOCATION_0003,0.54,SOCIAL_MEDIA_MONITORING
SOC_002233,PERSON_0197,ChirpNet,user_person_0197,2025-02-22 18:55:56,Weather has been unusually warm this month.,,LOCATION_0218,0.64,SOCIAL_MEDIA_MONITORING
SOC_002234,PERSON_0377,SnapCircle,user_person_0377,2025-01-16 21:46:33,Happy to share we completed the delivery on time.,,LOCATION_0048,0.77,SOCIAL_MEDIA_MONITORING
SOC_002235,PERSON_1470,SnapCircle,user_person_1470,2026-05-06 04:04:14,"Great weekend with family, back to work tomorrow.",,LOCATION_0199,0.78,SOCIAL_MEDIA_MONITORING
SOC_002236,PERSON_0080,ConnectHub,user_person_0080,2024-09-04 10:03:09,Traffic was terrible near the market today.,,LOCATION_0078,0.53,SOCIAL_MEDIA_MONITORING
SOC_002237,PERSON_1488,ConnectHub,user_person_1488,2026-01-25 06:01:48,Weather has been unusually warm this month.,,LOCATION_0030,0.75,SOCIAL_MEDIA_MONITORING
SOC_002238,PERSON_0706,ChirpNet,user_person_0706,2025-10-24 05:58:36,"Great weekend with family, back to work tomorrow.",,LOCATION_0239,0.61,SOCIAL_MEDIA_MONITORING
SOC_002239,PERSON_1298,ChirpNet,user_person_1298,2024-05-22 02:40:25,Weather has been unusually warm this month.,,LOCATION_0254,0.43,SOCIAL_MEDIA_MONITORING
SOC_002240,PERSON_0721,ChirpNet,user_person_0721,2025-11-01 17:09:17,"Great weekend with family, back to work tomorrow.",,LOCATION_0077,0.84,SOCIAL_MEDIA_MONITORING
SOC_002241,PERSON_1314,PicWall,user_person_1314,2025-12-26 10:46:27,"Great weekend with family, back to work tomorrow.",,LOCATION_0242,0.42,SOCIAL_MEDIA_MONITORING
SOC_002242,PERSON_0833,ChirpNet,user_person_0833,2025-08-28 15:50:54,"New shop opening next week, everyone welcome.",,LOCATION_0293,0.59,SOCIAL_MEDIA_MONITORING
SOC_002243,PERSON_0088,TalkStream,user_person_0088,2025-07-13 06:29:56,"Everything is set for the evening, see you there.",,LOCATION_0198,0.4,SOCIAL_MEDIA_MONITORING
SOC_002244,PERSON_0861,PicWall,user_person_0861,2024-03-31 08:58:53,Traffic was terrible near the market today.,,LOCATION_0117,0.68,SOCIAL_MEDIA_MONITORING
SOC_002245,PERSON_0217,PicWall,user_person_0217,2025-01-19 15:59:33,"New shop opening next week, everyone welcome.",,LOCATION_0120,0.66,SOCIAL_MEDIA_MONITORING
SOC_002246,PERSON_1346,ChirpNet,user_person_1346,2024-11-26 02:22:21,Traffic was terrible near the market today.,,LOCATION_0283,0.55,SOCIAL_MEDIA_MONITORING
SOC_002247,PERSON_1012,ConnectHub,user_person_1012,2026-01-06 01:26:17,Keep this between us for now.,,LOCATION_0154,0.55,SOCIAL_MEDIA_MONITORING
SOC_002248,PERSON_0472,ConnectHub,user_person_0472,2025-07-28 23:53:02,Traffic was terrible near the market today.,,LOCATION_0117,0.83,SOCIAL_MEDIA_MONITORING
SOC_002249,PERSON_1216,PicWall,user_person_1216,2024-06-07 23:37:37,Keep this between us for now.,,LOCATION_0139,0.53,SOCIAL_MEDIA_MONITORING
SOC_002250,PERSON_0437,SnapCircle,user_person_0437,2026-03-04 03:53:03,Traffic was terrible near the market today.,,LOCATION_0261,0.65,SOCIAL_MEDIA_MONITORING
SOC_002251,PERSON_1453,SnapCircle,user_person_1453,2024-07-16 02:38:53,Traffic was terrible near the market today.,,LOCATION_0012,0.5,SOCIAL_MEDIA_MONITORING
SOC_002252,PERSON_0913,ChirpNet,user_person_0913,2025-06-11 20:42:25,"Plan is confirmed, let's proceed as talked about.",PERSON_0211,LOCATION_0112,0.6,SOCIAL_MEDIA_MONITORING
SOC_002253,PERSON_0140,TalkStream,user_person_0140,2025-04-07 10:01:30,Keep this between us for now.,,LOCATION_0178,0.54,SOCIAL_MEDIA_MONITORING
SOC_002254,PERSON_0321,TalkStream,user_person_0321,2024-01-28 20:24:11,Happy to share we completed the delivery on time.,,LOCATION_0038,0.77,SOCIAL_MEDIA_MONITORING
SOC_002255,PERSON_1032,TalkStream,user_person_1032,2024-11-03 03:05:31,"Great weekend with family, back to work tomorrow.",,LOCATION_0006,0.78,SOCIAL_MEDIA_MONITORING
SOC_002256,PERSON_0940,ChirpNet,user_person_0940,2024-09-26 07:06:24,Traffic was terrible near the market today.,,LOCATION_0233,0.51,SOCIAL_MEDIA_MONITORING
SOC_002257,PERSON_0136,SnapCircle,user_person_0136,2026-03-22 06:22:12,"Great weekend with family, back to work tomorrow.",,LOCATION_0252,0.85,SOCIAL_MEDIA_MONITORING
SOC_002258,PERSON_0653,TalkStream,user_person_0653,2024-10-18 04:10:20,"Great weekend with family, back to work tomorrow.",,LOCATION_0218,0.65,SOCIAL_MEDIA_MONITORING
SOC_002259,PERSON_0909,ConnectHub,user_person_0909,2024-10-23 22:30:08,Happy to share we completed the delivery on time.,,LOCATION_0154,0.72,SOCIAL_MEDIA_MONITORING
SOC_002260,PERSON_0045,PicWall,user_person_0045,2024-05-08 13:46:41,"Great weekend with family, back to work tomorrow.",,LOCATION_0057,0.49,SOCIAL_MEDIA_MONITORING
SOC_002261,PERSON_0789,ChirpNet,user_person_0789,2026-03-31 03:46:39,Traffic was terrible near the market today.,,LOCATION_0209,0.58,SOCIAL_MEDIA_MONITORING
SOC_002262,PERSON_0769,ConnectHub,user_person_0769,2025-10-10 22:44:48,Happy to share we completed the delivery on time.,,LOCATION_0151,0.57,SOCIAL_MEDIA_MONITORING
SOC_002263,PERSON_0769,TalkStream,user_person_0769,2025-07-24 08:13:33,Weather has been unusually warm this month.,,LOCATION_0011,0.77,SOCIAL_MEDIA_MONITORING
SOC_002264,PERSON_0824,TalkStream,user_person_0824,2025-10-24 11:58:09,Traffic was terrible near the market today.,,LOCATION_0016,0.68,SOCIAL_MEDIA_MONITORING
SOC_002265,PERSON_0477,ChirpNet,user_person_0477,2024-08-01 22:21:31,Happy to share we completed the delivery on time.,,LOCATION_0036,0.7,SOCIAL_MEDIA_MONITORING
SOC_002266,PERSON_0342,TalkStream,user_person_0342,2025-03-02 17:30:24,"New shop opening next week, everyone welcome.",,LOCATION_0285,0.62,SOCIAL_MEDIA_MONITORING
SOC_002267,PERSON_0383,ChirpNet,user_person_0383,2024-01-31 21:50:16,Weather has been unusually warm this month.,,LOCATION_0050,0.57,SOCIAL_MEDIA_MONITORING
SOC_002268,PERSON_0995,ChirpNet,user_person_0995,2024-09-30 22:39:39,Traffic was terrible near the market today.,,LOCATION_0285,0.44,SOCIAL_MEDIA_MONITORING
SOC_002269,PERSON_0278,ConnectHub,user_person_0278,2025-12-19 03:18:59,"Package ready, will hand it over as discussed.",PERSON_0579,LOCATION_0252,0.56,SOCIAL_MEDIA_MONITORING
SOC_002270,PERSON_0789,ChirpNet,user_person_0789,2024-01-28 17:33:06,Traffic was terrible near the market today.,,LOCATION_0049,0.56,SOCIAL_MEDIA_MONITORING
SOC_002271,PERSON_0371,PicWall,user_person_0371,2026-05-04 05:54:04,"Great weekend with family, back to work tomorrow.",,LOCATION_0139,0.49,SOCIAL_MEDIA_MONITORING
SOC_002272,PERSON_1211,TalkStream,user_person_1211,2025-10-06 12:03:37,"Great weekend with family, back to work tomorrow.",,LOCATION_0045,0.77,SOCIAL_MEDIA_MONITORING
SOC_002273,PERSON_0678,SnapCircle,user_person_0678,2024-03-21 03:07:50,"New shop opening next week, everyone welcome.",,LOCATION_0132,0.67,SOCIAL_MEDIA_MONITORING
SOC_002274,PERSON_0684,ChirpNet,user_person_0684,2025-05-05 05:06:07,"New shop opening next week, everyone welcome.",,LOCATION_0033,0.57,SOCIAL_MEDIA_MONITORING
SOC_002275,PERSON_1143,ConnectHub,user_person_1143,2026-06-02 21:49:10,Traffic was terrible near the market today.,,LOCATION_0156,0.67,SOCIAL_MEDIA_MONITORING
SOC_002276,PERSON_1011,SnapCircle,user_person_1011,2025-09-21 14:20:52,Keep this between us for now.,,LOCATION_0028,0.51,SOCIAL_MEDIA_MONITORING
SOC_002277,PERSON_0352,ChirpNet,user_person_0352,2024-09-23 13:38:30,Traffic was terrible near the market today.,,LOCATION_0262,0.53,SOCIAL_MEDIA_MONITORING
SOC_002278,PERSON_0633,PicWall,user_person_0633,2025-12-07 10:31:57,Traffic was terrible near the market today.,,LOCATION_0036,0.65,SOCIAL_MEDIA_MONITORING
SOC_002279,PERSON_0672,ChirpNet,user_person_0672,2025-02-08 03:07:07,"New shop opening next week, everyone welcome.",,LOCATION_0017,0.63,SOCIAL_MEDIA_MONITORING
SOC_002280,PERSON_0838,ChirpNet,user_person_0838,2025-08-07 01:29:56,"Plan is confirmed, let's proceed as talked about.",PERSON_0921,LOCATION_0050,0.8,SOCIAL_MEDIA_MONITORING
SOC_002281,PERSON_0351,SnapCircle,user_person_0351,2024-02-01 15:57:28,Happy to share we completed the delivery on time.,,LOCATION_0266,0.85,SOCIAL_MEDIA_MONITORING
SOC_002282,PERSON_0733,ConnectHub,user_person_0733,2024-08-09 04:15:45,"New shop opening next week, everyone welcome.",,LOCATION_0235,0.57,SOCIAL_MEDIA_MONITORING
SOC_002283,PERSON_0381,TalkStream,user_person_0381,2026-02-12 14:09:48,Weather has been unusually warm this month.,,LOCATION_0285,0.51,SOCIAL_MEDIA_MONITORING
SOC_002284,PERSON_0325,ChirpNet,user_person_0325,2026-05-09 15:40:51,Weather has been unusually warm this month.,,LOCATION_0176,0.73,SOCIAL_MEDIA_MONITORING
SOC_002285,PERSON_1328,ChirpNet,user_person_1328,2026-05-14 19:14:58,"Great weekend with family, back to work tomorrow.",,LOCATION_0189,0.62,SOCIAL_MEDIA_MONITORING
SOC_002286,PERSON_0991,ConnectHub,user_person_0991,2024-11-14 04:06:24,"New shop opening next week, everyone welcome.",,LOCATION_0200,0.67,SOCIAL_MEDIA_MONITORING
SOC_002287,PERSON_0331,TalkStream,user_person_0331,2025-01-13 05:26:14,"Great weekend with family, back to work tomorrow.",,LOCATION_0063,0.76,SOCIAL_MEDIA_MONITORING
SOC_002288,PERSON_0898,ConnectHub,user_person_0898,2026-01-27 21:32:18,"Great weekend with family, back to work tomorrow.",,LOCATION_0046,0.53,SOCIAL_MEDIA_MONITORING
SOC_002289,PERSON_0302,PicWall,user_person_0302,2025-03-25 18:10:04,"Great weekend with family, back to work tomorrow.",,LOCATION_0025,0.48,SOCIAL_MEDIA_MONITORING
SOC_002290,PERSON_0944,SnapCircle,user_person_0944,2025-07-11 10:22:51,Traffic was terrible near the market today.,,LOCATION_0048,0.59,SOCIAL_MEDIA_MONITORING
SOC_002291,PERSON_0404,ChirpNet,user_person_0404,2025-09-10 17:58:34,Traffic was terrible near the market today.,,LOCATION_0074,0.8,SOCIAL_MEDIA_MONITORING
SOC_002292,PERSON_0886,SnapCircle,user_person_0886,2025-04-27 21:06:56,Weather has been unusually warm this month.,,LOCATION_0084,0.43,SOCIAL_MEDIA_MONITORING
SOC_002293,PERSON_1238,ConnectHub,user_person_1238,2024-12-27 19:39:23,Traffic was terrible near the market today.,,LOCATION_0150,0.67,SOCIAL_MEDIA_MONITORING
SOC_002294,PERSON_0551,PicWall,user_person_0551,2025-10-16 14:53:32,"New shop opening next week, everyone welcome.",,LOCATION_0281,0.52,SOCIAL_MEDIA_MONITORING
SOC_002295,PERSON_1137,ConnectHub,user_person_1137,2024-01-05 14:12:04,Weather has been unusually warm this month.,,LOCATION_0268,0.64,SOCIAL_MEDIA_MONITORING
SOC_002296,PERSON_0927,TalkStream,user_person_0927,2026-02-12 05:18:22,"Great weekend with family, back to work tomorrow.",,LOCATION_0225,0.49,SOCIAL_MEDIA_MONITORING
SOC_002297,PERSON_0613,ConnectHub,user_person_0613,2026-04-25 08:44:41,Happy to share we completed the delivery on time.,,LOCATION_0111,0.78,SOCIAL_MEDIA_MONITORING
SOC_002298,PERSON_0164,ConnectHub,user_person_0164,2025-07-06 10:57:20,"Great weekend with family, back to work tomorrow.",,LOCATION_0056,0.55,SOCIAL_MEDIA_MONITORING
SOC_002299,PERSON_0905,ConnectHub,user_person_0905,2025-05-30 09:56:37,Happy to share we completed the delivery on time.,,LOCATION_0064,0.48,SOCIAL_MEDIA_MONITORING
SOC_002300,PERSON_0947,SnapCircle,user_person_0947,2024-09-01 08:02:32,"New shop opening next week, everyone welcome.",,LOCATION_0019,0.53,SOCIAL_MEDIA_MONITORING
SOC_002301,PERSON_0287,PicWall,user_person_0287,2024-12-14 06:36:57,Weather has been unusually warm this month.,,LOCATION_0191,0.84,SOCIAL_MEDIA_MONITORING
SOC_002302,PERSON_0653,PicWall,user_person_0653,2024-09-28 14:36:50,"Great weekend with family, back to work tomorrow.",,LOCATION_0178,0.66,SOCIAL_MEDIA_MONITORING
SOC_002303,PERSON_1027,SnapCircle,user_person_1027,2024-04-04 04:02:31,"Great weekend with family, back to work tomorrow.",,LOCATION_0231,0.52,SOCIAL_MEDIA_MONITORING
SOC_002304,PERSON_0494,SnapCircle,user_person_0494,2026-06-19 14:56:32,"Great weekend with family, back to work tomorrow.",,LOCATION_0187,0.79,SOCIAL_MEDIA_MONITORING
SOC_002305,PERSON_0554,ChirpNet,user_person_0554,2025-01-18 00:47:53,Weather has been unusually warm this month.,,LOCATION_0016,0.58,SOCIAL_MEDIA_MONITORING
SOC_002306,PERSON_0867,SnapCircle,user_person_0867,2026-04-01 20:35:16,"Plan is confirmed, let's proceed as talked about.",PERSON_0343,LOCATION_0194,0.41,SOCIAL_MEDIA_MONITORING
SOC_002307,PERSON_0824,TalkStream,user_person_0824,2025-01-17 12:44:51,Traffic was terrible near the market today.,,LOCATION_0156,0.73,SOCIAL_MEDIA_MONITORING
SOC_002308,PERSON_0363,ChirpNet,user_person_0363,2024-05-17 15:51:12,"Great weekend with family, back to work tomorrow.",,LOCATION_0223,0.7,SOCIAL_MEDIA_MONITORING
SOC_002309,PERSON_0870,SnapCircle,user_person_0870,2026-02-13 16:07:20,Happy to share we completed the delivery on time.,,LOCATION_0006,0.5,SOCIAL_MEDIA_MONITORING
SOC_002310,PERSON_0848,ChirpNet,user_person_0848,2025-08-03 04:32:08,Weather has been unusually warm this month.,,LOCATION_0260,0.62,SOCIAL_MEDIA_MONITORING
SOC_002311,PERSON_1290,SnapCircle,user_person_1290,2024-01-11 09:09:58,"Plan is confirmed, let's proceed as talked about.",PERSON_1322,LOCATION_0160,0.47,SOCIAL_MEDIA_MONITORING
SOC_002312,PERSON_0116,TalkStream,user_person_0116,2026-04-20 23:51:40,"New shop opening next week, everyone welcome.",,LOCATION_0243,0.53,SOCIAL_MEDIA_MONITORING
SOC_002313,PERSON_0567,TalkStream,user_person_0567,2026-04-12 21:27:51,Weather has been unusually warm this month.,,LOCATION_0142,0.78,SOCIAL_MEDIA_MONITORING
SOC_002314,PERSON_0892,TalkStream,user_person_0892,2024-11-24 08:14:52,Weather has been unusually warm this month.,,LOCATION_0101,0.84,SOCIAL_MEDIA_MONITORING
SOC_002315,PERSON_0165,SnapCircle,user_person_0165,2026-04-27 15:35:46,"New shop opening next week, everyone welcome.",,LOCATION_0172,0.67,SOCIAL_MEDIA_MONITORING
SOC_002316,PERSON_0156,PicWall,user_person_0156,2025-11-09 04:42:40,Traffic was terrible near the market today.,,LOCATION_0251,0.71,SOCIAL_MEDIA_MONITORING
SOC_002317,PERSON_0769,ConnectHub,user_person_0769,2025-02-05 20:29:26,"Everything is set for the evening, see you there.",,LOCATION_0161,0.83,SOCIAL_MEDIA_MONITORING
SOC_002318,PERSON_0539,TalkStream,user_person_0539,2024-10-25 19:53:40,"New shop opening next week, everyone welcome.",,LOCATION_0020,0.46,SOCIAL_MEDIA_MONITORING
SOC_002319,PERSON_0774,SnapCircle,user_person_0774,2025-07-11 12:32:33,Weather has been unusually warm this month.,,LOCATION_0289,0.44,SOCIAL_MEDIA_MONITORING
SOC_002320,PERSON_0347,ConnectHub,user_person_0347,2026-06-19 04:20:48,Happy to share we completed the delivery on time.,,LOCATION_0086,0.83,SOCIAL_MEDIA_MONITORING
SOC_002321,PERSON_0911,ChirpNet,user_person_0911,2024-01-07 09:43:52,"New shop opening next week, everyone welcome.",,LOCATION_0201,0.5,SOCIAL_MEDIA_MONITORING
SOC_002322,PERSON_1119,SnapCircle,user_person_1119,2025-09-28 16:05:24,"Great weekend with family, back to work tomorrow.",,LOCATION_0251,0.76,SOCIAL_MEDIA_MONITORING
SOC_002323,PERSON_0970,PicWall,user_person_0970,2024-03-12 01:45:34,Traffic was terrible near the market today.,,LOCATION_0273,0.49,SOCIAL_MEDIA_MONITORING
SOC_002324,PERSON_0072,ConnectHub,user_person_0072,2025-08-05 06:19:11,Traffic was terrible near the market today.,,LOCATION_0162,0.78,SOCIAL_MEDIA_MONITORING
SOC_002325,PERSON_0188,TalkStream,user_person_0188,2025-12-07 19:37:39,Happy to share we completed the delivery on time.,,LOCATION_0281,0.57,SOCIAL_MEDIA_MONITORING
SOC_002326,PERSON_0447,TalkStream,user_person_0447,2025-10-26 06:53:42,"Everything is set for the evening, see you there.",,LOCATION_0003,0.42,SOCIAL_MEDIA_MONITORING
SOC_002327,PERSON_0935,TalkStream,user_person_0935,2025-08-23 05:07:33,Traffic was terrible near the market today.,,LOCATION_0187,0.82,SOCIAL_MEDIA_MONITORING
SOC_002328,PERSON_1085,ConnectHub,user_person_1085,2024-10-04 21:07:15,Happy to share we completed the delivery on time.,,LOCATION_0005,0.56,SOCIAL_MEDIA_MONITORING
SOC_002329,PERSON_0023,SnapCircle,user_person_0023,2024-11-04 14:36:41,Traffic was terrible near the market today.,,LOCATION_0185,0.82,SOCIAL_MEDIA_MONITORING
SOC_002330,PERSON_0740,SnapCircle,user_person_0740,2026-03-22 19:01:49,"New shop opening next week, everyone welcome.",,LOCATION_0074,0.58,SOCIAL_MEDIA_MONITORING
SOC_002331,PERSON_0717,ConnectHub,user_person_0717,2024-02-11 10:46:45,Traffic was terrible near the market today.,,LOCATION_0024,0.42,SOCIAL_MEDIA_MONITORING
SOC_002332,PERSON_0300,TalkStream,user_person_0300,2024-05-23 17:28:06,"New shop opening next week, everyone welcome.",,LOCATION_0031,0.4,SOCIAL_MEDIA_MONITORING
SOC_002333,PERSON_1080,ConnectHub,user_person_1080,2025-12-26 05:39:28,Traffic was terrible near the market today.,,LOCATION_0222,0.44,SOCIAL_MEDIA_MONITORING
SOC_002334,PERSON_0856,ConnectHub,user_person_0856,2026-02-09 01:02:35,"New shop opening next week, everyone welcome.",,LOCATION_0203,0.61,SOCIAL_MEDIA_MONITORING
SOC_002335,PERSON_1093,ConnectHub,user_person_1093,2024-06-14 21:15:59,Weather has been unusually warm this month.,,LOCATION_0274,0.71,SOCIAL_MEDIA_MONITORING
SOC_002336,PERSON_0551,ChirpNet,user_person_0551,2025-11-14 22:33:40,"Package ready, will hand it over as discussed.",,LOCATION_0261,0.79,SOCIAL_MEDIA_MONITORING
SOC_002337,PERSON_1251,PicWall,user_person_1251,2025-01-20 08:06:52,"New shop opening next week, everyone welcome.",,LOCATION_0218,0.63,SOCIAL_MEDIA_MONITORING
SOC_002338,PERSON_0218,ConnectHub,user_person_0218,2024-05-12 05:20:55,Traffic was terrible near the market today.,,LOCATION_0092,0.8,SOCIAL_MEDIA_MONITORING
SOC_002339,PERSON_1148,ChirpNet,user_person_1148,2024-11-01 14:23:32,Weather has been unusually warm this month.,,LOCATION_0179,0.46,SOCIAL_MEDIA_MONITORING
SOC_002340,PERSON_1094,TalkStream,user_person_1094,2024-05-14 23:10:51,"New shop opening next week, everyone welcome.",,LOCATION_0230,0.69,SOCIAL_MEDIA_MONITORING
SOC_002341,PERSON_1118,ConnectHub,user_person_1118,2024-01-29 20:27:55,Happy to share we completed the delivery on time.,,LOCATION_0247,0.75,SOCIAL_MEDIA_MONITORING
SOC_002342,PERSON_1195,PicWall,user_person_1195,2026-06-17 00:23:40,"New shop opening next week, everyone welcome.",,LOCATION_0289,0.76,SOCIAL_MEDIA_MONITORING
SOC_002343,PERSON_1344,TalkStream,user_person_1344,2024-04-12 05:46:02,Happy to share we completed the delivery on time.,,LOCATION_0272,0.84,SOCIAL_MEDIA_MONITORING
SOC_002344,PERSON_0650,ChirpNet,user_person_0650,2025-07-04 09:34:37,Traffic was terrible near the market today.,,LOCATION_0161,0.84,SOCIAL_MEDIA_MONITORING
SOC_002345,PERSON_1309,TalkStream,user_person_1309,2025-12-11 06:10:27,Traffic was terrible near the market today.,,LOCATION_0277,0.7,SOCIAL_MEDIA_MONITORING
SOC_002346,PERSON_0177,ChirpNet,user_person_0177,2026-03-06 23:26:05,Happy to share we completed the delivery on time.,,LOCATION_0199,0.52,SOCIAL_MEDIA_MONITORING
SOC_002347,PERSON_0871,ConnectHub,user_person_0871,2024-05-01 19:17:08,"Great weekend with family, back to work tomorrow.",,LOCATION_0194,0.59,SOCIAL_MEDIA_MONITORING
SOC_002348,PERSON_0740,PicWall,user_person_0740,2025-07-17 06:52:05,Happy to share we completed the delivery on time.,,LOCATION_0114,0.67,SOCIAL_MEDIA_MONITORING
SOC_002349,PERSON_1087,PicWall,user_person_1087,2024-03-01 14:46:05,"Everything is set for the evening, see you there.",,LOCATION_0046,0.81,SOCIAL_MEDIA_MONITORING
SOC_002350,PERSON_0715,ConnectHub,user_person_0715,2025-05-30 10:00:42,Traffic was terrible near the market today.,,LOCATION_0056,0.44,SOCIAL_MEDIA_MONITORING
SOC_002351,PERSON_0930,ConnectHub,user_person_0930,2026-03-17 16:00:04,"Great weekend with family, back to work tomorrow.",,LOCATION_0234,0.59,SOCIAL_MEDIA_MONITORING
SOC_002352,PERSON_1020,ChirpNet,user_person_1020,2024-07-21 22:58:03,"New shop opening next week, everyone welcome.",,LOCATION_0256,0.76,SOCIAL_MEDIA_MONITORING
SOC_002353,PERSON_1011,SnapCircle,user_person_1011,2025-02-06 02:30:25,Traffic was terrible near the market today.,,LOCATION_0128,0.75,SOCIAL_MEDIA_MONITORING
SOC_002354,PERSON_0696,PicWall,user_person_0696,2025-01-04 00:24:02,"New shop opening next week, everyone welcome.",,LOCATION_0011,0.63,SOCIAL_MEDIA_MONITORING
SOC_002355,PERSON_0317,SnapCircle,user_person_0317,2025-11-07 03:17:38,Weather has been unusually warm this month.,,LOCATION_0217,0.53,SOCIAL_MEDIA_MONITORING
SOC_002356,PERSON_0722,ChirpNet,user_person_0722,2024-03-24 10:37:20,Meeting postponed. Same place tomorrow.,,LOCATION_0234,0.66,SOCIAL_MEDIA_MONITORING
SOC_002357,PERSON_0284,PicWall,user_person_0284,2025-12-13 15:17:15,"Everything is set for the evening, see you there.",PERSON_1341,LOCATION_0092,0.43,SOCIAL_MEDIA_MONITORING
SOC_002358,PERSON_0035,ConnectHub,user_person_0035,2025-09-02 02:08:53,"New shop opening next week, everyone welcome.",,LOCATION_0029,0.43,SOCIAL_MEDIA_MONITORING
SOC_002359,PERSON_0799,ChirpNet,user_person_0799,2025-03-27 01:03:54,Traffic was terrible near the market today.,,LOCATION_0262,0.7,SOCIAL_MEDIA_MONITORING
SOC_002360,PERSON_0369,ChirpNet,user_person_0369,2024-05-18 09:38:57,Happy to share we completed the delivery on time.,,LOCATION_0211,0.45,SOCIAL_MEDIA_MONITORING
SOC_002361,PERSON_0711,PicWall,user_person_0711,2025-07-09 23:35:06,"Great weekend with family, back to work tomorrow.",,LOCATION_0280,0.67,SOCIAL_MEDIA_MONITORING
SOC_002362,PERSON_0106,ChirpNet,user_person_0106,2024-12-31 00:03:12,Happy to share we completed the delivery on time.,,LOCATION_0190,0.73,SOCIAL_MEDIA_MONITORING
SOC_002363,PERSON_0033,ConnectHub,user_person_0033,2025-06-01 23:48:12,Traffic was terrible near the market today.,,LOCATION_0156,0.75,SOCIAL_MEDIA_MONITORING
SOC_002364,PERSON_0365,ConnectHub,user_person_0365,2024-02-04 13:52:56,"New shop opening next week, everyone welcome.",,LOCATION_0156,0.74,SOCIAL_MEDIA_MONITORING
SOC_002365,PERSON_0986,SnapCircle,user_person_0986,2025-05-13 07:15:10,"Great weekend with family, back to work tomorrow.",,LOCATION_0186,0.76,SOCIAL_MEDIA_MONITORING
SOC_002366,PERSON_1475,ConnectHub,user_person_1475,2024-11-26 10:37:19,"New shop opening next week, everyone welcome.",,LOCATION_0126,0.64,SOCIAL_MEDIA_MONITORING
SOC_002367,PERSON_1314,TalkStream,user_person_1314,2024-11-14 16:53:31,"New shop opening next week, everyone welcome.",,LOCATION_0232,0.76,SOCIAL_MEDIA_MONITORING
SOC_002368,PERSON_0584,SnapCircle,user_person_0584,2025-09-11 21:42:12,Happy to share we completed the delivery on time.,,LOCATION_0139,0.79,SOCIAL_MEDIA_MONITORING
SOC_002369,PERSON_1211,ConnectHub,user_person_1211,2024-04-04 02:22:57,"Great weekend with family, back to work tomorrow.",,LOCATION_0195,0.5,SOCIAL_MEDIA_MONITORING
SOC_002370,PERSON_0536,ChirpNet,user_person_0536,2024-11-02 12:05:54,"Everything is set for the evening, see you there.",PERSON_1288,LOCATION_0100,0.8,SOCIAL_MEDIA_MONITORING
SOC_002371,PERSON_0860,ConnectHub,user_person_0860,2025-11-16 14:11:10,Happy to share we completed the delivery on time.,,LOCATION_0200,0.67,SOCIAL_MEDIA_MONITORING
SOC_002372,PERSON_0874,SnapCircle,user_person_0874,2024-07-04 10:51:57,Happy to share we completed the delivery on time.,,LOCATION_0148,0.47,SOCIAL_MEDIA_MONITORING
SOC_002373,PERSON_1377,TalkStream,user_person_1377,2024-08-14 10:37:01,Happy to share we completed the delivery on time.,,LOCATION_0262,0.63,SOCIAL_MEDIA_MONITORING
SOC_002374,PERSON_0130,PicWall,user_person_0130,2025-08-20 07:06:02,"Plan is confirmed, let's proceed as talked about.",,LOCATION_0046,0.43,SOCIAL_MEDIA_MONITORING
SOC_002375,PERSON_1246,ConnectHub,user_person_1246,2025-10-23 14:23:12,"New shop opening next week, everyone welcome.",,LOCATION_0277,0.7,SOCIAL_MEDIA_MONITORING
SOC_002376,PERSON_1074,TalkStream,user_person_1074,2025-11-22 10:06:43,"New shop opening next week, everyone welcome.",,LOCATION_0175,0.71,SOCIAL_MEDIA_MONITORING
SOC_002377,PERSON_0026,ConnectHub,user_person_0026,2024-05-29 01:10:10,Weather has been unusually warm this month.,,LOCATION_0125,0.66,SOCIAL_MEDIA_MONITORING
SOC_002378,PERSON_1460,SnapCircle,user_person_1460,2026-02-13 15:15:33,Traffic was terrible near the market today.,,LOCATION_0057,0.61,SOCIAL_MEDIA_MONITORING
SOC_002379,PERSON_1185,ConnectHub,user_person_1185,2024-01-31 08:50:19,"Great weekend with family, back to work tomorrow.",,LOCATION_0271,0.47,SOCIAL_MEDIA_MONITORING
SOC_002380,PERSON_0861,PicWall,user_person_0861,2024-11-08 00:55:46,"New shop opening next week, everyone welcome.",,LOCATION_0077,0.52,SOCIAL_MEDIA_MONITORING
SOC_002381,PERSON_1155,SnapCircle,user_person_1155,2025-12-11 15:11:23,Weather has been unusually warm this month.,,LOCATION_0246,0.7,SOCIAL_MEDIA_MONITORING
SOC_002382,PERSON_1064,ChirpNet,user_person_1064,2025-06-25 20:57:10,Keep this between us for now.,,LOCATION_0278,0.45,SOCIAL_MEDIA_MONITORING
SOC_002383,PERSON_0199,SnapCircle,user_person_0199,2024-09-12 17:32:35,"Great weekend with family, back to work tomorrow.",,LOCATION_0071,0.65,SOCIAL_MEDIA_MONITORING
SOC_002384,PERSON_0493,TalkStream,user_person_0493,2024-05-02 01:54:29,Happy to share we completed the delivery on time.,,LOCATION_0178,0.72,SOCIAL_MEDIA_MONITORING
SOC_002385,PERSON_0159,PicWall,user_person_0159,2025-11-11 03:47:52,Traffic was terrible near the market today.,,LOCATION_0166,0.71,SOCIAL_MEDIA_MONITORING
SOC_002386,PERSON_0409,TalkStream,user_person_0409,2024-11-06 11:36:54,Traffic was terrible near the market today.,,LOCATION_0118,0.47,SOCIAL_MEDIA_MONITORING
SOC_002387,PERSON_0313,SnapCircle,user_person_0313,2024-02-03 11:28:36,"Great weekend with family, back to work tomorrow.",,LOCATION_0277,0.82,SOCIAL_MEDIA_MONITORING
SOC_002388,PERSON_0836,ConnectHub,user_person_0836,2026-03-28 05:07:59,Traffic was terrible near the market today.,,LOCATION_0174,0.81,SOCIAL_MEDIA_MONITORING
SOC_002389,PERSON_1048,ConnectHub,user_person_1048,2024-03-11 23:11:24,Happy to share we completed the delivery on time.,,LOCATION_0204,0.51,SOCIAL_MEDIA_MONITORING
SOC_002390,PERSON_0647,SnapCircle,user_person_0647,2025-12-16 18:58:46,Weather has been unusually warm this month.,,LOCATION_0117,0.59,SOCIAL_MEDIA_MONITORING
SOC_002391,PERSON_0091,SnapCircle,user_person_0091,2024-10-04 21:51:25,"Great weekend with family, back to work tomorrow.",,LOCATION_0265,0.47,SOCIAL_MEDIA_MONITORING
SOC_002392,PERSON_1071,SnapCircle,user_person_1071,2025-09-03 11:15:29,"Everything is set for the evening, see you there.",,LOCATION_0191,0.76,SOCIAL_MEDIA_MONITORING
SOC_002393,PERSON_0098,SnapCircle,user_person_0098,2025-01-17 06:07:40,"Great weekend with family, back to work tomorrow.",,LOCATION_0125,0.69,SOCIAL_MEDIA_MONITORING
SOC_002394,PERSON_0470,TalkStream,user_person_0470,2024-01-12 15:16:21,"New shop opening next week, everyone welcome.",,LOCATION_0151,0.6,SOCIAL_MEDIA_MONITORING
SOC_002395,PERSON_0140,ConnectHub,user_person_0140,2024-02-29 01:14:50,"Great weekend with family, back to work tomorrow.",,LOCATION_0198,0.75,SOCIAL_MEDIA_MONITORING
SOC_002396,PERSON_0247,PicWall,user_person_0247,2025-08-05 13:52:26,"Everything is set for the evening, see you there.",,LOCATION_0274,0.53,SOCIAL_MEDIA_MONITORING
SOC_002397,PERSON_1404,ChirpNet,user_person_1404,2026-04-16 13:34:46,Happy to share we completed the delivery on time.,,LOCATION_0001,0.7,SOCIAL_MEDIA_MONITORING
SOC_002398,PERSON_0291,TalkStream,user_person_0291,2024-04-11 13:45:05,"Package ready, will hand it over as discussed.",PERSON_0653,LOCATION_0028,0.84,SOCIAL_MEDIA_MONITORING
SOC_002399,PERSON_1391,TalkStream,user_person_1391,2025-02-27 10:10:58,Traffic was terrible near the market today.,,LOCATION_0079,0.42,SOCIAL_MEDIA_MONITORING
SOC_002400,PERSON_0397,ConnectHub,user_person_0397,2024-07-28 10:36:20,Happy to share we completed the delivery on time.,,LOCATION_0295,0.4,SOCIAL_MEDIA_MONITORING
SOC_002401,PERSON_0393,ChirpNet,user_person_0393,2024-12-26 04:51:48,Keep this between us for now.,PERSON_1145,LOCATION_0222,0.45,SOCIAL_MEDIA_MONITORING
SOC_002402,PERSON_1037,PicWall,user_person_1037,2025-05-19 01:10:55,Weather has been unusually warm this month.,,LOCATION_0142,0.51,SOCIAL_MEDIA_MONITORING
SOC_002403,PERSON_0193,TalkStream,user_person_0193,2024-05-13 19:41:19,Traffic was terrible near the market today.,,LOCATION_0070,0.66,SOCIAL_MEDIA_MONITORING
SOC_002404,PERSON_0550,TalkStream,user_person_0550,2026-02-28 17:54:29,Traffic was terrible near the market today.,,LOCATION_0025,0.79,SOCIAL_MEDIA_MONITORING
SOC_002405,PERSON_0344,ConnectHub,user_person_0344,2025-08-28 20:28:18,Traffic was terrible near the market today.,,LOCATION_0136,0.65,SOCIAL_MEDIA_MONITORING
SOC_002406,PERSON_1308,PicWall,user_person_1308,2026-05-15 19:17:15,"Great weekend with family, back to work tomorrow.",,LOCATION_0191,0.57,SOCIAL_MEDIA_MONITORING
SOC_002407,PERSON_0732,SnapCircle,user_person_0732,2026-06-05 05:00:11,"Great weekend with family, back to work tomorrow.",,LOCATION_0217,0.58,SOCIAL_MEDIA_MONITORING
SOC_002408,PERSON_1259,ChirpNet,user_person_1259,2024-05-05 16:04:32,"Package ready, will hand it over as discussed.",PERSON_0821,LOCATION_0292,0.58,SOCIAL_MEDIA_MONITORING
SOC_002409,PERSON_1427,ConnectHub,user_person_1427,2024-06-14 22:12:54,Weather has been unusually warm this month.,,LOCATION_0256,0.84,SOCIAL_MEDIA_MONITORING
SOC_002410,PERSON_0100,SnapCircle,user_person_0100,2025-11-24 09:45:47,Weather has been unusually warm this month.,,LOCATION_0171,0.82,SOCIAL_MEDIA_MONITORING
SOC_002411,PERSON_1033,TalkStream,user_person_1033,2025-01-13 19:01:55,"Everything is set for the evening, see you there.",,LOCATION_0189,0.5,SOCIAL_MEDIA_MONITORING
SOC_002412,PERSON_1161,SnapCircle,user_person_1161,2024-09-24 16:43:15,Traffic was terrible near the market today.,,LOCATION_0200,0.54,SOCIAL_MEDIA_MONITORING
SOC_002413,PERSON_0173,ConnectHub,user_person_0173,2024-04-24 02:43:27,Traffic was terrible near the market today.,,LOCATION_0226,0.82,SOCIAL_MEDIA_MONITORING
SOC_002414,PERSON_0001,ConnectHub,user_person_0001,2025-12-03 09:34:12,Happy to share we completed the delivery on time.,,LOCATION_0183,0.62,SOCIAL_MEDIA_MONITORING
SOC_002415,PERSON_1220,TalkStream,user_person_1220,2024-02-10 23:12:55,"Great weekend with family, back to work tomorrow.",,LOCATION_0157,0.62,SOCIAL_MEDIA_MONITORING
SOC_002416,PERSON_0324,SnapCircle,user_person_0324,2025-10-02 15:05:22,Traffic was terrible near the market today.,,LOCATION_0173,0.78,SOCIAL_MEDIA_MONITORING
SOC_002417,PERSON_1324,TalkStream,user_person_1324,2025-03-09 17:15:03,Traffic was terrible near the market today.,,LOCATION_0117,0.68,SOCIAL_MEDIA_MONITORING
SOC_002418,PERSON_0726,TalkStream,user_person_0726,2024-10-20 10:07:55,"New shop opening next week, everyone welcome.",,LOCATION_0017,0.8,SOCIAL_MEDIA_MONITORING
SOC_002419,PERSON_1112,SnapCircle,user_person_1112,2024-05-25 23:11:19,"Everything is set for the evening, see you there.",PERSON_0712,LOCATION_0081,0.7,SOCIAL_MEDIA_MONITORING
SOC_002420,PERSON_1137,ChirpNet,user_person_1137,2025-08-13 07:11:39,"Great weekend with family, back to work tomorrow.",,LOCATION_0288,0.73,SOCIAL_MEDIA_MONITORING
SOC_002421,PERSON_0305,ChirpNet,user_person_0305,2024-04-30 10:41:51,"New shop opening next week, everyone welcome.",,LOCATION_0058,0.58,SOCIAL_MEDIA_MONITORING
SOC_002422,PERSON_0058,ChirpNet,user_person_0058,2026-04-06 00:54:55,"Plan is confirmed, let's proceed as talked about.",PERSON_0332,LOCATION_0229,0.49,SOCIAL_MEDIA_MONITORING
SOC_002423,PERSON_1112,SnapCircle,user_person_1112,2026-01-29 16:10:05,Traffic was terrible near the market today.,,LOCATION_0251,0.81,SOCIAL_MEDIA_MONITORING
SOC_002424,PERSON_0465,ConnectHub,user_person_0465,2024-07-14 04:09:23,"New shop opening next week, everyone welcome.",,LOCATION_0051,0.5,SOCIAL_MEDIA_MONITORING
SOC_002425,PERSON_1474,PicWall,user_person_1474,2025-10-22 10:40:37,Meeting postponed. Same place tomorrow.,,LOCATION_0019,0.79,SOCIAL_MEDIA_MONITORING
SOC_002426,PERSON_0742,SnapCircle,user_person_0742,2026-06-16 09:56:48,Happy to share we completed the delivery on time.,,LOCATION_0094,0.75,SOCIAL_MEDIA_MONITORING
SOC_002427,PERSON_1130,ConnectHub,user_person_1130,2024-10-11 19:57:03,Happy to share we completed the delivery on time.,,LOCATION_0209,0.76,SOCIAL_MEDIA_MONITORING
SOC_002428,PERSON_0729,TalkStream,user_person_0729,2025-04-08 11:06:14,"New shop opening next week, everyone welcome.",,LOCATION_0222,0.45,SOCIAL_MEDIA_MONITORING
SOC_002429,PERSON_0115,ConnectHub,user_person_0115,2024-06-07 08:32:15,"New shop opening next week, everyone welcome.",,LOCATION_0236,0.51,SOCIAL_MEDIA_MONITORING
SOC_002430,PERSON_0643,ChirpNet,user_person_0643,2025-02-19 22:46:45,Happy to share we completed the delivery on time.,,LOCATION_0180,0.52,SOCIAL_MEDIA_MONITORING
SOC_002431,PERSON_0715,ConnectHub,user_person_0715,2025-11-06 05:39:13,"New shop opening next week, everyone welcome.",,LOCATION_0276,0.53,SOCIAL_MEDIA_MONITORING
SOC_002432,PERSON_0795,PicWall,user_person_0795,2024-05-12 08:42:57,Weather has been unusually warm this month.,,LOCATION_0066,0.57,SOCIAL_MEDIA_MONITORING
SOC_002433,PERSON_0272,SnapCircle,user_person_0272,2024-11-22 18:02:04,"Plan is confirmed, let's proceed as talked about.",,LOCATION_0150,0.85,SOCIAL_MEDIA_MONITORING
SOC_002434,PERSON_0862,ConnectHub,user_person_0862,2025-09-08 06:42:43,Traffic was terrible near the market today.,,LOCATION_0238,0.74,SOCIAL_MEDIA_MONITORING
SOC_002435,PERSON_0445,SnapCircle,user_person_0445,2026-02-26 11:19:17,"New shop opening next week, everyone welcome.",,LOCATION_0249,0.59,SOCIAL_MEDIA_MONITORING
SOC_002436,PERSON_1462,ConnectHub,user_person_1462,2025-12-03 13:39:48,"New shop opening next week, everyone welcome.",,LOCATION_0266,0.47,SOCIAL_MEDIA_MONITORING
SOC_002437,PERSON_1200,TalkStream,user_person_1200,2026-01-14 08:22:14,Happy to share we completed the delivery on time.,,LOCATION_0195,0.54,SOCIAL_MEDIA_MONITORING
SOC_002438,PERSON_1474,ConnectHub,user_person_1474,2025-10-11 18:44:20,Meeting postponed. Same place tomorrow.,PERSON_1449,LOCATION_0169,0.76,SOCIAL_MEDIA_MONITORING
SOC_002439,PERSON_1294,PicWall,user_person_1294,2025-06-06 23:01:14,"New shop opening next week, everyone welcome.",,LOCATION_0162,0.7,SOCIAL_MEDIA_MONITORING
SOC_002440,PERSON_1279,ConnectHub,user_person_1279,2024-02-06 05:40:46,Meeting postponed. Same place tomorrow.,,LOCATION_0158,0.58,SOCIAL_MEDIA_MONITORING
SOC_002441,PERSON_0149,SnapCircle,user_person_0149,2025-06-13 10:17:02,Happy to share we completed the delivery on time.,,LOCATION_0232,0.58,SOCIAL_MEDIA_MONITORING
SOC_002442,PERSON_0427,TalkStream,user_person_0427,2024-03-14 16:16:52,"New shop opening next week, everyone welcome.",,LOCATION_0221,0.58,SOCIAL_MEDIA_MONITORING
SOC_002443,PERSON_0161,PicWall,user_person_0161,2024-04-22 07:08:52,Traffic was terrible near the market today.,,LOCATION_0050,0.8,SOCIAL_MEDIA_MONITORING
SOC_002444,PERSON_1442,ChirpNet,user_person_1442,2025-07-25 14:33:11,Weather has been unusually warm this month.,,LOCATION_0178,0.49,SOCIAL_MEDIA_MONITORING
SOC_002445,PERSON_1201,SnapCircle,user_person_1201,2025-02-09 13:42:28,Happy to share we completed the delivery on time.,,LOCATION_0280,0.74,SOCIAL_MEDIA_MONITORING
SOC_002446,PERSON_0253,TalkStream,user_person_0253,2025-05-28 20:11:48,"Everything is set for the evening, see you there.",,LOCATION_0201,0.45,SOCIAL_MEDIA_MONITORING
SOC_002447,PERSON_1102,PicWall,user_person_1102,2025-02-28 05:13:50,"Plan is confirmed, let's proceed as talked about.",PERSON_1061,LOCATION_0163,0.47,SOCIAL_MEDIA_MONITORING
SOC_002448,PERSON_0586,SnapCircle,user_person_0586,2025-10-03 07:43:17,"New shop opening next week, everyone welcome.",,LOCATION_0217,0.43,SOCIAL_MEDIA_MONITORING
SOC_002449,PERSON_0387,ChirpNet,user_person_0387,2024-10-19 13:39:11,Weather has been unusually warm this month.,,LOCATION_0208,0.77,SOCIAL_MEDIA_MONITORING
SOC_002450,PERSON_0163,SnapCircle,user_person_0163,2024-06-06 23:10:10,"New shop opening next week, everyone welcome.",,LOCATION_0227,0.52,SOCIAL_MEDIA_MONITORING
SOC_002451,PERSON_0434,TalkStream,user_person_0434,2026-06-06 10:16:06,"Everything is set for the evening, see you there.",,LOCATION_0201,0.85,SOCIAL_MEDIA_MONITORING
SOC_002452,PERSON_0749,ConnectHub,user_person_0749,2026-02-02 07:49:02,Meeting postponed. Same place tomorrow.,,LOCATION_0119,0.84,SOCIAL_MEDIA_MONITORING
SOC_002453,PERSON_0651,SnapCircle,user_person_0651,2025-07-23 11:47:46,Traffic was terrible near the market today.,,LOCATION_0151,0.43,SOCIAL_MEDIA_MONITORING
SOC_002454,PERSON_0166,TalkStream,user_person_0166,2024-07-13 02:18:16,Happy to share we completed the delivery on time.,,LOCATION_0246,0.67,SOCIAL_MEDIA_MONITORING
SOC_002455,PERSON_0269,SnapCircle,user_person_0269,2026-02-14 12:05:36,"Great weekend with family, back to work tomorrow.",,LOCATION_0128,0.62,SOCIAL_MEDIA_MONITORING
SOC_002456,PERSON_1055,TalkStream,user_person_1055,2024-12-11 20:17:53,Meeting postponed. Same place tomorrow.,PERSON_0105,LOCATION_0233,0.74,SOCIAL_MEDIA_MONITORING
SOC_002457,PERSON_1246,TalkStream,user_person_1246,2024-04-28 13:24:01,"Great weekend with family, back to work tomorrow.",,LOCATION_0017,0.47,SOCIAL_MEDIA_MONITORING
SOC_002458,PERSON_0572,ChirpNet,user_person_0572,2024-06-06 19:46:37,Happy to share we completed the delivery on time.,,LOCATION_0112,0.74,SOCIAL_MEDIA_MONITORING
SOC_002459,PERSON_0125,TalkStream,user_person_0125,2026-06-04 19:50:32,"New shop opening next week, everyone welcome.",,LOCATION_0064,0.79,SOCIAL_MEDIA_MONITORING
SOC_002460,PERSON_0968,ConnectHub,user_person_0968,2024-05-04 00:02:06,"New shop opening next week, everyone welcome.",,LOCATION_0274,0.63,SOCIAL_MEDIA_MONITORING
SOC_002461,PERSON_1170,TalkStream,user_person_1170,2024-08-09 12:45:34,"New shop opening next week, everyone welcome.",,LOCATION_0017,0.55,SOCIAL_MEDIA_MONITORING
SOC_002462,PERSON_0146,ChirpNet,user_person_0146,2026-03-17 10:47:38,"Great weekend with family, back to work tomorrow.",,LOCATION_0169,0.59,SOCIAL_MEDIA_MONITORING
SOC_002463,PERSON_1315,PicWall,user_person_1315,2025-09-03 15:31:39,Traffic was terrible near the market today.,,LOCATION_0110,0.64,SOCIAL_MEDIA_MONITORING
SOC_002464,PERSON_0638,ConnectHub,user_person_0638,2025-05-18 17:01:53,Weather has been unusually warm this month.,,LOCATION_0284,0.68,SOCIAL_MEDIA_MONITORING
SOC_002465,PERSON_0844,PicWall,user_person_0844,2024-06-07 21:27:12,"Everything is set for the evening, see you there.",,LOCATION_0046,0.59,SOCIAL_MEDIA_MONITORING
SOC_002466,PERSON_0017,ConnectHub,user_person_0017,2025-01-31 17:07:37,Traffic was terrible near the market today.,,LOCATION_0189,0.52,SOCIAL_MEDIA_MONITORING
SOC_002467,PERSON_1052,TalkStream,user_person_1052,2024-04-07 03:12:39,"Everything is set for the evening, see you there.",,LOCATION_0073,0.66,SOCIAL_MEDIA_MONITORING
SOC_002468,PERSON_1314,ConnectHub,user_person_1314,2024-02-03 04:48:43,Traffic was terrible near the market today.,,LOCATION_0052,0.64,SOCIAL_MEDIA_MONITORING
SOC_002469,PERSON_0283,PicWall,user_person_0283,2025-10-23 16:29:31,Weather has been unusually warm this month.,,LOCATION_0160,0.8,SOCIAL_MEDIA_MONITORING
SOC_002470,PERSON_0978,TalkStream,user_person_0978,2024-04-02 00:19:21,Traffic was terrible near the market today.,,LOCATION_0269,0.41,SOCIAL_MEDIA_MONITORING
SOC_002471,PERSON_0589,TalkStream,user_person_0589,2026-02-26 22:20:39,Weather has been unusually warm this month.,,LOCATION_0126,0.57,SOCIAL_MEDIA_MONITORING
SOC_002472,PERSON_1183,TalkStream,user_person_1183,2026-02-27 20:18:35,"Plan is confirmed, let's proceed as talked about.",,LOCATION_0268,0.69,SOCIAL_MEDIA_MONITORING
SOC_002473,PERSON_0938,ChirpNet,user_person_0938,2025-02-23 23:58:53,Weather has been unusually warm this month.,,LOCATION_0182,0.6,SOCIAL_MEDIA_MONITORING
SOC_002474,PERSON_0801,ConnectHub,user_person_0801,2025-12-27 17:53:06,"New shop opening next week, everyone welcome.",,LOCATION_0249,0.51,SOCIAL_MEDIA_MONITORING
SOC_002475,PERSON_0026,PicWall,user_person_0026,2025-04-15 20:01:29,"New shop opening next week, everyone welcome.",,LOCATION_0065,0.69,SOCIAL_MEDIA_MONITORING
SOC_002476,PERSON_0752,ConnectHub,user_person_0752,2024-02-28 15:39:16,Weather has been unusually warm this month.,,LOCATION_0237,0.43,SOCIAL_MEDIA_MONITORING
SOC_002477,PERSON_0167,ChirpNet,user_person_0167,2025-04-24 20:42:01,Weather has been unusually warm this month.,,LOCATION_0251,0.62,SOCIAL_MEDIA_MONITORING
SOC_002478,PERSON_0668,SnapCircle,user_person_0668,2024-05-27 01:43:28,Traffic was terrible near the market today.,,LOCATION_0145,0.63,SOCIAL_MEDIA_MONITORING
SOC_002479,PERSON_1235,ConnectHub,user_person_1235,2025-03-13 06:42:38,Weather has been unusually warm this month.,,LOCATION_0287,0.53,SOCIAL_MEDIA_MONITORING
SOC_002480,PERSON_1330,ChirpNet,user_person_1330,2025-01-30 11:21:55,Happy to share we completed the delivery on time.,,LOCATION_0254,0.41,SOCIAL_MEDIA_MONITORING
SOC_002481,PERSON_0156,PicWall,user_person_0156,2024-10-25 22:29:45,Weather has been unusually warm this month.,,LOCATION_0191,0.67,SOCIAL_MEDIA_MONITORING
SOC_002482,PERSON_0524,ChirpNet,user_person_0524,2026-06-17 22:32:04,Weather has been unusually warm this month.,,LOCATION_0242,0.56,SOCIAL_MEDIA_MONITORING
SOC_002483,PERSON_0623,TalkStream,user_person_0623,2024-06-24 03:41:35,"New shop opening next week, everyone welcome.",,LOCATION_0253,0.5,SOCIAL_MEDIA_MONITORING
SOC_002484,PERSON_1010,ConnectHub,user_person_1010,2026-05-24 12:46:55,Traffic was terrible near the market today.,,LOCATION_0008,0.41,SOCIAL_MEDIA_MONITORING
SOC_002485,PERSON_0818,ConnectHub,user_person_0818,2025-01-08 06:05:35,Weather has been unusually warm this month.,,LOCATION_0072,0.65,SOCIAL_MEDIA_MONITORING
SOC_002486,PERSON_0062,SnapCircle,user_person_0062,2024-12-05 18:49:54,Keep this between us for now.,PERSON_0541,LOCATION_0198,0.63,SOCIAL_MEDIA_MONITORING
SOC_002487,PERSON_0330,ConnectHub,user_person_0330,2024-03-15 01:27:43,Weather has been unusually warm this month.,,LOCATION_0143,0.8,SOCIAL_MEDIA_MONITORING
SOC_002488,PERSON_0945,TalkStream,user_person_0945,2026-02-25 03:00:58,"New shop opening next week, everyone welcome.",,LOCATION_0202,0.45,SOCIAL_MEDIA_MONITORING
SOC_002489,PERSON_1239,ConnectHub,user_person_1239,2025-10-30 22:21:47,Happy to share we completed the delivery on time.,,LOCATION_0001,0.71,SOCIAL_MEDIA_MONITORING
SOC_002490,PERSON_0008,ChirpNet,user_person_0008,2024-07-04 10:11:52,Weather has been unusually warm this month.,,LOCATION_0247,0.41,SOCIAL_MEDIA_MONITORING
SOC_002491,PERSON_0915,ChirpNet,user_person_0915,2024-03-05 19:03:27,Weather has been unusually warm this month.,,LOCATION_0248,0.63,SOCIAL_MEDIA_MONITORING
SOC_002492,PERSON_1420,PicWall,user_person_1420,2024-11-02 11:12:44,Happy to share we completed the delivery on time.,,LOCATION_0040,0.47,SOCIAL_MEDIA_MONITORING
SOC_002493,PERSON_1452,TalkStream,user_person_1452,2024-12-22 14:04:05,Happy to share we completed the delivery on time.,,LOCATION_0029,0.82,SOCIAL_MEDIA_MONITORING
SOC_002494,PERSON_0196,ConnectHub,user_person_0196,2024-05-21 22:30:10,Meeting postponed. Same place tomorrow.,,LOCATION_0168,0.47,SOCIAL_MEDIA_MONITORING
SOC_002495,PERSON_0448,ChirpNet,user_person_0448,2026-03-10 05:55:21,Traffic was terrible near the market today.,,LOCATION_0213,0.62,SOCIAL_MEDIA_MONITORING
SOC_002496,PERSON_1288,SnapCircle,user_person_1288,2025-04-28 13:04:57,"Great weekend with family, back to work tomorrow.",,LOCATION_0088,0.71,SOCIAL_MEDIA_MONITORING
SOC_002497,PERSON_0180,ChirpNet,user_person_0180,2025-08-06 15:57:42,"Plan is confirmed, let's proceed as talked about.",,LOCATION_0020,0.64,SOCIAL_MEDIA_MONITORING
SOC_002498,PERSON_0989,PicWall,user_person_0989,2024-02-25 15:18:26,"New shop opening next week, everyone welcome.",,LOCATION_0257,0.63,SOCIAL_MEDIA_MONITORING
SOC_002499,PERSON_0406,SnapCircle,user_person_0406,2024-05-24 12:28:45,"Great weekend with family, back to work tomorrow.",,LOCATION_0063,0.5,SOCIAL_MEDIA_MONITORING
SOC_002500,PERSON_0671,ConnectHub,user_person_0671,2026-01-08 15:31:08,Keep this between us for now.,PERSON_0029,LOCATION_0216,0.43,SOCIAL_MEDIA_MONITORING
SOC_002501,PERSON_1029,PicWall,user_person_1029,2024-11-20 04:37:50,Traffic was terrible near the market today.,,LOCATION_0164,0.84,SOCIAL_MEDIA_MONITORING
SOC_002502,PERSON_0180,ChirpNet,user_person_0180,2026-06-15 04:15:51,Weather has been unusually warm this month.,,LOCATION_0120,0.5,SOCIAL_MEDIA_MONITORING
SOC_002503,PERSON_0786,PicWall,user_person_0786,2024-07-18 20:58:32,Weather has been unusually warm this month.,,LOCATION_0166,0.64,SOCIAL_MEDIA_MONITORING
SOC_002504,PERSON_0458,ConnectHub,user_person_0458,2026-03-09 01:54:09,Happy to share we completed the delivery on time.,,LOCATION_0008,0.65,SOCIAL_MEDIA_MONITORING
SOC_002505,PERSON_0634,TalkStream,user_person_0634,2025-02-26 16:08:00,"Plan is confirmed, let's proceed as talked about.",,LOCATION_0019,0.43,SOCIAL_MEDIA_MONITORING
SOC_002506,PERSON_0906,PicWall,user_person_0906,2024-04-30 08:40:33,Keep this between us for now.,,LOCATION_0176,0.81,SOCIAL_MEDIA_MONITORING
SOC_002507,PERSON_0420,PicWall,user_person_0420,2024-11-13 21:08:38,"New shop opening next week, everyone welcome.",,LOCATION_0023,0.69,SOCIAL_MEDIA_MONITORING
SOC_002508,PERSON_0222,SnapCircle,user_person_0222,2024-10-15 02:32:32,Traffic was terrible near the market today.,,LOCATION_0190,0.44,SOCIAL_MEDIA_MONITORING
SOC_002509,PERSON_0853,ConnectHub,user_person_0853,2024-01-31 09:13:34,"Great weekend with family, back to work tomorrow.",,LOCATION_0238,0.68,SOCIAL_MEDIA_MONITORING
SOC_002510,PERSON_0163,TalkStream,user_person_0163,2025-05-25 11:16:40,Happy to share we completed the delivery on time.,,LOCATION_0077,0.52,SOCIAL_MEDIA_MONITORING
SOC_002511,PERSON_0179,PicWall,user_person_0179,2026-05-14 19:00:58,Happy to share we completed the delivery on time.,,LOCATION_0100,0.64,SOCIAL_MEDIA_MONITORING
SOC_002512,PERSON_1479,PicWall,user_person_1479,2025-12-07 13:06:44,Happy to share we completed the delivery on time.,,LOCATION_0205,0.53,SOCIAL_MEDIA_MONITORING
SOC_002513,PERSON_1313,ChirpNet,user_person_1313,2025-05-27 12:54:24,Happy to share we completed the delivery on time.,,LOCATION_0237,0.41,SOCIAL_MEDIA_MONITORING
SOC_002514,PERSON_0013,ConnectHub,user_person_0013,2026-02-11 02:10:00,Weather has been unusually warm this month.,,LOCATION_0116,0.83,SOCIAL_MEDIA_MONITORING
SOC_002515,PERSON_0030,SnapCircle,user_person_0030,2024-09-21 02:19:22,Happy to share we completed the delivery on time.,,LOCATION_0051,0.64,SOCIAL_MEDIA_MONITORING
SOC_002516,PERSON_0499,ConnectHub,user_person_0499,2025-09-06 18:36:55,"Great weekend with family, back to work tomorrow.",,LOCATION_0150,0.84,SOCIAL_MEDIA_MONITORING
SOC_002517,PERSON_0705,ChirpNet,user_person_0705,2024-10-10 09:10:54,Traffic was terrible near the market today.,,LOCATION_0032,0.52,SOCIAL_MEDIA_MONITORING
SOC_002518,PERSON_0299,ConnectHub,user_person_0299,2024-05-08 15:04:22,Weather has been unusually warm this month.,,LOCATION_0084,0.54,SOCIAL_MEDIA_MONITORING
SOC_002519,PERSON_0186,TalkStream,user_person_0186,2025-07-02 00:47:40,"New shop opening next week, everyone welcome.",,LOCATION_0054,0.67,SOCIAL_MEDIA_MONITORING
SOC_002520,PERSON_1359,SnapCircle,user_person_1359,2024-06-27 13:49:14,Traffic was terrible near the market today.,,LOCATION_0197,0.84,SOCIAL_MEDIA_MONITORING
SOC_002521,PERSON_0224,PicWall,user_person_0224,2026-01-28 12:52:45,Weather has been unusually warm this month.,,LOCATION_0247,0.77,SOCIAL_MEDIA_MONITORING
SOC_002522,PERSON_1428,ChirpNet,user_person_1428,2025-10-17 04:43:42,Happy to share we completed the delivery on time.,,LOCATION_0111,0.74,SOCIAL_MEDIA_MONITORING
SOC_002523,PERSON_0749,ConnectHub,user_person_0749,2024-09-28 21:17:03,"New shop opening next week, everyone welcome.",,LOCATION_0089,0.65,SOCIAL_MEDIA_MONITORING
SOC_002524,PERSON_1478,TalkStream,user_person_1478,2025-11-18 22:42:07,Weather has been unusually warm this month.,,LOCATION_0213,0.59,SOCIAL_MEDIA_MONITORING
SOC_002525,PERSON_1034,ChirpNet,user_person_1034,2024-03-12 15:41:26,Traffic was terrible near the market today.,,LOCATION_0209,0.64,SOCIAL_MEDIA_MONITORING
SOC_002526,PERSON_0973,TalkStream,user_person_0973,2025-01-29 20:23:38,"New shop opening next week, everyone welcome.",,LOCATION_0149,0.51,SOCIAL_MEDIA_MONITORING
SOC_002527,PERSON_0973,SnapCircle,user_person_0973,2025-09-23 13:01:18,Traffic was terrible near the market today.,,LOCATION_0119,0.77,SOCIAL_MEDIA_MONITORING
SOC_002528,PERSON_1056,PicWall,user_person_1056,2025-11-05 03:20:49,"Plan is confirmed, let's proceed as talked about.",,LOCATION_0128,0.44,SOCIAL_MEDIA_MONITORING
SOC_002529,PERSON_0295,PicWall,user_person_0295,2024-02-05 23:55:04,Happy to share we completed the delivery on time.,,LOCATION_0165,0.56,SOCIAL_MEDIA_MONITORING
SOC_002530,PERSON_0561,ConnectHub,user_person_0561,2024-10-12 17:02:18,"Great weekend with family, back to work tomorrow.",,LOCATION_0243,0.6,SOCIAL_MEDIA_MONITORING
SOC_002531,PERSON_0928,SnapCircle,user_person_0928,2025-08-12 01:11:39,Weather has been unusually warm this month.,,LOCATION_0046,0.56,SOCIAL_MEDIA_MONITORING
SOC_002532,PERSON_0457,ChirpNet,user_person_0457,2026-04-20 23:40:08,"Plan is confirmed, let's proceed as talked about.",,LOCATION_0017,0.62,SOCIAL_MEDIA_MONITORING
SOC_002533,PERSON_0465,SnapCircle,user_person_0465,2026-01-11 20:22:01,"New shop opening next week, everyone welcome.",,LOCATION_0121,0.56,SOCIAL_MEDIA_MONITORING
SOC_002534,PERSON_0577,ConnectHub,user_person_0577,2025-08-26 03:53:50,Weather has been unusually warm this month.,,LOCATION_0178,0.58,SOCIAL_MEDIA_MONITORING
SOC_002535,PERSON_0954,ConnectHub,user_person_0954,2024-12-26 17:41:01,"New shop opening next week, everyone welcome.",,LOCATION_0148,0.77,SOCIAL_MEDIA_MONITORING
SOC_002536,PERSON_0150,TalkStream,user_person_0150,2025-11-02 20:51:33,"Great weekend with family, back to work tomorrow.",,LOCATION_0225,0.83,SOCIAL_MEDIA_MONITORING
SOC_002537,PERSON_0475,ChirpNet,user_person_0475,2025-10-30 11:20:19,"Great weekend with family, back to work tomorrow.",,LOCATION_0256,0.64,SOCIAL_MEDIA_MONITORING
SOC_002538,PERSON_1331,SnapCircle,user_person_1331,2026-05-17 21:50:00,Traffic was terrible near the market today.,,LOCATION_0163,0.81,SOCIAL_MEDIA_MONITORING
SOC_002539,PERSON_0099,ChirpNet,user_person_0099,2024-03-27 14:45:37,Weather has been unusually warm this month.,,LOCATION_0223,0.43,SOCIAL_MEDIA_MONITORING
SOC_002540,PERSON_0623,ConnectHub,user_person_0623,2026-04-06 01:00:52,"Great weekend with family, back to work tomorrow.",,LOCATION_0073,0.72,SOCIAL_MEDIA_MONITORING
SOC_002541,PERSON_1056,SnapCircle,user_person_1056,2026-05-01 17:56:41,"New shop opening next week, everyone welcome.",,LOCATION_0188,0.62,SOCIAL_MEDIA_MONITORING
SOC_002542,PERSON_1358,ChirpNet,user_person_1358,2024-08-01 04:00:37,"New shop opening next week, everyone welcome.",,LOCATION_0174,0.64,SOCIAL_MEDIA_MONITORING
SOC_002543,PERSON_0027,ChirpNet,user_person_0027,2025-11-21 09:52:46,Happy to share we completed the delivery on time.,,LOCATION_0199,0.73,SOCIAL_MEDIA_MONITORING
SOC_002544,PERSON_0850,PicWall,user_person_0850,2024-06-03 04:11:08,Meeting postponed. Same place tomorrow.,,LOCATION_0207,0.71,SOCIAL_MEDIA_MONITORING
SOC_002545,PERSON_0706,PicWall,user_person_0706,2024-09-03 14:41:18,"Package ready, will hand it over as discussed.",,LOCATION_0009,0.62,SOCIAL_MEDIA_MONITORING
SOC_002546,PERSON_0073,TalkStream,user_person_0073,2025-10-06 16:57:18,Weather has been unusually warm this month.,,LOCATION_0045,0.83,SOCIAL_MEDIA_MONITORING
SOC_002547,PERSON_1116,PicWall,user_person_1116,2025-08-08 11:14:55,Traffic was terrible near the market today.,,LOCATION_0011,0.61,SOCIAL_MEDIA_MONITORING
SOC_002548,PERSON_0221,ChirpNet,user_person_0221,2024-09-12 05:30:08,"Great weekend with family, back to work tomorrow.",,LOCATION_0259,0.54,SOCIAL_MEDIA_MONITORING
SOC_002549,PERSON_0666,TalkStream,user_person_0666,2024-11-14 02:47:00,Keep this between us for now.,,LOCATION_0187,0.68,SOCIAL_MEDIA_MONITORING
SOC_002550,PERSON_1461,ChirpNet,user_person_1461,2024-07-12 11:25:59,Traffic was terrible near the market today.,,LOCATION_0102,0.79,SOCIAL_MEDIA_MONITORING
SOC_002551,PERSON_1051,TalkStream,user_person_1051,2025-02-02 18:07:35,Traffic was terrible near the market today.,,LOCATION_0106,0.62,SOCIAL_MEDIA_MONITORING
SOC_002552,PERSON_1021,ConnectHub,user_person_1021,2025-06-08 17:50:29,Weather has been unusually warm this month.,,LOCATION_0137,0.73,SOCIAL_MEDIA_MONITORING
SOC_002553,PERSON_0615,PicWall,user_person_0615,2026-05-01 18:53:47,"New shop opening next week, everyone welcome.",,LOCATION_0246,0.65,SOCIAL_MEDIA_MONITORING
SOC_002554,PERSON_1362,ConnectHub,user_person_1362,2024-10-14 03:21:29,Meeting postponed. Same place tomorrow.,PERSON_0802,LOCATION_0177,0.81,SOCIAL_MEDIA_MONITORING
SOC_002555,PERSON_0975,TalkStream,user_person_0975,2025-07-23 01:22:17,"Package ready, will hand it over as discussed.",,LOCATION_0251,0.53,SOCIAL_MEDIA_MONITORING
SOC_002556,PERSON_0655,TalkStream,user_person_0655,2024-10-02 12:26:54,Traffic was terrible near the market today.,,LOCATION_0044,0.5,SOCIAL_MEDIA_MONITORING
SOC_002557,PERSON_1499,ChirpNet,user_person_1499,2026-06-27 15:35:35,"New shop opening next week, everyone welcome.",,LOCATION_0060,0.65,SOCIAL_MEDIA_MONITORING
SOC_002558,PERSON_0946,ConnectHub,user_person_0946,2024-04-12 04:28:13,"Great weekend with family, back to work tomorrow.",,LOCATION_0037,0.48,SOCIAL_MEDIA_MONITORING
SOC_002559,PERSON_1418,ConnectHub,user_person_1418,2025-12-06 22:03:04,"Great weekend with family, back to work tomorrow.",,LOCATION_0269,0.48,SOCIAL_MEDIA_MONITORING
SOC_002560,PERSON_0679,ConnectHub,user_person_0679,2025-02-01 18:19:28,Happy to share we completed the delivery on time.,,LOCATION_0203,0.83,SOCIAL_MEDIA_MONITORING
SOC_002561,PERSON_1222,PicWall,user_person_1222,2025-04-26 17:27:36,"Great weekend with family, back to work tomorrow.",,LOCATION_0152,0.42,SOCIAL_MEDIA_MONITORING
SOC_002562,PERSON_0134,PicWall,user_person_0134,2024-07-30 01:05:16,"Great weekend with family, back to work tomorrow.",,LOCATION_0046,0.61,SOCIAL_MEDIA_MONITORING
SOC_002563,PERSON_0836,TalkStream,user_person_0836,2024-01-23 07:25:12,Traffic was terrible near the market today.,,LOCATION_0024,0.83,SOCIAL_MEDIA_MONITORING
SOC_002564,PERSON_0417,TalkStream,user_person_0417,2026-05-16 13:45:47,"Everything is set for the evening, see you there.",,LOCATION_0259,0.73,SOCIAL_MEDIA_MONITORING
SOC_002565,PERSON_0428,TalkStream,user_person_0428,2025-03-20 17:42:17,Weather has been unusually warm this month.,,LOCATION_0298,0.58,SOCIAL_MEDIA_MONITORING
SOC_002566,PERSON_0867,TalkStream,user_person_0867,2024-11-24 02:16:40,"Everything is set for the evening, see you there.",,LOCATION_0104,0.63,SOCIAL_MEDIA_MONITORING
SOC_002567,PERSON_0834,PicWall,user_person_0834,2025-08-09 14:29:24,"New shop opening next week, everyone welcome.",,LOCATION_0152,0.64,SOCIAL_MEDIA_MONITORING
SOC_002568,PERSON_0589,ChirpNet,user_person_0589,2024-07-07 21:35:02,Weather has been unusually warm this month.,,LOCATION_0226,0.5,SOCIAL_MEDIA_MONITORING
SOC_002569,PERSON_0341,ConnectHub,user_person_0341,2025-10-12 18:41:43,Happy to share we completed the delivery on time.,,LOCATION_0149,0.58,SOCIAL_MEDIA_MONITORING
SOC_002570,PERSON_0329,ChirpNet,user_person_0329,2025-08-21 07:15:26,Traffic was terrible near the market today.,,LOCATION_0054,0.42,SOCIAL_MEDIA_MONITORING
SOC_002571,PERSON_0877,TalkStream,user_person_0877,2026-04-24 17:22:18,"Great weekend with family, back to work tomorrow.",,LOCATION_0064,0.66,SOCIAL_MEDIA_MONITORING
SOC_002572,PERSON_0942,PicWall,user_person_0942,2026-04-21 07:38:40,Weather has been unusually warm this month.,,LOCATION_0073,0.48,SOCIAL_MEDIA_MONITORING
SOC_002573,PERSON_1451,SnapCircle,user_person_1451,2025-07-08 13:41:26,Weather has been unusually warm this month.,,LOCATION_0246,0.81,SOCIAL_MEDIA_MONITORING
SOC_002574,PERSON_0976,ChirpNet,user_person_0976,2024-08-01 17:51:47,Traffic was terrible near the market today.,,LOCATION_0089,0.75,SOCIAL_MEDIA_MONITORING
SOC_002575,PERSON_0992,PicWall,user_person_0992,2024-03-31 17:34:27,Happy to share we completed the delivery on time.,,LOCATION_0221,0.78,SOCIAL_MEDIA_MONITORING
SOC_002576,PERSON_1171,ChirpNet,user_person_1171,2024-02-08 05:13:49,"Great weekend with family, back to work tomorrow.",,LOCATION_0046,0.58,SOCIAL_MEDIA_MONITORING
SOC_002577,PERSON_0699,ConnectHub,user_person_0699,2025-01-11 18:48:03,Traffic was terrible near the market today.,,LOCATION_0115,0.75,SOCIAL_MEDIA_MONITORING
SOC_002578,PERSON_1151,PicWall,user_person_1151,2024-10-26 17:44:00,Weather has been unusually warm this month.,,LOCATION_0295,0.44,SOCIAL_MEDIA_MONITORING
SOC_002579,PERSON_0187,SnapCircle,user_person_0187,2025-05-30 12:10:27,Weather has been unusually warm this month.,,LOCATION_0073,0.7,SOCIAL_MEDIA_MONITORING
SOC_002580,PERSON_1070,PicWall,user_person_1070,2025-12-07 12:42:43,Meeting postponed. Same place tomorrow.,PERSON_0482,LOCATION_0030,0.58,SOCIAL_MEDIA_MONITORING
SOC_002581,PERSON_0870,ConnectHub,user_person_0870,2025-08-02 08:38:12,Keep this between us for now.,,LOCATION_0296,0.77,SOCIAL_MEDIA_MONITORING
SOC_002582,PERSON_0884,ChirpNet,user_person_0884,2026-02-27 10:03:45,Weather has been unusually warm this month.,,LOCATION_0245,0.83,SOCIAL_MEDIA_MONITORING
SOC_002583,PERSON_1406,ChirpNet,user_person_1406,2024-07-24 05:39:16,"Great weekend with family, back to work tomorrow.",,LOCATION_0034,0.84,SOCIAL_MEDIA_MONITORING
SOC_002584,PERSON_0817,ChirpNet,user_person_0817,2024-02-06 09:42:08,"Great weekend with family, back to work tomorrow.",,LOCATION_0020,0.63,SOCIAL_MEDIA_MONITORING
SOC_002585,PERSON_1469,TalkStream,user_person_1469,2025-02-11 20:38:38,Traffic was terrible near the market today.,,LOCATION_0047,0.74,SOCIAL_MEDIA_MONITORING
SOC_002586,PERSON_1423,ChirpNet,user_person_1423,2026-03-03 22:04:39,Traffic was terrible near the market today.,,LOCATION_0157,0.84,SOCIAL_MEDIA_MONITORING
SOC_002587,PERSON_0351,PicWall,user_person_0351,2025-06-28 02:19:28,Happy to share we completed the delivery on time.,,LOCATION_0256,0.81,SOCIAL_MEDIA_MONITORING
SOC_002588,PERSON_0277,PicWall,user_person_0277,2025-11-26 17:49:37,Traffic was terrible near the market today.,,LOCATION_0201,0.67,SOCIAL_MEDIA_MONITORING
SOC_002589,PERSON_1403,ConnectHub,user_person_1403,2026-04-05 08:48:57,"Plan is confirmed, let's proceed as talked about.",,LOCATION_0054,0.44,SOCIAL_MEDIA_MONITORING
SOC_002590,PERSON_0953,ConnectHub,user_person_0953,2025-10-01 22:00:46,Meeting postponed. Same place tomorrow.,,LOCATION_0286,0.8,SOCIAL_MEDIA_MONITORING
SOC_002591,PERSON_0282,ChirpNet,user_person_0282,2025-11-01 12:08:41,Meeting postponed. Same place tomorrow.,PERSON_0540,LOCATION_0211,0.8,SOCIAL_MEDIA_MONITORING
SOC_002592,PERSON_0073,ConnectHub,user_person_0073,2024-12-04 00:34:13,Happy to share we completed the delivery on time.,,LOCATION_0205,0.67,SOCIAL_MEDIA_MONITORING
SOC_002593,PERSON_1350,PicWall,user_person_1350,2025-01-13 05:19:07,"Great weekend with family, back to work tomorrow.",,LOCATION_0151,0.76,SOCIAL_MEDIA_MONITORING
SOC_002594,PERSON_1107,PicWall,user_person_1107,2025-08-08 23:14:11,"Plan is confirmed, let's proceed as talked about.",PERSON_0590,LOCATION_0162,0.49,SOCIAL_MEDIA_MONITORING
SOC_002595,PERSON_1023,ConnectHub,user_person_1023,2024-04-11 12:01:36,"New shop opening next week, everyone welcome.",,LOCATION_0274,0.71,SOCIAL_MEDIA_MONITORING
SOC_002596,PERSON_0556,SnapCircle,user_person_0556,2025-11-15 23:06:33,"New shop opening next week, everyone welcome.",,LOCATION_0026,0.41,SOCIAL_MEDIA_MONITORING
SOC_002597,PERSON_1351,ConnectHub,user_person_1351,2025-06-26 02:02:47,Meeting postponed. Same place tomorrow.,PERSON_0530,LOCATION_0285,0.83,SOCIAL_MEDIA_MONITORING
SOC_002598,PERSON_0719,ConnectHub,user_person_0719,2024-04-18 09:41:30,"Plan is confirmed, let's proceed as talked about.",PERSON_1215,LOCATION_0164,0.78,SOCIAL_MEDIA_MONITORING
SOC_002599,PERSON_0209,TalkStream,user_person_0209,2026-04-15 12:31:38,Weather has been unusually warm this month.,,LOCATION_0030,0.47,SOCIAL_MEDIA_MONITORING
SOC_002600,PERSON_0377,PicWall,user_person_0377,2026-03-30 10:08:44,"Great weekend with family, back to work tomorrow.",,LOCATION_0118,0.56,SOCIAL_MEDIA_MONITORING
SOC_002601,PERSON_0457,SnapCircle,user_person_0457,2024-04-19 10:13:51,"Everything is set for the evening, see you there.",,LOCATION_0247,0.62,SOCIAL_MEDIA_MONITORING
SOC_002602,PERSON_0544,PicWall,user_person_0544,2024-02-02 20:07:34,"Everything is set for the evening, see you there.",,LOCATION_0176,0.62,SOCIAL_MEDIA_MONITORING
SOC_002603,PERSON_0452,TalkStream,user_person_0452,2025-09-13 08:51:45,Weather has been unusually warm this month.,,LOCATION_0242,0.85,SOCIAL_MEDIA_MONITORING
SOC_002604,PERSON_0750,ChirpNet,user_person_0750,2024-03-12 00:06:31,Happy to share we completed the delivery on time.,,LOCATION_0258,0.77,SOCIAL_MEDIA_MONITORING
SOC_002605,PERSON_0240,ConnectHub,user_person_0240,2025-10-03 22:24:06,"Everything is set for the evening, see you there.",,LOCATION_0132,0.67,SOCIAL_MEDIA_MONITORING
SOC_002606,PERSON_0841,PicWall,user_person_0841,2025-08-06 17:18:46,"New shop opening next week, everyone welcome.",,LOCATION_0208,0.75,SOCIAL_MEDIA_MONITORING
SOC_002607,PERSON_0881,SnapCircle,user_person_0881,2025-05-03 19:16:39,"Great weekend with family, back to work tomorrow.",,LOCATION_0290,0.6,SOCIAL_MEDIA_MONITORING
SOC_002608,PERSON_0273,ChirpNet,user_person_0273,2025-07-31 09:09:13,Traffic was terrible near the market today.,,LOCATION_0227,0.61,SOCIAL_MEDIA_MONITORING
SOC_002609,PERSON_1195,PicWall,user_person_1195,2024-09-15 14:37:51,Weather has been unusually warm this month.,,LOCATION_0189,0.4,SOCIAL_MEDIA_MONITORING
SOC_002610,PERSON_0057,ConnectHub,user_person_0057,2024-06-20 19:34:11,"Great weekend with family, back to work tomorrow.",,LOCATION_0142,0.64,SOCIAL_MEDIA_MONITORING
SOC_002611,PERSON_0913,ChirpNet,user_person_0913,2024-07-04 17:15:00,Weather has been unusually warm this month.,,LOCATION_0132,0.82,SOCIAL_MEDIA_MONITORING
SOC_002612,PERSON_1034,SnapCircle,user_person_1034,2024-12-08 14:59:48,"Everything is set for the evening, see you there.",,LOCATION_0059,0.81,SOCIAL_MEDIA_MONITORING
SOC_002613,PERSON_0445,PicWall,user_person_0445,2024-12-06 10:16:46,Traffic was terrible near the market today.,,LOCATION_0149,0.45,SOCIAL_MEDIA_MONITORING
SOC_002614,PERSON_0961,TalkStream,user_person_0961,2025-03-27 07:01:43,Weather has been unusually warm this month.,,LOCATION_0177,0.47,SOCIAL_MEDIA_MONITORING
SOC_002615,PERSON_0755,TalkStream,user_person_0755,2025-12-25 01:38:54,Weather has been unusually warm this month.,,LOCATION_0020,0.74,SOCIAL_MEDIA_MONITORING
SOC_002616,PERSON_0684,SnapCircle,user_person_0684,2025-11-14 15:46:41,"New shop opening next week, everyone welcome.",,LOCATION_0263,0.83,SOCIAL_MEDIA_MONITORING
SOC_002617,PERSON_1092,SnapCircle,user_person_1092,2024-10-08 13:01:57,"Great weekend with family, back to work tomorrow.",,LOCATION_0041,0.78,SOCIAL_MEDIA_MONITORING
SOC_002618,PERSON_1320,TalkStream,user_person_1320,2024-11-29 10:44:03,"Great weekend with family, back to work tomorrow.",,LOCATION_0177,0.81,SOCIAL_MEDIA_MONITORING
SOC_002619,PERSON_0338,TalkStream,user_person_0338,2026-05-25 22:03:19,Traffic was terrible near the market today.,,LOCATION_0130,0.45,SOCIAL_MEDIA_MONITORING
SOC_002620,PERSON_1068,ChirpNet,user_person_1068,2024-05-07 23:09:33,Traffic was terrible near the market today.,,LOCATION_0091,0.74,SOCIAL_MEDIA_MONITORING
SOC_002621,PERSON_1112,SnapCircle,user_person_1112,2025-06-09 08:43:11,Keep this between us for now.,,LOCATION_0161,0.52,SOCIAL_MEDIA_MONITORING
SOC_002622,PERSON_0349,PicWall,user_person_0349,2024-01-23 01:03:19,"New shop opening next week, everyone welcome.",,LOCATION_0242,0.47,SOCIAL_MEDIA_MONITORING
SOC_002623,PERSON_1086,TalkStream,user_person_1086,2025-11-13 19:39:54,Traffic was terrible near the market today.,,LOCATION_0055,0.84,SOCIAL_MEDIA_MONITORING
SOC_002624,PERSON_0494,PicWall,user_person_0494,2024-02-25 20:42:54,"Great weekend with family, back to work tomorrow.",,LOCATION_0147,0.79,SOCIAL_MEDIA_MONITORING
SOC_002625,PERSON_0314,SnapCircle,user_person_0314,2026-06-16 10:30:04,"Great weekend with family, back to work tomorrow.",,LOCATION_0233,0.41,SOCIAL_MEDIA_MONITORING
SOC_002626,PERSON_0443,ChirpNet,user_person_0443,2024-07-12 10:39:46,"New shop opening next week, everyone welcome.",,LOCATION_0149,0.59,SOCIAL_MEDIA_MONITORING
SOC_002627,PERSON_0348,SnapCircle,user_person_0348,2025-01-19 15:53:49,Traffic was terrible near the market today.,,LOCATION_0244,0.47,SOCIAL_MEDIA_MONITORING
SOC_002628,PERSON_0934,PicWall,user_person_0934,2024-05-28 13:18:37,"New shop opening next week, everyone welcome.",,LOCATION_0020,0.54,SOCIAL_MEDIA_MONITORING
SOC_002629,PERSON_1360,ChirpNet,user_person_1360,2025-02-21 06:53:17,"Great weekend with family, back to work tomorrow.",,LOCATION_0266,0.53,SOCIAL_MEDIA_MONITORING
SOC_002630,PERSON_0062,PicWall,user_person_0062,2024-06-07 06:46:06,"New shop opening next week, everyone welcome.",,LOCATION_0228,0.6,SOCIAL_MEDIA_MONITORING
SOC_002631,PERSON_0660,TalkStream,user_person_0660,2025-01-18 11:23:25,"Great weekend with family, back to work tomorrow.",,LOCATION_0048,0.45,SOCIAL_MEDIA_MONITORING
SOC_002632,PERSON_0877,SnapCircle,user_person_0877,2024-05-16 18:17:12,Happy to share we completed the delivery on time.,,LOCATION_0074,0.7,SOCIAL_MEDIA_MONITORING
SOC_002633,PERSON_1099,ConnectHub,user_person_1099,2024-03-07 00:40:32,"New shop opening next week, everyone welcome.",,LOCATION_0051,0.68,SOCIAL_MEDIA_MONITORING
SOC_002634,PERSON_0521,TalkStream,user_person_0521,2025-04-28 05:37:32,Happy to share we completed the delivery on time.,,LOCATION_0062,0.8,SOCIAL_MEDIA_MONITORING
SOC_002635,PERSON_1491,PicWall,user_person_1491,2024-05-20 15:42:39,Weather has been unusually warm this month.,,LOCATION_0089,0.6,SOCIAL_MEDIA_MONITORING
SOC_002636,PERSON_0931,ChirpNet,user_person_0931,2025-06-17 18:45:27,"Package ready, will hand it over as discussed.",,LOCATION_0207,0.53,SOCIAL_MEDIA_MONITORING
SOC_002637,PERSON_0840,PicWall,user_person_0840,2024-06-13 17:40:53,Weather has been unusually warm this month.,,LOCATION_0061,0.72,SOCIAL_MEDIA_MONITORING
SOC_002638,PERSON_0840,TalkStream,user_person_0840,2025-08-18 00:01:48,"Great weekend with family, back to work tomorrow.",,LOCATION_0181,0.73,SOCIAL_MEDIA_MONITORING
SOC_002639,PERSON_0543,ChirpNet,user_person_0543,2025-11-09 00:06:52,Traffic was terrible near the market today.,,LOCATION_0040,0.78,SOCIAL_MEDIA_MONITORING
SOC_002640,PERSON_1449,ConnectHub,user_person_1449,2025-06-11 09:02:11,"Plan is confirmed, let's proceed as talked about.",PERSON_0802,LOCATION_0049,0.61,SOCIAL_MEDIA_MONITORING
SOC_002641,PERSON_0407,TalkStream,user_person_0407,2025-02-20 04:00:01,Happy to share we completed the delivery on time.,,LOCATION_0217,0.75,SOCIAL_MEDIA_MONITORING
SOC_002642,PERSON_0903,PicWall,user_person_0903,2025-06-20 17:34:31,"Plan is confirmed, let's proceed as talked about.",,LOCATION_0065,0.4,SOCIAL_MEDIA_MONITORING
SOC_002643,PERSON_1066,TalkStream,user_person_1066,2025-05-20 10:35:37,Happy to share we completed the delivery on time.,,LOCATION_0268,0.43,SOCIAL_MEDIA_MONITORING
SOC_002644,PERSON_0266,PicWall,user_person_0266,2025-07-28 17:23:44,Happy to share we completed the delivery on time.,,LOCATION_0001,0.65,SOCIAL_MEDIA_MONITORING
SOC_002645,PERSON_0166,ChirpNet,user_person_0166,2024-08-01 00:50:24,Traffic was terrible near the market today.,,LOCATION_0156,0.75,SOCIAL_MEDIA_MONITORING
SOC_002646,PERSON_0708,TalkStream,user_person_0708,2025-08-23 06:12:00,Happy to share we completed the delivery on time.,,LOCATION_0109,0.84,SOCIAL_MEDIA_MONITORING
SOC_002647,PERSON_0163,PicWall,user_person_0163,2024-08-12 06:34:00,"Package ready, will hand it over as discussed.",,LOCATION_0037,0.71,SOCIAL_MEDIA_MONITORING
SOC_002648,PERSON_1429,SnapCircle,user_person_1429,2025-05-11 17:58:07,"Great weekend with family, back to work tomorrow.",,LOCATION_0224,0.49,SOCIAL_MEDIA_MONITORING
SOC_002649,PERSON_0239,PicWall,user_person_0239,2026-05-25 07:31:55,Traffic was terrible near the market today.,,LOCATION_0194,0.75,SOCIAL_MEDIA_MONITORING
SOC_002650,PERSON_0289,TalkStream,user_person_0289,2026-05-20 14:10:02,Meeting postponed. Same place tomorrow.,PERSON_0438,LOCATION_0125,0.65,SOCIAL_MEDIA_MONITORING
SOC_002651,PERSON_0679,TalkStream,user_person_0679,2025-09-05 04:32:48,Traffic was terrible near the market today.,,LOCATION_0253,0.5,SOCIAL_MEDIA_MONITORING
SOC_002652,PERSON_0881,SnapCircle,user_person_0881,2024-03-24 05:38:55,"New shop opening next week, everyone welcome.",,LOCATION_0120,0.59,SOCIAL_MEDIA_MONITORING
SOC_002653,PERSON_0431,ChirpNet,user_person_0431,2025-07-08 23:57:12,"New shop opening next week, everyone welcome.",,LOCATION_0111,0.78,SOCIAL_MEDIA_MONITORING
SOC_002654,PERSON_0032,ChirpNet,user_person_0032,2025-08-30 11:07:22,"New shop opening next week, everyone welcome.",,LOCATION_0023,0.47,SOCIAL_MEDIA_MONITORING
SOC_002655,PERSON_0767,ChirpNet,user_person_0767,2025-11-08 15:08:45,"Everything is set for the evening, see you there.",PERSON_1286,LOCATION_0089,0.56,SOCIAL_MEDIA_MONITORING
SOC_002656,PERSON_0667,PicWall,user_person_0667,2025-02-01 14:28:56,Weather has been unusually warm this month.,,LOCATION_0163,0.69,SOCIAL_MEDIA_MONITORING
SOC_002657,PERSON_1229,PicWall,user_person_1229,2024-09-21 01:34:32,"Great weekend with family, back to work tomorrow.",,LOCATION_0044,0.65,SOCIAL_MEDIA_MONITORING
SOC_002658,PERSON_0986,ConnectHub,user_person_0986,2025-03-01 07:42:38,Keep this between us for now.,,LOCATION_0256,0.51,SOCIAL_MEDIA_MONITORING
SOC_002659,PERSON_0115,TalkStream,user_person_0115,2024-07-06 00:53:18,"Great weekend with family, back to work tomorrow.",,LOCATION_0176,0.66,SOCIAL_MEDIA_MONITORING
SOC_002660,PERSON_1165,ConnectHub,user_person_1165,2025-09-04 03:23:49,"New shop opening next week, everyone welcome.",,LOCATION_0189,0.85,SOCIAL_MEDIA_MONITORING
SOC_002661,PERSON_0370,ChirpNet,user_person_0370,2026-05-07 16:33:30,Meeting postponed. Same place tomorrow.,,LOCATION_0207,0.58,SOCIAL_MEDIA_MONITORING
SOC_002662,PERSON_1244,ConnectHub,user_person_1244,2025-11-16 18:10:22,Happy to share we completed the delivery on time.,,LOCATION_0125,0.56,SOCIAL_MEDIA_MONITORING
SOC_002663,PERSON_0152,ChirpNet,user_person_0152,2024-10-09 21:58:51,"Great weekend with family, back to work tomorrow.",,LOCATION_0254,0.75,SOCIAL_MEDIA_MONITORING
SOC_002664,PERSON_0222,ChirpNet,user_person_0222,2025-06-18 23:58:03,"Package ready, will hand it over as discussed.",PERSON_1300,LOCATION_0100,0.45,SOCIAL_MEDIA_MONITORING
SOC_002665,PERSON_1225,SnapCircle,user_person_1225,2024-02-06 18:11:31,"Great weekend with family, back to work tomorrow.",,LOCATION_0155,0.79,SOCIAL_MEDIA_MONITORING
SOC_002666,PERSON_0933,PicWall,user_person_0933,2024-10-03 15:21:13,Traffic was terrible near the market today.,,LOCATION_0080,0.78,SOCIAL_MEDIA_MONITORING
SOC_002667,PERSON_1152,ConnectHub,user_person_1152,2026-05-22 17:39:41,"Great weekend with family, back to work tomorrow.",,LOCATION_0239,0.78,SOCIAL_MEDIA_MONITORING
SOC_002668,PERSON_1454,ConnectHub,user_person_1454,2024-08-01 17:58:04,"Everything is set for the evening, see you there.",,LOCATION_0293,0.83,SOCIAL_MEDIA_MONITORING
SOC_002669,PERSON_0801,PicWall,user_person_0801,2024-05-21 04:36:10,"New shop opening next week, everyone welcome.",,LOCATION_0229,0.61,SOCIAL_MEDIA_MONITORING
SOC_002670,PERSON_0192,ChirpNet,user_person_0192,2026-04-11 04:54:45,"New shop opening next week, everyone welcome.",,LOCATION_0275,0.44,SOCIAL_MEDIA_MONITORING
SOC_002671,PERSON_0953,ChirpNet,user_person_0953,2025-05-18 11:59:46,"New shop opening next week, everyone welcome.",,LOCATION_0206,0.78,SOCIAL_MEDIA_MONITORING
SOC_002672,PERSON_0652,ConnectHub,user_person_0652,2024-07-27 12:34:17,Happy to share we completed the delivery on time.,,LOCATION_0122,0.42,SOCIAL_MEDIA_MONITORING
SOC_002673,PERSON_0209,TalkStream,user_person_0209,2025-05-12 20:47:07,Traffic was terrible near the market today.,,LOCATION_0120,0.5,SOCIAL_MEDIA_MONITORING
SOC_002674,PERSON_0881,PicWall,user_person_0881,2026-01-23 08:22:34,Traffic was terrible near the market today.,,LOCATION_0010,0.7,SOCIAL_MEDIA_MONITORING
SOC_002675,PERSON_0480,ChirpNet,user_person_0480,2025-10-07 23:14:20,Happy to share we completed the delivery on time.,,LOCATION_0160,0.75,SOCIAL_MEDIA_MONITORING
SOC_002676,PERSON_0338,TalkStream,user_person_0338,2025-09-07 09:44:23,Weather has been unusually warm this month.,,LOCATION_0280,0.56,SOCIAL_MEDIA_MONITORING
SOC_002677,PERSON_0506,ConnectHub,user_person_0506,2024-01-07 16:53:20,"New shop opening next week, everyone welcome.",,LOCATION_0145,0.77,SOCIAL_MEDIA_MONITORING
SOC_002678,PERSON_1149,ConnectHub,user_person_1149,2024-05-02 22:06:03,Weather has been unusually warm this month.,,LOCATION_0216,0.66,SOCIAL_MEDIA_MONITORING
SOC_002679,PERSON_1340,TalkStream,user_person_1340,2025-10-06 08:05:48,Traffic was terrible near the market today.,,LOCATION_0063,0.71,SOCIAL_MEDIA_MONITORING
SOC_002680,PERSON_1328,TalkStream,user_person_1328,2026-04-05 23:56:19,"Great weekend with family, back to work tomorrow.",,LOCATION_0079,0.64,SOCIAL_MEDIA_MONITORING
SOC_002681,PERSON_1371,SnapCircle,user_person_1371,2026-02-10 00:17:20,Traffic was terrible near the market today.,,LOCATION_0086,0.74,SOCIAL_MEDIA_MONITORING
SOC_002682,PERSON_1473,ChirpNet,user_person_1473,2024-08-30 01:41:37,"Great weekend with family, back to work tomorrow.",,LOCATION_0282,0.46,SOCIAL_MEDIA_MONITORING
SOC_002683,PERSON_1109,PicWall,user_person_1109,2025-08-26 08:37:50,"Package ready, will hand it over as discussed.",PERSON_1026,LOCATION_0055,0.71,SOCIAL_MEDIA_MONITORING
SOC_002684,PERSON_0119,SnapCircle,user_person_0119,2024-11-07 18:21:25,"New shop opening next week, everyone welcome.",,LOCATION_0079,0.57,SOCIAL_MEDIA_MONITORING
SOC_002685,PERSON_0031,PicWall,user_person_0031,2025-05-05 17:15:50,"Great weekend with family, back to work tomorrow.",,LOCATION_0246,0.51,SOCIAL_MEDIA_MONITORING
SOC_002686,PERSON_0571,ConnectHub,user_person_0571,2025-03-29 01:15:48,Weather has been unusually warm this month.,,LOCATION_0085,0.77,SOCIAL_MEDIA_MONITORING
SOC_002687,PERSON_0192,TalkStream,user_person_0192,2025-01-22 16:16:19,"New shop opening next week, everyone welcome.",,LOCATION_0255,0.41,SOCIAL_MEDIA_MONITORING
SOC_002688,PERSON_0442,ConnectHub,user_person_0442,2024-02-27 03:01:57,Keep this between us for now.,PERSON_0280,LOCATION_0141,0.79,SOCIAL_MEDIA_MONITORING
SOC_002689,PERSON_0288,PicWall,user_person_0288,2026-01-17 08:03:41,"New shop opening next week, everyone welcome.",,LOCATION_0021,0.68,SOCIAL_MEDIA_MONITORING
SOC_002690,PERSON_0118,SnapCircle,user_person_0118,2026-03-25 16:48:59,Keep this between us for now.,,LOCATION_0071,0.73,SOCIAL_MEDIA_MONITORING
SOC_002691,PERSON_1000,SnapCircle,user_person_1000,2025-03-26 03:31:03,"Great weekend with family, back to work tomorrow.",,LOCATION_0163,0.71,SOCIAL_MEDIA_MONITORING
SOC_002692,PERSON_0383,ConnectHub,user_person_0383,2026-03-12 21:07:49,"Great weekend with family, back to work tomorrow.",,LOCATION_0020,0.76,SOCIAL_MEDIA_MONITORING
SOC_002693,PERSON_0701,ChirpNet,user_person_0701,2025-02-21 19:01:27,Happy to share we completed the delivery on time.,,LOCATION_0070,0.78,SOCIAL_MEDIA_MONITORING
SOC_002694,PERSON_0329,TalkStream,user_person_0329,2025-02-14 10:08:42,"Plan is confirmed, let's proceed as talked about.",PERSON_1375,LOCATION_0154,0.79,SOCIAL_MEDIA_MONITORING
SOC_002695,PERSON_1085,TalkStream,user_person_1085,2025-08-02 01:25:33,"New shop opening next week, everyone welcome.",,LOCATION_0105,0.77,SOCIAL_MEDIA_MONITORING
SOC_002696,PERSON_0343,PicWall,user_person_0343,2024-05-16 09:01:03,Happy to share we completed the delivery on time.,,LOCATION_0274,0.53,SOCIAL_MEDIA_MONITORING
SOC_002697,PERSON_1304,ChirpNet,user_person_1304,2024-01-30 01:56:46,Keep this between us for now.,,LOCATION_0296,0.49,SOCIAL_MEDIA_MONITORING
SOC_002698,PERSON_1483,PicWall,user_person_1483,2026-02-25 13:24:39,Traffic was terrible near the market today.,,LOCATION_0029,0.55,SOCIAL_MEDIA_MONITORING
SOC_002699,PERSON_0043,ChirpNet,user_person_0043,2026-06-24 04:06:35,Happy to share we completed the delivery on time.,,LOCATION_0228,0.45,SOCIAL_MEDIA_MONITORING
SOC_002700,PERSON_0975,SnapCircle,user_person_0975,2026-03-07 06:09:24,"New shop opening next week, everyone welcome.",,LOCATION_0221,0.67,SOCIAL_MEDIA_MONITORING
SOC_002701,PERSON_1415,TalkStream,user_person_1415,2024-11-25 16:48:42,Weather has been unusually warm this month.,,LOCATION_0036,0.41,SOCIAL_MEDIA_MONITORING
SOC_002702,PERSON_1297,SnapCircle,user_person_1297,2025-03-31 16:58:09,"Package ready, will hand it over as discussed.",,LOCATION_0206,0.7,SOCIAL_MEDIA_MONITORING
SOC_002703,PERSON_1415,ConnectHub,user_person_1415,2025-01-14 14:15:08,"New shop opening next week, everyone welcome.",,LOCATION_0246,0.43,SOCIAL_MEDIA_MONITORING
SOC_002704,PERSON_0334,TalkStream,user_person_0334,2026-05-29 15:36:42,Keep this between us for now.,PERSON_0437,LOCATION_0184,0.81,SOCIAL_MEDIA_MONITORING
SOC_002705,PERSON_1031,ChirpNet,user_person_1031,2024-12-12 21:26:07,"Great weekend with family, back to work tomorrow.",,LOCATION_0250,0.66,SOCIAL_MEDIA_MONITORING
SOC_002706,PERSON_1497,SnapCircle,user_person_1497,2024-03-13 17:00:43,Weather has been unusually warm this month.,,LOCATION_0216,0.44,SOCIAL_MEDIA_MONITORING
SOC_002707,PERSON_0670,ConnectHub,user_person_0670,2026-04-17 07:23:02,"Great weekend with family, back to work tomorrow.",,LOCATION_0010,0.71,SOCIAL_MEDIA_MONITORING
SOC_002708,PERSON_0887,ChirpNet,user_person_0887,2024-05-28 20:50:50,Happy to share we completed the delivery on time.,,LOCATION_0084,0.72,SOCIAL_MEDIA_MONITORING
SOC_002709,PERSON_0371,PicWall,user_person_0371,2026-01-26 03:15:42,"New shop opening next week, everyone welcome.",,LOCATION_0169,0.7,SOCIAL_MEDIA_MONITORING
SOC_002710,PERSON_0523,ChirpNet,user_person_0523,2026-03-10 05:13:40,Happy to share we completed the delivery on time.,,LOCATION_0131,0.73,SOCIAL_MEDIA_MONITORING
SOC_002711,PERSON_1297,ConnectHub,user_person_1297,2026-05-20 09:20:16,"Plan is confirmed, let's proceed as talked about.",,LOCATION_0156,0.73,SOCIAL_MEDIA_MONITORING
SOC_002712,PERSON_0624,ConnectHub,user_person_0624,2025-03-28 18:39:41,"Everything is set for the evening, see you there.",,LOCATION_0175,0.43,SOCIAL_MEDIA_MONITORING
SOC_002713,PERSON_0966,TalkStream,user_person_0966,2024-03-11 20:48:54,"Everything is set for the evening, see you there.",,LOCATION_0259,0.44,SOCIAL_MEDIA_MONITORING
SOC_002714,PERSON_0479,SnapCircle,user_person_0479,2024-10-20 20:14:42,Meeting postponed. Same place tomorrow.,,LOCATION_0244,0.55,SOCIAL_MEDIA_MONITORING
SOC_002715,PERSON_0392,ChirpNet,user_person_0392,2025-05-08 21:11:06,"New shop opening next week, everyone welcome.",,LOCATION_0218,0.77,SOCIAL_MEDIA_MONITORING
SOC_002716,PERSON_1316,ConnectHub,user_person_1316,2026-01-27 10:41:16,"New shop opening next week, everyone welcome.",,LOCATION_0053,0.59,SOCIAL_MEDIA_MONITORING
SOC_002717,PERSON_1359,ConnectHub,user_person_1359,2024-06-14 23:58:40,"Package ready, will hand it over as discussed.",,LOCATION_0267,0.64,SOCIAL_MEDIA_MONITORING
SOC_002718,PERSON_0080,PicWall,user_person_0080,2025-01-10 15:40:34,Meeting postponed. Same place tomorrow.,PERSON_0314,LOCATION_0088,0.77,SOCIAL_MEDIA_MONITORING
SOC_002719,PERSON_0995,TalkStream,user_person_0995,2024-02-09 00:27:42,Happy to share we completed the delivery on time.,,LOCATION_0095,0.64,SOCIAL_MEDIA_MONITORING
SOC_002720,PERSON_0648,PicWall,user_person_0648,2026-05-27 08:55:29,"Great weekend with family, back to work tomorrow.",,LOCATION_0156,0.47,SOCIAL_MEDIA_MONITORING
SOC_002721,PERSON_1371,TalkStream,user_person_1371,2024-03-05 09:31:04,"New shop opening next week, everyone welcome.",,LOCATION_0176,0.41,SOCIAL_MEDIA_MONITORING
SOC_002722,PERSON_0239,ConnectHub,user_person_0239,2025-02-22 05:04:54,Weather has been unusually warm this month.,,LOCATION_0054,0.8,SOCIAL_MEDIA_MONITORING
SOC_002723,PERSON_1274,SnapCircle,user_person_1274,2025-04-29 20:35:59,"Everything is set for the evening, see you there.",,LOCATION_0156,0.52,SOCIAL_MEDIA_MONITORING
SOC_002724,PERSON_0006,PicWall,user_person_0006,2024-10-18 09:51:23,"Everything is set for the evening, see you there.",PERSON_0384,LOCATION_0118,0.4,SOCIAL_MEDIA_MONITORING
SOC_002725,PERSON_0560,PicWall,user_person_0560,2025-12-16 07:33:37,Happy to share we completed the delivery on time.,,LOCATION_0023,0.55,SOCIAL_MEDIA_MONITORING
SOC_002726,PERSON_1291,SnapCircle,user_person_1291,2026-06-03 06:44:58,"New shop opening next week, everyone welcome.",,LOCATION_0178,0.5,SOCIAL_MEDIA_MONITORING
SOC_002727,PERSON_0963,ChirpNet,user_person_0963,2024-08-28 08:58:45,"New shop opening next week, everyone welcome.",,LOCATION_0120,0.54,SOCIAL_MEDIA_MONITORING
SOC_002728,PERSON_0196,PicWall,user_person_0196,2024-01-01 14:02:35,"New shop opening next week, everyone welcome.",,LOCATION_0198,0.74,SOCIAL_MEDIA_MONITORING
SOC_002729,PERSON_0181,PicWall,user_person_0181,2025-04-04 22:36:44,Traffic was terrible near the market today.,,LOCATION_0280,0.78,SOCIAL_MEDIA_MONITORING
SOC_002730,PERSON_0001,TalkStream,user_person_0001,2024-12-16 11:18:21,Traffic was terrible near the market today.,,LOCATION_0003,0.59,SOCIAL_MEDIA_MONITORING
SOC_002731,PERSON_1443,PicWall,user_person_1443,2024-08-30 23:16:53,"New shop opening next week, everyone welcome.",,LOCATION_0135,0.62,SOCIAL_MEDIA_MONITORING
SOC_002732,PERSON_0090,SnapCircle,user_person_0090,2024-11-16 08:22:41,"New shop opening next week, everyone welcome.",,LOCATION_0204,0.7,SOCIAL_MEDIA_MONITORING
SOC_002733,PERSON_0536,ConnectHub,user_person_0536,2025-03-18 22:44:55,"Plan is confirmed, let's proceed as talked about.",,LOCATION_0190,0.6,SOCIAL_MEDIA_MONITORING
SOC_002734,PERSON_0033,ConnectHub,user_person_0033,2025-08-08 03:04:13,"Great weekend with family, back to work tomorrow.",,LOCATION_0166,0.69,SOCIAL_MEDIA_MONITORING
SOC_002735,PERSON_1303,SnapCircle,user_person_1303,2025-04-03 16:23:51,"New shop opening next week, everyone welcome.",,LOCATION_0202,0.83,SOCIAL_MEDIA_MONITORING
SOC_002736,PERSON_0137,ConnectHub,user_person_0137,2026-01-31 16:27:51,"New shop opening next week, everyone welcome.",,LOCATION_0214,0.55,SOCIAL_MEDIA_MONITORING
SOC_002737,PERSON_0619,TalkStream,user_person_0619,2025-02-20 10:57:21,"Great weekend with family, back to work tomorrow.",,LOCATION_0150,0.65,SOCIAL_MEDIA_MONITORING
SOC_002738,PERSON_0229,ChirpNet,user_person_0229,2025-05-11 01:28:53,"New shop opening next week, everyone welcome.",,LOCATION_0204,0.59,SOCIAL_MEDIA_MONITORING
SOC_002739,PERSON_0504,PicWall,user_person_0504,2025-04-12 04:14:38,Traffic was terrible near the market today.,,LOCATION_0103,0.81,SOCIAL_MEDIA_MONITORING
SOC_002740,PERSON_0232,PicWall,user_person_0232,2025-09-12 03:31:49,"Great weekend with family, back to work tomorrow.",,LOCATION_0069,0.46,SOCIAL_MEDIA_MONITORING
SOC_002741,PERSON_1116,PicWall,user_person_1116,2025-06-06 22:58:30,Happy to share we completed the delivery on time.,,LOCATION_0141,0.69,SOCIAL_MEDIA_MONITORING
SOC_002742,PERSON_1432,PicWall,user_person_1432,2026-06-17 15:19:17,"Great weekend with family, back to work tomorrow.",,LOCATION_0124,0.52,SOCIAL_MEDIA_MONITORING
SOC_002743,PERSON_0341,SnapCircle,user_person_0341,2024-01-10 13:03:41,"Everything is set for the evening, see you there.",PERSON_0572,LOCATION_0069,0.68,SOCIAL_MEDIA_MONITORING
SOC_002744,PERSON_1472,SnapCircle,user_person_1472,2025-08-04 13:40:26,Traffic was terrible near the market today.,,LOCATION_0023,0.62,SOCIAL_MEDIA_MONITORING
SOC_002745,PERSON_0674,ChirpNet,user_person_0674,2024-10-05 16:27:12,Traffic was terrible near the market today.,,LOCATION_0250,0.73,SOCIAL_MEDIA_MONITORING
SOC_002746,PERSON_1100,TalkStream,user_person_1100,2024-10-29 11:44:14,"New shop opening next week, everyone welcome.",,LOCATION_0279,0.6,SOCIAL_MEDIA_MONITORING
SOC_002747,PERSON_0486,SnapCircle,user_person_0486,2024-02-15 21:20:07,"Great weekend with family, back to work tomorrow.",,LOCATION_0024,0.61,SOCIAL_MEDIA_MONITORING
SOC_002748,PERSON_0292,TalkStream,user_person_0292,2025-03-27 04:27:47,"Great weekend with family, back to work tomorrow.",,LOCATION_0221,0.55,SOCIAL_MEDIA_MONITORING
SOC_002749,PERSON_0263,ConnectHub,user_person_0263,2024-10-08 14:19:16,"New shop opening next week, everyone welcome.",,LOCATION_0225,0.79,SOCIAL_MEDIA_MONITORING
SOC_002750,PERSON_0050,ConnectHub,user_person_0050,2024-12-03 05:19:10,Traffic was terrible near the market today.,,LOCATION_0210,0.63,SOCIAL_MEDIA_MONITORING
SOC_002751,PERSON_1376,TalkStream,user_person_1376,2024-11-12 03:06:48,Traffic was terrible near the market today.,,LOCATION_0215,0.68,SOCIAL_MEDIA_MONITORING
SOC_002752,PERSON_1197,ChirpNet,user_person_1197,2024-10-19 05:36:55,"New shop opening next week, everyone welcome.",,LOCATION_0062,0.67,SOCIAL_MEDIA_MONITORING
SOC_002753,PERSON_0364,ConnectHub,user_person_0364,2024-02-18 16:16:11,Traffic was terrible near the market today.,,LOCATION_0066,0.59,SOCIAL_MEDIA_MONITORING
SOC_002754,PERSON_0513,ChirpNet,user_person_0513,2026-02-01 00:41:18,"Everything is set for the evening, see you there.",,LOCATION_0043,0.44,SOCIAL_MEDIA_MONITORING
SOC_002755,PERSON_0110,SnapCircle,user_person_0110,2024-10-15 05:54:51,"Great weekend with family, back to work tomorrow.",,LOCATION_0198,0.52,SOCIAL_MEDIA_MONITORING
SOC_002756,PERSON_1126,ChirpNet,user_person_1126,2025-01-21 23:40:44,Happy to share we completed the delivery on time.,,LOCATION_0141,0.51,SOCIAL_MEDIA_MONITORING
SOC_002757,PERSON_1099,PicWall,user_person_1099,2024-01-02 13:36:15,"Great weekend with family, back to work tomorrow.",,LOCATION_0051,0.6,SOCIAL_MEDIA_MONITORING
SOC_002758,PERSON_0180,SnapCircle,user_person_0180,2025-07-22 22:55:12,Happy to share we completed the delivery on time.,,LOCATION_0260,0.67,SOCIAL_MEDIA_MONITORING
SOC_002759,PERSON_1088,ChirpNet,user_person_1088,2026-03-12 01:11:43,Happy to share we completed the delivery on time.,,LOCATION_0246,0.44,SOCIAL_MEDIA_MONITORING
SOC_002760,PERSON_0347,TalkStream,user_person_0347,2024-08-06 06:55:07,Meeting postponed. Same place tomorrow.,PERSON_1263,LOCATION_0286,0.6,SOCIAL_MEDIA_MONITORING
SOC_002761,PERSON_0503,SnapCircle,user_person_0503,2025-02-13 04:02:46,Happy to share we completed the delivery on time.,,LOCATION_0089,0.56,SOCIAL_MEDIA_MONITORING
SOC_002762,PERSON_0532,ConnectHub,user_person_0532,2026-01-12 01:31:44,"Great weekend with family, back to work tomorrow.",,LOCATION_0039,0.56,SOCIAL_MEDIA_MONITORING
SOC_002763,PERSON_0267,ChirpNet,user_person_0267,2026-03-22 05:25:51,Weather has been unusually warm this month.,,LOCATION_0141,0.72,SOCIAL_MEDIA_MONITORING
SOC_002764,PERSON_1031,SnapCircle,user_person_1031,2025-08-20 07:07:22,"Everything is set for the evening, see you there.",,LOCATION_0060,0.8,SOCIAL_MEDIA_MONITORING
SOC_002765,PERSON_0651,PicWall,user_person_0651,2024-02-10 10:20:00,"New shop opening next week, everyone welcome.",,LOCATION_0221,0.55,SOCIAL_MEDIA_MONITORING
SOC_002766,PERSON_0603,SnapCircle,user_person_0603,2024-07-05 08:31:49,Happy to share we completed the delivery on time.,,LOCATION_0247,0.45,SOCIAL_MEDIA_MONITORING
SOC_002767,PERSON_1321,TalkStream,user_person_1321,2026-02-10 08:01:34,"Great weekend with family, back to work tomorrow.",,LOCATION_0029,0.76,SOCIAL_MEDIA_MONITORING
SOC_002768,PERSON_0962,ConnectHub,user_person_0962,2024-02-21 01:40:16,Happy to share we completed the delivery on time.,,LOCATION_0073,0.52,SOCIAL_MEDIA_MONITORING
SOC_002769,PERSON_0544,ConnectHub,user_person_0544,2025-09-07 14:01:14,Meeting postponed. Same place tomorrow.,PERSON_1218,LOCATION_0136,0.77,SOCIAL_MEDIA_MONITORING
SOC_002770,PERSON_0122,ConnectHub,user_person_0122,2024-12-15 01:56:01,"Everything is set for the evening, see you there.",PERSON_0719,LOCATION_0224,0.74,SOCIAL_MEDIA_MONITORING
SOC_002771,PERSON_0741,ConnectHub,user_person_0741,2024-06-17 03:22:10,Traffic was terrible near the market today.,,LOCATION_0135,0.46,SOCIAL_MEDIA_MONITORING
SOC_002772,PERSON_0411,TalkStream,user_person_0411,2025-06-30 00:50:11,"Plan is confirmed, let's proceed as talked about.",,LOCATION_0010,0.61,SOCIAL_MEDIA_MONITORING
SOC_002773,PERSON_0036,TalkStream,user_person_0036,2026-03-16 23:58:34,"New shop opening next week, everyone welcome.",,LOCATION_0270,0.84,SOCIAL_MEDIA_MONITORING
SOC_002774,PERSON_0109,PicWall,user_person_0109,2024-01-04 12:02:41,"Great weekend with family, back to work tomorrow.",,LOCATION_0016,0.79,SOCIAL_MEDIA_MONITORING
SOC_002775,PERSON_1343,TalkStream,user_person_1343,2025-07-07 00:53:37,Weather has been unusually warm this month.,,LOCATION_0149,0.52,SOCIAL_MEDIA_MONITORING
SOC_002776,PERSON_0652,SnapCircle,user_person_0652,2025-05-10 03:23:20,"Great weekend with family, back to work tomorrow.",,LOCATION_0212,0.83,SOCIAL_MEDIA_MONITORING
SOC_002777,PERSON_0771,ChirpNet,user_person_0771,2025-07-01 13:49:09,Weather has been unusually warm this month.,,LOCATION_0151,0.47,SOCIAL_MEDIA_MONITORING
SOC_002778,PERSON_0459,ChirpNet,user_person_0459,2026-06-10 05:16:00,"Great weekend with family, back to work tomorrow.",,LOCATION_0273,0.75,SOCIAL_MEDIA_MONITORING
SOC_002779,PERSON_0074,TalkStream,user_person_0074,2024-11-01 00:19:36,"New shop opening next week, everyone welcome.",,LOCATION_0042,0.83,SOCIAL_MEDIA_MONITORING
SOC_002780,PERSON_0406,SnapCircle,user_person_0406,2024-02-08 22:32:09,"Great weekend with family, back to work tomorrow.",,LOCATION_0203,0.71,SOCIAL_MEDIA_MONITORING
SOC_002781,PERSON_0503,TalkStream,user_person_0503,2024-07-04 18:43:05,Weather has been unusually warm this month.,,LOCATION_0209,0.41,SOCIAL_MEDIA_MONITORING
SOC_002782,PERSON_0090,PicWall,user_person_0090,2025-06-23 14:07:24,Weather has been unusually warm this month.,,LOCATION_0234,0.42,SOCIAL_MEDIA_MONITORING
SOC_002783,PERSON_1267,SnapCircle,user_person_1267,2024-02-21 13:13:38,"New shop opening next week, everyone welcome.",,LOCATION_0057,0.83,SOCIAL_MEDIA_MONITORING
SOC_002784,PERSON_0101,SnapCircle,user_person_0101,2026-02-24 09:51:35,Weather has been unusually warm this month.,,LOCATION_0225,0.85,SOCIAL_MEDIA_MONITORING
SOC_002785,PERSON_0659,ConnectHub,user_person_0659,2024-03-02 08:54:16,"Great weekend with family, back to work tomorrow.",,LOCATION_0157,0.54,SOCIAL_MEDIA_MONITORING
SOC_002786,PERSON_0947,SnapCircle,user_person_0947,2026-01-18 12:41:46,"Great weekend with family, back to work tomorrow.",,LOCATION_0079,0.59,SOCIAL_MEDIA_MONITORING
SOC_002787,PERSON_1384,PicWall,user_person_1384,2024-04-17 11:34:13,Weather has been unusually warm this month.,,LOCATION_0120,0.73,SOCIAL_MEDIA_MONITORING
SOC_002788,PERSON_1009,SnapCircle,user_person_1009,2025-06-05 08:57:33,"Plan is confirmed, let's proceed as talked about.",PERSON_0151,LOCATION_0178,0.8,SOCIAL_MEDIA_MONITORING
SOC_002789,PERSON_0628,PicWall,user_person_0628,2024-07-12 02:10:38,Weather has been unusually warm this month.,,LOCATION_0104,0.42,SOCIAL_MEDIA_MONITORING
SOC_002790,PERSON_1334,SnapCircle,user_person_1334,2024-04-23 22:26:44,Traffic was terrible near the market today.,,LOCATION_0295,0.53,SOCIAL_MEDIA_MONITORING
SOC_002791,PERSON_1223,TalkStream,user_person_1223,2025-11-01 17:18:38,"New shop opening next week, everyone welcome.",,LOCATION_0143,0.7,SOCIAL_MEDIA_MONITORING
SOC_002792,PERSON_0045,SnapCircle,user_person_0045,2026-06-01 16:00:15,Weather has been unusually warm this month.,,LOCATION_0017,0.47,SOCIAL_MEDIA_MONITORING
SOC_002793,PERSON_0395,ConnectHub,user_person_0395,2026-03-09 16:39:52,Weather has been unusually warm this month.,,LOCATION_0228,0.62,SOCIAL_MEDIA_MONITORING
SOC_002794,PERSON_0222,PicWall,user_person_0222,2024-05-19 04:22:55,Traffic was terrible near the market today.,,LOCATION_0050,0.66,SOCIAL_MEDIA_MONITORING
SOC_002795,PERSON_1108,ConnectHub,user_person_1108,2026-04-07 05:20:50,"Great weekend with family, back to work tomorrow.",,LOCATION_0234,0.74,SOCIAL_MEDIA_MONITORING
SOC_002796,PERSON_0201,TalkStream,user_person_0201,2025-10-19 15:22:53,Happy to share we completed the delivery on time.,,LOCATION_0128,0.76,SOCIAL_MEDIA_MONITORING
SOC_002797,PERSON_1239,PicWall,user_person_1239,2026-05-19 18:51:31,Happy to share we completed the delivery on time.,,LOCATION_0061,0.62,SOCIAL_MEDIA_MONITORING
SOC_002798,PERSON_1349,SnapCircle,user_person_1349,2026-05-14 05:12:48,Happy to share we completed the delivery on time.,,LOCATION_0015,0.64,SOCIAL_MEDIA_MONITORING
SOC_002799,PERSON_1354,PicWall,user_person_1354,2024-07-12 18:58:07,"New shop opening next week, everyone welcome.",,LOCATION_0177,0.71,SOCIAL_MEDIA_MONITORING
SOC_002800,PERSON_0123,PicWall,user_person_0123,2026-04-24 04:41:20,"Great weekend with family, back to work tomorrow.",,LOCATION_0112,0.55,SOCIAL_MEDIA_MONITORING
SOC_002801,PERSON_0089,ChirpNet,user_person_0089,2025-10-03 21:24:14,Happy to share we completed the delivery on time.,,LOCATION_0020,0.68,SOCIAL_MEDIA_MONITORING
SOC_002802,PERSON_0195,SnapCircle,user_person_0195,2026-06-12 04:02:02,Weather has been unusually warm this month.,,LOCATION_0035,0.78,SOCIAL_MEDIA_MONITORING
SOC_002803,PERSON_0110,PicWall,user_person_0110,2025-03-19 08:24:59,Happy to share we completed the delivery on time.,,LOCATION_0038,0.66,SOCIAL_MEDIA_MONITORING
SOC_002804,PERSON_1340,ConnectHub,user_person_1340,2024-06-22 21:40:01,Happy to share we completed the delivery on time.,,LOCATION_0223,0.75,SOCIAL_MEDIA_MONITORING
SOC_002805,PERSON_0186,ChirpNet,user_person_0186,2025-10-14 12:44:34,Happy to share we completed the delivery on time.,,LOCATION_0254,0.82,SOCIAL_MEDIA_MONITORING
SOC_002806,PERSON_1271,ChirpNet,user_person_1271,2026-01-18 18:51:53,Traffic was terrible near the market today.,,LOCATION_0299,0.8,SOCIAL_MEDIA_MONITORING
SOC_002807,PERSON_1100,SnapCircle,user_person_1100,2024-01-02 22:55:11,"New shop opening next week, everyone welcome.",,LOCATION_0259,0.49,SOCIAL_MEDIA_MONITORING
SOC_002808,PERSON_0661,TalkStream,user_person_0661,2026-06-23 19:23:17,Meeting postponed. Same place tomorrow.,PERSON_0533,LOCATION_0018,0.47,SOCIAL_MEDIA_MONITORING
SOC_002809,PERSON_0190,TalkStream,user_person_0190,2026-01-15 23:26:43,Happy to share we completed the delivery on time.,,LOCATION_0033,0.45,SOCIAL_MEDIA_MONITORING
SOC_002810,PERSON_0789,PicWall,user_person_0789,2025-02-07 00:57:39,"Package ready, will hand it over as discussed.",,LOCATION_0229,0.63,SOCIAL_MEDIA_MONITORING
SOC_002811,PERSON_0181,SnapCircle,user_person_0181,2026-02-01 10:31:31,"New shop opening next week, everyone welcome.",,LOCATION_0070,0.65,SOCIAL_MEDIA_MONITORING
SOC_002812,PERSON_0179,PicWall,user_person_0179,2026-04-29 01:25:29,"Package ready, will hand it over as discussed.",PERSON_0083,LOCATION_0190,0.83,SOCIAL_MEDIA_MONITORING
SOC_002813,PERSON_1486,ChirpNet,user_person_1486,2024-10-09 02:10:59,Traffic was terrible near the market today.,,LOCATION_0075,0.43,SOCIAL_MEDIA_MONITORING
SOC_002814,PERSON_0803,TalkStream,user_person_0803,2024-02-07 14:59:32,Weather has been unusually warm this month.,,LOCATION_0118,0.43,SOCIAL_MEDIA_MONITORING
SOC_002815,PERSON_0562,PicWall,user_person_0562,2024-09-07 10:26:20,Happy to share we completed the delivery on time.,,LOCATION_0254,0.47,SOCIAL_MEDIA_MONITORING
SOC_002816,PERSON_0213,ChirpNet,user_person_0213,2024-10-07 06:10:25,"Great weekend with family, back to work tomorrow.",,LOCATION_0020,0.54,SOCIAL_MEDIA_MONITORING
SOC_002817,PERSON_0931,PicWall,user_person_0931,2025-10-18 15:38:49,"Plan is confirmed, let's proceed as talked about.",PERSON_1278,LOCATION_0117,0.5,SOCIAL_MEDIA_MONITORING
SOC_002818,PERSON_0077,PicWall,user_person_0077,2026-03-26 12:02:03,Weather has been unusually warm this month.,,LOCATION_0133,0.52,SOCIAL_MEDIA_MONITORING
SOC_002819,PERSON_1080,SnapCircle,user_person_1080,2026-03-03 09:28:34,"Great weekend with family, back to work tomorrow.",,LOCATION_0072,0.54,SOCIAL_MEDIA_MONITORING
SOC_002820,PERSON_1370,ChirpNet,user_person_1370,2024-02-10 07:28:05,Weather has been unusually warm this month.,,LOCATION_0121,0.67,SOCIAL_MEDIA_MONITORING
SOC_002821,PERSON_0567,ChirpNet,user_person_0567,2026-02-19 05:59:27,"Everything is set for the evening, see you there.",PERSON_1077,LOCATION_0232,0.64,SOCIAL_MEDIA_MONITORING
SOC_002822,PERSON_1094,PicWall,user_person_1094,2024-07-01 02:56:08,"New shop opening next week, everyone welcome.",,LOCATION_0290,0.46,SOCIAL_MEDIA_MONITORING
SOC_002823,PERSON_1290,PicWall,user_person_1290,2025-04-29 03:06:43,"New shop opening next week, everyone welcome.",,LOCATION_0020,0.61,SOCIAL_MEDIA_MONITORING
SOC_002824,PERSON_0715,ConnectHub,user_person_0715,2026-04-16 22:50:24,"Great weekend with family, back to work tomorrow.",,LOCATION_0016,0.53,SOCIAL_MEDIA_MONITORING
SOC_002825,PERSON_1064,ConnectHub,user_person_1064,2025-11-24 02:51:19,Traffic was terrible near the market today.,,LOCATION_0178,0.56,SOCIAL_MEDIA_MONITORING
SOC_002826,PERSON_0134,ConnectHub,user_person_0134,2026-01-30 16:24:53,Happy to share we completed the delivery on time.,,LOCATION_0186,0.43,SOCIAL_MEDIA_MONITORING
SOC_002827,PERSON_1332,PicWall,user_person_1332,2025-09-11 18:22:19,"New shop opening next week, everyone welcome.",,LOCATION_0132,0.52,SOCIAL_MEDIA_MONITORING
SOC_002828,PERSON_1221,ConnectHub,user_person_1221,2024-11-24 03:10:34,"Great weekend with family, back to work tomorrow.",,LOCATION_0223,0.64,SOCIAL_MEDIA_MONITORING
SOC_002829,PERSON_0730,ChirpNet,user_person_0730,2025-05-16 16:38:49,Happy to share we completed the delivery on time.,,LOCATION_0148,0.41,SOCIAL_MEDIA_MONITORING
SOC_002830,PERSON_0392,ChirpNet,user_person_0392,2024-06-08 22:26:06,"Package ready, will hand it over as discussed.",,LOCATION_0178,0.46,SOCIAL_MEDIA_MONITORING
SOC_002831,PERSON_0673,ChirpNet,user_person_0673,2024-05-31 21:17:42,Happy to share we completed the delivery on time.,,LOCATION_0288,0.55,SOCIAL_MEDIA_MONITORING
SOC_002832,PERSON_0961,PicWall,user_person_0961,2026-01-08 10:33:24,Keep this between us for now.,,LOCATION_0197,0.74,SOCIAL_MEDIA_MONITORING
SOC_002833,PERSON_0945,ConnectHub,user_person_0945,2025-04-26 21:06:48,"New shop opening next week, everyone welcome.",,LOCATION_0222,0.58,SOCIAL_MEDIA_MONITORING
SOC_002834,PERSON_1005,TalkStream,user_person_1005,2025-06-08 02:02:51,"New shop opening next week, everyone welcome.",,LOCATION_0224,0.78,SOCIAL_MEDIA_MONITORING
SOC_002835,PERSON_0511,ChirpNet,user_person_0511,2025-10-04 05:02:25,Traffic was terrible near the market today.,,LOCATION_0271,0.44,SOCIAL_MEDIA_MONITORING
SOC_002836,PERSON_1116,ConnectHub,user_person_1116,2024-05-29 15:46:03,"Great weekend with family, back to work tomorrow.",,LOCATION_0161,0.45,SOCIAL_MEDIA_MONITORING
SOC_002837,PERSON_0750,TalkStream,user_person_0750,2024-08-04 21:39:46,"Great weekend with family, back to work tomorrow.",,LOCATION_0128,0.52,SOCIAL_MEDIA_MONITORING
SOC_002838,PERSON_1128,TalkStream,user_person_1128,2024-02-19 19:32:09,Traffic was terrible near the market today.,,LOCATION_0128,0.56,SOCIAL_MEDIA_MONITORING
SOC_002839,PERSON_0495,SnapCircle,user_person_0495,2025-06-26 15:35:21,Happy to share we completed the delivery on time.,,LOCATION_0199,0.55,SOCIAL_MEDIA_MONITORING
SOC_002840,PERSON_1359,ChirpNet,user_person_1359,2024-01-10 12:23:54,Weather has been unusually warm this month.,,LOCATION_0017,0.78,SOCIAL_MEDIA_MONITORING
SOC_002841,PERSON_0501,SnapCircle,user_person_0501,2024-12-07 10:00:21,Happy to share we completed the delivery on time.,,LOCATION_0136,0.41,SOCIAL_MEDIA_MONITORING
SOC_002842,PERSON_0944,TalkStream,user_person_0944,2024-01-18 10:20:08,"New shop opening next week, everyone welcome.",,LOCATION_0078,0.63,SOCIAL_MEDIA_MONITORING
SOC_002843,PERSON_0350,PicWall,user_person_0350,2026-04-02 07:15:09,Happy to share we completed the delivery on time.,,LOCATION_0186,0.61,SOCIAL_MEDIA_MONITORING
SOC_002844,PERSON_0653,PicWall,user_person_0653,2025-05-11 06:28:37,Happy to share we completed the delivery on time.,,LOCATION_0128,0.84,SOCIAL_MEDIA_MONITORING
SOC_002845,PERSON_1247,TalkStream,user_person_1247,2024-11-13 06:36:44,"Plan is confirmed, let's proceed as talked about.",,LOCATION_0247,0.44,SOCIAL_MEDIA_MONITORING
SOC_002846,PERSON_0698,ChirpNet,user_person_0698,2024-11-13 18:08:57,"Great weekend with family, back to work tomorrow.",,LOCATION_0044,0.44,SOCIAL_MEDIA_MONITORING
SOC_002847,PERSON_0238,ConnectHub,user_person_0238,2025-03-19 06:03:56,Happy to share we completed the delivery on time.,,LOCATION_0031,0.42,SOCIAL_MEDIA_MONITORING
SOC_002848,PERSON_0652,PicWall,user_person_0652,2025-12-03 23:02:16,Happy to share we completed the delivery on time.,,LOCATION_0162,0.61,SOCIAL_MEDIA_MONITORING
SOC_002849,PERSON_0943,PicWall,user_person_0943,2024-02-19 10:33:17,Weather has been unusually warm this month.,,LOCATION_0141,0.67,SOCIAL_MEDIA_MONITORING
SOC_002850,PERSON_0479,SnapCircle,user_person_0479,2025-07-11 09:24:27,"New shop opening next week, everyone welcome.",,LOCATION_0264,0.48,SOCIAL_MEDIA_MONITORING
SOC_002851,PERSON_1300,TalkStream,user_person_1300,2025-05-25 10:35:44,Weather has been unusually warm this month.,,LOCATION_0131,0.68,SOCIAL_MEDIA_MONITORING
SOC_002852,PERSON_0803,ChirpNet,user_person_0803,2025-11-13 03:31:56,"Great weekend with family, back to work tomorrow.",,LOCATION_0098,0.47,SOCIAL_MEDIA_MONITORING
SOC_002853,PERSON_0668,PicWall,user_person_0668,2026-03-02 22:09:02,"New shop opening next week, everyone welcome.",,LOCATION_0015,0.45,SOCIAL_MEDIA_MONITORING
SOC_002854,PERSON_1289,ConnectHub,user_person_1289,2025-11-26 23:42:17,"Great weekend with family, back to work tomorrow.",,LOCATION_0212,0.5,SOCIAL_MEDIA_MONITORING
SOC_002855,PERSON_1186,TalkStream,user_person_1186,2024-03-01 00:12:49,"New shop opening next week, everyone welcome.",,LOCATION_0172,0.53,SOCIAL_MEDIA_MONITORING
SOC_002856,PERSON_0440,ConnectHub,user_person_0440,2025-07-02 20:50:00,Traffic was terrible near the market today.,,LOCATION_0058,0.49,SOCIAL_MEDIA_MONITORING
SOC_002857,PERSON_0139,SnapCircle,user_person_0139,2025-08-09 17:53:19,Traffic was terrible near the market today.,,LOCATION_0237,0.77,SOCIAL_MEDIA_MONITORING
SOC_002858,PERSON_0804,SnapCircle,user_person_0804,2025-02-27 03:40:27,"New shop opening next week, everyone welcome.",,LOCATION_0300,0.49,SOCIAL_MEDIA_MONITORING
SOC_002859,PERSON_0210,PicWall,user_person_0210,2025-03-29 14:01:39,Weather has been unusually warm this month.,,LOCATION_0273,0.5,SOCIAL_MEDIA_MONITORING
SOC_002860,PERSON_0355,ConnectHub,user_person_0355,2025-11-20 21:47:18,Traffic was terrible near the market today.,,LOCATION_0012,0.67,SOCIAL_MEDIA_MONITORING
SOC_002861,PERSON_0215,ChirpNet,user_person_0215,2024-07-14 12:49:45,Meeting postponed. Same place tomorrow.,,LOCATION_0277,0.79,SOCIAL_MEDIA_MONITORING
SOC_002862,PERSON_0300,TalkStream,user_person_0300,2025-06-06 21:44:57,Traffic was terrible near the market today.,,LOCATION_0221,0.62,SOCIAL_MEDIA_MONITORING
SOC_002863,PERSON_1476,ConnectHub,user_person_1476,2025-01-03 08:01:19,Traffic was terrible near the market today.,,LOCATION_0218,0.72,SOCIAL_MEDIA_MONITORING
SOC_002864,PERSON_0266,ConnectHub,user_person_0266,2026-01-17 09:36:20,"New shop opening next week, everyone welcome.",,LOCATION_0171,0.55,SOCIAL_MEDIA_MONITORING
SOC_002865,PERSON_0485,ChirpNet,user_person_0485,2026-03-30 07:00:51,"Package ready, will hand it over as discussed.",,LOCATION_0206,0.53,SOCIAL_MEDIA_MONITORING
SOC_002866,PERSON_1455,PicWall,user_person_1455,2025-05-23 03:18:30,"Great weekend with family, back to work tomorrow.",,LOCATION_0076,0.66,SOCIAL_MEDIA_MONITORING
SOC_002867,PERSON_0207,TalkStream,user_person_0207,2026-06-02 12:09:39,Weather has been unusually warm this month.,,LOCATION_0246,0.47,SOCIAL_MEDIA_MONITORING
SOC_002868,PERSON_0330,SnapCircle,user_person_0330,2024-10-03 10:59:00,"Plan is confirmed, let's proceed as talked about.",,LOCATION_0013,0.73,SOCIAL_MEDIA_MONITORING
SOC_002869,PERSON_1283,ConnectHub,user_person_1283,2024-11-12 16:24:52,Weather has been unusually warm this month.,,LOCATION_0052,0.54,SOCIAL_MEDIA_MONITORING
SOC_002870,PERSON_0093,PicWall,user_person_0093,2024-08-02 04:40:35,Happy to share we completed the delivery on time.,,LOCATION_0291,0.85,SOCIAL_MEDIA_MONITORING
SOC_002871,PERSON_1013,ChirpNet,user_person_1013,2025-12-17 14:32:30,Weather has been unusually warm this month.,,LOCATION_0260,0.4,SOCIAL_MEDIA_MONITORING
SOC_002872,PERSON_0707,PicWall,user_person_0707,2026-03-15 19:31:02,Traffic was terrible near the market today.,,LOCATION_0232,0.43,SOCIAL_MEDIA_MONITORING
SOC_002873,PERSON_0302,TalkStream,user_person_0302,2024-07-23 05:29:25,"New shop opening next week, everyone welcome.",,LOCATION_0205,0.5,SOCIAL_MEDIA_MONITORING
SOC_002874,PERSON_0393,ConnectHub,user_person_0393,2025-04-22 04:09:53,Traffic was terrible near the market today.,,LOCATION_0282,0.79,SOCIAL_MEDIA_MONITORING
SOC_002875,PERSON_0185,ChirpNet,user_person_0185,2024-10-11 05:48:47,Weather has been unusually warm this month.,,LOCATION_0061,0.56,SOCIAL_MEDIA_MONITORING
SOC_002876,PERSON_0530,SnapCircle,user_person_0530,2025-10-12 12:42:11,Weather has been unusually warm this month.,,LOCATION_0237,0.73,SOCIAL_MEDIA_MONITORING
SOC_002877,PERSON_0580,TalkStream,user_person_0580,2025-05-03 00:08:26,"Great weekend with family, back to work tomorrow.",,LOCATION_0084,0.71,SOCIAL_MEDIA_MONITORING
SOC_002878,PERSON_0998,SnapCircle,user_person_0998,2024-05-31 11:29:28,"Package ready, will hand it over as discussed.",,LOCATION_0069,0.81,SOCIAL_MEDIA_MONITORING
SOC_002879,PERSON_0836,PicWall,user_person_0836,2024-11-27 23:09:14,Keep this between us for now.,PERSON_0671,LOCATION_0124,0.62,SOCIAL_MEDIA_MONITORING
SOC_002880,PERSON_0596,ChirpNet,user_person_0596,2025-01-06 00:21:54,"New shop opening next week, everyone welcome.",,LOCATION_0161,0.58,SOCIAL_MEDIA_MONITORING
SOC_002881,PERSON_0408,SnapCircle,user_person_0408,2025-01-17 16:19:26,Weather has been unusually warm this month.,,LOCATION_0183,0.47,SOCIAL_MEDIA_MONITORING
SOC_002882,PERSON_0284,ConnectHub,user_person_0284,2024-02-20 22:14:32,Traffic was terrible near the market today.,,LOCATION_0242,0.76,SOCIAL_MEDIA_MONITORING
SOC_002883,PERSON_0844,SnapCircle,user_person_0844,2025-11-16 04:22:19,Traffic was terrible near the market today.,,LOCATION_0226,0.44,SOCIAL_MEDIA_MONITORING
SOC_002884,PERSON_0107,SnapCircle,user_person_0107,2026-04-13 19:08:22,"New shop opening next week, everyone welcome.",,LOCATION_0186,0.68,SOCIAL_MEDIA_MONITORING
SOC_002885,PERSON_0002,ChirpNet,user_person_0002,2025-06-02 13:09:03,"Great weekend with family, back to work tomorrow.",,LOCATION_0230,0.78,SOCIAL_MEDIA_MONITORING
SOC_002886,PERSON_0923,ConnectHub,user_person_0923,2024-06-07 20:56:09,"Great weekend with family, back to work tomorrow.",,LOCATION_0230,0.43,SOCIAL_MEDIA_MONITORING
SOC_002887,PERSON_0171,PicWall,user_person_0171,2025-11-25 13:18:54,Happy to share we completed the delivery on time.,,LOCATION_0170,0.84,SOCIAL_MEDIA_MONITORING
SOC_002888,PERSON_0336,TalkStream,user_person_0336,2024-12-09 20:26:01,"New shop opening next week, everyone welcome.",,LOCATION_0095,0.45,SOCIAL_MEDIA_MONITORING
SOC_002889,PERSON_1340,PicWall,user_person_1340,2024-09-29 09:18:54,Traffic was terrible near the market today.,,LOCATION_0233,0.61,SOCIAL_MEDIA_MONITORING
SOC_002890,PERSON_0691,ChirpNet,user_person_0691,2024-10-30 04:37:02,Happy to share we completed the delivery on time.,,LOCATION_0165,0.62,SOCIAL_MEDIA_MONITORING
SOC_002891,PERSON_0151,ConnectHub,user_person_0151,2024-03-30 12:54:36,Weather has been unusually warm this month.,,LOCATION_0276,0.83,SOCIAL_MEDIA_MONITORING
SOC_002892,PERSON_0027,ChirpNet,user_person_0027,2026-03-23 12:27:16,"Everything is set for the evening, see you there.",PERSON_1125,LOCATION_0049,0.75,SOCIAL_MEDIA_MONITORING
SOC_002893,PERSON_0818,ConnectHub,user_person_0818,2024-12-30 00:16:59,Happy to share we completed the delivery on time.,,LOCATION_0222,0.81,SOCIAL_MEDIA_MONITORING
SOC_002894,PERSON_0335,PicWall,user_person_0335,2025-04-23 07:48:12,"Great weekend with family, back to work tomorrow.",,LOCATION_0135,0.8,SOCIAL_MEDIA_MONITORING
SOC_002895,PERSON_0682,PicWall,user_person_0682,2024-09-09 02:53:21,"New shop opening next week, everyone welcome.",,LOCATION_0040,0.79,SOCIAL_MEDIA_MONITORING
SOC_002896,PERSON_1018,SnapCircle,user_person_1018,2025-06-11 01:43:54,"Everything is set for the evening, see you there.",,LOCATION_0001,0.53,SOCIAL_MEDIA_MONITORING
SOC_002897,PERSON_0148,TalkStream,user_person_0148,2025-09-21 01:22:35,Traffic was terrible near the market today.,,LOCATION_0063,0.47,SOCIAL_MEDIA_MONITORING
SOC_002898,PERSON_0725,TalkStream,user_person_0725,2026-05-08 17:03:14,"Great weekend with family, back to work tomorrow.",,LOCATION_0025,0.66,SOCIAL_MEDIA_MONITORING
SOC_002899,PERSON_1030,PicWall,user_person_1030,2025-04-26 20:42:43,Happy to share we completed the delivery on time.,,LOCATION_0286,0.57,SOCIAL_MEDIA_MONITORING
SOC_002900,PERSON_0051,PicWall,user_person_0051,2025-01-12 03:12:03,"New shop opening next week, everyone welcome.",,LOCATION_0079,0.63,SOCIAL_MEDIA_MONITORING
SOC_002901,PERSON_0324,SnapCircle,user_person_0324,2026-06-15 10:59:53,Keep this between us for now.,,LOCATION_0203,0.49,SOCIAL_MEDIA_MONITORING
SOC_002902,PERSON_0749,ChirpNet,user_person_0749,2024-12-04 12:56:19,Traffic was terrible near the market today.,,LOCATION_0279,0.65,SOCIAL_MEDIA_MONITORING
SOC_002903,PERSON_1136,TalkStream,user_person_1136,2025-12-08 03:59:42,"New shop opening next week, everyone welcome.",,LOCATION_0117,0.56,SOCIAL_MEDIA_MONITORING
SOC_002904,PERSON_1167,TalkStream,user_person_1167,2026-03-24 09:03:12,"Great weekend with family, back to work tomorrow.",,LOCATION_0052,0.66,SOCIAL_MEDIA_MONITORING
SOC_002905,PERSON_0652,TalkStream,user_person_0652,2025-07-21 14:06:30,Traffic was terrible near the market today.,,LOCATION_0282,0.77,SOCIAL_MEDIA_MONITORING
SOC_002906,PERSON_0566,SnapCircle,user_person_0566,2025-12-08 20:38:55,"Great weekend with family, back to work tomorrow.",,LOCATION_0271,0.48,SOCIAL_MEDIA_MONITORING
SOC_002907,PERSON_0955,PicWall,user_person_0955,2026-01-11 03:50:15,"Everything is set for the evening, see you there.",,LOCATION_0036,0.44,SOCIAL_MEDIA_MONITORING
SOC_002908,PERSON_0393,ChirpNet,user_person_0393,2025-02-28 16:13:59,"New shop opening next week, everyone welcome.",,LOCATION_0082,0.54,SOCIAL_MEDIA_MONITORING
SOC_002909,PERSON_0026,TalkStream,user_person_0026,2024-01-21 17:12:21,Traffic was terrible near the market today.,,LOCATION_0215,0.85,SOCIAL_MEDIA_MONITORING
SOC_002910,PERSON_0788,SnapCircle,user_person_0788,2026-03-28 19:49:42,"Everything is set for the evening, see you there.",PERSON_1195,LOCATION_0074,0.6,SOCIAL_MEDIA_MONITORING
SOC_002911,PERSON_1477,SnapCircle,user_person_1477,2025-07-26 10:38:36,"New shop opening next week, everyone welcome.",,LOCATION_0175,0.4,SOCIAL_MEDIA_MONITORING
SOC_002912,PERSON_0477,ChirpNet,user_person_0477,2026-02-09 09:47:45,"New shop opening next week, everyone welcome.",,LOCATION_0216,0.51,SOCIAL_MEDIA_MONITORING
SOC_002913,PERSON_0232,ConnectHub,user_person_0232,2024-08-08 14:51:26,Traffic was terrible near the market today.,,LOCATION_0279,0.54,SOCIAL_MEDIA_MONITORING
SOC_002914,PERSON_0742,ConnectHub,user_person_0742,2024-04-16 02:01:44,"New shop opening next week, everyone welcome.",,LOCATION_0094,0.83,SOCIAL_MEDIA_MONITORING
SOC_002915,PERSON_0840,SnapCircle,user_person_0840,2025-04-07 16:11:00,Weather has been unusually warm this month.,,LOCATION_0141,0.42,SOCIAL_MEDIA_MONITORING
SOC_002916,PERSON_0935,ChirpNet,user_person_0935,2026-05-20 03:19:23,"Great weekend with family, back to work tomorrow.",,LOCATION_0087,0.77,SOCIAL_MEDIA_MONITORING
SOC_002917,PERSON_0214,ChirpNet,user_person_0214,2026-02-16 09:56:36,"Package ready, will hand it over as discussed.",PERSON_0026,LOCATION_0083,0.76,SOCIAL_MEDIA_MONITORING
SOC_002918,PERSON_1178,SnapCircle,user_person_1178,2025-06-27 19:11:21,"New shop opening next week, everyone welcome.",,LOCATION_0102,0.73,SOCIAL_MEDIA_MONITORING
SOC_002919,PERSON_1162,ChirpNet,user_person_1162,2025-04-04 13:05:36,Meeting postponed. Same place tomorrow.,PERSON_0030,LOCATION_0025,0.41,SOCIAL_MEDIA_MONITORING
SOC_002920,PERSON_0585,TalkStream,user_person_0585,2025-06-14 13:12:42,Happy to share we completed the delivery on time.,,LOCATION_0206,0.8,SOCIAL_MEDIA_MONITORING
SOC_002921,PERSON_0010,ChirpNet,user_person_0010,2024-12-11 13:43:18,Weather has been unusually warm this month.,,LOCATION_0034,0.46,SOCIAL_MEDIA_MONITORING
SOC_002922,PERSON_0823,ChirpNet,user_person_0823,2024-11-22 08:21:26,"Everything is set for the evening, see you there.",,LOCATION_0227,0.58,SOCIAL_MEDIA_MONITORING
SOC_002923,PERSON_1342,SnapCircle,user_person_1342,2025-07-10 07:17:07,Weather has been unusually warm this month.,,LOCATION_0281,0.75,SOCIAL_MEDIA_MONITORING
SOC_002924,PERSON_0773,TalkStream,user_person_0773,2025-02-04 15:05:11,Weather has been unusually warm this month.,,LOCATION_0018,0.48,SOCIAL_MEDIA_MONITORING
SOC_002925,PERSON_0771,SnapCircle,user_person_0771,2024-05-22 04:06:54,"Great weekend with family, back to work tomorrow.",,LOCATION_0231,0.59,SOCIAL_MEDIA_MONITORING
SOC_002926,PERSON_0483,SnapCircle,user_person_0483,2026-01-13 00:16:30,Weather has been unusually warm this month.,,LOCATION_0144,0.83,SOCIAL_MEDIA_MONITORING
SOC_002927,PERSON_1330,TalkStream,user_person_1330,2025-08-01 04:52:55,Traffic was terrible near the market today.,,LOCATION_0284,0.51,SOCIAL_MEDIA_MONITORING
SOC_002928,PERSON_0908,ChirpNet,user_person_0908,2025-04-12 08:55:24,"Great weekend with family, back to work tomorrow.",,LOCATION_0087,0.42,SOCIAL_MEDIA_MONITORING
SOC_002929,PERSON_0394,ChirpNet,user_person_0394,2025-11-18 19:14:02,"Great weekend with family, back to work tomorrow.",,LOCATION_0093,0.83,SOCIAL_MEDIA_MONITORING
SOC_002930,PERSON_0685,ChirpNet,user_person_0685,2025-10-30 08:22:57,Traffic was terrible near the market today.,,LOCATION_0238,0.63,SOCIAL_MEDIA_MONITORING
SOC_002931,PERSON_0193,PicWall,user_person_0193,2026-06-27 18:41:06,Weather has been unusually warm this month.,,LOCATION_0080,0.43,SOCIAL_MEDIA_MONITORING
SOC_002932,PERSON_1498,ConnectHub,user_person_1498,2025-09-22 02:38:12,Happy to share we completed the delivery on time.,,LOCATION_0077,0.72,SOCIAL_MEDIA_MONITORING
SOC_002933,PERSON_0227,ConnectHub,user_person_0227,2024-01-05 19:54:35,Keep this between us for now.,PERSON_0777,LOCATION_0193,0.8,SOCIAL_MEDIA_MONITORING
SOC_002934,PERSON_0575,ChirpNet,user_person_0575,2024-07-10 12:51:32,Weather has been unusually warm this month.,,LOCATION_0253,0.44,SOCIAL_MEDIA_MONITORING
SOC_002935,PERSON_0390,SnapCircle,user_person_0390,2024-01-18 13:24:51,"Everything is set for the evening, see you there.",PERSON_1314,LOCATION_0172,0.44,SOCIAL_MEDIA_MONITORING
SOC_002936,PERSON_0639,TalkStream,user_person_0639,2025-02-20 16:40:40,"Great weekend with family, back to work tomorrow.",,LOCATION_0060,0.53,SOCIAL_MEDIA_MONITORING
SOC_002937,PERSON_0378,ChirpNet,user_person_0378,2026-02-26 10:44:30,"Great weekend with family, back to work tomorrow.",,LOCATION_0023,0.43,SOCIAL_MEDIA_MONITORING
SOC_002938,PERSON_1444,TalkStream,user_person_1444,2026-04-25 15:40:40,"Great weekend with family, back to work tomorrow.",,LOCATION_0126,0.65,SOCIAL_MEDIA_MONITORING
SOC_002939,PERSON_0542,SnapCircle,user_person_0542,2024-10-07 19:04:21,Happy to share we completed the delivery on time.,,LOCATION_0107,0.82,SOCIAL_MEDIA_MONITORING
SOC_002940,PERSON_0249,SnapCircle,user_person_0249,2026-06-18 04:07:53,Traffic was terrible near the market today.,,LOCATION_0127,0.67,SOCIAL_MEDIA_MONITORING
SOC_002941,PERSON_0880,SnapCircle,user_person_0880,2024-07-06 13:55:30,Weather has been unusually warm this month.,,LOCATION_0117,0.73,SOCIAL_MEDIA_MONITORING
SOC_002942,PERSON_0277,ChirpNet,user_person_0277,2024-06-09 15:46:31,"New shop opening next week, everyone welcome.",,LOCATION_0051,0.46,SOCIAL_MEDIA_MONITORING
SOC_002943,PERSON_0232,ChirpNet,user_person_0232,2025-06-07 00:54:32,"New shop opening next week, everyone welcome.",,LOCATION_0139,0.71,SOCIAL_MEDIA_MONITORING
SOC_002944,PERSON_1056,ChirpNet,user_person_1056,2025-04-14 20:49:07,Happy to share we completed the delivery on time.,,LOCATION_0198,0.4,SOCIAL_MEDIA_MONITORING
SOC_002945,PERSON_0674,TalkStream,user_person_0674,2024-02-11 05:39:15,"New shop opening next week, everyone welcome.",,LOCATION_0290,0.49,SOCIAL_MEDIA_MONITORING
SOC_002946,PERSON_0899,ChirpNet,user_person_0899,2025-07-02 15:45:11,Weather has been unusually warm this month.,,LOCATION_0280,0.63,SOCIAL_MEDIA_MONITORING
SOC_002947,PERSON_0152,ConnectHub,user_person_0152,2025-05-23 23:47:06,"Everything is set for the evening, see you there.",,LOCATION_0164,0.78,SOCIAL_MEDIA_MONITORING
SOC_002948,PERSON_1427,PicWall,user_person_1427,2025-09-13 06:24:24,Weather has been unusually warm this month.,,LOCATION_0136,0.8,SOCIAL_MEDIA_MONITORING
SOC_002949,PERSON_1310,TalkStream,user_person_1310,2025-08-14 18:12:18,Traffic was terrible near the market today.,,LOCATION_0248,0.75,SOCIAL_MEDIA_MONITORING
SOC_002950,PERSON_0577,TalkStream,user_person_0577,2024-03-26 05:05:46,Traffic was terrible near the market today.,,LOCATION_0138,0.67,SOCIAL_MEDIA_MONITORING
SOC_002951,PERSON_0421,SnapCircle,user_person_0421,2024-06-28 13:06:14,"New shop opening next week, everyone welcome.",,LOCATION_0112,0.66,SOCIAL_MEDIA_MONITORING
SOC_002952,PERSON_1009,TalkStream,user_person_1009,2024-01-13 16:20:40,"Everything is set for the evening, see you there.",PERSON_0602,LOCATION_0118,0.84,SOCIAL_MEDIA_MONITORING
SOC_002953,PERSON_1390,TalkStream,user_person_1390,2025-11-27 05:08:41,"Great weekend with family, back to work tomorrow.",,LOCATION_0221,0.82,SOCIAL_MEDIA_MONITORING
SOC_002954,PERSON_1052,PicWall,user_person_1052,2024-08-11 02:13:04,"Great weekend with family, back to work tomorrow.",,LOCATION_0033,0.42,SOCIAL_MEDIA_MONITORING
SOC_002955,PERSON_1486,TalkStream,user_person_1486,2024-04-12 10:49:22,Happy to share we completed the delivery on time.,,LOCATION_0265,0.44,SOCIAL_MEDIA_MONITORING
SOC_002956,PERSON_0104,SnapCircle,user_person_0104,2025-05-04 13:30:04,"New shop opening next week, everyone welcome.",,LOCATION_0083,0.54,SOCIAL_MEDIA_MONITORING
SOC_002957,PERSON_1241,SnapCircle,user_person_1241,2025-03-08 14:43:09,Weather has been unusually warm this month.,,LOCATION_0143,0.77,SOCIAL_MEDIA_MONITORING
SOC_002958,PERSON_0474,PicWall,user_person_0474,2025-01-06 11:20:23,Keep this between us for now.,PERSON_0849,LOCATION_0030,0.4,SOCIAL_MEDIA_MONITORING
SOC_002959,PERSON_0658,SnapCircle,user_person_0658,2025-12-14 09:09:52,"Great weekend with family, back to work tomorrow.",,LOCATION_0296,0.81,SOCIAL_MEDIA_MONITORING
SOC_002960,PERSON_0577,ChirpNet,user_person_0577,2024-07-23 05:16:33,"Great weekend with family, back to work tomorrow.",,LOCATION_0158,0.74,SOCIAL_MEDIA_MONITORING
SOC_002961,PERSON_0265,SnapCircle,user_person_0265,2024-10-05 17:01:58,Meeting postponed. Same place tomorrow.,,LOCATION_0123,0.77,SOCIAL_MEDIA_MONITORING
SOC_002962,PERSON_1114,PicWall,user_person_1114,2024-01-12 02:36:34,Happy to share we completed the delivery on time.,,LOCATION_0150,0.52,SOCIAL_MEDIA_MONITORING
SOC_002963,PERSON_0233,TalkStream,user_person_0233,2025-06-19 21:17:55,Traffic was terrible near the market today.,,LOCATION_0038,0.55,SOCIAL_MEDIA_MONITORING
SOC_002964,PERSON_1162,SnapCircle,user_person_1162,2024-05-09 05:57:22,Traffic was terrible near the market today.,,LOCATION_0085,0.43,SOCIAL_MEDIA_MONITORING
SOC_002965,PERSON_0015,PicWall,user_person_0015,2025-04-11 23:20:57,Traffic was terrible near the market today.,,LOCATION_0232,0.83,SOCIAL_MEDIA_MONITORING
SOC_002966,PERSON_0105,TalkStream,user_person_0105,2024-02-09 07:03:34,"New shop opening next week, everyone welcome.",,LOCATION_0211,0.45,SOCIAL_MEDIA_MONITORING
SOC_002967,PERSON_0290,ConnectHub,user_person_0290,2026-06-17 07:57:02,Traffic was terrible near the market today.,,LOCATION_0165,0.6,SOCIAL_MEDIA_MONITORING
SOC_002968,PERSON_1335,SnapCircle,user_person_1335,2024-05-21 08:02:14,"New shop opening next week, everyone welcome.",,LOCATION_0130,0.77,SOCIAL_MEDIA_MONITORING
SOC_002969,PERSON_0404,SnapCircle,user_person_0404,2025-02-08 20:14:59,"Great weekend with family, back to work tomorrow.",,LOCATION_0284,0.44,SOCIAL_MEDIA_MONITORING
SOC_002970,PERSON_0704,PicWall,user_person_0704,2026-06-02 00:51:32,Traffic was terrible near the market today.,,LOCATION_0239,0.84,SOCIAL_MEDIA_MONITORING
SOC_002971,PERSON_1182,TalkStream,user_person_1182,2024-12-05 03:58:10,"Everything is set for the evening, see you there.",,LOCATION_0152,0.59,SOCIAL_MEDIA_MONITORING
SOC_002972,PERSON_0668,PicWall,user_person_0668,2026-02-24 01:52:44,Weather has been unusually warm this month.,,LOCATION_0165,0.6,SOCIAL_MEDIA_MONITORING
SOC_002973,PERSON_1391,ChirpNet,user_person_1391,2025-06-24 03:19:16,"Great weekend with family, back to work tomorrow.",,LOCATION_0079,0.5,SOCIAL_MEDIA_MONITORING
SOC_002974,PERSON_0916,SnapCircle,user_person_0916,2025-07-04 07:47:43,"Great weekend with family, back to work tomorrow.",,LOCATION_0124,0.53,SOCIAL_MEDIA_MONITORING
SOC_002975,PERSON_0444,SnapCircle,user_person_0444,2026-04-09 11:28:18,Weather has been unusually warm this month.,,LOCATION_0141,0.53,SOCIAL_MEDIA_MONITORING
SOC_002976,PERSON_1374,TalkStream,user_person_1374,2025-12-25 20:41:42,Traffic was terrible near the market today.,,LOCATION_0165,0.51,SOCIAL_MEDIA_MONITORING
SOC_002977,PERSON_0874,SnapCircle,user_person_0874,2024-04-19 08:59:34,Happy to share we completed the delivery on time.,,LOCATION_0098,0.78,SOCIAL_MEDIA_MONITORING
SOC_002978,PERSON_0021,PicWall,user_person_0021,2025-10-30 18:57:10,Happy to share we completed the delivery on time.,,LOCATION_0097,0.68,SOCIAL_MEDIA_MONITORING
SOC_002979,PERSON_0143,TalkStream,user_person_0143,2025-08-27 10:09:24,"Great weekend with family, back to work tomorrow.",,LOCATION_0192,0.59,SOCIAL_MEDIA_MONITORING
SOC_002980,PERSON_0118,ChirpNet,user_person_0118,2024-11-26 03:56:42,Meeting postponed. Same place tomorrow.,PERSON_0170,LOCATION_0171,0.5,SOCIAL_MEDIA_MONITORING
SOC_002981,PERSON_0825,ChirpNet,user_person_0825,2025-09-02 12:57:14,Meeting postponed. Same place tomorrow.,,LOCATION_0254,0.78,SOCIAL_MEDIA_MONITORING
SOC_002982,PERSON_0640,ConnectHub,user_person_0640,2026-06-25 03:42:37,Traffic was terrible near the market today.,,LOCATION_0087,0.54,SOCIAL_MEDIA_MONITORING
SOC_002983,PERSON_1098,SnapCircle,user_person_1098,2025-01-07 12:42:40,Happy to share we completed the delivery on time.,,LOCATION_0021,0.45,SOCIAL_MEDIA_MONITORING
SOC_002984,PERSON_1088,PicWall,user_person_1088,2024-12-19 15:05:19,"New shop opening next week, everyone welcome.",,LOCATION_0066,0.54,SOCIAL_MEDIA_MONITORING
SOC_002985,PERSON_1138,SnapCircle,user_person_1138,2024-03-12 22:28:01,Happy to share we completed the delivery on time.,,LOCATION_0298,0.49,SOCIAL_MEDIA_MONITORING
SOC_002986,PERSON_1160,SnapCircle,user_person_1160,2026-01-30 06:32:21,"New shop opening next week, everyone welcome.",,LOCATION_0219,0.69,SOCIAL_MEDIA_MONITORING
SOC_002987,PERSON_0111,ChirpNet,user_person_0111,2025-07-20 17:23:04,"Everything is set for the evening, see you there.",PERSON_1476,LOCATION_0230,0.61,SOCIAL_MEDIA_MONITORING
SOC_002988,PERSON_0009,PicWall,user_person_0009,2024-06-12 02:37:47,Weather has been unusually warm this month.,,LOCATION_0050,0.49,SOCIAL_MEDIA_MONITORING
SOC_002989,PERSON_0420,PicWall,user_person_0420,2024-07-03 07:38:55,Happy to share we completed the delivery on time.,,LOCATION_0013,0.62,SOCIAL_MEDIA_MONITORING
SOC_002990,PERSON_0854,SnapCircle,user_person_0854,2025-05-01 17:35:20,Keep this between us for now.,PERSON_0682,LOCATION_0064,0.76,SOCIAL_MEDIA_MONITORING
SOC_002991,PERSON_0002,ChirpNet,user_person_0002,2024-01-10 03:30:14,"Great weekend with family, back to work tomorrow.",,LOCATION_0040,0.76,SOCIAL_MEDIA_MONITORING
SOC_002992,PERSON_0495,SnapCircle,user_person_0495,2025-01-08 15:03:42,Traffic was terrible near the market today.,,LOCATION_0029,0.78,SOCIAL_MEDIA_MONITORING
SOC_002993,PERSON_0078,ChirpNet,user_person_0078,2025-01-06 05:58:50,Happy to share we completed the delivery on time.,,LOCATION_0288,0.67,SOCIAL_MEDIA_MONITORING
SOC_002994,PERSON_0894,SnapCircle,user_person_0894,2025-08-30 19:33:59,Weather has been unusually warm this month.,,LOCATION_0137,0.57,SOCIAL_MEDIA_MONITORING
SOC_002995,PERSON_1191,TalkStream,user_person_1191,2025-07-24 17:50:29,Weather has been unusually warm this month.,,LOCATION_0071,0.82,SOCIAL_MEDIA_MONITORING
SOC_002996,PERSON_1397,TalkStream,user_person_1397,2024-09-14 11:38:29,"New shop opening next week, everyone welcome.",,LOCATION_0179,0.47,SOCIAL_MEDIA_MONITORING
SOC_002997,PERSON_1454,ChirpNet,user_person_1454,2025-03-26 12:31:22,Keep this between us for now.,PERSON_1378,LOCATION_0073,0.59,SOCIAL_MEDIA_MONITORING
SOC_002998,PERSON_0067,ChirpNet,user_person_0067,2025-05-01 05:08:25,"Great weekend with family, back to work tomorrow.",,LOCATION_0091,0.74,SOCIAL_MEDIA_MONITORING
SOC_002999,PERSON_0074,TalkStream,user_person_0074,2025-12-26 15:31:02,Happy to share we completed the delivery on time.,,LOCATION_0222,0.68,SOCIAL_MEDIA_MONITORING
SOC_003000,PERSON_0801,ChirpNet,user_person_0801,2026-03-01 15:14:04,Weather has been unusually warm this month.,,LOCATION_0029,0.42,SOCIAL_MEDIA_MONITORING
SOC_003001,PERSON_1202,SnapCircle,user_person_1202,2026-05-27 17:21:02,"Plan is confirmed, let's proceed as talked about.",,LOCATION_0255,0.71,SOCIAL_MEDIA_MONITORING
SOC_003002,PERSON_1118,SnapCircle,user_person_1118,2025-05-01 01:58:45,"New shop opening next week, everyone welcome.",,LOCATION_0297,0.45,SOCIAL_MEDIA_MONITORING
SOC_003003,PERSON_0559,ChirpNet,user_person_0559,2025-12-14 18:54:21,Meeting postponed. Same place tomorrow.,,LOCATION_0080,0.55,SOCIAL_MEDIA_MONITORING
SOC_003004,PERSON_0202,TalkStream,user_person_0202,2024-05-18 19:07:59,Weather has been unusually warm this month.,,LOCATION_0089,0.56,SOCIAL_MEDIA_MONITORING
SOC_003005,PERSON_0269,ConnectHub,user_person_0269,2024-04-09 10:48:32,"Great weekend with family, back to work tomorrow.",,LOCATION_0028,0.8,SOCIAL_MEDIA_MONITORING
SOC_003006,PERSON_1416,SnapCircle,user_person_1416,2025-02-17 13:54:27,Happy to share we completed the delivery on time.,,LOCATION_0279,0.42,SOCIAL_MEDIA_MONITORING
SOC_003007,PERSON_0659,ConnectHub,user_person_0659,2025-01-26 22:39:07,Happy to share we completed the delivery on time.,,LOCATION_0217,0.69,SOCIAL_MEDIA_MONITORING
SOC_003008,PERSON_0370,SnapCircle,user_person_0370,2025-01-26 06:56:33,Traffic was terrible near the market today.,,LOCATION_0207,0.66,SOCIAL_MEDIA_MONITORING
SOC_003009,PERSON_0245,ChirpNet,user_person_0245,2024-01-07 23:10:47,"Great weekend with family, back to work tomorrow.",,LOCATION_0159,0.5,SOCIAL_MEDIA_MONITORING
SOC_003010,PERSON_0609,SnapCircle,user_person_0609,2025-10-01 01:52:30,Happy to share we completed the delivery on time.,,LOCATION_0211,0.57,SOCIAL_MEDIA_MONITORING
SOC_003011,PERSON_0646,ConnectHub,user_person_0646,2025-08-05 20:51:31,"Great weekend with family, back to work tomorrow.",,LOCATION_0085,0.54,SOCIAL_MEDIA_MONITORING
SOC_003012,PERSON_1462,ChirpNet,user_person_1462,2025-07-29 11:49:00,"Everything is set for the evening, see you there.",PERSON_0498,LOCATION_0056,0.51,SOCIAL_MEDIA_MONITORING
SOC_003013,PERSON_0610,ChirpNet,user_person_0610,2024-08-05 08:55:32,Happy to share we completed the delivery on time.,,LOCATION_0061,0.77,SOCIAL_MEDIA_MONITORING
SOC_003014,PERSON_1425,TalkStream,user_person_1425,2024-02-17 05:38:01,"Great weekend with family, back to work tomorrow.",,LOCATION_0238,0.57,SOCIAL_MEDIA_MONITORING
SOC_003015,PERSON_0828,SnapCircle,user_person_0828,2024-01-09 02:35:05,Traffic was terrible near the market today.,,LOCATION_0058,0.82,SOCIAL_MEDIA_MONITORING
SOC_003016,PERSON_0317,PicWall,user_person_0317,2024-02-06 08:24:41,Weather has been unusually warm this month.,,LOCATION_0117,0.63,SOCIAL_MEDIA_MONITORING
SOC_003017,PERSON_0761,TalkStream,user_person_0761,2024-05-30 22:30:17,Happy to share we completed the delivery on time.,,LOCATION_0138,0.72,SOCIAL_MEDIA_MONITORING
SOC_003018,PERSON_1285,TalkStream,user_person_1285,2026-02-03 18:03:43,"New shop opening next week, everyone welcome.",,LOCATION_0193,0.77,SOCIAL_MEDIA_MONITORING
SOC_003019,PERSON_1214,TalkStream,user_person_1214,2025-12-06 21:26:00,Traffic was terrible near the market today.,,LOCATION_0016,0.59,SOCIAL_MEDIA_MONITORING
SOC_003020,PERSON_1446,ConnectHub,user_person_1446,2025-07-14 15:25:55,"Package ready, will hand it over as discussed.",PERSON_0747,LOCATION_0290,0.67,SOCIAL_MEDIA_MONITORING
SOC_003021,PERSON_0540,PicWall,user_person_0540,2025-10-04 03:42:48,Happy to share we completed the delivery on time.,,LOCATION_0205,0.81,SOCIAL_MEDIA_MONITORING
SOC_003022,PERSON_0402,SnapCircle,user_person_0402,2025-03-05 23:52:18,Keep this between us for now.,PERSON_1261,LOCATION_0232,0.5,SOCIAL_MEDIA_MONITORING
SOC_003023,PERSON_1304,ConnectHub,user_person_1304,2024-08-17 00:34:07,"Plan is confirmed, let's proceed as talked about.",,LOCATION_0246,0.66,SOCIAL_MEDIA_MONITORING
SOC_003024,PERSON_0461,ChirpNet,user_person_0461,2025-07-18 19:12:21,"New shop opening next week, everyone welcome.",,LOCATION_0170,0.52,SOCIAL_MEDIA_MONITORING
SOC_003025,PERSON_0849,SnapCircle,user_person_0849,2025-09-05 11:29:50,Traffic was terrible near the market today.,,LOCATION_0187,0.54,SOCIAL_MEDIA_MONITORING
SOC_003026,PERSON_0393,ConnectHub,user_person_0393,2024-09-21 10:47:06,"Great weekend with family, back to work tomorrow.",,LOCATION_0232,0.8,SOCIAL_MEDIA_MONITORING
SOC_003027,PERSON_1418,SnapCircle,user_person_1418,2024-12-19 01:14:43,"Great weekend with family, back to work tomorrow.",,LOCATION_0129,0.79,SOCIAL_MEDIA_MONITORING
SOC_003028,PERSON_0225,SnapCircle,user_person_0225,2024-02-06 10:41:36,Keep this between us for now.,,LOCATION_0250,0.8,SOCIAL_MEDIA_MONITORING
SOC_003029,PERSON_1390,TalkStream,user_person_1390,2025-05-21 08:48:44,Traffic was terrible near the market today.,,LOCATION_0271,0.69,SOCIAL_MEDIA_MONITORING
SOC_003030,PERSON_0977,TalkStream,user_person_0977,2024-12-14 15:56:15,"Great weekend with family, back to work tomorrow.",,LOCATION_0280,0.5,SOCIAL_MEDIA_MONITORING
SOC_003031,PERSON_0361,TalkStream,user_person_0361,2026-03-02 01:40:29,Happy to share we completed the delivery on time.,,LOCATION_0272,0.41,SOCIAL_MEDIA_MONITORING
SOC_003032,PERSON_0089,PicWall,user_person_0089,2025-09-15 05:24:27,Traffic was terrible near the market today.,,LOCATION_0190,0.81,SOCIAL_MEDIA_MONITORING
SOC_003033,PERSON_0589,TalkStream,user_person_0589,2026-03-27 15:51:13,Weather has been unusually warm this month.,,LOCATION_0016,0.82,SOCIAL_MEDIA_MONITORING
SOC_003034,PERSON_0827,PicWall,user_person_0827,2025-03-09 11:40:32,"Great weekend with family, back to work tomorrow.",,LOCATION_0060,0.41,SOCIAL_MEDIA_MONITORING
SOC_003035,PERSON_0146,SnapCircle,user_person_0146,2024-01-11 11:18:49,"Plan is confirmed, let's proceed as talked about.",PERSON_1192,LOCATION_0219,0.42,SOCIAL_MEDIA_MONITORING
SOC_003036,PERSON_0198,ChirpNet,user_person_0198,2025-06-12 06:53:44,Traffic was terrible near the market today.,,LOCATION_0276,0.59,SOCIAL_MEDIA_MONITORING
SOC_003037,PERSON_0598,ConnectHub,user_person_0598,2024-09-07 10:58:22,Happy to share we completed the delivery on time.,,LOCATION_0173,0.62,SOCIAL_MEDIA_MONITORING
SOC_003038,PERSON_0366,ConnectHub,user_person_0366,2025-08-31 03:40:47,"Great weekend with family, back to work tomorrow.",,LOCATION_0278,0.43,SOCIAL_MEDIA_MONITORING
SOC_003039,PERSON_0484,PicWall,user_person_0484,2024-02-26 16:14:46,"New shop opening next week, everyone welcome.",,LOCATION_0082,0.72,SOCIAL_MEDIA_MONITORING
SOC_003040,PERSON_1154,ChirpNet,user_person_1154,2025-09-24 14:52:37,Happy to share we completed the delivery on time.,,LOCATION_0221,0.52,SOCIAL_MEDIA_MONITORING
SOC_003041,PERSON_0799,PicWall,user_person_0799,2025-01-16 15:40:44,Meeting postponed. Same place tomorrow.,PERSON_0286,LOCATION_0122,0.49,SOCIAL_MEDIA_MONITORING
SOC_003042,PERSON_0272,SnapCircle,user_person_0272,2025-03-01 21:30:31,"Plan is confirmed, let's proceed as talked about.",,LOCATION_0270,0.43,SOCIAL_MEDIA_MONITORING
SOC_003043,PERSON_0304,TalkStream,user_person_0304,2025-07-15 13:27:20,Happy to share we completed the delivery on time.,,LOCATION_0065,0.65,SOCIAL_MEDIA_MONITORING
SOC_003044,PERSON_0095,PicWall,user_person_0095,2024-01-23 16:42:53,"Great weekend with family, back to work tomorrow.",,LOCATION_0134,0.57,SOCIAL_MEDIA_MONITORING
SOC_003045,PERSON_1152,ChirpNet,user_person_1152,2024-10-14 14:26:04,Traffic was terrible near the market today.,,LOCATION_0119,0.68,SOCIAL_MEDIA_MONITORING
SOC_003046,PERSON_0466,TalkStream,user_person_0466,2024-08-26 18:54:33,Happy to share we completed the delivery on time.,,LOCATION_0199,0.71,SOCIAL_MEDIA_MONITORING
SOC_003047,PERSON_1301,TalkStream,user_person_1301,2024-12-23 08:38:13,Weather has been unusually warm this month.,,LOCATION_0141,0.84,SOCIAL_MEDIA_MONITORING
SOC_003048,PERSON_0934,ConnectHub,user_person_0934,2024-12-22 01:23:29,"Package ready, will hand it over as discussed.",,LOCATION_0150,0.43,SOCIAL_MEDIA_MONITORING
SOC_003049,PERSON_0870,ConnectHub,user_person_0870,2025-03-01 17:46:36,"New shop opening next week, everyone welcome.",,LOCATION_0286,0.61,SOCIAL_MEDIA_MONITORING
SOC_003050,PERSON_1466,PicWall,user_person_1466,2026-02-12 02:44:37,Happy to share we completed the delivery on time.,,LOCATION_0269,0.46,SOCIAL_MEDIA_MONITORING
SOC_003051,PERSON_0151,PicWall,user_person_0151,2025-12-20 05:47:46,Weather has been unusually warm this month.,,LOCATION_0116,0.77,SOCIAL_MEDIA_MONITORING
SOC_003052,PERSON_1234,ConnectHub,user_person_1234,2025-02-02 11:30:23,Happy to share we completed the delivery on time.,,LOCATION_0129,0.71,SOCIAL_MEDIA_MONITORING
SOC_003053,PERSON_1017,ConnectHub,user_person_1017,2025-03-03 21:15:04,Weather has been unusually warm this month.,,LOCATION_0032,0.79,SOCIAL_MEDIA_MONITORING
SOC_003054,PERSON_0545,TalkStream,user_person_0545,2025-05-03 16:38:53,Traffic was terrible near the market today.,,LOCATION_0283,0.65,SOCIAL_MEDIA_MONITORING
SOC_003055,PERSON_0156,TalkStream,user_person_0156,2025-08-23 12:44:17,"Great weekend with family, back to work tomorrow.",,LOCATION_0261,0.83,SOCIAL_MEDIA_MONITORING
SOC_003056,PERSON_1096,ConnectHub,user_person_1096,2024-10-23 00:23:42,Traffic was terrible near the market today.,,LOCATION_0223,0.5,SOCIAL_MEDIA_MONITORING
SOC_003057,PERSON_0649,SnapCircle,user_person_0649,2026-01-11 06:46:13,Traffic was terrible near the market today.,,LOCATION_0184,0.52,SOCIAL_MEDIA_MONITORING
SOC_003058,PERSON_0429,PicWall,user_person_0429,2025-08-06 16:05:28,"Great weekend with family, back to work tomorrow.",,LOCATION_0099,0.71,SOCIAL_MEDIA_MONITORING
SOC_003059,PERSON_0123,SnapCircle,user_person_0123,2025-01-25 05:54:58,"Plan is confirmed, let's proceed as talked about.",PERSON_0311,LOCATION_0022,0.62,SOCIAL_MEDIA_MONITORING
SOC_003060,PERSON_1401,TalkStream,user_person_1401,2024-06-18 02:17:17,"Great weekend with family, back to work tomorrow.",,LOCATION_0214,0.52,SOCIAL_MEDIA_MONITORING
SOC_003061,PERSON_0544,ChirpNet,user_person_0544,2026-05-18 06:46:24,Weather has been unusually warm this month.,,LOCATION_0286,0.62,SOCIAL_MEDIA_MONITORING
SOC_003062,PERSON_0808,ChirpNet,user_person_0808,2025-04-09 15:35:27,Happy to share we completed the delivery on time.,,LOCATION_0168,0.43,SOCIAL_MEDIA_MONITORING
SOC_003063,PERSON_0255,ConnectHub,user_person_0255,2025-07-05 08:24:06,Traffic was terrible near the market today.,,LOCATION_0040,0.46,SOCIAL_MEDIA_MONITORING
SOC_003064,PERSON_0177,PicWall,user_person_0177,2024-09-20 22:17:59,Weather has been unusually warm this month.,,LOCATION_0049,0.73,SOCIAL_MEDIA_MONITORING
SOC_003065,PERSON_1318,ConnectHub,user_person_1318,2026-02-07 00:28:04,"Great weekend with family, back to work tomorrow.",,LOCATION_0271,0.6,SOCIAL_MEDIA_MONITORING
SOC_003066,PERSON_0188,ChirpNet,user_person_0188,2025-09-29 00:17:34,"Great weekend with family, back to work tomorrow.",,LOCATION_0051,0.83,SOCIAL_MEDIA_MONITORING
SOC_003067,PERSON_0691,PicWall,user_person_0691,2025-08-07 01:32:32,"Great weekend with family, back to work tomorrow.",,LOCATION_0085,0.45,SOCIAL_MEDIA_MONITORING
SOC_003068,PERSON_1477,ChirpNet,user_person_1477,2025-02-27 00:42:40,Happy to share we completed the delivery on time.,,LOCATION_0125,0.45,SOCIAL_MEDIA_MONITORING
SOC_003069,PERSON_0462,SnapCircle,user_person_0462,2024-03-16 02:57:38,"New shop opening next week, everyone welcome.",,LOCATION_0004,0.49,SOCIAL_MEDIA_MONITORING
SOC_003070,PERSON_1032,TalkStream,user_person_1032,2025-04-26 15:37:20,"Everything is set for the evening, see you there.",PERSON_1142,LOCATION_0246,0.61,SOCIAL_MEDIA_MONITORING
SOC_003071,PERSON_0030,TalkStream,user_person_0030,2024-07-20 19:07:48,"New shop opening next week, everyone welcome.",,LOCATION_0201,0.67,SOCIAL_MEDIA_MONITORING
SOC_003072,PERSON_0533,ConnectHub,user_person_0533,2024-11-09 00:15:00,Happy to share we completed the delivery on time.,,LOCATION_0099,0.44,SOCIAL_MEDIA_MONITORING
SOC_003073,PERSON_0805,TalkStream,user_person_0805,2024-07-27 13:28:38,Happy to share we completed the delivery on time.,,LOCATION_0163,0.71,SOCIAL_MEDIA_MONITORING
SOC_003074,PERSON_0380,ConnectHub,user_person_0380,2024-07-19 23:20:47,Traffic was terrible near the market today.,,LOCATION_0087,0.84,SOCIAL_MEDIA_MONITORING
SOC_003075,PERSON_0796,PicWall,user_person_0796,2024-02-11 07:10:18,Traffic was terrible near the market today.,,LOCATION_0292,0.57,SOCIAL_MEDIA_MONITORING
SOC_003076,PERSON_0733,PicWall,user_person_0733,2026-01-26 17:11:23,Weather has been unusually warm this month.,,LOCATION_0205,0.58,SOCIAL_MEDIA_MONITORING
SOC_003077,PERSON_0591,ChirpNet,user_person_0591,2025-01-15 05:24:45,Meeting postponed. Same place tomorrow.,,LOCATION_0268,0.68,SOCIAL_MEDIA_MONITORING
SOC_003078,PERSON_1321,PicWall,user_person_1321,2026-05-24 04:53:36,Meeting postponed. Same place tomorrow.,PERSON_0716,LOCATION_0109,0.54,SOCIAL_MEDIA_MONITORING
SOC_003079,PERSON_0126,SnapCircle,user_person_0126,2024-02-19 18:38:38,"Everything is set for the evening, see you there.",,LOCATION_0123,0.42,SOCIAL_MEDIA_MONITORING
SOC_003080,PERSON_0529,SnapCircle,user_person_0529,2025-07-04 15:21:47,"Plan is confirmed, let's proceed as talked about.",PERSON_1246,LOCATION_0296,0.56,SOCIAL_MEDIA_MONITORING
SOC_003081,PERSON_1277,PicWall,user_person_1277,2025-03-20 11:08:48,"Great weekend with family, back to work tomorrow.",,LOCATION_0046,0.72,SOCIAL_MEDIA_MONITORING
SOC_003082,PERSON_0507,TalkStream,user_person_0507,2025-08-12 03:05:45,Traffic was terrible near the market today.,,LOCATION_0294,0.48,SOCIAL_MEDIA_MONITORING
SOC_003083,PERSON_0361,SnapCircle,user_person_0361,2026-03-24 09:22:08,Happy to share we completed the delivery on time.,,LOCATION_0012,0.63,SOCIAL_MEDIA_MONITORING
SOC_003084,PERSON_0497,PicWall,user_person_0497,2024-09-10 06:41:27,"Great weekend with family, back to work tomorrow.",,LOCATION_0215,0.53,SOCIAL_MEDIA_MONITORING
SOC_003085,PERSON_0409,ConnectHub,user_person_0409,2025-11-28 08:16:31,Meeting postponed. Same place tomorrow.,,LOCATION_0138,0.69,SOCIAL_MEDIA_MONITORING
SOC_003086,PERSON_0643,ConnectHub,user_person_0643,2025-11-22 01:12:45,Happy to share we completed the delivery on time.,,LOCATION_0010,0.77,SOCIAL_MEDIA_MONITORING
SOC_003087,PERSON_0562,TalkStream,user_person_0562,2025-05-29 10:32:26,"New shop opening next week, everyone welcome.",,LOCATION_0254,0.7,SOCIAL_MEDIA_MONITORING
SOC_003088,PERSON_1065,ConnectHub,user_person_1065,2026-03-25 08:03:23,Traffic was terrible near the market today.,,LOCATION_0260,0.74,SOCIAL_MEDIA_MONITORING
SOC_003089,PERSON_0125,PicWall,user_person_0125,2024-02-04 12:22:12,"Great weekend with family, back to work tomorrow.",,LOCATION_0094,0.53,SOCIAL_MEDIA_MONITORING
SOC_003090,PERSON_1169,PicWall,user_person_1169,2025-05-01 00:12:53,Weather has been unusually warm this month.,,LOCATION_0102,0.62,SOCIAL_MEDIA_MONITORING
SOC_003091,PERSON_0085,ConnectHub,user_person_0085,2026-04-18 13:43:09,"Great weekend with family, back to work tomorrow.",,LOCATION_0065,0.67,SOCIAL_MEDIA_MONITORING
SOC_003092,PERSON_0472,PicWall,user_person_0472,2025-07-24 08:16:06,"Everything is set for the evening, see you there.",PERSON_0937,LOCATION_0297,0.53,SOCIAL_MEDIA_MONITORING
SOC_003093,PERSON_0457,SnapCircle,user_person_0457,2024-02-22 23:51:40,"Great weekend with family, back to work tomorrow.",,LOCATION_0247,0.75,SOCIAL_MEDIA_MONITORING
SOC_003094,PERSON_0842,SnapCircle,user_person_0842,2024-04-30 06:49:31,Weather has been unusually warm this month.,,LOCATION_0101,0.75,SOCIAL_MEDIA_MONITORING
SOC_003095,PERSON_1200,ConnectHub,user_person_1200,2024-02-11 15:53:39,Happy to share we completed the delivery on time.,,LOCATION_0255,0.65,SOCIAL_MEDIA_MONITORING
SOC_003096,PERSON_1421,PicWall,user_person_1421,2026-04-12 03:22:04,Meeting postponed. Same place tomorrow.,PERSON_1246,LOCATION_0047,0.63,SOCIAL_MEDIA_MONITORING
SOC_003097,PERSON_0018,SnapCircle,user_person_0018,2026-04-28 08:25:54,Happy to share we completed the delivery on time.,,LOCATION_0073,0.6,SOCIAL_MEDIA_MONITORING
SOC_003098,PERSON_0947,ConnectHub,user_person_0947,2026-02-09 21:58:36,Traffic was terrible near the market today.,,LOCATION_0039,0.51,SOCIAL_MEDIA_MONITORING
SOC_003099,PERSON_1027,PicWall,user_person_1027,2024-03-04 08:24:48,Keep this between us for now.,,LOCATION_0101,0.5,SOCIAL_MEDIA_MONITORING
SOC_003100,PERSON_0458,SnapCircle,user_person_0458,2025-01-24 02:41:25,Happy to share we completed the delivery on time.,,LOCATION_0288,0.71,SOCIAL_MEDIA_MONITORING
SOC_003101,PERSON_0355,PicWall,user_person_0355,2024-04-24 03:57:36,Weather has been unusually warm this month.,,LOCATION_0162,0.71,SOCIAL_MEDIA_MONITORING
SOC_003102,PERSON_0420,ChirpNet,user_person_0420,2024-06-04 11:03:14,"Package ready, will hand it over as discussed.",,LOCATION_0293,0.68,SOCIAL_MEDIA_MONITORING
SOC_003103,PERSON_0317,TalkStream,user_person_0317,2024-06-05 11:48:25,Traffic was terrible near the market today.,,LOCATION_0107,0.72,SOCIAL_MEDIA_MONITORING
SOC_003104,PERSON_0365,SnapCircle,user_person_0365,2024-11-10 20:36:58,"Everything is set for the evening, see you there.",,LOCATION_0196,0.44,SOCIAL_MEDIA_MONITORING
SOC_003105,PERSON_0776,TalkStream,user_person_0776,2024-04-08 03:18:27,Happy to share we completed the delivery on time.,,LOCATION_0115,0.43,SOCIAL_MEDIA_MONITORING
SOC_003106,PERSON_0374,ConnectHub,user_person_0374,2024-10-05 05:17:21,"New shop opening next week, everyone welcome.",,LOCATION_0245,0.57,SOCIAL_MEDIA_MONITORING
SOC_003107,PERSON_0950,ConnectHub,user_person_0950,2025-10-01 10:10:40,Happy to share we completed the delivery on time.,,LOCATION_0259,0.83,SOCIAL_MEDIA_MONITORING
SOC_003108,PERSON_1256,ChirpNet,user_person_1256,2024-11-09 02:03:49,Meeting postponed. Same place tomorrow.,,LOCATION_0068,0.66,SOCIAL_MEDIA_MONITORING
SOC_003109,PERSON_0081,SnapCircle,user_person_0081,2025-09-17 19:59:44,Traffic was terrible near the market today.,,LOCATION_0105,0.42,SOCIAL_MEDIA_MONITORING
SOC_003110,PERSON_0288,SnapCircle,user_person_0288,2024-11-12 08:12:56,"Great weekend with family, back to work tomorrow.",,LOCATION_0021,0.73,SOCIAL_MEDIA_MONITORING
SOC_003111,PERSON_0686,SnapCircle,user_person_0686,2025-07-05 05:17:55,Weather has been unusually warm this month.,,LOCATION_0086,0.74,SOCIAL_MEDIA_MONITORING
SOC_003112,PERSON_0973,ConnectHub,user_person_0973,2024-05-09 19:25:09,"Great weekend with family, back to work tomorrow.",,LOCATION_0179,0.48,SOCIAL_MEDIA_MONITORING
SOC_003113,PERSON_0388,TalkStream,user_person_0388,2025-10-18 17:27:24,"New shop opening next week, everyone welcome.",,LOCATION_0043,0.84,SOCIAL_MEDIA_MONITORING
SOC_003114,PERSON_0658,ChirpNet,user_person_0658,2024-09-09 03:28:11,"Great weekend with family, back to work tomorrow.",,LOCATION_0266,0.46,SOCIAL_MEDIA_MONITORING
SOC_003115,PERSON_0193,ChirpNet,user_person_0193,2024-10-13 07:12:14,"Great weekend with family, back to work tomorrow.",,LOCATION_0010,0.5,SOCIAL_MEDIA_MONITORING
SOC_003116,PERSON_0717,TalkStream,user_person_0717,2024-05-22 03:28:53,"Package ready, will hand it over as discussed.",PERSON_0760,LOCATION_0244,0.72,SOCIAL_MEDIA_MONITORING
SOC_003117,PERSON_1500,ConnectHub,user_person_1500,2024-02-29 12:35:56,Weather has been unusually warm this month.,,LOCATION_0130,0.46,SOCIAL_MEDIA_MONITORING
SOC_003118,PERSON_0796,TalkStream,user_person_0796,2025-02-23 18:49:08,Traffic was terrible near the market today.,,LOCATION_0252,0.44,SOCIAL_MEDIA_MONITORING
SOC_003119,PERSON_1217,ChirpNet,user_person_1217,2024-11-17 19:46:34,Meeting postponed. Same place tomorrow.,,LOCATION_0054,0.72,SOCIAL_MEDIA_MONITORING
SOC_003120,PERSON_0539,SnapCircle,user_person_0539,2026-04-23 03:29:52,Weather has been unusually warm this month.,,LOCATION_0100,0.82,SOCIAL_MEDIA_MONITORING
SOC_003121,PERSON_0977,PicWall,user_person_0977,2025-12-27 17:45:48,"New shop opening next week, everyone welcome.",,LOCATION_0020,0.77,SOCIAL_MEDIA_MONITORING
SOC_003122,PERSON_1090,TalkStream,user_person_1090,2024-07-14 14:09:17,Happy to share we completed the delivery on time.,,LOCATION_0282,0.56,SOCIAL_MEDIA_MONITORING
SOC_003123,PERSON_0510,ChirpNet,user_person_0510,2024-11-18 18:51:15,"Great weekend with family, back to work tomorrow.",,LOCATION_0207,0.77,SOCIAL_MEDIA_MONITORING
SOC_003124,PERSON_0944,ChirpNet,user_person_0944,2025-11-25 12:02:20,Traffic was terrible near the market today.,,LOCATION_0118,0.44,SOCIAL_MEDIA_MONITORING
SOC_003125,PERSON_0632,ChirpNet,user_person_0632,2024-10-27 19:11:41,"Great weekend with family, back to work tomorrow.",,LOCATION_0250,0.8,SOCIAL_MEDIA_MONITORING
SOC_003126,PERSON_0031,ChirpNet,user_person_0031,2024-08-25 11:20:34,Weather has been unusually warm this month.,,LOCATION_0296,0.58,SOCIAL_MEDIA_MONITORING
SOC_003127,PERSON_0306,ChirpNet,user_person_0306,2025-08-21 22:15:53,Weather has been unusually warm this month.,,LOCATION_0171,0.5,SOCIAL_MEDIA_MONITORING
SOC_003128,PERSON_0094,ConnectHub,user_person_0094,2024-05-14 03:56:56,Weather has been unusually warm this month.,,LOCATION_0177,0.4,SOCIAL_MEDIA_MONITORING
SOC_003129,PERSON_1170,ConnectHub,user_person_1170,2025-05-18 04:26:01,Traffic was terrible near the market today.,,LOCATION_0017,0.65,SOCIAL_MEDIA_MONITORING
SOC_003130,PERSON_0941,SnapCircle,user_person_0941,2025-05-26 07:56:06,Weather has been unusually warm this month.,,LOCATION_0052,0.4,SOCIAL_MEDIA_MONITORING
SOC_003131,PERSON_1018,ChirpNet,user_person_1018,2026-06-27 12:52:38,Weather has been unusually warm this month.,,LOCATION_0191,0.77,SOCIAL_MEDIA_MONITORING
SOC_003132,PERSON_0764,PicWall,user_person_0764,2024-08-08 09:22:46,"New shop opening next week, everyone welcome.",,LOCATION_0101,0.54,SOCIAL_MEDIA_MONITORING
SOC_003133,PERSON_0934,ConnectHub,user_person_0934,2024-10-25 13:33:50,"New shop opening next week, everyone welcome.",,LOCATION_0160,0.7,SOCIAL_MEDIA_MONITORING
SOC_003134,PERSON_0502,ChirpNet,user_person_0502,2025-02-09 12:41:05,Weather has been unusually warm this month.,,LOCATION_0104,0.72,SOCIAL_MEDIA_MONITORING
SOC_003135,PERSON_1465,ConnectHub,user_person_1465,2024-04-06 13:14:50,"Great weekend with family, back to work tomorrow.",,LOCATION_0193,0.76,SOCIAL_MEDIA_MONITORING
SOC_003136,PERSON_0810,PicWall,user_person_0810,2026-04-25 04:05:49,"New shop opening next week, everyone welcome.",,LOCATION_0268,0.56,SOCIAL_MEDIA_MONITORING
SOC_003137,PERSON_0478,SnapCircle,user_person_0478,2025-01-04 03:36:01,"Plan is confirmed, let's proceed as talked about.",PERSON_0932,LOCATION_0008,0.74,SOCIAL_MEDIA_MONITORING
SOC_003138,PERSON_0847,ConnectHub,user_person_0847,2024-02-22 21:43:24,"New shop opening next week, everyone welcome.",,LOCATION_0224,0.47,SOCIAL_MEDIA_MONITORING
SOC_003139,PERSON_0685,PicWall,user_person_0685,2024-03-21 01:14:43,"Great weekend with family, back to work tomorrow.",,LOCATION_0058,0.7,SOCIAL_MEDIA_MONITORING
SOC_003140,PERSON_0227,ConnectHub,user_person_0227,2025-12-17 20:30:15,"Great weekend with family, back to work tomorrow.",,LOCATION_0083,0.44,SOCIAL_MEDIA_MONITORING
SOC_003141,PERSON_1188,ConnectHub,user_person_1188,2026-01-01 01:42:34,Weather has been unusually warm this month.,,LOCATION_0161,0.48,SOCIAL_MEDIA_MONITORING
SOC_003142,PERSON_0443,SnapCircle,user_person_0443,2024-05-10 08:34:05,Traffic was terrible near the market today.,,LOCATION_0129,0.78,SOCIAL_MEDIA_MONITORING
SOC_003143,PERSON_1116,ChirpNet,user_person_1116,2025-11-21 09:27:35,Weather has been unusually warm this month.,,LOCATION_0101,0.53,SOCIAL_MEDIA_MONITORING
SOC_003144,PERSON_0767,TalkStream,user_person_0767,2026-02-27 03:17:38,Traffic was terrible near the market today.,,LOCATION_0169,0.53,SOCIAL_MEDIA_MONITORING
SOC_003145,PERSON_0264,ConnectHub,user_person_0264,2025-02-09 00:11:53,"Everything is set for the evening, see you there.",PERSON_0130,LOCATION_0043,0.57,SOCIAL_MEDIA_MONITORING
SOC_003146,PERSON_0566,ChirpNet,user_person_0566,2025-09-03 17:50:09,"Everything is set for the evening, see you there.",,LOCATION_0021,0.66,SOCIAL_MEDIA_MONITORING
SOC_003147,PERSON_1346,TalkStream,user_person_1346,2024-11-24 05:27:32,"Package ready, will hand it over as discussed.",PERSON_1317,LOCATION_0203,0.61,SOCIAL_MEDIA_MONITORING
SOC_003148,PERSON_1335,TalkStream,user_person_1335,2025-03-19 20:35:14,Happy to share we completed the delivery on time.,,LOCATION_0120,0.7,SOCIAL_MEDIA_MONITORING
SOC_003149,PERSON_1165,PicWall,user_person_1165,2025-07-11 06:46:13,Weather has been unusually warm this month.,,LOCATION_0009,0.67,SOCIAL_MEDIA_MONITORING
SOC_003150,PERSON_0641,ChirpNet,user_person_0641,2024-05-29 05:13:32,Weather has been unusually warm this month.,,LOCATION_0206,0.43,SOCIAL_MEDIA_MONITORING
SOC_003151,PERSON_0734,SnapCircle,user_person_0734,2024-09-09 21:48:27,"New shop opening next week, everyone welcome.",,LOCATION_0161,0.8,SOCIAL_MEDIA_MONITORING
SOC_003152,PERSON_0536,ConnectHub,user_person_0536,2025-10-31 23:42:12,"New shop opening next week, everyone welcome.",,LOCATION_0020,0.51,SOCIAL_MEDIA_MONITORING
SOC_003153,PERSON_0052,ChirpNet,user_person_0052,2025-03-28 15:01:49,"New shop opening next week, everyone welcome.",,LOCATION_0256,0.69,SOCIAL_MEDIA_MONITORING
SOC_003154,PERSON_1297,ConnectHub,user_person_1297,2024-09-01 06:45:43,Weather has been unusually warm this month.,,LOCATION_0046,0.8,SOCIAL_MEDIA_MONITORING
SOC_003155,PERSON_1214,ConnectHub,user_person_1214,2026-02-23 00:19:17,Happy to share we completed the delivery on time.,,LOCATION_0016,0.79,SOCIAL_MEDIA_MONITORING
SOC_003156,PERSON_0037,SnapCircle,user_person_0037,2025-01-07 15:07:51,Weather has been unusually warm this month.,,LOCATION_0237,0.61,SOCIAL_MEDIA_MONITORING
SOC_003157,PERSON_0090,PicWall,user_person_0090,2025-09-04 22:31:15,Happy to share we completed the delivery on time.,,LOCATION_0264,0.84,SOCIAL_MEDIA_MONITORING
SOC_003158,PERSON_1115,ChirpNet,user_person_1115,2025-07-13 03:13:24,Happy to share we completed the delivery on time.,,LOCATION_0111,0.46,SOCIAL_MEDIA_MONITORING
SOC_003159,PERSON_0931,TalkStream,user_person_0931,2025-04-27 08:39:23,"Plan is confirmed, let's proceed as talked about.",,LOCATION_0037,0.79,SOCIAL_MEDIA_MONITORING
SOC_003160,PERSON_0277,ChirpNet,user_person_0277,2025-05-21 14:58:11,Traffic was terrible near the market today.,,LOCATION_0061,0.68,SOCIAL_MEDIA_MONITORING
SOC_003161,PERSON_1100,TalkStream,user_person_1100,2024-05-31 02:55:19,Traffic was terrible near the market today.,,LOCATION_0059,0.73,SOCIAL_MEDIA_MONITORING
SOC_003162,PERSON_1089,SnapCircle,user_person_1089,2024-02-24 03:35:24,"New shop opening next week, everyone welcome.",,LOCATION_0123,0.79,SOCIAL_MEDIA_MONITORING
SOC_003163,PERSON_0392,ConnectHub,user_person_0392,2026-02-28 04:37:47,Keep this between us for now.,,LOCATION_0108,0.7,SOCIAL_MEDIA_MONITORING
SOC_003164,PERSON_1179,SnapCircle,user_person_1179,2026-02-28 09:46:06,Weather has been unusually warm this month.,,LOCATION_0191,0.83,SOCIAL_MEDIA_MONITORING
SOC_003165,PERSON_0351,ChirpNet,user_person_0351,2025-06-17 19:39:21,Keep this between us for now.,,LOCATION_0086,0.45,SOCIAL_MEDIA_MONITORING
SOC_003166,PERSON_0115,ChirpNet,user_person_0115,2026-05-22 13:45:46,Meeting postponed. Same place tomorrow.,,LOCATION_0066,0.74,SOCIAL_MEDIA_MONITORING
SOC_003167,PERSON_0885,ConnectHub,user_person_0885,2024-12-28 23:54:47,"New shop opening next week, everyone welcome.",,LOCATION_0113,0.47,SOCIAL_MEDIA_MONITORING
SOC_003168,PERSON_1069,TalkStream,user_person_1069,2024-04-22 12:39:17,"Great weekend with family, back to work tomorrow.",,LOCATION_0094,0.78,SOCIAL_MEDIA_MONITORING
SOC_003169,PERSON_0153,TalkStream,user_person_0153,2026-03-27 16:36:13,"Package ready, will hand it over as discussed.",,LOCATION_0031,0.53,SOCIAL_MEDIA_MONITORING
SOC_003170,PERSON_0877,SnapCircle,user_person_0877,2024-05-29 21:33:45,"New shop opening next week, everyone welcome.",,LOCATION_0044,0.54,SOCIAL_MEDIA_MONITORING
SOC_003171,PERSON_0659,PicWall,user_person_0659,2025-04-29 01:57:18,"Everything is set for the evening, see you there.",PERSON_0015,LOCATION_0037,0.8,SOCIAL_MEDIA_MONITORING
SOC_003172,PERSON_0016,ChirpNet,user_person_0016,2024-07-21 13:27:56,"Great weekend with family, back to work tomorrow.",,LOCATION_0120,0.55,SOCIAL_MEDIA_MONITORING
SOC_003173,PERSON_0072,ConnectHub,user_person_0072,2024-01-08 04:58:49,"New shop opening next week, everyone welcome.",,LOCATION_0242,0.44,SOCIAL_MEDIA_MONITORING
SOC_003174,PERSON_1312,PicWall,user_person_1312,2025-08-08 07:37:19,Weather has been unusually warm this month.,,LOCATION_0013,0.81,SOCIAL_MEDIA_MONITORING
SOC_003175,PERSON_1179,ConnectHub,user_person_1179,2025-09-07 03:04:59,"Package ready, will hand it over as discussed.",,LOCATION_0261,0.42,SOCIAL_MEDIA_MONITORING
SOC_003176,PERSON_0774,ChirpNet,user_person_0774,2025-01-11 18:39:02,"New shop opening next week, everyone welcome.",,LOCATION_0219,0.75,SOCIAL_MEDIA_MONITORING
SOC_003177,PERSON_1043,SnapCircle,user_person_1043,2025-02-22 07:44:36,"New shop opening next week, everyone welcome.",,LOCATION_0071,0.42,SOCIAL_MEDIA_MONITORING
SOC_003178,PERSON_0149,TalkStream,user_person_0149,2024-02-21 16:20:39,"Everything is set for the evening, see you there.",PERSON_0094,LOCATION_0162,0.64,SOCIAL_MEDIA_MONITORING
SOC_003179,PERSON_0894,PicWall,user_person_0894,2024-03-23 22:13:05,Happy to share we completed the delivery on time.,,LOCATION_0187,0.59,SOCIAL_MEDIA_MONITORING
SOC_003180,PERSON_0497,PicWall,user_person_0497,2024-09-25 21:13:04,"New shop opening next week, everyone welcome.",,LOCATION_0035,0.71,SOCIAL_MEDIA_MONITORING
SOC_003181,PERSON_0373,SnapCircle,user_person_0373,2025-07-31 08:20:05,Happy to share we completed the delivery on time.,,LOCATION_0048,0.58,SOCIAL_MEDIA_MONITORING
SOC_003182,PERSON_0615,SnapCircle,user_person_0615,2025-09-07 16:10:10,Meeting postponed. Same place tomorrow.,,LOCATION_0246,0.8,SOCIAL_MEDIA_MONITORING
SOC_003183,PERSON_1461,TalkStream,user_person_1461,2025-06-22 02:47:51,Happy to share we completed the delivery on time.,,LOCATION_0292,0.58,SOCIAL_MEDIA_MONITORING
SOC_003184,PERSON_1159,ChirpNet,user_person_1159,2026-03-02 19:09:33,"Great weekend with family, back to work tomorrow.",,LOCATION_0190,0.45,SOCIAL_MEDIA_MONITORING
SOC_003185,PERSON_0792,ConnectHub,user_person_0792,2025-11-03 00:12:00,"Great weekend with family, back to work tomorrow.",,LOCATION_0287,0.83,SOCIAL_MEDIA_MONITORING
SOC_003186,PERSON_1005,ChirpNet,user_person_1005,2025-11-01 15:04:21,"Great weekend with family, back to work tomorrow.",,LOCATION_0084,0.66,SOCIAL_MEDIA_MONITORING
SOC_003187,PERSON_0011,SnapCircle,user_person_0011,2026-03-04 16:56:36,"New shop opening next week, everyone welcome.",,LOCATION_0230,0.84,SOCIAL_MEDIA_MONITORING
SOC_003188,PERSON_0953,ConnectHub,user_person_0953,2024-01-19 04:37:24,Weather has been unusually warm this month.,,LOCATION_0176,0.5,SOCIAL_MEDIA_MONITORING
SOC_003189,PERSON_0887,ConnectHub,user_person_0887,2025-07-11 00:55:24,"Great weekend with family, back to work tomorrow.",,LOCATION_0204,0.49,SOCIAL_MEDIA_MONITORING
SOC_003190,PERSON_0332,SnapCircle,user_person_0332,2026-02-04 18:51:13,"New shop opening next week, everyone welcome.",,LOCATION_0200,0.82,SOCIAL_MEDIA_MONITORING
SOC_003191,PERSON_1438,TalkStream,user_person_1438,2024-02-18 20:00:58,Weather has been unusually warm this month.,,LOCATION_0295,0.58,SOCIAL_MEDIA_MONITORING
SOC_003192,PERSON_0999,ConnectHub,user_person_0999,2026-02-25 21:45:57,Happy to share we completed the delivery on time.,,LOCATION_0066,0.7,SOCIAL_MEDIA_MONITORING
SOC_003193,PERSON_0296,PicWall,user_person_0296,2024-07-06 05:38:45,"Plan is confirmed, let's proceed as talked about.",,LOCATION_0024,0.73,SOCIAL_MEDIA_MONITORING
SOC_003194,PERSON_0720,SnapCircle,user_person_0720,2025-01-26 18:48:20,Weather has been unusually warm this month.,,LOCATION_0164,0.43,SOCIAL_MEDIA_MONITORING
SOC_003195,PERSON_1204,ConnectHub,user_person_1204,2024-01-23 04:20:14,Meeting postponed. Same place tomorrow.,PERSON_0188,LOCATION_0235,0.48,SOCIAL_MEDIA_MONITORING
SOC_003196,PERSON_1491,ChirpNet,user_person_1491,2024-12-28 11:28:38,Weather has been unusually warm this month.,,LOCATION_0199,0.73,SOCIAL_MEDIA_MONITORING
SOC_003197,PERSON_0150,ConnectHub,user_person_0150,2024-12-02 00:05:03,"Plan is confirmed, let's proceed as talked about.",,LOCATION_0095,0.56,SOCIAL_MEDIA_MONITORING
SOC_003198,PERSON_0110,TalkStream,user_person_0110,2025-12-01 12:38:37,"Everything is set for the evening, see you there.",,LOCATION_0058,0.57,SOCIAL_MEDIA_MONITORING
SOC_003199,PERSON_0853,TalkStream,user_person_0853,2024-10-09 06:50:54,Traffic was terrible near the market today.,,LOCATION_0248,0.83,SOCIAL_MEDIA_MONITORING
SOC_003200,PERSON_0978,PicWall,user_person_0978,2024-07-02 17:01:10,Weather has been unusually warm this month.,,LOCATION_0049,0.51,SOCIAL_MEDIA_MONITORING
SOC_003201,PERSON_0251,TalkStream,user_person_0251,2024-03-25 13:40:38,"Great weekend with family, back to work tomorrow.",,LOCATION_0075,0.53,SOCIAL_MEDIA_MONITORING
SOC_003202,PERSON_0402,SnapCircle,user_person_0402,2025-08-13 19:13:25,"New shop opening next week, everyone welcome.",,LOCATION_0002,0.76,SOCIAL_MEDIA_MONITORING
SOC_003203,PERSON_0942,ChirpNet,user_person_0942,2026-04-27 00:42:22,Happy to share we completed the delivery on time.,,LOCATION_0223,0.83,SOCIAL_MEDIA_MONITORING
SOC_003204,PERSON_0088,TalkStream,user_person_0088,2025-09-11 08:50:16,Traffic was terrible near the market today.,,LOCATION_0198,0.4,SOCIAL_MEDIA_MONITORING
SOC_003205,PERSON_1221,ChirpNet,user_person_1221,2024-02-05 10:30:56,Weather has been unusually warm this month.,,LOCATION_0173,0.68,SOCIAL_MEDIA_MONITORING
SOC_003206,PERSON_1316,TalkStream,user_person_1316,2025-10-27 20:58:31,Happy to share we completed the delivery on time.,,LOCATION_0123,0.8,SOCIAL_MEDIA_MONITORING
SOC_003207,PERSON_1314,PicWall,user_person_1314,2026-06-23 23:06:14,Happy to share we completed the delivery on time.,,LOCATION_0142,0.67,SOCIAL_MEDIA_MONITORING
SOC_003208,PERSON_1148,PicWall,user_person_1148,2024-01-18 09:47:23,"New shop opening next week, everyone welcome.",,LOCATION_0009,0.41,SOCIAL_MEDIA_MONITORING
SOC_003209,PERSON_0330,ChirpNet,user_person_0330,2026-04-27 17:02:00,Weather has been unusually warm this month.,,LOCATION_0263,0.85,SOCIAL_MEDIA_MONITORING
SOC_003210,PERSON_1256,PicWall,user_person_1256,2025-04-23 13:26:07,"Great weekend with family, back to work tomorrow.",,LOCATION_0158,0.47,SOCIAL_MEDIA_MONITORING
SOC_003211,PERSON_0910,PicWall,user_person_0910,2024-10-30 09:11:40,Weather has been unusually warm this month.,,LOCATION_0192,0.48,SOCIAL_MEDIA_MONITORING
SOC_003212,PERSON_0178,ChirpNet,user_person_0178,2024-09-01 21:45:59,Traffic was terrible near the market today.,,LOCATION_0168,0.79,SOCIAL_MEDIA_MONITORING
SOC_003213,PERSON_1288,ChirpNet,user_person_1288,2024-03-11 03:13:47,"Package ready, will hand it over as discussed.",PERSON_1327,LOCATION_0238,0.76,SOCIAL_MEDIA_MONITORING
SOC_003214,PERSON_0984,SnapCircle,user_person_0984,2025-04-29 13:59:35,Weather has been unusually warm this month.,,LOCATION_0128,0.54,SOCIAL_MEDIA_MONITORING
SOC_003215,PERSON_0800,ConnectHub,user_person_0800,2025-04-20 03:08:05,Happy to share we completed the delivery on time.,,LOCATION_0028,0.59,SOCIAL_MEDIA_MONITORING
SOC_003216,PERSON_0352,ChirpNet,user_person_0352,2025-08-08 11:19:24,Happy to share we completed the delivery on time.,,LOCATION_0032,0.73,SOCIAL_MEDIA_MONITORING
SOC_003217,PERSON_0860,ConnectHub,user_person_0860,2026-06-26 07:55:24,"New shop opening next week, everyone welcome.",,LOCATION_0130,0.84,SOCIAL_MEDIA_MONITORING
SOC_003218,PERSON_0238,PicWall,user_person_0238,2026-03-02 00:16:20,Weather has been unusually warm this month.,,LOCATION_0111,0.45,SOCIAL_MEDIA_MONITORING
SOC_003219,PERSON_0644,ChirpNet,user_person_0644,2024-05-30 23:42:02,"Great weekend with family, back to work tomorrow.",,LOCATION_0124,0.78,SOCIAL_MEDIA_MONITORING
SOC_003220,PERSON_1418,SnapCircle,user_person_1418,2025-09-12 09:32:24,"Great weekend with family, back to work tomorrow.",,LOCATION_0099,0.81,SOCIAL_MEDIA_MONITORING
SOC_003221,PERSON_0594,ChirpNet,user_person_0594,2024-09-15 08:39:32,Traffic was terrible near the market today.,,LOCATION_0287,0.67,SOCIAL_MEDIA_MONITORING
SOC_003222,PERSON_0305,PicWall,user_person_0305,2026-03-11 20:40:01,Happy to share we completed the delivery on time.,,LOCATION_0148,0.59,SOCIAL_MEDIA_MONITORING
SOC_003223,PERSON_1406,PicWall,user_person_1406,2025-04-12 20:17:17,Happy to share we completed the delivery on time.,,LOCATION_0174,0.55,SOCIAL_MEDIA_MONITORING
SOC_003224,PERSON_0609,SnapCircle,user_person_0609,2024-12-26 09:06:22,Traffic was terrible near the market today.,,LOCATION_0251,0.72,SOCIAL_MEDIA_MONITORING
SOC_003225,PERSON_0576,TalkStream,user_person_0576,2024-08-27 14:17:43,"Plan is confirmed, let's proceed as talked about.",,LOCATION_0097,0.5,SOCIAL_MEDIA_MONITORING
SOC_003226,PERSON_0660,ChirpNet,user_person_0660,2025-11-07 03:32:28,"Great weekend with family, back to work tomorrow.",,LOCATION_0158,0.73,SOCIAL_MEDIA_MONITORING
SOC_003227,PERSON_0125,ConnectHub,user_person_0125,2024-05-21 10:17:27,"Great weekend with family, back to work tomorrow.",,LOCATION_0154,0.63,SOCIAL_MEDIA_MONITORING
SOC_003228,PERSON_1243,PicWall,user_person_1243,2024-11-12 10:49:39,"New shop opening next week, everyone welcome.",,LOCATION_0098,0.73,SOCIAL_MEDIA_MONITORING
SOC_003229,PERSON_0755,PicWall,user_person_0755,2025-09-10 20:01:19,"Package ready, will hand it over as discussed.",,LOCATION_0080,0.76,SOCIAL_MEDIA_MONITORING
SOC_003230,PERSON_0496,ConnectHub,user_person_0496,2024-06-14 00:01:33,Traffic was terrible near the market today.,,LOCATION_0232,0.63,SOCIAL_MEDIA_MONITORING
SOC_003231,PERSON_0715,TalkStream,user_person_0715,2024-01-02 11:08:05,"New shop opening next week, everyone welcome.",,LOCATION_0176,0.53,SOCIAL_MEDIA_MONITORING
SOC_003232,PERSON_0703,ChirpNet,user_person_0703,2025-04-02 14:59:43,Happy to share we completed the delivery on time.,,LOCATION_0066,0.74,SOCIAL_MEDIA_MONITORING
SOC_003233,PERSON_0106,TalkStream,user_person_0106,2024-10-25 18:53:53,Meeting postponed. Same place tomorrow.,,LOCATION_0220,0.77,SOCIAL_MEDIA_MONITORING
SOC_003234,PERSON_0922,SnapCircle,user_person_0922,2025-03-27 17:31:16,"Plan is confirmed, let's proceed as talked about.",PERSON_1080,LOCATION_0279,0.78,SOCIAL_MEDIA_MONITORING
SOC_003235,PERSON_0959,SnapCircle,user_person_0959,2024-04-18 14:19:23,"Everything is set for the evening, see you there.",,LOCATION_0261,0.83,SOCIAL_MEDIA_MONITORING
SOC_003236,PERSON_0394,ChirpNet,user_person_0394,2025-12-02 19:55:42,Traffic was terrible near the market today.,,LOCATION_0053,0.52,SOCIAL_MEDIA_MONITORING
SOC_003237,PERSON_1450,SnapCircle,user_person_1450,2026-06-09 21:41:31,"Everything is set for the evening, see you there.",PERSON_0936,LOCATION_0218,0.6,SOCIAL_MEDIA_MONITORING
SOC_003238,PERSON_0288,PicWall,user_person_0288,2024-09-25 19:26:59,"Great weekend with family, back to work tomorrow.",,LOCATION_0141,0.41,SOCIAL_MEDIA_MONITORING
SOC_003239,PERSON_0299,TalkStream,user_person_0299,2024-06-07 02:50:33,"New shop opening next week, everyone welcome.",,LOCATION_0124,0.47,SOCIAL_MEDIA_MONITORING
SOC_003240,PERSON_1396,ConnectHub,user_person_1396,2024-01-26 21:58:32,"New shop opening next week, everyone welcome.",,LOCATION_0041,0.55,SOCIAL_MEDIA_MONITORING
SOC_003241,PERSON_0203,ChirpNet,user_person_0203,2026-05-22 04:05:57,"Great weekend with family, back to work tomorrow.",,LOCATION_0174,0.62,SOCIAL_MEDIA_MONITORING
SOC_003242,PERSON_1166,PicWall,user_person_1166,2025-02-07 00:38:01,"Great weekend with family, back to work tomorrow.",,LOCATION_0014,0.56,SOCIAL_MEDIA_MONITORING
SOC_003243,PERSON_0751,SnapCircle,user_person_0751,2024-07-03 20:11:24,Weather has been unusually warm this month.,,LOCATION_0192,0.65,SOCIAL_MEDIA_MONITORING
SOC_003244,PERSON_1370,TalkStream,user_person_1370,2025-10-27 20:04:07,Traffic was terrible near the market today.,,LOCATION_0211,0.83,SOCIAL_MEDIA_MONITORING
SOC_003245,PERSON_0543,TalkStream,user_person_0543,2025-02-02 21:51:16,Happy to share we completed the delivery on time.,,LOCATION_0080,0.42,SOCIAL_MEDIA_MONITORING
SOC_003246,PERSON_0385,ConnectHub,user_person_0385,2025-05-18 20:51:04,Weather has been unusually warm this month.,,LOCATION_0153,0.6,SOCIAL_MEDIA_MONITORING
SOC_003247,PERSON_1256,ChirpNet,user_person_1256,2025-10-21 15:30:42,Happy to share we completed the delivery on time.,,LOCATION_0148,0.51,SOCIAL_MEDIA_MONITORING
SOC_003248,PERSON_0223,SnapCircle,user_person_0223,2024-07-25 12:12:49,Traffic was terrible near the market today.,,LOCATION_0175,0.41,SOCIAL_MEDIA_MONITORING
SOC_003249,PERSON_0614,PicWall,user_person_0614,2025-11-21 11:51:07,Keep this between us for now.,,LOCATION_0194,0.81,SOCIAL_MEDIA_MONITORING
SOC_003250,PERSON_0263,TalkStream,user_person_0263,2025-01-13 20:35:17,Traffic was terrible near the market today.,,LOCATION_0215,0.73,SOCIAL_MEDIA_MONITORING
SOC_003251,PERSON_0141,PicWall,user_person_0141,2026-05-15 16:06:53,"New shop opening next week, everyone welcome.",,LOCATION_0180,0.52,SOCIAL_MEDIA_MONITORING
SOC_003252,PERSON_0520,PicWall,user_person_0520,2025-11-18 17:40:13,Weather has been unusually warm this month.,,LOCATION_0153,0.45,SOCIAL_MEDIA_MONITORING
SOC_003253,PERSON_0216,PicWall,user_person_0216,2026-05-20 22:00:37,"Everything is set for the evening, see you there.",PERSON_0910,LOCATION_0092,0.53,SOCIAL_MEDIA_MONITORING
SOC_003254,PERSON_1048,ConnectHub,user_person_1048,2025-06-18 04:10:32,"New shop opening next week, everyone welcome.",,LOCATION_0084,0.44,SOCIAL_MEDIA_MONITORING
SOC_003255,PERSON_0964,TalkStream,user_person_0964,2024-08-03 13:58:13,"Great weekend with family, back to work tomorrow.",,LOCATION_0217,0.73,SOCIAL_MEDIA_MONITORING
SOC_003256,PERSON_0186,ConnectHub,user_person_0186,2026-03-29 06:35:48,"New shop opening next week, everyone welcome.",,LOCATION_0204,0.52,SOCIAL_MEDIA_MONITORING
SOC_003257,PERSON_0371,TalkStream,user_person_0371,2024-07-05 20:49:33,Happy to share we completed the delivery on time.,,LOCATION_0199,0.4,SOCIAL_MEDIA_MONITORING
SOC_003258,PERSON_1292,PicWall,user_person_1292,2025-07-19 18:32:25,Traffic was terrible near the market today.,,LOCATION_0276,0.7,SOCIAL_MEDIA_MONITORING
SOC_003259,PERSON_0079,PicWall,user_person_0079,2024-11-13 13:14:35,Happy to share we completed the delivery on time.,,LOCATION_0118,0.62,SOCIAL_MEDIA_MONITORING
SOC_003260,PERSON_0862,PicWall,user_person_0862,2025-03-08 05:41:56,"New shop opening next week, everyone welcome.",,LOCATION_0198,0.4,SOCIAL_MEDIA_MONITORING
SOC_003261,PERSON_0447,TalkStream,user_person_0447,2025-11-16 05:38:16,"Everything is set for the evening, see you there.",,LOCATION_0053,0.48,SOCIAL_MEDIA_MONITORING
SOC_003262,PERSON_0268,PicWall,user_person_0268,2026-05-12 03:21:47,Happy to share we completed the delivery on time.,,LOCATION_0221,0.58,SOCIAL_MEDIA_MONITORING
SOC_003263,PERSON_0811,SnapCircle,user_person_0811,2024-10-28 14:15:37,Happy to share we completed the delivery on time.,,LOCATION_0091,0.78,SOCIAL_MEDIA_MONITORING
SOC_003264,PERSON_0844,ConnectHub,user_person_0844,2025-04-27 03:51:26,Keep this between us for now.,,LOCATION_0226,0.72,SOCIAL_MEDIA_MONITORING
SOC_003265,PERSON_0898,ChirpNet,user_person_0898,2024-12-12 15:34:58,"Great weekend with family, back to work tomorrow.",,LOCATION_0176,0.5,SOCIAL_MEDIA_MONITORING
SOC_003266,PERSON_0465,PicWall,user_person_0465,2025-02-23 20:56:13,Meeting postponed. Same place tomorrow.,PERSON_1023,LOCATION_0131,0.46,SOCIAL_MEDIA_MONITORING
SOC_003267,PERSON_0888,SnapCircle,user_person_0888,2025-04-01 17:10:42,Weather has been unusually warm this month.,,LOCATION_0016,0.85,SOCIAL_MEDIA_MONITORING
SOC_003268,PERSON_1457,TalkStream,user_person_1457,2025-10-29 23:41:21,"Plan is confirmed, let's proceed as talked about.",PERSON_0796,LOCATION_0273,0.56,SOCIAL_MEDIA_MONITORING
SOC_003269,PERSON_1431,ChirpNet,user_person_1431,2025-09-02 20:09:58,"Everything is set for the evening, see you there.",,LOCATION_0226,0.44,SOCIAL_MEDIA_MONITORING
SOC_003270,PERSON_0708,ConnectHub,user_person_0708,2026-01-10 07:41:15,"New shop opening next week, everyone welcome.",,LOCATION_0219,0.48,SOCIAL_MEDIA_MONITORING
SOC_003271,PERSON_0074,TalkStream,user_person_0074,2024-07-05 00:33:27,Happy to share we completed the delivery on time.,,LOCATION_0042,0.48,SOCIAL_MEDIA_MONITORING
SOC_003272,PERSON_1436,SnapCircle,user_person_1436,2025-06-02 09:33:17,"Package ready, will hand it over as discussed.",,LOCATION_0253,0.52,SOCIAL_MEDIA_MONITORING
SOC_003273,PERSON_0976,TalkStream,user_person_0976,2024-07-28 08:49:35,Weather has been unusually warm this month.,,LOCATION_0229,0.74,SOCIAL_MEDIA_MONITORING
SOC_003274,PERSON_0617,TalkStream,user_person_0617,2024-07-13 08:30:24,"New shop opening next week, everyone welcome.",,LOCATION_0125,0.84,SOCIAL_MEDIA_MONITORING
SOC_003275,PERSON_0244,ChirpNet,user_person_0244,2025-12-29 15:49:54,"New shop opening next week, everyone welcome.",,LOCATION_0034,0.77,SOCIAL_MEDIA_MONITORING
SOC_003276,PERSON_0624,ConnectHub,user_person_0624,2026-01-17 13:48:18,Weather has been unusually warm this month.,,LOCATION_0065,0.52,SOCIAL_MEDIA_MONITORING
SOC_003277,PERSON_0363,PicWall,user_person_0363,2024-06-16 16:19:13,"Great weekend with family, back to work tomorrow.",,LOCATION_0063,0.6,SOCIAL_MEDIA_MONITORING
SOC_003278,PERSON_1211,ChirpNet,user_person_1211,2024-11-09 00:54:09,"Plan is confirmed, let's proceed as talked about.",,LOCATION_0055,0.42,SOCIAL_MEDIA_MONITORING
SOC_003279,PERSON_1411,SnapCircle,user_person_1411,2024-07-11 08:07:06,Keep this between us for now.,,LOCATION_0160,0.48,SOCIAL_MEDIA_MONITORING
SOC_003280,PERSON_1413,SnapCircle,user_person_1413,2024-07-28 07:12:36,"Great weekend with family, back to work tomorrow.",,LOCATION_0073,0.6,SOCIAL_MEDIA_MONITORING
SOC_003281,PERSON_0170,TalkStream,user_person_0170,2024-06-21 22:30:19,"Great weekend with family, back to work tomorrow.",,LOCATION_0216,0.49,SOCIAL_MEDIA_MONITORING
SOC_003282,PERSON_1328,PicWall,user_person_1328,2024-02-07 17:53:16,Traffic was terrible near the market today.,,LOCATION_0089,0.57,SOCIAL_MEDIA_MONITORING
SOC_003283,PERSON_1191,TalkStream,user_person_1191,2024-11-02 18:18:18,Happy to share we completed the delivery on time.,,LOCATION_0241,0.48,SOCIAL_MEDIA_MONITORING
SOC_003284,PERSON_1010,SnapCircle,user_person_1010,2024-04-05 16:21:58,Weather has been unusually warm this month.,,LOCATION_0078,0.6,SOCIAL_MEDIA_MONITORING
SOC_003285,PERSON_0105,ChirpNet,user_person_0105,2026-01-23 12:57:49,Traffic was terrible near the market today.,,LOCATION_0071,0.46,SOCIAL_MEDIA_MONITORING
SOC_003286,PERSON_1390,ChirpNet,user_person_1390,2025-01-05 00:39:43,Traffic was terrible near the market today.,,LOCATION_0101,0.8,SOCIAL_MEDIA_MONITORING
SOC_003287,PERSON_0876,ChirpNet,user_person_0876,2026-05-27 21:56:49,Traffic was terrible near the market today.,,LOCATION_0062,0.67,SOCIAL_MEDIA_MONITORING
SOC_003288,PERSON_0855,TalkStream,user_person_0855,2024-12-17 11:39:57,"New shop opening next week, everyone welcome.",,LOCATION_0127,0.83,SOCIAL_MEDIA_MONITORING
SOC_003289,PERSON_0929,TalkStream,user_person_0929,2024-02-20 22:59:37,Weather has been unusually warm this month.,,LOCATION_0254,0.54,SOCIAL_MEDIA_MONITORING
SOC_003290,PERSON_0447,ConnectHub,user_person_0447,2024-10-21 07:18:57,Weather has been unusually warm this month.,,LOCATION_0263,0.64,SOCIAL_MEDIA_MONITORING
SOC_003291,PERSON_0914,TalkStream,user_person_0914,2026-06-27 02:35:32,Happy to share we completed the delivery on time.,,LOCATION_0097,0.85,SOCIAL_MEDIA_MONITORING
SOC_003292,PERSON_0176,ChirpNet,user_person_0176,2025-07-16 02:36:59,"New shop opening next week, everyone welcome.",,LOCATION_0028,0.81,SOCIAL_MEDIA_MONITORING
SOC_003293,PERSON_1028,TalkStream,user_person_1028,2025-10-22 05:34:15,Happy to share we completed the delivery on time.,,LOCATION_0159,0.76,SOCIAL_MEDIA_MONITORING
SOC_003294,PERSON_0727,ConnectHub,user_person_0727,2024-07-25 23:28:15,Traffic was terrible near the market today.,,LOCATION_0184,0.54,SOCIAL_MEDIA_MONITORING
SOC_003295,PERSON_1396,PicWall,user_person_1396,2025-04-17 10:26:32,Meeting postponed. Same place tomorrow.,,LOCATION_0051,0.8,SOCIAL_MEDIA_MONITORING
SOC_003296,PERSON_0022,SnapCircle,user_person_0022,2024-08-29 10:55:53,"Plan is confirmed, let's proceed as talked about.",,LOCATION_0193,0.81,SOCIAL_MEDIA_MONITORING
SOC_003297,PERSON_0942,PicWall,user_person_0942,2025-03-02 00:20:08,Happy to share we completed the delivery on time.,,LOCATION_0073,0.73,SOCIAL_MEDIA_MONITORING
SOC_003298,PERSON_1383,SnapCircle,user_person_1383,2026-04-27 19:55:03,"Package ready, will hand it over as discussed.",,LOCATION_0194,0.45,SOCIAL_MEDIA_MONITORING
SOC_003299,PERSON_0575,PicWall,user_person_0575,2024-07-18 09:55:23,Traffic was terrible near the market today.,,LOCATION_0263,0.74,SOCIAL_MEDIA_MONITORING
SOC_003300,PERSON_1086,TalkStream,user_person_1086,2024-12-05 14:22:11,Weather has been unusually warm this month.,,LOCATION_0195,0.49,SOCIAL_MEDIA_MONITORING
SOC_003301,PERSON_0867,TalkStream,user_person_0867,2025-06-23 13:53:52,"Great weekend with family, back to work tomorrow.",,LOCATION_0134,0.82,SOCIAL_MEDIA_MONITORING
SOC_003302,PERSON_1093,SnapCircle,user_person_1093,2025-07-19 04:14:36,"Package ready, will hand it over as discussed.",PERSON_1262,LOCATION_0204,0.67,SOCIAL_MEDIA_MONITORING
SOC_003303,PERSON_0607,SnapCircle,user_person_0607,2026-06-10 02:44:13,"Great weekend with family, back to work tomorrow.",,LOCATION_0030,0.53,SOCIAL_MEDIA_MONITORING
SOC_003304,PERSON_1198,PicWall,user_person_1198,2024-04-09 06:50:14,Traffic was terrible near the market today.,,LOCATION_0006,0.6,SOCIAL_MEDIA_MONITORING
SOC_003305,PERSON_1460,ConnectHub,user_person_1460,2025-07-20 04:51:38,"New shop opening next week, everyone welcome.",,LOCATION_0137,0.57,SOCIAL_MEDIA_MONITORING
SOC_003306,PERSON_0190,ConnectHub,user_person_0190,2024-03-13 07:54:42,Traffic was terrible near the market today.,,LOCATION_0153,0.81,SOCIAL_MEDIA_MONITORING
SOC_003307,PERSON_1496,ChirpNet,user_person_1496,2024-10-09 12:39:58,Weather has been unusually warm this month.,,LOCATION_0243,0.41,SOCIAL_MEDIA_MONITORING
SOC_003308,PERSON_1393,TalkStream,user_person_1393,2026-01-06 01:02:03,"Great weekend with family, back to work tomorrow.",,LOCATION_0201,0.54,SOCIAL_MEDIA_MONITORING
SOC_003309,PERSON_0323,TalkStream,user_person_0323,2024-07-28 22:57:59,Weather has been unusually warm this month.,,LOCATION_0214,0.58,SOCIAL_MEDIA_MONITORING
SOC_003310,PERSON_0245,SnapCircle,user_person_0245,2025-04-06 09:43:39,"New shop opening next week, everyone welcome.",,LOCATION_0049,0.46,SOCIAL_MEDIA_MONITORING
SOC_003311,PERSON_0112,SnapCircle,user_person_0112,2025-07-05 10:49:37,"New shop opening next week, everyone welcome.",,LOCATION_0177,0.65,SOCIAL_MEDIA_MONITORING
SOC_003312,PERSON_0506,ConnectHub,user_person_0506,2026-03-31 18:39:41,Weather has been unusually warm this month.,,LOCATION_0145,0.5,SOCIAL_MEDIA_MONITORING
SOC_003313,PERSON_0831,ConnectHub,user_person_0831,2026-01-17 18:02:05,Traffic was terrible near the market today.,,LOCATION_0010,0.42,SOCIAL_MEDIA_MONITORING
SOC_003314,PERSON_1238,TalkStream,user_person_1238,2026-05-12 23:19:27,"Package ready, will hand it over as discussed.",PERSON_1333,LOCATION_0080,0.63,SOCIAL_MEDIA_MONITORING
SOC_003315,PERSON_1209,SnapCircle,user_person_1209,2025-01-12 06:07:48,"New shop opening next week, everyone welcome.",,LOCATION_0158,0.84,SOCIAL_MEDIA_MONITORING
SOC_003316,PERSON_0065,PicWall,user_person_0065,2026-03-20 03:29:15,Weather has been unusually warm this month.,,LOCATION_0239,0.47,SOCIAL_MEDIA_MONITORING
SOC_003317,PERSON_1128,SnapCircle,user_person_1128,2024-08-29 17:51:33,Happy to share we completed the delivery on time.,,LOCATION_0088,0.76,SOCIAL_MEDIA_MONITORING
SOC_003318,PERSON_0008,ChirpNet,user_person_0008,2024-02-14 16:57:22,"New shop opening next week, everyone welcome.",,LOCATION_0197,0.53,SOCIAL_MEDIA_MONITORING
SOC_003319,PERSON_0411,SnapCircle,user_person_0411,2025-09-30 01:58:57,Happy to share we completed the delivery on time.,,LOCATION_0180,0.6,SOCIAL_MEDIA_MONITORING
SOC_003320,PERSON_0801,PicWall,user_person_0801,2025-11-28 19:43:15,Happy to share we completed the delivery on time.,,LOCATION_0049,0.6,SOCIAL_MEDIA_MONITORING
SOC_003321,PERSON_1157,PicWall,user_person_1157,2025-02-06 00:06:27,Traffic was terrible near the market today.,,LOCATION_0234,0.53,SOCIAL_MEDIA_MONITORING
SOC_003322,PERSON_1008,SnapCircle,user_person_1008,2024-11-22 05:13:40,Weather has been unusually warm this month.,,LOCATION_0247,0.71,SOCIAL_MEDIA_MONITORING
SOC_003323,PERSON_0263,TalkStream,user_person_0263,2025-12-30 12:18:28,"New shop opening next week, everyone welcome.",,LOCATION_0125,0.49,SOCIAL_MEDIA_MONITORING
SOC_003324,PERSON_0493,ConnectHub,user_person_0493,2025-09-15 17:35:35,"New shop opening next week, everyone welcome.",,LOCATION_0148,0.51,SOCIAL_MEDIA_MONITORING
SOC_003325,PERSON_1249,ConnectHub,user_person_1249,2025-07-25 18:21:37,"Great weekend with family, back to work tomorrow.",,LOCATION_0178,0.72,SOCIAL_MEDIA_MONITORING
SOC_003326,PERSON_0317,SnapCircle,user_person_0317,2024-07-01 06:50:29,"New shop opening next week, everyone welcome.",,LOCATION_0207,0.84,SOCIAL_MEDIA_MONITORING
SOC_003327,PERSON_0442,ChirpNet,user_person_0442,2024-01-22 16:18:48,"New shop opening next week, everyone welcome.",,LOCATION_0271,0.56,SOCIAL_MEDIA_MONITORING
SOC_003328,PERSON_0420,ConnectHub,user_person_0420,2025-05-21 14:59:42,"New shop opening next week, everyone welcome.",,LOCATION_0043,0.54,SOCIAL_MEDIA_MONITORING
SOC_003329,PERSON_1278,PicWall,user_person_1278,2025-02-18 14:17:41,"Great weekend with family, back to work tomorrow.",,LOCATION_0045,0.41,SOCIAL_MEDIA_MONITORING
SOC_003330,PERSON_0564,ChirpNet,user_person_0564,2025-09-20 18:35:30,"Great weekend with family, back to work tomorrow.",,LOCATION_0190,0.41,SOCIAL_MEDIA_MONITORING
SOC_003331,PERSON_0672,ConnectHub,user_person_0672,2025-10-25 17:47:49,Traffic was terrible near the market today.,,LOCATION_0117,0.81,SOCIAL_MEDIA_MONITORING
SOC_003332,PERSON_1285,SnapCircle,user_person_1285,2024-11-24 23:22:25,Happy to share we completed the delivery on time.,,LOCATION_0053,0.54,SOCIAL_MEDIA_MONITORING
SOC_003333,PERSON_1330,ChirpNet,user_person_1330,2024-03-13 06:04:46,"Great weekend with family, back to work tomorrow.",,LOCATION_0014,0.83,SOCIAL_MEDIA_MONITORING
SOC_003334,PERSON_1176,PicWall,user_person_1176,2025-06-01 19:54:57,Weather has been unusually warm this month.,,LOCATION_0134,0.73,SOCIAL_MEDIA_MONITORING
SOC_003335,PERSON_1370,SnapCircle,user_person_1370,2024-05-28 14:33:22,Happy to share we completed the delivery on time.,,LOCATION_0241,0.65,SOCIAL_MEDIA_MONITORING
SOC_003336,PERSON_0842,TalkStream,user_person_0842,2026-05-24 11:53:27,"Great weekend with family, back to work tomorrow.",,LOCATION_0031,0.63,SOCIAL_MEDIA_MONITORING
SOC_003337,PERSON_0247,SnapCircle,user_person_0247,2025-05-04 02:50:18,Weather has been unusually warm this month.,,LOCATION_0034,0.54,SOCIAL_MEDIA_MONITORING
SOC_003338,PERSON_0311,ConnectHub,user_person_0311,2025-09-09 17:13:36,Happy to share we completed the delivery on time.,,LOCATION_0238,0.53,SOCIAL_MEDIA_MONITORING
SOC_003339,PERSON_1317,ConnectHub,user_person_1317,2026-06-18 10:06:32,Traffic was terrible near the market today.,,LOCATION_0126,0.53,SOCIAL_MEDIA_MONITORING
SOC_003340,PERSON_0817,PicWall,user_person_0817,2024-11-29 23:26:58,Keep this between us for now.,PERSON_1272,LOCATION_0160,0.59,SOCIAL_MEDIA_MONITORING
SOC_003341,PERSON_1116,TalkStream,user_person_1116,2024-03-15 15:38:23,"Great weekend with family, back to work tomorrow.",,LOCATION_0111,0.52,SOCIAL_MEDIA_MONITORING
SOC_003342,PERSON_1270,TalkStream,user_person_1270,2026-02-15 11:06:55,"Great weekend with family, back to work tomorrow.",,LOCATION_0140,0.52,SOCIAL_MEDIA_MONITORING
SOC_003343,PERSON_0910,ConnectHub,user_person_0910,2024-09-27 22:52:40,Keep this between us for now.,,LOCATION_0102,0.78,SOCIAL_MEDIA_MONITORING
SOC_003344,PERSON_0638,SnapCircle,user_person_0638,2024-08-21 02:14:13,Happy to share we completed the delivery on time.,,LOCATION_0224,0.53,SOCIAL_MEDIA_MONITORING
SOC_003345,PERSON_0909,TalkStream,user_person_0909,2026-05-13 02:18:29,Weather has been unusually warm this month.,,LOCATION_0294,0.63,SOCIAL_MEDIA_MONITORING
SOC_003346,PERSON_1500,TalkStream,user_person_1500,2025-12-08 13:20:03,Weather has been unusually warm this month.,,LOCATION_0280,0.71,SOCIAL_MEDIA_MONITORING
SOC_003347,PERSON_1380,SnapCircle,user_person_1380,2025-01-29 19:23:59,"Great weekend with family, back to work tomorrow.",,LOCATION_0188,0.57,SOCIAL_MEDIA_MONITORING
SOC_003348,PERSON_0801,TalkStream,user_person_0801,2025-02-17 13:04:38,"New shop opening next week, everyone welcome.",,LOCATION_0199,0.76,SOCIAL_MEDIA_MONITORING
SOC_003349,PERSON_0784,ChirpNet,user_person_0784,2024-08-17 16:35:57,Traffic was terrible near the market today.,,LOCATION_0157,0.55,SOCIAL_MEDIA_MONITORING
SOC_003350,PERSON_0271,ChirpNet,user_person_0271,2026-01-14 23:58:33,Traffic was terrible near the market today.,,LOCATION_0129,0.4,SOCIAL_MEDIA_MONITORING
SOC_003351,PERSON_0257,PicWall,user_person_0257,2024-02-09 02:00:52,Happy to share we completed the delivery on time.,,LOCATION_0208,0.77,SOCIAL_MEDIA_MONITORING
SOC_003352,PERSON_0486,TalkStream,user_person_0486,2026-03-26 21:18:33,"New shop opening next week, everyone welcome.",,LOCATION_0094,0.79,SOCIAL_MEDIA_MONITORING
SOC_003353,PERSON_0258,ConnectHub,user_person_0258,2024-05-08 13:11:42,Traffic was terrible near the market today.,,LOCATION_0229,0.63,SOCIAL_MEDIA_MONITORING
SOC_003354,PERSON_0824,ChirpNet,user_person_0824,2024-12-30 12:39:12,Keep this between us for now.,PERSON_0656,LOCATION_0166,0.68,SOCIAL_MEDIA_MONITORING
SOC_003355,PERSON_0891,TalkStream,user_person_0891,2025-01-21 07:31:05,Traffic was terrible near the market today.,,LOCATION_0129,0.64,SOCIAL_MEDIA_MONITORING
SOC_003356,PERSON_0206,TalkStream,user_person_0206,2025-01-12 16:40:59,Weather has been unusually warm this month.,,LOCATION_0102,0.43,SOCIAL_MEDIA_MONITORING
SOC_003357,PERSON_0722,PicWall,user_person_0722,2025-08-16 08:38:49,Keep this between us for now.,,LOCATION_0194,0.75,SOCIAL_MEDIA_MONITORING
SOC_003358,PERSON_0073,ChirpNet,user_person_0073,2024-08-06 05:15:23,Traffic was terrible near the market today.,,LOCATION_0225,0.52,SOCIAL_MEDIA_MONITORING
SOC_003359,PERSON_1362,PicWall,user_person_1362,2024-10-15 21:24:32,Traffic was terrible near the market today.,,LOCATION_0067,0.64,SOCIAL_MEDIA_MONITORING
SOC_003360,PERSON_0461,PicWall,user_person_0461,2024-08-11 20:46:31,Traffic was terrible near the market today.,,LOCATION_0160,0.65,SOCIAL_MEDIA_MONITORING
SOC_003361,PERSON_1379,ChirpNet,user_person_1379,2024-07-17 19:33:00,Happy to share we completed the delivery on time.,,LOCATION_0170,0.41,SOCIAL_MEDIA_MONITORING
SOC_003362,PERSON_0701,SnapCircle,user_person_0701,2024-11-06 15:29:45,Weather has been unusually warm this month.,,LOCATION_0130,0.67,SOCIAL_MEDIA_MONITORING
SOC_003363,PERSON_0404,TalkStream,user_person_0404,2024-03-23 05:26:24,Happy to share we completed the delivery on time.,,LOCATION_0134,0.46,SOCIAL_MEDIA_MONITORING
SOC_003364,PERSON_1284,PicWall,user_person_1284,2026-04-08 06:54:29,Happy to share we completed the delivery on time.,,LOCATION_0265,0.45,SOCIAL_MEDIA_MONITORING
SOC_003365,PERSON_1153,ConnectHub,user_person_1153,2025-04-11 10:38:56,Weather has been unusually warm this month.,,LOCATION_0038,0.48,SOCIAL_MEDIA_MONITORING
SOC_003366,PERSON_1021,ConnectHub,user_person_1021,2025-02-15 14:53:17,"Great weekend with family, back to work tomorrow.",,LOCATION_0137,0.54,SOCIAL_MEDIA_MONITORING
SOC_003367,PERSON_1036,ConnectHub,user_person_1036,2024-08-31 18:07:08,"Great weekend with family, back to work tomorrow.",,LOCATION_0047,0.69,SOCIAL_MEDIA_MONITORING
SOC_003368,PERSON_0330,ConnectHub,user_person_0330,2024-04-17 07:07:51,Happy to share we completed the delivery on time.,,LOCATION_0283,0.83,SOCIAL_MEDIA_MONITORING
SOC_003369,PERSON_1106,ConnectHub,user_person_1106,2025-03-15 22:50:33,"Great weekend with family, back to work tomorrow.",,LOCATION_0277,0.74,SOCIAL_MEDIA_MONITORING
SOC_003370,PERSON_1034,PicWall,user_person_1034,2024-01-06 21:59:27,Happy to share we completed the delivery on time.,,LOCATION_0109,0.75,SOCIAL_MEDIA_MONITORING
SOC_003371,PERSON_0083,PicWall,user_person_0083,2025-03-15 05:44:59,Weather has been unusually warm this month.,,LOCATION_0054,0.41,SOCIAL_MEDIA_MONITORING
SOC_003372,PERSON_0535,ChirpNet,user_person_0535,2026-01-18 14:56:41,"New shop opening next week, everyone welcome.",,LOCATION_0110,0.83,SOCIAL_MEDIA_MONITORING
SOC_003373,PERSON_0758,PicWall,user_person_0758,2025-12-12 18:53:05,Weather has been unusually warm this month.,,LOCATION_0145,0.77,SOCIAL_MEDIA_MONITORING
SOC_003374,PERSON_0449,PicWall,user_person_0449,2024-09-28 16:48:52,Weather has been unusually warm this month.,,LOCATION_0213,0.41,SOCIAL_MEDIA_MONITORING
SOC_003375,PERSON_0285,ChirpNet,user_person_0285,2024-02-05 23:52:58,Keep this between us for now.,PERSON_0512,LOCATION_0071,0.42,SOCIAL_MEDIA_MONITORING
SOC_003376,PERSON_0544,ChirpNet,user_person_0544,2024-06-21 14:45:57,"Great weekend with family, back to work tomorrow.",,LOCATION_0086,0.71,SOCIAL_MEDIA_MONITORING
SOC_003377,PERSON_0676,ChirpNet,user_person_0676,2025-08-23 23:17:46,Traffic was terrible near the market today.,,LOCATION_0039,0.5,SOCIAL_MEDIA_MONITORING
SOC_003378,PERSON_0197,ConnectHub,user_person_0197,2025-11-12 11:12:11,"Great weekend with family, back to work tomorrow.",,LOCATION_0048,0.43,SOCIAL_MEDIA_MONITORING
SOC_003379,PERSON_0321,PicWall,user_person_0321,2025-10-09 03:15:41,Happy to share we completed the delivery on time.,,LOCATION_0108,0.5,SOCIAL_MEDIA_MONITORING
SOC_003380,PERSON_1122,PicWall,user_person_1122,2024-01-09 02:27:51,Traffic was terrible near the market today.,,LOCATION_0285,0.73,SOCIAL_MEDIA_MONITORING
SOC_003381,PERSON_0968,PicWall,user_person_0968,2024-03-16 19:39:32,Traffic was terrible near the market today.,,LOCATION_0104,0.45,SOCIAL_MEDIA_MONITORING
SOC_003382,PERSON_1107,ConnectHub,user_person_1107,2024-07-02 02:10:53,"Package ready, will hand it over as discussed.",PERSON_0913,LOCATION_0272,0.78,SOCIAL_MEDIA_MONITORING
SOC_003383,PERSON_1351,ConnectHub,user_person_1351,2024-12-03 23:04:01,"Great weekend with family, back to work tomorrow.",,LOCATION_0155,0.84,SOCIAL_MEDIA_MONITORING
SOC_003384,PERSON_0162,SnapCircle,user_person_0162,2025-02-27 21:05:16,"Package ready, will hand it over as discussed.",PERSON_1484,LOCATION_0087,0.49,SOCIAL_MEDIA_MONITORING
SOC_003385,PERSON_0802,ConnectHub,user_person_0802,2024-09-10 19:59:20,Traffic was terrible near the market today.,,LOCATION_0150,0.53,SOCIAL_MEDIA_MONITORING
SOC_003386,PERSON_1124,ChirpNet,user_person_1124,2026-02-05 13:36:44,Weather has been unusually warm this month.,,LOCATION_0279,0.41,SOCIAL_MEDIA_MONITORING
SOC_003387,PERSON_0541,ConnectHub,user_person_0541,2025-01-07 06:09:25,"New shop opening next week, everyone welcome.",,LOCATION_0218,0.47,SOCIAL_MEDIA_MONITORING
SOC_003388,PERSON_1295,PicWall,user_person_1295,2025-06-26 03:52:45,Weather has been unusually warm this month.,,LOCATION_0189,0.65,SOCIAL_MEDIA_MONITORING
SOC_003389,PERSON_0582,TalkStream,user_person_0582,2026-04-07 16:03:39,Weather has been unusually warm this month.,,LOCATION_0282,0.59,SOCIAL_MEDIA_MONITORING
SOC_003390,PERSON_0846,ChirpNet,user_person_0846,2025-11-11 20:13:28,Traffic was terrible near the market today.,,LOCATION_0117,0.85,SOCIAL_MEDIA_MONITORING
SOC_003391,PERSON_1171,PicWall,user_person_1171,2025-12-12 15:30:30,Traffic was terrible near the market today.,,LOCATION_0006,0.45,SOCIAL_MEDIA_MONITORING
SOC_003392,PERSON_0858,SnapCircle,user_person_0858,2026-05-03 04:42:17,Happy to share we completed the delivery on time.,,LOCATION_0095,0.68,SOCIAL_MEDIA_MONITORING
SOC_003393,PERSON_0753,ChirpNet,user_person_0753,2026-03-31 17:24:15,Weather has been unusually warm this month.,,LOCATION_0133,0.84,SOCIAL_MEDIA_MONITORING
SOC_003394,PERSON_0263,SnapCircle,user_person_0263,2025-04-29 07:26:20,Weather has been unusually warm this month.,,LOCATION_0085,0.79,SOCIAL_MEDIA_MONITORING
SOC_003395,PERSON_0463,ChirpNet,user_person_0463,2024-07-11 23:13:15,Weather has been unusually warm this month.,,LOCATION_0040,0.52,SOCIAL_MEDIA_MONITORING
SOC_003396,PERSON_0583,ChirpNet,user_person_0583,2025-01-20 03:23:49,Happy to share we completed the delivery on time.,,LOCATION_0265,0.82,SOCIAL_MEDIA_MONITORING
SOC_003397,PERSON_1310,ChirpNet,user_person_1310,2025-07-29 07:19:32,"New shop opening next week, everyone welcome.",,LOCATION_0088,0.65,SOCIAL_MEDIA_MONITORING
SOC_003398,PERSON_0378,ChirpNet,user_person_0378,2024-04-21 02:20:29,Happy to share we completed the delivery on time.,,LOCATION_0143,0.64,SOCIAL_MEDIA_MONITORING
SOC_003399,PERSON_1257,PicWall,user_person_1257,2024-01-24 01:42:20,Traffic was terrible near the market today.,,LOCATION_0260,0.85,SOCIAL_MEDIA_MONITORING
SOC_003400,PERSON_1264,ConnectHub,user_person_1264,2026-04-25 11:47:05,Happy to share we completed the delivery on time.,,LOCATION_0181,0.63,SOCIAL_MEDIA_MONITORING
SOC_003401,PERSON_0744,ConnectHub,user_person_0744,2024-03-10 09:34:39,Happy to share we completed the delivery on time.,,LOCATION_0105,0.54,SOCIAL_MEDIA_MONITORING
SOC_003402,PERSON_0214,SnapCircle,user_person_0214,2024-07-29 04:37:07,"New shop opening next week, everyone welcome.",,LOCATION_0213,0.48,SOCIAL_MEDIA_MONITORING
SOC_003403,PERSON_0808,SnapCircle,user_person_0808,2026-06-14 16:01:46,Traffic was terrible near the market today.,,LOCATION_0248,0.69,SOCIAL_MEDIA_MONITORING
SOC_003404,PERSON_1319,TalkStream,user_person_1319,2025-01-12 21:06:12,"Great weekend with family, back to work tomorrow.",,LOCATION_0239,0.55,SOCIAL_MEDIA_MONITORING
SOC_003405,PERSON_0619,PicWall,user_person_0619,2024-05-06 00:04:04,Weather has been unusually warm this month.,,LOCATION_0280,0.72,SOCIAL_MEDIA_MONITORING
SOC_003406,PERSON_0347,ConnectHub,user_person_0347,2025-02-19 20:04:13,"Everything is set for the evening, see you there.",,LOCATION_0036,0.62,SOCIAL_MEDIA_MONITORING
SOC_003407,PERSON_0946,ChirpNet,user_person_0946,2024-02-07 10:45:28,"Everything is set for the evening, see you there.",PERSON_0310,LOCATION_0217,0.42,SOCIAL_MEDIA_MONITORING
SOC_003408,PERSON_0544,ChirpNet,user_person_0544,2026-01-13 01:51:19,"New shop opening next week, everyone welcome.",,LOCATION_0166,0.66,SOCIAL_MEDIA_MONITORING
SOC_003409,PERSON_0935,SnapCircle,user_person_0935,2024-02-25 15:41:34,Weather has been unusually warm this month.,,LOCATION_0027,0.85,SOCIAL_MEDIA_MONITORING
SOC_003410,PERSON_1186,ChirpNet,user_person_1186,2026-04-10 12:51:03,"New shop opening next week, everyone welcome.",,LOCATION_0092,0.72,SOCIAL_MEDIA_MONITORING
SOC_003411,PERSON_1003,PicWall,user_person_1003,2025-09-23 08:16:34,"New shop opening next week, everyone welcome.",,LOCATION_0054,0.71,SOCIAL_MEDIA_MONITORING
SOC_003412,PERSON_0244,TalkStream,user_person_0244,2025-01-28 10:33:07,Keep this between us for now.,PERSON_1417,LOCATION_0254,0.83,SOCIAL_MEDIA_MONITORING
SOC_003413,PERSON_0094,PicWall,user_person_0094,2024-12-13 04:36:33,"Package ready, will hand it over as discussed.",,LOCATION_0037,0.73,SOCIAL_MEDIA_MONITORING
SOC_003414,PERSON_0825,SnapCircle,user_person_0825,2024-03-17 21:38:14,Weather has been unusually warm this month.,,LOCATION_0204,0.58,SOCIAL_MEDIA_MONITORING
SOC_003415,PERSON_0789,PicWall,user_person_0789,2025-08-07 04:17:11,Traffic was terrible near the market today.,,LOCATION_0089,0.63,SOCIAL_MEDIA_MONITORING
SOC_003416,PERSON_1492,SnapCircle,user_person_1492,2024-11-25 22:05:22,"Great weekend with family, back to work tomorrow.",,LOCATION_0127,0.46,SOCIAL_MEDIA_MONITORING
SOC_003417,PERSON_0804,TalkStream,user_person_0804,2024-11-16 05:16:17,"Great weekend with family, back to work tomorrow.",,LOCATION_0050,0.52,SOCIAL_MEDIA_MONITORING
SOC_003418,PERSON_0868,SnapCircle,user_person_0868,2024-11-07 04:47:16,Traffic was terrible near the market today.,,LOCATION_0273,0.53,SOCIAL_MEDIA_MONITORING
SOC_003419,PERSON_1433,SnapCircle,user_person_1433,2025-12-19 00:27:16,Traffic was terrible near the market today.,,LOCATION_0098,0.42,SOCIAL_MEDIA_MONITORING
SOC_003420,PERSON_1367,ChirpNet,user_person_1367,2024-11-09 09:29:08,Traffic was terrible near the market today.,,LOCATION_0289,0.77,SOCIAL_MEDIA_MONITORING
SOC_003421,PERSON_0018,ChirpNet,user_person_0018,2024-05-29 12:25:31,"New shop opening next week, everyone welcome.",,LOCATION_0233,0.69,SOCIAL_MEDIA_MONITORING
SOC_003422,PERSON_1421,ConnectHub,user_person_1421,2026-02-18 13:51:20,Happy to share we completed the delivery on time.,,LOCATION_0057,0.79,SOCIAL_MEDIA_MONITORING
SOC_003423,PERSON_0905,PicWall,user_person_0905,2025-02-19 00:20:32,Weather has been unusually warm this month.,,LOCATION_0294,0.84,SOCIAL_MEDIA_MONITORING
SOC_003424,PERSON_1442,PicWall,user_person_1442,2025-07-14 23:15:50,Weather has been unusually warm this month.,,LOCATION_0268,0.49,SOCIAL_MEDIA_MONITORING
SOC_003425,PERSON_0807,TalkStream,user_person_0807,2025-01-12 14:25:14,"Everything is set for the evening, see you there.",,LOCATION_0166,0.73,SOCIAL_MEDIA_MONITORING
SOC_003426,PERSON_0308,TalkStream,user_person_0308,2025-01-08 17:18:02,Weather has been unusually warm this month.,,LOCATION_0145,0.73,SOCIAL_MEDIA_MONITORING
SOC_003427,PERSON_0662,ConnectHub,user_person_0662,2025-10-27 06:00:23,Happy to share we completed the delivery on time.,,LOCATION_0084,0.57,SOCIAL_MEDIA_MONITORING
SOC_003428,PERSON_0559,ChirpNet,user_person_0559,2024-01-25 05:39:47,Happy to share we completed the delivery on time.,,LOCATION_0010,0.71,SOCIAL_MEDIA_MONITORING
SOC_003429,PERSON_0920,ConnectHub,user_person_0920,2025-10-15 11:07:17,Traffic was terrible near the market today.,,LOCATION_0193,0.73,SOCIAL_MEDIA_MONITORING
SOC_003430,PERSON_0974,ChirpNet,user_person_0974,2024-10-09 15:01:43,Happy to share we completed the delivery on time.,,LOCATION_0296,0.49,SOCIAL_MEDIA_MONITORING
SOC_003431,PERSON_1090,ChirpNet,user_person_1090,2026-06-18 22:22:53,"Great weekend with family, back to work tomorrow.",,LOCATION_0062,0.52,SOCIAL_MEDIA_MONITORING
SOC_003432,PERSON_1189,PicWall,user_person_1189,2025-08-18 11:57:38,"New shop opening next week, everyone welcome.",,LOCATION_0290,0.63,SOCIAL_MEDIA_MONITORING
SOC_003433,PERSON_1236,ChirpNet,user_person_1236,2025-11-20 01:55:28,"New shop opening next week, everyone welcome.",,LOCATION_0248,0.42,SOCIAL_MEDIA_MONITORING
SOC_003434,PERSON_1079,PicWall,user_person_1079,2025-12-04 09:54:48,Traffic was terrible near the market today.,,LOCATION_0064,0.51,SOCIAL_MEDIA_MONITORING
SOC_003435,PERSON_0775,ChirpNet,user_person_0775,2026-05-31 19:46:15,"New shop opening next week, everyone welcome.",,LOCATION_0027,0.6,SOCIAL_MEDIA_MONITORING
SOC_003436,PERSON_0365,SnapCircle,user_person_0365,2024-06-16 11:46:00,"New shop opening next week, everyone welcome.",,LOCATION_0276,0.55,SOCIAL_MEDIA_MONITORING
SOC_003437,PERSON_0343,ConnectHub,user_person_0343,2026-04-26 10:57:08,"New shop opening next week, everyone welcome.",,LOCATION_0204,0.66,SOCIAL_MEDIA_MONITORING
SOC_003438,PERSON_0280,TalkStream,user_person_0280,2026-06-10 14:44:09,Traffic was terrible near the market today.,,LOCATION_0144,0.56,SOCIAL_MEDIA_MONITORING
SOC_003439,PERSON_1022,SnapCircle,user_person_1022,2026-03-24 05:56:04,Traffic was terrible near the market today.,,LOCATION_0131,0.8,SOCIAL_MEDIA_MONITORING
SOC_003440,PERSON_1281,ConnectHub,user_person_1281,2024-05-19 04:37:07,Traffic was terrible near the market today.,,LOCATION_0026,0.45,SOCIAL_MEDIA_MONITORING
SOC_003441,PERSON_1225,TalkStream,user_person_1225,2025-06-16 01:08:47,Weather has been unusually warm this month.,,LOCATION_0225,0.51,SOCIAL_MEDIA_MONITORING
SOC_003442,PERSON_0198,TalkStream,user_person_0198,2026-03-12 23:33:15,Weather has been unusually warm this month.,,LOCATION_0046,0.53,SOCIAL_MEDIA_MONITORING
SOC_003443,PERSON_0891,PicWall,user_person_0891,2026-01-17 06:46:18,"New shop opening next week, everyone welcome.",,LOCATION_0019,0.46,SOCIAL_MEDIA_MONITORING
SOC_003444,PERSON_1434,TalkStream,user_person_1434,2025-11-16 19:05:15,"New shop opening next week, everyone welcome.",,LOCATION_0212,0.45,SOCIAL_MEDIA_MONITORING
SOC_003445,PERSON_0904,SnapCircle,user_person_0904,2026-01-25 14:08:56,Traffic was terrible near the market today.,,LOCATION_0230,0.48,SOCIAL_MEDIA_MONITORING
SOC_003446,PERSON_1333,ConnectHub,user_person_1333,2025-08-26 02:04:37,"Great weekend with family, back to work tomorrow.",,LOCATION_0213,0.8,SOCIAL_MEDIA_MONITORING
SOC_003447,PERSON_0559,TalkStream,user_person_0559,2026-02-03 17:44:26,Happy to share we completed the delivery on time.,,LOCATION_0050,0.8,SOCIAL_MEDIA_MONITORING
SOC_003448,PERSON_0978,PicWall,user_person_0978,2024-12-28 08:02:53,"Great weekend with family, back to work tomorrow.",,LOCATION_0299,0.47,SOCIAL_MEDIA_MONITORING
SOC_003449,PERSON_0068,ChirpNet,user_person_0068,2026-03-23 02:25:47,"New shop opening next week, everyone welcome.",,LOCATION_0249,0.56,SOCIAL_MEDIA_MONITORING
SOC_003450,PERSON_0649,ChirpNet,user_person_0649,2025-03-14 09:11:30,Weather has been unusually warm this month.,,LOCATION_0114,0.71,SOCIAL_MEDIA_MONITORING
SOC_003451,PERSON_0894,ConnectHub,user_person_0894,2024-06-22 16:03:49,Traffic was terrible near the market today.,,LOCATION_0027,0.68,SOCIAL_MEDIA_MONITORING
SOC_003452,PERSON_0250,ChirpNet,user_person_0250,2025-12-16 03:03:30,Traffic was terrible near the market today.,,LOCATION_0184,0.42,SOCIAL_MEDIA_MONITORING
SOC_003453,PERSON_0665,SnapCircle,user_person_0665,2024-02-25 16:37:09,Happy to share we completed the delivery on time.,,LOCATION_0129,0.82,SOCIAL_MEDIA_MONITORING
SOC_003454,PERSON_0082,TalkStream,user_person_0082,2024-11-05 13:39:45,Traffic was terrible near the market today.,,LOCATION_0182,0.48,SOCIAL_MEDIA_MONITORING
SOC_003455,PERSON_0357,ChirpNet,user_person_0357,2025-10-15 04:56:31,"New shop opening next week, everyone welcome.",,LOCATION_0298,0.44,SOCIAL_MEDIA_MONITORING
SOC_003456,PERSON_0028,SnapCircle,user_person_0028,2024-08-15 00:25:46,"New shop opening next week, everyone welcome.",,LOCATION_0091,0.75,SOCIAL_MEDIA_MONITORING
SOC_003457,PERSON_0654,SnapCircle,user_person_0654,2025-11-11 01:54:29,"Package ready, will hand it over as discussed.",PERSON_0179,LOCATION_0064,0.46,SOCIAL_MEDIA_MONITORING
SOC_003458,PERSON_1247,PicWall,user_person_1247,2024-06-23 06:56:39,"New shop opening next week, everyone welcome.",,LOCATION_0197,0.79,SOCIAL_MEDIA_MONITORING
SOC_003459,PERSON_0165,TalkStream,user_person_0165,2026-03-25 19:47:44,"New shop opening next week, everyone welcome.",,LOCATION_0042,0.67,SOCIAL_MEDIA_MONITORING
SOC_003460,PERSON_0534,SnapCircle,user_person_0534,2025-03-20 15:51:52,Weather has been unusually warm this month.,,LOCATION_0137,0.48,SOCIAL_MEDIA_MONITORING
SOC_003461,PERSON_0511,TalkStream,user_person_0511,2025-11-16 18:11:50,Happy to share we completed the delivery on time.,,LOCATION_0251,0.78,SOCIAL_MEDIA_MONITORING
SOC_003462,PERSON_0115,ConnectHub,user_person_0115,2025-01-21 13:00:11,Keep this between us for now.,PERSON_1212,LOCATION_0206,0.49,SOCIAL_MEDIA_MONITORING
SOC_003463,PERSON_0013,PicWall,user_person_0013,2024-04-06 19:14:26,"New shop opening next week, everyone welcome.",,LOCATION_0016,0.53,SOCIAL_MEDIA_MONITORING
SOC_003464,PERSON_1357,TalkStream,user_person_1357,2026-01-27 09:54:13,"Everything is set for the evening, see you there.",,LOCATION_0256,0.75,SOCIAL_MEDIA_MONITORING
SOC_003465,PERSON_1416,TalkStream,user_person_1416,2024-04-10 18:21:42,"Great weekend with family, back to work tomorrow.",,LOCATION_0299,0.63,SOCIAL_MEDIA_MONITORING
SOC_003466,PERSON_0538,PicWall,user_person_0538,2025-10-30 21:51:23,Keep this between us for now.,PERSON_0300,LOCATION_0163,0.43,SOCIAL_MEDIA_MONITORING
SOC_003467,PERSON_1269,SnapCircle,user_person_1269,2025-04-22 08:16:52,Traffic was terrible near the market today.,,LOCATION_0096,0.58,SOCIAL_MEDIA_MONITORING
SOC_003468,PERSON_1488,SnapCircle,user_person_1488,2025-04-03 20:59:36,Weather has been unusually warm this month.,,LOCATION_0110,0.45,SOCIAL_MEDIA_MONITORING
SOC_003469,PERSON_1214,TalkStream,user_person_1214,2024-01-09 09:02:19,"Great weekend with family, back to work tomorrow.",,LOCATION_0266,0.4,SOCIAL_MEDIA_MONITORING
SOC_003470,PERSON_1299,ConnectHub,user_person_1299,2024-08-13 01:31:32,Meeting postponed. Same place tomorrow.,PERSON_0453,LOCATION_0162,0.45,SOCIAL_MEDIA_MONITORING
SOC_003471,PERSON_1463,TalkStream,user_person_1463,2025-07-24 23:42:30,Traffic was terrible near the market today.,,LOCATION_0106,0.48,SOCIAL_MEDIA_MONITORING
SOC_003472,PERSON_0810,TalkStream,user_person_0810,2026-06-01 12:32:26,"Great weekend with family, back to work tomorrow.",,LOCATION_0038,0.64,SOCIAL_MEDIA_MONITORING
SOC_003473,PERSON_0276,TalkStream,user_person_0276,2024-07-26 09:25:57,"New shop opening next week, everyone welcome.",,LOCATION_0282,0.56,SOCIAL_MEDIA_MONITORING
SOC_003474,PERSON_0319,ChirpNet,user_person_0319,2025-07-12 09:18:57,Weather has been unusually warm this month.,,LOCATION_0225,0.44,SOCIAL_MEDIA_MONITORING
SOC_003475,PERSON_0731,PicWall,user_person_0731,2026-02-13 09:54:27,Happy to share we completed the delivery on time.,,LOCATION_0223,0.64,SOCIAL_MEDIA_MONITORING
SOC_003476,PERSON_0684,ConnectHub,user_person_0684,2026-02-07 18:37:43,Happy to share we completed the delivery on time.,,LOCATION_0233,0.62,SOCIAL_MEDIA_MONITORING
SOC_003477,PERSON_1262,ConnectHub,user_person_1262,2025-05-19 09:47:36,Happy to share we completed the delivery on time.,,LOCATION_0279,0.49,SOCIAL_MEDIA_MONITORING
SOC_003478,PERSON_0708,PicWall,user_person_0708,2025-04-29 22:00:16,"Package ready, will hand it over as discussed.",,LOCATION_0299,0.72,SOCIAL_MEDIA_MONITORING
SOC_003479,PERSON_0438,PicWall,user_person_0438,2024-04-01 13:14:49,"New shop opening next week, everyone welcome.",,LOCATION_0033,0.63,SOCIAL_MEDIA_MONITORING
SOC_003480,PERSON_1307,PicWall,user_person_1307,2026-01-27 14:44:59,Traffic was terrible near the market today.,,LOCATION_0130,0.52,SOCIAL_MEDIA_MONITORING
SOC_003481,PERSON_0704,PicWall,user_person_0704,2026-05-31 05:57:30,Weather has been unusually warm this month.,,LOCATION_0269,0.42,SOCIAL_MEDIA_MONITORING
SOC_003482,PERSON_0258,ChirpNet,user_person_0258,2024-01-25 20:37:28,Happy to share we completed the delivery on time.,,LOCATION_0219,0.49,SOCIAL_MEDIA_MONITORING
SOC_003483,PERSON_1272,ConnectHub,user_person_1272,2025-06-11 04:41:04,Happy to share we completed the delivery on time.,,LOCATION_0175,0.42,SOCIAL_MEDIA_MONITORING
SOC_003484,PERSON_0278,SnapCircle,user_person_0278,2024-08-29 20:18:47,"New shop opening next week, everyone welcome.",,LOCATION_0142,0.48,SOCIAL_MEDIA_MONITORING
SOC_003485,PERSON_0784,PicWall,user_person_0784,2024-12-09 17:07:55,"Great weekend with family, back to work tomorrow.",,LOCATION_0277,0.68,SOCIAL_MEDIA_MONITORING
SOC_003486,PERSON_0958,ChirpNet,user_person_0958,2024-09-18 11:57:22,Traffic was terrible near the market today.,,LOCATION_0120,0.54,SOCIAL_MEDIA_MONITORING
SOC_003487,PERSON_1496,ConnectHub,user_person_1496,2025-03-01 06:01:35,Traffic was terrible near the market today.,,LOCATION_0293,0.71,SOCIAL_MEDIA_MONITORING
SOC_003488,PERSON_1125,ChirpNet,user_person_1125,2025-10-05 11:55:55,Traffic was terrible near the market today.,,LOCATION_0046,0.42,SOCIAL_MEDIA_MONITORING
SOC_003489,PERSON_1026,PicWall,user_person_1026,2024-09-20 06:15:56,Traffic was terrible near the market today.,,LOCATION_0137,0.57,SOCIAL_MEDIA_MONITORING
SOC_003490,PERSON_1337,ChirpNet,user_person_1337,2024-03-31 08:40:57,Happy to share we completed the delivery on time.,,LOCATION_0253,0.85,SOCIAL_MEDIA_MONITORING
SOC_003491,PERSON_0756,ConnectHub,user_person_0756,2024-07-09 18:16:54,Happy to share we completed the delivery on time.,,LOCATION_0121,0.69,SOCIAL_MEDIA_MONITORING
SOC_003492,PERSON_0565,TalkStream,user_person_0565,2026-05-04 21:43:10,"New shop opening next week, everyone welcome.",,LOCATION_0056,0.69,SOCIAL_MEDIA_MONITORING
SOC_003493,PERSON_1228,SnapCircle,user_person_1228,2024-01-13 23:33:18,"Great weekend with family, back to work tomorrow.",,LOCATION_0139,0.5,SOCIAL_MEDIA_MONITORING
SOC_003494,PERSON_1232,TalkStream,user_person_1232,2026-04-04 13:45:09,Traffic was terrible near the market today.,,LOCATION_0163,0.54,SOCIAL_MEDIA_MONITORING
SOC_003495,PERSON_0872,ChirpNet,user_person_0872,2026-04-16 20:25:45,Happy to share we completed the delivery on time.,,LOCATION_0255,0.74,SOCIAL_MEDIA_MONITORING
SOC_003496,PERSON_1151,TalkStream,user_person_1151,2024-07-02 00:28:12,"Everything is set for the evening, see you there.",,LOCATION_0165,0.44,SOCIAL_MEDIA_MONITORING
SOC_003497,PERSON_0508,ChirpNet,user_person_0508,2025-06-10 10:38:49,Weather has been unusually warm this month.,,LOCATION_0108,0.41,SOCIAL_MEDIA_MONITORING
SOC_003498,PERSON_0950,SnapCircle,user_person_0950,2024-07-16 15:04:15,"Plan is confirmed, let's proceed as talked about.",PERSON_0238,LOCATION_0229,0.65,SOCIAL_MEDIA_MONITORING
SOC_003499,PERSON_0540,ChirpNet,user_person_0540,2026-03-12 19:00:33,"New shop opening next week, everyone welcome.",,LOCATION_0105,0.42,SOCIAL_MEDIA_MONITORING
SOC_003500,PERSON_0294,ChirpNet,user_person_0294,2026-02-12 05:29:24,"New shop opening next week, everyone welcome.",,LOCATION_0282,0.85,SOCIAL_MEDIA_MONITORING
SOC_003501,PERSON_0186,TalkStream,user_person_0186,2026-05-10 22:06:02,"Everything is set for the evening, see you there.",,LOCATION_0264,0.81,SOCIAL_MEDIA_MONITORING
SOC_003502,PERSON_0439,ConnectHub,user_person_0439,2024-09-30 06:28:52,"New shop opening next week, everyone welcome.",,LOCATION_0079,0.52,SOCIAL_MEDIA_MONITORING
SOC_003503,PERSON_1067,PicWall,user_person_1067,2025-11-25 02:32:23,"Great weekend with family, back to work tomorrow.",,LOCATION_0216,0.6,SOCIAL_MEDIA_MONITORING
SOC_003504,PERSON_1263,ConnectHub,user_person_1263,2025-11-06 06:39:22,Traffic was terrible near the market today.,,LOCATION_0103,0.55,SOCIAL_MEDIA_MONITORING
SOC_003505,PERSON_0825,ConnectHub,user_person_0825,2024-11-29 07:38:43,"Plan is confirmed, let's proceed as talked about.",PERSON_1250,LOCATION_0274,0.58,SOCIAL_MEDIA_MONITORING
SOC_003506,PERSON_0356,PicWall,user_person_0356,2025-05-21 14:22:55,"Great weekend with family, back to work tomorrow.",,LOCATION_0245,0.42,SOCIAL_MEDIA_MONITORING
SOC_003507,PERSON_1267,ConnectHub,user_person_1267,2024-07-14 03:55:24,"Great weekend with family, back to work tomorrow.",,LOCATION_0207,0.43,SOCIAL_MEDIA_MONITORING
SOC_003508,PERSON_0952,ConnectHub,user_person_0952,2024-07-25 22:17:23,"New shop opening next week, everyone welcome.",,LOCATION_0073,0.66,SOCIAL_MEDIA_MONITORING
SOC_003509,PERSON_0199,ChirpNet,user_person_0199,2026-02-03 20:26:09,Weather has been unusually warm this month.,,LOCATION_0211,0.47,SOCIAL_MEDIA_MONITORING
SOC_003510,PERSON_0055,TalkStream,user_person_0055,2024-03-19 18:57:52,Traffic was terrible near the market today.,,LOCATION_0082,0.59,SOCIAL_MEDIA_MONITORING
SOC_003511,PERSON_0294,SnapCircle,user_person_0294,2025-10-23 08:25:55,Keep this between us for now.,,LOCATION_0192,0.47,SOCIAL_MEDIA_MONITORING
SOC_003512,PERSON_0139,PicWall,user_person_0139,2025-06-24 14:19:29,"Great weekend with family, back to work tomorrow.",,LOCATION_0227,0.41,SOCIAL_MEDIA_MONITORING
SOC_003513,PERSON_0523,SnapCircle,user_person_0523,2024-07-28 17:43:35,"New shop opening next week, everyone welcome.",,LOCATION_0131,0.62,SOCIAL_MEDIA_MONITORING
SOC_003514,PERSON_1142,TalkStream,user_person_1142,2024-11-09 18:47:21,Traffic was terrible near the market today.,,LOCATION_0244,0.63,SOCIAL_MEDIA_MONITORING
SOC_003515,PERSON_0001,PicWall,user_person_0001,2024-09-22 04:26:37,Happy to share we completed the delivery on time.,,LOCATION_0063,0.57,SOCIAL_MEDIA_MONITORING
SOC_003516,PERSON_1190,TalkStream,user_person_1190,2025-01-02 07:23:43,"New shop opening next week, everyone welcome.",,LOCATION_0279,0.68,SOCIAL_MEDIA_MONITORING
SOC_003517,PERSON_0535,TalkStream,user_person_0535,2024-12-17 17:45:53,Traffic was terrible near the market today.,,LOCATION_0220,0.83,SOCIAL_MEDIA_MONITORING
SOC_003518,PERSON_0129,PicWall,user_person_0129,2025-11-29 04:27:25,"Everything is set for the evening, see you there.",,LOCATION_0187,0.5,SOCIAL_MEDIA_MONITORING
SOC_003519,PERSON_1035,TalkStream,user_person_1035,2026-06-17 06:56:48,"Great weekend with family, back to work tomorrow.",,LOCATION_0106,0.81,SOCIAL_MEDIA_MONITORING
SOC_003520,PERSON_1407,PicWall,user_person_1407,2025-07-11 19:06:40,"Great weekend with family, back to work tomorrow.",,LOCATION_0144,0.44,SOCIAL_MEDIA_MONITORING
SOC_003521,PERSON_1022,PicWall,user_person_1022,2025-06-22 22:18:05,"New shop opening next week, everyone welcome.",,LOCATION_0141,0.46,SOCIAL_MEDIA_MONITORING
SOC_003522,PERSON_0147,TalkStream,user_person_0147,2026-05-28 04:43:10,Happy to share we completed the delivery on time.,,LOCATION_0180,0.83,SOCIAL_MEDIA_MONITORING
SOC_003523,PERSON_0137,PicWall,user_person_0137,2025-08-02 21:45:58,Traffic was terrible near the market today.,,LOCATION_0274,0.83,SOCIAL_MEDIA_MONITORING
SOC_003524,PERSON_0025,TalkStream,user_person_0025,2024-03-23 01:13:08,Weather has been unusually warm this month.,,LOCATION_0095,0.45,SOCIAL_MEDIA_MONITORING
SOC_003525,PERSON_0982,SnapCircle,user_person_0982,2025-10-15 14:53:49,"New shop opening next week, everyone welcome.",,LOCATION_0184,0.84,SOCIAL_MEDIA_MONITORING
SOC_003526,PERSON_0508,PicWall,user_person_0508,2025-09-26 04:06:07,Weather has been unusually warm this month.,,LOCATION_0068,0.69,SOCIAL_MEDIA_MONITORING
SOC_003527,PERSON_0222,SnapCircle,user_person_0222,2026-01-25 04:42:47,Weather has been unusually warm this month.,,LOCATION_0090,0.72,SOCIAL_MEDIA_MONITORING
SOC_003528,PERSON_1486,ChirpNet,user_person_1486,2025-04-09 02:00:20,"Everything is set for the evening, see you there.",PERSON_1012,LOCATION_0035,0.72,SOCIAL_MEDIA_MONITORING
SOC_003529,PERSON_1171,ChirpNet,user_person_1171,2024-04-08 02:41:09,Traffic was terrible near the market today.,,LOCATION_0206,0.51,SOCIAL_MEDIA_MONITORING
SOC_003530,PERSON_0593,SnapCircle,user_person_0593,2024-09-26 16:59:53,Weather has been unusually warm this month.,,LOCATION_0192,0.48,SOCIAL_MEDIA_MONITORING
SOC_003531,PERSON_0088,TalkStream,user_person_0088,2025-04-14 05:53:28,Traffic was terrible near the market today.,,LOCATION_0038,0.49,SOCIAL_MEDIA_MONITORING
SOC_003532,PERSON_0050,PicWall,user_person_0050,2024-07-22 11:38:02,Happy to share we completed the delivery on time.,,LOCATION_0130,0.46,SOCIAL_MEDIA_MONITORING
SOC_003533,PERSON_0225,TalkStream,user_person_0225,2025-01-06 09:04:00,"Great weekend with family, back to work tomorrow.",,LOCATION_0280,0.7,SOCIAL_MEDIA_MONITORING
SOC_003534,PERSON_0990,TalkStream,user_person_0990,2025-05-25 04:55:20,Keep this between us for now.,,LOCATION_0182,0.65,SOCIAL_MEDIA_MONITORING
SOC_003535,PERSON_1126,TalkStream,user_person_1126,2025-10-30 18:03:20,"New shop opening next week, everyone welcome.",,LOCATION_0011,0.81,SOCIAL_MEDIA_MONITORING
SOC_003536,PERSON_1319,SnapCircle,user_person_1319,2026-04-03 20:06:24,"Great weekend with family, back to work tomorrow.",,LOCATION_0179,0.82,SOCIAL_MEDIA_MONITORING
SOC_003537,PERSON_1102,ConnectHub,user_person_1102,2024-09-09 19:24:45,"Package ready, will hand it over as discussed.",PERSON_1249,LOCATION_0013,0.45,SOCIAL_MEDIA_MONITORING
SOC_003538,PERSON_0882,SnapCircle,user_person_0882,2024-12-31 12:29:59,Keep this between us for now.,PERSON_0972,LOCATION_0097,0.45,SOCIAL_MEDIA_MONITORING
SOC_003539,PERSON_1124,ChirpNet,user_person_1124,2024-12-28 20:53:57,Weather has been unusually warm this month.,,LOCATION_0279,0.69,SOCIAL_MEDIA_MONITORING
SOC_003540,PERSON_0840,SnapCircle,user_person_0840,2026-03-15 11:57:25,Happy to share we completed the delivery on time.,,LOCATION_0101,0.71,SOCIAL_MEDIA_MONITORING
SOC_003541,PERSON_0834,ConnectHub,user_person_0834,2026-05-31 18:10:10,Traffic was terrible near the market today.,,LOCATION_0102,0.82,SOCIAL_MEDIA_MONITORING
SOC_003542,PERSON_0576,TalkStream,user_person_0576,2026-02-27 07:38:17,"Great weekend with family, back to work tomorrow.",,LOCATION_0167,0.63,SOCIAL_MEDIA_MONITORING
SOC_003543,PERSON_0491,ChirpNet,user_person_0491,2024-07-21 09:53:14,"Package ready, will hand it over as discussed.",PERSON_0303,LOCATION_0288,0.7,SOCIAL_MEDIA_MONITORING
SOC_003544,PERSON_0643,ChirpNet,user_person_0643,2024-12-21 11:00:19,Weather has been unusually warm this month.,,LOCATION_0110,0.58,SOCIAL_MEDIA_MONITORING
SOC_003545,PERSON_0213,ConnectHub,user_person_0213,2024-04-28 12:27:44,"New shop opening next week, everyone welcome.",,LOCATION_0260,0.81,SOCIAL_MEDIA_MONITORING
SOC_003546,PERSON_0355,SnapCircle,user_person_0355,2024-11-03 02:53:44,Traffic was terrible near the market today.,,LOCATION_0112,0.59,SOCIAL_MEDIA_MONITORING
SOC_003547,PERSON_0042,SnapCircle,user_person_0042,2024-09-17 08:27:17,Happy to share we completed the delivery on time.,,LOCATION_0102,0.68,SOCIAL_MEDIA_MONITORING
SOC_003548,PERSON_1111,ConnectHub,user_person_1111,2024-09-12 11:17:44,Weather has been unusually warm this month.,,LOCATION_0222,0.54,SOCIAL_MEDIA_MONITORING
SOC_003549,PERSON_0485,PicWall,user_person_0485,2025-06-25 05:43:35,Traffic was terrible near the market today.,,LOCATION_0126,0.77,SOCIAL_MEDIA_MONITORING
SOC_003550,PERSON_0494,ChirpNet,user_person_0494,2024-02-14 19:13:08,"Package ready, will hand it over as discussed.",PERSON_1093,LOCATION_0067,0.41,SOCIAL_MEDIA_MONITORING
SOC_003551,PERSON_0579,ConnectHub,user_person_0579,2026-05-18 02:05:47,Traffic was terrible near the market today.,,LOCATION_0102,0.49,SOCIAL_MEDIA_MONITORING
SOC_003552,PERSON_1392,TalkStream,user_person_1392,2025-06-22 13:02:45,"New shop opening next week, everyone welcome.",,LOCATION_0153,0.85,SOCIAL_MEDIA_MONITORING
SOC_003553,PERSON_0425,PicWall,user_person_0425,2025-09-02 17:54:58,Weather has been unusually warm this month.,,LOCATION_0004,0.43,SOCIAL_MEDIA_MONITORING
SOC_003554,PERSON_0927,ChirpNet,user_person_0927,2025-11-20 00:49:25,Traffic was terrible near the market today.,,LOCATION_0085,0.72,SOCIAL_MEDIA_MONITORING
SOC_003555,PERSON_0386,SnapCircle,user_person_0386,2024-12-22 01:28:36,Weather has been unusually warm this month.,,LOCATION_0017,0.77,SOCIAL_MEDIA_MONITORING
SOC_003556,PERSON_0572,SnapCircle,user_person_0572,2025-10-26 16:00:51,"Plan is confirmed, let's proceed as talked about.",PERSON_0567,LOCATION_0172,0.78,SOCIAL_MEDIA_MONITORING
SOC_003557,PERSON_1045,ConnectHub,user_person_1045,2024-11-22 05:19:50,"Great weekend with family, back to work tomorrow.",,LOCATION_0263,0.66,SOCIAL_MEDIA_MONITORING
SOC_003558,PERSON_0749,TalkStream,user_person_0749,2024-12-08 07:54:00,Happy to share we completed the delivery on time.,,LOCATION_0089,0.46,SOCIAL_MEDIA_MONITORING
SOC_003559,PERSON_1037,TalkStream,user_person_1037,2025-04-06 22:43:10,"Everything is set for the evening, see you there.",PERSON_0777,LOCATION_0102,0.74,SOCIAL_MEDIA_MONITORING
SOC_003560,PERSON_0033,ChirpNet,user_person_0033,2025-07-01 01:36:00,"Great weekend with family, back to work tomorrow.",,LOCATION_0206,0.47,SOCIAL_MEDIA_MONITORING
SOC_003561,PERSON_0058,ConnectHub,user_person_0058,2026-03-12 13:58:30,Keep this between us for now.,PERSON_1164,LOCATION_0269,0.6,SOCIAL_MEDIA_MONITORING
SOC_003562,PERSON_0669,ConnectHub,user_person_0669,2025-09-07 06:42:23,"Everything is set for the evening, see you there.",,LOCATION_0116,0.82,SOCIAL_MEDIA_MONITORING
SOC_003563,PERSON_0570,TalkStream,user_person_0570,2025-10-28 15:44:00,"Great weekend with family, back to work tomorrow.",,LOCATION_0218,0.72,SOCIAL_MEDIA_MONITORING
SOC_003564,PERSON_0777,ChirpNet,user_person_0777,2025-05-16 13:12:52,Traffic was terrible near the market today.,,LOCATION_0059,0.77,SOCIAL_MEDIA_MONITORING
SOC_003565,PERSON_0829,ChirpNet,user_person_0829,2024-09-17 23:10:24,Meeting postponed. Same place tomorrow.,,LOCATION_0046,0.66,SOCIAL_MEDIA_MONITORING
SOC_003566,PERSON_1415,ConnectHub,user_person_1415,2025-01-15 20:47:26,Keep this between us for now.,,LOCATION_0266,0.47,SOCIAL_MEDIA_MONITORING
SOC_003567,PERSON_0877,ConnectHub,user_person_0877,2026-03-10 18:09:08,"New shop opening next week, everyone welcome.",,LOCATION_0044,0.43,SOCIAL_MEDIA_MONITORING
SOC_003568,PERSON_0658,SnapCircle,user_person_0658,2025-05-08 04:31:50,Happy to share we completed the delivery on time.,,LOCATION_0206,0.68,SOCIAL_MEDIA_MONITORING
SOC_003569,PERSON_0600,ChirpNet,user_person_0600,2025-10-25 17:05:40,Traffic was terrible near the market today.,,LOCATION_0125,0.59,SOCIAL_MEDIA_MONITORING
SOC_003570,PERSON_0132,ChirpNet,user_person_0132,2025-09-24 04:31:32,"Great weekend with family, back to work tomorrow.",,LOCATION_0164,0.45,SOCIAL_MEDIA_MONITORING
SOC_003571,PERSON_0707,ChirpNet,user_person_0707,2025-03-15 10:42:34,Weather has been unusually warm this month.,,LOCATION_0222,0.44,SOCIAL_MEDIA_MONITORING
SOC_003572,PERSON_0784,TalkStream,user_person_0784,2025-07-30 23:36:09,Weather has been unusually warm this month.,,LOCATION_0207,0.74,SOCIAL_MEDIA_MONITORING
SOC_003573,PERSON_0981,SnapCircle,user_person_0981,2024-08-01 13:20:57,Traffic was terrible near the market today.,,LOCATION_0019,0.64,SOCIAL_MEDIA_MONITORING
SOC_003574,PERSON_0961,ConnectHub,user_person_0961,2024-06-13 20:15:57,Weather has been unusually warm this month.,,LOCATION_0197,0.65,SOCIAL_MEDIA_MONITORING
SOC_003575,PERSON_0526,SnapCircle,user_person_0526,2026-04-01 08:46:05,Happy to share we completed the delivery on time.,,LOCATION_0016,0.79,SOCIAL_MEDIA_MONITORING
SOC_003576,PERSON_0685,TalkStream,user_person_0685,2025-05-05 11:21:40,Weather has been unusually warm this month.,,LOCATION_0048,0.42,SOCIAL_MEDIA_MONITORING
SOC_003577,PERSON_1004,ChirpNet,user_person_1004,2025-09-17 08:35:17,"Great weekend with family, back to work tomorrow.",,LOCATION_0092,0.82,SOCIAL_MEDIA_MONITORING
SOC_003578,PERSON_1030,ConnectHub,user_person_1030,2024-04-20 03:16:46,Meeting postponed. Same place tomorrow.,PERSON_1448,LOCATION_0146,0.74,SOCIAL_MEDIA_MONITORING
SOC_003579,PERSON_1120,ConnectHub,user_person_1120,2026-01-08 19:55:16,"Great weekend with family, back to work tomorrow.",,LOCATION_0232,0.77,SOCIAL_MEDIA_MONITORING
SOC_003580,PERSON_0967,SnapCircle,user_person_0967,2025-08-08 04:35:39,"Great weekend with family, back to work tomorrow.",,LOCATION_0105,0.79,SOCIAL_MEDIA_MONITORING
SOC_003581,PERSON_0090,PicWall,user_person_0090,2026-04-10 14:12:09,"Great weekend with family, back to work tomorrow.",,LOCATION_0024,0.71,SOCIAL_MEDIA_MONITORING
SOC_003582,PERSON_0278,ConnectHub,user_person_0278,2025-02-24 23:57:25,Traffic was terrible near the market today.,,LOCATION_0182,0.53,SOCIAL_MEDIA_MONITORING
SOC_003583,PERSON_0918,ConnectHub,user_person_0918,2024-12-03 21:42:47,Weather has been unusually warm this month.,,LOCATION_0258,0.42,SOCIAL_MEDIA_MONITORING
SOC_003584,PERSON_0151,ConnectHub,user_person_0151,2026-05-02 16:04:05,Weather has been unusually warm this month.,,LOCATION_0236,0.63,SOCIAL_MEDIA_MONITORING
SOC_003585,PERSON_1266,SnapCircle,user_person_1266,2024-09-21 21:39:50,Happy to share we completed the delivery on time.,,LOCATION_0061,0.71,SOCIAL_MEDIA_MONITORING
SOC_003586,PERSON_1093,PicWall,user_person_1093,2025-05-19 23:38:50,"Great weekend with family, back to work tomorrow.",,LOCATION_0134,0.55,SOCIAL_MEDIA_MONITORING
SOC_003587,PERSON_0402,PicWall,user_person_0402,2024-08-16 12:38:33,Keep this between us for now.,PERSON_0167,LOCATION_0142,0.61,SOCIAL_MEDIA_MONITORING
SOC_003588,PERSON_1481,TalkStream,user_person_1481,2024-02-14 20:31:31,Keep this between us for now.,PERSON_0687,LOCATION_0036,0.65,SOCIAL_MEDIA_MONITORING
SOC_003589,PERSON_1236,PicWall,user_person_1236,2025-05-01 03:55:17,"New shop opening next week, everyone welcome.",,LOCATION_0278,0.51,SOCIAL_MEDIA_MONITORING
SOC_003590,PERSON_0969,PicWall,user_person_0969,2024-07-16 18:59:37,"Great weekend with family, back to work tomorrow.",,LOCATION_0138,0.76,SOCIAL_MEDIA_MONITORING
SOC_003591,PERSON_1309,SnapCircle,user_person_1309,2024-12-27 18:48:56,"New shop opening next week, everyone welcome.",,LOCATION_0287,0.8,SOCIAL_MEDIA_MONITORING
SOC_003592,PERSON_0510,SnapCircle,user_person_0510,2025-08-01 15:50:35,Weather has been unusually warm this month.,,LOCATION_0167,0.57,SOCIAL_MEDIA_MONITORING
SOC_003593,PERSON_1191,ChirpNet,user_person_1191,2025-04-01 08:36:34,Traffic was terrible near the market today.,,LOCATION_0221,0.83,SOCIAL_MEDIA_MONITORING
SOC_003594,PERSON_0155,PicWall,user_person_0155,2025-06-17 00:46:32,"Great weekend with family, back to work tomorrow.",,LOCATION_0180,0.43,SOCIAL_MEDIA_MONITORING
SOC_003595,PERSON_0449,TalkStream,user_person_0449,2026-03-28 02:19:15,"Package ready, will hand it over as discussed.",,LOCATION_0213,0.41,SOCIAL_MEDIA_MONITORING
SOC_003596,PERSON_0965,ConnectHub,user_person_0965,2024-12-01 22:53:05,"New shop opening next week, everyone welcome.",,LOCATION_0237,0.51,SOCIAL_MEDIA_MONITORING
SOC_003597,PERSON_1413,TalkStream,user_person_1413,2024-02-13 16:09:46,Weather has been unusually warm this month.,,LOCATION_0163,0.79,SOCIAL_MEDIA_MONITORING
SOC_003598,PERSON_0460,ChirpNet,user_person_0460,2025-04-30 13:59:41,Traffic was terrible near the market today.,,LOCATION_0050,0.66,SOCIAL_MEDIA_MONITORING
SOC_003599,PERSON_0215,TalkStream,user_person_0215,2024-01-07 16:16:17,Traffic was terrible near the market today.,,LOCATION_0107,0.53,SOCIAL_MEDIA_MONITORING
SOC_003600,PERSON_1406,SnapCircle,user_person_1406,2025-01-16 13:49:47,Weather has been unusually warm this month.,,LOCATION_0014,0.69,SOCIAL_MEDIA_MONITORING
SOC_003601,PERSON_0016,ChirpNet,user_person_0016,2025-05-19 10:57:26,Weather has been unusually warm this month.,,LOCATION_0070,0.64,SOCIAL_MEDIA_MONITORING
SOC_003602,PERSON_0008,ConnectHub,user_person_0008,2024-04-16 12:26:32,"Great weekend with family, back to work tomorrow.",,LOCATION_0247,0.62,SOCIAL_MEDIA_MONITORING
SOC_003603,PERSON_1234,PicWall,user_person_1234,2024-08-27 20:22:47,"Everything is set for the evening, see you there.",,LOCATION_0039,0.64,SOCIAL_MEDIA_MONITORING
SOC_003604,PERSON_0588,PicWall,user_person_0588,2025-09-27 16:30:58,Traffic was terrible near the market today.,,LOCATION_0002,0.49,SOCIAL_MEDIA_MONITORING
SOC_003605,PERSON_0442,ChirpNet,user_person_0442,2024-05-21 01:54:01,Happy to share we completed the delivery on time.,,LOCATION_0071,0.66,SOCIAL_MEDIA_MONITORING
SOC_003606,PERSON_1047,PicWall,user_person_1047,2025-09-17 23:54:21,Meeting postponed. Same place tomorrow.,PERSON_1459,LOCATION_0144,0.75,SOCIAL_MEDIA_MONITORING
SOC_003607,PERSON_0998,ConnectHub,user_person_0998,2024-07-22 16:00:01,Happy to share we completed the delivery on time.,,LOCATION_0179,0.48,SOCIAL_MEDIA_MONITORING
SOC_003608,PERSON_1336,ChirpNet,user_person_1336,2026-01-07 20:43:58,Weather has been unusually warm this month.,,LOCATION_0049,0.84,SOCIAL_MEDIA_MONITORING
SOC_003609,PERSON_0337,TalkStream,user_person_0337,2024-04-17 00:30:18,Traffic was terrible near the market today.,,LOCATION_0237,0.47,SOCIAL_MEDIA_MONITORING
SOC_003610,PERSON_0430,PicWall,user_person_0430,2024-11-10 02:06:24,Weather has been unusually warm this month.,,LOCATION_0221,0.74,SOCIAL_MEDIA_MONITORING
SOC_003611,PERSON_0710,ConnectHub,user_person_0710,2025-06-29 20:19:49,"Great weekend with family, back to work tomorrow.",,LOCATION_0271,0.85,SOCIAL_MEDIA_MONITORING
SOC_003612,PERSON_1101,SnapCircle,user_person_1101,2025-10-11 03:50:47,"New shop opening next week, everyone welcome.",,LOCATION_0267,0.69,SOCIAL_MEDIA_MONITORING
SOC_003613,PERSON_0825,ChirpNet,user_person_0825,2026-06-22 17:53:47,"Great weekend with family, back to work tomorrow.",,LOCATION_0194,0.55,SOCIAL_MEDIA_MONITORING
SOC_003614,PERSON_0586,SnapCircle,user_person_0586,2025-04-14 13:35:21,Traffic was terrible near the market today.,,LOCATION_0127,0.79,SOCIAL_MEDIA_MONITORING
SOC_003615,PERSON_1194,SnapCircle,user_person_1194,2025-08-28 23:07:35,Happy to share we completed the delivery on time.,,LOCATION_0096,0.41,SOCIAL_MEDIA_MONITORING
SOC_003616,PERSON_1470,SnapCircle,user_person_1470,2026-03-16 14:12:21,"New shop opening next week, everyone welcome.",,LOCATION_0039,0.47,SOCIAL_MEDIA_MONITORING
SOC_003617,PERSON_0280,ConnectHub,user_person_0280,2025-12-07 13:09:13,Weather has been unusually warm this month.,,LOCATION_0204,0.67,SOCIAL_MEDIA_MONITORING
SOC_003618,PERSON_1015,TalkStream,user_person_1015,2024-09-10 09:16:28,Happy to share we completed the delivery on time.,,LOCATION_0264,0.62,SOCIAL_MEDIA_MONITORING
SOC_003619,PERSON_1464,SnapCircle,user_person_1464,2024-04-12 07:19:25,Meeting postponed. Same place tomorrow.,PERSON_1484,LOCATION_0013,0.48,SOCIAL_MEDIA_MONITORING
SOC_003620,PERSON_0152,PicWall,user_person_0152,2025-04-05 12:02:13,Happy to share we completed the delivery on time.,,LOCATION_0164,0.69,SOCIAL_MEDIA_MONITORING
SOC_003621,PERSON_0532,PicWall,user_person_0532,2025-09-28 08:48:13,Weather has been unusually warm this month.,,LOCATION_0259,0.76,SOCIAL_MEDIA_MONITORING
SOC_003622,PERSON_0162,PicWall,user_person_0162,2026-03-08 19:11:12,Weather has been unusually warm this month.,,LOCATION_0087,0.74,SOCIAL_MEDIA_MONITORING
SOC_003623,PERSON_1391,ConnectHub,user_person_1391,2025-02-17 12:09:38,"Great weekend with family, back to work tomorrow.",,LOCATION_0099,0.4,SOCIAL_MEDIA_MONITORING
SOC_003624,PERSON_0031,SnapCircle,user_person_0031,2025-08-28 05:49:06,"Great weekend with family, back to work tomorrow.",,LOCATION_0206,0.67,SOCIAL_MEDIA_MONITORING
SOC_003625,PERSON_1288,PicWall,user_person_1288,2024-12-09 01:12:47,"Great weekend with family, back to work tomorrow.",,LOCATION_0208,0.78,SOCIAL_MEDIA_MONITORING
SOC_003626,PERSON_0789,SnapCircle,user_person_0789,2024-08-04 04:31:21,Keep this between us for now.,,LOCATION_0259,0.44,SOCIAL_MEDIA_MONITORING
SOC_003627,PERSON_0745,PicWall,user_person_0745,2024-01-04 19:30:39,"Great weekend with family, back to work tomorrow.",,LOCATION_0113,0.45,SOCIAL_MEDIA_MONITORING
SOC_003628,PERSON_0418,TalkStream,user_person_0418,2024-03-08 20:02:29,"New shop opening next week, everyone welcome.",,LOCATION_0072,0.56,SOCIAL_MEDIA_MONITORING
SOC_003629,PERSON_0383,ConnectHub,user_person_0383,2025-04-04 04:39:38,Traffic was terrible near the market today.,,LOCATION_0260,0.41,SOCIAL_MEDIA_MONITORING
SOC_003630,PERSON_1205,TalkStream,user_person_1205,2026-05-23 11:59:55,Happy to share we completed the delivery on time.,,LOCATION_0189,0.55,SOCIAL_MEDIA_MONITORING
SOC_003631,PERSON_0077,PicWall,user_person_0077,2026-02-27 10:22:21,"Great weekend with family, back to work tomorrow.",,LOCATION_0173,0.54,SOCIAL_MEDIA_MONITORING
SOC_003632,PERSON_1302,TalkStream,user_person_1302,2025-05-10 19:45:06,"Great weekend with family, back to work tomorrow.",,LOCATION_0260,0.59,SOCIAL_MEDIA_MONITORING
SOC_003633,PERSON_0659,TalkStream,user_person_0659,2025-04-11 04:47:52,Weather has been unusually warm this month.,,LOCATION_0097,0.63,SOCIAL_MEDIA_MONITORING
SOC_003634,PERSON_1311,PicWall,user_person_1311,2024-05-26 18:22:17,Weather has been unusually warm this month.,,LOCATION_0252,0.7,SOCIAL_MEDIA_MONITORING
SOC_003635,PERSON_1429,TalkStream,user_person_1429,2026-05-24 21:17:34,Happy to share we completed the delivery on time.,,LOCATION_0074,0.73,SOCIAL_MEDIA_MONITORING
SOC_003636,PERSON_1413,SnapCircle,user_person_1413,2024-05-06 23:37:02,Traffic was terrible near the market today.,,LOCATION_0003,0.74,SOCIAL_MEDIA_MONITORING
SOC_003637,PERSON_0817,ChirpNet,user_person_0817,2025-07-21 11:22:10,Happy to share we completed the delivery on time.,,LOCATION_0270,0.78,SOCIAL_MEDIA_MONITORING
SOC_003638,PERSON_0742,PicWall,user_person_0742,2026-05-02 11:30:15,"Everything is set for the evening, see you there.",,LOCATION_0164,0.52,SOCIAL_MEDIA_MONITORING
SOC_003639,PERSON_0394,TalkStream,user_person_0394,2024-11-14 20:19:02,"Plan is confirmed, let's proceed as talked about.",PERSON_0740,LOCATION_0133,0.78,SOCIAL_MEDIA_MONITORING
SOC_003640,PERSON_1284,PicWall,user_person_1284,2025-04-11 03:17:18,Weather has been unusually warm this month.,,LOCATION_0275,0.41,SOCIAL_MEDIA_MONITORING
SOC_003641,PERSON_0048,SnapCircle,user_person_0048,2024-11-06 19:36:40,Happy to share we completed the delivery on time.,,LOCATION_0060,0.85,SOCIAL_MEDIA_MONITORING
SOC_003642,PERSON_0858,ChirpNet,user_person_0858,2025-12-10 08:11:56,Happy to share we completed the delivery on time.,,LOCATION_0205,0.6,SOCIAL_MEDIA_MONITORING
SOC_003643,PERSON_0775,ChirpNet,user_person_0775,2026-03-26 18:15:43,Traffic was terrible near the market today.,,LOCATION_0217,0.8,SOCIAL_MEDIA_MONITORING
SOC_003644,PERSON_1463,SnapCircle,user_person_1463,2025-03-07 06:35:14,Traffic was terrible near the market today.,,LOCATION_0086,0.5,SOCIAL_MEDIA_MONITORING
SOC_003645,PERSON_0151,ChirpNet,user_person_0151,2025-09-18 10:17:04,"Great weekend with family, back to work tomorrow.",,LOCATION_0076,0.51,SOCIAL_MEDIA_MONITORING
SOC_003646,PERSON_0899,SnapCircle,user_person_0899,2024-11-30 14:14:29,Weather has been unusually warm this month.,,LOCATION_0260,0.57,SOCIAL_MEDIA_MONITORING
SOC_003647,PERSON_1492,TalkStream,user_person_1492,2024-03-14 10:40:38,Weather has been unusually warm this month.,,LOCATION_0017,0.5,SOCIAL_MEDIA_MONITORING
SOC_003648,PERSON_0988,TalkStream,user_person_0988,2025-08-29 06:04:38,Traffic was terrible near the market today.,,LOCATION_0201,0.63,SOCIAL_MEDIA_MONITORING
SOC_003649,PERSON_0998,SnapCircle,user_person_0998,2025-10-28 13:33:10,Weather has been unusually warm this month.,,LOCATION_0149,0.42,SOCIAL_MEDIA_MONITORING
SOC_003650,PERSON_0037,SnapCircle,user_person_0037,2024-10-08 14:25:31,Weather has been unusually warm this month.,,LOCATION_0237,0.6,SOCIAL_MEDIA_MONITORING
SOC_003651,PERSON_0021,ConnectHub,user_person_0021,2024-10-28 17:08:15,"Great weekend with family, back to work tomorrow.",,LOCATION_0117,0.44,SOCIAL_MEDIA_MONITORING
SOC_003652,PERSON_0411,TalkStream,user_person_0411,2025-01-03 16:16:20,Happy to share we completed the delivery on time.,,LOCATION_0010,0.67,SOCIAL_MEDIA_MONITORING
SOC_003653,PERSON_0398,PicWall,user_person_0398,2026-02-15 11:28:59,Weather has been unusually warm this month.,,LOCATION_0096,0.49,SOCIAL_MEDIA_MONITORING
SOC_003654,PERSON_0551,ConnectHub,user_person_0551,2025-03-25 00:41:19,Happy to share we completed the delivery on time.,,LOCATION_0091,0.72,SOCIAL_MEDIA_MONITORING
SOC_003655,PERSON_0436,TalkStream,user_person_0436,2025-02-08 15:43:08,Happy to share we completed the delivery on time.,,LOCATION_0027,0.79,SOCIAL_MEDIA_MONITORING
SOC_003656,PERSON_0199,ConnectHub,user_person_0199,2024-04-16 11:03:40,"Great weekend with family, back to work tomorrow.",,LOCATION_0091,0.54,SOCIAL_MEDIA_MONITORING
SOC_003657,PERSON_1005,TalkStream,user_person_1005,2025-03-16 14:42:32,"New shop opening next week, everyone welcome.",,LOCATION_0264,0.82,SOCIAL_MEDIA_MONITORING
SOC_003658,PERSON_1324,SnapCircle,user_person_1324,2024-09-30 18:05:07,"Great weekend with family, back to work tomorrow.",,LOCATION_0247,0.81,SOCIAL_MEDIA_MONITORING
SOC_003659,PERSON_1102,SnapCircle,user_person_1102,2025-06-09 22:58:58,Traffic was terrible near the market today.,,LOCATION_0083,0.47,SOCIAL_MEDIA_MONITORING
SOC_003660,PERSON_1476,PicWall,user_person_1476,2024-10-13 03:11:09,"Great weekend with family, back to work tomorrow.",,LOCATION_0298,0.65,SOCIAL_MEDIA_MONITORING
SOC_003661,PERSON_0489,TalkStream,user_person_0489,2025-05-26 19:30:03,Weather has been unusually warm this month.,,LOCATION_0229,0.81,SOCIAL_MEDIA_MONITORING
SOC_003662,PERSON_0031,ConnectHub,user_person_0031,2025-07-19 05:25:52,Happy to share we completed the delivery on time.,,LOCATION_0076,0.67,SOCIAL_MEDIA_MONITORING
SOC_003663,PERSON_1059,ConnectHub,user_person_1059,2024-07-06 02:35:45,Weather has been unusually warm this month.,,LOCATION_0041,0.41,SOCIAL_MEDIA_MONITORING
SOC_003664,PERSON_0954,ConnectHub,user_person_0954,2025-06-14 05:51:40,Keep this between us for now.,,LOCATION_0298,0.48,SOCIAL_MEDIA_MONITORING
SOC_003665,PERSON_0793,SnapCircle,user_person_0793,2024-06-09 06:18:12,Happy to share we completed the delivery on time.,,LOCATION_0197,0.65,SOCIAL_MEDIA_MONITORING
SOC_003666,PERSON_1165,TalkStream,user_person_1165,2024-10-18 10:24:51,Weather has been unusually warm this month.,,LOCATION_0009,0.45,SOCIAL_MEDIA_MONITORING
SOC_003667,PERSON_1449,TalkStream,user_person_1449,2026-02-21 17:34:01,Happy to share we completed the delivery on time.,,LOCATION_0139,0.72,SOCIAL_MEDIA_MONITORING
SOC_003668,PERSON_0352,SnapCircle,user_person_0352,2026-04-06 15:02:10,Happy to share we completed the delivery on time.,,LOCATION_0172,0.57,SOCIAL_MEDIA_MONITORING
SOC_003669,PERSON_1459,ConnectHub,user_person_1459,2024-02-22 08:48:58,Weather has been unusually warm this month.,,LOCATION_0155,0.85,SOCIAL_MEDIA_MONITORING
SOC_003670,PERSON_1290,SnapCircle,user_person_1290,2025-01-08 17:48:30,Happy to share we completed the delivery on time.,,LOCATION_0130,0.46,SOCIAL_MEDIA_MONITORING
SOC_003671,PERSON_1153,ChirpNet,user_person_1153,2025-06-23 08:35:25,"Great weekend with family, back to work tomorrow.",,LOCATION_0068,0.55,SOCIAL_MEDIA_MONITORING
SOC_003672,PERSON_0720,SnapCircle,user_person_0720,2025-08-11 21:45:06,Happy to share we completed the delivery on time.,,LOCATION_0134,0.42,SOCIAL_MEDIA_MONITORING
SOC_003673,PERSON_0730,ChirpNet,user_person_0730,2025-11-04 08:51:15,Traffic was terrible near the market today.,,LOCATION_0288,0.65,SOCIAL_MEDIA_MONITORING
SOC_003674,PERSON_0118,PicWall,user_person_0118,2024-01-18 15:43:24,"New shop opening next week, everyone welcome.",,LOCATION_0241,0.83,SOCIAL_MEDIA_MONITORING
SOC_003675,PERSON_1367,TalkStream,user_person_1367,2025-10-10 11:17:45,"Everything is set for the evening, see you there.",,LOCATION_0069,0.55,SOCIAL_MEDIA_MONITORING
SOC_003676,PERSON_1422,TalkStream,user_person_1422,2025-08-20 04:59:39,Traffic was terrible near the market today.,,LOCATION_0082,0.56,SOCIAL_MEDIA_MONITORING
SOC_003677,PERSON_0415,ChirpNet,user_person_0415,2024-05-05 07:47:01,Weather has been unusually warm this month.,,LOCATION_0129,0.8,SOCIAL_MEDIA_MONITORING
SOC_003678,PERSON_0256,ConnectHub,user_person_0256,2026-05-09 01:28:11,Weather has been unusually warm this month.,,LOCATION_0139,0.42,SOCIAL_MEDIA_MONITORING
SOC_003679,PERSON_0834,TalkStream,user_person_0834,2025-08-16 01:37:32,Happy to share we completed the delivery on time.,,LOCATION_0262,0.52,SOCIAL_MEDIA_MONITORING
SOC_003680,PERSON_0265,ChirpNet,user_person_0265,2026-05-23 02:16:58,"New shop opening next week, everyone welcome.",,LOCATION_0033,0.78,SOCIAL_MEDIA_MONITORING
SOC_003681,PERSON_0592,ChirpNet,user_person_0592,2025-10-20 12:35:28,Traffic was terrible near the market today.,,LOCATION_0181,0.5,SOCIAL_MEDIA_MONITORING
SOC_003682,PERSON_0863,PicWall,user_person_0863,2026-06-18 10:22:29,Traffic was terrible near the market today.,,LOCATION_0040,0.58,SOCIAL_MEDIA_MONITORING
SOC_003683,PERSON_0023,SnapCircle,user_person_0023,2024-03-06 05:24:29,Traffic was terrible near the market today.,,LOCATION_0145,0.58,SOCIAL_MEDIA_MONITORING
SOC_003684,PERSON_0121,PicWall,user_person_0121,2025-04-01 00:06:34,Weather has been unusually warm this month.,,LOCATION_0287,0.51,SOCIAL_MEDIA_MONITORING
SOC_003685,PERSON_0886,ChirpNet,user_person_0886,2025-03-26 07:48:17,Weather has been unusually warm this month.,,LOCATION_0034,0.5,SOCIAL_MEDIA_MONITORING
SOC_003686,PERSON_1073,TalkStream,user_person_1073,2024-06-24 07:10:51,"New shop opening next week, everyone welcome.",,LOCATION_0284,0.61,SOCIAL_MEDIA_MONITORING
SOC_003687,PERSON_0512,SnapCircle,user_person_0512,2025-06-07 21:23:28,"Plan is confirmed, let's proceed as talked about.",,LOCATION_0242,0.64,SOCIAL_MEDIA_MONITORING
SOC_003688,PERSON_0668,SnapCircle,user_person_0668,2025-10-22 05:44:17,Meeting postponed. Same place tomorrow.,,LOCATION_0065,0.46,SOCIAL_MEDIA_MONITORING
SOC_003689,PERSON_0696,PicWall,user_person_0696,2025-07-25 06:38:24,"Great weekend with family, back to work tomorrow.",,LOCATION_0281,0.67,SOCIAL_MEDIA_MONITORING
SOC_003690,PERSON_0791,ConnectHub,user_person_0791,2025-08-02 16:07:47,"Great weekend with family, back to work tomorrow.",,LOCATION_0187,0.85,SOCIAL_MEDIA_MONITORING
SOC_003691,PERSON_0730,ConnectHub,user_person_0730,2024-06-06 02:38:56,Traffic was terrible near the market today.,,LOCATION_0148,0.73,SOCIAL_MEDIA_MONITORING
SOC_003692,PERSON_0391,TalkStream,user_person_0391,2024-04-19 05:35:03,Traffic was terrible near the market today.,,LOCATION_0220,0.56,SOCIAL_MEDIA_MONITORING
SOC_003693,PERSON_1337,ChirpNet,user_person_1337,2024-07-19 08:01:59,Weather has been unusually warm this month.,,LOCATION_0093,0.45,SOCIAL_MEDIA_MONITORING
SOC_003694,PERSON_1500,TalkStream,user_person_1500,2024-02-20 07:16:48,Happy to share we completed the delivery on time.,,LOCATION_0180,0.6,SOCIAL_MEDIA_MONITORING
SOC_003695,PERSON_0155,PicWall,user_person_0155,2024-10-13 09:28:43,Happy to share we completed the delivery on time.,,LOCATION_0220,0.56,SOCIAL_MEDIA_MONITORING
SOC_003696,PERSON_0297,TalkStream,user_person_0297,2025-10-23 19:39:54,"Plan is confirmed, let's proceed as talked about.",PERSON_0037,LOCATION_0267,0.62,SOCIAL_MEDIA_MONITORING
SOC_003697,PERSON_0601,ChirpNet,user_person_0601,2025-06-27 08:52:59,"Everything is set for the evening, see you there.",,LOCATION_0237,0.79,SOCIAL_MEDIA_MONITORING
SOC_003698,PERSON_0349,ChirpNet,user_person_0349,2025-01-22 07:05:17,Meeting postponed. Same place tomorrow.,,LOCATION_0172,0.47,SOCIAL_MEDIA_MONITORING
SOC_003699,PERSON_1232,PicWall,user_person_1232,2025-02-10 23:24:37,Traffic was terrible near the market today.,,LOCATION_0003,0.63,SOCIAL_MEDIA_MONITORING
SOC_003700,PERSON_0034,SnapCircle,user_person_0034,2025-05-13 23:35:54,Happy to share we completed the delivery on time.,,LOCATION_0250,0.69,SOCIAL_MEDIA_MONITORING
SOC_003701,PERSON_0226,PicWall,user_person_0226,2024-12-23 19:09:32,Weather has been unusually warm this month.,,LOCATION_0014,0.45,SOCIAL_MEDIA_MONITORING
SOC_003702,PERSON_0102,PicWall,user_person_0102,2024-02-25 17:11:39,"New shop opening next week, everyone welcome.",,LOCATION_0145,0.54,SOCIAL_MEDIA_MONITORING
SOC_003703,PERSON_0985,SnapCircle,user_person_0985,2025-03-05 12:51:35,"Package ready, will hand it over as discussed.",PERSON_0500,LOCATION_0122,0.46,SOCIAL_MEDIA_MONITORING
SOC_003704,PERSON_0435,PicWall,user_person_0435,2025-05-14 02:52:53,"New shop opening next week, everyone welcome.",,LOCATION_0013,0.61,SOCIAL_MEDIA_MONITORING
SOC_003705,PERSON_0390,PicWall,user_person_0390,2024-12-21 01:12:43,"New shop opening next week, everyone welcome.",,LOCATION_0032,0.73,SOCIAL_MEDIA_MONITORING
SOC_003706,PERSON_0426,SnapCircle,user_person_0426,2025-09-29 02:45:37,Weather has been unusually warm this month.,,LOCATION_0111,0.43,SOCIAL_MEDIA_MONITORING
SOC_003707,PERSON_1070,ChirpNet,user_person_1070,2024-01-08 06:42:05,Weather has been unusually warm this month.,,LOCATION_0140,0.57,SOCIAL_MEDIA_MONITORING
SOC_003708,PERSON_0102,ChirpNet,user_person_0102,2025-02-28 05:16:56,Happy to share we completed the delivery on time.,,LOCATION_0055,0.67,SOCIAL_MEDIA_MONITORING
SOC_003709,PERSON_1324,ConnectHub,user_person_1324,2025-04-12 13:26:24,"New shop opening next week, everyone welcome.",,LOCATION_0087,0.49,SOCIAL_MEDIA_MONITORING
SOC_003710,PERSON_1277,SnapCircle,user_person_1277,2026-02-17 08:52:24,Traffic was terrible near the market today.,,LOCATION_0206,0.82,SOCIAL_MEDIA_MONITORING
SOC_003711,PERSON_0142,SnapCircle,user_person_0142,2025-04-21 08:04:06,Weather has been unusually warm this month.,,LOCATION_0044,0.65,SOCIAL_MEDIA_MONITORING
SOC_003712,PERSON_0006,PicWall,user_person_0006,2025-10-11 02:52:19,Traffic was terrible near the market today.,,LOCATION_0058,0.84,SOCIAL_MEDIA_MONITORING
SOC_003713,PERSON_0225,ConnectHub,user_person_0225,2024-07-12 13:37:44,"New shop opening next week, everyone welcome.",,LOCATION_0100,0.49,SOCIAL_MEDIA_MONITORING
SOC_003714,PERSON_0688,PicWall,user_person_0688,2025-06-24 23:31:19,Happy to share we completed the delivery on time.,,LOCATION_0183,0.57,SOCIAL_MEDIA_MONITORING
SOC_003715,PERSON_1440,PicWall,user_person_1440,2026-01-24 01:44:07,"New shop opening next week, everyone welcome.",,LOCATION_0248,0.64,SOCIAL_MEDIA_MONITORING
SOC_003716,PERSON_1064,TalkStream,user_person_1064,2024-03-12 14:24:25,Weather has been unusually warm this month.,,LOCATION_0168,0.64,SOCIAL_MEDIA_MONITORING
SOC_003717,PERSON_0551,SnapCircle,user_person_0551,2025-12-02 04:03:59,Traffic was terrible near the market today.,,LOCATION_0171,0.67,SOCIAL_MEDIA_MONITORING
SOC_003718,PERSON_0231,ConnectHub,user_person_0231,2024-10-13 02:04:33,"Package ready, will hand it over as discussed.",PERSON_0326,LOCATION_0135,0.42,SOCIAL_MEDIA_MONITORING
SOC_003719,PERSON_0541,ChirpNet,user_person_0541,2026-04-24 10:26:07,Keep this between us for now.,,LOCATION_0218,0.69,SOCIAL_MEDIA_MONITORING
SOC_003720,PERSON_0347,ConnectHub,user_person_0347,2024-04-17 15:12:24,Weather has been unusually warm this month.,,LOCATION_0036,0.42,SOCIAL_MEDIA_MONITORING
SOC_003721,PERSON_0803,PicWall,user_person_0803,2024-04-15 15:42:25,Weather has been unusually warm this month.,,LOCATION_0158,0.49,SOCIAL_MEDIA_MONITORING
SOC_003722,PERSON_0742,SnapCircle,user_person_0742,2025-09-18 14:15:49,"New shop opening next week, everyone welcome.",,LOCATION_0084,0.76,SOCIAL_MEDIA_MONITORING
SOC_003723,PERSON_0346,TalkStream,user_person_0346,2025-12-16 12:17:31,Happy to share we completed the delivery on time.,,LOCATION_0106,0.55,SOCIAL_MEDIA_MONITORING
SOC_003724,PERSON_0648,SnapCircle,user_person_0648,2026-02-17 23:52:24,Happy to share we completed the delivery on time.,,LOCATION_0176,0.45,SOCIAL_MEDIA_MONITORING
SOC_003725,PERSON_0381,ChirpNet,user_person_0381,2024-05-15 05:42:19,Meeting postponed. Same place tomorrow.,PERSON_0311,LOCATION_0135,0.56,SOCIAL_MEDIA_MONITORING
SOC_003726,PERSON_0465,PicWall,user_person_0465,2025-12-14 01:00:19,"Great weekend with family, back to work tomorrow.",,LOCATION_0081,0.56,SOCIAL_MEDIA_MONITORING
SOC_003727,PERSON_0315,SnapCircle,user_person_0315,2026-02-02 21:54:37,"Great weekend with family, back to work tomorrow.",,LOCATION_0050,0.85,SOCIAL_MEDIA_MONITORING
SOC_003728,PERSON_1471,TalkStream,user_person_1471,2025-02-11 13:47:23,Keep this between us for now.,,LOCATION_0269,0.79,SOCIAL_MEDIA_MONITORING
SOC_003729,PERSON_1259,ChirpNet,user_person_1259,2024-08-16 09:18:15,"Great weekend with family, back to work tomorrow.",,LOCATION_0012,0.54,SOCIAL_MEDIA_MONITORING
SOC_003730,PERSON_0619,SnapCircle,user_person_0619,2024-11-05 09:31:46,Weather has been unusually warm this month.,,LOCATION_0220,0.54,SOCIAL_MEDIA_MONITORING
SOC_003731,PERSON_0271,ConnectHub,user_person_0271,2026-06-17 21:59:09,"New shop opening next week, everyone welcome.",,LOCATION_0299,0.54,SOCIAL_MEDIA_MONITORING
SOC_003732,PERSON_0424,ChirpNet,user_person_0424,2024-02-16 14:12:18,"Great weekend with family, back to work tomorrow.",,LOCATION_0053,0.64,SOCIAL_MEDIA_MONITORING
SOC_003733,PERSON_0912,ConnectHub,user_person_0912,2024-10-23 01:38:27,Traffic was terrible near the market today.,,LOCATION_0027,0.79,SOCIAL_MEDIA_MONITORING
SOC_003734,PERSON_0167,PicWall,user_person_0167,2025-05-19 08:53:38,Traffic was terrible near the market today.,,LOCATION_0241,0.54,SOCIAL_MEDIA_MONITORING
SOC_003735,PERSON_0468,ConnectHub,user_person_0468,2024-09-27 07:29:45,"Great weekend with family, back to work tomorrow.",,LOCATION_0297,0.84,SOCIAL_MEDIA_MONITORING
SOC_003736,PERSON_0303,PicWall,user_person_0303,2025-10-18 05:39:09,"Great weekend with family, back to work tomorrow.",,LOCATION_0216,0.55,SOCIAL_MEDIA_MONITORING
SOC_003737,PERSON_0866,TalkStream,user_person_0866,2025-07-18 01:25:27,Traffic was terrible near the market today.,,LOCATION_0159,0.84,SOCIAL_MEDIA_MONITORING
SOC_003738,PERSON_0172,ConnectHub,user_person_0172,2024-10-21 09:12:54,"New shop opening next week, everyone welcome.",,LOCATION_0140,0.72,SOCIAL_MEDIA_MONITORING
SOC_003739,PERSON_0083,PicWall,user_person_0083,2025-05-26 11:01:54,Traffic was terrible near the market today.,,LOCATION_0184,0.49,SOCIAL_MEDIA_MONITORING
SOC_003740,PERSON_0886,SnapCircle,user_person_0886,2025-02-06 22:06:11,"Great weekend with family, back to work tomorrow.",,LOCATION_0114,0.78,SOCIAL_MEDIA_MONITORING
SOC_003741,PERSON_0998,TalkStream,user_person_0998,2025-01-14 21:51:48,Traffic was terrible near the market today.,,LOCATION_0039,0.77,SOCIAL_MEDIA_MONITORING
SOC_003742,PERSON_0068,TalkStream,user_person_0068,2024-01-18 16:01:03,Happy to share we completed the delivery on time.,,LOCATION_0219,0.53,SOCIAL_MEDIA_MONITORING
SOC_003743,PERSON_0247,PicWall,user_person_0247,2025-08-12 13:23:46,"Everything is set for the evening, see you there.",PERSON_0735,LOCATION_0194,0.42,SOCIAL_MEDIA_MONITORING
SOC_003744,PERSON_0819,SnapCircle,user_person_0819,2025-02-17 21:40:27,Traffic was terrible near the market today.,,LOCATION_0225,0.51,SOCIAL_MEDIA_MONITORING
SOC_003745,PERSON_0905,ChirpNet,user_person_0905,2024-05-25 23:49:56,"Plan is confirmed, let's proceed as talked about.",PERSON_0178,LOCATION_0234,0.51,SOCIAL_MEDIA_MONITORING
SOC_003746,PERSON_1218,PicWall,user_person_1218,2026-01-25 05:06:36,"Great weekend with family, back to work tomorrow.",,LOCATION_0024,0.49,SOCIAL_MEDIA_MONITORING
SOC_003747,PERSON_0420,ChirpNet,user_person_0420,2025-08-12 14:15:27,"Great weekend with family, back to work tomorrow.",,LOCATION_0003,0.84,SOCIAL_MEDIA_MONITORING
SOC_003748,PERSON_0258,ChirpNet,user_person_0258,2025-01-19 16:05:59,"Great weekend with family, back to work tomorrow.",,LOCATION_0249,0.51,SOCIAL_MEDIA_MONITORING
SOC_003749,PERSON_1320,TalkStream,user_person_1320,2025-04-19 08:27:11,"Great weekend with family, back to work tomorrow.",,LOCATION_0027,0.57,SOCIAL_MEDIA_MONITORING
SOC_003750,PERSON_1244,TalkStream,user_person_1244,2025-10-13 05:01:10,Traffic was terrible near the market today.,,LOCATION_0275,0.43,SOCIAL_MEDIA_MONITORING
SOC_003751,PERSON_1393,ChirpNet,user_person_1393,2024-09-16 14:05:53,Weather has been unusually warm this month.,,LOCATION_0021,0.45,SOCIAL_MEDIA_MONITORING
SOC_003752,PERSON_1434,ConnectHub,user_person_1434,2024-11-24 14:19:03,"Great weekend with family, back to work tomorrow.",,LOCATION_0062,0.64,SOCIAL_MEDIA_MONITORING
SOC_003753,PERSON_0281,TalkStream,user_person_0281,2026-03-30 01:51:14,"Great weekend with family, back to work tomorrow.",,LOCATION_0092,0.52,SOCIAL_MEDIA_MONITORING
SOC_003754,PERSON_0564,TalkStream,user_person_0564,2025-05-28 19:58:42,"Great weekend with family, back to work tomorrow.",,LOCATION_0070,0.85,SOCIAL_MEDIA_MONITORING
SOC_003755,PERSON_0784,TalkStream,user_person_0784,2025-12-01 05:15:20,Traffic was terrible near the market today.,,LOCATION_0067,0.7,SOCIAL_MEDIA_MONITORING
SOC_003756,PERSON_0906,SnapCircle,user_person_0906,2025-06-15 17:51:39,"Package ready, will hand it over as discussed.",,LOCATION_0136,0.65,SOCIAL_MEDIA_MONITORING
SOC_003757,PERSON_0911,TalkStream,user_person_0911,2024-06-26 10:31:52,Weather has been unusually warm this month.,,LOCATION_0181,0.7,SOCIAL_MEDIA_MONITORING
SOC_003758,PERSON_1236,ConnectHub,user_person_1236,2024-05-03 05:32:34,Happy to share we completed the delivery on time.,,LOCATION_0078,0.43,SOCIAL_MEDIA_MONITORING
SOC_003759,PERSON_0865,PicWall,user_person_0865,2025-03-03 18:07:43,Happy to share we completed the delivery on time.,,LOCATION_0047,0.78,SOCIAL_MEDIA_MONITORING
SOC_003760,PERSON_1268,PicWall,user_person_1268,2025-10-06 23:32:48,Weather has been unusually warm this month.,,LOCATION_0268,0.65,SOCIAL_MEDIA_MONITORING
SOC_003761,PERSON_0029,PicWall,user_person_0029,2026-05-26 16:30:45,Weather has been unusually warm this month.,,LOCATION_0228,0.83,SOCIAL_MEDIA_MONITORING
SOC_003762,PERSON_1178,PicWall,user_person_1178,2024-05-17 13:50:43,Meeting postponed. Same place tomorrow.,PERSON_0328,LOCATION_0052,0.8,SOCIAL_MEDIA_MONITORING
SOC_003763,PERSON_0768,ChirpNet,user_person_0768,2024-05-16 15:10:54,"Great weekend with family, back to work tomorrow.",,LOCATION_0184,0.74,SOCIAL_MEDIA_MONITORING
SOC_003764,PERSON_0943,SnapCircle,user_person_0943,2026-05-31 07:43:54,Weather has been unusually warm this month.,,LOCATION_0011,0.79,SOCIAL_MEDIA_MONITORING
SOC_003765,PERSON_0107,SnapCircle,user_person_0107,2024-11-24 20:23:33,Happy to share we completed the delivery on time.,,LOCATION_0076,0.65,SOCIAL_MEDIA_MONITORING
SOC_003766,PERSON_0222,ConnectHub,user_person_0222,2025-03-14 12:37:04,"Great weekend with family, back to work tomorrow.",,LOCATION_0040,0.75,SOCIAL_MEDIA_MONITORING
SOC_003767,PERSON_1471,ChirpNet,user_person_1471,2025-01-15 20:41:32,Traffic was terrible near the market today.,,LOCATION_0179,0.65,SOCIAL_MEDIA_MONITORING
SOC_003768,PERSON_0472,PicWall,user_person_0472,2025-09-09 04:21:34,"New shop opening next week, everyone welcome.",,LOCATION_0057,0.81,SOCIAL_MEDIA_MONITORING
SOC_003769,PERSON_0099,ConnectHub,user_person_0099,2025-12-09 07:13:10,Happy to share we completed the delivery on time.,,LOCATION_0033,0.44,SOCIAL_MEDIA_MONITORING
SOC_003770,PERSON_0922,SnapCircle,user_person_0922,2026-03-06 11:29:14,Happy to share we completed the delivery on time.,,LOCATION_0099,0.44,SOCIAL_MEDIA_MONITORING
SOC_003771,PERSON_1342,ConnectHub,user_person_1342,2024-02-28 12:46:26,Traffic was terrible near the market today.,,LOCATION_0101,0.55,SOCIAL_MEDIA_MONITORING
SOC_003772,PERSON_1184,ConnectHub,user_person_1184,2025-08-29 23:35:01,"New shop opening next week, everyone welcome.",,LOCATION_0124,0.68,SOCIAL_MEDIA_MONITORING
SOC_003773,PERSON_1490,ConnectHub,user_person_1490,2024-07-19 00:44:30,Weather has been unusually warm this month.,,LOCATION_0073,0.51,SOCIAL_MEDIA_MONITORING
SOC_003774,PERSON_0671,PicWall,user_person_0671,2026-05-17 05:54:16,Traffic was terrible near the market today.,,LOCATION_0186,0.75,SOCIAL_MEDIA_MONITORING
SOC_003775,PERSON_1349,SnapCircle,user_person_1349,2026-04-27 21:14:49,Traffic was terrible near the market today.,,LOCATION_0185,0.81,SOCIAL_MEDIA_MONITORING
SOC_003776,PERSON_1455,PicWall,user_person_1455,2024-01-09 01:22:28,Traffic was terrible near the market today.,,LOCATION_0076,0.54,SOCIAL_MEDIA_MONITORING
SOC_003777,PERSON_0803,ConnectHub,user_person_0803,2024-02-27 17:56:01,Happy to share we completed the delivery on time.,,LOCATION_0048,0.43,SOCIAL_MEDIA_MONITORING
SOC_003778,PERSON_0147,SnapCircle,user_person_0147,2024-10-31 13:18:38,"Great weekend with family, back to work tomorrow.",,LOCATION_0080,0.43,SOCIAL_MEDIA_MONITORING
SOC_003779,PERSON_1091,SnapCircle,user_person_1091,2025-11-21 20:03:51,"New shop opening next week, everyone welcome.",,LOCATION_0033,0.47,SOCIAL_MEDIA_MONITORING
SOC_003780,PERSON_1358,ChirpNet,user_person_1358,2025-03-05 03:10:01,"New shop opening next week, everyone welcome.",,LOCATION_0024,0.75,SOCIAL_MEDIA_MONITORING
SOC_003781,PERSON_1072,SnapCircle,user_person_1072,2026-05-04 05:03:00,Weather has been unusually warm this month.,,LOCATION_0233,0.73,SOCIAL_MEDIA_MONITORING
SOC_003782,PERSON_0344,SnapCircle,user_person_0344,2024-12-01 06:02:22,"New shop opening next week, everyone welcome.",,LOCATION_0286,0.8,SOCIAL_MEDIA_MONITORING
SOC_003783,PERSON_0822,SnapCircle,user_person_0822,2024-01-11 09:52:51,"New shop opening next week, everyone welcome.",,LOCATION_0218,0.82,SOCIAL_MEDIA_MONITORING
SOC_003784,PERSON_1477,PicWall,user_person_1477,2024-02-12 15:24:50,Happy to share we completed the delivery on time.,,LOCATION_0085,0.54,SOCIAL_MEDIA_MONITORING
SOC_003785,PERSON_0093,ConnectHub,user_person_0093,2025-12-12 12:21:54,Meeting postponed. Same place tomorrow.,PERSON_0326,LOCATION_0111,0.84,SOCIAL_MEDIA_MONITORING
SOC_003786,PERSON_0123,ChirpNet,user_person_0123,2024-09-08 10:45:12,"New shop opening next week, everyone welcome.",,LOCATION_0282,0.69,SOCIAL_MEDIA_MONITORING
SOC_003787,PERSON_0085,PicWall,user_person_0085,2024-01-27 11:41:58,"Package ready, will hand it over as discussed.",,LOCATION_0045,0.84,SOCIAL_MEDIA_MONITORING
SOC_003788,PERSON_0044,PicWall,user_person_0044,2025-11-05 10:42:06,Weather has been unusually warm this month.,,LOCATION_0215,0.78,SOCIAL_MEDIA_MONITORING
SOC_003789,PERSON_0723,SnapCircle,user_person_0723,2026-05-13 02:37:57,"New shop opening next week, everyone welcome.",,LOCATION_0188,0.71,SOCIAL_MEDIA_MONITORING
SOC_003790,PERSON_0242,PicWall,user_person_0242,2026-06-13 16:52:37,Traffic was terrible near the market today.,,LOCATION_0141,0.61,SOCIAL_MEDIA_MONITORING
SOC_003791,PERSON_1408,TalkStream,user_person_1408,2025-02-15 00:52:56,"Everything is set for the evening, see you there.",,LOCATION_0256,0.68,SOCIAL_MEDIA_MONITORING
SOC_003792,PERSON_0621,ConnectHub,user_person_0621,2025-12-31 08:57:03,"Great weekend with family, back to work tomorrow.",,LOCATION_0099,0.47,SOCIAL_MEDIA_MONITORING
SOC_003793,PERSON_0514,ConnectHub,user_person_0514,2025-05-01 03:53:47,Traffic was terrible near the market today.,,LOCATION_0254,0.45,SOCIAL_MEDIA_MONITORING
SOC_003794,PERSON_1072,ConnectHub,user_person_1072,2025-07-08 11:02:48,"Great weekend with family, back to work tomorrow.",,LOCATION_0233,0.7,SOCIAL_MEDIA_MONITORING
SOC_003795,PERSON_0762,TalkStream,user_person_0762,2024-03-20 01:40:47,"New shop opening next week, everyone welcome.",,LOCATION_0111,0.6,SOCIAL_MEDIA_MONITORING
SOC_003796,PERSON_0193,PicWall,user_person_0193,2024-04-26 23:28:01,Weather has been unusually warm this month.,,LOCATION_0050,0.62,SOCIAL_MEDIA_MONITORING
SOC_003797,PERSON_0095,ConnectHub,user_person_0095,2024-07-30 11:41:53,Happy to share we completed the delivery on time.,,LOCATION_0204,0.59,SOCIAL_MEDIA_MONITORING
SOC_003798,PERSON_0886,TalkStream,user_person_0886,2025-11-19 13:21:36,"New shop opening next week, everyone welcome.",,LOCATION_0034,0.65,SOCIAL_MEDIA_MONITORING
SOC_003799,PERSON_0976,ChirpNet,user_person_0976,2024-11-20 15:32:17,"New shop opening next week, everyone welcome.",,LOCATION_0289,0.53,SOCIAL_MEDIA_MONITORING
SOC_003800,PERSON_0709,PicWall,user_person_0709,2025-02-06 09:12:53,"New shop opening next week, everyone welcome.",,LOCATION_0265,0.73,SOCIAL_MEDIA_MONITORING
SOC_003801,PERSON_0268,ChirpNet,user_person_0268,2026-01-30 04:21:57,Happy to share we completed the delivery on time.,,LOCATION_0051,0.62,SOCIAL_MEDIA_MONITORING
SOC_003802,PERSON_0281,PicWall,user_person_0281,2026-04-15 21:45:14,"Plan is confirmed, let's proceed as talked about.",PERSON_1016,LOCATION_0192,0.83,SOCIAL_MEDIA_MONITORING
SOC_003803,PERSON_0559,SnapCircle,user_person_0559,2024-03-01 21:24:37,Weather has been unusually warm this month.,,LOCATION_0130,0.63,SOCIAL_MEDIA_MONITORING
SOC_003804,PERSON_0932,SnapCircle,user_person_0932,2025-08-28 05:42:21,"Great weekend with family, back to work tomorrow.",,LOCATION_0013,0.78,SOCIAL_MEDIA_MONITORING
SOC_003805,PERSON_0457,ChirpNet,user_person_0457,2024-09-08 01:54:40,Weather has been unusually warm this month.,,LOCATION_0237,0.79,SOCIAL_MEDIA_MONITORING
SOC_003806,PERSON_0684,TalkStream,user_person_0684,2024-07-04 18:21:45,Weather has been unusually warm this month.,,LOCATION_0263,0.82,SOCIAL_MEDIA_MONITORING
SOC_003807,PERSON_0533,PicWall,user_person_0533,2024-02-01 17:15:38,"Great weekend with family, back to work tomorrow.",,LOCATION_0099,0.51,SOCIAL_MEDIA_MONITORING
SOC_003808,PERSON_0560,ConnectHub,user_person_0560,2026-04-20 15:08:47,"New shop opening next week, everyone welcome.",,LOCATION_0003,0.43,SOCIAL_MEDIA_MONITORING
SOC_003809,PERSON_0994,TalkStream,user_person_0994,2025-04-13 21:09:35,"New shop opening next week, everyone welcome.",,LOCATION_0110,0.84,SOCIAL_MEDIA_MONITORING
SOC_003810,PERSON_0293,ConnectHub,user_person_0293,2025-01-26 11:01:05,Happy to share we completed the delivery on time.,,LOCATION_0217,0.45,SOCIAL_MEDIA_MONITORING
SOC_003811,PERSON_0909,ChirpNet,user_person_0909,2024-02-26 10:09:03,Weather has been unusually warm this month.,,LOCATION_0004,0.57,SOCIAL_MEDIA_MONITORING
SOC_003812,PERSON_1391,TalkStream,user_person_1391,2025-01-13 09:33:45,Weather has been unusually warm this month.,,LOCATION_0189,0.52,SOCIAL_MEDIA_MONITORING
SOC_003813,PERSON_0787,SnapCircle,user_person_0787,2026-05-17 15:35:16,"Package ready, will hand it over as discussed.",PERSON_0094,LOCATION_0020,0.44,SOCIAL_MEDIA_MONITORING
SOC_003814,PERSON_0190,TalkStream,user_person_0190,2025-03-13 08:55:25,Traffic was terrible near the market today.,,LOCATION_0103,0.62,SOCIAL_MEDIA_MONITORING
SOC_003815,PERSON_0925,ChirpNet,user_person_0925,2024-07-26 17:32:45,Happy to share we completed the delivery on time.,,LOCATION_0282,0.46,SOCIAL_MEDIA_MONITORING
SOC_003816,PERSON_0163,TalkStream,user_person_0163,2026-03-27 16:05:46,"Everything is set for the evening, see you there.",PERSON_1296,LOCATION_0177,0.48,SOCIAL_MEDIA_MONITORING
SOC_003817,PERSON_0304,PicWall,user_person_0304,2024-05-04 04:57:40,"Great weekend with family, back to work tomorrow.",,LOCATION_0255,0.4,SOCIAL_MEDIA_MONITORING
SOC_003818,PERSON_0732,ChirpNet,user_person_0732,2025-04-27 10:22:15,Keep this between us for now.,PERSON_0455,LOCATION_0127,0.42,SOCIAL_MEDIA_MONITORING
SOC_003819,PERSON_1152,SnapCircle,user_person_1152,2026-01-10 10:56:30,Traffic was terrible near the market today.,,LOCATION_0119,0.48,SOCIAL_MEDIA_MONITORING
SOC_003820,PERSON_0826,PicWall,user_person_0826,2025-04-07 15:49:56,"Everything is set for the evening, see you there.",,LOCATION_0023,0.61,SOCIAL_MEDIA_MONITORING
SOC_003821,PERSON_0274,ConnectHub,user_person_0274,2025-07-30 17:46:55,"Great weekend with family, back to work tomorrow.",,LOCATION_0163,0.84,SOCIAL_MEDIA_MONITORING
SOC_003822,PERSON_0640,TalkStream,user_person_0640,2024-01-28 06:43:50,"Plan is confirmed, let's proceed as talked about.",,LOCATION_0017,0.51,SOCIAL_MEDIA_MONITORING
SOC_003823,PERSON_1229,TalkStream,user_person_1229,2025-01-23 06:19:17,"Package ready, will hand it over as discussed.",,LOCATION_0204,0.59,SOCIAL_MEDIA_MONITORING
SOC_003824,PERSON_1184,PicWall,user_person_1184,2024-06-24 07:52:26,Happy to share we completed the delivery on time.,,LOCATION_0054,0.67,SOCIAL_MEDIA_MONITORING
SOC_003825,PERSON_0332,ChirpNet,user_person_0332,2024-07-22 17:51:17,"New shop opening next week, everyone welcome.",,LOCATION_0030,0.74,SOCIAL_MEDIA_MONITORING
SOC_003826,PERSON_1378,ChirpNet,user_person_1378,2024-11-17 13:32:21,Weather has been unusually warm this month.,,LOCATION_0082,0.73,SOCIAL_MEDIA_MONITORING
SOC_003827,PERSON_1449,TalkStream,user_person_1449,2026-01-27 14:30:18,"Everything is set for the evening, see you there.",,LOCATION_0299,0.8,SOCIAL_MEDIA_MONITORING
SOC_003828,PERSON_0033,ChirpNet,user_person_0033,2025-04-28 15:32:39,"Great weekend with family, back to work tomorrow.",,LOCATION_0286,0.47,SOCIAL_MEDIA_MONITORING
SOC_003829,PERSON_0068,SnapCircle,user_person_0068,2025-12-07 20:55:50,Traffic was terrible near the market today.,,LOCATION_0269,0.49,SOCIAL_MEDIA_MONITORING
SOC_003830,PERSON_0576,TalkStream,user_person_0576,2025-09-07 03:12:15,"New shop opening next week, everyone welcome.",,LOCATION_0007,0.78,SOCIAL_MEDIA_MONITORING
SOC_003831,PERSON_0861,ConnectHub,user_person_0861,2024-11-29 22:31:59,Weather has been unusually warm this month.,,LOCATION_0267,0.63,SOCIAL_MEDIA_MONITORING
SOC_003832,PERSON_1106,ConnectHub,user_person_1106,2024-07-11 17:29:02,Weather has been unusually warm this month.,,LOCATION_0047,0.67,SOCIAL_MEDIA_MONITORING
SOC_003833,PERSON_0710,ChirpNet,user_person_0710,2024-12-05 11:33:08,Happy to share we completed the delivery on time.,,LOCATION_0181,0.69,SOCIAL_MEDIA_MONITORING
SOC_003834,PERSON_1362,SnapCircle,user_person_1362,2026-05-12 14:04:03,"New shop opening next week, everyone welcome.",,LOCATION_0267,0.43,SOCIAL_MEDIA_MONITORING
SOC_003835,PERSON_0533,ConnectHub,user_person_0533,2025-09-11 08:58:40,"Package ready, will hand it over as discussed.",PERSON_0473,LOCATION_0259,0.85,SOCIAL_MEDIA_MONITORING
SOC_003836,PERSON_0506,SnapCircle,user_person_0506,2025-09-26 13:57:20,Happy to share we completed the delivery on time.,,LOCATION_0045,0.8,SOCIAL_MEDIA_MONITORING
SOC_003837,PERSON_1417,ConnectHub,user_person_1417,2024-05-12 14:06:07,"Great weekend with family, back to work tomorrow.",,LOCATION_0179,0.54,SOCIAL_MEDIA_MONITORING
SOC_003838,PERSON_1500,ChirpNet,user_person_1500,2024-11-21 01:45:53,Keep this between us for now.,PERSON_0484,LOCATION_0290,0.62,SOCIAL_MEDIA_MONITORING
SOC_003839,PERSON_0231,SnapCircle,user_person_0231,2024-09-02 07:08:05,Happy to share we completed the delivery on time.,,LOCATION_0265,0.82,SOCIAL_MEDIA_MONITORING
SOC_003840,PERSON_0507,PicWall,user_person_0507,2025-10-19 17:49:09,"Great weekend with family, back to work tomorrow.",,LOCATION_0004,0.71,SOCIAL_MEDIA_MONITORING
SOC_003841,PERSON_0683,SnapCircle,user_person_0683,2024-11-29 09:07:55,"New shop opening next week, everyone welcome.",,LOCATION_0148,0.45,SOCIAL_MEDIA_MONITORING
SOC_003842,PERSON_1083,TalkStream,user_person_1083,2024-02-19 09:57:23,"New shop opening next week, everyone welcome.",,LOCATION_0279,0.63,SOCIAL_MEDIA_MONITORING
SOC_003843,PERSON_0300,TalkStream,user_person_0300,2024-06-23 11:03:11,"New shop opening next week, everyone welcome.",,LOCATION_0111,0.45,SOCIAL_MEDIA_MONITORING
SOC_003844,PERSON_1338,TalkStream,user_person_1338,2024-08-10 17:11:26,"Plan is confirmed, let's proceed as talked about.",PERSON_0479,LOCATION_0140,0.54,SOCIAL_MEDIA_MONITORING
SOC_003845,PERSON_0882,SnapCircle,user_person_0882,2025-11-26 22:59:39,"New shop opening next week, everyone welcome.",,LOCATION_0047,0.43,SOCIAL_MEDIA_MONITORING
SOC_003846,PERSON_1064,SnapCircle,user_person_1064,2024-01-14 18:50:09,"New shop opening next week, everyone welcome.",,LOCATION_0168,0.54,SOCIAL_MEDIA_MONITORING
SOC_003847,PERSON_0373,PicWall,user_person_0373,2025-02-24 07:43:06,Keep this between us for now.,PERSON_1453,LOCATION_0198,0.73,SOCIAL_MEDIA_MONITORING
SOC_003848,PERSON_0652,ChirpNet,user_person_0652,2026-06-15 20:24:09,Happy to share we completed the delivery on time.,,LOCATION_0272,0.74,SOCIAL_MEDIA_MONITORING
SOC_003849,PERSON_1416,TalkStream,user_person_1416,2024-09-26 17:27:49,Traffic was terrible near the market today.,,LOCATION_0079,0.77,SOCIAL_MEDIA_MONITORING
SOC_003850,PERSON_0078,PicWall,user_person_0078,2025-03-27 20:16:52,"Plan is confirmed, let's proceed as talked about.",PERSON_1335,LOCATION_0148,0.78,SOCIAL_MEDIA_MONITORING
SOC_003851,PERSON_0501,TalkStream,user_person_0501,2024-03-28 13:32:31,Traffic was terrible near the market today.,,LOCATION_0246,0.77,SOCIAL_MEDIA_MONITORING
SOC_003852,PERSON_0650,ConnectHub,user_person_0650,2025-05-02 07:31:28,"Great weekend with family, back to work tomorrow.",,LOCATION_0241,0.8,SOCIAL_MEDIA_MONITORING
SOC_003853,PERSON_1286,ChirpNet,user_person_1286,2024-10-02 14:45:49,Traffic was terrible near the market today.,,LOCATION_0213,0.53,SOCIAL_MEDIA_MONITORING
SOC_003854,PERSON_0884,ConnectHub,user_person_0884,2024-02-07 05:24:18,"Great weekend with family, back to work tomorrow.",,LOCATION_0285,0.45,SOCIAL_MEDIA_MONITORING
SOC_003855,PERSON_0444,TalkStream,user_person_0444,2026-03-19 01:15:02,"Great weekend with family, back to work tomorrow.",,LOCATION_0101,0.76,SOCIAL_MEDIA_MONITORING
SOC_003856,PERSON_0225,SnapCircle,user_person_0225,2026-01-09 05:19:58,"New shop opening next week, everyone welcome.",,LOCATION_0110,0.82,SOCIAL_MEDIA_MONITORING
SOC_003857,PERSON_0047,SnapCircle,user_person_0047,2025-01-05 04:29:25,"Great weekend with family, back to work tomorrow.",,LOCATION_0162,0.5,SOCIAL_MEDIA_MONITORING
SOC_003858,PERSON_0341,SnapCircle,user_person_0341,2024-07-01 17:08:26,"Great weekend with family, back to work tomorrow.",,LOCATION_0089,0.77,SOCIAL_MEDIA_MONITORING
SOC_003859,PERSON_1385,ConnectHub,user_person_1385,2026-06-06 17:33:42,Weather has been unusually warm this month.,,LOCATION_0070,0.77,SOCIAL_MEDIA_MONITORING
SOC_003860,PERSON_0602,PicWall,user_person_0602,2024-04-16 14:38:27,Weather has been unusually warm this month.,,LOCATION_0118,0.69,SOCIAL_MEDIA_MONITORING
SOC_003861,PERSON_1372,ConnectHub,user_person_1372,2026-04-25 11:45:26,"Plan is confirmed, let's proceed as talked about.",,LOCATION_0134,0.68,SOCIAL_MEDIA_MONITORING
SOC_003862,PERSON_1192,TalkStream,user_person_1192,2024-03-17 12:09:15,Happy to share we completed the delivery on time.,,LOCATION_0063,0.5,SOCIAL_MEDIA_MONITORING
SOC_003863,PERSON_0683,ConnectHub,user_person_0683,2026-02-06 19:58:38,Weather has been unusually warm this month.,,LOCATION_0068,0.51,SOCIAL_MEDIA_MONITORING
SOC_003864,PERSON_0529,ChirpNet,user_person_0529,2026-03-03 01:37:22,Meeting postponed. Same place tomorrow.,PERSON_0740,LOCATION_0156,0.71,SOCIAL_MEDIA_MONITORING
SOC_003865,PERSON_0383,PicWall,user_person_0383,2025-03-21 06:48:10,"Great weekend with family, back to work tomorrow.",,LOCATION_0300,0.79,SOCIAL_MEDIA_MONITORING
SOC_003866,PERSON_1220,TalkStream,user_person_1220,2025-07-07 20:55:44,"New shop opening next week, everyone welcome.",,LOCATION_0237,0.58,SOCIAL_MEDIA_MONITORING
SOC_003867,PERSON_1096,ChirpNet,user_person_1096,2025-06-01 23:22:46,Traffic was terrible near the market today.,,LOCATION_0123,0.45,SOCIAL_MEDIA_MONITORING
SOC_003868,PERSON_0554,SnapCircle,user_person_0554,2025-03-13 06:57:46,Weather has been unusually warm this month.,,LOCATION_0136,0.7,SOCIAL_MEDIA_MONITORING
SOC_003869,PERSON_0075,PicWall,user_person_0075,2024-04-19 05:01:54,Happy to share we completed the delivery on time.,,LOCATION_0033,0.82,SOCIAL_MEDIA_MONITORING
SOC_003870,PERSON_0819,SnapCircle,user_person_0819,2024-09-12 16:59:06,Traffic was terrible near the market today.,,LOCATION_0135,0.5,SOCIAL_MEDIA_MONITORING
SOC_003871,PERSON_0358,ChirpNet,user_person_0358,2026-04-01 17:30:45,"New shop opening next week, everyone welcome.",,LOCATION_0065,0.67,SOCIAL_MEDIA_MONITORING
SOC_003872,PERSON_0536,ChirpNet,user_person_0536,2024-06-05 00:25:24,"Everything is set for the evening, see you there.",,LOCATION_0130,0.43,SOCIAL_MEDIA_MONITORING
SOC_003873,PERSON_0076,SnapCircle,user_person_0076,2025-10-11 16:31:48,Traffic was terrible near the market today.,,LOCATION_0255,0.8,SOCIAL_MEDIA_MONITORING
SOC_003874,PERSON_0849,ChirpNet,user_person_0849,2024-03-05 18:15:19,Meeting postponed. Same place tomorrow.,,LOCATION_0297,0.58,SOCIAL_MEDIA_MONITORING
SOC_003875,PERSON_0349,SnapCircle,user_person_0349,2025-03-07 00:37:43,Traffic was terrible near the market today.,,LOCATION_0082,0.51,SOCIAL_MEDIA_MONITORING
SOC_003876,PERSON_0504,ConnectHub,user_person_0504,2026-04-23 08:48:19,Happy to share we completed the delivery on time.,,LOCATION_0203,0.73,SOCIAL_MEDIA_MONITORING
SOC_003877,PERSON_1110,PicWall,user_person_1110,2026-03-23 05:59:23,Traffic was terrible near the market today.,,LOCATION_0010,0.72,SOCIAL_MEDIA_MONITORING
SOC_003878,PERSON_0732,ConnectHub,user_person_0732,2025-07-25 16:14:34,Traffic was terrible near the market today.,,LOCATION_0247,0.63,SOCIAL_MEDIA_MONITORING
SOC_003879,PERSON_1247,ChirpNet,user_person_1247,2026-03-10 08:35:30,"Everything is set for the evening, see you there.",PERSON_0064,LOCATION_0237,0.82,SOCIAL_MEDIA_MONITORING
SOC_003880,PERSON_1091,SnapCircle,user_person_1091,2025-01-14 15:30:15,Weather has been unusually warm this month.,,LOCATION_0043,0.54,SOCIAL_MEDIA_MONITORING
SOC_003881,PERSON_0474,SnapCircle,user_person_0474,2026-06-26 05:43:04,Keep this between us for now.,PERSON_1210,LOCATION_0190,0.45,SOCIAL_MEDIA_MONITORING
SOC_003882,PERSON_0215,PicWall,user_person_0215,2024-12-05 16:51:11,"Great weekend with family, back to work tomorrow.",,LOCATION_0117,0.85,SOCIAL_MEDIA_MONITORING
SOC_003883,PERSON_0045,TalkStream,user_person_0045,2025-09-30 21:25:59,Traffic was terrible near the market today.,,LOCATION_0257,0.73,SOCIAL_MEDIA_MONITORING
SOC_003884,PERSON_0492,ConnectHub,user_person_0492,2026-03-26 11:47:52,Keep this between us for now.,,LOCATION_0214,0.63,SOCIAL_MEDIA_MONITORING
SOC_003885,PERSON_1473,ConnectHub,user_person_1473,2026-01-22 11:31:36,"New shop opening next week, everyone welcome.",,LOCATION_0242,0.77,SOCIAL_MEDIA_MONITORING
SOC_003886,PERSON_0674,ConnectHub,user_person_0674,2024-03-18 05:47:34,Traffic was terrible near the market today.,,LOCATION_0240,0.52,SOCIAL_MEDIA_MONITORING
SOC_003887,PERSON_0622,SnapCircle,user_person_0622,2026-02-19 12:56:47,Traffic was terrible near the market today.,,LOCATION_0221,0.8,SOCIAL_MEDIA_MONITORING
SOC_003888,PERSON_0456,TalkStream,user_person_0456,2024-04-09 21:21:31,"Great weekend with family, back to work tomorrow.",,LOCATION_0231,0.6,SOCIAL_MEDIA_MONITORING
SOC_003889,PERSON_1282,ConnectHub,user_person_1282,2025-04-23 02:48:23,Traffic was terrible near the market today.,,LOCATION_0289,0.48,SOCIAL_MEDIA_MONITORING
SOC_003890,PERSON_0006,ConnectHub,user_person_0006,2025-02-06 17:40:27,"New shop opening next week, everyone welcome.",,LOCATION_0068,0.54,SOCIAL_MEDIA_MONITORING
SOC_003891,PERSON_0365,PicWall,user_person_0365,2026-04-28 05:18:35,"Great weekend with family, back to work tomorrow.",,LOCATION_0066,0.77,SOCIAL_MEDIA_MONITORING
SOC_003892,PERSON_0480,PicWall,user_person_0480,2025-10-03 14:29:12,Traffic was terrible near the market today.,,LOCATION_0110,0.55,SOCIAL_MEDIA_MONITORING
SOC_003893,PERSON_1188,ChirpNet,user_person_1188,2026-06-05 15:39:26,Traffic was terrible near the market today.,,LOCATION_0141,0.71,SOCIAL_MEDIA_MONITORING
SOC_003894,PERSON_1063,PicWall,user_person_1063,2025-06-14 22:13:08,"New shop opening next week, everyone welcome.",,LOCATION_0009,0.5,SOCIAL_MEDIA_MONITORING
SOC_003895,PERSON_0568,SnapCircle,user_person_0568,2025-06-19 17:56:59,Weather has been unusually warm this month.,,LOCATION_0158,0.66,SOCIAL_MEDIA_MONITORING
SOC_003896,PERSON_0510,ChirpNet,user_person_0510,2024-01-29 03:48:21,"Great weekend with family, back to work tomorrow.",,LOCATION_0187,0.64,SOCIAL_MEDIA_MONITORING
SOC_003897,PERSON_0321,ConnectHub,user_person_0321,2026-01-20 12:46:55,"New shop opening next week, everyone welcome.",,LOCATION_0218,0.84,SOCIAL_MEDIA_MONITORING
SOC_003898,PERSON_0564,PicWall,user_person_0564,2024-09-01 10:32:15,Traffic was terrible near the market today.,,LOCATION_0160,0.64,SOCIAL_MEDIA_MONITORING
SOC_003899,PERSON_1306,TalkStream,user_person_1306,2025-09-26 11:03:57,Traffic was terrible near the market today.,,LOCATION_0148,0.51,SOCIAL_MEDIA_MONITORING
SOC_003900,PERSON_0295,SnapCircle,user_person_0295,2025-07-25 00:38:21,Traffic was terrible near the market today.,,LOCATION_0025,0.47,SOCIAL_MEDIA_MONITORING
SOC_003901,PERSON_0009,ChirpNet,user_person_0009,2024-05-20 04:20:42,Traffic was terrible near the market today.,,LOCATION_0300,0.51,SOCIAL_MEDIA_MONITORING
SOC_003902,PERSON_0601,SnapCircle,user_person_0601,2025-05-09 21:28:47,"New shop opening next week, everyone welcome.",,LOCATION_0217,0.76,SOCIAL_MEDIA_MONITORING
SOC_003903,PERSON_1468,ChirpNet,user_person_1468,2025-11-17 06:42:06,Happy to share we completed the delivery on time.,,LOCATION_0243,0.67,SOCIAL_MEDIA_MONITORING
SOC_003904,PERSON_0670,PicWall,user_person_0670,2024-04-19 01:58:21,Weather has been unusually warm this month.,,LOCATION_0130,0.61,SOCIAL_MEDIA_MONITORING
SOC_003905,PERSON_0304,TalkStream,user_person_0304,2024-09-06 20:07:38,"Everything is set for the evening, see you there.",PERSON_1111,LOCATION_0115,0.59,SOCIAL_MEDIA_MONITORING
SOC_003906,PERSON_1079,TalkStream,user_person_1079,2025-01-26 17:29:24,"Great weekend with family, back to work tomorrow.",,LOCATION_0024,0.47,SOCIAL_MEDIA_MONITORING
SOC_003907,PERSON_0864,PicWall,user_person_0864,2026-02-20 12:18:30,Keep this between us for now.,PERSON_0921,LOCATION_0017,0.52,SOCIAL_MEDIA_MONITORING
SOC_003908,PERSON_0134,SnapCircle,user_person_0134,2026-03-14 17:41:16,"Great weekend with family, back to work tomorrow.",,LOCATION_0166,0.57,SOCIAL_MEDIA_MONITORING
SOC_003909,PERSON_0834,TalkStream,user_person_0834,2025-01-28 04:51:43,"Great weekend with family, back to work tomorrow.",,LOCATION_0172,0.64,SOCIAL_MEDIA_MONITORING
SOC_003910,PERSON_0429,ChirpNet,user_person_0429,2025-08-13 08:41:48,"Great weekend with family, back to work tomorrow.",,LOCATION_0069,0.7,SOCIAL_MEDIA_MONITORING
SOC_003911,PERSON_0529,ConnectHub,user_person_0529,2024-06-17 07:20:20,"Great weekend with family, back to work tomorrow.",,LOCATION_0296,0.56,SOCIAL_MEDIA_MONITORING
SOC_003912,PERSON_0735,ConnectHub,user_person_0735,2025-05-23 09:25:07,Happy to share we completed the delivery on time.,,LOCATION_0120,0.49,SOCIAL_MEDIA_MONITORING
SOC_003913,PERSON_0511,SnapCircle,user_person_0511,2024-04-07 01:24:33,"New shop opening next week, everyone welcome.",,LOCATION_0141,0.74,SOCIAL_MEDIA_MONITORING
SOC_003914,PERSON_1350,ConnectHub,user_person_1350,2025-01-18 02:22:49,"Package ready, will hand it over as discussed.",,LOCATION_0261,0.63,SOCIAL_MEDIA_MONITORING
SOC_003915,PERSON_0874,TalkStream,user_person_0874,2024-07-25 19:39:36,"Great weekend with family, back to work tomorrow.",,LOCATION_0148,0.57,SOCIAL_MEDIA_MONITORING
SOC_003916,PERSON_1452,TalkStream,user_person_1452,2026-06-03 06:29:44,Traffic was terrible near the market today.,,LOCATION_0219,0.81,SOCIAL_MEDIA_MONITORING
SOC_003917,PERSON_0409,TalkStream,user_person_0409,2025-01-08 04:18:23,Traffic was terrible near the market today.,,LOCATION_0198,0.6,SOCIAL_MEDIA_MONITORING
SOC_003918,PERSON_1170,ChirpNet,user_person_1170,2024-05-26 07:44:17,"Great weekend with family, back to work tomorrow.",,LOCATION_0297,0.81,SOCIAL_MEDIA_MONITORING
SOC_003919,PERSON_1460,SnapCircle,user_person_1460,2026-02-19 07:14:52,Keep this between us for now.,PERSON_0301,LOCATION_0167,0.54,SOCIAL_MEDIA_MONITORING
SOC_003920,PERSON_1310,TalkStream,user_person_1310,2024-04-14 17:08:34,Weather has been unusually warm this month.,,LOCATION_0148,0.41,SOCIAL_MEDIA_MONITORING
SOC_003921,PERSON_0619,ChirpNet,user_person_0619,2025-01-06 22:25:50,"Great weekend with family, back to work tomorrow.",,LOCATION_0070,0.57,SOCIAL_MEDIA_MONITORING
SOC_003922,PERSON_1457,SnapCircle,user_person_1457,2026-05-17 19:38:38,"Great weekend with family, back to work tomorrow.",,LOCATION_0213,0.44,SOCIAL_MEDIA_MONITORING
SOC_003923,PERSON_0961,TalkStream,user_person_0961,2024-06-20 19:33:07,Keep this between us for now.,,LOCATION_0087,0.48,SOCIAL_MEDIA_MONITORING
SOC_003924,PERSON_1102,ConnectHub,user_person_1102,2026-03-26 15:49:20,"Package ready, will hand it over as discussed.",,LOCATION_0003,0.65,SOCIAL_MEDIA_MONITORING
SOC_003925,PERSON_0989,SnapCircle,user_person_0989,2025-05-20 03:58:19,"New shop opening next week, everyone welcome.",,LOCATION_0277,0.4,SOCIAL_MEDIA_MONITORING
SOC_003926,PERSON_1129,TalkStream,user_person_1129,2025-04-17 10:38:11,"Great weekend with family, back to work tomorrow.",,LOCATION_0207,0.54,SOCIAL_MEDIA_MONITORING
SOC_003927,PERSON_0170,PicWall,user_person_0170,2025-10-24 10:58:53,"New shop opening next week, everyone welcome.",,LOCATION_0296,0.42,SOCIAL_MEDIA_MONITORING
SOC_003928,PERSON_0695,ChirpNet,user_person_0695,2025-06-17 04:55:13,Happy to share we completed the delivery on time.,,LOCATION_0018,0.44,SOCIAL_MEDIA_MONITORING
SOC_003929,PERSON_0192,SnapCircle,user_person_0192,2024-11-07 20:16:08,Happy to share we completed the delivery on time.,,LOCATION_0075,0.46,SOCIAL_MEDIA_MONITORING
SOC_003930,PERSON_1487,TalkStream,user_person_1487,2026-06-28 13:59:43,Happy to share we completed the delivery on time.,,LOCATION_0045,0.74,SOCIAL_MEDIA_MONITORING
SOC_003931,PERSON_0442,TalkStream,user_person_0442,2025-08-21 13:16:14,Meeting postponed. Same place tomorrow.,,LOCATION_0111,0.72,SOCIAL_MEDIA_MONITORING
SOC_003932,PERSON_1445,SnapCircle,user_person_1445,2025-02-16 18:32:09,Weather has been unusually warm this month.,,LOCATION_0016,0.83,SOCIAL_MEDIA_MONITORING
SOC_003933,PERSON_0241,ChirpNet,user_person_0241,2025-11-18 20:44:49,"Great weekend with family, back to work tomorrow.",,LOCATION_0016,0.45,SOCIAL_MEDIA_MONITORING
SOC_003934,PERSON_0618,PicWall,user_person_0618,2025-06-06 01:37:52,"New shop opening next week, everyone welcome.",,LOCATION_0217,0.59,SOCIAL_MEDIA_MONITORING
SOC_003935,PERSON_1391,PicWall,user_person_1391,2025-10-27 22:21:34,Weather has been unusually warm this month.,,LOCATION_0079,0.76,SOCIAL_MEDIA_MONITORING
SOC_003936,PERSON_0022,ConnectHub,user_person_0022,2025-03-27 02:31:59,"Great weekend with family, back to work tomorrow.",,LOCATION_0113,0.69,SOCIAL_MEDIA_MONITORING
SOC_003937,PERSON_0210,ConnectHub,user_person_0210,2025-08-05 21:15:08,"Great weekend with family, back to work tomorrow.",,LOCATION_0263,0.72,SOCIAL_MEDIA_MONITORING
SOC_003938,PERSON_0685,PicWall,user_person_0685,2026-05-20 01:53:02,"Great weekend with family, back to work tomorrow.",,LOCATION_0128,0.55,SOCIAL_MEDIA_MONITORING
SOC_003939,PERSON_1178,SnapCircle,user_person_1178,2024-03-25 20:16:18,Weather has been unusually warm this month.,,LOCATION_0182,0.73,SOCIAL_MEDIA_MONITORING
SOC_003940,PERSON_1314,SnapCircle,user_person_1314,2024-02-03 16:29:20,Weather has been unusually warm this month.,,LOCATION_0012,0.41,SOCIAL_MEDIA_MONITORING
SOC_003941,PERSON_0313,TalkStream,user_person_0313,2025-01-22 21:56:38,Traffic was terrible near the market today.,,LOCATION_0147,0.85,SOCIAL_MEDIA_MONITORING
SOC_003942,PERSON_0102,PicWall,user_person_0102,2025-07-30 12:53:52,Weather has been unusually warm this month.,,LOCATION_0065,0.59,SOCIAL_MEDIA_MONITORING
SOC_003943,PERSON_1361,ConnectHub,user_person_1361,2025-03-21 14:34:58,Keep this between us for now.,PERSON_0139,LOCATION_0114,0.54,SOCIAL_MEDIA_MONITORING
SOC_003944,PERSON_1419,ConnectHub,user_person_1419,2024-10-07 02:47:02,Weather has been unusually warm this month.,,LOCATION_0137,0.54,SOCIAL_MEDIA_MONITORING
SOC_003945,PERSON_0250,ChirpNet,user_person_0250,2025-08-07 09:36:58,"Great weekend with family, back to work tomorrow.",,LOCATION_0154,0.41,SOCIAL_MEDIA_MONITORING
SOC_003946,PERSON_0353,ChirpNet,user_person_0353,2024-02-25 11:47:29,"New shop opening next week, everyone welcome.",,LOCATION_0178,0.67,SOCIAL_MEDIA_MONITORING
SOC_003947,PERSON_0952,SnapCircle,user_person_0952,2026-03-19 15:08:11,"Plan is confirmed, let's proceed as talked about.",,LOCATION_0193,0.46,SOCIAL_MEDIA_MONITORING
SOC_003948,PERSON_0009,ConnectHub,user_person_0009,2026-05-03 14:20:28,Happy to share we completed the delivery on time.,,LOCATION_0280,0.44,SOCIAL_MEDIA_MONITORING
SOC_003949,PERSON_0673,PicWall,user_person_0673,2025-08-13 02:08:43,Happy to share we completed the delivery on time.,,LOCATION_0258,0.43,SOCIAL_MEDIA_MONITORING
SOC_003950,PERSON_1057,ChirpNet,user_person_1057,2024-06-02 17:16:26,Keep this between us for now.,,LOCATION_0130,0.82,SOCIAL_MEDIA_MONITORING
SOC_003951,PERSON_0072,PicWall,user_person_0072,2025-01-08 23:16:33,Weather has been unusually warm this month.,,LOCATION_0062,0.68,SOCIAL_MEDIA_MONITORING
SOC_003952,PERSON_0606,ConnectHub,user_person_0606,2026-02-15 23:46:31,"Great weekend with family, back to work tomorrow.",,LOCATION_0268,0.68,SOCIAL_MEDIA_MONITORING
SOC_003953,PERSON_1073,ChirpNet,user_person_1073,2026-05-16 23:15:51,"New shop opening next week, everyone welcome.",,LOCATION_0184,0.83,SOCIAL_MEDIA_MONITORING
SOC_003954,PERSON_0236,PicWall,user_person_0236,2024-05-05 10:31:43,"New shop opening next week, everyone welcome.",,LOCATION_0215,0.57,SOCIAL_MEDIA_MONITORING
SOC_003955,PERSON_0741,PicWall,user_person_0741,2026-03-16 13:45:14,"New shop opening next week, everyone welcome.",,LOCATION_0185,0.77,SOCIAL_MEDIA_MONITORING
SOC_003956,PERSON_0962,TalkStream,user_person_0962,2024-10-20 08:47:00,"New shop opening next week, everyone welcome.",,LOCATION_0193,0.51,SOCIAL_MEDIA_MONITORING
SOC_003957,PERSON_0117,SnapCircle,user_person_0117,2024-10-16 14:04:39,"Great weekend with family, back to work tomorrow.",,LOCATION_0252,0.5,SOCIAL_MEDIA_MONITORING
SOC_003958,PERSON_1305,SnapCircle,user_person_1305,2024-04-25 16:38:04,"New shop opening next week, everyone welcome.",,LOCATION_0108,0.65,SOCIAL_MEDIA_MONITORING
SOC_003959,PERSON_1489,ChirpNet,user_person_1489,2025-07-22 05:50:09,Traffic was terrible near the market today.,,LOCATION_0003,0.46,SOCIAL_MEDIA_MONITORING
SOC_003960,PERSON_0089,PicWall,user_person_0089,2026-06-02 05:12:52,"Great weekend with family, back to work tomorrow.",,LOCATION_0270,0.81,SOCIAL_MEDIA_MONITORING
SOC_003961,PERSON_0722,PicWall,user_person_0722,2024-02-17 12:21:03,"Plan is confirmed, let's proceed as talked about.",PERSON_1217,LOCATION_0234,0.44,SOCIAL_MEDIA_MONITORING
SOC_003962,PERSON_0303,ChirpNet,user_person_0303,2024-11-01 01:39:58,"Plan is confirmed, let's proceed as talked about.",PERSON_0270,LOCATION_0256,0.73,SOCIAL_MEDIA_MONITORING
SOC_003963,PERSON_0227,TalkStream,user_person_0227,2025-03-18 02:58:51,"Great weekend with family, back to work tomorrow.",,LOCATION_0203,0.46,SOCIAL_MEDIA_MONITORING
SOC_003964,PERSON_1444,PicWall,user_person_1444,2025-03-17 02:40:36,Happy to share we completed the delivery on time.,,LOCATION_0166,0.65,SOCIAL_MEDIA_MONITORING
SOC_003965,PERSON_0416,ConnectHub,user_person_0416,2025-11-01 18:20:40,Traffic was terrible near the market today.,,LOCATION_0277,0.71,SOCIAL_MEDIA_MONITORING
SOC_003966,PERSON_1425,TalkStream,user_person_1425,2025-09-12 19:32:09,Traffic was terrible near the market today.,,LOCATION_0118,0.73,SOCIAL_MEDIA_MONITORING
SOC_003967,PERSON_0160,PicWall,user_person_0160,2025-06-23 18:19:17,"New shop opening next week, everyone welcome.",,LOCATION_0063,0.73,SOCIAL_MEDIA_MONITORING
SOC_003968,PERSON_0843,PicWall,user_person_0843,2024-11-17 05:33:44,"Great weekend with family, back to work tomorrow.",,LOCATION_0140,0.59,SOCIAL_MEDIA_MONITORING
SOC_003969,PERSON_0706,ConnectHub,user_person_0706,2025-05-07 16:19:38,Happy to share we completed the delivery on time.,,LOCATION_0179,0.58,SOCIAL_MEDIA_MONITORING
SOC_003970,PERSON_1440,ChirpNet,user_person_1440,2024-06-14 13:05:56,"New shop opening next week, everyone welcome.",,LOCATION_0218,0.78,SOCIAL_MEDIA_MONITORING
SOC_003971,PERSON_1210,TalkStream,user_person_1210,2025-08-16 21:06:34,Weather has been unusually warm this month.,,LOCATION_0270,0.78,SOCIAL_MEDIA_MONITORING
SOC_003972,PERSON_0728,SnapCircle,user_person_0728,2025-12-27 21:39:41,"Everything is set for the evening, see you there.",,LOCATION_0286,0.64,SOCIAL_MEDIA_MONITORING
SOC_003973,PERSON_0363,TalkStream,user_person_0363,2024-05-02 09:06:39,"New shop opening next week, everyone welcome.",,LOCATION_0013,0.52,SOCIAL_MEDIA_MONITORING
SOC_003974,PERSON_0853,TalkStream,user_person_0853,2025-04-30 00:00:42,Happy to share we completed the delivery on time.,,LOCATION_0078,0.79,SOCIAL_MEDIA_MONITORING
SOC_003975,PERSON_0802,PicWall,user_person_0802,2025-06-11 06:19:34,Traffic was terrible near the market today.,,LOCATION_0230,0.64,SOCIAL_MEDIA_MONITORING
SOC_003976,PERSON_0367,TalkStream,user_person_0367,2024-02-20 03:16:19,"New shop opening next week, everyone welcome.",,LOCATION_0246,0.76,SOCIAL_MEDIA_MONITORING
SOC_003977,PERSON_0329,ChirpNet,user_person_0329,2025-02-16 15:08:01,"Package ready, will hand it over as discussed.",,LOCATION_0184,0.56,SOCIAL_MEDIA_MONITORING
SOC_003978,PERSON_1344,ChirpNet,user_person_1344,2025-06-23 16:45:15,Traffic was terrible near the market today.,,LOCATION_0122,0.66,SOCIAL_MEDIA_MONITORING
SOC_003979,PERSON_0952,PicWall,user_person_0952,2026-04-28 00:05:18,"New shop opening next week, everyone welcome.",,LOCATION_0253,0.77,SOCIAL_MEDIA_MONITORING
SOC_003980,PERSON_0967,TalkStream,user_person_0967,2025-07-10 11:31:57,Traffic was terrible near the market today.,,LOCATION_0225,0.43,SOCIAL_MEDIA_MONITORING
SOC_003981,PERSON_1377,ChirpNet,user_person_1377,2025-02-05 22:33:54,"New shop opening next week, everyone welcome.",,LOCATION_0132,0.46,SOCIAL_MEDIA_MONITORING
SOC_003982,PERSON_1484,PicWall,user_person_1484,2026-05-16 07:24:38,"Great weekend with family, back to work tomorrow.",,LOCATION_0293,0.47,SOCIAL_MEDIA_MONITORING
SOC_003983,PERSON_0477,ChirpNet,user_person_0477,2026-06-10 12:40:53,Happy to share we completed the delivery on time.,,LOCATION_0216,0.69,SOCIAL_MEDIA_MONITORING
SOC_003984,PERSON_0123,PicWall,user_person_0123,2025-07-30 02:24:19,"Great weekend with family, back to work tomorrow.",,LOCATION_0082,0.61,SOCIAL_MEDIA_MONITORING
SOC_003985,PERSON_0134,ConnectHub,user_person_0134,2025-04-17 21:38:18,"New shop opening next week, everyone welcome.",,LOCATION_0206,0.44,SOCIAL_MEDIA_MONITORING
SOC_003986,PERSON_1397,ChirpNet,user_person_1397,2025-08-14 01:33:02,"Package ready, will hand it over as discussed.",PERSON_0600,LOCATION_0099,0.83,SOCIAL_MEDIA_MONITORING
SOC_003987,PERSON_0773,ChirpNet,user_person_0773,2026-06-08 20:24:11,Traffic was terrible near the market today.,,LOCATION_0098,0.6,SOCIAL_MEDIA_MONITORING
SOC_003988,PERSON_0499,ChirpNet,user_person_0499,2024-09-10 21:38:22,"Great weekend with family, back to work tomorrow.",,LOCATION_0010,0.54,SOCIAL_MEDIA_MONITORING
SOC_003989,PERSON_0748,TalkStream,user_person_0748,2024-11-28 04:52:27,Weather has been unusually warm this month.,,LOCATION_0267,0.47,SOCIAL_MEDIA_MONITORING
SOC_003990,PERSON_1009,TalkStream,user_person_1009,2024-09-15 01:06:54,Weather has been unusually warm this month.,,LOCATION_0238,0.76,SOCIAL_MEDIA_MONITORING
SOC_003991,PERSON_1315,SnapCircle,user_person_1315,2025-04-15 08:53:40,"Package ready, will hand it over as discussed.",,LOCATION_0190,0.54,SOCIAL_MEDIA_MONITORING
SOC_003992,PERSON_0688,TalkStream,user_person_0688,2024-07-04 06:18:00,Traffic was terrible near the market today.,,LOCATION_0003,0.68,SOCIAL_MEDIA_MONITORING
SOC_003993,PERSON_1444,TalkStream,user_person_1444,2025-08-16 06:46:26,"Great weekend with family, back to work tomorrow.",,LOCATION_0156,0.47,SOCIAL_MEDIA_MONITORING
SOC_003994,PERSON_0506,ConnectHub,user_person_0506,2024-04-23 02:10:14,"New shop opening next week, everyone welcome.",,LOCATION_0115,0.51,SOCIAL_MEDIA_MONITORING
SOC_003995,PERSON_0927,SnapCircle,user_person_0927,2026-03-01 04:22:16,"Great weekend with family, back to work tomorrow.",,LOCATION_0185,0.73,SOCIAL_MEDIA_MONITORING
SOC_003996,PERSON_0868,TalkStream,user_person_0868,2025-10-19 15:44:18,Weather has been unusually warm this month.,,LOCATION_0083,0.49,SOCIAL_MEDIA_MONITORING
SOC_003997,PERSON_1403,PicWall,user_person_1403,2026-04-21 07:10:03,"Great weekend with family, back to work tomorrow.",,LOCATION_0134,0.75,SOCIAL_MEDIA_MONITORING
SOC_003998,PERSON_0424,ConnectHub,user_person_0424,2026-02-23 23:52:32,Happy to share we completed the delivery on time.,,LOCATION_0203,0.63,SOCIAL_MEDIA_MONITORING
SOC_003999,PERSON_0454,SnapCircle,user_person_0454,2026-02-20 14:14:16,"New shop opening next week, everyone welcome.",,LOCATION_0063,0.6,SOCIAL_MEDIA_MONITORING
SOC_004000,PERSON_1385,SnapCircle,user_person_1385,2025-07-04 14:22:26,"Great weekend with family, back to work tomorrow.",,LOCATION_0090,0.79,SOCIAL_MEDIA_MONITORING
SOC_004001,PERSON_0156,ChirpNet,user_person_0156,2024-05-27 23:07:20,Keep this between us for now.,,LOCATION_0171,0.51,SOCIAL_MEDIA_MONITORING
SOC_004002,PERSON_0158,PicWall,user_person_0158,2024-01-05 23:08:08,"Great weekend with family, back to work tomorrow.",,LOCATION_0108,0.47,SOCIAL_MEDIA_MONITORING
SOC_004003,PERSON_1090,SnapCircle,user_person_1090,2026-06-21 06:24:15,Weather has been unusually warm this month.,,LOCATION_0232,0.76,SOCIAL_MEDIA_MONITORING
SOC_004004,PERSON_0420,ConnectHub,user_person_0420,2025-08-13 09:20:07,Happy to share we completed the delivery on time.,,LOCATION_0033,0.52,SOCIAL_MEDIA_MONITORING
SOC_004005,PERSON_0961,ChirpNet,user_person_0961,2025-04-13 06:38:32,"Great weekend with family, back to work tomorrow.",,LOCATION_0187,0.84,SOCIAL_MEDIA_MONITORING
SOC_004006,PERSON_0463,ConnectHub,user_person_0463,2024-08-04 16:02:02,Happy to share we completed the delivery on time.,,LOCATION_0220,0.7,SOCIAL_MEDIA_MONITORING
SOC_004007,PERSON_1403,ConnectHub,user_person_1403,2024-10-16 11:53:05,"New shop opening next week, everyone welcome.",,LOCATION_0254,0.48,SOCIAL_MEDIA_MONITORING
SOC_004008,PERSON_0970,PicWall,user_person_0970,2025-01-19 06:08:41,Weather has been unusually warm this month.,,LOCATION_0223,0.73,SOCIAL_MEDIA_MONITORING
SOC_004009,PERSON_1359,ChirpNet,user_person_1359,2025-03-05 09:04:02,Happy to share we completed the delivery on time.,,LOCATION_0127,0.46,SOCIAL_MEDIA_MONITORING
SOC_004010,PERSON_0663,SnapCircle,user_person_0663,2024-10-10 13:15:44,"Package ready, will hand it over as discussed.",PERSON_0704,LOCATION_0056,0.52,SOCIAL_MEDIA_MONITORING
SOC_004011,PERSON_1420,ConnectHub,user_person_1420,2025-05-01 09:49:45,Traffic was terrible near the market today.,,LOCATION_0090,0.78,SOCIAL_MEDIA_MONITORING
SOC_004012,PERSON_0330,ConnectHub,user_person_0330,2025-01-10 08:17:11,"Great weekend with family, back to work tomorrow.",,LOCATION_0063,0.61,SOCIAL_MEDIA_MONITORING
SOC_004013,PERSON_0858,PicWall,user_person_0858,2024-11-04 12:44:58,Weather has been unusually warm this month.,,LOCATION_0285,0.4,SOCIAL_MEDIA_MONITORING
SOC_004014,PERSON_0502,ConnectHub,user_person_0502,2025-11-14 03:23:15,Traffic was terrible near the market today.,,LOCATION_0114,0.84,SOCIAL_MEDIA_MONITORING
SOC_004015,PERSON_1378,SnapCircle,user_person_1378,2026-01-29 16:58:30,Traffic was terrible near the market today.,,LOCATION_0222,0.83,SOCIAL_MEDIA_MONITORING
SOC_004016,PERSON_0295,ChirpNet,user_person_0295,2025-07-23 01:32:30,Meeting postponed. Same place tomorrow.,PERSON_1462,LOCATION_0135,0.63,SOCIAL_MEDIA_MONITORING
SOC_004017,PERSON_0648,PicWall,user_person_0648,2025-01-05 11:18:06,"Everything is set for the evening, see you there.",,LOCATION_0216,0.63,SOCIAL_MEDIA_MONITORING
SOC_004018,PERSON_0872,SnapCircle,user_person_0872,2025-03-10 02:38:51,"New shop opening next week, everyone welcome.",,LOCATION_0005,0.48,SOCIAL_MEDIA_MONITORING
SOC_004019,PERSON_0695,SnapCircle,user_person_0695,2025-10-10 08:54:00,"New shop opening next week, everyone welcome.",,LOCATION_0218,0.66,SOCIAL_MEDIA_MONITORING
SOC_004020,PERSON_0724,TalkStream,user_person_0724,2025-10-03 07:27:36,"New shop opening next week, everyone welcome.",,LOCATION_0291,0.84,SOCIAL_MEDIA_MONITORING
SOC_004021,PERSON_1180,ConnectHub,user_person_1180,2024-01-07 05:03:17,Weather has been unusually warm this month.,,LOCATION_0027,0.83,SOCIAL_MEDIA_MONITORING
SOC_004022,PERSON_1173,SnapCircle,user_person_1173,2026-01-01 02:08:10,"New shop opening next week, everyone welcome.",,LOCATION_0262,0.51,SOCIAL_MEDIA_MONITORING
SOC_004023,PERSON_0326,ConnectHub,user_person_0326,2024-12-15 05:16:05,Meeting postponed. Same place tomorrow.,PERSON_0954,LOCATION_0203,0.53,SOCIAL_MEDIA_MONITORING
SOC_004024,PERSON_0779,ConnectHub,user_person_0779,2026-02-20 21:52:07,Traffic was terrible near the market today.,,LOCATION_0122,0.75,SOCIAL_MEDIA_MONITORING
SOC_004025,PERSON_0721,TalkStream,user_person_0721,2024-01-29 21:13:34,Happy to share we completed the delivery on time.,,LOCATION_0197,0.49,SOCIAL_MEDIA_MONITORING
SOC_004026,PERSON_1114,TalkStream,user_person_1114,2025-07-06 14:51:25,"Great weekend with family, back to work tomorrow.",,LOCATION_0160,0.75,SOCIAL_MEDIA_MONITORING
SOC_004027,PERSON_0098,ChirpNet,user_person_0098,2026-05-23 11:01:03,"New shop opening next week, everyone welcome.",,LOCATION_0075,0.48,SOCIAL_MEDIA_MONITORING
SOC_004028,PERSON_0613,ChirpNet,user_person_0613,2025-02-19 20:54:56,"Great weekend with family, back to work tomorrow.",,LOCATION_0291,0.42,SOCIAL_MEDIA_MONITORING
SOC_004029,PERSON_0070,SnapCircle,user_person_0070,2024-11-28 19:53:42,Traffic was terrible near the market today.,,LOCATION_0011,0.61,SOCIAL_MEDIA_MONITORING
SOC_004030,PERSON_1465,ConnectHub,user_person_1465,2025-08-25 20:17:18,Happy to share we completed the delivery on time.,,LOCATION_0223,0.51,SOCIAL_MEDIA_MONITORING
SOC_004031,PERSON_0459,TalkStream,user_person_0459,2025-12-02 07:45:55,"New shop opening next week, everyone welcome.",,LOCATION_0193,0.77,SOCIAL_MEDIA_MONITORING
SOC_004032,PERSON_0975,TalkStream,user_person_0975,2026-02-25 18:55:53,Happy to share we completed the delivery on time.,,LOCATION_0031,0.44,SOCIAL_MEDIA_MONITORING
SOC_004033,PERSON_0208,PicWall,user_person_0208,2026-05-30 15:28:24,Traffic was terrible near the market today.,,LOCATION_0094,0.75,SOCIAL_MEDIA_MONITORING
SOC_004034,PERSON_1081,ConnectHub,user_person_1081,2025-07-19 23:14:43,"Great weekend with family, back to work tomorrow.",,LOCATION_0014,0.72,SOCIAL_MEDIA_MONITORING
SOC_004035,PERSON_0771,ConnectHub,user_person_0771,2026-06-22 00:26:46,"New shop opening next week, everyone welcome.",,LOCATION_0171,0.85,SOCIAL_MEDIA_MONITORING
SOC_004036,PERSON_1002,PicWall,user_person_1002,2025-05-02 10:47:04,Weather has been unusually warm this month.,,LOCATION_0213,0.64,SOCIAL_MEDIA_MONITORING
SOC_004037,PERSON_0413,ConnectHub,user_person_0413,2024-12-05 18:40:23,Weather has been unusually warm this month.,,LOCATION_0060,0.83,SOCIAL_MEDIA_MONITORING
SOC_004038,PERSON_0611,ChirpNet,user_person_0611,2024-04-30 00:28:07,"Everything is set for the evening, see you there.",,LOCATION_0038,0.7,SOCIAL_MEDIA_MONITORING
SOC_004039,PERSON_0066,ConnectHub,user_person_0066,2025-08-23 03:25:37,"Plan is confirmed, let's proceed as talked about.",PERSON_0678,LOCATION_0158,0.45,SOCIAL_MEDIA_MONITORING
SOC_004040,PERSON_0502,SnapCircle,user_person_0502,2025-12-21 15:42:08,Happy to share we completed the delivery on time.,,LOCATION_0014,0.51,SOCIAL_MEDIA_MONITORING
SOC_004041,PERSON_0433,ConnectHub,user_person_0433,2026-04-27 00:31:14,Traffic was terrible near the market today.,,LOCATION_0177,0.56,SOCIAL_MEDIA_MONITORING
SOC_004042,PERSON_0121,TalkStream,user_person_0121,2025-09-22 15:47:43,Keep this between us for now.,PERSON_0343,LOCATION_0207,0.6,SOCIAL_MEDIA_MONITORING
SOC_004043,PERSON_0913,ConnectHub,user_person_0913,2025-07-02 03:57:51,"New shop opening next week, everyone welcome.",,LOCATION_0062,0.51,SOCIAL_MEDIA_MONITORING
SOC_004044,PERSON_0419,ChirpNet,user_person_0419,2025-02-03 01:25:20,Traffic was terrible near the market today.,,LOCATION_0144,0.85,SOCIAL_MEDIA_MONITORING
SOC_004045,PERSON_1235,TalkStream,user_person_1235,2024-06-28 03:28:55,"Great weekend with family, back to work tomorrow.",,LOCATION_0187,0.68,SOCIAL_MEDIA_MONITORING
SOC_004046,PERSON_0676,ConnectHub,user_person_0676,2024-11-11 06:31:23,Meeting postponed. Same place tomorrow.,,LOCATION_0219,0.52,SOCIAL_MEDIA_MONITORING
SOC_004047,PERSON_0816,SnapCircle,user_person_0816,2025-06-01 18:53:05,Traffic was terrible near the market today.,,LOCATION_0231,0.72,SOCIAL_MEDIA_MONITORING
SOC_004048,PERSON_0542,ConnectHub,user_person_0542,2026-06-10 10:23:58,Weather has been unusually warm this month.,,LOCATION_0117,0.79,SOCIAL_MEDIA_MONITORING
SOC_004049,PERSON_0213,ConnectHub,user_person_0213,2024-03-11 22:30:31,Traffic was terrible near the market today.,,LOCATION_0020,0.77,SOCIAL_MEDIA_MONITORING
SOC_004050,PERSON_0528,ChirpNet,user_person_0528,2024-05-28 04:27:47,Happy to share we completed the delivery on time.,,LOCATION_0012,0.46,SOCIAL_MEDIA_MONITORING
SOC_004051,PERSON_1099,TalkStream,user_person_1099,2025-06-29 13:56:58,Traffic was terrible near the market today.,,LOCATION_0221,0.54,SOCIAL_MEDIA_MONITORING
SOC_004052,PERSON_0007,ConnectHub,user_person_0007,2026-04-16 15:37:49,Weather has been unusually warm this month.,,LOCATION_0253,0.55,SOCIAL_MEDIA_MONITORING
SOC_004053,PERSON_0245,ConnectHub,user_person_0245,2026-03-27 07:10:40,"New shop opening next week, everyone welcome.",,LOCATION_0149,0.83,SOCIAL_MEDIA_MONITORING
SOC_004054,PERSON_1101,TalkStream,user_person_1101,2024-12-25 17:39:20,Weather has been unusually warm this month.,,LOCATION_0187,0.83,SOCIAL_MEDIA_MONITORING
SOC_004055,PERSON_0008,ConnectHub,user_person_0008,2025-03-08 00:22:01,Happy to share we completed the delivery on time.,,LOCATION_0137,0.8,SOCIAL_MEDIA_MONITORING
SOC_004056,PERSON_0001,PicWall,user_person_0001,2024-11-09 19:07:03,Weather has been unusually warm this month.,,LOCATION_0153,0.49,SOCIAL_MEDIA_MONITORING
SOC_004057,PERSON_1040,ConnectHub,user_person_1040,2024-04-30 22:21:11,"Great weekend with family, back to work tomorrow.",,LOCATION_0146,0.52,SOCIAL_MEDIA_MONITORING
SOC_004058,PERSON_1453,SnapCircle,user_person_1453,2024-03-14 09:00:52,Traffic was terrible near the market today.,,LOCATION_0152,0.57,SOCIAL_MEDIA_MONITORING
SOC_004059,PERSON_0507,SnapCircle,user_person_0507,2025-10-05 11:34:45,Traffic was terrible near the market today.,,LOCATION_0024,0.41,SOCIAL_MEDIA_MONITORING
SOC_004060,PERSON_0355,TalkStream,user_person_0355,2025-11-24 15:42:40,Happy to share we completed the delivery on time.,,LOCATION_0202,0.59,SOCIAL_MEDIA_MONITORING
SOC_004061,PERSON_0099,ChirpNet,user_person_0099,2024-07-19 03:35:06,Happy to share we completed the delivery on time.,,LOCATION_0193,0.73,SOCIAL_MEDIA_MONITORING
SOC_004062,PERSON_0363,SnapCircle,user_person_0363,2025-08-23 15:15:38,Happy to share we completed the delivery on time.,,LOCATION_0233,0.47,SOCIAL_MEDIA_MONITORING
SOC_004063,PERSON_0394,SnapCircle,user_person_0394,2025-10-18 18:30:08,"Great weekend with family, back to work tomorrow.",,LOCATION_0223,0.48,SOCIAL_MEDIA_MONITORING
SOC_004064,PERSON_1014,PicWall,user_person_1014,2025-06-28 01:00:31,"Great weekend with family, back to work tomorrow.",,LOCATION_0036,0.82,SOCIAL_MEDIA_MONITORING
SOC_004065,PERSON_1456,SnapCircle,user_person_1456,2025-10-09 14:17:12,Happy to share we completed the delivery on time.,,LOCATION_0276,0.43,SOCIAL_MEDIA_MONITORING
SOC_004066,PERSON_0449,PicWall,user_person_0449,2026-02-04 07:39:16,"New shop opening next week, everyone welcome.",,LOCATION_0263,0.57,SOCIAL_MEDIA_MONITORING
SOC_004067,PERSON_0774,TalkStream,user_person_0774,2024-05-14 09:19:54,"Great weekend with family, back to work tomorrow.",,LOCATION_0099,0.65,SOCIAL_MEDIA_MONITORING
SOC_004068,PERSON_1446,TalkStream,user_person_1446,2024-08-01 10:58:27,Weather has been unusually warm this month.,,LOCATION_0270,0.77,SOCIAL_MEDIA_MONITORING
SOC_004069,PERSON_0342,TalkStream,user_person_0342,2026-03-25 10:57:24,Weather has been unusually warm this month.,,LOCATION_0115,0.62,SOCIAL_MEDIA_MONITORING
SOC_004070,PERSON_0505,SnapCircle,user_person_0505,2026-06-22 08:45:23,Traffic was terrible near the market today.,,LOCATION_0241,0.42,SOCIAL_MEDIA_MONITORING
SOC_004071,PERSON_0683,TalkStream,user_person_0683,2025-02-05 14:11:05,Weather has been unusually warm this month.,,LOCATION_0268,0.67,SOCIAL_MEDIA_MONITORING
SOC_004072,PERSON_0274,ConnectHub,user_person_0274,2026-02-07 21:12:37,"New shop opening next week, everyone welcome.",,LOCATION_0263,0.69,SOCIAL_MEDIA_MONITORING
SOC_004073,PERSON_1019,ConnectHub,user_person_1019,2024-10-13 04:10:55,Happy to share we completed the delivery on time.,,LOCATION_0152,0.55,SOCIAL_MEDIA_MONITORING
SOC_004074,PERSON_0348,ChirpNet,user_person_0348,2025-01-09 00:22:51,"Great weekend with family, back to work tomorrow.",,LOCATION_0194,0.75,SOCIAL_MEDIA_MONITORING
SOC_004075,PERSON_0912,ConnectHub,user_person_0912,2025-07-14 11:23:11,Traffic was terrible near the market today.,,LOCATION_0217,0.46,SOCIAL_MEDIA_MONITORING
SOC_004076,PERSON_0481,ConnectHub,user_person_0481,2024-06-01 19:44:27,"Great weekend with family, back to work tomorrow.",,LOCATION_0027,0.62,SOCIAL_MEDIA_MONITORING
SOC_004077,PERSON_0514,PicWall,user_person_0514,2025-03-21 13:56:56,"Plan is confirmed, let's proceed as talked about.",PERSON_1382,LOCATION_0244,0.6,SOCIAL_MEDIA_MONITORING
SOC_004078,PERSON_0622,SnapCircle,user_person_0622,2024-03-27 16:21:30,Weather has been unusually warm this month.,,LOCATION_0231,0.55,SOCIAL_MEDIA_MONITORING
SOC_004079,PERSON_0346,SnapCircle,user_person_0346,2025-05-03 06:58:41,Meeting postponed. Same place tomorrow.,,LOCATION_0236,0.42,SOCIAL_MEDIA_MONITORING
SOC_004080,PERSON_1134,SnapCircle,user_person_1134,2025-03-04 19:36:00,"New shop opening next week, everyone welcome.",,LOCATION_0266,0.73,SOCIAL_MEDIA_MONITORING
SOC_004081,PERSON_0189,PicWall,user_person_0189,2024-07-21 05:04:47,"Great weekend with family, back to work tomorrow.",,LOCATION_0020,0.47,SOCIAL_MEDIA_MONITORING
SOC_004082,PERSON_1104,ConnectHub,user_person_1104,2025-11-06 06:47:24,Traffic was terrible near the market today.,,LOCATION_0200,0.68,SOCIAL_MEDIA_MONITORING
SOC_004083,PERSON_1245,PicWall,user_person_1245,2024-01-11 12:16:56,"New shop opening next week, everyone welcome.",,LOCATION_0279,0.49,SOCIAL_MEDIA_MONITORING
SOC_004084,PERSON_0150,ChirpNet,user_person_0150,2024-09-17 18:49:50,Meeting postponed. Same place tomorrow.,,LOCATION_0285,0.48,SOCIAL_MEDIA_MONITORING
SOC_004085,PERSON_0843,PicWall,user_person_0843,2024-11-04 19:17:31,Happy to share we completed the delivery on time.,,LOCATION_0080,0.77,SOCIAL_MEDIA_MONITORING
SOC_004086,PERSON_0910,TalkStream,user_person_0910,2025-06-06 16:40:13,"Everything is set for the evening, see you there.",PERSON_0337,LOCATION_0022,0.66,SOCIAL_MEDIA_MONITORING
SOC_004087,PERSON_0157,SnapCircle,user_person_0157,2025-04-20 16:33:19,Happy to share we completed the delivery on time.,,LOCATION_0067,0.51,SOCIAL_MEDIA_MONITORING
SOC_004088,PERSON_0558,PicWall,user_person_0558,2024-12-15 15:26:08,"Package ready, will hand it over as discussed.",,LOCATION_0284,0.71,SOCIAL_MEDIA_MONITORING
SOC_004089,PERSON_1209,TalkStream,user_person_1209,2025-08-17 07:30:45,"New shop opening next week, everyone welcome.",,LOCATION_0238,0.72,SOCIAL_MEDIA_MONITORING
SOC_004090,PERSON_0892,ConnectHub,user_person_0892,2025-09-23 00:09:48,"Package ready, will hand it over as discussed.",,LOCATION_0131,0.74,SOCIAL_MEDIA_MONITORING
SOC_004091,PERSON_1394,PicWall,user_person_1394,2024-06-22 14:45:31,"New shop opening next week, everyone welcome.",,LOCATION_0119,0.67,SOCIAL_MEDIA_MONITORING
SOC_004092,PERSON_0643,PicWall,user_person_0643,2025-09-14 00:31:22,Traffic was terrible near the market today.,,LOCATION_0230,0.65,SOCIAL_MEDIA_MONITORING
SOC_004093,PERSON_0244,ChirpNet,user_person_0244,2024-01-04 20:22:06,Traffic was terrible near the market today.,,LOCATION_0054,0.63,SOCIAL_MEDIA_MONITORING
SOC_004094,PERSON_1094,SnapCircle,user_person_1094,2025-04-18 06:59:10,Weather has been unusually warm this month.,,LOCATION_0020,0.52,SOCIAL_MEDIA_MONITORING
SOC_004095,PERSON_1242,SnapCircle,user_person_1242,2024-10-14 11:18:43,Keep this between us for now.,PERSON_0082,LOCATION_0102,0.73,SOCIAL_MEDIA_MONITORING
SOC_004096,PERSON_0805,PicWall,user_person_0805,2024-04-13 16:59:01,"Great weekend with family, back to work tomorrow.",,LOCATION_0293,0.46,SOCIAL_MEDIA_MONITORING
SOC_004097,PERSON_1455,ChirpNet,user_person_1455,2025-05-13 10:48:37,Meeting postponed. Same place tomorrow.,,LOCATION_0196,0.73,SOCIAL_MEDIA_MONITORING
SOC_004098,PERSON_0133,ConnectHub,user_person_0133,2025-02-21 16:32:22,"Great weekend with family, back to work tomorrow.",,LOCATION_0087,0.7,SOCIAL_MEDIA_MONITORING
SOC_004099,PERSON_1168,ConnectHub,user_person_1168,2025-09-30 00:13:16,Traffic was terrible near the market today.,,LOCATION_0149,0.52,SOCIAL_MEDIA_MONITORING
SOC_004100,PERSON_0963,ChirpNet,user_person_0963,2024-03-20 17:37:01,Traffic was terrible near the market today.,,LOCATION_0020,0.81,SOCIAL_MEDIA_MONITORING
SOC_004101,PERSON_0256,PicWall,user_person_0256,2024-06-04 13:28:33,"Everything is set for the evening, see you there.",,LOCATION_0149,0.69,SOCIAL_MEDIA_MONITORING
SOC_004102,PERSON_1320,ConnectHub,user_person_1320,2025-05-29 01:15:06,"New shop opening next week, everyone welcome.",,LOCATION_0277,0.78,SOCIAL_MEDIA_MONITORING
SOC_004103,PERSON_0050,TalkStream,user_person_0050,2024-03-21 22:01:49,Happy to share we completed the delivery on time.,,LOCATION_0230,0.67,SOCIAL_MEDIA_MONITORING
SOC_004104,PERSON_0922,SnapCircle,user_person_0922,2026-04-18 18:01:13,"Package ready, will hand it over as discussed.",,LOCATION_0219,0.69,SOCIAL_MEDIA_MONITORING
SOC_004105,PERSON_1164,TalkStream,user_person_1164,2025-07-14 11:06:23,Happy to share we completed the delivery on time.,,LOCATION_0249,0.44,SOCIAL_MEDIA_MONITORING
SOC_004106,PERSON_1244,ConnectHub,user_person_1244,2024-05-03 00:27:47,"Plan is confirmed, let's proceed as talked about.",,LOCATION_0235,0.72,SOCIAL_MEDIA_MONITORING
SOC_004107,PERSON_0398,ConnectHub,user_person_0398,2026-02-27 23:22:55,"New shop opening next week, everyone welcome.",,LOCATION_0236,0.7,SOCIAL_MEDIA_MONITORING
SOC_004108,PERSON_0733,ConnectHub,user_person_0733,2024-05-29 15:32:25,"New shop opening next week, everyone welcome.",,LOCATION_0245,0.43,SOCIAL_MEDIA_MONITORING
SOC_004109,PERSON_1289,PicWall,user_person_1289,2026-03-24 16:18:15,"New shop opening next week, everyone welcome.",,LOCATION_0202,0.55,SOCIAL_MEDIA_MONITORING
SOC_004110,PERSON_1127,ConnectHub,user_person_1127,2024-01-07 09:32:37,Happy to share we completed the delivery on time.,,LOCATION_0199,0.77,SOCIAL_MEDIA_MONITORING
SOC_004111,PERSON_1363,SnapCircle,user_person_1363,2024-12-05 03:25:06,"Great weekend with family, back to work tomorrow.",,LOCATION_0299,0.62,SOCIAL_MEDIA_MONITORING
SOC_004112,PERSON_0285,PicWall,user_person_0285,2024-10-16 23:47:12,Happy to share we completed the delivery on time.,,LOCATION_0191,0.85,SOCIAL_MEDIA_MONITORING
SOC_004113,PERSON_0589,PicWall,user_person_0589,2026-05-23 18:54:43,Traffic was terrible near the market today.,,LOCATION_0056,0.82,SOCIAL_MEDIA_MONITORING
SOC_004114,PERSON_0050,PicWall,user_person_0050,2025-08-25 00:58:08,"New shop opening next week, everyone welcome.",,LOCATION_0060,0.83,SOCIAL_MEDIA_MONITORING
SOC_004115,PERSON_0608,ConnectHub,user_person_0608,2024-11-17 00:48:02,Meeting postponed. Same place tomorrow.,,LOCATION_0166,0.6,SOCIAL_MEDIA_MONITORING
SOC_004116,PERSON_1016,ConnectHub,user_person_1016,2026-04-16 09:34:41,"Great weekend with family, back to work tomorrow.",,LOCATION_0157,0.66,SOCIAL_MEDIA_MONITORING
SOC_004117,PERSON_1308,TalkStream,user_person_1308,2026-06-25 14:26:11,Keep this between us for now.,PERSON_1106,LOCATION_0201,0.71,SOCIAL_MEDIA_MONITORING
SOC_004118,PERSON_0082,SnapCircle,user_person_0082,2024-09-09 02:18:55,"Great weekend with family, back to work tomorrow.",,LOCATION_0122,0.42,SOCIAL_MEDIA_MONITORING
SOC_004119,PERSON_0111,TalkStream,user_person_0111,2026-05-22 03:04:08,Happy to share we completed the delivery on time.,,LOCATION_0300,0.5,SOCIAL_MEDIA_MONITORING
SOC_004120,PERSON_0400,SnapCircle,user_person_0400,2025-05-29 19:32:29,"New shop opening next week, everyone welcome.",,LOCATION_0181,0.76,SOCIAL_MEDIA_MONITORING
SOC_004121,PERSON_0483,PicWall,user_person_0483,2025-09-13 22:23:09,Traffic was terrible near the market today.,,LOCATION_0124,0.42,SOCIAL_MEDIA_MONITORING
SOC_004122,PERSON_0575,SnapCircle,user_person_0575,2025-06-10 21:44:39,"New shop opening next week, everyone welcome.",,LOCATION_0263,0.46,SOCIAL_MEDIA_MONITORING
SOC_004123,PERSON_0428,SnapCircle,user_person_0428,2025-03-30 08:09:13,Weather has been unusually warm this month.,,LOCATION_0008,0.7,SOCIAL_MEDIA_MONITORING
SOC_004124,PERSON_0774,TalkStream,user_person_0774,2024-08-06 07:26:32,Traffic was terrible near the market today.,,LOCATION_0069,0.68,SOCIAL_MEDIA_MONITORING
SOC_004125,PERSON_0486,SnapCircle,user_person_0486,2024-01-29 08:57:41,Happy to share we completed the delivery on time.,,LOCATION_0234,0.76,SOCIAL_MEDIA_MONITORING
SOC_004126,PERSON_0308,ChirpNet,user_person_0308,2024-03-03 16:51:45,"Package ready, will hand it over as discussed.",PERSON_0711,LOCATION_0255,0.7,SOCIAL_MEDIA_MONITORING
SOC_004127,PERSON_0067,ConnectHub,user_person_0067,2025-10-21 12:58:01,Weather has been unusually warm this month.,,LOCATION_0091,0.8,SOCIAL_MEDIA_MONITORING
SOC_004128,PERSON_1387,ConnectHub,user_person_1387,2026-04-06 02:20:41,Happy to share we completed the delivery on time.,,LOCATION_0300,0.41,SOCIAL_MEDIA_MONITORING
SOC_004129,PERSON_0938,ConnectHub,user_person_0938,2024-10-26 14:48:12,Weather has been unusually warm this month.,,LOCATION_0182,0.5,SOCIAL_MEDIA_MONITORING
SOC_004130,PERSON_0922,TalkStream,user_person_0922,2025-09-08 12:22:36,"Everything is set for the evening, see you there.",PERSON_0517,LOCATION_0109,0.83,SOCIAL_MEDIA_MONITORING
SOC_004131,PERSON_0585,ChirpNet,user_person_0585,2025-04-05 05:10:23,"Great weekend with family, back to work tomorrow.",,LOCATION_0286,0.83,SOCIAL_MEDIA_MONITORING
SOC_004132,PERSON_0093,TalkStream,user_person_0093,2024-02-02 06:56:00,"Package ready, will hand it over as discussed.",,LOCATION_0191,0.8,SOCIAL_MEDIA_MONITORING
SOC_004133,PERSON_0671,ConnectHub,user_person_0671,2024-08-12 20:36:14,Meeting postponed. Same place tomorrow.,,LOCATION_0136,0.77,SOCIAL_MEDIA_MONITORING
SOC_004134,PERSON_1285,TalkStream,user_person_1285,2024-07-20 19:56:06,Meeting postponed. Same place tomorrow.,,LOCATION_0293,0.64,SOCIAL_MEDIA_MONITORING
SOC_004135,PERSON_1419,SnapCircle,user_person_1419,2024-02-07 06:55:40,"Great weekend with family, back to work tomorrow.",,LOCATION_0067,0.62,SOCIAL_MEDIA_MONITORING
SOC_004136,PERSON_1211,SnapCircle,user_person_1211,2025-02-04 01:29:59,Weather has been unusually warm this month.,,LOCATION_0235,0.7,SOCIAL_MEDIA_MONITORING
SOC_004137,PERSON_0755,SnapCircle,user_person_0755,2025-07-24 17:30:31,Weather has been unusually warm this month.,,LOCATION_0020,0.71,SOCIAL_MEDIA_MONITORING
SOC_004138,PERSON_0989,ChirpNet,user_person_0989,2025-01-04 14:57:27,Traffic was terrible near the market today.,,LOCATION_0007,0.47,SOCIAL_MEDIA_MONITORING
SOC_004139,PERSON_0668,PicWall,user_person_0668,2026-01-20 01:25:08,"New shop opening next week, everyone welcome.",,LOCATION_0255,0.61,SOCIAL_MEDIA_MONITORING
SOC_004140,PERSON_1479,TalkStream,user_person_1479,2025-03-10 14:39:32,Traffic was terrible near the market today.,,LOCATION_0115,0.4,SOCIAL_MEDIA_MONITORING
SOC_004141,PERSON_0734,SnapCircle,user_person_0734,2024-01-17 19:49:52,"Great weekend with family, back to work tomorrow.",,LOCATION_0211,0.47,SOCIAL_MEDIA_MONITORING
SOC_004142,PERSON_0165,SnapCircle,user_person_0165,2024-10-03 21:12:16,Traffic was terrible near the market today.,,LOCATION_0082,0.5,SOCIAL_MEDIA_MONITORING
SOC_004143,PERSON_0860,SnapCircle,user_person_0860,2025-08-11 12:40:10,Happy to share we completed the delivery on time.,,LOCATION_0250,0.67,SOCIAL_MEDIA_MONITORING
SOC_004144,PERSON_1230,PicWall,user_person_1230,2024-01-14 14:34:54,Weather has been unusually warm this month.,,LOCATION_0169,0.45,SOCIAL_MEDIA_MONITORING
SOC_004145,PERSON_0603,SnapCircle,user_person_0603,2026-02-24 17:22:13,Traffic was terrible near the market today.,,LOCATION_0037,0.59,SOCIAL_MEDIA_MONITORING
SOC_004146,PERSON_0991,SnapCircle,user_person_0991,2026-04-28 21:26:57,Traffic was terrible near the market today.,,LOCATION_0100,0.44,SOCIAL_MEDIA_MONITORING
SOC_004147,PERSON_1433,PicWall,user_person_1433,2024-02-08 13:22:33,Happy to share we completed the delivery on time.,,LOCATION_0058,0.83,SOCIAL_MEDIA_MONITORING
SOC_004148,PERSON_1179,TalkStream,user_person_1179,2025-05-15 21:37:04,Traffic was terrible near the market today.,,LOCATION_0081,0.69,SOCIAL_MEDIA_MONITORING
SOC_004149,PERSON_0214,TalkStream,user_person_0214,2025-11-25 07:31:31,Traffic was terrible near the market today.,,LOCATION_0073,0.53,SOCIAL_MEDIA_MONITORING
SOC_004150,PERSON_0539,ChirpNet,user_person_0539,2025-12-23 15:57:30,"Plan is confirmed, let's proceed as talked about.",PERSON_0218,LOCATION_0100,0.78,SOCIAL_MEDIA_MONITORING
SOC_004151,PERSON_1424,SnapCircle,user_person_1424,2024-12-13 18:44:45,"New shop opening next week, everyone welcome.",,LOCATION_0222,0.45,SOCIAL_MEDIA_MONITORING
SOC_004152,PERSON_0969,SnapCircle,user_person_0969,2025-10-07 09:31:46,Traffic was terrible near the market today.,,LOCATION_0218,0.62,SOCIAL_MEDIA_MONITORING
SOC_004153,PERSON_1443,TalkStream,user_person_1443,2025-03-02 00:37:49,Meeting postponed. Same place tomorrow.,PERSON_1059,LOCATION_0155,0.82,SOCIAL_MEDIA_MONITORING
SOC_004154,PERSON_1484,PicWall,user_person_1484,2025-12-08 00:41:29,Happy to share we completed the delivery on time.,,LOCATION_0283,0.58,SOCIAL_MEDIA_MONITORING
SOC_004155,PERSON_1047,ChirpNet,user_person_1047,2025-06-04 03:32:15,Traffic was terrible near the market today.,,LOCATION_0194,0.58,SOCIAL_MEDIA_MONITORING
SOC_004156,PERSON_1034,ConnectHub,user_person_1034,2025-05-17 02:30:02,"New shop opening next week, everyone welcome.",,LOCATION_0229,0.52,SOCIAL_MEDIA_MONITORING
SOC_004157,PERSON_0347,SnapCircle,user_person_0347,2025-12-30 14:57:23,Weather has been unusually warm this month.,,LOCATION_0046,0.73,SOCIAL_MEDIA_MONITORING
SOC_004158,PERSON_0405,ChirpNet,user_person_0405,2024-06-04 11:46:07,Happy to share we completed the delivery on time.,,LOCATION_0252,0.62,SOCIAL_MEDIA_MONITORING
SOC_004159,PERSON_0143,ConnectHub,user_person_0143,2026-05-22 18:11:49,Traffic was terrible near the market today.,,LOCATION_0142,0.41,SOCIAL_MEDIA_MONITORING
SOC_004160,PERSON_1018,ChirpNet,user_person_1018,2025-02-26 09:06:56,"Great weekend with family, back to work tomorrow.",,LOCATION_0221,0.75,SOCIAL_MEDIA_MONITORING
SOC_004161,PERSON_0719,TalkStream,user_person_0719,2024-06-19 08:28:39,Traffic was terrible near the market today.,,LOCATION_0184,0.57,SOCIAL_MEDIA_MONITORING
SOC_004162,PERSON_0529,PicWall,user_person_0529,2025-11-03 15:00:59,"New shop opening next week, everyone welcome.",,LOCATION_0256,0.62,SOCIAL_MEDIA_MONITORING
SOC_004163,PERSON_0603,SnapCircle,user_person_0603,2026-01-31 09:55:19,Happy to share we completed the delivery on time.,,LOCATION_0097,0.78,SOCIAL_MEDIA_MONITORING
SOC_004164,PERSON_0943,SnapCircle,user_person_0943,2024-02-09 16:25:43,"New shop opening next week, everyone welcome.",,LOCATION_0221,0.63,SOCIAL_MEDIA_MONITORING
SOC_004165,PERSON_0190,SnapCircle,user_person_0190,2026-05-02 00:23:31,Happy to share we completed the delivery on time.,,LOCATION_0153,0.68,SOCIAL_MEDIA_MONITORING
SOC_004166,PERSON_1033,ChirpNet,user_person_1033,2024-02-28 01:28:25,"Plan is confirmed, let's proceed as talked about.",,LOCATION_0189,0.78,SOCIAL_MEDIA_MONITORING
SOC_004167,PERSON_0625,ConnectHub,user_person_0625,2026-03-17 01:17:51,Weather has been unusually warm this month.,,LOCATION_0013,0.78,SOCIAL_MEDIA_MONITORING
SOC_004168,PERSON_1196,ChirpNet,user_person_1196,2025-09-20 17:40:42,"Plan is confirmed, let's proceed as talked about.",,LOCATION_0270,0.59,SOCIAL_MEDIA_MONITORING
SOC_004169,PERSON_0319,ConnectHub,user_person_0319,2024-11-09 04:19:58,"New shop opening next week, everyone welcome.",,LOCATION_0235,0.84,SOCIAL_MEDIA_MONITORING
SOC_004170,PERSON_0770,ChirpNet,user_person_0770,2025-04-05 13:38:33,Happy to share we completed the delivery on time.,,LOCATION_0065,0.41,SOCIAL_MEDIA_MONITORING
SOC_004171,PERSON_0849,TalkStream,user_person_0849,2024-11-10 01:23:23,Happy to share we completed the delivery on time.,,LOCATION_0257,0.61,SOCIAL_MEDIA_MONITORING
SOC_004172,PERSON_0564,SnapCircle,user_person_0564,2024-03-14 03:31:55,Happy to share we completed the delivery on time.,,LOCATION_0290,0.5,SOCIAL_MEDIA_MONITORING
SOC_004173,PERSON_0124,PicWall,user_person_0124,2024-06-02 19:30:21,"Everything is set for the evening, see you there.",,LOCATION_0009,0.76,SOCIAL_MEDIA_MONITORING
SOC_004174,PERSON_0653,TalkStream,user_person_0653,2025-04-09 01:27:13,Traffic was terrible near the market today.,,LOCATION_0238,0.75,SOCIAL_MEDIA_MONITORING
SOC_004175,PERSON_0513,SnapCircle,user_person_0513,2025-05-09 07:49:36,"New shop opening next week, everyone welcome.",,LOCATION_0093,0.82,SOCIAL_MEDIA_MONITORING
SOC_004176,PERSON_1437,TalkStream,user_person_1437,2025-02-09 23:39:33,"New shop opening next week, everyone welcome.",,LOCATION_0249,0.56,SOCIAL_MEDIA_MONITORING
SOC_004177,PERSON_1335,PicWall,user_person_1335,2024-08-13 22:48:39,"New shop opening next week, everyone welcome.",,LOCATION_0220,0.66,SOCIAL_MEDIA_MONITORING
SOC_004178,PERSON_0833,ConnectHub,user_person_0833,2025-04-20 04:58:47,Keep this between us for now.,PERSON_1269,LOCATION_0273,0.72,SOCIAL_MEDIA_MONITORING
SOC_004179,PERSON_0989,ConnectHub,user_person_0989,2025-11-03 15:37:13,Happy to share we completed the delivery on time.,,LOCATION_0267,0.42,SOCIAL_MEDIA_MONITORING
SOC_004180,PERSON_0552,ChirpNet,user_person_0552,2024-03-22 19:28:46,Weather has been unusually warm this month.,,LOCATION_0150,0.58,SOCIAL_MEDIA_MONITORING
SOC_004181,PERSON_0382,SnapCircle,user_person_0382,2026-02-27 16:28:02,Happy to share we completed the delivery on time.,,LOCATION_0159,0.48,SOCIAL_MEDIA_MONITORING
SOC_004182,PERSON_1129,SnapCircle,user_person_1129,2024-02-12 13:13:25,"New shop opening next week, everyone welcome.",,LOCATION_0127,0.48,SOCIAL_MEDIA_MONITORING
SOC_004183,PERSON_1129,ChirpNet,user_person_1129,2025-02-14 00:04:38,Keep this between us for now.,,LOCATION_0057,0.54,SOCIAL_MEDIA_MONITORING
SOC_004184,PERSON_0809,ChirpNet,user_person_0809,2024-04-29 14:43:20,"New shop opening next week, everyone welcome.",,LOCATION_0019,0.81,SOCIAL_MEDIA_MONITORING
SOC_004185,PERSON_1041,SnapCircle,user_person_1041,2024-06-25 17:13:47,"Plan is confirmed, let's proceed as talked about.",,LOCATION_0060,0.66,SOCIAL_MEDIA_MONITORING
SOC_004186,PERSON_1211,ChirpNet,user_person_1211,2024-05-11 08:01:28,Weather has been unusually warm this month.,,LOCATION_0105,0.77,SOCIAL_MEDIA_MONITORING
SOC_004187,PERSON_0199,ConnectHub,user_person_0199,2024-03-08 02:40:28,Weather has been unusually warm this month.,,LOCATION_0281,0.84,SOCIAL_MEDIA_MONITORING
SOC_004188,PERSON_0151,SnapCircle,user_person_0151,2025-11-16 14:41:14,"Great weekend with family, back to work tomorrow.",,LOCATION_0206,0.47,SOCIAL_MEDIA_MONITORING
SOC_004189,PERSON_0433,SnapCircle,user_person_0433,2026-06-26 21:14:43,"Great weekend with family, back to work tomorrow.",,LOCATION_0027,0.53,SOCIAL_MEDIA_MONITORING
SOC_004190,PERSON_1058,ConnectHub,user_person_1058,2024-09-06 13:35:59,"Plan is confirmed, let's proceed as talked about.",,LOCATION_0081,0.6,SOCIAL_MEDIA_MONITORING
SOC_004191,PERSON_0993,SnapCircle,user_person_0993,2025-10-21 22:26:02,Weather has been unusually warm this month.,,LOCATION_0179,0.78,SOCIAL_MEDIA_MONITORING
SOC_004192,PERSON_0445,PicWall,user_person_0445,2026-06-16 00:13:29,Happy to share we completed the delivery on time.,,LOCATION_0019,0.54,SOCIAL_MEDIA_MONITORING
SOC_004193,PERSON_1226,ConnectHub,user_person_1226,2025-09-01 07:14:26,Traffic was terrible near the market today.,,LOCATION_0290,0.62,SOCIAL_MEDIA_MONITORING
SOC_004194,PERSON_0350,PicWall,user_person_0350,2025-08-16 01:08:50,Weather has been unusually warm this month.,,LOCATION_0146,0.51,SOCIAL_MEDIA_MONITORING
SOC_004195,PERSON_1106,ChirpNet,user_person_1106,2025-05-12 07:42:44,"New shop opening next week, everyone welcome.",,LOCATION_0067,0.56,SOCIAL_MEDIA_MONITORING
SOC_004196,PERSON_0651,SnapCircle,user_person_0651,2025-05-14 23:49:58,"Everything is set for the evening, see you there.",,LOCATION_0161,0.56,SOCIAL_MEDIA_MONITORING
SOC_004197,PERSON_1025,ConnectHub,user_person_1025,2026-04-29 09:29:39,Weather has been unusually warm this month.,,LOCATION_0213,0.85,SOCIAL_MEDIA_MONITORING
SOC_004198,PERSON_1315,ConnectHub,user_person_1315,2026-03-08 05:25:24,Traffic was terrible near the market today.,,LOCATION_0250,0.6,SOCIAL_MEDIA_MONITORING
SOC_004199,PERSON_0259,ChirpNet,user_person_0259,2024-05-09 10:17:24,Traffic was terrible near the market today.,,LOCATION_0260,0.83,SOCIAL_MEDIA_MONITORING
SOC_004200,PERSON_0949,SnapCircle,user_person_0949,2024-08-04 05:35:28,"Great weekend with family, back to work tomorrow.",,LOCATION_0245,0.45,SOCIAL_MEDIA_MONITORING
SOC_004201,PERSON_0631,ChirpNet,user_person_0631,2026-02-26 01:39:25,Traffic was terrible near the market today.,,LOCATION_0127,0.58,SOCIAL_MEDIA_MONITORING
SOC_004202,PERSON_1398,SnapCircle,user_person_1398,2024-05-07 03:14:19,"Great weekend with family, back to work tomorrow.",,LOCATION_0294,0.82,SOCIAL_MEDIA_MONITORING
SOC_004203,PERSON_1002,PicWall,user_person_1002,2026-06-06 11:38:38,Keep this between us for now.,,LOCATION_0253,0.59,SOCIAL_MEDIA_MONITORING
SOC_004204,PERSON_0030,ChirpNet,user_person_0030,2025-04-18 05:20:57,"Great weekend with family, back to work tomorrow.",,LOCATION_0241,0.81,SOCIAL_MEDIA_MONITORING
SOC_004205,PERSON_0939,SnapCircle,user_person_0939,2024-12-15 12:35:32,Happy to share we completed the delivery on time.,,LOCATION_0204,0.45,SOCIAL_MEDIA_MONITORING
SOC_004206,PERSON_0577,PicWall,user_person_0577,2026-01-12 19:31:38,"Great weekend with family, back to work tomorrow.",,LOCATION_0198,0.56,SOCIAL_MEDIA_MONITORING
SOC_004207,PERSON_0787,TalkStream,user_person_0787,2026-02-16 07:59:11,Happy to share we completed the delivery on time.,,LOCATION_0040,0.51,SOCIAL_MEDIA_MONITORING
SOC_004208,PERSON_0356,PicWall,user_person_0356,2024-03-27 23:55:22,"New shop opening next week, everyone welcome.",,LOCATION_0015,0.54,SOCIAL_MEDIA_MONITORING
SOC_004209,PERSON_0454,SnapCircle,user_person_0454,2026-04-15 16:02:13,"Great weekend with family, back to work tomorrow.",,LOCATION_0243,0.54,SOCIAL_MEDIA_MONITORING
SOC_004210,PERSON_0004,SnapCircle,user_person_0004,2024-03-16 23:09:25,Traffic was terrible near the market today.,,LOCATION_0083,0.78,SOCIAL_MEDIA_MONITORING
SOC_004211,PERSON_0977,SnapCircle,user_person_0977,2024-12-04 11:55:48,Meeting postponed. Same place tomorrow.,,LOCATION_0290,0.78,SOCIAL_MEDIA_MONITORING
SOC_004212,PERSON_0708,PicWall,user_person_0708,2024-10-28 17:35:02,Keep this between us for now.,,LOCATION_0249,0.48,SOCIAL_MEDIA_MONITORING
SOC_004213,PERSON_0039,ConnectHub,user_person_0039,2026-04-25 00:06:32,"New shop opening next week, everyone welcome.",,LOCATION_0117,0.83,SOCIAL_MEDIA_MONITORING
SOC_004214,PERSON_0774,ConnectHub,user_person_0774,2024-08-24 01:45:56,"New shop opening next week, everyone welcome.",,LOCATION_0189,0.41,SOCIAL_MEDIA_MONITORING
SOC_004215,PERSON_0728,SnapCircle,user_person_0728,2025-01-29 03:52:52,"Great weekend with family, back to work tomorrow.",,LOCATION_0166,0.41,SOCIAL_MEDIA_MONITORING
SOC_004216,PERSON_0758,PicWall,user_person_0758,2024-03-22 10:01:21,Happy to share we completed the delivery on time.,,LOCATION_0135,0.72,SOCIAL_MEDIA_MONITORING
SOC_004217,PERSON_0633,ChirpNet,user_person_0633,2025-10-31 15:15:11,Happy to share we completed the delivery on time.,,LOCATION_0086,0.5,SOCIAL_MEDIA_MONITORING
SOC_004218,PERSON_0726,ConnectHub,user_person_0726,2026-04-29 07:28:26,"New shop opening next week, everyone welcome.",,LOCATION_0137,0.75,SOCIAL_MEDIA_MONITORING
SOC_004219,PERSON_0016,PicWall,user_person_0016,2025-10-27 01:32:06,"Package ready, will hand it over as discussed.",,LOCATION_0070,0.83,SOCIAL_MEDIA_MONITORING
SOC_004220,PERSON_0858,ChirpNet,user_person_0858,2025-06-19 22:49:30,Weather has been unusually warm this month.,,LOCATION_0055,0.8,SOCIAL_MEDIA_MONITORING
SOC_004221,PERSON_0470,ConnectHub,user_person_0470,2024-07-14 21:38:52,"Great weekend with family, back to work tomorrow.",,LOCATION_0001,0.56,SOCIAL_MEDIA_MONITORING
SOC_004222,PERSON_1412,TalkStream,user_person_1412,2026-03-03 19:26:27,Happy to share we completed the delivery on time.,,LOCATION_0022,0.66,SOCIAL_MEDIA_MONITORING
SOC_004223,PERSON_0520,SnapCircle,user_person_0520,2026-06-09 20:13:37,Traffic was terrible near the market today.,,LOCATION_0173,0.57,SOCIAL_MEDIA_MONITORING
SOC_004224,PERSON_0051,ConnectHub,user_person_0051,2025-11-27 14:46:27,Weather has been unusually warm this month.,,LOCATION_0119,0.56,SOCIAL_MEDIA_MONITORING
SOC_004225,PERSON_0424,PicWall,user_person_0424,2024-11-08 20:00:13,Traffic was terrible near the market today.,,LOCATION_0073,0.73,SOCIAL_MEDIA_MONITORING
SOC_004226,PERSON_0612,PicWall,user_person_0612,2025-11-22 15:54:46,Traffic was terrible near the market today.,,LOCATION_0152,0.81,SOCIAL_MEDIA_MONITORING
SOC_004227,PERSON_1137,PicWall,user_person_1137,2025-04-03 08:25:16,"Everything is set for the evening, see you there.",,LOCATION_0078,0.84,SOCIAL_MEDIA_MONITORING
SOC_004228,PERSON_0771,ConnectHub,user_person_0771,2025-03-16 03:54:16,Keep this between us for now.,PERSON_0828,LOCATION_0261,0.59,SOCIAL_MEDIA_MONITORING
SOC_004229,PERSON_1086,ChirpNet,user_person_1086,2026-03-12 01:54:32,Happy to share we completed the delivery on time.,,LOCATION_0025,0.78,SOCIAL_MEDIA_MONITORING
SOC_004230,PERSON_1019,ConnectHub,user_person_1019,2025-01-12 02:48:40,Traffic was terrible near the market today.,,LOCATION_0162,0.74,SOCIAL_MEDIA_MONITORING
SOC_004231,PERSON_0753,ConnectHub,user_person_0753,2024-03-18 18:01:39,"New shop opening next week, everyone welcome.",,LOCATION_0163,0.73,SOCIAL_MEDIA_MONITORING
SOC_004232,PERSON_0462,ConnectHub,user_person_0462,2025-06-16 03:04:07,"Everything is set for the evening, see you there.",PERSON_0171,LOCATION_0124,0.45,SOCIAL_MEDIA_MONITORING
SOC_004233,PERSON_1067,PicWall,user_person_1067,2025-05-16 05:47:04,Keep this between us for now.,,LOCATION_0186,0.84,SOCIAL_MEDIA_MONITORING
SOC_004234,PERSON_1167,ChirpNet,user_person_1167,2026-03-18 20:31:10,"New shop opening next week, everyone welcome.",,LOCATION_0252,0.56,SOCIAL_MEDIA_MONITORING
SOC_004235,PERSON_0485,SnapCircle,user_person_0485,2024-06-13 09:25:14,"Great weekend with family, back to work tomorrow.",,LOCATION_0186,0.79,SOCIAL_MEDIA_MONITORING
SOC_004236,PERSON_1217,ConnectHub,user_person_1217,2024-10-28 21:18:35,Weather has been unusually warm this month.,,LOCATION_0084,0.53,SOCIAL_MEDIA_MONITORING
SOC_004237,PERSON_0257,ConnectHub,user_person_0257,2024-10-21 08:56:09,Happy to share we completed the delivery on time.,,LOCATION_0268,0.75,SOCIAL_MEDIA_MONITORING
SOC_004238,PERSON_0976,ChirpNet,user_person_0976,2026-06-24 17:52:29,Traffic was terrible near the market today.,,LOCATION_0159,0.66,SOCIAL_MEDIA_MONITORING
SOC_004239,PERSON_1186,ChirpNet,user_person_1186,2025-05-01 16:30:38,Happy to share we completed the delivery on time.,,LOCATION_0242,0.71,SOCIAL_MEDIA_MONITORING
SOC_004240,PERSON_0060,PicWall,user_person_0060,2026-06-04 17:31:00,"Plan is confirmed, let's proceed as talked about.",,LOCATION_0073,0.8,SOCIAL_MEDIA_MONITORING
SOC_004241,PERSON_1263,ConnectHub,user_person_1263,2025-11-03 02:17:11,Traffic was terrible near the market today.,,LOCATION_0203,0.63,SOCIAL_MEDIA_MONITORING
SOC_004242,PERSON_1338,ConnectHub,user_person_1338,2024-05-12 23:01:55,Meeting postponed. Same place tomorrow.,,LOCATION_0030,0.6,SOCIAL_MEDIA_MONITORING
SOC_004243,PERSON_0493,PicWall,user_person_0493,2024-06-18 05:18:41,"New shop opening next week, everyone welcome.",,LOCATION_0238,0.62,SOCIAL_MEDIA_MONITORING
SOC_004244,PERSON_0269,ChirpNet,user_person_0269,2025-02-13 00:06:28,Weather has been unusually warm this month.,,LOCATION_0298,0.47,SOCIAL_MEDIA_MONITORING
SOC_004245,PERSON_0953,ChirpNet,user_person_0953,2024-10-13 01:10:43,Meeting postponed. Same place tomorrow.,,LOCATION_0246,0.79,SOCIAL_MEDIA_MONITORING
SOC_004246,PERSON_0249,ConnectHub,user_person_0249,2025-08-18 05:28:37,"New shop opening next week, everyone welcome.",,LOCATION_0007,0.63,SOCIAL_MEDIA_MONITORING
SOC_004247,PERSON_1491,ConnectHub,user_person_1491,2025-07-09 12:42:51,"Great weekend with family, back to work tomorrow.",,LOCATION_0029,0.77,SOCIAL_MEDIA_MONITORING
SOC_004248,PERSON_1366,ChirpNet,user_person_1366,2024-09-07 15:05:27,Meeting postponed. Same place tomorrow.,,LOCATION_0196,0.56,SOCIAL_MEDIA_MONITORING
SOC_004249,PERSON_0752,ChirpNet,user_person_0752,2025-08-17 19:02:12,"New shop opening next week, everyone welcome.",,LOCATION_0197,0.78,SOCIAL_MEDIA_MONITORING
SOC_004250,PERSON_0083,ChirpNet,user_person_0083,2024-05-27 23:17:49,Happy to share we completed the delivery on time.,,LOCATION_0054,0.65,SOCIAL_MEDIA_MONITORING
SOC_004251,PERSON_0652,PicWall,user_person_0652,2024-03-16 19:44:39,Happy to share we completed the delivery on time.,,LOCATION_0062,0.83,SOCIAL_MEDIA_MONITORING
SOC_004252,PERSON_0928,ChirpNet,user_person_0928,2024-07-28 20:37:00,"New shop opening next week, everyone welcome.",,LOCATION_0116,0.62,SOCIAL_MEDIA_MONITORING
SOC_004253,PERSON_1321,ChirpNet,user_person_1321,2025-02-04 21:06:13,"Great weekend with family, back to work tomorrow.",,LOCATION_0039,0.51,SOCIAL_MEDIA_MONITORING
SOC_004254,PERSON_0150,TalkStream,user_person_0150,2024-10-18 14:28:40,Traffic was terrible near the market today.,,LOCATION_0125,0.42,SOCIAL_MEDIA_MONITORING
SOC_004255,PERSON_0342,ConnectHub,user_person_0342,2026-05-24 07:37:05,Happy to share we completed the delivery on time.,,LOCATION_0185,0.54,SOCIAL_MEDIA_MONITORING
SOC_004256,PERSON_0756,PicWall,user_person_0756,2024-08-06 12:39:38,Weather has been unusually warm this month.,,LOCATION_0021,0.74,SOCIAL_MEDIA_MONITORING
SOC_004257,PERSON_0634,ChirpNet,user_person_0634,2025-12-04 10:18:56,Traffic was terrible near the market today.,,LOCATION_0099,0.76,SOCIAL_MEDIA_MONITORING
SOC_004258,PERSON_0278,ChirpNet,user_person_0278,2025-05-22 14:53:20,Weather has been unusually warm this month.,,LOCATION_0252,0.63,SOCIAL_MEDIA_MONITORING
SOC_004259,PERSON_0784,SnapCircle,user_person_0784,2024-12-29 18:59:22,"New shop opening next week, everyone welcome.",,LOCATION_0117,0.81,SOCIAL_MEDIA_MONITORING
SOC_004260,PERSON_1214,SnapCircle,user_person_1214,2025-01-06 16:40:58,Meeting postponed. Same place tomorrow.,,LOCATION_0246,0.84,SOCIAL_MEDIA_MONITORING
SOC_004261,PERSON_0773,SnapCircle,user_person_0773,2024-06-05 12:15:56,Traffic was terrible near the market today.,,LOCATION_0038,0.82,SOCIAL_MEDIA_MONITORING
SOC_004262,PERSON_0295,ChirpNet,user_person_0295,2025-11-23 09:14:19,Happy to share we completed the delivery on time.,,LOCATION_0045,0.54,SOCIAL_MEDIA_MONITORING
SOC_004263,PERSON_0870,TalkStream,user_person_0870,2024-05-10 19:40:21,Traffic was terrible near the market today.,,LOCATION_0116,0.44,SOCIAL_MEDIA_MONITORING
SOC_004264,PERSON_1018,ChirpNet,user_person_1018,2025-01-22 16:32:41,Happy to share we completed the delivery on time.,,LOCATION_0221,0.43,SOCIAL_MEDIA_MONITORING
SOC_004265,PERSON_0490,PicWall,user_person_0490,2026-04-15 09:41:31,Weather has been unusually warm this month.,,LOCATION_0282,0.58,SOCIAL_MEDIA_MONITORING
SOC_004266,PERSON_0936,TalkStream,user_person_0936,2025-03-05 03:30:54,Traffic was terrible near the market today.,,LOCATION_0176,0.43,SOCIAL_MEDIA_MONITORING
SOC_004267,PERSON_0691,SnapCircle,user_person_0691,2024-10-09 05:30:40,"Great weekend with family, back to work tomorrow.",,LOCATION_0165,0.42,SOCIAL_MEDIA_MONITORING
SOC_004268,PERSON_0482,SnapCircle,user_person_0482,2026-05-15 21:54:55,Traffic was terrible near the market today.,,LOCATION_0101,0.74,SOCIAL_MEDIA_MONITORING
SOC_004269,PERSON_0431,PicWall,user_person_0431,2024-07-24 00:03:27,"Great weekend with family, back to work tomorrow.",,LOCATION_0121,0.69,SOCIAL_MEDIA_MONITORING
SOC_004270,PERSON_0299,SnapCircle,user_person_0299,2024-01-27 08:31:22,Weather has been unusually warm this month.,,LOCATION_0184,0.55,SOCIAL_MEDIA_MONITORING
SOC_004271,PERSON_0220,ConnectHub,user_person_0220,2025-04-15 17:05:55,"Great weekend with family, back to work tomorrow.",,LOCATION_0260,0.54,SOCIAL_MEDIA_MONITORING
SOC_004272,PERSON_1207,ChirpNet,user_person_1207,2026-04-21 21:54:13,"Great weekend with family, back to work tomorrow.",,LOCATION_0227,0.74,SOCIAL_MEDIA_MONITORING
SOC_004273,PERSON_0600,PicWall,user_person_0600,2024-04-27 09:18:10,"New shop opening next week, everyone welcome.",,LOCATION_0235,0.49,SOCIAL_MEDIA_MONITORING
SOC_004274,PERSON_0021,ConnectHub,user_person_0021,2025-07-31 01:28:57,"New shop opening next week, everyone welcome.",,LOCATION_0177,0.63,SOCIAL_MEDIA_MONITORING
SOC_004275,PERSON_1040,ChirpNet,user_person_1040,2026-04-06 16:17:26,Happy to share we completed the delivery on time.,,LOCATION_0106,0.83,SOCIAL_MEDIA_MONITORING
SOC_004276,PERSON_1041,ConnectHub,user_person_1041,2026-04-26 16:09:10,Traffic was terrible near the market today.,,LOCATION_0040,0.79,SOCIAL_MEDIA_MONITORING
SOC_004277,PERSON_0092,SnapCircle,user_person_0092,2025-12-04 09:09:48,Traffic was terrible near the market today.,,LOCATION_0144,0.44,SOCIAL_MEDIA_MONITORING
SOC_004278,PERSON_1153,ConnectHub,user_person_1153,2025-04-17 19:07:54,"New shop opening next week, everyone welcome.",,LOCATION_0298,0.67,SOCIAL_MEDIA_MONITORING
SOC_004279,PERSON_0592,ConnectHub,user_person_0592,2024-03-04 21:48:36,"Great weekend with family, back to work tomorrow.",,LOCATION_0161,0.51,SOCIAL_MEDIA_MONITORING
SOC_004280,PERSON_0520,PicWall,user_person_0520,2024-03-17 17:44:35,Weather has been unusually warm this month.,,LOCATION_0023,0.65,SOCIAL_MEDIA_MONITORING
SOC_004281,PERSON_1409,PicWall,user_person_1409,2025-04-05 08:38:08,Weather has been unusually warm this month.,,LOCATION_0139,0.71,SOCIAL_MEDIA_MONITORING
SOC_004282,PERSON_0663,PicWall,user_person_0663,2025-05-31 11:36:01,Meeting postponed. Same place tomorrow.,PERSON_1056,LOCATION_0126,0.42,SOCIAL_MEDIA_MONITORING
SOC_004283,PERSON_0453,PicWall,user_person_0453,2024-11-29 03:15:17,"New shop opening next week, everyone welcome.",,LOCATION_0236,0.66,SOCIAL_MEDIA_MONITORING
SOC_004284,PERSON_0779,TalkStream,user_person_0779,2025-08-22 13:12:16,Weather has been unusually warm this month.,,LOCATION_0232,0.51,SOCIAL_MEDIA_MONITORING
SOC_004285,PERSON_1494,ConnectHub,user_person_1494,2025-12-13 01:56:13,"New shop opening next week, everyone welcome.",,LOCATION_0064,0.51,SOCIAL_MEDIA_MONITORING
SOC_004286,PERSON_0471,SnapCircle,user_person_0471,2026-01-15 20:22:37,Happy to share we completed the delivery on time.,,LOCATION_0166,0.54,SOCIAL_MEDIA_MONITORING
SOC_004287,PERSON_1124,ConnectHub,user_person_1124,2025-01-28 13:04:20,"Great weekend with family, back to work tomorrow.",,LOCATION_0199,0.59,SOCIAL_MEDIA_MONITORING
SOC_004288,PERSON_0539,PicWall,user_person_0539,2025-08-12 05:17:24,Weather has been unusually warm this month.,,LOCATION_0040,0.4,SOCIAL_MEDIA_MONITORING
SOC_004289,PERSON_0012,ConnectHub,user_person_0012,2026-01-10 12:50:41,"Package ready, will hand it over as discussed.",PERSON_0588,LOCATION_0052,0.49,SOCIAL_MEDIA_MONITORING
SOC_004290,PERSON_1420,PicWall,user_person_1420,2025-11-23 18:20:06,Weather has been unusually warm this month.,,LOCATION_0090,0.76,SOCIAL_MEDIA_MONITORING
SOC_004291,PERSON_1102,ChirpNet,user_person_1102,2024-06-13 17:18:55,Weather has been unusually warm this month.,,LOCATION_0043,0.76,SOCIAL_MEDIA_MONITORING
SOC_004292,PERSON_1400,TalkStream,user_person_1400,2025-05-05 09:49:45,Happy to share we completed the delivery on time.,,LOCATION_0074,0.76,SOCIAL_MEDIA_MONITORING
SOC_004293,PERSON_1229,PicWall,user_person_1229,2024-01-17 04:13:44,Traffic was terrible near the market today.,,LOCATION_0084,0.42,SOCIAL_MEDIA_MONITORING
SOC_004294,PERSON_0527,ChirpNet,user_person_0527,2024-11-08 17:55:27,Traffic was terrible near the market today.,,LOCATION_0055,0.79,SOCIAL_MEDIA_MONITORING
SOC_004295,PERSON_0556,ChirpNet,user_person_0556,2026-06-01 08:05:47,"New shop opening next week, everyone welcome.",,LOCATION_0206,0.62,SOCIAL_MEDIA_MONITORING
SOC_004296,PERSON_0038,ConnectHub,user_person_0038,2025-06-23 18:19:31,Happy to share we completed the delivery on time.,,LOCATION_0082,0.55,SOCIAL_MEDIA_MONITORING
SOC_004297,PERSON_0453,SnapCircle,user_person_0453,2025-04-19 15:54:03,Traffic was terrible near the market today.,,LOCATION_0226,0.51,SOCIAL_MEDIA_MONITORING
SOC_004298,PERSON_0814,ChirpNet,user_person_0814,2025-01-31 04:47:04,"Great weekend with family, back to work tomorrow.",,LOCATION_0196,0.78,SOCIAL_MEDIA_MONITORING
SOC_004299,PERSON_0597,ConnectHub,user_person_0597,2025-11-02 01:11:28,Happy to share we completed the delivery on time.,,LOCATION_0068,0.71,SOCIAL_MEDIA_MONITORING
SOC_004300,PERSON_0500,ChirpNet,user_person_0500,2026-03-31 07:10:40,"Plan is confirmed, let's proceed as talked about.",,LOCATION_0156,0.64,SOCIAL_MEDIA_MONITORING
SOC_004301,PERSON_0525,SnapCircle,user_person_0525,2025-12-02 11:53:48,"New shop opening next week, everyone welcome.",,LOCATION_0135,0.83,SOCIAL_MEDIA_MONITORING
SOC_004302,PERSON_0009,TalkStream,user_person_0009,2025-01-22 11:05:43,Traffic was terrible near the market today.,,LOCATION_0050,0.74,SOCIAL_MEDIA_MONITORING
SOC_004303,PERSON_1195,ChirpNet,user_person_1195,2026-05-15 12:43:23,Traffic was terrible near the market today.,,LOCATION_0149,0.71,SOCIAL_MEDIA_MONITORING
SOC_004304,PERSON_0732,ConnectHub,user_person_0732,2025-03-20 07:06:21,Meeting postponed. Same place tomorrow.,,LOCATION_0127,0.83,SOCIAL_MEDIA_MONITORING
SOC_004305,PERSON_0066,TalkStream,user_person_0066,2024-08-04 21:44:13,Traffic was terrible near the market today.,,LOCATION_0068,0.61,SOCIAL_MEDIA_MONITORING
SOC_004306,PERSON_0885,TalkStream,user_person_0885,2025-07-11 02:21:02,Happy to share we completed the delivery on time.,,LOCATION_0153,0.46,SOCIAL_MEDIA_MONITORING
SOC_004307,PERSON_0445,PicWall,user_person_0445,2026-03-31 20:10:20,"Everything is set for the evening, see you there.",PERSON_1136,LOCATION_0139,0.41,SOCIAL_MEDIA_MONITORING
SOC_004308,PERSON_0828,SnapCircle,user_person_0828,2025-08-04 14:54:22,"Great weekend with family, back to work tomorrow.",,LOCATION_0068,0.46,SOCIAL_MEDIA_MONITORING
SOC_004309,PERSON_0896,ChirpNet,user_person_0896,2024-07-29 16:28:41,"New shop opening next week, everyone welcome.",,LOCATION_0230,0.71,SOCIAL_MEDIA_MONITORING
SOC_004310,PERSON_0572,PicWall,user_person_0572,2026-04-08 12:50:33,"New shop opening next week, everyone welcome.",,LOCATION_0212,0.62,SOCIAL_MEDIA_MONITORING
SOC_004311,PERSON_1097,ConnectHub,user_person_1097,2024-04-25 11:35:10,Traffic was terrible near the market today.,,LOCATION_0243,0.7,SOCIAL_MEDIA_MONITORING
SOC_004312,PERSON_0532,ChirpNet,user_person_0532,2024-03-20 20:18:26,"Great weekend with family, back to work tomorrow.",,LOCATION_0269,0.73,SOCIAL_MEDIA_MONITORING
SOC_004313,PERSON_0248,PicWall,user_person_0248,2024-11-09 05:56:41,"New shop opening next week, everyone welcome.",,LOCATION_0208,0.71,SOCIAL_MEDIA_MONITORING
SOC_004314,PERSON_1060,TalkStream,user_person_1060,2024-04-02 11:06:51,Happy to share we completed the delivery on time.,,LOCATION_0238,0.68,SOCIAL_MEDIA_MONITORING
SOC_004315,PERSON_1153,PicWall,user_person_1153,2026-05-23 22:56:26,Weather has been unusually warm this month.,,LOCATION_0208,0.43,SOCIAL_MEDIA_MONITORING
SOC_004316,PERSON_1408,SnapCircle,user_person_1408,2024-09-05 06:38:05,"Package ready, will hand it over as discussed.",,LOCATION_0176,0.43,SOCIAL_MEDIA_MONITORING
SOC_004317,PERSON_0361,ChirpNet,user_person_0361,2024-09-21 04:44:00,Traffic was terrible near the market today.,,LOCATION_0122,0.41,SOCIAL_MEDIA_MONITORING
SOC_004318,PERSON_0735,PicWall,user_person_0735,2024-12-25 18:38:05,"Everything is set for the evening, see you there.",,LOCATION_0100,0.81,SOCIAL_MEDIA_MONITORING
SOC_004319,PERSON_1210,TalkStream,user_person_1210,2025-10-29 01:17:01,"New shop opening next week, everyone welcome.",,LOCATION_0060,0.78,SOCIAL_MEDIA_MONITORING
SOC_004320,PERSON_0563,ConnectHub,user_person_0563,2025-12-04 02:12:38,"Plan is confirmed, let's proceed as talked about.",PERSON_0169,LOCATION_0085,0.48,SOCIAL_MEDIA_MONITORING
SOC_004321,PERSON_1272,TalkStream,user_person_1272,2024-08-19 16:47:08,"Great weekend with family, back to work tomorrow.",,LOCATION_0025,0.55,SOCIAL_MEDIA_MONITORING
SOC_004322,PERSON_0504,ChirpNet,user_person_0504,2025-03-26 17:23:58,"Plan is confirmed, let's proceed as talked about.",PERSON_1477,LOCATION_0053,0.51,SOCIAL_MEDIA_MONITORING
SOC_004323,PERSON_0674,TalkStream,user_person_0674,2025-12-01 00:02:20,"Great weekend with family, back to work tomorrow.",,LOCATION_0160,0.71,SOCIAL_MEDIA_MONITORING
SOC_004324,PERSON_0323,ChirpNet,user_person_0323,2025-08-04 13:47:00,Weather has been unusually warm this month.,,LOCATION_0054,0.73,SOCIAL_MEDIA_MONITORING
SOC_004325,PERSON_0293,TalkStream,user_person_0293,2025-12-19 08:21:41,"Everything is set for the evening, see you there.",PERSON_0470,LOCATION_0107,0.82,SOCIAL_MEDIA_MONITORING
SOC_004326,PERSON_0015,SnapCircle,user_person_0015,2025-01-14 19:41:53,"Great weekend with family, back to work tomorrow.",,LOCATION_0102,0.64,SOCIAL_MEDIA_MONITORING
SOC_004327,PERSON_0393,PicWall,user_person_0393,2024-11-07 01:48:07,Traffic was terrible near the market today.,,LOCATION_0202,0.84,SOCIAL_MEDIA_MONITORING
SOC_004328,PERSON_0739,TalkStream,user_person_0739,2025-04-13 11:15:09,Happy to share we completed the delivery on time.,,LOCATION_0194,0.6,SOCIAL_MEDIA_MONITORING
SOC_004329,PERSON_1479,ChirpNet,user_person_1479,2024-04-27 07:19:46,Weather has been unusually warm this month.,,LOCATION_0135,0.54,SOCIAL_MEDIA_MONITORING
SOC_004330,PERSON_0107,ConnectHub,user_person_0107,2024-12-05 07:03:48,"Plan is confirmed, let's proceed as talked about.",,LOCATION_0286,0.44,SOCIAL_MEDIA_MONITORING
SOC_004331,PERSON_1341,TalkStream,user_person_1341,2024-07-06 15:42:43,"Plan is confirmed, let's proceed as talked about.",,LOCATION_0237,0.55,SOCIAL_MEDIA_MONITORING
SOC_004332,PERSON_1012,TalkStream,user_person_1012,2025-10-08 05:58:30,"New shop opening next week, everyone welcome.",,LOCATION_0094,0.69,SOCIAL_MEDIA_MONITORING
SOC_004333,PERSON_1349,ConnectHub,user_person_1349,2025-03-09 03:51:37,"New shop opening next week, everyone welcome.",,LOCATION_0175,0.79,SOCIAL_MEDIA_MONITORING
SOC_004334,PERSON_0961,ChirpNet,user_person_0961,2025-03-21 21:57:19,Traffic was terrible near the market today.,,LOCATION_0137,0.76,SOCIAL_MEDIA_MONITORING
SOC_004335,PERSON_1115,PicWall,user_person_1115,2025-06-16 06:29:40,"New shop opening next week, everyone welcome.",,LOCATION_0101,0.58,SOCIAL_MEDIA_MONITORING
SOC_004336,PERSON_1346,SnapCircle,user_person_1346,2024-02-29 03:48:08,"New shop opening next week, everyone welcome.",,LOCATION_0173,0.59,SOCIAL_MEDIA_MONITORING
SOC_004337,PERSON_0222,ChirpNet,user_person_0222,2025-01-26 09:24:11,"Great weekend with family, back to work tomorrow.",,LOCATION_0090,0.43,SOCIAL_MEDIA_MONITORING
SOC_004338,PERSON_1243,ChirpNet,user_person_1243,2024-02-16 06:10:32,"New shop opening next week, everyone welcome.",,LOCATION_0238,0.55,SOCIAL_MEDIA_MONITORING
SOC_004339,PERSON_0257,TalkStream,user_person_0257,2026-03-13 16:53:50,Traffic was terrible near the market today.,,LOCATION_0238,0.57,SOCIAL_MEDIA_MONITORING
SOC_004340,PERSON_1017,ConnectHub,user_person_1017,2024-10-29 15:37:07,"Everything is set for the evening, see you there.",PERSON_0824,LOCATION_0242,0.7,SOCIAL_MEDIA_MONITORING
SOC_004341,PERSON_0540,SnapCircle,user_person_0540,2025-08-08 05:26:00,"New shop opening next week, everyone welcome.",,LOCATION_0195,0.69,SOCIAL_MEDIA_MONITORING
SOC_004342,PERSON_0710,PicWall,user_person_0710,2024-08-21 07:02:39,"Great weekend with family, back to work tomorrow.",,LOCATION_0131,0.6,SOCIAL_MEDIA_MONITORING
SOC_004343,PERSON_0474,TalkStream,user_person_0474,2026-04-27 11:34:20,"Great weekend with family, back to work tomorrow.",,LOCATION_0080,0.78,SOCIAL_MEDIA_MONITORING
SOC_004344,PERSON_0596,ConnectHub,user_person_0596,2025-05-04 12:41:29,"Package ready, will hand it over as discussed.",,LOCATION_0181,0.51,SOCIAL_MEDIA_MONITORING
SOC_004345,PERSON_0293,ChirpNet,user_person_0293,2025-04-27 21:00:52,"Great weekend with family, back to work tomorrow.",,LOCATION_0247,0.55,SOCIAL_MEDIA_MONITORING
SOC_004346,PERSON_0893,PicWall,user_person_0893,2024-08-23 09:54:47,Weather has been unusually warm this month.,,LOCATION_0182,0.56,SOCIAL_MEDIA_MONITORING
SOC_004347,PERSON_1394,TalkStream,user_person_1394,2025-04-27 07:28:08,"Great weekend with family, back to work tomorrow.",,LOCATION_0149,0.8,SOCIAL_MEDIA_MONITORING
SOC_004348,PERSON_0734,SnapCircle,user_person_0734,2025-11-17 21:11:13,"Great weekend with family, back to work tomorrow.",,LOCATION_0141,0.79,SOCIAL_MEDIA_MONITORING
SOC_004349,PERSON_1124,SnapCircle,user_person_1124,2025-04-26 04:34:11,Weather has been unusually warm this month.,,LOCATION_0129,0.84,SOCIAL_MEDIA_MONITORING
SOC_004350,PERSON_0818,SnapCircle,user_person_0818,2025-04-26 18:30:27,"New shop opening next week, everyone welcome.",,LOCATION_0272,0.56,SOCIAL_MEDIA_MONITORING
SOC_004351,PERSON_1194,SnapCircle,user_person_1194,2025-05-26 17:05:58,Traffic was terrible near the market today.,,LOCATION_0086,0.57,SOCIAL_MEDIA_MONITORING
SOC_004352,PERSON_0684,PicWall,user_person_0684,2025-01-16 04:28:02,Meeting postponed. Same place tomorrow.,PERSON_0781,LOCATION_0063,0.55,SOCIAL_MEDIA_MONITORING
SOC_004353,PERSON_0651,ConnectHub,user_person_0651,2025-05-07 14:18:03,Weather has been unusually warm this month.,,LOCATION_0011,0.75,SOCIAL_MEDIA_MONITORING
SOC_004354,PERSON_1397,ConnectHub,user_person_1397,2024-09-11 15:27:43,Happy to share we completed the delivery on time.,,LOCATION_0069,0.56,SOCIAL_MEDIA_MONITORING
SOC_004355,PERSON_1063,PicWall,user_person_1063,2024-04-07 18:54:39,"New shop opening next week, everyone welcome.",,LOCATION_0279,0.7,SOCIAL_MEDIA_MONITORING
SOC_004356,PERSON_0158,ChirpNet,user_person_0158,2026-04-13 11:34:00,"New shop opening next week, everyone welcome.",,LOCATION_0288,0.57,SOCIAL_MEDIA_MONITORING
SOC_004357,PERSON_0821,ChirpNet,user_person_0821,2024-12-26 22:56:26,Traffic was terrible near the market today.,,LOCATION_0255,0.57,SOCIAL_MEDIA_MONITORING
SOC_004358,PERSON_0479,TalkStream,user_person_0479,2025-07-13 16:10:24,"Great weekend with family, back to work tomorrow.",,LOCATION_0284,0.65,SOCIAL_MEDIA_MONITORING
SOC_004359,PERSON_1316,PicWall,user_person_1316,2024-10-26 01:49:46,Traffic was terrible near the market today.,,LOCATION_0243,0.84,SOCIAL_MEDIA_MONITORING
SOC_004360,PERSON_0347,ConnectHub,user_person_0347,2024-11-13 19:56:30,"Great weekend with family, back to work tomorrow.",,LOCATION_0016,0.55,SOCIAL_MEDIA_MONITORING
SOC_004361,PERSON_0782,PicWall,user_person_0782,2026-03-29 19:47:50,"New shop opening next week, everyone welcome.",,LOCATION_0294,0.81,SOCIAL_MEDIA_MONITORING
SOC_004362,PERSON_0509,ConnectHub,user_person_0509,2025-10-20 09:08:21,"New shop opening next week, everyone welcome.",,LOCATION_0298,0.59,SOCIAL_MEDIA_MONITORING
SOC_004363,PERSON_1020,ConnectHub,user_person_1020,2025-02-15 04:15:01,"New shop opening next week, everyone welcome.",,LOCATION_0236,0.72,SOCIAL_MEDIA_MONITORING
SOC_004364,PERSON_0994,TalkStream,user_person_0994,2026-02-10 20:46:21,Traffic was terrible near the market today.,,LOCATION_0290,0.57,SOCIAL_MEDIA_MONITORING
SOC_004365,PERSON_1227,ChirpNet,user_person_1227,2025-05-20 11:12:39,Traffic was terrible near the market today.,,LOCATION_0026,0.72,SOCIAL_MEDIA_MONITORING
SOC_004366,PERSON_0922,TalkStream,user_person_0922,2024-03-25 19:14:59,Traffic was terrible near the market today.,,LOCATION_0279,0.68,SOCIAL_MEDIA_MONITORING
SOC_004367,PERSON_0085,TalkStream,user_person_0085,2024-06-28 23:12:35,"Great weekend with family, back to work tomorrow.",,LOCATION_0285,0.7,SOCIAL_MEDIA_MONITORING
SOC_004368,PERSON_0328,ChirpNet,user_person_0328,2024-01-12 15:54:06,"New shop opening next week, everyone welcome.",,LOCATION_0254,0.51,SOCIAL_MEDIA_MONITORING
SOC_004369,PERSON_1367,PicWall,user_person_1367,2026-04-30 17:57:58,Meeting postponed. Same place tomorrow.,,LOCATION_0239,0.57,SOCIAL_MEDIA_MONITORING
SOC_004370,PERSON_1196,PicWall,user_person_1196,2025-09-15 21:50:25,"Great weekend with family, back to work tomorrow.",,LOCATION_0270,0.55,SOCIAL_MEDIA_MONITORING
SOC_004371,PERSON_1053,SnapCircle,user_person_1053,2025-05-02 15:11:47,Weather has been unusually warm this month.,,LOCATION_0161,0.75,SOCIAL_MEDIA_MONITORING
SOC_004372,PERSON_1241,TalkStream,user_person_1241,2026-02-13 06:31:24,"Everything is set for the evening, see you there.",,LOCATION_0243,0.76,SOCIAL_MEDIA_MONITORING
SOC_004373,PERSON_0413,ChirpNet,user_person_0413,2024-01-11 21:03:12,Happy to share we completed the delivery on time.,,LOCATION_0030,0.64,SOCIAL_MEDIA_MONITORING
SOC_004374,PERSON_0371,ChirpNet,user_person_0371,2025-09-16 09:39:47,"Great weekend with family, back to work tomorrow.",,LOCATION_0069,0.73,SOCIAL_MEDIA_MONITORING
SOC_004375,PERSON_1309,ChirpNet,user_person_1309,2024-03-30 17:42:29,Keep this between us for now.,PERSON_1282,LOCATION_0047,0.72,SOCIAL_MEDIA_MONITORING
SOC_004376,PERSON_1094,SnapCircle,user_person_1094,2024-03-03 12:09:05,Happy to share we completed the delivery on time.,,LOCATION_0060,0.56,SOCIAL_MEDIA_MONITORING
SOC_004377,PERSON_0496,PicWall,user_person_0496,2024-08-31 03:07:50,"New shop opening next week, everyone welcome.",,LOCATION_0242,0.53,SOCIAL_MEDIA_MONITORING
SOC_004378,PERSON_1277,ConnectHub,user_person_1277,2024-11-04 07:27:05,"Plan is confirmed, let's proceed as talked about.",PERSON_0880,LOCATION_0036,0.58,SOCIAL_MEDIA_MONITORING
SOC_004379,PERSON_0675,ConnectHub,user_person_0675,2025-02-22 07:49:27,Happy to share we completed the delivery on time.,,LOCATION_0169,0.73,SOCIAL_MEDIA_MONITORING
SOC_004380,PERSON_0909,ChirpNet,user_person_0909,2026-05-05 11:57:00,Happy to share we completed the delivery on time.,,LOCATION_0114,0.72,SOCIAL_MEDIA_MONITORING
SOC_004381,PERSON_0643,SnapCircle,user_person_0643,2024-05-14 15:28:07,Happy to share we completed the delivery on time.,,LOCATION_0300,0.56,SOCIAL_MEDIA_MONITORING
SOC_004382,PERSON_1167,SnapCircle,user_person_1167,2024-03-27 14:19:35,"Great weekend with family, back to work tomorrow.",,LOCATION_0002,0.78,SOCIAL_MEDIA_MONITORING
SOC_004383,PERSON_1037,ChirpNet,user_person_1037,2025-06-28 12:50:33,"New shop opening next week, everyone welcome.",,LOCATION_0192,0.44,SOCIAL_MEDIA_MONITORING
SOC_004384,PERSON_1031,TalkStream,user_person_1031,2024-05-17 16:09:26,Weather has been unusually warm this month.,,LOCATION_0110,0.61,SOCIAL_MEDIA_MONITORING
SOC_004385,PERSON_0606,ConnectHub,user_person_0606,2024-01-07 08:55:29,"New shop opening next week, everyone welcome.",,LOCATION_0018,0.77,SOCIAL_MEDIA_MONITORING
SOC_004386,PERSON_0015,SnapCircle,user_person_0015,2024-10-28 21:44:17,Happy to share we completed the delivery on time.,,LOCATION_0132,0.46,SOCIAL_MEDIA_MONITORING
SOC_004387,PERSON_0876,ConnectHub,user_person_0876,2025-03-09 16:58:32,"Great weekend with family, back to work tomorrow.",,LOCATION_0082,0.78,SOCIAL_MEDIA_MONITORING
SOC_004388,PERSON_0228,ChirpNet,user_person_0228,2024-02-11 06:36:47,Weather has been unusually warm this month.,,LOCATION_0076,0.8,SOCIAL_MEDIA_MONITORING
SOC_004389,PERSON_0793,TalkStream,user_person_0793,2024-05-18 13:45:36,Weather has been unusually warm this month.,,LOCATION_0097,0.8,SOCIAL_MEDIA_MONITORING
SOC_004390,PERSON_0079,PicWall,user_person_0079,2026-02-22 10:00:42,Weather has been unusually warm this month.,,LOCATION_0278,0.81,SOCIAL_MEDIA_MONITORING
SOC_004391,PERSON_0971,PicWall,user_person_0971,2024-07-23 08:44:39,Happy to share we completed the delivery on time.,,LOCATION_0135,0.53,SOCIAL_MEDIA_MONITORING
SOC_004392,PERSON_0617,ChirpNet,user_person_0617,2024-05-01 06:36:26,Keep this between us for now.,,LOCATION_0245,0.78,SOCIAL_MEDIA_MONITORING
SOC_004393,PERSON_0170,SnapCircle,user_person_0170,2024-08-26 01:27:25,"New shop opening next week, everyone welcome.",,LOCATION_0026,0.61,SOCIAL_MEDIA_MONITORING
SOC_004394,PERSON_0463,SnapCircle,user_person_0463,2024-03-11 11:19:40,"New shop opening next week, everyone welcome.",,LOCATION_0220,0.73,SOCIAL_MEDIA_MONITORING
SOC_004395,PERSON_0214,ConnectHub,user_person_0214,2026-06-24 18:36:06,Traffic was terrible near the market today.,,LOCATION_0033,0.71,SOCIAL_MEDIA_MONITORING
SOC_004396,PERSON_0396,SnapCircle,user_person_0396,2025-11-07 02:34:17,Meeting postponed. Same place tomorrow.,PERSON_1267,LOCATION_0234,0.62,SOCIAL_MEDIA_MONITORING
SOC_004397,PERSON_1004,PicWall,user_person_1004,2025-09-28 19:29:00,"Great weekend with family, back to work tomorrow.",,LOCATION_0212,0.42,SOCIAL_MEDIA_MONITORING
SOC_004398,PERSON_1472,SnapCircle,user_person_1472,2024-04-02 13:47:25,"New shop opening next week, everyone welcome.",,LOCATION_0173,0.5,SOCIAL_MEDIA_MONITORING
SOC_004399,PERSON_1185,TalkStream,user_person_1185,2026-02-27 23:45:47,"New shop opening next week, everyone welcome.",,LOCATION_0091,0.48,SOCIAL_MEDIA_MONITORING
SOC_004400,PERSON_0320,ChirpNet,user_person_0320,2025-10-13 10:13:55,Happy to share we completed the delivery on time.,,LOCATION_0070,0.59,SOCIAL_MEDIA_MONITORING
SOC_004401,PERSON_1108,ConnectHub,user_person_1108,2024-08-13 00:22:58,Weather has been unusually warm this month.,,LOCATION_0144,0.62,SOCIAL_MEDIA_MONITORING
SOC_004402,PERSON_0077,PicWall,user_person_0077,2025-09-16 17:27:31,Happy to share we completed the delivery on time.,,LOCATION_0273,0.6,SOCIAL_MEDIA_MONITORING
SOC_004403,PERSON_1113,ChirpNet,user_person_1113,2025-07-03 01:38:12,"Great weekend with family, back to work tomorrow.",,LOCATION_0143,0.8,SOCIAL_MEDIA_MONITORING
SOC_004404,PERSON_1049,SnapCircle,user_person_1049,2026-06-19 00:16:59,Weather has been unusually warm this month.,,LOCATION_0149,0.68,SOCIAL_MEDIA_MONITORING
SOC_004405,PERSON_1074,TalkStream,user_person_1074,2025-03-21 14:19:32,"New shop opening next week, everyone welcome.",,LOCATION_0135,0.53,SOCIAL_MEDIA_MONITORING
SOC_004406,PERSON_0502,ConnectHub,user_person_0502,2025-06-01 04:21:28,"New shop opening next week, everyone welcome.",,LOCATION_0124,0.57,SOCIAL_MEDIA_MONITORING
SOC_004407,PERSON_0445,PicWall,user_person_0445,2025-07-20 00:28:29,Weather has been unusually warm this month.,,LOCATION_0239,0.74,SOCIAL_MEDIA_MONITORING
SOC_004408,PERSON_1033,SnapCircle,user_person_1033,2025-04-08 00:06:13,Weather has been unusually warm this month.,,LOCATION_0299,0.78,SOCIAL_MEDIA_MONITORING
SOC_004409,PERSON_0463,ConnectHub,user_person_0463,2025-10-30 03:31:00,"New shop opening next week, everyone welcome.",,LOCATION_0140,0.48,SOCIAL_MEDIA_MONITORING
SOC_004410,PERSON_0920,ConnectHub,user_person_0920,2025-11-12 20:09:34,"New shop opening next week, everyone welcome.",,LOCATION_0003,0.5,SOCIAL_MEDIA_MONITORING
SOC_004411,PERSON_0925,ConnectHub,user_person_0925,2025-02-21 12:15:40,Meeting postponed. Same place tomorrow.,,LOCATION_0242,0.65,SOCIAL_MEDIA_MONITORING
SOC_004412,PERSON_0874,TalkStream,user_person_0874,2024-12-18 03:00:27,"New shop opening next week, everyone welcome.",,LOCATION_0258,0.76,SOCIAL_MEDIA_MONITORING
SOC_004413,PERSON_0221,PicWall,user_person_0221,2024-09-09 22:41:57,Traffic was terrible near the market today.,,LOCATION_0219,0.51,SOCIAL_MEDIA_MONITORING
SOC_004414,PERSON_0386,PicWall,user_person_0386,2025-11-08 12:32:54,Meeting postponed. Same place tomorrow.,,LOCATION_0007,0.6,SOCIAL_MEDIA_MONITORING
SOC_004415,PERSON_1034,TalkStream,user_person_1034,2025-11-18 19:16:06,Weather has been unusually warm this month.,,LOCATION_0139,0.52,SOCIAL_MEDIA_MONITORING
SOC_004416,PERSON_1002,TalkStream,user_person_1002,2025-10-28 17:17:37,"Great weekend with family, back to work tomorrow.",,LOCATION_0003,0.48,SOCIAL_MEDIA_MONITORING
SOC_004417,PERSON_1406,ChirpNet,user_person_1406,2025-12-25 20:17:45,Happy to share we completed the delivery on time.,,LOCATION_0294,0.4,SOCIAL_MEDIA_MONITORING
SOC_004418,PERSON_1024,ConnectHub,user_person_1024,2024-09-27 21:07:59,"Plan is confirmed, let's proceed as talked about.",PERSON_0690,LOCATION_0232,0.49,SOCIAL_MEDIA_MONITORING
SOC_004419,PERSON_1145,ConnectHub,user_person_1145,2026-05-22 15:50:03,Weather has been unusually warm this month.,,LOCATION_0159,0.8,SOCIAL_MEDIA_MONITORING
SOC_004420,PERSON_0977,ConnectHub,user_person_0977,2026-02-17 04:14:18,Happy to share we completed the delivery on time.,,LOCATION_0030,0.61,SOCIAL_MEDIA_MONITORING
SOC_004421,PERSON_0376,TalkStream,user_person_0376,2026-04-20 22:15:25,Happy to share we completed the delivery on time.,,LOCATION_0286,0.77,SOCIAL_MEDIA_MONITORING
SOC_004422,PERSON_0064,SnapCircle,user_person_0064,2024-11-09 00:45:45,"Plan is confirmed, let's proceed as talked about.",PERSON_0778,LOCATION_0263,0.78,SOCIAL_MEDIA_MONITORING
SOC_004423,PERSON_0054,ConnectHub,user_person_0054,2026-06-26 02:33:56,Keep this between us for now.,PERSON_0302,LOCATION_0106,0.66,SOCIAL_MEDIA_MONITORING
SOC_004424,PERSON_1266,ChirpNet,user_person_1266,2026-06-02 09:34:44,Weather has been unusually warm this month.,,LOCATION_0231,0.67,SOCIAL_MEDIA_MONITORING
SOC_004425,PERSON_0534,ChirpNet,user_person_0534,2025-04-23 10:56:15,"New shop opening next week, everyone welcome.",,LOCATION_0057,0.75,SOCIAL_MEDIA_MONITORING
SOC_004426,PERSON_0968,TalkStream,user_person_0968,2026-06-20 05:49:37,"Great weekend with family, back to work tomorrow.",,LOCATION_0164,0.5,SOCIAL_MEDIA_MONITORING
SOC_004427,PERSON_1379,ConnectHub,user_person_1379,2026-03-21 19:22:53,"New shop opening next week, everyone welcome.",,LOCATION_0260,0.51,SOCIAL_MEDIA_MONITORING
SOC_004428,PERSON_0302,ChirpNet,user_person_0302,2024-05-18 07:58:05,Happy to share we completed the delivery on time.,,LOCATION_0225,0.65,SOCIAL_MEDIA_MONITORING
SOC_004429,PERSON_0607,TalkStream,user_person_0607,2025-03-11 19:40:00,Happy to share we completed the delivery on time.,,LOCATION_0150,0.84,SOCIAL_MEDIA_MONITORING
SOC_004430,PERSON_1266,SnapCircle,user_person_1266,2025-12-05 14:00:45,Happy to share we completed the delivery on time.,,LOCATION_0081,0.44,SOCIAL_MEDIA_MONITORING
SOC_004431,PERSON_0217,TalkStream,user_person_0217,2026-03-28 12:50:33,Traffic was terrible near the market today.,,LOCATION_0170,0.45,SOCIAL_MEDIA_MONITORING
SOC_004432,PERSON_1226,ConnectHub,user_person_1226,2025-11-08 20:11:33,"Plan is confirmed, let's proceed as talked about.",PERSON_0285,LOCATION_0190,0.79,SOCIAL_MEDIA_MONITORING
SOC_004433,PERSON_0928,TalkStream,user_person_0928,2025-08-22 08:53:02,"New shop opening next week, everyone welcome.",,LOCATION_0166,0.78,SOCIAL_MEDIA_MONITORING
SOC_004434,PERSON_0780,SnapCircle,user_person_0780,2025-12-29 20:33:27,"New shop opening next week, everyone welcome.",,LOCATION_0224,0.44,SOCIAL_MEDIA_MONITORING
SOC_004435,PERSON_1133,ChirpNet,user_person_1133,2024-05-13 17:53:25,Traffic was terrible near the market today.,,LOCATION_0291,0.82,SOCIAL_MEDIA_MONITORING
SOC_004436,PERSON_0949,PicWall,user_person_0949,2024-01-09 18:14:52,Happy to share we completed the delivery on time.,,LOCATION_0195,0.48,SOCIAL_MEDIA_MONITORING
SOC_004437,PERSON_1171,ChirpNet,user_person_1171,2025-12-27 14:08:09,Weather has been unusually warm this month.,,LOCATION_0066,0.46,SOCIAL_MEDIA_MONITORING
SOC_004438,PERSON_0022,PicWall,user_person_0022,2024-03-18 01:37:06,Weather has been unusually warm this month.,,LOCATION_0263,0.63,SOCIAL_MEDIA_MONITORING
SOC_004439,PERSON_0355,SnapCircle,user_person_0355,2024-03-06 05:23:34,Happy to share we completed the delivery on time.,,LOCATION_0252,0.59,SOCIAL_MEDIA_MONITORING
SOC_004440,PERSON_0459,ConnectHub,user_person_0459,2024-04-26 14:32:23,"New shop opening next week, everyone welcome.",,LOCATION_0153,0.75,SOCIAL_MEDIA_MONITORING
SOC_004441,PERSON_1428,PicWall,user_person_1428,2024-03-30 02:50:21,Happy to share we completed the delivery on time.,,LOCATION_0031,0.84,SOCIAL_MEDIA_MONITORING
SOC_004442,PERSON_1049,PicWall,user_person_1049,2024-10-24 16:51:43,"Great weekend with family, back to work tomorrow.",,LOCATION_0129,0.6,SOCIAL_MEDIA_MONITORING
SOC_004443,PERSON_0548,ConnectHub,user_person_0548,2025-03-22 16:15:06,"Great weekend with family, back to work tomorrow.",,LOCATION_0041,0.52,SOCIAL_MEDIA_MONITORING
SOC_004444,PERSON_0269,ChirpNet,user_person_0269,2025-03-31 20:26:16,Traffic was terrible near the market today.,,LOCATION_0178,0.71,SOCIAL_MEDIA_MONITORING
SOC_004445,PERSON_0260,ChirpNet,user_person_0260,2025-09-25 08:12:26,"New shop opening next week, everyone welcome.",,LOCATION_0014,0.62,SOCIAL_MEDIA_MONITORING
SOC_004446,PERSON_0216,TalkStream,user_person_0216,2026-01-27 13:12:34,Traffic was terrible near the market today.,,LOCATION_0182,0.47,SOCIAL_MEDIA_MONITORING
SOC_004447,PERSON_0946,ConnectHub,user_person_0946,2025-08-22 01:18:02,Traffic was terrible near the market today.,,LOCATION_0057,0.51,SOCIAL_MEDIA_MONITORING
SOC_004448,PERSON_0232,SnapCircle,user_person_0232,2025-08-01 22:45:52,"Great weekend with family, back to work tomorrow.",,LOCATION_0079,0.45,SOCIAL_MEDIA_MONITORING
SOC_004449,PERSON_1329,TalkStream,user_person_1329,2024-05-27 21:22:50,"Everything is set for the evening, see you there.",,LOCATION_0069,0.76,SOCIAL_MEDIA_MONITORING
SOC_004450,PERSON_0031,ConnectHub,user_person_0031,2025-04-03 13:39:18,"Plan is confirmed, let's proceed as talked about.",,LOCATION_0056,0.67,SOCIAL_MEDIA_MONITORING
SOC_004451,PERSON_0406,SnapCircle,user_person_0406,2024-04-18 03:41:42,Happy to share we completed the delivery on time.,,LOCATION_0023,0.4,SOCIAL_MEDIA_MONITORING
SOC_004452,PERSON_0380,TalkStream,user_person_0380,2024-12-13 03:18:27,"New shop opening next week, everyone welcome.",,LOCATION_0117,0.4,SOCIAL_MEDIA_MONITORING
SOC_004453,PERSON_1211,ChirpNet,user_person_1211,2026-03-15 06:00:46,"New shop opening next week, everyone welcome.",,LOCATION_0195,0.81,SOCIAL_MEDIA_MONITORING
SOC_004454,PERSON_0618,PicWall,user_person_0618,2026-05-15 00:24:26,Traffic was terrible near the market today.,,LOCATION_0227,0.84,SOCIAL_MEDIA_MONITORING
SOC_004455,PERSON_1365,ChirpNet,user_person_1365,2024-07-11 18:16:32,Weather has been unusually warm this month.,,LOCATION_0048,0.66,SOCIAL_MEDIA_MONITORING
SOC_004456,PERSON_0076,SnapCircle,user_person_0076,2025-04-21 08:54:05,Weather has been unusually warm this month.,,LOCATION_0055,0.54,SOCIAL_MEDIA_MONITORING
SOC_004457,PERSON_1302,ConnectHub,user_person_1302,2026-04-18 04:49:12,Happy to share we completed the delivery on time.,,LOCATION_0270,0.42,SOCIAL_MEDIA_MONITORING
SOC_004458,PERSON_0707,PicWall,user_person_0707,2024-08-22 05:50:23,"Great weekend with family, back to work tomorrow.",,LOCATION_0032,0.44,SOCIAL_MEDIA_MONITORING
SOC_004459,PERSON_0867,TalkStream,user_person_0867,2026-02-18 07:31:54,Traffic was terrible near the market today.,,LOCATION_0234,0.75,SOCIAL_MEDIA_MONITORING
SOC_004460,PERSON_1003,ChirpNet,user_person_1003,2025-12-15 04:07:28,Traffic was terrible near the market today.,,LOCATION_0044,0.48,SOCIAL_MEDIA_MONITORING
SOC_004461,PERSON_0831,SnapCircle,user_person_0831,2024-12-04 12:37:16,"New shop opening next week, everyone welcome.",,LOCATION_0120,0.74,SOCIAL_MEDIA_MONITORING
SOC_004462,PERSON_1330,TalkStream,user_person_1330,2026-02-14 06:54:54,Weather has been unusually warm this month.,,LOCATION_0184,0.56,SOCIAL_MEDIA_MONITORING
SOC_004463,PERSON_0032,SnapCircle,user_person_0032,2024-11-15 18:43:18,Weather has been unusually warm this month.,,LOCATION_0233,0.68,SOCIAL_MEDIA_MONITORING
SOC_004464,PERSON_0353,TalkStream,user_person_0353,2024-01-18 15:52:10,"Great weekend with family, back to work tomorrow.",,LOCATION_0018,0.74,SOCIAL_MEDIA_MONITORING
SOC_004465,PERSON_1153,TalkStream,user_person_1153,2026-06-22 23:16:56,Happy to share we completed the delivery on time.,,LOCATION_0238,0.68,SOCIAL_MEDIA_MONITORING
SOC_004466,PERSON_0130,SnapCircle,user_person_0130,2026-05-15 17:30:55,"New shop opening next week, everyone welcome.",,LOCATION_0096,0.62,SOCIAL_MEDIA_MONITORING
SOC_004467,PERSON_0560,TalkStream,user_person_0560,2024-11-20 05:33:13,"Package ready, will hand it over as discussed.",PERSON_0036,LOCATION_0223,0.58,SOCIAL_MEDIA_MONITORING
SOC_004468,PERSON_1238,TalkStream,user_person_1238,2024-01-20 12:16:10,Happy to share we completed the delivery on time.,,LOCATION_0180,0.69,SOCIAL_MEDIA_MONITORING
SOC_004469,PERSON_1322,SnapCircle,user_person_1322,2024-06-23 13:23:18,"New shop opening next week, everyone welcome.",,LOCATION_0289,0.63,SOCIAL_MEDIA_MONITORING
SOC_004470,PERSON_1283,TalkStream,user_person_1283,2024-05-22 15:45:01,Keep this between us for now.,PERSON_1424,LOCATION_0062,0.6,SOCIAL_MEDIA_MONITORING
SOC_004471,PERSON_1199,SnapCircle,user_person_1199,2024-12-30 13:21:56,"Great weekend with family, back to work tomorrow.",,LOCATION_0129,0.81,SOCIAL_MEDIA_MONITORING
SOC_004472,PERSON_0124,TalkStream,user_person_0124,2025-03-15 11:57:17,"Great weekend with family, back to work tomorrow.",,LOCATION_0239,0.42,SOCIAL_MEDIA_MONITORING
SOC_004473,PERSON_1227,SnapCircle,user_person_1227,2024-07-17 11:00:02,Weather has been unusually warm this month.,,LOCATION_0166,0.67,SOCIAL_MEDIA_MONITORING
SOC_004474,PERSON_0669,TalkStream,user_person_0669,2026-04-25 21:49:42,"Great weekend with family, back to work tomorrow.",,LOCATION_0076,0.79,SOCIAL_MEDIA_MONITORING
SOC_004475,PERSON_1166,PicWall,user_person_1166,2025-12-22 23:45:12,Traffic was terrible near the market today.,,LOCATION_0014,0.69,SOCIAL_MEDIA_MONITORING
SOC_004476,PERSON_0345,ConnectHub,user_person_0345,2025-09-21 10:41:41,"New shop opening next week, everyone welcome.",,LOCATION_0070,0.83,SOCIAL_MEDIA_MONITORING
SOC_004477,PERSON_0117,ConnectHub,user_person_0117,2025-10-30 08:01:19,Weather has been unusually warm this month.,,LOCATION_0012,0.72,SOCIAL_MEDIA_MONITORING
SOC_004478,PERSON_0813,ConnectHub,user_person_0813,2025-02-03 07:15:09,Weather has been unusually warm this month.,,LOCATION_0256,0.57,SOCIAL_MEDIA_MONITORING
SOC_004479,PERSON_1322,ConnectHub,user_person_1322,2025-03-19 01:27:43,"Great weekend with family, back to work tomorrow.",,LOCATION_0279,0.71,SOCIAL_MEDIA_MONITORING
SOC_004480,PERSON_1147,ChirpNet,user_person_1147,2024-10-08 21:57:15,"Everything is set for the evening, see you there.",,LOCATION_0293,0.67,SOCIAL_MEDIA_MONITORING
SOC_004481,PERSON_0484,ChirpNet,user_person_0484,2024-02-10 04:42:44,"Package ready, will hand it over as discussed.",PERSON_0754,LOCATION_0032,0.79,SOCIAL_MEDIA_MONITORING
SOC_004482,PERSON_0185,PicWall,user_person_0185,2025-09-16 07:29:06,Traffic was terrible near the market today.,,LOCATION_0151,0.45,SOCIAL_MEDIA_MONITORING
SOC_004483,PERSON_0503,PicWall,user_person_0503,2025-12-26 03:10:15,Traffic was terrible near the market today.,,LOCATION_0269,0.6,SOCIAL_MEDIA_MONITORING
SOC_004484,PERSON_0808,PicWall,user_person_0808,2024-10-07 19:05:11,Weather has been unusually warm this month.,,LOCATION_0008,0.54,SOCIAL_MEDIA_MONITORING
SOC_004485,PERSON_0221,ConnectHub,user_person_0221,2026-06-23 00:32:18,Happy to share we completed the delivery on time.,,LOCATION_0019,0.82,SOCIAL_MEDIA_MONITORING
SOC_004486,PERSON_0523,ChirpNet,user_person_0523,2024-01-07 23:23:40,"Plan is confirmed, let's proceed as talked about.",,LOCATION_0051,0.46,SOCIAL_MEDIA_MONITORING
SOC_004487,PERSON_0054,SnapCircle,user_person_0054,2026-06-10 20:38:49,"Great weekend with family, back to work tomorrow.",,LOCATION_0266,0.62,SOCIAL_MEDIA_MONITORING
SOC_004488,PERSON_1328,SnapCircle,user_person_1328,2025-10-21 04:56:08,Traffic was terrible near the market today.,,LOCATION_0099,0.74,SOCIAL_MEDIA_MONITORING
SOC_004489,PERSON_0288,ChirpNet,user_person_0288,2025-03-21 17:31:45,Keep this between us for now.,,LOCATION_0221,0.76,SOCIAL_MEDIA_MONITORING
SOC_004490,PERSON_0449,SnapCircle,user_person_0449,2026-06-24 09:03:12,Weather has been unusually warm this month.,,LOCATION_0153,0.42,SOCIAL_MEDIA_MONITORING
SOC_004491,PERSON_0614,TalkStream,user_person_0614,2026-01-10 22:57:35,Weather has been unusually warm this month.,,LOCATION_0074,0.45,SOCIAL_MEDIA_MONITORING
SOC_004492,PERSON_0679,ConnectHub,user_person_0679,2024-03-13 01:15:41,"Great weekend with family, back to work tomorrow.",,LOCATION_0293,0.74,SOCIAL_MEDIA_MONITORING
SOC_004493,PERSON_1465,TalkStream,user_person_1465,2025-08-01 05:46:30,Weather has been unusually warm this month.,,LOCATION_0053,0.84,SOCIAL_MEDIA_MONITORING
SOC_004494,PERSON_0752,ChirpNet,user_person_0752,2025-01-22 04:20:46,Weather has been unusually warm this month.,,LOCATION_0157,0.72,SOCIAL_MEDIA_MONITORING
SOC_004495,PERSON_0716,SnapCircle,user_person_0716,2025-04-08 21:11:36,Happy to share we completed the delivery on time.,,LOCATION_0166,0.71,SOCIAL_MEDIA_MONITORING
SOC_004496,PERSON_1221,ConnectHub,user_person_1221,2024-12-10 01:32:26,"Great weekend with family, back to work tomorrow.",,LOCATION_0203,0.59,SOCIAL_MEDIA_MONITORING
SOC_004497,PERSON_0607,ConnectHub,user_person_0607,2024-05-31 14:39:37,"Plan is confirmed, let's proceed as talked about.",PERSON_0276,LOCATION_0260,0.47,SOCIAL_MEDIA_MONITORING
SOC_004498,PERSON_0279,ConnectHub,user_person_0279,2024-07-24 23:29:51,Traffic was terrible near the market today.,,LOCATION_0262,0.68,SOCIAL_MEDIA_MONITORING
SOC_004499,PERSON_0707,PicWall,user_person_0707,2026-01-17 13:28:59,Traffic was terrible near the market today.,,LOCATION_0282,0.75,SOCIAL_MEDIA_MONITORING
SOC_004500,PERSON_1053,PicWall,user_person_1053,2025-08-18 19:00:55,Happy to share we completed the delivery on time.,,LOCATION_0101,0.64,SOCIAL_MEDIA_MONITORING
SOC_004501,PERSON_0371,ChirpNet,user_person_0371,2024-08-07 21:02:05,"New shop opening next week, everyone welcome.",,LOCATION_0099,0.41,SOCIAL_MEDIA_MONITORING
SOC_004502,PERSON_0337,PicWall,user_person_0337,2024-07-04 18:43:38,"Great weekend with family, back to work tomorrow.",,LOCATION_0077,0.52,SOCIAL_MEDIA_MONITORING
SOC_004503,PERSON_0978,ConnectHub,user_person_0978,2024-03-23 01:27:17,"Great weekend with family, back to work tomorrow.",,LOCATION_0149,0.71,SOCIAL_MEDIA_MONITORING
SOC_004504,PERSON_1254,PicWall,user_person_1254,2025-02-05 08:42:46,"New shop opening next week, everyone welcome.",,LOCATION_0076,0.76,SOCIAL_MEDIA_MONITORING
SOC_004505,PERSON_1092,PicWall,user_person_1092,2025-04-02 08:01:58,"New shop opening next week, everyone welcome.",,LOCATION_0221,0.65,SOCIAL_MEDIA_MONITORING
SOC_004506,PERSON_0522,SnapCircle,user_person_0522,2024-10-16 14:37:12,"New shop opening next week, everyone welcome.",,LOCATION_0105,0.48,SOCIAL_MEDIA_MONITORING
SOC_004507,PERSON_0478,ConnectHub,user_person_0478,2026-02-17 06:12:53,Traffic was terrible near the market today.,,LOCATION_0198,0.81,SOCIAL_MEDIA_MONITORING
SOC_004508,PERSON_1382,SnapCircle,user_person_1382,2024-11-07 07:15:46,Keep this between us for now.,,LOCATION_0132,0.44,SOCIAL_MEDIA_MONITORING
SOC_004509,PERSON_1164,SnapCircle,user_person_1164,2024-02-24 19:30:13,"New shop opening next week, everyone welcome.",,LOCATION_0109,0.46,SOCIAL_MEDIA_MONITORING
SOC_004510,PERSON_0987,TalkStream,user_person_0987,2024-05-21 15:05:43,Happy to share we completed the delivery on time.,,LOCATION_0066,0.58,SOCIAL_MEDIA_MONITORING
SOC_004511,PERSON_1054,SnapCircle,user_person_1054,2025-10-06 23:32:34,Meeting postponed. Same place tomorrow.,PERSON_0859,LOCATION_0194,0.78,SOCIAL_MEDIA_MONITORING
SOC_004512,PERSON_1459,ConnectHub,user_person_1459,2025-09-19 15:55:31,"Great weekend with family, back to work tomorrow.",,LOCATION_0165,0.55,SOCIAL_MEDIA_MONITORING
SOC_004513,PERSON_0276,ChirpNet,user_person_0276,2025-08-11 08:02:47,Weather has been unusually warm this month.,,LOCATION_0112,0.46,SOCIAL_MEDIA_MONITORING
SOC_004514,PERSON_0590,ConnectHub,user_person_0590,2024-05-12 18:56:18,"Package ready, will hand it over as discussed.",,LOCATION_0132,0.76,SOCIAL_MEDIA_MONITORING
SOC_004515,PERSON_0233,ConnectHub,user_person_0233,2025-07-02 05:30:17,"New shop opening next week, everyone welcome.",,LOCATION_0128,0.47,SOCIAL_MEDIA_MONITORING
SOC_004516,PERSON_1488,SnapCircle,user_person_1488,2026-01-22 12:37:42,Weather has been unusually warm this month.,,LOCATION_0020,0.51,SOCIAL_MEDIA_MONITORING
SOC_004517,PERSON_0301,SnapCircle,user_person_0301,2025-12-19 20:43:14,"Great weekend with family, back to work tomorrow.",,LOCATION_0121,0.5,SOCIAL_MEDIA_MONITORING
SOC_004518,PERSON_0684,ChirpNet,user_person_0684,2026-03-06 00:05:46,Meeting postponed. Same place tomorrow.,,LOCATION_0093,0.82,SOCIAL_MEDIA_MONITORING
SOC_004519,PERSON_0340,SnapCircle,user_person_0340,2025-03-03 16:34:03,Traffic was terrible near the market today.,,LOCATION_0008,0.51,SOCIAL_MEDIA_MONITORING
SOC_004520,PERSON_0255,SnapCircle,user_person_0255,2025-01-12 23:14:42,Meeting postponed. Same place tomorrow.,,LOCATION_0040,0.54,SOCIAL_MEDIA_MONITORING
SOC_004521,PERSON_0712,TalkStream,user_person_0712,2026-06-24 19:21:27,"New shop opening next week, everyone welcome.",,LOCATION_0163,0.85,SOCIAL_MEDIA_MONITORING
SOC_004522,PERSON_0909,TalkStream,user_person_0909,2025-01-03 09:56:39,"Package ready, will hand it over as discussed.",,LOCATION_0154,0.51,SOCIAL_MEDIA_MONITORING
SOC_004523,PERSON_1041,PicWall,user_person_1041,2025-12-17 12:16:31,Traffic was terrible near the market today.,,LOCATION_0160,0.49,SOCIAL_MEDIA_MONITORING
SOC_004524,PERSON_1132,ChirpNet,user_person_1132,2025-07-11 14:45:02,"New shop opening next week, everyone welcome.",,LOCATION_0221,0.56,SOCIAL_MEDIA_MONITORING
SOC_004525,PERSON_0809,PicWall,user_person_0809,2025-03-01 04:40:53,Traffic was terrible near the market today.,,LOCATION_0019,0.74,SOCIAL_MEDIA_MONITORING
SOC_004526,PERSON_1069,ChirpNet,user_person_1069,2024-05-31 07:07:08,Meeting postponed. Same place tomorrow.,PERSON_1391,LOCATION_0254,0.65,SOCIAL_MEDIA_MONITORING
SOC_004527,PERSON_1360,TalkStream,user_person_1360,2024-01-26 02:40:24,Happy to share we completed the delivery on time.,,LOCATION_0056,0.72,SOCIAL_MEDIA_MONITORING
SOC_004528,PERSON_0056,ChirpNet,user_person_0056,2024-12-15 22:52:41,"Plan is confirmed, let's proceed as talked about.",,LOCATION_0112,0.42,SOCIAL_MEDIA_MONITORING
SOC_004529,PERSON_1490,TalkStream,user_person_1490,2025-10-11 18:05:43,"Great weekend with family, back to work tomorrow.",,LOCATION_0213,0.67,SOCIAL_MEDIA_MONITORING
SOC_004530,PERSON_1205,ChirpNet,user_person_1205,2024-04-28 19:33:55,"Great weekend with family, back to work tomorrow.",,LOCATION_0019,0.7,SOCIAL_MEDIA_MONITORING
SOC_004531,PERSON_0965,ConnectHub,user_person_0965,2026-03-14 07:43:44,Weather has been unusually warm this month.,,LOCATION_0117,0.66,SOCIAL_MEDIA_MONITORING
SOC_004532,PERSON_0022,TalkStream,user_person_0022,2024-01-15 08:08:20,Traffic was terrible near the market today.,,LOCATION_0133,0.55,SOCIAL_MEDIA_MONITORING
SOC_004533,PERSON_0043,ConnectHub,user_person_0043,2025-01-06 20:45:16,"New shop opening next week, everyone welcome.",,LOCATION_0268,0.72,SOCIAL_MEDIA_MONITORING
SOC_004534,PERSON_0287,ChirpNet,user_person_0287,2025-04-05 00:23:07,Traffic was terrible near the market today.,,LOCATION_0011,0.78,SOCIAL_MEDIA_MONITORING
SOC_004535,PERSON_1459,PicWall,user_person_1459,2025-06-25 18:43:39,"New shop opening next week, everyone welcome.",,LOCATION_0295,0.52,SOCIAL_MEDIA_MONITORING
SOC_004536,PERSON_1147,ChirpNet,user_person_1147,2024-06-24 21:14:18,Weather has been unusually warm this month.,,LOCATION_0163,0.69,SOCIAL_MEDIA_MONITORING
SOC_004537,PERSON_1217,ChirpNet,user_person_1217,2024-02-27 21:56:29,"Great weekend with family, back to work tomorrow.",,LOCATION_0254,0.67,SOCIAL_MEDIA_MONITORING
SOC_004538,PERSON_0464,SnapCircle,user_person_0464,2026-04-02 06:22:53,Weather has been unusually warm this month.,,LOCATION_0140,0.5,SOCIAL_MEDIA_MONITORING
SOC_004539,PERSON_0436,ConnectHub,user_person_0436,2024-08-16 22:05:01,Weather has been unusually warm this month.,,LOCATION_0297,0.55,SOCIAL_MEDIA_MONITORING
SOC_004540,PERSON_0194,ConnectHub,user_person_0194,2026-01-05 11:56:22,Happy to share we completed the delivery on time.,,LOCATION_0253,0.59,SOCIAL_MEDIA_MONITORING
SOC_004541,PERSON_0505,ChirpNet,user_person_0505,2024-01-12 08:15:15,Traffic was terrible near the market today.,,LOCATION_0221,0.45,SOCIAL_MEDIA_MONITORING
SOC_004542,PERSON_0603,ChirpNet,user_person_0603,2025-07-30 20:41:11,"New shop opening next week, everyone welcome.",,LOCATION_0247,0.66,SOCIAL_MEDIA_MONITORING
SOC_004543,PERSON_0549,SnapCircle,user_person_0549,2025-12-17 04:01:37,"Great weekend with family, back to work tomorrow.",,LOCATION_0173,0.4,SOCIAL_MEDIA_MONITORING
SOC_004544,PERSON_0220,SnapCircle,user_person_0220,2024-04-20 08:02:45,"Plan is confirmed, let's proceed as talked about.",PERSON_0530,LOCATION_0050,0.61,SOCIAL_MEDIA_MONITORING
SOC_004545,PERSON_0751,PicWall,user_person_0751,2026-06-28 16:53:52,"New shop opening next week, everyone welcome.",,LOCATION_0072,0.55,SOCIAL_MEDIA_MONITORING
SOC_004546,PERSON_0147,SnapCircle,user_person_0147,2025-04-02 05:08:09,Weather has been unusually warm this month.,,LOCATION_0220,0.79,SOCIAL_MEDIA_MONITORING
SOC_004547,PERSON_1408,ChirpNet,user_person_1408,2024-09-22 21:35:42,Traffic was terrible near the market today.,,LOCATION_0056,0.84,SOCIAL_MEDIA_MONITORING
SOC_004548,PERSON_0991,PicWall,user_person_0991,2026-04-21 19:43:09,"Great weekend with family, back to work tomorrow.",,LOCATION_0070,0.74,SOCIAL_MEDIA_MONITORING
SOC_004549,PERSON_0794,ConnectHub,user_person_0794,2026-06-23 08:17:03,Weather has been unusually warm this month.,,LOCATION_0109,0.7,SOCIAL_MEDIA_MONITORING
SOC_004550,PERSON_0831,TalkStream,user_person_0831,2025-12-30 20:50:12,Happy to share we completed the delivery on time.,,LOCATION_0130,0.61,SOCIAL_MEDIA_MONITORING
SOC_004551,PERSON_1465,ConnectHub,user_person_1465,2025-08-07 22:33:23,Happy to share we completed the delivery on time.,,LOCATION_0223,0.53,SOCIAL_MEDIA_MONITORING
SOC_004552,PERSON_1483,ChirpNet,user_person_1483,2025-07-06 18:40:43,"New shop opening next week, everyone welcome.",,LOCATION_0199,0.61,SOCIAL_MEDIA_MONITORING
SOC_004553,PERSON_0005,ChirpNet,user_person_0005,2025-03-07 06:29:55,Happy to share we completed the delivery on time.,,LOCATION_0141,0.78,SOCIAL_MEDIA_MONITORING
SOC_004554,PERSON_0945,PicWall,user_person_0945,2026-01-25 05:13:58,"Everything is set for the evening, see you there.",,LOCATION_0112,0.4,SOCIAL_MEDIA_MONITORING
SOC_004555,PERSON_1160,PicWall,user_person_1160,2026-04-02 17:36:20,"New shop opening next week, everyone welcome.",,LOCATION_0069,0.85,SOCIAL_MEDIA_MONITORING
SOC_004556,PERSON_0569,SnapCircle,user_person_0569,2025-03-01 17:36:45,Traffic was terrible near the market today.,,LOCATION_0217,0.79,SOCIAL_MEDIA_MONITORING
SOC_004557,PERSON_0412,TalkStream,user_person_0412,2025-12-01 14:18:39,"New shop opening next week, everyone welcome.",,LOCATION_0035,0.71,SOCIAL_MEDIA_MONITORING
SOC_004558,PERSON_1303,SnapCircle,user_person_1303,2026-03-05 08:34:02,Weather has been unusually warm this month.,,LOCATION_0142,0.76,SOCIAL_MEDIA_MONITORING
SOC_004559,PERSON_0046,PicWall,user_person_0046,2025-07-13 05:06:32,"Great weekend with family, back to work tomorrow.",,LOCATION_0164,0.61,SOCIAL_MEDIA_MONITORING
SOC_004560,PERSON_1378,SnapCircle,user_person_1378,2024-12-26 10:41:05,"Great weekend with family, back to work tomorrow.",,LOCATION_0032,0.66,SOCIAL_MEDIA_MONITORING
SOC_004561,PERSON_1452,TalkStream,user_person_1452,2025-04-25 09:18:18,Weather has been unusually warm this month.,,LOCATION_0169,0.74,SOCIAL_MEDIA_MONITORING
SOC_004562,PERSON_1215,ChirpNet,user_person_1215,2025-03-15 02:44:09,Weather has been unusually warm this month.,,LOCATION_0232,0.79,SOCIAL_MEDIA_MONITORING
SOC_004563,PERSON_0051,ConnectHub,user_person_0051,2024-10-14 10:10:17,"New shop opening next week, everyone welcome.",,LOCATION_0199,0.54,SOCIAL_MEDIA_MONITORING
SOC_004564,PERSON_0414,ConnectHub,user_person_0414,2025-02-09 10:38:31,"New shop opening next week, everyone welcome.",,LOCATION_0155,0.75,SOCIAL_MEDIA_MONITORING
SOC_004565,PERSON_0570,SnapCircle,user_person_0570,2025-06-05 19:11:08,Traffic was terrible near the market today.,,LOCATION_0038,0.8,SOCIAL_MEDIA_MONITORING
SOC_004566,PERSON_0602,TalkStream,user_person_0602,2026-03-28 06:53:55,"Great weekend with family, back to work tomorrow.",,LOCATION_0228,0.67,SOCIAL_MEDIA_MONITORING
SOC_004567,PERSON_0735,PicWall,user_person_0735,2025-01-12 05:30:24,Happy to share we completed the delivery on time.,,LOCATION_0170,0.44,SOCIAL_MEDIA_MONITORING
SOC_004568,PERSON_0353,TalkStream,user_person_0353,2025-05-09 13:53:12,Traffic was terrible near the market today.,,LOCATION_0008,0.66,SOCIAL_MEDIA_MONITORING
SOC_004569,PERSON_1417,SnapCircle,user_person_1417,2025-04-10 07:38:26,"New shop opening next week, everyone welcome.",,LOCATION_0039,0.41,SOCIAL_MEDIA_MONITORING
SOC_004570,PERSON_0398,TalkStream,user_person_0398,2025-10-07 15:24:25,"Great weekend with family, back to work tomorrow.",,LOCATION_0066,0.46,SOCIAL_MEDIA_MONITORING
SOC_004571,PERSON_0075,ConnectHub,user_person_0075,2026-01-07 15:36:43,Traffic was terrible near the market today.,,LOCATION_0013,0.76,SOCIAL_MEDIA_MONITORING
SOC_004572,PERSON_1052,ChirpNet,user_person_1052,2024-08-21 19:54:04,"New shop opening next week, everyone welcome.",,LOCATION_0263,0.59,SOCIAL_MEDIA_MONITORING
SOC_004573,PERSON_0920,ChirpNet,user_person_0920,2025-10-10 20:39:36,Happy to share we completed the delivery on time.,,LOCATION_0083,0.53,SOCIAL_MEDIA_MONITORING
SOC_004574,PERSON_0412,ChirpNet,user_person_0412,2024-11-29 16:18:05,Happy to share we completed the delivery on time.,,LOCATION_0045,0.4,SOCIAL_MEDIA_MONITORING
SOC_004575,PERSON_0259,ConnectHub,user_person_0259,2025-12-29 00:24:04,Weather has been unusually warm this month.,,LOCATION_0270,0.68,SOCIAL_MEDIA_MONITORING
SOC_004576,PERSON_0349,PicWall,user_person_0349,2025-12-25 21:27:26,"New shop opening next week, everyone welcome.",,LOCATION_0292,0.58,SOCIAL_MEDIA_MONITORING
SOC_004577,PERSON_0706,PicWall,user_person_0706,2024-03-19 16:55:23,Happy to share we completed the delivery on time.,,LOCATION_0139,0.65,SOCIAL_MEDIA_MONITORING
SOC_004578,PERSON_1031,ChirpNet,user_person_1031,2025-03-10 19:16:13,"Great weekend with family, back to work tomorrow.",,LOCATION_0110,0.82,SOCIAL_MEDIA_MONITORING
SOC_004579,PERSON_0949,SnapCircle,user_person_0949,2026-05-31 04:34:43,Happy to share we completed the delivery on time.,,LOCATION_0165,0.64,SOCIAL_MEDIA_MONITORING
SOC_004580,PERSON_0301,SnapCircle,user_person_0301,2025-11-30 04:08:50,Happy to share we completed the delivery on time.,,LOCATION_0131,0.77,SOCIAL_MEDIA_MONITORING
SOC_004581,PERSON_0892,TalkStream,user_person_0892,2024-08-01 08:46:04,"New shop opening next week, everyone welcome.",,LOCATION_0171,0.45,SOCIAL_MEDIA_MONITORING
SOC_004582,PERSON_0586,ChirpNet,user_person_0586,2024-05-06 23:29:09,"Great weekend with family, back to work tomorrow.",,LOCATION_0237,0.74,SOCIAL_MEDIA_MONITORING
SOC_004583,PERSON_0341,ConnectHub,user_person_0341,2025-07-09 19:46:07,"New shop opening next week, everyone welcome.",,LOCATION_0209,0.42,SOCIAL_MEDIA_MONITORING
SOC_004584,PERSON_1353,ChirpNet,user_person_1353,2024-02-10 06:01:57,"Great weekend with family, back to work tomorrow.",,LOCATION_0149,0.71,SOCIAL_MEDIA_MONITORING
SOC_004585,PERSON_0543,PicWall,user_person_0543,2025-05-07 04:10:58,Weather has been unusually warm this month.,,LOCATION_0040,0.62,SOCIAL_MEDIA_MONITORING
SOC_004586,PERSON_0669,ChirpNet,user_person_0669,2026-04-09 17:09:58,"Great weekend with family, back to work tomorrow.",,LOCATION_0286,0.82,SOCIAL_MEDIA_MONITORING
SOC_004587,PERSON_0876,ChirpNet,user_person_0876,2025-08-04 14:45:52,Traffic was terrible near the market today.,,LOCATION_0132,0.7,SOCIAL_MEDIA_MONITORING
SOC_004588,PERSON_1478,PicWall,user_person_1478,2024-08-18 07:17:52,"New shop opening next week, everyone welcome.",,LOCATION_0133,0.44,SOCIAL_MEDIA_MONITORING
SOC_004589,PERSON_0291,ChirpNet,user_person_0291,2024-08-08 00:32:53,Happy to share we completed the delivery on time.,,LOCATION_0148,0.54,SOCIAL_MEDIA_MONITORING
SOC_004590,PERSON_1014,TalkStream,user_person_1014,2024-03-22 21:56:10,Weather has been unusually warm this month.,,LOCATION_0156,0.84,SOCIAL_MEDIA_MONITORING
SOC_004591,PERSON_0561,ConnectHub,user_person_0561,2024-10-08 03:49:34,"New shop opening next week, everyone welcome.",,LOCATION_0173,0.46,SOCIAL_MEDIA_MONITORING
SOC_004592,PERSON_1465,ConnectHub,user_person_1465,2025-02-12 10:42:40,"Great weekend with family, back to work tomorrow.",,LOCATION_0273,0.77,SOCIAL_MEDIA_MONITORING
SOC_004593,PERSON_1443,SnapCircle,user_person_1443,2024-02-19 23:39:19,Happy to share we completed the delivery on time.,,LOCATION_0005,0.47,SOCIAL_MEDIA_MONITORING
SOC_004594,PERSON_0175,ChirpNet,user_person_0175,2026-01-30 14:01:52,Happy to share we completed the delivery on time.,,LOCATION_0126,0.56,SOCIAL_MEDIA_MONITORING
SOC_004595,PERSON_0057,PicWall,user_person_0057,2024-03-17 16:51:52,Weather has been unusually warm this month.,,LOCATION_0222,0.66,SOCIAL_MEDIA_MONITORING
SOC_004596,PERSON_0092,SnapCircle,user_person_0092,2026-01-22 12:11:33,"Great weekend with family, back to work tomorrow.",,LOCATION_0164,0.44,SOCIAL_MEDIA_MONITORING
SOC_004597,PERSON_0951,ChirpNet,user_person_0951,2024-07-04 14:07:27,"Great weekend with family, back to work tomorrow.",,LOCATION_0194,0.51,SOCIAL_MEDIA_MONITORING
SOC_004598,PERSON_1343,PicWall,user_person_1343,2024-07-16 19:46:33,Happy to share we completed the delivery on time.,,LOCATION_0049,0.73,SOCIAL_MEDIA_MONITORING
SOC_004599,PERSON_1368,SnapCircle,user_person_1368,2025-02-14 18:48:56,"New shop opening next week, everyone welcome.",,LOCATION_0121,0.79,SOCIAL_MEDIA_MONITORING
SOC_004600,PERSON_1071,ConnectHub,user_person_1071,2025-02-08 17:47:43,Happy to share we completed the delivery on time.,,LOCATION_0091,0.81,SOCIAL_MEDIA_MONITORING
SOC_004601,PERSON_1021,TalkStream,user_person_1021,2025-07-04 00:53:10,Traffic was terrible near the market today.,,LOCATION_0047,0.77,SOCIAL_MEDIA_MONITORING
SOC_004602,PERSON_1130,ChirpNet,user_person_1130,2025-03-11 21:22:01,Happy to share we completed the delivery on time.,,LOCATION_0069,0.46,SOCIAL_MEDIA_MONITORING
SOC_004603,PERSON_0198,ChirpNet,user_person_0198,2024-08-14 19:10:43,"New shop opening next week, everyone welcome.",,LOCATION_0036,0.47,SOCIAL_MEDIA_MONITORING
SOC_004604,PERSON_0142,PicWall,user_person_0142,2026-04-19 13:24:51,Weather has been unusually warm this month.,,LOCATION_0254,0.69,SOCIAL_MEDIA_MONITORING
SOC_004605,PERSON_1423,ConnectHub,user_person_1423,2024-08-15 22:54:03,Happy to share we completed the delivery on time.,,LOCATION_0037,0.79,SOCIAL_MEDIA_MONITORING
SOC_004606,PERSON_1374,SnapCircle,user_person_1374,2024-02-12 23:26:57,"Great weekend with family, back to work tomorrow.",,LOCATION_0285,0.79,SOCIAL_MEDIA_MONITORING
SOC_004607,PERSON_0796,ConnectHub,user_person_0796,2025-12-18 15:14:39,"Great weekend with family, back to work tomorrow.",,LOCATION_0232,0.46,SOCIAL_MEDIA_MONITORING
SOC_004608,PERSON_0657,PicWall,user_person_0657,2024-01-14 14:39:31,Traffic was terrible near the market today.,,LOCATION_0216,0.45,SOCIAL_MEDIA_MONITORING
SOC_004609,PERSON_0449,TalkStream,user_person_0449,2024-09-21 21:26:50,Traffic was terrible near the market today.,,LOCATION_0043,0.61,SOCIAL_MEDIA_MONITORING
SOC_004610,PERSON_1347,PicWall,user_person_1347,2024-09-28 00:01:28,Weather has been unusually warm this month.,,LOCATION_0003,0.71,SOCIAL_MEDIA_MONITORING
SOC_004611,PERSON_1140,PicWall,user_person_1140,2026-05-25 06:27:36,"New shop opening next week, everyone welcome.",,LOCATION_0109,0.59,SOCIAL_MEDIA_MONITORING
SOC_004612,PERSON_0724,ChirpNet,user_person_0724,2025-06-12 03:35:05,"Great weekend with family, back to work tomorrow.",,LOCATION_0221,0.66,SOCIAL_MEDIA_MONITORING
SOC_004613,PERSON_1285,PicWall,user_person_1285,2025-07-06 01:51:45,Keep this between us for now.,,LOCATION_0143,0.72,SOCIAL_MEDIA_MONITORING
SOC_004614,PERSON_1184,PicWall,user_person_1184,2026-04-18 01:25:53,Happy to share we completed the delivery on time.,,LOCATION_0144,0.82,SOCIAL_MEDIA_MONITORING
SOC_004615,PERSON_0203,ConnectHub,user_person_0203,2025-07-26 12:08:09,"New shop opening next week, everyone welcome.",,LOCATION_0014,0.77,SOCIAL_MEDIA_MONITORING
SOC_004616,PERSON_0807,ConnectHub,user_person_0807,2024-03-28 20:34:20,Happy to share we completed the delivery on time.,,LOCATION_0106,0.66,SOCIAL_MEDIA_MONITORING
SOC_004617,PERSON_1184,TalkStream,user_person_1184,2025-02-09 07:17:21,Happy to share we completed the delivery on time.,,LOCATION_0044,0.56,SOCIAL_MEDIA_MONITORING
SOC_004618,PERSON_1435,SnapCircle,user_person_1435,2024-03-22 16:10:04,Weather has been unusually warm this month.,,LOCATION_0020,0.52,SOCIAL_MEDIA_MONITORING
SOC_004619,PERSON_1167,ChirpNet,user_person_1167,2024-10-08 06:40:49,Traffic was terrible near the market today.,,LOCATION_0132,0.43,SOCIAL_MEDIA_MONITORING
SOC_004620,PERSON_1484,ConnectHub,user_person_1484,2026-01-23 01:36:02,Happy to share we completed the delivery on time.,,LOCATION_0193,0.77,SOCIAL_MEDIA_MONITORING
SOC_004621,PERSON_0465,SnapCircle,user_person_0465,2025-05-28 03:49:55,Happy to share we completed the delivery on time.,,LOCATION_0141,0.43,SOCIAL_MEDIA_MONITORING
SOC_004622,PERSON_0906,ChirpNet,user_person_0906,2024-01-04 12:21:21,Happy to share we completed the delivery on time.,,LOCATION_0066,0.57,SOCIAL_MEDIA_MONITORING
SOC_004623,PERSON_0182,ConnectHub,user_person_0182,2024-01-06 03:28:54,"New shop opening next week, everyone welcome.",,LOCATION_0249,0.69,SOCIAL_MEDIA_MONITORING
SOC_004624,PERSON_0716,TalkStream,user_person_0716,2024-02-28 01:05:06,Weather has been unusually warm this month.,,LOCATION_0016,0.83,SOCIAL_MEDIA_MONITORING
SOC_004625,PERSON_0693,ChirpNet,user_person_0693,2024-06-05 21:04:48,"New shop opening next week, everyone welcome.",,LOCATION_0148,0.47,SOCIAL_MEDIA_MONITORING
SOC_004626,PERSON_0706,PicWall,user_person_0706,2024-11-27 13:00:24,Happy to share we completed the delivery on time.,,LOCATION_0289,0.73,SOCIAL_MEDIA_MONITORING
SOC_004627,PERSON_1166,TalkStream,user_person_1166,2026-05-16 15:24:17,Happy to share we completed the delivery on time.,,LOCATION_0064,0.47,SOCIAL_MEDIA_MONITORING
SOC_004628,PERSON_0451,PicWall,user_person_0451,2024-06-04 12:54:49,"Great weekend with family, back to work tomorrow.",,LOCATION_0224,0.49,SOCIAL_MEDIA_MONITORING
SOC_004629,PERSON_0166,SnapCircle,user_person_0166,2024-05-17 05:15:29,"Package ready, will hand it over as discussed.",,LOCATION_0106,0.53,SOCIAL_MEDIA_MONITORING
SOC_004630,PERSON_0746,TalkStream,user_person_0746,2024-01-11 01:58:47,Happy to share we completed the delivery on time.,,LOCATION_0197,0.68,SOCIAL_MEDIA_MONITORING
SOC_004631,PERSON_0916,ConnectHub,user_person_0916,2026-02-16 17:23:02,"Everything is set for the evening, see you there.",PERSON_0400,LOCATION_0274,0.79,SOCIAL_MEDIA_MONITORING
SOC_004632,PERSON_1353,ChirpNet,user_person_1353,2026-03-16 14:03:43,"New shop opening next week, everyone welcome.",,LOCATION_0049,0.41,SOCIAL_MEDIA_MONITORING
SOC_004633,PERSON_0705,ChirpNet,user_person_0705,2024-07-28 13:38:34,"New shop opening next week, everyone welcome.",,LOCATION_0062,0.81,SOCIAL_MEDIA_MONITORING
SOC_004634,PERSON_0971,PicWall,user_person_0971,2024-04-17 18:48:51,"Great weekend with family, back to work tomorrow.",,LOCATION_0035,0.53,SOCIAL_MEDIA_MONITORING
SOC_004635,PERSON_0853,PicWall,user_person_0853,2024-09-18 08:33:37,"New shop opening next week, everyone welcome.",,LOCATION_0228,0.44,SOCIAL_MEDIA_MONITORING
SOC_004636,PERSON_0254,TalkStream,user_person_0254,2024-09-15 16:39:06,Keep this between us for now.,PERSON_0605,LOCATION_0120,0.41,SOCIAL_MEDIA_MONITORING
SOC_004637,PERSON_0532,PicWall,user_person_0532,2024-05-03 16:42:03,"New shop opening next week, everyone welcome.",,LOCATION_0009,0.78,SOCIAL_MEDIA_MONITORING
SOC_004638,PERSON_0582,TalkStream,user_person_0582,2025-12-17 03:46:32,Weather has been unusually warm this month.,,LOCATION_0102,0.76,SOCIAL_MEDIA_MONITORING
SOC_004639,PERSON_0009,SnapCircle,user_person_0009,2026-04-13 09:37:58,Traffic was terrible near the market today.,,LOCATION_0030,0.68,SOCIAL_MEDIA_MONITORING
SOC_004640,PERSON_0089,SnapCircle,user_person_0089,2025-04-06 15:52:37,"New shop opening next week, everyone welcome.",,LOCATION_0250,0.61,SOCIAL_MEDIA_MONITORING
SOC_004641,PERSON_0741,SnapCircle,user_person_0741,2026-02-18 17:36:12,"New shop opening next week, everyone welcome.",,LOCATION_0205,0.54,SOCIAL_MEDIA_MONITORING
SOC_004642,PERSON_1201,ChirpNet,user_person_1201,2024-07-31 10:23:00,Traffic was terrible near the market today.,,LOCATION_0190,0.65,SOCIAL_MEDIA_MONITORING
SOC_004643,PERSON_0863,SnapCircle,user_person_0863,2024-01-15 20:29:06,Weather has been unusually warm this month.,,LOCATION_0230,0.58,SOCIAL_MEDIA_MONITORING
SOC_004644,PERSON_0820,ConnectHub,user_person_0820,2025-02-13 21:21:45,"Great weekend with family, back to work tomorrow.",,LOCATION_0022,0.7,SOCIAL_MEDIA_MONITORING
SOC_004645,PERSON_0313,SnapCircle,user_person_0313,2025-11-25 10:12:15,Traffic was terrible near the market today.,,LOCATION_0107,0.65,SOCIAL_MEDIA_MONITORING
SOC_004646,PERSON_1069,ConnectHub,user_person_1069,2024-07-17 00:18:35,Happy to share we completed the delivery on time.,,LOCATION_0144,0.55,SOCIAL_MEDIA_MONITORING
SOC_004647,PERSON_0257,SnapCircle,user_person_0257,2024-02-02 19:16:19,Happy to share we completed the delivery on time.,,LOCATION_0238,0.46,SOCIAL_MEDIA_MONITORING
SOC_004648,PERSON_0073,SnapCircle,user_person_0073,2024-12-18 10:59:56,"New shop opening next week, everyone welcome.",,LOCATION_0095,0.42,SOCIAL_MEDIA_MONITORING
SOC_004649,PERSON_1009,TalkStream,user_person_1009,2025-04-07 22:02:16,Happy to share we completed the delivery on time.,,LOCATION_0188,0.52,SOCIAL_MEDIA_MONITORING
SOC_004650,PERSON_1189,TalkStream,user_person_1189,2025-01-23 16:35:37,Traffic was terrible near the market today.,,LOCATION_0190,0.41,SOCIAL_MEDIA_MONITORING
SOC_004651,PERSON_0589,SnapCircle,user_person_0589,2024-03-28 19:18:34,Traffic was terrible near the market today.,,LOCATION_0096,0.56,SOCIAL_MEDIA_MONITORING
SOC_004652,PERSON_1058,TalkStream,user_person_1058,2025-02-21 14:53:52,"Plan is confirmed, let's proceed as talked about.",,LOCATION_0171,0.74,SOCIAL_MEDIA_MONITORING
SOC_004653,PERSON_0933,PicWall,user_person_0933,2024-03-17 02:23:23,Traffic was terrible near the market today.,,LOCATION_0130,0.41,SOCIAL_MEDIA_MONITORING
SOC_004654,PERSON_0957,ConnectHub,user_person_0957,2025-11-25 11:41:58,Traffic was terrible near the market today.,,LOCATION_0001,0.41,SOCIAL_MEDIA_MONITORING
SOC_004655,PERSON_0420,ConnectHub,user_person_0420,2024-06-28 21:37:29,Weather has been unusually warm this month.,,LOCATION_0203,0.4,SOCIAL_MEDIA_MONITORING
SOC_004656,PERSON_1282,ChirpNet,user_person_1282,2026-05-17 13:04:28,Traffic was terrible near the market today.,,LOCATION_0219,0.45,SOCIAL_MEDIA_MONITORING
SOC_004657,PERSON_0232,PicWall,user_person_0232,2024-01-09 01:23:33,Weather has been unusually warm this month.,,LOCATION_0209,0.82,SOCIAL_MEDIA_MONITORING
SOC_004658,PERSON_0565,TalkStream,user_person_0565,2025-01-04 02:39:48,Meeting postponed. Same place tomorrow.,PERSON_0083,LOCATION_0246,0.72,SOCIAL_MEDIA_MONITORING
SOC_004659,PERSON_1117,TalkStream,user_person_1117,2024-06-30 22:46:22,Weather has been unusually warm this month.,,LOCATION_0130,0.82,SOCIAL_MEDIA_MONITORING
SOC_004660,PERSON_1374,SnapCircle,user_person_1374,2025-02-20 03:52:35,Weather has been unusually warm this month.,,LOCATION_0205,0.49,SOCIAL_MEDIA_MONITORING
SOC_004661,PERSON_0374,TalkStream,user_person_0374,2024-04-12 19:46:40,"New shop opening next week, everyone welcome.",,LOCATION_0195,0.85,SOCIAL_MEDIA_MONITORING
SOC_004662,PERSON_0544,ChirpNet,user_person_0544,2025-12-28 18:20:23,"New shop opening next week, everyone welcome.",,LOCATION_0156,0.62,SOCIAL_MEDIA_MONITORING
SOC_004663,PERSON_0029,TalkStream,user_person_0029,2024-07-20 22:37:27,Traffic was terrible near the market today.,,LOCATION_0038,0.59,SOCIAL_MEDIA_MONITORING
SOC_004664,PERSON_0227,TalkStream,user_person_0227,2026-02-07 02:07:06,Traffic was terrible near the market today.,,LOCATION_0003,0.78,SOCIAL_MEDIA_MONITORING
SOC_004665,PERSON_0626,ConnectHub,user_person_0626,2025-11-05 07:32:06,Weather has been unusually warm this month.,,LOCATION_0165,0.49,SOCIAL_MEDIA_MONITORING
SOC_004666,PERSON_0940,ChirpNet,user_person_0940,2025-04-13 13:10:32,Happy to share we completed the delivery on time.,,LOCATION_0113,0.4,SOCIAL_MEDIA_MONITORING
SOC_004667,PERSON_1009,ConnectHub,user_person_1009,2024-10-10 21:05:11,"New shop opening next week, everyone welcome.",,LOCATION_0018,0.64,SOCIAL_MEDIA_MONITORING
SOC_004668,PERSON_0779,PicWall,user_person_0779,2024-05-03 11:37:49,"Great weekend with family, back to work tomorrow.",,LOCATION_0072,0.58,SOCIAL_MEDIA_MONITORING
SOC_004669,PERSON_0294,ChirpNet,user_person_0294,2025-06-13 20:58:32,"New shop opening next week, everyone welcome.",,LOCATION_0022,0.71,SOCIAL_MEDIA_MONITORING
SOC_004670,PERSON_0277,SnapCircle,user_person_0277,2025-11-08 15:12:03,"New shop opening next week, everyone welcome.",,LOCATION_0101,0.47,SOCIAL_MEDIA_MONITORING
SOC_004671,PERSON_1076,ConnectHub,user_person_1076,2024-11-17 20:23:07,Weather has been unusually warm this month.,,LOCATION_0101,0.68,SOCIAL_MEDIA_MONITORING
SOC_004672,PERSON_1273,ChirpNet,user_person_1273,2024-08-15 23:30:18,Happy to share we completed the delivery on time.,,LOCATION_0292,0.59,SOCIAL_MEDIA_MONITORING
SOC_004673,PERSON_0075,SnapCircle,user_person_0075,2024-01-30 06:08:34,"Package ready, will hand it over as discussed.",PERSON_1229,LOCATION_0053,0.81,SOCIAL_MEDIA_MONITORING
SOC_004674,PERSON_0961,ChirpNet,user_person_0961,2024-04-07 10:31:10,"Great weekend with family, back to work tomorrow.",,LOCATION_0007,0.54,SOCIAL_MEDIA_MONITORING
SOC_004675,PERSON_1084,TalkStream,user_person_1084,2025-03-10 07:37:28,"Plan is confirmed, let's proceed as talked about.",PERSON_0685,LOCATION_0223,0.52,SOCIAL_MEDIA_MONITORING
SOC_004676,PERSON_1364,SnapCircle,user_person_1364,2024-09-17 21:39:58,Happy to share we completed the delivery on time.,,LOCATION_0127,0.64,SOCIAL_MEDIA_MONITORING
SOC_004677,PERSON_0209,SnapCircle,user_person_0209,2026-03-05 04:42:53,Weather has been unusually warm this month.,,LOCATION_0140,0.81,SOCIAL_MEDIA_MONITORING
SOC_004678,PERSON_0447,PicWall,user_person_0447,2025-10-21 17:04:42,Happy to share we completed the delivery on time.,,LOCATION_0053,0.74,SOCIAL_MEDIA_MONITORING
SOC_004679,PERSON_0162,ChirpNet,user_person_0162,2026-02-17 19:11:45,Traffic was terrible near the market today.,,LOCATION_0017,0.57,SOCIAL_MEDIA_MONITORING
SOC_004680,PERSON_0034,TalkStream,user_person_0034,2026-05-17 10:31:42,Happy to share we completed the delivery on time.,,LOCATION_0120,0.42,SOCIAL_MEDIA_MONITORING
SOC_004681,PERSON_0554,TalkStream,user_person_0554,2025-06-03 03:13:27,"Package ready, will hand it over as discussed.",,LOCATION_0076,0.53,SOCIAL_MEDIA_MONITORING
SOC_004682,PERSON_0157,SnapCircle,user_person_0157,2025-05-05 18:32:52,Keep this between us for now.,,LOCATION_0147,0.42,SOCIAL_MEDIA_MONITORING
SOC_004683,PERSON_1467,ConnectHub,user_person_1467,2024-08-17 07:58:59,Happy to share we completed the delivery on time.,,LOCATION_0247,0.79,SOCIAL_MEDIA_MONITORING
SOC_004684,PERSON_0378,TalkStream,user_person_0378,2025-11-24 05:07:13,Weather has been unusually warm this month.,,LOCATION_0093,0.43,SOCIAL_MEDIA_MONITORING
SOC_004685,PERSON_0440,SnapCircle,user_person_0440,2026-04-16 12:11:03,Weather has been unusually warm this month.,,LOCATION_0128,0.52,SOCIAL_MEDIA_MONITORING
SOC_004686,PERSON_0143,PicWall,user_person_0143,2024-02-29 16:24:05,Weather has been unusually warm this month.,,LOCATION_0062,0.4,SOCIAL_MEDIA_MONITORING
SOC_004687,PERSON_0682,PicWall,user_person_0682,2024-11-23 04:36:09,Traffic was terrible near the market today.,,LOCATION_0170,0.54,SOCIAL_MEDIA_MONITORING
SOC_004688,PERSON_0241,ConnectHub,user_person_0241,2026-03-10 10:06:56,Weather has been unusually warm this month.,,LOCATION_0016,0.56,SOCIAL_MEDIA_MONITORING
SOC_004689,PERSON_0501,PicWall,user_person_0501,2024-06-08 14:59:20,Meeting postponed. Same place tomorrow.,PERSON_1411,LOCATION_0216,0.83,SOCIAL_MEDIA_MONITORING
SOC_004690,PERSON_1157,ChirpNet,user_person_1157,2024-11-24 19:45:09,Happy to share we completed the delivery on time.,,LOCATION_0294,0.78,SOCIAL_MEDIA_MONITORING
SOC_004691,PERSON_1296,PicWall,user_person_1296,2025-01-03 03:24:02,"Great weekend with family, back to work tomorrow.",,LOCATION_0213,0.43,SOCIAL_MEDIA_MONITORING
SOC_004692,PERSON_0239,ChirpNet,user_person_0239,2025-06-27 03:35:03,Traffic was terrible near the market today.,,LOCATION_0204,0.68,SOCIAL_MEDIA_MONITORING
SOC_004693,PERSON_0729,ConnectHub,user_person_0729,2025-10-14 10:00:29,Traffic was terrible near the market today.,,LOCATION_0152,0.77,SOCIAL_MEDIA_MONITORING
SOC_004694,PERSON_1092,PicWall,user_person_1092,2025-07-17 06:28:00,"Everything is set for the evening, see you there.",PERSON_0682,LOCATION_0021,0.57,SOCIAL_MEDIA_MONITORING
SOC_004695,PERSON_0157,TalkStream,user_person_0157,2026-01-02 18:43:43,"Package ready, will hand it over as discussed.",PERSON_0008,LOCATION_0227,0.66,SOCIAL_MEDIA_MONITORING
SOC_004696,PERSON_0235,TalkStream,user_person_0235,2024-05-24 19:47:44,Weather has been unusually warm this month.,,LOCATION_0296,0.47,SOCIAL_MEDIA_MONITORING
SOC_004697,PERSON_0865,PicWall,user_person_0865,2024-08-26 13:27:13,Weather has been unusually warm this month.,,LOCATION_0127,0.66,SOCIAL_MEDIA_MONITORING
SOC_004698,PERSON_0960,ChirpNet,user_person_0960,2024-11-16 20:09:36,Happy to share we completed the delivery on time.,,LOCATION_0062,0.72,SOCIAL_MEDIA_MONITORING
SOC_004699,PERSON_0844,PicWall,user_person_0844,2025-05-29 06:06:47,"New shop opening next week, everyone welcome.",,LOCATION_0086,0.4,SOCIAL_MEDIA_MONITORING
SOC_004700,PERSON_0228,SnapCircle,user_person_0228,2024-07-17 19:14:03,"Everything is set for the evening, see you there.",PERSON_0907,LOCATION_0256,0.81,SOCIAL_MEDIA_MONITORING
SOC_004701,PERSON_0383,SnapCircle,user_person_0383,2024-11-18 03:09:47,Traffic was terrible near the market today.,,LOCATION_0040,0.61,SOCIAL_MEDIA_MONITORING
SOC_004702,PERSON_0584,ChirpNet,user_person_0584,2026-06-05 03:51:28,"New shop opening next week, everyone welcome.",,LOCATION_0009,0.44,SOCIAL_MEDIA_MONITORING
SOC_004703,PERSON_0670,ConnectHub,user_person_0670,2025-07-15 11:07:13,"Great weekend with family, back to work tomorrow.",,LOCATION_0210,0.65,SOCIAL_MEDIA_MONITORING
SOC_004704,PERSON_0056,SnapCircle,user_person_0056,2024-10-23 17:13:55,Happy to share we completed the delivery on time.,,LOCATION_0072,0.41,SOCIAL_MEDIA_MONITORING
SOC_004705,PERSON_1145,PicWall,user_person_1145,2025-09-17 12:26:13,Happy to share we completed the delivery on time.,,LOCATION_0289,0.74,SOCIAL_MEDIA_MONITORING
SOC_004706,PERSON_0760,ConnectHub,user_person_0760,2025-03-16 03:42:22,Weather has been unusually warm this month.,,LOCATION_0088,0.75,SOCIAL_MEDIA_MONITORING
SOC_004707,PERSON_0023,ChirpNet,user_person_0023,2025-01-03 16:46:04,Weather has been unusually warm this month.,,LOCATION_0255,0.68,SOCIAL_MEDIA_MONITORING
SOC_004708,PERSON_0535,ConnectHub,user_person_0535,2024-09-12 11:43:46,Traffic was terrible near the market today.,,LOCATION_0140,0.72,SOCIAL_MEDIA_MONITORING
SOC_004709,PERSON_1447,TalkStream,user_person_1447,2024-03-21 04:33:28,"Great weekend with family, back to work tomorrow.",,LOCATION_0184,0.68,SOCIAL_MEDIA_MONITORING
SOC_004710,PERSON_1494,TalkStream,user_person_1494,2024-07-23 08:07:22,"Package ready, will hand it over as discussed.",,LOCATION_0174,0.48,SOCIAL_MEDIA_MONITORING
SOC_004711,PERSON_1460,PicWall,user_person_1460,2025-08-28 10:02:02,"Everything is set for the evening, see you there.",PERSON_1005,LOCATION_0067,0.64,SOCIAL_MEDIA_MONITORING
SOC_004712,PERSON_1200,PicWall,user_person_1200,2024-02-20 22:25:59,"New shop opening next week, everyone welcome.",,LOCATION_0045,0.43,SOCIAL_MEDIA_MONITORING
SOC_004713,PERSON_0775,ConnectHub,user_person_0775,2026-03-30 21:30:30,"New shop opening next week, everyone welcome.",,LOCATION_0187,0.73,SOCIAL_MEDIA_MONITORING
SOC_004714,PERSON_1078,ChirpNet,user_person_1078,2024-03-22 06:18:17,"New shop opening next week, everyone welcome.",,LOCATION_0018,0.7,SOCIAL_MEDIA_MONITORING
SOC_004715,PERSON_0170,PicWall,user_person_0170,2024-07-02 12:00:50,Happy to share we completed the delivery on time.,,LOCATION_0106,0.76,SOCIAL_MEDIA_MONITORING
SOC_004716,PERSON_0464,ChirpNet,user_person_0464,2024-02-16 03:41:32,Weather has been unusually warm this month.,,LOCATION_0210,0.58,SOCIAL_MEDIA_MONITORING
SOC_004717,PERSON_1050,ChirpNet,user_person_1050,2024-03-24 19:21:29,Meeting postponed. Same place tomorrow.,,LOCATION_0180,0.44,SOCIAL_MEDIA_MONITORING
SOC_004718,PERSON_0619,PicWall,user_person_0619,2025-06-09 03:39:46,"Great weekend with family, back to work tomorrow.",,LOCATION_0010,0.55,SOCIAL_MEDIA_MONITORING
SOC_004719,PERSON_1203,TalkStream,user_person_1203,2024-09-28 17:11:52,"Package ready, will hand it over as discussed.",PERSON_0411,LOCATION_0293,0.77,SOCIAL_MEDIA_MONITORING
SOC_004720,PERSON_0382,ChirpNet,user_person_0382,2024-01-22 18:01:25,Happy to share we completed the delivery on time.,,LOCATION_0009,0.6,SOCIAL_MEDIA_MONITORING
SOC_004721,PERSON_1122,ChirpNet,user_person_1122,2025-04-28 05:44:59,Happy to share we completed the delivery on time.,,LOCATION_0285,0.5,SOCIAL_MEDIA_MONITORING
SOC_004722,PERSON_1195,ChirpNet,user_person_1195,2026-05-04 17:42:24,"New shop opening next week, everyone welcome.",,LOCATION_0129,0.71,SOCIAL_MEDIA_MONITORING
SOC_004723,PERSON_0375,PicWall,user_person_0375,2024-11-19 04:44:50,"Great weekend with family, back to work tomorrow.",,LOCATION_0065,0.67,SOCIAL_MEDIA_MONITORING
SOC_004724,PERSON_0581,SnapCircle,user_person_0581,2026-06-09 14:51:06,Weather has been unusually warm this month.,,LOCATION_0188,0.49,SOCIAL_MEDIA_MONITORING
SOC_004725,PERSON_0909,PicWall,user_person_0909,2024-02-17 20:32:38,"Package ready, will hand it over as discussed.",,LOCATION_0164,0.82,SOCIAL_MEDIA_MONITORING
SOC_004726,PERSON_0077,PicWall,user_person_0077,2025-12-03 20:41:49,Weather has been unusually warm this month.,,LOCATION_0243,0.65,SOCIAL_MEDIA_MONITORING
SOC_004727,PERSON_0923,PicWall,user_person_0923,2025-12-16 15:25:50,Traffic was terrible near the market today.,,LOCATION_0260,0.73,SOCIAL_MEDIA_MONITORING
SOC_004728,PERSON_0621,PicWall,user_person_0621,2024-01-23 12:47:42,Traffic was terrible near the market today.,,LOCATION_0069,0.54,SOCIAL_MEDIA_MONITORING
SOC_004729,PERSON_1063,SnapCircle,user_person_1063,2024-08-17 12:16:02,Traffic was terrible near the market today.,,LOCATION_0019,0.54,SOCIAL_MEDIA_MONITORING
SOC_004730,PERSON_0426,TalkStream,user_person_0426,2025-12-18 06:49:36,Meeting postponed. Same place tomorrow.,,LOCATION_0251,0.81,SOCIAL_MEDIA_MONITORING
SOC_004731,PERSON_1246,ChirpNet,user_person_1246,2026-06-08 22:57:44,Traffic was terrible near the market today.,,LOCATION_0087,0.66,SOCIAL_MEDIA_MONITORING
SOC_004732,PERSON_0865,ConnectHub,user_person_0865,2024-08-23 21:14:36,Weather has been unusually warm this month.,,LOCATION_0117,0.5,SOCIAL_MEDIA_MONITORING
SOC_004733,PERSON_0198,SnapCircle,user_person_0198,2026-02-15 04:39:13,Traffic was terrible near the market today.,,LOCATION_0086,0.75,SOCIAL_MEDIA_MONITORING
SOC_004734,PERSON_0401,SnapCircle,user_person_0401,2024-08-28 17:35:51,Happy to share we completed the delivery on time.,,LOCATION_0227,0.61,SOCIAL_MEDIA_MONITORING
SOC_004735,PERSON_0029,SnapCircle,user_person_0029,2024-12-01 13:24:11,Happy to share we completed the delivery on time.,,LOCATION_0198,0.49,SOCIAL_MEDIA_MONITORING
SOC_004736,PERSON_0983,TalkStream,user_person_0983,2024-01-16 08:55:55,Happy to share we completed the delivery on time.,,LOCATION_0296,0.68,SOCIAL_MEDIA_MONITORING
SOC_004737,PERSON_0382,PicWall,user_person_0382,2024-08-29 16:17:34,"New shop opening next week, everyone welcome.",,LOCATION_0109,0.42,SOCIAL_MEDIA_MONITORING
SOC_004738,PERSON_1318,SnapCircle,user_person_1318,2026-02-20 10:58:36,"New shop opening next week, everyone welcome.",,LOCATION_0191,0.5,SOCIAL_MEDIA_MONITORING
SOC_004739,PERSON_0869,ConnectHub,user_person_0869,2025-06-14 13:40:59,"New shop opening next week, everyone welcome.",,LOCATION_0132,0.49,SOCIAL_MEDIA_MONITORING
SOC_004740,PERSON_1204,SnapCircle,user_person_1204,2025-08-01 04:37:16,Happy to share we completed the delivery on time.,,LOCATION_0215,0.58,SOCIAL_MEDIA_MONITORING
SOC_004741,PERSON_0314,PicWall,user_person_0314,2024-07-23 04:33:05,Meeting postponed. Same place tomorrow.,PERSON_0570,LOCATION_0193,0.51,SOCIAL_MEDIA_MONITORING
SOC_004742,PERSON_0166,ChirpNet,user_person_0166,2024-11-10 09:38:41,Weather has been unusually warm this month.,,LOCATION_0006,0.49,SOCIAL_MEDIA_MONITORING
SOC_004743,PERSON_0526,SnapCircle,user_person_0526,2026-06-15 07:05:21,Traffic was terrible near the market today.,,LOCATION_0286,0.72,SOCIAL_MEDIA_MONITORING
SOC_004744,PERSON_1480,TalkStream,user_person_1480,2024-01-01 03:31:11,Weather has been unusually warm this month.,,LOCATION_0127,0.62,SOCIAL_MEDIA_MONITORING
SOC_004745,PERSON_0708,ConnectHub,user_person_0708,2024-05-01 12:20:00,Traffic was terrible near the market today.,,LOCATION_0069,0.69,SOCIAL_MEDIA_MONITORING
SOC_004746,PERSON_0495,PicWall,user_person_0495,2025-01-27 05:03:14,"Plan is confirmed, let's proceed as talked about.",,LOCATION_0159,0.78,SOCIAL_MEDIA_MONITORING
SOC_004747,PERSON_0937,ConnectHub,user_person_0937,2025-05-21 11:45:50,Traffic was terrible near the market today.,,LOCATION_0292,0.68,SOCIAL_MEDIA_MONITORING
SOC_004748,PERSON_1006,ConnectHub,user_person_1006,2024-01-07 22:06:44,Weather has been unusually warm this month.,,LOCATION_0057,0.44,SOCIAL_MEDIA_MONITORING
SOC_004749,PERSON_1022,PicWall,user_person_1022,2024-08-27 13:32:34,Happy to share we completed the delivery on time.,,LOCATION_0111,0.64,SOCIAL_MEDIA_MONITORING
SOC_004750,PERSON_0826,ChirpNet,user_person_0826,2024-04-19 10:18:26,"Great weekend with family, back to work tomorrow.",,LOCATION_0243,0.85,SOCIAL_MEDIA_MONITORING
SOC_004751,PERSON_0200,TalkStream,user_person_0200,2024-06-30 01:58:44,"Everything is set for the evening, see you there.",,LOCATION_0011,0.57,SOCIAL_MEDIA_MONITORING
SOC_004752,PERSON_0888,SnapCircle,user_person_0888,2024-01-05 11:48:22,"Great weekend with family, back to work tomorrow.",,LOCATION_0246,0.79,SOCIAL_MEDIA_MONITORING
SOC_004753,PERSON_1129,ConnectHub,user_person_1129,2024-02-13 02:46:47,Weather has been unusually warm this month.,,LOCATION_0217,0.45,SOCIAL_MEDIA_MONITORING
SOC_004754,PERSON_0101,TalkStream,user_person_0101,2026-04-03 03:27:13,Weather has been unusually warm this month.,,LOCATION_0055,0.62,SOCIAL_MEDIA_MONITORING
SOC_004755,PERSON_1302,ConnectHub,user_person_1302,2025-01-03 07:20:48,Weather has been unusually warm this month.,,LOCATION_0140,0.54,SOCIAL_MEDIA_MONITORING
SOC_004756,PERSON_0679,PicWall,user_person_0679,2025-09-16 22:24:56,Traffic was terrible near the market today.,,LOCATION_0063,0.68,SOCIAL_MEDIA_MONITORING
SOC_004757,PERSON_0224,ChirpNet,user_person_0224,2026-05-22 03:02:49,"New shop opening next week, everyone welcome.",,LOCATION_0117,0.77,SOCIAL_MEDIA_MONITORING
SOC_004758,PERSON_0101,ChirpNet,user_person_0101,2024-12-09 08:15:03,Weather has been unusually warm this month.,,LOCATION_0295,0.67,SOCIAL_MEDIA_MONITORING
SOC_004759,PERSON_0328,ChirpNet,user_person_0328,2024-02-18 03:39:54,Weather has been unusually warm this month.,,LOCATION_0274,0.61,SOCIAL_MEDIA_MONITORING
SOC_004760,PERSON_0839,SnapCircle,user_person_0839,2025-04-29 17:45:03,"Great weekend with family, back to work tomorrow.",,LOCATION_0126,0.72,SOCIAL_MEDIA_MONITORING
SOC_004761,PERSON_0571,PicWall,user_person_0571,2026-02-10 00:54:41,Happy to share we completed the delivery on time.,,LOCATION_0295,0.65,SOCIAL_MEDIA_MONITORING
SOC_004762,PERSON_0768,SnapCircle,user_person_0768,2024-11-24 13:10:02,"New shop opening next week, everyone welcome.",,LOCATION_0294,0.78,SOCIAL_MEDIA_MONITORING
SOC_004763,PERSON_0793,SnapCircle,user_person_0793,2024-03-04 09:05:42,"Great weekend with family, back to work tomorrow.",,LOCATION_0017,0.79,SOCIAL_MEDIA_MONITORING
SOC_004764,PERSON_0262,ConnectHub,user_person_0262,2025-10-07 09:24:01,"Plan is confirmed, let's proceed as talked about.",PERSON_0544,LOCATION_0245,0.47,SOCIAL_MEDIA_MONITORING
SOC_004765,PERSON_1082,SnapCircle,user_person_1082,2025-01-24 08:00:51,"New shop opening next week, everyone welcome.",,LOCATION_0246,0.49,SOCIAL_MEDIA_MONITORING
SOC_004766,PERSON_1352,SnapCircle,user_person_1352,2026-01-07 02:22:44,Meeting postponed. Same place tomorrow.,,LOCATION_0135,0.76,SOCIAL_MEDIA_MONITORING
SOC_004767,PERSON_1287,TalkStream,user_person_1287,2025-03-21 09:36:41,Happy to share we completed the delivery on time.,,LOCATION_0141,0.73,SOCIAL_MEDIA_MONITORING
SOC_004768,PERSON_0349,ConnectHub,user_person_0349,2025-11-24 02:42:27,"Package ready, will hand it over as discussed.",,LOCATION_0122,0.54,SOCIAL_MEDIA_MONITORING
SOC_004769,PERSON_0824,SnapCircle,user_person_0824,2026-06-27 01:28:08,Weather has been unusually warm this month.,,LOCATION_0016,0.82,SOCIAL_MEDIA_MONITORING
SOC_004770,PERSON_0303,SnapCircle,user_person_0303,2024-03-19 03:43:11,Traffic was terrible near the market today.,,LOCATION_0086,0.66,SOCIAL_MEDIA_MONITORING
SOC_004771,PERSON_0556,TalkStream,user_person_0556,2024-03-23 10:00:28,"Plan is confirmed, let's proceed as talked about.",,LOCATION_0126,0.82,SOCIAL_MEDIA_MONITORING
SOC_004772,PERSON_1327,ChirpNet,user_person_1327,2024-06-20 11:10:06,Happy to share we completed the delivery on time.,,LOCATION_0221,0.46,SOCIAL_MEDIA_MONITORING
SOC_004773,PERSON_1119,SnapCircle,user_person_1119,2024-10-11 23:46:10,Traffic was terrible near the market today.,,LOCATION_0101,0.46,SOCIAL_MEDIA_MONITORING
SOC_004774,PERSON_1022,ChirpNet,user_person_1022,2024-09-07 18:57:20,Traffic was terrible near the market today.,,LOCATION_0251,0.43,SOCIAL_MEDIA_MONITORING
SOC_004775,PERSON_0925,TalkStream,user_person_0925,2026-01-22 21:47:00,"Plan is confirmed, let's proceed as talked about.",,LOCATION_0222,0.84,SOCIAL_MEDIA_MONITORING
SOC_004776,PERSON_1286,PicWall,user_person_1286,2025-04-21 19:45:34,Weather has been unusually warm this month.,,LOCATION_0003,0.64,SOCIAL_MEDIA_MONITORING
SOC_004777,PERSON_1284,ChirpNet,user_person_1284,2024-11-25 14:41:17,"Great weekend with family, back to work tomorrow.",,LOCATION_0145,0.41,SOCIAL_MEDIA_MONITORING
SOC_004778,PERSON_1071,ChirpNet,user_person_1071,2026-06-15 20:26:16,Traffic was terrible near the market today.,,LOCATION_0001,0.58,SOCIAL_MEDIA_MONITORING
SOC_004779,PERSON_1394,SnapCircle,user_person_1394,2024-01-07 11:24:18,"New shop opening next week, everyone welcome.",,LOCATION_0299,0.78,SOCIAL_MEDIA_MONITORING
SOC_004780,PERSON_0220,SnapCircle,user_person_0220,2026-01-25 04:12:31,"New shop opening next week, everyone welcome.",,LOCATION_0260,0.74,SOCIAL_MEDIA_MONITORING
SOC_004781,PERSON_0010,TalkStream,user_person_0010,2024-10-18 13:22:59,Happy to share we completed the delivery on time.,,LOCATION_0094,0.59,SOCIAL_MEDIA_MONITORING
SOC_004782,PERSON_0014,SnapCircle,user_person_0014,2024-11-29 08:22:42,Traffic was terrible near the market today.,,LOCATION_0197,0.56,SOCIAL_MEDIA_MONITORING
SOC_004783,PERSON_0083,ChirpNet,user_person_0083,2025-04-25 00:57:34,"New shop opening next week, everyone welcome.",,LOCATION_0214,0.42,SOCIAL_MEDIA_MONITORING
SOC_004784,PERSON_0064,ConnectHub,user_person_0064,2026-06-25 19:02:19,"New shop opening next week, everyone welcome.",,LOCATION_0063,0.64,SOCIAL_MEDIA_MONITORING
SOC_004785,PERSON_1416,PicWall,user_person_1416,2026-03-11 00:02:58,"New shop opening next week, everyone welcome.",,LOCATION_0259,0.58,SOCIAL_MEDIA_MONITORING
SOC_004786,PERSON_0202,SnapCircle,user_person_0202,2025-06-08 18:08:06,"Great weekend with family, back to work tomorrow.",,LOCATION_0189,0.62,SOCIAL_MEDIA_MONITORING
SOC_004787,PERSON_1259,PicWall,user_person_1259,2025-09-16 23:22:01,Keep this between us for now.,PERSON_1436,LOCATION_0162,0.45,SOCIAL_MEDIA_MONITORING
SOC_004788,PERSON_1463,ChirpNet,user_person_1463,2026-01-07 05:47:23,Traffic was terrible near the market today.,,LOCATION_0016,0.49,SOCIAL_MEDIA_MONITORING
SOC_004789,PERSON_0233,ChirpNet,user_person_0233,2026-05-13 14:36:26,"New shop opening next week, everyone welcome.",,LOCATION_0148,0.72,SOCIAL_MEDIA_MONITORING
SOC_004790,PERSON_0110,SnapCircle,user_person_0110,2026-04-08 04:23:36,Weather has been unusually warm this month.,,LOCATION_0298,0.47,SOCIAL_MEDIA_MONITORING
SOC_004791,PERSON_0663,TalkStream,user_person_0663,2026-03-10 01:10:29,"Great weekend with family, back to work tomorrow.",,LOCATION_0286,0.72,SOCIAL_MEDIA_MONITORING
SOC_004792,PERSON_1496,SnapCircle,user_person_1496,2026-02-21 03:51:02,Meeting postponed. Same place tomorrow.,PERSON_0244,LOCATION_0113,0.4,SOCIAL_MEDIA_MONITORING
SOC_004793,PERSON_0953,PicWall,user_person_0953,2026-02-08 06:36:35,Traffic was terrible near the market today.,,LOCATION_0096,0.52,SOCIAL_MEDIA_MONITORING
SOC_004794,PERSON_0289,TalkStream,user_person_0289,2025-10-05 20:49:26,Traffic was terrible near the market today.,,LOCATION_0195,0.63,SOCIAL_MEDIA_MONITORING
SOC_004795,PERSON_0545,TalkStream,user_person_0545,2024-11-19 23:50:09,"Package ready, will hand it over as discussed.",,LOCATION_0123,0.48,SOCIAL_MEDIA_MONITORING
SOC_004796,PERSON_1401,TalkStream,user_person_1401,2025-10-30 07:26:10,"Great weekend with family, back to work tomorrow.",,LOCATION_0164,0.75,SOCIAL_MEDIA_MONITORING
SOC_004797,PERSON_1028,PicWall,user_person_1028,2024-12-01 21:48:43,"New shop opening next week, everyone welcome.",,LOCATION_0159,0.72,SOCIAL_MEDIA_MONITORING
SOC_004798,PERSON_0799,SnapCircle,user_person_0799,2024-08-09 09:49:16,"New shop opening next week, everyone welcome.",,LOCATION_0272,0.79,SOCIAL_MEDIA_MONITORING
SOC_004799,PERSON_1386,ConnectHub,user_person_1386,2024-04-25 22:03:03,Weather has been unusually warm this month.,,LOCATION_0039,0.75,SOCIAL_MEDIA_MONITORING
SOC_004800,PERSON_0030,TalkStream,user_person_0030,2025-07-29 04:44:13,Happy to share we completed the delivery on time.,,LOCATION_0041,0.82,SOCIAL_MEDIA_MONITORING
SOC_004801,PERSON_0783,ChirpNet,user_person_0783,2024-06-08 01:01:12,Weather has been unusually warm this month.,,LOCATION_0234,0.66,SOCIAL_MEDIA_MONITORING
SOC_004802,PERSON_0850,PicWall,user_person_0850,2024-03-28 19:47:41,Meeting postponed. Same place tomorrow.,PERSON_1054,LOCATION_0257,0.56,SOCIAL_MEDIA_MONITORING
SOC_004803,PERSON_0521,TalkStream,user_person_0521,2026-04-13 20:44:03,"New shop opening next week, everyone welcome.",,LOCATION_0242,0.53,SOCIAL_MEDIA_MONITORING
SOC_004804,PERSON_1002,SnapCircle,user_person_1002,2024-03-29 20:45:44,"Everything is set for the evening, see you there.",PERSON_0010,LOCATION_0173,0.41,SOCIAL_MEDIA_MONITORING
SOC_004805,PERSON_0147,SnapCircle,user_person_0147,2024-04-14 17:49:54,"New shop opening next week, everyone welcome.",,LOCATION_0250,0.81,SOCIAL_MEDIA_MONITORING
SOC_004806,PERSON_0517,TalkStream,user_person_0517,2026-06-23 16:02:48,"New shop opening next week, everyone welcome.",,LOCATION_0285,0.52,SOCIAL_MEDIA_MONITORING
SOC_004807,PERSON_0289,TalkStream,user_person_0289,2024-07-10 09:36:00,Weather has been unusually warm this month.,,LOCATION_0195,0.53,SOCIAL_MEDIA_MONITORING
SOC_004808,PERSON_0601,SnapCircle,user_person_0601,2024-05-28 10:40:25,Happy to share we completed the delivery on time.,,LOCATION_0127,0.62,SOCIAL_MEDIA_MONITORING
SOC_004809,PERSON_0664,ConnectHub,user_person_0664,2024-09-22 01:24:12,Traffic was terrible near the market today.,,LOCATION_0191,0.6,SOCIAL_MEDIA_MONITORING
SOC_004810,PERSON_1371,ChirpNet,user_person_1371,2024-08-04 22:44:34,"Plan is confirmed, let's proceed as talked about.",,LOCATION_0086,0.44,SOCIAL_MEDIA_MONITORING
SOC_004811,PERSON_0473,ConnectHub,user_person_0473,2024-12-31 11:10:24,Weather has been unusually warm this month.,,LOCATION_0055,0.84,SOCIAL_MEDIA_MONITORING
SOC_004812,PERSON_0298,ConnectHub,user_person_0298,2024-11-24 19:42:32,Traffic was terrible near the market today.,,LOCATION_0086,0.84,SOCIAL_MEDIA_MONITORING
SOC_004813,PERSON_0059,ConnectHub,user_person_0059,2025-03-12 07:36:37,Happy to share we completed the delivery on time.,,LOCATION_0094,0.67,SOCIAL_MEDIA_MONITORING
SOC_004814,PERSON_0242,TalkStream,user_person_0242,2025-06-23 17:49:19,Happy to share we completed the delivery on time.,,LOCATION_0031,0.74,SOCIAL_MEDIA_MONITORING
SOC_004815,PERSON_0206,SnapCircle,user_person_0206,2025-09-13 13:14:45,Meeting postponed. Same place tomorrow.,,LOCATION_0262,0.66,SOCIAL_MEDIA_MONITORING
SOC_004816,PERSON_0062,TalkStream,user_person_0062,2024-09-13 11:19:15,"Everything is set for the evening, see you there.",,LOCATION_0108,0.54,SOCIAL_MEDIA_MONITORING
SOC_004817,PERSON_0817,ChirpNet,user_person_0817,2026-03-11 13:45:18,"Package ready, will hand it over as discussed.",,LOCATION_0170,0.42,SOCIAL_MEDIA_MONITORING
SOC_004818,PERSON_1290,PicWall,user_person_1290,2025-03-25 02:16:03,Happy to share we completed the delivery on time.,,LOCATION_0290,0.61,SOCIAL_MEDIA_MONITORING
SOC_004819,PERSON_0654,ConnectHub,user_person_0654,2024-12-14 05:46:03,Happy to share we completed the delivery on time.,,LOCATION_0214,0.4,SOCIAL_MEDIA_MONITORING
SOC_004820,PERSON_0860,ConnectHub,user_person_0860,2026-05-06 17:57:15,Weather has been unusually warm this month.,,LOCATION_0270,0.48,SOCIAL_MEDIA_MONITORING
SOC_004821,PERSON_0749,PicWall,user_person_0749,2026-02-04 14:30:06,Traffic was terrible near the market today.,,LOCATION_0129,0.68,SOCIAL_MEDIA_MONITORING
SOC_004822,PERSON_0903,TalkStream,user_person_0903,2024-01-30 04:48:11,Traffic was terrible near the market today.,,LOCATION_0265,0.75,SOCIAL_MEDIA_MONITORING
SOC_004823,PERSON_1368,PicWall,user_person_1368,2025-03-21 07:34:53,"Package ready, will hand it over as discussed.",,LOCATION_0191,0.82,SOCIAL_MEDIA_MONITORING
SOC_004824,PERSON_0722,ConnectHub,user_person_0722,2024-12-03 06:40:08,Weather has been unusually warm this month.,,LOCATION_0144,0.5,SOCIAL_MEDIA_MONITORING
SOC_004825,PERSON_0574,ChirpNet,user_person_0574,2024-02-25 00:20:53,Traffic was terrible near the market today.,,LOCATION_0298,0.71,SOCIAL_MEDIA_MONITORING
SOC_004826,PERSON_0624,ChirpNet,user_person_0624,2024-04-20 12:01:46,Weather has been unusually warm this month.,,LOCATION_0275,0.76,SOCIAL_MEDIA_MONITORING
SOC_004827,PERSON_0510,SnapCircle,user_person_0510,2025-01-02 09:42:49,Traffic was terrible near the market today.,,LOCATION_0007,0.7,SOCIAL_MEDIA_MONITORING
SOC_004828,PERSON_0185,PicWall,user_person_0185,2026-06-27 06:55:46,Traffic was terrible near the market today.,,LOCATION_0021,0.68,SOCIAL_MEDIA_MONITORING
SOC_004829,PERSON_0119,ChirpNet,user_person_0119,2025-08-08 10:45:28,Weather has been unusually warm this month.,,LOCATION_0029,0.79,SOCIAL_MEDIA_MONITORING
SOC_004830,PERSON_0686,SnapCircle,user_person_0686,2025-12-27 14:10:44,"New shop opening next week, everyone welcome.",,LOCATION_0066,0.49,SOCIAL_MEDIA_MONITORING
SOC_004831,PERSON_0374,ChirpNet,user_person_0374,2025-06-15 00:24:40,"Great weekend with family, back to work tomorrow.",,LOCATION_0025,0.68,SOCIAL_MEDIA_MONITORING
SOC_004832,PERSON_1467,ConnectHub,user_person_1467,2024-01-27 21:22:37,"New shop opening next week, everyone welcome.",,LOCATION_0147,0.44,SOCIAL_MEDIA_MONITORING
SOC_004833,PERSON_0648,SnapCircle,user_person_0648,2026-04-09 01:10:38,Traffic was terrible near the market today.,,LOCATION_0026,0.68,SOCIAL_MEDIA_MONITORING
SOC_004834,PERSON_0294,PicWall,user_person_0294,2025-07-02 07:35:08,Happy to share we completed the delivery on time.,,LOCATION_0162,0.63,SOCIAL_MEDIA_MONITORING
SOC_004835,PERSON_0576,ChirpNet,user_person_0576,2025-04-17 20:24:36,"New shop opening next week, everyone welcome.",,LOCATION_0057,0.5,SOCIAL_MEDIA_MONITORING
SOC_004836,PERSON_0946,SnapCircle,user_person_0946,2024-09-29 08:59:57,Weather has been unusually warm this month.,,LOCATION_0067,0.46,SOCIAL_MEDIA_MONITORING
SOC_004837,PERSON_1290,SnapCircle,user_person_1290,2025-10-15 13:01:18,"New shop opening next week, everyone welcome.",,LOCATION_0160,0.68,SOCIAL_MEDIA_MONITORING
SOC_004838,PERSON_0730,PicWall,user_person_0730,2026-04-04 14:09:08,Weather has been unusually warm this month.,,LOCATION_0238,0.73,SOCIAL_MEDIA_MONITORING
SOC_004839,PERSON_1472,ConnectHub,user_person_1472,2025-05-06 06:36:46,"Great weekend with family, back to work tomorrow.",,LOCATION_0213,0.51,SOCIAL_MEDIA_MONITORING
SOC_004840,PERSON_0976,TalkStream,user_person_0976,2024-11-06 19:11:40,"Great weekend with family, back to work tomorrow.",,LOCATION_0269,0.67,SOCIAL_MEDIA_MONITORING
SOC_004841,PERSON_0738,PicWall,user_person_0738,2025-01-16 01:57:42,"Great weekend with family, back to work tomorrow.",,LOCATION_0210,0.52,SOCIAL_MEDIA_MONITORING
SOC_004842,PERSON_0164,PicWall,user_person_0164,2024-05-19 23:13:28,"New shop opening next week, everyone welcome.",,LOCATION_0186,0.67,SOCIAL_MEDIA_MONITORING
SOC_004843,PERSON_0606,ChirpNet,user_person_0606,2024-05-16 05:24:20,Meeting postponed. Same place tomorrow.,PERSON_0691,LOCATION_0048,0.6,SOCIAL_MEDIA_MONITORING
SOC_004844,PERSON_1275,PicWall,user_person_1275,2025-01-13 15:41:50,Traffic was terrible near the market today.,,LOCATION_0116,0.7,SOCIAL_MEDIA_MONITORING
SOC_004845,PERSON_0813,TalkStream,user_person_0813,2026-05-10 09:37:46,Traffic was terrible near the market today.,,LOCATION_0256,0.48,SOCIAL_MEDIA_MONITORING
SOC_004846,PERSON_0956,PicWall,user_person_0956,2024-10-21 09:50:52,"Great weekend with family, back to work tomorrow.",,LOCATION_0160,0.81,SOCIAL_MEDIA_MONITORING
SOC_004847,PERSON_0887,ChirpNet,user_person_0887,2026-02-21 19:09:23,Weather has been unusually warm this month.,,LOCATION_0294,0.69,SOCIAL_MEDIA_MONITORING
SOC_004848,PERSON_0860,ChirpNet,user_person_0860,2025-06-06 21:52:18,"Everything is set for the evening, see you there.",PERSON_1054,LOCATION_0110,0.74,SOCIAL_MEDIA_MONITORING
SOC_004849,PERSON_0710,SnapCircle,user_person_0710,2026-04-14 05:43:08,"Great weekend with family, back to work tomorrow.",,LOCATION_0281,0.71,SOCIAL_MEDIA_MONITORING
SOC_004850,PERSON_0398,TalkStream,user_person_0398,2025-04-10 02:20:52,"New shop opening next week, everyone welcome.",,LOCATION_0256,0.43,SOCIAL_MEDIA_MONITORING
SOC_004851,PERSON_1243,SnapCircle,user_person_1243,2024-08-15 02:53:00,Happy to share we completed the delivery on time.,,LOCATION_0218,0.7,SOCIAL_MEDIA_MONITORING
SOC_004852,PERSON_0104,PicWall,user_person_0104,2025-08-29 23:40:35,"Great weekend with family, back to work tomorrow.",,LOCATION_0143,0.57,SOCIAL_MEDIA_MONITORING
SOC_004853,PERSON_1107,ChirpNet,user_person_1107,2024-06-09 14:56:20,"New shop opening next week, everyone welcome.",,LOCATION_0122,0.54,SOCIAL_MEDIA_MONITORING
SOC_004854,PERSON_0335,TalkStream,user_person_0335,2024-03-07 03:07:37,Traffic was terrible near the market today.,,LOCATION_0255,0.68,SOCIAL_MEDIA_MONITORING
SOC_004855,PERSON_0626,ConnectHub,user_person_0626,2025-10-07 14:33:50,Happy to share we completed the delivery on time.,,LOCATION_0295,0.7,SOCIAL_MEDIA_MONITORING
SOC_004856,PERSON_1350,PicWall,user_person_1350,2024-09-24 19:48:14,Happy to share we completed the delivery on time.,,LOCATION_0011,0.69,SOCIAL_MEDIA_MONITORING
SOC_004857,PERSON_0413,ChirpNet,user_person_0413,2025-04-11 02:08:46,Weather has been unusually warm this month.,,LOCATION_0020,0.73,SOCIAL_MEDIA_MONITORING
SOC_004858,PERSON_0090,TalkStream,user_person_0090,2024-07-16 21:08:34,Traffic was terrible near the market today.,,LOCATION_0174,0.7,SOCIAL_MEDIA_MONITORING
SOC_004859,PERSON_1288,ChirpNet,user_person_1288,2025-01-14 06:21:57,"Great weekend with family, back to work tomorrow.",,LOCATION_0158,0.7,SOCIAL_MEDIA_MONITORING
SOC_004860,PERSON_1073,ChirpNet,user_person_1073,2026-04-06 03:07:54,Keep this between us for now.,,LOCATION_0064,0.62,SOCIAL_MEDIA_MONITORING
SOC_004861,PERSON_0338,SnapCircle,user_person_0338,2024-06-03 16:36:04,"Plan is confirmed, let's proceed as talked about.",,LOCATION_0210,0.54,SOCIAL_MEDIA_MONITORING
SOC_004862,PERSON_0178,ConnectHub,user_person_0178,2024-07-20 18:24:05,"Great weekend with family, back to work tomorrow.",,LOCATION_0128,0.65,SOCIAL_MEDIA_MONITORING
SOC_004863,PERSON_0144,ConnectHub,user_person_0144,2025-07-18 08:35:07,"New shop opening next week, everyone welcome.",,LOCATION_0232,0.81,SOCIAL_MEDIA_MONITORING
SOC_004864,PERSON_1078,SnapCircle,user_person_1078,2024-10-10 05:10:25,Keep this between us for now.,PERSON_0027,LOCATION_0258,0.75,SOCIAL_MEDIA_MONITORING
SOC_004865,PERSON_0267,TalkStream,user_person_0267,2025-05-07 05:59:32,"Great weekend with family, back to work tomorrow.",,LOCATION_0051,0.48,SOCIAL_MEDIA_MONITORING
SOC_004866,PERSON_1003,PicWall,user_person_1003,2025-06-05 21:46:23,Happy to share we completed the delivery on time.,,LOCATION_0224,0.48,SOCIAL_MEDIA_MONITORING
SOC_004867,PERSON_0991,PicWall,user_person_0991,2026-02-05 10:07:11,Traffic was terrible near the market today.,,LOCATION_0240,0.82,SOCIAL_MEDIA_MONITORING
SOC_004868,PERSON_0068,ConnectHub,user_person_0068,2025-04-09 10:44:05,Traffic was terrible near the market today.,,LOCATION_0149,0.77,SOCIAL_MEDIA_MONITORING
SOC_004869,PERSON_0602,PicWall,user_person_0602,2025-08-17 18:42:55,Weather has been unusually warm this month.,,LOCATION_0128,0.48,SOCIAL_MEDIA_MONITORING
SOC_004870,PERSON_0833,ConnectHub,user_person_0833,2025-09-21 20:34:04,"New shop opening next week, everyone welcome.",,LOCATION_0113,0.79,SOCIAL_MEDIA_MONITORING
SOC_004871,PERSON_0998,ChirpNet,user_person_0998,2026-02-12 09:13:18,Happy to share we completed the delivery on time.,,LOCATION_0279,0.53,SOCIAL_MEDIA_MONITORING
SOC_004872,PERSON_0834,ChirpNet,user_person_0834,2024-11-17 11:33:33,Weather has been unusually warm this month.,,LOCATION_0122,0.72,SOCIAL_MEDIA_MONITORING
SOC_004873,PERSON_0519,ChirpNet,user_person_0519,2024-01-29 03:08:12,"New shop opening next week, everyone welcome.",,LOCATION_0194,0.43,SOCIAL_MEDIA_MONITORING
SOC_004874,PERSON_1232,ConnectHub,user_person_1232,2024-05-20 08:30:20,"Great weekend with family, back to work tomorrow.",,LOCATION_0133,0.64,SOCIAL_MEDIA_MONITORING
SOC_004875,PERSON_0944,ConnectHub,user_person_0944,2024-06-20 05:59:52,"Great weekend with family, back to work tomorrow.",,LOCATION_0068,0.57,SOCIAL_MEDIA_MONITORING
SOC_004876,PERSON_0973,SnapCircle,user_person_0973,2024-04-22 20:39:56,Weather has been unusually warm this month.,,LOCATION_0189,0.78,SOCIAL_MEDIA_MONITORING
SOC_004877,PERSON_1218,TalkStream,user_person_1218,2024-10-30 09:03:43,"Plan is confirmed, let's proceed as talked about.",PERSON_0073,LOCATION_0114,0.54,SOCIAL_MEDIA_MONITORING
SOC_004878,PERSON_0842,TalkStream,user_person_0842,2024-10-24 16:25:27,Traffic was terrible near the market today.,,LOCATION_0051,0.74,SOCIAL_MEDIA_MONITORING
SOC_004879,PERSON_0149,SnapCircle,user_person_0149,2024-08-17 07:47:50,"Great weekend with family, back to work tomorrow.",,LOCATION_0232,0.53,SOCIAL_MEDIA_MONITORING
SOC_004880,PERSON_0296,ChirpNet,user_person_0296,2026-03-14 23:11:59,Weather has been unusually warm this month.,,LOCATION_0144,0.59,SOCIAL_MEDIA_MONITORING
SOC_004881,PERSON_1218,ChirpNet,user_person_1218,2024-02-16 04:28:05,Weather has been unusually warm this month.,,LOCATION_0274,0.74,SOCIAL_MEDIA_MONITORING
SOC_004882,PERSON_0637,TalkStream,user_person_0637,2025-04-26 22:08:57,Happy to share we completed the delivery on time.,,LOCATION_0144,0.55,SOCIAL_MEDIA_MONITORING
SOC_004883,PERSON_0365,ConnectHub,user_person_0365,2025-11-16 06:53:39,"New shop opening next week, everyone welcome.",,LOCATION_0196,0.63,SOCIAL_MEDIA_MONITORING
SOC_004884,PERSON_0640,ChirpNet,user_person_0640,2025-02-16 22:06:00,"Great weekend with family, back to work tomorrow.",,LOCATION_0057,0.68,SOCIAL_MEDIA_MONITORING
SOC_004885,PERSON_0862,TalkStream,user_person_0862,2025-04-10 03:54:19,Traffic was terrible near the market today.,,LOCATION_0168,0.77,SOCIAL_MEDIA_MONITORING
SOC_004886,PERSON_0574,PicWall,user_person_0574,2024-12-27 14:42:29,Traffic was terrible near the market today.,,LOCATION_0268,0.5,SOCIAL_MEDIA_MONITORING
SOC_004887,PERSON_1330,ConnectHub,user_person_1330,2025-12-29 20:45:14,"New shop opening next week, everyone welcome.",,LOCATION_0004,0.57,SOCIAL_MEDIA_MONITORING
SOC_004888,PERSON_0137,PicWall,user_person_0137,2024-01-03 14:15:21,Traffic was terrible near the market today.,,LOCATION_0274,0.54,SOCIAL_MEDIA_MONITORING
SOC_004889,PERSON_1280,TalkStream,user_person_1280,2026-02-17 06:14:36,Weather has been unusually warm this month.,,LOCATION_0145,0.8,SOCIAL_MEDIA_MONITORING
SOC_004890,PERSON_0189,PicWall,user_person_0189,2026-06-01 16:23:46,Happy to share we completed the delivery on time.,,LOCATION_0270,0.45,SOCIAL_MEDIA_MONITORING
SOC_004891,PERSON_0211,PicWall,user_person_0211,2025-11-12 19:26:46,"New shop opening next week, everyone welcome.",,LOCATION_0083,0.58,SOCIAL_MEDIA_MONITORING
SOC_004892,PERSON_1189,PicWall,user_person_1189,2026-03-24 07:01:54,Traffic was terrible near the market today.,,LOCATION_0040,0.41,SOCIAL_MEDIA_MONITORING
SOC_004893,PERSON_1230,SnapCircle,user_person_1230,2024-08-15 23:46:46,"New shop opening next week, everyone welcome.",,LOCATION_0019,0.78,SOCIAL_MEDIA_MONITORING
SOC_004894,PERSON_1145,ChirpNet,user_person_1145,2024-02-12 11:01:58,Keep this between us for now.,PERSON_0200,LOCATION_0059,0.65,SOCIAL_MEDIA_MONITORING
SOC_004895,PERSON_0180,ConnectHub,user_person_0180,2025-10-14 12:50:09,"Great weekend with family, back to work tomorrow.",,LOCATION_0100,0.5,SOCIAL_MEDIA_MONITORING
SOC_004896,PERSON_1053,PicWall,user_person_1053,2026-05-22 00:14:00,"Great weekend with family, back to work tomorrow.",,LOCATION_0151,0.51,SOCIAL_MEDIA_MONITORING
SOC_004897,PERSON_1459,PicWall,user_person_1459,2025-06-18 05:18:40,Traffic was terrible near the market today.,,LOCATION_0135,0.61,SOCIAL_MEDIA_MONITORING
SOC_004898,PERSON_0582,ChirpNet,user_person_0582,2024-04-21 11:13:27,"Package ready, will hand it over as discussed.",,LOCATION_0202,0.45,SOCIAL_MEDIA_MONITORING
SOC_004899,PERSON_1295,TalkStream,user_person_1295,2026-02-05 12:35:15,"Great weekend with family, back to work tomorrow.",,LOCATION_0199,0.57,SOCIAL_MEDIA_MONITORING
SOC_004900,PERSON_1192,SnapCircle,user_person_1192,2024-12-22 12:29:07,Weather has been unusually warm this month.,,LOCATION_0043,0.51,SOCIAL_MEDIA_MONITORING
SOC_004901,PERSON_0948,PicWall,user_person_0948,2024-02-27 12:48:54,"Great weekend with family, back to work tomorrow.",,LOCATION_0213,0.81,SOCIAL_MEDIA_MONITORING
SOC_004902,PERSON_0014,ConnectHub,user_person_0014,2024-06-19 08:00:53,"Plan is confirmed, let's proceed as talked about.",,LOCATION_0037,0.51,SOCIAL_MEDIA_MONITORING
SOC_004903,PERSON_1034,PicWall,user_person_1034,2024-12-20 03:27:32,"New shop opening next week, everyone welcome.",,LOCATION_0209,0.62,SOCIAL_MEDIA_MONITORING
SOC_004904,PERSON_0783,ConnectHub,user_person_0783,2025-11-30 03:33:18,"New shop opening next week, everyone welcome.",,LOCATION_0254,0.81,SOCIAL_MEDIA_MONITORING
SOC_004905,PERSON_0599,ConnectHub,user_person_0599,2025-11-07 08:06:46,"New shop opening next week, everyone welcome.",,LOCATION_0078,0.55,SOCIAL_MEDIA_MONITORING
SOC_004906,PERSON_1221,ConnectHub,user_person_1221,2025-04-26 00:14:45,"New shop opening next week, everyone welcome.",,LOCATION_0283,0.83,SOCIAL_MEDIA_MONITORING
SOC_004907,PERSON_1118,ChirpNet,user_person_1118,2025-12-26 12:28:02,"New shop opening next week, everyone welcome.",,LOCATION_0177,0.43,SOCIAL_MEDIA_MONITORING
SOC_004908,PERSON_0534,ChirpNet,user_person_0534,2026-03-18 23:16:42,Traffic was terrible near the market today.,,LOCATION_0267,0.5,SOCIAL_MEDIA_MONITORING
SOC_004909,PERSON_0107,PicWall,user_person_0107,2026-05-13 16:52:30,Traffic was terrible near the market today.,,LOCATION_0276,0.5,SOCIAL_MEDIA_MONITORING
SOC_004910,PERSON_0749,TalkStream,user_person_0749,2026-04-17 05:08:39,"Great weekend with family, back to work tomorrow.",,LOCATION_0029,0.42,SOCIAL_MEDIA_MONITORING
SOC_004911,PERSON_0675,SnapCircle,user_person_0675,2025-03-13 13:37:35,"New shop opening next week, everyone welcome.",,LOCATION_0159,0.75,SOCIAL_MEDIA_MONITORING
SOC_004912,PERSON_0214,SnapCircle,user_person_0214,2025-05-19 23:01:19,Weather has been unusually warm this month.,,LOCATION_0223,0.51,SOCIAL_MEDIA_MONITORING
SOC_004913,PERSON_0726,TalkStream,user_person_0726,2026-02-09 13:06:47,Weather has been unusually warm this month.,,LOCATION_0107,0.49,SOCIAL_MEDIA_MONITORING
SOC_004914,PERSON_0118,SnapCircle,user_person_0118,2025-06-10 12:38:20,"New shop opening next week, everyone welcome.",,LOCATION_0051,0.61,SOCIAL_MEDIA_MONITORING
SOC_004915,PERSON_0502,TalkStream,user_person_0502,2024-09-09 13:56:49,Traffic was terrible near the market today.,,LOCATION_0084,0.56,SOCIAL_MEDIA_MONITORING
SOC_004916,PERSON_0761,TalkStream,user_person_0761,2024-03-30 04:34:54,"Great weekend with family, back to work tomorrow.",,LOCATION_0108,0.57,SOCIAL_MEDIA_MONITORING
SOC_004917,PERSON_0357,ChirpNet,user_person_0357,2025-05-14 03:28:52,"Great weekend with family, back to work tomorrow.",,LOCATION_0088,0.65,SOCIAL_MEDIA_MONITORING
SOC_004918,PERSON_1132,ConnectHub,user_person_1132,2024-08-10 04:10:35,Happy to share we completed the delivery on time.,,LOCATION_0271,0.43,SOCIAL_MEDIA_MONITORING
SOC_004919,PERSON_1440,ChirpNet,user_person_1440,2026-06-13 09:42:36,"Plan is confirmed, let's proceed as talked about.",,LOCATION_0248,0.64,SOCIAL_MEDIA_MONITORING
SOC_004920,PERSON_0345,ChirpNet,user_person_0345,2024-08-29 15:00:58,"Great weekend with family, back to work tomorrow.",,LOCATION_0260,0.48,SOCIAL_MEDIA_MONITORING
SOC_004921,PERSON_0933,PicWall,user_person_0933,2025-09-22 16:48:59,Traffic was terrible near the market today.,,LOCATION_0300,0.78,SOCIAL_MEDIA_MONITORING
SOC_004922,PERSON_1372,TalkStream,user_person_1372,2024-06-08 23:46:55,Happy to share we completed the delivery on time.,,LOCATION_0014,0.66,SOCIAL_MEDIA_MONITORING
SOC_004923,PERSON_0111,TalkStream,user_person_0111,2025-12-04 14:08:20,Happy to share we completed the delivery on time.,,LOCATION_0150,0.43,SOCIAL_MEDIA_MONITORING
SOC_004924,PERSON_0655,TalkStream,user_person_0655,2024-06-22 03:58:39,Happy to share we completed the delivery on time.,,LOCATION_0284,0.81,SOCIAL_MEDIA_MONITORING
SOC_004925,PERSON_0216,SnapCircle,user_person_0216,2026-06-27 07:21:55,Weather has been unusually warm this month.,,LOCATION_0052,0.57,SOCIAL_MEDIA_MONITORING
SOC_004926,PERSON_0272,ConnectHub,user_person_0272,2025-06-29 07:42:03,"New shop opening next week, everyone welcome.",,LOCATION_0030,0.67,SOCIAL_MEDIA_MONITORING
SOC_004927,PERSON_0932,PicWall,user_person_0932,2026-02-07 02:35:46,Meeting postponed. Same place tomorrow.,,LOCATION_0103,0.73,SOCIAL_MEDIA_MONITORING
SOC_004928,PERSON_1460,SnapCircle,user_person_1460,2025-05-04 00:23:18,Weather has been unusually warm this month.,,LOCATION_0077,0.84,SOCIAL_MEDIA_MONITORING
SOC_004929,PERSON_0399,SnapCircle,user_person_0399,2024-06-06 05:34:12,"Great weekend with family, back to work tomorrow.",,LOCATION_0231,0.6,SOCIAL_MEDIA_MONITORING
SOC_004930,PERSON_0121,SnapCircle,user_person_0121,2024-02-01 14:06:21,"New shop opening next week, everyone welcome.",,LOCATION_0237,0.5,SOCIAL_MEDIA_MONITORING
SOC_004931,PERSON_0116,ChirpNet,user_person_0116,2025-08-17 12:24:24,Traffic was terrible near the market today.,,LOCATION_0033,0.75,SOCIAL_MEDIA_MONITORING
SOC_004932,PERSON_0726,TalkStream,user_person_0726,2025-02-20 14:09:07,"New shop opening next week, everyone welcome.",,LOCATION_0287,0.41,SOCIAL_MEDIA_MONITORING
SOC_004933,PERSON_0899,TalkStream,user_person_0899,2024-02-25 04:05:54,"Plan is confirmed, let's proceed as talked about.",PERSON_0137,LOCATION_0160,0.45,SOCIAL_MEDIA_MONITORING
SOC_004934,PERSON_0609,ChirpNet,user_person_0609,2025-06-09 07:11:24,Weather has been unusually warm this month.,,LOCATION_0031,0.47,SOCIAL_MEDIA_MONITORING
SOC_004935,PERSON_0396,PicWall,user_person_0396,2026-03-07 13:29:01,"New shop opening next week, everyone welcome.",,LOCATION_0044,0.45,SOCIAL_MEDIA_MONITORING
SOC_004936,PERSON_0562,ConnectHub,user_person_0562,2026-04-30 03:54:09,Happy to share we completed the delivery on time.,,LOCATION_0074,0.8,SOCIAL_MEDIA_MONITORING
SOC_004937,PERSON_1142,ConnectHub,user_person_1142,2025-07-23 14:53:16,"New shop opening next week, everyone welcome.",,LOCATION_0124,0.59,SOCIAL_MEDIA_MONITORING
SOC_004938,PERSON_1219,ChirpNet,user_person_1219,2024-07-22 07:45:48,Weather has been unusually warm this month.,,LOCATION_0189,0.55,SOCIAL_MEDIA_MONITORING
SOC_004939,PERSON_1455,ChirpNet,user_person_1455,2025-02-17 05:49:43,"New shop opening next week, everyone welcome.",,LOCATION_0276,0.44,SOCIAL_MEDIA_MONITORING
SOC_004940,PERSON_1163,TalkStream,user_person_1163,2024-12-28 21:01:44,"Great weekend with family, back to work tomorrow.",,LOCATION_0182,0.63,SOCIAL_MEDIA_MONITORING
SOC_004941,PERSON_0705,PicWall,user_person_0705,2024-05-09 03:51:14,Weather has been unusually warm this month.,,LOCATION_0182,0.5,SOCIAL_MEDIA_MONITORING
SOC_004942,PERSON_0614,TalkStream,user_person_0614,2024-03-17 09:22:14,Happy to share we completed the delivery on time.,,LOCATION_0244,0.74,SOCIAL_MEDIA_MONITORING
SOC_004943,PERSON_1288,ConnectHub,user_person_1288,2024-09-08 22:54:25,Traffic was terrible near the market today.,,LOCATION_0118,0.81,SOCIAL_MEDIA_MONITORING
SOC_004944,PERSON_0439,TalkStream,user_person_0439,2024-08-19 02:39:50,"Plan is confirmed, let's proceed as talked about.",PERSON_0226,LOCATION_0279,0.78,SOCIAL_MEDIA_MONITORING
SOC_004945,PERSON_0653,ChirpNet,user_person_0653,2025-03-15 23:45:32,"Great weekend with family, back to work tomorrow.",,LOCATION_0228,0.53,SOCIAL_MEDIA_MONITORING
SOC_004946,PERSON_1085,ConnectHub,user_person_1085,2024-08-25 01:02:10,"Everything is set for the evening, see you there.",PERSON_0770,LOCATION_0095,0.62,SOCIAL_MEDIA_MONITORING
SOC_004947,PERSON_1171,ConnectHub,user_person_1171,2025-08-11 18:33:20,Weather has been unusually warm this month.,,LOCATION_0216,0.66,SOCIAL_MEDIA_MONITORING
SOC_004948,PERSON_0021,ChirpNet,user_person_0021,2025-12-12 11:44:54,"Great weekend with family, back to work tomorrow.",,LOCATION_0137,0.79,SOCIAL_MEDIA_MONITORING
SOC_004949,PERSON_0900,ConnectHub,user_person_0900,2024-09-10 02:21:55,Keep this between us for now.,PERSON_0258,LOCATION_0176,0.61,SOCIAL_MEDIA_MONITORING
SOC_004950,PERSON_0672,ConnectHub,user_person_0672,2025-09-20 01:54:45,Weather has been unusually warm this month.,,LOCATION_0227,0.77,SOCIAL_MEDIA_MONITORING
SOC_004951,PERSON_0851,SnapCircle,user_person_0851,2025-11-28 00:49:14,Weather has been unusually warm this month.,,LOCATION_0131,0.42,SOCIAL_MEDIA_MONITORING
SOC_004952,PERSON_0111,ConnectHub,user_person_0111,2026-01-12 18:38:17,Weather has been unusually warm this month.,,LOCATION_0240,0.46,SOCIAL_MEDIA_MONITORING
SOC_004953,PERSON_1220,TalkStream,user_person_1220,2025-12-01 03:25:35,Happy to share we completed the delivery on time.,,LOCATION_0067,0.48,SOCIAL_MEDIA_MONITORING
SOC_004954,PERSON_1014,PicWall,user_person_1014,2025-05-06 02:55:45,"Plan is confirmed, let's proceed as talked about.",,LOCATION_0276,0.85,SOCIAL_MEDIA_MONITORING
SOC_004955,PERSON_0410,TalkStream,user_person_0410,2024-03-26 04:14:01,Traffic was terrible near the market today.,,LOCATION_0232,0.4,SOCIAL_MEDIA_MONITORING
SOC_004956,PERSON_0396,ChirpNet,user_person_0396,2024-03-18 07:44:26,Happy to share we completed the delivery on time.,,LOCATION_0214,0.64,SOCIAL_MEDIA_MONITORING
SOC_004957,PERSON_0810,ChirpNet,user_person_0810,2024-12-07 02:54:35,"New shop opening next week, everyone welcome.",,LOCATION_0148,0.83,SOCIAL_MEDIA_MONITORING
SOC_004958,PERSON_0691,PicWall,user_person_0691,2024-07-04 07:35:21,Keep this between us for now.,,LOCATION_0225,0.63,SOCIAL_MEDIA_MONITORING
SOC_004959,PERSON_0914,ChirpNet,user_person_0914,2024-06-14 22:17:01,"New shop opening next week, everyone welcome.",,LOCATION_0257,0.53,SOCIAL_MEDIA_MONITORING
SOC_004960,PERSON_1477,SnapCircle,user_person_1477,2025-09-17 16:34:22,Weather has been unusually warm this month.,,LOCATION_0155,0.81,SOCIAL_MEDIA_MONITORING
SOC_004961,PERSON_0219,TalkStream,user_person_0219,2025-01-03 01:53:24,"Great weekend with family, back to work tomorrow.",,LOCATION_0198,0.85,SOCIAL_MEDIA_MONITORING
SOC_004962,PERSON_0958,ChirpNet,user_person_0958,2024-06-23 11:25:44,Happy to share we completed the delivery on time.,,LOCATION_0100,0.52,SOCIAL_MEDIA_MONITORING
SOC_004963,PERSON_1009,ChirpNet,user_person_1009,2025-06-11 02:08:30,"Great weekend with family, back to work tomorrow.",,LOCATION_0138,0.7,SOCIAL_MEDIA_MONITORING
SOC_004964,PERSON_0168,TalkStream,user_person_0168,2025-08-22 05:32:29,Traffic was terrible near the market today.,,LOCATION_0084,0.63,SOCIAL_MEDIA_MONITORING
SOC_004965,PERSON_0008,TalkStream,user_person_0008,2026-06-27 04:49:10,Happy to share we completed the delivery on time.,,LOCATION_0297,0.73,SOCIAL_MEDIA_MONITORING
SOC_004966,PERSON_0563,SnapCircle,user_person_0563,2026-01-17 20:52:18,Weather has been unusually warm this month.,,LOCATION_0055,0.81,SOCIAL_MEDIA_MONITORING
SOC_004967,PERSON_1350,SnapCircle,user_person_1350,2025-12-25 22:42:10,Traffic was terrible near the market today.,,LOCATION_0001,0.78,SOCIAL_MEDIA_MONITORING
SOC_004968,PERSON_0129,SnapCircle,user_person_0129,2025-01-30 23:23:58,"Great weekend with family, back to work tomorrow.",,LOCATION_0037,0.77,SOCIAL_MEDIA_MONITORING
SOC_004969,PERSON_0159,PicWall,user_person_0159,2026-05-02 23:36:32,Weather has been unusually warm this month.,,LOCATION_0066,0.43,SOCIAL_MEDIA_MONITORING
SOC_004970,PERSON_1477,TalkStream,user_person_1477,2026-03-27 17:39:13,Weather has been unusually warm this month.,,LOCATION_0245,0.42,SOCIAL_MEDIA_MONITORING
SOC_004971,PERSON_1451,PicWall,user_person_1451,2025-09-05 10:33:09,Traffic was terrible near the market today.,,LOCATION_0176,0.43,SOCIAL_MEDIA_MONITORING
SOC_004972,PERSON_0444,SnapCircle,user_person_0444,2024-11-14 11:01:20,Keep this between us for now.,,LOCATION_0141,0.67,SOCIAL_MEDIA_MONITORING
SOC_004973,PERSON_0318,ChirpNet,user_person_0318,2025-05-24 11:45:23,Weather has been unusually warm this month.,,LOCATION_0279,0.47,SOCIAL_MEDIA_MONITORING
SOC_004974,PERSON_1298,ChirpNet,user_person_1298,2024-12-14 20:01:09,Weather has been unusually warm this month.,,LOCATION_0124,0.62,SOCIAL_MEDIA_MONITORING
SOC_004975,PERSON_0260,SnapCircle,user_person_0260,2025-04-17 23:25:00,"Plan is confirmed, let's proceed as talked about.",,LOCATION_0264,0.8,SOCIAL_MEDIA_MONITORING
SOC_004976,PERSON_0795,PicWall,user_person_0795,2025-12-15 23:37:23,Weather has been unusually warm this month.,,LOCATION_0166,0.84,SOCIAL_MEDIA_MONITORING
SOC_004977,PERSON_1281,PicWall,user_person_1281,2026-04-12 21:08:24,"New shop opening next week, everyone welcome.",,LOCATION_0126,0.46,SOCIAL_MEDIA_MONITORING
SOC_004978,PERSON_0618,SnapCircle,user_person_0618,2025-12-13 04:17:11,Weather has been unusually warm this month.,,LOCATION_0027,0.61,SOCIAL_MEDIA_MONITORING
SOC_004979,PERSON_0769,SnapCircle,user_person_0769,2025-10-13 19:26:02,Weather has been unusually warm this month.,,LOCATION_0141,0.63,SOCIAL_MEDIA_MONITORING
SOC_004980,PERSON_0897,PicWall,user_person_0897,2026-03-01 09:52:15,"New shop opening next week, everyone welcome.",,LOCATION_0109,0.59,SOCIAL_MEDIA_MONITORING
SOC_004981,PERSON_0625,SnapCircle,user_person_0625,2026-02-17 12:59:22,"New shop opening next week, everyone welcome.",,LOCATION_0053,0.62,SOCIAL_MEDIA_MONITORING
SOC_004982,PERSON_0912,TalkStream,user_person_0912,2024-04-07 21:38:50,"Everything is set for the evening, see you there.",,LOCATION_0207,0.53,SOCIAL_MEDIA_MONITORING
SOC_004983,PERSON_1362,PicWall,user_person_1362,2024-11-09 02:52:29,"New shop opening next week, everyone welcome.",,LOCATION_0097,0.84,SOCIAL_MEDIA_MONITORING
SOC_004984,PERSON_0680,ConnectHub,user_person_0680,2024-01-30 20:44:30,Meeting postponed. Same place tomorrow.,,LOCATION_0080,0.71,SOCIAL_MEDIA_MONITORING
SOC_004985,PERSON_0514,SnapCircle,user_person_0514,2024-07-22 14:20:45,"New shop opening next week, everyone welcome.",,LOCATION_0144,0.64,SOCIAL_MEDIA_MONITORING
SOC_004986,PERSON_0189,ChirpNet,user_person_0189,2025-02-21 07:43:50,"New shop opening next week, everyone welcome.",,LOCATION_0240,0.59,SOCIAL_MEDIA_MONITORING
SOC_004987,PERSON_1185,TalkStream,user_person_1185,2025-08-04 01:10:36,"New shop opening next week, everyone welcome.",,LOCATION_0041,0.72,SOCIAL_MEDIA_MONITORING
SOC_004988,PERSON_0160,TalkStream,user_person_0160,2026-06-03 16:20:02,"New shop opening next week, everyone welcome.",,LOCATION_0243,0.54,SOCIAL_MEDIA_MONITORING
SOC_004989,PERSON_0588,ChirpNet,user_person_0588,2026-02-06 00:06:51,Weather has been unusually warm this month.,,LOCATION_0062,0.68,SOCIAL_MEDIA_MONITORING
SOC_004990,PERSON_0233,ConnectHub,user_person_0233,2025-03-14 21:39:41,Traffic was terrible near the market today.,,LOCATION_0138,0.82,SOCIAL_MEDIA_MONITORING
SOC_004991,PERSON_1408,SnapCircle,user_person_1408,2026-06-16 07:58:51,Weather has been unusually warm this month.,,LOCATION_0246,0.51,SOCIAL_MEDIA_MONITORING
SOC_004992,PERSON_0033,SnapCircle,user_person_0033,2025-10-12 14:43:41,Weather has been unusually warm this month.,,LOCATION_0166,0.75,SOCIAL_MEDIA_MONITORING
SOC_004993,PERSON_0916,SnapCircle,user_person_0916,2025-12-20 01:18:35,"Plan is confirmed, let's proceed as talked about.",,LOCATION_0194,0.65,SOCIAL_MEDIA_MONITORING
SOC_004994,PERSON_0599,SnapCircle,user_person_0599,2024-11-26 19:02:18,Weather has been unusually warm this month.,,LOCATION_0208,0.58,SOCIAL_MEDIA_MONITORING
SOC_004995,PERSON_0958,ConnectHub,user_person_0958,2026-02-13 13:23:13,Meeting postponed. Same place tomorrow.,,LOCATION_0030,0.43,SOCIAL_MEDIA_MONITORING
SOC_004996,PERSON_0549,PicWall,user_person_0549,2025-09-06 02:55:34,"New shop opening next week, everyone welcome.",,LOCATION_0253,0.75,SOCIAL_MEDIA_MONITORING
SOC_004997,PERSON_0365,ChirpNet,user_person_0365,2025-05-17 09:30:16,Weather has been unusually warm this month.,,LOCATION_0206,0.82,SOCIAL_MEDIA_MONITORING
SOC_004998,PERSON_0762,ConnectHub,user_person_0762,2024-06-07 06:26:11,Happy to share we completed the delivery on time.,,LOCATION_0251,0.72,SOCIAL_MEDIA_MONITORING
SOC_004999,PERSON_1421,ConnectHub,user_person_1421,2025-01-30 15:46:00,"Great weekend with family, back to work tomorrow.",,LOCATION_0297,0.57,SOCIAL_MEDIA_MONITORING
SOC_005000,PERSON_1437,ChirpNet,user_person_1437,2025-06-06 13:27:02,"Everything is set for the evening, see you there.",PERSON_0659,LOCATION_0229,0.59,SOCIAL_MEDIA_MONITORING
