report_id,case_id,timestamp,location_id,person_reference,vehicle_reference,observation,source,confidence
SURV_00001,,2025-02-22 21:50:28,LOCATION_0211,Swati Chauhan,VEHICLE_00001,Swati Chauhan was clearly identified near LOCATION_0211 meeting with an associate.,FIELD_SURVEILLANCE_UNIT,0.67
SURV_00002,CASE_0001,2025-07-24 16:37:44,LOCATION_0041,Rajesh Rathore,VEHICLE_00005,Rajesh Rathore was observed operating VEHICLE_00005 near LOCATION_0041 prior to the reported incident.,FIELD_SURVEILLANCE_UNIT,0.86
SURV_00003,CASE_0001,2026-04-19 07:28:58,LOCATION_0141,V. Tiwari,VEHICLE_00003,A male individual resembling V. Tiwari was observed near LOCATION_0141.,FIELD_SURVEILLANCE_UNIT,0.65
SURV_00004,CASE_0002,2025-04-14 13:44:06,LOCATION_0242,NaveenSaxena,VEHICLE_00006,A male individual resembling NaveenSaxena was observed near LOCATION_0242.,FIELD_SURVEILLANCE_UNIT,0.69
SURV_00005,CASE_0002,2025-08-03 21:44:59,LOCATION_0202,S. Saxena,VEHICLE_00007,A male individual resembling S. Saxena was observed near LOCATION_0202.,FIELD_SURVEILLANCE_UNIT,0.69
SURV_00006,CASE_0002,2026-02-28 15:27:59,LOCATION_0092,Ritu P.,VEHICLE_00008,A male individual resembling Ritu P. was observed near LOCATION_0092.,FIELD_SURVEILLANCE_UNIT,0.85
SURV_00007,CASE_0003,2026-04-30 14:29:22,LOCATION_0293,Manju Joshi,VEHICLE_00015,Manju Joshi was clearly identified near LOCATION_0293 meeting with an associate.,FIELD_SURVEILLANCE_UNIT,0.66
SURV_00008,CASE_0003,2025-02-02 07:08:20,LOCATION_0203,Deepak Verma,,A male individual resembling Deepak Verma was observed near LOCATION_0203.,FIELD_SURVEILLANCE_UNIT,0.68
SURV_00009,CASE_0003,2026-02-12 07:42:52,LOCATION_0233,Ritu Singh,VEHICLE_00016,Ritu Singh was clearly identified near LOCATION_0233 meeting with an associate.,FIELD_SURVEILLANCE_UNIT,0.74
SURV_00010,CASE_0004,2025-10-17 10:34:16,LOCATION_0284,A. Kulkarni,VEHICLE_00023,A male individual resembling A. Kulkarni was observed near LOCATION_0284.,FIELD_SURVEILLANCE_UNIT,0.65
SURV_00011,CASE_0004,2025-05-23 13:41:40,LOCATION_0204,Aman Sharma,VEHICLE_00024,Aman Sharma was clearly identified near LOCATION_0204 meeting with an associate.,FIELD_SURVEILLANCE_UNIT,0.87
SURV_00012,CASE_0004,2025-07-03 15:32:15,LOCATION_0274,Ashok Chauhan,VEHICLE_00025,Ashok Chauhan was clearly identified near LOCATION_0274 meeting with an associate.,FIELD_SURVEILLANCE_UNIT,0.76
SURV_00013,CASE_0005,2026-01-15 05:33:51,LOCATION_0105,Preeti Reddy,VEHICLE_00032,Preeti Reddy was clearly identified near LOCATION_0105 meeting with an associate.,FIELD_SURVEILLANCE_UNIT,0.84
SURV_00014,CASE_0005,2025-11-21 00:35:04,LOCATION_0095,Karan Nair,VEHICLE_00454,Karan Nair was clearly identified near LOCATION_0095 meeting with an associate.,FIELD_SURVEILLANCE_UNIT,0.67
SURV_00015,CASE_0005,2026-04-05 19:11:59,LOCATION_0245,Rohit Singh,VEHICLE_00033,Rohit Singh was clearly identified near LOCATION_0245 meeting with an associate.,FIELD_SURVEILLANCE_UNIT,0.66
SURV_00016,CASE_0006,2026-02-24 09:37:34,LOCATION_0266,Ravi Y.,VEHICLE_00040,A male individual resembling Ravi Y. was observed near LOCATION_0266.,FIELD_SURVEILLANCE_UNIT,0.88
SURV_00017,CASE_0006,2026-02-26 17:29:26,LOCATION_0156,Vikram Chauhan,VEHICLE_00041,Vikram Chauhan was clearly identified near LOCATION_0156 meeting with an associate.,FIELD_SURVEILLANCE_UNIT,0.83
SURV_00018,CASE_0006,2026-04-06 18:39:56,LOCATION_0006,rajesh gupta,VEHICLE_00042,A male individual resembling rajesh gupta was observed near LOCATION_0006.,FIELD_SURVEILLANCE_UNIT,0.76
SURV_00019,CASE_0007,2025-03-22 05:16:30,LOCATION_0247,Priya N.,VEHICLE_00043,A male individual resembling Priya N. was observed near LOCATION_0247.,FIELD_SURVEILLANCE_UNIT,0.81
SURV_00020,CASE_0007,2025-12-28 23:32:26,LOCATION_0037,Suresh Reddy,VEHICLE_00044,Suresh Reddy was clearly identified near LOCATION_0037 meeting with an associate.,FIELD_SURVEILLANCE_UNIT,0.83
SURV_00021,CASE_0007,2025-07-05 00:14:42,LOCATION_0227,Alka Kulkarni,VEHICLE_00045,Alka Kulkarni was clearly identified near LOCATION_0227 meeting with an associate.,FIELD_SURVEILLANCE_UNIT,0.8
SURV_00022,CASE_0008,2025-09-22 23:41:51,LOCATION_0278,Mohit R.,VEHICLE_00052,A male individual resembling Mohit R. was observed near LOCATION_0278.,FIELD_SURVEILLANCE_UNIT,0.61
SURV_00023,CASE_0008,2026-02-06 12:38:35,LOCATION_0088,T. Pandey,VEHICLE_00053,A male individual resembling T. Pandey was observed near LOCATION_0088.,FIELD_SURVEILLANCE_UNIT,0.67
SURV_00024,CASE_0008,2026-04-28 17:38:12,LOCATION_0188,KIRTI MISHRA,VEHICLE_00054,A male individual resembling KIRTI MISHRA was observed near LOCATION_0188.,FIELD_SURVEILLANCE_UNIT,0.88
SURV_00025,CASE_0009,2025-12-03 18:14:55,LOCATION_0079,PANKAJ VERMA,VEHICLE_00055,A male individual resembling PANKAJ VERMA was observed near LOCATION_0079.,FIELD_SURVEILLANCE_UNIT,0.7
SURV_00026,CASE_0009,2025-06-13 17:12:43,LOCATION_0299,Neha Bhatt,VEHICLE_00056,Neha Bhatt was clearly identified near LOCATION_0299 meeting with an associate.,FIELD_SURVEILLANCE_UNIT,0.75
SURV_00027,CASE_0009,2026-04-06 01:45:20,LOCATION_0269,Kirti Gupta,VEHICLE_00057,Kirti Gupta was clearly identified near LOCATION_0269 meeting with an associate.,FIELD_SURVEILLANCE_UNIT,0.8
SURV_00028,CASE_0010,2025-02-25 21:52:02,LOCATION_0100,A. Gupta,VEHICLE_00064,A male individual resembling A. Gupta was observed near LOCATION_0100.,FIELD_SURVEILLANCE_UNIT,0.85
SURV_00029,CASE_0010,2025-03-26 16:12:27,LOCATION_0280,Ravi Joshi,VEHICLE_00065,Ravi Joshi was clearly identified near LOCATION_0280 meeting with an associate.,FIELD_SURVEILLANCE_UNIT,0.83
SURV_00030,CASE_0010,2025-03-31 23:24:25,LOCATION_0230,VIKRAM AGARWAL,VEHICLE_00066,A male individual resembling VIKRAM AGARWAL was observed near LOCATION_0230.,FIELD_SURVEILLANCE_UNIT,0.71
SURV_00031,CASE_0011,2025-03-03 02:39:12,LOCATION_0221,Sanjay Joshi,VEHICLE_00069,Sanjay Joshi was clearly identified near LOCATION_0221 meeting with an associate.,FIELD_SURVEILLANCE_UNIT,0.71
SURV_00032,CASE_0011,2025-08-24 18:59:06,LOCATION_0021,Anita Chauhan,VEHICLE_00752,Anita Chauhan was clearly identified near LOCATION_0021 meeting with an associate.,FIELD_SURVEILLANCE_UNIT,0.63
SURV_00033,CASE_0011,2025-10-18 03:21:05,LOCATION_0061,Kirti Saxena,VEHICLE_00070,Kirti Saxena was clearly identified near LOCATION_0061 meeting with an associate.,FIELD_SURVEILLANCE_UNIT,0.87
SURV_00034,CASE_0012,2025-03-08 05:13:37,LOCATION_0202,Amit Kulkarni,VEHICLE_00077,Amit Kulkarni was clearly identified near LOCATION_0202 meeting with an associate.,FIELD_SURVEILLANCE_UNIT,0.62
SURV_00035,CASE_0012,2026-04-07 12:41:32,LOCATION_0142,Meena Bansal,VEHICLE_00078,Meena Bansal was clearly identified near LOCATION_0142 meeting with an associate.,FIELD_SURVEILLANCE_UNIT,0.78
SURV_00036,CASE_0012,2025-01-07 14:58:57,LOCATION_0092,Swati Singh,VEHICLE_00079,Swati Singh was clearly identified near LOCATION_0092 meeting with an associate.,FIELD_SURVEILLANCE_UNIT,0.61
SURV_00037,,2025-11-07 22:59:23,LOCATION_0245,A. Singh,VEHICLE_00639,An individual resembling A. Singh was observed in the vicinity of LOCATION_0245.,FIELD_SURVEILLANCE_UNIT,0.78
SURV_00038,,2025-03-14 09:08:51,LOCATION_0115,Isha Kapoor,VEHICLE_00640,Isha Kapoor was observed near LOCATION_0115; no unusual activity reported.,FIELD_SURVEILLANCE_UNIT,0.61
SURV_00039,,2024-08-09 01:12:14,LOCATION_0253,AmitTiwari,VEHICLE_00131,An individual resembling AmitTiwari was observed in the vicinity of LOCATION_0253.,FIELD_SURVEILLANCE_UNIT,0.58
SURV_00040,,2026-06-13 15:18:09,LOCATION_0005,Sunita Verma,VEHICLE_00554,Sunita Verma was observed near LOCATION_0005; no unusual activity reported.,FIELD_SURVEILLANCE_UNIT,0.62
SURV_00041,,2024-06-28 00:12:12,LOCATION_0214,Rekha Chauhan,,Rekha Chauhan was observed near LOCATION_0214; no unusual activity reported.,FIELD_SURVEILLANCE_UNIT,0.81
SURV_00042,,2026-04-14 13:34:48,LOCATION_0008,SwatiChauhan,VEHICLE_00001,An individual resembling SwatiChauhan was observed in the vicinity of LOCATION_0008.,FIELD_SURVEILLANCE_UNIT,0.7
SURV_00043,,2024-04-28 09:55:39,LOCATION_0245,Manju Pandey,,Manju Pandey was observed near LOCATION_0245; no unusual activity reported.,FIELD_SURVEILLANCE_UNIT,0.69
SURV_00044,,2024-07-02 19:55:56,LOCATION_0184,Manoj Rathore,VEHICLE_00463,Manoj Rathore was observed near LOCATION_0184; no unusual activity reported.,FIELD_SURVEILLANCE_UNIT,0.63
SURV_00045,,2026-06-15 23:46:37,LOCATION_0052,Anjali M.,,An individual resembling Anjali M. was observed in the vicinity of LOCATION_0052.,FIELD_SURVEILLANCE_UNIT,0.57
SURV_00046,,2026-03-02 06:35:27,LOCATION_0217,Ritu Pandey,,An individual resembling Ritu Pandey was observed in the vicinity of LOCATION_0217.,FIELD_SURVEILLANCE_UNIT,0.86
SURV_00047,,2024-08-05 16:08:06,LOCATION_0014,Vikram Naidu,,Vikram Naidu was observed near LOCATION_0014; no unusual activity reported.,FIELD_SURVEILLANCE_UNIT,0.89
SURV_00048,,2024-03-05 16:31:47,LOCATION_0020,Divya Mishra,,Divya Mishra was observed near LOCATION_0020; no unusual activity reported.,FIELD_SURVEILLANCE_UNIT,0.72
SURV_00049,,2024-11-04 17:26:19,LOCATION_0157,Simran Choudhary,VEHICLE_00565,Simran Choudhary was observed near LOCATION_0157; no unusual activity reported.,FIELD_SURVEILLANCE_UNIT,0.73
SURV_00050,,2024-01-30 03:12:22,LOCATION_0093,Ritu Singh,VEHICLE_00016,Ritu Singh was observed near LOCATION_0093; no unusual activity reported.,FIELD_SURVEILLANCE_UNIT,0.63
SURV_00051,,2024-11-15 21:50:10,LOCATION_0185,Shalini Chauhan,,Shalini Chauhan was observed near LOCATION_0185; no unusual activity reported.,FIELD_SURVEILLANCE_UNIT,0.66
SURV_00052,,2024-09-10 16:01:23,LOCATION_0077,deepika nair,,An individual resembling deepika nair was observed in the vicinity of LOCATION_0077.,FIELD_SURVEILLANCE_UNIT,0.8
SURV_00053,,2025-02-27 14:13:36,LOCATION_0238,A. Chauhan,VEHICLE_00752,An individual resembling A. Chauhan was observed in the vicinity of LOCATION_0238.,FIELD_SURVEILLANCE_UNIT,0.69
SURV_00054,,2025-12-27 03:01:10,LOCATION_0041,Meena Chauhan,VEHICLE_00597,Meena Chauhan was observed near LOCATION_0041; no unusual activity reported.,FIELD_SURVEILLANCE_UNIT,0.77
SURV_00055,,2024-06-25 23:42:51,LOCATION_0283,Deepika Agarwal,VEHICLE_00478,Deepika Agarwal was observed near LOCATION_0283; no unusual activity reported.,FIELD_SURVEILLANCE_UNIT,0.78
SURV_00056,,2025-11-11 15:46:34,LOCATION_0178,P. Agarwal,,An individual resembling P. Agarwal was observed in the vicinity of LOCATION_0178.,FIELD_SURVEILLANCE_UNIT,0.66
SURV_00057,,2026-02-20 20:27:41,LOCATION_0158,A. Gupta,,An individual resembling A. Gupta was observed in the vicinity of LOCATION_0158.,FIELD_SURVEILLANCE_UNIT,0.81
SURV_00058,,2025-10-28 01:44:30,LOCATION_0140,Ritu S.,,An individual resembling Ritu S. was observed in the vicinity of LOCATION_0140.,FIELD_SURVEILLANCE_UNIT,0.56
SURV_00059,,2025-07-22 07:19:43,LOCATION_0143,meena kapoor,VEHICLE_00645,An individual resembling meena kapoor was observed in the vicinity of LOCATION_0143.,FIELD_SURVEILLANCE_UNIT,0.67
SURV_00060,,2025-01-26 02:00:01,LOCATION_0077,Vikram Bansal,,Vikram Bansal was observed near LOCATION_0077; no unusual activity reported.,FIELD_SURVEILLANCE_UNIT,0.72
SURV_00061,,2025-07-26 03:00:39,LOCATION_0145,Anjali Choudhary,,Anjali Choudhary was observed near LOCATION_0145; no unusual activity reported.,FIELD_SURVEILLANCE_UNIT,0.89
SURV_00062,,2025-08-30 13:26:45,LOCATION_0121,Deepika Chauhan,VEHICLE_00328,Deepika Chauhan was observed near LOCATION_0121; no unusual activity reported.,FIELD_SURVEILLANCE_UNIT,0.61
SURV_00063,,2025-06-12 04:14:38,LOCATION_0119,Isha Saxena,,Isha Saxena was observed near LOCATION_0119; no unusual activity reported.,FIELD_SURVEILLANCE_UNIT,0.78
SURV_00064,,2025-08-22 12:27:05,LOCATION_0138,Neha Singh,,Neha Singh was observed near LOCATION_0138; no unusual activity reported.,FIELD_SURVEILLANCE_UNIT,0.64
SURV_00065,,2024-12-17 19:41:38,LOCATION_0250,R. Pandey,,An individual resembling R. Pandey was observed in the vicinity of LOCATION_0250.,FIELD_SURVEILLANCE_UNIT,0.61
SURV_00066,,2025-05-15 08:46:36,LOCATION_0261,Karan Chauhan,,Karan Chauhan was observed near LOCATION_0261; no unusual activity reported.,FIELD_SURVEILLANCE_UNIT,0.81
SURV_00067,,2024-05-31 18:33:55,LOCATION_0170,Deepika Bhatt,VEHICLE_00426,Deepika Bhatt was observed near LOCATION_0170; no unusual activity reported.,FIELD_SURVEILLANCE_UNIT,0.87
SURV_00068,,2026-04-23 18:37:24,LOCATION_0247,Preeti Yadav,,Preeti Yadav was observed near LOCATION_0247; no unusual activity reported.,FIELD_SURVEILLANCE_UNIT,0.65
SURV_00069,,2024-04-29 01:44:41,LOCATION_0242,Shalini Gupta,,Shalini Gupta was observed near LOCATION_0242; no unusual activity reported.,FIELD_SURVEILLANCE_UNIT,0.75
SURV_00070,,2025-12-15 18:58:11,LOCATION_0018,Priya Choudhary,VEHICLE_00488,Priya Choudhary was observed near LOCATION_0018; no unusual activity reported.,FIELD_SURVEILLANCE_UNIT,0.77
SURV_00071,,2026-05-31 02:03:23,LOCATION_0230,Preeti Saxena,,Preeti Saxena was observed near LOCATION_0230; no unusual activity reported.,FIELD_SURVEILLANCE_UNIT,0.76
SURV_00072,,2026-05-30 00:45:33,LOCATION_0243,PRIYA BHATT,,An individual resembling PRIYA BHATT was observed in the vicinity of LOCATION_0243.,FIELD_SURVEILLANCE_UNIT,0.57
SURV_00073,,2025-10-07 12:33:34,LOCATION_0214,Isha Chauhan,,Isha Chauhan was observed near LOCATION_0214; no unusual activity reported.,FIELD_SURVEILLANCE_UNIT,0.65
SURV_00074,,2024-04-11 07:28:08,LOCATION_0244,Shalini S.,VEHICLE_00026,An individual resembling Shalini S. was observed in the vicinity of LOCATION_0244.,FIELD_SURVEILLANCE_UNIT,0.73
SURV_00075,,2025-02-26 10:52:00,LOCATION_0231,divya meena,,An individual resembling divya meena was observed in the vicinity of LOCATION_0231.,FIELD_SURVEILLANCE_UNIT,0.57
SURV_00076,,2025-04-15 10:26:30,LOCATION_0186,Deepika Saxena,VEHICLE_00697,Deepika Saxena was observed near LOCATION_0186; no unusual activity reported.,FIELD_SURVEILLANCE_UNIT,0.69
SURV_00077,,2024-11-18 21:08:52,LOCATION_0026,Alka N.,VEHICLE_00577,An individual resembling Alka N. was observed in the vicinity of LOCATION_0026.,FIELD_SURVEILLANCE_UNIT,0.75
SURV_00078,,2026-03-11 00:20:53,LOCATION_0296,Deepak Yadav,VEHICLE_00749,Deepak Yadav was observed near LOCATION_0296; no unusual activity reported.,FIELD_SURVEILLANCE_UNIT,0.89
SURV_00079,,2025-08-12 06:47:07,LOCATION_0092,Y. Choudhary,,An individual resembling Y. Choudhary was observed in the vicinity of LOCATION_0092.,FIELD_SURVEILLANCE_UNIT,0.8
SURV_00080,,2026-05-14 00:33:30,LOCATION_0098,Arjun Meena,VEHICLE_00609,Arjun Meena was observed near LOCATION_0098; no unusual activity reported.,FIELD_SURVEILLANCE_UNIT,0.56
SURV_00081,,2025-03-22 08:37:28,LOCATION_0044,Rahul Sharma,VEHICLE_00757,Rahul Sharma was observed near LOCATION_0044; no unusual activity reported.,FIELD_SURVEILLANCE_UNIT,0.72
SURV_00082,,2025-07-16 17:48:01,LOCATION_0212,Alka Saxena,VEHICLE_00510,An individual resembling Alka Saxena was observed in the vicinity of LOCATION_0212.,FIELD_SURVEILLANCE_UNIT,0.83
SURV_00083,,2024-04-20 02:26:39,LOCATION_0023,Rohit Nair,,An individual resembling Rohit Nair was observed in the vicinity of LOCATION_0023.,FIELD_SURVEILLANCE_UNIT,0.6
SURV_00084,,2025-07-22 01:02:45,LOCATION_0191,Pankaj Choudhary,VEHICLE_00601,An individual resembling Pankaj Choudhary was observed in the vicinity of LOCATION_0191.,FIELD_SURVEILLANCE_UNIT,0.59
SURV_00085,,2025-11-08 23:56:14,LOCATION_0041,Sunita Kapoor,VEHICLE_00322,Sunita Kapoor was observed near LOCATION_0041; no unusual activity reported.,FIELD_SURVEILLANCE_UNIT,0.64
SURV_00086,,2025-08-13 01:59:46,LOCATION_0213,ROHIT IYER,,An individual resembling ROHIT IYER was observed in the vicinity of LOCATION_0213.,FIELD_SURVEILLANCE_UNIT,0.88
SURV_00087,,2024-07-29 13:03:29,LOCATION_0043,Kirti Rathore,,Kirti Rathore was observed near LOCATION_0043; no unusual activity reported.,FIELD_SURVEILLANCE_UNIT,0.57
SURV_00088,,2025-04-22 04:05:23,LOCATION_0029,Preeti Naidu,VEHICLE_00030,Preeti Naidu was observed near LOCATION_0029; no unusual activity reported.,FIELD_SURVEILLANCE_UNIT,0.73
SURV_00089,,2026-05-06 22:32:47,LOCATION_0025,Neha Singh,,Neha Singh was observed near LOCATION_0025; no unusual activity reported.,FIELD_SURVEILLANCE_UNIT,0.59
SURV_00090,,2024-09-30 02:12:53,LOCATION_0114,Nisha Singh,VEHICLE_00240,Nisha Singh was observed near LOCATION_0114; no unusual activity reported.,FIELD_SURVEILLANCE_UNIT,0.73
SURV_00091,,2025-03-16 18:52:31,LOCATION_0052,I. Bhatt,,An individual resembling I. Bhatt was observed in the vicinity of LOCATION_0052.,FIELD_SURVEILLANCE_UNIT,0.72
SURV_00092,,2024-10-27 07:03:46,LOCATION_0201,Manju C.,VEHICLE_00255,An individual resembling Manju C. was observed in the vicinity of LOCATION_0201.,FIELD_SURVEILLANCE_UNIT,0.71
SURV_00093,,2024-11-07 03:27:08,LOCATION_0058,Pooja Naidu,,Pooja Naidu was observed near LOCATION_0058; no unusual activity reported.,FIELD_SURVEILLANCE_UNIT,0.85
SURV_00094,,2024-08-29 07:43:05,LOCATION_0066,Pooja Nair,,Pooja Nair was observed near LOCATION_0066; no unusual activity reported.,FIELD_SURVEILLANCE_UNIT,0.85
SURV_00095,,2025-01-23 15:40:30,LOCATION_0240,A. Verma,VEHICLE_00074,An individual resembling A. Verma was observed in the vicinity of LOCATION_0240.,FIELD_SURVEILLANCE_UNIT,0.66
SURV_00096,,2025-01-12 11:16:38,LOCATION_0139,I. Saxena,,An individual resembling I. Saxena was observed in the vicinity of LOCATION_0139.,FIELD_SURVEILLANCE_UNIT,0.65
SURV_00097,,2024-02-28 10:58:19,LOCATION_0186,Aman Joshi,,Aman Joshi was observed near LOCATION_0186; no unusual activity reported.,FIELD_SURVEILLANCE_UNIT,0.69
SURV_00098,,2024-10-05 08:32:27,LOCATION_0144,ISHA GUPTA,VEHICLE_00094,An individual resembling ISHA GUPTA was observed in the vicinity of LOCATION_0144.,FIELD_SURVEILLANCE_UNIT,0.72
SURV_00099,,2024-10-13 16:05:40,LOCATION_0233,Vivek G.,VEHICLE_00072,An individual resembling Vivek G. was observed in the vicinity of LOCATION_0233.,FIELD_SURVEILLANCE_UNIT,0.64
SURV_00100,,2025-02-08 23:19:47,LOCATION_0173,P. Choudhary,,An individual resembling P. Choudhary was observed in the vicinity of LOCATION_0173.,FIELD_SURVEILLANCE_UNIT,0.62
SURV_00101,,2025-03-26 00:49:07,LOCATION_0120,Mohit R.,VEHICLE_00587,An individual resembling Mohit R. was observed in the vicinity of LOCATION_0120.,FIELD_SURVEILLANCE_UNIT,0.67
SURV_00102,,2026-06-03 22:02:52,LOCATION_0079,Sonia N.,VEHICLE_00753,An individual resembling Sonia N. was observed in the vicinity of LOCATION_0079.,FIELD_SURVEILLANCE_UNIT,0.85
SURV_00103,,2026-03-20 01:21:38,LOCATION_0053,deepika singh,VEHICLE_00292,An individual resembling deepika singh was observed in the vicinity of LOCATION_0053.,FIELD_SURVEILLANCE_UNIT,0.7
SURV_00104,,2025-05-01 10:56:20,LOCATION_0204,Isha Kulkarni,VEHICLE_00309,Isha Kulkarni was observed near LOCATION_0204; no unusual activity reported.,FIELD_SURVEILLANCE_UNIT,0.57
SURV_00105,,2025-10-28 10:44:24,LOCATION_0168,Arjun Joshi,,Arjun Joshi was observed near LOCATION_0168; no unusual activity reported.,FIELD_SURVEILLANCE_UNIT,0.87
SURV_00106,,2025-10-12 00:01:04,LOCATION_0217,Ritu S.,,An individual resembling Ritu S. was observed in the vicinity of LOCATION_0217.,FIELD_SURVEILLANCE_UNIT,0.72
SURV_00107,,2026-06-10 15:17:00,LOCATION_0296,Tanvi Reddy,,An individual resembling Tanvi Reddy was observed in the vicinity of LOCATION_0296.,FIELD_SURVEILLANCE_UNIT,0.62
SURV_00108,,2025-12-01 10:40:06,LOCATION_0040,D. Reddy,,An individual resembling D. Reddy was observed in the vicinity of LOCATION_0040.,FIELD_SURVEILLANCE_UNIT,0.89
SURV_00109,,2026-01-13 08:29:29,LOCATION_0275,Vikram Kulkarni,VEHICLE_00276,Vikram Kulkarni was observed near LOCATION_0275; no unusual activity reported.,FIELD_SURVEILLANCE_UNIT,0.6
SURV_00110,,2025-08-25 08:24:06,LOCATION_0117,Sonia S.,VEHICLE_00035,An individual resembling Sonia S. was observed in the vicinity of LOCATION_0117.,FIELD_SURVEILLANCE_UNIT,0.78
SURV_00111,,2025-11-14 09:42:59,LOCATION_0255,Vivek Choudhary,,Vivek Choudhary was observed near LOCATION_0255; no unusual activity reported.,FIELD_SURVEILLANCE_UNIT,0.67
SURV_00112,,2026-01-14 02:00:21,LOCATION_0033,Rahul Bansal,VEHICLE_00029,Rahul Bansal was observed near LOCATION_0033; no unusual activity reported.,FIELD_SURVEILLANCE_UNIT,0.83
SURV_00113,,2024-09-14 12:18:50,LOCATION_0248,anita chauhan,VEHICLE_00752,An individual resembling anita chauhan was observed in the vicinity of LOCATION_0248.,FIELD_SURVEILLANCE_UNIT,0.82
SURV_00114,,2026-05-02 06:33:30,LOCATION_0130,S. Reddy,VEHICLE_00659,An individual resembling S. Reddy was observed in the vicinity of LOCATION_0130.,FIELD_SURVEILLANCE_UNIT,0.71
SURV_00115,,2025-04-29 03:27:47,LOCATION_0103,Aman Chauhan,,Aman Chauhan was observed near LOCATION_0103; no unusual activity reported.,FIELD_SURVEILLANCE_UNIT,0.79
SURV_00116,,2026-01-10 01:44:48,LOCATION_0092,G. Iyer,,An individual resembling G. Iyer was observed in the vicinity of LOCATION_0092.,FIELD_SURVEILLANCE_UNIT,0.7
SURV_00117,,2024-09-24 06:52:05,LOCATION_0188,Rahul Pandey,VEHICLE_00680,Rahul Pandey was observed near LOCATION_0188; no unusual activity reported.,FIELD_SURVEILLANCE_UNIT,0.75
SURV_00118,,2025-03-09 19:09:14,LOCATION_0115,Vivek Choudhary,,Vivek Choudhary was observed near LOCATION_0115; no unusual activity reported.,FIELD_SURVEILLANCE_UNIT,0.59
SURV_00119,,2025-02-25 03:48:17,LOCATION_0233,Neha T.,,An individual resembling Neha T. was observed in the vicinity of LOCATION_0233.,FIELD_SURVEILLANCE_UNIT,0.74
SURV_00120,,2024-08-07 11:36:08,LOCATION_0055,T. Tiwari,VEHICLE_00455,An individual resembling T. Tiwari was observed in the vicinity of LOCATION_0055.,FIELD_SURVEILLANCE_UNIT,0.84
SURV_00121,,2025-06-08 02:26:05,LOCATION_0054,amit agarwal,VEHICLE_00489,An individual resembling amit agarwal was observed in the vicinity of LOCATION_0054.,FIELD_SURVEILLANCE_UNIT,0.9
SURV_00122,,2024-05-24 04:35:50,LOCATION_0061,Pankaj Choudhary,VEHICLE_00601,Pankaj Choudhary was observed near LOCATION_0061; no unusual activity reported.,FIELD_SURVEILLANCE_UNIT,0.59
SURV_00123,,2026-02-13 15:12:13,LOCATION_0143,HarishGupta,,An individual resembling HarishGupta was observed in the vicinity of LOCATION_0143.,FIELD_SURVEILLANCE_UNIT,0.69
SURV_00124,,2025-08-15 09:31:53,LOCATION_0119,Pooja Reddy,,Pooja Reddy was observed near LOCATION_0119; no unusual activity reported.,FIELD_SURVEILLANCE_UNIT,0.6
SURV_00125,,2024-10-29 01:36:04,LOCATION_0092,Kavita Naidu,VEHICLE_00627,Kavita Naidu was observed near LOCATION_0092; no unusual activity reported.,FIELD_SURVEILLANCE_UNIT,0.7
SURV_00126,,2025-02-01 01:28:07,LOCATION_0181,Mohit Saxena,,Mohit Saxena was observed near LOCATION_0181; no unusual activity reported.,FIELD_SURVEILLANCE_UNIT,0.82
SURV_00127,,2024-02-12 10:54:16,LOCATION_0071,NIKHIL TIWARI,VEHICLE_00321,An individual resembling NIKHIL TIWARI was observed in the vicinity of LOCATION_0071.,FIELD_SURVEILLANCE_UNIT,0.74
SURV_00128,,2025-03-13 06:44:36,LOCATION_0120,Kirti Mishra,VEHICLE_00054,Kirti Mishra was observed near LOCATION_0120; no unusual activity reported.,FIELD_SURVEILLANCE_UNIT,0.57
SURV_00129,,2025-10-16 01:01:50,LOCATION_0037,S. Agarwal,VEHICLE_00221,An individual resembling S. Agarwal was observed in the vicinity of LOCATION_0037.,FIELD_SURVEILLANCE_UNIT,0.84
SURV_00130,,2024-01-19 13:43:04,LOCATION_0024,Yash Gupta,VEHICLE_00405,Yash Gupta was observed near LOCATION_0024; no unusual activity reported.,FIELD_SURVEILLANCE_UNIT,0.74
SURV_00131,,2025-05-05 03:38:05,LOCATION_0032,RahulMalhotra,VEHICLE_00344,An individual resembling RahulMalhotra was observed in the vicinity of LOCATION_0032.,FIELD_SURVEILLANCE_UNIT,0.78
SURV_00132,,2024-01-30 08:29:40,LOCATION_0091,ManjuKapoor,VEHICLE_00011,An individual resembling ManjuKapoor was observed in the vicinity of LOCATION_0091.,FIELD_SURVEILLANCE_UNIT,0.68
SURV_00133,,2025-09-08 17:40:07,LOCATION_0048,RAVI SAXENA,,An individual resembling RAVI SAXENA was observed in the vicinity of LOCATION_0048.,FIELD_SURVEILLANCE_UNIT,0.88
SURV_00134,,2025-09-04 10:55:41,LOCATION_0227,Divya Bansal,VEHICLE_00389,Divya Bansal was observed near LOCATION_0227; no unusual activity reported.,FIELD_SURVEILLANCE_UNIT,0.69
SURV_00135,,2025-07-13 21:20:06,LOCATION_0130,MohitRathore,VEHICLE_00587,An individual resembling MohitRathore was observed in the vicinity of LOCATION_0130.,FIELD_SURVEILLANCE_UNIT,0.83
SURV_00136,,2026-06-06 03:57:00,LOCATION_0237,Suresh Kapoor,VEHICLE_00464,Suresh Kapoor was observed near LOCATION_0237; no unusual activity reported.,FIELD_SURVEILLANCE_UNIT,0.69
SURV_00137,,2026-02-15 14:23:47,LOCATION_0128,Karan Bansal,,Karan Bansal was observed near LOCATION_0128; no unusual activity reported.,FIELD_SURVEILLANCE_UNIT,0.74
SURV_00138,,2024-02-16 06:17:13,LOCATION_0076,Pooja Gupta,,Pooja Gupta was observed near LOCATION_0076; no unusual activity reported.,FIELD_SURVEILLANCE_UNIT,0.68
SURV_00139,,2025-04-10 18:14:20,LOCATION_0039,Gaurav Verma,,Gaurav Verma was observed near LOCATION_0039; no unusual activity reported.,FIELD_SURVEILLANCE_UNIT,0.87
SURV_00140,,2025-07-07 02:19:06,LOCATION_0080,GauravNair,VEHICLE_00088,An individual resembling GauravNair was observed in the vicinity of LOCATION_0080.,FIELD_SURVEILLANCE_UNIT,0.87
SURV_00141,,2025-06-04 23:42:47,LOCATION_0263,Neha Joshi,VEHICLE_00260,Neha Joshi was observed near LOCATION_0263; no unusual activity reported.,FIELD_SURVEILLANCE_UNIT,0.62
SURV_00142,,2026-04-26 19:55:52,LOCATION_0025,Meena Reddy,VEHICLE_00552,Meena Reddy was observed near LOCATION_0025; no unusual activity reported.,FIELD_SURVEILLANCE_UNIT,0.76
SURV_00143,,2025-08-06 12:25:19,LOCATION_0134,NishaSingh,VEHICLE_00240,An individual resembling NishaSingh was observed in the vicinity of LOCATION_0134.,FIELD_SURVEILLANCE_UNIT,0.7
SURV_00144,,2025-05-13 21:49:12,LOCATION_0001,Ravi Naidu,,Ravi Naidu was observed near LOCATION_0001; no unusual activity reported.,FIELD_SURVEILLANCE_UNIT,0.71
SURV_00145,,2024-03-06 06:25:36,LOCATION_0202,karan agarwal,VEHICLE_00381,An individual resembling karan agarwal was observed in the vicinity of LOCATION_0202.,FIELD_SURVEILLANCE_UNIT,0.81
SURV_00146,,2025-05-17 08:16:36,LOCATION_0214,Yash Gupta,VEHICLE_00405,Yash Gupta was observed near LOCATION_0214; no unusual activity reported.,FIELD_SURVEILLANCE_UNIT,0.87
SURV_00147,,2024-06-20 13:37:12,LOCATION_0067,simran choudhary,,An individual resembling simran choudhary was observed in the vicinity of LOCATION_0067.,FIELD_SURVEILLANCE_UNIT,0.65
SURV_00148,,2025-01-27 10:40:35,LOCATION_0060,DeepikaBhatt,VEHICLE_00426,An individual resembling DeepikaBhatt was observed in the vicinity of LOCATION_0060.,FIELD_SURVEILLANCE_UNIT,0.83
SURV_00149,,2024-06-24 13:18:40,LOCATION_0116,Sonia Naidu,VEHICLE_00034,Sonia Naidu was observed near LOCATION_0116; no unusual activity reported.,FIELD_SURVEILLANCE_UNIT,0.79
SURV_00150,,2025-07-07 06:33:16,LOCATION_0056,Amit R.,,An individual resembling Amit R. was observed in the vicinity of LOCATION_0056.,FIELD_SURVEILLANCE_UNIT,0.87
SURV_00151,,2025-12-14 02:05:29,LOCATION_0276,Alka Reddy,,Alka Reddy was observed near LOCATION_0276; no unusual activity reported.,FIELD_SURVEILLANCE_UNIT,0.72
SURV_00152,,2025-02-12 16:43:23,LOCATION_0220,Kirti Reddy,,Kirti Reddy was observed near LOCATION_0220; no unusual activity reported.,FIELD_SURVEILLANCE_UNIT,0.72
SURV_00153,,2025-07-23 13:49:51,LOCATION_0113,Divya Kulkarni,,Divya Kulkarni was observed near LOCATION_0113; no unusual activity reported.,FIELD_SURVEILLANCE_UNIT,0.87
SURV_00154,,2026-04-29 23:07:29,LOCATION_0261,N. Nair,,An individual resembling N. Nair was observed in the vicinity of LOCATION_0261.,FIELD_SURVEILLANCE_UNIT,0.59
SURV_00155,,2024-09-23 22:18:29,LOCATION_0116,ISHA SINGH,,An individual resembling ISHA SINGH was observed in the vicinity of LOCATION_0116.,FIELD_SURVEILLANCE_UNIT,0.71
SURV_00156,,2024-02-18 05:15:01,LOCATION_0274,ManjuBhatt,VEHICLE_00505,An individual resembling ManjuBhatt was observed in the vicinity of LOCATION_0274.,FIELD_SURVEILLANCE_UNIT,0.7
SURV_00157,,2025-07-08 07:57:03,LOCATION_0004,Neha Yadav,,Neha Yadav was observed near LOCATION_0004; no unusual activity reported.,FIELD_SURVEILLANCE_UNIT,0.73
SURV_00158,,2025-12-20 22:59:02,LOCATION_0238,Meena T.,,An individual resembling Meena T. was observed in the vicinity of LOCATION_0238.,FIELD_SURVEILLANCE_UNIT,0.71
SURV_00159,,2024-05-11 21:00:52,LOCATION_0106,Anjali Verma,VEHICLE_00290,Anjali Verma was observed near LOCATION_0106; no unusual activity reported.,FIELD_SURVEILLANCE_UNIT,0.64
SURV_00160,,2024-09-24 22:37:09,LOCATION_0173,Sandeep Mishra,VEHICLE_00326,Sandeep Mishra was observed near LOCATION_0173; no unusual activity reported.,FIELD_SURVEILLANCE_UNIT,0.69
SURV_00161,,2026-02-03 00:00:10,LOCATION_0172,manoj tiwari,VEHICLE_00642,An individual resembling manoj tiwari was observed in the vicinity of LOCATION_0172.,FIELD_SURVEILLANCE_UNIT,0.82
SURV_00162,,2024-02-17 17:14:31,LOCATION_0154,Pankaj Naidu,,Pankaj Naidu was observed near LOCATION_0154; no unusual activity reported.,FIELD_SURVEILLANCE_UNIT,0.66
SURV_00163,,2024-10-21 23:48:36,LOCATION_0097,PriyaMishra,VEHICLE_00098,An individual resembling PriyaMishra was observed in the vicinity of LOCATION_0097.,FIELD_SURVEILLANCE_UNIT,0.71
SURV_00164,,2025-02-21 21:14:16,LOCATION_0176,Ravi V.,,An individual resembling Ravi V. was observed in the vicinity of LOCATION_0176.,FIELD_SURVEILLANCE_UNIT,0.65
SURV_00165,,2025-12-24 11:27:42,LOCATION_0132,Sandeep N.,,An individual resembling Sandeep N. was observed in the vicinity of LOCATION_0132.,FIELD_SURVEILLANCE_UNIT,0.64
SURV_00166,,2025-05-26 13:54:22,LOCATION_0175,Nikhil K.,VEHICLE_00450,An individual resembling Nikhil K. was observed in the vicinity of LOCATION_0175.,FIELD_SURVEILLANCE_UNIT,0.76
SURV_00167,,2024-02-12 00:17:26,LOCATION_0063,D. Agarwal,VEHICLE_00478,An individual resembling D. Agarwal was observed in the vicinity of LOCATION_0063.,FIELD_SURVEILLANCE_UNIT,0.61
SURV_00168,,2024-04-13 09:43:23,LOCATION_0115,ANITA CHAUHAN,,An individual resembling ANITA CHAUHAN was observed in the vicinity of LOCATION_0115.,FIELD_SURVEILLANCE_UNIT,0.88
SURV_00169,,2025-01-14 00:20:50,LOCATION_0061,MeenaKapoor,,An individual resembling MeenaKapoor was observed in the vicinity of LOCATION_0061.,FIELD_SURVEILLANCE_UNIT,0.78
SURV_00170,,2025-02-19 18:52:35,LOCATION_0277,Ritu Pandey,VEHICLE_00085,Ritu Pandey was observed near LOCATION_0277; no unusual activity reported.,FIELD_SURVEILLANCE_UNIT,0.87
SURV_00171,,2024-11-10 15:44:09,LOCATION_0164,Neha Yadav,,Neha Yadav was observed near LOCATION_0164; no unusual activity reported.,FIELD_SURVEILLANCE_UNIT,0.72
SURV_00172,,2026-06-21 21:28:09,LOCATION_0156,AshokBhatt,VEHICLE_00485,An individual resembling AshokBhatt was observed in the vicinity of LOCATION_0156.,FIELD_SURVEILLANCE_UNIT,0.72
SURV_00173,,2026-04-11 20:08:04,LOCATION_0075,KARAN YADAV,,An individual resembling KARAN YADAV was observed in the vicinity of LOCATION_0075.,FIELD_SURVEILLANCE_UNIT,0.65
SURV_00174,,2024-04-02 18:22:55,LOCATION_0205,Kirti Nair,VEHICLE_00518,Kirti Nair was observed near LOCATION_0205; no unusual activity reported.,FIELD_SURVEILLANCE_UNIT,0.81
SURV_00175,,2025-07-06 10:00:19,LOCATION_0056,Pankaj Pandey,,Pankaj Pandey was observed near LOCATION_0056; no unusual activity reported.,FIELD_SURVEILLANCE_UNIT,0.9
SURV_00176,,2024-10-30 01:08:03,LOCATION_0183,Ravi Malhotra,,Ravi Malhotra was observed near LOCATION_0183; no unusual activity reported.,FIELD_SURVEILLANCE_UNIT,0.66
SURV_00177,,2024-05-01 22:49:45,LOCATION_0243,Harish S.,,An individual resembling Harish S. was observed in the vicinity of LOCATION_0243.,FIELD_SURVEILLANCE_UNIT,0.88
SURV_00178,,2026-02-14 06:19:52,LOCATION_0260,Deepika G.,,An individual resembling Deepika G. was observed in the vicinity of LOCATION_0260.,FIELD_SURVEILLANCE_UNIT,0.69
SURV_00179,,2025-01-01 11:19:10,LOCATION_0050,RITU MEENA,VEHICLE_00575,An individual resembling RITU MEENA was observed in the vicinity of LOCATION_0050.,FIELD_SURVEILLANCE_UNIT,0.62
SURV_00180,,2024-12-29 06:26:42,LOCATION_0139,Sanjay Naidu,VEHICLE_00517,Sanjay Naidu was observed near LOCATION_0139; no unusual activity reported.,FIELD_SURVEILLANCE_UNIT,0.59
SURV_00181,,2024-07-30 02:09:23,LOCATION_0211,M. Gupta,VEHICLE_00238,An individual resembling M. Gupta was observed in the vicinity of LOCATION_0211.,FIELD_SURVEILLANCE_UNIT,0.83
SURV_00182,,2025-03-19 05:02:33,LOCATION_0029,RajeshKapoor,,An individual resembling RajeshKapoor was observed in the vicinity of LOCATION_0029.,FIELD_SURVEILLANCE_UNIT,0.79
SURV_00183,,2025-06-29 05:32:10,LOCATION_0262,DeepakNaidu,VEHICLE_00423,An individual resembling DeepakNaidu was observed in the vicinity of LOCATION_0262.,FIELD_SURVEILLANCE_UNIT,0.79
SURV_00184,,2026-01-14 05:18:38,LOCATION_0133,Rajesh Meena,VEHICLE_00140,Rajesh Meena was observed near LOCATION_0133; no unusual activity reported.,FIELD_SURVEILLANCE_UNIT,0.75
SURV_00185,,2024-05-10 18:56:20,LOCATION_0045,SureshBansal,VEHICLE_00100,An individual resembling SureshBansal was observed in the vicinity of LOCATION_0045.,FIELD_SURVEILLANCE_UNIT,0.79
SURV_00186,,2024-01-02 11:45:28,LOCATION_0199,Manoj Gupta,,Manoj Gupta was observed near LOCATION_0199; no unusual activity reported.,FIELD_SURVEILLANCE_UNIT,0.71
SURV_00187,,2026-06-28 21:39:16,LOCATION_0139,Ritu Tiwari,VEHICLE_00592,Ritu Tiwari was observed near LOCATION_0139; no unusual activity reported.,FIELD_SURVEILLANCE_UNIT,0.83
SURV_00188,,2026-03-09 21:44:01,LOCATION_0214,AnjaliRathore,,An individual resembling AnjaliRathore was observed in the vicinity of LOCATION_0214.,FIELD_SURVEILLANCE_UNIT,0.76
SURV_00189,,2025-07-31 02:26:22,LOCATION_0037,Suresh Rathore,VEHICLE_00365,Suresh Rathore was observed near LOCATION_0037; no unusual activity reported.,FIELD_SURVEILLANCE_UNIT,0.74
SURV_00190,,2025-04-06 23:33:04,LOCATION_0026,Alka Reddy,,Alka Reddy was observed near LOCATION_0026; no unusual activity reported.,FIELD_SURVEILLANCE_UNIT,0.9
SURV_00191,,2025-08-07 06:53:50,LOCATION_0209,Gaurav Kapoor,,Gaurav Kapoor was observed near LOCATION_0209; no unusual activity reported.,FIELD_SURVEILLANCE_UNIT,0.66
SURV_00192,,2026-06-14 04:59:24,LOCATION_0029,Sandeep J.,VEHICLE_00458,An individual resembling Sandeep J. was observed in the vicinity of LOCATION_0029.,FIELD_SURVEILLANCE_UNIT,0.57
SURV_00193,,2026-02-27 20:41:32,LOCATION_0029,Sanjay Kapoor,,Sanjay Kapoor was observed near LOCATION_0029; no unusual activity reported.,FIELD_SURVEILLANCE_UNIT,0.76
SURV_00194,,2025-10-17 02:00:18,LOCATION_0226,Ashok Bhatt,VEHICLE_00485,Ashok Bhatt was observed near LOCATION_0226; no unusual activity reported.,FIELD_SURVEILLANCE_UNIT,0.84
SURV_00195,,2025-11-22 04:38:18,LOCATION_0088,Rajesh J.,,An individual resembling Rajesh J. was observed in the vicinity of LOCATION_0088.,FIELD_SURVEILLANCE_UNIT,0.78
SURV_00196,,2024-07-23 05:50:21,LOCATION_0023,Geeta Iyer,,Geeta Iyer was observed near LOCATION_0023; no unusual activity reported.,FIELD_SURVEILLANCE_UNIT,0.74
SURV_00197,,2025-09-24 07:25:27,LOCATION_0133,DEEPAK BANSAL,VEHICLE_00604,An individual resembling DEEPAK BANSAL was observed in the vicinity of LOCATION_0133.,FIELD_SURVEILLANCE_UNIT,0.64
SURV_00198,,2024-01-03 21:16:45,LOCATION_0142,Deepika Tiwari,,Deepika Tiwari was observed near LOCATION_0142; no unusual activity reported.,FIELD_SURVEILLANCE_UNIT,0.58
SURV_00199,,2025-01-02 00:38:47,LOCATION_0098,Sandeep Iyer,,Sandeep Iyer was observed near LOCATION_0098; no unusual activity reported.,FIELD_SURVEILLANCE_UNIT,0.85
SURV_00200,,2024-05-26 15:25:27,LOCATION_0281,Arjun Choudhary,VEHICLE_00557,Arjun Choudhary was observed near LOCATION_0281; no unusual activity reported.,FIELD_SURVEILLANCE_UNIT,0.7
SURV_00201,,2024-08-17 05:35:29,LOCATION_0180,vikram saxena,VEHICLE_00180,An individual resembling vikram saxena was observed in the vicinity of LOCATION_0180.,FIELD_SURVEILLANCE_UNIT,0.68
SURV_00202,,2024-07-31 08:47:59,LOCATION_0207,Tanvi Rathore,VEHICLE_00713,Tanvi Rathore was observed near LOCATION_0207; no unusual activity reported.,FIELD_SURVEILLANCE_UNIT,0.7
SURV_00203,,2025-03-28 11:00:42,LOCATION_0231,Anita Yadav,VEHICLE_00170,Anita Yadav was observed near LOCATION_0231; no unusual activity reported.,FIELD_SURVEILLANCE_UNIT,0.74
SURV_00204,,2024-05-24 22:26:11,LOCATION_0234,RAVI NAIR,,An individual resembling RAVI NAIR was observed in the vicinity of LOCATION_0234.,FIELD_SURVEILLANCE_UNIT,0.7
SURV_00205,,2026-02-15 20:07:46,LOCATION_0236,Tanvi Reddy,,Tanvi Reddy was observed near LOCATION_0236; no unusual activity reported.,FIELD_SURVEILLANCE_UNIT,0.85
SURV_00206,,2025-01-19 06:46:29,LOCATION_0194,Vivek K.,VEHICLE_00218,An individual resembling Vivek K. was observed in the vicinity of LOCATION_0194.,FIELD_SURVEILLANCE_UNIT,0.76
SURV_00207,,2026-02-22 22:55:03,LOCATION_0055,Neha Iyer,VEHICLE_00174,Neha Iyer was observed near LOCATION_0055; no unusual activity reported.,FIELD_SURVEILLANCE_UNIT,0.56
SURV_00208,,2024-12-08 03:27:02,LOCATION_0285,Anjali R.,,An individual resembling Anjali R. was observed in the vicinity of LOCATION_0285.,FIELD_SURVEILLANCE_UNIT,0.86
SURV_00209,,2024-04-28 10:47:17,LOCATION_0293,DEEPIKA NAIR,,An individual resembling DEEPIKA NAIR was observed in the vicinity of LOCATION_0293.,FIELD_SURVEILLANCE_UNIT,0.79
SURV_00210,,2025-03-22 08:20:32,LOCATION_0139,S. Saxena,VEHICLE_00503,An individual resembling S. Saxena was observed in the vicinity of LOCATION_0139.,FIELD_SURVEILLANCE_UNIT,0.79
SURV_00211,,2025-11-27 02:34:51,LOCATION_0123,Rekha Kapoor,,Rekha Kapoor was observed near LOCATION_0123; no unusual activity reported.,FIELD_SURVEILLANCE_UNIT,0.84
SURV_00212,,2026-05-27 00:29:16,LOCATION_0159,Karan Kulkarni,VEHICLE_00710,Karan Kulkarni was observed near LOCATION_0159; no unusual activity reported.,FIELD_SURVEILLANCE_UNIT,0.7
SURV_00213,,2026-02-12 00:20:24,LOCATION_0126,Rekha Singh,,Rekha Singh was observed near LOCATION_0126; no unusual activity reported.,FIELD_SURVEILLANCE_UNIT,0.77
SURV_00214,,2025-11-25 10:50:17,LOCATION_0114,N. Joshi,VEHICLE_00530,An individual resembling N. Joshi was observed in the vicinity of LOCATION_0114.,FIELD_SURVEILLANCE_UNIT,0.69
SURV_00215,,2025-02-11 20:18:08,LOCATION_0002,Deepak Nair,,Deepak Nair was observed near LOCATION_0002; no unusual activity reported.,FIELD_SURVEILLANCE_UNIT,0.75
SURV_00216,,2024-08-07 14:43:58,LOCATION_0212,Deepika Tiwari,VEHICLE_00402,Deepika Tiwari was observed near LOCATION_0212; no unusual activity reported.,FIELD_SURVEILLANCE_UNIT,0.71
SURV_00217,,2024-07-09 20:25:34,LOCATION_0169,NishaNaidu,,An individual resembling NishaNaidu was observed in the vicinity of LOCATION_0169.,FIELD_SURVEILLANCE_UNIT,0.84
SURV_00218,,2026-06-05 23:58:49,LOCATION_0189,Rajesh Singh,,Rajesh Singh was observed near LOCATION_0189; no unusual activity reported.,FIELD_SURVEILLANCE_UNIT,0.84
SURV_00219,,2024-07-30 19:22:01,LOCATION_0096,Yash Meena,,Yash Meena was observed near LOCATION_0096; no unusual activity reported.,FIELD_SURVEILLANCE_UNIT,0.68
SURV_00220,,2025-02-24 17:53:54,LOCATION_0058,Divya Kapoor,VEHICLE_00621,An individual resembling Divya Kapoor was observed in the vicinity of LOCATION_0058.,FIELD_SURVEILLANCE_UNIT,0.74
SURV_00221,,2024-12-14 10:06:17,LOCATION_0286,Sonia Saxena,VEHICLE_00343,An individual resembling Sonia Saxena was observed in the vicinity of LOCATION_0286.,FIELD_SURVEILLANCE_UNIT,0.75
SURV_00222,,2024-06-10 17:20:43,LOCATION_0290,Arjun Sharma,,Arjun Sharma was observed near LOCATION_0290; no unusual activity reported.,FIELD_SURVEILLANCE_UNIT,0.85
SURV_00223,,2024-09-12 01:05:15,LOCATION_0038,Anil Gupta,,Anil Gupta was observed near LOCATION_0038; no unusual activity reported.,FIELD_SURVEILLANCE_UNIT,0.61
SURV_00224,,2024-08-31 09:20:52,LOCATION_0080,HarishReddy,,An individual resembling HarishReddy was observed in the vicinity of LOCATION_0080.,FIELD_SURVEILLANCE_UNIT,0.68
SURV_00225,,2025-08-25 05:24:56,LOCATION_0049,Ritu Tiwari,VEHICLE_00592,Ritu Tiwari was observed near LOCATION_0049; no unusual activity reported.,FIELD_SURVEILLANCE_UNIT,0.64
SURV_00226,,2025-07-31 18:08:39,LOCATION_0264,Manju Naidu,VEHICLE_00646,Manju Naidu was observed near LOCATION_0264; no unusual activity reported.,FIELD_SURVEILLANCE_UNIT,0.77
SURV_00227,,2025-10-05 17:51:25,LOCATION_0225,NishaMalhotra,VEHICLE_00331,An individual resembling NishaMalhotra was observed in the vicinity of LOCATION_0225.,FIELD_SURVEILLANCE_UNIT,0.8
SURV_00228,,2025-05-21 07:41:19,LOCATION_0187,Vikram Gupta,,Vikram Gupta was observed near LOCATION_0187; no unusual activity reported.,FIELD_SURVEILLANCE_UNIT,0.56
SURV_00229,,2025-12-19 03:57:33,LOCATION_0278,Yash Yadav,,Yash Yadav was observed near LOCATION_0278; no unusual activity reported.,FIELD_SURVEILLANCE_UNIT,0.8
SURV_00230,,2024-06-09 13:10:28,LOCATION_0300,Sonia Verma,,Sonia Verma was observed near LOCATION_0300; no unusual activity reported.,FIELD_SURVEILLANCE_UNIT,0.79
SURV_00231,,2025-07-23 01:06:27,LOCATION_0171,Kirti Agarwal,VEHICLE_00599,Kirti Agarwal was observed near LOCATION_0171; no unusual activity reported.,FIELD_SURVEILLANCE_UNIT,0.57
SURV_00232,,2024-06-28 13:41:02,LOCATION_0069,RAJESH BANSAL,,An individual resembling RAJESH BANSAL was observed in the vicinity of LOCATION_0069.,FIELD_SURVEILLANCE_UNIT,0.86
SURV_00233,,2024-06-09 10:45:03,LOCATION_0078,RekhaBansal,VEHICLE_00300,An individual resembling RekhaBansal was observed in the vicinity of LOCATION_0078.,FIELD_SURVEILLANCE_UNIT,0.76
SURV_00234,,2025-04-02 07:06:27,LOCATION_0158,rekha sharma,,An individual resembling rekha sharma was observed in the vicinity of LOCATION_0158.,FIELD_SURVEILLANCE_UNIT,0.6
SURV_00235,,2025-05-09 00:25:53,LOCATION_0222,AnjaliMalhotra,,An individual resembling AnjaliMalhotra was observed in the vicinity of LOCATION_0222.,FIELD_SURVEILLANCE_UNIT,0.58
SURV_00236,,2025-01-25 03:21:41,LOCATION_0106,Ravi Malhotra,,Ravi Malhotra was observed near LOCATION_0106; no unusual activity reported.,FIELD_SURVEILLANCE_UNIT,0.87
SURV_00237,,2025-08-14 07:45:37,LOCATION_0093,SoniaTiwari,VEHICLE_00658,An individual resembling SoniaTiwari was observed in the vicinity of LOCATION_0093.,FIELD_SURVEILLANCE_UNIT,0.64
SURV_00238,,2025-06-03 16:49:06,LOCATION_0102,Sanjay Kulkarni,VEHICLE_00679,Sanjay Kulkarni was observed near LOCATION_0102; no unusual activity reported.,FIELD_SURVEILLANCE_UNIT,0.63
SURV_00239,,2025-12-14 19:58:00,LOCATION_0239,Ravi T.,,An individual resembling Ravi T. was observed in the vicinity of LOCATION_0239.,FIELD_SURVEILLANCE_UNIT,0.67
SURV_00240,,2024-12-19 16:31:59,LOCATION_0186,Preeti Kulkarni,VEHICLE_00313,Preeti Kulkarni was observed near LOCATION_0186; no unusual activity reported.,FIELD_SURVEILLANCE_UNIT,0.56
SURV_00241,,2024-05-13 02:48:06,LOCATION_0161,Karan Yadav,,Karan Yadav was observed near LOCATION_0161; no unusual activity reported.,FIELD_SURVEILLANCE_UNIT,0.83
SURV_00242,,2024-01-06 12:04:02,LOCATION_0228,Anjali Chauhan,,Anjali Chauhan was observed near LOCATION_0228; no unusual activity reported.,FIELD_SURVEILLANCE_UNIT,0.88
SURV_00243,,2024-10-10 18:01:52,LOCATION_0268,A. Yadav,VEHICLE_00171,An individual resembling A. Yadav was observed in the vicinity of LOCATION_0268.,FIELD_SURVEILLANCE_UNIT,0.84
SURV_00244,,2024-10-11 07:00:22,LOCATION_0152,Anita C.,,An individual resembling Anita C. was observed in the vicinity of LOCATION_0152.,FIELD_SURVEILLANCE_UNIT,0.77
SURV_00245,,2026-05-30 07:40:19,LOCATION_0147,Ravi Malhotra,,Ravi Malhotra was observed near LOCATION_0147; no unusual activity reported.,FIELD_SURVEILLANCE_UNIT,0.57
SURV_00246,,2024-02-05 12:29:45,LOCATION_0134,anil reddy,,An individual resembling anil reddy was observed in the vicinity of LOCATION_0134.,FIELD_SURVEILLANCE_UNIT,0.64
SURV_00247,,2024-01-25 19:42:01,LOCATION_0234,Pooja Mishra,,Pooja Mishra was observed near LOCATION_0234; no unusual activity reported.,FIELD_SURVEILLANCE_UNIT,0.55
SURV_00248,,2025-01-08 17:41:03,LOCATION_0226,aman joshi,,An individual resembling aman joshi was observed in the vicinity of LOCATION_0226.,FIELD_SURVEILLANCE_UNIT,0.57
SURV_00249,,2024-10-16 10:38:53,LOCATION_0033,Sonia Nair,VEHICLE_00590,Sonia Nair was observed near LOCATION_0033; no unusual activity reported.,FIELD_SURVEILLANCE_UNIT,0.68
SURV_00250,,2026-05-01 14:21:31,LOCATION_0212,Pankaj B.,,An individual resembling Pankaj B. was observed in the vicinity of LOCATION_0212.,FIELD_SURVEILLANCE_UNIT,0.66
SURV_00251,,2026-05-25 08:14:39,LOCATION_0020,RAJESH MISHRA,VEHICLE_00461,An individual resembling RAJESH MISHRA was observed in the vicinity of LOCATION_0020.,FIELD_SURVEILLANCE_UNIT,0.84
SURV_00252,,2024-01-28 19:30:20,LOCATION_0136,Tanvi Joshi,,An individual resembling Tanvi Joshi was observed in the vicinity of LOCATION_0136.,FIELD_SURVEILLANCE_UNIT,0.8
SURV_00253,,2025-01-05 18:17:47,LOCATION_0286,Rajesh Reddy,VEHICLE_00153,Rajesh Reddy was observed near LOCATION_0286; no unusual activity reported.,FIELD_SURVEILLANCE_UNIT,0.78
SURV_00254,,2025-03-25 15:45:14,LOCATION_0115,Preeti Kapoor,,Preeti Kapoor was observed near LOCATION_0115; no unusual activity reported.,FIELD_SURVEILLANCE_UNIT,0.67
SURV_00255,,2024-03-16 22:11:44,LOCATION_0295,anjali malhotra,,An individual resembling anjali malhotra was observed in the vicinity of LOCATION_0295.,FIELD_SURVEILLANCE_UNIT,0.6
SURV_00256,,2024-01-04 10:49:42,LOCATION_0227,Meena Bansal,,Meena Bansal was observed near LOCATION_0227; no unusual activity reported.,FIELD_SURVEILLANCE_UNIT,0.84
SURV_00257,,2024-08-31 07:53:00,LOCATION_0064,Deepak S.,VEHICLE_00184,An individual resembling Deepak S. was observed in the vicinity of LOCATION_0064.,FIELD_SURVEILLANCE_UNIT,0.67
SURV_00258,,2024-05-10 03:42:15,LOCATION_0128,Amit Mishra,VEHICLE_00661,Amit Mishra was observed near LOCATION_0128; no unusual activity reported.,FIELD_SURVEILLANCE_UNIT,0.66
SURV_00259,,2026-02-02 19:34:36,LOCATION_0175,Preeti Kapoor,,Preeti Kapoor was observed near LOCATION_0175; no unusual activity reported.,FIELD_SURVEILLANCE_UNIT,0.64
SURV_00260,,2025-11-25 04:30:00,LOCATION_0041,Pankaj Choudhary,VEHICLE_00601,Pankaj Choudhary was observed near LOCATION_0041; no unusual activity reported.,FIELD_SURVEILLANCE_UNIT,0.67
SURV_00261,,2025-11-29 16:02:19,LOCATION_0105,Alka Gupta,,Alka Gupta was observed near LOCATION_0105; no unusual activity reported.,FIELD_SURVEILLANCE_UNIT,0.88
SURV_00262,,2025-02-23 02:58:40,LOCATION_0132,S. Nair,VEHICLE_00228,An individual resembling S. Nair was observed in the vicinity of LOCATION_0132.,FIELD_SURVEILLANCE_UNIT,0.83
SURV_00263,,2025-03-06 15:03:00,LOCATION_0278,D. Verma,,An individual resembling D. Verma was observed in the vicinity of LOCATION_0278.,FIELD_SURVEILLANCE_UNIT,0.9
SURV_00264,,2026-03-17 17:09:23,LOCATION_0021,ravi yadav,,An individual resembling ravi yadav was observed in the vicinity of LOCATION_0021.,FIELD_SURVEILLANCE_UNIT,0.83
SURV_00265,,2026-05-31 09:22:07,LOCATION_0211,Kavita Singh,,Kavita Singh was observed near LOCATION_0211; no unusual activity reported.,FIELD_SURVEILLANCE_UNIT,0.66
SURV_00266,,2024-07-30 19:03:36,LOCATION_0189,PoojaPandey,VEHICLE_00350,An individual resembling PoojaPandey was observed in the vicinity of LOCATION_0189.,FIELD_SURVEILLANCE_UNIT,0.75
SURV_00267,,2024-10-03 19:36:12,LOCATION_0125,M. Reddy,VEHICLE_00745,An individual resembling M. Reddy was observed in the vicinity of LOCATION_0125.,FIELD_SURVEILLANCE_UNIT,0.72
SURV_00268,,2025-04-25 23:25:41,LOCATION_0209,Anil Gupta,,An individual resembling Anil Gupta was observed in the vicinity of LOCATION_0209.,FIELD_SURVEILLANCE_UNIT,0.73
SURV_00269,,2026-01-11 02:13:38,LOCATION_0297,N. Bhatt,,An individual resembling N. Bhatt was observed in the vicinity of LOCATION_0297.,FIELD_SURVEILLANCE_UNIT,0.68
SURV_00270,,2026-06-04 14:10:03,LOCATION_0001,TANVI NAIDU,,An individual resembling TANVI NAIDU was observed in the vicinity of LOCATION_0001.,FIELD_SURVEILLANCE_UNIT,0.73
SURV_00271,,2025-11-20 08:43:04,LOCATION_0059,AmanChoudhary,VEHICLE_00063,An individual resembling AmanChoudhary was observed in the vicinity of LOCATION_0059.,FIELD_SURVEILLANCE_UNIT,0.66
SURV_00272,,2026-02-25 05:10:33,LOCATION_0094,Shalini Saxena,,An individual resembling Shalini Saxena was observed in the vicinity of LOCATION_0094.,FIELD_SURVEILLANCE_UNIT,0.72
SURV_00273,,2025-08-02 18:56:59,LOCATION_0082,Isha B.,,An individual resembling Isha B. was observed in the vicinity of LOCATION_0082.,FIELD_SURVEILLANCE_UNIT,0.61
SURV_00274,,2024-01-08 19:31:26,LOCATION_0156,A. Saxena,,An individual resembling A. Saxena was observed in the vicinity of LOCATION_0156.,FIELD_SURVEILLANCE_UNIT,0.88
SURV_00275,,2024-03-14 10:51:43,LOCATION_0298,Neha S.,,An individual resembling Neha S. was observed in the vicinity of LOCATION_0298.,FIELD_SURVEILLANCE_UNIT,0.77
SURV_00276,,2025-10-18 06:18:19,LOCATION_0069,Suresh Pandey,,Suresh Pandey was observed near LOCATION_0069; no unusual activity reported.,FIELD_SURVEILLANCE_UNIT,0.84
SURV_00277,,2024-09-20 04:02:12,LOCATION_0156,ANITA SAXENA,,An individual resembling ANITA SAXENA was observed in the vicinity of LOCATION_0156.,FIELD_SURVEILLANCE_UNIT,0.74
SURV_00278,,2024-09-24 17:00:57,LOCATION_0107,Anjali Bansal,VEHICLE_00298,Anjali Bansal was observed near LOCATION_0107; no unusual activity reported.,FIELD_SURVEILLANCE_UNIT,0.81
SURV_00279,,2024-11-13 19:32:11,LOCATION_0263,Alka M.,,An individual resembling Alka M. was observed in the vicinity of LOCATION_0263.,FIELD_SURVEILLANCE_UNIT,0.66
SURV_00280,,2026-02-26 10:20:29,LOCATION_0004,Swati Iyer,,Swati Iyer was observed near LOCATION_0004; no unusual activity reported.,FIELD_SURVEILLANCE_UNIT,0.73
SURV_00281,,2024-09-26 09:06:00,LOCATION_0167,Naveen P.,,An individual resembling Naveen P. was observed in the vicinity of LOCATION_0167.,FIELD_SURVEILLANCE_UNIT,0.83
SURV_00282,,2026-05-23 14:43:00,LOCATION_0059,SWATI TIWARI,VEHICLE_00127,An individual resembling SWATI TIWARI was observed in the vicinity of LOCATION_0059.,FIELD_SURVEILLANCE_UNIT,0.83
SURV_00283,,2024-02-27 02:01:04,LOCATION_0169,Nikhil G.,VEHICLE_00152,An individual resembling Nikhil G. was observed in the vicinity of LOCATION_0169.,FIELD_SURVEILLANCE_UNIT,0.62
SURV_00284,,2024-08-28 19:50:04,LOCATION_0112,Ashok Bansal,VEHICLE_00364,Ashok Bansal was observed near LOCATION_0112; no unusual activity reported.,FIELD_SURVEILLANCE_UNIT,0.67
SURV_00285,,2024-08-29 15:28:46,LOCATION_0176,SoniaPandey,,An individual resembling SoniaPandey was observed in the vicinity of LOCATION_0176.,FIELD_SURVEILLANCE_UNIT,0.68
SURV_00286,,2025-12-29 19:27:27,LOCATION_0225,alka tiwari,,An individual resembling alka tiwari was observed in the vicinity of LOCATION_0225.,FIELD_SURVEILLANCE_UNIT,0.62
SURV_00287,,2025-12-04 08:10:53,LOCATION_0127,Ravi Kapoor,VEHICLE_00412,Ravi Kapoor was observed near LOCATION_0127; no unusual activity reported.,FIELD_SURVEILLANCE_UNIT,0.89
SURV_00288,,2025-02-27 08:12:13,LOCATION_0041,Tanvi Naidu,,An individual resembling Tanvi Naidu was observed in the vicinity of LOCATION_0041.,FIELD_SURVEILLANCE_UNIT,0.74
SURV_00289,,2026-02-27 18:34:38,LOCATION_0024,Arjun Singh,,Arjun Singh was observed near LOCATION_0024; no unusual activity reported.,FIELD_SURVEILLANCE_UNIT,0.65
SURV_00290,,2025-02-12 03:49:09,LOCATION_0002,Naveen Iyer,VEHICLE_00231,Naveen Iyer was observed near LOCATION_0002; no unusual activity reported.,FIELD_SURVEILLANCE_UNIT,0.57
SURV_00291,,2026-06-01 02:45:55,LOCATION_0102,VivekVerma,,An individual resembling VivekVerma was observed in the vicinity of LOCATION_0102.,FIELD_SURVEILLANCE_UNIT,0.84
SURV_00292,,2026-04-24 01:08:39,LOCATION_0261,SandeepAgarwal,,An individual resembling SandeepAgarwal was observed in the vicinity of LOCATION_0261.,FIELD_SURVEILLANCE_UNIT,0.63
SURV_00293,,2025-03-28 16:49:03,LOCATION_0055,N. Meena,,An individual resembling N. Meena was observed in the vicinity of LOCATION_0055.,FIELD_SURVEILLANCE_UNIT,0.77
SURV_00294,,2024-05-10 18:47:35,LOCATION_0042,swati pandey,,An individual resembling swati pandey was observed in the vicinity of LOCATION_0042.,FIELD_SURVEILLANCE_UNIT,0.76
SURV_00295,,2025-01-27 10:44:03,LOCATION_0063,nikhil saxena,,An individual resembling nikhil saxena was observed in the vicinity of LOCATION_0063.,FIELD_SURVEILLANCE_UNIT,0.58
SURV_00296,,2025-02-12 03:41:09,LOCATION_0244,REKHA NAIDU,VEHICLE_00445,An individual resembling REKHA NAIDU was observed in the vicinity of LOCATION_0244.,FIELD_SURVEILLANCE_UNIT,0.57
SURV_00297,,2024-04-27 03:41:21,LOCATION_0300,Suresh Tiwari,,Suresh Tiwari was observed near LOCATION_0300; no unusual activity reported.,FIELD_SURVEILLANCE_UNIT,0.56
SURV_00298,,2024-03-12 01:51:20,LOCATION_0238,Neha Joshi,,Neha Joshi was observed near LOCATION_0238; no unusual activity reported.,FIELD_SURVEILLANCE_UNIT,0.72
SURV_00299,,2024-02-10 02:23:04,LOCATION_0219,Karan Reddy,,Karan Reddy was observed near LOCATION_0219; no unusual activity reported.,FIELD_SURVEILLANCE_UNIT,0.61
SURV_00300,,2026-03-31 19:00:11,LOCATION_0025,Suresh Bansal,VEHICLE_00100,Suresh Bansal was observed near LOCATION_0025; no unusual activity reported.,FIELD_SURVEILLANCE_UNIT,0.68
SURV_00301,,2025-06-10 11:50:30,LOCATION_0014,Aman Sharma,VEHICLE_00024,Aman Sharma was observed near LOCATION_0014; no unusual activity reported.,FIELD_SURVEILLANCE_UNIT,0.57
SURV_00302,,2024-01-23 10:21:33,LOCATION_0041,Ravi Chauhan,,Ravi Chauhan was observed near LOCATION_0041; no unusual activity reported.,FIELD_SURVEILLANCE_UNIT,0.72
SURV_00303,,2024-02-10 02:20:14,LOCATION_0162,Deepak Nair,,Deepak Nair was observed near LOCATION_0162; no unusual activity reported.,FIELD_SURVEILLANCE_UNIT,0.75
SURV_00304,,2024-04-25 01:01:43,LOCATION_0135,Rekha Singh,VEHICLE_00109,Rekha Singh was observed near LOCATION_0135; no unusual activity reported.,FIELD_SURVEILLANCE_UNIT,0.64
SURV_00305,,2026-01-08 10:53:25,LOCATION_0153,ManjuKapoor,,An individual resembling ManjuKapoor was observed in the vicinity of LOCATION_0153.,FIELD_SURVEILLANCE_UNIT,0.78
SURV_00306,,2024-04-20 15:09:28,LOCATION_0164,Simran Yadav,,Simran Yadav was observed near LOCATION_0164; no unusual activity reported.,FIELD_SURVEILLANCE_UNIT,0.66
SURV_00307,,2026-02-04 14:33:48,LOCATION_0164,DIVYA VERMA,VEHICLE_00480,An individual resembling DIVYA VERMA was observed in the vicinity of LOCATION_0164.,FIELD_SURVEILLANCE_UNIT,0.76
SURV_00308,,2026-04-10 20:30:30,LOCATION_0084,ANIL REDDY,,An individual resembling ANIL REDDY was observed in the vicinity of LOCATION_0084.,FIELD_SURVEILLANCE_UNIT,0.67
SURV_00309,,2025-09-29 19:15:46,LOCATION_0187,Priya C.,,An individual resembling Priya C. was observed in the vicinity of LOCATION_0187.,FIELD_SURVEILLANCE_UNIT,0.85
SURV_00310,,2026-02-20 09:34:19,LOCATION_0122,ASHOK NAIR,,An individual resembling ASHOK NAIR was observed in the vicinity of LOCATION_0122.,FIELD_SURVEILLANCE_UNIT,0.76
SURV_00311,,2024-09-17 08:28:06,LOCATION_0138,Anjali Chauhan,,Anjali Chauhan was observed near LOCATION_0138; no unusual activity reported.,FIELD_SURVEILLANCE_UNIT,0.8
SURV_00312,,2025-07-14 23:46:15,LOCATION_0196,Naveen M.,,An individual resembling Naveen M. was observed in the vicinity of LOCATION_0196.,FIELD_SURVEILLANCE_UNIT,0.84
SURV_00313,,2025-12-02 03:41:43,LOCATION_0250,Vikram Meena,,Vikram Meena was observed near LOCATION_0250; no unusual activity reported.,FIELD_SURVEILLANCE_UNIT,0.66
SURV_00314,,2024-04-12 10:38:38,LOCATION_0296,Gaurav Pandey,,Gaurav Pandey was observed near LOCATION_0296; no unusual activity reported.,FIELD_SURVEILLANCE_UNIT,0.84
SURV_00315,,2025-11-26 07:09:15,LOCATION_0244,Nisha Kulkarni,,Nisha Kulkarni was observed near LOCATION_0244; no unusual activity reported.,FIELD_SURVEILLANCE_UNIT,0.76
SURV_00316,,2024-07-09 07:42:08,LOCATION_0294,SANJAY IYER,VEHICLE_00236,An individual resembling SANJAY IYER was observed in the vicinity of LOCATION_0294.,FIELD_SURVEILLANCE_UNIT,0.69
SURV_00317,,2024-05-29 12:41:29,LOCATION_0199,Priya Malhotra,,An individual resembling Priya Malhotra was observed in the vicinity of LOCATION_0199.,FIELD_SURVEILLANCE_UNIT,0.87
SURV_00318,,2024-10-05 06:24:19,LOCATION_0271,R. Gupta,VEHICLE_00042,An individual resembling R. Gupta was observed in the vicinity of LOCATION_0271.,FIELD_SURVEILLANCE_UNIT,0.71
SURV_00319,,2025-10-20 16:33:58,LOCATION_0204,Aman Agarwal,VEHICLE_00750,Aman Agarwal was observed near LOCATION_0204; no unusual activity reported.,FIELD_SURVEILLANCE_UNIT,0.88
SURV_00320,,2025-05-31 13:04:18,LOCATION_0254,Isha Chauhan,,Isha Chauhan was observed near LOCATION_0254; no unusual activity reported.,FIELD_SURVEILLANCE_UNIT,0.79
SURV_00321,,2025-07-30 15:33:47,LOCATION_0132,Isha Meena,,Isha Meena was observed near LOCATION_0132; no unusual activity reported.,FIELD_SURVEILLANCE_UNIT,0.69
SURV_00322,,2025-01-23 15:29:30,LOCATION_0044,Simran Saxena,,Simran Saxena was observed near LOCATION_0044; no unusual activity reported.,FIELD_SURVEILLANCE_UNIT,0.8
SURV_00323,,2025-02-06 12:24:22,LOCATION_0116,Gaurav Agarwal,,Gaurav Agarwal was observed near LOCATION_0116; no unusual activity reported.,FIELD_SURVEILLANCE_UNIT,0.63
SURV_00324,,2024-11-22 02:42:02,LOCATION_0021,Pankaj Mishra,VEHICLE_00370,Pankaj Mishra was observed near LOCATION_0021; no unusual activity reported.,FIELD_SURVEILLANCE_UNIT,0.82
SURV_00325,,2025-06-24 00:41:50,LOCATION_0255,Deepika V.,VEHICLE_00104,An individual resembling Deepika V. was observed in the vicinity of LOCATION_0255.,FIELD_SURVEILLANCE_UNIT,0.59
SURV_00326,,2026-01-20 10:30:30,LOCATION_0240,Deepika Bhatt,VEHICLE_00426,Deepika Bhatt was observed near LOCATION_0240; no unusual activity reported.,FIELD_SURVEILLANCE_UNIT,0.74
SURV_00327,,2024-02-15 00:30:27,LOCATION_0034,Vivek Pandey,,Vivek Pandey was observed near LOCATION_0034; no unusual activity reported.,FIELD_SURVEILLANCE_UNIT,0.81
SURV_00328,,2025-07-15 18:22:48,LOCATION_0187,Vikram Gupta,,An individual resembling Vikram Gupta was observed in the vicinity of LOCATION_0187.,FIELD_SURVEILLANCE_UNIT,0.88
SURV_00329,,2026-04-14 15:17:10,LOCATION_0049,Rohit Chauhan,,Rohit Chauhan was observed near LOCATION_0049; no unusual activity reported.,FIELD_SURVEILLANCE_UNIT,0.79
SURV_00330,,2024-12-06 18:36:31,LOCATION_0294,Vikram Tiwari,VEHICLE_00660,Vikram Tiwari was observed near LOCATION_0294; no unusual activity reported.,FIELD_SURVEILLANCE_UNIT,0.86
SURV_00331,,2025-03-30 04:30:38,LOCATION_0252,S. Yadav,VEHICLE_00019,An individual resembling S. Yadav was observed in the vicinity of LOCATION_0252.,FIELD_SURVEILLANCE_UNIT,0.64
SURV_00332,,2024-01-05 03:34:14,LOCATION_0095,Isha B.,,An individual resembling Isha B. was observed in the vicinity of LOCATION_0095.,FIELD_SURVEILLANCE_UNIT,0.76
SURV_00333,,2025-01-05 19:28:35,LOCATION_0249,ALKA BANSAL,,An individual resembling ALKA BANSAL was observed in the vicinity of LOCATION_0249.,FIELD_SURVEILLANCE_UNIT,0.57
SURV_00334,,2025-03-06 22:17:44,LOCATION_0005,RAJESH RATHORE,VEHICLE_00005,An individual resembling RAJESH RATHORE was observed in the vicinity of LOCATION_0005.,FIELD_SURVEILLANCE_UNIT,0.84
SURV_00335,,2024-11-10 10:27:08,LOCATION_0119,Deepika Mishra,VEHICLE_00073,Deepika Mishra was observed near LOCATION_0119; no unusual activity reported.,FIELD_SURVEILLANCE_UNIT,0.85
SURV_00336,,2025-11-18 20:53:11,LOCATION_0112,SIMRAN TIWARI,VEHICLE_00668,An individual resembling SIMRAN TIWARI was observed in the vicinity of LOCATION_0112.,FIELD_SURVEILLANCE_UNIT,0.84
SURV_00337,,2024-07-22 12:50:45,LOCATION_0219,ALKA CHAUHAN,,An individual resembling ALKA CHAUHAN was observed in the vicinity of LOCATION_0219.,FIELD_SURVEILLANCE_UNIT,0.59
SURV_00338,,2026-06-07 16:08:40,LOCATION_0206,MeenaNaidu,,An individual resembling MeenaNaidu was observed in the vicinity of LOCATION_0206.,FIELD_SURVEILLANCE_UNIT,0.67
SURV_00339,,2024-12-14 18:20:50,LOCATION_0050,Geeta Nair,VEHICLE_00158,Geeta Nair was observed near LOCATION_0050; no unusual activity reported.,FIELD_SURVEILLANCE_UNIT,0.81
SURV_00340,,2026-01-12 23:38:33,LOCATION_0063,Deepika Nair,,Deepika Nair was observed near LOCATION_0063; no unusual activity reported.,FIELD_SURVEILLANCE_UNIT,0.6
SURV_00341,,2025-02-18 06:26:15,LOCATION_0023,Deepak Sharma,,Deepak Sharma was observed near LOCATION_0023; no unusual activity reported.,FIELD_SURVEILLANCE_UNIT,0.63
SURV_00342,,2025-08-24 03:38:44,LOCATION_0260,Mohit Rathore,VEHICLE_00587,Mohit Rathore was observed near LOCATION_0260; no unusual activity reported.,FIELD_SURVEILLANCE_UNIT,0.64
SURV_00343,,2024-11-14 13:03:14,LOCATION_0220,Karan Choudhary,,Karan Choudhary was observed near LOCATION_0220; no unusual activity reported.,FIELD_SURVEILLANCE_UNIT,0.84
SURV_00344,,2025-04-13 07:57:51,LOCATION_0030,aman verma,VEHICLE_00214,An individual resembling aman verma was observed in the vicinity of LOCATION_0030.,FIELD_SURVEILLANCE_UNIT,0.79
SURV_00345,,2024-10-15 21:08:37,LOCATION_0036,A. Naidu,VEHICLE_00734,An individual resembling A. Naidu was observed in the vicinity of LOCATION_0036.,FIELD_SURVEILLANCE_UNIT,0.89
SURV_00346,,2025-06-05 08:01:08,LOCATION_0167,Gaurav Agarwal,,Gaurav Agarwal was observed near LOCATION_0167; no unusual activity reported.,FIELD_SURVEILLANCE_UNIT,0.58
SURV_00347,,2025-07-26 14:27:46,LOCATION_0227,naveen pandey,,An individual resembling naveen pandey was observed in the vicinity of LOCATION_0227.,FIELD_SURVEILLANCE_UNIT,0.84
SURV_00348,,2024-08-17 02:02:49,LOCATION_0156,Naveen Pandey,,An individual resembling Naveen Pandey was observed in the vicinity of LOCATION_0156.,FIELD_SURVEILLANCE_UNIT,0.62
SURV_00349,,2025-05-18 21:39:10,LOCATION_0184,Sanjay Iyer,VEHICLE_00634,Sanjay Iyer was observed near LOCATION_0184; no unusual activity reported.,FIELD_SURVEILLANCE_UNIT,0.68
SURV_00350,,2024-07-06 04:45:55,LOCATION_0007,Vikram Choudhary,,Vikram Choudhary was observed near LOCATION_0007; no unusual activity reported.,FIELD_SURVEILLANCE_UNIT,0.61
SURV_00351,,2026-03-15 15:25:50,LOCATION_0147,Pankaj V.,,An individual resembling Pankaj V. was observed in the vicinity of LOCATION_0147.,FIELD_SURVEILLANCE_UNIT,0.85
SURV_00352,,2024-10-07 22:48:46,LOCATION_0267,Sunita Gupta,VEHICLE_00179,Sunita Gupta was observed near LOCATION_0267; no unusual activity reported.,FIELD_SURVEILLANCE_UNIT,0.57
SURV_00353,,2025-11-09 23:13:26,LOCATION_0100,PRIYA CHAUHAN,,An individual resembling PRIYA CHAUHAN was observed in the vicinity of LOCATION_0100.,FIELD_SURVEILLANCE_UNIT,0.6
SURV_00354,,2025-10-26 00:22:35,LOCATION_0034,Rajesh Reddy,,Rajesh Reddy was observed near LOCATION_0034; no unusual activity reported.,FIELD_SURVEILLANCE_UNIT,0.7
SURV_00355,,2025-03-22 15:41:13,LOCATION_0151,Harish Gupta,,Harish Gupta was observed near LOCATION_0151; no unusual activity reported.,FIELD_SURVEILLANCE_UNIT,0.85
SURV_00356,,2025-05-22 19:25:13,LOCATION_0221,A. Naidu,,An individual resembling A. Naidu was observed in the vicinity of LOCATION_0221.,FIELD_SURVEILLANCE_UNIT,0.71
SURV_00357,,2024-04-28 12:24:50,LOCATION_0018,Harish Pandey,VEHICLE_00700,An individual resembling Harish Pandey was observed in the vicinity of LOCATION_0018.,FIELD_SURVEILLANCE_UNIT,0.72
SURV_00358,,2025-04-16 11:11:57,LOCATION_0004,Divya Choudhary,VEHICLE_00457,Divya Choudhary was observed near LOCATION_0004; no unusual activity reported.,FIELD_SURVEILLANCE_UNIT,0.72
SURV_00359,,2024-11-08 00:13:36,LOCATION_0160,Arjun Bhatt,,Arjun Bhatt was observed near LOCATION_0160; no unusual activity reported.,FIELD_SURVEILLANCE_UNIT,0.86
SURV_00360,,2025-09-06 18:53:52,LOCATION_0264,Rahul Gupta,VEHICLE_00441,Rahul Gupta was observed near LOCATION_0264; no unusual activity reported.,FIELD_SURVEILLANCE_UNIT,0.76
SURV_00361,,2025-03-01 00:35:04,LOCATION_0049,simran choudhary,VEHICLE_00159,An individual resembling simran choudhary was observed in the vicinity of LOCATION_0049.,FIELD_SURVEILLANCE_UNIT,0.55
SURV_00362,,2026-01-12 12:14:13,LOCATION_0111,Karan Chauhan,,Karan Chauhan was observed near LOCATION_0111; no unusual activity reported.,FIELD_SURVEILLANCE_UNIT,0.7
SURV_00363,,2025-03-27 03:38:04,LOCATION_0013,Ravi Sharma,,Ravi Sharma was observed near LOCATION_0013; no unusual activity reported.,FIELD_SURVEILLANCE_UNIT,0.71
SURV_00364,,2026-04-26 08:34:02,LOCATION_0295,Ravi K.,VEHICLE_00437,An individual resembling Ravi K. was observed in the vicinity of LOCATION_0295.,FIELD_SURVEILLANCE_UNIT,0.66
SURV_00365,,2024-10-01 01:58:12,LOCATION_0115,N. Kapoor,VEHICLE_00379,An individual resembling N. Kapoor was observed in the vicinity of LOCATION_0115.,FIELD_SURVEILLANCE_UNIT,0.56
SURV_00366,,2025-02-16 14:08:14,LOCATION_0244,yash reddy,VEHICLE_00569,An individual resembling yash reddy was observed in the vicinity of LOCATION_0244.,FIELD_SURVEILLANCE_UNIT,0.86
SURV_00367,,2026-01-28 18:16:15,LOCATION_0071,Karan Y.,,An individual resembling Karan Y. was observed in the vicinity of LOCATION_0071.,FIELD_SURVEILLANCE_UNIT,0.88
SURV_00368,,2025-10-24 19:00:10,LOCATION_0072,kavita naidu,VEHICLE_00627,An individual resembling kavita naidu was observed in the vicinity of LOCATION_0072.,FIELD_SURVEILLANCE_UNIT,0.9
SURV_00369,,2024-04-05 17:05:09,LOCATION_0105,Vivek Bansal,VEHICLE_00733,Vivek Bansal was observed near LOCATION_0105; no unusual activity reported.,FIELD_SURVEILLANCE_UNIT,0.81
SURV_00370,,2026-05-12 19:24:36,LOCATION_0299,Deepika C.,VEHICLE_00497,An individual resembling Deepika C. was observed in the vicinity of LOCATION_0299.,FIELD_SURVEILLANCE_UNIT,0.89
SURV_00371,,2025-07-18 06:33:58,LOCATION_0161,NAVEEN NAIR,,An individual resembling NAVEEN NAIR was observed in the vicinity of LOCATION_0161.,FIELD_SURVEILLANCE_UNIT,0.64
SURV_00372,,2025-07-13 15:04:28,LOCATION_0088,MEENA TIWARI,,An individual resembling MEENA TIWARI was observed in the vicinity of LOCATION_0088.,FIELD_SURVEILLANCE_UNIT,0.6
SURV_00373,,2026-05-02 05:36:21,LOCATION_0086,sunita naidu,VEHICLE_00610,An individual resembling sunita naidu was observed in the vicinity of LOCATION_0086.,FIELD_SURVEILLANCE_UNIT,0.76
SURV_00374,,2024-11-07 06:29:29,LOCATION_0116,PoojaMishra,VEHICLE_00650,An individual resembling PoojaMishra was observed in the vicinity of LOCATION_0116.,FIELD_SURVEILLANCE_UNIT,0.61
SURV_00375,,2024-07-21 09:58:08,LOCATION_0246,R. Reddy,VEHICLE_00153,An individual resembling R. Reddy was observed in the vicinity of LOCATION_0246.,FIELD_SURVEILLANCE_UNIT,0.79
SURV_00376,,2025-10-09 08:41:15,LOCATION_0174,MOHIT KAPOOR,VEHICLE_00730,An individual resembling MOHIT KAPOOR was observed in the vicinity of LOCATION_0174.,FIELD_SURVEILLANCE_UNIT,0.82
SURV_00377,,2025-09-24 11:42:34,LOCATION_0273,Nisha Mishra,VEHICLE_00337,Nisha Mishra was observed near LOCATION_0273; no unusual activity reported.,FIELD_SURVEILLANCE_UNIT,0.57
SURV_00378,,2024-09-10 02:42:30,LOCATION_0060,ANIL TIWARI,,An individual resembling ANIL TIWARI was observed in the vicinity of LOCATION_0060.,FIELD_SURVEILLANCE_UNIT,0.77
SURV_00379,,2025-09-06 13:42:40,LOCATION_0279,AnjaliChauhan,VEHICLE_00194,An individual resembling AnjaliChauhan was observed in the vicinity of LOCATION_0279.,FIELD_SURVEILLANCE_UNIT,0.72
SURV_00380,,2025-06-20 08:02:23,LOCATION_0173,RITU SINGH,VEHICLE_00016,An individual resembling RITU SINGH was observed in the vicinity of LOCATION_0173.,FIELD_SURVEILLANCE_UNIT,0.71
SURV_00381,,2024-04-14 05:03:12,LOCATION_0114,Divya Choudhary,VEHICLE_00457,Divya Choudhary was observed near LOCATION_0114; no unusual activity reported.,FIELD_SURVEILLANCE_UNIT,0.85
SURV_00382,,2024-02-07 01:55:02,LOCATION_0079,Aman K.,VEHICLE_00447,An individual resembling Aman K. was observed in the vicinity of LOCATION_0079.,FIELD_SURVEILLANCE_UNIT,0.68
SURV_00383,,2025-08-29 01:21:09,LOCATION_0061,Vikram A.,VEHICLE_00066,An individual resembling Vikram A. was observed in the vicinity of LOCATION_0061.,FIELD_SURVEILLANCE_UNIT,0.63
SURV_00384,,2025-12-22 20:12:33,LOCATION_0208,Kavita Sharma,VEHICLE_00526,Kavita Sharma was observed near LOCATION_0208; no unusual activity reported.,FIELD_SURVEILLANCE_UNIT,0.69
SURV_00385,,2026-05-22 08:32:51,LOCATION_0065,NIKHIL GUPTA,VEHICLE_00142,An individual resembling NIKHIL GUPTA was observed in the vicinity of LOCATION_0065.,FIELD_SURVEILLANCE_UNIT,0.77
SURV_00386,,2024-12-01 05:07:44,LOCATION_0282,Suresh Mishra,VEHICLE_00263,Suresh Mishra was observed near LOCATION_0282; no unusual activity reported.,FIELD_SURVEILLANCE_UNIT,0.6
SURV_00387,,2025-01-05 13:56:56,LOCATION_0292,Anil C.,VEHICLE_00223,An individual resembling Anil C. was observed in the vicinity of LOCATION_0292.,FIELD_SURVEILLANCE_UNIT,0.62
SURV_00388,,2026-04-03 21:52:10,LOCATION_0176,Rekha Singh,,An individual resembling Rekha Singh was observed in the vicinity of LOCATION_0176.,FIELD_SURVEILLANCE_UNIT,0.78
SURV_00389,,2024-12-26 23:57:04,LOCATION_0107,S. Choudhary,,An individual resembling S. Choudhary was observed in the vicinity of LOCATION_0107.,FIELD_SURVEILLANCE_UNIT,0.86
SURV_00390,,2024-07-07 16:59:08,LOCATION_0225,meena choudhary,VEHICLE_00251,An individual resembling meena choudhary was observed in the vicinity of LOCATION_0225.,FIELD_SURVEILLANCE_UNIT,0.76
SURV_00391,,2024-01-16 06:59:04,LOCATION_0070,Karan Kulkarni,,Karan Kulkarni was observed near LOCATION_0070; no unusual activity reported.,FIELD_SURVEILLANCE_UNIT,0.8
SURV_00392,,2025-09-19 01:40:02,LOCATION_0225,Kavita Reddy,,Kavita Reddy was observed near LOCATION_0225; no unusual activity reported.,FIELD_SURVEILLANCE_UNIT,0.68
SURV_00393,,2024-05-01 14:25:35,LOCATION_0193,R. Singh,VEHICLE_00016,An individual resembling R. Singh was observed in the vicinity of LOCATION_0193.,FIELD_SURVEILLANCE_UNIT,0.68
SURV_00394,,2025-03-21 12:56:56,LOCATION_0285,Rohit N.,VEHICLE_00728,An individual resembling Rohit N. was observed in the vicinity of LOCATION_0285.,FIELD_SURVEILLANCE_UNIT,0.88
SURV_00395,,2024-12-16 06:10:38,LOCATION_0234,Amit R.,,An individual resembling Amit R. was observed in the vicinity of LOCATION_0234.,FIELD_SURVEILLANCE_UNIT,0.66
SURV_00396,,2025-08-23 06:15:47,LOCATION_0180,Harish Bansal,VEHICLE_00705,Harish Bansal was observed near LOCATION_0180; no unusual activity reported.,FIELD_SURVEILLANCE_UNIT,0.62
SURV_00397,,2025-06-05 18:46:12,LOCATION_0171,Divya Singh,VEHICLE_00280,Divya Singh was observed near LOCATION_0171; no unusual activity reported.,FIELD_SURVEILLANCE_UNIT,0.84
SURV_00398,,2026-02-02 16:35:11,LOCATION_0233,Preeti Singh,VEHICLE_00133,Preeti Singh was observed near LOCATION_0233; no unusual activity reported.,FIELD_SURVEILLANCE_UNIT,0.56
SURV_00399,,2026-05-12 07:16:15,LOCATION_0223,D. Bhatt,VEHICLE_00633,An individual resembling D. Bhatt was observed in the vicinity of LOCATION_0223.,FIELD_SURVEILLANCE_UNIT,0.81
SURV_00400,,2025-12-05 02:55:24,LOCATION_0066,M. Kapoor,,An individual resembling M. Kapoor was observed in the vicinity of LOCATION_0066.,FIELD_SURVEILLANCE_UNIT,0.77
SURV_00401,,2024-12-06 13:12:09,LOCATION_0300,Deepika Tiwari,VEHICLE_00388,An individual resembling Deepika Tiwari was observed in the vicinity of LOCATION_0300.,FIELD_SURVEILLANCE_UNIT,0.82
SURV_00402,,2024-11-16 10:00:33,LOCATION_0036,Rohit Pandey,VEHICLE_00656,Rohit Pandey was observed near LOCATION_0036; no unusual activity reported.,FIELD_SURVEILLANCE_UNIT,0.63
SURV_00403,,2024-09-27 18:37:44,LOCATION_0169,anita joshi,,An individual resembling anita joshi was observed in the vicinity of LOCATION_0169.,FIELD_SURVEILLANCE_UNIT,0.71
SURV_00404,,2024-07-30 13:55:37,LOCATION_0129,S. Verma,VEHICLE_00725,An individual resembling S. Verma was observed in the vicinity of LOCATION_0129.,FIELD_SURVEILLANCE_UNIT,0.73
SURV_00405,,2024-03-15 04:46:30,LOCATION_0273,Preeti S.,VEHICLE_00133,An individual resembling Preeti S. was observed in the vicinity of LOCATION_0273.,FIELD_SURVEILLANCE_UNIT,0.65
SURV_00406,,2024-04-22 01:07:19,LOCATION_0239,Sandeep Joshi,VEHICLE_00458,An individual resembling Sandeep Joshi was observed in the vicinity of LOCATION_0239.,FIELD_SURVEILLANCE_UNIT,0.72
SURV_00407,,2025-08-06 23:33:51,LOCATION_0030,A. Reddy,VEHICLE_00527,An individual resembling A. Reddy was observed in the vicinity of LOCATION_0030.,FIELD_SURVEILLANCE_UNIT,0.84
SURV_00408,,2024-02-27 00:45:01,LOCATION_0269,KIRTI SAXENA,VEHICLE_00628,An individual resembling KIRTI SAXENA was observed in the vicinity of LOCATION_0269.,FIELD_SURVEILLANCE_UNIT,0.82
SURV_00409,,2025-07-26 14:44:47,LOCATION_0144,Divya Saxena,VEHICLE_00703,An individual resembling Divya Saxena was observed in the vicinity of LOCATION_0144.,FIELD_SURVEILLANCE_UNIT,0.76
SURV_00410,,2024-06-29 09:23:03,LOCATION_0160,Kavita Kulkarni,VEHICLE_00332,Kavita Kulkarni was observed near LOCATION_0160; no unusual activity reported.,FIELD_SURVEILLANCE_UNIT,0.72
SURV_00411,,2024-04-10 04:08:12,LOCATION_0006,ALKA CHOUDHARY,,An individual resembling ALKA CHOUDHARY was observed in the vicinity of LOCATION_0006.,FIELD_SURVEILLANCE_UNIT,0.83
SURV_00412,,2025-04-08 07:46:01,LOCATION_0221,Preeti S.,VEHICLE_00193,An individual resembling Preeti S. was observed in the vicinity of LOCATION_0221.,FIELD_SURVEILLANCE_UNIT,0.8
SURV_00413,,2025-07-11 08:19:23,LOCATION_0224,Vivek Yadav,,Vivek Yadav was observed near LOCATION_0224; no unusual activity reported.,FIELD_SURVEILLANCE_UNIT,0.74
SURV_00414,,2025-01-15 05:24:56,LOCATION_0094,Divya Bansal,,Divya Bansal was observed near LOCATION_0094; no unusual activity reported.,FIELD_SURVEILLANCE_UNIT,0.85
SURV_00415,,2025-12-31 04:05:51,LOCATION_0115,SUNITA SAXENA,VEHICLE_00154,An individual resembling SUNITA SAXENA was observed in the vicinity of LOCATION_0115.,FIELD_SURVEILLANCE_UNIT,0.71
SURV_00416,,2025-07-09 13:45:55,LOCATION_0056,RohitChoudhary,VEHICLE_00048,An individual resembling RohitChoudhary was observed in the vicinity of LOCATION_0056.,FIELD_SURVEILLANCE_UNIT,0.78
SURV_00417,,2026-06-14 15:04:31,LOCATION_0273,Ravi Sharma,,Ravi Sharma was observed near LOCATION_0273; no unusual activity reported.,FIELD_SURVEILLANCE_UNIT,0.65
SURV_00418,,2025-11-11 00:28:04,LOCATION_0182,N. Naidu,,An individual resembling N. Naidu was observed in the vicinity of LOCATION_0182.,FIELD_SURVEILLANCE_UNIT,0.58
SURV_00419,,2024-08-03 07:13:42,LOCATION_0159,Rekha R.,,An individual resembling Rekha R. was observed in the vicinity of LOCATION_0159.,FIELD_SURVEILLANCE_UNIT,0.66
SURV_00420,,2024-04-29 10:08:28,LOCATION_0008,Mohit K.,VEHICLE_00635,An individual resembling Mohit K. was observed in the vicinity of LOCATION_0008.,FIELD_SURVEILLANCE_UNIT,0.68
SURV_00421,,2024-01-16 01:31:51,LOCATION_0026,Manju Bansal,VEHICLE_00702,An individual resembling Manju Bansal was observed in the vicinity of LOCATION_0026.,FIELD_SURVEILLANCE_UNIT,0.84
SURV_00422,,2025-01-13 23:20:34,LOCATION_0048,Anjali Reddy,VEHICLE_00638,Anjali Reddy was observed near LOCATION_0048; no unusual activity reported.,FIELD_SURVEILLANCE_UNIT,0.65
SURV_00423,,2025-07-18 16:33:55,LOCATION_0211,Deepika Chauhan,VEHICLE_00677,Deepika Chauhan was observed near LOCATION_0211; no unusual activity reported.,FIELD_SURVEILLANCE_UNIT,0.81
SURV_00424,,2024-10-11 17:40:52,LOCATION_0147,Meena Choudhary,,Meena Choudhary was observed near LOCATION_0147; no unusual activity reported.,FIELD_SURVEILLANCE_UNIT,0.78
SURV_00425,,2025-11-13 02:21:25,LOCATION_0071,Kirti Agarwal,VEHICLE_00599,Kirti Agarwal was observed near LOCATION_0071; no unusual activity reported.,FIELD_SURVEILLANCE_UNIT,0.81
SURV_00426,,2026-02-03 00:28:34,LOCATION_0247,vikram iyer,VEHICLE_00427,An individual resembling vikram iyer was observed in the vicinity of LOCATION_0247.,FIELD_SURVEILLANCE_UNIT,0.55
SURV_00427,,2024-03-13 11:38:31,LOCATION_0219,Nisha G.,VEHICLE_00126,An individual resembling Nisha G. was observed in the vicinity of LOCATION_0219.,FIELD_SURVEILLANCE_UNIT,0.59
SURV_00428,,2024-11-09 22:24:33,LOCATION_0096,POOJA VERMA,VEHICLE_00266,An individual resembling POOJA VERMA was observed in the vicinity of LOCATION_0096.,FIELD_SURVEILLANCE_UNIT,0.78
SURV_00429,,2024-05-13 07:33:49,LOCATION_0118,Kirti Choudhary,,An individual resembling Kirti Choudhary was observed in the vicinity of LOCATION_0118.,FIELD_SURVEILLANCE_UNIT,0.78
SURV_00430,,2024-12-03 06:10:10,LOCATION_0188,Pankaj Choudhary,VEHICLE_00110,Pankaj Choudhary was observed near LOCATION_0188; no unusual activity reported.,FIELD_SURVEILLANCE_UNIT,0.85
SURV_00431,,2025-02-14 23:38:50,LOCATION_0040,A. Sharma,VEHICLE_00695,An individual resembling A. Sharma was observed in the vicinity of LOCATION_0040.,FIELD_SURVEILLANCE_UNIT,0.82
SURV_00432,,2026-04-06 19:58:43,LOCATION_0201,Sunita Kapoor,VEHICLE_00322,Sunita Kapoor was observed near LOCATION_0201; no unusual activity reported.,FIELD_SURVEILLANCE_UNIT,0.67
SURV_00433,,2024-07-26 18:30:22,LOCATION_0239,K. Saxena,VEHICLE_00070,An individual resembling K. Saxena was observed in the vicinity of LOCATION_0239.,FIELD_SURVEILLANCE_UNIT,0.76
SURV_00434,,2026-05-16 13:31:42,LOCATION_0119,Ravi Y.,VEHICLE_00040,An individual resembling Ravi Y. was observed in the vicinity of LOCATION_0119.,FIELD_SURVEILLANCE_UNIT,0.61
SURV_00435,,2024-06-23 13:11:05,LOCATION_0244,Isha Kulkarni,VEHICLE_00309,Isha Kulkarni was observed near LOCATION_0244; no unusual activity reported.,FIELD_SURVEILLANCE_UNIT,0.73
SURV_00436,,2025-10-23 11:01:44,LOCATION_0270,S. Pandey,,An individual resembling S. Pandey was observed in the vicinity of LOCATION_0270.,FIELD_SURVEILLANCE_UNIT,0.67
SURV_00437,,2025-12-07 03:05:08,LOCATION_0261,Harish V.,,An individual resembling Harish V. was observed in the vicinity of LOCATION_0261.,FIELD_SURVEILLANCE_UNIT,0.83
SURV_00438,,2026-03-14 21:37:28,LOCATION_0287,Gaurav Agarwal,,Gaurav Agarwal was observed near LOCATION_0287; no unusual activity reported.,FIELD_SURVEILLANCE_UNIT,0.64
SURV_00439,,2025-09-26 23:45:31,LOCATION_0154,Divya Bansal,,Divya Bansal was observed near LOCATION_0154; no unusual activity reported.,FIELD_SURVEILLANCE_UNIT,0.71
SURV_00440,,2024-09-03 18:19:00,LOCATION_0271,Divya Meena,,Divya Meena was observed near LOCATION_0271; no unusual activity reported.,FIELD_SURVEILLANCE_UNIT,0.65
SURV_00441,,2024-08-01 19:17:12,LOCATION_0148,Rekha Meena,,An individual resembling Rekha Meena was observed in the vicinity of LOCATION_0148.,FIELD_SURVEILLANCE_UNIT,0.6
SURV_00442,,2026-03-13 16:34:56,LOCATION_0122,Kirti Yadav,,Kirti Yadav was observed near LOCATION_0122; no unusual activity reported.,FIELD_SURVEILLANCE_UNIT,0.57
SURV_00443,,2026-01-31 01:43:27,LOCATION_0238,Rekha Meena,,Rekha Meena was observed near LOCATION_0238; no unusual activity reported.,FIELD_SURVEILLANCE_UNIT,0.85
SURV_00444,,2025-11-28 13:29:53,LOCATION_0231,RAVI CHAUHAN,,An individual resembling RAVI CHAUHAN was observed in the vicinity of LOCATION_0231.,FIELD_SURVEILLANCE_UNIT,0.66
SURV_00445,,2026-01-02 15:09:33,LOCATION_0276,K. Kulkarni,,An individual resembling K. Kulkarni was observed in the vicinity of LOCATION_0276.,FIELD_SURVEILLANCE_UNIT,0.61
SURV_00446,,2024-07-18 04:44:55,LOCATION_0146,PREETI KULKARNI,VEHICLE_00313,An individual resembling PREETI KULKARNI was observed in the vicinity of LOCATION_0146.,FIELD_SURVEILLANCE_UNIT,0.58
SURV_00447,,2024-09-20 06:40:34,LOCATION_0221,Ravi Chauhan,,Ravi Chauhan was observed near LOCATION_0221; no unusual activity reported.,FIELD_SURVEILLANCE_UNIT,0.88
SURV_00448,,2024-04-24 13:11:40,LOCATION_0263,Mohit Joshi,,Mohit Joshi was observed near LOCATION_0263; no unusual activity reported.,FIELD_SURVEILLANCE_UNIT,0.64
SURV_00449,,2025-04-28 13:47:59,LOCATION_0015,N. Kulkarni,,An individual resembling N. Kulkarni was observed in the vicinity of LOCATION_0015.,FIELD_SURVEILLANCE_UNIT,0.82
SURV_00450,,2024-05-24 16:42:09,LOCATION_0269,Kirti Kapoor,,Kirti Kapoor was observed near LOCATION_0269; no unusual activity reported.,FIELD_SURVEILLANCE_UNIT,0.61
SURV_00451,,2026-06-19 16:35:14,LOCATION_0133,Ashok R.,,An individual resembling Ashok R. was observed in the vicinity of LOCATION_0133.,FIELD_SURVEILLANCE_UNIT,0.86
SURV_00452,,2026-05-25 20:27:52,LOCATION_0206,Meena Yadav,,Meena Yadav was observed near LOCATION_0206; no unusual activity reported.,FIELD_SURVEILLANCE_UNIT,0.79
SURV_00453,,2025-05-20 01:56:28,LOCATION_0088,Rajesh J.,,An individual resembling Rajesh J. was observed in the vicinity of LOCATION_0088.,FIELD_SURVEILLANCE_UNIT,0.88
SURV_00454,,2024-11-14 03:44:37,LOCATION_0149,Pooja Choudhary,,Pooja Choudhary was observed near LOCATION_0149; no unusual activity reported.,FIELD_SURVEILLANCE_UNIT,0.7
SURV_00455,,2026-06-08 08:53:57,LOCATION_0114,shalini sharma,VEHICLE_00026,An individual resembling shalini sharma was observed in the vicinity of LOCATION_0114.,FIELD_SURVEILLANCE_UNIT,0.85
SURV_00456,,2025-07-24 06:23:19,LOCATION_0103,Kirti Gupta,,Kirti Gupta was observed near LOCATION_0103; no unusual activity reported.,FIELD_SURVEILLANCE_UNIT,0.79
SURV_00457,,2025-07-16 20:57:29,LOCATION_0006,Deepika Iyer,VEHICLE_00356,Deepika Iyer was observed near LOCATION_0006; no unusual activity reported.,FIELD_SURVEILLANCE_UNIT,0.84
SURV_00458,,2024-11-12 03:22:55,LOCATION_0128,VivekBhatt,VEHICLE_00731,An individual resembling VivekBhatt was observed in the vicinity of LOCATION_0128.,FIELD_SURVEILLANCE_UNIT,0.59
SURV_00459,,2025-06-21 11:18:52,LOCATION_0059,suresh verma,VEHICLE_00725,An individual resembling suresh verma was observed in the vicinity of LOCATION_0059.,FIELD_SURVEILLANCE_UNIT,0.67
SURV_00460,,2024-12-08 19:18:14,LOCATION_0254,Rahul N.,VEHICLE_00209,An individual resembling Rahul N. was observed in the vicinity of LOCATION_0254.,FIELD_SURVEILLANCE_UNIT,0.79
SURV_00461,,2024-10-21 07:43:26,LOCATION_0176,Kirti Joshi,,Kirti Joshi was observed near LOCATION_0176; no unusual activity reported.,FIELD_SURVEILLANCE_UNIT,0.82
SURV_00462,,2025-07-06 13:34:01,LOCATION_0257,S. Mishra,,An individual resembling S. Mishra was observed in the vicinity of LOCATION_0257.,FIELD_SURVEILLANCE_UNIT,0.73
SURV_00463,,2024-10-13 23:29:43,LOCATION_0132,Tanvi Mishra,VEHICLE_00448,An individual resembling Tanvi Mishra was observed in the vicinity of LOCATION_0132.,FIELD_SURVEILLANCE_UNIT,0.8
SURV_00464,,2025-06-12 04:36:20,LOCATION_0079,simran chauhan,,An individual resembling simran chauhan was observed in the vicinity of LOCATION_0079.,FIELD_SURVEILLANCE_UNIT,0.56
SURV_00465,,2026-04-25 05:01:21,LOCATION_0083,Deepika T.,,An individual resembling Deepika T. was observed in the vicinity of LOCATION_0083.,FIELD_SURVEILLANCE_UNIT,0.82
SURV_00466,,2024-02-05 07:37:33,LOCATION_0046,Alka R.,,An individual resembling Alka R. was observed in the vicinity of LOCATION_0046.,FIELD_SURVEILLANCE_UNIT,0.6
SURV_00467,,2025-05-25 00:21:41,LOCATION_0180,Amit Pandey,VEHICLE_00562,Amit Pandey was observed near LOCATION_0180; no unusual activity reported.,FIELD_SURVEILLANCE_UNIT,0.72
SURV_00468,,2024-02-24 05:16:36,LOCATION_0245,Sunita Pandey,VEHICLE_00091,Sunita Pandey was observed near LOCATION_0245; no unusual activity reported.,FIELD_SURVEILLANCE_UNIT,0.58
SURV_00469,,2025-10-24 17:50:11,LOCATION_0164,VIVEK KAPOOR,,An individual resembling VIVEK KAPOOR was observed in the vicinity of LOCATION_0164.,FIELD_SURVEILLANCE_UNIT,0.74
SURV_00470,,2025-03-20 00:03:39,LOCATION_0259,Alka Chauhan,,Alka Chauhan was observed near LOCATION_0259; no unusual activity reported.,FIELD_SURVEILLANCE_UNIT,0.72
SURV_00471,,2024-12-08 10:58:40,LOCATION_0282,Meena Choudhary,VEHICLE_00202,Meena Choudhary was observed near LOCATION_0282; no unusual activity reported.,FIELD_SURVEILLANCE_UNIT,0.56
SURV_00472,,2024-06-03 16:47:53,LOCATION_0054,Swati Singh,VEHICLE_00079,Swati Singh was observed near LOCATION_0054; no unusual activity reported.,FIELD_SURVEILLANCE_UNIT,0.57
SURV_00473,,2025-04-19 21:35:56,LOCATION_0194,shalini saxena,,An individual resembling shalini saxena was observed in the vicinity of LOCATION_0194.,FIELD_SURVEILLANCE_UNIT,0.79
SURV_00474,,2025-03-31 20:02:43,LOCATION_0220,Preeti Saxena,,Preeti Saxena was observed near LOCATION_0220; no unusual activity reported.,FIELD_SURVEILLANCE_UNIT,0.56
SURV_00475,,2024-05-14 06:00:35,LOCATION_0060,Divya Chauhan,VEHICLE_00278,Divya Chauhan was observed near LOCATION_0060; no unusual activity reported.,FIELD_SURVEILLANCE_UNIT,0.62
SURV_00476,,2024-01-20 04:08:00,LOCATION_0044,Sandeep Bansal,,Sandeep Bansal was observed near LOCATION_0044; no unusual activity reported.,FIELD_SURVEILLANCE_UNIT,0.79
SURV_00477,,2024-04-19 01:17:27,LOCATION_0291,isha rathore,VEHICLE_00361,An individual resembling isha rathore was observed in the vicinity of LOCATION_0291.,FIELD_SURVEILLANCE_UNIT,0.65
SURV_00478,,2025-06-11 17:14:31,LOCATION_0168,Anil M.,VEHICLE_00523,An individual resembling Anil M. was observed in the vicinity of LOCATION_0168.,FIELD_SURVEILLANCE_UNIT,0.72
SURV_00479,,2024-10-13 18:05:00,LOCATION_0156,Isha Bhatt,,Isha Bhatt was observed near LOCATION_0156; no unusual activity reported.,FIELD_SURVEILLANCE_UNIT,0.59
SURV_00480,,2024-11-09 14:05:37,LOCATION_0055,Amit Tiwari,,Amit Tiwari was observed near LOCATION_0055; no unusual activity reported.,FIELD_SURVEILLANCE_UNIT,0.79
SURV_00481,,2026-05-12 16:23:26,LOCATION_0053,Vikram Agarwal,VEHICLE_00345,Vikram Agarwal was observed near LOCATION_0053; no unusual activity reported.,FIELD_SURVEILLANCE_UNIT,0.75
SURV_00482,,2026-06-23 00:06:13,LOCATION_0001,ANIL SAXENA,,An individual resembling ANIL SAXENA was observed in the vicinity of LOCATION_0001.,FIELD_SURVEILLANCE_UNIT,0.79
SURV_00483,,2026-03-17 01:08:40,LOCATION_0096,RaviMalhotra,,An individual resembling RaviMalhotra was observed in the vicinity of LOCATION_0096.,FIELD_SURVEILLANCE_UNIT,0.56
SURV_00484,,2024-02-08 05:06:50,LOCATION_0206,karan joshi,,An individual resembling karan joshi was observed in the vicinity of LOCATION_0206.,FIELD_SURVEILLANCE_UNIT,0.77
SURV_00485,,2024-11-10 17:05:05,LOCATION_0049,SWATI NAIDU,,An individual resembling SWATI NAIDU was observed in the vicinity of LOCATION_0049.,FIELD_SURVEILLANCE_UNIT,0.89
SURV_00486,,2026-02-26 10:07:15,LOCATION_0034,HarishGupta,,An individual resembling HarishGupta was observed in the vicinity of LOCATION_0034.,FIELD_SURVEILLANCE_UNIT,0.63
SURV_00487,,2025-03-12 05:45:43,LOCATION_0164,KARAN NAIDU,,An individual resembling KARAN NAIDU was observed in the vicinity of LOCATION_0164.,FIELD_SURVEILLANCE_UNIT,0.59
SURV_00488,,2026-06-11 08:59:08,LOCATION_0209,MOHIT SINGH,VEHICLE_00233,An individual resembling MOHIT SINGH was observed in the vicinity of LOCATION_0209.,FIELD_SURVEILLANCE_UNIT,0.82
SURV_00489,,2025-10-18 05:05:27,LOCATION_0042,Shalini Gupta,,Shalini Gupta was observed near LOCATION_0042; no unusual activity reported.,FIELD_SURVEILLANCE_UNIT,0.68
SURV_00490,,2024-05-11 22:13:32,LOCATION_0153,Anjali Kapoor,VEHICLE_00196,Anjali Kapoor was observed near LOCATION_0153; no unusual activity reported.,FIELD_SURVEILLANCE_UNIT,0.65
SURV_00491,,2024-09-24 11:41:19,LOCATION_0141,I. Meena,,An individual resembling I. Meena was observed in the vicinity of LOCATION_0141.,FIELD_SURVEILLANCE_UNIT,0.56
SURV_00492,,2025-10-01 02:49:14,LOCATION_0044,Sunita Sharma,VEHICLE_00177,Sunita Sharma was observed near LOCATION_0044; no unusual activity reported.,FIELD_SURVEILLANCE_UNIT,0.77
SURV_00493,,2025-07-23 04:50:10,LOCATION_0169,Isha Chauhan,VEHICLE_00711,Isha Chauhan was observed near LOCATION_0169; no unusual activity reported.,FIELD_SURVEILLANCE_UNIT,0.74
SURV_00494,,2025-01-22 00:11:58,LOCATION_0020,A. Pandey,VEHICLE_00562,An individual resembling A. Pandey was observed in the vicinity of LOCATION_0020.,FIELD_SURVEILLANCE_UNIT,0.74
SURV_00495,,2024-02-13 20:06:06,LOCATION_0009,rajesh nair,VEHICLE_00352,An individual resembling rajesh nair was observed in the vicinity of LOCATION_0009.,FIELD_SURVEILLANCE_UNIT,0.73
SURV_00496,,2025-09-29 14:13:14,LOCATION_0070,Meena Choudhary,,Meena Choudhary was observed near LOCATION_0070; no unusual activity reported.,FIELD_SURVEILLANCE_UNIT,0.69
SURV_00497,,2025-04-07 08:08:03,LOCATION_0070,Manoj Agarwal,,Manoj Agarwal was observed near LOCATION_0070; no unusual activity reported.,FIELD_SURVEILLANCE_UNIT,0.72
SURV_00498,,2026-05-20 15:06:40,LOCATION_0271,Manju Gupta,VEHICLE_00238,Manju Gupta was observed near LOCATION_0271; no unusual activity reported.,FIELD_SURVEILLANCE_UNIT,0.85
SURV_00499,,2025-03-12 19:43:43,LOCATION_0068,RAHUL BANSAL,VEHICLE_00259,An individual resembling RAHUL BANSAL was observed in the vicinity of LOCATION_0068.,FIELD_SURVEILLANCE_UNIT,0.8
SURV_00500,,2025-06-18 19:24:39,LOCATION_0121,Swati C.,,An individual resembling Swati C. was observed in the vicinity of LOCATION_0121.,FIELD_SURVEILLANCE_UNIT,0.71
SURV_00501,,2024-06-03 09:04:28,LOCATION_0114,isha joshi,,An individual resembling isha joshi was observed in the vicinity of LOCATION_0114.,FIELD_SURVEILLANCE_UNIT,0.82
SURV_00502,,2025-08-05 22:22:31,LOCATION_0229,SunitaSharma,VEHICLE_00319,An individual resembling SunitaSharma was observed in the vicinity of LOCATION_0229.,FIELD_SURVEILLANCE_UNIT,0.76
SURV_00503,,2026-05-29 18:10:41,LOCATION_0213,Isha Meena,VEHICLE_00501,Isha Meena was observed near LOCATION_0213; no unusual activity reported.,FIELD_SURVEILLANCE_UNIT,0.57
SURV_00504,,2026-02-27 04:36:02,LOCATION_0024,Harish G.,,An individual resembling Harish G. was observed in the vicinity of LOCATION_0024.,FIELD_SURVEILLANCE_UNIT,0.69
SURV_00505,,2025-08-14 19:15:07,LOCATION_0041,Simran Joshi,VEHICLE_00539,Simran Joshi was observed near LOCATION_0041; no unusual activity reported.,FIELD_SURVEILLANCE_UNIT,0.56
SURV_00506,,2025-06-22 03:16:37,LOCATION_0199,Alka Kulkarni,VEHICLE_00045,Alka Kulkarni was observed near LOCATION_0199; no unusual activity reported.,FIELD_SURVEILLANCE_UNIT,0.76
SURV_00507,,2026-01-25 07:19:53,LOCATION_0229,rajesh tiwari,VEHICLE_00579,An individual resembling rajesh tiwari was observed in the vicinity of LOCATION_0229.,FIELD_SURVEILLANCE_UNIT,0.68
SURV_00508,,2024-03-15 11:01:46,LOCATION_0020,Nikhil N.,,An individual resembling Nikhil N. was observed in the vicinity of LOCATION_0020.,FIELD_SURVEILLANCE_UNIT,0.85
SURV_00509,,2026-04-03 19:36:07,LOCATION_0021,Suresh Kulkarni,,Suresh Kulkarni was observed near LOCATION_0021; no unusual activity reported.,FIELD_SURVEILLANCE_UNIT,0.63
SURV_00510,,2025-05-10 01:29:38,LOCATION_0193,Rahul B.,VEHICLE_00029,An individual resembling Rahul B. was observed in the vicinity of LOCATION_0193.,FIELD_SURVEILLANCE_UNIT,0.55
SURV_00511,,2026-05-04 15:52:35,LOCATION_0025,Isha Kapoor,VEHICLE_00640,Isha Kapoor was observed near LOCATION_0025; no unusual activity reported.,FIELD_SURVEILLANCE_UNIT,0.58
SURV_00512,,2026-01-08 06:00:55,LOCATION_0031,Yash K.,VEHICLE_00329,An individual resembling Yash K. was observed in the vicinity of LOCATION_0031.,FIELD_SURVEILLANCE_UNIT,0.84
SURV_00513,,2025-01-23 03:58:33,LOCATION_0282,Pankaj Agarwal,,Pankaj Agarwal was observed near LOCATION_0282; no unusual activity reported.,FIELD_SURVEILLANCE_UNIT,0.68
SURV_00514,,2025-04-07 10:31:22,LOCATION_0080,Kirti Reddy,VEHICLE_00363,Kirti Reddy was observed near LOCATION_0080; no unusual activity reported.,FIELD_SURVEILLANCE_UNIT,0.61
SURV_00515,,2024-12-12 00:08:38,LOCATION_0074,SHALINI REDDY,VEHICLE_00317,An individual resembling SHALINI REDDY was observed in the vicinity of LOCATION_0074.,FIELD_SURVEILLANCE_UNIT,0.67
SURV_00516,,2025-02-02 18:19:23,LOCATION_0045,RohitNair,VEHICLE_00728,An individual resembling RohitNair was observed in the vicinity of LOCATION_0045.,FIELD_SURVEILLANCE_UNIT,0.78
SURV_00517,,2026-03-16 13:50:27,LOCATION_0173,D. Bhatt,VEHICLE_00633,An individual resembling D. Bhatt was observed in the vicinity of LOCATION_0173.,FIELD_SURVEILLANCE_UNIT,0.78
SURV_00518,,2025-05-29 12:37:39,LOCATION_0185,Manju B.,VEHICLE_00080,An individual resembling Manju B. was observed in the vicinity of LOCATION_0185.,FIELD_SURVEILLANCE_UNIT,0.69
SURV_00519,,2025-01-12 02:24:19,LOCATION_0032,M. Joshi,VEHICLE_00185,An individual resembling M. Joshi was observed in the vicinity of LOCATION_0032.,FIELD_SURVEILLANCE_UNIT,0.62
SURV_00520,,2024-02-28 22:22:42,LOCATION_0133,Mohit Mishra,VEHICLE_00316,Mohit Mishra was observed near LOCATION_0133; no unusual activity reported.,FIELD_SURVEILLANCE_UNIT,0.55
SURV_00521,,2025-08-29 12:32:40,LOCATION_0020,Yash Saxena,VEHICLE_00514,Yash Saxena was observed near LOCATION_0020; no unusual activity reported.,FIELD_SURVEILLANCE_UNIT,0.86
SURV_00522,,2025-10-20 00:36:25,LOCATION_0258,Amit Bhatt,VEHICLE_00339,Amit Bhatt was observed near LOCATION_0258; no unusual activity reported.,FIELD_SURVEILLANCE_UNIT,0.77
SURV_00523,,2025-10-02 03:21:05,LOCATION_0125,Kirti Tiwari,VEHICLE_00693,Kirti Tiwari was observed near LOCATION_0125; no unusual activity reported.,FIELD_SURVEILLANCE_UNIT,0.84
SURV_00524,,2024-01-11 12:59:20,LOCATION_0164,ManjuJoshi,VEHICLE_00015,An individual resembling ManjuJoshi was observed in the vicinity of LOCATION_0164.,FIELD_SURVEILLANCE_UNIT,0.57
SURV_00525,,2024-04-11 12:36:29,LOCATION_0106,Gaurav Pandey,,Gaurav Pandey was observed near LOCATION_0106; no unusual activity reported.,FIELD_SURVEILLANCE_UNIT,0.69
SURV_00526,,2025-04-30 23:53:04,LOCATION_0202,Sanjay Saxena,VEHICLE_00096,Sanjay Saxena was observed near LOCATION_0202; no unusual activity reported.,FIELD_SURVEILLANCE_UNIT,0.78
SURV_00527,,2024-03-29 18:45:22,LOCATION_0061,Ashok Yadav,,Ashok Yadav was observed near LOCATION_0061; no unusual activity reported.,FIELD_SURVEILLANCE_UNIT,0.77
SURV_00528,,2025-11-06 21:40:52,LOCATION_0189,Ashok Pandey,,Ashok Pandey was observed near LOCATION_0189; no unusual activity reported.,FIELD_SURVEILLANCE_UNIT,0.71
SURV_00529,,2026-01-08 11:40:56,LOCATION_0224,Kavita M.,VEHICLE_00644,An individual resembling Kavita M. was observed in the vicinity of LOCATION_0224.,FIELD_SURVEILLANCE_UNIT,0.76
SURV_00530,,2024-12-03 07:19:49,LOCATION_0207,M. Pandey,,An individual resembling M. Pandey was observed in the vicinity of LOCATION_0207.,FIELD_SURVEILLANCE_UNIT,0.64
SURV_00531,,2026-03-01 14:48:13,LOCATION_0262,Aman Singh,VEHICLE_00561,Aman Singh was observed near LOCATION_0262; no unusual activity reported.,FIELD_SURVEILLANCE_UNIT,0.84
SURV_00532,,2024-08-21 11:12:32,LOCATION_0210,Divya Bansal,VEHICLE_00273,Divya Bansal was observed near LOCATION_0210; no unusual activity reported.,FIELD_SURVEILLANCE_UNIT,0.76
SURV_00533,,2024-01-25 21:23:08,LOCATION_0037,Pankaj Malhotra,,An individual resembling Pankaj Malhotra was observed in the vicinity of LOCATION_0037.,FIELD_SURVEILLANCE_UNIT,0.68
SURV_00534,,2026-02-27 08:32:25,LOCATION_0294,Simran Nair,VEHICLE_00493,Simran Nair was observed near LOCATION_0294; no unusual activity reported.,FIELD_SURVEILLANCE_UNIT,0.62
SURV_00535,,2024-04-14 16:39:23,LOCATION_0072,Ashok K.,,An individual resembling Ashok K. was observed in the vicinity of LOCATION_0072.,FIELD_SURVEILLANCE_UNIT,0.86
SURV_00536,,2024-12-11 05:35:08,LOCATION_0043,NEHA TIWARI,,An individual resembling NEHA TIWARI was observed in the vicinity of LOCATION_0043.,FIELD_SURVEILLANCE_UNIT,0.82
SURV_00537,,2025-10-05 01:41:35,LOCATION_0160,K. Kulkarni,,An individual resembling K. Kulkarni was observed in the vicinity of LOCATION_0160.,FIELD_SURVEILLANCE_UNIT,0.69
SURV_00538,,2024-05-27 21:11:51,LOCATION_0280,Alka Reddy,,Alka Reddy was observed near LOCATION_0280; no unusual activity reported.,FIELD_SURVEILLANCE_UNIT,0.82
SURV_00539,,2025-04-23 14:39:00,LOCATION_0012,PankajAgarwal,,An individual resembling PankajAgarwal was observed in the vicinity of LOCATION_0012.,FIELD_SURVEILLANCE_UNIT,0.61
SURV_00540,,2024-03-29 12:32:00,LOCATION_0264,neha iyer,VEHICLE_00739,An individual resembling neha iyer was observed in the vicinity of LOCATION_0264.,FIELD_SURVEILLANCE_UNIT,0.66
SURV_00541,,2024-12-12 14:45:04,LOCATION_0222,MeenaJoshi,VEHICLE_00617,An individual resembling MeenaJoshi was observed in the vicinity of LOCATION_0222.,FIELD_SURVEILLANCE_UNIT,0.76
SURV_00542,,2025-03-07 05:08:15,LOCATION_0103,G. Joshi,VEHICLE_00210,An individual resembling G. Joshi was observed in the vicinity of LOCATION_0103.,FIELD_SURVEILLANCE_UNIT,0.81
SURV_00543,,2025-06-01 22:32:25,LOCATION_0186,Tanvi Singh,VEHICLE_00090,Tanvi Singh was observed near LOCATION_0186; no unusual activity reported.,FIELD_SURVEILLANCE_UNIT,0.67
SURV_00544,,2024-04-25 12:44:45,LOCATION_0084,Y. Sharma,,An individual resembling Y. Sharma was observed in the vicinity of LOCATION_0084.,FIELD_SURVEILLANCE_UNIT,0.63
SURV_00545,,2025-08-06 06:39:19,LOCATION_0150,PriyaNaidu,VEHICLE_00043,An individual resembling PriyaNaidu was observed in the vicinity of LOCATION_0150.,FIELD_SURVEILLANCE_UNIT,0.78
SURV_00546,,2026-04-24 03:49:26,LOCATION_0251,Isha Kulkarni,,Isha Kulkarni was observed near LOCATION_0251; no unusual activity reported.,FIELD_SURVEILLANCE_UNIT,0.84
SURV_00547,,2024-08-08 13:21:16,LOCATION_0221,Geeta Saxena,,Geeta Saxena was observed near LOCATION_0221; no unusual activity reported.,FIELD_SURVEILLANCE_UNIT,0.67
SURV_00548,,2025-04-08 13:46:56,LOCATION_0014,KaranChauhan,,An individual resembling KaranChauhan was observed in the vicinity of LOCATION_0014.,FIELD_SURVEILLANCE_UNIT,0.79
SURV_00549,,2024-01-25 08:16:39,LOCATION_0283,Kavita A.,,An individual resembling Kavita A. was observed in the vicinity of LOCATION_0283.,FIELD_SURVEILLANCE_UNIT,0.59
SURV_00550,,2025-10-13 20:17:13,LOCATION_0026,R. Kulkarni,VEHICLE_00395,An individual resembling R. Kulkarni was observed in the vicinity of LOCATION_0026.,FIELD_SURVEILLANCE_UNIT,0.73
SURV_00551,,2025-10-27 20:50:19,LOCATION_0178,Ashok Iyer,VEHICLE_00083,Ashok Iyer was observed near LOCATION_0178; no unusual activity reported.,FIELD_SURVEILLANCE_UNIT,0.77
SURV_00552,,2026-06-24 10:48:04,LOCATION_0005,Manju Bhatt,VEHICLE_00080,Manju Bhatt was observed near LOCATION_0005; no unusual activity reported.,FIELD_SURVEILLANCE_UNIT,0.63
SURV_00553,,2025-11-13 22:57:33,LOCATION_0090,V. Tiwari,,An individual resembling V. Tiwari was observed in the vicinity of LOCATION_0090.,FIELD_SURVEILLANCE_UNIT,0.56
SURV_00554,,2024-07-10 02:32:04,LOCATION_0065,Tanvi Pandey,VEHICLE_00748,Tanvi Pandey was observed near LOCATION_0065; no unusual activity reported.,FIELD_SURVEILLANCE_UNIT,0.73
SURV_00555,,2024-03-16 07:04:05,LOCATION_0042,G. Sharma,VEHICLE_00584,An individual resembling G. Sharma was observed in the vicinity of LOCATION_0042.,FIELD_SURVEILLANCE_UNIT,0.58
SURV_00556,,2024-02-09 03:46:55,LOCATION_0231,A. Saxena,,An individual resembling A. Saxena was observed in the vicinity of LOCATION_0231.,FIELD_SURVEILLANCE_UNIT,0.82
SURV_00557,,2025-03-05 01:53:57,LOCATION_0142,Nikhil Iyer,,Nikhil Iyer was observed near LOCATION_0142; no unusual activity reported.,FIELD_SURVEILLANCE_UNIT,0.76
SURV_00558,,2025-10-15 15:28:56,LOCATION_0066,Deepika Saxena,VEHICLE_00697,Deepika Saxena was observed near LOCATION_0066; no unusual activity reported.,FIELD_SURVEILLANCE_UNIT,0.77
SURV_00559,,2025-10-25 17:20:26,LOCATION_0077,Neha Yadav,VEHICLE_00129,Neha Yadav was observed near LOCATION_0077; no unusual activity reported.,FIELD_SURVEILLANCE_UNIT,0.82
SURV_00560,,2026-03-07 21:59:52,LOCATION_0014,Deepika Naidu,VEHICLE_00302,Deepika Naidu was observed near LOCATION_0014; no unusual activity reported.,FIELD_SURVEILLANCE_UNIT,0.74
SURV_00561,,2025-04-20 07:45:43,LOCATION_0115,Manoj Iyer,VEHICLE_00155,Manoj Iyer was observed near LOCATION_0115; no unusual activity reported.,FIELD_SURVEILLANCE_UNIT,0.88
SURV_00562,,2024-09-10 20:42:18,LOCATION_0114,SoniaRathore,,An individual resembling SoniaRathore was observed in the vicinity of LOCATION_0114.,FIELD_SURVEILLANCE_UNIT,0.89
SURV_00563,,2024-11-14 06:40:16,LOCATION_0117,Vivek Gupta,,Vivek Gupta was observed near LOCATION_0117; no unusual activity reported.,FIELD_SURVEILLANCE_UNIT,0.66
SURV_00564,,2025-09-18 04:02:45,LOCATION_0227,SONIA AGARWAL,VEHICLE_00221,An individual resembling SONIA AGARWAL was observed in the vicinity of LOCATION_0227.,FIELD_SURVEILLANCE_UNIT,0.55
SURV_00565,,2026-06-23 18:49:25,LOCATION_0184,Anita K.,VEHICLE_00294,An individual resembling Anita K. was observed in the vicinity of LOCATION_0184.,FIELD_SURVEILLANCE_UNIT,0.56
SURV_00566,,2024-05-20 02:55:44,LOCATION_0177,Manju Pandey,,An individual resembling Manju Pandey was observed in the vicinity of LOCATION_0177.,FIELD_SURVEILLANCE_UNIT,0.7
SURV_00567,,2025-01-02 15:26:47,LOCATION_0158,SIMRAN KULKARNI,VEHICLE_00662,An individual resembling SIMRAN KULKARNI was observed in the vicinity of LOCATION_0158.,FIELD_SURVEILLANCE_UNIT,0.81
SURV_00568,,2025-06-04 02:00:42,LOCATION_0198,TanviTiwari,VEHICLE_00594,An individual resembling TanviTiwari was observed in the vicinity of LOCATION_0198.,FIELD_SURVEILLANCE_UNIT,0.64
SURV_00569,,2025-09-28 00:39:24,LOCATION_0208,S. Agarwal,VEHICLE_00130,An individual resembling S. Agarwal was observed in the vicinity of LOCATION_0208.,FIELD_SURVEILLANCE_UNIT,0.79
SURV_00570,,2024-11-12 06:56:52,LOCATION_0284,Karan C.,,An individual resembling Karan C. was observed in the vicinity of LOCATION_0284.,FIELD_SURVEILLANCE_UNIT,0.88
SURV_00571,,2025-04-09 20:24:36,LOCATION_0077,Manju Malhotra,VEHICLE_00474,Manju Malhotra was observed near LOCATION_0077; no unusual activity reported.,FIELD_SURVEILLANCE_UNIT,0.67
SURV_00572,,2024-05-29 03:13:53,LOCATION_0164,geeta singh,,An individual resembling geeta singh was observed in the vicinity of LOCATION_0164.,FIELD_SURVEILLANCE_UNIT,0.68
SURV_00573,,2025-10-06 07:44:59,LOCATION_0238,Ritu Reddy,VEHICLE_00496,Ritu Reddy was observed near LOCATION_0238; no unusual activity reported.,FIELD_SURVEILLANCE_UNIT,0.58
SURV_00574,,2025-02-13 11:37:53,LOCATION_0300,Isha Reddy,,Isha Reddy was observed near LOCATION_0300; no unusual activity reported.,FIELD_SURVEILLANCE_UNIT,0.72
SURV_00575,,2025-12-13 05:13:25,LOCATION_0098,RAJESH CHAUHAN,VEHICLE_00506,An individual resembling RAJESH CHAUHAN was observed in the vicinity of LOCATION_0098.,FIELD_SURVEILLANCE_UNIT,0.77
SURV_00576,,2024-03-03 02:26:06,LOCATION_0182,Tanvi Saxena,,Tanvi Saxena was observed near LOCATION_0182; no unusual activity reported.,FIELD_SURVEILLANCE_UNIT,0.76
SURV_00577,,2024-02-19 09:42:02,LOCATION_0255,KavitaReddy,,An individual resembling KavitaReddy was observed in the vicinity of LOCATION_0255.,FIELD_SURVEILLANCE_UNIT,0.57
SURV_00578,,2024-11-05 08:03:29,LOCATION_0054,Shalini S.,VEHICLE_00026,An individual resembling Shalini S. was observed in the vicinity of LOCATION_0054.,FIELD_SURVEILLANCE_UNIT,0.88
SURV_00579,,2026-06-14 15:50:03,LOCATION_0212,Tanvi Mishra,VEHICLE_00448,Tanvi Mishra was observed near LOCATION_0212; no unusual activity reported.,FIELD_SURVEILLANCE_UNIT,0.66
SURV_00580,,2025-08-09 06:05:57,LOCATION_0156,P. Pandey,VEHICLE_00287,An individual resembling P. Pandey was observed in the vicinity of LOCATION_0156.,FIELD_SURVEILLANCE_UNIT,0.81
SURV_00581,,2024-02-24 01:01:48,LOCATION_0217,Mohit S.,,An individual resembling Mohit S. was observed in the vicinity of LOCATION_0217.,FIELD_SURVEILLANCE_UNIT,0.59
SURV_00582,,2025-05-09 18:45:58,LOCATION_0216,Preeti Kulkarni,VEHICLE_00313,Preeti Kulkarni was observed near LOCATION_0216; no unusual activity reported.,FIELD_SURVEILLANCE_UNIT,0.63
SURV_00583,,2025-06-27 00:27:30,LOCATION_0134,Isha K.,VEHICLE_00309,An individual resembling Isha K. was observed in the vicinity of LOCATION_0134.,FIELD_SURVEILLANCE_UNIT,0.7
SURV_00584,,2025-08-25 05:33:03,LOCATION_0247,Y. Kapoor,VEHICLE_00279,An individual resembling Y. Kapoor was observed in the vicinity of LOCATION_0247.,FIELD_SURVEILLANCE_UNIT,0.71
SURV_00585,,2025-12-14 06:40:38,LOCATION_0185,Aman S.,VEHICLE_00431,An individual resembling Aman S. was observed in the vicinity of LOCATION_0185.,FIELD_SURVEILLANCE_UNIT,0.74
SURV_00586,,2025-07-28 22:05:59,LOCATION_0001,Pankaj Naidu,VEHICLE_00256,Pankaj Naidu was observed near LOCATION_0001; no unusual activity reported.,FIELD_SURVEILLANCE_UNIT,0.84
SURV_00587,,2026-01-01 11:52:16,LOCATION_0283,Preeti Kulkarni,VEHICLE_00516,Preeti Kulkarni was observed near LOCATION_0283; no unusual activity reported.,FIELD_SURVEILLANCE_UNIT,0.82
SURV_00588,,2024-01-13 22:04:21,LOCATION_0052,Sandeep Kulkarni,VEHICLE_00062,Sandeep Kulkarni was observed near LOCATION_0052; no unusual activity reported.,FIELD_SURVEILLANCE_UNIT,0.61
SURV_00589,,2024-10-15 04:52:32,LOCATION_0252,A. Nair,,An individual resembling A. Nair was observed in the vicinity of LOCATION_0252.,FIELD_SURVEILLANCE_UNIT,0.61
SURV_00590,,2024-01-25 12:31:12,LOCATION_0024,ROHIT TIWARI,VEHICLE_00475,An individual resembling ROHIT TIWARI was observed in the vicinity of LOCATION_0024.,FIELD_SURVEILLANCE_UNIT,0.59
SURV_00591,,2025-07-24 01:39:50,LOCATION_0022,Pankaj Saxena,VEHICLE_00619,Pankaj Saxena was observed near LOCATION_0022; no unusual activity reported.,FIELD_SURVEILLANCE_UNIT,0.78
SURV_00592,,2024-06-25 00:29:32,LOCATION_0216,MohitKapoor,,An individual resembling MohitKapoor was observed in the vicinity of LOCATION_0216.,FIELD_SURVEILLANCE_UNIT,0.59
SURV_00593,,2026-05-16 23:53:47,LOCATION_0296,ashok bhatt,VEHICLE_00485,An individual resembling ashok bhatt was observed in the vicinity of LOCATION_0296.,FIELD_SURVEILLANCE_UNIT,0.87
SURV_00594,,2025-03-09 18:26:47,LOCATION_0020,Nikhil Joshi,,Nikhil Joshi was observed near LOCATION_0020; no unusual activity reported.,FIELD_SURVEILLANCE_UNIT,0.83
SURV_00595,,2024-03-22 18:48:12,LOCATION_0229,Gaurav V.,,An individual resembling Gaurav V. was observed in the vicinity of LOCATION_0229.,FIELD_SURVEILLANCE_UNIT,0.58
SURV_00596,,2025-03-15 07:08:29,LOCATION_0071,Yash R.,,An individual resembling Yash R. was observed in the vicinity of LOCATION_0071.,FIELD_SURVEILLANCE_UNIT,0.89
SURV_00597,,2024-06-28 20:48:08,LOCATION_0248,AnitaChauhan,VEHICLE_00752,An individual resembling AnitaChauhan was observed in the vicinity of LOCATION_0248.,FIELD_SURVEILLANCE_UNIT,0.85
SURV_00598,,2024-05-26 07:55:55,LOCATION_0040,Aman Bansal,,Aman Bansal was observed near LOCATION_0040; no unusual activity reported.,FIELD_SURVEILLANCE_UNIT,0.76
SURV_00599,,2024-08-22 12:17:39,LOCATION_0149,GauravPandey,,An individual resembling GauravPandey was observed in the vicinity of LOCATION_0149.,FIELD_SURVEILLANCE_UNIT,0.88
SURV_00600,,2025-06-28 10:09:54,LOCATION_0055,Priya Naidu,,Priya Naidu was observed near LOCATION_0055; no unusual activity reported.,FIELD_SURVEILLANCE_UNIT,0.81
SURV_00601,,2024-06-03 19:09:44,LOCATION_0034,Geeta Malhotra,,Geeta Malhotra was observed near LOCATION_0034; no unusual activity reported.,FIELD_SURVEILLANCE_UNIT,0.79
SURV_00602,,2024-06-22 01:53:15,LOCATION_0284,Kirti Choudhary,,An individual resembling Kirti Choudhary was observed in the vicinity of LOCATION_0284.,FIELD_SURVEILLANCE_UNIT,0.78
SURV_00603,,2026-02-10 21:53:23,LOCATION_0041,Neha Nair,,Neha Nair was observed near LOCATION_0041; no unusual activity reported.,FIELD_SURVEILLANCE_UNIT,0.82
SURV_00604,,2025-11-27 17:13:33,LOCATION_0203,Priya Bhatt,,Priya Bhatt was observed near LOCATION_0203; no unusual activity reported.,FIELD_SURVEILLANCE_UNIT,0.75
SURV_00605,,2025-03-26 01:34:28,LOCATION_0201,Ashok Rathore,,Ashok Rathore was observed near LOCATION_0201; no unusual activity reported.,FIELD_SURVEILLANCE_UNIT,0.57
SURV_00606,,2026-04-02 14:34:31,LOCATION_0226,deepak reddy,VEHICLE_00092,An individual resembling deepak reddy was observed in the vicinity of LOCATION_0226.,FIELD_SURVEILLANCE_UNIT,0.87
SURV_00607,,2025-12-19 17:39:14,LOCATION_0170,Swati Choudhary,,Swati Choudhary was observed near LOCATION_0170; no unusual activity reported.,FIELD_SURVEILLANCE_UNIT,0.69
SURV_00608,,2025-12-12 19:06:21,LOCATION_0233,Isha Singh,,Isha Singh was observed near LOCATION_0233; no unusual activity reported.,FIELD_SURVEILLANCE_UNIT,0.62
SURV_00609,,2025-10-05 05:17:44,LOCATION_0035,D. Kulkarni,VEHICLE_00224,An individual resembling D. Kulkarni was observed in the vicinity of LOCATION_0035.,FIELD_SURVEILLANCE_UNIT,0.78
SURV_00610,,2024-11-27 06:21:44,LOCATION_0177,Ritu Singh,,An individual resembling Ritu Singh was observed in the vicinity of LOCATION_0177.,FIELD_SURVEILLANCE_UNIT,0.78
SURV_00611,,2025-01-24 08:12:12,LOCATION_0157,N. Chauhan,VEHICLE_00145,An individual resembling N. Chauhan was observed in the vicinity of LOCATION_0157.,FIELD_SURVEILLANCE_UNIT,0.89
SURV_00612,,2025-09-12 12:47:32,LOCATION_0284,Anil S.,VEHICLE_00385,An individual resembling Anil S. was observed in the vicinity of LOCATION_0284.,FIELD_SURVEILLANCE_UNIT,0.72
SURV_00613,,2025-03-13 06:26:40,LOCATION_0047,N. Choudhary,,An individual resembling N. Choudhary was observed in the vicinity of LOCATION_0047.,FIELD_SURVEILLANCE_UNIT,0.58
SURV_00614,,2025-02-25 19:06:50,LOCATION_0152,Sanjay Reddy,VEHICLE_00678,Sanjay Reddy was observed near LOCATION_0152; no unusual activity reported.,FIELD_SURVEILLANCE_UNIT,0.82
SURV_00615,,2025-10-26 12:29:35,LOCATION_0057,R. Kapoor,VEHICLE_00412,An individual resembling R. Kapoor was observed in the vicinity of LOCATION_0057.,FIELD_SURVEILLANCE_UNIT,0.67
SURV_00616,,2024-08-18 00:49:12,LOCATION_0050,Divya M.,,An individual resembling Divya M. was observed in the vicinity of LOCATION_0050.,FIELD_SURVEILLANCE_UNIT,0.82
SURV_00617,,2026-05-30 13:11:49,LOCATION_0012,Rahul Rathore,VEHICLE_00538,Rahul Rathore was observed near LOCATION_0012; no unusual activity reported.,FIELD_SURVEILLANCE_UNIT,0.68
SURV_00618,,2025-02-26 03:22:54,LOCATION_0045,Sunita Verma,VEHICLE_00554,Sunita Verma was observed near LOCATION_0045; no unusual activity reported.,FIELD_SURVEILLANCE_UNIT,0.71
SURV_00619,,2024-01-14 15:10:09,LOCATION_0118,Rahul Iyer,VEHICLE_00479,An individual resembling Rahul Iyer was observed in the vicinity of LOCATION_0118.,FIELD_SURVEILLANCE_UNIT,0.58
SURV_00620,,2025-09-30 15:02:47,LOCATION_0272,Neha Naidu,,An individual resembling Neha Naidu was observed in the vicinity of LOCATION_0272.,FIELD_SURVEILLANCE_UNIT,0.82
SURV_00621,,2026-01-15 11:01:32,LOCATION_0013,Anjali C.,VEHICLE_00111,An individual resembling Anjali C. was observed in the vicinity of LOCATION_0013.,FIELD_SURVEILLANCE_UNIT,0.69
SURV_00622,,2026-01-02 13:42:44,LOCATION_0035,Arjun Singh,,Arjun Singh was observed near LOCATION_0035; no unusual activity reported.,FIELD_SURVEILLANCE_UNIT,0.84
SURV_00623,,2024-12-04 12:14:55,LOCATION_0064,Sanjay I.,VEHICLE_00236,An individual resembling Sanjay I. was observed in the vicinity of LOCATION_0064.,FIELD_SURVEILLANCE_UNIT,0.81
SURV_00624,,2025-12-19 08:06:06,LOCATION_0211,S. Rathore,VEHICLE_00760,An individual resembling S. Rathore was observed in the vicinity of LOCATION_0211.,FIELD_SURVEILLANCE_UNIT,0.64
SURV_00625,,2025-01-07 01:19:56,LOCATION_0221,Nisha Verma,,An individual resembling Nisha Verma was observed in the vicinity of LOCATION_0221.,FIELD_SURVEILLANCE_UNIT,0.88
SURV_00626,,2026-01-11 00:30:52,LOCATION_0168,VIKRAM CHOUDHARY,,An individual resembling VIKRAM CHOUDHARY was observed in the vicinity of LOCATION_0168.,FIELD_SURVEILLANCE_UNIT,0.84
SURV_00627,,2024-10-16 01:31:10,LOCATION_0025,Anjali Malhotra,,An individual resembling Anjali Malhotra was observed in the vicinity of LOCATION_0025.,FIELD_SURVEILLANCE_UNIT,0.66
SURV_00628,,2025-12-11 19:12:03,LOCATION_0256,Kirti Iyer,,An individual resembling Kirti Iyer was observed in the vicinity of LOCATION_0256.,FIELD_SURVEILLANCE_UNIT,0.82
SURV_00629,,2026-01-18 06:47:14,LOCATION_0173,Deepak Bansal,VEHICLE_00604,Deepak Bansal was observed near LOCATION_0173; no unusual activity reported.,FIELD_SURVEILLANCE_UNIT,0.59
SURV_00630,,2025-05-29 21:26:13,LOCATION_0103,deepak sharma,,An individual resembling deepak sharma was observed in the vicinity of LOCATION_0103.,FIELD_SURVEILLANCE_UNIT,0.8
SURV_00631,,2025-01-05 16:01:17,LOCATION_0129,AmitVerma,VEHICLE_00168,An individual resembling AmitVerma was observed in the vicinity of LOCATION_0129.,FIELD_SURVEILLANCE_UNIT,0.58
SURV_00632,,2026-02-04 13:18:38,LOCATION_0161,DEEPIKA CHAUHAN,VEHICLE_00328,An individual resembling DEEPIKA CHAUHAN was observed in the vicinity of LOCATION_0161.,FIELD_SURVEILLANCE_UNIT,0.62
SURV_00633,,2024-04-23 21:48:12,LOCATION_0094,AMAN SHARMA,VEHICLE_00024,An individual resembling AMAN SHARMA was observed in the vicinity of LOCATION_0094.,FIELD_SURVEILLANCE_UNIT,0.57
SURV_00634,,2026-03-16 07:45:29,LOCATION_0276,Anjali Kapoor,VEHICLE_00549,Anjali Kapoor was observed near LOCATION_0276; no unusual activity reported.,FIELD_SURVEILLANCE_UNIT,0.58
SURV_00635,,2025-05-09 03:17:48,LOCATION_0157,Manju Malhotra,VEHICLE_00014,Manju Malhotra was observed near LOCATION_0157; no unusual activity reported.,FIELD_SURVEILLANCE_UNIT,0.83
SURV_00636,,2024-07-18 16:18:29,LOCATION_0237,Mohit Saxena,,An individual resembling Mohit Saxena was observed in the vicinity of LOCATION_0237.,FIELD_SURVEILLANCE_UNIT,0.78
SURV_00637,,2024-11-08 11:17:28,LOCATION_0180,Kirti Mishra,VEHICLE_00054,Kirti Mishra was observed near LOCATION_0180; no unusual activity reported.,FIELD_SURVEILLANCE_UNIT,0.64
SURV_00638,,2025-06-22 16:08:26,LOCATION_0148,RahulPandey,VEHICLE_00680,An individual resembling RahulPandey was observed in the vicinity of LOCATION_0148.,FIELD_SURVEILLANCE_UNIT,0.85
SURV_00639,,2024-01-19 04:10:22,LOCATION_0045,Rekha S.,,An individual resembling Rekha S. was observed in the vicinity of LOCATION_0045.,FIELD_SURVEILLANCE_UNIT,0.78
SURV_00640,,2026-01-17 11:49:05,LOCATION_0164,PankajSharma,,An individual resembling PankajSharma was observed in the vicinity of LOCATION_0164.,FIELD_SURVEILLANCE_UNIT,0.63
SURV_00641,,2025-07-18 05:25:20,LOCATION_0004,Sanjay Verma,VEHICLE_00116,Sanjay Verma was observed near LOCATION_0004; no unusual activity reported.,FIELD_SURVEILLANCE_UNIT,0.62
SURV_00642,,2025-08-04 08:39:13,LOCATION_0125,Rekha B.,VEHICLE_00704,An individual resembling Rekha B. was observed in the vicinity of LOCATION_0125.,FIELD_SURVEILLANCE_UNIT,0.69
SURV_00643,,2024-05-29 06:38:51,LOCATION_0114,Ritu Kulkarni,VEHICLE_00327,Ritu Kulkarni was observed near LOCATION_0114; no unusual activity reported.,FIELD_SURVEILLANCE_UNIT,0.58
SURV_00644,,2025-09-14 11:03:37,LOCATION_0160,Rohit Joshi,VEHICLE_00732,An individual resembling Rohit Joshi was observed in the vicinity of LOCATION_0160.,FIELD_SURVEILLANCE_UNIT,0.76
SURV_00645,,2025-04-05 07:43:02,LOCATION_0129,Sandeep Joshi,VEHICLE_00458,Sandeep Joshi was observed near LOCATION_0129; no unusual activity reported.,FIELD_SURVEILLANCE_UNIT,0.72
SURV_00646,,2024-06-02 22:50:00,LOCATION_0033,K. Agarwal,,An individual resembling K. Agarwal was observed in the vicinity of LOCATION_0033.,FIELD_SURVEILLANCE_UNIT,0.6
SURV_00647,,2026-01-31 12:40:21,LOCATION_0047,Kavita Choudhary,,Kavita Choudhary was observed near LOCATION_0047; no unusual activity reported.,FIELD_SURVEILLANCE_UNIT,0.56
SURV_00648,,2025-12-02 05:26:47,LOCATION_0191,PankajRathore,,An individual resembling PankajRathore was observed in the vicinity of LOCATION_0191.,FIELD_SURVEILLANCE_UNIT,0.68
SURV_00649,,2024-12-10 15:05:08,LOCATION_0181,I. Rathore,,An individual resembling I. Rathore was observed in the vicinity of LOCATION_0181.,FIELD_SURVEILLANCE_UNIT,0.62
SURV_00650,,2025-02-23 14:17:39,LOCATION_0139,S. Tiwari,VEHICLE_00127,An individual resembling S. Tiwari was observed in the vicinity of LOCATION_0139.,FIELD_SURVEILLANCE_UNIT,0.6
SURV_00651,,2024-12-24 04:27:41,LOCATION_0186,YASH BANSAL,,An individual resembling YASH BANSAL was observed in the vicinity of LOCATION_0186.,FIELD_SURVEILLANCE_UNIT,0.75
SURV_00652,,2025-03-10 13:48:19,LOCATION_0040,Rahul Reddy,VEHICLE_00721,An individual resembling Rahul Reddy was observed in the vicinity of LOCATION_0040.,FIELD_SURVEILLANCE_UNIT,0.63
SURV_00653,,2024-08-04 01:48:26,LOCATION_0257,Yash Singh,VEHICLE_00433,Yash Singh was observed near LOCATION_0257; no unusual activity reported.,FIELD_SURVEILLANCE_UNIT,0.82
SURV_00654,,2025-08-21 03:47:56,LOCATION_0264,Anita M.,,An individual resembling Anita M. was observed in the vicinity of LOCATION_0264.,FIELD_SURVEILLANCE_UNIT,0.84
SURV_00655,,2024-06-15 16:04:08,LOCATION_0026,Naveen Chauhan,,Naveen Chauhan was observed near LOCATION_0026; no unusual activity reported.,FIELD_SURVEILLANCE_UNIT,0.82
SURV_00656,,2025-09-30 08:58:45,LOCATION_0069,POOJA RATHORE,,An individual resembling POOJA RATHORE was observed in the vicinity of LOCATION_0069.,FIELD_SURVEILLANCE_UNIT,0.72
SURV_00657,,2024-05-23 02:09:20,LOCATION_0115,Arjun Bhatt,,Arjun Bhatt was observed near LOCATION_0115; no unusual activity reported.,FIELD_SURVEILLANCE_UNIT,0.89
SURV_00658,,2026-01-12 16:18:19,LOCATION_0247,Deepika Nair,,Deepika Nair was observed near LOCATION_0247; no unusual activity reported.,FIELD_SURVEILLANCE_UNIT,0.67
SURV_00659,,2024-02-29 23:44:15,LOCATION_0006,Gaurav Agarwal,,Gaurav Agarwal was observed near LOCATION_0006; no unusual activity reported.,FIELD_SURVEILLANCE_UNIT,0.8
SURV_00660,,2024-11-09 16:47:55,LOCATION_0252,A. Saxena,VEHICLE_00510,An individual resembling A. Saxena was observed in the vicinity of LOCATION_0252.,FIELD_SURVEILLANCE_UNIT,0.63
SURV_00661,,2024-12-18 09:54:56,LOCATION_0174,Swati C.,,An individual resembling Swati C. was observed in the vicinity of LOCATION_0174.,FIELD_SURVEILLANCE_UNIT,0.78
SURV_00662,,2024-03-29 13:46:01,LOCATION_0046,Gaurav Agarwal,,Gaurav Agarwal was observed near LOCATION_0046; no unusual activity reported.,FIELD_SURVEILLANCE_UNIT,0.61
SURV_00663,,2024-11-13 08:55:30,LOCATION_0089,Manoj Reddy,,Manoj Reddy was observed near LOCATION_0089; no unusual activity reported.,FIELD_SURVEILLANCE_UNIT,0.71
SURV_00664,,2025-08-15 02:05:01,LOCATION_0280,Rohit Gupta,VEHICLE_00211,An individual resembling Rohit Gupta was observed in the vicinity of LOCATION_0280.,FIELD_SURVEILLANCE_UNIT,0.72
SURV_00665,,2024-01-08 14:10:18,LOCATION_0207,VIKRAM BANSAL,,An individual resembling VIKRAM BANSAL was observed in the vicinity of LOCATION_0207.,FIELD_SURVEILLANCE_UNIT,0.77
SURV_00666,,2025-12-30 23:03:43,LOCATION_0170,Nikhil Joshi,,Nikhil Joshi was observed near LOCATION_0170; no unusual activity reported.,FIELD_SURVEILLANCE_UNIT,0.63
SURV_00667,,2024-05-21 02:07:33,LOCATION_0136,Meena Naidu,,Meena Naidu was observed near LOCATION_0136; no unusual activity reported.,FIELD_SURVEILLANCE_UNIT,0.71
SURV_00668,,2024-02-17 10:14:09,LOCATION_0218,Vikram Pandey,,Vikram Pandey was observed near LOCATION_0218; no unusual activity reported.,FIELD_SURVEILLANCE_UNIT,0.71
SURV_00669,,2024-01-18 03:33:01,LOCATION_0024,Divya Bansal,,Divya Bansal was observed near LOCATION_0024; no unusual activity reported.,FIELD_SURVEILLANCE_UNIT,0.78
SURV_00670,,2025-09-17 17:54:10,LOCATION_0170,I. Tiwari,,An individual resembling I. Tiwari was observed in the vicinity of LOCATION_0170.,FIELD_SURVEILLANCE_UNIT,0.56
SURV_00671,,2025-10-03 21:09:10,LOCATION_0083,Priya S.,VEHICLE_00125,An individual resembling Priya S. was observed in the vicinity of LOCATION_0083.,FIELD_SURVEILLANCE_UNIT,0.69
SURV_00672,,2024-10-22 03:28:43,LOCATION_0017,pooja bhatt,,An individual resembling pooja bhatt was observed in the vicinity of LOCATION_0017.,FIELD_SURVEILLANCE_UNIT,0.87
SURV_00673,,2024-12-11 10:25:25,LOCATION_0113,MANOJ REDDY,VEHICLE_00195,An individual resembling MANOJ REDDY was observed in the vicinity of LOCATION_0113.,FIELD_SURVEILLANCE_UNIT,0.64
SURV_00674,,2024-09-12 23:20:09,LOCATION_0204,Divya Singh,VEHICLE_00623,Divya Singh was observed near LOCATION_0204; no unusual activity reported.,FIELD_SURVEILLANCE_UNIT,0.74
SURV_00675,,2026-05-14 21:43:36,LOCATION_0122,Tanvi Mishra,VEHICLE_00448,Tanvi Mishra was observed near LOCATION_0122; no unusual activity reported.,FIELD_SURVEILLANCE_UNIT,0.68
SURV_00676,,2026-01-28 20:57:25,LOCATION_0085,VivekNair,,An individual resembling VivekNair was observed in the vicinity of LOCATION_0085.,FIELD_SURVEILLANCE_UNIT,0.9
SURV_00677,,2025-06-13 18:47:59,LOCATION_0138,Aman Kulkarni,VEHICLE_00490,An individual resembling Aman Kulkarni was observed in the vicinity of LOCATION_0138.,FIELD_SURVEILLANCE_UNIT,0.59
SURV_00678,,2026-03-28 07:36:25,LOCATION_0221,NIKHIL IYER,VEHICLE_00334,An individual resembling NIKHIL IYER was observed in the vicinity of LOCATION_0221.,FIELD_SURVEILLANCE_UNIT,0.88
SURV_00679,,2024-04-16 03:23:00,LOCATION_0052,meena mishra,VEHICLE_00466,An individual resembling meena mishra was observed in the vicinity of LOCATION_0052.,FIELD_SURVEILLANCE_UNIT,0.85
SURV_00680,,2025-07-27 04:37:31,LOCATION_0190,Geeta Kapoor,,Geeta Kapoor was observed near LOCATION_0190; no unusual activity reported.,FIELD_SURVEILLANCE_UNIT,0.76
SURV_00681,,2024-03-10 07:54:20,LOCATION_0055,Rahul B.,VEHICLE_00393,An individual resembling Rahul B. was observed in the vicinity of LOCATION_0055.,FIELD_SURVEILLANCE_UNIT,0.89
SURV_00682,,2024-08-24 20:47:08,LOCATION_0204,Isha Joshi,,Isha Joshi was observed near LOCATION_0204; no unusual activity reported.,FIELD_SURVEILLANCE_UNIT,0.89
SURV_00683,,2025-01-25 06:07:37,LOCATION_0008,K. Choudhary,,An individual resembling K. Choudhary was observed in the vicinity of LOCATION_0008.,FIELD_SURVEILLANCE_UNIT,0.62
SURV_00684,,2024-02-07 06:32:05,LOCATION_0151,Gaurav Joshi,,Gaurav Joshi was observed near LOCATION_0151; no unusual activity reported.,FIELD_SURVEILLANCE_UNIT,0.74
SURV_00685,,2024-07-02 10:27:58,LOCATION_0201,Tanvi Pandey,,Tanvi Pandey was observed near LOCATION_0201; no unusual activity reported.,FIELD_SURVEILLANCE_UNIT,0.57
SURV_00686,,2026-03-27 04:44:39,LOCATION_0186,Rohit Singh,,Rohit Singh was observed near LOCATION_0186; no unusual activity reported.,FIELD_SURVEILLANCE_UNIT,0.85
SURV_00687,,2025-04-29 16:08:18,LOCATION_0104,Ritu Kulkarni,VEHICLE_00327,Ritu Kulkarni was observed near LOCATION_0104; no unusual activity reported.,FIELD_SURVEILLANCE_UNIT,0.75
SURV_00688,,2026-05-14 14:54:13,LOCATION_0162,Sandeep Naidu,,Sandeep Naidu was observed near LOCATION_0162; no unusual activity reported.,FIELD_SURVEILLANCE_UNIT,0.84
SURV_00689,,2025-08-30 18:37:00,LOCATION_0008,P. Kapoor,VEHICLE_00612,An individual resembling P. Kapoor was observed in the vicinity of LOCATION_0008.,FIELD_SURVEILLANCE_UNIT,0.6
SURV_00690,,2024-01-12 14:04:16,LOCATION_0114,Nisha Singh,VEHICLE_00240,Nisha Singh was observed near LOCATION_0114; no unusual activity reported.,FIELD_SURVEILLANCE_UNIT,0.83
SURV_00691,,2024-02-08 18:57:23,LOCATION_0233,Anil Chauhan,,Anil Chauhan was observed near LOCATION_0233; no unusual activity reported.,FIELD_SURVEILLANCE_UNIT,0.79
SURV_00692,,2025-08-19 21:15:21,LOCATION_0149,Preeti Mishra,VEHICLE_00688,Preeti Mishra was observed near LOCATION_0149; no unusual activity reported.,FIELD_SURVEILLANCE_UNIT,0.58
SURV_00693,,2025-02-10 06:49:22,LOCATION_0263,Meena Yadav,,Meena Yadav was observed near LOCATION_0263; no unusual activity reported.,FIELD_SURVEILLANCE_UNIT,0.86
SURV_00694,,2025-11-17 10:56:41,LOCATION_0220,Shalini Singh,VEHICLE_00576,Shalini Singh was observed near LOCATION_0220; no unusual activity reported.,FIELD_SURVEILLANCE_UNIT,0.7
SURV_00695,,2024-04-13 06:00:57,LOCATION_0045,Nikhil Gupta,VEHICLE_00142,Nikhil Gupta was observed near LOCATION_0045; no unusual activity reported.,FIELD_SURVEILLANCE_UNIT,0.88
SURV_00696,,2026-06-27 18:38:04,LOCATION_0062,Nikhil C.,,An individual resembling Nikhil C. was observed in the vicinity of LOCATION_0062.,FIELD_SURVEILLANCE_UNIT,0.62
SURV_00697,,2024-05-30 18:45:18,LOCATION_0108,Gaurav Sharma,,Gaurav Sharma was observed near LOCATION_0108; no unusual activity reported.,FIELD_SURVEILLANCE_UNIT,0.72
SURV_00698,,2024-03-03 06:58:48,LOCATION_0149,Isha Saxena,,Isha Saxena was observed near LOCATION_0149; no unusual activity reported.,FIELD_SURVEILLANCE_UNIT,0.69
SURV_00699,,2025-08-12 03:54:40,LOCATION_0158,Pooja Agarwal,,Pooja Agarwal was observed near LOCATION_0158; no unusual activity reported.,FIELD_SURVEILLANCE_UNIT,0.61
SURV_00700,,2024-05-06 13:27:50,LOCATION_0001,Pooja Chauhan,VEHICLE_00068,Pooja Chauhan was observed near LOCATION_0001; no unusual activity reported.,FIELD_SURVEILLANCE_UNIT,0.59
SURV_00701,,2024-01-12 16:49:47,LOCATION_0262,Meena M.,VEHICLE_00466,An individual resembling Meena M. was observed in the vicinity of LOCATION_0262.,FIELD_SURVEILLANCE_UNIT,0.78
SURV_00702,,2024-05-06 15:46:50,LOCATION_0281,M. Joshi,,An individual resembling M. Joshi was observed in the vicinity of LOCATION_0281.,FIELD_SURVEILLANCE_UNIT,0.68
SURV_00703,,2026-06-07 08:12:34,LOCATION_0052,sanjay singh,,An individual resembling sanjay singh was observed in the vicinity of LOCATION_0052.,FIELD_SURVEILLANCE_UNIT,0.56
SURV_00704,,2024-06-30 12:45:08,LOCATION_0083,Manoj Y.,,An individual resembling Manoj Y. was observed in the vicinity of LOCATION_0083.,FIELD_SURVEILLANCE_UNIT,0.59
SURV_00705,,2025-04-01 17:31:20,LOCATION_0105,Kirti Tiwari,VEHICLE_00693,Kirti Tiwari was observed near LOCATION_0105; no unusual activity reported.,FIELD_SURVEILLANCE_UNIT,0.78
SURV_00706,,2025-01-02 08:15:45,LOCATION_0044,Ashok B.,VEHICLE_00467,An individual resembling Ashok B. was observed in the vicinity of LOCATION_0044.,FIELD_SURVEILLANCE_UNIT,0.72
SURV_00707,,2025-04-03 15:48:00,LOCATION_0054,Vivek Kapoor,VEHICLE_00602,Vivek Kapoor was observed near LOCATION_0054; no unusual activity reported.,FIELD_SURVEILLANCE_UNIT,0.63
SURV_00708,,2024-04-03 20:29:25,LOCATION_0159,PRIYA MALHOTRA,,An individual resembling PRIYA MALHOTRA was observed in the vicinity of LOCATION_0159.,FIELD_SURVEILLANCE_UNIT,0.84
SURV_00709,,2026-03-29 03:44:04,LOCATION_0289,S. Verma,VEHICLE_00725,An individual resembling S. Verma was observed in the vicinity of LOCATION_0289.,FIELD_SURVEILLANCE_UNIT,0.85
SURV_00710,,2024-01-02 13:07:10,LOCATION_0122,sandeep naidu,,An individual resembling sandeep naidu was observed in the vicinity of LOCATION_0122.,FIELD_SURVEILLANCE_UNIT,0.74
SURV_00711,,2024-12-14 08:07:59,LOCATION_0064,Rohit Singh,,Rohit Singh was observed near LOCATION_0064; no unusual activity reported.,FIELD_SURVEILLANCE_UNIT,0.74
SURV_00712,,2025-01-11 10:54:54,LOCATION_0291,Sunita Meena,,Sunita Meena was observed near LOCATION_0291; no unusual activity reported.,FIELD_SURVEILLANCE_UNIT,0.69
SURV_00713,,2025-11-11 10:54:15,LOCATION_0067,K. Bhatt,,An individual resembling K. Bhatt was observed in the vicinity of LOCATION_0067.,FIELD_SURVEILLANCE_UNIT,0.76
SURV_00714,,2025-03-01 15:32:16,LOCATION_0250,P. Choudhary,,An individual resembling P. Choudhary was observed in the vicinity of LOCATION_0250.,FIELD_SURVEILLANCE_UNIT,0.74
SURV_00715,,2024-12-07 03:38:06,LOCATION_0035,kirti reddy,,An individual resembling kirti reddy was observed in the vicinity of LOCATION_0035.,FIELD_SURVEILLANCE_UNIT,0.66
SURV_00716,,2025-04-15 11:26:00,LOCATION_0169,Swati Nair,VEHICLE_00082,An individual resembling Swati Nair was observed in the vicinity of LOCATION_0169.,FIELD_SURVEILLANCE_UNIT,0.69
SURV_00717,,2024-07-04 03:57:51,LOCATION_0057,Rohit V.,VEHICLE_00416,An individual resembling Rohit V. was observed in the vicinity of LOCATION_0057.,FIELD_SURVEILLANCE_UNIT,0.82
SURV_00718,,2024-09-12 14:47:05,LOCATION_0257,sandeep meena,,An individual resembling sandeep meena was observed in the vicinity of LOCATION_0257.,FIELD_SURVEILLANCE_UNIT,0.89
SURV_00719,,2025-03-29 12:57:40,LOCATION_0195,anita meena,VEHICLE_00138,An individual resembling anita meena was observed in the vicinity of LOCATION_0195.,FIELD_SURVEILLANCE_UNIT,0.62
SURV_00720,,2026-01-11 00:39:05,LOCATION_0038,Alka Malhotra,,Alka Malhotra was observed near LOCATION_0038; no unusual activity reported.,FIELD_SURVEILLANCE_UNIT,0.78
SURV_00721,,2026-03-23 03:35:48,LOCATION_0130,Pooja Singh,,Pooja Singh was observed near LOCATION_0130; no unusual activity reported.,FIELD_SURVEILLANCE_UNIT,0.61
SURV_00722,,2026-06-25 22:38:39,LOCATION_0003,Pankaj Chauhan,,An individual resembling Pankaj Chauhan was observed in the vicinity of LOCATION_0003.,FIELD_SURVEILLANCE_UNIT,0.76
SURV_00723,,2025-09-10 10:50:10,LOCATION_0090,D. Agarwal,,An individual resembling D. Agarwal was observed in the vicinity of LOCATION_0090.,FIELD_SURVEILLANCE_UNIT,0.87
SURV_00724,,2026-06-12 13:42:50,LOCATION_0288,Priya Yadav,VEHICLE_00247,Priya Yadav was observed near LOCATION_0288; no unusual activity reported.,FIELD_SURVEILLANCE_UNIT,0.73
SURV_00725,,2024-08-07 16:11:49,LOCATION_0174,TanviKulkarni,,An individual resembling TanviKulkarni was observed in the vicinity of LOCATION_0174.,FIELD_SURVEILLANCE_UNIT,0.8
SURV_00726,,2026-06-25 02:24:08,LOCATION_0082,NikhilChauhan,,An individual resembling NikhilChauhan was observed in the vicinity of LOCATION_0082.,FIELD_SURVEILLANCE_UNIT,0.71
SURV_00727,,2024-04-10 16:08:04,LOCATION_0080,ANJALI MEENA,,An individual resembling ANJALI MEENA was observed in the vicinity of LOCATION_0080.,FIELD_SURVEILLANCE_UNIT,0.87
SURV_00728,,2025-06-15 11:37:36,LOCATION_0116,Rajesh R.,VEHICLE_00401,An individual resembling Rajesh R. was observed in the vicinity of LOCATION_0116.,FIELD_SURVEILLANCE_UNIT,0.76
SURV_00729,,2026-06-29 16:57:50,LOCATION_0007,Vikram Gupta,,Vikram Gupta was observed near LOCATION_0007; no unusual activity reported.,FIELD_SURVEILLANCE_UNIT,0.78
SURV_00730,,2025-05-26 16:53:53,LOCATION_0013,ManojBansal,VEHICLE_00512,An individual resembling ManojBansal was observed in the vicinity of LOCATION_0013.,FIELD_SURVEILLANCE_UNIT,0.62
SURV_00731,,2024-01-07 00:31:28,LOCATION_0110,Anjali Meena,,Anjali Meena was observed near LOCATION_0110; no unusual activity reported.,FIELD_SURVEILLANCE_UNIT,0.67
SURV_00732,,2025-04-07 15:00:03,LOCATION_0102,S. Kulkarni,VEHICLE_00062,An individual resembling S. Kulkarni was observed in the vicinity of LOCATION_0102.,FIELD_SURVEILLANCE_UNIT,0.87
SURV_00733,,2025-08-14 05:06:31,LOCATION_0092,Anjali Malhotra,,Anjali Malhotra was observed near LOCATION_0092; no unusual activity reported.,FIELD_SURVEILLANCE_UNIT,0.7
SURV_00734,,2025-12-03 04:34:30,LOCATION_0222,Divya Sharma,VEHICLE_00499,Divya Sharma was observed near LOCATION_0222; no unusual activity reported.,FIELD_SURVEILLANCE_UNIT,0.62
SURV_00735,,2026-02-28 20:21:56,LOCATION_0173,Aman Chauhan,,Aman Chauhan was observed near LOCATION_0173; no unusual activity reported.,FIELD_SURVEILLANCE_UNIT,0.73
SURV_00736,,2025-03-08 11:14:58,LOCATION_0044,rekha naidu,VEHICLE_00445,An individual resembling rekha naidu was observed in the vicinity of LOCATION_0044.,FIELD_SURVEILLANCE_UNIT,0.57
SURV_00737,,2024-03-08 05:03:23,LOCATION_0109,DeepikaJoshi,,An individual resembling DeepikaJoshi was observed in the vicinity of LOCATION_0109.,FIELD_SURVEILLANCE_UNIT,0.84
SURV_00738,,2026-05-04 17:42:44,LOCATION_0267,Arjun A.,,An individual resembling Arjun A. was observed in the vicinity of LOCATION_0267.,FIELD_SURVEILLANCE_UNIT,0.6
SURV_00739,,2024-02-03 21:20:02,LOCATION_0002,A. Choudhary,VEHICLE_00699,An individual resembling A. Choudhary was observed in the vicinity of LOCATION_0002.,FIELD_SURVEILLANCE_UNIT,0.57
SURV_00740,,2025-07-11 03:13:31,LOCATION_0107,V. Rathore,,An individual resembling V. Rathore was observed in the vicinity of LOCATION_0107.,FIELD_SURVEILLANCE_UNIT,0.67
SURV_00741,,2025-10-31 00:37:06,LOCATION_0106,Sonia Sharma,VEHICLE_00545,Sonia Sharma was observed near LOCATION_0106; no unusual activity reported.,FIELD_SURVEILLANCE_UNIT,0.8
SURV_00742,,2026-04-18 08:12:28,LOCATION_0219,POOJA REDDY,,An individual resembling POOJA REDDY was observed in the vicinity of LOCATION_0219.,FIELD_SURVEILLANCE_UNIT,0.87
SURV_00743,,2024-04-16 00:36:13,LOCATION_0094,Anjali Kulkarni,VEHICLE_00698,Anjali Kulkarni was observed near LOCATION_0094; no unusual activity reported.,FIELD_SURVEILLANCE_UNIT,0.58
SURV_00744,,2024-06-01 23:19:21,LOCATION_0260,S. Naidu,,An individual resembling S. Naidu was observed in the vicinity of LOCATION_0260.,FIELD_SURVEILLANCE_UNIT,0.65
SURV_00745,,2025-03-19 19:47:49,LOCATION_0258,Sanjay Meena,,Sanjay Meena was observed near LOCATION_0258; no unusual activity reported.,FIELD_SURVEILLANCE_UNIT,0.9
SURV_00746,,2025-06-20 12:22:15,LOCATION_0016,M. Kapoor,,An individual resembling M. Kapoor was observed in the vicinity of LOCATION_0016.,FIELD_SURVEILLANCE_UNIT,0.62
SURV_00747,,2025-01-09 00:05:55,LOCATION_0230,Ritu S.,,An individual resembling Ritu S. was observed in the vicinity of LOCATION_0230.,FIELD_SURVEILLANCE_UNIT,0.69
SURV_00748,,2024-08-26 14:42:25,LOCATION_0204,Pankaj Sharma,,Pankaj Sharma was observed near LOCATION_0204; no unusual activity reported.,FIELD_SURVEILLANCE_UNIT,0.88
SURV_00749,,2025-01-01 13:51:44,LOCATION_0265,Manoj Iyer,VEHICLE_00155,Manoj Iyer was observed near LOCATION_0265; no unusual activity reported.,FIELD_SURVEILLANCE_UNIT,0.88
SURV_00750,,2026-04-24 06:47:36,LOCATION_0066,Ravi Gupta,,Ravi Gupta was observed near LOCATION_0066; no unusual activity reported.,FIELD_SURVEILLANCE_UNIT,0.74
SURV_00751,,2024-04-15 15:40:08,LOCATION_0154,KAVITA CHAUHAN,,An individual resembling KAVITA CHAUHAN was observed in the vicinity of LOCATION_0154.,FIELD_SURVEILLANCE_UNIT,0.71
SURV_00752,,2024-07-16 14:11:41,LOCATION_0266,ALKA REDDY,,An individual resembling ALKA REDDY was observed in the vicinity of LOCATION_0266.,FIELD_SURVEILLANCE_UNIT,0.83
SURV_00753,,2024-07-31 06:14:04,LOCATION_0279,Alka Kulkarni,VEHICLE_00045,Alka Kulkarni was observed near LOCATION_0279; no unusual activity reported.,FIELD_SURVEILLANCE_UNIT,0.62
SURV_00754,,2024-06-02 07:57:26,LOCATION_0087,S. Choudhary,,An individual resembling S. Choudhary was observed in the vicinity of LOCATION_0087.,FIELD_SURVEILLANCE_UNIT,0.69
SURV_00755,,2026-01-14 10:48:22,LOCATION_0273,G. Tiwari,,An individual resembling G. Tiwari was observed in the vicinity of LOCATION_0273.,FIELD_SURVEILLANCE_UNIT,0.61
SURV_00756,,2024-01-28 13:03:17,LOCATION_0084,divya bansal,,An individual resembling divya bansal was observed in the vicinity of LOCATION_0084.,FIELD_SURVEILLANCE_UNIT,0.6
SURV_00757,,2024-10-07 14:20:38,LOCATION_0129,A. Bansal,VEHICLE_00670,An individual resembling A. Bansal was observed in the vicinity of LOCATION_0129.,FIELD_SURVEILLANCE_UNIT,0.83
SURV_00758,,2026-05-19 20:17:37,LOCATION_0219,Deepak Verma,,Deepak Verma was observed near LOCATION_0219; no unusual activity reported.,FIELD_SURVEILLANCE_UNIT,0.85
SURV_00759,,2024-10-09 23:54:54,LOCATION_0205,manoj iyer,VEHICLE_00155,An individual resembling manoj iyer was observed in the vicinity of LOCATION_0205.,FIELD_SURVEILLANCE_UNIT,0.55
SURV_00760,,2024-08-03 21:08:06,LOCATION_0170,Simran Gupta,,Simran Gupta was observed near LOCATION_0170; no unusual activity reported.,FIELD_SURVEILLANCE_UNIT,0.85
SURV_00761,,2025-10-07 12:03:27,LOCATION_0216,Rajesh Meena,,Rajesh Meena was observed near LOCATION_0216; no unusual activity reported.,FIELD_SURVEILLANCE_UNIT,0.87
SURV_00762,,2024-06-04 12:15:17,LOCATION_0108,Vikram Choudhary,,Vikram Choudhary was observed near LOCATION_0108; no unusual activity reported.,FIELD_SURVEILLANCE_UNIT,0.63
SURV_00763,,2025-03-06 03:45:33,LOCATION_0063,ANIL RATHORE,,An individual resembling ANIL RATHORE was observed in the vicinity of LOCATION_0063.,FIELD_SURVEILLANCE_UNIT,0.8
SURV_00764,,2025-07-06 09:58:29,LOCATION_0042,PANKAJ AGARWAL,,An individual resembling PANKAJ AGARWAL was observed in the vicinity of LOCATION_0042.,FIELD_SURVEILLANCE_UNIT,0.61
SURV_00765,,2026-06-25 01:41:55,LOCATION_0281,Pankaj Naidu,VEHICLE_00256,Pankaj Naidu was observed near LOCATION_0281; no unusual activity reported.,FIELD_SURVEILLANCE_UNIT,0.66
SURV_00766,,2024-03-21 03:08:24,LOCATION_0091,K. Nair,,An individual resembling K. Nair was observed in the vicinity of LOCATION_0091.,FIELD_SURVEILLANCE_UNIT,0.63
SURV_00767,,2026-04-29 21:13:20,LOCATION_0166,Alka Saxena,,Alka Saxena was observed near LOCATION_0166; no unusual activity reported.,FIELD_SURVEILLANCE_UNIT,0.73
SURV_00768,,2025-10-08 19:58:36,LOCATION_0113,M. Singh,,An individual resembling M. Singh was observed in the vicinity of LOCATION_0113.,FIELD_SURVEILLANCE_UNIT,0.61
SURV_00769,,2024-10-26 22:26:53,LOCATION_0257,swati yadav,VEHICLE_00242,An individual resembling swati yadav was observed in the vicinity of LOCATION_0257.,FIELD_SURVEILLANCE_UNIT,0.71
SURV_00770,,2025-12-03 12:25:02,LOCATION_0203,Kirti Gupta,,Kirti Gupta was observed near LOCATION_0203; no unusual activity reported.,FIELD_SURVEILLANCE_UNIT,0.73
SURV_00771,,2025-12-15 02:28:02,LOCATION_0149,Deepika Mishra,VEHICLE_00073,Deepika Mishra was observed near LOCATION_0149; no unusual activity reported.,FIELD_SURVEILLANCE_UNIT,0.88
SURV_00772,,2024-03-01 03:48:43,LOCATION_0270,Nikhil Rathore,VEHICLE_00188,Nikhil Rathore was observed near LOCATION_0270; no unusual activity reported.,FIELD_SURVEILLANCE_UNIT,0.85
SURV_00773,,2025-06-21 14:45:24,LOCATION_0169,R. Bansal,VEHICLE_00183,An individual resembling R. Bansal was observed in the vicinity of LOCATION_0169.,FIELD_SURVEILLANCE_UNIT,0.84
SURV_00774,,2025-12-30 05:27:37,LOCATION_0011,Deepika C.,VEHICLE_00328,An individual resembling Deepika C. was observed in the vicinity of LOCATION_0011.,FIELD_SURVEILLANCE_UNIT,0.7
SURV_00775,,2024-03-01 14:37:53,LOCATION_0214,Simran Nair,VEHICLE_00493,An individual resembling Simran Nair was observed in the vicinity of LOCATION_0214.,FIELD_SURVEILLANCE_UNIT,0.83
SURV_00776,,2025-01-03 17:25:08,LOCATION_0110,Naveen Saxena,VEHICLE_00006,Naveen Saxena was observed near LOCATION_0110; no unusual activity reported.,FIELD_SURVEILLANCE_UNIT,0.72
SURV_00777,,2024-09-24 16:43:30,LOCATION_0270,Isha Malhotra,,Isha Malhotra was observed near LOCATION_0270; no unusual activity reported.,FIELD_SURVEILLANCE_UNIT,0.77
SURV_00778,,2026-01-23 00:01:43,LOCATION_0074,Aman Reddy,,Aman Reddy was observed near LOCATION_0074; no unusual activity reported.,FIELD_SURVEILLANCE_UNIT,0.8
SURV_00779,,2024-05-12 16:44:57,LOCATION_0214,Rajesh Yadav,,Rajesh Yadav was observed near LOCATION_0214; no unusual activity reported.,FIELD_SURVEILLANCE_UNIT,0.58
SURV_00780,,2025-03-16 15:12:41,LOCATION_0201,Harish A.,,An individual resembling Harish A. was observed in the vicinity of LOCATION_0201.,FIELD_SURVEILLANCE_UNIT,0.58
SURV_00781,,2025-11-24 17:48:51,LOCATION_0279,Tanvi Agarwal,VEHICLE_00271,Tanvi Agarwal was observed near LOCATION_0279; no unusual activity reported.,FIELD_SURVEILLANCE_UNIT,0.62
SURV_00782,,2024-11-18 22:16:06,LOCATION_0148,T. Saxena,VEHICLE_00714,An individual resembling T. Saxena was observed in the vicinity of LOCATION_0148.,FIELD_SURVEILLANCE_UNIT,0.57
SURV_00783,,2025-05-03 18:39:21,LOCATION_0276,Isha Tiwari,,Isha Tiwari was observed near LOCATION_0276; no unusual activity reported.,FIELD_SURVEILLANCE_UNIT,0.58
SURV_00784,,2025-01-03 18:39:36,LOCATION_0296,Karan Meena,,Karan Meena was observed near LOCATION_0296; no unusual activity reported.,FIELD_SURVEILLANCE_UNIT,0.75
SURV_00785,,2024-03-15 00:30:53,LOCATION_0134,Sonia Rathore,,Sonia Rathore was observed near LOCATION_0134; no unusual activity reported.,FIELD_SURVEILLANCE_UNIT,0.89
SURV_00786,,2025-04-13 08:54:34,LOCATION_0222,A. Singh,VEHICLE_00561,An individual resembling A. Singh was observed in the vicinity of LOCATION_0222.,FIELD_SURVEILLANCE_UNIT,0.83
SURV_00787,,2025-12-03 06:44:51,LOCATION_0199,H. Nair,VEHICLE_00349,An individual resembling H. Nair was observed in the vicinity of LOCATION_0199.,FIELD_SURVEILLANCE_UNIT,0.77
SURV_00788,,2025-10-29 05:48:16,LOCATION_0141,Ravi Naidu,,Ravi Naidu was observed near LOCATION_0141; no unusual activity reported.,FIELD_SURVEILLANCE_UNIT,0.65
SURV_00789,,2024-06-29 04:40:15,LOCATION_0260,Harish Reddy,,Harish Reddy was observed near LOCATION_0260; no unusual activity reported.,FIELD_SURVEILLANCE_UNIT,0.78
SURV_00790,,2026-05-22 11:27:54,LOCATION_0199,mohit singh,VEHICLE_00233,An individual resembling mohit singh was observed in the vicinity of LOCATION_0199.,FIELD_SURVEILLANCE_UNIT,0.57
SURV_00791,,2025-09-20 09:07:15,LOCATION_0026,Anjali Verma,VEHICLE_00290,An individual resembling Anjali Verma was observed in the vicinity of LOCATION_0026.,FIELD_SURVEILLANCE_UNIT,0.61
SURV_00792,,2025-02-16 00:37:38,LOCATION_0041,Nikhil Bhatt,VEHICLE_00139,Nikhil Bhatt was observed near LOCATION_0041; no unusual activity reported.,FIELD_SURVEILLANCE_UNIT,0.62
SURV_00793,,2025-07-20 01:37:14,LOCATION_0300,Ritu Singh,,Ritu Singh was observed near LOCATION_0300; no unusual activity reported.,FIELD_SURVEILLANCE_UNIT,0.58
SURV_00794,,2025-12-05 23:52:54,LOCATION_0278,Ritu Reddy,VEHICLE_00496,Ritu Reddy was observed near LOCATION_0278; no unusual activity reported.,FIELD_SURVEILLANCE_UNIT,0.75
SURV_00795,,2024-02-07 14:43:54,LOCATION_0234,Vikram Chauhan,,Vikram Chauhan was observed near LOCATION_0234; no unusual activity reported.,FIELD_SURVEILLANCE_UNIT,0.78
SURV_00796,,2025-12-01 21:12:36,LOCATION_0058,Tanvi Saxena,VEHICLE_00714,Tanvi Saxena was observed near LOCATION_0058; no unusual activity reported.,FIELD_SURVEILLANCE_UNIT,0.74
SURV_00797,,2024-06-07 06:51:32,LOCATION_0066,Vikram Tiwari,,An individual resembling Vikram Tiwari was observed in the vicinity of LOCATION_0066.,FIELD_SURVEILLANCE_UNIT,0.75
SURV_00798,,2024-01-30 04:43:57,LOCATION_0048,Anil Mishra,VEHICLE_00523,Anil Mishra was observed near LOCATION_0048; no unusual activity reported.,FIELD_SURVEILLANCE_UNIT,0.64
SURV_00799,,2024-04-26 06:45:47,LOCATION_0068,Sandeep Saxena,,Sandeep Saxena was observed near LOCATION_0068; no unusual activity reported.,FIELD_SURVEILLANCE_UNIT,0.84
SURV_00800,,2025-03-19 14:30:19,LOCATION_0119,Anjali Verma,,Anjali Verma was observed near LOCATION_0119; no unusual activity reported.,FIELD_SURVEILLANCE_UNIT,0.68
SURV_00801,,2026-04-28 07:32:19,LOCATION_0201,Yash Kulkarni,VEHICLE_00329,Yash Kulkarni was observed near LOCATION_0201; no unusual activity reported.,FIELD_SURVEILLANCE_UNIT,0.73
SURV_00802,,2025-01-21 05:15:14,LOCATION_0060,G. Bhatt,VEHICLE_00250,An individual resembling G. Bhatt was observed in the vicinity of LOCATION_0060.,FIELD_SURVEILLANCE_UNIT,0.71
SURV_00803,,2025-08-01 00:41:36,LOCATION_0261,Sonia Agarwal,,Sonia Agarwal was observed near LOCATION_0261; no unusual activity reported.,FIELD_SURVEILLANCE_UNIT,0.55
SURV_00804,,2025-01-27 08:10:07,LOCATION_0165,Ashok Malhotra,VEHICLE_00709,An individual resembling Ashok Malhotra was observed in the vicinity of LOCATION_0165.,FIELD_SURVEILLANCE_UNIT,0.57
SURV_00805,,2024-12-10 03:09:44,LOCATION_0268,Kavita Bansal,VEHICLE_00674,Kavita Bansal was observed near LOCATION_0268; no unusual activity reported.,FIELD_SURVEILLANCE_UNIT,0.67
SURV_00806,,2025-09-19 04:24:52,LOCATION_0067,AMAN AGARWAL,VEHICLE_00742,An individual resembling AMAN AGARWAL was observed in the vicinity of LOCATION_0067.,FIELD_SURVEILLANCE_UNIT,0.6
SURV_00807,,2024-06-28 23:23:40,LOCATION_0052,Neha N.,,An individual resembling Neha N. was observed in the vicinity of LOCATION_0052.,FIELD_SURVEILLANCE_UNIT,0.77
SURV_00808,,2026-06-02 05:49:49,LOCATION_0139,DeepikaChoudhary,VEHICLE_00497,An individual resembling DeepikaChoudhary was observed in the vicinity of LOCATION_0139.,FIELD_SURVEILLANCE_UNIT,0.69
SURV_00809,,2025-10-15 03:57:21,LOCATION_0216,KaranJoshi,,An individual resembling KaranJoshi was observed in the vicinity of LOCATION_0216.,FIELD_SURVEILLANCE_UNIT,0.66
SURV_00810,,2025-10-12 07:35:20,LOCATION_0210,HARISH REDDY,,An individual resembling HARISH REDDY was observed in the vicinity of LOCATION_0210.,FIELD_SURVEILLANCE_UNIT,0.82
SURV_00811,,2024-11-02 06:55:54,LOCATION_0053,P. Nair,,An individual resembling P. Nair was observed in the vicinity of LOCATION_0053.,FIELD_SURVEILLANCE_UNIT,0.61
SURV_00812,,2026-06-20 21:54:23,LOCATION_0254,Tanvi K.,,An individual resembling Tanvi K. was observed in the vicinity of LOCATION_0254.,FIELD_SURVEILLANCE_UNIT,0.85
SURV_00813,,2026-06-03 11:59:45,LOCATION_0289,Karan Reddy,,Karan Reddy was observed near LOCATION_0289; no unusual activity reported.,FIELD_SURVEILLANCE_UNIT,0.62
SURV_00814,,2025-06-23 15:18:01,LOCATION_0190,Isha Tiwari,,Isha Tiwari was observed near LOCATION_0190; no unusual activity reported.,FIELD_SURVEILLANCE_UNIT,0.58
SURV_00815,,2024-05-11 05:47:42,LOCATION_0115,Naveen Agarwal,VEHICLE_00532,Naveen Agarwal was observed near LOCATION_0115; no unusual activity reported.,FIELD_SURVEILLANCE_UNIT,0.75
SURV_00816,,2024-05-21 15:23:26,LOCATION_0240,Kavita Malhotra,,Kavita Malhotra was observed near LOCATION_0240; no unusual activity reported.,FIELD_SURVEILLANCE_UNIT,0.83
SURV_00817,,2025-10-18 16:08:29,LOCATION_0094,Rekha C.,,An individual resembling Rekha C. was observed in the vicinity of LOCATION_0094.,FIELD_SURVEILLANCE_UNIT,0.55
SURV_00818,,2024-02-20 04:41:34,LOCATION_0274,Pankaj Naidu,,Pankaj Naidu was observed near LOCATION_0274; no unusual activity reported.,FIELD_SURVEILLANCE_UNIT,0.57
SURV_00819,,2025-05-07 21:56:45,LOCATION_0237,RituPandey,,An individual resembling RituPandey was observed in the vicinity of LOCATION_0237.,FIELD_SURVEILLANCE_UNIT,0.75
SURV_00820,,2024-09-28 01:47:21,LOCATION_0228,Meena Tiwari,,Meena Tiwari was observed near LOCATION_0228; no unusual activity reported.,FIELD_SURVEILLANCE_UNIT,0.85
SURV_00821,,2024-09-07 10:31:39,LOCATION_0289,ShaliniChauhan,VEHICLE_00444,An individual resembling ShaliniChauhan was observed in the vicinity of LOCATION_0289.,FIELD_SURVEILLANCE_UNIT,0.61
SURV_00822,,2024-05-11 10:35:52,LOCATION_0246,PriyaIyer,VEHICLE_00254,An individual resembling PriyaIyer was observed in the vicinity of LOCATION_0246.,FIELD_SURVEILLANCE_UNIT,0.55
SURV_00823,,2025-11-11 13:02:48,LOCATION_0181,SwatiBhatt,,An individual resembling SwatiBhatt was observed in the vicinity of LOCATION_0181.,FIELD_SURVEILLANCE_UNIT,0.59
SURV_00824,,2025-12-18 22:24:25,LOCATION_0106,Naveen M.,,An individual resembling Naveen M. was observed in the vicinity of LOCATION_0106.,FIELD_SURVEILLANCE_UNIT,0.8
SURV_00825,,2026-03-07 05:55:57,LOCATION_0081,A. Naidu,,An individual resembling A. Naidu was observed in the vicinity of LOCATION_0081.,FIELD_SURVEILLANCE_UNIT,0.67
SURV_00826,,2025-10-29 12:21:00,LOCATION_0228,Vivek Rathore,VEHICLE_00147,Vivek Rathore was observed near LOCATION_0228; no unusual activity reported.,FIELD_SURVEILLANCE_UNIT,0.89
SURV_00827,,2024-07-23 09:33:30,LOCATION_0098,Yash V.,VEHICLE_00615,An individual resembling Yash V. was observed in the vicinity of LOCATION_0098.,FIELD_SURVEILLANCE_UNIT,0.66
SURV_00828,,2025-02-11 05:56:43,LOCATION_0024,Kirti Choudhary,,Kirti Choudhary was observed near LOCATION_0024; no unusual activity reported.,FIELD_SURVEILLANCE_UNIT,0.73
SURV_00829,,2025-11-25 21:15:32,LOCATION_0228,nisha kapoor,,An individual resembling nisha kapoor was observed in the vicinity of LOCATION_0228.,FIELD_SURVEILLANCE_UNIT,0.56
SURV_00830,,2024-11-12 06:53:04,LOCATION_0300,S. Singh,VEHICLE_00163,An individual resembling S. Singh was observed in the vicinity of LOCATION_0300.,FIELD_SURVEILLANCE_UNIT,0.7
SURV_00831,,2024-11-11 15:58:42,LOCATION_0178,SimranJoshi,,An individual resembling SimranJoshi was observed in the vicinity of LOCATION_0178.,FIELD_SURVEILLANCE_UNIT,0.73
SURV_00832,,2026-06-17 13:32:25,LOCATION_0288,Ritu Reddy,VEHICLE_00496,Ritu Reddy was observed near LOCATION_0288; no unusual activity reported.,FIELD_SURVEILLANCE_UNIT,0.58
SURV_00833,,2024-07-05 13:06:11,LOCATION_0117,Tanvi Rathore,VEHICLE_00713,Tanvi Rathore was observed near LOCATION_0117; no unusual activity reported.,FIELD_SURVEILLANCE_UNIT,0.57
SURV_00834,,2024-11-19 17:01:59,LOCATION_0178,Arjun Joshi,,An individual resembling Arjun Joshi was observed in the vicinity of LOCATION_0178.,FIELD_SURVEILLANCE_UNIT,0.9
SURV_00835,,2026-06-18 16:08:50,LOCATION_0218,AnilSingh,VEHICLE_00716,An individual resembling AnilSingh was observed in the vicinity of LOCATION_0218.,FIELD_SURVEILLANCE_UNIT,0.64
SURV_00836,,2025-12-14 13:00:49,LOCATION_0033,P. Choudhary,,An individual resembling P. Choudhary was observed in the vicinity of LOCATION_0033.,FIELD_SURVEILLANCE_UNIT,0.76
SURV_00837,,2024-05-11 00:23:46,LOCATION_0099,Gaurav Verma,,Gaurav Verma was observed near LOCATION_0099; no unusual activity reported.,FIELD_SURVEILLANCE_UNIT,0.61
SURV_00838,,2025-06-21 11:37:30,LOCATION_0193,Rajesh R.,,An individual resembling Rajesh R. was observed in the vicinity of LOCATION_0193.,FIELD_SURVEILLANCE_UNIT,0.84
SURV_00839,,2025-04-30 00:15:28,LOCATION_0203,Rohit G.,,An individual resembling Rohit G. was observed in the vicinity of LOCATION_0203.,FIELD_SURVEILLANCE_UNIT,0.69
SURV_00840,,2024-11-18 00:17:19,LOCATION_0055,Arjun S.,,An individual resembling Arjun S. was observed in the vicinity of LOCATION_0055.,FIELD_SURVEILLANCE_UNIT,0.85
SURV_00841,,2025-01-01 05:59:18,LOCATION_0217,Ritu Yadav,,Ritu Yadav was observed near LOCATION_0217; no unusual activity reported.,FIELD_SURVEILLANCE_UNIT,0.9
SURV_00842,,2025-12-17 07:10:11,LOCATION_0237,Manju Nair,,An individual resembling Manju Nair was observed in the vicinity of LOCATION_0237.,FIELD_SURVEILLANCE_UNIT,0.82
SURV_00843,,2026-02-17 14:19:40,LOCATION_0007,Meena Agarwal,VEHICLE_00613,Meena Agarwal was observed near LOCATION_0007; no unusual activity reported.,FIELD_SURVEILLANCE_UNIT,0.59
SURV_00844,,2024-08-29 13:33:08,LOCATION_0188,isha reddy,VEHICLE_00715,An individual resembling isha reddy was observed in the vicinity of LOCATION_0188.,FIELD_SURVEILLANCE_UNIT,0.77
SURV_00845,,2024-01-04 03:34:31,LOCATION_0100,pankaj gupta,,An individual resembling pankaj gupta was observed in the vicinity of LOCATION_0100.,FIELD_SURVEILLANCE_UNIT,0.69
SURV_00846,,2024-06-27 01:35:09,LOCATION_0108,A. Chauhan,,An individual resembling A. Chauhan was observed in the vicinity of LOCATION_0108.,FIELD_SURVEILLANCE_UNIT,0.86
SURV_00847,,2026-02-10 10:53:17,LOCATION_0235,Rahul Choudhary,,Rahul Choudhary was observed near LOCATION_0235; no unusual activity reported.,FIELD_SURVEILLANCE_UNIT,0.65
SURV_00848,,2025-09-16 10:18:40,LOCATION_0297,Y. Kapoor,VEHICLE_00279,An individual resembling Y. Kapoor was observed in the vicinity of LOCATION_0297.,FIELD_SURVEILLANCE_UNIT,0.9
SURV_00849,,2025-10-28 11:55:47,LOCATION_0164,K. Chauhan,,An individual resembling K. Chauhan was observed in the vicinity of LOCATION_0164.,FIELD_SURVEILLANCE_UNIT,0.8
SURV_00850,,2024-04-07 15:44:31,LOCATION_0033,GeetaIyer,,An individual resembling GeetaIyer was observed in the vicinity of LOCATION_0033.,FIELD_SURVEILLANCE_UNIT,0.59
SURV_00851,,2024-05-03 16:39:59,LOCATION_0269,Nisha Bansal,VEHICLE_00396,Nisha Bansal was observed near LOCATION_0269; no unusual activity reported.,FIELD_SURVEILLANCE_UNIT,0.76
SURV_00852,,2024-01-30 10:44:03,LOCATION_0297,Priya S.,,An individual resembling Priya S. was observed in the vicinity of LOCATION_0297.,FIELD_SURVEILLANCE_UNIT,0.83
SURV_00853,,2026-02-12 02:33:28,LOCATION_0298,Priya M.,VEHICLE_00440,An individual resembling Priya M. was observed in the vicinity of LOCATION_0298.,FIELD_SURVEILLANCE_UNIT,0.87
SURV_00854,,2024-11-28 12:46:16,LOCATION_0027,Sonia Kulkarni,,Sonia Kulkarni was observed near LOCATION_0027; no unusual activity reported.,FIELD_SURVEILLANCE_UNIT,0.64
SURV_00855,,2024-04-01 06:29:18,LOCATION_0171,Alka Y.,,An individual resembling Alka Y. was observed in the vicinity of LOCATION_0171.,FIELD_SURVEILLANCE_UNIT,0.58
SURV_00856,,2025-05-03 00:57:31,LOCATION_0170,G. Bhatt,VEHICLE_00250,An individual resembling G. Bhatt was observed in the vicinity of LOCATION_0170.,FIELD_SURVEILLANCE_UNIT,0.66
SURV_00857,,2024-09-04 18:15:14,LOCATION_0154,Nisha Saxena,,Nisha Saxena was observed near LOCATION_0154; no unusual activity reported.,FIELD_SURVEILLANCE_UNIT,0.55
SURV_00858,,2024-10-08 04:27:23,LOCATION_0228,Amit Bhatt,VEHICLE_00339,Amit Bhatt was observed near LOCATION_0228; no unusual activity reported.,FIELD_SURVEILLANCE_UNIT,0.64
SURV_00859,,2024-06-09 14:37:19,LOCATION_0055,Vivek Bansal,VEHICLE_00733,Vivek Bansal was observed near LOCATION_0055; no unusual activity reported.,FIELD_SURVEILLANCE_UNIT,0.59
SURV_00860,,2026-03-18 09:44:45,LOCATION_0003,D. Bansal,VEHICLE_00604,An individual resembling D. Bansal was observed in the vicinity of LOCATION_0003.,FIELD_SURVEILLANCE_UNIT,0.6
SURV_00861,,2024-03-06 08:00:11,LOCATION_0218,T. Tiwari,VEHICLE_00594,An individual resembling T. Tiwari was observed in the vicinity of LOCATION_0218.,FIELD_SURVEILLANCE_UNIT,0.68
SURV_00862,,2024-05-12 12:01:20,LOCATION_0095,Nikhil Kapoor,VEHICLE_00379,Nikhil Kapoor was observed near LOCATION_0095; no unusual activity reported.,FIELD_SURVEILLANCE_UNIT,0.84
SURV_00863,,2025-07-12 00:01:11,LOCATION_0173,Priya Bhatt,,Priya Bhatt was observed near LOCATION_0173; no unusual activity reported.,FIELD_SURVEILLANCE_UNIT,0.56
SURV_00864,,2025-07-14 00:23:02,LOCATION_0221,Alka Singh,,Alka Singh was observed near LOCATION_0221; no unusual activity reported.,FIELD_SURVEILLANCE_UNIT,0.56
SURV_00865,,2025-10-06 04:27:55,LOCATION_0200,Ritu Meena,VEHICLE_00575,Ritu Meena was observed near LOCATION_0200; no unusual activity reported.,FIELD_SURVEILLANCE_UNIT,0.62
SURV_00866,,2026-05-28 01:27:36,LOCATION_0255,MEENA REDDY,VEHICLE_00552,An individual resembling MEENA REDDY was observed in the vicinity of LOCATION_0255.,FIELD_SURVEILLANCE_UNIT,0.66
SURV_00867,,2024-02-23 10:17:07,LOCATION_0157,priya malhotra,VEHICLE_00143,An individual resembling priya malhotra was observed in the vicinity of LOCATION_0157.,FIELD_SURVEILLANCE_UNIT,0.56
SURV_00868,,2025-06-25 07:16:57,LOCATION_0202,T. Saxena,,An individual resembling T. Saxena was observed in the vicinity of LOCATION_0202.,FIELD_SURVEILLANCE_UNIT,0.76
SURV_00869,,2025-07-26 03:53:39,LOCATION_0117,Divya Y.,VEHICLE_00596,An individual resembling Divya Y. was observed in the vicinity of LOCATION_0117.,FIELD_SURVEILLANCE_UNIT,0.75
SURV_00870,,2024-03-28 11:49:18,LOCATION_0014,Nisha Singh,VEHICLE_00240,Nisha Singh was observed near LOCATION_0014; no unusual activity reported.,FIELD_SURVEILLANCE_UNIT,0.82
SURV_00871,,2024-11-12 10:33:56,LOCATION_0100,Naveen Iyer,VEHICLE_00351,Naveen Iyer was observed near LOCATION_0100; no unusual activity reported.,FIELD_SURVEILLANCE_UNIT,0.76
SURV_00872,,2024-04-09 02:41:08,LOCATION_0244,A. Agarwal,VEHICLE_00489,An individual resembling A. Agarwal was observed in the vicinity of LOCATION_0244.,FIELD_SURVEILLANCE_UNIT,0.72
SURV_00873,,2024-06-17 01:26:42,LOCATION_0258,T. Tiwari,VEHICLE_00594,An individual resembling T. Tiwari was observed in the vicinity of LOCATION_0258.,FIELD_SURVEILLANCE_UNIT,0.6
SURV_00874,,2025-03-31 00:26:32,LOCATION_0194,Pooja Bansal,,Pooja Bansal was observed near LOCATION_0194; no unusual activity reported.,FIELD_SURVEILLANCE_UNIT,0.72
SURV_00875,,2025-03-18 13:34:55,LOCATION_0268,Isha Gupta,VEHICLE_00606,Isha Gupta was observed near LOCATION_0268; no unusual activity reported.,FIELD_SURVEILLANCE_UNIT,0.83
SURV_00876,,2024-07-18 01:11:09,LOCATION_0011,N. Iyer,VEHICLE_00334,An individual resembling N. Iyer was observed in the vicinity of LOCATION_0011.,FIELD_SURVEILLANCE_UNIT,0.6
SURV_00877,,2025-06-01 16:39:49,LOCATION_0179,S. Choudhary,VEHICLE_00540,An individual resembling S. Choudhary was observed in the vicinity of LOCATION_0179.,FIELD_SURVEILLANCE_UNIT,0.57
SURV_00878,,2024-08-30 16:01:08,LOCATION_0136,deepika iyer,VEHICLE_00356,An individual resembling deepika iyer was observed in the vicinity of LOCATION_0136.,FIELD_SURVEILLANCE_UNIT,0.65
SURV_00879,,2026-02-13 21:25:14,LOCATION_0108,Gaurav Sharma,,Gaurav Sharma was observed near LOCATION_0108; no unusual activity reported.,FIELD_SURVEILLANCE_UNIT,0.87
SURV_00880,,2026-05-18 20:48:03,LOCATION_0256,Anjali Rathore,,Anjali Rathore was observed near LOCATION_0256; no unusual activity reported.,FIELD_SURVEILLANCE_UNIT,0.78
SURV_00881,,2024-09-23 06:33:38,LOCATION_0120,KirtiMishra,VEHICLE_00054,An individual resembling KirtiMishra was observed in the vicinity of LOCATION_0120.,FIELD_SURVEILLANCE_UNIT,0.62
SURV_00882,,2024-01-21 03:53:34,LOCATION_0196,SoniaPandey,,An individual resembling SoniaPandey was observed in the vicinity of LOCATION_0196.,FIELD_SURVEILLANCE_UNIT,0.75
SURV_00883,,2026-06-23 03:18:37,LOCATION_0292,Tanvi Saxena,,Tanvi Saxena was observed near LOCATION_0292; no unusual activity reported.,FIELD_SURVEILLANCE_UNIT,0.86
SURV_00884,,2025-06-19 14:33:40,LOCATION_0033,Isha Singh,,Isha Singh was observed near LOCATION_0033; no unusual activity reported.,FIELD_SURVEILLANCE_UNIT,0.78
SURV_00885,,2024-12-30 14:11:00,LOCATION_0277,Deepika Pandey,,Deepika Pandey was observed near LOCATION_0277; no unusual activity reported.,FIELD_SURVEILLANCE_UNIT,0.73
SURV_00886,,2024-01-07 07:17:30,LOCATION_0139,N. Mishra,,An individual resembling N. Mishra was observed in the vicinity of LOCATION_0139.,FIELD_SURVEILLANCE_UNIT,0.75
SURV_00887,,2026-03-31 20:51:46,LOCATION_0126,YASH MEENA,VEHICLE_00148,An individual resembling YASH MEENA was observed in the vicinity of LOCATION_0126.,FIELD_SURVEILLANCE_UNIT,0.61
SURV_00888,,2026-03-21 23:33:43,LOCATION_0128,AmanMalhotra,,An individual resembling AmanMalhotra was observed in the vicinity of LOCATION_0128.,FIELD_SURVEILLANCE_UNIT,0.89
SURV_00889,,2024-12-25 00:16:59,LOCATION_0150,S. Singh,VEHICLE_00576,An individual resembling S. Singh was observed in the vicinity of LOCATION_0150.,FIELD_SURVEILLANCE_UNIT,0.83
SURV_00890,,2025-09-24 03:21:04,LOCATION_0284,DivyaSingh,VEHICLE_00623,An individual resembling DivyaSingh was observed in the vicinity of LOCATION_0284.,FIELD_SURVEILLANCE_UNIT,0.87
SURV_00891,,2025-04-09 00:55:59,LOCATION_0219,Anjali B.,VEHICLE_00207,An individual resembling Anjali B. was observed in the vicinity of LOCATION_0219.,FIELD_SURVEILLANCE_UNIT,0.62
SURV_00892,,2024-01-18 20:50:20,LOCATION_0176,Tanvi Joshi,,Tanvi Joshi was observed near LOCATION_0176; no unusual activity reported.,FIELD_SURVEILLANCE_UNIT,0.65
SURV_00893,,2025-10-19 23:12:29,LOCATION_0275,Priya Naidu,,Priya Naidu was observed near LOCATION_0275; no unusual activity reported.,FIELD_SURVEILLANCE_UNIT,0.6
SURV_00894,,2024-10-19 22:52:06,LOCATION_0053,MohitMishra,VEHICLE_00316,An individual resembling MohitMishra was observed in the vicinity of LOCATION_0053.,FIELD_SURVEILLANCE_UNIT,0.85
SURV_00895,,2024-08-21 09:34:11,LOCATION_0043,Karan Chauhan,,Karan Chauhan was observed near LOCATION_0043; no unusual activity reported.,FIELD_SURVEILLANCE_UNIT,0.73
SURV_00896,,2025-07-31 11:52:23,LOCATION_0189,Rekha Malhotra,,Rekha Malhotra was observed near LOCATION_0189; no unusual activity reported.,FIELD_SURVEILLANCE_UNIT,0.72
SURV_00897,,2024-11-21 15:15:44,LOCATION_0284,Sanjay Verma,VEHICLE_00116,Sanjay Verma was observed near LOCATION_0284; no unusual activity reported.,FIELD_SURVEILLANCE_UNIT,0.57
SURV_00898,,2026-01-22 09:58:56,LOCATION_0097,Ritu P.,VEHICLE_00085,An individual resembling Ritu P. was observed in the vicinity of LOCATION_0097.,FIELD_SURVEILLANCE_UNIT,0.84
SURV_00899,,2025-10-04 01:49:20,LOCATION_0214,Vivek Yadav,,Vivek Yadav was observed near LOCATION_0214; no unusual activity reported.,FIELD_SURVEILLANCE_UNIT,0.67
SURV_00900,,2024-02-11 23:47:43,LOCATION_0097,PRIYA MISHRA,VEHICLE_00098,An individual resembling PRIYA MISHRA was observed in the vicinity of LOCATION_0097.,FIELD_SURVEILLANCE_UNIT,0.84
SURV_00901,,2025-01-20 08:20:26,LOCATION_0160,SimranGupta,,An individual resembling SimranGupta was observed in the vicinity of LOCATION_0160.,FIELD_SURVEILLANCE_UNIT,0.76
SURV_00902,,2025-09-30 19:15:02,LOCATION_0124,Anil Naidu,,Anil Naidu was observed near LOCATION_0124; no unusual activity reported.,FIELD_SURVEILLANCE_UNIT,0.69
SURV_00903,,2026-03-12 22:39:00,LOCATION_0280,harish gupta,VEHICLE_00614,An individual resembling harish gupta was observed in the vicinity of LOCATION_0280.,FIELD_SURVEILLANCE_UNIT,0.89
SURV_00904,,2025-09-30 13:44:22,LOCATION_0287,Sonia Agarwal,VEHICLE_00221,Sonia Agarwal was observed near LOCATION_0287; no unusual activity reported.,FIELD_SURVEILLANCE_UNIT,0.56
SURV_00905,,2025-12-29 08:46:03,LOCATION_0088,ritu rathore,,An individual resembling ritu rathore was observed in the vicinity of LOCATION_0088.,FIELD_SURVEILLANCE_UNIT,0.69
SURV_00906,,2026-03-07 21:01:16,LOCATION_0253,Nikhil Iyer,,Nikhil Iyer was observed near LOCATION_0253; no unusual activity reported.,FIELD_SURVEILLANCE_UNIT,0.8
SURV_00907,,2026-06-06 06:45:57,LOCATION_0136,AmanBansal,,An individual resembling AmanBansal was observed in the vicinity of LOCATION_0136.,FIELD_SURVEILLANCE_UNIT,0.75
SURV_00908,,2026-05-02 13:27:56,LOCATION_0190,SimranGupta,,An individual resembling SimranGupta was observed in the vicinity of LOCATION_0190.,FIELD_SURVEILLANCE_UNIT,0.81
SURV_00909,,2025-12-25 21:48:23,LOCATION_0237,A. Rathore,,An individual resembling A. Rathore was observed in the vicinity of LOCATION_0237.,FIELD_SURVEILLANCE_UNIT,0.74
SURV_00910,,2024-09-28 13:01:44,LOCATION_0091,Meena Chauhan,VEHICLE_00597,Meena Chauhan was observed near LOCATION_0091; no unusual activity reported.,FIELD_SURVEILLANCE_UNIT,0.9
SURV_00911,,2025-06-22 04:14:34,LOCATION_0066,PreetiKulkarni,VEHICLE_00313,An individual resembling PreetiKulkarni was observed in the vicinity of LOCATION_0066.,FIELD_SURVEILLANCE_UNIT,0.83
SURV_00912,,2025-02-16 10:50:54,LOCATION_0242,Vivek Saxena,VEHICLE_00176,Vivek Saxena was observed near LOCATION_0242; no unusual activity reported.,FIELD_SURVEILLANCE_UNIT,0.85
SURV_00913,,2024-04-04 17:41:15,LOCATION_0245,VivekTiwari,VEHICLE_00003,An individual resembling VivekTiwari was observed in the vicinity of LOCATION_0245.,FIELD_SURVEILLANCE_UNIT,0.69
SURV_00914,,2025-03-11 18:47:24,LOCATION_0087,Vikram B.,,An individual resembling Vikram B. was observed in the vicinity of LOCATION_0087.,FIELD_SURVEILLANCE_UNIT,0.69
SURV_00915,,2024-10-28 14:16:05,LOCATION_0217,Suresh I.,,An individual resembling Suresh I. was observed in the vicinity of LOCATION_0217.,FIELD_SURVEILLANCE_UNIT,0.86
SURV_00916,,2025-09-04 01:47:15,LOCATION_0088,ANIL SAXENA,,An individual resembling ANIL SAXENA was observed in the vicinity of LOCATION_0088.,FIELD_SURVEILLANCE_UNIT,0.6
SURV_00917,,2024-10-07 05:31:32,LOCATION_0173,VikramRathore,VEHICLE_00031,An individual resembling VikramRathore was observed in the vicinity of LOCATION_0173.,FIELD_SURVEILLANCE_UNIT,0.57
SURV_00918,,2026-04-10 19:50:05,LOCATION_0027,SureshRathore,VEHICLE_00365,An individual resembling SureshRathore was observed in the vicinity of LOCATION_0027.,FIELD_SURVEILLANCE_UNIT,0.88
SURV_00919,,2024-05-21 09:46:13,LOCATION_0290,Aman Naidu,,Aman Naidu was observed near LOCATION_0290; no unusual activity reported.,FIELD_SURVEILLANCE_UNIT,0.73
SURV_00920,,2024-08-22 09:12:57,LOCATION_0184,Deepak Sharma,VEHICLE_00453,Deepak Sharma was observed near LOCATION_0184; no unusual activity reported.,FIELD_SURVEILLANCE_UNIT,0.57
SURV_00921,,2026-04-21 02:06:04,LOCATION_0124,Isha Chauhan,,Isha Chauhan was observed near LOCATION_0124; no unusual activity reported.,FIELD_SURVEILLANCE_UNIT,0.62
SURV_00922,,2024-06-23 14:27:04,LOCATION_0210,Divya A.,,An individual resembling Divya A. was observed in the vicinity of LOCATION_0210.,FIELD_SURVEILLANCE_UNIT,0.66
SURV_00923,,2025-11-02 23:05:07,LOCATION_0149,Aman Choudhary,VEHICLE_00063,Aman Choudhary was observed near LOCATION_0149; no unusual activity reported.,FIELD_SURVEILLANCE_UNIT,0.61
SURV_00924,,2025-06-03 00:22:52,LOCATION_0079,Vivek Mishra,VEHICLE_00269,Vivek Mishra was observed near LOCATION_0079; no unusual activity reported.,FIELD_SURVEILLANCE_UNIT,0.79
SURV_00925,,2026-01-05 05:42:17,LOCATION_0284,Alka Bhatt,,Alka Bhatt was observed near LOCATION_0284; no unusual activity reported.,FIELD_SURVEILLANCE_UNIT,0.84
SURV_00926,,2026-02-24 10:03:06,LOCATION_0057,Ravi Kulkarni,VEHICLE_00297,Ravi Kulkarni was observed near LOCATION_0057; no unusual activity reported.,FIELD_SURVEILLANCE_UNIT,0.88
SURV_00927,,2025-10-06 03:51:01,LOCATION_0271,Isha Kulkarni,,Isha Kulkarni was observed near LOCATION_0271; no unusual activity reported.,FIELD_SURVEILLANCE_UNIT,0.88
SURV_00928,,2025-01-05 15:33:21,LOCATION_0134,A. Reddy,,An individual resembling A. Reddy was observed in the vicinity of LOCATION_0134.,FIELD_SURVEILLANCE_UNIT,0.88
SURV_00929,,2024-09-18 08:04:39,LOCATION_0257,A. Yadav,VEHICLE_00167,An individual resembling A. Yadav was observed in the vicinity of LOCATION_0257.,FIELD_SURVEILLANCE_UNIT,0.73
SURV_00930,,2024-10-16 18:41:01,LOCATION_0011,Karan Chauhan,,Karan Chauhan was observed near LOCATION_0011; no unusual activity reported.,FIELD_SURVEILLANCE_UNIT,0.82
SURV_00931,,2025-04-11 12:19:54,LOCATION_0159,Preeti Naidu,VEHICLE_00346,Preeti Naidu was observed near LOCATION_0159; no unusual activity reported.,FIELD_SURVEILLANCE_UNIT,0.71
SURV_00932,,2025-01-08 14:52:04,LOCATION_0290,G. Bhatt,VEHICLE_00250,An individual resembling G. Bhatt was observed in the vicinity of LOCATION_0290.,FIELD_SURVEILLANCE_UNIT,0.86
SURV_00933,,2026-04-07 21:12:12,LOCATION_0277,Ritu Pandey,VEHICLE_00085,Ritu Pandey was observed near LOCATION_0277; no unusual activity reported.,FIELD_SURVEILLANCE_UNIT,0.82
SURV_00934,,2024-10-12 06:26:04,LOCATION_0078,G. Reddy,,An individual resembling G. Reddy was observed in the vicinity of LOCATION_0078.,FIELD_SURVEILLANCE_UNIT,0.83
SURV_00935,,2024-09-16 18:47:25,LOCATION_0126,Rahul Naidu,,An individual resembling Rahul Naidu was observed in the vicinity of LOCATION_0126.,FIELD_SURVEILLANCE_UNIT,0.9
SURV_00936,,2024-10-04 09:26:28,LOCATION_0222,Karan Iyer,VEHICLE_00046,Karan Iyer was observed near LOCATION_0222; no unusual activity reported.,FIELD_SURVEILLANCE_UNIT,0.6
SURV_00937,,2024-04-12 00:31:21,LOCATION_0195,Manju Rathore,VEHICLE_00208,An individual resembling Manju Rathore was observed in the vicinity of LOCATION_0195.,FIELD_SURVEILLANCE_UNIT,0.76
SURV_00938,,2024-06-27 06:54:07,LOCATION_0214,V. Kapoor,,An individual resembling V. Kapoor was observed in the vicinity of LOCATION_0214.,FIELD_SURVEILLANCE_UNIT,0.58
SURV_00939,,2024-01-21 06:02:21,LOCATION_0173,Mohit Mishra,VEHICLE_00316,Mohit Mishra was observed near LOCATION_0173; no unusual activity reported.,FIELD_SURVEILLANCE_UNIT,0.56
SURV_00940,,2025-07-14 18:33:25,LOCATION_0160,ASHOK SHARMA,VEHICLE_00695,An individual resembling ASHOK SHARMA was observed in the vicinity of LOCATION_0160.,FIELD_SURVEILLANCE_UNIT,0.84
SURV_00941,,2024-06-23 23:21:56,LOCATION_0209,K. Saxena,VEHICLE_00628,An individual resembling K. Saxena was observed in the vicinity of LOCATION_0209.,FIELD_SURVEILLANCE_UNIT,0.81
SURV_00942,,2024-02-29 18:52:19,LOCATION_0056,REKHA SHARMA,VEHICLE_00093,An individual resembling REKHA SHARMA was observed in the vicinity of LOCATION_0056.,FIELD_SURVEILLANCE_UNIT,0.74
SURV_00943,,2026-06-06 20:42:31,LOCATION_0234,Simran Saxena,,Simran Saxena was observed near LOCATION_0234; no unusual activity reported.,FIELD_SURVEILLANCE_UNIT,0.85
SURV_00944,,2025-11-25 06:34:59,LOCATION_0257,SwatiKulkarni,VEHICLE_00050,An individual resembling SwatiKulkarni was observed in the vicinity of LOCATION_0257.,FIELD_SURVEILLANCE_UNIT,0.8
SURV_00945,,2025-10-12 05:07:11,LOCATION_0283,Vikram Agarwal,VEHICLE_00345,Vikram Agarwal was observed near LOCATION_0283; no unusual activity reported.,FIELD_SURVEILLANCE_UNIT,0.76
SURV_00946,,2025-02-22 14:31:24,LOCATION_0231,ALKA MISHRA,,An individual resembling ALKA MISHRA was observed in the vicinity of LOCATION_0231.,FIELD_SURVEILLANCE_UNIT,0.76
SURV_00947,,2026-06-03 05:10:58,LOCATION_0187,A. Bansal,,An individual resembling A. Bansal was observed in the vicinity of LOCATION_0187.,FIELD_SURVEILLANCE_UNIT,0.71
SURV_00948,,2025-04-20 20:07:29,LOCATION_0295,NehaSingh,VEHICLE_00443,An individual resembling NehaSingh was observed in the vicinity of LOCATION_0295.,FIELD_SURVEILLANCE_UNIT,0.8
SURV_00949,,2024-03-27 22:10:32,LOCATION_0075,Sanjay Mishra,,Sanjay Mishra was observed near LOCATION_0075; no unusual activity reported.,FIELD_SURVEILLANCE_UNIT,0.79
SURV_00950,,2025-11-15 11:20:14,LOCATION_0118,Rekha Meena,,Rekha Meena was observed near LOCATION_0118; no unusual activity reported.,FIELD_SURVEILLANCE_UNIT,0.84
SURV_00951,,2024-04-09 19:06:29,LOCATION_0295,Nikhil Gupta,VEHICLE_00142,Nikhil Gupta was observed near LOCATION_0295; no unusual activity reported.,FIELD_SURVEILLANCE_UNIT,0.7
SURV_00952,,2026-02-26 09:45:44,LOCATION_0013,Geeta Joshi,VEHICLE_00210,Geeta Joshi was observed near LOCATION_0013; no unusual activity reported.,FIELD_SURVEILLANCE_UNIT,0.71
SURV_00953,,2024-08-01 04:28:25,LOCATION_0071,Isha Rathore,,Isha Rathore was observed near LOCATION_0071; no unusual activity reported.,FIELD_SURVEILLANCE_UNIT,0.79
SURV_00954,,2025-10-21 01:27:07,LOCATION_0127,Sandeep G.,,An individual resembling Sandeep G. was observed in the vicinity of LOCATION_0127.,FIELD_SURVEILLANCE_UNIT,0.63
SURV_00955,,2026-05-30 07:39:47,LOCATION_0167,Amit J.,,An individual resembling Amit J. was observed in the vicinity of LOCATION_0167.,FIELD_SURVEILLANCE_UNIT,0.65
SURV_00956,,2025-06-26 06:41:36,LOCATION_0137,deepika iyer,VEHICLE_00404,An individual resembling deepika iyer was observed in the vicinity of LOCATION_0137.,FIELD_SURVEILLANCE_UNIT,0.8
SURV_00957,,2025-11-23 13:01:33,LOCATION_0281,Aman Yadav,VEHICLE_00667,Aman Yadav was observed near LOCATION_0281; no unusual activity reported.,FIELD_SURVEILLANCE_UNIT,0.78
SURV_00958,,2025-03-24 14:03:21,LOCATION_0084,Manju Bhatt,VEHICLE_00505,Manju Bhatt was observed near LOCATION_0084; no unusual activity reported.,FIELD_SURVEILLANCE_UNIT,0.63
SURV_00959,,2025-01-11 18:50:36,LOCATION_0128,Nikhil Pandey,VEHICLE_00669,Nikhil Pandey was observed near LOCATION_0128; no unusual activity reported.,FIELD_SURVEILLANCE_UNIT,0.61
SURV_00960,,2024-06-12 03:02:56,LOCATION_0187,mohit saxena,,An individual resembling mohit saxena was observed in the vicinity of LOCATION_0187.,FIELD_SURVEILLANCE_UNIT,0.78
SURV_00961,,2025-02-16 03:01:09,LOCATION_0064,Tanvi Pandey,,Tanvi Pandey was observed near LOCATION_0064; no unusual activity reported.,FIELD_SURVEILLANCE_UNIT,0.83
SURV_00962,,2024-06-07 06:48:39,LOCATION_0269,Kirti Saxena,VEHICLE_00628,Kirti Saxena was observed near LOCATION_0269; no unusual activity reported.,FIELD_SURVEILLANCE_UNIT,0.75
SURV_00963,,2025-09-23 18:42:01,LOCATION_0084,Aman A.,VEHICLE_00750,An individual resembling Aman A. was observed in the vicinity of LOCATION_0084.,FIELD_SURVEILLANCE_UNIT,0.7
SURV_00964,,2026-05-22 04:46:28,LOCATION_0186,RekhaSharma,VEHICLE_00093,An individual resembling RekhaSharma was observed in the vicinity of LOCATION_0186.,FIELD_SURVEILLANCE_UNIT,0.59
SURV_00965,,2026-05-18 14:35:50,LOCATION_0155,Vivek Kulkarni,,Vivek Kulkarni was observed near LOCATION_0155; no unusual activity reported.,FIELD_SURVEILLANCE_UNIT,0.9
SURV_00966,,2024-08-24 15:51:37,LOCATION_0143,Sandeep Kapoor,VEHICLE_00315,Sandeep Kapoor was observed near LOCATION_0143; no unusual activity reported.,FIELD_SURVEILLANCE_UNIT,0.7
SURV_00967,,2025-07-28 21:37:08,LOCATION_0166,SONIA SAXENA,VEHICLE_00343,An individual resembling SONIA SAXENA was observed in the vicinity of LOCATION_0166.,FIELD_SURVEILLANCE_UNIT,0.89
SURV_00968,,2025-01-05 07:53:29,LOCATION_0090,R. Saxena,,An individual resembling R. Saxena was observed in the vicinity of LOCATION_0090.,FIELD_SURVEILLANCE_UNIT,0.58
SURV_00969,,2024-05-08 02:43:33,LOCATION_0213,Rajesh M.,VEHICLE_00140,An individual resembling Rajesh M. was observed in the vicinity of LOCATION_0213.,FIELD_SURVEILLANCE_UNIT,0.87
SURV_00970,,2025-07-24 00:39:59,LOCATION_0252,Deepak N.,,An individual resembling Deepak N. was observed in the vicinity of LOCATION_0252.,FIELD_SURVEILLANCE_UNIT,0.9
SURV_00971,,2024-03-09 11:51:26,LOCATION_0146,Anita Malhotra,,Anita Malhotra was observed near LOCATION_0146; no unusual activity reported.,FIELD_SURVEILLANCE_UNIT,0.72
SURV_00972,,2024-06-23 06:22:56,LOCATION_0089,S. Joshi,VEHICLE_00458,An individual resembling S. Joshi was observed in the vicinity of LOCATION_0089.,FIELD_SURVEILLANCE_UNIT,0.64
SURV_00973,,2025-05-15 10:33:09,LOCATION_0261,Ashok Rathore,,Ashok Rathore was observed near LOCATION_0261; no unusual activity reported.,FIELD_SURVEILLANCE_UNIT,0.78
SURV_00974,,2026-06-03 01:00:08,LOCATION_0119,Naveen Bansal,VEHICLE_00123,Naveen Bansal was observed near LOCATION_0119; no unusual activity reported.,FIELD_SURVEILLANCE_UNIT,0.65
SURV_00975,,2024-10-10 06:42:53,LOCATION_0147,Rekha Kulkarni,,Rekha Kulkarni was observed near LOCATION_0147; no unusual activity reported.,FIELD_SURVEILLANCE_UNIT,0.82
SURV_00976,,2025-09-01 09:55:33,LOCATION_0156,I. Naidu,,An individual resembling I. Naidu was observed in the vicinity of LOCATION_0156.,FIELD_SURVEILLANCE_UNIT,0.66
SURV_00977,,2026-02-26 13:28:52,LOCATION_0060,A. Tiwari,,An individual resembling A. Tiwari was observed in the vicinity of LOCATION_0060.,FIELD_SURVEILLANCE_UNIT,0.78
SURV_00978,,2024-03-07 22:44:46,LOCATION_0101,Kavita Singh,,Kavita Singh was observed near LOCATION_0101; no unusual activity reported.,FIELD_SURVEILLANCE_UNIT,0.64
SURV_00979,,2025-11-08 15:20:12,LOCATION_0061,Geeta Reddy,VEHICLE_00558,Geeta Reddy was observed near LOCATION_0061; no unusual activity reported.,FIELD_SURVEILLANCE_UNIT,0.75
SURV_00980,,2024-03-08 00:43:22,LOCATION_0046,D. Sharma,,An individual resembling D. Sharma was observed in the vicinity of LOCATION_0046.,FIELD_SURVEILLANCE_UNIT,0.79
SURV_00981,,2024-04-30 12:11:03,LOCATION_0142,Meena Mishra,VEHICLE_00466,Meena Mishra was observed near LOCATION_0142; no unusual activity reported.,FIELD_SURVEILLANCE_UNIT,0.61
SURV_00982,,2026-06-12 11:04:27,LOCATION_0136,AMAN BANSAL,,An individual resembling AMAN BANSAL was observed in the vicinity of LOCATION_0136.,FIELD_SURVEILLANCE_UNIT,0.73
SURV_00983,,2025-10-17 15:33:58,LOCATION_0158,Anil Chauhan,,Anil Chauhan was observed near LOCATION_0158; no unusual activity reported.,FIELD_SURVEILLANCE_UNIT,0.81
SURV_00984,,2024-02-03 04:17:11,LOCATION_0111,Naveen Nair,,Naveen Nair was observed near LOCATION_0111; no unusual activity reported.,FIELD_SURVEILLANCE_UNIT,0.74
SURV_00985,,2026-06-22 02:44:00,LOCATION_0211,Rahul Chauhan,VEHICLE_00411,Rahul Chauhan was observed near LOCATION_0211; no unusual activity reported.,FIELD_SURVEILLANCE_UNIT,0.83
SURV_00986,,2025-09-21 15:01:15,LOCATION_0111,divya meena,,An individual resembling divya meena was observed in the vicinity of LOCATION_0111.,FIELD_SURVEILLANCE_UNIT,0.68
SURV_00987,,2024-06-28 07:11:55,LOCATION_0170,G. Gupta,VEHICLE_00378,An individual resembling G. Gupta was observed in the vicinity of LOCATION_0170.,FIELD_SURVEILLANCE_UNIT,0.78
SURV_00988,,2024-06-12 09:02:24,LOCATION_0286,REKHA SHARMA,VEHICLE_00093,An individual resembling REKHA SHARMA was observed in the vicinity of LOCATION_0286.,FIELD_SURVEILLANCE_UNIT,0.63
SURV_00989,,2025-02-22 09:05:24,LOCATION_0013,D. Agarwal,VEHICLE_00478,An individual resembling D. Agarwal was observed in the vicinity of LOCATION_0013.,FIELD_SURVEILLANCE_UNIT,0.76
SURV_00990,,2025-06-02 01:20:17,LOCATION_0011,Ravi Chauhan,,Ravi Chauhan was observed near LOCATION_0011; no unusual activity reported.,FIELD_SURVEILLANCE_UNIT,0.72
SURV_00991,,2025-12-26 20:38:19,LOCATION_0160,Manju Chauhan,VEHICLE_00481,Manju Chauhan was observed near LOCATION_0160; no unusual activity reported.,FIELD_SURVEILLANCE_UNIT,0.61
SURV_00992,,2025-06-26 19:18:46,LOCATION_0061,R. Bansal,,An individual resembling R. Bansal was observed in the vicinity of LOCATION_0061.,FIELD_SURVEILLANCE_UNIT,0.86
SURV_00993,,2025-07-16 17:21:46,LOCATION_0158,Nikhil Yadav,,Nikhil Yadav was observed near LOCATION_0158; no unusual activity reported.,FIELD_SURVEILLANCE_UNIT,0.79
SURV_00994,,2024-11-04 02:26:00,LOCATION_0048,R. Pandey,VEHICLE_00008,An individual resembling R. Pandey was observed in the vicinity of LOCATION_0048.,FIELD_SURVEILLANCE_UNIT,0.57
SURV_00995,,2024-07-21 00:30:04,LOCATION_0200,IshaTiwari,,An individual resembling IshaTiwari was observed in the vicinity of LOCATION_0200.,FIELD_SURVEILLANCE_UNIT,0.67
SURV_00996,,2025-09-24 05:59:32,LOCATION_0178,Vivek Mishra,,Vivek Mishra was observed near LOCATION_0178; no unusual activity reported.,FIELD_SURVEILLANCE_UNIT,0.89
SURV_00997,,2026-04-20 16:47:03,LOCATION_0119,Rekha Naidu,VEHICLE_00556,Rekha Naidu was observed near LOCATION_0119; no unusual activity reported.,FIELD_SURVEILLANCE_UNIT,0.7
SURV_00998,,2025-01-07 03:46:53,LOCATION_0127,Preeti Reddy,VEHICLE_00032,Preeti Reddy was observed near LOCATION_0127; no unusual activity reported.,FIELD_SURVEILLANCE_UNIT,0.61
SURV_00999,,2024-10-21 23:30:50,LOCATION_0220,Isha Singh,VEHICLE_00681,Isha Singh was observed near LOCATION_0220; no unusual activity reported.,FIELD_SURVEILLANCE_UNIT,0.64
SURV_01000,,2025-01-31 09:55:33,LOCATION_0226,Pooja Gupta,VEHICLE_00581,Pooja Gupta was observed near LOCATION_0226; no unusual activity reported.,FIELD_SURVEILLANCE_UNIT,0.55
SURV_01001,,2024-09-19 00:13:59,LOCATION_0086,RohitKulkarni,VEHICLE_00113,An individual resembling RohitKulkarni was observed in the vicinity of LOCATION_0086.,FIELD_SURVEILLANCE_UNIT,0.73
SURV_01002,,2024-02-12 13:50:42,LOCATION_0123,Amit Kulkarni,VEHICLE_00077,Amit Kulkarni was observed near LOCATION_0123; no unusual activity reported.,FIELD_SURVEILLANCE_UNIT,0.71
SURV_01003,,2025-09-28 07:43:20,LOCATION_0131,MANJU CHOUDHARY,VEHICLE_00255,An individual resembling MANJU CHOUDHARY was observed in the vicinity of LOCATION_0131.,FIELD_SURVEILLANCE_UNIT,0.77
SURV_01004,,2024-11-16 23:05:22,LOCATION_0238,AmitChoudhary,,An individual resembling AmitChoudhary was observed in the vicinity of LOCATION_0238.,FIELD_SURVEILLANCE_UNIT,0.74
SURV_01005,,2025-08-14 00:12:14,LOCATION_0007,Sandeep Meena,,Sandeep Meena was observed near LOCATION_0007; no unusual activity reported.,FIELD_SURVEILLANCE_UNIT,0.76
SURV_01006,,2024-07-07 18:21:45,LOCATION_0016,Deepika Iyer,VEHICLE_00356,Deepika Iyer was observed near LOCATION_0016; no unusual activity reported.,FIELD_SURVEILLANCE_UNIT,0.81
SURV_01007,,2025-07-29 18:06:27,LOCATION_0008,Yash Y.,,An individual resembling Yash Y. was observed in the vicinity of LOCATION_0008.,FIELD_SURVEILLANCE_UNIT,0.69
SURV_01008,,2024-11-25 22:19:32,LOCATION_0045,Rajesh Agarwal,,Rajesh Agarwal was observed near LOCATION_0045; no unusual activity reported.,FIELD_SURVEILLANCE_UNIT,0.63
SURV_01009,,2026-01-12 03:51:21,LOCATION_0275,Manju Agarwal,VEHICLE_00483,An individual resembling Manju Agarwal was observed in the vicinity of LOCATION_0275.,FIELD_SURVEILLANCE_UNIT,0.7
SURV_01010,,2024-07-26 03:30:31,LOCATION_0033,Sunita Gupta,,Sunita Gupta was observed near LOCATION_0033; no unusual activity reported.,FIELD_SURVEILLANCE_UNIT,0.81
SURV_01011,,2025-10-14 22:18:09,LOCATION_0184,Kavita P.,VEHICLE_00311,An individual resembling Kavita P. was observed in the vicinity of LOCATION_0184.,FIELD_SURVEILLANCE_UNIT,0.84
SURV_01012,,2025-04-15 05:43:30,LOCATION_0254,Amit Agarwal,VEHICLE_00489,Amit Agarwal was observed near LOCATION_0254; no unusual activity reported.,FIELD_SURVEILLANCE_UNIT,0.61
SURV_01013,,2025-09-26 10:58:50,LOCATION_0201,Yash Nair,VEHICLE_00162,Yash Nair was observed near LOCATION_0201; no unusual activity reported.,FIELD_SURVEILLANCE_UNIT,0.72
SURV_01014,,2026-02-19 21:55:56,LOCATION_0109,Sonia C.,,An individual resembling Sonia C. was observed in the vicinity of LOCATION_0109.,FIELD_SURVEILLANCE_UNIT,0.87
SURV_01015,,2024-12-27 13:38:32,LOCATION_0103,Anjali Kapoor,VEHICLE_00196,Anjali Kapoor was observed near LOCATION_0103; no unusual activity reported.,FIELD_SURVEILLANCE_UNIT,0.68
SURV_01016,,2026-05-16 10:02:54,LOCATION_0082,Swati P.,,An individual resembling Swati P. was observed in the vicinity of LOCATION_0082.,FIELD_SURVEILLANCE_UNIT,0.58
SURV_01017,,2025-11-20 03:30:02,LOCATION_0295,Vivek Kulkarni,,Vivek Kulkarni was observed near LOCATION_0295; no unusual activity reported.,FIELD_SURVEILLANCE_UNIT,0.86
SURV_01018,,2024-08-03 10:34:09,LOCATION_0071,AMAN YADAV,VEHICLE_00667,An individual resembling AMAN YADAV was observed in the vicinity of LOCATION_0071.,FIELD_SURVEILLANCE_UNIT,0.82
SURV_01019,,2025-07-22 22:54:02,LOCATION_0107,M. Bansal,,An individual resembling M. Bansal was observed in the vicinity of LOCATION_0107.,FIELD_SURVEILLANCE_UNIT,0.77
SURV_01020,,2025-12-02 17:49:14,LOCATION_0113,Arjun Singh,VEHICLE_00424,Arjun Singh was observed near LOCATION_0113; no unusual activity reported.,FIELD_SURVEILLANCE_UNIT,0.76
SURV_01021,,2025-10-10 23:00:48,LOCATION_0076,Sanjay C.,VEHICLE_00283,An individual resembling Sanjay C. was observed in the vicinity of LOCATION_0076.,FIELD_SURVEILLANCE_UNIT,0.83
SURV_01022,,2024-03-17 03:01:07,LOCATION_0176,A. Singh,VEHICLE_00528,An individual resembling A. Singh was observed in the vicinity of LOCATION_0176.,FIELD_SURVEILLANCE_UNIT,0.75
SURV_01023,,2024-11-22 16:20:23,LOCATION_0157,ManjuMalhotra,VEHICLE_00014,An individual resembling ManjuMalhotra was observed in the vicinity of LOCATION_0157.,FIELD_SURVEILLANCE_UNIT,0.88
SURV_01024,,2024-01-16 19:58:23,LOCATION_0235,V. Mishra,VEHICLE_00694,An individual resembling V. Mishra was observed in the vicinity of LOCATION_0235.,FIELD_SURVEILLANCE_UNIT,0.58
SURV_01025,,2025-12-17 02:42:05,LOCATION_0022,NehaChauhan,,An individual resembling NehaChauhan was observed in the vicinity of LOCATION_0022.,FIELD_SURVEILLANCE_UNIT,0.79
SURV_01026,,2025-04-18 19:16:19,LOCATION_0254,Vivek Yadav,,Vivek Yadav was observed near LOCATION_0254; no unusual activity reported.,FIELD_SURVEILLANCE_UNIT,0.63
SURV_01027,,2026-01-17 07:30:59,LOCATION_0055,Shalini Chauhan,,Shalini Chauhan was observed near LOCATION_0055; no unusual activity reported.,FIELD_SURVEILLANCE_UNIT,0.58
SURV_01028,,2025-02-27 15:10:51,LOCATION_0115,S. Chauhan,VEHICLE_00724,An individual resembling S. Chauhan was observed in the vicinity of LOCATION_0115.,FIELD_SURVEILLANCE_UNIT,0.83
SURV_01029,,2024-02-19 10:49:53,LOCATION_0289,Pankaj Tiwari,VEHICLE_00682,Pankaj Tiwari was observed near LOCATION_0289; no unusual activity reported.,FIELD_SURVEILLANCE_UNIT,0.66
SURV_01030,,2024-04-08 16:56:41,LOCATION_0229,Alka Bansal,,An individual resembling Alka Bansal was observed in the vicinity of LOCATION_0229.,FIELD_SURVEILLANCE_UNIT,0.73
SURV_01031,,2024-10-27 22:27:07,LOCATION_0272,Anita Malhotra,,Anita Malhotra was observed near LOCATION_0272; no unusual activity reported.,FIELD_SURVEILLANCE_UNIT,0.56
SURV_01032,,2025-06-17 13:56:30,LOCATION_0009,Nisha B.,VEHICLE_00396,An individual resembling Nisha B. was observed in the vicinity of LOCATION_0009.,FIELD_SURVEILLANCE_UNIT,0.8
SURV_01033,,2025-04-12 11:57:10,LOCATION_0185,Anjali Kapoor,,Anjali Kapoor was observed near LOCATION_0185; no unusual activity reported.,FIELD_SURVEILLANCE_UNIT,0.83
SURV_01034,,2024-08-29 05:20:01,LOCATION_0279,Nikhil Pandey,VEHICLE_00585,Nikhil Pandey was observed near LOCATION_0279; no unusual activity reported.,FIELD_SURVEILLANCE_UNIT,0.66
SURV_01035,,2024-07-31 13:04:15,LOCATION_0237,Shalini Mishra,,Shalini Mishra was observed near LOCATION_0237; no unusual activity reported.,FIELD_SURVEILLANCE_UNIT,0.62
SURV_01036,,2024-11-02 21:35:30,LOCATION_0184,D. Singh,VEHICLE_00623,An individual resembling D. Singh was observed in the vicinity of LOCATION_0184.,FIELD_SURVEILLANCE_UNIT,0.89
SURV_01037,,2025-07-14 18:58:40,LOCATION_0133,Vikram Rathore,VEHICLE_00274,Vikram Rathore was observed near LOCATION_0133; no unusual activity reported.,FIELD_SURVEILLANCE_UNIT,0.88
SURV_01038,,2024-01-21 23:32:28,LOCATION_0054,Shalini S.,,An individual resembling Shalini S. was observed in the vicinity of LOCATION_0054.,FIELD_SURVEILLANCE_UNIT,0.56
SURV_01039,,2025-02-12 19:29:22,LOCATION_0293,Aman C.,,An individual resembling Aman C. was observed in the vicinity of LOCATION_0293.,FIELD_SURVEILLANCE_UNIT,0.88
SURV_01040,,2026-06-01 21:38:02,LOCATION_0036,Priya Verma,VEHICLE_00225,Priya Verma was observed near LOCATION_0036; no unusual activity reported.,FIELD_SURVEILLANCE_UNIT,0.71
SURV_01041,,2024-07-01 21:29:19,LOCATION_0226,Aman Bansal,,Aman Bansal was observed near LOCATION_0226; no unusual activity reported.,FIELD_SURVEILLANCE_UNIT,0.61
SURV_01042,,2025-06-14 00:31:25,LOCATION_0128,Meena T.,,An individual resembling Meena T. was observed in the vicinity of LOCATION_0128.,FIELD_SURVEILLANCE_UNIT,0.81
SURV_01043,,2026-03-07 23:27:51,LOCATION_0043,Vikram Rathore,VEHICLE_00031,Vikram Rathore was observed near LOCATION_0043; no unusual activity reported.,FIELD_SURVEILLANCE_UNIT,0.67
SURV_01044,,2025-03-10 19:02:16,LOCATION_0239,M. Malhotra,VEHICLE_00708,An individual resembling M. Malhotra was observed in the vicinity of LOCATION_0239.,FIELD_SURVEILLANCE_UNIT,0.87
SURV_01045,,2025-01-02 11:43:14,LOCATION_0012,Arjun Joshi,,Arjun Joshi was observed near LOCATION_0012; no unusual activity reported.,FIELD_SURVEILLANCE_UNIT,0.64
SURV_01046,,2025-04-04 03:30:05,LOCATION_0294,ShaliniSaxena,,An individual resembling ShaliniSaxena was observed in the vicinity of LOCATION_0294.,FIELD_SURVEILLANCE_UNIT,0.75
SURV_01047,,2025-08-05 15:47:20,LOCATION_0074,R. Iyer,,An individual resembling R. Iyer was observed in the vicinity of LOCATION_0074.,FIELD_SURVEILLANCE_UNIT,0.66
SURV_01048,,2024-05-28 12:29:19,LOCATION_0286,PriyaIyer,VEHICLE_00254,An individual resembling PriyaIyer was observed in the vicinity of LOCATION_0286.,FIELD_SURVEILLANCE_UNIT,0.71
SURV_01049,,2024-07-17 23:25:27,LOCATION_0009,Harish Nair,VEHICLE_00349,Harish Nair was observed near LOCATION_0009; no unusual activity reported.,FIELD_SURVEILLANCE_UNIT,0.86
SURV_01050,,2024-12-20 14:35:49,LOCATION_0089,ALKA BANSAL,,An individual resembling ALKA BANSAL was observed in the vicinity of LOCATION_0089.,FIELD_SURVEILLANCE_UNIT,0.7
SURV_01051,,2025-11-15 21:48:11,LOCATION_0095,Kirti Sharma,,Kirti Sharma was observed near LOCATION_0095; no unusual activity reported.,FIELD_SURVEILLANCE_UNIT,0.71
SURV_01052,,2025-06-09 08:17:22,LOCATION_0069,Rajesh Tiwari,VEHICLE_00579,Rajesh Tiwari was observed near LOCATION_0069; no unusual activity reported.,FIELD_SURVEILLANCE_UNIT,0.75
SURV_01053,,2025-06-01 19:43:19,LOCATION_0297,VIVEK GUPTA,,An individual resembling VIVEK GUPTA was observed in the vicinity of LOCATION_0297.,FIELD_SURVEILLANCE_UNIT,0.87
SURV_01054,,2025-11-18 12:38:57,LOCATION_0164,Karan Chauhan,,Karan Chauhan was observed near LOCATION_0164; no unusual activity reported.,FIELD_SURVEILLANCE_UNIT,0.83
SURV_01055,,2024-09-16 14:48:30,LOCATION_0194,SUNITA SHARMA,VEHICLE_00177,An individual resembling SUNITA SHARMA was observed in the vicinity of LOCATION_0194.,FIELD_SURVEILLANCE_UNIT,0.83
SURV_01056,,2026-01-31 11:17:19,LOCATION_0084,Shalini Sharma,VEHICLE_00591,Shalini Sharma was observed near LOCATION_0084; no unusual activity reported.,FIELD_SURVEILLANCE_UNIT,0.64
SURV_01057,,2025-11-21 01:47:38,LOCATION_0029,ANIL SHARMA,,An individual resembling ANIL SHARMA was observed in the vicinity of LOCATION_0029.,FIELD_SURVEILLANCE_UNIT,0.6
SURV_01058,,2025-11-01 02:09:40,LOCATION_0019,Rajesh Nair,VEHICLE_00352,Rajesh Nair was observed near LOCATION_0019; no unusual activity reported.,FIELD_SURVEILLANCE_UNIT,0.62
SURV_01059,,2024-12-11 04:28:45,LOCATION_0194,Tanvi Pandey,,Tanvi Pandey was observed near LOCATION_0194; no unusual activity reported.,FIELD_SURVEILLANCE_UNIT,0.68
SURV_01060,,2026-05-10 20:58:33,LOCATION_0133,Vikram A.,VEHICLE_00345,An individual resembling Vikram A. was observed in the vicinity of LOCATION_0133.,FIELD_SURVEILLANCE_UNIT,0.79
SURV_01061,,2025-09-14 12:26:25,LOCATION_0196,Manju B.,VEHICLE_00702,An individual resembling Manju B. was observed in the vicinity of LOCATION_0196.,FIELD_SURVEILLANCE_UNIT,0.55
SURV_01062,,2025-11-10 01:58:16,LOCATION_0114,vivek kapoor,,An individual resembling vivek kapoor was observed in the vicinity of LOCATION_0114.,FIELD_SURVEILLANCE_UNIT,0.61
SURV_01063,,2026-06-04 21:39:17,LOCATION_0243,Anita Yadav,,Anita Yadav was observed near LOCATION_0243; no unusual activity reported.,FIELD_SURVEILLANCE_UNIT,0.87
SURV_01064,,2024-11-29 00:27:55,LOCATION_0088,S. Joshi,,An individual resembling S. Joshi was observed in the vicinity of LOCATION_0088.,FIELD_SURVEILLANCE_UNIT,0.6
SURV_01065,,2025-07-31 16:35:08,LOCATION_0220,RAVI RATHORE,VEHICLE_00588,An individual resembling RAVI RATHORE was observed in the vicinity of LOCATION_0220.,FIELD_SURVEILLANCE_UNIT,0.86
SURV_01066,,2026-01-17 08:14:48,LOCATION_0101,Ravi Saxena,VEHICLE_00684,Ravi Saxena was observed near LOCATION_0101; no unusual activity reported.,FIELD_SURVEILLANCE_UNIT,0.81
SURV_01067,,2024-12-03 20:30:39,LOCATION_0288,D. Choudhary,VEHICLE_00507,An individual resembling D. Choudhary was observed in the vicinity of LOCATION_0288.,FIELD_SURVEILLANCE_UNIT,0.62
SURV_01068,,2024-06-23 14:39:46,LOCATION_0271,Neha Agarwal,,Neha Agarwal was observed near LOCATION_0271; no unusual activity reported.,FIELD_SURVEILLANCE_UNIT,0.59
SURV_01069,,2025-12-15 09:20:56,LOCATION_0017,R. Pandey,VEHICLE_00085,An individual resembling R. Pandey was observed in the vicinity of LOCATION_0017.,FIELD_SURVEILLANCE_UNIT,0.69
SURV_01070,,2025-09-10 05:19:16,LOCATION_0272,K. Reddy,,An individual resembling K. Reddy was observed in the vicinity of LOCATION_0272.,FIELD_SURVEILLANCE_UNIT,0.65
SURV_01071,,2025-10-01 20:53:58,LOCATION_0015,Neha Singh,VEHICLE_00205,Neha Singh was observed near LOCATION_0015; no unusual activity reported.,FIELD_SURVEILLANCE_UNIT,0.89
SURV_01072,,2025-09-18 19:31:06,LOCATION_0121,ALKA YADAV,,An individual resembling ALKA YADAV was observed in the vicinity of LOCATION_0121.,FIELD_SURVEILLANCE_UNIT,0.76
SURV_01073,,2024-06-01 07:05:11,LOCATION_0228,Tanvi Tiwari,VEHICLE_00594,Tanvi Tiwari was observed near LOCATION_0228; no unusual activity reported.,FIELD_SURVEILLANCE_UNIT,0.87
SURV_01074,,2026-03-20 05:28:45,LOCATION_0059,Nikhil Gupta,,Nikhil Gupta was observed near LOCATION_0059; no unusual activity reported.,FIELD_SURVEILLANCE_UNIT,0.89
SURV_01075,,2024-06-23 18:18:19,LOCATION_0174,Ritu Singh,VEHICLE_00653,Ritu Singh was observed near LOCATION_0174; no unusual activity reported.,FIELD_SURVEILLANCE_UNIT,0.79
SURV_01076,,2025-06-09 01:40:23,LOCATION_0013,Manoj Bansal,VEHICLE_00512,Manoj Bansal was observed near LOCATION_0013; no unusual activity reported.,FIELD_SURVEILLANCE_UNIT,0.84
SURV_01077,,2025-08-11 09:37:50,LOCATION_0007,VIKRAM CHOUDHARY,,An individual resembling VIKRAM CHOUDHARY was observed in the vicinity of LOCATION_0007.,FIELD_SURVEILLANCE_UNIT,0.88
SURV_01078,,2025-03-07 07:28:25,LOCATION_0186,Geeta Naidu,VEHICLE_00761,Geeta Naidu was observed near LOCATION_0186; no unusual activity reported.,FIELD_SURVEILLANCE_UNIT,0.63
SURV_01079,,2026-04-12 16:51:07,LOCATION_0062,Arjun Kapoor,VEHICLE_00022,Arjun Kapoor was observed near LOCATION_0062; no unusual activity reported.,FIELD_SURVEILLANCE_UNIT,0.81
SURV_01080,,2025-12-06 08:05:52,LOCATION_0001,Deepak Gupta,,Deepak Gupta was observed near LOCATION_0001; no unusual activity reported.,FIELD_SURVEILLANCE_UNIT,0.76
SURV_01081,,2024-02-22 19:33:25,LOCATION_0137,deepika nair,,An individual resembling deepika nair was observed in the vicinity of LOCATION_0137.,FIELD_SURVEILLANCE_UNIT,0.61
SURV_01082,,2024-03-18 08:51:59,LOCATION_0295,V. Agarwal,VEHICLE_00325,An individual resembling V. Agarwal was observed in the vicinity of LOCATION_0295.,FIELD_SURVEILLANCE_UNIT,0.71
SURV_01083,,2025-09-26 15:30:44,LOCATION_0094,Sonia Rathore,,Sonia Rathore was observed near LOCATION_0094; no unusual activity reported.,FIELD_SURVEILLANCE_UNIT,0.78
SURV_01084,,2024-05-06 06:19:59,LOCATION_0201,Manju Meena,,Manju Meena was observed near LOCATION_0201; no unusual activity reported.,FIELD_SURVEILLANCE_UNIT,0.82
SURV_01085,,2026-05-31 09:29:42,LOCATION_0025,Manoj Pandey,VEHICLE_00285,Manoj Pandey was observed near LOCATION_0025; no unusual activity reported.,FIELD_SURVEILLANCE_UNIT,0.61
SURV_01086,,2024-10-04 06:47:12,LOCATION_0118,Rahul Chauhan,VEHICLE_00252,Rahul Chauhan was observed near LOCATION_0118; no unusual activity reported.,FIELD_SURVEILLANCE_UNIT,0.86
SURV_01087,,2024-11-09 11:43:51,LOCATION_0298,Ravi Joshi,VEHICLE_00065,Ravi Joshi was observed near LOCATION_0298; no unusual activity reported.,FIELD_SURVEILLANCE_UNIT,0.78
SURV_01088,,2024-03-04 17:58:07,LOCATION_0217,Vikram Joshi,VEHICLE_00468,Vikram Joshi was observed near LOCATION_0217; no unusual activity reported.,FIELD_SURVEILLANCE_UNIT,0.73
SURV_01089,,2026-04-11 10:44:33,LOCATION_0169,Kirti Saxena,VEHICLE_00070,Kirti Saxena was observed near LOCATION_0169; no unusual activity reported.,FIELD_SURVEILLANCE_UNIT,0.64
SURV_01090,,2024-11-02 18:07:32,LOCATION_0218,Pankaj Choudhary,VEHICLE_00110,Pankaj Choudhary was observed near LOCATION_0218; no unusual activity reported.,FIELD_SURVEILLANCE_UNIT,0.64
SURV_01091,,2025-07-07 09:53:24,LOCATION_0170,Alka Yadav,VEHICLE_00671,Alka Yadav was observed near LOCATION_0170; no unusual activity reported.,FIELD_SURVEILLANCE_UNIT,0.61
SURV_01092,,2025-05-29 11:57:53,LOCATION_0294,Gaurav G.,VEHICLE_00643,An individual resembling Gaurav G. was observed in the vicinity of LOCATION_0294.,FIELD_SURVEILLANCE_UNIT,0.62
SURV_01093,,2024-04-14 07:12:02,LOCATION_0186,Naveen Pandey,,Naveen Pandey was observed near LOCATION_0186; no unusual activity reported.,FIELD_SURVEILLANCE_UNIT,0.68
SURV_01094,,2024-12-14 18:08:49,LOCATION_0180,VikramSaxena,VEHICLE_00180,An individual resembling VikramSaxena was observed in the vicinity of LOCATION_0180.,FIELD_SURVEILLANCE_UNIT,0.82
SURV_01095,,2025-02-10 20:49:15,LOCATION_0297,GAURAV YADAV,,An individual resembling GAURAV YADAV was observed in the vicinity of LOCATION_0297.,FIELD_SURVEILLANCE_UNIT,0.83
SURV_01096,,2024-08-29 14:23:40,LOCATION_0267,Vikram B.,,An individual resembling Vikram B. was observed in the vicinity of LOCATION_0267.,FIELD_SURVEILLANCE_UNIT,0.67
SURV_01097,,2024-03-01 17:05:07,LOCATION_0124,Tanvi Gupta,VEHICLE_00115,Tanvi Gupta was observed near LOCATION_0124; no unusual activity reported.,FIELD_SURVEILLANCE_UNIT,0.59
SURV_01098,,2024-10-13 04:08:47,LOCATION_0278,A. Gupta,,An individual resembling A. Gupta was observed in the vicinity of LOCATION_0278.,FIELD_SURVEILLANCE_UNIT,0.76
SURV_01099,,2025-02-21 09:02:24,LOCATION_0260,Sonia Verma,,An individual resembling Sonia Verma was observed in the vicinity of LOCATION_0260.,FIELD_SURVEILLANCE_UNIT,0.83
SURV_01100,,2024-05-22 04:21:30,LOCATION_0106,Manoj Bansal,,Manoj Bansal was observed near LOCATION_0106; no unusual activity reported.,FIELD_SURVEILLANCE_UNIT,0.66
SURV_01101,,2025-11-09 11:46:54,LOCATION_0131,Karan Nair,VEHICLE_00454,Karan Nair was observed near LOCATION_0131; no unusual activity reported.,FIELD_SURVEILLANCE_UNIT,0.69
SURV_01102,,2026-05-21 16:14:22,LOCATION_0221,Isha Gupta,VEHICLE_00738,Isha Gupta was observed near LOCATION_0221; no unusual activity reported.,FIELD_SURVEILLANCE_UNIT,0.63
SURV_01103,,2024-09-27 00:13:12,LOCATION_0267,Manoj Nair,,Manoj Nair was observed near LOCATION_0267; no unusual activity reported.,FIELD_SURVEILLANCE_UNIT,0.57
SURV_01104,,2025-12-18 10:50:33,LOCATION_0070,K. Bhatt,VEHICLE_00222,An individual resembling K. Bhatt was observed in the vicinity of LOCATION_0070.,FIELD_SURVEILLANCE_UNIT,0.87
SURV_01105,,2024-04-25 21:15:15,LOCATION_0219,Anjali Bansal,VEHICLE_00207,Anjali Bansal was observed near LOCATION_0219; no unusual activity reported.,FIELD_SURVEILLANCE_UNIT,0.65
SURV_01106,,2025-07-19 21:50:46,LOCATION_0223,Deepak Meena,VEHICLE_00727,Deepak Meena was observed near LOCATION_0223; no unusual activity reported.,FIELD_SURVEILLANCE_UNIT,0.87
SURV_01107,,2024-12-30 22:20:13,LOCATION_0050,Nikhil Joshi,,An individual resembling Nikhil Joshi was observed in the vicinity of LOCATION_0050.,FIELD_SURVEILLANCE_UNIT,0.75
SURV_01108,,2026-04-21 23:08:04,LOCATION_0269,R. Singh,VEHICLE_00371,An individual resembling R. Singh was observed in the vicinity of LOCATION_0269.,FIELD_SURVEILLANCE_UNIT,0.61
SURV_01109,,2025-01-16 08:11:50,LOCATION_0148,Priya Malhotra,VEHICLE_00440,Priya Malhotra was observed near LOCATION_0148; no unusual activity reported.,FIELD_SURVEILLANCE_UNIT,0.63
SURV_01110,,2025-08-09 16:24:34,LOCATION_0243,IshaSingh,,An individual resembling IshaSingh was observed in the vicinity of LOCATION_0243.,FIELD_SURVEILLANCE_UNIT,0.64
SURV_01111,,2024-04-30 16:00:28,LOCATION_0142,Nikhil Chauhan,,Nikhil Chauhan was observed near LOCATION_0142; no unusual activity reported.,FIELD_SURVEILLANCE_UNIT,0.63
SURV_01112,,2026-06-26 16:02:47,LOCATION_0071,PriyaMeena,,An individual resembling PriyaMeena was observed in the vicinity of LOCATION_0071.,FIELD_SURVEILLANCE_UNIT,0.85
SURV_01113,,2025-09-27 14:51:40,LOCATION_0284,Ashok Gupta,,An individual resembling Ashok Gupta was observed in the vicinity of LOCATION_0284.,FIELD_SURVEILLANCE_UNIT,0.88
SURV_01114,,2024-12-22 00:13:56,LOCATION_0113,Harish Bansal,,An individual resembling Harish Bansal was observed in the vicinity of LOCATION_0113.,FIELD_SURVEILLANCE_UNIT,0.68
SURV_01115,,2025-01-26 02:49:24,LOCATION_0227,Sonia Yadav,VEHICLE_00306,Sonia Yadav was observed near LOCATION_0227; no unusual activity reported.,FIELD_SURVEILLANCE_UNIT,0.77
SURV_01116,,2025-02-08 10:16:09,LOCATION_0294,Meena S.,,An individual resembling Meena S. was observed in the vicinity of LOCATION_0294.,FIELD_SURVEILLANCE_UNIT,0.56
SURV_01117,,2024-08-07 21:27:11,LOCATION_0070,SHALINI SINGH,VEHICLE_00576,An individual resembling SHALINI SINGH was observed in the vicinity of LOCATION_0070.,FIELD_SURVEILLANCE_UNIT,0.75
SURV_01118,,2026-05-09 06:10:07,LOCATION_0289,Simran Chauhan,,Simran Chauhan was observed near LOCATION_0289; no unusual activity reported.,FIELD_SURVEILLANCE_UNIT,0.71
SURV_01119,,2025-08-04 17:33:51,LOCATION_0071,ravi naidu,,An individual resembling ravi naidu was observed in the vicinity of LOCATION_0071.,FIELD_SURVEILLANCE_UNIT,0.73
SURV_01120,,2024-11-27 11:55:44,LOCATION_0035,Amit Tiwari,,Amit Tiwari was observed near LOCATION_0035; no unusual activity reported.,FIELD_SURVEILLANCE_UNIT,0.56
SURV_01121,,2025-12-03 02:02:55,LOCATION_0116,aman bansal,,An individual resembling aman bansal was observed in the vicinity of LOCATION_0116.,FIELD_SURVEILLANCE_UNIT,0.59
SURV_01122,,2025-05-11 20:34:47,LOCATION_0105,sunita verma,VEHICLE_00554,An individual resembling sunita verma was observed in the vicinity of LOCATION_0105.,FIELD_SURVEILLANCE_UNIT,0.75
SURV_01123,,2025-06-25 04:55:03,LOCATION_0195,pankaj nair,VEHICLE_00197,An individual resembling pankaj nair was observed in the vicinity of LOCATION_0195.,FIELD_SURVEILLANCE_UNIT,0.61
SURV_01124,,2024-08-20 03:39:49,LOCATION_0209,Geeta Rathore,,Geeta Rathore was observed near LOCATION_0209; no unusual activity reported.,FIELD_SURVEILLANCE_UNIT,0.83
SURV_01125,,2024-05-09 11:03:10,LOCATION_0096,NIKHIL KAPOOR,VEHICLE_00482,An individual resembling NIKHIL KAPOOR was observed in the vicinity of LOCATION_0096.,FIELD_SURVEILLANCE_UNIT,0.56
SURV_01126,,2024-12-10 10:46:21,LOCATION_0134,H. Agarwal,,An individual resembling H. Agarwal was observed in the vicinity of LOCATION_0134.,FIELD_SURVEILLANCE_UNIT,0.84
SURV_01127,,2025-04-27 16:14:22,LOCATION_0251,ALKA MISHRA,,An individual resembling ALKA MISHRA was observed in the vicinity of LOCATION_0251.,FIELD_SURVEILLANCE_UNIT,0.83
SURV_01128,,2025-06-20 01:54:59,LOCATION_0262,Simran Nair,VEHICLE_00519,Simran Nair was observed near LOCATION_0262; no unusual activity reported.,FIELD_SURVEILLANCE_UNIT,0.76
SURV_01129,,2025-03-15 17:23:04,LOCATION_0092,Priya Chauhan,,Priya Chauhan was observed near LOCATION_0092; no unusual activity reported.,FIELD_SURVEILLANCE_UNIT,0.77
SURV_01130,,2025-10-27 08:03:05,LOCATION_0273,MANJU KAPOOR,,An individual resembling MANJU KAPOOR was observed in the vicinity of LOCATION_0273.,FIELD_SURVEILLANCE_UNIT,0.9
SURV_01131,,2025-04-13 02:52:40,LOCATION_0080,Vivek Gupta,,Vivek Gupta was observed near LOCATION_0080; no unusual activity reported.,FIELD_SURVEILLANCE_UNIT,0.84
SURV_01132,,2026-03-18 01:42:55,LOCATION_0294,D. Choudhary,VEHICLE_00457,An individual resembling D. Choudhary was observed in the vicinity of LOCATION_0294.,FIELD_SURVEILLANCE_UNIT,0.85
SURV_01133,,2024-03-07 13:38:01,LOCATION_0154,Amit Reddy,,An individual resembling Amit Reddy was observed in the vicinity of LOCATION_0154.,FIELD_SURVEILLANCE_UNIT,0.71
SURV_01134,,2024-03-22 21:48:04,LOCATION_0151,Geeta Reddy,VEHICLE_00558,Geeta Reddy was observed near LOCATION_0151; no unusual activity reported.,FIELD_SURVEILLANCE_UNIT,0.66
SURV_01135,,2024-08-22 21:54:38,LOCATION_0083,naveen naidu,,An individual resembling naveen naidu was observed in the vicinity of LOCATION_0083.,FIELD_SURVEILLANCE_UNIT,0.72
SURV_01136,,2025-07-25 16:51:57,LOCATION_0116,Meena Yadav,,Meena Yadav was observed near LOCATION_0116; no unusual activity reported.,FIELD_SURVEILLANCE_UNIT,0.79
SURV_01137,,2025-06-08 16:41:51,LOCATION_0195,R. Agarwal,,An individual resembling R. Agarwal was observed in the vicinity of LOCATION_0195.,FIELD_SURVEILLANCE_UNIT,0.8
SURV_01138,,2025-10-15 08:09:20,LOCATION_0203,Anjali Naidu,,Anjali Naidu was observed near LOCATION_0203; no unusual activity reported.,FIELD_SURVEILLANCE_UNIT,0.8
SURV_01139,,2024-09-15 02:19:39,LOCATION_0031,Y. Kulkarni,VEHICLE_00329,An individual resembling Y. Kulkarni was observed in the vicinity of LOCATION_0031.,FIELD_SURVEILLANCE_UNIT,0.88
SURV_01140,,2025-08-11 12:23:06,LOCATION_0167,AshokKapoor,,An individual resembling AshokKapoor was observed in the vicinity of LOCATION_0167.,FIELD_SURVEILLANCE_UNIT,0.82
SURV_01141,,2024-06-05 04:22:15,LOCATION_0273,Meena Yadav,,Meena Yadav was observed near LOCATION_0273; no unusual activity reported.,FIELD_SURVEILLANCE_UNIT,0.7
SURV_01142,,2025-05-25 14:53:15,LOCATION_0069,RITU MISHRA,VEHICLE_00362,An individual resembling RITU MISHRA was observed in the vicinity of LOCATION_0069.,FIELD_SURVEILLANCE_UNIT,0.76
SURV_01143,,2025-09-01 22:22:10,LOCATION_0207,rajesh malhotra,VEHICLE_00108,An individual resembling rajesh malhotra was observed in the vicinity of LOCATION_0207.,FIELD_SURVEILLANCE_UNIT,0.74
SURV_01144,,2024-11-16 23:12:56,LOCATION_0236,Rohit Pandey,VEHICLE_00656,Rohit Pandey was observed near LOCATION_0236; no unusual activity reported.,FIELD_SURVEILLANCE_UNIT,0.75
SURV_01145,,2024-06-21 14:18:50,LOCATION_0216,vivek iyer,,An individual resembling vivek iyer was observed in the vicinity of LOCATION_0216.,FIELD_SURVEILLANCE_UNIT,0.87
SURV_01146,,2025-10-12 23:45:52,LOCATION_0222,NEHA PANDEY,,An individual resembling NEHA PANDEY was observed in the vicinity of LOCATION_0222.,FIELD_SURVEILLANCE_UNIT,0.85
SURV_01147,,2024-03-14 23:39:57,LOCATION_0271,GAURAV JOSHI,,An individual resembling GAURAV JOSHI was observed in the vicinity of LOCATION_0271.,FIELD_SURVEILLANCE_UNIT,0.62
SURV_01148,,2026-01-05 14:05:08,LOCATION_0178,Tanvi Saxena,VEHICLE_00714,Tanvi Saxena was observed near LOCATION_0178; no unusual activity reported.,FIELD_SURVEILLANCE_UNIT,0.8
SURV_01149,,2025-04-28 09:35:46,LOCATION_0236,Vivek Iyer,,Vivek Iyer was observed near LOCATION_0236; no unusual activity reported.,FIELD_SURVEILLANCE_UNIT,0.62
SURV_01150,,2025-03-01 13:48:45,LOCATION_0138,amit meena,,An individual resembling amit meena was observed in the vicinity of LOCATION_0138.,FIELD_SURVEILLANCE_UNIT,0.87
SURV_01151,,2025-02-16 16:40:58,LOCATION_0081,DIVYA SINGH,VEHICLE_00280,An individual resembling DIVYA SINGH was observed in the vicinity of LOCATION_0081.,FIELD_SURVEILLANCE_UNIT,0.69
SURV_01152,,2025-03-01 17:54:53,LOCATION_0071,Rohit Bhatt,,Rohit Bhatt was observed near LOCATION_0071; no unusual activity reported.,FIELD_SURVEILLANCE_UNIT,0.79
SURV_01153,,2024-12-01 15:10:21,LOCATION_0042,Mohit Kulkarni,VEHICLE_00762,Mohit Kulkarni was observed near LOCATION_0042; no unusual activity reported.,FIELD_SURVEILLANCE_UNIT,0.58
SURV_01154,,2024-05-05 10:04:03,LOCATION_0109,K. Kulkarni,VEHICLE_00710,An individual resembling K. Kulkarni was observed in the vicinity of LOCATION_0109.,FIELD_SURVEILLANCE_UNIT,0.74
SURV_01155,,2025-06-30 15:31:06,LOCATION_0296,Preeti Kulkarni,VEHICLE_00313,Preeti Kulkarni was observed near LOCATION_0296; no unusual activity reported.,FIELD_SURVEILLANCE_UNIT,0.81
SURV_01156,,2024-06-21 10:19:17,LOCATION_0261,S. Kulkarni,VEHICLE_00537,An individual resembling S. Kulkarni was observed in the vicinity of LOCATION_0261.,FIELD_SURVEILLANCE_UNIT,0.6
SURV_01157,,2024-06-09 19:31:16,LOCATION_0108,Pankaj Choudhary,VEHICLE_00110,Pankaj Choudhary was observed near LOCATION_0108; no unusual activity reported.,FIELD_SURVEILLANCE_UNIT,0.82
SURV_01158,,2025-03-04 19:12:12,LOCATION_0125,Sunita Verma,VEHICLE_00554,Sunita Verma was observed near LOCATION_0125; no unusual activity reported.,FIELD_SURVEILLANCE_UNIT,0.72
SURV_01159,,2025-05-06 03:22:47,LOCATION_0203,Deepika Agarwal,VEHICLE_00478,Deepika Agarwal was observed near LOCATION_0203; no unusual activity reported.,FIELD_SURVEILLANCE_UNIT,0.7
SURV_01160,,2026-04-16 16:21:16,LOCATION_0189,Rahul Saxena,,Rahul Saxena was observed near LOCATION_0189; no unusual activity reported.,FIELD_SURVEILLANCE_UNIT,0.76
SURV_01161,,2026-06-29 00:18:12,LOCATION_0238,Anil Gupta,,An individual resembling Anil Gupta was observed in the vicinity of LOCATION_0238.,FIELD_SURVEILLANCE_UNIT,0.78
SURV_01162,,2026-06-22 04:07:46,LOCATION_0122,Pankaj Agarwal,,Pankaj Agarwal was observed near LOCATION_0122; no unusual activity reported.,FIELD_SURVEILLANCE_UNIT,0.86
SURV_01163,,2026-05-21 21:27:55,LOCATION_0116,Deepika Iyer,VEHICLE_00356,An individual resembling Deepika Iyer was observed in the vicinity of LOCATION_0116.,FIELD_SURVEILLANCE_UNIT,0.55
SURV_01164,,2025-03-14 14:41:07,LOCATION_0032,Arjun N.,,An individual resembling Arjun N. was observed in the vicinity of LOCATION_0032.,FIELD_SURVEILLANCE_UNIT,0.59
SURV_01165,,2025-03-11 22:43:07,LOCATION_0294,Vivek Kapoor,,An individual resembling Vivek Kapoor was observed in the vicinity of LOCATION_0294.,FIELD_SURVEILLANCE_UNIT,0.56
SURV_01166,,2026-05-16 22:31:56,LOCATION_0230,KirtiReddy,,An individual resembling KirtiReddy was observed in the vicinity of LOCATION_0230.,FIELD_SURVEILLANCE_UNIT,0.56
SURV_01167,,2024-08-06 13:48:36,LOCATION_0079,Rajesh Nair,VEHICLE_00352,An individual resembling Rajesh Nair was observed in the vicinity of LOCATION_0079.,FIELD_SURVEILLANCE_UNIT,0.65
SURV_01168,,2026-06-26 06:13:28,LOCATION_0227,Vikram Chauhan,VEHICLE_00041,Vikram Chauhan was observed near LOCATION_0227; no unusual activity reported.,FIELD_SURVEILLANCE_UNIT,0.67
SURV_01169,,2025-03-29 08:35:35,LOCATION_0019,Mohit T.,VEHICLE_00047,An individual resembling Mohit T. was observed in the vicinity of LOCATION_0019.,FIELD_SURVEILLANCE_UNIT,0.56
SURV_01170,,2025-01-31 01:25:23,LOCATION_0162,Isha Bhatt,,Isha Bhatt was observed near LOCATION_0162; no unusual activity reported.,FIELD_SURVEILLANCE_UNIT,0.7
SURV_01171,,2024-01-09 23:22:22,LOCATION_0281,Yash G.,,An individual resembling Yash G. was observed in the vicinity of LOCATION_0281.,FIELD_SURVEILLANCE_UNIT,0.77
SURV_01172,,2026-02-16 15:56:03,LOCATION_0253,Meena Kapoor,VEHICLE_00645,Meena Kapoor was observed near LOCATION_0253; no unusual activity reported.,FIELD_SURVEILLANCE_UNIT,0.76
SURV_01173,,2025-12-02 05:24:45,LOCATION_0114,G. Singh,,An individual resembling G. Singh was observed in the vicinity of LOCATION_0114.,FIELD_SURVEILLANCE_UNIT,0.7
SURV_01174,,2024-09-07 08:10:09,LOCATION_0080,D. Agarwal,,An individual resembling D. Agarwal was observed in the vicinity of LOCATION_0080.,FIELD_SURVEILLANCE_UNIT,0.79
SURV_01175,,2024-05-24 17:22:37,LOCATION_0079,Kirti Saxena,VEHICLE_00070,An individual resembling Kirti Saxena was observed in the vicinity of LOCATION_0079.,FIELD_SURVEILLANCE_UNIT,0.63
SURV_01176,,2024-09-27 21:03:33,LOCATION_0263,Swati Nair,,Swati Nair was observed near LOCATION_0263; no unusual activity reported.,FIELD_SURVEILLANCE_UNIT,0.66
SURV_01177,,2024-03-20 17:02:24,LOCATION_0082,Rohit Singh,,Rohit Singh was observed near LOCATION_0082; no unusual activity reported.,FIELD_SURVEILLANCE_UNIT,0.74
SURV_01178,,2024-06-13 02:13:34,LOCATION_0086,Sonia S.,VEHICLE_00545,An individual resembling Sonia S. was observed in the vicinity of LOCATION_0086.,FIELD_SURVEILLANCE_UNIT,0.57
SURV_01179,,2025-05-05 19:24:08,LOCATION_0212,Karan I.,VEHICLE_00046,An individual resembling Karan I. was observed in the vicinity of LOCATION_0212.,FIELD_SURVEILLANCE_UNIT,0.79
SURV_01180,,2024-12-21 10:33:15,LOCATION_0242,Yash Choudhary,,Yash Choudhary was observed near LOCATION_0242; no unusual activity reported.,FIELD_SURVEILLANCE_UNIT,0.74
SURV_01181,,2024-05-17 19:42:43,LOCATION_0055,PANKAJ NAIR,VEHICLE_00197,An individual resembling PANKAJ NAIR was observed in the vicinity of LOCATION_0055.,FIELD_SURVEILLANCE_UNIT,0.57
SURV_01182,,2025-04-23 02:32:37,LOCATION_0275,Isha Kapoor,VEHICLE_00640,Isha Kapoor was observed near LOCATION_0275; no unusual activity reported.,FIELD_SURVEILLANCE_UNIT,0.61
SURV_01183,,2025-03-12 13:12:55,LOCATION_0284,Pankaj Naidu,,Pankaj Naidu was observed near LOCATION_0284; no unusual activity reported.,FIELD_SURVEILLANCE_UNIT,0.65
SURV_01184,,2025-07-30 22:03:40,LOCATION_0203,Ravi Mishra,,Ravi Mishra was observed near LOCATION_0203; no unusual activity reported.,FIELD_SURVEILLANCE_UNIT,0.78
SURV_01185,,2024-05-26 09:29:30,LOCATION_0234,Deepak Singh,,An individual resembling Deepak Singh was observed in the vicinity of LOCATION_0234.,FIELD_SURVEILLANCE_UNIT,0.84
SURV_01186,,2025-07-12 07:58:50,LOCATION_0184,manju bhatt,VEHICLE_00505,An individual resembling manju bhatt was observed in the vicinity of LOCATION_0184.,FIELD_SURVEILLANCE_UNIT,0.69
SURV_01187,,2024-07-04 21:32:04,LOCATION_0171,S. Agarwal,,An individual resembling S. Agarwal was observed in the vicinity of LOCATION_0171.,FIELD_SURVEILLANCE_UNIT,0.88
SURV_01188,,2024-10-29 22:18:24,LOCATION_0227,S. Yadav,VEHICLE_00306,An individual resembling S. Yadav was observed in the vicinity of LOCATION_0227.,FIELD_SURVEILLANCE_UNIT,0.74
SURV_01189,,2025-10-09 09:33:37,LOCATION_0143,Isha Meena,VEHICLE_00501,Isha Meena was observed near LOCATION_0143; no unusual activity reported.,FIELD_SURVEILLANCE_UNIT,0.71
SURV_01190,,2024-09-13 18:46:11,LOCATION_0073,HARISH BANSAL,,An individual resembling HARISH BANSAL was observed in the vicinity of LOCATION_0073.,FIELD_SURVEILLANCE_UNIT,0.59
SURV_01191,,2025-02-28 03:54:02,LOCATION_0034,Tanvi Pandey,,Tanvi Pandey was observed near LOCATION_0034; no unusual activity reported.,FIELD_SURVEILLANCE_UNIT,0.66
SURV_01192,,2025-04-09 14:11:53,LOCATION_0063,Geeta Joshi,VEHICLE_00210,Geeta Joshi was observed near LOCATION_0063; no unusual activity reported.,FIELD_SURVEILLANCE_UNIT,0.76
SURV_01193,,2026-04-22 10:22:50,LOCATION_0012,Sunita Sharma,VEHICLE_00637,Sunita Sharma was observed near LOCATION_0012; no unusual activity reported.,FIELD_SURVEILLANCE_UNIT,0.72
SURV_01194,,2026-01-15 08:45:31,LOCATION_0208,Gaurav Sharma,,Gaurav Sharma was observed near LOCATION_0208; no unusual activity reported.,FIELD_SURVEILLANCE_UNIT,0.65
SURV_01195,,2025-09-14 15:35:10,LOCATION_0102,Shalini Nair,VEHICLE_00228,Shalini Nair was observed near LOCATION_0102; no unusual activity reported.,FIELD_SURVEILLANCE_UNIT,0.73
SURV_01196,,2024-01-15 09:56:07,LOCATION_0070,Geeta Nair,VEHICLE_00158,Geeta Nair was observed near LOCATION_0070; no unusual activity reported.,FIELD_SURVEILLANCE_UNIT,0.58
SURV_01197,,2025-09-07 03:10:19,LOCATION_0003,Sandeep M.,VEHICLE_00326,An individual resembling Sandeep M. was observed in the vicinity of LOCATION_0003.,FIELD_SURVEILLANCE_UNIT,0.68
SURV_01198,,2026-06-16 09:54:15,LOCATION_0226,kirti iyer,,An individual resembling kirti iyer was observed in the vicinity of LOCATION_0226.,FIELD_SURVEILLANCE_UNIT,0.83
SURV_01199,,2024-09-12 06:26:07,LOCATION_0101,Ravi Chauhan,,Ravi Chauhan was observed near LOCATION_0101; no unusual activity reported.,FIELD_SURVEILLANCE_UNIT,0.73
SURV_01200,,2024-07-13 22:02:31,LOCATION_0205,Pooja Meena,,Pooja Meena was observed near LOCATION_0205; no unusual activity reported.,FIELD_SURVEILLANCE_UNIT,0.63
SURV_01201,,2025-11-22 12:20:24,LOCATION_0229,Nisha Bansal,VEHICLE_00396,Nisha Bansal was observed near LOCATION_0229; no unusual activity reported.,FIELD_SURVEILLANCE_UNIT,0.56
SURV_01202,,2024-11-27 16:42:46,LOCATION_0144,Divya Saxena,VEHICLE_00703,An individual resembling Divya Saxena was observed in the vicinity of LOCATION_0144.,FIELD_SURVEILLANCE_UNIT,0.89
SURV_01203,,2025-10-28 07:53:18,LOCATION_0234,Rekha Gupta,VEHICLE_00625,Rekha Gupta was observed near LOCATION_0234; no unusual activity reported.,FIELD_SURVEILLANCE_UNIT,0.62
SURV_01204,,2024-05-28 05:18:19,LOCATION_0101,Deepak Bansal,VEHICLE_00106,Deepak Bansal was observed near LOCATION_0101; no unusual activity reported.,FIELD_SURVEILLANCE_UNIT,0.75
SURV_01205,,2024-06-24 07:20:49,LOCATION_0020,R. Singh,,An individual resembling R. Singh was observed in the vicinity of LOCATION_0020.,FIELD_SURVEILLANCE_UNIT,0.61
SURV_01206,,2025-08-14 20:17:04,LOCATION_0151,Deepika Chauhan,,Deepika Chauhan was observed near LOCATION_0151; no unusual activity reported.,FIELD_SURVEILLANCE_UNIT,0.62
SURV_01207,,2025-06-24 05:18:07,LOCATION_0152,Alka R.,,An individual resembling Alka R. was observed in the vicinity of LOCATION_0152.,FIELD_SURVEILLANCE_UNIT,0.56
SURV_01208,,2024-08-11 21:22:12,LOCATION_0036,Ashok Choudhary,,Ashok Choudhary was observed near LOCATION_0036; no unusual activity reported.,FIELD_SURVEILLANCE_UNIT,0.63
SURV_01209,,2026-06-10 17:58:28,LOCATION_0139,Sanjay Naidu,VEHICLE_00517,Sanjay Naidu was observed near LOCATION_0139; no unusual activity reported.,FIELD_SURVEILLANCE_UNIT,0.85
SURV_01210,,2025-07-27 15:38:52,LOCATION_0259,Ritu T.,VEHICLE_00592,An individual resembling Ritu T. was observed in the vicinity of LOCATION_0259.,FIELD_SURVEILLANCE_UNIT,0.86
SURV_01211,,2024-01-04 11:34:09,LOCATION_0010,Sonia Verma,,Sonia Verma was observed near LOCATION_0010; no unusual activity reported.,FIELD_SURVEILLANCE_UNIT,0.89
SURV_01212,,2026-01-03 10:06:03,LOCATION_0115,A. Malhotra,VEHICLE_00709,An individual resembling A. Malhotra was observed in the vicinity of LOCATION_0115.,FIELD_SURVEILLANCE_UNIT,0.72
SURV_01213,,2024-07-07 19:45:04,LOCATION_0217,Suresh Kapoor,VEHICLE_00464,Suresh Kapoor was observed near LOCATION_0217; no unusual activity reported.,FIELD_SURVEILLANCE_UNIT,0.59
SURV_01214,,2024-08-01 09:14:47,LOCATION_0291,Ashok Yadav,,Ashok Yadav was observed near LOCATION_0291; no unusual activity reported.,FIELD_SURVEILLANCE_UNIT,0.55
SURV_01215,,2025-06-10 15:37:51,LOCATION_0197,N. Chauhan,VEHICLE_00145,An individual resembling N. Chauhan was observed in the vicinity of LOCATION_0197.,FIELD_SURVEILLANCE_UNIT,0.61
SURV_01216,,2024-07-17 13:25:21,LOCATION_0096,rohit singh,,An individual resembling rohit singh was observed in the vicinity of LOCATION_0096.,FIELD_SURVEILLANCE_UNIT,0.85
SURV_01217,,2024-09-07 07:56:24,LOCATION_0142,Sandeep Kulkarni,VEHICLE_00062,Sandeep Kulkarni was observed near LOCATION_0142; no unusual activity reported.,FIELD_SURVEILLANCE_UNIT,0.86
SURV_01218,,2024-03-29 11:28:12,LOCATION_0011,MOHIT SAXENA,,An individual resembling MOHIT SAXENA was observed in the vicinity of LOCATION_0011.,FIELD_SURVEILLANCE_UNIT,0.73
SURV_01219,,2026-04-23 03:59:09,LOCATION_0130,Karan Kulkarni,,Karan Kulkarni was observed near LOCATION_0130; no unusual activity reported.,FIELD_SURVEILLANCE_UNIT,0.7
SURV_01220,,2024-03-18 06:24:31,LOCATION_0231,S. Agarwal,,An individual resembling S. Agarwal was observed in the vicinity of LOCATION_0231.,FIELD_SURVEILLANCE_UNIT,0.76
SURV_01221,,2024-04-03 02:17:53,LOCATION_0214,KavitaReddy,,An individual resembling KavitaReddy was observed in the vicinity of LOCATION_0214.,FIELD_SURVEILLANCE_UNIT,0.57
SURV_01222,,2026-02-13 20:48:21,LOCATION_0138,R. Meena,,An individual resembling R. Meena was observed in the vicinity of LOCATION_0138.,FIELD_SURVEILLANCE_UNIT,0.59
SURV_01223,,2026-04-05 21:11:32,LOCATION_0192,Nisha Kapoor,VEHICLE_00132,Nisha Kapoor was observed near LOCATION_0192; no unusual activity reported.,FIELD_SURVEILLANCE_UNIT,0.73
SURV_01224,,2024-04-26 19:54:54,LOCATION_0174,swati iyer,,An individual resembling swati iyer was observed in the vicinity of LOCATION_0174.,FIELD_SURVEILLANCE_UNIT,0.61
SURV_01225,,2026-05-17 08:44:22,LOCATION_0115,Rekha Joshi,,An individual resembling Rekha Joshi was observed in the vicinity of LOCATION_0115.,FIELD_SURVEILLANCE_UNIT,0.8
SURV_01226,,2025-05-29 23:54:24,LOCATION_0114,Rekha Chauhan,,Rekha Chauhan was observed near LOCATION_0114; no unusual activity reported.,FIELD_SURVEILLANCE_UNIT,0.76
SURV_01227,,2025-11-16 17:02:45,LOCATION_0034,Manoj Rathore,VEHICLE_00463,Manoj Rathore was observed near LOCATION_0034; no unusual activity reported.,FIELD_SURVEILLANCE_UNIT,0.76
SURV_01228,,2024-08-20 12:29:08,LOCATION_0237,MEENA AGARWAL,VEHICLE_00613,An individual resembling MEENA AGARWAL was observed in the vicinity of LOCATION_0237.,FIELD_SURVEILLANCE_UNIT,0.55
SURV_01229,,2025-03-01 09:11:51,LOCATION_0250,D. Gupta,,An individual resembling D. Gupta was observed in the vicinity of LOCATION_0250.,FIELD_SURVEILLANCE_UNIT,0.69
SURV_01230,,2025-01-08 12:16:59,LOCATION_0076,Anita G.,VEHICLE_00620,An individual resembling Anita G. was observed in the vicinity of LOCATION_0076.,FIELD_SURVEILLANCE_UNIT,0.8
SURV_01231,,2026-03-10 09:09:18,LOCATION_0104,Nikhil Iyer,VEHICLE_00173,Nikhil Iyer was observed near LOCATION_0104; no unusual activity reported.,FIELD_SURVEILLANCE_UNIT,0.66
SURV_01232,,2024-10-21 23:27:03,LOCATION_0134,Kavita Iyer,,Kavita Iyer was observed near LOCATION_0134; no unusual activity reported.,FIELD_SURVEILLANCE_UNIT,0.7
SURV_01233,,2024-08-03 10:48:29,LOCATION_0159,Tanvi Singh,,An individual resembling Tanvi Singh was observed in the vicinity of LOCATION_0159.,FIELD_SURVEILLANCE_UNIT,0.83
SURV_01234,,2025-06-13 14:58:42,LOCATION_0053,RITU MISHRA,VEHICLE_00759,An individual resembling RITU MISHRA was observed in the vicinity of LOCATION_0053.,FIELD_SURVEILLANCE_UNIT,0.83
SURV_01235,,2026-01-28 05:41:23,LOCATION_0258,Sandeep Mishra,,Sandeep Mishra was observed near LOCATION_0258; no unusual activity reported.,FIELD_SURVEILLANCE_UNIT,0.83
SURV_01236,,2026-05-08 20:58:09,LOCATION_0276,Deepika Reddy,,Deepika Reddy was observed near LOCATION_0276; no unusual activity reported.,FIELD_SURVEILLANCE_UNIT,0.55
SURV_01237,,2024-11-02 06:32:51,LOCATION_0152,Mohit Bansal,,Mohit Bansal was observed near LOCATION_0152; no unusual activity reported.,FIELD_SURVEILLANCE_UNIT,0.87
SURV_01238,,2024-05-23 13:50:22,LOCATION_0293,Vivek Meena,VEHICLE_00525,Vivek Meena was observed near LOCATION_0293; no unusual activity reported.,FIELD_SURVEILLANCE_UNIT,0.59
SURV_01239,,2026-02-24 18:01:40,LOCATION_0209,Deepak N.,VEHICLE_00655,An individual resembling Deepak N. was observed in the vicinity of LOCATION_0209.,FIELD_SURVEILLANCE_UNIT,0.74
SURV_01240,,2025-07-12 06:51:41,LOCATION_0252,Kirti Yadav,,Kirti Yadav was observed near LOCATION_0252; no unusual activity reported.,FIELD_SURVEILLANCE_UNIT,0.87
SURV_01241,,2024-10-19 22:06:25,LOCATION_0193,PriyaSharma,VEHICLE_00125,An individual resembling PriyaSharma was observed in the vicinity of LOCATION_0193.,FIELD_SURVEILLANCE_UNIT,0.78
SURV_01242,,2024-11-26 04:28:07,LOCATION_0185,Vivek Bansal,VEHICLE_00733,Vivek Bansal was observed near LOCATION_0185; no unusual activity reported.,FIELD_SURVEILLANCE_UNIT,0.74
SURV_01243,,2026-06-13 10:08:47,LOCATION_0006,Karan J.,,An individual resembling Karan J. was observed in the vicinity of LOCATION_0006.,FIELD_SURVEILLANCE_UNIT,0.73
SURV_01244,,2026-04-25 04:26:42,LOCATION_0271,ManjuGupta,VEHICLE_00238,An individual resembling ManjuGupta was observed in the vicinity of LOCATION_0271.,FIELD_SURVEILLANCE_UNIT,0.73
SURV_01245,,2025-02-16 19:03:09,LOCATION_0186,Gaurav Agarwal,,Gaurav Agarwal was observed near LOCATION_0186; no unusual activity reported.,FIELD_SURVEILLANCE_UNIT,0.74
SURV_01246,,2025-07-12 18:08:01,LOCATION_0188,KirtiChoudhary,,An individual resembling KirtiChoudhary was observed in the vicinity of LOCATION_0188.,FIELD_SURVEILLANCE_UNIT,0.78
SURV_01247,,2026-05-27 09:46:43,LOCATION_0163,Preeti Kulkarni,VEHICLE_00516,Preeti Kulkarni was observed near LOCATION_0163; no unusual activity reported.,FIELD_SURVEILLANCE_UNIT,0.68
SURV_01248,,2026-03-16 22:00:43,LOCATION_0090,M. Chauhan,VEHICLE_00481,An individual resembling M. Chauhan was observed in the vicinity of LOCATION_0090.,FIELD_SURVEILLANCE_UNIT,0.58
SURV_01249,,2024-10-19 13:05:24,LOCATION_0016,TanviSingh,VEHICLE_00090,An individual resembling TanviSingh was observed in the vicinity of LOCATION_0016.,FIELD_SURVEILLANCE_UNIT,0.71
SURV_01250,,2025-06-20 03:27:25,LOCATION_0127,Vikram Choudhary,,Vikram Choudhary was observed near LOCATION_0127; no unusual activity reported.,FIELD_SURVEILLANCE_UNIT,0.79
SURV_01251,,2025-12-21 20:58:57,LOCATION_0201,Meena Joshi,VEHICLE_00051,Meena Joshi was observed near LOCATION_0201; no unusual activity reported.,FIELD_SURVEILLANCE_UNIT,0.76
SURV_01252,,2024-10-24 17:05:21,LOCATION_0069,Alka K.,VEHICLE_00045,An individual resembling Alka K. was observed in the vicinity of LOCATION_0069.,FIELD_SURVEILLANCE_UNIT,0.79
SURV_01253,,2025-01-21 07:22:01,LOCATION_0010,Sandeep Malhotra,,Sandeep Malhotra was observed near LOCATION_0010; no unusual activity reported.,FIELD_SURVEILLANCE_UNIT,0.79
SURV_01254,,2025-02-15 13:10:02,LOCATION_0066,Sonia Bhatt,,An individual resembling Sonia Bhatt was observed in the vicinity of LOCATION_0066.,FIELD_SURVEILLANCE_UNIT,0.84
SURV_01255,,2026-06-23 13:14:03,LOCATION_0120,Vikram Saxena,VEHICLE_00180,Vikram Saxena was observed near LOCATION_0120; no unusual activity reported.,FIELD_SURVEILLANCE_UNIT,0.59
SURV_01256,,2024-07-20 16:38:48,LOCATION_0104,RAHUL KULKARNI,VEHICLE_00649,An individual resembling RAHUL KULKARNI was observed in the vicinity of LOCATION_0104.,FIELD_SURVEILLANCE_UNIT,0.64
SURV_01257,,2024-11-23 06:51:47,LOCATION_0182,K. Yadav,,An individual resembling K. Yadav was observed in the vicinity of LOCATION_0182.,FIELD_SURVEILLANCE_UNIT,0.62
SURV_01258,,2025-05-08 01:17:40,LOCATION_0241,P. Chauhan,VEHICLE_00068,An individual resembling P. Chauhan was observed in the vicinity of LOCATION_0241.,FIELD_SURVEILLANCE_UNIT,0.7
SURV_01259,,2025-09-18 01:26:25,LOCATION_0246,Naveen Meena,,Naveen Meena was observed near LOCATION_0246; no unusual activity reported.,FIELD_SURVEILLANCE_UNIT,0.7
SURV_01260,,2025-05-15 19:04:19,LOCATION_0290,ISHA SINGH,VEHICLE_00681,An individual resembling ISHA SINGH was observed in the vicinity of LOCATION_0290.,FIELD_SURVEILLANCE_UNIT,0.59
SURV_01261,,2024-04-20 13:01:27,LOCATION_0057,Manju S.,VEHICLE_00220,An individual resembling Manju S. was observed in the vicinity of LOCATION_0057.,FIELD_SURVEILLANCE_UNIT,0.83
SURV_01262,,2024-05-07 20:58:07,LOCATION_0234,Meena Kulkarni,,Meena Kulkarni was observed near LOCATION_0234; no unusual activity reported.,FIELD_SURVEILLANCE_UNIT,0.74
SURV_01263,,2025-03-26 22:38:58,LOCATION_0061,Shalini Joshi,VEHICLE_00201,Shalini Joshi was observed near LOCATION_0061; no unusual activity reported.,FIELD_SURVEILLANCE_UNIT,0.72
SURV_01264,,2025-06-28 09:10:39,LOCATION_0207,Naveen Bhatt,,Naveen Bhatt was observed near LOCATION_0207; no unusual activity reported.,FIELD_SURVEILLANCE_UNIT,0.79
SURV_01265,,2025-05-22 13:41:24,LOCATION_0142,SwatiPandey,,An individual resembling SwatiPandey was observed in the vicinity of LOCATION_0142.,FIELD_SURVEILLANCE_UNIT,0.9
SURV_01266,,2025-08-22 15:33:25,LOCATION_0051,K. Malhotra,VEHICLE_00299,An individual resembling K. Malhotra was observed in the vicinity of LOCATION_0051.,FIELD_SURVEILLANCE_UNIT,0.63
SURV_01267,,2024-09-01 03:04:24,LOCATION_0112,SUNITA SAXENA,,An individual resembling SUNITA SAXENA was observed in the vicinity of LOCATION_0112.,FIELD_SURVEILLANCE_UNIT,0.59
SURV_01268,,2026-01-11 20:17:27,LOCATION_0166,Vikram Sharma,,Vikram Sharma was observed near LOCATION_0166; no unusual activity reported.,FIELD_SURVEILLANCE_UNIT,0.69
SURV_01269,,2024-06-11 08:38:41,LOCATION_0171,Nisha V.,,An individual resembling Nisha V. was observed in the vicinity of LOCATION_0171.,FIELD_SURVEILLANCE_UNIT,0.89
SURV_01270,,2024-10-07 16:32:38,LOCATION_0098,AnitaChauhan,VEHICLE_00752,An individual resembling AnitaChauhan was observed in the vicinity of LOCATION_0098.,FIELD_SURVEILLANCE_UNIT,0.77
SURV_01271,,2024-09-10 14:29:53,LOCATION_0043,R. Bhatt,,An individual resembling R. Bhatt was observed in the vicinity of LOCATION_0043.,FIELD_SURVEILLANCE_UNIT,0.65
SURV_01272,,2025-10-06 07:54:54,LOCATION_0001,Simran Iyer,VEHICLE_00630,Simran Iyer was observed near LOCATION_0001; no unusual activity reported.,FIELD_SURVEILLANCE_UNIT,0.87
SURV_01273,,2024-12-25 19:28:26,LOCATION_0063,Anil Chauhan,,Anil Chauhan was observed near LOCATION_0063; no unusual activity reported.,FIELD_SURVEILLANCE_UNIT,0.66
SURV_01274,,2024-10-07 12:36:57,LOCATION_0077,Amit Agarwal,VEHICLE_00683,An individual resembling Amit Agarwal was observed in the vicinity of LOCATION_0077.,FIELD_SURVEILLANCE_UNIT,0.88
SURV_01275,,2024-01-20 12:32:32,LOCATION_0138,VIVEK JOSHI,,An individual resembling VIVEK JOSHI was observed in the vicinity of LOCATION_0138.,FIELD_SURVEILLANCE_UNIT,0.66
SURV_01276,,2024-10-14 09:59:15,LOCATION_0140,Anjali Verma,VEHICLE_00074,Anjali Verma was observed near LOCATION_0140; no unusual activity reported.,FIELD_SURVEILLANCE_UNIT,0.67
SURV_01277,,2024-01-28 03:32:22,LOCATION_0237,Neha P.,,An individual resembling Neha P. was observed in the vicinity of LOCATION_0237.,FIELD_SURVEILLANCE_UNIT,0.61
SURV_01278,,2025-06-14 02:52:56,LOCATION_0234,Meena Bansal,VEHICLE_00504,Meena Bansal was observed near LOCATION_0234; no unusual activity reported.,FIELD_SURVEILLANCE_UNIT,0.7
SURV_01279,,2024-11-03 09:58:48,LOCATION_0053,Ritu Singh,VEHICLE_00016,Ritu Singh was observed near LOCATION_0053; no unusual activity reported.,FIELD_SURVEILLANCE_UNIT,0.8
SURV_01280,,2025-08-10 01:10:50,LOCATION_0103,Naveen Naidu,,Naveen Naidu was observed near LOCATION_0103; no unusual activity reported.,FIELD_SURVEILLANCE_UNIT,0.58
SURV_01281,,2026-03-17 21:29:45,LOCATION_0286,pooja verma,VEHICLE_00266,An individual resembling pooja verma was observed in the vicinity of LOCATION_0286.,FIELD_SURVEILLANCE_UNIT,0.84
SURV_01282,,2024-08-19 03:45:50,LOCATION_0091,Deepika Yadav,,Deepika Yadav was observed near LOCATION_0091; no unusual activity reported.,FIELD_SURVEILLANCE_UNIT,0.78
SURV_01283,,2025-05-16 19:21:01,LOCATION_0225,Naveen A.,VEHICLE_00532,An individual resembling Naveen A. was observed in the vicinity of LOCATION_0225.,FIELD_SURVEILLANCE_UNIT,0.71
SURV_01284,,2024-05-28 18:36:54,LOCATION_0259,Preeti Mishra,VEHICLE_00144,Preeti Mishra was observed near LOCATION_0259; no unusual activity reported.,FIELD_SURVEILLANCE_UNIT,0.68
SURV_01285,,2025-06-25 20:14:17,LOCATION_0167,SoniaAgarwal,VEHICLE_00221,An individual resembling SoniaAgarwal was observed in the vicinity of LOCATION_0167.,FIELD_SURVEILLANCE_UNIT,0.79
SURV_01286,,2025-07-02 10:27:57,LOCATION_0227,Priya Choudhary,,Priya Choudhary was observed near LOCATION_0227; no unusual activity reported.,FIELD_SURVEILLANCE_UNIT,0.7
SURV_01287,,2025-08-15 18:11:52,LOCATION_0121,Ashok Rathore,,Ashok Rathore was observed near LOCATION_0121; no unusual activity reported.,FIELD_SURVEILLANCE_UNIT,0.64
SURV_01288,,2024-03-17 08:15:55,LOCATION_0027,Arjun Agarwal,,Arjun Agarwal was observed near LOCATION_0027; no unusual activity reported.,FIELD_SURVEILLANCE_UNIT,0.62
SURV_01289,,2024-07-02 11:59:36,LOCATION_0101,K. Singh,,An individual resembling K. Singh was observed in the vicinity of LOCATION_0101.,FIELD_SURVEILLANCE_UNIT,0.85
SURV_01290,,2024-02-09 04:42:00,LOCATION_0208,Divya Tiwari,VEHICLE_00522,Divya Tiwari was observed near LOCATION_0208; no unusual activity reported.,FIELD_SURVEILLANCE_UNIT,0.55
SURV_01291,,2025-03-01 14:31:09,LOCATION_0261,ravi yadav,,An individual resembling ravi yadav was observed in the vicinity of LOCATION_0261.,FIELD_SURVEILLANCE_UNIT,0.87
SURV_01292,,2025-08-26 14:42:59,LOCATION_0142,Sandeep K.,VEHICLE_00062,An individual resembling Sandeep K. was observed in the vicinity of LOCATION_0142.,FIELD_SURVEILLANCE_UNIT,0.72
SURV_01293,,2024-03-02 14:19:46,LOCATION_0147,Vikram Bansal,,Vikram Bansal was observed near LOCATION_0147; no unusual activity reported.,FIELD_SURVEILLANCE_UNIT,0.63
SURV_01294,,2025-11-04 10:34:12,LOCATION_0082,Geeta Bhatt,VEHICLE_00515,Geeta Bhatt was observed near LOCATION_0082; no unusual activity reported.,FIELD_SURVEILLANCE_UNIT,0.69
SURV_01295,,2024-04-23 20:03:03,LOCATION_0177,Sunita Bhatt,,Sunita Bhatt was observed near LOCATION_0177; no unusual activity reported.,FIELD_SURVEILLANCE_UNIT,0.88
SURV_01296,,2024-01-10 03:26:52,LOCATION_0011,Karan Nair,VEHICLE_00454,Karan Nair was observed near LOCATION_0011; no unusual activity reported.,FIELD_SURVEILLANCE_UNIT,0.71
SURV_01297,,2026-02-03 22:19:35,LOCATION_0288,Anil S.,VEHICLE_00716,An individual resembling Anil S. was observed in the vicinity of LOCATION_0288.,FIELD_SURVEILLANCE_UNIT,0.85
SURV_01298,,2025-03-24 11:12:13,LOCATION_0298,NaveenBansal,VEHICLE_00386,An individual resembling NaveenBansal was observed in the vicinity of LOCATION_0298.,FIELD_SURVEILLANCE_UNIT,0.64
SURV_01299,,2025-06-21 17:53:28,LOCATION_0130,Pooja Singh,,Pooja Singh was observed near LOCATION_0130; no unusual activity reported.,FIELD_SURVEILLANCE_UNIT,0.88
SURV_01300,,2025-08-09 17:09:42,LOCATION_0073,Kirti Kapoor,VEHICLE_00578,Kirti Kapoor was observed near LOCATION_0073; no unusual activity reported.,FIELD_SURVEILLANCE_UNIT,0.81
SURV_01301,,2024-01-21 21:05:42,LOCATION_0024,Deepak Reddy,VEHICLE_00134,Deepak Reddy was observed near LOCATION_0024; no unusual activity reported.,FIELD_SURVEILLANCE_UNIT,0.65
SURV_01302,,2024-04-03 09:43:25,LOCATION_0020,Vikram Meena,,Vikram Meena was observed near LOCATION_0020; no unusual activity reported.,FIELD_SURVEILLANCE_UNIT,0.8
SURV_01303,,2024-07-31 08:41:27,LOCATION_0167,Meena Bansal,,Meena Bansal was observed near LOCATION_0167; no unusual activity reported.,FIELD_SURVEILLANCE_UNIT,0.78
SURV_01304,,2026-06-14 03:25:56,LOCATION_0194,R. Chauhan,,An individual resembling R. Chauhan was observed in the vicinity of LOCATION_0194.,FIELD_SURVEILLANCE_UNIT,0.83
SURV_01305,,2025-04-28 09:31:14,LOCATION_0269,Gaurav K.,,An individual resembling Gaurav K. was observed in the vicinity of LOCATION_0269.,FIELD_SURVEILLANCE_UNIT,0.87
SURV_01306,,2024-11-17 06:58:10,LOCATION_0290,shalini mishra,,An individual resembling shalini mishra was observed in the vicinity of LOCATION_0290.,FIELD_SURVEILLANCE_UNIT,0.7
SURV_01307,,2026-02-22 17:58:17,LOCATION_0121,Rohit Naidu,,Rohit Naidu was observed near LOCATION_0121; no unusual activity reported.,FIELD_SURVEILLANCE_UNIT,0.57
SURV_01308,,2025-01-27 13:58:40,LOCATION_0174,M. Joshi,,An individual resembling M. Joshi was observed in the vicinity of LOCATION_0174.,FIELD_SURVEILLANCE_UNIT,0.58
SURV_01309,,2025-09-13 16:54:33,LOCATION_0233,Arjun Singh,VEHICLE_00424,Arjun Singh was observed near LOCATION_0233; no unusual activity reported.,FIELD_SURVEILLANCE_UNIT,0.63
SURV_01310,,2025-12-30 00:30:09,LOCATION_0264,Divya Bansal,,Divya Bansal was observed near LOCATION_0264; no unusual activity reported.,FIELD_SURVEILLANCE_UNIT,0.56
SURV_01311,,2026-04-18 02:23:22,LOCATION_0004,S. Verma,VEHICLE_00116,An individual resembling S. Verma was observed in the vicinity of LOCATION_0004.,FIELD_SURVEILLANCE_UNIT,0.84
SURV_01312,,2024-12-08 01:59:55,LOCATION_0025,N. Singh,VEHICLE_00205,An individual resembling N. Singh was observed in the vicinity of LOCATION_0025.,FIELD_SURVEILLANCE_UNIT,0.61
SURV_01313,,2025-10-04 18:25:21,LOCATION_0105,Arjun B.,,An individual resembling Arjun B. was observed in the vicinity of LOCATION_0105.,FIELD_SURVEILLANCE_UNIT,0.59
SURV_01314,,2024-05-13 03:19:47,LOCATION_0087,RITU GUPTA,,An individual resembling RITU GUPTA was observed in the vicinity of LOCATION_0087.,FIELD_SURVEILLANCE_UNIT,0.87
SURV_01315,,2026-01-17 01:58:26,LOCATION_0023,Anita Sharma,,Anita Sharma was observed near LOCATION_0023; no unusual activity reported.,FIELD_SURVEILLANCE_UNIT,0.88
SURV_01316,,2024-09-07 08:12:17,LOCATION_0140,Yash A.,,An individual resembling Yash A. was observed in the vicinity of LOCATION_0140.,FIELD_SURVEILLANCE_UNIT,0.6
SURV_01317,,2024-04-25 23:38:13,LOCATION_0112,Priya Naidu,VEHICLE_00172,Priya Naidu was observed near LOCATION_0112; no unusual activity reported.,FIELD_SURVEILLANCE_UNIT,0.89
SURV_01318,,2026-04-21 20:05:33,LOCATION_0056,Aman Naidu,VEHICLE_00734,Aman Naidu was observed near LOCATION_0056; no unusual activity reported.,FIELD_SURVEILLANCE_UNIT,0.86
SURV_01319,,2026-01-20 23:30:31,LOCATION_0023,Geeta Tiwari,,Geeta Tiwari was observed near LOCATION_0023; no unusual activity reported.,FIELD_SURVEILLANCE_UNIT,0.71
SURV_01320,,2026-06-17 14:01:25,LOCATION_0184,Manju Bhatt,VEHICLE_00505,Manju Bhatt was observed near LOCATION_0184; no unusual activity reported.,FIELD_SURVEILLANCE_UNIT,0.71
SURV_01321,,2024-09-22 15:00:30,LOCATION_0224,pooja bansal,,An individual resembling pooja bansal was observed in the vicinity of LOCATION_0224.,FIELD_SURVEILLANCE_UNIT,0.85
SURV_01322,,2026-04-27 16:22:03,LOCATION_0009,Aman Kapoor,VEHICLE_00447,Aman Kapoor was observed near LOCATION_0009; no unusual activity reported.,FIELD_SURVEILLANCE_UNIT,0.82
SURV_01323,,2024-11-28 12:46:04,LOCATION_0162,Deepika Tiwari,VEHICLE_00402,Deepika Tiwari was observed near LOCATION_0162; no unusual activity reported.,FIELD_SURVEILLANCE_UNIT,0.9
SURV_01324,,2026-04-16 04:25:58,LOCATION_0100,Rekha Nair,VEHICLE_00608,Rekha Nair was observed near LOCATION_0100; no unusual activity reported.,FIELD_SURVEILLANCE_UNIT,0.81
SURV_01325,,2026-03-30 18:41:52,LOCATION_0201,Sunita Iyer,VEHICLE_00230,Sunita Iyer was observed near LOCATION_0201; no unusual activity reported.,FIELD_SURVEILLANCE_UNIT,0.69
SURV_01326,,2026-02-18 03:48:01,LOCATION_0120,sanjay bhatt,,An individual resembling sanjay bhatt was observed in the vicinity of LOCATION_0120.,FIELD_SURVEILLANCE_UNIT,0.88
SURV_01327,,2025-12-30 09:52:14,LOCATION_0265,Simran Kulkarni,VEHICLE_00312,Simran Kulkarni was observed near LOCATION_0265; no unusual activity reported.,FIELD_SURVEILLANCE_UNIT,0.74
SURV_01328,,2025-05-21 00:52:59,LOCATION_0248,SandeepBansal,VEHICLE_00751,An individual resembling SandeepBansal was observed in the vicinity of LOCATION_0248.,FIELD_SURVEILLANCE_UNIT,0.8
SURV_01329,,2024-07-05 13:54:08,LOCATION_0145,AnilJoshi,,An individual resembling AnilJoshi was observed in the vicinity of LOCATION_0145.,FIELD_SURVEILLANCE_UNIT,0.82
SURV_01330,,2025-10-12 22:21:23,LOCATION_0149,YASH VERMA,,An individual resembling YASH VERMA was observed in the vicinity of LOCATION_0149.,FIELD_SURVEILLANCE_UNIT,0.83
SURV_01331,,2025-06-25 03:46:09,LOCATION_0300,Kirti Reddy,VEHICLE_00363,Kirti Reddy was observed near LOCATION_0300; no unusual activity reported.,FIELD_SURVEILLANCE_UNIT,0.74
SURV_01332,,2025-09-16 07:49:21,LOCATION_0142,Priya Chauhan,,Priya Chauhan was observed near LOCATION_0142; no unusual activity reported.,FIELD_SURVEILLANCE_UNIT,0.69
SURV_01333,,2025-02-10 05:01:45,LOCATION_0058,Yash Yadav,,Yash Yadav was observed near LOCATION_0058; no unusual activity reported.,FIELD_SURVEILLANCE_UNIT,0.89
SURV_01334,,2025-12-10 18:39:57,LOCATION_0121,Gaurav Verma,,Gaurav Verma was observed near LOCATION_0121; no unusual activity reported.,FIELD_SURVEILLANCE_UNIT,0.83
SURV_01335,,2025-11-30 05:17:58,LOCATION_0126,Rekha Bhatt,VEHICLE_00690,Rekha Bhatt was observed near LOCATION_0126; no unusual activity reported.,FIELD_SURVEILLANCE_UNIT,0.79
SURV_01336,,2025-06-05 23:43:04,LOCATION_0264,Yash Verma,,Yash Verma was observed near LOCATION_0264; no unusual activity reported.,FIELD_SURVEILLANCE_UNIT,0.74
SURV_01337,,2024-01-09 10:29:33,LOCATION_0018,Tanvi Bhatt,,Tanvi Bhatt was observed near LOCATION_0018; no unusual activity reported.,FIELD_SURVEILLANCE_UNIT,0.85
SURV_01338,,2024-02-02 06:17:02,LOCATION_0055,R. Kapoor,VEHICLE_00437,An individual resembling R. Kapoor was observed in the vicinity of LOCATION_0055.,FIELD_SURVEILLANCE_UNIT,0.6
SURV_01339,,2024-03-21 08:34:57,LOCATION_0299,M. Gupta,,An individual resembling M. Gupta was observed in the vicinity of LOCATION_0299.,FIELD_SURVEILLANCE_UNIT,0.77
SURV_01340,,2024-02-07 09:38:43,LOCATION_0149,Sandeep Joshi,VEHICLE_00432,An individual resembling Sandeep Joshi was observed in the vicinity of LOCATION_0149.,FIELD_SURVEILLANCE_UNIT,0.69
SURV_01341,,2024-04-03 01:04:51,LOCATION_0072,Amit Bansal,VEHICLE_00495,Amit Bansal was observed near LOCATION_0072; no unusual activity reported.,FIELD_SURVEILLANCE_UNIT,0.67
SURV_01342,,2025-12-13 06:24:15,LOCATION_0085,Vikram Mishra,VEHICLE_00694,Vikram Mishra was observed near LOCATION_0085; no unusual activity reported.,FIELD_SURVEILLANCE_UNIT,0.84
SURV_01343,,2026-02-07 09:53:43,LOCATION_0108,Sanjay M.,,An individual resembling Sanjay M. was observed in the vicinity of LOCATION_0108.,FIELD_SURVEILLANCE_UNIT,0.59
SURV_01344,,2026-02-17 09:35:23,LOCATION_0267,Geeta Kulkarni,,Geeta Kulkarni was observed near LOCATION_0267; no unusual activity reported.,FIELD_SURVEILLANCE_UNIT,0.7
SURV_01345,,2024-06-24 01:47:40,LOCATION_0201,Nikhil M.,VEHICLE_00666,An individual resembling Nikhil M. was observed in the vicinity of LOCATION_0201.,FIELD_SURVEILLANCE_UNIT,0.61
SURV_01346,,2024-02-17 21:35:12,LOCATION_0062,T. Saxena,,An individual resembling T. Saxena was observed in the vicinity of LOCATION_0062.,FIELD_SURVEILLANCE_UNIT,0.72
SURV_01347,,2025-01-19 02:35:47,LOCATION_0022,A. Reddy,VEHICLE_00237,An individual resembling A. Reddy was observed in the vicinity of LOCATION_0022.,FIELD_SURVEILLANCE_UNIT,0.78
SURV_01348,,2024-06-18 00:03:57,LOCATION_0108,M. Kapoor,VEHICLE_00137,An individual resembling M. Kapoor was observed in the vicinity of LOCATION_0108.,FIELD_SURVEILLANCE_UNIT,0.61
SURV_01349,,2025-05-14 02:27:34,LOCATION_0178,Anita S.,,An individual resembling Anita S. was observed in the vicinity of LOCATION_0178.,FIELD_SURVEILLANCE_UNIT,0.67
SURV_01350,,2024-01-15 08:21:09,LOCATION_0147,Meena Agarwal,VEHICLE_00613,Meena Agarwal was observed near LOCATION_0147; no unusual activity reported.,FIELD_SURVEILLANCE_UNIT,0.75
SURV_01351,,2025-12-09 11:51:56,LOCATION_0182,Rohit Chauhan,VEHICLE_00394,Rohit Chauhan was observed near LOCATION_0182; no unusual activity reported.,FIELD_SURVEILLANCE_UNIT,0.74
SURV_01352,,2025-10-21 15:01:39,LOCATION_0034,Shalini Reddy,VEHICLE_00317,Shalini Reddy was observed near LOCATION_0034; no unusual activity reported.,FIELD_SURVEILLANCE_UNIT,0.71
SURV_01353,,2025-03-30 16:06:55,LOCATION_0186,PriyaMishra,,An individual resembling PriyaMishra was observed in the vicinity of LOCATION_0186.,FIELD_SURVEILLANCE_UNIT,0.69
SURV_01354,,2025-10-03 06:59:15,LOCATION_0243,M. Yadav,,An individual resembling M. Yadav was observed in the vicinity of LOCATION_0243.,FIELD_SURVEILLANCE_UNIT,0.66
SURV_01355,,2025-10-31 09:37:57,LOCATION_0276,aman naidu,VEHICLE_00734,An individual resembling aman naidu was observed in the vicinity of LOCATION_0276.,FIELD_SURVEILLANCE_UNIT,0.68
SURV_01356,,2025-06-01 06:29:33,LOCATION_0009,Rajesh K.,,An individual resembling Rajesh K. was observed in the vicinity of LOCATION_0009.,FIELD_SURVEILLANCE_UNIT,0.73
SURV_01357,,2025-12-09 15:43:41,LOCATION_0035,Rajesh Saxena,VEHICLE_00729,Rajesh Saxena was observed near LOCATION_0035; no unusual activity reported.,FIELD_SURVEILLANCE_UNIT,0.6
SURV_01358,,2024-01-07 07:03:43,LOCATION_0234,Pankaj Yadav,VEHICLE_00353,Pankaj Yadav was observed near LOCATION_0234; no unusual activity reported.,FIELD_SURVEILLANCE_UNIT,0.62
SURV_01359,,2025-02-12 02:18:40,LOCATION_0299,manju malhotra,VEHICLE_00708,An individual resembling manju malhotra was observed in the vicinity of LOCATION_0299.,FIELD_SURVEILLANCE_UNIT,0.56
SURV_01360,,2025-05-18 13:06:04,LOCATION_0071,N. Choudhary,VEHICLE_00598,An individual resembling N. Choudhary was observed in the vicinity of LOCATION_0071.,FIELD_SURVEILLANCE_UNIT,0.63
SURV_01361,,2025-05-18 12:06:22,LOCATION_0051,Deepika Yadav,,An individual resembling Deepika Yadav was observed in the vicinity of LOCATION_0051.,FIELD_SURVEILLANCE_UNIT,0.6
SURV_01362,,2024-09-04 10:51:03,LOCATION_0223,preeti kulkarni,VEHICLE_00516,An individual resembling preeti kulkarni was observed in the vicinity of LOCATION_0223.,FIELD_SURVEILLANCE_UNIT,0.82
SURV_01363,,2026-05-24 22:26:26,LOCATION_0008,Sandeep Iyer,,Sandeep Iyer was observed near LOCATION_0008; no unusual activity reported.,FIELD_SURVEILLANCE_UNIT,0.87
SURV_01364,,2025-12-07 04:26:36,LOCATION_0296,Sonia Pandey,,Sonia Pandey was observed near LOCATION_0296; no unusual activity reported.,FIELD_SURVEILLANCE_UNIT,0.87
SURV_01365,,2024-08-21 20:46:36,LOCATION_0076,A. Reddy,,An individual resembling A. Reddy was observed in the vicinity of LOCATION_0076.,FIELD_SURVEILLANCE_UNIT,0.68
SURV_01366,,2025-10-31 04:11:27,LOCATION_0001,A. Singh,,An individual resembling A. Singh was observed in the vicinity of LOCATION_0001.,FIELD_SURVEILLANCE_UNIT,0.59
SURV_01367,,2026-03-29 19:25:11,LOCATION_0279,MANOJ MALHOTRA,,An individual resembling MANOJ MALHOTRA was observed in the vicinity of LOCATION_0279.,FIELD_SURVEILLANCE_UNIT,0.88
SURV_01368,,2024-11-17 03:08:46,LOCATION_0123,ALKA REDDY,VEHICLE_00320,An individual resembling ALKA REDDY was observed in the vicinity of LOCATION_0123.,FIELD_SURVEILLANCE_UNIT,0.69
SURV_01369,,2025-03-29 03:41:12,LOCATION_0021,Suresh Kulkarni,,Suresh Kulkarni was observed near LOCATION_0021; no unusual activity reported.,FIELD_SURVEILLANCE_UNIT,0.59
SURV_01370,,2025-07-08 15:48:57,LOCATION_0138,Kavita Sharma,VEHICLE_00526,Kavita Sharma was observed near LOCATION_0138; no unusual activity reported.,FIELD_SURVEILLANCE_UNIT,0.64
SURV_01371,,2025-09-21 08:16:00,LOCATION_0264,A. Bhatt,,An individual resembling A. Bhatt was observed in the vicinity of LOCATION_0264.,FIELD_SURVEILLANCE_UNIT,0.64
SURV_01372,,2025-09-27 16:00:44,LOCATION_0011,R. Kapoor,VEHICLE_00570,An individual resembling R. Kapoor was observed in the vicinity of LOCATION_0011.,FIELD_SURVEILLANCE_UNIT,0.67
SURV_01373,,2025-01-15 19:33:03,LOCATION_0192,Vivek Yadav,VEHICLE_00492,Vivek Yadav was observed near LOCATION_0192; no unusual activity reported.,FIELD_SURVEILLANCE_UNIT,0.85
SURV_01374,,2024-10-23 19:55:59,LOCATION_0109,Anjali Verma,,Anjali Verma was observed near LOCATION_0109; no unusual activity reported.,FIELD_SURVEILLANCE_UNIT,0.88
SURV_01375,,2026-05-31 03:52:26,LOCATION_0231,amit pandey,,An individual resembling amit pandey was observed in the vicinity of LOCATION_0231.,FIELD_SURVEILLANCE_UNIT,0.69
SURV_01376,,2025-06-06 00:35:42,LOCATION_0227,Neha Gupta,,Neha Gupta was observed near LOCATION_0227; no unusual activity reported.,FIELD_SURVEILLANCE_UNIT,0.77
SURV_01377,,2024-07-17 02:53:33,LOCATION_0189,Nisha Sharma,VEHICLE_00647,Nisha Sharma was observed near LOCATION_0189; no unusual activity reported.,FIELD_SURVEILLANCE_UNIT,0.66
SURV_01378,,2024-05-19 22:22:45,LOCATION_0170,A. Verma,VEHICLE_00214,An individual resembling A. Verma was observed in the vicinity of LOCATION_0170.,FIELD_SURVEILLANCE_UNIT,0.81
SURV_01379,,2026-01-25 05:20:55,LOCATION_0013,Rohit Iyer,,Rohit Iyer was observed near LOCATION_0013; no unusual activity reported.,FIELD_SURVEILLANCE_UNIT,0.65
SURV_01380,,2026-04-11 02:07:36,LOCATION_0244,Kavita Iyer,,An individual resembling Kavita Iyer was observed in the vicinity of LOCATION_0244.,FIELD_SURVEILLANCE_UNIT,0.86
SURV_01381,,2024-07-12 13:17:21,LOCATION_0266,Anita Saxena,,Anita Saxena was observed near LOCATION_0266; no unusual activity reported.,FIELD_SURVEILLANCE_UNIT,0.7
SURV_01382,,2024-08-04 07:07:40,LOCATION_0272,VIVEK NAIDU,,An individual resembling VIVEK NAIDU was observed in the vicinity of LOCATION_0272.,FIELD_SURVEILLANCE_UNIT,0.76
SURV_01383,,2026-06-03 18:46:58,LOCATION_0274,Naveen I.,,An individual resembling Naveen I. was observed in the vicinity of LOCATION_0274.,FIELD_SURVEILLANCE_UNIT,0.66
SURV_01384,,2025-05-20 17:53:25,LOCATION_0105,Pooja Meena,,Pooja Meena was observed near LOCATION_0105; no unusual activity reported.,FIELD_SURVEILLANCE_UNIT,0.89
SURV_01385,,2025-07-02 22:51:44,LOCATION_0204,ANIL NAIDU,,An individual resembling ANIL NAIDU was observed in the vicinity of LOCATION_0204.,FIELD_SURVEILLANCE_UNIT,0.83
SURV_01386,,2026-06-06 12:30:01,LOCATION_0086,Pooja Yadav,VEHICLE_00157,Pooja Yadav was observed near LOCATION_0086; no unusual activity reported.,FIELD_SURVEILLANCE_UNIT,0.59
SURV_01387,,2024-03-28 17:04:28,LOCATION_0217,Rohit N.,VEHICLE_00701,An individual resembling Rohit N. was observed in the vicinity of LOCATION_0217.,FIELD_SURVEILLANCE_UNIT,0.81
SURV_01388,,2024-07-15 15:18:04,LOCATION_0208,KAVITA SHARMA,VEHICLE_00526,An individual resembling KAVITA SHARMA was observed in the vicinity of LOCATION_0208.,FIELD_SURVEILLANCE_UNIT,0.6
SURV_01389,,2025-12-24 20:29:56,LOCATION_0220,Rajesh Malhotra,VEHICLE_00020,Rajesh Malhotra was observed near LOCATION_0220; no unusual activity reported.,FIELD_SURVEILLANCE_UNIT,0.79
SURV_01390,,2024-10-01 13:33:53,LOCATION_0139,Yash Joshi,VEHICLE_00277,Yash Joshi was observed near LOCATION_0139; no unusual activity reported.,FIELD_SURVEILLANCE_UNIT,0.79
SURV_01391,,2025-12-26 19:04:56,LOCATION_0011,Deepika Yadav,,Deepika Yadav was observed near LOCATION_0011; no unusual activity reported.,FIELD_SURVEILLANCE_UNIT,0.78
SURV_01392,,2024-06-23 19:58:42,LOCATION_0237,Nisha Chauhan,VEHICLE_00145,Nisha Chauhan was observed near LOCATION_0237; no unusual activity reported.,FIELD_SURVEILLANCE_UNIT,0.57
SURV_01393,,2024-11-12 19:00:33,LOCATION_0018,Anil Mishra,VEHICLE_00523,Anil Mishra was observed near LOCATION_0018; no unusual activity reported.,FIELD_SURVEILLANCE_UNIT,0.83
SURV_01394,,2025-12-30 18:12:46,LOCATION_0044,Isha Kulkarni,VEHICLE_00309,Isha Kulkarni was observed near LOCATION_0044; no unusual activity reported.,FIELD_SURVEILLANCE_UNIT,0.62
SURV_01395,,2024-01-14 03:18:43,LOCATION_0027,Sanjay Tiwari,VEHICLE_00200,An individual resembling Sanjay Tiwari was observed in the vicinity of LOCATION_0027.,FIELD_SURVEILLANCE_UNIT,0.58
SURV_01396,,2024-09-21 08:42:57,LOCATION_0228,Divya Kapoor,VEHICLE_00621,Divya Kapoor was observed near LOCATION_0228; no unusual activity reported.,FIELD_SURVEILLANCE_UNIT,0.57
SURV_01397,,2025-12-01 00:06:42,LOCATION_0127,anjali bansal,,An individual resembling anjali bansal was observed in the vicinity of LOCATION_0127.,FIELD_SURVEILLANCE_UNIT,0.63
SURV_01398,,2024-08-15 02:28:31,LOCATION_0259,Meena Kapoor,VEHICLE_00407,Meena Kapoor was observed near LOCATION_0259; no unusual activity reported.,FIELD_SURVEILLANCE_UNIT,0.64
SURV_01399,,2024-09-05 00:40:02,LOCATION_0066,deepika saxena,VEHICLE_00697,An individual resembling deepika saxena was observed in the vicinity of LOCATION_0066.,FIELD_SURVEILLANCE_UNIT,0.79
SURV_01400,,2026-05-08 01:19:57,LOCATION_0098,A. Chauhan,VEHICLE_00446,An individual resembling A. Chauhan was observed in the vicinity of LOCATION_0098.,FIELD_SURVEILLANCE_UNIT,0.64
SURV_01401,,2026-01-17 07:02:58,LOCATION_0041,Meena Malhotra,,Meena Malhotra was observed near LOCATION_0041; no unusual activity reported.,FIELD_SURVEILLANCE_UNIT,0.63
SURV_01402,,2024-10-01 21:53:20,LOCATION_0165,PRIYA NAIR,VEHICLE_00284,An individual resembling PRIYA NAIR was observed in the vicinity of LOCATION_0165.,FIELD_SURVEILLANCE_UNIT,0.81
SURV_01403,,2024-06-05 22:50:01,LOCATION_0064,Swati Verma,,Swati Verma was observed near LOCATION_0064; no unusual activity reported.,FIELD_SURVEILLANCE_UNIT,0.61
SURV_01404,,2025-06-17 01:20:37,LOCATION_0244,Isha Gupta,,An individual resembling Isha Gupta was observed in the vicinity of LOCATION_0244.,FIELD_SURVEILLANCE_UNIT,0.76
SURV_01405,,2025-11-12 11:22:43,LOCATION_0106,Harish G.,VEHICLE_00120,An individual resembling Harish G. was observed in the vicinity of LOCATION_0106.,FIELD_SURVEILLANCE_UNIT,0.81
SURV_01406,,2025-03-14 22:18:22,LOCATION_0254,isha singh,,An individual resembling isha singh was observed in the vicinity of LOCATION_0254.,FIELD_SURVEILLANCE_UNIT,0.56
SURV_01407,,2026-06-02 13:16:51,LOCATION_0292,Arjun Joshi,,Arjun Joshi was observed near LOCATION_0292; no unusual activity reported.,FIELD_SURVEILLANCE_UNIT,0.77
SURV_01408,,2024-04-13 06:12:04,LOCATION_0028,Yash Yadav,,Yash Yadav was observed near LOCATION_0028; no unusual activity reported.,FIELD_SURVEILLANCE_UNIT,0.77
SURV_01409,,2025-04-16 08:32:52,LOCATION_0065,Sanjay Singh,VEHICLE_00103,Sanjay Singh was observed near LOCATION_0065; no unusual activity reported.,FIELD_SURVEILLANCE_UNIT,0.77
SURV_01410,,2025-03-23 02:12:30,LOCATION_0150,Deepika Gupta,,Deepika Gupta was observed near LOCATION_0150; no unusual activity reported.,FIELD_SURVEILLANCE_UNIT,0.83
SURV_01411,,2024-11-13 21:08:26,LOCATION_0008,ANIL SHARMA,VEHICLE_00289,An individual resembling ANIL SHARMA was observed in the vicinity of LOCATION_0008.,FIELD_SURVEILLANCE_UNIT,0.57
SURV_01412,,2025-01-23 10:30:15,LOCATION_0129,sonia gupta,VEHICLE_00651,An individual resembling sonia gupta was observed in the vicinity of LOCATION_0129.,FIELD_SURVEILLANCE_UNIT,0.62
SURV_01413,,2025-06-24 00:04:07,LOCATION_0141,rohit naidu,,An individual resembling rohit naidu was observed in the vicinity of LOCATION_0141.,FIELD_SURVEILLANCE_UNIT,0.84
SURV_01414,,2024-11-20 23:19:33,LOCATION_0209,Alka Bansal,,Alka Bansal was observed near LOCATION_0209; no unusual activity reported.,FIELD_SURVEILLANCE_UNIT,0.76
SURV_01415,,2025-02-18 11:16:27,LOCATION_0047,V. Gupta,,An individual resembling V. Gupta was observed in the vicinity of LOCATION_0047.,FIELD_SURVEILLANCE_UNIT,0.57
SURV_01416,,2024-04-12 13:26:20,LOCATION_0141,Tanvi Naidu,,Tanvi Naidu was observed near LOCATION_0141; no unusual activity reported.,FIELD_SURVEILLANCE_UNIT,0.81
SURV_01417,,2024-07-18 08:06:02,LOCATION_0066,Amit Bansal,,Amit Bansal was observed near LOCATION_0066; no unusual activity reported.,FIELD_SURVEILLANCE_UNIT,0.64
SURV_01418,,2024-05-09 15:54:59,LOCATION_0144,ashok bansal,VEHICLE_00101,An individual resembling ashok bansal was observed in the vicinity of LOCATION_0144.,FIELD_SURVEILLANCE_UNIT,0.7
SURV_01419,,2025-09-15 00:52:47,LOCATION_0190,Ashok T.,,An individual resembling Ashok T. was observed in the vicinity of LOCATION_0190.,FIELD_SURVEILLANCE_UNIT,0.71
SURV_01420,,2024-08-19 11:18:35,LOCATION_0102,Pooja Agarwal,,Pooja Agarwal was observed near LOCATION_0102; no unusual activity reported.,FIELD_SURVEILLANCE_UNIT,0.69
SURV_01421,,2024-11-06 23:20:44,LOCATION_0068,Meena K.,VEHICLE_00137,An individual resembling Meena K. was observed in the vicinity of LOCATION_0068.,FIELD_SURVEILLANCE_UNIT,0.74
SURV_01422,,2025-12-28 07:21:03,LOCATION_0231,Nikhil Iyer,VEHICLE_00334,Nikhil Iyer was observed near LOCATION_0231; no unusual activity reported.,FIELD_SURVEILLANCE_UNIT,0.86
SURV_01423,,2026-05-27 04:33:44,LOCATION_0269,A. Pandey,,An individual resembling A. Pandey was observed in the vicinity of LOCATION_0269.,FIELD_SURVEILLANCE_UNIT,0.63
SURV_01424,,2024-10-15 14:29:27,LOCATION_0089,Nisha Malhotra,VEHICLE_00369,Nisha Malhotra was observed near LOCATION_0089; no unusual activity reported.,FIELD_SURVEILLANCE_UNIT,0.58
SURV_01425,,2025-12-04 13:32:48,LOCATION_0123,alka reddy,VEHICLE_00320,An individual resembling alka reddy was observed in the vicinity of LOCATION_0123.,FIELD_SURVEILLANCE_UNIT,0.88
SURV_01426,,2025-06-06 11:19:58,LOCATION_0166,aman joshi,,An individual resembling aman joshi was observed in the vicinity of LOCATION_0166.,FIELD_SURVEILLANCE_UNIT,0.67
SURV_01427,,2024-04-29 08:54:45,LOCATION_0086,Isha Naidu,,Isha Naidu was observed near LOCATION_0086; no unusual activity reported.,FIELD_SURVEILLANCE_UNIT,0.62
SURV_01428,,2025-07-25 20:49:21,LOCATION_0198,Vivek Joshi,,Vivek Joshi was observed near LOCATION_0198; no unusual activity reported.,FIELD_SURVEILLANCE_UNIT,0.56
SURV_01429,,2024-10-05 09:02:06,LOCATION_0194,Ashok G.,,An individual resembling Ashok G. was observed in the vicinity of LOCATION_0194.,FIELD_SURVEILLANCE_UNIT,0.76
SURV_01430,,2026-01-05 10:10:39,LOCATION_0116,D. Chauhan,,An individual resembling D. Chauhan was observed in the vicinity of LOCATION_0116.,FIELD_SURVEILLANCE_UNIT,0.85
SURV_01431,,2024-01-06 09:19:39,LOCATION_0020,SANDEEP PANDEY,,An individual resembling SANDEEP PANDEY was observed in the vicinity of LOCATION_0020.,FIELD_SURVEILLANCE_UNIT,0.68
SURV_01432,,2024-11-02 10:00:31,LOCATION_0051,ISHA RATHORE,VEHICLE_00361,An individual resembling ISHA RATHORE was observed in the vicinity of LOCATION_0051.,FIELD_SURVEILLANCE_UNIT,0.82
SURV_01433,,2025-10-09 16:56:13,LOCATION_0051,SONIA AGARWAL,,An individual resembling SONIA AGARWAL was observed in the vicinity of LOCATION_0051.,FIELD_SURVEILLANCE_UNIT,0.82
SURV_01434,,2024-08-16 18:23:50,LOCATION_0287,Suresh Iyer,,Suresh Iyer was observed near LOCATION_0287; no unusual activity reported.,FIELD_SURVEILLANCE_UNIT,0.84
SURV_01435,,2025-03-24 00:54:29,LOCATION_0141,Deepika Chauhan,,Deepika Chauhan was observed near LOCATION_0141; no unusual activity reported.,FIELD_SURVEILLANCE_UNIT,0.57
SURV_01436,,2024-02-26 07:20:30,LOCATION_0053,Anil Rathore,,Anil Rathore was observed near LOCATION_0053; no unusual activity reported.,FIELD_SURVEILLANCE_UNIT,0.7
SURV_01437,,2024-07-09 10:34:52,LOCATION_0147,Sanjay S.,VEHICLE_00754,An individual resembling Sanjay S. was observed in the vicinity of LOCATION_0147.,FIELD_SURVEILLANCE_UNIT,0.65
SURV_01438,,2025-01-31 15:02:36,LOCATION_0260,aman bansal,,An individual resembling aman bansal was observed in the vicinity of LOCATION_0260.,FIELD_SURVEILLANCE_UNIT,0.85
SURV_01439,,2026-06-19 01:49:58,LOCATION_0098,Simran Pandey,VEHICLE_00408,An individual resembling Simran Pandey was observed in the vicinity of LOCATION_0098.,FIELD_SURVEILLANCE_UNIT,0.66
SURV_01440,,2026-03-17 18:39:53,LOCATION_0234,Rekha Chauhan,,An individual resembling Rekha Chauhan was observed in the vicinity of LOCATION_0234.,FIELD_SURVEILLANCE_UNIT,0.58
SURV_01441,,2025-07-11 13:30:37,LOCATION_0145,AMAN KULKARNI,VEHICLE_00071,An individual resembling AMAN KULKARNI was observed in the vicinity of LOCATION_0145.,FIELD_SURVEILLANCE_UNIT,0.64
SURV_01442,,2025-03-18 06:38:30,LOCATION_0076,R. Meena,,An individual resembling R. Meena was observed in the vicinity of LOCATION_0076.,FIELD_SURVEILLANCE_UNIT,0.69
SURV_01443,,2025-07-23 03:01:00,LOCATION_0038,SWATI GUPTA,VEHICLE_00425,An individual resembling SWATI GUPTA was observed in the vicinity of LOCATION_0038.,FIELD_SURVEILLANCE_UNIT,0.87
SURV_01444,,2026-02-07 00:36:47,LOCATION_0147,Manju Malhotra,VEHICLE_00014,Manju Malhotra was observed near LOCATION_0147; no unusual activity reported.,FIELD_SURVEILLANCE_UNIT,0.6
SURV_01445,,2025-12-13 22:17:10,LOCATION_0022,Karan Reddy,,An individual resembling Karan Reddy was observed in the vicinity of LOCATION_0022.,FIELD_SURVEILLANCE_UNIT,0.78
SURV_01446,,2025-08-27 18:37:40,LOCATION_0120,Sunita Kulkarni,VEHICLE_00460,An individual resembling Sunita Kulkarni was observed in the vicinity of LOCATION_0120.,FIELD_SURVEILLANCE_UNIT,0.61
SURV_01447,,2024-11-29 03:38:25,LOCATION_0031,Divya Meena,,Divya Meena was observed near LOCATION_0031; no unusual activity reported.,FIELD_SURVEILLANCE_UNIT,0.61
SURV_01448,,2025-10-18 23:36:32,LOCATION_0261,Deepika Chauhan,,An individual resembling Deepika Chauhan was observed in the vicinity of LOCATION_0261.,FIELD_SURVEILLANCE_UNIT,0.8
SURV_01449,,2025-11-12 08:07:19,LOCATION_0104,Yash Sharma,,Yash Sharma was observed near LOCATION_0104; no unusual activity reported.,FIELD_SURVEILLANCE_UNIT,0.6
SURV_01450,,2026-04-13 01:19:33,LOCATION_0123,Sanjay Tiwari,,Sanjay Tiwari was observed near LOCATION_0123; no unusual activity reported.,FIELD_SURVEILLANCE_UNIT,0.83
SURV_01451,,2025-03-26 18:02:11,LOCATION_0153,Anjali Saxena,,Anjali Saxena was observed near LOCATION_0153; no unusual activity reported.,FIELD_SURVEILLANCE_UNIT,0.63
SURV_01452,,2025-06-05 01:50:27,LOCATION_0283,Alka S.,,An individual resembling Alka S. was observed in the vicinity of LOCATION_0283.,FIELD_SURVEILLANCE_UNIT,0.8
SURV_01453,,2024-09-16 15:28:43,LOCATION_0109,AshokSingh,,An individual resembling AshokSingh was observed in the vicinity of LOCATION_0109.,FIELD_SURVEILLANCE_UNIT,0.89
SURV_01454,,2026-03-09 11:03:24,LOCATION_0168,Vivek Joshi,,Vivek Joshi was observed near LOCATION_0168; no unusual activity reported.,FIELD_SURVEILLANCE_UNIT,0.57
SURV_01455,,2026-04-21 12:24:16,LOCATION_0064,Tanvi N.,VEHICLE_00618,An individual resembling Tanvi N. was observed in the vicinity of LOCATION_0064.,FIELD_SURVEILLANCE_UNIT,0.77
SURV_01456,,2024-11-01 03:25:17,LOCATION_0049,Preeti Mishra,VEHICLE_00688,An individual resembling Preeti Mishra was observed in the vicinity of LOCATION_0049.,FIELD_SURVEILLANCE_UNIT,0.65
SURV_01457,,2025-09-18 22:48:15,LOCATION_0146,PoojaGupta,VEHICLE_00581,An individual resembling PoojaGupta was observed in the vicinity of LOCATION_0146.,FIELD_SURVEILLANCE_UNIT,0.69
SURV_01458,,2025-05-30 06:30:25,LOCATION_0137,SureshYadav,VEHICLE_00265,An individual resembling SureshYadav was observed in the vicinity of LOCATION_0137.,FIELD_SURVEILLANCE_UNIT,0.9
SURV_01459,,2025-09-28 14:49:53,LOCATION_0160,Ravi Yadav,,Ravi Yadav was observed near LOCATION_0160; no unusual activity reported.,FIELD_SURVEILLANCE_UNIT,0.82
SURV_01460,,2024-07-06 08:07:43,LOCATION_0011,NISHA SINGH,VEHICLE_00520,An individual resembling NISHA SINGH was observed in the vicinity of LOCATION_0011.,FIELD_SURVEILLANCE_UNIT,0.79
SURV_01461,,2025-06-22 09:37:19,LOCATION_0087,swati iyer,,An individual resembling swati iyer was observed in the vicinity of LOCATION_0087.,FIELD_SURVEILLANCE_UNIT,0.87
SURV_01462,,2024-12-15 07:07:42,LOCATION_0121,Anil S.,VEHICLE_00676,An individual resembling Anil S. was observed in the vicinity of LOCATION_0121.,FIELD_SURVEILLANCE_UNIT,0.82
SURV_01463,,2024-01-23 07:21:33,LOCATION_0277,Sandeep Gupta,,Sandeep Gupta was observed near LOCATION_0277; no unusual activity reported.,FIELD_SURVEILLANCE_UNIT,0.85
SURV_01464,,2025-09-16 01:32:45,LOCATION_0285,priya nair,VEHICLE_00284,An individual resembling priya nair was observed in the vicinity of LOCATION_0285.,FIELD_SURVEILLANCE_UNIT,0.87
SURV_01465,,2024-08-07 05:43:08,LOCATION_0176,Alka Reddy,,An individual resembling Alka Reddy was observed in the vicinity of LOCATION_0176.,FIELD_SURVEILLANCE_UNIT,0.74
SURV_01466,,2024-10-20 10:51:51,LOCATION_0258,Vikram Choudhary,,Vikram Choudhary was observed near LOCATION_0258; no unusual activity reported.,FIELD_SURVEILLANCE_UNIT,0.83
SURV_01467,,2024-11-19 08:38:42,LOCATION_0014,Vivek P.,,An individual resembling Vivek P. was observed in the vicinity of LOCATION_0014.,FIELD_SURVEILLANCE_UNIT,0.89
SURV_01468,,2025-01-12 07:48:12,LOCATION_0059,Sanjay Naidu,VEHICLE_00517,Sanjay Naidu was observed near LOCATION_0059; no unusual activity reported.,FIELD_SURVEILLANCE_UNIT,0.75
SURV_01469,,2026-03-13 04:52:51,LOCATION_0228,IshaAgarwal,VEHICLE_00272,An individual resembling IshaAgarwal was observed in the vicinity of LOCATION_0228.,FIELD_SURVEILLANCE_UNIT,0.61
SURV_01470,,2024-01-15 17:37:37,LOCATION_0257,Manju Nair,,Manju Nair was observed near LOCATION_0257; no unusual activity reported.,FIELD_SURVEILLANCE_UNIT,0.78
SURV_01471,,2024-02-23 23:18:39,LOCATION_0109,alka chauhan,,An individual resembling alka chauhan was observed in the vicinity of LOCATION_0109.,FIELD_SURVEILLANCE_UNIT,0.85
SURV_01472,,2025-05-23 21:54:03,LOCATION_0289,Karan Kulkarni,VEHICLE_00710,Karan Kulkarni was observed near LOCATION_0289; no unusual activity reported.,FIELD_SURVEILLANCE_UNIT,0.72
SURV_01473,,2025-07-10 00:16:58,LOCATION_0081,Ravi Tiwari,VEHICLE_00572,Ravi Tiwari was observed near LOCATION_0081; no unusual activity reported.,FIELD_SURVEILLANCE_UNIT,0.72
SURV_01474,,2025-09-19 20:12:44,LOCATION_0190,Harish Bansal,VEHICLE_00705,Harish Bansal was observed near LOCATION_0190; no unusual activity reported.,FIELD_SURVEILLANCE_UNIT,0.69
SURV_01475,,2026-02-21 08:03:07,LOCATION_0006,A. Verma,VEHICLE_00524,An individual resembling A. Verma was observed in the vicinity of LOCATION_0006.,FIELD_SURVEILLANCE_UNIT,0.88
SURV_01476,,2024-10-24 01:05:54,LOCATION_0054,Isha Joshi,,An individual resembling Isha Joshi was observed in the vicinity of LOCATION_0054.,FIELD_SURVEILLANCE_UNIT,0.7
SURV_01477,,2024-04-22 17:43:28,LOCATION_0295,A. Bansal,,An individual resembling A. Bansal was observed in the vicinity of LOCATION_0295.,FIELD_SURVEILLANCE_UNIT,0.6
SURV_01478,,2025-08-08 13:53:22,LOCATION_0278,Harish K.,,An individual resembling Harish K. was observed in the vicinity of LOCATION_0278.,FIELD_SURVEILLANCE_UNIT,0.7
SURV_01479,,2025-04-22 19:57:32,LOCATION_0122,PANKAJ BHATT,,An individual resembling PANKAJ BHATT was observed in the vicinity of LOCATION_0122.,FIELD_SURVEILLANCE_UNIT,0.85
SURV_01480,,2025-01-15 06:20:05,LOCATION_0173,Yash Agarwal,,Yash Agarwal was observed near LOCATION_0173; no unusual activity reported.,FIELD_SURVEILLANCE_UNIT,0.57
SURV_01481,,2025-03-09 09:24:31,LOCATION_0012,Meena Mishra,VEHICLE_00466,Meena Mishra was observed near LOCATION_0012; no unusual activity reported.,FIELD_SURVEILLANCE_UNIT,0.55
SURV_01482,,2025-05-13 00:33:41,LOCATION_0093,Anjali Naidu,,Anjali Naidu was observed near LOCATION_0093; no unusual activity reported.,FIELD_SURVEILLANCE_UNIT,0.73
SURV_01483,,2024-06-16 07:03:42,LOCATION_0259,rajesh bansal,,An individual resembling rajesh bansal was observed in the vicinity of LOCATION_0259.,FIELD_SURVEILLANCE_UNIT,0.82
SURV_01484,,2025-11-14 21:45:04,LOCATION_0284,Harish Choudhary,VEHICLE_00419,Harish Choudhary was observed near LOCATION_0284; no unusual activity reported.,FIELD_SURVEILLANCE_UNIT,0.63
SURV_01485,,2026-02-07 04:17:45,LOCATION_0181,Ashok Pandey,,Ashok Pandey was observed near LOCATION_0181; no unusual activity reported.,FIELD_SURVEILLANCE_UNIT,0.75
SURV_01486,,2026-06-14 16:22:31,LOCATION_0103,Isha Singh,,Isha Singh was observed near LOCATION_0103; no unusual activity reported.,FIELD_SURVEILLANCE_UNIT,0.75
SURV_01487,,2025-12-06 06:48:00,LOCATION_0127,Deepika P.,,An individual resembling Deepika P. was observed in the vicinity of LOCATION_0127.,FIELD_SURVEILLANCE_UNIT,0.63
SURV_01488,,2026-03-23 07:24:34,LOCATION_0001,ArjunRathore,,An individual resembling ArjunRathore was observed in the vicinity of LOCATION_0001.,FIELD_SURVEILLANCE_UNIT,0.76
SURV_01489,,2026-04-12 20:56:34,LOCATION_0180,Harish M.,VEHICLE_00358,An individual resembling Harish M. was observed in the vicinity of LOCATION_0180.,FIELD_SURVEILLANCE_UNIT,0.79
SURV_01490,,2024-11-24 11:12:01,LOCATION_0233,Preeti Sharma,VEHICLE_00368,Preeti Sharma was observed near LOCATION_0233; no unusual activity reported.,FIELD_SURVEILLANCE_UNIT,0.86
SURV_01491,,2025-10-14 16:14:46,LOCATION_0086,P. Choudhary,,An individual resembling P. Choudhary was observed in the vicinity of LOCATION_0086.,FIELD_SURVEILLANCE_UNIT,0.6
SURV_01492,,2025-09-10 08:18:09,LOCATION_0244,AnilChoudhary,,An individual resembling AnilChoudhary was observed in the vicinity of LOCATION_0244.,FIELD_SURVEILLANCE_UNIT,0.68
SURV_01493,,2024-01-11 08:36:00,LOCATION_0027,Pankaj Verma,,Pankaj Verma was observed near LOCATION_0027; no unusual activity reported.,FIELD_SURVEILLANCE_UNIT,0.64
SURV_01494,,2024-05-28 05:55:31,LOCATION_0244,Divya C.,VEHICLE_00457,An individual resembling Divya C. was observed in the vicinity of LOCATION_0244.,FIELD_SURVEILLANCE_UNIT,0.56
SURV_01495,,2026-01-15 18:36:20,LOCATION_0242,S. Mishra,VEHICLE_00442,An individual resembling S. Mishra was observed in the vicinity of LOCATION_0242.,FIELD_SURVEILLANCE_UNIT,0.72
SURV_01496,,2025-04-23 12:28:25,LOCATION_0234,AnilJoshi,VEHICLE_00564,An individual resembling AnilJoshi was observed in the vicinity of LOCATION_0234.,FIELD_SURVEILLANCE_UNIT,0.69
SURV_01497,,2024-07-05 17:51:39,LOCATION_0281,Geeta Reddy,VEHICLE_00558,Geeta Reddy was observed near LOCATION_0281; no unusual activity reported.,FIELD_SURVEILLANCE_UNIT,0.61
SURV_01498,,2024-02-17 23:00:48,LOCATION_0067,Nikhil K.,,An individual resembling Nikhil K. was observed in the vicinity of LOCATION_0067.,FIELD_SURVEILLANCE_UNIT,0.68
SURV_01499,,2025-06-26 10:51:05,LOCATION_0069,Anjali N.,,An individual resembling Anjali N. was observed in the vicinity of LOCATION_0069.,FIELD_SURVEILLANCE_UNIT,0.85
SURV_01500,,2024-02-14 22:43:20,LOCATION_0277,ROHIT NAIR,VEHICLE_00701,An individual resembling ROHIT NAIR was observed in the vicinity of LOCATION_0277.,FIELD_SURVEILLANCE_UNIT,0.7
SURV_01501,,2024-11-07 15:43:09,LOCATION_0209,Mohit Choudhary,,Mohit Choudhary was observed near LOCATION_0209; no unusual activity reported.,FIELD_SURVEILLANCE_UNIT,0.85
SURV_01502,,2024-12-14 01:34:44,LOCATION_0145,Manoj Iyer,VEHICLE_00155,Manoj Iyer was observed near LOCATION_0145; no unusual activity reported.,FIELD_SURVEILLANCE_UNIT,0.55
SURV_01503,,2024-11-17 02:11:31,LOCATION_0073,Naveen Pandey,VEHICLE_00722,Naveen Pandey was observed near LOCATION_0073; no unusual activity reported.,FIELD_SURVEILLANCE_UNIT,0.72
SURV_01504,,2025-09-06 04:44:08,LOCATION_0239,Deepika C.,VEHICLE_00497,An individual resembling Deepika C. was observed in the vicinity of LOCATION_0239.,FIELD_SURVEILLANCE_UNIT,0.84
SURV_01505,,2026-05-06 19:59:55,LOCATION_0128,SandeepBansal,VEHICLE_00751,An individual resembling SandeepBansal was observed in the vicinity of LOCATION_0128.,FIELD_SURVEILLANCE_UNIT,0.62
SURV_01506,,2024-01-31 05:42:14,LOCATION_0169,Suresh Chauhan,,Suresh Chauhan was observed near LOCATION_0169; no unusual activity reported.,FIELD_SURVEILLANCE_UNIT,0.56
SURV_01507,,2024-11-03 06:40:42,LOCATION_0244,AnjaliRathore,,An individual resembling AnjaliRathore was observed in the vicinity of LOCATION_0244.,FIELD_SURVEILLANCE_UNIT,0.73
SURV_01508,,2026-02-10 11:02:26,LOCATION_0209,anjali bansal,VEHICLE_00207,An individual resembling anjali bansal was observed in the vicinity of LOCATION_0209.,FIELD_SURVEILLANCE_UNIT,0.89
SURV_01509,,2025-04-26 16:14:37,LOCATION_0289,anil agarwal,VEHICLE_00413,An individual resembling anil agarwal was observed in the vicinity of LOCATION_0289.,FIELD_SURVEILLANCE_UNIT,0.82
SURV_01510,,2025-02-23 12:20:32,LOCATION_0172,Geeta Iyer,,Geeta Iyer was observed near LOCATION_0172; no unusual activity reported.,FIELD_SURVEILLANCE_UNIT,0.83
SURV_01511,,2025-04-15 01:50:11,LOCATION_0012,Nikhil Iyer,,Nikhil Iyer was observed near LOCATION_0012; no unusual activity reported.,FIELD_SURVEILLANCE_UNIT,0.61
SURV_01512,,2024-10-04 03:35:56,LOCATION_0165,Manju Bhatt,VEHICLE_00080,Manju Bhatt was observed near LOCATION_0165; no unusual activity reported.,FIELD_SURVEILLANCE_UNIT,0.74
SURV_01513,,2025-08-14 17:50:15,LOCATION_0190,Arjun Reddy,VEHICLE_00527,Arjun Reddy was observed near LOCATION_0190; no unusual activity reported.,FIELD_SURVEILLANCE_UNIT,0.62
SURV_01514,,2024-07-14 13:57:23,LOCATION_0231,Rohit Bhatt,,Rohit Bhatt was observed near LOCATION_0231; no unusual activity reported.,FIELD_SURVEILLANCE_UNIT,0.86
SURV_01515,,2024-04-08 12:46:26,LOCATION_0134,K. Choudhary,,An individual resembling K. Choudhary was observed in the vicinity of LOCATION_0134.,FIELD_SURVEILLANCE_UNIT,0.83
SURV_01516,,2024-04-15 17:01:58,LOCATION_0257,Manju Malhotra,VEHICLE_00474,Manju Malhotra was observed near LOCATION_0257; no unusual activity reported.,FIELD_SURVEILLANCE_UNIT,0.58
SURV_01517,,2024-03-27 13:12:18,LOCATION_0226,AlkaChoudhary,,An individual resembling AlkaChoudhary was observed in the vicinity of LOCATION_0226.,FIELD_SURVEILLANCE_UNIT,0.84
SURV_01518,,2024-04-27 08:04:50,LOCATION_0097,Suresh Pandey,VEHICLE_00536,Suresh Pandey was observed near LOCATION_0097; no unusual activity reported.,FIELD_SURVEILLANCE_UNIT,0.8
SURV_01519,,2025-01-13 18:17:40,LOCATION_0023,MOHIT JOSHI,,An individual resembling MOHIT JOSHI was observed in the vicinity of LOCATION_0023.,FIELD_SURVEILLANCE_UNIT,0.89
SURV_01520,,2025-01-26 01:15:36,LOCATION_0120,Yash Choudhary,,Yash Choudhary was observed near LOCATION_0120; no unusual activity reported.,FIELD_SURVEILLANCE_UNIT,0.81
SURV_01521,,2024-03-12 21:21:22,LOCATION_0079,Deepika Mishra,VEHICLE_00073,Deepika Mishra was observed near LOCATION_0079; no unusual activity reported.,FIELD_SURVEILLANCE_UNIT,0.64
SURV_01522,,2024-04-05 12:11:07,LOCATION_0257,Sandeep Pandey,,An individual resembling Sandeep Pandey was observed in the vicinity of LOCATION_0257.,FIELD_SURVEILLANCE_UNIT,0.55
SURV_01523,,2025-03-04 03:00:27,LOCATION_0086,S. Naidu,VEHICLE_00610,An individual resembling S. Naidu was observed in the vicinity of LOCATION_0086.,FIELD_SURVEILLANCE_UNIT,0.56
SURV_01524,,2024-06-05 02:22:35,LOCATION_0091,ManojJoshi,,An individual resembling ManojJoshi was observed in the vicinity of LOCATION_0091.,FIELD_SURVEILLANCE_UNIT,0.76
SURV_01525,,2025-05-18 16:32:41,LOCATION_0020,Kirti Reddy,,Kirti Reddy was observed near LOCATION_0020; no unusual activity reported.,FIELD_SURVEILLANCE_UNIT,0.68
SURV_01526,,2024-05-16 22:08:43,LOCATION_0094,sanjay chauhan,,An individual resembling sanjay chauhan was observed in the vicinity of LOCATION_0094.,FIELD_SURVEILLANCE_UNIT,0.83
SURV_01527,,2024-01-24 02:43:56,LOCATION_0228,Naveen Bansal,VEHICLE_00386,Naveen Bansal was observed near LOCATION_0228; no unusual activity reported.,FIELD_SURVEILLANCE_UNIT,0.69
SURV_01528,,2025-10-11 01:14:40,LOCATION_0067,P. Choudhary,VEHICLE_00136,An individual resembling P. Choudhary was observed in the vicinity of LOCATION_0067.,FIELD_SURVEILLANCE_UNIT,0.56
SURV_01529,,2025-12-02 00:59:13,LOCATION_0271,Harish Sharma,VEHICLE_00397,Harish Sharma was observed near LOCATION_0271; no unusual activity reported.,FIELD_SURVEILLANCE_UNIT,0.68
SURV_01530,,2024-07-17 10:07:52,LOCATION_0088,Gaurav Saxena,VEHICLE_00028,Gaurav Saxena was observed near LOCATION_0088; no unusual activity reported.,FIELD_SURVEILLANCE_UNIT,0.86
SURV_01531,,2024-08-31 02:31:20,LOCATION_0106,ravi bhatt,,An individual resembling ravi bhatt was observed in the vicinity of LOCATION_0106.,FIELD_SURVEILLANCE_UNIT,0.76
SURV_01532,,2025-05-04 13:57:13,LOCATION_0032,Sunita Reddy,VEHICLE_00227,Sunita Reddy was observed near LOCATION_0032; no unusual activity reported.,FIELD_SURVEILLANCE_UNIT,0.63
SURV_01533,,2024-03-05 14:34:53,LOCATION_0277,anjali bansal,VEHICLE_00298,An individual resembling anjali bansal was observed in the vicinity of LOCATION_0277.,FIELD_SURVEILLANCE_UNIT,0.68
SURV_01534,,2025-09-23 07:59:35,LOCATION_0153,Anjali Naidu,,Anjali Naidu was observed near LOCATION_0153; no unusual activity reported.,FIELD_SURVEILLANCE_UNIT,0.61
SURV_01535,,2026-06-11 08:39:44,LOCATION_0021,Geeta Reddy,VEHICLE_00558,Geeta Reddy was observed near LOCATION_0021; no unusual activity reported.,FIELD_SURVEILLANCE_UNIT,0.59
SURV_01536,,2025-07-24 06:00:57,LOCATION_0252,Neha Reddy,VEHICLE_00036,Neha Reddy was observed near LOCATION_0252; no unusual activity reported.,FIELD_SURVEILLANCE_UNIT,0.82
SURV_01537,,2025-05-26 18:48:15,LOCATION_0099,Pankaj Verma,VEHICLE_00755,Pankaj Verma was observed near LOCATION_0099; no unusual activity reported.,FIELD_SURVEILLANCE_UNIT,0.61
SURV_01538,,2025-01-08 04:02:09,LOCATION_0158,manoj singh,,An individual resembling manoj singh was observed in the vicinity of LOCATION_0158.,FIELD_SURVEILLANCE_UNIT,0.58
SURV_01539,,2026-01-01 03:51:04,LOCATION_0068,Arjun Meena,VEHICLE_00609,Arjun Meena was observed near LOCATION_0068; no unusual activity reported.,FIELD_SURVEILLANCE_UNIT,0.66
SURV_01540,,2025-06-28 19:02:48,LOCATION_0009,ashok pandey,,An individual resembling ashok pandey was observed in the vicinity of LOCATION_0009.,FIELD_SURVEILLANCE_UNIT,0.83
SURV_01541,,2025-11-30 20:48:23,LOCATION_0148,D. Reddy,VEHICLE_00741,An individual resembling D. Reddy was observed in the vicinity of LOCATION_0148.,FIELD_SURVEILLANCE_UNIT,0.8
SURV_01542,,2024-01-18 03:27:52,LOCATION_0255,S. Singh,VEHICLE_00399,An individual resembling S. Singh was observed in the vicinity of LOCATION_0255.,FIELD_SURVEILLANCE_UNIT,0.89
SURV_01543,,2026-03-21 15:44:00,LOCATION_0037,M. Saxena,,An individual resembling M. Saxena was observed in the vicinity of LOCATION_0037.,FIELD_SURVEILLANCE_UNIT,0.89
SURV_01544,,2024-06-05 08:20:47,LOCATION_0210,Arjun Singh,,Arjun Singh was observed near LOCATION_0210; no unusual activity reported.,FIELD_SURVEILLANCE_UNIT,0.71
SURV_01545,,2026-05-28 13:41:06,LOCATION_0234,RekhaNair,VEHICLE_00429,An individual resembling RekhaNair was observed in the vicinity of LOCATION_0234.,FIELD_SURVEILLANCE_UNIT,0.76
SURV_01546,,2025-03-11 05:55:18,LOCATION_0273,KavitaAgarwal,,An individual resembling KavitaAgarwal was observed in the vicinity of LOCATION_0273.,FIELD_SURVEILLANCE_UNIT,0.73
SURV_01547,,2024-01-08 11:19:20,LOCATION_0254,Rekha Gupta,VEHICLE_00625,Rekha Gupta was observed near LOCATION_0254; no unusual activity reported.,FIELD_SURVEILLANCE_UNIT,0.6
SURV_01548,,2024-11-11 13:01:43,LOCATION_0236,Ravi R.,,An individual resembling Ravi R. was observed in the vicinity of LOCATION_0236.,FIELD_SURVEILLANCE_UNIT,0.68
SURV_01549,,2025-09-02 11:59:45,LOCATION_0221,Sanjay Pandey,VEHICLE_00723,An individual resembling Sanjay Pandey was observed in the vicinity of LOCATION_0221.,FIELD_SURVEILLANCE_UNIT,0.74
SURV_01550,,2025-02-26 06:01:05,LOCATION_0031,G. Verma,,An individual resembling G. Verma was observed in the vicinity of LOCATION_0031.,FIELD_SURVEILLANCE_UNIT,0.83
SURV_01551,,2025-02-04 13:11:44,LOCATION_0115,Vikram K.,VEHICLE_00276,An individual resembling Vikram K. was observed in the vicinity of LOCATION_0115.,FIELD_SURVEILLANCE_UNIT,0.76
SURV_01552,,2024-07-08 19:27:17,LOCATION_0019,RajeshTiwari,VEHICLE_00579,An individual resembling RajeshTiwari was observed in the vicinity of LOCATION_0019.,FIELD_SURVEILLANCE_UNIT,0.65
SURV_01553,,2024-07-05 03:42:32,LOCATION_0085,Anjali Choudhary,,An individual resembling Anjali Choudhary was observed in the vicinity of LOCATION_0085.,FIELD_SURVEILLANCE_UNIT,0.85
SURV_01554,,2025-02-17 10:49:05,LOCATION_0294,RAHUL PANDEY,,An individual resembling RAHUL PANDEY was observed in the vicinity of LOCATION_0294.,FIELD_SURVEILLANCE_UNIT,0.88
SURV_01555,,2024-04-23 09:32:57,LOCATION_0189,Nisha Sharma,VEHICLE_00647,Nisha Sharma was observed near LOCATION_0189; no unusual activity reported.,FIELD_SURVEILLANCE_UNIT,0.62
SURV_01556,,2026-04-04 03:33:05,LOCATION_0117,Ritu Yadav,,Ritu Yadav was observed near LOCATION_0117; no unusual activity reported.,FIELD_SURVEILLANCE_UNIT,0.8
SURV_01557,,2024-10-04 16:18:03,LOCATION_0214,Tanvi Pandey,,Tanvi Pandey was observed near LOCATION_0214; no unusual activity reported.,FIELD_SURVEILLANCE_UNIT,0.9
SURV_01558,,2025-10-07 15:52:57,LOCATION_0178,Nikhil P.,VEHICLE_00669,An individual resembling Nikhil P. was observed in the vicinity of LOCATION_0178.,FIELD_SURVEILLANCE_UNIT,0.63
SURV_01559,,2024-04-24 23:52:58,LOCATION_0078,Ravi Meena,VEHICLE_00456,Ravi Meena was observed near LOCATION_0078; no unusual activity reported.,FIELD_SURVEILLANCE_UNIT,0.83
SURV_01560,,2026-05-04 18:05:04,LOCATION_0151,Nikhil Tiwari,VEHICLE_00321,Nikhil Tiwari was observed near LOCATION_0151; no unusual activity reported.,FIELD_SURVEILLANCE_UNIT,0.62
SURV_01561,,2024-11-16 08:07:50,LOCATION_0095,Rajesh Agarwal,,Rajesh Agarwal was observed near LOCATION_0095; no unusual activity reported.,FIELD_SURVEILLANCE_UNIT,0.8
SURV_01562,,2025-04-07 19:19:50,LOCATION_0259,Yash Kapoor,VEHICLE_00439,Yash Kapoor was observed near LOCATION_0259; no unusual activity reported.,FIELD_SURVEILLANCE_UNIT,0.78
SURV_01563,,2025-12-01 11:21:08,LOCATION_0035,Anita Chauhan,VEHICLE_00160,Anita Chauhan was observed near LOCATION_0035; no unusual activity reported.,FIELD_SURVEILLANCE_UNIT,0.7
SURV_01564,,2024-07-30 11:07:21,LOCATION_0294,Pankaj Iyer,VEHICLE_00567,Pankaj Iyer was observed near LOCATION_0294; no unusual activity reported.,FIELD_SURVEILLANCE_UNIT,0.73
SURV_01565,,2026-05-26 03:50:39,LOCATION_0133,Kirti K.,VEHICLE_00578,An individual resembling Kirti K. was observed in the vicinity of LOCATION_0133.,FIELD_SURVEILLANCE_UNIT,0.76
SURV_01566,,2026-06-26 00:10:25,LOCATION_0285,Anita V.,,An individual resembling Anita V. was observed in the vicinity of LOCATION_0285.,FIELD_SURVEILLANCE_UNIT,0.62
SURV_01567,,2025-08-22 21:19:39,LOCATION_0103,S. Mishra,VEHICLE_00326,An individual resembling S. Mishra was observed in the vicinity of LOCATION_0103.,FIELD_SURVEILLANCE_UNIT,0.88
SURV_01568,,2026-02-25 04:30:48,LOCATION_0264,Shalini Reddy,VEHICLE_00317,Shalini Reddy was observed near LOCATION_0264; no unusual activity reported.,FIELD_SURVEILLANCE_UNIT,0.87
SURV_01569,,2024-11-17 04:10:38,LOCATION_0012,DIVYA SHARMA,VEHICLE_00499,An individual resembling DIVYA SHARMA was observed in the vicinity of LOCATION_0012.,FIELD_SURVEILLANCE_UNIT,0.64
SURV_01570,,2024-10-02 06:02:47,LOCATION_0271,SimranJoshi,VEHICLE_00539,An individual resembling SimranJoshi was observed in the vicinity of LOCATION_0271.,FIELD_SURVEILLANCE_UNIT,0.59
SURV_01571,,2026-05-22 08:22:13,LOCATION_0251,A. Naidu,,An individual resembling A. Naidu was observed in the vicinity of LOCATION_0251.,FIELD_SURVEILLANCE_UNIT,0.76
SURV_01572,,2024-03-30 21:48:14,LOCATION_0225,ravi singh,,An individual resembling ravi singh was observed in the vicinity of LOCATION_0225.,FIELD_SURVEILLANCE_UNIT,0.82
SURV_01573,,2024-03-22 00:02:22,LOCATION_0178,Nisha Gupta,VEHICLE_00264,Nisha Gupta was observed near LOCATION_0178; no unusual activity reported.,FIELD_SURVEILLANCE_UNIT,0.66
SURV_01574,,2026-01-12 10:25:55,LOCATION_0299,Yash Verma,,Yash Verma was observed near LOCATION_0299; no unusual activity reported.,FIELD_SURVEILLANCE_UNIT,0.58
SURV_01575,,2024-07-19 22:16:24,LOCATION_0170,Vikram Choudhary,,Vikram Choudhary was observed near LOCATION_0170; no unusual activity reported.,FIELD_SURVEILLANCE_UNIT,0.64
SURV_01576,,2025-06-25 09:44:03,LOCATION_0069,Nikhil G.,VEHICLE_00152,An individual resembling Nikhil G. was observed in the vicinity of LOCATION_0069.,FIELD_SURVEILLANCE_UNIT,0.65
SURV_01577,,2026-05-13 10:53:23,LOCATION_0062,NEHA CHAUHAN,,An individual resembling NEHA CHAUHAN was observed in the vicinity of LOCATION_0062.,FIELD_SURVEILLANCE_UNIT,0.58
SURV_01578,,2026-01-28 22:01:15,LOCATION_0223,Meena Yadav,,Meena Yadav was observed near LOCATION_0223; no unusual activity reported.,FIELD_SURVEILLANCE_UNIT,0.83
SURV_01579,,2025-08-09 17:41:13,LOCATION_0222,nikhil iyer,,An individual resembling nikhil iyer was observed in the vicinity of LOCATION_0222.,FIELD_SURVEILLANCE_UNIT,0.6
SURV_01580,,2024-05-25 18:45:24,LOCATION_0055,Neha Iyer,VEHICLE_00174,Neha Iyer was observed near LOCATION_0055; no unusual activity reported.,FIELD_SURVEILLANCE_UNIT,0.75
SURV_01581,,2025-01-23 20:37:47,LOCATION_0019,Alka B.,VEHICLE_00009,An individual resembling Alka B. was observed in the vicinity of LOCATION_0019.,FIELD_SURVEILLANCE_UNIT,0.82
SURV_01582,,2024-10-14 21:37:04,LOCATION_0144,AmitKulkarni,,An individual resembling AmitKulkarni was observed in the vicinity of LOCATION_0144.,FIELD_SURVEILLANCE_UNIT,0.9
SURV_01583,,2024-07-17 19:10:22,LOCATION_0230,Rekha Nair,VEHICLE_00608,Rekha Nair was observed near LOCATION_0230; no unusual activity reported.,FIELD_SURVEILLANCE_UNIT,0.84
SURV_01584,,2025-09-07 05:22:07,LOCATION_0250,Swati Joshi,VEHICLE_00018,Swati Joshi was observed near LOCATION_0250; no unusual activity reported.,FIELD_SURVEILLANCE_UNIT,0.73
SURV_01585,,2024-08-12 20:25:43,LOCATION_0063,MANOJ BANSAL,VEHICLE_00512,An individual resembling MANOJ BANSAL was observed in the vicinity of LOCATION_0063.,FIELD_SURVEILLANCE_UNIT,0.66
SURV_01586,,2025-04-02 03:32:14,LOCATION_0143,Geeta Y.,,An individual resembling Geeta Y. was observed in the vicinity of LOCATION_0143.,FIELD_SURVEILLANCE_UNIT,0.64
SURV_01587,,2024-09-23 08:44:24,LOCATION_0248,Meena Tiwari,,Meena Tiwari was observed near LOCATION_0248; no unusual activity reported.,FIELD_SURVEILLANCE_UNIT,0.81
SURV_01588,,2026-03-25 01:37:24,LOCATION_0020,Sonia Rathore,VEHICLE_00417,Sonia Rathore was observed near LOCATION_0020; no unusual activity reported.,FIELD_SURVEILLANCE_UNIT,0.74
SURV_01589,,2024-07-08 16:23:11,LOCATION_0059,Nisha Malhotra,VEHICLE_00369,Nisha Malhotra was observed near LOCATION_0059; no unusual activity reported.,FIELD_SURVEILLANCE_UNIT,0.64
SURV_01590,,2025-02-12 17:58:56,LOCATION_0266,Pooja K.,VEHICLE_00415,An individual resembling Pooja K. was observed in the vicinity of LOCATION_0266.,FIELD_SURVEILLANCE_UNIT,0.59
SURV_01591,,2025-07-13 22:17:27,LOCATION_0273,pankaj chauhan,,An individual resembling pankaj chauhan was observed in the vicinity of LOCATION_0273.,FIELD_SURVEILLANCE_UNIT,0.8
SURV_01592,,2024-12-04 15:46:27,LOCATION_0066,POOJA VERMA,VEHICLE_00266,An individual resembling POOJA VERMA was observed in the vicinity of LOCATION_0066.,FIELD_SURVEILLANCE_UNIT,0.64
SURV_01593,,2026-06-02 13:21:18,LOCATION_0126,Anita Saxena,,Anita Saxena was observed near LOCATION_0126; no unusual activity reported.,FIELD_SURVEILLANCE_UNIT,0.59
SURV_01594,,2024-02-22 05:43:22,LOCATION_0224,Tanvi Pandey,VEHICLE_00574,Tanvi Pandey was observed near LOCATION_0224; no unusual activity reported.,FIELD_SURVEILLANCE_UNIT,0.8
SURV_01595,,2026-06-19 03:35:52,LOCATION_0147,Priya Malhotra,VEHICLE_00143,Priya Malhotra was observed near LOCATION_0147; no unusual activity reported.,FIELD_SURVEILLANCE_UNIT,0.8
SURV_01596,,2026-06-13 20:58:32,LOCATION_0297,Meena Bansal,VEHICLE_00078,Meena Bansal was observed near LOCATION_0297; no unusual activity reported.,FIELD_SURVEILLANCE_UNIT,0.81
SURV_01597,,2024-05-18 04:42:21,LOCATION_0195,Shalini Chauhan,,An individual resembling Shalini Chauhan was observed in the vicinity of LOCATION_0195.,FIELD_SURVEILLANCE_UNIT,0.64
SURV_01598,,2025-10-30 19:08:06,LOCATION_0075,Deepika Mishra,,Deepika Mishra was observed near LOCATION_0075; no unusual activity reported.,FIELD_SURVEILLANCE_UNIT,0.84
SURV_01599,,2026-03-27 05:37:37,LOCATION_0243,Sonia Nair,VEHICLE_00590,Sonia Nair was observed near LOCATION_0243; no unusual activity reported.,FIELD_SURVEILLANCE_UNIT,0.84
SURV_01600,,2024-07-27 16:40:25,LOCATION_0241,S. Yadav,VEHICLE_00338,An individual resembling S. Yadav was observed in the vicinity of LOCATION_0241.,FIELD_SURVEILLANCE_UNIT,0.68
SURV_01601,,2025-09-21 22:30:53,LOCATION_0043,Ravi Mishra,,An individual resembling Ravi Mishra was observed in the vicinity of LOCATION_0043.,FIELD_SURVEILLANCE_UNIT,0.56
SURV_01602,,2026-04-07 04:49:03,LOCATION_0156,Geeta G.,VEHICLE_00391,An individual resembling Geeta G. was observed in the vicinity of LOCATION_0156.,FIELD_SURVEILLANCE_UNIT,0.79
SURV_01603,,2024-03-24 11:20:22,LOCATION_0110,Manoj A.,,An individual resembling Manoj A. was observed in the vicinity of LOCATION_0110.,FIELD_SURVEILLANCE_UNIT,0.62
SURV_01604,,2025-03-26 10:47:55,LOCATION_0272,Rohit Chauhan,VEHICLE_00394,Rohit Chauhan was observed near LOCATION_0272; no unusual activity reported.,FIELD_SURVEILLANCE_UNIT,0.58
SURV_01605,,2024-01-21 09:48:31,LOCATION_0061,Deepika Y.,,An individual resembling Deepika Y. was observed in the vicinity of LOCATION_0061.,FIELD_SURVEILLANCE_UNIT,0.69
SURV_01606,,2025-07-13 06:10:07,LOCATION_0287,Swati Kulkarni,VEHICLE_00050,Swati Kulkarni was observed near LOCATION_0287; no unusual activity reported.,FIELD_SURVEILLANCE_UNIT,0.68
SURV_01607,,2025-07-14 05:05:03,LOCATION_0289,nisha malhotra,VEHICLE_00369,An individual resembling nisha malhotra was observed in the vicinity of LOCATION_0289.,FIELD_SURVEILLANCE_UNIT,0.64
SURV_01608,,2026-02-12 23:17:01,LOCATION_0234,Isha Chauhan,,Isha Chauhan was observed near LOCATION_0234; no unusual activity reported.,FIELD_SURVEILLANCE_UNIT,0.86
SURV_01609,,2024-07-28 19:58:25,LOCATION_0099,ArjunPandey,VEHICLE_00758,An individual resembling ArjunPandey was observed in the vicinity of LOCATION_0099.,FIELD_SURVEILLANCE_UNIT,0.9
SURV_01610,,2026-04-11 15:40:46,LOCATION_0110,I. Tiwari,,An individual resembling I. Tiwari was observed in the vicinity of LOCATION_0110.,FIELD_SURVEILLANCE_UNIT,0.67
SURV_01611,,2026-04-18 02:51:07,LOCATION_0038,Vikram Pandey,,Vikram Pandey was observed near LOCATION_0038; no unusual activity reported.,FIELD_SURVEILLANCE_UNIT,0.59
SURV_01612,,2024-09-14 17:52:59,LOCATION_0037,ARJUN AGARWAL,,An individual resembling ARJUN AGARWAL was observed in the vicinity of LOCATION_0037.,FIELD_SURVEILLANCE_UNIT,0.89
SURV_01613,,2025-01-31 14:47:07,LOCATION_0009,meena kapoor,VEHICLE_00407,An individual resembling meena kapoor was observed in the vicinity of LOCATION_0009.,FIELD_SURVEILLANCE_UNIT,0.81
SURV_01614,,2024-05-30 16:15:48,LOCATION_0130,P. Meena,VEHICLE_00712,An individual resembling P. Meena was observed in the vicinity of LOCATION_0130.,FIELD_SURVEILLANCE_UNIT,0.65
SURV_01615,,2025-03-23 12:37:52,LOCATION_0067,RajeshChauhan,VEHICLE_00121,An individual resembling RajeshChauhan was observed in the vicinity of LOCATION_0067.,FIELD_SURVEILLANCE_UNIT,0.86
SURV_01616,,2024-02-09 13:29:55,LOCATION_0072,Nikhil Chauhan,,An individual resembling Nikhil Chauhan was observed in the vicinity of LOCATION_0072.,FIELD_SURVEILLANCE_UNIT,0.62
SURV_01617,,2025-07-13 18:32:49,LOCATION_0180,Aman Naidu,,Aman Naidu was observed near LOCATION_0180; no unusual activity reported.,FIELD_SURVEILLANCE_UNIT,0.76
SURV_01618,,2024-10-30 11:36:48,LOCATION_0146,Mohit Rathore,VEHICLE_00052,Mohit Rathore was observed near LOCATION_0146; no unusual activity reported.,FIELD_SURVEILLANCE_UNIT,0.67
SURV_01619,,2024-10-26 21:47:59,LOCATION_0129,Rohit Kulkarni,,An individual resembling Rohit Kulkarni was observed in the vicinity of LOCATION_0129.,FIELD_SURVEILLANCE_UNIT,0.81
SURV_01620,,2026-03-11 19:47:53,LOCATION_0231,Geeta Reddy,VEHICLE_00558,Geeta Reddy was observed near LOCATION_0231; no unusual activity reported.,FIELD_SURVEILLANCE_UNIT,0.61
SURV_01621,,2026-06-27 17:12:04,LOCATION_0252,Sandeep Kulkarni,VEHICLE_00062,Sandeep Kulkarni was observed near LOCATION_0252; no unusual activity reported.,FIELD_SURVEILLANCE_UNIT,0.8
SURV_01622,,2025-10-04 07:19:34,LOCATION_0201,Amit Yadav,,An individual resembling Amit Yadav was observed in the vicinity of LOCATION_0201.,FIELD_SURVEILLANCE_UNIT,0.73
SURV_01623,,2024-01-09 18:31:11,LOCATION_0180,K. Reddy,VEHICLE_00363,An individual resembling K. Reddy was observed in the vicinity of LOCATION_0180.,FIELD_SURVEILLANCE_UNIT,0.56
SURV_01624,,2024-01-09 19:03:53,LOCATION_0190,Isha Reddy,,Isha Reddy was observed near LOCATION_0190; no unusual activity reported.,FIELD_SURVEILLANCE_UNIT,0.73
SURV_01625,,2024-03-24 16:58:09,LOCATION_0119,Manoj Gupta,,Manoj Gupta was observed near LOCATION_0119; no unusual activity reported.,FIELD_SURVEILLANCE_UNIT,0.77
SURV_01626,,2024-03-31 23:37:29,LOCATION_0047,S. Bansal,VEHICLE_00323,An individual resembling S. Bansal was observed in the vicinity of LOCATION_0047.,FIELD_SURVEILLANCE_UNIT,0.89
SURV_01627,,2024-12-14 03:47:32,LOCATION_0059,Simran C.,VEHICLE_00159,An individual resembling Simran C. was observed in the vicinity of LOCATION_0059.,FIELD_SURVEILLANCE_UNIT,0.64
SURV_01628,,2025-02-15 20:32:26,LOCATION_0018,Vikram Pandey,,Vikram Pandey was observed near LOCATION_0018; no unusual activity reported.,FIELD_SURVEILLANCE_UNIT,0.8
SURV_01629,,2026-06-14 07:50:27,LOCATION_0211,anita yadav,VEHICLE_00170,An individual resembling anita yadav was observed in the vicinity of LOCATION_0211.,FIELD_SURVEILLANCE_UNIT,0.57
SURV_01630,,2024-12-09 18:15:19,LOCATION_0141,Meena Chauhan,VEHICLE_00597,Meena Chauhan was observed near LOCATION_0141; no unusual activity reported.,FIELD_SURVEILLANCE_UNIT,0.69
SURV_01631,,2024-05-15 12:57:37,LOCATION_0092,Isha Bhatt,,Isha Bhatt was observed near LOCATION_0092; no unusual activity reported.,FIELD_SURVEILLANCE_UNIT,0.77
SURV_01632,,2025-07-21 04:53:35,LOCATION_0079,S. Saxena,VEHICLE_00503,An individual resembling S. Saxena was observed in the vicinity of LOCATION_0079.,FIELD_SURVEILLANCE_UNIT,0.67
SURV_01633,,2024-01-14 12:56:38,LOCATION_0186,ArjunKapoor,VEHICLE_00303,An individual resembling ArjunKapoor was observed in the vicinity of LOCATION_0186.,FIELD_SURVEILLANCE_UNIT,0.64
SURV_01634,,2024-11-13 04:35:27,LOCATION_0177,S. Choudhary,VEHICLE_00373,An individual resembling S. Choudhary was observed in the vicinity of LOCATION_0177.,FIELD_SURVEILLANCE_UNIT,0.61
SURV_01635,,2024-04-12 13:54:37,LOCATION_0146,Rekha Singh,,Rekha Singh was observed near LOCATION_0146; no unusual activity reported.,FIELD_SURVEILLANCE_UNIT,0.73
SURV_01636,,2024-03-11 16:25:17,LOCATION_0135,Anita Verma,,Anita Verma was observed near LOCATION_0135; no unusual activity reported.,FIELD_SURVEILLANCE_UNIT,0.63
SURV_01637,,2025-10-02 14:46:52,LOCATION_0079,A. Pandey,VEHICLE_00758,An individual resembling A. Pandey was observed in the vicinity of LOCATION_0079.,FIELD_SURVEILLANCE_UNIT,0.68
SURV_01638,,2024-09-07 19:02:07,LOCATION_0267,SunitaBansal,VEHICLE_00323,An individual resembling SunitaBansal was observed in the vicinity of LOCATION_0267.,FIELD_SURVEILLANCE_UNIT,0.83
SURV_01639,,2025-11-15 13:21:06,LOCATION_0178,Divya Reddy,VEHICLE_00741,Divya Reddy was observed near LOCATION_0178; no unusual activity reported.,FIELD_SURVEILLANCE_UNIT,0.59
SURV_01640,,2025-08-27 13:02:32,LOCATION_0207,Priya Choudhary,,Priya Choudhary was observed near LOCATION_0207; no unusual activity reported.,FIELD_SURVEILLANCE_UNIT,0.87
SURV_01641,,2024-04-21 15:57:46,LOCATION_0220,Preeti Meena,VEHICLE_00161,Preeti Meena was observed near LOCATION_0220; no unusual activity reported.,FIELD_SURVEILLANCE_UNIT,0.73
SURV_01642,,2024-03-23 16:23:42,LOCATION_0097,Vikram Chauhan,VEHICLE_00041,An individual resembling Vikram Chauhan was observed in the vicinity of LOCATION_0097.,FIELD_SURVEILLANCE_UNIT,0.75
SURV_01643,,2024-06-02 01:46:10,LOCATION_0051,G. Tiwari,VEHICLE_00261,An individual resembling G. Tiwari was observed in the vicinity of LOCATION_0051.,FIELD_SURVEILLANCE_UNIT,0.58
SURV_01644,,2024-03-20 02:51:47,LOCATION_0199,Deepak Naidu,VEHICLE_00655,Deepak Naidu was observed near LOCATION_0199; no unusual activity reported.,FIELD_SURVEILLANCE_UNIT,0.76
SURV_01645,,2025-02-16 00:02:13,LOCATION_0172,Meena Choudhary,VEHICLE_00202,Meena Choudhary was observed near LOCATION_0172; no unusual activity reported.,FIELD_SURVEILLANCE_UNIT,0.69
SURV_01646,,2024-05-12 17:52:14,LOCATION_0260,G. Bhatt,VEHICLE_00250,An individual resembling G. Bhatt was observed in the vicinity of LOCATION_0260.,FIELD_SURVEILLANCE_UNIT,0.74
SURV_01647,,2025-01-03 20:45:36,LOCATION_0051,Deepika Chauhan,VEHICLE_00677,Deepika Chauhan was observed near LOCATION_0051; no unusual activity reported.,FIELD_SURVEILLANCE_UNIT,0.78
SURV_01648,,2026-03-07 11:28:34,LOCATION_0279,Yash Verma,,Yash Verma was observed near LOCATION_0279; no unusual activity reported.,FIELD_SURVEILLANCE_UNIT,0.76
SURV_01649,,2025-11-09 04:47:51,LOCATION_0076,Sunita Saxena,VEHICLE_00340,Sunita Saxena was observed near LOCATION_0076; no unusual activity reported.,FIELD_SURVEILLANCE_UNIT,0.86
SURV_01650,,2026-03-06 03:15:24,LOCATION_0006,ANITA SAXENA,,An individual resembling ANITA SAXENA was observed in the vicinity of LOCATION_0006.,FIELD_SURVEILLANCE_UNIT,0.86
SURV_01651,,2024-07-07 04:48:15,LOCATION_0284,simran saxena,,An individual resembling simran saxena was observed in the vicinity of LOCATION_0284.,FIELD_SURVEILLANCE_UNIT,0.9
SURV_01652,,2025-12-02 05:33:22,LOCATION_0011,Karan Nair,VEHICLE_00454,Karan Nair was observed near LOCATION_0011; no unusual activity reported.,FIELD_SURVEILLANCE_UNIT,0.56
SURV_01653,,2024-01-10 02:03:24,LOCATION_0032,Meena Mishra,VEHICLE_00466,Meena Mishra was observed near LOCATION_0032; no unusual activity reported.,FIELD_SURVEILLANCE_UNIT,0.86
SURV_01654,,2024-08-23 02:52:27,LOCATION_0105,Anita Chauhan,,Anita Chauhan was observed near LOCATION_0105; no unusual activity reported.,FIELD_SURVEILLANCE_UNIT,0.67
SURV_01655,,2025-04-26 14:27:16,LOCATION_0055,Arjun Singh,,Arjun Singh was observed near LOCATION_0055; no unusual activity reported.,FIELD_SURVEILLANCE_UNIT,0.65
SURV_01656,,2024-05-10 17:24:12,LOCATION_0075,Ashok Nair,,Ashok Nair was observed near LOCATION_0075; no unusual activity reported.,FIELD_SURVEILLANCE_UNIT,0.62
SURV_01657,,2025-07-14 05:38:25,LOCATION_0217,RaviKapoor,VEHICLE_00412,An individual resembling RaviKapoor was observed in the vicinity of LOCATION_0217.,FIELD_SURVEILLANCE_UNIT,0.64
SURV_01658,,2026-05-18 10:13:11,LOCATION_0160,arjun sharma,,An individual resembling arjun sharma was observed in the vicinity of LOCATION_0160.,FIELD_SURVEILLANCE_UNIT,0.68
SURV_01659,,2024-07-21 13:16:30,LOCATION_0224,Pankaj Malhotra,VEHICLE_00182,Pankaj Malhotra was observed near LOCATION_0224; no unusual activity reported.,FIELD_SURVEILLANCE_UNIT,0.73
SURV_01660,,2024-05-07 04:16:51,LOCATION_0279,nisha sharma,VEHICLE_00647,An individual resembling nisha sharma was observed in the vicinity of LOCATION_0279.,FIELD_SURVEILLANCE_UNIT,0.7
SURV_01661,,2024-05-20 09:38:19,LOCATION_0161,Geeta N.,VEHICLE_00436,An individual resembling Geeta N. was observed in the vicinity of LOCATION_0161.,FIELD_SURVEILLANCE_UNIT,0.57
SURV_01662,,2025-10-18 16:20:19,LOCATION_0071,Ravi Chauhan,,Ravi Chauhan was observed near LOCATION_0071; no unusual activity reported.,FIELD_SURVEILLANCE_UNIT,0.59
SURV_01663,,2024-04-29 06:03:57,LOCATION_0080,MeenaSaxena,VEHICLE_00551,An individual resembling MeenaSaxena was observed in the vicinity of LOCATION_0080.,FIELD_SURVEILLANCE_UNIT,0.79
SURV_01664,,2026-04-06 11:04:08,LOCATION_0062,Sunita Gupta,,An individual resembling Sunita Gupta was observed in the vicinity of LOCATION_0062.,FIELD_SURVEILLANCE_UNIT,0.69
SURV_01665,,2025-06-09 16:34:03,LOCATION_0094,Geeta Malhotra,,Geeta Malhotra was observed near LOCATION_0094; no unusual activity reported.,FIELD_SURVEILLANCE_UNIT,0.73
SURV_01666,,2025-11-16 17:58:42,LOCATION_0059,Deepak Agarwal,VEHICLE_00586,An individual resembling Deepak Agarwal was observed in the vicinity of LOCATION_0059.,FIELD_SURVEILLANCE_UNIT,0.84
SURV_01667,,2024-10-13 23:47:26,LOCATION_0260,S. Joshi,VEHICLE_00409,An individual resembling S. Joshi was observed in the vicinity of LOCATION_0260.,FIELD_SURVEILLANCE_UNIT,0.86
SURV_01668,,2024-12-25 20:48:50,LOCATION_0080,Sandeep Malhotra,,Sandeep Malhotra was observed near LOCATION_0080; no unusual activity reported.,FIELD_SURVEILLANCE_UNIT,0.85
SURV_01669,,2026-04-25 00:21:06,LOCATION_0293,Divya Choudhary,,Divya Choudhary was observed near LOCATION_0293; no unusual activity reported.,FIELD_SURVEILLANCE_UNIT,0.75
SURV_01670,,2025-07-09 05:45:18,LOCATION_0060,Ravi Pandey,,Ravi Pandey was observed near LOCATION_0060; no unusual activity reported.,FIELD_SURVEILLANCE_UNIT,0.85
SURV_01671,,2024-08-15 03:00:51,LOCATION_0236,M. Naidu,,An individual resembling M. Naidu was observed in the vicinity of LOCATION_0236.,FIELD_SURVEILLANCE_UNIT,0.72
SURV_01672,,2025-10-06 13:36:30,LOCATION_0208,Anil Saxena,,Anil Saxena was observed near LOCATION_0208; no unusual activity reported.,FIELD_SURVEILLANCE_UNIT,0.86
SURV_01673,,2025-03-08 01:03:03,LOCATION_0163,Nisha Rathore,,Nisha Rathore was observed near LOCATION_0163; no unusual activity reported.,FIELD_SURVEILLANCE_UNIT,0.56
SURV_01674,,2024-09-18 19:13:40,LOCATION_0080,Divya G.,VEHICLE_00487,An individual resembling Divya G. was observed in the vicinity of LOCATION_0080.,FIELD_SURVEILLANCE_UNIT,0.88
SURV_01675,,2024-05-21 21:15:30,LOCATION_0296,Yash Meena,VEHICLE_00148,Yash Meena was observed near LOCATION_0296; no unusual activity reported.,FIELD_SURVEILLANCE_UNIT,0.86
SURV_01676,,2025-02-22 17:31:40,LOCATION_0011,P. Bansal,VEHICLE_00593,An individual resembling P. Bansal was observed in the vicinity of LOCATION_0011.,FIELD_SURVEILLANCE_UNIT,0.58
SURV_01677,,2024-09-12 07:38:36,LOCATION_0051,Ravi Yadav,,An individual resembling Ravi Yadav was observed in the vicinity of LOCATION_0051.,FIELD_SURVEILLANCE_UNIT,0.69
SURV_01678,,2024-06-16 17:40:53,LOCATION_0072,Sonia Gupta,VEHICLE_00324,Sonia Gupta was observed near LOCATION_0072; no unusual activity reported.,FIELD_SURVEILLANCE_UNIT,0.77
SURV_01679,,2024-05-08 09:39:11,LOCATION_0175,A. Saxena,VEHICLE_00010,An individual resembling A. Saxena was observed in the vicinity of LOCATION_0175.,FIELD_SURVEILLANCE_UNIT,0.86
SURV_01680,,2024-08-19 14:06:06,LOCATION_0174,Meena Sharma,,Meena Sharma was observed near LOCATION_0174; no unusual activity reported.,FIELD_SURVEILLANCE_UNIT,0.84
SURV_01681,,2026-01-07 03:18:48,LOCATION_0254,Aman Reddy,,An individual resembling Aman Reddy was observed in the vicinity of LOCATION_0254.,FIELD_SURVEILLANCE_UNIT,0.84
SURV_01682,,2024-12-25 04:28:58,LOCATION_0094,VIVEK KAPOOR,,An individual resembling VIVEK KAPOOR was observed in the vicinity of LOCATION_0094.,FIELD_SURVEILLANCE_UNIT,0.83
SURV_01683,,2025-01-16 20:04:09,LOCATION_0268,RAHUL CHAUHAN,VEHICLE_00252,An individual resembling RAHUL CHAUHAN was observed in the vicinity of LOCATION_0268.,FIELD_SURVEILLANCE_UNIT,0.83
SURV_01684,,2025-12-31 15:46:01,LOCATION_0282,Sonia G.,VEHICLE_00324,An individual resembling Sonia G. was observed in the vicinity of LOCATION_0282.,FIELD_SURVEILLANCE_UNIT,0.56
SURV_01685,,2025-01-26 02:14:24,LOCATION_0296,SIMRAN AGARWAL,,An individual resembling SIMRAN AGARWAL was observed in the vicinity of LOCATION_0296.,FIELD_SURVEILLANCE_UNIT,0.69
SURV_01686,,2026-01-15 06:53:01,LOCATION_0024,IshaSingh,,An individual resembling IshaSingh was observed in the vicinity of LOCATION_0024.,FIELD_SURVEILLANCE_UNIT,0.82
SURV_01687,,2025-03-02 00:16:18,LOCATION_0291,Ravi Naidu,,Ravi Naidu was observed near LOCATION_0291; no unusual activity reported.,FIELD_SURVEILLANCE_UNIT,0.57
SURV_01688,,2024-12-27 23:37:43,LOCATION_0276,Alka R.,,An individual resembling Alka R. was observed in the vicinity of LOCATION_0276.,FIELD_SURVEILLANCE_UNIT,0.56
SURV_01689,,2024-08-15 07:13:54,LOCATION_0032,Deepak Nair,,Deepak Nair was observed near LOCATION_0032; no unusual activity reported.,FIELD_SURVEILLANCE_UNIT,0.7
SURV_01690,,2025-01-09 12:00:54,LOCATION_0071,H. Sharma,VEHICLE_00397,An individual resembling H. Sharma was observed in the vicinity of LOCATION_0071.,FIELD_SURVEILLANCE_UNIT,0.65
SURV_01691,,2024-04-15 15:27:33,LOCATION_0153,R. Yadav,VEHICLE_00382,An individual resembling R. Yadav was observed in the vicinity of LOCATION_0153.,FIELD_SURVEILLANCE_UNIT,0.72
SURV_01692,,2025-08-31 08:34:34,LOCATION_0061,Rajesh Mishra,,Rajesh Mishra was observed near LOCATION_0061; no unusual activity reported.,FIELD_SURVEILLANCE_UNIT,0.8
SURV_01693,,2024-12-23 10:02:33,LOCATION_0216,Pooja Kapoor,VEHICLE_00415,Pooja Kapoor was observed near LOCATION_0216; no unusual activity reported.,FIELD_SURVEILLANCE_UNIT,0.8
SURV_01694,,2026-03-21 14:07:58,LOCATION_0151,Neha Nair,,Neha Nair was observed near LOCATION_0151; no unusual activity reported.,FIELD_SURVEILLANCE_UNIT,0.57
SURV_01695,,2024-12-18 02:09:30,LOCATION_0019,Mohit Singh,VEHICLE_00233,Mohit Singh was observed near LOCATION_0019; no unusual activity reported.,FIELD_SURVEILLANCE_UNIT,0.86
SURV_01696,,2025-05-15 05:21:43,LOCATION_0165,N. Singh,VEHICLE_00443,An individual resembling N. Singh was observed in the vicinity of LOCATION_0165.,FIELD_SURVEILLANCE_UNIT,0.78
SURV_01697,,2026-04-14 21:42:31,LOCATION_0129,Nisha M.,VEHICLE_00369,An individual resembling Nisha M. was observed in the vicinity of LOCATION_0129.,FIELD_SURVEILLANCE_UNIT,0.76
SURV_01698,,2025-04-05 06:08:54,LOCATION_0219,RITU MISHRA,VEHICLE_00362,An individual resembling RITU MISHRA was observed in the vicinity of LOCATION_0219.,FIELD_SURVEILLANCE_UNIT,0.83
SURV_01699,,2025-07-28 02:02:24,LOCATION_0237,Neha Gupta,,Neha Gupta was observed near LOCATION_0237; no unusual activity reported.,FIELD_SURVEILLANCE_UNIT,0.56
SURV_01700,,2024-05-22 12:36:07,LOCATION_0113,ravi kulkarni,VEHICLE_00017,An individual resembling ravi kulkarni was observed in the vicinity of LOCATION_0113.,FIELD_SURVEILLANCE_UNIT,0.84
SURV_01701,,2024-02-26 16:03:57,LOCATION_0164,Sanjay Malhotra,,Sanjay Malhotra was observed near LOCATION_0164; no unusual activity reported.,FIELD_SURVEILLANCE_UNIT,0.59
SURV_01702,,2024-11-27 01:10:27,LOCATION_0173,Deepika A.,VEHICLE_00478,An individual resembling Deepika A. was observed in the vicinity of LOCATION_0173.,FIELD_SURVEILLANCE_UNIT,0.76
SURV_01703,,2025-08-30 18:54:26,LOCATION_0200,Aman Bansal,,Aman Bansal was observed near LOCATION_0200; no unusual activity reported.,FIELD_SURVEILLANCE_UNIT,0.6
SURV_01704,,2024-06-13 01:25:33,LOCATION_0244,Kavita Chauhan,,Kavita Chauhan was observed near LOCATION_0244; no unusual activity reported.,FIELD_SURVEILLANCE_UNIT,0.87
SURV_01705,,2026-02-22 23:43:24,LOCATION_0203,SunitaPandey,VEHICLE_00462,An individual resembling SunitaPandey was observed in the vicinity of LOCATION_0203.,FIELD_SURVEILLANCE_UNIT,0.71
SURV_01706,,2025-06-20 18:18:00,LOCATION_0247,Ritu Pandey,VEHICLE_00085,Ritu Pandey was observed near LOCATION_0247; no unusual activity reported.,FIELD_SURVEILLANCE_UNIT,0.7
SURV_01707,,2024-12-23 06:49:23,LOCATION_0122,Meena Nair,VEHICLE_00583,Meena Nair was observed near LOCATION_0122; no unusual activity reported.,FIELD_SURVEILLANCE_UNIT,0.67
SURV_01708,,2026-05-25 10:46:01,LOCATION_0106,AlkaSaxena,,An individual resembling AlkaSaxena was observed in the vicinity of LOCATION_0106.,FIELD_SURVEILLANCE_UNIT,0.82
SURV_01709,,2026-02-19 14:26:51,LOCATION_0030,NIKHIL REDDY,VEHICLE_00580,An individual resembling NIKHIL REDDY was observed in the vicinity of LOCATION_0030.,FIELD_SURVEILLANCE_UNIT,0.67
SURV_01710,,2026-06-02 23:21:53,LOCATION_0267,Kavita Rathore,VEHICLE_00672,Kavita Rathore was observed near LOCATION_0267; no unusual activity reported.,FIELD_SURVEILLANCE_UNIT,0.78
SURV_01711,,2026-01-25 16:40:54,LOCATION_0206,Sonia Chauhan,,Sonia Chauhan was observed near LOCATION_0206; no unusual activity reported.,FIELD_SURVEILLANCE_UNIT,0.88
SURV_01712,,2024-04-18 01:19:41,LOCATION_0217,AMAN AGARWAL,VEHICLE_00742,An individual resembling AMAN AGARWAL was observed in the vicinity of LOCATION_0217.,FIELD_SURVEILLANCE_UNIT,0.79
SURV_01713,,2024-11-23 10:56:41,LOCATION_0107,Isha Mishra,VEHICLE_00262,Isha Mishra was observed near LOCATION_0107; no unusual activity reported.,FIELD_SURVEILLANCE_UNIT,0.7
SURV_01714,,2024-11-05 11:19:57,LOCATION_0300,VikramChauhan,,An individual resembling VikramChauhan was observed in the vicinity of LOCATION_0300.,FIELD_SURVEILLANCE_UNIT,0.57
SURV_01715,,2025-08-10 18:25:16,LOCATION_0047,GAURAV AGARWAL,,An individual resembling GAURAV AGARWAL was observed in the vicinity of LOCATION_0047.,FIELD_SURVEILLANCE_UNIT,0.71
SURV_01716,,2025-05-05 13:51:16,LOCATION_0054,Divya B.,,An individual resembling Divya B. was observed in the vicinity of LOCATION_0054.,FIELD_SURVEILLANCE_UNIT,0.8
SURV_01717,,2024-03-06 00:20:37,LOCATION_0116,Vivek M.,,An individual resembling Vivek M. was observed in the vicinity of LOCATION_0116.,FIELD_SURVEILLANCE_UNIT,0.78
SURV_01718,,2024-03-17 01:46:43,LOCATION_0006,SANDEEP GUPTA,VEHICLE_00305,An individual resembling SANDEEP GUPTA was observed in the vicinity of LOCATION_0006.,FIELD_SURVEILLANCE_UNIT,0.71
SURV_01719,,2025-07-29 20:54:57,LOCATION_0209,Suresh V.,VEHICLE_00725,An individual resembling Suresh V. was observed in the vicinity of LOCATION_0209.,FIELD_SURVEILLANCE_UNIT,0.84
SURV_01720,,2024-03-02 08:38:40,LOCATION_0086,Pooja Nair,,Pooja Nair was observed near LOCATION_0086; no unusual activity reported.,FIELD_SURVEILLANCE_UNIT,0.72
SURV_01721,,2024-12-16 22:34:42,LOCATION_0277,Manju Malhotra,VEHICLE_00014,Manju Malhotra was observed near LOCATION_0277; no unusual activity reported.,FIELD_SURVEILLANCE_UNIT,0.88
SURV_01722,,2024-01-12 18:35:46,LOCATION_0261,Deepak Gupta,,Deepak Gupta was observed near LOCATION_0261; no unusual activity reported.,FIELD_SURVEILLANCE_UNIT,0.73
SURV_01723,,2024-05-15 07:35:33,LOCATION_0117,Aman Agarwal,VEHICLE_00742,Aman Agarwal was observed near LOCATION_0117; no unusual activity reported.,FIELD_SURVEILLANCE_UNIT,0.75
SURV_01724,,2025-06-10 20:38:46,LOCATION_0053,Yash Pandey,VEHICLE_00076,Yash Pandey was observed near LOCATION_0053; no unusual activity reported.,FIELD_SURVEILLANCE_UNIT,0.62
SURV_01725,,2025-07-17 07:17:41,LOCATION_0122,MohitBansal,,An individual resembling MohitBansal was observed in the vicinity of LOCATION_0122.,FIELD_SURVEILLANCE_UNIT,0.86
SURV_01726,,2024-09-03 22:44:23,LOCATION_0008,Yash Verma,VEHICLE_00615,Yash Verma was observed near LOCATION_0008; no unusual activity reported.,FIELD_SURVEILLANCE_UNIT,0.58
SURV_01727,,2024-11-19 00:38:11,LOCATION_0085,N. Kapoor,VEHICLE_00379,An individual resembling N. Kapoor was observed in the vicinity of LOCATION_0085.,FIELD_SURVEILLANCE_UNIT,0.63
SURV_01728,,2024-06-03 22:51:34,LOCATION_0102,R. Malhotra,,An individual resembling R. Malhotra was observed in the vicinity of LOCATION_0102.,FIELD_SURVEILLANCE_UNIT,0.73
SURV_01729,,2024-02-10 07:58:14,LOCATION_0259,Priya Kapoor,,Priya Kapoor was observed near LOCATION_0259; no unusual activity reported.,FIELD_SURVEILLANCE_UNIT,0.69
SURV_01730,,2024-09-15 00:04:33,LOCATION_0013,rekha choudhary,,An individual resembling rekha choudhary was observed in the vicinity of LOCATION_0013.,FIELD_SURVEILLANCE_UNIT,0.84
SURV_01731,,2025-04-08 17:19:28,LOCATION_0250,Kirti Reddy,,Kirti Reddy was observed near LOCATION_0250; no unusual activity reported.,FIELD_SURVEILLANCE_UNIT,0.62
SURV_01732,,2024-05-06 19:59:17,LOCATION_0185,Priya Bansal,VEHICLE_00199,Priya Bansal was observed near LOCATION_0185; no unusual activity reported.,FIELD_SURVEILLANCE_UNIT,0.69
SURV_01733,,2024-05-24 08:30:58,LOCATION_0111,Divya Meena,,Divya Meena was observed near LOCATION_0111; no unusual activity reported.,FIELD_SURVEILLANCE_UNIT,0.65
SURV_01734,,2025-01-06 19:28:48,LOCATION_0250,Ritu Meena,VEHICLE_00575,Ritu Meena was observed near LOCATION_0250; no unusual activity reported.,FIELD_SURVEILLANCE_UNIT,0.64
SURV_01735,,2024-03-16 07:29:00,LOCATION_0162,Deepak Tiwari,VEHICLE_00465,Deepak Tiwari was observed near LOCATION_0162; no unusual activity reported.,FIELD_SURVEILLANCE_UNIT,0.75
SURV_01736,,2025-04-13 09:08:25,LOCATION_0088,A. Sharma,VEHICLE_00289,An individual resembling A. Sharma was observed in the vicinity of LOCATION_0088.,FIELD_SURVEILLANCE_UNIT,0.61
SURV_01737,,2025-03-02 03:10:30,LOCATION_0094,Rahul Naidu,VEHICLE_00209,Rahul Naidu was observed near LOCATION_0094; no unusual activity reported.,FIELD_SURVEILLANCE_UNIT,0.67
SURV_01738,,2025-07-02 06:11:39,LOCATION_0147,preeti yadav,,An individual resembling preeti yadav was observed in the vicinity of LOCATION_0147.,FIELD_SURVEILLANCE_UNIT,0.75
SURV_01739,,2024-06-14 01:58:07,LOCATION_0111,Vivek Iyer,VEHICLE_00377,Vivek Iyer was observed near LOCATION_0111; no unusual activity reported.,FIELD_SURVEILLANCE_UNIT,0.79
SURV_01740,,2024-07-01 03:12:04,LOCATION_0196,S. Saxena,VEHICLE_00340,An individual resembling S. Saxena was observed in the vicinity of LOCATION_0196.,FIELD_SURVEILLANCE_UNIT,0.85
SURV_01741,,2026-01-21 12:16:51,LOCATION_0215,Simran Kulkarni,VEHICLE_00312,Simran Kulkarni was observed near LOCATION_0215; no unusual activity reported.,FIELD_SURVEILLANCE_UNIT,0.84
SURV_01742,,2025-07-17 06:36:31,LOCATION_0140,harish gupta,VEHICLE_00614,An individual resembling harish gupta was observed in the vicinity of LOCATION_0140.,FIELD_SURVEILLANCE_UNIT,0.78
SURV_01743,,2025-04-06 23:34:58,LOCATION_0203,Alka Sharma,VEHICLE_00061,Alka Sharma was observed near LOCATION_0203; no unusual activity reported.,FIELD_SURVEILLANCE_UNIT,0.88
SURV_01744,,2025-12-19 02:05:05,LOCATION_0140,Sunita Kulkarni,VEHICLE_00460,Sunita Kulkarni was observed near LOCATION_0140; no unusual activity reported.,FIELD_SURVEILLANCE_UNIT,0.69
SURV_01745,,2025-08-17 08:47:14,LOCATION_0199,ALKA BANSAL,,An individual resembling ALKA BANSAL was observed in the vicinity of LOCATION_0199.,FIELD_SURVEILLANCE_UNIT,0.74
SURV_01746,,2024-04-16 09:10:12,LOCATION_0188,Anil Gupta,,Anil Gupta was observed near LOCATION_0188; no unusual activity reported.,FIELD_SURVEILLANCE_UNIT,0.81
SURV_01747,,2024-03-09 13:53:10,LOCATION_0293,Nisha Mishra,,Nisha Mishra was observed near LOCATION_0293; no unusual activity reported.,FIELD_SURVEILLANCE_UNIT,0.74
SURV_01748,,2025-05-17 07:27:46,LOCATION_0194,Rahul Iyer,,Rahul Iyer was observed near LOCATION_0194; no unusual activity reported.,FIELD_SURVEILLANCE_UNIT,0.61
SURV_01749,,2025-03-06 05:59:45,LOCATION_0117,Ritu Yadav,,Ritu Yadav was observed near LOCATION_0117; no unusual activity reported.,FIELD_SURVEILLANCE_UNIT,0.65
SURV_01750,,2025-11-15 13:40:38,LOCATION_0245,Tanvi Tiwari,VEHICLE_00455,Tanvi Tiwari was observed near LOCATION_0245; no unusual activity reported.,FIELD_SURVEILLANCE_UNIT,0.68
SURV_01751,,2024-08-21 06:22:49,LOCATION_0013,Sanjay T.,,An individual resembling Sanjay T. was observed in the vicinity of LOCATION_0013.,FIELD_SURVEILLANCE_UNIT,0.9
SURV_01752,,2024-06-16 20:58:40,LOCATION_0250,Shalini S.,VEHICLE_00576,An individual resembling Shalini S. was observed in the vicinity of LOCATION_0250.,FIELD_SURVEILLANCE_UNIT,0.58
SURV_01753,,2026-04-03 11:21:27,LOCATION_0017,Yash Pandey,,Yash Pandey was observed near LOCATION_0017; no unusual activity reported.,FIELD_SURVEILLANCE_UNIT,0.76
SURV_01754,,2025-12-18 16:02:52,LOCATION_0299,A. Singh,VEHICLE_00472,An individual resembling A. Singh was observed in the vicinity of LOCATION_0299.,FIELD_SURVEILLANCE_UNIT,0.61
SURV_01755,,2025-03-06 05:10:08,LOCATION_0100,S. Saxena,VEHICLE_00007,An individual resembling S. Saxena was observed in the vicinity of LOCATION_0100.,FIELD_SURVEILLANCE_UNIT,0.72
SURV_01756,,2025-12-23 15:46:48,LOCATION_0231,VikramAgarwal,VEHICLE_00066,An individual resembling VikramAgarwal was observed in the vicinity of LOCATION_0231.,FIELD_SURVEILLANCE_UNIT,0.81
SURV_01757,,2024-09-07 03:07:50,LOCATION_0170,Rekha N.,VEHICLE_00608,An individual resembling Rekha N. was observed in the vicinity of LOCATION_0170.,FIELD_SURVEILLANCE_UNIT,0.84
SURV_01758,,2024-09-04 02:25:33,LOCATION_0171,ISHA GUPTA,VEHICLE_00738,An individual resembling ISHA GUPTA was observed in the vicinity of LOCATION_0171.,FIELD_SURVEILLANCE_UNIT,0.86
SURV_01759,,2026-04-01 01:47:00,LOCATION_0163,alka meena,,An individual resembling alka meena was observed in the vicinity of LOCATION_0163.,FIELD_SURVEILLANCE_UNIT,0.66
SURV_01760,,2024-03-13 09:07:48,LOCATION_0245,A. Rathore,,An individual resembling A. Rathore was observed in the vicinity of LOCATION_0245.,FIELD_SURVEILLANCE_UNIT,0.72
SURV_01761,,2025-08-12 18:08:11,LOCATION_0219,Alka A.,,An individual resembling Alka A. was observed in the vicinity of LOCATION_0219.,FIELD_SURVEILLANCE_UNIT,0.85
SURV_01762,,2024-02-05 06:28:54,LOCATION_0263,Nisha Rathore,,Nisha Rathore was observed near LOCATION_0263; no unusual activity reported.,FIELD_SURVEILLANCE_UNIT,0.78
SURV_01763,,2024-11-27 09:26:44,LOCATION_0265,sunita kulkarni,VEHICLE_00097,An individual resembling sunita kulkarni was observed in the vicinity of LOCATION_0265.,FIELD_SURVEILLANCE_UNIT,0.79
SURV_01764,,2025-10-17 01:07:20,LOCATION_0102,Rajesh C.,,An individual resembling Rajesh C. was observed in the vicinity of LOCATION_0102.,FIELD_SURVEILLANCE_UNIT,0.69
SURV_01765,,2025-01-16 06:50:38,LOCATION_0299,Sunita Sharma,VEHICLE_00319,Sunita Sharma was observed near LOCATION_0299; no unusual activity reported.,FIELD_SURVEILLANCE_UNIT,0.64
SURV_01766,,2024-03-01 14:31:24,LOCATION_0132,Ritu P.,,An individual resembling Ritu P. was observed in the vicinity of LOCATION_0132.,FIELD_SURVEILLANCE_UNIT,0.66
SURV_01767,,2024-12-26 07:43:23,LOCATION_0268,RajeshIyer,,An individual resembling RajeshIyer was observed in the vicinity of LOCATION_0268.,FIELD_SURVEILLANCE_UNIT,0.83
SURV_01768,,2024-04-18 23:07:31,LOCATION_0225,Isha B.,,An individual resembling Isha B. was observed in the vicinity of LOCATION_0225.,FIELD_SURVEILLANCE_UNIT,0.67
SURV_01769,,2025-05-14 23:37:22,LOCATION_0059,Anjali Chauhan,VEHICLE_00194,Anjali Chauhan was observed near LOCATION_0059; no unusual activity reported.,FIELD_SURVEILLANCE_UNIT,0.64
SURV_01770,,2024-11-24 18:40:54,LOCATION_0232,R. Malhotra,,An individual resembling R. Malhotra was observed in the vicinity of LOCATION_0232.,FIELD_SURVEILLANCE_UNIT,0.7
SURV_01771,,2025-06-24 23:11:48,LOCATION_0018,Preeti Bhatt,,An individual resembling Preeti Bhatt was observed in the vicinity of LOCATION_0018.,FIELD_SURVEILLANCE_UNIT,0.62
SURV_01772,,2026-02-21 05:16:41,LOCATION_0001,D. Gupta,,An individual resembling D. Gupta was observed in the vicinity of LOCATION_0001.,FIELD_SURVEILLANCE_UNIT,0.81
SURV_01773,,2024-08-15 15:40:27,LOCATION_0263,Neha Kulkarni,VEHICLE_00189,Neha Kulkarni was observed near LOCATION_0263; no unusual activity reported.,FIELD_SURVEILLANCE_UNIT,0.89
SURV_01774,,2026-01-17 01:54:47,LOCATION_0238,ritu agarwal,,An individual resembling ritu agarwal was observed in the vicinity of LOCATION_0238.,FIELD_SURVEILLANCE_UNIT,0.64
SURV_01775,,2026-06-08 10:55:58,LOCATION_0126,NAVEEN KAPOOR,,An individual resembling NAVEEN KAPOOR was observed in the vicinity of LOCATION_0126.,FIELD_SURVEILLANCE_UNIT,0.86
SURV_01776,,2024-01-22 16:24:23,LOCATION_0001,Sunita Kapoor,VEHICLE_00322,Sunita Kapoor was observed near LOCATION_0001; no unusual activity reported.,FIELD_SURVEILLANCE_UNIT,0.74
SURV_01777,,2026-04-21 04:28:31,LOCATION_0060,Nikhil Kapoor,,Nikhil Kapoor was observed near LOCATION_0060; no unusual activity reported.,FIELD_SURVEILLANCE_UNIT,0.68
SURV_01778,,2025-05-02 21:23:19,LOCATION_0070,Sonia Bhatt,VEHICLE_00543,Sonia Bhatt was observed near LOCATION_0070; no unusual activity reported.,FIELD_SURVEILLANCE_UNIT,0.77
SURV_01779,,2024-06-21 04:04:44,LOCATION_0198,A. Rathore,,An individual resembling A. Rathore was observed in the vicinity of LOCATION_0198.,FIELD_SURVEILLANCE_UNIT,0.73
SURV_01780,,2024-02-10 17:31:17,LOCATION_0034,P. Yadav,VEHICLE_00353,An individual resembling P. Yadav was observed in the vicinity of LOCATION_0034.,FIELD_SURVEILLANCE_UNIT,0.77
SURV_01781,,2026-03-31 09:12:07,LOCATION_0089,Preeti Mishra,VEHICLE_00688,Preeti Mishra was observed near LOCATION_0089; no unusual activity reported.,FIELD_SURVEILLANCE_UNIT,0.75
SURV_01782,,2024-03-28 00:27:19,LOCATION_0249,Anil Gupta,,Anil Gupta was observed near LOCATION_0249; no unusual activity reported.,FIELD_SURVEILLANCE_UNIT,0.85
SURV_01783,,2024-05-03 21:37:29,LOCATION_0149,Nisha Gupta,VEHICLE_00126,Nisha Gupta was observed near LOCATION_0149; no unusual activity reported.,FIELD_SURVEILLANCE_UNIT,0.65
SURV_01784,,2024-07-29 11:15:59,LOCATION_0120,Sanjay B.,,An individual resembling Sanjay B. was observed in the vicinity of LOCATION_0120.,FIELD_SURVEILLANCE_UNIT,0.59
SURV_01785,,2024-12-07 03:34:20,LOCATION_0287,V. Bansal,,An individual resembling V. Bansal was observed in the vicinity of LOCATION_0287.,FIELD_SURVEILLANCE_UNIT,0.84
SURV_01786,,2025-10-01 23:01:26,LOCATION_0199,Anil Gupta,,Anil Gupta was observed near LOCATION_0199; no unusual activity reported.,FIELD_SURVEILLANCE_UNIT,0.57
SURV_01787,,2024-12-14 23:45:44,LOCATION_0193,Manoj Yadav,,An individual resembling Manoj Yadav was observed in the vicinity of LOCATION_0193.,FIELD_SURVEILLANCE_UNIT,0.9
SURV_01788,,2024-02-18 02:03:33,LOCATION_0263,Ritu Singh,VEHICLE_00016,An individual resembling Ritu Singh was observed in the vicinity of LOCATION_0263.,FIELD_SURVEILLANCE_UNIT,0.61
SURV_01789,,2025-12-25 06:33:42,LOCATION_0171,Vikram Kulkarni,,Vikram Kulkarni was observed near LOCATION_0171; no unusual activity reported.,FIELD_SURVEILLANCE_UNIT,0.65
SURV_01790,,2025-07-06 07:52:20,LOCATION_0108,Rekha Sharma,,Rekha Sharma was observed near LOCATION_0108; no unusual activity reported.,FIELD_SURVEILLANCE_UNIT,0.72
SURV_01791,,2025-07-17 08:11:32,LOCATION_0274,Rohit Mishra,VEHICLE_00253,An individual resembling Rohit Mishra was observed in the vicinity of LOCATION_0274.,FIELD_SURVEILLANCE_UNIT,0.9
SURV_01792,,2025-10-15 11:59:29,LOCATION_0228,Isha Nair,VEHICLE_00603,An individual resembling Isha Nair was observed in the vicinity of LOCATION_0228.,FIELD_SURVEILLANCE_UNIT,0.79
SURV_01793,,2025-03-12 03:28:44,LOCATION_0016,S. Agarwal,,An individual resembling S. Agarwal was observed in the vicinity of LOCATION_0016.,FIELD_SURVEILLANCE_UNIT,0.61
SURV_01794,,2025-09-28 03:01:15,LOCATION_0290,Anil Meena,VEHICLE_00099,Anil Meena was observed near LOCATION_0290; no unusual activity reported.,FIELD_SURVEILLANCE_UNIT,0.66
SURV_01795,,2025-02-02 02:25:48,LOCATION_0175,ManjuPandey,,An individual resembling ManjuPandey was observed in the vicinity of LOCATION_0175.,FIELD_SURVEILLANCE_UNIT,0.77
SURV_01796,,2024-07-14 07:26:10,LOCATION_0221,MEENA AGARWAL,VEHICLE_00387,An individual resembling MEENA AGARWAL was observed in the vicinity of LOCATION_0221.,FIELD_SURVEILLANCE_UNIT,0.88
SURV_01797,,2025-04-24 08:37:52,LOCATION_0244,Tanvi N.,VEHICLE_00618,An individual resembling Tanvi N. was observed in the vicinity of LOCATION_0244.,FIELD_SURVEILLANCE_UNIT,0.63
SURV_01798,,2024-11-08 05:59:00,LOCATION_0233,Deepika Agarwal,VEHICLE_00478,Deepika Agarwal was observed near LOCATION_0233; no unusual activity reported.,FIELD_SURVEILLANCE_UNIT,0.75
SURV_01799,,2024-09-14 06:24:33,LOCATION_0230,Ravi Pandey,,Ravi Pandey was observed near LOCATION_0230; no unusual activity reported.,FIELD_SURVEILLANCE_UNIT,0.66
SURV_01800,,2025-03-02 07:35:09,LOCATION_0043,YASH AGARWAL,,An individual resembling YASH AGARWAL was observed in the vicinity of LOCATION_0043.,FIELD_SURVEILLANCE_UNIT,0.7
SURV_01801,,2024-04-09 12:42:30,LOCATION_0122,SanjayKulkarni,VEHICLE_00679,An individual resembling SanjayKulkarni was observed in the vicinity of LOCATION_0122.,FIELD_SURVEILLANCE_UNIT,0.88
SURV_01802,,2025-11-13 17:04:31,LOCATION_0127,R. Kulkarni,,An individual resembling R. Kulkarni was observed in the vicinity of LOCATION_0127.,FIELD_SURVEILLANCE_UNIT,0.63
SURV_01803,,2024-06-13 14:10:07,LOCATION_0241,Deepika Kapoor,VEHICLE_00600,Deepika Kapoor was observed near LOCATION_0241; no unusual activity reported.,FIELD_SURVEILLANCE_UNIT,0.68
SURV_01804,,2024-06-24 13:20:58,LOCATION_0068,Ravi Joshi,VEHICLE_00065,Ravi Joshi was observed near LOCATION_0068; no unusual activity reported.,FIELD_SURVEILLANCE_UNIT,0.85
SURV_01805,,2024-10-04 08:43:16,LOCATION_0086,S. Saxena,VEHICLE_00343,An individual resembling S. Saxena was observed in the vicinity of LOCATION_0086.,FIELD_SURVEILLANCE_UNIT,0.83
SURV_01806,,2024-03-14 03:07:14,LOCATION_0198,Priya Rathore,VEHICLE_00318,Priya Rathore was observed near LOCATION_0198; no unusual activity reported.,FIELD_SURVEILLANCE_UNIT,0.63
SURV_01807,,2026-04-28 06:20:06,LOCATION_0284,Anita Rathore,,Anita Rathore was observed near LOCATION_0284; no unusual activity reported.,FIELD_SURVEILLANCE_UNIT,0.6
SURV_01808,,2025-06-06 13:05:26,LOCATION_0107,Vikram Pandey,VEHICLE_00275,Vikram Pandey was observed near LOCATION_0107; no unusual activity reported.,FIELD_SURVEILLANCE_UNIT,0.77
SURV_01809,,2026-02-16 14:58:50,LOCATION_0099,Ritu Tiwari,VEHICLE_00592,Ritu Tiwari was observed near LOCATION_0099; no unusual activity reported.,FIELD_SURVEILLANCE_UNIT,0.72
SURV_01810,,2024-07-08 01:03:09,LOCATION_0280,Rahul Sharma,VEHICLE_00310,Rahul Sharma was observed near LOCATION_0280; no unusual activity reported.,FIELD_SURVEILLANCE_UNIT,0.57
SURV_01811,,2025-12-23 03:04:26,LOCATION_0076,Simran Agarwal,,Simran Agarwal was observed near LOCATION_0076; no unusual activity reported.,FIELD_SURVEILLANCE_UNIT,0.81
SURV_01812,,2024-11-15 01:37:07,LOCATION_0285,Tanvi P.,VEHICLE_00748,An individual resembling Tanvi P. was observed in the vicinity of LOCATION_0285.,FIELD_SURVEILLANCE_UNIT,0.72
SURV_01813,,2025-08-29 02:08:08,LOCATION_0219,Nisha S.,VEHICLE_00647,An individual resembling Nisha S. was observed in the vicinity of LOCATION_0219.,FIELD_SURVEILLANCE_UNIT,0.6
SURV_01814,,2025-12-30 04:50:16,LOCATION_0185,PankajNair,VEHICLE_00197,An individual resembling PankajNair was observed in the vicinity of LOCATION_0185.,FIELD_SURVEILLANCE_UNIT,0.77
SURV_01815,,2024-11-12 17:26:45,LOCATION_0001,Kirti Agarwal,VEHICLE_00599,Kirti Agarwal was observed near LOCATION_0001; no unusual activity reported.,FIELD_SURVEILLANCE_UNIT,0.61
SURV_01816,,2026-04-27 03:25:59,LOCATION_0111,sunita iyer,VEHICLE_00230,An individual resembling sunita iyer was observed in the vicinity of LOCATION_0111.,FIELD_SURVEILLANCE_UNIT,0.89
SURV_01817,,2025-09-13 02:45:12,LOCATION_0284,RaviGupta,,An individual resembling RaviGupta was observed in the vicinity of LOCATION_0284.,FIELD_SURVEILLANCE_UNIT,0.8
SURV_01818,,2024-09-14 18:39:14,LOCATION_0039,Tanvi Singh,,Tanvi Singh was observed near LOCATION_0039; no unusual activity reported.,FIELD_SURVEILLANCE_UNIT,0.79
SURV_01819,,2025-10-10 03:33:15,LOCATION_0241,Ravi Verma,,Ravi Verma was observed near LOCATION_0241; no unusual activity reported.,FIELD_SURVEILLANCE_UNIT,0.64
SURV_01820,,2024-09-18 12:36:17,LOCATION_0014,Harish Agarwal,,Harish Agarwal was observed near LOCATION_0014; no unusual activity reported.,FIELD_SURVEILLANCE_UNIT,0.71
SURV_01821,,2024-04-25 02:42:13,LOCATION_0009,SONIA NAIR,VEHICLE_00753,An individual resembling SONIA NAIR was observed in the vicinity of LOCATION_0009.,FIELD_SURVEILLANCE_UNIT,0.6
SURV_01822,,2024-07-13 17:56:18,LOCATION_0139,Suresh Meena,VEHICLE_00244,Suresh Meena was observed near LOCATION_0139; no unusual activity reported.,FIELD_SURVEILLANCE_UNIT,0.74
SURV_01823,,2025-04-19 21:42:45,LOCATION_0148,DIVYA REDDY,VEHICLE_00741,An individual resembling DIVYA REDDY was observed in the vicinity of LOCATION_0148.,FIELD_SURVEILLANCE_UNIT,0.77
SURV_01824,,2025-10-30 20:18:14,LOCATION_0087,Simran Choudhary,VEHICLE_00373,Simran Choudhary was observed near LOCATION_0087; no unusual activity reported.,FIELD_SURVEILLANCE_UNIT,0.7
SURV_01825,,2026-04-11 20:43:05,LOCATION_0155,Rekha Bhatt,VEHICLE_00704,Rekha Bhatt was observed near LOCATION_0155; no unusual activity reported.,FIELD_SURVEILLANCE_UNIT,0.81
SURV_01826,,2026-04-21 23:00:54,LOCATION_0208,Gaurav S.,,An individual resembling Gaurav S. was observed in the vicinity of LOCATION_0208.,FIELD_SURVEILLANCE_UNIT,0.75
SURV_01827,,2024-10-16 15:26:25,LOCATION_0096,Kirti Iyer,,Kirti Iyer was observed near LOCATION_0096; no unusual activity reported.,FIELD_SURVEILLANCE_UNIT,0.87
SURV_01828,,2024-05-04 07:03:22,LOCATION_0022,Sunita S.,,An individual resembling Sunita S. was observed in the vicinity of LOCATION_0022.,FIELD_SURVEILLANCE_UNIT,0.87
SURV_01829,,2024-10-03 16:17:55,LOCATION_0266,Karan Meena,,Karan Meena was observed near LOCATION_0266; no unusual activity reported.,FIELD_SURVEILLANCE_UNIT,0.67
SURV_01830,,2025-11-04 05:32:58,LOCATION_0291,Yash N.,VEHICLE_00162,An individual resembling Yash N. was observed in the vicinity of LOCATION_0291.,FIELD_SURVEILLANCE_UNIT,0.66
SURV_01831,,2024-11-22 17:53:48,LOCATION_0143,Isha Meena,VEHICLE_00501,Isha Meena was observed near LOCATION_0143; no unusual activity reported.,FIELD_SURVEILLANCE_UNIT,0.85
SURV_01832,,2026-04-02 22:26:46,LOCATION_0017,Yash S.,,An individual resembling Yash S. was observed in the vicinity of LOCATION_0017.,FIELD_SURVEILLANCE_UNIT,0.87
SURV_01833,,2024-10-08 19:40:12,LOCATION_0275,R. Choudhary,,An individual resembling R. Choudhary was observed in the vicinity of LOCATION_0275.,FIELD_SURVEILLANCE_UNIT,0.57
SURV_01834,,2026-05-26 23:40:36,LOCATION_0020,Divya B.,VEHICLE_00273,An individual resembling Divya B. was observed in the vicinity of LOCATION_0020.,FIELD_SURVEILLANCE_UNIT,0.88
SURV_01835,,2025-06-20 21:02:31,LOCATION_0243,Rohit Singh,VEHICLE_00033,Rohit Singh was observed near LOCATION_0243; no unusual activity reported.,FIELD_SURVEILLANCE_UNIT,0.85
SURV_01836,,2026-06-23 08:19:40,LOCATION_0080,Rahul N.,VEHICLE_00341,An individual resembling Rahul N. was observed in the vicinity of LOCATION_0080.,FIELD_SURVEILLANCE_UNIT,0.8
SURV_01837,,2026-04-09 01:21:09,LOCATION_0118,RahulChauhan,VEHICLE_00252,An individual resembling RahulChauhan was observed in the vicinity of LOCATION_0118.,FIELD_SURVEILLANCE_UNIT,0.84
SURV_01838,,2024-04-30 13:57:59,LOCATION_0187,Pooja Bhatt,,Pooja Bhatt was observed near LOCATION_0187; no unusual activity reported.,FIELD_SURVEILLANCE_UNIT,0.81
SURV_01839,,2025-04-13 23:03:21,LOCATION_0191,Anjali Singh,,Anjali Singh was observed near LOCATION_0191; no unusual activity reported.,FIELD_SURVEILLANCE_UNIT,0.79
SURV_01840,,2024-05-17 23:16:27,LOCATION_0135,anjali singh,VEHICLE_00639,An individual resembling anjali singh was observed in the vicinity of LOCATION_0135.,FIELD_SURVEILLANCE_UNIT,0.74
SURV_01841,,2025-02-22 05:55:56,LOCATION_0020,Vikram Chauhan,,Vikram Chauhan was observed near LOCATION_0020; no unusual activity reported.,FIELD_SURVEILLANCE_UNIT,0.68
SURV_01842,,2024-12-27 18:10:17,LOCATION_0115,Yash Joshi,VEHICLE_00192,Yash Joshi was observed near LOCATION_0115; no unusual activity reported.,FIELD_SURVEILLANCE_UNIT,0.62
SURV_01843,,2025-09-27 01:33:56,LOCATION_0020,Rekha Nair,VEHICLE_00608,Rekha Nair was observed near LOCATION_0020; no unusual activity reported.,FIELD_SURVEILLANCE_UNIT,0.68
SURV_01844,,2026-05-30 03:59:59,LOCATION_0053,Preeti Chauhan,,Preeti Chauhan was observed near LOCATION_0053; no unusual activity reported.,FIELD_SURVEILLANCE_UNIT,0.6
SURV_01845,,2024-01-01 11:23:07,LOCATION_0253,Ashok R.,,An individual resembling Ashok R. was observed in the vicinity of LOCATION_0253.,FIELD_SURVEILLANCE_UNIT,0.68
SURV_01846,,2026-03-26 15:39:51,LOCATION_0260,R. Nair,VEHICLE_00608,An individual resembling R. Nair was observed in the vicinity of LOCATION_0260.,FIELD_SURVEILLANCE_UNIT,0.88
SURV_01847,,2026-01-27 11:49:27,LOCATION_0156,Amit I.,VEHICLE_00012,An individual resembling Amit I. was observed in the vicinity of LOCATION_0156.,FIELD_SURVEILLANCE_UNIT,0.67
SURV_01848,,2024-08-24 20:36:39,LOCATION_0105,Kirti Reddy,,Kirti Reddy was observed near LOCATION_0105; no unusual activity reported.,FIELD_SURVEILLANCE_UNIT,0.85
SURV_01849,,2024-01-21 07:05:45,LOCATION_0223,Geeta Yadav,,Geeta Yadav was observed near LOCATION_0223; no unusual activity reported.,FIELD_SURVEILLANCE_UNIT,0.72
SURV_01850,,2024-01-10 17:41:55,LOCATION_0166,SONIA CHAUHAN,,An individual resembling SONIA CHAUHAN was observed in the vicinity of LOCATION_0166.,FIELD_SURVEILLANCE_UNIT,0.83
SURV_01851,,2025-08-08 23:39:30,LOCATION_0085,Sunita Kulkarni,VEHICLE_00097,Sunita Kulkarni was observed near LOCATION_0085; no unusual activity reported.,FIELD_SURVEILLANCE_UNIT,0.81
SURV_01852,,2025-02-04 06:17:39,LOCATION_0126,KavitaRathore,VEHICLE_00095,An individual resembling KavitaRathore was observed in the vicinity of LOCATION_0126.,FIELD_SURVEILLANCE_UNIT,0.87
SURV_01853,,2025-10-31 19:45:04,LOCATION_0004,Sanjay Chauhan,,Sanjay Chauhan was observed near LOCATION_0004; no unusual activity reported.,FIELD_SURVEILLANCE_UNIT,0.83
SURV_01854,,2025-01-16 20:18:34,LOCATION_0244,Meena Kulkarni,,Meena Kulkarni was observed near LOCATION_0244; no unusual activity reported.,FIELD_SURVEILLANCE_UNIT,0.81
SURV_01855,,2024-07-26 14:54:38,LOCATION_0024,Anjali Reddy,,Anjali Reddy was observed near LOCATION_0024; no unusual activity reported.,FIELD_SURVEILLANCE_UNIT,0.69
SURV_01856,,2024-08-09 07:00:57,LOCATION_0110,Divya Gupta,VEHICLE_00487,Divya Gupta was observed near LOCATION_0110; no unusual activity reported.,FIELD_SURVEILLANCE_UNIT,0.84
SURV_01857,,2024-12-14 20:54:45,LOCATION_0240,Rajesh M.,VEHICLE_00020,An individual resembling Rajesh M. was observed in the vicinity of LOCATION_0240.,FIELD_SURVEILLANCE_UNIT,0.58
SURV_01858,,2026-04-18 22:54:40,LOCATION_0297,Rekha Joshi,VEHICLE_00291,Rekha Joshi was observed near LOCATION_0297; no unusual activity reported.,FIELD_SURVEILLANCE_UNIT,0.83
SURV_01859,,2026-05-06 15:17:19,LOCATION_0046,Kirti Joshi,,Kirti Joshi was observed near LOCATION_0046; no unusual activity reported.,FIELD_SURVEILLANCE_UNIT,0.72
SURV_01860,,2026-04-12 05:43:11,LOCATION_0237,Sonia Sharma,VEHICLE_00035,Sonia Sharma was observed near LOCATION_0237; no unusual activity reported.,FIELD_SURVEILLANCE_UNIT,0.73
SURV_01861,,2024-07-20 09:31:16,LOCATION_0049,ANIL NAIDU,VEHICLE_00248,An individual resembling ANIL NAIDU was observed in the vicinity of LOCATION_0049.,FIELD_SURVEILLANCE_UNIT,0.87
SURV_01862,,2024-07-25 23:05:04,LOCATION_0288,A. Chauhan,,An individual resembling A. Chauhan was observed in the vicinity of LOCATION_0288.,FIELD_SURVEILLANCE_UNIT,0.75
SURV_01863,,2025-12-08 12:21:37,LOCATION_0071,Kirti A.,VEHICLE_00599,An individual resembling Kirti A. was observed in the vicinity of LOCATION_0071.,FIELD_SURVEILLANCE_UNIT,0.56
SURV_01864,,2025-10-07 02:31:14,LOCATION_0036,Sandeep Gupta,VEHICLE_00305,Sandeep Gupta was observed near LOCATION_0036; no unusual activity reported.,FIELD_SURVEILLANCE_UNIT,0.81
SURV_01865,,2025-08-03 04:48:49,LOCATION_0169,nisha verma,VEHICLE_00367,An individual resembling nisha verma was observed in the vicinity of LOCATION_0169.,FIELD_SURVEILLANCE_UNIT,0.57
SURV_01866,,2024-03-20 14:26:50,LOCATION_0121,Mohit Saxena,,Mohit Saxena was observed near LOCATION_0121; no unusual activity reported.,FIELD_SURVEILLANCE_UNIT,0.65
SURV_01867,,2026-04-09 09:01:27,LOCATION_0138,Divya Kapoor,VEHICLE_00621,Divya Kapoor was observed near LOCATION_0138; no unusual activity reported.,FIELD_SURVEILLANCE_UNIT,0.66
SURV_01868,,2024-05-15 18:28:23,LOCATION_0076,Rajesh Meena,,Rajesh Meena was observed near LOCATION_0076; no unusual activity reported.,FIELD_SURVEILLANCE_UNIT,0.88
SURV_01869,,2025-09-06 18:27:58,LOCATION_0042,D. Tiwari,,An individual resembling D. Tiwari was observed in the vicinity of LOCATION_0042.,FIELD_SURVEILLANCE_UNIT,0.6
SURV_01870,,2024-09-23 23:08:51,LOCATION_0235,Karan Gupta,,Karan Gupta was observed near LOCATION_0235; no unusual activity reported.,FIELD_SURVEILLANCE_UNIT,0.57
SURV_01871,,2024-08-10 07:38:36,LOCATION_0086,G. Agarwal,,An individual resembling G. Agarwal was observed in the vicinity of LOCATION_0086.,FIELD_SURVEILLANCE_UNIT,0.76
SURV_01872,,2024-11-12 14:12:23,LOCATION_0007,Swati Kulkarni,VEHICLE_00050,Swati Kulkarni was observed near LOCATION_0007; no unusual activity reported.,FIELD_SURVEILLANCE_UNIT,0.83
SURV_01873,,2024-06-15 15:22:26,LOCATION_0186,Sonia Choudhary,,Sonia Choudhary was observed near LOCATION_0186; no unusual activity reported.,FIELD_SURVEILLANCE_UNIT,0.55
SURV_01874,,2026-03-30 13:00:48,LOCATION_0292,Meena Nair,VEHICLE_00583,Meena Nair was observed near LOCATION_0292; no unusual activity reported.,FIELD_SURVEILLANCE_UNIT,0.82
SURV_01875,,2025-01-04 14:19:56,LOCATION_0014,Manju Joshi,VEHICLE_00015,Manju Joshi was observed near LOCATION_0014; no unusual activity reported.,FIELD_SURVEILLANCE_UNIT,0.75
SURV_01876,,2025-12-14 22:24:34,LOCATION_0206,Y. Meena,,An individual resembling Y. Meena was observed in the vicinity of LOCATION_0206.,FIELD_SURVEILLANCE_UNIT,0.64
SURV_01877,,2025-08-12 21:37:08,LOCATION_0102,SureshMishra,VEHICLE_00263,An individual resembling SureshMishra was observed in the vicinity of LOCATION_0102.,FIELD_SURVEILLANCE_UNIT,0.56
SURV_01878,,2024-05-23 13:36:03,LOCATION_0152,Manoj Iyer,VEHICLE_00740,Manoj Iyer was observed near LOCATION_0152; no unusual activity reported.,FIELD_SURVEILLANCE_UNIT,0.62
SURV_01879,,2025-12-17 12:41:56,LOCATION_0153,Isha S.,,An individual resembling Isha S. was observed in the vicinity of LOCATION_0153.,FIELD_SURVEILLANCE_UNIT,0.79
SURV_01880,,2024-11-21 18:00:37,LOCATION_0299,Rohit Chauhan,,Rohit Chauhan was observed near LOCATION_0299; no unusual activity reported.,FIELD_SURVEILLANCE_UNIT,0.69
SURV_01881,,2025-12-25 10:40:40,LOCATION_0172,Meena Joshi,VEHICLE_00617,Meena Joshi was observed near LOCATION_0172; no unusual activity reported.,FIELD_SURVEILLANCE_UNIT,0.64
SURV_01882,,2024-02-17 16:22:32,LOCATION_0032,Ritu Malhotra,,Ritu Malhotra was observed near LOCATION_0032; no unusual activity reported.,FIELD_SURVEILLANCE_UNIT,0.63
SURV_01883,,2024-02-24 20:11:58,LOCATION_0051,M. Gupta,VEHICLE_00238,An individual resembling M. Gupta was observed in the vicinity of LOCATION_0051.,FIELD_SURVEILLANCE_UNIT,0.62
SURV_01884,,2026-01-07 00:30:44,LOCATION_0001,gaurav bhatt,VEHICLE_00717,An individual resembling gaurav bhatt was observed in the vicinity of LOCATION_0001.,FIELD_SURVEILLANCE_UNIT,0.82
SURV_01885,,2025-12-09 13:32:52,LOCATION_0256,Divya Sharma,,Divya Sharma was observed near LOCATION_0256; no unusual activity reported.,FIELD_SURVEILLANCE_UNIT,0.71
SURV_01886,,2025-05-11 07:10:36,LOCATION_0145,Neha Kulkarni,,Neha Kulkarni was observed near LOCATION_0145; no unusual activity reported.,FIELD_SURVEILLANCE_UNIT,0.63
SURV_01887,,2026-02-04 03:41:43,LOCATION_0116,NaveenSingh,VEHICLE_00267,An individual resembling NaveenSingh was observed in the vicinity of LOCATION_0116.,FIELD_SURVEILLANCE_UNIT,0.79
SURV_01888,,2026-05-07 20:19:44,LOCATION_0102,VikramChauhan,,An individual resembling VikramChauhan was observed in the vicinity of LOCATION_0102.,FIELD_SURVEILLANCE_UNIT,0.83
SURV_01889,,2024-02-20 17:43:19,LOCATION_0277,NISHA CHAUHAN,VEHICLE_00145,An individual resembling NISHA CHAUHAN was observed in the vicinity of LOCATION_0277.,FIELD_SURVEILLANCE_UNIT,0.72
SURV_01890,,2026-02-06 01:27:50,LOCATION_0094,Rajesh Bhatt,VEHICLE_00611,Rajesh Bhatt was observed near LOCATION_0094; no unusual activity reported.,FIELD_SURVEILLANCE_UNIT,0.72
SURV_01891,,2025-01-02 21:42:57,LOCATION_0284,K. Chauhan,,An individual resembling K. Chauhan was observed in the vicinity of LOCATION_0284.,FIELD_SURVEILLANCE_UNIT,0.6
SURV_01892,,2025-08-24 04:01:22,LOCATION_0133,Rohit Singh,VEHICLE_00033,An individual resembling Rohit Singh was observed in the vicinity of LOCATION_0133.,FIELD_SURVEILLANCE_UNIT,0.82
SURV_01893,,2024-03-28 08:40:10,LOCATION_0014,Divya B.,,An individual resembling Divya B. was observed in the vicinity of LOCATION_0014.,FIELD_SURVEILLANCE_UNIT,0.78
SURV_01894,,2025-06-27 02:40:25,LOCATION_0220,Manju Chauhan,VEHICLE_00481,Manju Chauhan was observed near LOCATION_0220; no unusual activity reported.,FIELD_SURVEILLANCE_UNIT,0.84
SURV_01895,,2026-03-03 08:07:25,LOCATION_0220,Amit Pandey,VEHICLE_00562,Amit Pandey was observed near LOCATION_0220; no unusual activity reported.,FIELD_SURVEILLANCE_UNIT,0.87
SURV_01896,,2026-05-25 06:28:10,LOCATION_0149,A. Sharma,,An individual resembling A. Sharma was observed in the vicinity of LOCATION_0149.,FIELD_SURVEILLANCE_UNIT,0.61
SURV_01897,,2025-10-01 02:22:07,LOCATION_0084,K. Iyer,,An individual resembling K. Iyer was observed in the vicinity of LOCATION_0084.,FIELD_SURVEILLANCE_UNIT,0.71
SURV_01898,,2025-05-21 18:55:17,LOCATION_0001,deepika yadav,,An individual resembling deepika yadav was observed in the vicinity of LOCATION_0001.,FIELD_SURVEILLANCE_UNIT,0.58
SURV_01899,,2024-10-30 21:25:16,LOCATION_0034,Manju Bhatt,VEHICLE_00505,Manju Bhatt was observed near LOCATION_0034; no unusual activity reported.,FIELD_SURVEILLANCE_UNIT,0.85
SURV_01900,,2025-06-21 17:26:32,LOCATION_0118,Pankaj Choudhary,VEHICLE_00110,Pankaj Choudhary was observed near LOCATION_0118; no unusual activity reported.,FIELD_SURVEILLANCE_UNIT,0.64
SURV_01901,,2025-12-18 14:34:45,LOCATION_0228,KavitaSharma,VEHICLE_00526,An individual resembling KavitaSharma was observed in the vicinity of LOCATION_0228.,FIELD_SURVEILLANCE_UNIT,0.84
SURV_01902,,2024-09-08 06:33:54,LOCATION_0164,AnjaliKulkarni,VEHICLE_00698,An individual resembling AnjaliKulkarni was observed in the vicinity of LOCATION_0164.,FIELD_SURVEILLANCE_UNIT,0.76
SURV_01903,,2024-09-30 05:22:49,LOCATION_0017,SURESH KAPOOR,VEHICLE_00464,An individual resembling SURESH KAPOOR was observed in the vicinity of LOCATION_0017.,FIELD_SURVEILLANCE_UNIT,0.56
SURV_01904,,2025-03-05 13:30:47,LOCATION_0126,Amit Bansal,,Amit Bansal was observed near LOCATION_0126; no unusual activity reported.,FIELD_SURVEILLANCE_UNIT,0.87
SURV_01905,,2026-03-08 18:40:40,LOCATION_0283,Pankaj C.,,An individual resembling Pankaj C. was observed in the vicinity of LOCATION_0283.,FIELD_SURVEILLANCE_UNIT,0.77
SURV_01906,,2024-03-26 02:45:09,LOCATION_0028,Arjun Meena,VEHICLE_00609,Arjun Meena was observed near LOCATION_0028; no unusual activity reported.,FIELD_SURVEILLANCE_UNIT,0.67
SURV_01907,,2026-06-10 15:36:36,LOCATION_0122,Karan Yadav,,Karan Yadav was observed near LOCATION_0122; no unusual activity reported.,FIELD_SURVEILLANCE_UNIT,0.89
SURV_01908,,2024-01-28 12:52:03,LOCATION_0080,Arjun Singh,,Arjun Singh was observed near LOCATION_0080; no unusual activity reported.,FIELD_SURVEILLANCE_UNIT,0.73
SURV_01909,,2024-06-17 21:27:55,LOCATION_0170,Sunita Saxena,VEHICLE_00007,Sunita Saxena was observed near LOCATION_0170; no unusual activity reported.,FIELD_SURVEILLANCE_UNIT,0.61
SURV_01910,,2025-10-26 02:36:29,LOCATION_0156,nisha choudhary,VEHICLE_00626,An individual resembling nisha choudhary was observed in the vicinity of LOCATION_0156.,FIELD_SURVEILLANCE_UNIT,0.58
SURV_01911,,2026-05-23 10:08:19,LOCATION_0052,Pankaj Bhatt,,Pankaj Bhatt was observed near LOCATION_0052; no unusual activity reported.,FIELD_SURVEILLANCE_UNIT,0.74
SURV_01912,,2024-02-07 07:51:48,LOCATION_0249,Alka Chauhan,,Alka Chauhan was observed near LOCATION_0249; no unusual activity reported.,FIELD_SURVEILLANCE_UNIT,0.75
SURV_01913,,2024-03-01 10:04:58,LOCATION_0221,meena kapoor,,An individual resembling meena kapoor was observed in the vicinity of LOCATION_0221.,FIELD_SURVEILLANCE_UNIT,0.88
SURV_01914,,2026-03-10 22:04:31,LOCATION_0194,R. Bhatt,VEHICLE_00611,An individual resembling R. Bhatt was observed in the vicinity of LOCATION_0194.,FIELD_SURVEILLANCE_UNIT,0.66
SURV_01915,,2024-07-30 05:05:16,LOCATION_0072,NIKHIL CHAUHAN,,An individual resembling NIKHIL CHAUHAN was observed in the vicinity of LOCATION_0072.,FIELD_SURVEILLANCE_UNIT,0.59
SURV_01916,,2024-04-04 13:02:48,LOCATION_0191,Neha Agarwal,,Neha Agarwal was observed near LOCATION_0191; no unusual activity reported.,FIELD_SURVEILLANCE_UNIT,0.83
SURV_01917,,2026-01-09 03:54:19,LOCATION_0090,Nikhil Joshi,,Nikhil Joshi was observed near LOCATION_0090; no unusual activity reported.,FIELD_SURVEILLANCE_UNIT,0.86
SURV_01918,,2024-02-10 16:27:32,LOCATION_0299,Anita Joshi,,Anita Joshi was observed near LOCATION_0299; no unusual activity reported.,FIELD_SURVEILLANCE_UNIT,0.72
SURV_01919,,2024-06-13 03:20:40,LOCATION_0076,Kirti Gupta,VEHICLE_00737,Kirti Gupta was observed near LOCATION_0076; no unusual activity reported.,FIELD_SURVEILLANCE_UNIT,0.58
SURV_01920,,2024-01-01 03:09:14,LOCATION_0100,Anil Iyer,VEHICLE_00513,An individual resembling Anil Iyer was observed in the vicinity of LOCATION_0100.,FIELD_SURVEILLANCE_UNIT,0.6
SURV_01921,,2025-07-28 00:07:11,LOCATION_0103,Vikram Agarwal,VEHICLE_00345,Vikram Agarwal was observed near LOCATION_0103; no unusual activity reported.,FIELD_SURVEILLANCE_UNIT,0.82
SURV_01922,,2024-08-15 15:46:04,LOCATION_0076,Ravi Kulkarni,VEHICLE_00395,Ravi Kulkarni was observed near LOCATION_0076; no unusual activity reported.,FIELD_SURVEILLANCE_UNIT,0.82
SURV_01923,,2024-09-14 15:51:47,LOCATION_0215,Isha Kapoor,VEHICLE_00640,Isha Kapoor was observed near LOCATION_0215; no unusual activity reported.,FIELD_SURVEILLANCE_UNIT,0.82
SURV_01924,,2026-02-21 19:51:47,LOCATION_0227,SUNITA GUPTA,VEHICLE_00179,An individual resembling SUNITA GUPTA was observed in the vicinity of LOCATION_0227.,FIELD_SURVEILLANCE_UNIT,0.69
SURV_01925,,2025-03-05 17:33:49,LOCATION_0012,NikhilChauhan,,An individual resembling NikhilChauhan was observed in the vicinity of LOCATION_0012.,FIELD_SURVEILLANCE_UNIT,0.62
SURV_01926,,2026-04-19 20:53:29,LOCATION_0246,Anjali Chauhan,VEHICLE_00568,An individual resembling Anjali Chauhan was observed in the vicinity of LOCATION_0246.,FIELD_SURVEILLANCE_UNIT,0.56
SURV_01927,,2025-12-28 08:23:41,LOCATION_0196,Rajesh Naidu,VEHICLE_00384,Rajesh Naidu was observed near LOCATION_0196; no unusual activity reported.,FIELD_SURVEILLANCE_UNIT,0.73
SURV_01928,,2026-04-09 22:34:51,LOCATION_0026,Rekha Bhatt,VEHICLE_00690,Rekha Bhatt was observed near LOCATION_0026; no unusual activity reported.,FIELD_SURVEILLANCE_UNIT,0.83
SURV_01929,,2025-06-24 13:33:33,LOCATION_0268,yash yadav,,An individual resembling yash yadav was observed in the vicinity of LOCATION_0268.,FIELD_SURVEILLANCE_UNIT,0.71
SURV_01930,,2025-07-02 08:56:19,LOCATION_0170,AnilMeena,VEHICLE_00099,An individual resembling AnilMeena was observed in the vicinity of LOCATION_0170.,FIELD_SURVEILLANCE_UNIT,0.67
SURV_01931,,2025-03-02 16:34:33,LOCATION_0285,Tanvi P.,VEHICLE_00748,An individual resembling Tanvi P. was observed in the vicinity of LOCATION_0285.,FIELD_SURVEILLANCE_UNIT,0.79
SURV_01932,,2026-05-08 11:13:49,LOCATION_0016,Gaurav Agarwal,,Gaurav Agarwal was observed near LOCATION_0016; no unusual activity reported.,FIELD_SURVEILLANCE_UNIT,0.87
SURV_01933,,2026-05-09 10:42:39,LOCATION_0227,Preeti Choudhary,VEHICLE_00136,Preeti Choudhary was observed near LOCATION_0227; no unusual activity reported.,FIELD_SURVEILLANCE_UNIT,0.67
SURV_01934,,2024-11-09 01:15:32,LOCATION_0249,Ritu T.,VEHICLE_00592,An individual resembling Ritu T. was observed in the vicinity of LOCATION_0249.,FIELD_SURVEILLANCE_UNIT,0.69
SURV_01935,,2025-04-19 06:29:55,LOCATION_0154,Vikram Chauhan,,Vikram Chauhan was observed near LOCATION_0154; no unusual activity reported.,FIELD_SURVEILLANCE_UNIT,0.69
SURV_01936,,2024-04-06 00:44:11,LOCATION_0051,Nikhil Tiwari,VEHICLE_00321,Nikhil Tiwari was observed near LOCATION_0051; no unusual activity reported.,FIELD_SURVEILLANCE_UNIT,0.85
SURV_01937,,2024-12-08 17:35:30,LOCATION_0147,M. Choudhary,,An individual resembling M. Choudhary was observed in the vicinity of LOCATION_0147.,FIELD_SURVEILLANCE_UNIT,0.86
SURV_01938,,2026-04-06 14:20:08,LOCATION_0055,Ashok Malhotra,VEHICLE_00709,Ashok Malhotra was observed near LOCATION_0055; no unusual activity reported.,FIELD_SURVEILLANCE_UNIT,0.86
SURV_01939,,2025-02-05 05:39:55,LOCATION_0160,Naveen Saxena,VEHICLE_00006,Naveen Saxena was observed near LOCATION_0160; no unusual activity reported.,FIELD_SURVEILLANCE_UNIT,0.66
SURV_01940,,2026-06-04 19:40:39,LOCATION_0289,MANOJ MALHOTRA,,An individual resembling MANOJ MALHOTRA was observed in the vicinity of LOCATION_0289.,FIELD_SURVEILLANCE_UNIT,0.77
SURV_01941,,2025-03-10 01:35:35,LOCATION_0212,DEEPIKA SINGH,,An individual resembling DEEPIKA SINGH was observed in the vicinity of LOCATION_0212.,FIELD_SURVEILLANCE_UNIT,0.85
SURV_01942,,2025-09-09 03:44:00,LOCATION_0242,ritu pandey,,An individual resembling ritu pandey was observed in the vicinity of LOCATION_0242.,FIELD_SURVEILLANCE_UNIT,0.88
SURV_01943,,2026-03-24 04:16:38,LOCATION_0170,Manju Chauhan,VEHICLE_00481,Manju Chauhan was observed near LOCATION_0170; no unusual activity reported.,FIELD_SURVEILLANCE_UNIT,0.79
SURV_01944,,2024-05-27 22:09:59,LOCATION_0286,Sonia Saxena,VEHICLE_00343,Sonia Saxena was observed near LOCATION_0286; no unusual activity reported.,FIELD_SURVEILLANCE_UNIT,0.7
SURV_01945,,2024-01-19 11:01:04,LOCATION_0129,Ashok Singh,,Ashok Singh was observed near LOCATION_0129; no unusual activity reported.,FIELD_SURVEILLANCE_UNIT,0.63
SURV_01946,,2024-09-14 19:16:02,LOCATION_0267,S. Choudhary,VEHICLE_00373,An individual resembling S. Choudhary was observed in the vicinity of LOCATION_0267.,FIELD_SURVEILLANCE_UNIT,0.8
SURV_01947,,2026-06-01 22:21:51,LOCATION_0236,Deepika Saxena,VEHICLE_00697,Deepika Saxena was observed near LOCATION_0236; no unusual activity reported.,FIELD_SURVEILLANCE_UNIT,0.77
SURV_01948,,2024-06-26 18:24:09,LOCATION_0058,Vikram Pandey,,Vikram Pandey was observed near LOCATION_0058; no unusual activity reported.,FIELD_SURVEILLANCE_UNIT,0.73
SURV_01949,,2024-05-16 14:38:30,LOCATION_0123,Rahul Bansal,VEHICLE_00029,An individual resembling Rahul Bansal was observed in the vicinity of LOCATION_0123.,FIELD_SURVEILLANCE_UNIT,0.6
SURV_01950,,2025-04-05 04:43:33,LOCATION_0046,sonia sharma,VEHICLE_00545,An individual resembling sonia sharma was observed in the vicinity of LOCATION_0046.,FIELD_SURVEILLANCE_UNIT,0.69
SURV_01951,,2026-01-14 16:59:03,LOCATION_0081,Manju Kulkarni,VEHICLE_00607,Manju Kulkarni was observed near LOCATION_0081; no unusual activity reported.,FIELD_SURVEILLANCE_UNIT,0.75
SURV_01952,,2024-06-20 06:59:40,LOCATION_0204,Karan Joshi,VEHICLE_00414,Karan Joshi was observed near LOCATION_0204; no unusual activity reported.,FIELD_SURVEILLANCE_UNIT,0.82
SURV_01953,,2026-04-21 19:47:30,LOCATION_0139,nisha naidu,,An individual resembling nisha naidu was observed in the vicinity of LOCATION_0139.,FIELD_SURVEILLANCE_UNIT,0.81
SURV_01954,,2025-11-18 03:09:24,LOCATION_0224,Swati Iyer,,Swati Iyer was observed near LOCATION_0224; no unusual activity reported.,FIELD_SURVEILLANCE_UNIT,0.56
SURV_01955,,2025-10-09 21:29:05,LOCATION_0240,DivyaReddy,,An individual resembling DivyaReddy was observed in the vicinity of LOCATION_0240.,FIELD_SURVEILLANCE_UNIT,0.83
SURV_01956,,2026-04-15 14:07:07,LOCATION_0045,P. Meena,,An individual resembling P. Meena was observed in the vicinity of LOCATION_0045.,FIELD_SURVEILLANCE_UNIT,0.88
SURV_01957,,2024-12-15 22:52:54,LOCATION_0020,KavitaBhatt,VEHICLE_00500,An individual resembling KavitaBhatt was observed in the vicinity of LOCATION_0020.,FIELD_SURVEILLANCE_UNIT,0.58
SURV_01958,,2025-06-13 12:06:09,LOCATION_0014,S. Verma,,An individual resembling S. Verma was observed in the vicinity of LOCATION_0014.,FIELD_SURVEILLANCE_UNIT,0.73
SURV_01959,,2025-07-07 23:06:52,LOCATION_0153,Priya Bhatt,,Priya Bhatt was observed near LOCATION_0153; no unusual activity reported.,FIELD_SURVEILLANCE_UNIT,0.73
SURV_01960,,2025-10-29 13:33:27,LOCATION_0129,P. Naidu,VEHICLE_00346,An individual resembling P. Naidu was observed in the vicinity of LOCATION_0129.,FIELD_SURVEILLANCE_UNIT,0.84
SURV_01961,,2025-05-11 13:00:36,LOCATION_0271,Deepak Gupta,,Deepak Gupta was observed near LOCATION_0271; no unusual activity reported.,FIELD_SURVEILLANCE_UNIT,0.67
SURV_01962,,2024-12-15 04:12:12,LOCATION_0058,Rahul Pandey,VEHICLE_00680,Rahul Pandey was observed near LOCATION_0058; no unusual activity reported.,FIELD_SURVEILLANCE_UNIT,0.6
SURV_01963,,2024-02-11 15:22:40,LOCATION_0072,N. Iyer,,An individual resembling N. Iyer was observed in the vicinity of LOCATION_0072.,FIELD_SURVEILLANCE_UNIT,0.88
SURV_01964,,2025-07-31 15:41:59,LOCATION_0032,Pankaj Bhatt,,Pankaj Bhatt was observed near LOCATION_0032; no unusual activity reported.,FIELD_SURVEILLANCE_UNIT,0.55
SURV_01965,,2024-08-18 21:18:43,LOCATION_0155,AMIT TIWARI,,An individual resembling AMIT TIWARI was observed in the vicinity of LOCATION_0155.,FIELD_SURVEILLANCE_UNIT,0.85
SURV_01966,,2025-04-06 09:34:39,LOCATION_0279,Arjun I.,,An individual resembling Arjun I. was observed in the vicinity of LOCATION_0279.,FIELD_SURVEILLANCE_UNIT,0.82
SURV_01967,,2025-04-05 23:23:59,LOCATION_0166,Naveen Bansal,VEHICLE_00735,Naveen Bansal was observed near LOCATION_0166; no unusual activity reported.,FIELD_SURVEILLANCE_UNIT,0.75
SURV_01968,,2025-08-18 18:07:48,LOCATION_0234,Meena S.,,An individual resembling Meena S. was observed in the vicinity of LOCATION_0234.,FIELD_SURVEILLANCE_UNIT,0.56
SURV_01969,,2026-01-23 14:06:25,LOCATION_0254,Yash Gupta,VEHICLE_00405,Yash Gupta was observed near LOCATION_0254; no unusual activity reported.,FIELD_SURVEILLANCE_UNIT,0.6
SURV_01970,,2025-10-23 18:58:56,LOCATION_0079,Pooja Choudhary,,Pooja Choudhary was observed near LOCATION_0079; no unusual activity reported.,FIELD_SURVEILLANCE_UNIT,0.74
SURV_01971,,2024-03-16 03:45:35,LOCATION_0119,GauravPandey,,An individual resembling GauravPandey was observed in the vicinity of LOCATION_0119.,FIELD_SURVEILLANCE_UNIT,0.7
SURV_01972,,2026-01-28 06:58:22,LOCATION_0213,Rekha C.,,An individual resembling Rekha C. was observed in the vicinity of LOCATION_0213.,FIELD_SURVEILLANCE_UNIT,0.58
SURV_01973,,2024-07-01 15:26:56,LOCATION_0082,Meena I.,,An individual resembling Meena I. was observed in the vicinity of LOCATION_0082.,FIELD_SURVEILLANCE_UNIT,0.87
SURV_01974,,2026-02-10 17:37:07,LOCATION_0163,DivyaChoudhary,,An individual resembling DivyaChoudhary was observed in the vicinity of LOCATION_0163.,FIELD_SURVEILLANCE_UNIT,0.64
SURV_01975,,2024-04-22 06:05:37,LOCATION_0002,Karan Agarwal,VEHICLE_00381,Karan Agarwal was observed near LOCATION_0002; no unusual activity reported.,FIELD_SURVEILLANCE_UNIT,0.8
SURV_01976,,2024-01-06 17:43:41,LOCATION_0106,ALKA SAXENA,,An individual resembling ALKA SAXENA was observed in the vicinity of LOCATION_0106.,FIELD_SURVEILLANCE_UNIT,0.8
SURV_01977,,2026-03-01 20:58:30,LOCATION_0164,Rahul G.,VEHICLE_00441,An individual resembling Rahul G. was observed in the vicinity of LOCATION_0164.,FIELD_SURVEILLANCE_UNIT,0.58
SURV_01978,,2025-10-21 01:12:07,LOCATION_0106,Pooja V.,VEHICLE_00266,An individual resembling Pooja V. was observed in the vicinity of LOCATION_0106.,FIELD_SURVEILLANCE_UNIT,0.61
SURV_01979,,2025-08-12 09:24:19,LOCATION_0062,Rohit Chauhan,VEHICLE_00394,Rohit Chauhan was observed near LOCATION_0062; no unusual activity reported.,FIELD_SURVEILLANCE_UNIT,0.62
SURV_01980,,2026-04-13 10:52:32,LOCATION_0022,Meena Joshi,VEHICLE_00185,Meena Joshi was observed near LOCATION_0022; no unusual activity reported.,FIELD_SURVEILLANCE_UNIT,0.8
SURV_01981,,2024-05-10 13:16:24,LOCATION_0221,isha gupta,VEHICLE_00738,An individual resembling isha gupta was observed in the vicinity of LOCATION_0221.,FIELD_SURVEILLANCE_UNIT,0.58
SURV_01982,,2026-02-18 18:50:45,LOCATION_0084,Vivek Kapoor,,Vivek Kapoor was observed near LOCATION_0084; no unusual activity reported.,FIELD_SURVEILLANCE_UNIT,0.56
SURV_01983,,2025-04-06 05:35:29,LOCATION_0130,Deepak Pandey,,Deepak Pandey was observed near LOCATION_0130; no unusual activity reported.,FIELD_SURVEILLANCE_UNIT,0.57
SURV_01984,,2024-07-30 09:18:24,LOCATION_0283,Anjali Kapoor,VEHICLE_00196,Anjali Kapoor was observed near LOCATION_0283; no unusual activity reported.,FIELD_SURVEILLANCE_UNIT,0.88
SURV_01985,,2024-12-16 02:25:10,LOCATION_0153,Pankaj Chauhan,,Pankaj Chauhan was observed near LOCATION_0153; no unusual activity reported.,FIELD_SURVEILLANCE_UNIT,0.8
SURV_01986,,2024-11-02 23:49:02,LOCATION_0195,S. Bansal,VEHICLE_00100,An individual resembling S. Bansal was observed in the vicinity of LOCATION_0195.,FIELD_SURVEILLANCE_UNIT,0.56
SURV_01987,,2025-09-01 07:24:10,LOCATION_0044,Rahul Pandey,,An individual resembling Rahul Pandey was observed in the vicinity of LOCATION_0044.,FIELD_SURVEILLANCE_UNIT,0.65
SURV_01988,,2026-06-20 03:21:45,LOCATION_0133,P. Bhatt,VEHICLE_00686,An individual resembling P. Bhatt was observed in the vicinity of LOCATION_0133.,FIELD_SURVEILLANCE_UNIT,0.59
SURV_01989,,2024-06-14 22:34:46,LOCATION_0077,Shalini Mishra,,Shalini Mishra was observed near LOCATION_0077; no unusual activity reported.,FIELD_SURVEILLANCE_UNIT,0.58
SURV_01990,,2024-07-01 18:04:05,LOCATION_0077,Yash Kapoor,VEHICLE_00279,Yash Kapoor was observed near LOCATION_0077; no unusual activity reported.,FIELD_SURVEILLANCE_UNIT,0.86
SURV_01991,,2025-09-15 13:43:13,LOCATION_0042,POOJA VERMA,VEHICLE_00531,An individual resembling POOJA VERMA was observed in the vicinity of LOCATION_0042.,FIELD_SURVEILLANCE_UNIT,0.68
SURV_01992,,2026-06-07 10:03:32,LOCATION_0239,Pankaj Kapoor,VEHICLE_00756,An individual resembling Pankaj Kapoor was observed in the vicinity of LOCATION_0239.,FIELD_SURVEILLANCE_UNIT,0.82
SURV_01993,,2025-01-01 18:26:55,LOCATION_0170,S. Saxena,VEHICLE_00007,An individual resembling S. Saxena was observed in the vicinity of LOCATION_0170.,FIELD_SURVEILLANCE_UNIT,0.72
SURV_01994,,2026-01-13 03:47:47,LOCATION_0194,S. Choudhary,VEHICLE_00631,An individual resembling S. Choudhary was observed in the vicinity of LOCATION_0194.,FIELD_SURVEILLANCE_UNIT,0.76
SURV_01995,,2025-08-22 08:18:06,LOCATION_0019,S. Tiwari,,An individual resembling S. Tiwari was observed in the vicinity of LOCATION_0019.,FIELD_SURVEILLANCE_UNIT,0.61
SURV_01996,,2024-09-30 23:49:41,LOCATION_0106,amit reddy,,An individual resembling amit reddy was observed in the vicinity of LOCATION_0106.,FIELD_SURVEILLANCE_UNIT,0.77
SURV_01997,,2026-05-16 13:37:16,LOCATION_0020,Mohit Pandey,,Mohit Pandey was observed near LOCATION_0020; no unusual activity reported.,FIELD_SURVEILLANCE_UNIT,0.83
SURV_01998,,2025-02-19 22:24:34,LOCATION_0098,sonia yadav,VEHICLE_00477,An individual resembling sonia yadav was observed in the vicinity of LOCATION_0098.,FIELD_SURVEILLANCE_UNIT,0.75
SURV_01999,,2026-03-18 19:25:50,LOCATION_0122,Sanjay Agarwal,,Sanjay Agarwal was observed near LOCATION_0122; no unusual activity reported.,FIELD_SURVEILLANCE_UNIT,0.66
SURV_02000,,2024-07-08 06:29:00,LOCATION_0189,Sonia Saxena,VEHICLE_00503,Sonia Saxena was observed near LOCATION_0189; no unusual activity reported.,FIELD_SURVEILLANCE_UNIT,0.83
SURV_02001,,2024-11-01 13:46:15,LOCATION_0004,Meena Kulkarni,,Meena Kulkarni was observed near LOCATION_0004; no unusual activity reported.,FIELD_SURVEILLANCE_UNIT,0.75
SURV_02002,,2024-09-12 18:37:06,LOCATION_0276,NaveenMeena,,An individual resembling NaveenMeena was observed in the vicinity of LOCATION_0276.,FIELD_SURVEILLANCE_UNIT,0.82
SURV_02003,,2025-10-11 08:11:51,LOCATION_0010,G. Nair,VEHICLE_00158,An individual resembling G. Nair was observed in the vicinity of LOCATION_0010.,FIELD_SURVEILLANCE_UNIT,0.61
SURV_02004,,2024-09-11 00:45:32,LOCATION_0296,Pooja Gupta,VEHICLE_00581,Pooja Gupta was observed near LOCATION_0296; no unusual activity reported.,FIELD_SURVEILLANCE_UNIT,0.76
SURV_02005,,2025-11-21 09:08:52,LOCATION_0026,Sonia Pandey,,Sonia Pandey was observed near LOCATION_0026; no unusual activity reported.,FIELD_SURVEILLANCE_UNIT,0.57
SURV_02006,,2026-02-26 02:34:47,LOCATION_0018,Vivek Bhatt,VEHICLE_00731,Vivek Bhatt was observed near LOCATION_0018; no unusual activity reported.,FIELD_SURVEILLANCE_UNIT,0.83
SURV_02007,,2025-06-23 14:26:30,LOCATION_0284,Ashok Bansal,VEHICLE_00360,Ashok Bansal was observed near LOCATION_0284; no unusual activity reported.,FIELD_SURVEILLANCE_UNIT,0.81
SURV_02008,,2024-09-08 13:56:07,LOCATION_0209,A. Kapoor,VEHICLE_00447,An individual resembling A. Kapoor was observed in the vicinity of LOCATION_0209.,FIELD_SURVEILLANCE_UNIT,0.73
SURV_02009,,2025-03-29 11:35:05,LOCATION_0258,Anil Sharma,VEHICLE_00289,Anil Sharma was observed near LOCATION_0258; no unusual activity reported.,FIELD_SURVEILLANCE_UNIT,0.68
SURV_02010,,2025-04-25 23:56:30,LOCATION_0060,Vikram Chauhan,,An individual resembling Vikram Chauhan was observed in the vicinity of LOCATION_0060.,FIELD_SURVEILLANCE_UNIT,0.89
SURV_02011,,2024-06-06 05:21:04,LOCATION_0220,S. Gupta,,An individual resembling S. Gupta was observed in the vicinity of LOCATION_0220.,FIELD_SURVEILLANCE_UNIT,0.88
SURV_02012,,2024-02-26 14:28:32,LOCATION_0121,Nikhil Meena,VEHICLE_00666,Nikhil Meena was observed near LOCATION_0121; no unusual activity reported.,FIELD_SURVEILLANCE_UNIT,0.55
SURV_02013,,2024-12-01 04:51:13,LOCATION_0102,swati pandey,,An individual resembling swati pandey was observed in the vicinity of LOCATION_0102.,FIELD_SURVEILLANCE_UNIT,0.84
SURV_02014,,2025-05-04 13:09:24,LOCATION_0299,rajesh kapoor,,An individual resembling rajesh kapoor was observed in the vicinity of LOCATION_0299.,FIELD_SURVEILLANCE_UNIT,0.85
SURV_02015,,2024-06-16 09:59:25,LOCATION_0248,Simran Pandey,VEHICLE_00408,Simran Pandey was observed near LOCATION_0248; no unusual activity reported.,FIELD_SURVEILLANCE_UNIT,0.85
SURV_02016,,2026-03-08 08:10:06,LOCATION_0191,Yash Kulkarni,VEHICLE_00329,Yash Kulkarni was observed near LOCATION_0191; no unusual activity reported.,FIELD_SURVEILLANCE_UNIT,0.76
SURV_02017,,2025-08-07 22:37:32,LOCATION_0199,Rahul Saxena,,Rahul Saxena was observed near LOCATION_0199; no unusual activity reported.,FIELD_SURVEILLANCE_UNIT,0.77
SURV_02018,,2025-07-10 20:40:34,LOCATION_0082,Deepak N.,VEHICLE_00423,An individual resembling Deepak N. was observed in the vicinity of LOCATION_0082.,FIELD_SURVEILLANCE_UNIT,0.59
SURV_02019,,2025-06-21 22:21:12,LOCATION_0105,A. Choudhary,,An individual resembling A. Choudhary was observed in the vicinity of LOCATION_0105.,FIELD_SURVEILLANCE_UNIT,0.58
SURV_02020,,2025-09-11 18:26:29,LOCATION_0236,Geeta G.,VEHICLE_00391,An individual resembling Geeta G. was observed in the vicinity of LOCATION_0236.,FIELD_SURVEILLANCE_UNIT,0.86
SURV_02021,,2026-05-16 18:55:52,LOCATION_0092,Gaurav Reddy,,Gaurav Reddy was observed near LOCATION_0092; no unusual activity reported.,FIELD_SURVEILLANCE_UNIT,0.64
SURV_02022,,2024-03-02 11:08:50,LOCATION_0286,Naveen Bansal,VEHICLE_00735,Naveen Bansal was observed near LOCATION_0286; no unusual activity reported.,FIELD_SURVEILLANCE_UNIT,0.67
SURV_02023,,2025-11-10 17:26:21,LOCATION_0161,Gaurav Joshi,,Gaurav Joshi was observed near LOCATION_0161; no unusual activity reported.,FIELD_SURVEILLANCE_UNIT,0.86
SURV_02024,,2025-05-06 07:35:26,LOCATION_0245,yash joshi,VEHICLE_00192,An individual resembling yash joshi was observed in the vicinity of LOCATION_0245.,FIELD_SURVEILLANCE_UNIT,0.66
SURV_02025,,2025-07-09 13:01:13,LOCATION_0114,VivekKapoor,,An individual resembling VivekKapoor was observed in the vicinity of LOCATION_0114.,FIELD_SURVEILLANCE_UNIT,0.75
SURV_02026,,2025-05-08 13:53:29,LOCATION_0283,D. Sharma,,An individual resembling D. Sharma was observed in the vicinity of LOCATION_0283.,FIELD_SURVEILLANCE_UNIT,0.59
SURV_02027,,2024-10-24 08:45:11,LOCATION_0144,Isha Chauhan,,An individual resembling Isha Chauhan was observed in the vicinity of LOCATION_0144.,FIELD_SURVEILLANCE_UNIT,0.67
SURV_02028,,2026-04-23 11:00:19,LOCATION_0153,S. Yadav,,An individual resembling S. Yadav was observed in the vicinity of LOCATION_0153.,FIELD_SURVEILLANCE_UNIT,0.89
SURV_02029,,2024-07-17 04:37:49,LOCATION_0263,Isha Singh,,Isha Singh was observed near LOCATION_0263; no unusual activity reported.,FIELD_SURVEILLANCE_UNIT,0.76
SURV_02030,,2024-09-02 04:47:13,LOCATION_0259,Gaurav Verma,,Gaurav Verma was observed near LOCATION_0259; no unusual activity reported.,FIELD_SURVEILLANCE_UNIT,0.58
SURV_02031,,2026-02-27 02:05:02,LOCATION_0019,Yash Sharma,,Yash Sharma was observed near LOCATION_0019; no unusual activity reported.,FIELD_SURVEILLANCE_UNIT,0.73
SURV_02032,,2025-04-29 06:07:26,LOCATION_0246,Rajesh Naidu,VEHICLE_00384,Rajesh Naidu was observed near LOCATION_0246; no unusual activity reported.,FIELD_SURVEILLANCE_UNIT,0.58
SURV_02033,,2025-04-09 23:57:05,LOCATION_0222,VIKRAM CHAUHAN,,An individual resembling VIKRAM CHAUHAN was observed in the vicinity of LOCATION_0222.,FIELD_SURVEILLANCE_UNIT,0.88
SURV_02034,,2026-02-02 01:22:24,LOCATION_0091,Deepak Bansal,VEHICLE_00106,Deepak Bansal was observed near LOCATION_0091; no unusual activity reported.,FIELD_SURVEILLANCE_UNIT,0.59
SURV_02035,,2024-06-19 11:06:23,LOCATION_0001,Aman Naidu,,Aman Naidu was observed near LOCATION_0001; no unusual activity reported.,FIELD_SURVEILLANCE_UNIT,0.66
SURV_02036,,2024-02-01 20:20:53,LOCATION_0299,Alka Bansal,,Alka Bansal was observed near LOCATION_0299; no unusual activity reported.,FIELD_SURVEILLANCE_UNIT,0.83
SURV_02037,,2026-01-17 20:48:36,LOCATION_0114,A. Reddy,,An individual resembling A. Reddy was observed in the vicinity of LOCATION_0114.,FIELD_SURVEILLANCE_UNIT,0.68
SURV_02038,,2026-03-03 11:15:37,LOCATION_0068,R. Kapoor,VEHICLE_00150,An individual resembling R. Kapoor was observed in the vicinity of LOCATION_0068.,FIELD_SURVEILLANCE_UNIT,0.71
SURV_02039,,2025-11-07 20:32:53,LOCATION_0215,Ravi Choudhary,,Ravi Choudhary was observed near LOCATION_0215; no unusual activity reported.,FIELD_SURVEILLANCE_UNIT,0.8
SURV_02040,,2025-04-03 20:31:44,LOCATION_0011,sunita kapoor,VEHICLE_00322,An individual resembling sunita kapoor was observed in the vicinity of LOCATION_0011.,FIELD_SURVEILLANCE_UNIT,0.77
SURV_02041,,2024-01-28 03:31:56,LOCATION_0006,Deepika Chauhan,,Deepika Chauhan was observed near LOCATION_0006; no unusual activity reported.,FIELD_SURVEILLANCE_UNIT,0.7
SURV_02042,,2024-09-03 02:47:12,LOCATION_0177,Sanjay Singh,VEHICLE_00754,Sanjay Singh was observed near LOCATION_0177; no unusual activity reported.,FIELD_SURVEILLANCE_UNIT,0.88
SURV_02043,,2025-11-15 12:17:09,LOCATION_0221,Rajesh G.,VEHICLE_00042,An individual resembling Rajesh G. was observed in the vicinity of LOCATION_0221.,FIELD_SURVEILLANCE_UNIT,0.57
SURV_02044,,2024-11-25 10:02:30,LOCATION_0231,harish gupta,VEHICLE_00217,An individual resembling harish gupta was observed in the vicinity of LOCATION_0231.,FIELD_SURVEILLANCE_UNIT,0.89
SURV_02045,,2024-07-27 12:54:04,LOCATION_0097,SONIA AGARWAL,VEHICLE_00221,An individual resembling SONIA AGARWAL was observed in the vicinity of LOCATION_0097.,FIELD_SURVEILLANCE_UNIT,0.58
SURV_02046,,2024-02-28 18:48:14,LOCATION_0047,Kavita Choudhary,,Kavita Choudhary was observed near LOCATION_0047; no unusual activity reported.,FIELD_SURVEILLANCE_UNIT,0.75
SURV_02047,,2024-12-06 10:46:37,LOCATION_0300,Karan Choudhary,,Karan Choudhary was observed near LOCATION_0300; no unusual activity reported.,FIELD_SURVEILLANCE_UNIT,0.68
SURV_02048,,2024-04-23 05:56:21,LOCATION_0036,kirti joshi,,An individual resembling kirti joshi was observed in the vicinity of LOCATION_0036.,FIELD_SURVEILLANCE_UNIT,0.86
SURV_02049,,2024-05-04 02:43:38,LOCATION_0001,A. Yadav,,An individual resembling A. Yadav was observed in the vicinity of LOCATION_0001.,FIELD_SURVEILLANCE_UNIT,0.55
SURV_02050,,2025-08-12 18:21:04,LOCATION_0094,S. Bansal,,An individual resembling S. Bansal was observed in the vicinity of LOCATION_0094.,FIELD_SURVEILLANCE_UNIT,0.68
SURV_02051,,2025-07-10 09:49:23,LOCATION_0220,Anil Meena,VEHICLE_00099,Anil Meena was observed near LOCATION_0220; no unusual activity reported.,FIELD_SURVEILLANCE_UNIT,0.63
SURV_02052,,2024-09-16 02:20:44,LOCATION_0106,Gaurav Agarwal,,Gaurav Agarwal was observed near LOCATION_0106; no unusual activity reported.,FIELD_SURVEILLANCE_UNIT,0.79
SURV_02053,,2025-08-28 11:06:11,LOCATION_0297,Kavita Bhatt,,An individual resembling Kavita Bhatt was observed in the vicinity of LOCATION_0297.,FIELD_SURVEILLANCE_UNIT,0.69
SURV_02054,,2024-08-08 07:23:19,LOCATION_0141,Alka Bhatt,VEHICLE_00547,Alka Bhatt was observed near LOCATION_0141; no unusual activity reported.,FIELD_SURVEILLANCE_UNIT,0.65
SURV_02055,,2026-05-02 14:58:07,LOCATION_0236,sunita saxena,VEHICLE_00146,An individual resembling sunita saxena was observed in the vicinity of LOCATION_0236.,FIELD_SURVEILLANCE_UNIT,0.59
SURV_02056,,2024-04-02 18:01:10,LOCATION_0299,Nisha Gupta,VEHICLE_00126,Nisha Gupta was observed near LOCATION_0299; no unusual activity reported.,FIELD_SURVEILLANCE_UNIT,0.81
SURV_02057,,2024-05-02 16:38:40,LOCATION_0115,tanvi pandey,VEHICLE_00748,An individual resembling tanvi pandey was observed in the vicinity of LOCATION_0115.,FIELD_SURVEILLANCE_UNIT,0.8
SURV_02058,,2025-02-22 02:39:23,LOCATION_0243,KaranTiwari,,An individual resembling KaranTiwari was observed in the vicinity of LOCATION_0243.,FIELD_SURVEILLANCE_UNIT,0.88
SURV_02059,,2025-05-17 12:09:07,LOCATION_0199,simran chauhan,,An individual resembling simran chauhan was observed in the vicinity of LOCATION_0199.,FIELD_SURVEILLANCE_UNIT,0.61
SURV_02060,,2025-07-10 15:05:47,LOCATION_0121,IshaGupta,VEHICLE_00738,An individual resembling IshaGupta was observed in the vicinity of LOCATION_0121.,FIELD_SURVEILLANCE_UNIT,0.82
SURV_02061,,2024-02-20 17:00:01,LOCATION_0100,Naveen S.,VEHICLE_00006,An individual resembling Naveen S. was observed in the vicinity of LOCATION_0100.,FIELD_SURVEILLANCE_UNIT,0.58
SURV_02062,,2024-12-08 17:17:28,LOCATION_0108,Rekha Meena,,Rekha Meena was observed near LOCATION_0108; no unusual activity reported.,FIELD_SURVEILLANCE_UNIT,0.57
SURV_02063,,2024-10-10 06:33:24,LOCATION_0127,P. Naidu,VEHICLE_00246,An individual resembling P. Naidu was observed in the vicinity of LOCATION_0127.,FIELD_SURVEILLANCE_UNIT,0.83
SURV_02064,,2025-01-16 07:28:45,LOCATION_0147,kavita tiwari,VEHICLE_00663,An individual resembling kavita tiwari was observed in the vicinity of LOCATION_0147.,FIELD_SURVEILLANCE_UNIT,0.85
SURV_02065,,2024-10-12 09:06:47,LOCATION_0179,Anil Sharma,,Anil Sharma was observed near LOCATION_0179; no unusual activity reported.,FIELD_SURVEILLANCE_UNIT,0.69
SURV_02066,,2026-06-05 06:45:43,LOCATION_0168,Sanjay Meena,,Sanjay Meena was observed near LOCATION_0168; no unusual activity reported.,FIELD_SURVEILLANCE_UNIT,0.82
SURV_02067,,2024-06-18 02:13:29,LOCATION_0063,Arjun Joshi,,Arjun Joshi was observed near LOCATION_0063; no unusual activity reported.,FIELD_SURVEILLANCE_UNIT,0.56
SURV_02068,,2024-08-01 23:59:19,LOCATION_0106,Rajesh R.,VEHICLE_00401,An individual resembling Rajesh R. was observed in the vicinity of LOCATION_0106.,FIELD_SURVEILLANCE_UNIT,0.84
SURV_02069,,2025-05-24 00:40:50,LOCATION_0197,Ritu Singh,,Ritu Singh was observed near LOCATION_0197; no unusual activity reported.,FIELD_SURVEILLANCE_UNIT,0.66
SURV_02070,,2025-09-21 06:50:17,LOCATION_0087,Ritu Gupta,,Ritu Gupta was observed near LOCATION_0087; no unusual activity reported.,FIELD_SURVEILLANCE_UNIT,0.66
SURV_02071,,2026-04-08 20:44:58,LOCATION_0275,V. Choudhary,,An individual resembling V. Choudhary was observed in the vicinity of LOCATION_0275.,FIELD_SURVEILLANCE_UNIT,0.57
SURV_02072,,2025-08-11 20:13:02,LOCATION_0024,Sanjay Verma,VEHICLE_00116,Sanjay Verma was observed near LOCATION_0024; no unusual activity reported.,FIELD_SURVEILLANCE_UNIT,0.58
SURV_02073,,2025-08-28 04:32:15,LOCATION_0119,SimranPandey,VEHICLE_00118,An individual resembling SimranPandey was observed in the vicinity of LOCATION_0119.,FIELD_SURVEILLANCE_UNIT,0.82
SURV_02074,,2026-05-19 01:08:33,LOCATION_0074,Neha Iyer,VEHICLE_00739,Neha Iyer was observed near LOCATION_0074; no unusual activity reported.,FIELD_SURVEILLANCE_UNIT,0.82
SURV_02075,,2024-04-25 03:53:14,LOCATION_0069,Isha Saxena,,Isha Saxena was observed near LOCATION_0069; no unusual activity reported.,FIELD_SURVEILLANCE_UNIT,0.87
SURV_02076,,2025-01-28 15:14:37,LOCATION_0152,Priya Verma,,Priya Verma was observed near LOCATION_0152; no unusual activity reported.,FIELD_SURVEILLANCE_UNIT,0.74
SURV_02077,,2025-03-07 17:38:01,LOCATION_0176,Gaurav Pandey,,Gaurav Pandey was observed near LOCATION_0176; no unusual activity reported.,FIELD_SURVEILLANCE_UNIT,0.88
SURV_02078,,2024-01-22 11:00:07,LOCATION_0120,Nikhil Rathore,VEHICLE_00188,Nikhil Rathore was observed near LOCATION_0120; no unusual activity reported.,FIELD_SURVEILLANCE_UNIT,0.83
SURV_02079,,2024-05-02 18:27:50,LOCATION_0197,Sonia Kulkarni,,Sonia Kulkarni was observed near LOCATION_0197; no unusual activity reported.,FIELD_SURVEILLANCE_UNIT,0.73
SURV_02080,,2026-03-04 03:29:28,LOCATION_0188,divya tiwari,VEHICLE_00522,An individual resembling divya tiwari was observed in the vicinity of LOCATION_0188.,FIELD_SURVEILLANCE_UNIT,0.56
SURV_02081,,2024-05-17 15:17:53,LOCATION_0242,Rajesh C.,,An individual resembling Rajesh C. was observed in the vicinity of LOCATION_0242.,FIELD_SURVEILLANCE_UNIT,0.62
SURV_02082,,2025-07-06 16:10:00,LOCATION_0007,VikramPandey,VEHICLE_00275,An individual resembling VikramPandey was observed in the vicinity of LOCATION_0007.,FIELD_SURVEILLANCE_UNIT,0.67
SURV_02083,,2025-06-13 22:58:04,LOCATION_0194,AmitKulkarni,,An individual resembling AmitKulkarni was observed in the vicinity of LOCATION_0194.,FIELD_SURVEILLANCE_UNIT,0.75
SURV_02084,,2025-10-29 00:07:02,LOCATION_0158,AnilSaxena,,An individual resembling AnilSaxena was observed in the vicinity of LOCATION_0158.,FIELD_SURVEILLANCE_UNIT,0.66
SURV_02085,,2025-02-23 07:34:52,LOCATION_0153,Aman Chauhan,,Aman Chauhan was observed near LOCATION_0153; no unusual activity reported.,FIELD_SURVEILLANCE_UNIT,0.68
SURV_02086,,2025-12-06 16:07:14,LOCATION_0282,AlkaReddy,,An individual resembling AlkaReddy was observed in the vicinity of LOCATION_0282.,FIELD_SURVEILLANCE_UNIT,0.82
SURV_02087,,2026-05-24 09:54:17,LOCATION_0017,RAVI YADAV,VEHICLE_00534,An individual resembling RAVI YADAV was observed in the vicinity of LOCATION_0017.,FIELD_SURVEILLANCE_UNIT,0.56
SURV_02088,,2025-12-07 16:59:55,LOCATION_0204,Vikram Tiwari,VEHICLE_00660,Vikram Tiwari was observed near LOCATION_0204; no unusual activity reported.,FIELD_SURVEILLANCE_UNIT,0.83
SURV_02089,,2026-01-26 06:23:04,LOCATION_0295,Tanvi P.,VEHICLE_00748,An individual resembling Tanvi P. was observed in the vicinity of LOCATION_0295.,FIELD_SURVEILLANCE_UNIT,0.88
SURV_02090,,2026-02-25 18:28:43,LOCATION_0051,Kavita Nair,,Kavita Nair was observed near LOCATION_0051; no unusual activity reported.,FIELD_SURVEILLANCE_UNIT,0.81
SURV_02091,,2025-02-20 19:53:40,LOCATION_0033,Simran Agarwal,VEHICLE_00502,Simran Agarwal was observed near LOCATION_0033; no unusual activity reported.,FIELD_SURVEILLANCE_UNIT,0.7
SURV_02092,,2026-01-01 01:10:54,LOCATION_0211,Aman Yadav,VEHICLE_00667,Aman Yadav was observed near LOCATION_0211; no unusual activity reported.,FIELD_SURVEILLANCE_UNIT,0.72
SURV_02093,,2025-08-30 17:57:25,LOCATION_0062,Neha Naidu,,Neha Naidu was observed near LOCATION_0062; no unusual activity reported.,FIELD_SURVEILLANCE_UNIT,0.63
SURV_02094,,2025-05-07 23:05:50,LOCATION_0089,Ravi R.,VEHICLE_00304,An individual resembling Ravi R. was observed in the vicinity of LOCATION_0089.,FIELD_SURVEILLANCE_UNIT,0.58
SURV_02095,,2026-05-21 06:44:30,LOCATION_0066,ravi meena,VEHICLE_00673,An individual resembling ravi meena was observed in the vicinity of LOCATION_0066.,FIELD_SURVEILLANCE_UNIT,0.83
SURV_02096,,2025-05-25 17:50:53,LOCATION_0061,Karan Nair,VEHICLE_00454,Karan Nair was observed near LOCATION_0061; no unusual activity reported.,FIELD_SURVEILLANCE_UNIT,0.78
SURV_02097,,2025-05-20 18:25:31,LOCATION_0170,Divya Reddy,,Divya Reddy was observed near LOCATION_0170; no unusual activity reported.,FIELD_SURVEILLANCE_UNIT,0.63
SURV_02098,,2024-01-04 07:04:29,LOCATION_0218,V. Choudhary,,An individual resembling V. Choudhary was observed in the vicinity of LOCATION_0218.,FIELD_SURVEILLANCE_UNIT,0.77
SURV_02099,,2025-02-20 01:32:15,LOCATION_0297,V. Rathore,,An individual resembling V. Rathore was observed in the vicinity of LOCATION_0297.,FIELD_SURVEILLANCE_UNIT,0.8
SURV_02100,,2024-12-28 10:43:14,LOCATION_0076,Vivek Bhatt,VEHICLE_00268,Vivek Bhatt was observed near LOCATION_0076; no unusual activity reported.,FIELD_SURVEILLANCE_UNIT,0.75
SURV_02101,,2024-09-25 16:58:21,LOCATION_0243,Ravi Bhatt,,Ravi Bhatt was observed near LOCATION_0243; no unusual activity reported.,FIELD_SURVEILLANCE_UNIT,0.88
SURV_02102,,2024-03-22 11:44:16,LOCATION_0011,GauravTiwari,VEHICLE_00261,An individual resembling GauravTiwari was observed in the vicinity of LOCATION_0011.,FIELD_SURVEILLANCE_UNIT,0.73
SURV_02103,,2025-07-04 15:39:06,LOCATION_0007,Ritu Pandey,,Ritu Pandey was observed near LOCATION_0007; no unusual activity reported.,FIELD_SURVEILLANCE_UNIT,0.84
SURV_02104,,2024-09-05 00:26:59,LOCATION_0265,RekhaSingh,VEHICLE_00109,An individual resembling RekhaSingh was observed in the vicinity of LOCATION_0265.,FIELD_SURVEILLANCE_UNIT,0.77
SURV_02105,,2025-05-23 10:37:00,LOCATION_0228,Isha Agarwal,VEHICLE_00272,Isha Agarwal was observed near LOCATION_0228; no unusual activity reported.,FIELD_SURVEILLANCE_UNIT,0.56
SURV_02106,,2026-03-13 19:13:56,LOCATION_0019,Vivek M.,VEHICLE_00269,An individual resembling Vivek M. was observed in the vicinity of LOCATION_0019.,FIELD_SURVEILLANCE_UNIT,0.65
SURV_02107,,2024-01-14 02:16:04,LOCATION_0049,MANOJ YADAV,,An individual resembling MANOJ YADAV was observed in the vicinity of LOCATION_0049.,FIELD_SURVEILLANCE_UNIT,0.77
SURV_02108,,2026-01-09 21:38:02,LOCATION_0050,SONIA RATHORE,VEHICLE_00417,An individual resembling SONIA RATHORE was observed in the vicinity of LOCATION_0050.,FIELD_SURVEILLANCE_UNIT,0.68
SURV_02109,,2024-07-02 19:03:30,LOCATION_0082,Anil Kulkarni,VEHICLE_00550,Anil Kulkarni was observed near LOCATION_0082; no unusual activity reported.,FIELD_SURVEILLANCE_UNIT,0.55
SURV_02110,,2025-01-17 11:37:53,LOCATION_0090,Sandeep Malhotra,,Sandeep Malhotra was observed near LOCATION_0090; no unusual activity reported.,FIELD_SURVEILLANCE_UNIT,0.84
SURV_02111,,2025-04-22 08:42:49,LOCATION_0082,D. Tiwari,VEHICLE_00465,An individual resembling D. Tiwari was observed in the vicinity of LOCATION_0082.,FIELD_SURVEILLANCE_UNIT,0.83
SURV_02112,,2024-11-20 01:02:32,LOCATION_0254,Nikhil I.,VEHICLE_00173,An individual resembling Nikhil I. was observed in the vicinity of LOCATION_0254.,FIELD_SURVEILLANCE_UNIT,0.69
SURV_02113,,2025-08-29 07:02:01,LOCATION_0092,Deepak N.,VEHICLE_00423,An individual resembling Deepak N. was observed in the vicinity of LOCATION_0092.,FIELD_SURVEILLANCE_UNIT,0.58
SURV_02114,,2024-07-24 17:14:28,LOCATION_0133,AnjaliChoudhary,VEHICLE_00111,An individual resembling AnjaliChoudhary was observed in the vicinity of LOCATION_0133.,FIELD_SURVEILLANCE_UNIT,0.79
SURV_02115,,2025-11-01 10:31:22,LOCATION_0053,Sonia Nair,VEHICLE_00590,Sonia Nair was observed near LOCATION_0053; no unusual activity reported.,FIELD_SURVEILLANCE_UNIT,0.84
SURV_02116,,2025-10-12 19:15:12,LOCATION_0281,Deepika Kapoor,VEHICLE_00600,Deepika Kapoor was observed near LOCATION_0281; no unusual activity reported.,FIELD_SURVEILLANCE_UNIT,0.8
SURV_02117,,2025-08-22 23:48:26,LOCATION_0030,Shalini Singh,VEHICLE_00576,Shalini Singh was observed near LOCATION_0030; no unusual activity reported.,FIELD_SURVEILLANCE_UNIT,0.85
SURV_02118,,2024-06-03 00:06:25,LOCATION_0268,Anil Gupta,,Anil Gupta was observed near LOCATION_0268; no unusual activity reported.,FIELD_SURVEILLANCE_UNIT,0.67
SURV_02119,,2026-02-08 15:30:09,LOCATION_0280,Suresh Kulkarni,,Suresh Kulkarni was observed near LOCATION_0280; no unusual activity reported.,FIELD_SURVEILLANCE_UNIT,0.86
SURV_02120,,2024-12-30 13:39:09,LOCATION_0227,RITU YADAV,,An individual resembling RITU YADAV was observed in the vicinity of LOCATION_0227.,FIELD_SURVEILLANCE_UNIT,0.56
SURV_02121,,2026-05-01 22:02:59,LOCATION_0235,Manju Pandey,,Manju Pandey was observed near LOCATION_0235; no unusual activity reported.,FIELD_SURVEILLANCE_UNIT,0.6
SURV_02122,,2026-06-10 11:57:39,LOCATION_0226,Naveen Singh,VEHICLE_00267,Naveen Singh was observed near LOCATION_0226; no unusual activity reported.,FIELD_SURVEILLANCE_UNIT,0.6
SURV_02123,,2025-12-11 18:10:36,LOCATION_0284,AnjaliReddy,,An individual resembling AnjaliReddy was observed in the vicinity of LOCATION_0284.,FIELD_SURVEILLANCE_UNIT,0.83
SURV_02124,,2026-05-04 14:59:14,LOCATION_0023,Arjun Choudhary,,Arjun Choudhary was observed near LOCATION_0023; no unusual activity reported.,FIELD_SURVEILLANCE_UNIT,0.89
SURV_02125,,2025-12-28 05:18:39,LOCATION_0143,Isha Singh,,Isha Singh was observed near LOCATION_0143; no unusual activity reported.,FIELD_SURVEILLANCE_UNIT,0.61
SURV_02126,,2025-11-27 03:28:28,LOCATION_0289,SANJAY NAIDU,VEHICLE_00517,An individual resembling SANJAY NAIDU was observed in the vicinity of LOCATION_0289.,FIELD_SURVEILLANCE_UNIT,0.57
SURV_02127,,2024-04-02 06:43:26,LOCATION_0208,SANDEEP PANDEY,VEHICLE_00535,An individual resembling SANDEEP PANDEY was observed in the vicinity of LOCATION_0208.,FIELD_SURVEILLANCE_UNIT,0.9
SURV_02128,,2024-03-27 06:13:41,LOCATION_0219,Aman Choudhary,VEHICLE_00063,Aman Choudhary was observed near LOCATION_0219; no unusual activity reported.,FIELD_SURVEILLANCE_UNIT,0.76
SURV_02129,,2026-02-14 23:14:01,LOCATION_0197,Kirti Joshi,VEHICLE_00102,Kirti Joshi was observed near LOCATION_0197; no unusual activity reported.,FIELD_SURVEILLANCE_UNIT,0.88
SURV_02130,,2026-03-04 09:31:32,LOCATION_0016,Alka Saxena,,Alka Saxena was observed near LOCATION_0016; no unusual activity reported.,FIELD_SURVEILLANCE_UNIT,0.89
SURV_02131,,2026-02-14 08:16:31,LOCATION_0131,YashNair,VEHICLE_00162,An individual resembling YashNair was observed in the vicinity of LOCATION_0131.,FIELD_SURVEILLANCE_UNIT,0.85
SURV_02132,,2025-10-21 08:22:44,LOCATION_0172,Tanvi G.,VEHICLE_00508,An individual resembling Tanvi G. was observed in the vicinity of LOCATION_0172.,FIELD_SURVEILLANCE_UNIT,0.72
SURV_02133,,2024-01-09 00:22:43,LOCATION_0019,K. Reddy,,An individual resembling K. Reddy was observed in the vicinity of LOCATION_0019.,FIELD_SURVEILLANCE_UNIT,0.67
SURV_02134,,2025-08-08 22:02:40,LOCATION_0204,Rohit K.,VEHICLE_00398,An individual resembling Rohit K. was observed in the vicinity of LOCATION_0204.,FIELD_SURVEILLANCE_UNIT,0.55
SURV_02135,,2024-05-24 07:23:57,LOCATION_0038,ANJALI CHAUHAN,,An individual resembling ANJALI CHAUHAN was observed in the vicinity of LOCATION_0038.,FIELD_SURVEILLANCE_UNIT,0.78
SURV_02136,,2025-09-04 13:08:57,LOCATION_0201,Kirti Chauhan,VEHICLE_00622,Kirti Chauhan was observed near LOCATION_0201; no unusual activity reported.,FIELD_SURVEILLANCE_UNIT,0.74
SURV_02137,,2026-01-15 21:56:39,LOCATION_0235,Arjun Gupta,,Arjun Gupta was observed near LOCATION_0235; no unusual activity reported.,FIELD_SURVEILLANCE_UNIT,0.73
SURV_02138,,2024-07-05 03:30:33,LOCATION_0253,Pankaj Chauhan,,Pankaj Chauhan was observed near LOCATION_0253; no unusual activity reported.,FIELD_SURVEILLANCE_UNIT,0.79
SURV_02139,,2024-06-20 23:33:08,LOCATION_0033,YASH PANDEY,VEHICLE_00076,An individual resembling YASH PANDEY was observed in the vicinity of LOCATION_0033.,FIELD_SURVEILLANCE_UNIT,0.8
SURV_02140,,2025-05-14 14:53:00,LOCATION_0129,Suresh Chauhan,,An individual resembling Suresh Chauhan was observed in the vicinity of LOCATION_0129.,FIELD_SURVEILLANCE_UNIT,0.89
SURV_02141,,2024-07-24 14:25:17,LOCATION_0287,naveen pandey,,An individual resembling naveen pandey was observed in the vicinity of LOCATION_0287.,FIELD_SURVEILLANCE_UNIT,0.66
SURV_02142,,2025-12-29 06:01:48,LOCATION_0031,Rajesh Mishra,,Rajesh Mishra was observed near LOCATION_0031; no unusual activity reported.,FIELD_SURVEILLANCE_UNIT,0.88
SURV_02143,,2025-05-13 14:23:47,LOCATION_0271,YASH RATHORE,,An individual resembling YASH RATHORE was observed in the vicinity of LOCATION_0271.,FIELD_SURVEILLANCE_UNIT,0.55
SURV_02144,,2026-06-23 04:50:31,LOCATION_0282,Manoj Iyer,VEHICLE_00740,An individual resembling Manoj Iyer was observed in the vicinity of LOCATION_0282.,FIELD_SURVEILLANCE_UNIT,0.66
SURV_02145,,2025-12-24 03:01:22,LOCATION_0143,Sunita Pandey,VEHICLE_00462,Sunita Pandey was observed near LOCATION_0143; no unusual activity reported.,FIELD_SURVEILLANCE_UNIT,0.81
SURV_02146,,2026-06-21 03:06:42,LOCATION_0250,Shalini S.,VEHICLE_00576,An individual resembling Shalini S. was observed in the vicinity of LOCATION_0250.,FIELD_SURVEILLANCE_UNIT,0.58
SURV_02147,,2025-08-06 10:42:50,LOCATION_0084,Swati Chauhan,,Swati Chauhan was observed near LOCATION_0084; no unusual activity reported.,FIELD_SURVEILLANCE_UNIT,0.63
SURV_02148,,2025-03-07 13:33:19,LOCATION_0036,VivekIyer,,An individual resembling VivekIyer was observed in the vicinity of LOCATION_0036.,FIELD_SURVEILLANCE_UNIT,0.79
SURV_02149,,2026-01-24 01:08:38,LOCATION_0164,Tanvi Gupta,VEHICLE_00115,Tanvi Gupta was observed near LOCATION_0164; no unusual activity reported.,FIELD_SURVEILLANCE_UNIT,0.7
SURV_02150,,2025-01-18 06:11:44,LOCATION_0046,VikramTiwari,,An individual resembling VikramTiwari was observed in the vicinity of LOCATION_0046.,FIELD_SURVEILLANCE_UNIT,0.56
SURV_02151,,2025-01-01 12:43:11,LOCATION_0174,Isha Gupta,VEHICLE_00094,Isha Gupta was observed near LOCATION_0174; no unusual activity reported.,FIELD_SURVEILLANCE_UNIT,0.69
SURV_02152,,2024-09-23 15:16:06,LOCATION_0019,Nikhil Gupta,,Nikhil Gupta was observed near LOCATION_0019; no unusual activity reported.,FIELD_SURVEILLANCE_UNIT,0.57
SURV_02153,,2025-08-17 14:47:44,LOCATION_0090,Sonia Verma,,Sonia Verma was observed near LOCATION_0090; no unusual activity reported.,FIELD_SURVEILLANCE_UNIT,0.76
SURV_02154,,2024-10-27 13:02:22,LOCATION_0057,G. Kulkarni,,An individual resembling G. Kulkarni was observed in the vicinity of LOCATION_0057.,FIELD_SURVEILLANCE_UNIT,0.7
SURV_02155,,2026-04-30 20:56:31,LOCATION_0070,Arjun Sharma,,Arjun Sharma was observed near LOCATION_0070; no unusual activity reported.,FIELD_SURVEILLANCE_UNIT,0.62
SURV_02156,,2025-03-13 03:39:18,LOCATION_0014,Gaurav Iyer,,Gaurav Iyer was observed near LOCATION_0014; no unusual activity reported.,FIELD_SURVEILLANCE_UNIT,0.82
SURV_02157,,2024-05-29 15:00:31,LOCATION_0132,Karan Yadav,,Karan Yadav was observed near LOCATION_0132; no unusual activity reported.,FIELD_SURVEILLANCE_UNIT,0.82
SURV_02158,,2024-01-06 05:21:59,LOCATION_0300,Divya Mishra,,Divya Mishra was observed near LOCATION_0300; no unusual activity reported.,FIELD_SURVEILLANCE_UNIT,0.88
SURV_02159,,2025-02-13 23:27:33,LOCATION_0033,Arjun Choudhary,,Arjun Choudhary was observed near LOCATION_0033; no unusual activity reported.,FIELD_SURVEILLANCE_UNIT,0.72
SURV_02160,,2024-10-19 12:19:06,LOCATION_0096,PoojaMalhotra,VEHICLE_00559,An individual resembling PoojaMalhotra was observed in the vicinity of LOCATION_0096.,FIELD_SURVEILLANCE_UNIT,0.7
SURV_02161,,2026-05-06 17:23:42,LOCATION_0064,amit kapoor,VEHICLE_00372,An individual resembling amit kapoor was observed in the vicinity of LOCATION_0064.,FIELD_SURVEILLANCE_UNIT,0.59
SURV_02162,,2025-02-13 02:14:13,LOCATION_0185,S. Kulkarni,VEHICLE_00312,An individual resembling S. Kulkarni was observed in the vicinity of LOCATION_0185.,FIELD_SURVEILLANCE_UNIT,0.69
SURV_02163,,2025-01-16 22:09:37,LOCATION_0034,Meena Agarwal,,Meena Agarwal was observed near LOCATION_0034; no unusual activity reported.,FIELD_SURVEILLANCE_UNIT,0.73
SURV_02164,,2024-01-29 16:16:00,LOCATION_0176,Karan Meena,,Karan Meena was observed near LOCATION_0176; no unusual activity reported.,FIELD_SURVEILLANCE_UNIT,0.86
SURV_02165,,2024-05-20 22:29:05,LOCATION_0245,Anita Chauhan,VEHICLE_00160,Anita Chauhan was observed near LOCATION_0245; no unusual activity reported.,FIELD_SURVEILLANCE_UNIT,0.66
SURV_02166,,2025-10-06 10:08:03,LOCATION_0261,Rahul Tiwari,,An individual resembling Rahul Tiwari was observed in the vicinity of LOCATION_0261.,FIELD_SURVEILLANCE_UNIT,0.76
SURV_02167,,2025-08-14 21:48:45,LOCATION_0135,Rekha Meena,,Rekha Meena was observed near LOCATION_0135; no unusual activity reported.,FIELD_SURVEILLANCE_UNIT,0.59
SURV_02168,,2026-01-12 13:20:48,LOCATION_0162,Simran Tiwari,VEHICLE_00342,Simran Tiwari was observed near LOCATION_0162; no unusual activity reported.,FIELD_SURVEILLANCE_UNIT,0.88
SURV_02169,,2024-07-02 19:15:45,LOCATION_0229,rajesh singh,,An individual resembling rajesh singh was observed in the vicinity of LOCATION_0229.,FIELD_SURVEILLANCE_UNIT,0.86
SURV_02170,,2026-04-08 07:19:38,LOCATION_0196,Sanjay K.,VEHICLE_00165,An individual resembling Sanjay K. was observed in the vicinity of LOCATION_0196.,FIELD_SURVEILLANCE_UNIT,0.58
SURV_02171,,2024-08-15 05:48:19,LOCATION_0160,Nikhil Joshi,,Nikhil Joshi was observed near LOCATION_0160; no unusual activity reported.,FIELD_SURVEILLANCE_UNIT,0.71
SURV_02172,,2025-02-03 20:45:19,LOCATION_0005,Neha S.,VEHICLE_00443,An individual resembling Neha S. was observed in the vicinity of LOCATION_0005.,FIELD_SURVEILLANCE_UNIT,0.76
SURV_02173,,2024-11-05 15:50:31,LOCATION_0092,N. Pandey,,An individual resembling N. Pandey was observed in the vicinity of LOCATION_0092.,FIELD_SURVEILLANCE_UNIT,0.79
SURV_02174,,2024-12-18 05:28:52,LOCATION_0291,Sunita Kapoor,VEHICLE_00322,Sunita Kapoor was observed near LOCATION_0291; no unusual activity reported.,FIELD_SURVEILLANCE_UNIT,0.64
SURV_02175,,2025-04-13 03:01:34,LOCATION_0186,Deepika I.,VEHICLE_00356,An individual resembling Deepika I. was observed in the vicinity of LOCATION_0186.,FIELD_SURVEILLANCE_UNIT,0.58
SURV_02176,,2025-09-24 22:17:28,LOCATION_0064,HARISH AGARWAL,,An individual resembling HARISH AGARWAL was observed in the vicinity of LOCATION_0064.,FIELD_SURVEILLANCE_UNIT,0.85
SURV_02177,,2025-06-02 11:53:15,LOCATION_0200,Sandeep Bhatt,,Sandeep Bhatt was observed near LOCATION_0200; no unusual activity reported.,FIELD_SURVEILLANCE_UNIT,0.88
SURV_02178,,2025-08-12 13:34:20,LOCATION_0272,Sanjay S.,VEHICLE_00096,An individual resembling Sanjay S. was observed in the vicinity of LOCATION_0272.,FIELD_SURVEILLANCE_UNIT,0.57
SURV_02179,,2024-06-09 03:26:05,LOCATION_0026,Anita Saxena,,Anita Saxena was observed near LOCATION_0026; no unusual activity reported.,FIELD_SURVEILLANCE_UNIT,0.77
SURV_02180,,2026-05-07 02:55:02,LOCATION_0006,Kirti Kulkarni,,Kirti Kulkarni was observed near LOCATION_0006; no unusual activity reported.,FIELD_SURVEILLANCE_UNIT,0.6
SURV_02181,,2025-03-03 16:53:39,LOCATION_0181,YASH NAIR,VEHICLE_00162,An individual resembling YASH NAIR was observed in the vicinity of LOCATION_0181.,FIELD_SURVEILLANCE_UNIT,0.81
SURV_02182,,2025-08-17 09:34:20,LOCATION_0028,RITU PANDEY,VEHICLE_00008,An individual resembling RITU PANDEY was observed in the vicinity of LOCATION_0028.,FIELD_SURVEILLANCE_UNIT,0.73
SURV_02183,,2024-01-03 19:41:20,LOCATION_0070,Isha Meena,,Isha Meena was observed near LOCATION_0070; no unusual activity reported.,FIELD_SURVEILLANCE_UNIT,0.6
SURV_02184,,2024-05-11 02:45:08,LOCATION_0028,A. Meena,VEHICLE_00609,An individual resembling A. Meena was observed in the vicinity of LOCATION_0028.,FIELD_SURVEILLANCE_UNIT,0.86
SURV_02185,,2026-03-11 12:45:48,LOCATION_0265,Kirti Gupta,,Kirti Gupta was observed near LOCATION_0265; no unusual activity reported.,FIELD_SURVEILLANCE_UNIT,0.63
SURV_02186,,2026-06-13 04:31:30,LOCATION_0200,Sandeep Bhatt,,Sandeep Bhatt was observed near LOCATION_0200; no unusual activity reported.,FIELD_SURVEILLANCE_UNIT,0.69
SURV_02187,,2024-06-05 16:59:38,LOCATION_0138,Aman Y.,VEHICLE_00171,An individual resembling Aman Y. was observed in the vicinity of LOCATION_0138.,FIELD_SURVEILLANCE_UNIT,0.78
SURV_02188,,2026-04-12 02:21:28,LOCATION_0083,D. Nair,,An individual resembling D. Nair was observed in the vicinity of LOCATION_0083.,FIELD_SURVEILLANCE_UNIT,0.6
SURV_02189,,2026-01-05 12:05:53,LOCATION_0037,SANJAY SINGH,VEHICLE_00754,An individual resembling SANJAY SINGH was observed in the vicinity of LOCATION_0037.,FIELD_SURVEILLANCE_UNIT,0.69
SURV_02190,,2024-12-10 12:58:27,LOCATION_0007,Preeti Reddy,VEHICLE_00032,Preeti Reddy was observed near LOCATION_0007; no unusual activity reported.,FIELD_SURVEILLANCE_UNIT,0.69
SURV_02191,,2024-04-11 09:41:12,LOCATION_0229,Divya Rathore,VEHICLE_00107,Divya Rathore was observed near LOCATION_0229; no unusual activity reported.,FIELD_SURVEILLANCE_UNIT,0.71
SURV_02192,,2024-06-19 14:48:55,LOCATION_0206,R. Saxena,,An individual resembling R. Saxena was observed in the vicinity of LOCATION_0206.,FIELD_SURVEILLANCE_UNIT,0.7
SURV_02193,,2025-03-03 04:20:45,LOCATION_0019,M. Singh,VEHICLE_00233,An individual resembling M. Singh was observed in the vicinity of LOCATION_0019.,FIELD_SURVEILLANCE_UNIT,0.64
SURV_02194,,2025-09-10 11:47:18,LOCATION_0067,A. Chauhan,,An individual resembling A. Chauhan was observed in the vicinity of LOCATION_0067.,FIELD_SURVEILLANCE_UNIT,0.75
SURV_02195,,2024-07-16 07:55:33,LOCATION_0038,A. Singh,,An individual resembling A. Singh was observed in the vicinity of LOCATION_0038.,FIELD_SURVEILLANCE_UNIT,0.6
SURV_02196,,2025-04-29 06:52:23,LOCATION_0125,Manju Bhatt,,Manju Bhatt was observed near LOCATION_0125; no unusual activity reported.,FIELD_SURVEILLANCE_UNIT,0.79
SURV_02197,,2024-11-21 03:44:34,LOCATION_0257,PREETI CHOUDHARY,,An individual resembling PREETI CHOUDHARY was observed in the vicinity of LOCATION_0257.,FIELD_SURVEILLANCE_UNIT,0.56
SURV_02198,,2024-11-11 19:55:34,LOCATION_0023,Arjun Kapoor,,An individual resembling Arjun Kapoor was observed in the vicinity of LOCATION_0023.,FIELD_SURVEILLANCE_UNIT,0.67
SURV_02199,,2024-11-14 01:13:07,LOCATION_0072,Sandeep Kulkarni,VEHICLE_00062,Sandeep Kulkarni was observed near LOCATION_0072; no unusual activity reported.,FIELD_SURVEILLANCE_UNIT,0.76
SURV_02200,,2025-03-21 12:26:06,LOCATION_0127,ritu singh,,An individual resembling ritu singh was observed in the vicinity of LOCATION_0127.,FIELD_SURVEILLANCE_UNIT,0.74
SURV_02201,,2024-12-01 17:33:45,LOCATION_0224,ISHA KAPOOR,VEHICLE_00403,An individual resembling ISHA KAPOOR was observed in the vicinity of LOCATION_0224.,FIELD_SURVEILLANCE_UNIT,0.79
SURV_02202,,2024-05-19 10:52:53,LOCATION_0218,S. Tiwari,VEHICLE_00281,An individual resembling S. Tiwari was observed in the vicinity of LOCATION_0218.,FIELD_SURVEILLANCE_UNIT,0.74
SURV_02203,,2025-05-11 16:55:12,LOCATION_0057,Amit C.,,An individual resembling Amit C. was observed in the vicinity of LOCATION_0057.,FIELD_SURVEILLANCE_UNIT,0.81
SURV_02204,,2025-10-27 05:45:35,LOCATION_0113,A. Naidu,,An individual resembling A. Naidu was observed in the vicinity of LOCATION_0113.,FIELD_SURVEILLANCE_UNIT,0.83
SURV_02205,,2024-11-23 14:19:41,LOCATION_0146,GeetaGupta,VEHICLE_00391,An individual resembling GeetaGupta was observed in the vicinity of LOCATION_0146.,FIELD_SURVEILLANCE_UNIT,0.56
SURV_02206,,2026-06-17 06:58:33,LOCATION_0089,K. Kulkarni,VEHICLE_00710,An individual resembling K. Kulkarni was observed in the vicinity of LOCATION_0089.,FIELD_SURVEILLANCE_UNIT,0.79
SURV_02207,,2024-05-10 01:57:52,LOCATION_0068,Pooja M.,,An individual resembling Pooja M. was observed in the vicinity of LOCATION_0068.,FIELD_SURVEILLANCE_UNIT,0.64
SURV_02208,,2025-07-17 22:55:17,LOCATION_0182,Tanvi Choudhary,,Tanvi Choudhary was observed near LOCATION_0182; no unusual activity reported.,FIELD_SURVEILLANCE_UNIT,0.77
SURV_02209,,2024-06-18 21:29:23,LOCATION_0104,VikramChauhan,,An individual resembling VikramChauhan was observed in the vicinity of LOCATION_0104.,FIELD_SURVEILLANCE_UNIT,0.58
SURV_02210,,2024-12-01 20:33:40,LOCATION_0251,Isha Rathore,,Isha Rathore was observed near LOCATION_0251; no unusual activity reported.,FIELD_SURVEILLANCE_UNIT,0.9
SURV_02211,,2024-07-09 13:30:17,LOCATION_0148,HarishKulkarni,,An individual resembling HarishKulkarni was observed in the vicinity of LOCATION_0148.,FIELD_SURVEILLANCE_UNIT,0.78
SURV_02212,,2025-04-26 16:34:38,LOCATION_0021,Ravi Naidu,,Ravi Naidu was observed near LOCATION_0021; no unusual activity reported.,FIELD_SURVEILLANCE_UNIT,0.59
SURV_02213,,2025-01-31 12:46:28,LOCATION_0061,Gaurav Pandey,VEHICLE_00169,Gaurav Pandey was observed near LOCATION_0061; no unusual activity reported.,FIELD_SURVEILLANCE_UNIT,0.62
SURV_02214,,2024-02-16 16:09:06,LOCATION_0255,Meena C.,VEHICLE_00251,An individual resembling Meena C. was observed in the vicinity of LOCATION_0255.,FIELD_SURVEILLANCE_UNIT,0.72
SURV_02215,,2025-11-03 10:21:03,LOCATION_0270,Yash C.,,An individual resembling Yash C. was observed in the vicinity of LOCATION_0270.,FIELD_SURVEILLANCE_UNIT,0.64
SURV_02216,,2024-03-01 17:05:56,LOCATION_0244,Rahul Joshi,VEHICLE_00428,Rahul Joshi was observed near LOCATION_0244; no unusual activity reported.,FIELD_SURVEILLANCE_UNIT,0.72
SURV_02217,,2025-05-14 18:59:17,LOCATION_0110,Suresh Reddy,VEHICLE_00659,Suresh Reddy was observed near LOCATION_0110; no unusual activity reported.,FIELD_SURVEILLANCE_UNIT,0.68
SURV_02218,,2026-06-13 12:38:38,LOCATION_0031,Sunita A.,,An individual resembling Sunita A. was observed in the vicinity of LOCATION_0031.,FIELD_SURVEILLANCE_UNIT,0.67
SURV_02219,,2024-12-24 15:26:40,LOCATION_0226,Isha Tiwari,,Isha Tiwari was observed near LOCATION_0226; no unusual activity reported.,FIELD_SURVEILLANCE_UNIT,0.62
SURV_02220,,2024-09-10 00:57:47,LOCATION_0209,Deepika Joshi,,Deepika Joshi was observed near LOCATION_0209; no unusual activity reported.,FIELD_SURVEILLANCE_UNIT,0.65
SURV_02221,,2026-04-29 20:19:36,LOCATION_0082,Pooja M.,,An individual resembling Pooja M. was observed in the vicinity of LOCATION_0082.,FIELD_SURVEILLANCE_UNIT,0.79
SURV_02222,,2025-12-27 09:50:54,LOCATION_0010,M. Saxena,VEHICLE_00551,An individual resembling M. Saxena was observed in the vicinity of LOCATION_0010.,FIELD_SURVEILLANCE_UNIT,0.73
SURV_02223,,2025-10-28 09:38:32,LOCATION_0068,Ravi Joshi,VEHICLE_00065,Ravi Joshi was observed near LOCATION_0068; no unusual activity reported.,FIELD_SURVEILLANCE_UNIT,0.56
SURV_02224,,2024-02-23 02:02:42,LOCATION_0054,Meena Agarwal,,Meena Agarwal was observed near LOCATION_0054; no unusual activity reported.,FIELD_SURVEILLANCE_UNIT,0.61
SURV_02225,,2025-07-20 19:26:36,LOCATION_0156,Sonia Sharma,VEHICLE_00545,Sonia Sharma was observed near LOCATION_0156; no unusual activity reported.,FIELD_SURVEILLANCE_UNIT,0.85
SURV_02226,,2025-04-12 10:02:20,LOCATION_0089,swati nair,VEHICLE_00082,An individual resembling swati nair was observed in the vicinity of LOCATION_0089.,FIELD_SURVEILLANCE_UNIT,0.71
SURV_02227,,2024-08-14 04:27:56,LOCATION_0232,Kirti Yadav,,Kirti Yadav was observed near LOCATION_0232; no unusual activity reported.,FIELD_SURVEILLANCE_UNIT,0.74
SURV_02228,,2025-03-06 00:08:50,LOCATION_0014,S. Verma,VEHICLE_00116,An individual resembling S. Verma was observed in the vicinity of LOCATION_0014.,FIELD_SURVEILLANCE_UNIT,0.56
SURV_02229,,2025-04-02 10:17:13,LOCATION_0040,Nikhil Joshi,,Nikhil Joshi was observed near LOCATION_0040; no unusual activity reported.,FIELD_SURVEILLANCE_UNIT,0.87
SURV_02230,,2025-01-11 00:54:26,LOCATION_0174,Gaurav Iyer,,Gaurav Iyer was observed near LOCATION_0174; no unusual activity reported.,FIELD_SURVEILLANCE_UNIT,0.57
SURV_02231,,2024-11-30 12:40:47,LOCATION_0089,AnilSharma,,An individual resembling AnilSharma was observed in the vicinity of LOCATION_0089.,FIELD_SURVEILLANCE_UNIT,0.78
SURV_02232,,2026-02-14 13:26:45,LOCATION_0175,SURESH BANSAL,VEHICLE_00100,An individual resembling SURESH BANSAL was observed in the vicinity of LOCATION_0175.,FIELD_SURVEILLANCE_UNIT,0.8
SURV_02233,,2024-03-29 19:43:40,LOCATION_0227,Suresh Yadav,VEHICLE_00265,Suresh Yadav was observed near LOCATION_0227; no unusual activity reported.,FIELD_SURVEILLANCE_UNIT,0.72
SURV_02234,,2024-08-22 07:01:06,LOCATION_0165,Deepika Agarwal,,Deepika Agarwal was observed near LOCATION_0165; no unusual activity reported.,FIELD_SURVEILLANCE_UNIT,0.89
SURV_02235,,2024-12-10 01:19:43,LOCATION_0039,R. Nair,VEHICLE_00434,An individual resembling R. Nair was observed in the vicinity of LOCATION_0039.,FIELD_SURVEILLANCE_UNIT,0.75
SURV_02236,,2024-01-19 21:58:49,LOCATION_0238,ISHA REDDY,VEHICLE_00715,An individual resembling ISHA REDDY was observed in the vicinity of LOCATION_0238.,FIELD_SURVEILLANCE_UNIT,0.55
SURV_02237,,2025-12-10 10:52:52,LOCATION_0040,Neha Rathore,VEHICLE_00491,Neha Rathore was observed near LOCATION_0040; no unusual activity reported.,FIELD_SURVEILLANCE_UNIT,0.8
SURV_02238,,2025-02-04 23:27:13,LOCATION_0169,AnitaJoshi,,An individual resembling AnitaJoshi was observed in the vicinity of LOCATION_0169.,FIELD_SURVEILLANCE_UNIT,0.6
SURV_02239,,2025-06-24 18:35:06,LOCATION_0175,Vivek Agarwal,VEHICLE_00325,Vivek Agarwal was observed near LOCATION_0175; no unusual activity reported.,FIELD_SURVEILLANCE_UNIT,0.83
SURV_02240,,2025-11-09 11:23:02,LOCATION_0059,Kirti Saxena,VEHICLE_00070,Kirti Saxena was observed near LOCATION_0059; no unusual activity reported.,FIELD_SURVEILLANCE_UNIT,0.57
SURV_02241,,2026-03-03 14:52:40,LOCATION_0095,Nikhil Kapoor,VEHICLE_00379,An individual resembling Nikhil Kapoor was observed in the vicinity of LOCATION_0095.,FIELD_SURVEILLANCE_UNIT,0.76
SURV_02242,,2024-01-22 02:51:34,LOCATION_0097,P. Choudhary,VEHICLE_00136,An individual resembling P. Choudhary was observed in the vicinity of LOCATION_0097.,FIELD_SURVEILLANCE_UNIT,0.67
SURV_02243,,2026-05-22 05:33:25,LOCATION_0258,AnilMishra,VEHICLE_00523,An individual resembling AnilMishra was observed in the vicinity of LOCATION_0258.,FIELD_SURVEILLANCE_UNIT,0.6
SURV_02244,,2024-07-19 20:46:08,LOCATION_0170,Gaurav N.,VEHICLE_00088,An individual resembling Gaurav N. was observed in the vicinity of LOCATION_0170.,FIELD_SURVEILLANCE_UNIT,0.84
SURV_02245,,2026-02-09 02:01:30,LOCATION_0044,Nikhil J.,VEHICLE_00530,An individual resembling Nikhil J. was observed in the vicinity of LOCATION_0044.,FIELD_SURVEILLANCE_UNIT,0.6
SURV_02246,,2025-06-03 01:55:25,LOCATION_0080,Isha Singh,VEHICLE_00681,Isha Singh was observed near LOCATION_0080; no unusual activity reported.,FIELD_SURVEILLANCE_UNIT,0.88
SURV_02247,,2025-12-11 04:24:35,LOCATION_0209,Nisha Bansal,VEHICLE_00396,Nisha Bansal was observed near LOCATION_0209; no unusual activity reported.,FIELD_SURVEILLANCE_UNIT,0.86
SURV_02248,,2026-06-24 04:41:18,LOCATION_0231,ashok yadav,,An individual resembling ashok yadav was observed in the vicinity of LOCATION_0231.,FIELD_SURVEILLANCE_UNIT,0.82
SURV_02249,,2025-09-10 18:01:06,LOCATION_0239,Nikhil Gupta,,Nikhil Gupta was observed near LOCATION_0239; no unusual activity reported.,FIELD_SURVEILLANCE_UNIT,0.73
SURV_02250,,2026-04-28 20:28:02,LOCATION_0118,Vivek Mishra,,Vivek Mishra was observed near LOCATION_0118; no unusual activity reported.,FIELD_SURVEILLANCE_UNIT,0.57
SURV_02251,,2026-04-14 22:56:39,LOCATION_0254,Tanvi Pandey,VEHICLE_00574,Tanvi Pandey was observed near LOCATION_0254; no unusual activity reported.,FIELD_SURVEILLANCE_UNIT,0.72
SURV_02252,,2026-05-21 08:36:30,LOCATION_0033,V. Agarwal,VEHICLE_00345,An individual resembling V. Agarwal was observed in the vicinity of LOCATION_0033.,FIELD_SURVEILLANCE_UNIT,0.75
SURV_02253,,2025-03-08 13:12:39,LOCATION_0030,Rohit Gupta,VEHICLE_00211,Rohit Gupta was observed near LOCATION_0030; no unusual activity reported.,FIELD_SURVEILLANCE_UNIT,0.89
SURV_02254,,2026-01-16 17:38:48,LOCATION_0086,Alka Reddy,,Alka Reddy was observed near LOCATION_0086; no unusual activity reported.,FIELD_SURVEILLANCE_UNIT,0.74
SURV_02255,,2025-05-18 21:18:45,LOCATION_0167,Manju Pandey,,Manju Pandey was observed near LOCATION_0167; no unusual activity reported.,FIELD_SURVEILLANCE_UNIT,0.61
SURV_02256,,2026-03-03 16:49:28,LOCATION_0110,S. Singh,VEHICLE_00163,An individual resembling S. Singh was observed in the vicinity of LOCATION_0110.,FIELD_SURVEILLANCE_UNIT,0.74
SURV_02257,,2024-08-30 03:36:33,LOCATION_0279,Swati Nair,VEHICLE_00082,Swati Nair was observed near LOCATION_0279; no unusual activity reported.,FIELD_SURVEILLANCE_UNIT,0.6
SURV_02258,,2025-11-27 01:56:08,LOCATION_0064,D. Reddy,VEHICLE_00134,An individual resembling D. Reddy was observed in the vicinity of LOCATION_0064.,FIELD_SURVEILLANCE_UNIT,0.67
SURV_02259,,2025-02-14 19:26:37,LOCATION_0056,Rekha Singh,,Rekha Singh was observed near LOCATION_0056; no unusual activity reported.,FIELD_SURVEILLANCE_UNIT,0.9
SURV_02260,,2026-01-16 14:04:54,LOCATION_0293,vivek meena,VEHICLE_00525,An individual resembling vivek meena was observed in the vicinity of LOCATION_0293.,FIELD_SURVEILLANCE_UNIT,0.75
SURV_02261,,2026-05-05 05:21:05,LOCATION_0146,REKHA SHARMA,VEHICLE_00093,An individual resembling REKHA SHARMA was observed in the vicinity of LOCATION_0146.,FIELD_SURVEILLANCE_UNIT,0.67
SURV_02262,,2025-10-09 14:19:58,LOCATION_0005,Deepika Bansal,,Deepika Bansal was observed near LOCATION_0005; no unusual activity reported.,FIELD_SURVEILLANCE_UNIT,0.66
SURV_02263,,2026-04-15 20:38:30,LOCATION_0266,Tanvi Reddy,,Tanvi Reddy was observed near LOCATION_0266; no unusual activity reported.,FIELD_SURVEILLANCE_UNIT,0.84
SURV_02264,,2025-01-18 18:21:51,LOCATION_0271,S. Rathore,VEHICLE_00760,An individual resembling S. Rathore was observed in the vicinity of LOCATION_0271.,FIELD_SURVEILLANCE_UNIT,0.87
SURV_02265,,2026-04-29 14:32:36,LOCATION_0140,D. Gupta,VEHICLE_00487,An individual resembling D. Gupta was observed in the vicinity of LOCATION_0140.,FIELD_SURVEILLANCE_UNIT,0.83
SURV_02266,,2024-09-20 10:33:27,LOCATION_0235,Anita S.,VEHICLE_00521,An individual resembling Anita S. was observed in the vicinity of LOCATION_0235.,FIELD_SURVEILLANCE_UNIT,0.6
SURV_02267,,2026-06-28 20:11:15,LOCATION_0137,VikramGupta,,An individual resembling VikramGupta was observed in the vicinity of LOCATION_0137.,FIELD_SURVEILLANCE_UNIT,0.71
SURV_02268,,2024-07-11 10:45:58,LOCATION_0171,SUNITA KAPOOR,VEHICLE_00322,An individual resembling SUNITA KAPOOR was observed in the vicinity of LOCATION_0171.,FIELD_SURVEILLANCE_UNIT,0.73
SURV_02269,,2024-06-19 12:03:28,LOCATION_0162,Nikhil Chauhan,,Nikhil Chauhan was observed near LOCATION_0162; no unusual activity reported.,FIELD_SURVEILLANCE_UNIT,0.82
SURV_02270,,2026-05-13 12:14:06,LOCATION_0270,Ritu Singh,,An individual resembling Ritu Singh was observed in the vicinity of LOCATION_0270.,FIELD_SURVEILLANCE_UNIT,0.9
SURV_02271,,2024-05-16 03:56:04,LOCATION_0267,Kavita Bansal,,Kavita Bansal was observed near LOCATION_0267; no unusual activity reported.,FIELD_SURVEILLANCE_UNIT,0.68
SURV_02272,,2024-08-06 10:46:38,LOCATION_0269,SANDEEP JOSHI,VEHICLE_00432,An individual resembling SANDEEP JOSHI was observed in the vicinity of LOCATION_0269.,FIELD_SURVEILLANCE_UNIT,0.71
SURV_02273,,2024-01-17 04:32:31,LOCATION_0151,RAHUL CHAUHAN,VEHICLE_00411,An individual resembling RAHUL CHAUHAN was observed in the vicinity of LOCATION_0151.,FIELD_SURVEILLANCE_UNIT,0.59
SURV_02274,,2026-06-04 09:43:25,LOCATION_0286,Amit Verma,,Amit Verma was observed near LOCATION_0286; no unusual activity reported.,FIELD_SURVEILLANCE_UNIT,0.76
SURV_02275,,2024-11-16 22:17:33,LOCATION_0275,Sanjay Singh,VEHICLE_00103,Sanjay Singh was observed near LOCATION_0275; no unusual activity reported.,FIELD_SURVEILLANCE_UNIT,0.8
SURV_02276,,2025-08-06 13:59:15,LOCATION_0131,Rajesh Saxena,,Rajesh Saxena was observed near LOCATION_0131; no unusual activity reported.,FIELD_SURVEILLANCE_UNIT,0.79
SURV_02277,,2024-11-21 18:26:17,LOCATION_0048,ANIL MISHRA,VEHICLE_00523,An individual resembling ANIL MISHRA was observed in the vicinity of LOCATION_0048.,FIELD_SURVEILLANCE_UNIT,0.69
SURV_02278,,2026-06-05 20:46:53,LOCATION_0152,AnitaReddy,VEHICLE_00237,An individual resembling AnitaReddy was observed in the vicinity of LOCATION_0152.,FIELD_SURVEILLANCE_UNIT,0.78
SURV_02279,,2024-07-05 18:39:31,LOCATION_0156,Y. Meena,VEHICLE_00148,An individual resembling Y. Meena was observed in the vicinity of LOCATION_0156.,FIELD_SURVEILLANCE_UNIT,0.71
SURV_02280,,2024-09-18 03:35:06,LOCATION_0241,Nikhil Meena,VEHICLE_00666,Nikhil Meena was observed near LOCATION_0241; no unusual activity reported.,FIELD_SURVEILLANCE_UNIT,0.68
SURV_02281,,2026-02-14 13:59:48,LOCATION_0208,Priya Malhotra,VEHICLE_00440,Priya Malhotra was observed near LOCATION_0208; no unusual activity reported.,FIELD_SURVEILLANCE_UNIT,0.72
SURV_02282,,2026-04-10 18:51:09,LOCATION_0225,Rekha Singh,,Rekha Singh was observed near LOCATION_0225; no unusual activity reported.,FIELD_SURVEILLANCE_UNIT,0.66
SURV_02283,,2026-01-20 21:34:48,LOCATION_0264,Priya Rathore,,Priya Rathore was observed near LOCATION_0264; no unusual activity reported.,FIELD_SURVEILLANCE_UNIT,0.67
SURV_02284,,2024-10-22 14:42:21,LOCATION_0154,Sandeep Kapoor,,Sandeep Kapoor was observed near LOCATION_0154; no unusual activity reported.,FIELD_SURVEILLANCE_UNIT,0.76
SURV_02285,,2025-04-06 12:53:27,LOCATION_0233,Vikram Rathore,VEHICLE_00274,Vikram Rathore was observed near LOCATION_0233; no unusual activity reported.,FIELD_SURVEILLANCE_UNIT,0.87
SURV_02286,,2025-05-27 12:16:59,LOCATION_0016,Karan Bansal,VEHICLE_00075,Karan Bansal was observed near LOCATION_0016; no unusual activity reported.,FIELD_SURVEILLANCE_UNIT,0.88
SURV_02287,,2025-06-09 10:40:53,LOCATION_0054,Kavita Reddy,,Kavita Reddy was observed near LOCATION_0054; no unusual activity reported.,FIELD_SURVEILLANCE_UNIT,0.69
SURV_02288,,2025-03-22 13:50:54,LOCATION_0187,Mohit Saxena,,Mohit Saxena was observed near LOCATION_0187; no unusual activity reported.,FIELD_SURVEILLANCE_UNIT,0.57
SURV_02289,,2024-12-07 08:29:36,LOCATION_0069,Kavita Bansal,,Kavita Bansal was observed near LOCATION_0069; no unusual activity reported.,FIELD_SURVEILLANCE_UNIT,0.81
SURV_02290,,2026-03-07 05:21:29,LOCATION_0118,VikramPandey,,An individual resembling VikramPandey was observed in the vicinity of LOCATION_0118.,FIELD_SURVEILLANCE_UNIT,0.66
SURV_02291,,2024-08-12 23:34:26,LOCATION_0232,Meena Iyer,,Meena Iyer was observed near LOCATION_0232; no unusual activity reported.,FIELD_SURVEILLANCE_UNIT,0.56
SURV_02292,,2026-05-01 16:23:49,LOCATION_0024,YASH REDDY,VEHICLE_00569,An individual resembling YASH REDDY was observed in the vicinity of LOCATION_0024.,FIELD_SURVEILLANCE_UNIT,0.79
SURV_02293,,2025-07-01 20:23:51,LOCATION_0132,pankaj chauhan,,An individual resembling pankaj chauhan was observed in the vicinity of LOCATION_0132.,FIELD_SURVEILLANCE_UNIT,0.71
SURV_02294,,2025-04-28 04:24:44,LOCATION_0272,Ravi Yadav,VEHICLE_00232,Ravi Yadav was observed near LOCATION_0272; no unusual activity reported.,FIELD_SURVEILLANCE_UNIT,0.74
SURV_02295,,2024-04-05 06:58:29,LOCATION_0048,Simran Joshi,,Simran Joshi was observed near LOCATION_0048; no unusual activity reported.,FIELD_SURVEILLANCE_UNIT,0.57
SURV_02296,,2025-01-07 13:40:13,LOCATION_0119,Rahul Saxena,,Rahul Saxena was observed near LOCATION_0119; no unusual activity reported.,FIELD_SURVEILLANCE_UNIT,0.65
SURV_02297,,2025-05-24 18:38:16,LOCATION_0144,Amit K.,,An individual resembling Amit K. was observed in the vicinity of LOCATION_0144.,FIELD_SURVEILLANCE_UNIT,0.73
SURV_02298,,2026-05-07 09:32:22,LOCATION_0266,REKHA SHARMA,VEHICLE_00093,An individual resembling REKHA SHARMA was observed in the vicinity of LOCATION_0266.,FIELD_SURVEILLANCE_UNIT,0.56
SURV_02299,,2024-05-25 23:44:23,LOCATION_0077,Pooja Bhatt,,Pooja Bhatt was observed near LOCATION_0077; no unusual activity reported.,FIELD_SURVEILLANCE_UNIT,0.8
SURV_02300,,2025-11-13 13:28:04,LOCATION_0229,Isha C.,VEHICLE_00711,An individual resembling Isha C. was observed in the vicinity of LOCATION_0229.,FIELD_SURVEILLANCE_UNIT,0.82
SURV_02301,,2024-05-23 13:06:44,LOCATION_0156,N. Meena,,An individual resembling N. Meena was observed in the vicinity of LOCATION_0156.,FIELD_SURVEILLANCE_UNIT,0.85
SURV_02302,,2026-01-31 11:08:07,LOCATION_0135,Rohit Nair,VEHICLE_00728,An individual resembling Rohit Nair was observed in the vicinity of LOCATION_0135.,FIELD_SURVEILLANCE_UNIT,0.81
SURV_02303,,2025-10-29 06:27:13,LOCATION_0207,Geeta K.,,An individual resembling Geeta K. was observed in the vicinity of LOCATION_0207.,FIELD_SURVEILLANCE_UNIT,0.74
SURV_02304,,2024-04-03 06:43:17,LOCATION_0300,Gaurav Nair,VEHICLE_00088,Gaurav Nair was observed near LOCATION_0300; no unusual activity reported.,FIELD_SURVEILLANCE_UNIT,0.82
SURV_02305,,2025-08-24 05:20:11,LOCATION_0061,Vikram Kulkarni,,Vikram Kulkarni was observed near LOCATION_0061; no unusual activity reported.,FIELD_SURVEILLANCE_UNIT,0.89
SURV_02306,,2024-01-30 15:39:23,LOCATION_0002,Rekha Bansal,VEHICLE_00616,Rekha Bansal was observed near LOCATION_0002; no unusual activity reported.,FIELD_SURVEILLANCE_UNIT,0.88
SURV_02307,,2024-04-08 11:20:30,LOCATION_0077,Neha Yadav,VEHICLE_00129,Neha Yadav was observed near LOCATION_0077; no unusual activity reported.,FIELD_SURVEILLANCE_UNIT,0.9
SURV_02308,,2026-06-11 01:00:51,LOCATION_0060,Simran M.,VEHICLE_00689,An individual resembling Simran M. was observed in the vicinity of LOCATION_0060.,FIELD_SURVEILLANCE_UNIT,0.69
SURV_02309,,2024-01-03 04:24:27,LOCATION_0119,Pooja Pandey,VEHICLE_00350,Pooja Pandey was observed near LOCATION_0119; no unusual activity reported.,FIELD_SURVEILLANCE_UNIT,0.59
SURV_02310,,2025-10-01 03:56:21,LOCATION_0042,Harish P.,VEHICLE_00235,An individual resembling Harish P. was observed in the vicinity of LOCATION_0042.,FIELD_SURVEILLANCE_UNIT,0.65
SURV_02311,,2026-02-18 00:08:54,LOCATION_0033,Arjun S.,VEHICLE_00424,An individual resembling Arjun S. was observed in the vicinity of LOCATION_0033.,FIELD_SURVEILLANCE_UNIT,0.78
SURV_02312,,2025-04-14 20:05:34,LOCATION_0094,Pooja Bansal,,Pooja Bansal was observed near LOCATION_0094; no unusual activity reported.,FIELD_SURVEILLANCE_UNIT,0.75
SURV_02313,,2024-06-01 07:28:21,LOCATION_0177,V. Iyer,VEHICLE_00427,An individual resembling V. Iyer was observed in the vicinity of LOCATION_0177.,FIELD_SURVEILLANCE_UNIT,0.79
SURV_02314,,2026-06-11 16:29:06,LOCATION_0021,NEHA NAIR,,An individual resembling NEHA NAIR was observed in the vicinity of LOCATION_0021.,FIELD_SURVEILLANCE_UNIT,0.66
SURV_02315,,2025-10-26 02:33:46,LOCATION_0215,SHALINI CHAUHAN,VEHICLE_00724,An individual resembling SHALINI CHAUHAN was observed in the vicinity of LOCATION_0215.,FIELD_SURVEILLANCE_UNIT,0.87
SURV_02316,,2025-02-25 16:42:35,LOCATION_0130,Harish Gupta,VEHICLE_00614,Harish Gupta was observed near LOCATION_0130; no unusual activity reported.,FIELD_SURVEILLANCE_UNIT,0.87
SURV_02317,,2024-04-16 21:51:29,LOCATION_0047,NaveenPandey,,An individual resembling NaveenPandey was observed in the vicinity of LOCATION_0047.,FIELD_SURVEILLANCE_UNIT,0.86
SURV_02318,,2025-07-10 09:00:03,LOCATION_0072,anita malhotra,,An individual resembling anita malhotra was observed in the vicinity of LOCATION_0072.,FIELD_SURVEILLANCE_UNIT,0.75
SURV_02319,,2025-11-18 04:08:56,LOCATION_0098,AmitBhatt,VEHICLE_00339,An individual resembling AmitBhatt was observed in the vicinity of LOCATION_0098.,FIELD_SURVEILLANCE_UNIT,0.74
SURV_02320,,2025-08-30 20:23:32,LOCATION_0073,Sonia Yadav,,Sonia Yadav was observed near LOCATION_0073; no unusual activity reported.,FIELD_SURVEILLANCE_UNIT,0.81
SURV_02321,,2025-03-18 12:45:35,LOCATION_0014,Naveen Iyer,,An individual resembling Naveen Iyer was observed in the vicinity of LOCATION_0014.,FIELD_SURVEILLANCE_UNIT,0.68
SURV_02322,,2024-02-12 02:42:49,LOCATION_0057,VivekGupta,,An individual resembling VivekGupta was observed in the vicinity of LOCATION_0057.,FIELD_SURVEILLANCE_UNIT,0.62
SURV_02323,,2025-07-30 04:59:39,LOCATION_0248,Y. Pandey,VEHICLE_00212,An individual resembling Y. Pandey was observed in the vicinity of LOCATION_0248.,FIELD_SURVEILLANCE_UNIT,0.72
SURV_02324,,2026-05-10 03:00:42,LOCATION_0217,Vikram Pandey,VEHICLE_00275,Vikram Pandey was observed near LOCATION_0217; no unusual activity reported.,FIELD_SURVEILLANCE_UNIT,0.75
SURV_02325,,2024-08-01 23:31:35,LOCATION_0232,Priya Gupta,VEHICLE_00288,Priya Gupta was observed near LOCATION_0232; no unusual activity reported.,FIELD_SURVEILLANCE_UNIT,0.58
SURV_02326,,2024-04-22 02:28:48,LOCATION_0028,Isha Agarwal,VEHICLE_00272,Isha Agarwal was observed near LOCATION_0028; no unusual activity reported.,FIELD_SURVEILLANCE_UNIT,0.87
SURV_02327,,2026-05-26 05:38:03,LOCATION_0259,RohitChauhan,,An individual resembling RohitChauhan was observed in the vicinity of LOCATION_0259.,FIELD_SURVEILLANCE_UNIT,0.68
SURV_02328,,2024-09-04 04:07:46,LOCATION_0040,Suresh Kulkarni,,Suresh Kulkarni was observed near LOCATION_0040; no unusual activity reported.,FIELD_SURVEILLANCE_UNIT,0.57
SURV_02329,,2025-03-12 14:19:30,LOCATION_0187,RITU YADAV,,An individual resembling RITU YADAV was observed in the vicinity of LOCATION_0187.,FIELD_SURVEILLANCE_UNIT,0.9
SURV_02330,,2024-10-28 01:11:57,LOCATION_0053,ROHIT SINGH,VEHICLE_00033,An individual resembling ROHIT SINGH was observed in the vicinity of LOCATION_0053.,FIELD_SURVEILLANCE_UNIT,0.69
SURV_02331,,2025-12-10 04:09:40,LOCATION_0275,S. Rathore,VEHICLE_00571,An individual resembling S. Rathore was observed in the vicinity of LOCATION_0275.,FIELD_SURVEILLANCE_UNIT,0.68
SURV_02332,,2024-01-14 22:36:28,LOCATION_0002,Meena Choudhary,VEHICLE_00202,Meena Choudhary was observed near LOCATION_0002; no unusual activity reported.,FIELD_SURVEILLANCE_UNIT,0.83
SURV_02333,,2025-08-14 01:31:41,LOCATION_0142,Isha Meena,,Isha Meena was observed near LOCATION_0142; no unusual activity reported.,FIELD_SURVEILLANCE_UNIT,0.89
SURV_02334,,2024-08-06 02:26:37,LOCATION_0214,Mohit Joshi,,Mohit Joshi was observed near LOCATION_0214; no unusual activity reported.,FIELD_SURVEILLANCE_UNIT,0.87
SURV_02335,,2026-01-29 22:10:39,LOCATION_0254,RAVI NAIR,,An individual resembling RAVI NAIR was observed in the vicinity of LOCATION_0254.,FIELD_SURVEILLANCE_UNIT,0.78
SURV_02336,,2024-06-15 07:48:42,LOCATION_0157,Simran Choudhary,,Simran Choudhary was observed near LOCATION_0157; no unusual activity reported.,FIELD_SURVEILLANCE_UNIT,0.68
SURV_02337,,2025-09-14 21:10:52,LOCATION_0131,V. Iyer,VEHICLE_00377,An individual resembling V. Iyer was observed in the vicinity of LOCATION_0131.,FIELD_SURVEILLANCE_UNIT,0.65
SURV_02338,,2024-11-12 00:39:39,LOCATION_0057,ManjuNair,,An individual resembling ManjuNair was observed in the vicinity of LOCATION_0057.,FIELD_SURVEILLANCE_UNIT,0.58
SURV_02339,,2025-11-11 14:44:39,LOCATION_0255,Y. Agarwal,,An individual resembling Y. Agarwal was observed in the vicinity of LOCATION_0255.,FIELD_SURVEILLANCE_UNIT,0.66
SURV_02340,,2026-06-24 17:56:23,LOCATION_0221,rahul kapoor,VEHICLE_00570,An individual resembling rahul kapoor was observed in the vicinity of LOCATION_0221.,FIELD_SURVEILLANCE_UNIT,0.79
SURV_02341,,2024-11-11 19:58:43,LOCATION_0300,Rekha Joshi,VEHICLE_00354,Rekha Joshi was observed near LOCATION_0300; no unusual activity reported.,FIELD_SURVEILLANCE_UNIT,0.73
SURV_02342,,2024-01-08 01:19:54,LOCATION_0260,Divya Rathore,,Divya Rathore was observed near LOCATION_0260; no unusual activity reported.,FIELD_SURVEILLANCE_UNIT,0.71
SURV_02343,,2024-01-26 19:41:04,LOCATION_0143,Ravi Sharma,,Ravi Sharma was observed near LOCATION_0143; no unusual activity reported.,FIELD_SURVEILLANCE_UNIT,0.78
SURV_02344,,2025-07-06 09:28:18,LOCATION_0183,Sanjay Tiwari,,An individual resembling Sanjay Tiwari was observed in the vicinity of LOCATION_0183.,FIELD_SURVEILLANCE_UNIT,0.72
SURV_02345,,2026-01-14 13:32:53,LOCATION_0237,Tanvi Rathore,VEHICLE_00713,An individual resembling Tanvi Rathore was observed in the vicinity of LOCATION_0237.,FIELD_SURVEILLANCE_UNIT,0.58
SURV_02346,,2026-03-23 12:36:03,LOCATION_0222,Anita Malhotra,,Anita Malhotra was observed near LOCATION_0222; no unusual activity reported.,FIELD_SURVEILLANCE_UNIT,0.68
SURV_02347,,2025-10-09 00:25:45,LOCATION_0197,SunitaBansal,VEHICLE_00323,An individual resembling SunitaBansal was observed in the vicinity of LOCATION_0197.,FIELD_SURVEILLANCE_UNIT,0.84
SURV_02348,,2025-03-09 10:28:04,LOCATION_0283,Priya Sharma,VEHICLE_00125,Priya Sharma was observed near LOCATION_0283; no unusual activity reported.,FIELD_SURVEILLANCE_UNIT,0.74
SURV_02349,,2025-10-11 08:32:31,LOCATION_0257,R. Joshi,VEHICLE_00291,An individual resembling R. Joshi was observed in the vicinity of LOCATION_0257.,FIELD_SURVEILLANCE_UNIT,0.58
SURV_02350,,2024-11-01 12:29:50,LOCATION_0186,Pooja Yadav,VEHICLE_00157,Pooja Yadav was observed near LOCATION_0186; no unusual activity reported.,FIELD_SURVEILLANCE_UNIT,0.6
SURV_02351,,2024-09-11 03:34:11,LOCATION_0117,Ritu Reddy,,Ritu Reddy was observed near LOCATION_0117; no unusual activity reported.,FIELD_SURVEILLANCE_UNIT,0.85
SURV_02352,,2024-06-30 03:10:11,LOCATION_0015,Nisha Malhotra,VEHICLE_00331,Nisha Malhotra was observed near LOCATION_0015; no unusual activity reported.,FIELD_SURVEILLANCE_UNIT,0.86
SURV_02353,,2026-03-19 07:12:30,LOCATION_0087,Nisha Choudhary,,Nisha Choudhary was observed near LOCATION_0087; no unusual activity reported.,FIELD_SURVEILLANCE_UNIT,0.9
SURV_02354,,2026-04-27 18:22:53,LOCATION_0041,NikhilTiwari,VEHICLE_00321,An individual resembling NikhilTiwari was observed in the vicinity of LOCATION_0041.,FIELD_SURVEILLANCE_UNIT,0.84
SURV_02355,,2026-06-11 22:33:48,LOCATION_0120,sanjay bhatt,,An individual resembling sanjay bhatt was observed in the vicinity of LOCATION_0120.,FIELD_SURVEILLANCE_UNIT,0.57
SURV_02356,,2024-04-21 19:37:33,LOCATION_0014,Isha Chauhan,,Isha Chauhan was observed near LOCATION_0014; no unusual activity reported.,FIELD_SURVEILLANCE_UNIT,0.79
SURV_02357,,2025-05-25 03:23:27,LOCATION_0092,Deepak Naidu,VEHICLE_00423,Deepak Naidu was observed near LOCATION_0092; no unusual activity reported.,FIELD_SURVEILLANCE_UNIT,0.86
SURV_02358,,2024-04-08 19:06:09,LOCATION_0273,A. Joshi,,An individual resembling A. Joshi was observed in the vicinity of LOCATION_0273.,FIELD_SURVEILLANCE_UNIT,0.77
SURV_02359,,2026-04-12 01:42:34,LOCATION_0050,Anil Singh,,Anil Singh was observed near LOCATION_0050; no unusual activity reported.,FIELD_SURVEILLANCE_UNIT,0.68
SURV_02360,,2024-03-04 23:15:21,LOCATION_0035,Ashok Malhotra,VEHICLE_00709,Ashok Malhotra was observed near LOCATION_0035; no unusual activity reported.,FIELD_SURVEILLANCE_UNIT,0.77
SURV_02361,,2025-11-26 11:48:58,LOCATION_0240,Sonia Verma,,Sonia Verma was observed near LOCATION_0240; no unusual activity reported.,FIELD_SURVEILLANCE_UNIT,0.68
SURV_02362,,2024-01-10 05:17:43,LOCATION_0246,Pooja Nair,,Pooja Nair was observed near LOCATION_0246; no unusual activity reported.,FIELD_SURVEILLANCE_UNIT,0.86
SURV_02363,,2025-04-18 00:33:40,LOCATION_0239,Karan Kulkarni,VEHICLE_00710,Karan Kulkarni was observed near LOCATION_0239; no unusual activity reported.,FIELD_SURVEILLANCE_UNIT,0.69
SURV_02364,,2025-02-16 08:47:00,LOCATION_0224,Divya Bansal,,Divya Bansal was observed near LOCATION_0224; no unusual activity reported.,FIELD_SURVEILLANCE_UNIT,0.79
SURV_02365,,2025-02-10 22:00:49,LOCATION_0061,Ritu Bhatt,,An individual resembling Ritu Bhatt was observed in the vicinity of LOCATION_0061.,FIELD_SURVEILLANCE_UNIT,0.57
SURV_02366,,2026-04-23 23:12:28,LOCATION_0181,MANJU KAPOOR,VEHICLE_00011,An individual resembling MANJU KAPOOR was observed in the vicinity of LOCATION_0181.,FIELD_SURVEILLANCE_UNIT,0.61
SURV_02367,,2025-03-31 12:22:22,LOCATION_0219,amit verma,VEHICLE_00168,An individual resembling amit verma was observed in the vicinity of LOCATION_0219.,FIELD_SURVEILLANCE_UNIT,0.88
SURV_02368,,2026-01-15 13:06:14,LOCATION_0132,GEETA IYER,VEHICLE_00435,An individual resembling GEETA IYER was observed in the vicinity of LOCATION_0132.,FIELD_SURVEILLANCE_UNIT,0.62
SURV_02369,,2025-07-17 15:19:41,LOCATION_0074,sonia rathore,,An individual resembling sonia rathore was observed in the vicinity of LOCATION_0074.,FIELD_SURVEILLANCE_UNIT,0.89
SURV_02370,,2026-02-28 23:10:08,LOCATION_0034,A. Reddy,,An individual resembling A. Reddy was observed in the vicinity of LOCATION_0034.,FIELD_SURVEILLANCE_UNIT,0.87
SURV_02371,,2026-05-20 16:29:40,LOCATION_0266,AMAN NAIDU,VEHICLE_00734,An individual resembling AMAN NAIDU was observed in the vicinity of LOCATION_0266.,FIELD_SURVEILLANCE_UNIT,0.81
SURV_02372,,2024-08-08 06:47:00,LOCATION_0048,Ritu Reddy,VEHICLE_00496,Ritu Reddy was observed near LOCATION_0048; no unusual activity reported.,FIELD_SURVEILLANCE_UNIT,0.81
SURV_02373,,2025-01-13 04:33:11,LOCATION_0130,Meena Saxena,VEHICLE_00551,Meena Saxena was observed near LOCATION_0130; no unusual activity reported.,FIELD_SURVEILLANCE_UNIT,0.63
SURV_02374,,2024-04-28 21:59:55,LOCATION_0236,N. Singh,VEHICLE_00267,An individual resembling N. Singh was observed in the vicinity of LOCATION_0236.,FIELD_SURVEILLANCE_UNIT,0.63
SURV_02375,,2024-07-27 21:36:07,LOCATION_0092,Mohit Kulkarni,VEHICLE_00762,Mohit Kulkarni was observed near LOCATION_0092; no unusual activity reported.,FIELD_SURVEILLANCE_UNIT,0.82
SURV_02376,,2026-04-23 21:12:18,LOCATION_0086,VIVEK BHATT,VEHICLE_00268,An individual resembling VIVEK BHATT was observed in the vicinity of LOCATION_0086.,FIELD_SURVEILLANCE_UNIT,0.85
SURV_02377,,2024-12-26 10:36:59,LOCATION_0211,anil saxena,,An individual resembling anil saxena was observed in the vicinity of LOCATION_0211.,FIELD_SURVEILLANCE_UNIT,0.86
SURV_02378,,2024-06-06 21:22:43,LOCATION_0195,Vikram Kulkarni,VEHICLE_00276,Vikram Kulkarni was observed near LOCATION_0195; no unusual activity reported.,FIELD_SURVEILLANCE_UNIT,0.87
SURV_02379,,2025-06-30 17:52:59,LOCATION_0231,Yash Saxena,VEHICLE_00117,Yash Saxena was observed near LOCATION_0231; no unusual activity reported.,FIELD_SURVEILLANCE_UNIT,0.87
SURV_02380,,2024-03-16 01:51:07,LOCATION_0051,Karan Nair,VEHICLE_00454,Karan Nair was observed near LOCATION_0051; no unusual activity reported.,FIELD_SURVEILLANCE_UNIT,0.77
SURV_02381,,2024-10-17 16:03:42,LOCATION_0184,Priya Rathore,,Priya Rathore was observed near LOCATION_0184; no unusual activity reported.,FIELD_SURVEILLANCE_UNIT,0.76
SURV_02382,,2024-09-09 13:33:10,LOCATION_0167,Simran Choudhary,VEHICLE_00565,Simran Choudhary was observed near LOCATION_0167; no unusual activity reported.,FIELD_SURVEILLANCE_UNIT,0.86
SURV_02383,,2025-09-22 07:01:22,LOCATION_0071,Arjun Choudhary,VEHICLE_00557,Arjun Choudhary was observed near LOCATION_0071; no unusual activity reported.,FIELD_SURVEILLANCE_UNIT,0.58
SURV_02384,,2025-08-21 13:58:50,LOCATION_0003,Sunita Gupta,,Sunita Gupta was observed near LOCATION_0003; no unusual activity reported.,FIELD_SURVEILLANCE_UNIT,0.66
SURV_02385,,2024-09-17 14:56:42,LOCATION_0109,Rohit Chauhan,,Rohit Chauhan was observed near LOCATION_0109; no unusual activity reported.,FIELD_SURVEILLANCE_UNIT,0.65
SURV_02386,,2026-05-22 09:26:51,LOCATION_0027,Vikram Rathore,,Vikram Rathore was observed near LOCATION_0027; no unusual activity reported.,FIELD_SURVEILLANCE_UNIT,0.62
SURV_02387,,2025-02-17 18:32:31,LOCATION_0281,Tanvi Kulkarni,,Tanvi Kulkarni was observed near LOCATION_0281; no unusual activity reported.,FIELD_SURVEILLANCE_UNIT,0.83
SURV_02388,,2025-03-11 04:04:03,LOCATION_0167,Rekha Joshi,VEHICLE_00291,Rekha Joshi was observed near LOCATION_0167; no unusual activity reported.,FIELD_SURVEILLANCE_UNIT,0.58
SURV_02389,,2025-09-08 01:53:52,LOCATION_0106,Sandeep Gupta,VEHICLE_00305,Sandeep Gupta was observed near LOCATION_0106; no unusual activity reported.,FIELD_SURVEILLANCE_UNIT,0.72
SURV_02390,,2024-11-13 22:23:38,LOCATION_0073,Divya Bansal,VEHICLE_00375,Divya Bansal was observed near LOCATION_0073; no unusual activity reported.,FIELD_SURVEILLANCE_UNIT,0.68
SURV_02391,,2024-05-23 17:23:23,LOCATION_0036,Gaurav Agarwal,,Gaurav Agarwal was observed near LOCATION_0036; no unusual activity reported.,FIELD_SURVEILLANCE_UNIT,0.65
SURV_02392,,2025-11-14 00:23:07,LOCATION_0002,Sonia Gupta,VEHICLE_00324,Sonia Gupta was observed near LOCATION_0002; no unusual activity reported.,FIELD_SURVEILLANCE_UNIT,0.67
SURV_02393,,2026-06-28 21:06:06,LOCATION_0077,P. Choudhary,,An individual resembling P. Choudhary was observed in the vicinity of LOCATION_0077.,FIELD_SURVEILLANCE_UNIT,0.86
SURV_02394,,2025-11-14 16:01:39,LOCATION_0198,Harish Saxena,,Harish Saxena was observed near LOCATION_0198; no unusual activity reported.,FIELD_SURVEILLANCE_UNIT,0.81
SURV_02395,,2025-12-09 00:14:52,LOCATION_0281,Deepika Yadav,,Deepika Yadav was observed near LOCATION_0281; no unusual activity reported.,FIELD_SURVEILLANCE_UNIT,0.82
SURV_02396,,2024-08-17 21:38:08,LOCATION_0161,Yash Nair,VEHICLE_00162,Yash Nair was observed near LOCATION_0161; no unusual activity reported.,FIELD_SURVEILLANCE_UNIT,0.83
SURV_02397,,2024-09-28 00:11:50,LOCATION_0201,Manju Kapoor,VEHICLE_00011,Manju Kapoor was observed near LOCATION_0201; no unusual activity reported.,FIELD_SURVEILLANCE_UNIT,0.63
SURV_02398,,2025-11-03 09:32:46,LOCATION_0079,Preeti Naidu,VEHICLE_00346,Preeti Naidu was observed near LOCATION_0079; no unusual activity reported.,FIELD_SURVEILLANCE_UNIT,0.82
SURV_02399,,2024-01-31 23:10:50,LOCATION_0027,Sunita Bhatt,,Sunita Bhatt was observed near LOCATION_0027; no unusual activity reported.,FIELD_SURVEILLANCE_UNIT,0.74
SURV_02400,,2024-10-24 02:48:00,LOCATION_0080,Pankaj T.,,An individual resembling Pankaj T. was observed in the vicinity of LOCATION_0080.,FIELD_SURVEILLANCE_UNIT,0.61
SURV_02401,,2025-02-19 02:25:31,LOCATION_0137,R. Kulkarni,VEHICLE_00297,An individual resembling R. Kulkarni was observed in the vicinity of LOCATION_0137.,FIELD_SURVEILLANCE_UNIT,0.63
SURV_02402,,2026-01-24 14:16:58,LOCATION_0119,Ravi Singh,VEHICLE_00371,Ravi Singh was observed near LOCATION_0119; no unusual activity reported.,FIELD_SURVEILLANCE_UNIT,0.65
SURV_02403,,2026-06-20 19:07:05,LOCATION_0007,Shalini Mishra,,Shalini Mishra was observed near LOCATION_0007; no unusual activity reported.,FIELD_SURVEILLANCE_UNIT,0.87
SURV_02404,,2026-04-27 20:45:43,LOCATION_0082,R. Saxena,,An individual resembling R. Saxena was observed in the vicinity of LOCATION_0082.,FIELD_SURVEILLANCE_UNIT,0.69
SURV_02405,,2024-01-14 07:24:55,LOCATION_0060,Sunita Kulkarni,VEHICLE_00460,Sunita Kulkarni was observed near LOCATION_0060; no unusual activity reported.,FIELD_SURVEILLANCE_UNIT,0.86
SURV_02406,,2024-05-04 15:16:33,LOCATION_0065,Vivek Bansal,VEHICLE_00733,Vivek Bansal was observed near LOCATION_0065; no unusual activity reported.,FIELD_SURVEILLANCE_UNIT,0.8
SURV_02407,,2025-10-28 05:24:56,LOCATION_0087,Mohit Saxena,,An individual resembling Mohit Saxena was observed in the vicinity of LOCATION_0087.,FIELD_SURVEILLANCE_UNIT,0.65
SURV_02408,,2024-07-13 03:44:40,LOCATION_0112,Karan Agarwal,VEHICLE_00381,Karan Agarwal was observed near LOCATION_0112; no unusual activity reported.,FIELD_SURVEILLANCE_UNIT,0.62
SURV_02409,,2024-12-16 01:56:28,LOCATION_0193,Anil Rathore,,Anil Rathore was observed near LOCATION_0193; no unusual activity reported.,FIELD_SURVEILLANCE_UNIT,0.81
SURV_02410,,2024-12-02 03:11:49,LOCATION_0206,Manju Chauhan,VEHICLE_00582,Manju Chauhan was observed near LOCATION_0206; no unusual activity reported.,FIELD_SURVEILLANCE_UNIT,0.56
SURV_02411,,2026-01-16 07:35:16,LOCATION_0281,Pankaj Naidu,VEHICLE_00256,An individual resembling Pankaj Naidu was observed in the vicinity of LOCATION_0281.,FIELD_SURVEILLANCE_UNIT,0.68
SURV_02412,,2026-05-02 01:23:00,LOCATION_0066,A. Iyer,,An individual resembling A. Iyer was observed in the vicinity of LOCATION_0066.,FIELD_SURVEILLANCE_UNIT,0.84
SURV_02413,,2024-09-12 17:30:54,LOCATION_0104,HARISH KULKARNI,VEHICLE_00243,An individual resembling HARISH KULKARNI was observed in the vicinity of LOCATION_0104.,FIELD_SURVEILLANCE_UNIT,0.59
SURV_02414,,2025-10-23 00:03:16,LOCATION_0180,I. Singh,VEHICLE_00681,An individual resembling I. Singh was observed in the vicinity of LOCATION_0180.,FIELD_SURVEILLANCE_UNIT,0.68
SURV_02415,,2026-03-12 23:54:33,LOCATION_0154,Isha Joshi,,Isha Joshi was observed near LOCATION_0154; no unusual activity reported.,FIELD_SURVEILLANCE_UNIT,0.89
SURV_02416,,2024-07-28 08:42:24,LOCATION_0234,N. Kulkarni,,An individual resembling N. Kulkarni was observed in the vicinity of LOCATION_0234.,FIELD_SURVEILLANCE_UNIT,0.57
SURV_02417,,2025-06-06 18:42:10,LOCATION_0129,Ravi Rathore,VEHICLE_00304,Ravi Rathore was observed near LOCATION_0129; no unusual activity reported.,FIELD_SURVEILLANCE_UNIT,0.81
SURV_02418,,2024-03-27 10:21:04,LOCATION_0157,MeenaAgarwal,VEHICLE_00613,An individual resembling MeenaAgarwal was observed in the vicinity of LOCATION_0157.,FIELD_SURVEILLANCE_UNIT,0.72
SURV_02419,,2024-10-22 21:59:18,LOCATION_0230,M. Saxena,VEHICLE_00551,An individual resembling M. Saxena was observed in the vicinity of LOCATION_0230.,FIELD_SURVEILLANCE_UNIT,0.71
SURV_02420,,2024-04-21 19:25:25,LOCATION_0021,Yash Saxena,VEHICLE_00117,Yash Saxena was observed near LOCATION_0021; no unusual activity reported.,FIELD_SURVEILLANCE_UNIT,0.8
SURV_02421,,2024-09-01 20:44:14,LOCATION_0286,Rahul Saxena,,Rahul Saxena was observed near LOCATION_0286; no unusual activity reported.,FIELD_SURVEILLANCE_UNIT,0.59
SURV_02422,,2025-10-10 17:26:37,LOCATION_0192,Pooja Mishra,,Pooja Mishra was observed near LOCATION_0192; no unusual activity reported.,FIELD_SURVEILLANCE_UNIT,0.8
SURV_02423,,2024-05-18 03:42:49,LOCATION_0245,NishaMalhotra,VEHICLE_00331,An individual resembling NishaMalhotra was observed in the vicinity of LOCATION_0245.,FIELD_SURVEILLANCE_UNIT,0.59
SURV_02424,,2025-05-31 12:11:15,LOCATION_0282,AshokNair,,An individual resembling AshokNair was observed in the vicinity of LOCATION_0282.,FIELD_SURVEILLANCE_UNIT,0.73
SURV_02425,,2024-05-21 21:13:22,LOCATION_0085,Nikhil Nair,VEHICLE_00219,Nikhil Nair was observed near LOCATION_0085; no unusual activity reported.,FIELD_SURVEILLANCE_UNIT,0.87
SURV_02426,,2025-07-05 01:06:39,LOCATION_0221,Nisha Singh,VEHICLE_00520,Nisha Singh was observed near LOCATION_0221; no unusual activity reported.,FIELD_SURVEILLANCE_UNIT,0.9
SURV_02427,,2024-05-18 21:42:14,LOCATION_0091,vivek iyer,VEHICLE_00377,An individual resembling vivek iyer was observed in the vicinity of LOCATION_0091.,FIELD_SURVEILLANCE_UNIT,0.64
SURV_02428,,2024-10-07 10:47:21,LOCATION_0266,Rohit Choudhary,VEHICLE_00048,Rohit Choudhary was observed near LOCATION_0266; no unusual activity reported.,FIELD_SURVEILLANCE_UNIT,0.61
SURV_02429,,2025-04-05 02:28:16,LOCATION_0160,divya choudhary,,An individual resembling divya choudhary was observed in the vicinity of LOCATION_0160.,FIELD_SURVEILLANCE_UNIT,0.84
SURV_02430,,2024-10-06 08:12:21,LOCATION_0131,RahulBansal,,An individual resembling RahulBansal was observed in the vicinity of LOCATION_0131.,FIELD_SURVEILLANCE_UNIT,0.73
SURV_02431,,2025-06-13 00:37:31,LOCATION_0086,SUNITA SAXENA,VEHICLE_00340,An individual resembling SUNITA SAXENA was observed in the vicinity of LOCATION_0086.,FIELD_SURVEILLANCE_UNIT,0.74
SURV_02432,,2024-03-01 19:43:44,LOCATION_0258,Pooja Naidu,,Pooja Naidu was observed near LOCATION_0258; no unusual activity reported.,FIELD_SURVEILLANCE_UNIT,0.59
SURV_02433,,2025-07-30 20:17:52,LOCATION_0110,PankajGupta,,An individual resembling PankajGupta was observed in the vicinity of LOCATION_0110.,FIELD_SURVEILLANCE_UNIT,0.64
SURV_02434,,2024-02-03 00:56:25,LOCATION_0089,Swati Tiwari,VEHICLE_00127,An individual resembling Swati Tiwari was observed in the vicinity of LOCATION_0089.,FIELD_SURVEILLANCE_UNIT,0.62
SURV_02435,,2025-11-14 02:29:32,LOCATION_0182,Vivek Saxena,VEHICLE_00176,Vivek Saxena was observed near LOCATION_0182; no unusual activity reported.,FIELD_SURVEILLANCE_UNIT,0.83
SURV_02436,,2024-02-08 11:26:20,LOCATION_0141,Isha Meena,,Isha Meena was observed near LOCATION_0141; no unusual activity reported.,FIELD_SURVEILLANCE_UNIT,0.65
SURV_02437,,2025-04-09 23:24:55,LOCATION_0279,Deepika Choudhary,VEHICLE_00497,Deepika Choudhary was observed near LOCATION_0279; no unusual activity reported.,FIELD_SURVEILLANCE_UNIT,0.79
SURV_02438,,2026-03-25 17:02:42,LOCATION_0045,Rekha Singh,VEHICLE_00109,Rekha Singh was observed near LOCATION_0045; no unusual activity reported.,FIELD_SURVEILLANCE_UNIT,0.57
SURV_02439,,2025-01-20 10:13:44,LOCATION_0300,K. Reddy,VEHICLE_00363,An individual resembling K. Reddy was observed in the vicinity of LOCATION_0300.,FIELD_SURVEILLANCE_UNIT,0.76
SURV_02440,,2024-01-29 06:54:45,LOCATION_0214,Sonia Iyer,VEHICLE_00366,Sonia Iyer was observed near LOCATION_0214; no unusual activity reported.,FIELD_SURVEILLANCE_UNIT,0.63
SURV_02441,,2025-11-26 12:05:02,LOCATION_0286,Sonia Naidu,VEHICLE_00034,Sonia Naidu was observed near LOCATION_0286; no unusual activity reported.,FIELD_SURVEILLANCE_UNIT,0.74
SURV_02442,,2024-01-11 15:27:17,LOCATION_0120,MeenaSaxena,VEHICLE_00551,An individual resembling MeenaSaxena was observed in the vicinity of LOCATION_0120.,FIELD_SURVEILLANCE_UNIT,0.7
SURV_02443,,2025-03-14 14:18:51,LOCATION_0155,Ravi Kapoor,VEHICLE_00437,Ravi Kapoor was observed near LOCATION_0155; no unusual activity reported.,FIELD_SURVEILLANCE_UNIT,0.88
SURV_02444,,2024-03-26 23:09:11,LOCATION_0236,Preeti Bhatt,,Preeti Bhatt was observed near LOCATION_0236; no unusual activity reported.,FIELD_SURVEILLANCE_UNIT,0.8
SURV_02445,,2025-02-17 23:02:38,LOCATION_0091,Sunita Y.,VEHICLE_00338,An individual resembling Sunita Y. was observed in the vicinity of LOCATION_0091.,FIELD_SURVEILLANCE_UNIT,0.89
SURV_02446,,2025-03-07 12:51:35,LOCATION_0259,alka kulkarni,VEHICLE_00045,An individual resembling alka kulkarni was observed in the vicinity of LOCATION_0259.,FIELD_SURVEILLANCE_UNIT,0.82
SURV_02447,,2024-10-29 14:25:38,LOCATION_0059,Simran Iyer,VEHICLE_00355,Simran Iyer was observed near LOCATION_0059; no unusual activity reported.,FIELD_SURVEILLANCE_UNIT,0.56
SURV_02448,,2024-02-02 06:04:40,LOCATION_0151,Rahul Chauhan,VEHICLE_00411,Rahul Chauhan was observed near LOCATION_0151; no unusual activity reported.,FIELD_SURVEILLANCE_UNIT,0.56
SURV_02449,,2024-09-18 14:56:52,LOCATION_0136,Nisha Tiwari,VEHICLE_00241,An individual resembling Nisha Tiwari was observed in the vicinity of LOCATION_0136.,FIELD_SURVEILLANCE_UNIT,0.71
SURV_02450,,2024-05-06 21:15:45,LOCATION_0147,Pankaj Verma,,Pankaj Verma was observed near LOCATION_0147; no unusual activity reported.,FIELD_SURVEILLANCE_UNIT,0.73
SURV_02451,,2024-11-07 10:06:44,LOCATION_0238,Vivek C.,VEHICLE_00421,An individual resembling Vivek C. was observed in the vicinity of LOCATION_0238.,FIELD_SURVEILLANCE_UNIT,0.86
SURV_02452,,2025-06-08 09:42:03,LOCATION_0144,Y. Verma,,An individual resembling Y. Verma was observed in the vicinity of LOCATION_0144.,FIELD_SURVEILLANCE_UNIT,0.84
SURV_02453,,2024-01-28 17:43:42,LOCATION_0157,S. Reddy,VEHICLE_00044,An individual resembling S. Reddy was observed in the vicinity of LOCATION_0157.,FIELD_SURVEILLANCE_UNIT,0.89
SURV_02454,,2024-04-09 11:12:03,LOCATION_0189,Nisha Verma,VEHICLE_00367,Nisha Verma was observed near LOCATION_0189; no unusual activity reported.,FIELD_SURVEILLANCE_UNIT,0.77
SURV_02455,,2025-01-12 15:35:22,LOCATION_0109,Gaurav Verma,,Gaurav Verma was observed near LOCATION_0109; no unusual activity reported.,FIELD_SURVEILLANCE_UNIT,0.63
SURV_02456,,2026-05-13 17:42:23,LOCATION_0228,AnitaChauhan,VEHICLE_00752,An individual resembling AnitaChauhan was observed in the vicinity of LOCATION_0228.,FIELD_SURVEILLANCE_UNIT,0.58
SURV_02457,,2024-04-21 00:55:15,LOCATION_0141,sanjay pandey,,An individual resembling sanjay pandey was observed in the vicinity of LOCATION_0141.,FIELD_SURVEILLANCE_UNIT,0.79
SURV_02458,,2024-11-02 00:19:45,LOCATION_0177,Swati Iyer,,Swati Iyer was observed near LOCATION_0177; no unusual activity reported.,FIELD_SURVEILLANCE_UNIT,0.65
SURV_02459,,2024-01-12 16:15:33,LOCATION_0263,rohit gupta,,An individual resembling rohit gupta was observed in the vicinity of LOCATION_0263.,FIELD_SURVEILLANCE_UNIT,0.56
SURV_02460,,2025-04-27 09:35:15,LOCATION_0196,KirtiIyer,,An individual resembling KirtiIyer was observed in the vicinity of LOCATION_0196.,FIELD_SURVEILLANCE_UNIT,0.75
SURV_02461,,2024-03-09 06:08:09,LOCATION_0187,Swati Y.,VEHICLE_00242,An individual resembling Swati Y. was observed in the vicinity of LOCATION_0187.,FIELD_SURVEILLANCE_UNIT,0.56
SURV_02462,,2024-01-10 08:40:01,LOCATION_0034,Rajesh Yadav,,Rajesh Yadav was observed near LOCATION_0034; no unusual activity reported.,FIELD_SURVEILLANCE_UNIT,0.81
SURV_02463,,2024-10-15 04:18:08,LOCATION_0200,Divya Chauhan,VEHICLE_00278,Divya Chauhan was observed near LOCATION_0200; no unusual activity reported.,FIELD_SURVEILLANCE_UNIT,0.66
SURV_02464,,2026-06-17 03:33:55,LOCATION_0258,R. Pandey,VEHICLE_00680,An individual resembling R. Pandey was observed in the vicinity of LOCATION_0258.,FIELD_SURVEILLANCE_UNIT,0.57
SURV_02465,,2024-04-26 07:46:30,LOCATION_0111,Karan Chauhan,,Karan Chauhan was observed near LOCATION_0111; no unusual activity reported.,FIELD_SURVEILLANCE_UNIT,0.66
SURV_02466,,2024-10-13 08:47:26,LOCATION_0248,Ritu Pandey,VEHICLE_00008,Ritu Pandey was observed near LOCATION_0248; no unusual activity reported.,FIELD_SURVEILLANCE_UNIT,0.84
SURV_02467,,2025-12-24 18:28:56,LOCATION_0287,Kavita R.,VEHICLE_00672,An individual resembling Kavita R. was observed in the vicinity of LOCATION_0287.,FIELD_SURVEILLANCE_UNIT,0.66
SURV_02468,,2026-01-31 03:45:57,LOCATION_0083,P. Tiwari,VEHICLE_00229,An individual resembling P. Tiwari was observed in the vicinity of LOCATION_0083.,FIELD_SURVEILLANCE_UNIT,0.6
SURV_02469,,2024-09-27 21:37:11,LOCATION_0201,Nikhil I.,VEHICLE_00334,An individual resembling Nikhil I. was observed in the vicinity of LOCATION_0201.,FIELD_SURVEILLANCE_UNIT,0.72
SURV_02470,,2025-03-18 02:41:51,LOCATION_0243,AlkaYadav,,An individual resembling AlkaYadav was observed in the vicinity of LOCATION_0243.,FIELD_SURVEILLANCE_UNIT,0.71
SURV_02471,,2025-05-02 13:57:06,LOCATION_0140,SanjayMishra,,An individual resembling SanjayMishra was observed in the vicinity of LOCATION_0140.,FIELD_SURVEILLANCE_UNIT,0.79
SURV_02472,,2024-02-05 16:27:12,LOCATION_0172,Gaurav Sharma,VEHICLE_00584,Gaurav Sharma was observed near LOCATION_0172; no unusual activity reported.,FIELD_SURVEILLANCE_UNIT,0.63
SURV_02473,,2025-10-24 06:14:05,LOCATION_0202,NEHA TIWARI,,An individual resembling NEHA TIWARI was observed in the vicinity of LOCATION_0202.,FIELD_SURVEILLANCE_UNIT,0.76
SURV_02474,,2026-01-18 11:58:05,LOCATION_0017,Preeti Reddy,VEHICLE_00032,Preeti Reddy was observed near LOCATION_0017; no unusual activity reported.,FIELD_SURVEILLANCE_UNIT,0.82
SURV_02475,,2026-05-20 02:56:15,LOCATION_0135,Gaurav Mishra,,An individual resembling Gaurav Mishra was observed in the vicinity of LOCATION_0135.,FIELD_SURVEILLANCE_UNIT,0.75
SURV_02476,,2024-07-09 12:40:13,LOCATION_0084,Rajesh R.,,An individual resembling Rajesh R. was observed in the vicinity of LOCATION_0084.,FIELD_SURVEILLANCE_UNIT,0.56
SURV_02477,,2026-02-19 21:54:47,LOCATION_0176,Kirti Gupta,VEHICLE_00737,Kirti Gupta was observed near LOCATION_0176; no unusual activity reported.,FIELD_SURVEILLANCE_UNIT,0.76
SURV_02478,,2025-12-31 03:53:34,LOCATION_0156,D. Reddy,VEHICLE_00092,An individual resembling D. Reddy was observed in the vicinity of LOCATION_0156.,FIELD_SURVEILLANCE_UNIT,0.68
SURV_02479,,2025-11-04 16:56:52,LOCATION_0238,A. Yadav,VEHICLE_00171,An individual resembling A. Yadav was observed in the vicinity of LOCATION_0238.,FIELD_SURVEILLANCE_UNIT,0.56
SURV_02480,,2026-01-11 22:48:21,LOCATION_0247,V. Gupta,,An individual resembling V. Gupta was observed in the vicinity of LOCATION_0247.,FIELD_SURVEILLANCE_UNIT,0.63
SURV_02481,,2024-03-26 16:32:20,LOCATION_0260,Arjun Sharma,,Arjun Sharma was observed near LOCATION_0260; no unusual activity reported.,FIELD_SURVEILLANCE_UNIT,0.81
SURV_02482,,2026-03-03 06:42:56,LOCATION_0050,A. Pandey,,An individual resembling A. Pandey was observed in the vicinity of LOCATION_0050.,FIELD_SURVEILLANCE_UNIT,0.65
SURV_02483,,2025-06-03 13:18:55,LOCATION_0106,Vivek B.,VEHICLE_00268,An individual resembling Vivek B. was observed in the vicinity of LOCATION_0106.,FIELD_SURVEILLANCE_UNIT,0.84
SURV_02484,,2025-06-28 00:36:06,LOCATION_0250,Divya Rathore,,Divya Rathore was observed near LOCATION_0250; no unusual activity reported.,FIELD_SURVEILLANCE_UNIT,0.64
SURV_02485,,2025-04-06 17:49:16,LOCATION_0097,Isha Mishra,VEHICLE_00262,Isha Mishra was observed near LOCATION_0097; no unusual activity reported.,FIELD_SURVEILLANCE_UNIT,0.6
SURV_02486,,2024-09-03 15:12:32,LOCATION_0039,Rekha M.,,An individual resembling Rekha M. was observed in the vicinity of LOCATION_0039.,FIELD_SURVEILLANCE_UNIT,0.76
SURV_02487,,2024-03-23 19:07:54,LOCATION_0238,VIVEK SAXENA,VEHICLE_00533,An individual resembling VIVEK SAXENA was observed in the vicinity of LOCATION_0238.,FIELD_SURVEILLANCE_UNIT,0.82
SURV_02488,,2026-04-21 07:32:28,LOCATION_0037,Sandeep Meena,,Sandeep Meena was observed near LOCATION_0037; no unusual activity reported.,FIELD_SURVEILLANCE_UNIT,0.66
SURV_02489,,2024-08-06 09:33:31,LOCATION_0158,Aman Yadav,VEHICLE_00171,Aman Yadav was observed near LOCATION_0158; no unusual activity reported.,FIELD_SURVEILLANCE_UNIT,0.61
SURV_02490,,2024-08-26 14:42:04,LOCATION_0200,Amit Pandey,VEHICLE_00562,Amit Pandey was observed near LOCATION_0200; no unusual activity reported.,FIELD_SURVEILLANCE_UNIT,0.9
SURV_02491,,2026-03-05 17:19:43,LOCATION_0285,P. Meena,,An individual resembling P. Meena was observed in the vicinity of LOCATION_0285.,FIELD_SURVEILLANCE_UNIT,0.77
SURV_02492,,2025-10-18 19:27:28,LOCATION_0162,Ravi Gupta,VEHICLE_00058,Ravi Gupta was observed near LOCATION_0162; no unusual activity reported.,FIELD_SURVEILLANCE_UNIT,0.83
SURV_02493,,2024-11-23 22:23:43,LOCATION_0156,Yash Bansal,,An individual resembling Yash Bansal was observed in the vicinity of LOCATION_0156.,FIELD_SURVEILLANCE_UNIT,0.65
SURV_02494,,2025-02-10 05:39:58,LOCATION_0005,Alka Gupta,,Alka Gupta was observed near LOCATION_0005; no unusual activity reported.,FIELD_SURVEILLANCE_UNIT,0.62
SURV_02495,,2026-06-11 20:23:30,LOCATION_0097,sunita verma,VEHICLE_00685,An individual resembling sunita verma was observed in the vicinity of LOCATION_0097.,FIELD_SURVEILLANCE_UNIT,0.69
SURV_02496,,2024-09-19 00:50:57,LOCATION_0058,Priya Yadav,VEHICLE_00247,Priya Yadav was observed near LOCATION_0058; no unusual activity reported.,FIELD_SURVEILLANCE_UNIT,0.68
SURV_02497,,2024-01-29 01:50:30,LOCATION_0116,Ashok Kulkarni,,Ashok Kulkarni was observed near LOCATION_0116; no unusual activity reported.,FIELD_SURVEILLANCE_UNIT,0.74
SURV_02498,,2024-06-12 17:34:25,LOCATION_0118,Priya C.,VEHICLE_00488,An individual resembling Priya C. was observed in the vicinity of LOCATION_0118.,FIELD_SURVEILLANCE_UNIT,0.58
SURV_02499,,2024-05-08 13:47:28,LOCATION_0167,Yash Pandey,,Yash Pandey was observed near LOCATION_0167; no unusual activity reported.,FIELD_SURVEILLANCE_UNIT,0.8
SURV_02500,,2025-02-10 16:28:53,LOCATION_0027,V. Iyer,VEHICLE_00427,An individual resembling V. Iyer was observed in the vicinity of LOCATION_0027.,FIELD_SURVEILLANCE_UNIT,0.6
SURV_02501,,2024-08-30 22:37:51,LOCATION_0166,Sanjay Meena,,Sanjay Meena was observed near LOCATION_0166; no unusual activity reported.,FIELD_SURVEILLANCE_UNIT,0.85
SURV_02502,,2026-04-28 15:49:12,LOCATION_0010,Rahul Sharma,VEHICLE_00310,Rahul Sharma was observed near LOCATION_0010; no unusual activity reported.,FIELD_SURVEILLANCE_UNIT,0.6
SURV_02503,,2024-10-24 21:02:56,LOCATION_0208,Pankaj Choudhary,VEHICLE_00110,Pankaj Choudhary was observed near LOCATION_0208; no unusual activity reported.,FIELD_SURVEILLANCE_UNIT,0.84
SURV_02504,,2024-02-11 05:58:33,LOCATION_0164,PankajIyer,VEHICLE_00567,An individual resembling PankajIyer was observed in the vicinity of LOCATION_0164.,FIELD_SURVEILLANCE_UNIT,0.9
SURV_02505,,2025-07-30 02:00:40,LOCATION_0174,Deepika Naidu,VEHICLE_00302,Deepika Naidu was observed near LOCATION_0174; no unusual activity reported.,FIELD_SURVEILLANCE_UNIT,0.62
SURV_02506,,2025-01-16 03:16:41,LOCATION_0184,Geeta Chauhan,,Geeta Chauhan was observed near LOCATION_0184; no unusual activity reported.,FIELD_SURVEILLANCE_UNIT,0.66
SURV_02507,,2026-06-05 12:22:54,LOCATION_0030,P. Reddy,,An individual resembling P. Reddy was observed in the vicinity of LOCATION_0030.,FIELD_SURVEILLANCE_UNIT,0.7
SURV_02508,,2026-03-26 08:35:43,LOCATION_0262,rajesh choudhary,,An individual resembling rajesh choudhary was observed in the vicinity of LOCATION_0262.,FIELD_SURVEILLANCE_UNIT,0.68
SURV_02509,,2024-01-28 03:05:21,LOCATION_0225,I. Bhatt,,An individual resembling I. Bhatt was observed in the vicinity of LOCATION_0225.,FIELD_SURVEILLANCE_UNIT,0.63
SURV_02510,,2024-09-27 03:35:48,LOCATION_0112,Manoj Iyer,VEHICLE_00740,Manoj Iyer was observed near LOCATION_0112; no unusual activity reported.,FIELD_SURVEILLANCE_UNIT,0.74
SURV_02511,,2024-09-09 18:37:25,LOCATION_0027,Alka V.,VEHICLE_00089,An individual resembling Alka V. was observed in the vicinity of LOCATION_0027.,FIELD_SURVEILLANCE_UNIT,0.61
SURV_02512,,2025-06-03 14:08:39,LOCATION_0168,Priya Rathore,VEHICLE_00318,Priya Rathore was observed near LOCATION_0168; no unusual activity reported.,FIELD_SURVEILLANCE_UNIT,0.77
SURV_02513,,2024-03-18 03:56:22,LOCATION_0050,Mohit Pandey,,Mohit Pandey was observed near LOCATION_0050; no unusual activity reported.,FIELD_SURVEILLANCE_UNIT,0.87
SURV_02514,,2024-04-13 05:14:22,LOCATION_0077,M. Nair,,An individual resembling M. Nair was observed in the vicinity of LOCATION_0077.,FIELD_SURVEILLANCE_UNIT,0.84
SURV_02515,,2025-03-30 15:34:36,LOCATION_0198,Karan Agarwal,,Karan Agarwal was observed near LOCATION_0198; no unusual activity reported.,FIELD_SURVEILLANCE_UNIT,0.89
SURV_02516,,2025-07-30 23:30:41,LOCATION_0233,Arjun K.,,An individual resembling Arjun K. was observed in the vicinity of LOCATION_0233.,FIELD_SURVEILLANCE_UNIT,0.81
SURV_02517,,2025-08-06 09:52:57,LOCATION_0217,Anjali B.,VEHICLE_00298,An individual resembling Anjali B. was observed in the vicinity of LOCATION_0217.,FIELD_SURVEILLANCE_UNIT,0.6
SURV_02518,,2026-02-02 11:41:25,LOCATION_0294,Ritu K.,VEHICLE_00327,An individual resembling Ritu K. was observed in the vicinity of LOCATION_0294.,FIELD_SURVEILLANCE_UNIT,0.82
SURV_02519,,2024-04-03 05:18:19,LOCATION_0030,anil meena,VEHICLE_00099,An individual resembling anil meena was observed in the vicinity of LOCATION_0030.,FIELD_SURVEILLANCE_UNIT,0.56
SURV_02520,,2025-06-05 07:27:32,LOCATION_0038,Vivek Joshi,,An individual resembling Vivek Joshi was observed in the vicinity of LOCATION_0038.,FIELD_SURVEILLANCE_UNIT,0.85
SURV_02521,,2025-11-03 13:55:48,LOCATION_0136,Manju Chauhan,VEHICLE_00582,Manju Chauhan was observed near LOCATION_0136; no unusual activity reported.,FIELD_SURVEILLANCE_UNIT,0.81
SURV_02522,,2024-10-06 04:01:52,LOCATION_0251,NIKHIL TIWARI,VEHICLE_00321,An individual resembling NIKHIL TIWARI was observed in the vicinity of LOCATION_0251.,FIELD_SURVEILLANCE_UNIT,0.77
SURV_02523,,2024-01-05 07:25:54,LOCATION_0273,Priya Sharma,VEHICLE_00125,Priya Sharma was observed near LOCATION_0273; no unusual activity reported.,FIELD_SURVEILLANCE_UNIT,0.82
SURV_02524,,2024-12-27 17:35:47,LOCATION_0285,Kirti Reddy,,Kirti Reddy was observed near LOCATION_0285; no unusual activity reported.,FIELD_SURVEILLANCE_UNIT,0.65
SURV_02525,,2024-05-19 05:28:33,LOCATION_0041,Isha Kulkarni,,An individual resembling Isha Kulkarni was observed in the vicinity of LOCATION_0041.,FIELD_SURVEILLANCE_UNIT,0.8
SURV_02526,,2024-04-09 06:58:11,LOCATION_0093,Meena S.,VEHICLE_00726,An individual resembling Meena S. was observed in the vicinity of LOCATION_0093.,FIELD_SURVEILLANCE_UNIT,0.73
SURV_02527,,2026-05-18 14:15:56,LOCATION_0068,G. Sharma,,An individual resembling G. Sharma was observed in the vicinity of LOCATION_0068.,FIELD_SURVEILLANCE_UNIT,0.78
SURV_02528,,2026-05-13 01:06:18,LOCATION_0127,Pooja Rathore,VEHICLE_00135,Pooja Rathore was observed near LOCATION_0127; no unusual activity reported.,FIELD_SURVEILLANCE_UNIT,0.8
SURV_02529,,2025-07-08 22:47:51,LOCATION_0091,Kirti Agarwal,VEHICLE_00599,Kirti Agarwal was observed near LOCATION_0091; no unusual activity reported.,FIELD_SURVEILLANCE_UNIT,0.67
SURV_02530,,2024-08-07 09:09:23,LOCATION_0206,R. Gupta,,An individual resembling R. Gupta was observed in the vicinity of LOCATION_0206.,FIELD_SURVEILLANCE_UNIT,0.74
SURV_02531,,2026-02-09 14:29:48,LOCATION_0272,Deepika Tiwari,VEHICLE_00402,Deepika Tiwari was observed near LOCATION_0272; no unusual activity reported.,FIELD_SURVEILLANCE_UNIT,0.68
SURV_02532,,2026-02-28 12:39:52,LOCATION_0192,Arjun Nair,,Arjun Nair was observed near LOCATION_0192; no unusual activity reported.,FIELD_SURVEILLANCE_UNIT,0.81
SURV_02533,,2025-07-09 13:42:33,LOCATION_0211,Ritu B.,,An individual resembling Ritu B. was observed in the vicinity of LOCATION_0211.,FIELD_SURVEILLANCE_UNIT,0.74
SURV_02534,,2024-02-05 05:53:51,LOCATION_0205,KARAN GUPTA,,An individual resembling KARAN GUPTA was observed in the vicinity of LOCATION_0205.,FIELD_SURVEILLANCE_UNIT,0.57
SURV_02535,,2024-06-10 02:34:06,LOCATION_0072,A. Nair,,An individual resembling A. Nair was observed in the vicinity of LOCATION_0072.,FIELD_SURVEILLANCE_UNIT,0.83
SURV_02536,,2024-04-13 12:50:48,LOCATION_0201,I. Rathore,,An individual resembling I. Rathore was observed in the vicinity of LOCATION_0201.,FIELD_SURVEILLANCE_UNIT,0.8
SURV_02537,,2024-10-04 13:00:10,LOCATION_0148,Nikhil P.,VEHICLE_00669,An individual resembling Nikhil P. was observed in the vicinity of LOCATION_0148.,FIELD_SURVEILLANCE_UNIT,0.65
SURV_02538,,2024-11-16 20:51:31,LOCATION_0278,Sanjay Reddy,VEHICLE_00190,Sanjay Reddy was observed near LOCATION_0278; no unusual activity reported.,FIELD_SURVEILLANCE_UNIT,0.89
SURV_02539,,2025-01-17 18:04:43,LOCATION_0226,RAVI MEENA,VEHICLE_00673,An individual resembling RAVI MEENA was observed in the vicinity of LOCATION_0226.,FIELD_SURVEILLANCE_UNIT,0.69
SURV_02540,,2026-01-18 00:01:16,LOCATION_0228,SWATI GUPTA,VEHICLE_00425,An individual resembling SWATI GUPTA was observed in the vicinity of LOCATION_0228.,FIELD_SURVEILLANCE_UNIT,0.76
SURV_02541,,2025-11-13 04:12:47,LOCATION_0194,Geeta Chauhan,,An individual resembling Geeta Chauhan was observed in the vicinity of LOCATION_0194.,FIELD_SURVEILLANCE_UNIT,0.61
SURV_02542,,2024-02-21 18:42:27,LOCATION_0134,Rekha Chauhan,,Rekha Chauhan was observed near LOCATION_0134; no unusual activity reported.,FIELD_SURVEILLANCE_UNIT,0.69
SURV_02543,,2026-06-16 19:51:27,LOCATION_0294,Pankaj Yadav,VEHICLE_00353,Pankaj Yadav was observed near LOCATION_0294; no unusual activity reported.,FIELD_SURVEILLANCE_UNIT,0.84
SURV_02544,,2025-08-01 18:20:27,LOCATION_0145,Sunita Kapoor,VEHICLE_00081,Sunita Kapoor was observed near LOCATION_0145; no unusual activity reported.,FIELD_SURVEILLANCE_UNIT,0.66
SURV_02545,,2025-07-26 00:19:09,LOCATION_0170,yash choudhary,,An individual resembling yash choudhary was observed in the vicinity of LOCATION_0170.,FIELD_SURVEILLANCE_UNIT,0.77
SURV_02546,,2025-02-04 17:44:29,LOCATION_0240,ArjunSharma,,An individual resembling ArjunSharma was observed in the vicinity of LOCATION_0240.,FIELD_SURVEILLANCE_UNIT,0.78
SURV_02547,,2025-12-13 01:11:07,LOCATION_0273,Karan Tiwari,,Karan Tiwari was observed near LOCATION_0273; no unusual activity reported.,FIELD_SURVEILLANCE_UNIT,0.66
SURV_02548,,2025-08-24 22:23:13,LOCATION_0015,Shalini C.,,An individual resembling Shalini C. was observed in the vicinity of LOCATION_0015.,FIELD_SURVEILLANCE_UNIT,0.61
SURV_02549,,2025-12-31 20:48:28,LOCATION_0007,Alka Choudhary,VEHICLE_00392,Alka Choudhary was observed near LOCATION_0007; no unusual activity reported.,FIELD_SURVEILLANCE_UNIT,0.58
SURV_02550,,2025-04-09 16:07:32,LOCATION_0033,Naveen Pandey,VEHICLE_00722,Naveen Pandey was observed near LOCATION_0033; no unusual activity reported.,FIELD_SURVEILLANCE_UNIT,0.86
SURV_02551,,2025-06-21 10:32:46,LOCATION_0283,SHALINI MEENA,,An individual resembling SHALINI MEENA was observed in the vicinity of LOCATION_0283.,FIELD_SURVEILLANCE_UNIT,0.63
SURV_02552,,2025-03-19 18:18:22,LOCATION_0032,Deepak Tiwari,VEHICLE_00465,Deepak Tiwari was observed near LOCATION_0032; no unusual activity reported.,FIELD_SURVEILLANCE_UNIT,0.66
SURV_02553,,2024-11-02 09:32:19,LOCATION_0137,Vivek G.,,An individual resembling Vivek G. was observed in the vicinity of LOCATION_0137.,FIELD_SURVEILLANCE_UNIT,0.72
SURV_02554,,2025-10-06 18:55:20,LOCATION_0209,ASHOK PANDEY,,An individual resembling ASHOK PANDEY was observed in the vicinity of LOCATION_0209.,FIELD_SURVEILLANCE_UNIT,0.83
SURV_02555,,2024-04-12 22:02:01,LOCATION_0210,DEEPIKA TIWARI,VEHICLE_00388,An individual resembling DEEPIKA TIWARI was observed in the vicinity of LOCATION_0210.,FIELD_SURVEILLANCE_UNIT,0.75
SURV_02556,,2026-03-14 08:33:15,LOCATION_0178,I. Reddy,VEHICLE_00715,An individual resembling I. Reddy was observed in the vicinity of LOCATION_0178.,FIELD_SURVEILLANCE_UNIT,0.63
SURV_02557,,2026-03-12 00:18:35,LOCATION_0023,Rohit Iyer,,Rohit Iyer was observed near LOCATION_0023; no unusual activity reported.,FIELD_SURVEILLANCE_UNIT,0.82
SURV_02558,,2026-05-09 14:52:13,LOCATION_0006,Karan Kulkarni,,Karan Kulkarni was observed near LOCATION_0006; no unusual activity reported.,FIELD_SURVEILLANCE_UNIT,0.82
SURV_02559,,2024-04-01 23:37:13,LOCATION_0157,MOHIT SAXENA,,An individual resembling MOHIT SAXENA was observed in the vicinity of LOCATION_0157.,FIELD_SURVEILLANCE_UNIT,0.65
SURV_02560,,2025-02-28 02:23:03,LOCATION_0239,S. Kapoor,,An individual resembling S. Kapoor was observed in the vicinity of LOCATION_0239.,FIELD_SURVEILLANCE_UNIT,0.63
SURV_02561,,2024-02-08 08:31:14,LOCATION_0008,RAJESH JOSHI,,An individual resembling RAJESH JOSHI was observed in the vicinity of LOCATION_0008.,FIELD_SURVEILLANCE_UNIT,0.71
SURV_02562,,2025-06-13 06:03:17,LOCATION_0294,N. Agarwal,,An individual resembling N. Agarwal was observed in the vicinity of LOCATION_0294.,FIELD_SURVEILLANCE_UNIT,0.62
SURV_02563,,2025-01-31 17:27:55,LOCATION_0190,KaranChoudhary,,An individual resembling KaranChoudhary was observed in the vicinity of LOCATION_0190.,FIELD_SURVEILLANCE_UNIT,0.89
SURV_02564,,2024-09-21 04:45:00,LOCATION_0093,ashok rathore,,An individual resembling ashok rathore was observed in the vicinity of LOCATION_0093.,FIELD_SURVEILLANCE_UNIT,0.62
SURV_02565,,2026-01-20 01:30:54,LOCATION_0068,rajesh joshi,,An individual resembling rajesh joshi was observed in the vicinity of LOCATION_0068.,FIELD_SURVEILLANCE_UNIT,0.9
SURV_02566,,2024-04-13 13:29:08,LOCATION_0118,Aman Malhotra,,Aman Malhotra was observed near LOCATION_0118; no unusual activity reported.,FIELD_SURVEILLANCE_UNIT,0.57
SURV_02567,,2025-04-17 05:31:39,LOCATION_0117,Rajesh M.,VEHICLE_00108,An individual resembling Rajesh M. was observed in the vicinity of LOCATION_0117.,FIELD_SURVEILLANCE_UNIT,0.61
SURV_02568,,2026-03-12 13:25:02,LOCATION_0174,Rohit Tiwari,VEHICLE_00475,Rohit Tiwari was observed near LOCATION_0174; no unusual activity reported.,FIELD_SURVEILLANCE_UNIT,0.59
SURV_02569,,2024-08-06 22:23:16,LOCATION_0287,Karan Tiwari,VEHICLE_00270,Karan Tiwari was observed near LOCATION_0287; no unusual activity reported.,FIELD_SURVEILLANCE_UNIT,0.68
SURV_02570,,2025-07-29 16:30:44,LOCATION_0207,Ravi Yadav,VEHICLE_00534,Ravi Yadav was observed near LOCATION_0207; no unusual activity reported.,FIELD_SURVEILLANCE_UNIT,0.72
SURV_02571,,2026-05-01 21:40:07,LOCATION_0288,NISHA GUPTA,VEHICLE_00264,An individual resembling NISHA GUPTA was observed in the vicinity of LOCATION_0288.,FIELD_SURVEILLANCE_UNIT,0.78
SURV_02572,,2025-08-10 05:25:25,LOCATION_0094,D. Singh,,An individual resembling D. Singh was observed in the vicinity of LOCATION_0094.,FIELD_SURVEILLANCE_UNIT,0.66
SURV_02573,,2025-12-06 10:59:32,LOCATION_0188,A. Rathore,,An individual resembling A. Rathore was observed in the vicinity of LOCATION_0188.,FIELD_SURVEILLANCE_UNIT,0.83
SURV_02574,,2025-01-19 07:00:01,LOCATION_0139,Rajesh Nair,VEHICLE_00434,Rajesh Nair was observed near LOCATION_0139; no unusual activity reported.,FIELD_SURVEILLANCE_UNIT,0.85
SURV_02575,,2025-11-09 19:45:08,LOCATION_0218,Yash Pandey,VEHICLE_00212,Yash Pandey was observed near LOCATION_0218; no unusual activity reported.,FIELD_SURVEILLANCE_UNIT,0.59
SURV_02576,,2025-04-02 04:54:20,LOCATION_0003,DEEPAK YADAV,,An individual resembling DEEPAK YADAV was observed in the vicinity of LOCATION_0003.,FIELD_SURVEILLANCE_UNIT,0.72
SURV_02577,,2026-04-15 10:12:36,LOCATION_0078,Sandeep Bansal,VEHICLE_00751,Sandeep Bansal was observed near LOCATION_0078; no unusual activity reported.,FIELD_SURVEILLANCE_UNIT,0.63
SURV_02578,,2025-03-30 10:45:37,LOCATION_0161,P. Sharma,VEHICLE_00193,An individual resembling P. Sharma was observed in the vicinity of LOCATION_0161.,FIELD_SURVEILLANCE_UNIT,0.73
SURV_02579,,2026-05-09 00:18:59,LOCATION_0120,K. Bhatt,VEHICLE_00222,An individual resembling K. Bhatt was observed in the vicinity of LOCATION_0120.,FIELD_SURVEILLANCE_UNIT,0.86
SURV_02580,,2024-01-21 21:51:32,LOCATION_0232,D. Singh,,An individual resembling D. Singh was observed in the vicinity of LOCATION_0232.,FIELD_SURVEILLANCE_UNIT,0.57
SURV_02581,,2025-01-13 17:10:14,LOCATION_0143,Priya B.,,An individual resembling Priya B. was observed in the vicinity of LOCATION_0143.,FIELD_SURVEILLANCE_UNIT,0.73
SURV_02582,,2026-04-28 06:02:05,LOCATION_0014,Ritu Singh,VEHICLE_00653,Ritu Singh was observed near LOCATION_0014; no unusual activity reported.,FIELD_SURVEILLANCE_UNIT,0.87
SURV_02583,,2025-11-01 00:43:50,LOCATION_0213,PREETI CHAUHAN,,An individual resembling PREETI CHAUHAN was observed in the vicinity of LOCATION_0213.,FIELD_SURVEILLANCE_UNIT,0.67
SURV_02584,,2024-01-04 11:38:17,LOCATION_0075,Gaurav Singh,VEHICLE_00245,Gaurav Singh was observed near LOCATION_0075; no unusual activity reported.,FIELD_SURVEILLANCE_UNIT,0.63
SURV_02585,,2026-03-13 11:08:55,LOCATION_0013,R. Kapoor,,An individual resembling R. Kapoor was observed in the vicinity of LOCATION_0013.,FIELD_SURVEILLANCE_UNIT,0.6
SURV_02586,,2024-09-20 00:16:37,LOCATION_0121,Alka Yadav,,Alka Yadav was observed near LOCATION_0121; no unusual activity reported.,FIELD_SURVEILLANCE_UNIT,0.74
SURV_02587,,2025-03-07 23:01:44,LOCATION_0221,Gaurav Bhatt,VEHICLE_00717,Gaurav Bhatt was observed near LOCATION_0221; no unusual activity reported.,FIELD_SURVEILLANCE_UNIT,0.69
SURV_02588,,2024-10-06 21:20:20,LOCATION_0284,DivyaVerma,VEHICLE_00480,An individual resembling DivyaVerma was observed in the vicinity of LOCATION_0284.,FIELD_SURVEILLANCE_UNIT,0.89
SURV_02589,,2025-05-24 21:34:39,LOCATION_0238,Yash Yadav,,An individual resembling Yash Yadav was observed in the vicinity of LOCATION_0238.,FIELD_SURVEILLANCE_UNIT,0.65
SURV_02590,,2024-09-28 11:47:29,LOCATION_0276,A. Naidu,VEHICLE_00734,An individual resembling A. Naidu was observed in the vicinity of LOCATION_0276.,FIELD_SURVEILLANCE_UNIT,0.57
SURV_02591,,2025-02-10 22:55:17,LOCATION_0226,SANJAY KAPOOR,VEHICLE_00165,An individual resembling SANJAY KAPOOR was observed in the vicinity of LOCATION_0226.,FIELD_SURVEILLANCE_UNIT,0.73
SURV_02592,,2026-03-20 21:09:21,LOCATION_0026,Shalini Mishra,VEHICLE_00451,An individual resembling Shalini Mishra was observed in the vicinity of LOCATION_0026.,FIELD_SURVEILLANCE_UNIT,0.58
SURV_02593,,2025-02-14 09:22:23,LOCATION_0180,Nikhil Reddy,VEHICLE_00580,Nikhil Reddy was observed near LOCATION_0180; no unusual activity reported.,FIELD_SURVEILLANCE_UNIT,0.66
SURV_02594,,2025-01-02 22:03:20,LOCATION_0230,Aman Bansal,,Aman Bansal was observed near LOCATION_0230; no unusual activity reported.,FIELD_SURVEILLANCE_UNIT,0.88
SURV_02595,,2025-05-16 10:13:54,LOCATION_0134,MohitKapoor,VEHICLE_00730,An individual resembling MohitKapoor was observed in the vicinity of LOCATION_0134.,FIELD_SURVEILLANCE_UNIT,0.9
SURV_02596,,2024-12-12 12:36:27,LOCATION_0068,SANDEEP SAXENA,,An individual resembling SANDEEP SAXENA was observed in the vicinity of LOCATION_0068.,FIELD_SURVEILLANCE_UNIT,0.79
SURV_02597,,2024-03-22 02:43:42,LOCATION_0144,Naveen Iyer,,Naveen Iyer was observed near LOCATION_0144; no unusual activity reported.,FIELD_SURVEILLANCE_UNIT,0.72
SURV_02598,,2024-10-06 17:00:13,LOCATION_0017,KavitaKulkarni,VEHICLE_00293,An individual resembling KavitaKulkarni was observed in the vicinity of LOCATION_0017.,FIELD_SURVEILLANCE_UNIT,0.83
SURV_02599,,2026-01-23 21:29:58,LOCATION_0129,DeepikaChoudhary,VEHICLE_00497,An individual resembling DeepikaChoudhary was observed in the vicinity of LOCATION_0129.,FIELD_SURVEILLANCE_UNIT,0.82
SURV_02600,,2026-06-27 11:25:54,LOCATION_0090,Nikhil K.,,An individual resembling Nikhil K. was observed in the vicinity of LOCATION_0090.,FIELD_SURVEILLANCE_UNIT,0.57
SURV_02601,,2025-08-27 19:56:28,LOCATION_0094,anil singh,VEHICLE_00385,An individual resembling anil singh was observed in the vicinity of LOCATION_0094.,FIELD_SURVEILLANCE_UNIT,0.74
SURV_02602,,2026-03-29 05:06:10,LOCATION_0108,divya joshi,,An individual resembling divya joshi was observed in the vicinity of LOCATION_0108.,FIELD_SURVEILLANCE_UNIT,0.68
SURV_02603,,2024-11-13 16:20:44,LOCATION_0293,Amit Iyer,VEHICLE_00021,An individual resembling Amit Iyer was observed in the vicinity of LOCATION_0293.,FIELD_SURVEILLANCE_UNIT,0.67
SURV_02604,,2025-01-03 01:10:05,LOCATION_0096,Manju Chauhan,VEHICLE_00582,Manju Chauhan was observed near LOCATION_0096; no unusual activity reported.,FIELD_SURVEILLANCE_UNIT,0.7
SURV_02605,,2024-07-28 22:26:25,LOCATION_0028,Sanjay Meena,,Sanjay Meena was observed near LOCATION_0028; no unusual activity reported.,FIELD_SURVEILLANCE_UNIT,0.73
SURV_02606,,2024-08-15 05:05:50,LOCATION_0276,Naveen M.,,An individual resembling Naveen M. was observed in the vicinity of LOCATION_0276.,FIELD_SURVEILLANCE_UNIT,0.76
SURV_02607,,2025-12-03 17:37:27,LOCATION_0132,Manoj Tiwari,VEHICLE_00642,Manoj Tiwari was observed near LOCATION_0132; no unusual activity reported.,FIELD_SURVEILLANCE_UNIT,0.72
SURV_02608,,2024-01-19 04:44:54,LOCATION_0157,Rajesh Chauhan,VEHICLE_00121,Rajesh Chauhan was observed near LOCATION_0157; no unusual activity reported.,FIELD_SURVEILLANCE_UNIT,0.6
SURV_02609,,2026-05-17 10:20:28,LOCATION_0297,arjun yadav,VEHICLE_00167,An individual resembling arjun yadav was observed in the vicinity of LOCATION_0297.,FIELD_SURVEILLANCE_UNIT,0.73
SURV_02610,,2024-04-21 20:11:11,LOCATION_0059,DEEPIKA CHOUDHARY,VEHICLE_00497,An individual resembling DEEPIKA CHOUDHARY was observed in the vicinity of LOCATION_0059.,FIELD_SURVEILLANCE_UNIT,0.86
SURV_02611,,2025-04-20 18:10:56,LOCATION_0011,Nikhil M.,VEHICLE_00666,An individual resembling Nikhil M. was observed in the vicinity of LOCATION_0011.,FIELD_SURVEILLANCE_UNIT,0.63
SURV_02612,,2026-03-27 16:41:47,LOCATION_0128,sonia agarwal,VEHICLE_00130,An individual resembling sonia agarwal was observed in the vicinity of LOCATION_0128.,FIELD_SURVEILLANCE_UNIT,0.57
SURV_02613,,2024-12-22 22:18:22,LOCATION_0034,Nisha Saxena,,Nisha Saxena was observed near LOCATION_0034; no unusual activity reported.,FIELD_SURVEILLANCE_UNIT,0.55
SURV_02614,,2024-07-11 17:53:15,LOCATION_0126,A. Reddy,,An individual resembling A. Reddy was observed in the vicinity of LOCATION_0126.,FIELD_SURVEILLANCE_UNIT,0.87
SURV_02615,,2024-07-15 11:25:19,LOCATION_0263,preeti singh,VEHICLE_00133,An individual resembling preeti singh was observed in the vicinity of LOCATION_0263.,FIELD_SURVEILLANCE_UNIT,0.86
SURV_02616,,2025-07-04 03:18:26,LOCATION_0101,Meena Chauhan,VEHICLE_00124,Meena Chauhan was observed near LOCATION_0101; no unusual activity reported.,FIELD_SURVEILLANCE_UNIT,0.68
SURV_02617,,2025-02-11 18:50:10,LOCATION_0004,Sunita Choudhary,VEHICLE_00631,Sunita Choudhary was observed near LOCATION_0004; no unusual activity reported.,FIELD_SURVEILLANCE_UNIT,0.8
SURV_02618,,2025-02-28 15:25:23,LOCATION_0175,RajeshSaxena,VEHICLE_00729,An individual resembling RajeshSaxena was observed in the vicinity of LOCATION_0175.,FIELD_SURVEILLANCE_UNIT,0.58
SURV_02619,,2024-05-12 23:04:12,LOCATION_0016,mohit meena,VEHICLE_00687,An individual resembling mohit meena was observed in the vicinity of LOCATION_0016.,FIELD_SURVEILLANCE_UNIT,0.76
SURV_02620,,2025-05-02 07:25:56,LOCATION_0057,GAURAV PANDEY,,An individual resembling GAURAV PANDEY was observed in the vicinity of LOCATION_0057.,FIELD_SURVEILLANCE_UNIT,0.59
SURV_02621,,2026-03-07 10:15:22,LOCATION_0009,Arjun Bansal,VEHICLE_00670,Arjun Bansal was observed near LOCATION_0009; no unusual activity reported.,FIELD_SURVEILLANCE_UNIT,0.77
SURV_02622,,2026-04-21 09:46:46,LOCATION_0022,neha iyer,VEHICLE_00198,An individual resembling neha iyer was observed in the vicinity of LOCATION_0022.,FIELD_SURVEILLANCE_UNIT,0.89
SURV_02623,,2025-01-02 02:02:22,LOCATION_0075,Preeti Kapoor,,Preeti Kapoor was observed near LOCATION_0075; no unusual activity reported.,FIELD_SURVEILLANCE_UNIT,0.7
SURV_02624,,2025-03-08 04:03:12,LOCATION_0082,A. Malhotra,,An individual resembling A. Malhotra was observed in the vicinity of LOCATION_0082.,FIELD_SURVEILLANCE_UNIT,0.57
SURV_02625,,2024-01-30 13:52:17,LOCATION_0214,Anil Naidu,,Anil Naidu was observed near LOCATION_0214; no unusual activity reported.,FIELD_SURVEILLANCE_UNIT,0.76
SURV_02626,,2025-12-02 05:15:12,LOCATION_0013,Mohit J.,,An individual resembling Mohit J. was observed in the vicinity of LOCATION_0013.,FIELD_SURVEILLANCE_UNIT,0.79
SURV_02627,,2024-05-06 05:33:02,LOCATION_0229,R. Yadav,VEHICLE_00040,An individual resembling R. Yadav was observed in the vicinity of LOCATION_0229.,FIELD_SURVEILLANCE_UNIT,0.63
SURV_02628,,2026-02-11 10:51:37,LOCATION_0069,Shalini Choudhary,VEHICLE_00540,Shalini Choudhary was observed near LOCATION_0069; no unusual activity reported.,FIELD_SURVEILLANCE_UNIT,0.66
SURV_02629,,2026-03-15 11:16:17,LOCATION_0193,Deepika T.,,An individual resembling Deepika T. was observed in the vicinity of LOCATION_0193.,FIELD_SURVEILLANCE_UNIT,0.59
SURV_02630,,2024-11-07 20:09:12,LOCATION_0222,ARJUN SHARMA,,An individual resembling ARJUN SHARMA was observed in the vicinity of LOCATION_0222.,FIELD_SURVEILLANCE_UNIT,0.62
SURV_02631,,2025-08-07 23:25:53,LOCATION_0054,Swati S.,VEHICLE_00079,An individual resembling Swati S. was observed in the vicinity of LOCATION_0054.,FIELD_SURVEILLANCE_UNIT,0.8
SURV_02632,,2025-02-21 11:33:06,LOCATION_0057,PANKAJ VERMA,,An individual resembling PANKAJ VERMA was observed in the vicinity of LOCATION_0057.,FIELD_SURVEILLANCE_UNIT,0.85
SURV_02633,,2024-10-27 12:27:14,LOCATION_0106,Nisha Naidu,,Nisha Naidu was observed near LOCATION_0106; no unusual activity reported.,FIELD_SURVEILLANCE_UNIT,0.63
SURV_02634,,2025-05-06 10:36:29,LOCATION_0020,YashSaxena,VEHICLE_00514,An individual resembling YashSaxena was observed in the vicinity of LOCATION_0020.,FIELD_SURVEILLANCE_UNIT,0.65
SURV_02635,,2026-04-26 09:30:34,LOCATION_0270,A. Nair,VEHICLE_00665,An individual resembling A. Nair was observed in the vicinity of LOCATION_0270.,FIELD_SURVEILLANCE_UNIT,0.68
SURV_02636,,2025-07-24 05:40:57,LOCATION_0284,Anil Naidu,,Anil Naidu was observed near LOCATION_0284; no unusual activity reported.,FIELD_SURVEILLANCE_UNIT,0.73
SURV_02637,,2026-06-12 16:25:11,LOCATION_0297,Rohit Iyer,VEHICLE_00234,Rohit Iyer was observed near LOCATION_0297; no unusual activity reported.,FIELD_SURVEILLANCE_UNIT,0.88
SURV_02638,,2025-10-14 06:10:06,LOCATION_0092,Gaurav Agarwal,VEHICLE_00141,Gaurav Agarwal was observed near LOCATION_0092; no unusual activity reported.,FIELD_SURVEILLANCE_UNIT,0.9
SURV_02639,,2026-04-15 01:00:55,LOCATION_0205,Vivek Tiwari,VEHICLE_00003,Vivek Tiwari was observed near LOCATION_0205; no unusual activity reported.,FIELD_SURVEILLANCE_UNIT,0.75
SURV_02640,,2024-06-17 11:30:16,LOCATION_0107,Vikram Chauhan,VEHICLE_00041,Vikram Chauhan was observed near LOCATION_0107; no unusual activity reported.,FIELD_SURVEILLANCE_UNIT,0.68
SURV_02641,,2024-08-03 06:02:08,LOCATION_0086,Karan Meena,,Karan Meena was observed near LOCATION_0086; no unusual activity reported.,FIELD_SURVEILLANCE_UNIT,0.89
SURV_02642,,2026-03-25 20:05:05,LOCATION_0260,N. Rathore,VEHICLE_00188,An individual resembling N. Rathore was observed in the vicinity of LOCATION_0260.,FIELD_SURVEILLANCE_UNIT,0.74
SURV_02643,,2025-04-17 04:50:47,LOCATION_0261,Rohit Malhotra,VEHICLE_00498,Rohit Malhotra was observed near LOCATION_0261; no unusual activity reported.,FIELD_SURVEILLANCE_UNIT,0.66
SURV_02644,,2025-09-09 14:14:04,LOCATION_0214,Neha Yadav,,Neha Yadav was observed near LOCATION_0214; no unusual activity reported.,FIELD_SURVEILLANCE_UNIT,0.62
SURV_02645,,2025-01-15 22:33:11,LOCATION_0061,Gaurav P.,VEHICLE_00169,An individual resembling Gaurav P. was observed in the vicinity of LOCATION_0061.,FIELD_SURVEILLANCE_UNIT,0.59
SURV_02646,,2026-05-10 02:24:39,LOCATION_0066,Shalini M.,VEHICLE_00451,An individual resembling Shalini M. was observed in the vicinity of LOCATION_0066.,FIELD_SURVEILLANCE_UNIT,0.82
SURV_02647,,2025-03-09 20:52:13,LOCATION_0248,Vivek Mishra,,Vivek Mishra was observed near LOCATION_0248; no unusual activity reported.,FIELD_SURVEILLANCE_UNIT,0.74
SURV_02648,,2026-02-06 15:35:26,LOCATION_0112,Meena Joshi,VEHICLE_00617,Meena Joshi was observed near LOCATION_0112; no unusual activity reported.,FIELD_SURVEILLANCE_UNIT,0.7
SURV_02649,,2024-01-17 01:58:14,LOCATION_0036,S. Choudhary,,An individual resembling S. Choudhary was observed in the vicinity of LOCATION_0036.,FIELD_SURVEILLANCE_UNIT,0.66
SURV_02650,,2026-03-02 02:48:14,LOCATION_0232,Sandeep Kulkarni,VEHICLE_00062,Sandeep Kulkarni was observed near LOCATION_0232; no unusual activity reported.,FIELD_SURVEILLANCE_UNIT,0.86
SURV_02651,,2025-01-11 11:13:56,LOCATION_0205,Vikram M.,VEHICLE_00694,An individual resembling Vikram M. was observed in the vicinity of LOCATION_0205.,FIELD_SURVEILLANCE_UNIT,0.61
SURV_02652,,2024-03-18 00:05:08,LOCATION_0031,Yash N.,VEHICLE_00486,An individual resembling Yash N. was observed in the vicinity of LOCATION_0031.,FIELD_SURVEILLANCE_UNIT,0.82
SURV_02653,,2026-06-20 15:56:59,LOCATION_0275,Manju A.,VEHICLE_00483,An individual resembling Manju A. was observed in the vicinity of LOCATION_0275.,FIELD_SURVEILLANCE_UNIT,0.67
SURV_02654,,2026-01-02 14:15:51,LOCATION_0052,T. Mishra,VEHICLE_00448,An individual resembling T. Mishra was observed in the vicinity of LOCATION_0052.,FIELD_SURVEILLANCE_UNIT,0.78
SURV_02655,,2025-07-22 06:39:32,LOCATION_0025,Manoj Pandey,VEHICLE_00285,An individual resembling Manoj Pandey was observed in the vicinity of LOCATION_0025.,FIELD_SURVEILLANCE_UNIT,0.71
SURV_02656,,2025-07-19 23:21:56,LOCATION_0041,Gaurav Sharma,VEHICLE_00430,Gaurav Sharma was observed near LOCATION_0041; no unusual activity reported.,FIELD_SURVEILLANCE_UNIT,0.68
SURV_02657,,2025-02-11 03:00:36,LOCATION_0130,Kavita K.,VEHICLE_00332,An individual resembling Kavita K. was observed in the vicinity of LOCATION_0130.,FIELD_SURVEILLANCE_UNIT,0.7
SURV_02658,,2024-07-04 07:28:45,LOCATION_0142,Anil Kapoor,,Anil Kapoor was observed near LOCATION_0142; no unusual activity reported.,FIELD_SURVEILLANCE_UNIT,0.88
SURV_02659,,2025-03-14 16:08:17,LOCATION_0110,ManojAgarwal,,An individual resembling ManojAgarwal was observed in the vicinity of LOCATION_0110.,FIELD_SURVEILLANCE_UNIT,0.67
SURV_02660,,2024-01-17 07:16:21,LOCATION_0073,Meena Saxena,VEHICLE_00726,Meena Saxena was observed near LOCATION_0073; no unusual activity reported.,FIELD_SURVEILLANCE_UNIT,0.68
SURV_02661,,2024-08-15 17:31:24,LOCATION_0227,Sunita Bansal,VEHICLE_00323,Sunita Bansal was observed near LOCATION_0227; no unusual activity reported.,FIELD_SURVEILLANCE_UNIT,0.69
SURV_02662,,2024-02-13 17:22:42,LOCATION_0177,Yash Malhotra,,Yash Malhotra was observed near LOCATION_0177; no unusual activity reported.,FIELD_SURVEILLANCE_UNIT,0.75
SURV_02663,,2026-01-18 20:44:10,LOCATION_0053,Rajesh Reddy,,Rajesh Reddy was observed near LOCATION_0053; no unusual activity reported.,FIELD_SURVEILLANCE_UNIT,0.69
SURV_02664,,2025-12-17 03:06:39,LOCATION_0116,I. Naidu,,An individual resembling I. Naidu was observed in the vicinity of LOCATION_0116.,FIELD_SURVEILLANCE_UNIT,0.56
SURV_02665,,2025-09-11 04:49:05,LOCATION_0134,Nisha Singh,VEHICLE_00240,Nisha Singh was observed near LOCATION_0134; no unusual activity reported.,FIELD_SURVEILLANCE_UNIT,0.7
SURV_02666,,2025-09-03 01:08:12,LOCATION_0255,ravi singh,,An individual resembling ravi singh was observed in the vicinity of LOCATION_0255.,FIELD_SURVEILLANCE_UNIT,0.82
SURV_02667,,2025-09-03 22:58:00,LOCATION_0264,Tanvi Pandey,VEHICLE_00574,Tanvi Pandey was observed near LOCATION_0264; no unusual activity reported.,FIELD_SURVEILLANCE_UNIT,0.87
SURV_02668,,2024-10-17 02:01:32,LOCATION_0140,Pankaj G.,,An individual resembling Pankaj G. was observed in the vicinity of LOCATION_0140.,FIELD_SURVEILLANCE_UNIT,0.62
SURV_02669,,2025-07-14 04:01:22,LOCATION_0071,Meena Joshi,VEHICLE_00051,An individual resembling Meena Joshi was observed in the vicinity of LOCATION_0071.,FIELD_SURVEILLANCE_UNIT,0.55
SURV_02670,,2024-11-22 15:36:10,LOCATION_0024,Priya Rathore,,Priya Rathore was observed near LOCATION_0024; no unusual activity reported.,FIELD_SURVEILLANCE_UNIT,0.81
SURV_02671,,2025-06-23 18:40:17,LOCATION_0240,Vikram Chauhan,,Vikram Chauhan was observed near LOCATION_0240; no unusual activity reported.,FIELD_SURVEILLANCE_UNIT,0.65
SURV_02672,,2024-02-20 04:28:58,LOCATION_0114,Isha J.,,An individual resembling Isha J. was observed in the vicinity of LOCATION_0114.,FIELD_SURVEILLANCE_UNIT,0.64
SURV_02673,,2025-02-04 01:51:05,LOCATION_0259,Rekha Rathore,,Rekha Rathore was observed near LOCATION_0259; no unusual activity reported.,FIELD_SURVEILLANCE_UNIT,0.56
SURV_02674,,2025-12-05 22:58:09,LOCATION_0262,Ritu Pandey,,Ritu Pandey was observed near LOCATION_0262; no unusual activity reported.,FIELD_SURVEILLANCE_UNIT,0.72
SURV_02675,,2025-10-06 13:09:17,LOCATION_0173,DEEPIKA NAIR,,An individual resembling DEEPIKA NAIR was observed in the vicinity of LOCATION_0173.,FIELD_SURVEILLANCE_UNIT,0.7
SURV_02676,,2024-06-15 16:42:13,LOCATION_0051,Rajesh G.,VEHICLE_00042,An individual resembling Rajesh G. was observed in the vicinity of LOCATION_0051.,FIELD_SURVEILLANCE_UNIT,0.85
SURV_02677,,2024-09-06 23:34:38,LOCATION_0059,Ritu Tiwari,VEHICLE_00592,An individual resembling Ritu Tiwari was observed in the vicinity of LOCATION_0059.,FIELD_SURVEILLANCE_UNIT,0.59
SURV_02678,,2024-01-29 22:08:39,LOCATION_0114,Kirti Choudhary,,Kirti Choudhary was observed near LOCATION_0114; no unusual activity reported.,FIELD_SURVEILLANCE_UNIT,0.8
SURV_02679,,2024-02-18 13:30:03,LOCATION_0048,Sanjay Reddy,VEHICLE_00190,Sanjay Reddy was observed near LOCATION_0048; no unusual activity reported.,FIELD_SURVEILLANCE_UNIT,0.76
SURV_02680,,2025-03-18 12:11:43,LOCATION_0298,Rahul P.,VEHICLE_00680,An individual resembling Rahul P. was observed in the vicinity of LOCATION_0298.,FIELD_SURVEILLANCE_UNIT,0.82
SURV_02681,,2026-05-31 18:02:22,LOCATION_0274,Pooja Saxena,,Pooja Saxena was observed near LOCATION_0274; no unusual activity reported.,FIELD_SURVEILLANCE_UNIT,0.86
SURV_02682,,2026-05-15 00:16:21,LOCATION_0155,Vivek Bansal,VEHICLE_00733,Vivek Bansal was observed near LOCATION_0155; no unusual activity reported.,FIELD_SURVEILLANCE_UNIT,0.7
SURV_02683,,2025-04-11 09:31:24,LOCATION_0300,Simran Malhotra,VEHICLE_00689,Simran Malhotra was observed near LOCATION_0300; no unusual activity reported.,FIELD_SURVEILLANCE_UNIT,0.87
SURV_02684,,2024-10-05 09:54:09,LOCATION_0107,Rajesh Chauhan,VEHICLE_00121,Rajesh Chauhan was observed near LOCATION_0107; no unusual activity reported.,FIELD_SURVEILLANCE_UNIT,0.71
SURV_02685,,2025-06-06 06:43:18,LOCATION_0127,Naveen Pandey,,Naveen Pandey was observed near LOCATION_0127; no unusual activity reported.,FIELD_SURVEILLANCE_UNIT,0.58
SURV_02686,,2026-05-31 04:13:08,LOCATION_0153,Manoj G.,VEHICLE_00038,An individual resembling Manoj G. was observed in the vicinity of LOCATION_0153.,FIELD_SURVEILLANCE_UNIT,0.62
SURV_02687,,2025-07-22 00:40:11,LOCATION_0094,M. Bansal,VEHICLE_00504,An individual resembling M. Bansal was observed in the vicinity of LOCATION_0094.,FIELD_SURVEILLANCE_UNIT,0.62
SURV_02688,,2024-01-07 12:22:49,LOCATION_0142,Meena Joshi,VEHICLE_00185,Meena Joshi was observed near LOCATION_0142; no unusual activity reported.,FIELD_SURVEILLANCE_UNIT,0.89
SURV_02689,,2025-09-30 01:29:14,LOCATION_0208,Simran Verma,VEHICLE_00406,Simran Verma was observed near LOCATION_0208; no unusual activity reported.,FIELD_SURVEILLANCE_UNIT,0.77
SURV_02690,,2025-01-24 10:29:40,LOCATION_0026,M. Bansal,,An individual resembling M. Bansal was observed in the vicinity of LOCATION_0026.,FIELD_SURVEILLANCE_UNIT,0.8
SURV_02691,,2025-03-19 21:16:05,LOCATION_0132,Vikram Chauhan,,Vikram Chauhan was observed near LOCATION_0132; no unusual activity reported.,FIELD_SURVEILLANCE_UNIT,0.73
SURV_02692,,2026-06-12 08:41:26,LOCATION_0167,gaurav pandey,,An individual resembling gaurav pandey was observed in the vicinity of LOCATION_0167.,FIELD_SURVEILLANCE_UNIT,0.61
SURV_02693,,2025-02-04 18:03:23,LOCATION_0059,Aman Iyer,,Aman Iyer was observed near LOCATION_0059; no unusual activity reported.,FIELD_SURVEILLANCE_UNIT,0.88
SURV_02694,,2025-01-25 15:20:17,LOCATION_0014,Naveen I.,,An individual resembling Naveen I. was observed in the vicinity of LOCATION_0014.,FIELD_SURVEILLANCE_UNIT,0.78
SURV_02695,,2025-08-08 10:25:46,LOCATION_0202,Sanjay Agarwal,,Sanjay Agarwal was observed near LOCATION_0202; no unusual activity reported.,FIELD_SURVEILLANCE_UNIT,0.65
SURV_02696,,2024-12-19 11:04:38,LOCATION_0145,PoojaMeena,,An individual resembling PoojaMeena was observed in the vicinity of LOCATION_0145.,FIELD_SURVEILLANCE_UNIT,0.67
SURV_02697,,2024-06-20 00:32:01,LOCATION_0011,Sunita Yadav,VEHICLE_00338,Sunita Yadav was observed near LOCATION_0011; no unusual activity reported.,FIELD_SURVEILLANCE_UNIT,0.59
SURV_02698,,2025-04-24 06:13:33,LOCATION_0026,ALKA REDDY,,An individual resembling ALKA REDDY was observed in the vicinity of LOCATION_0026.,FIELD_SURVEILLANCE_UNIT,0.82
SURV_02699,,2025-03-04 23:15:15,LOCATION_0001,Ravi Verma,,Ravi Verma was observed near LOCATION_0001; no unusual activity reported.,FIELD_SURVEILLANCE_UNIT,0.6
SURV_02700,,2025-05-06 02:18:00,LOCATION_0056,Ashok Iyer,,Ashok Iyer was observed near LOCATION_0056; no unusual activity reported.,FIELD_SURVEILLANCE_UNIT,0.87
SURV_02701,,2025-07-28 22:26:52,LOCATION_0135,ASHOK SAXENA,VEHICLE_00010,An individual resembling ASHOK SAXENA was observed in the vicinity of LOCATION_0135.,FIELD_SURVEILLANCE_UNIT,0.79
SURV_02702,,2025-01-29 21:26:52,LOCATION_0300,Karan Bhatt,VEHICLE_00222,Karan Bhatt was observed near LOCATION_0300; no unusual activity reported.,FIELD_SURVEILLANCE_UNIT,0.63
SURV_02703,,2025-03-23 16:32:37,LOCATION_0023,Kirti Gupta,VEHICLE_00057,Kirti Gupta was observed near LOCATION_0023; no unusual activity reported.,FIELD_SURVEILLANCE_UNIT,0.8
SURV_02704,,2025-05-20 21:43:35,LOCATION_0079,D. Choudhary,VEHICLE_00497,An individual resembling D. Choudhary was observed in the vicinity of LOCATION_0079.,FIELD_SURVEILLANCE_UNIT,0.87
SURV_02705,,2025-01-24 18:32:31,LOCATION_0176,sanjay choudhary,VEHICLE_00283,An individual resembling sanjay choudhary was observed in the vicinity of LOCATION_0176.,FIELD_SURVEILLANCE_UNIT,0.88
SURV_02706,,2024-10-23 08:10:03,LOCATION_0159,Manju Malhotra,,Manju Malhotra was observed near LOCATION_0159; no unusual activity reported.,FIELD_SURVEILLANCE_UNIT,0.55
SURV_02707,,2024-04-24 07:54:21,LOCATION_0212,SHALINI NAIR,VEHICLE_00228,An individual resembling SHALINI NAIR was observed in the vicinity of LOCATION_0212.,FIELD_SURVEILLANCE_UNIT,0.88
SURV_02708,,2024-01-30 12:35:15,LOCATION_0133,Rekha Choudhary,,Rekha Choudhary was observed near LOCATION_0133; no unusual activity reported.,FIELD_SURVEILLANCE_UNIT,0.61
SURV_02709,,2024-09-21 01:42:35,LOCATION_0222,Anil Kulkarni,VEHICLE_00550,Anil Kulkarni was observed near LOCATION_0222; no unusual activity reported.,FIELD_SURVEILLANCE_UNIT,0.63
SURV_02710,,2026-05-20 09:46:59,LOCATION_0227,NehaPandey,,An individual resembling NehaPandey was observed in the vicinity of LOCATION_0227.,FIELD_SURVEILLANCE_UNIT,0.79
SURV_02711,,2026-04-05 16:32:45,LOCATION_0299,Nisha Malhotra,VEHICLE_00369,Nisha Malhotra was observed near LOCATION_0299; no unusual activity reported.,FIELD_SURVEILLANCE_UNIT,0.65
SURV_02712,,2025-09-21 05:48:29,LOCATION_0104,Amit Kulkarni,,Amit Kulkarni was observed near LOCATION_0104; no unusual activity reported.,FIELD_SURVEILLANCE_UNIT,0.8
SURV_02713,,2024-10-13 07:22:05,LOCATION_0057,S. Singh,VEHICLE_00754,An individual resembling S. Singh was observed in the vicinity of LOCATION_0057.,FIELD_SURVEILLANCE_UNIT,0.84
SURV_02714,,2026-04-03 20:12:01,LOCATION_0214,Kavita Pandey,VEHICLE_00311,Kavita Pandey was observed near LOCATION_0214; no unusual activity reported.,FIELD_SURVEILLANCE_UNIT,0.89
SURV_02715,,2024-08-03 00:02:52,LOCATION_0215,Manju Bhatt,VEHICLE_00080,Manju Bhatt was observed near LOCATION_0215; no unusual activity reported.,FIELD_SURVEILLANCE_UNIT,0.84
SURV_02716,,2024-01-06 07:53:59,LOCATION_0159,Simran Choudhary,VEHICLE_00159,Simran Choudhary was observed near LOCATION_0159; no unusual activity reported.,FIELD_SURVEILLANCE_UNIT,0.74
SURV_02717,,2025-03-08 12:30:52,LOCATION_0235,Karan Yadav,,Karan Yadav was observed near LOCATION_0235; no unusual activity reported.,FIELD_SURVEILLANCE_UNIT,0.78
SURV_02718,,2026-05-24 16:42:47,LOCATION_0150,Suresh Tiwari,,Suresh Tiwari was observed near LOCATION_0150; no unusual activity reported.,FIELD_SURVEILLANCE_UNIT,0.81
SURV_02719,,2024-01-06 03:32:31,LOCATION_0204,harish agarwal,,An individual resembling harish agarwal was observed in the vicinity of LOCATION_0204.,FIELD_SURVEILLANCE_UNIT,0.79
SURV_02720,,2026-01-25 01:37:51,LOCATION_0203,Vikram Rathore,VEHICLE_00031,Vikram Rathore was observed near LOCATION_0203; no unusual activity reported.,FIELD_SURVEILLANCE_UNIT,0.83
SURV_02721,,2025-08-02 11:26:10,LOCATION_0122,Y. Bansal,VEHICLE_00563,An individual resembling Y. Bansal was observed in the vicinity of LOCATION_0122.,FIELD_SURVEILLANCE_UNIT,0.76
SURV_02722,,2024-08-11 22:19:23,LOCATION_0088,Rahul Chauhan,VEHICLE_00252,Rahul Chauhan was observed near LOCATION_0088; no unusual activity reported.,FIELD_SURVEILLANCE_UNIT,0.8
SURV_02723,,2026-03-31 18:51:56,LOCATION_0046,Sunita Pandey,VEHICLE_00178,Sunita Pandey was observed near LOCATION_0046; no unusual activity reported.,FIELD_SURVEILLANCE_UNIT,0.76
SURV_02724,,2024-10-26 00:58:40,LOCATION_0044,Vivek K.,VEHICLE_00218,An individual resembling Vivek K. was observed in the vicinity of LOCATION_0044.,FIELD_SURVEILLANCE_UNIT,0.7
SURV_02725,,2024-06-05 15:57:46,LOCATION_0100,Vikram Meena,,Vikram Meena was observed near LOCATION_0100; no unusual activity reported.,FIELD_SURVEILLANCE_UNIT,0.69
SURV_02726,,2026-06-13 12:27:17,LOCATION_0231,S. Yadav,VEHICLE_00338,An individual resembling S. Yadav was observed in the vicinity of LOCATION_0231.,FIELD_SURVEILLANCE_UNIT,0.63
SURV_02727,,2024-11-23 05:29:02,LOCATION_0048,Divya Reddy,VEHICLE_00741,Divya Reddy was observed near LOCATION_0048; no unusual activity reported.,FIELD_SURVEILLANCE_UNIT,0.83
SURV_02728,,2025-07-02 01:06:08,LOCATION_0207,Rekha J.,VEHICLE_00291,An individual resembling Rekha J. was observed in the vicinity of LOCATION_0207.,FIELD_SURVEILLANCE_UNIT,0.87
SURV_02729,,2024-12-20 07:28:07,LOCATION_0154,D. Bansal,,An individual resembling D. Bansal was observed in the vicinity of LOCATION_0154.,FIELD_SURVEILLANCE_UNIT,0.86
SURV_02730,,2025-12-06 13:13:19,LOCATION_0021,Sanjay Pandey,VEHICLE_00723,Sanjay Pandey was observed near LOCATION_0021; no unusual activity reported.,FIELD_SURVEILLANCE_UNIT,0.87
SURV_02731,,2025-02-26 18:18:30,LOCATION_0295,divya kulkarni,VEHICLE_00224,An individual resembling divya kulkarni was observed in the vicinity of LOCATION_0295.,FIELD_SURVEILLANCE_UNIT,0.68
SURV_02732,,2024-12-19 23:45:43,LOCATION_0069,Pooja Choudhary,,Pooja Choudhary was observed near LOCATION_0069; no unusual activity reported.,FIELD_SURVEILLANCE_UNIT,0.67
SURV_02733,,2024-12-28 05:47:44,LOCATION_0057,YashPandey,,An individual resembling YashPandey was observed in the vicinity of LOCATION_0057.,FIELD_SURVEILLANCE_UNIT,0.7
SURV_02734,,2024-05-16 02:23:35,LOCATION_0235,Arjun Gupta,,Arjun Gupta was observed near LOCATION_0235; no unusual activity reported.,FIELD_SURVEILLANCE_UNIT,0.79
SURV_02735,,2026-04-25 03:55:42,LOCATION_0011,Neha Agarwal,VEHICLE_00691,Neha Agarwal was observed near LOCATION_0011; no unusual activity reported.,FIELD_SURVEILLANCE_UNIT,0.9
SURV_02736,,2024-06-20 22:49:35,LOCATION_0077,Gaurav Agarwal,,Gaurav Agarwal was observed near LOCATION_0077; no unusual activity reported.,FIELD_SURVEILLANCE_UNIT,0.88
SURV_02737,,2025-03-04 18:40:38,LOCATION_0037,G. Agarwal,,An individual resembling G. Agarwal was observed in the vicinity of LOCATION_0037.,FIELD_SURVEILLANCE_UNIT,0.69
SURV_02738,,2025-03-02 20:37:02,LOCATION_0019,Ashok Singh,,Ashok Singh was observed near LOCATION_0019; no unusual activity reported.,FIELD_SURVEILLANCE_UNIT,0.67
SURV_02739,,2024-11-07 11:14:01,LOCATION_0142,Ravi Joshi,VEHICLE_00624,Ravi Joshi was observed near LOCATION_0142; no unusual activity reported.,FIELD_SURVEILLANCE_UNIT,0.76
SURV_02740,,2025-10-03 23:48:46,LOCATION_0196,P. Gupta,,An individual resembling P. Gupta was observed in the vicinity of LOCATION_0196.,FIELD_SURVEILLANCE_UNIT,0.74
SURV_02741,,2024-04-06 01:29:29,LOCATION_0007,Nikhil Kapoor,,Nikhil Kapoor was observed near LOCATION_0007; no unusual activity reported.,FIELD_SURVEILLANCE_UNIT,0.88
SURV_02742,,2025-11-27 11:17:02,LOCATION_0167,Vikram Iyer,VEHICLE_00427,Vikram Iyer was observed near LOCATION_0167; no unusual activity reported.,FIELD_SURVEILLANCE_UNIT,0.82
SURV_02743,,2025-10-08 07:16:17,LOCATION_0121,Suresh Iyer,VEHICLE_00696,Suresh Iyer was observed near LOCATION_0121; no unusual activity reported.,FIELD_SURVEILLANCE_UNIT,0.81
SURV_02744,,2025-08-05 13:04:22,LOCATION_0010,Divya Gupta,VEHICLE_00487,Divya Gupta was observed near LOCATION_0010; no unusual activity reported.,FIELD_SURVEILLANCE_UNIT,0.77
SURV_02745,,2024-03-12 00:57:00,LOCATION_0150,Amit Pandey,VEHICLE_00562,Amit Pandey was observed near LOCATION_0150; no unusual activity reported.,FIELD_SURVEILLANCE_UNIT,0.82
SURV_02746,,2026-05-11 09:46:13,LOCATION_0162,Vivek Naidu,,An individual resembling Vivek Naidu was observed in the vicinity of LOCATION_0162.,FIELD_SURVEILLANCE_UNIT,0.64
SURV_02747,,2024-01-28 03:16:14,LOCATION_0251,Manju Kulkarni,,Manju Kulkarni was observed near LOCATION_0251; no unusual activity reported.,FIELD_SURVEILLANCE_UNIT,0.89
SURV_02748,,2026-02-05 14:22:54,LOCATION_0132,Manoj Iyer,VEHICLE_00740,Manoj Iyer was observed near LOCATION_0132; no unusual activity reported.,FIELD_SURVEILLANCE_UNIT,0.69
SURV_02749,,2024-07-16 14:46:38,LOCATION_0242,Ritu Malhotra,,Ritu Malhotra was observed near LOCATION_0242; no unusual activity reported.,FIELD_SURVEILLANCE_UNIT,0.6
SURV_02750,,2026-01-08 04:43:26,LOCATION_0070,G. Nair,VEHICLE_00088,An individual resembling G. Nair was observed in the vicinity of LOCATION_0070.,FIELD_SURVEILLANCE_UNIT,0.58
SURV_02751,,2025-09-02 13:17:12,LOCATION_0177,ritu gupta,,An individual resembling ritu gupta was observed in the vicinity of LOCATION_0177.,FIELD_SURVEILLANCE_UNIT,0.9
SURV_02752,,2026-02-11 05:09:02,LOCATION_0035,AmanBansal,,An individual resembling AmanBansal was observed in the vicinity of LOCATION_0035.,FIELD_SURVEILLANCE_UNIT,0.59
SURV_02753,,2024-07-03 22:30:16,LOCATION_0059,sonia choudhary,,An individual resembling sonia choudhary was observed in the vicinity of LOCATION_0059.,FIELD_SURVEILLANCE_UNIT,0.76
SURV_02754,,2026-04-19 22:53:38,LOCATION_0250,Deepak Singh,,Deepak Singh was observed near LOCATION_0250; no unusual activity reported.,FIELD_SURVEILLANCE_UNIT,0.8
SURV_02755,,2024-12-25 15:48:46,LOCATION_0255,Sanjay Singh,VEHICLE_00103,An individual resembling Sanjay Singh was observed in the vicinity of LOCATION_0255.,FIELD_SURVEILLANCE_UNIT,0.79
SURV_02756,,2024-03-10 23:23:28,LOCATION_0021,SimranJoshi,VEHICLE_00539,An individual resembling SimranJoshi was observed in the vicinity of LOCATION_0021.,FIELD_SURVEILLANCE_UNIT,0.87
SURV_02757,,2024-07-16 17:29:25,LOCATION_0255,AmanReddy,VEHICLE_00736,An individual resembling AmanReddy was observed in the vicinity of LOCATION_0255.,FIELD_SURVEILLANCE_UNIT,0.71
SURV_02758,,2025-07-24 13:44:54,LOCATION_0016,Pooja G.,,An individual resembling Pooja G. was observed in the vicinity of LOCATION_0016.,FIELD_SURVEILLANCE_UNIT,0.59
SURV_02759,,2024-07-22 16:13:04,LOCATION_0216,rohit singh,,An individual resembling rohit singh was observed in the vicinity of LOCATION_0216.,FIELD_SURVEILLANCE_UNIT,0.57
SURV_02760,,2026-04-01 17:29:41,LOCATION_0264,Mohit J.,,An individual resembling Mohit J. was observed in the vicinity of LOCATION_0264.,FIELD_SURVEILLANCE_UNIT,0.56
SURV_02761,,2025-07-03 12:54:11,LOCATION_0021,Alka Singh,,Alka Singh was observed near LOCATION_0021; no unusual activity reported.,FIELD_SURVEILLANCE_UNIT,0.74
SURV_02762,,2025-07-25 02:54:34,LOCATION_0182,IshaBhatt,,An individual resembling IshaBhatt was observed in the vicinity of LOCATION_0182.,FIELD_SURVEILLANCE_UNIT,0.55
SURV_02763,,2024-01-30 14:29:53,LOCATION_0256,Pankaj Reddy,,Pankaj Reddy was observed near LOCATION_0256; no unusual activity reported.,FIELD_SURVEILLANCE_UNIT,0.66
SURV_02764,,2026-03-11 01:37:10,LOCATION_0146,Naveen Meena,,Naveen Meena was observed near LOCATION_0146; no unusual activity reported.,FIELD_SURVEILLANCE_UNIT,0.82
SURV_02765,,2025-11-24 10:36:09,LOCATION_0172,Alka Saxena,VEHICLE_00510,Alka Saxena was observed near LOCATION_0172; no unusual activity reported.,FIELD_SURVEILLANCE_UNIT,0.77
SURV_02766,,2025-04-08 02:15:04,LOCATION_0051,D. Bansal,VEHICLE_00106,An individual resembling D. Bansal was observed in the vicinity of LOCATION_0051.,FIELD_SURVEILLANCE_UNIT,0.62
SURV_02767,,2025-01-28 09:12:33,LOCATION_0201,Nikhil Iyer,VEHICLE_00334,Nikhil Iyer was observed near LOCATION_0201; no unusual activity reported.,FIELD_SURVEILLANCE_UNIT,0.88
SURV_02768,,2025-12-01 15:59:24,LOCATION_0277,Nisha C.,VEHICLE_00145,An individual resembling Nisha C. was observed in the vicinity of LOCATION_0277.,FIELD_SURVEILLANCE_UNIT,0.77
SURV_02769,,2025-03-12 23:17:30,LOCATION_0041,neha agarwal,VEHICLE_00691,An individual resembling neha agarwal was observed in the vicinity of LOCATION_0041.,FIELD_SURVEILLANCE_UNIT,0.78
SURV_02770,,2025-07-29 14:34:36,LOCATION_0130,Pankaj Meena,VEHICLE_00712,Pankaj Meena was observed near LOCATION_0130; no unusual activity reported.,FIELD_SURVEILLANCE_UNIT,0.61
SURV_02771,,2024-03-27 07:52:52,LOCATION_0208,AmitMeena,,An individual resembling AmitMeena was observed in the vicinity of LOCATION_0208.,FIELD_SURVEILLANCE_UNIT,0.74
SURV_02772,,2026-05-26 14:16:00,LOCATION_0251,Ashok Pandey,,Ashok Pandey was observed near LOCATION_0251; no unusual activity reported.,FIELD_SURVEILLANCE_UNIT,0.7
SURV_02773,,2025-09-12 13:26:38,LOCATION_0133,M. Mishra,VEHICLE_00316,An individual resembling M. Mishra was observed in the vicinity of LOCATION_0133.,FIELD_SURVEILLANCE_UNIT,0.56
SURV_02774,,2024-07-14 13:01:26,LOCATION_0071,Pankaj Rathore,,An individual resembling Pankaj Rathore was observed in the vicinity of LOCATION_0071.,FIELD_SURVEILLANCE_UNIT,0.61
SURV_02775,,2024-03-21 11:09:33,LOCATION_0300,Sandeep Malhotra,,Sandeep Malhotra was observed near LOCATION_0300; no unusual activity reported.,FIELD_SURVEILLANCE_UNIT,0.66
SURV_02776,,2024-07-08 23:29:45,LOCATION_0225,Isha Kapoor,VEHICLE_00640,Isha Kapoor was observed near LOCATION_0225; no unusual activity reported.,FIELD_SURVEILLANCE_UNIT,0.83
SURV_02777,,2025-09-13 08:34:54,LOCATION_0219,GeetaMeena,VEHICLE_00555,An individual resembling GeetaMeena was observed in the vicinity of LOCATION_0219.,FIELD_SURVEILLANCE_UNIT,0.72
SURV_02778,,2026-01-03 12:03:33,LOCATION_0042,Aman Mishra,VEHICLE_00509,Aman Mishra was observed near LOCATION_0042; no unusual activity reported.,FIELD_SURVEILLANCE_UNIT,0.8
SURV_02779,,2025-01-29 10:41:01,LOCATION_0023,HarishSaxena,,An individual resembling HarishSaxena was observed in the vicinity of LOCATION_0023.,FIELD_SURVEILLANCE_UNIT,0.78
SURV_02780,,2026-05-29 06:38:46,LOCATION_0288,amit bhatt,VEHICLE_00339,An individual resembling amit bhatt was observed in the vicinity of LOCATION_0288.,FIELD_SURVEILLANCE_UNIT,0.88
SURV_02781,,2025-04-01 08:59:44,LOCATION_0025,Anjali Pandey,,Anjali Pandey was observed near LOCATION_0025; no unusual activity reported.,FIELD_SURVEILLANCE_UNIT,0.88
SURV_02782,,2026-02-17 07:09:38,LOCATION_0143,N. Joshi,VEHICLE_00260,An individual resembling N. Joshi was observed in the vicinity of LOCATION_0143.,FIELD_SURVEILLANCE_UNIT,0.67
SURV_02783,,2026-03-22 11:03:49,LOCATION_0184,VIVEK PANDEY,,An individual resembling VIVEK PANDEY was observed in the vicinity of LOCATION_0184.,FIELD_SURVEILLANCE_UNIT,0.6
SURV_02784,,2025-07-01 12:12:16,LOCATION_0079,Nisha Naidu,,Nisha Naidu was observed near LOCATION_0079; no unusual activity reported.,FIELD_SURVEILLANCE_UNIT,0.7
SURV_02785,,2025-11-16 07:07:08,LOCATION_0272,Sanjay Singh,,Sanjay Singh was observed near LOCATION_0272; no unusual activity reported.,FIELD_SURVEILLANCE_UNIT,0.6
SURV_02786,,2025-09-11 15:00:06,LOCATION_0123,Kirti Gupta,,Kirti Gupta was observed near LOCATION_0123; no unusual activity reported.,FIELD_SURVEILLANCE_UNIT,0.78
SURV_02787,,2025-01-19 14:09:34,LOCATION_0251,Kavita Singh,,Kavita Singh was observed near LOCATION_0251; no unusual activity reported.,FIELD_SURVEILLANCE_UNIT,0.55
SURV_02788,,2024-07-02 15:24:01,LOCATION_0155,Sunita Verma,VEHICLE_00554,Sunita Verma was observed near LOCATION_0155; no unusual activity reported.,FIELD_SURVEILLANCE_UNIT,0.9
SURV_02789,,2025-07-13 08:35:00,LOCATION_0179,ROHIT KULKARNI,,An individual resembling ROHIT KULKARNI was observed in the vicinity of LOCATION_0179.,FIELD_SURVEILLANCE_UNIT,0.7
SURV_02790,,2024-12-31 23:13:05,LOCATION_0114,SimranNair,VEHICLE_00493,An individual resembling SimranNair was observed in the vicinity of LOCATION_0114.,FIELD_SURVEILLANCE_UNIT,0.63
SURV_02791,,2026-03-07 08:12:30,LOCATION_0248,V. Tiwari,VEHICLE_00641,An individual resembling V. Tiwari was observed in the vicinity of LOCATION_0248.,FIELD_SURVEILLANCE_UNIT,0.87
SURV_02792,,2025-08-23 01:44:28,LOCATION_0100,Sanjay Mishra,,Sanjay Mishra was observed near LOCATION_0100; no unusual activity reported.,FIELD_SURVEILLANCE_UNIT,0.79
SURV_02793,,2026-02-04 09:29:26,LOCATION_0276,Vikram Sharma,,Vikram Sharma was observed near LOCATION_0276; no unusual activity reported.,FIELD_SURVEILLANCE_UNIT,0.56
SURV_02794,,2024-08-20 01:06:32,LOCATION_0280,Geeta Kapoor,,Geeta Kapoor was observed near LOCATION_0280; no unusual activity reported.,FIELD_SURVEILLANCE_UNIT,0.77
SURV_02795,,2025-12-07 23:16:48,LOCATION_0104,N. Iyer,VEHICLE_00173,An individual resembling N. Iyer was observed in the vicinity of LOCATION_0104.,FIELD_SURVEILLANCE_UNIT,0.79
SURV_02796,,2024-02-18 15:38:45,LOCATION_0208,V. Mishra,,An individual resembling V. Mishra was observed in the vicinity of LOCATION_0208.,FIELD_SURVEILLANCE_UNIT,0.75
SURV_02797,,2024-08-01 22:58:59,LOCATION_0136,Kirti Gupta,VEHICLE_00737,Kirti Gupta was observed near LOCATION_0136; no unusual activity reported.,FIELD_SURVEILLANCE_UNIT,0.66
SURV_02798,,2025-10-28 08:06:31,LOCATION_0174,Sunita Choudhary,VEHICLE_00631,Sunita Choudhary was observed near LOCATION_0174; no unusual activity reported.,FIELD_SURVEILLANCE_UNIT,0.74
SURV_02799,,2025-03-07 13:38:18,LOCATION_0011,Isha Meena,,Isha Meena was observed near LOCATION_0011; no unusual activity reported.,FIELD_SURVEILLANCE_UNIT,0.77
SURV_02800,,2024-12-31 06:39:52,LOCATION_0073,A. Joshi,,An individual resembling A. Joshi was observed in the vicinity of LOCATION_0073.,FIELD_SURVEILLANCE_UNIT,0.83
SURV_02801,,2024-04-07 09:24:12,LOCATION_0177,Ritu Gupta,,Ritu Gupta was observed near LOCATION_0177; no unusual activity reported.,FIELD_SURVEILLANCE_UNIT,0.56
SURV_02802,,2024-07-22 12:40:04,LOCATION_0057,A. Joshi,,An individual resembling A. Joshi was observed in the vicinity of LOCATION_0057.,FIELD_SURVEILLANCE_UNIT,0.61
SURV_02803,,2025-07-07 08:50:53,LOCATION_0044,Ravi Gupta,,Ravi Gupta was observed near LOCATION_0044; no unusual activity reported.,FIELD_SURVEILLANCE_UNIT,0.78
SURV_02804,,2024-06-08 04:19:40,LOCATION_0051,P. Mishra,VEHICLE_00370,An individual resembling P. Mishra was observed in the vicinity of LOCATION_0051.,FIELD_SURVEILLANCE_UNIT,0.88
SURV_02805,,2024-01-27 21:06:20,LOCATION_0204,Mohit Kapoor,VEHICLE_00730,Mohit Kapoor was observed near LOCATION_0204; no unusual activity reported.,FIELD_SURVEILLANCE_UNIT,0.81
SURV_02806,,2026-01-12 07:00:29,LOCATION_0027,PANKAJ VERMA,,An individual resembling PANKAJ VERMA was observed in the vicinity of LOCATION_0027.,FIELD_SURVEILLANCE_UNIT,0.68
SURV_02807,,2026-03-29 18:00:59,LOCATION_0056,Karan M.,,An individual resembling Karan M. was observed in the vicinity of LOCATION_0056.,FIELD_SURVEILLANCE_UNIT,0.67
SURV_02808,,2024-01-12 12:42:50,LOCATION_0050,Shalini Singh,VEHICLE_00576,Shalini Singh was observed near LOCATION_0050; no unusual activity reported.,FIELD_SURVEILLANCE_UNIT,0.59
SURV_02809,,2026-04-09 10:03:22,LOCATION_0060,ShaliniMishra,,An individual resembling ShaliniMishra was observed in the vicinity of LOCATION_0060.,FIELD_SURVEILLANCE_UNIT,0.81
SURV_02810,,2024-10-20 07:28:45,LOCATION_0167,SHALINI MISHRA,,An individual resembling SHALINI MISHRA was observed in the vicinity of LOCATION_0167.,FIELD_SURVEILLANCE_UNIT,0.79
SURV_02811,,2024-11-19 15:38:56,LOCATION_0183,RituMishra,VEHICLE_00759,An individual resembling RituMishra was observed in the vicinity of LOCATION_0183.,FIELD_SURVEILLANCE_UNIT,0.71
SURV_02812,,2025-03-02 18:07:30,LOCATION_0192,Vivek Yadav,VEHICLE_00492,Vivek Yadav was observed near LOCATION_0192; no unusual activity reported.,FIELD_SURVEILLANCE_UNIT,0.88
SURV_02813,,2024-09-05 21:29:51,LOCATION_0126,sonia saxena,VEHICLE_00343,An individual resembling sonia saxena was observed in the vicinity of LOCATION_0126.,FIELD_SURVEILLANCE_UNIT,0.73
SURV_02814,,2026-03-06 02:19:15,LOCATION_0147,ShaliniMishra,,An individual resembling ShaliniMishra was observed in the vicinity of LOCATION_0147.,FIELD_SURVEILLANCE_UNIT,0.59
SURV_02815,,2024-12-10 18:40:02,LOCATION_0265,ARJUN GUPTA,,An individual resembling ARJUN GUPTA was observed in the vicinity of LOCATION_0265.,FIELD_SURVEILLANCE_UNIT,0.63
SURV_02816,,2026-03-03 03:00:08,LOCATION_0177,Mohit S.,,An individual resembling Mohit S. was observed in the vicinity of LOCATION_0177.,FIELD_SURVEILLANCE_UNIT,0.65
SURV_02817,,2024-04-04 05:04:24,LOCATION_0016,Geeta Gupta,VEHICLE_00391,Geeta Gupta was observed near LOCATION_0016; no unusual activity reported.,FIELD_SURVEILLANCE_UNIT,0.57
SURV_02818,,2025-10-27 23:22:14,LOCATION_0019,Swati Naidu,,Swati Naidu was observed near LOCATION_0019; no unusual activity reported.,FIELD_SURVEILLANCE_UNIT,0.87
SURV_02819,,2025-09-01 04:39:21,LOCATION_0091,VIKRAM KULKARNI,,An individual resembling VIKRAM KULKARNI was observed in the vicinity of LOCATION_0091.,FIELD_SURVEILLANCE_UNIT,0.59
SURV_02820,,2025-03-08 20:26:28,LOCATION_0066,Deepak Bansal,VEHICLE_00216,Deepak Bansal was observed near LOCATION_0066; no unusual activity reported.,FIELD_SURVEILLANCE_UNIT,0.65
SURV_02821,,2024-11-12 10:24:31,LOCATION_0095,naveen agarwal,VEHICLE_00532,An individual resembling naveen agarwal was observed in the vicinity of LOCATION_0095.,FIELD_SURVEILLANCE_UNIT,0.86
SURV_02822,,2024-07-28 00:57:10,LOCATION_0066,SoniaPandey,,An individual resembling SoniaPandey was observed in the vicinity of LOCATION_0066.,FIELD_SURVEILLANCE_UNIT,0.59
SURV_02823,,2024-07-16 03:35:25,LOCATION_0287,Ravi Y.,VEHICLE_00534,An individual resembling Ravi Y. was observed in the vicinity of LOCATION_0287.,FIELD_SURVEILLANCE_UNIT,0.68
SURV_02824,,2024-05-24 16:42:17,LOCATION_0153,Sanjay Tiwari,,Sanjay Tiwari was observed near LOCATION_0153; no unusual activity reported.,FIELD_SURVEILLANCE_UNIT,0.81
SURV_02825,,2025-09-09 01:26:17,LOCATION_0004,arjun singh,,An individual resembling arjun singh was observed in the vicinity of LOCATION_0004.,FIELD_SURVEILLANCE_UNIT,0.9
SURV_02826,,2024-12-14 16:32:10,LOCATION_0180,Vikram Choudhary,,Vikram Choudhary was observed near LOCATION_0180; no unusual activity reported.,FIELD_SURVEILLANCE_UNIT,0.73
SURV_02827,,2025-10-30 13:26:39,LOCATION_0030,Isha Singh,VEHICLE_00681,Isha Singh was observed near LOCATION_0030; no unusual activity reported.,FIELD_SURVEILLANCE_UNIT,0.57
SURV_02828,,2026-04-16 08:23:10,LOCATION_0053,Deepika Tiwari,,Deepika Tiwari was observed near LOCATION_0053; no unusual activity reported.,FIELD_SURVEILLANCE_UNIT,0.66
SURV_02829,,2025-08-31 23:18:33,LOCATION_0266,SimranAgarwal,,An individual resembling SimranAgarwal was observed in the vicinity of LOCATION_0266.,FIELD_SURVEILLANCE_UNIT,0.61
SURV_02830,,2025-10-29 22:41:34,LOCATION_0066,Simran B.,,An individual resembling Simran B. was observed in the vicinity of LOCATION_0066.,FIELD_SURVEILLANCE_UNIT,0.87
SURV_02831,,2025-02-07 19:08:43,LOCATION_0004,MEENA AGARWAL,,An individual resembling MEENA AGARWAL was observed in the vicinity of LOCATION_0004.,FIELD_SURVEILLANCE_UNIT,0.76
SURV_02832,,2024-09-27 06:19:04,LOCATION_0056,simran bansal,,An individual resembling simran bansal was observed in the vicinity of LOCATION_0056.,FIELD_SURVEILLANCE_UNIT,0.58
SURV_02833,,2024-04-15 22:55:01,LOCATION_0254,Amit A.,VEHICLE_00489,An individual resembling Amit A. was observed in the vicinity of LOCATION_0254.,FIELD_SURVEILLANCE_UNIT,0.88
SURV_02834,,2024-10-10 16:04:00,LOCATION_0213,Karan Chauhan,,Karan Chauhan was observed near LOCATION_0213; no unusual activity reported.,FIELD_SURVEILLANCE_UNIT,0.86
SURV_02835,,2026-03-23 21:11:44,LOCATION_0055,Yash Agarwal,,Yash Agarwal was observed near LOCATION_0055; no unusual activity reported.,FIELD_SURVEILLANCE_UNIT,0.55
SURV_02836,,2024-10-16 17:31:08,LOCATION_0128,Anil Sharma,VEHICLE_00289,Anil Sharma was observed near LOCATION_0128; no unusual activity reported.,FIELD_SURVEILLANCE_UNIT,0.82
SURV_02837,,2025-07-29 08:52:31,LOCATION_0191,DeepikaChauhan,,An individual resembling DeepikaChauhan was observed in the vicinity of LOCATION_0191.,FIELD_SURVEILLANCE_UNIT,0.84
SURV_02838,,2025-03-25 06:18:30,LOCATION_0224,Anjali R.,,An individual resembling Anjali R. was observed in the vicinity of LOCATION_0224.,FIELD_SURVEILLANCE_UNIT,0.6
SURV_02839,,2025-10-06 21:24:18,LOCATION_0039,Suresh Chauhan,,Suresh Chauhan was observed near LOCATION_0039; no unusual activity reported.,FIELD_SURVEILLANCE_UNIT,0.7
SURV_02840,,2024-04-13 06:02:53,LOCATION_0224,SANDEEP KAPOOR,,An individual resembling SANDEEP KAPOOR was observed in the vicinity of LOCATION_0224.,FIELD_SURVEILLANCE_UNIT,0.6
SURV_02841,,2024-10-16 13:09:12,LOCATION_0059,KaranKulkarni,VEHICLE_00710,An individual resembling KaranKulkarni was observed in the vicinity of LOCATION_0059.,FIELD_SURVEILLANCE_UNIT,0.79
SURV_02842,,2024-12-05 00:27:33,LOCATION_0014,Harish Kulkarni,VEHICLE_00243,Harish Kulkarni was observed near LOCATION_0014; no unusual activity reported.,FIELD_SURVEILLANCE_UNIT,0.81
SURV_02843,,2024-05-25 19:12:10,LOCATION_0043,A. Kapoor,VEHICLE_00196,An individual resembling A. Kapoor was observed in the vicinity of LOCATION_0043.,FIELD_SURVEILLANCE_UNIT,0.59
SURV_02844,,2025-06-18 16:39:12,LOCATION_0163,Manoj Yadav,,Manoj Yadav was observed near LOCATION_0163; no unusual activity reported.,FIELD_SURVEILLANCE_UNIT,0.78
SURV_02845,,2025-12-15 09:03:39,LOCATION_0270,Simran Iyer,VEHICLE_00122,Simran Iyer was observed near LOCATION_0270; no unusual activity reported.,FIELD_SURVEILLANCE_UNIT,0.78
SURV_02846,,2025-01-26 00:03:00,LOCATION_0047,RituPandey,,An individual resembling RituPandey was observed in the vicinity of LOCATION_0047.,FIELD_SURVEILLANCE_UNIT,0.89
SURV_02847,,2024-10-30 07:06:33,LOCATION_0112,Ritu Malhotra,,Ritu Malhotra was observed near LOCATION_0112; no unusual activity reported.,FIELD_SURVEILLANCE_UNIT,0.9
SURV_02848,,2024-05-21 19:25:46,LOCATION_0131,R. Choudhary,,An individual resembling R. Choudhary was observed in the vicinity of LOCATION_0131.,FIELD_SURVEILLANCE_UNIT,0.75
SURV_02849,,2026-02-02 14:17:36,LOCATION_0268,Harish Kulkarni,,Harish Kulkarni was observed near LOCATION_0268; no unusual activity reported.,FIELD_SURVEILLANCE_UNIT,0.88
SURV_02850,,2024-04-20 09:40:09,LOCATION_0062,Geeta Bhatt,VEHICLE_00515,Geeta Bhatt was observed near LOCATION_0062; no unusual activity reported.,FIELD_SURVEILLANCE_UNIT,0.69
SURV_02851,,2025-01-18 14:23:58,LOCATION_0225,Geeta Reddy,VEHICLE_00376,Geeta Reddy was observed near LOCATION_0225; no unusual activity reported.,FIELD_SURVEILLANCE_UNIT,0.66
SURV_02852,,2024-09-12 21:11:18,LOCATION_0171,Swati Chauhan,,Swati Chauhan was observed near LOCATION_0171; no unusual activity reported.,FIELD_SURVEILLANCE_UNIT,0.73
SURV_02853,,2025-04-22 04:43:46,LOCATION_0107,Nisha Tiwari,,Nisha Tiwari was observed near LOCATION_0107; no unusual activity reported.,FIELD_SURVEILLANCE_UNIT,0.82
SURV_02854,,2026-01-15 16:14:56,LOCATION_0006,Deepak Yadav,VEHICLE_00749,Deepak Yadav was observed near LOCATION_0006; no unusual activity reported.,FIELD_SURVEILLANCE_UNIT,0.78
SURV_02855,,2025-08-13 01:14:48,LOCATION_0081,NEHA NAIR,,An individual resembling NEHA NAIR was observed in the vicinity of LOCATION_0081.,FIELD_SURVEILLANCE_UNIT,0.67
SURV_02856,,2024-03-26 20:49:22,LOCATION_0071,Ravi Tiwari,VEHICLE_00572,Ravi Tiwari was observed near LOCATION_0071; no unusual activity reported.,FIELD_SURVEILLANCE_UNIT,0.59
SURV_02857,,2025-01-19 13:53:54,LOCATION_0166,VIVEK IYER,,An individual resembling VIVEK IYER was observed in the vicinity of LOCATION_0166.,FIELD_SURVEILLANCE_UNIT,0.56
SURV_02858,,2024-03-04 22:49:28,LOCATION_0242,Isha Meena,,Isha Meena was observed near LOCATION_0242; no unusual activity reported.,FIELD_SURVEILLANCE_UNIT,0.61
SURV_02859,,2025-06-07 09:47:54,LOCATION_0215,ARJUN SINGH,,An individual resembling ARJUN SINGH was observed in the vicinity of LOCATION_0215.,FIELD_SURVEILLANCE_UNIT,0.57
SURV_02860,,2024-07-29 04:30:33,LOCATION_0165,Deepika Agarwal,,Deepika Agarwal was observed near LOCATION_0165; no unusual activity reported.,FIELD_SURVEILLANCE_UNIT,0.59
SURV_02861,,2024-08-18 17:26:10,LOCATION_0080,Amit P.,,An individual resembling Amit P. was observed in the vicinity of LOCATION_0080.,FIELD_SURVEILLANCE_UNIT,0.87
SURV_02862,,2024-02-24 04:55:18,LOCATION_0054,Isha Bansal,,An individual resembling Isha Bansal was observed in the vicinity of LOCATION_0054.,FIELD_SURVEILLANCE_UNIT,0.65
SURV_02863,,2026-01-03 20:27:08,LOCATION_0163,Arjun Choudhary,,Arjun Choudhary was observed near LOCATION_0163; no unusual activity reported.,FIELD_SURVEILLANCE_UNIT,0.72
SURV_02864,,2025-04-22 19:09:23,LOCATION_0112,Geeta I.,VEHICLE_00435,An individual resembling Geeta I. was observed in the vicinity of LOCATION_0112.,FIELD_SURVEILLANCE_UNIT,0.56
SURV_02865,,2025-02-23 11:02:44,LOCATION_0189,Ritu Tiwari,VEHICLE_00592,Ritu Tiwari was observed near LOCATION_0189; no unusual activity reported.,FIELD_SURVEILLANCE_UNIT,0.65
SURV_02866,,2024-09-23 01:34:48,LOCATION_0013,Alka Pandey,VEHICLE_00286,Alka Pandey was observed near LOCATION_0013; no unusual activity reported.,FIELD_SURVEILLANCE_UNIT,0.83
SURV_02867,,2024-07-11 18:06:31,LOCATION_0151,Rohit Naidu,,Rohit Naidu was observed near LOCATION_0151; no unusual activity reported.,FIELD_SURVEILLANCE_UNIT,0.88
SURV_02868,,2024-10-21 18:49:00,LOCATION_0062,AnitaChoudhary,,An individual resembling AnitaChoudhary was observed in the vicinity of LOCATION_0062.,FIELD_SURVEILLANCE_UNIT,0.89
SURV_02869,,2025-09-19 19:09:30,LOCATION_0131,Nikhil Iyer,VEHICLE_00334,Nikhil Iyer was observed near LOCATION_0131; no unusual activity reported.,FIELD_SURVEILLANCE_UNIT,0.87
SURV_02870,,2025-10-10 11:16:19,LOCATION_0191,Harish Agarwal,,Harish Agarwal was observed near LOCATION_0191; no unusual activity reported.,FIELD_SURVEILLANCE_UNIT,0.62
SURV_02871,,2024-10-27 15:03:15,LOCATION_0164,REKHA NAIDU,VEHICLE_00445,An individual resembling REKHA NAIDU was observed in the vicinity of LOCATION_0164.,FIELD_SURVEILLANCE_UNIT,0.56
SURV_02872,,2024-05-10 15:51:54,LOCATION_0181,amit malhotra,VEHICLE_00452,An individual resembling amit malhotra was observed in the vicinity of LOCATION_0181.,FIELD_SURVEILLANCE_UNIT,0.8
SURV_02873,,2025-09-19 03:57:12,LOCATION_0147,RohitNair,VEHICLE_00701,An individual resembling RohitNair was observed in the vicinity of LOCATION_0147.,FIELD_SURVEILLANCE_UNIT,0.58
SURV_02874,,2024-01-07 12:07:26,LOCATION_0267,S. Yadav,VEHICLE_00265,An individual resembling S. Yadav was observed in the vicinity of LOCATION_0267.,FIELD_SURVEILLANCE_UNIT,0.62
SURV_02875,,2026-06-05 06:58:55,LOCATION_0097,Deepak Reddy,,Deepak Reddy was observed near LOCATION_0097; no unusual activity reported.,FIELD_SURVEILLANCE_UNIT,0.78
SURV_02876,,2026-05-05 02:04:52,LOCATION_0151,kirti agarwal,VEHICLE_00599,An individual resembling kirti agarwal was observed in the vicinity of LOCATION_0151.,FIELD_SURVEILLANCE_UNIT,0.62
SURV_02877,,2024-04-14 19:38:32,LOCATION_0226,ANJALI CHAUHAN,VEHICLE_00568,An individual resembling ANJALI CHAUHAN was observed in the vicinity of LOCATION_0226.,FIELD_SURVEILLANCE_UNIT,0.66
SURV_02878,,2024-01-01 09:17:45,LOCATION_0066,Vivek I.,,An individual resembling Vivek I. was observed in the vicinity of LOCATION_0066.,FIELD_SURVEILLANCE_UNIT,0.56
SURV_02879,,2024-05-25 23:28:32,LOCATION_0132,A. Nair,,An individual resembling A. Nair was observed in the vicinity of LOCATION_0132.,FIELD_SURVEILLANCE_UNIT,0.89
SURV_02880,,2026-02-07 09:12:47,LOCATION_0082,Sanjay Singh,,Sanjay Singh was observed near LOCATION_0082; no unusual activity reported.,FIELD_SURVEILLANCE_UNIT,0.85
SURV_02881,,2024-03-04 00:09:40,LOCATION_0253,Preeti Chauhan,,Preeti Chauhan was observed near LOCATION_0253; no unusual activity reported.,FIELD_SURVEILLANCE_UNIT,0.72
SURV_02882,,2026-03-08 09:31:40,LOCATION_0253,Alka Yadav,,Alka Yadav was observed near LOCATION_0253; no unusual activity reported.,FIELD_SURVEILLANCE_UNIT,0.82
SURV_02883,,2024-07-09 09:07:11,LOCATION_0153,Geeta Tiwari,,Geeta Tiwari was observed near LOCATION_0153; no unusual activity reported.,FIELD_SURVEILLANCE_UNIT,0.78
SURV_02884,,2024-02-15 06:09:26,LOCATION_0296,Rahul Naidu,,Rahul Naidu was observed near LOCATION_0296; no unusual activity reported.,FIELD_SURVEILLANCE_UNIT,0.72
SURV_02885,,2026-02-14 07:08:09,LOCATION_0148,Anil G.,,An individual resembling Anil G. was observed in the vicinity of LOCATION_0148.,FIELD_SURVEILLANCE_UNIT,0.8
SURV_02886,,2026-06-25 06:10:45,LOCATION_0264,SwatiIyer,,An individual resembling SwatiIyer was observed in the vicinity of LOCATION_0264.,FIELD_SURVEILLANCE_UNIT,0.74
SURV_02887,,2025-03-10 19:35:58,LOCATION_0268,S. Meena,,An individual resembling S. Meena was observed in the vicinity of LOCATION_0268.,FIELD_SURVEILLANCE_UNIT,0.9
SURV_02888,,2025-12-19 16:27:45,LOCATION_0155,MANOJ IYER,VEHICLE_00155,An individual resembling MANOJ IYER was observed in the vicinity of LOCATION_0155.,FIELD_SURVEILLANCE_UNIT,0.7
SURV_02889,,2026-04-22 22:44:43,LOCATION_0251,Ravi S.,VEHICLE_00684,An individual resembling Ravi S. was observed in the vicinity of LOCATION_0251.,FIELD_SURVEILLANCE_UNIT,0.6
SURV_02890,,2024-12-07 03:04:10,LOCATION_0195,KIRTI NAIR,VEHICLE_00518,An individual resembling KIRTI NAIR was observed in the vicinity of LOCATION_0195.,FIELD_SURVEILLANCE_UNIT,0.81
SURV_02891,,2026-04-07 09:05:58,LOCATION_0215,Meena Choudhary,VEHICLE_00251,Meena Choudhary was observed near LOCATION_0215; no unusual activity reported.,FIELD_SURVEILLANCE_UNIT,0.82
SURV_02892,,2024-12-16 18:44:32,LOCATION_0133,Rajesh Reddy,,Rajesh Reddy was observed near LOCATION_0133; no unusual activity reported.,FIELD_SURVEILLANCE_UNIT,0.74
SURV_02893,,2025-01-03 03:01:58,LOCATION_0219,Aman Choudhary,VEHICLE_00063,Aman Choudhary was observed near LOCATION_0219; no unusual activity reported.,FIELD_SURVEILLANCE_UNIT,0.9
SURV_02894,,2024-06-07 22:33:51,LOCATION_0300,Deepak Pandey,,Deepak Pandey was observed near LOCATION_0300; no unusual activity reported.,FIELD_SURVEILLANCE_UNIT,0.57
SURV_02895,,2024-01-10 22:52:04,LOCATION_0182,P. Agarwal,,An individual resembling P. Agarwal was observed in the vicinity of LOCATION_0182.,FIELD_SURVEILLANCE_UNIT,0.87
SURV_02896,,2024-01-23 12:07:00,LOCATION_0053,Meena Kapoor,VEHICLE_00645,Meena Kapoor was observed near LOCATION_0053; no unusual activity reported.,FIELD_SURVEILLANCE_UNIT,0.63
SURV_02897,,2025-08-20 02:37:42,LOCATION_0027,Sunita Choudhary,,Sunita Choudhary was observed near LOCATION_0027; no unusual activity reported.,FIELD_SURVEILLANCE_UNIT,0.69
SURV_02898,,2025-08-11 11:36:32,LOCATION_0022,Ravi Yadav,VEHICLE_00232,Ravi Yadav was observed near LOCATION_0022; no unusual activity reported.,FIELD_SURVEILLANCE_UNIT,0.61
SURV_02899,,2025-07-03 12:07:35,LOCATION_0264,Shalini Sharma,VEHICLE_00591,Shalini Sharma was observed near LOCATION_0264; no unusual activity reported.,FIELD_SURVEILLANCE_UNIT,0.72
SURV_02900,,2026-06-09 23:27:01,LOCATION_0107,Mohit Saxena,,An individual resembling Mohit Saxena was observed in the vicinity of LOCATION_0107.,FIELD_SURVEILLANCE_UNIT,0.68
SURV_02901,,2024-04-07 02:26:05,LOCATION_0144,priya rathore,,An individual resembling priya rathore was observed in the vicinity of LOCATION_0144.,FIELD_SURVEILLANCE_UNIT,0.85
SURV_02902,,2026-01-23 07:49:12,LOCATION_0250,deepak pandey,,An individual resembling deepak pandey was observed in the vicinity of LOCATION_0250.,FIELD_SURVEILLANCE_UNIT,0.59
SURV_02903,,2024-01-15 09:56:27,LOCATION_0087,P. Choudhary,,An individual resembling P. Choudhary was observed in the vicinity of LOCATION_0087.,FIELD_SURVEILLANCE_UNIT,0.56
SURV_02904,,2025-07-21 11:55:18,LOCATION_0140,Manju Chauhan,VEHICLE_00481,Manju Chauhan was observed near LOCATION_0140; no unusual activity reported.,FIELD_SURVEILLANCE_UNIT,0.74
SURV_02905,,2024-02-06 10:17:39,LOCATION_0015,Neha Singh,VEHICLE_00443,Neha Singh was observed near LOCATION_0015; no unusual activity reported.,FIELD_SURVEILLANCE_UNIT,0.83
SURV_02906,,2024-10-31 16:08:42,LOCATION_0107,Ritu Pandey,VEHICLE_00085,Ritu Pandey was observed near LOCATION_0107; no unusual activity reported.,FIELD_SURVEILLANCE_UNIT,0.83
SURV_02907,,2026-04-07 09:35:10,LOCATION_0043,Priya Bhatt,,Priya Bhatt was observed near LOCATION_0043; no unusual activity reported.,FIELD_SURVEILLANCE_UNIT,0.56
SURV_02908,,2026-01-11 15:38:06,LOCATION_0150,Kavita Kulkarni,VEHICLE_00332,Kavita Kulkarni was observed near LOCATION_0150; no unusual activity reported.,FIELD_SURVEILLANCE_UNIT,0.67
SURV_02909,,2026-02-10 07:24:55,LOCATION_0028,HARISH PANDEY,VEHICLE_00700,An individual resembling HARISH PANDEY was observed in the vicinity of LOCATION_0028.,FIELD_SURVEILLANCE_UNIT,0.58
SURV_02910,,2024-08-14 10:09:03,LOCATION_0186,Sonia Chauhan,,Sonia Chauhan was observed near LOCATION_0186; no unusual activity reported.,FIELD_SURVEILLANCE_UNIT,0.9
SURV_02911,,2024-01-22 18:48:54,LOCATION_0025,GeetaReddy,VEHICLE_00376,An individual resembling GeetaReddy was observed in the vicinity of LOCATION_0025.,FIELD_SURVEILLANCE_UNIT,0.89
SURV_02912,,2025-06-12 14:38:31,LOCATION_0113,Divya Bansal,VEHICLE_00375,Divya Bansal was observed near LOCATION_0113; no unusual activity reported.,FIELD_SURVEILLANCE_UNIT,0.56
SURV_02913,,2025-09-14 06:08:03,LOCATION_0245,Yash Agarwal,,Yash Agarwal was observed near LOCATION_0245; no unusual activity reported.,FIELD_SURVEILLANCE_UNIT,0.78
SURV_02914,,2024-02-09 09:50:17,LOCATION_0143,Anjali Saxena,,Anjali Saxena was observed near LOCATION_0143; no unusual activity reported.,FIELD_SURVEILLANCE_UNIT,0.57
SURV_02915,,2026-06-01 15:22:48,LOCATION_0267,Yash M.,,An individual resembling Yash M. was observed in the vicinity of LOCATION_0267.,FIELD_SURVEILLANCE_UNIT,0.83
SURV_02916,,2026-03-05 17:34:52,LOCATION_0223,rajesh meena,VEHICLE_00140,An individual resembling rajesh meena was observed in the vicinity of LOCATION_0223.,FIELD_SURVEILLANCE_UNIT,0.82
SURV_02917,,2025-08-30 00:05:40,LOCATION_0080,Vikram Saxena,VEHICLE_00180,Vikram Saxena was observed near LOCATION_0080; no unusual activity reported.,FIELD_SURVEILLANCE_UNIT,0.63
SURV_02918,,2025-01-13 23:59:33,LOCATION_0100,Kirti Reddy,,Kirti Reddy was observed near LOCATION_0100; no unusual activity reported.,FIELD_SURVEILLANCE_UNIT,0.71
SURV_02919,,2026-04-05 11:46:46,LOCATION_0001,Deepika Iyer,VEHICLE_00330,Deepika Iyer was observed near LOCATION_0001; no unusual activity reported.,FIELD_SURVEILLANCE_UNIT,0.76
SURV_02920,,2026-03-23 23:17:37,LOCATION_0132,Anita Bansal,,An individual resembling Anita Bansal was observed in the vicinity of LOCATION_0132.,FIELD_SURVEILLANCE_UNIT,0.66
SURV_02921,,2025-11-04 07:20:13,LOCATION_0056,Vivek I.,,An individual resembling Vivek I. was observed in the vicinity of LOCATION_0056.,FIELD_SURVEILLANCE_UNIT,0.63
SURV_02922,,2024-10-31 05:24:31,LOCATION_0092,Tanvi Mishra,VEHICLE_00448,Tanvi Mishra was observed near LOCATION_0092; no unusual activity reported.,FIELD_SURVEILLANCE_UNIT,0.7
SURV_02923,,2024-10-19 19:49:00,LOCATION_0201,Preeti Sharma,VEHICLE_00193,Preeti Sharma was observed near LOCATION_0201; no unusual activity reported.,FIELD_SURVEILLANCE_UNIT,0.76
SURV_02924,,2026-02-04 11:38:09,LOCATION_0234,Deepak Sharma,VEHICLE_00184,Deepak Sharma was observed near LOCATION_0234; no unusual activity reported.,FIELD_SURVEILLANCE_UNIT,0.83
SURV_02925,,2025-01-17 03:33:01,LOCATION_0285,S. Mishra,,An individual resembling S. Mishra was observed in the vicinity of LOCATION_0285.,FIELD_SURVEILLANCE_UNIT,0.81
SURV_02926,,2024-02-13 06:41:21,LOCATION_0224,SanjayChauhan,,An individual resembling SanjayChauhan was observed in the vicinity of LOCATION_0224.,FIELD_SURVEILLANCE_UNIT,0.77
SURV_02927,,2024-04-20 20:20:39,LOCATION_0100,Divya Choudhary,,Divya Choudhary was observed near LOCATION_0100; no unusual activity reported.,FIELD_SURVEILLANCE_UNIT,0.65
SURV_02928,,2026-01-04 10:34:19,LOCATION_0126,POOJA GUPTA,VEHICLE_00581,An individual resembling POOJA GUPTA was observed in the vicinity of LOCATION_0126.,FIELD_SURVEILLANCE_UNIT,0.79
SURV_02929,,2024-10-11 21:50:29,LOCATION_0181,MeenaJoshi,VEHICLE_00051,An individual resembling MeenaJoshi was observed in the vicinity of LOCATION_0181.,FIELD_SURVEILLANCE_UNIT,0.86
SURV_02930,,2025-09-25 03:42:48,LOCATION_0291,POOJA CHAUHAN,VEHICLE_00068,An individual resembling POOJA CHAUHAN was observed in the vicinity of LOCATION_0291.,FIELD_SURVEILLANCE_UNIT,0.8
SURV_02931,,2024-06-19 21:43:41,LOCATION_0007,D. Bansal,VEHICLE_00389,An individual resembling D. Bansal was observed in the vicinity of LOCATION_0007.,FIELD_SURVEILLANCE_UNIT,0.82
SURV_02932,,2024-05-12 03:23:08,LOCATION_0198,Anil G.,,An individual resembling Anil G. was observed in the vicinity of LOCATION_0198.,FIELD_SURVEILLANCE_UNIT,0.58
SURV_02933,,2026-02-19 20:56:42,LOCATION_0033,vikram rathore,VEHICLE_00031,An individual resembling vikram rathore was observed in the vicinity of LOCATION_0033.,FIELD_SURVEILLANCE_UNIT,0.69
SURV_02934,,2025-05-31 17:22:56,LOCATION_0184,Geeta Singh,,Geeta Singh was observed near LOCATION_0184; no unusual activity reported.,FIELD_SURVEILLANCE_UNIT,0.73
SURV_02935,,2024-10-24 14:54:19,LOCATION_0293,Meena Yadav,,Meena Yadav was observed near LOCATION_0293; no unusual activity reported.,FIELD_SURVEILLANCE_UNIT,0.56
SURV_02936,,2025-08-01 21:22:26,LOCATION_0014,Amit Sharma,,Amit Sharma was observed near LOCATION_0014; no unusual activity reported.,FIELD_SURVEILLANCE_UNIT,0.63
SURV_02937,,2025-02-10 07:30:52,LOCATION_0220,K. Verma,,An individual resembling K. Verma was observed in the vicinity of LOCATION_0220.,FIELD_SURVEILLANCE_UNIT,0.89
SURV_02938,,2025-10-06 12:39:20,LOCATION_0193,Manoj Gupta,VEHICLE_00038,An individual resembling Manoj Gupta was observed in the vicinity of LOCATION_0193.,FIELD_SURVEILLANCE_UNIT,0.66
SURV_02939,,2025-12-22 10:55:41,LOCATION_0052,Shalini N.,VEHICLE_00228,An individual resembling Shalini N. was observed in the vicinity of LOCATION_0052.,FIELD_SURVEILLANCE_UNIT,0.87
SURV_02940,,2026-05-04 03:13:01,LOCATION_0104,Anil J.,VEHICLE_00564,An individual resembling Anil J. was observed in the vicinity of LOCATION_0104.,FIELD_SURVEILLANCE_UNIT,0.56
SURV_02941,,2024-01-12 22:10:33,LOCATION_0071,MeenaAgarwal,VEHICLE_00387,An individual resembling MeenaAgarwal was observed in the vicinity of LOCATION_0071.,FIELD_SURVEILLANCE_UNIT,0.66
SURV_02942,,2025-02-08 16:55:18,LOCATION_0292,Karan Reddy,,Karan Reddy was observed near LOCATION_0292; no unusual activity reported.,FIELD_SURVEILLANCE_UNIT,0.88
SURV_02943,,2024-12-09 04:38:49,LOCATION_0034,V. Yadav,,An individual resembling V. Yadav was observed in the vicinity of LOCATION_0034.,FIELD_SURVEILLANCE_UNIT,0.8
SURV_02944,,2025-08-29 14:53:27,LOCATION_0268,A. Sharma,VEHICLE_00289,An individual resembling A. Sharma was observed in the vicinity of LOCATION_0268.,FIELD_SURVEILLANCE_UNIT,0.7
SURV_02945,,2025-04-26 05:17:36,LOCATION_0224,Rohit Kapoor,VEHICLE_00398,Rohit Kapoor was observed near LOCATION_0224; no unusual activity reported.,FIELD_SURVEILLANCE_UNIT,0.71
SURV_02946,,2025-02-24 00:12:19,LOCATION_0037,Gaurav Saxena,VEHICLE_00383,Gaurav Saxena was observed near LOCATION_0037; no unusual activity reported.,FIELD_SURVEILLANCE_UNIT,0.7
SURV_02947,,2026-03-09 17:50:16,LOCATION_0059,Rahul Saxena,,Rahul Saxena was observed near LOCATION_0059; no unusual activity reported.,FIELD_SURVEILLANCE_UNIT,0.63
SURV_02948,,2024-02-26 19:06:27,LOCATION_0282,Tanvi Choudhary,,Tanvi Choudhary was observed near LOCATION_0282; no unusual activity reported.,FIELD_SURVEILLANCE_UNIT,0.59
SURV_02949,,2024-01-11 10:05:37,LOCATION_0126,Vikram Sharma,,Vikram Sharma was observed near LOCATION_0126; no unusual activity reported.,FIELD_SURVEILLANCE_UNIT,0.74
SURV_02950,,2024-12-14 17:51:35,LOCATION_0075,manju saxena,,An individual resembling manju saxena was observed in the vicinity of LOCATION_0075.,FIELD_SURVEILLANCE_UNIT,0.76
SURV_02951,,2026-04-03 12:01:06,LOCATION_0300,Pankaj N.,VEHICLE_00067,An individual resembling Pankaj N. was observed in the vicinity of LOCATION_0300.,FIELD_SURVEILLANCE_UNIT,0.85
SURV_02952,,2024-03-28 17:10:45,LOCATION_0101,RAJESH MISHRA,,An individual resembling RAJESH MISHRA was observed in the vicinity of LOCATION_0101.,FIELD_SURVEILLANCE_UNIT,0.71
SURV_02953,,2024-12-17 23:22:43,LOCATION_0130,HarishReddy,,An individual resembling HarishReddy was observed in the vicinity of LOCATION_0130.,FIELD_SURVEILLANCE_UNIT,0.79
SURV_02954,,2024-02-04 11:19:41,LOCATION_0178,Vivek Joshi,,Vivek Joshi was observed near LOCATION_0178; no unusual activity reported.,FIELD_SURVEILLANCE_UNIT,0.73
SURV_02955,,2024-07-01 04:25:08,LOCATION_0281,Priya M.,,An individual resembling Priya M. was observed in the vicinity of LOCATION_0281.,FIELD_SURVEILLANCE_UNIT,0.9
SURV_02956,,2025-12-16 11:12:02,LOCATION_0120,Deepak Malhotra,VEHICLE_00359,Deepak Malhotra was observed near LOCATION_0120; no unusual activity reported.,FIELD_SURVEILLANCE_UNIT,0.88
SURV_02957,,2025-02-22 04:45:53,LOCATION_0051,Rajesh S.,,An individual resembling Rajesh S. was observed in the vicinity of LOCATION_0051.,FIELD_SURVEILLANCE_UNIT,0.77
SURV_02958,,2025-08-21 01:10:46,LOCATION_0281,KaranChauhan,,An individual resembling KaranChauhan was observed in the vicinity of LOCATION_0281.,FIELD_SURVEILLANCE_UNIT,0.57
SURV_02959,,2026-06-11 19:47:09,LOCATION_0120,KIRTI MISHRA,VEHICLE_00054,An individual resembling KIRTI MISHRA was observed in the vicinity of LOCATION_0120.,FIELD_SURVEILLANCE_UNIT,0.7
SURV_02960,,2025-10-22 07:20:20,LOCATION_0194,Rohit Kapoor,VEHICLE_00398,Rohit Kapoor was observed near LOCATION_0194; no unusual activity reported.,FIELD_SURVEILLANCE_UNIT,0.87
SURV_02961,,2025-12-01 09:16:24,LOCATION_0028,pooja naidu,,An individual resembling pooja naidu was observed in the vicinity of LOCATION_0028.,FIELD_SURVEILLANCE_UNIT,0.57
SURV_02962,,2025-10-24 04:41:26,LOCATION_0134,Amit Kapoor,VEHICLE_00372,Amit Kapoor was observed near LOCATION_0134; no unusual activity reported.,FIELD_SURVEILLANCE_UNIT,0.82
SURV_02963,,2025-11-26 01:17:58,LOCATION_0270,Kavita Malhotra,,An individual resembling Kavita Malhotra was observed in the vicinity of LOCATION_0270.,FIELD_SURVEILLANCE_UNIT,0.65
SURV_02964,,2024-11-07 21:14:18,LOCATION_0168,Nisha Gupta,VEHICLE_00264,Nisha Gupta was observed near LOCATION_0168; no unusual activity reported.,FIELD_SURVEILLANCE_UNIT,0.69
SURV_02965,,2025-11-24 03:03:02,LOCATION_0290,PankajTiwari,,An individual resembling PankajTiwari was observed in the vicinity of LOCATION_0290.,FIELD_SURVEILLANCE_UNIT,0.79
SURV_02966,,2024-06-14 17:21:31,LOCATION_0252,RaviGupta,VEHICLE_00058,An individual resembling RaviGupta was observed in the vicinity of LOCATION_0252.,FIELD_SURVEILLANCE_UNIT,0.79
SURV_02967,,2025-04-03 12:51:38,LOCATION_0076,Simran C.,VEHICLE_00105,An individual resembling Simran C. was observed in the vicinity of LOCATION_0076.,FIELD_SURVEILLANCE_UNIT,0.83
SURV_02968,,2025-07-31 18:20:43,LOCATION_0173,Geeta Tiwari,,Geeta Tiwari was observed near LOCATION_0173; no unusual activity reported.,FIELD_SURVEILLANCE_UNIT,0.6
SURV_02969,,2026-02-05 04:31:08,LOCATION_0050,suresh reddy,VEHICLE_00659,An individual resembling suresh reddy was observed in the vicinity of LOCATION_0050.,FIELD_SURVEILLANCE_UNIT,0.8
SURV_02970,,2024-08-20 02:38:06,LOCATION_0287,Y. Kapoor,VEHICLE_00279,An individual resembling Y. Kapoor was observed in the vicinity of LOCATION_0287.,FIELD_SURVEILLANCE_UNIT,0.59
SURV_02971,,2025-04-29 18:39:43,LOCATION_0267,Meena Bansal,,Meena Bansal was observed near LOCATION_0267; no unusual activity reported.,FIELD_SURVEILLANCE_UNIT,0.84
SURV_02972,,2025-07-29 14:48:40,LOCATION_0033,Mohit Joshi,,Mohit Joshi was observed near LOCATION_0033; no unusual activity reported.,FIELD_SURVEILLANCE_UNIT,0.73
SURV_02973,,2025-08-14 10:00:47,LOCATION_0174,Suresh Bansal,,Suresh Bansal was observed near LOCATION_0174; no unusual activity reported.,FIELD_SURVEILLANCE_UNIT,0.61
SURV_02974,,2024-12-07 20:23:39,LOCATION_0129,deepika mishra,VEHICLE_00073,An individual resembling deepika mishra was observed in the vicinity of LOCATION_0129.,FIELD_SURVEILLANCE_UNIT,0.69
SURV_02975,,2025-09-09 15:44:53,LOCATION_0231,Nikhil Choudhary,VEHICLE_00598,Nikhil Choudhary was observed near LOCATION_0231; no unusual activity reported.,FIELD_SURVEILLANCE_UNIT,0.85
SURV_02976,,2024-09-09 11:25:30,LOCATION_0193,Sunita Gupta,,An individual resembling Sunita Gupta was observed in the vicinity of LOCATION_0193.,FIELD_SURVEILLANCE_UNIT,0.67
SURV_02977,,2024-07-12 07:19:02,LOCATION_0272,Gaurav Agarwal,VEHICLE_00141,Gaurav Agarwal was observed near LOCATION_0272; no unusual activity reported.,FIELD_SURVEILLANCE_UNIT,0.83
SURV_02978,,2025-03-13 21:18:20,LOCATION_0178,divya reddy,VEHICLE_00741,An individual resembling divya reddy was observed in the vicinity of LOCATION_0178.,FIELD_SURVEILLANCE_UNIT,0.56
SURV_02979,,2025-12-04 00:33:45,LOCATION_0026,Divya Sharma,,Divya Sharma was observed near LOCATION_0026; no unusual activity reported.,FIELD_SURVEILLANCE_UNIT,0.8
SURV_02980,,2024-07-19 01:24:26,LOCATION_0203,Ravi K.,VEHICLE_00017,An individual resembling Ravi K. was observed in the vicinity of LOCATION_0203.,FIELD_SURVEILLANCE_UNIT,0.62
SURV_02981,,2024-05-16 16:04:14,LOCATION_0143,Rajesh Reddy,,Rajesh Reddy was observed near LOCATION_0143; no unusual activity reported.,FIELD_SURVEILLANCE_UNIT,0.83
SURV_02982,,2024-09-03 21:53:11,LOCATION_0076,PRIYA MISHRA,,An individual resembling PRIYA MISHRA was observed in the vicinity of LOCATION_0076.,FIELD_SURVEILLANCE_UNIT,0.79
SURV_02983,,2025-03-09 15:09:31,LOCATION_0237,Suresh Kapoor,VEHICLE_00464,Suresh Kapoor was observed near LOCATION_0237; no unusual activity reported.,FIELD_SURVEILLANCE_UNIT,0.75
SURV_02984,,2025-08-04 03:46:15,LOCATION_0011,Yash Kulkarni,VEHICLE_00329,Yash Kulkarni was observed near LOCATION_0011; no unusual activity reported.,FIELD_SURVEILLANCE_UNIT,0.79
SURV_02985,,2024-08-10 08:37:38,LOCATION_0021,Suresh Kulkarni,,Suresh Kulkarni was observed near LOCATION_0021; no unusual activity reported.,FIELD_SURVEILLANCE_UNIT,0.88
SURV_02986,,2025-08-27 19:47:46,LOCATION_0089,Mohit Tiwari,VEHICLE_00047,Mohit Tiwari was observed near LOCATION_0089; no unusual activity reported.,FIELD_SURVEILLANCE_UNIT,0.67
SURV_02987,,2024-11-16 06:42:25,LOCATION_0211,Yash Rathore,,Yash Rathore was observed near LOCATION_0211; no unusual activity reported.,FIELD_SURVEILLANCE_UNIT,0.89
SURV_02988,,2024-08-30 23:30:44,LOCATION_0246,Sonia P.,,An individual resembling Sonia P. was observed in the vicinity of LOCATION_0246.,FIELD_SURVEILLANCE_UNIT,0.65
SURV_02989,,2025-07-19 05:39:02,LOCATION_0046,G. Pandey,VEHICLE_00203,An individual resembling G. Pandey was observed in the vicinity of LOCATION_0046.,FIELD_SURVEILLANCE_UNIT,0.72
SURV_02990,,2026-01-13 14:42:55,LOCATION_0262,Karan Reddy,,Karan Reddy was observed near LOCATION_0262; no unusual activity reported.,FIELD_SURVEILLANCE_UNIT,0.85
SURV_02991,,2025-05-10 14:18:18,LOCATION_0127,Shalini Mishra,,Shalini Mishra was observed near LOCATION_0127; no unusual activity reported.,FIELD_SURVEILLANCE_UNIT,0.81
SURV_02992,,2026-01-14 08:38:43,LOCATION_0251,KIRTI CHAUHAN,VEHICLE_00622,An individual resembling KIRTI CHAUHAN was observed in the vicinity of LOCATION_0251.,FIELD_SURVEILLANCE_UNIT,0.71
SURV_02993,,2026-06-15 14:50:18,LOCATION_0058,Anil Sharma,VEHICLE_00289,Anil Sharma was observed near LOCATION_0058; no unusual activity reported.,FIELD_SURVEILLANCE_UNIT,0.75
SURV_02994,,2025-01-27 02:34:38,LOCATION_0142,NEHA TIWARI,,An individual resembling NEHA TIWARI was observed in the vicinity of LOCATION_0142.,FIELD_SURVEILLANCE_UNIT,0.71
SURV_02995,,2025-03-29 19:15:45,LOCATION_0016,Geeta Gupta,VEHICLE_00391,Geeta Gupta was observed near LOCATION_0016; no unusual activity reported.,FIELD_SURVEILLANCE_UNIT,0.83
SURV_02996,,2024-07-29 11:28:21,LOCATION_0288,VikramChoudhary,,An individual resembling VikramChoudhary was observed in the vicinity of LOCATION_0288.,FIELD_SURVEILLANCE_UNIT,0.88
SURV_02997,,2025-10-05 12:35:44,LOCATION_0003,yash pandey,VEHICLE_00076,An individual resembling yash pandey was observed in the vicinity of LOCATION_0003.,FIELD_SURVEILLANCE_UNIT,0.57
SURV_02998,,2026-05-30 10:41:33,LOCATION_0211,Isha Rathore,VEHICLE_00361,Isha Rathore was observed near LOCATION_0211; no unusual activity reported.,FIELD_SURVEILLANCE_UNIT,0.63
SURV_02999,,2025-10-08 00:12:07,LOCATION_0226,Geeta Naidu,VEHICLE_00761,Geeta Naidu was observed near LOCATION_0226; no unusual activity reported.,FIELD_SURVEILLANCE_UNIT,0.86
SURV_03000,,2024-02-03 06:29:03,LOCATION_0061,SURESH IYER,VEHICLE_00696,An individual resembling SURESH IYER was observed in the vicinity of LOCATION_0061.,FIELD_SURVEILLANCE_UNIT,0.82
SURV_03001,,2026-04-14 11:38:43,LOCATION_0106,Pooja Verma,VEHICLE_00266,An individual resembling Pooja Verma was observed in the vicinity of LOCATION_0106.,FIELD_SURVEILLANCE_UNIT,0.64
SURV_03002,,2026-01-04 11:42:11,LOCATION_0209,Sandeep Joshi,VEHICLE_00432,Sandeep Joshi was observed near LOCATION_0209; no unusual activity reported.,FIELD_SURVEILLANCE_UNIT,0.79
SURV_03003,,2025-02-28 08:41:18,LOCATION_0040,Shalini Singh,VEHICLE_00576,An individual resembling Shalini Singh was observed in the vicinity of LOCATION_0040.,FIELD_SURVEILLANCE_UNIT,0.62
SURV_03004,,2024-10-28 19:16:17,LOCATION_0075,Meena Choudhary,VEHICLE_00251,Meena Choudhary was observed near LOCATION_0075; no unusual activity reported.,FIELD_SURVEILLANCE_UNIT,0.9
SURV_03005,,2024-04-29 22:23:28,LOCATION_0188,Sanjay Reddy,VEHICLE_00190,Sanjay Reddy was observed near LOCATION_0188; no unusual activity reported.,FIELD_SURVEILLANCE_UNIT,0.79
SURV_03006,,2024-07-16 13:03:03,LOCATION_0190,Sanjay Bhatt,,Sanjay Bhatt was observed near LOCATION_0190; no unusual activity reported.,FIELD_SURVEILLANCE_UNIT,0.62
SURV_03007,,2025-10-31 09:38:39,LOCATION_0244,aman agarwal,VEHICLE_00750,An individual resembling aman agarwal was observed in the vicinity of LOCATION_0244.,FIELD_SURVEILLANCE_UNIT,0.63
SURV_03008,,2024-08-14 20:40:14,LOCATION_0177,Rekha Kulkarni,,Rekha Kulkarni was observed near LOCATION_0177; no unusual activity reported.,FIELD_SURVEILLANCE_UNIT,0.55
SURV_03009,,2025-05-29 14:34:03,LOCATION_0183,Priya Sharma,VEHICLE_00125,Priya Sharma was observed near LOCATION_0183; no unusual activity reported.,FIELD_SURVEILLANCE_UNIT,0.89
SURV_03010,,2026-04-29 06:24:26,LOCATION_0270,Divya Bansal,VEHICLE_00273,Divya Bansal was observed near LOCATION_0270; no unusual activity reported.,FIELD_SURVEILLANCE_UNIT,0.76
SURV_03011,,2024-11-06 16:51:17,LOCATION_0028,I. Agarwal,VEHICLE_00272,An individual resembling I. Agarwal was observed in the vicinity of LOCATION_0028.,FIELD_SURVEILLANCE_UNIT,0.87
SURV_03012,,2024-07-24 08:17:34,LOCATION_0264,Rekha Gupta,VEHICLE_00625,Rekha Gupta was observed near LOCATION_0264; no unusual activity reported.,FIELD_SURVEILLANCE_UNIT,0.64
SURV_03013,,2025-11-16 12:43:51,LOCATION_0095,Karan Gupta,,Karan Gupta was observed near LOCATION_0095; no unusual activity reported.,FIELD_SURVEILLANCE_UNIT,0.69
SURV_03014,,2026-02-11 05:38:14,LOCATION_0060,Divya Bansal,VEHICLE_00273,Divya Bansal was observed near LOCATION_0060; no unusual activity reported.,FIELD_SURVEILLANCE_UNIT,0.71
SURV_03015,,2026-03-01 01:34:36,LOCATION_0299,Arjun Bansal,VEHICLE_00670,Arjun Bansal was observed near LOCATION_0299; no unusual activity reported.,FIELD_SURVEILLANCE_UNIT,0.82
SURV_03016,,2025-11-04 18:27:25,LOCATION_0169,Nisha Gupta,VEHICLE_00126,Nisha Gupta was observed near LOCATION_0169; no unusual activity reported.,FIELD_SURVEILLANCE_UNIT,0.63
SURV_03017,,2024-11-18 20:03:24,LOCATION_0044,VIKRAM CHAUHAN,,An individual resembling VIKRAM CHAUHAN was observed in the vicinity of LOCATION_0044.,FIELD_SURVEILLANCE_UNIT,0.88
SURV_03018,,2025-09-03 13:03:58,LOCATION_0181,Y. Rathore,,An individual resembling Y. Rathore was observed in the vicinity of LOCATION_0181.,FIELD_SURVEILLANCE_UNIT,0.58
SURV_03019,,2025-10-10 05:07:35,LOCATION_0233,Deepak Yadav,,Deepak Yadav was observed near LOCATION_0233; no unusual activity reported.,FIELD_SURVEILLANCE_UNIT,0.78
SURV_03020,,2026-05-02 01:48:18,LOCATION_0234,Nikhil Iyer,VEHICLE_00173,Nikhil Iyer was observed near LOCATION_0234; no unusual activity reported.,FIELD_SURVEILLANCE_UNIT,0.62
SURV_03021,,2025-07-29 02:09:28,LOCATION_0068,Aman Naidu,VEHICLE_00511,Aman Naidu was observed near LOCATION_0068; no unusual activity reported.,FIELD_SURVEILLANCE_UNIT,0.65
SURV_03022,,2025-09-18 03:35:50,LOCATION_0002,Pankaj Bhatt,,Pankaj Bhatt was observed near LOCATION_0002; no unusual activity reported.,FIELD_SURVEILLANCE_UNIT,0.8
SURV_03023,,2026-01-07 21:01:17,LOCATION_0149,Amit Verma,VEHICLE_00168,Amit Verma was observed near LOCATION_0149; no unusual activity reported.,FIELD_SURVEILLANCE_UNIT,0.65
SURV_03024,,2025-01-03 01:11:14,LOCATION_0112,karan reddy,,An individual resembling karan reddy was observed in the vicinity of LOCATION_0112.,FIELD_SURVEILLANCE_UNIT,0.69
SURV_03025,,2025-10-17 09:10:17,LOCATION_0248,Anil Mishra,VEHICLE_00523,Anil Mishra was observed near LOCATION_0248; no unusual activity reported.,FIELD_SURVEILLANCE_UNIT,0.58
SURV_03026,,2024-05-22 11:57:10,LOCATION_0216,YASH BANSAL,,An individual resembling YASH BANSAL was observed in the vicinity of LOCATION_0216.,FIELD_SURVEILLANCE_UNIT,0.69
SURV_03027,,2025-03-05 18:10:24,LOCATION_0117,Yash Malhotra,,Yash Malhotra was observed near LOCATION_0117; no unusual activity reported.,FIELD_SURVEILLANCE_UNIT,0.63
SURV_03028,,2025-06-28 17:15:06,LOCATION_0286,Kavita Rathore,VEHICLE_00095,Kavita Rathore was observed near LOCATION_0286; no unusual activity reported.,FIELD_SURVEILLANCE_UNIT,0.87
SURV_03029,,2024-12-28 01:07:30,LOCATION_0255,manju agarwal,VEHICLE_00483,An individual resembling manju agarwal was observed in the vicinity of LOCATION_0255.,FIELD_SURVEILLANCE_UNIT,0.65
SURV_03030,,2024-09-30 13:44:02,LOCATION_0084,Vivek Kapoor,VEHICLE_00602,Vivek Kapoor was observed near LOCATION_0084; no unusual activity reported.,FIELD_SURVEILLANCE_UNIT,0.73
SURV_03031,,2025-12-15 05:27:50,LOCATION_0126,Pooja Y.,VEHICLE_00186,An individual resembling Pooja Y. was observed in the vicinity of LOCATION_0126.,FIELD_SURVEILLANCE_UNIT,0.66
SURV_03032,,2024-11-18 20:36:18,LOCATION_0265,sunita pandey,VEHICLE_00091,An individual resembling sunita pandey was observed in the vicinity of LOCATION_0265.,FIELD_SURVEILLANCE_UNIT,0.79
SURV_03033,,2025-04-21 08:17:16,LOCATION_0192,D. Sharma,VEHICLE_00499,An individual resembling D. Sharma was observed in the vicinity of LOCATION_0192.,FIELD_SURVEILLANCE_UNIT,0.71
SURV_03034,,2025-07-26 22:48:18,LOCATION_0024,Harish Kulkarni,VEHICLE_00243,Harish Kulkarni was observed near LOCATION_0024; no unusual activity reported.,FIELD_SURVEILLANCE_UNIT,0.66
SURV_03035,,2024-02-04 15:43:14,LOCATION_0192,sanjay joshi,VEHICLE_00069,An individual resembling sanjay joshi was observed in the vicinity of LOCATION_0192.,FIELD_SURVEILLANCE_UNIT,0.73
SURV_03036,,2025-09-07 07:45:35,LOCATION_0167,Rajesh Chauhan,VEHICLE_00121,Rajesh Chauhan was observed near LOCATION_0167; no unusual activity reported.,FIELD_SURVEILLANCE_UNIT,0.6
SURV_03037,,2026-01-05 07:59:08,LOCATION_0046,MohitRathore,VEHICLE_00052,An individual resembling MohitRathore was observed in the vicinity of LOCATION_0046.,FIELD_SURVEILLANCE_UNIT,0.66
SURV_03038,,2024-01-21 00:58:12,LOCATION_0092,Kavita Naidu,VEHICLE_00627,Kavita Naidu was observed near LOCATION_0092; no unusual activity reported.,FIELD_SURVEILLANCE_UNIT,0.86
SURV_03039,,2025-01-30 05:35:09,LOCATION_0011,Simran Joshi,VEHICLE_00539,Simran Joshi was observed near LOCATION_0011; no unusual activity reported.,FIELD_SURVEILLANCE_UNIT,0.57
SURV_03040,,2026-05-11 03:28:20,LOCATION_0134,Sanjay Chauhan,,Sanjay Chauhan was observed near LOCATION_0134; no unusual activity reported.,FIELD_SURVEILLANCE_UNIT,0.81
SURV_03041,,2026-04-06 00:52:02,LOCATION_0167,Ritu Yadav,,Ritu Yadav was observed near LOCATION_0167; no unusual activity reported.,FIELD_SURVEILLANCE_UNIT,0.63
SURV_03042,,2025-06-29 16:37:42,LOCATION_0173,Divya Kulkarni,,Divya Kulkarni was observed near LOCATION_0173; no unusual activity reported.,FIELD_SURVEILLANCE_UNIT,0.59
SURV_03043,,2025-01-06 15:21:38,LOCATION_0182,Kavita Gupta,VEHICLE_00573,Kavita Gupta was observed near LOCATION_0182; no unusual activity reported.,FIELD_SURVEILLANCE_UNIT,0.83
SURV_03044,,2024-01-28 13:00:22,LOCATION_0266,RohitPandey,VEHICLE_00656,An individual resembling RohitPandey was observed in the vicinity of LOCATION_0266.,FIELD_SURVEILLANCE_UNIT,0.73
SURV_03045,,2024-04-02 15:30:05,LOCATION_0015,Aman Reddy,VEHICLE_00736,Aman Reddy was observed near LOCATION_0015; no unusual activity reported.,FIELD_SURVEILLANCE_UNIT,0.73
SURV_03046,,2025-02-19 11:58:47,LOCATION_0256,Pooja Joshi,VEHICLE_00258,Pooja Joshi was observed near LOCATION_0256; no unusual activity reported.,FIELD_SURVEILLANCE_UNIT,0.64
SURV_03047,,2025-01-03 10:48:40,LOCATION_0093,SimranKapoor,,An individual resembling SimranKapoor was observed in the vicinity of LOCATION_0093.,FIELD_SURVEILLANCE_UNIT,0.73
SURV_03048,,2026-06-06 20:54:59,LOCATION_0044,Pooja Saxena,,Pooja Saxena was observed near LOCATION_0044; no unusual activity reported.,FIELD_SURVEILLANCE_UNIT,0.77
SURV_03049,,2025-01-29 02:21:05,LOCATION_0210,Ravi Y.,,An individual resembling Ravi Y. was observed in the vicinity of LOCATION_0210.,FIELD_SURVEILLANCE_UNIT,0.55
SURV_03050,,2024-01-06 22:58:15,LOCATION_0233,Kirti Kapoor,VEHICLE_00578,Kirti Kapoor was observed near LOCATION_0233; no unusual activity reported.,FIELD_SURVEILLANCE_UNIT,0.6
SURV_03051,,2024-03-17 12:19:19,LOCATION_0020,N. Naidu,,An individual resembling N. Naidu was observed in the vicinity of LOCATION_0020.,FIELD_SURVEILLANCE_UNIT,0.79
SURV_03052,,2026-03-04 09:06:56,LOCATION_0264,RAHUL SHARMA,VEHICLE_00757,An individual resembling RAHUL SHARMA was observed in the vicinity of LOCATION_0264.,FIELD_SURVEILLANCE_UNIT,0.81
SURV_03053,,2025-01-02 13:14:41,LOCATION_0087,Ravi Yadav,VEHICLE_00534,Ravi Yadav was observed near LOCATION_0087; no unusual activity reported.,FIELD_SURVEILLANCE_UNIT,0.7
SURV_03054,,2024-01-29 10:55:15,LOCATION_0050,Rohit Gupta,VEHICLE_00211,Rohit Gupta was observed near LOCATION_0050; no unusual activity reported.,FIELD_SURVEILLANCE_UNIT,0.63
SURV_03055,,2025-10-16 02:32:31,LOCATION_0025,Anita Verma,,Anita Verma was observed near LOCATION_0025; no unusual activity reported.,FIELD_SURVEILLANCE_UNIT,0.59
SURV_03056,,2025-08-26 07:54:48,LOCATION_0286,Geeta Gupta,VEHICLE_00391,An individual resembling Geeta Gupta was observed in the vicinity of LOCATION_0286.,FIELD_SURVEILLANCE_UNIT,0.78
SURV_03057,,2025-03-18 15:09:47,LOCATION_0195,alka gupta,,An individual resembling alka gupta was observed in the vicinity of LOCATION_0195.,FIELD_SURVEILLANCE_UNIT,0.77
SURV_03058,,2025-02-07 04:38:03,LOCATION_0007,V. Choudhary,,An individual resembling V. Choudhary was observed in the vicinity of LOCATION_0007.,FIELD_SURVEILLANCE_UNIT,0.7
SURV_03059,,2025-12-14 21:02:17,LOCATION_0155,Rajesh Rathore,VEHICLE_00005,Rajesh Rathore was observed near LOCATION_0155; no unusual activity reported.,FIELD_SURVEILLANCE_UNIT,0.79
SURV_03060,,2025-01-30 08:15:20,LOCATION_0143,Nikhil Saxena,,Nikhil Saxena was observed near LOCATION_0143; no unusual activity reported.,FIELD_SURVEILLANCE_UNIT,0.85
SURV_03061,,2026-06-03 16:27:36,LOCATION_0065,Anita Chauhan,VEHICLE_00160,Anita Chauhan was observed near LOCATION_0065; no unusual activity reported.,FIELD_SURVEILLANCE_UNIT,0.71
SURV_03062,,2025-06-04 13:16:25,LOCATION_0079,Amit Verma,VEHICLE_00168,Amit Verma was observed near LOCATION_0079; no unusual activity reported.,FIELD_SURVEILLANCE_UNIT,0.8
SURV_03063,,2025-12-29 19:39:05,LOCATION_0087,Rajesh Chauhan,VEHICLE_00121,Rajesh Chauhan was observed near LOCATION_0087; no unusual activity reported.,FIELD_SURVEILLANCE_UNIT,0.73
SURV_03064,,2025-08-02 17:42:29,LOCATION_0085,A. Gupta,,An individual resembling A. Gupta was observed in the vicinity of LOCATION_0085.,FIELD_SURVEILLANCE_UNIT,0.81
SURV_03065,,2024-07-11 20:49:21,LOCATION_0154,Nisha Saxena,,An individual resembling Nisha Saxena was observed in the vicinity of LOCATION_0154.,FIELD_SURVEILLANCE_UNIT,0.64
SURV_03066,,2024-06-14 20:35:35,LOCATION_0046,Ravi V.,,An individual resembling Ravi V. was observed in the vicinity of LOCATION_0046.,FIELD_SURVEILLANCE_UNIT,0.62
SURV_03067,,2024-06-23 14:23:32,LOCATION_0222,Aman S.,VEHICLE_00561,An individual resembling Aman S. was observed in the vicinity of LOCATION_0222.,FIELD_SURVEILLANCE_UNIT,0.78
SURV_03068,,2024-05-05 18:45:35,LOCATION_0267,Meena Choudhary,,Meena Choudhary was observed near LOCATION_0267; no unusual activity reported.,FIELD_SURVEILLANCE_UNIT,0.65
SURV_03069,,2026-04-08 10:18:02,LOCATION_0198,Anjali Rathore,,Anjali Rathore was observed near LOCATION_0198; no unusual activity reported.,FIELD_SURVEILLANCE_UNIT,0.71
SURV_03070,,2025-02-11 12:00:23,LOCATION_0219,Geeta Meena,VEHICLE_00555,Geeta Meena was observed near LOCATION_0219; no unusual activity reported.,FIELD_SURVEILLANCE_UNIT,0.62
SURV_03071,,2024-06-10 20:59:13,LOCATION_0241,gaurav joshi,,An individual resembling gaurav joshi was observed in the vicinity of LOCATION_0241.,FIELD_SURVEILLANCE_UNIT,0.86
SURV_03072,,2024-03-24 00:59:26,LOCATION_0159,P. Malhotra,,An individual resembling P. Malhotra was observed in the vicinity of LOCATION_0159.,FIELD_SURVEILLANCE_UNIT,0.65
SURV_03073,,2025-08-24 22:31:16,LOCATION_0264,Vikram Naidu,,Vikram Naidu was observed near LOCATION_0264; no unusual activity reported.,FIELD_SURVEILLANCE_UNIT,0.67
SURV_03074,,2026-01-01 13:21:19,LOCATION_0077,Vikram Iyer,VEHICLE_00427,Vikram Iyer was observed near LOCATION_0077; no unusual activity reported.,FIELD_SURVEILLANCE_UNIT,0.71
SURV_03075,,2025-07-02 22:33:23,LOCATION_0048,Sanjay Meena,,An individual resembling Sanjay Meena was observed in the vicinity of LOCATION_0048.,FIELD_SURVEILLANCE_UNIT,0.86
SURV_03076,,2025-07-25 02:32:49,LOCATION_0022,Geeta Iyer,,Geeta Iyer was observed near LOCATION_0022; no unusual activity reported.,FIELD_SURVEILLANCE_UNIT,0.84
SURV_03077,,2024-06-16 05:25:04,LOCATION_0185,S. Yadav,VEHICLE_00204,An individual resembling S. Yadav was observed in the vicinity of LOCATION_0185.,FIELD_SURVEILLANCE_UNIT,0.62
SURV_03078,,2024-10-22 20:49:13,LOCATION_0079,Deepika C.,VEHICLE_00497,An individual resembling Deepika C. was observed in the vicinity of LOCATION_0079.,FIELD_SURVEILLANCE_UNIT,0.81
SURV_03079,,2025-03-21 10:33:16,LOCATION_0189,Tanvi Agarwal,VEHICLE_00271,Tanvi Agarwal was observed near LOCATION_0189; no unusual activity reported.,FIELD_SURVEILLANCE_UNIT,0.81
SURV_03080,,2025-05-26 02:44:02,LOCATION_0239,rekha rathore,,An individual resembling rekha rathore was observed in the vicinity of LOCATION_0239.,FIELD_SURVEILLANCE_UNIT,0.71
SURV_03081,,2025-09-10 18:29:43,LOCATION_0287,Pankaj V.,,An individual resembling Pankaj V. was observed in the vicinity of LOCATION_0287.,FIELD_SURVEILLANCE_UNIT,0.71
SURV_03082,,2026-06-28 19:07:32,LOCATION_0207,RajeshChauhan,VEHICLE_00121,An individual resembling RajeshChauhan was observed in the vicinity of LOCATION_0207.,FIELD_SURVEILLANCE_UNIT,0.57
SURV_03083,,2024-02-05 02:34:58,LOCATION_0213,Harish Saxena,,Harish Saxena was observed near LOCATION_0213; no unusual activity reported.,FIELD_SURVEILLANCE_UNIT,0.8
SURV_03084,,2024-11-20 01:39:12,LOCATION_0225,T. Tiwari,VEHICLE_00455,An individual resembling T. Tiwari was observed in the vicinity of LOCATION_0225.,FIELD_SURVEILLANCE_UNIT,0.68
SURV_03085,,2025-02-12 05:54:44,LOCATION_0037,Manju Singh,VEHICLE_00220,Manju Singh was observed near LOCATION_0037; no unusual activity reported.,FIELD_SURVEILLANCE_UNIT,0.86
SURV_03086,,2024-11-08 03:58:20,LOCATION_0083,Ravi Malhotra,,Ravi Malhotra was observed near LOCATION_0083; no unusual activity reported.,FIELD_SURVEILLANCE_UNIT,0.81
SURV_03087,,2026-05-29 11:05:44,LOCATION_0218,DIVYA KAPOOR,VEHICLE_00621,An individual resembling DIVYA KAPOOR was observed in the vicinity of LOCATION_0218.,FIELD_SURVEILLANCE_UNIT,0.65
SURV_03088,,2025-05-30 15:09:35,LOCATION_0064,Ravi Gupta,,Ravi Gupta was observed near LOCATION_0064; no unusual activity reported.,FIELD_SURVEILLANCE_UNIT,0.76
SURV_03089,,2026-05-05 22:25:34,LOCATION_0251,R. Chauhan,VEHICLE_00411,An individual resembling R. Chauhan was observed in the vicinity of LOCATION_0251.,FIELD_SURVEILLANCE_UNIT,0.69
SURV_03090,,2024-10-01 06:51:33,LOCATION_0023,Nisha Mishra,,Nisha Mishra was observed near LOCATION_0023; no unusual activity reported.,FIELD_SURVEILLANCE_UNIT,0.78
SURV_03091,,2024-02-23 17:37:51,LOCATION_0060,Rahul Sharma,VEHICLE_00310,Rahul Sharma was observed near LOCATION_0060; no unusual activity reported.,FIELD_SURVEILLANCE_UNIT,0.88
SURV_03092,,2025-09-09 10:22:12,LOCATION_0125,VivekAgarwal,VEHICLE_00325,An individual resembling VivekAgarwal was observed in the vicinity of LOCATION_0125.,FIELD_SURVEILLANCE_UNIT,0.79
SURV_03093,,2024-07-21 15:11:51,LOCATION_0184,Naveen Agarwal,,Naveen Agarwal was observed near LOCATION_0184; no unusual activity reported.,FIELD_SURVEILLANCE_UNIT,0.65
SURV_03094,,2025-02-11 20:56:17,LOCATION_0246,Isha Naidu,,An individual resembling Isha Naidu was observed in the vicinity of LOCATION_0246.,FIELD_SURVEILLANCE_UNIT,0.57
SURV_03095,,2024-05-21 17:19:55,LOCATION_0135,N. Gupta,VEHICLE_00142,An individual resembling N. Gupta was observed in the vicinity of LOCATION_0135.,FIELD_SURVEILLANCE_UNIT,0.65
SURV_03096,,2026-02-06 14:46:33,LOCATION_0281,R. Chauhan,VEHICLE_00411,An individual resembling R. Chauhan was observed in the vicinity of LOCATION_0281.,FIELD_SURVEILLANCE_UNIT,0.81
SURV_03097,,2024-08-07 18:58:07,LOCATION_0248,Amit Bhatt,VEHICLE_00339,Amit Bhatt was observed near LOCATION_0248; no unusual activity reported.,FIELD_SURVEILLANCE_UNIT,0.86
SURV_03098,,2025-07-16 12:53:57,LOCATION_0122,HARISH REDDY,,An individual resembling HARISH REDDY was observed in the vicinity of LOCATION_0122.,FIELD_SURVEILLANCE_UNIT,0.63
SURV_03099,,2024-09-03 03:14:13,LOCATION_0018,SANDEEP BANSAL,VEHICLE_00751,An individual resembling SANDEEP BANSAL was observed in the vicinity of LOCATION_0018.,FIELD_SURVEILLANCE_UNIT,0.66
SURV_03100,,2026-03-29 15:26:31,LOCATION_0191,Sunita Meena,,Sunita Meena was observed near LOCATION_0191; no unusual activity reported.,FIELD_SURVEILLANCE_UNIT,0.83
SURV_03101,,2025-04-15 12:26:33,LOCATION_0074,AlkaBhatt,,An individual resembling AlkaBhatt was observed in the vicinity of LOCATION_0074.,FIELD_SURVEILLANCE_UNIT,0.66
SURV_03102,,2024-09-08 12:17:31,LOCATION_0233,Nisha Saxena,,Nisha Saxena was observed near LOCATION_0233; no unusual activity reported.,FIELD_SURVEILLANCE_UNIT,0.71
SURV_03103,,2025-04-28 01:53:20,LOCATION_0232,Simran Nair,VEHICLE_00519,Simran Nair was observed near LOCATION_0232; no unusual activity reported.,FIELD_SURVEILLANCE_UNIT,0.77
SURV_03104,,2024-05-19 04:28:12,LOCATION_0049,Deepika Joshi,,Deepika Joshi was observed near LOCATION_0049; no unusual activity reported.,FIELD_SURVEILLANCE_UNIT,0.78
SURV_03105,,2024-08-16 04:40:35,LOCATION_0127,Meena C.,,An individual resembling Meena C. was observed in the vicinity of LOCATION_0127.,FIELD_SURVEILLANCE_UNIT,0.59
SURV_03106,,2026-01-28 22:49:16,LOCATION_0239,Sonia Saxena,VEHICLE_00503,Sonia Saxena was observed near LOCATION_0239; no unusual activity reported.,FIELD_SURVEILLANCE_UNIT,0.88
SURV_03107,,2024-09-19 22:23:32,LOCATION_0078,Anita K.,VEHICLE_00023,An individual resembling Anita K. was observed in the vicinity of LOCATION_0078.,FIELD_SURVEILLANCE_UNIT,0.66
SURV_03108,,2025-08-17 05:24:35,LOCATION_0260,Pooja S.,,An individual resembling Pooja S. was observed in the vicinity of LOCATION_0260.,FIELD_SURVEILLANCE_UNIT,0.59
SURV_03109,,2024-08-16 03:43:38,LOCATION_0133,Nisha Saxena,,Nisha Saxena was observed near LOCATION_0133; no unusual activity reported.,FIELD_SURVEILLANCE_UNIT,0.69
SURV_03110,,2024-01-01 19:03:44,LOCATION_0197,NEHA PANDEY,,An individual resembling NEHA PANDEY was observed in the vicinity of LOCATION_0197.,FIELD_SURVEILLANCE_UNIT,0.81
SURV_03111,,2024-01-19 16:35:02,LOCATION_0008,DEEPIKA CHOUDHARY,VEHICLE_00507,An individual resembling DEEPIKA CHOUDHARY was observed in the vicinity of LOCATION_0008.,FIELD_SURVEILLANCE_UNIT,0.58
SURV_03112,,2025-05-05 00:29:13,LOCATION_0028,Sanjay Tiwari,,Sanjay Tiwari was observed near LOCATION_0028; no unusual activity reported.,FIELD_SURVEILLANCE_UNIT,0.67
SURV_03113,,2025-07-18 06:56:11,LOCATION_0053,Kirti Gupta,,Kirti Gupta was observed near LOCATION_0053; no unusual activity reported.,FIELD_SURVEILLANCE_UNIT,0.87
SURV_03114,,2025-05-25 10:49:36,LOCATION_0266,RaviGupta,,An individual resembling RaviGupta was observed in the vicinity of LOCATION_0266.,FIELD_SURVEILLANCE_UNIT,0.73
SURV_03115,,2024-05-07 21:56:09,LOCATION_0083,AMAN CHAUHAN,,An individual resembling AMAN CHAUHAN was observed in the vicinity of LOCATION_0083.,FIELD_SURVEILLANCE_UNIT,0.81
SURV_03116,,2025-11-11 16:37:21,LOCATION_0123,A. Gupta,VEHICLE_00064,An individual resembling A. Gupta was observed in the vicinity of LOCATION_0123.,FIELD_SURVEILLANCE_UNIT,0.68
SURV_03117,,2024-12-30 17:31:35,LOCATION_0079,Alka Kulkarni,VEHICLE_00045,Alka Kulkarni was observed near LOCATION_0079; no unusual activity reported.,FIELD_SURVEILLANCE_UNIT,0.89
SURV_03118,,2025-03-07 12:15:52,LOCATION_0106,R. Choudhary,VEHICLE_00374,An individual resembling R. Choudhary was observed in the vicinity of LOCATION_0106.,FIELD_SURVEILLANCE_UNIT,0.89
SURV_03119,,2024-01-26 03:46:01,LOCATION_0125,Tanvi T.,VEHICLE_00455,An individual resembling Tanvi T. was observed in the vicinity of LOCATION_0125.,FIELD_SURVEILLANCE_UNIT,0.74
SURV_03120,,2025-05-05 08:24:49,LOCATION_0187,Swati Kulkarni,VEHICLE_00050,Swati Kulkarni was observed near LOCATION_0187; no unusual activity reported.,FIELD_SURVEILLANCE_UNIT,0.83
SURV_03121,,2024-10-29 08:17:06,LOCATION_0147,ALKA VERMA,VEHICLE_00089,An individual resembling ALKA VERMA was observed in the vicinity of LOCATION_0147.,FIELD_SURVEILLANCE_UNIT,0.82
SURV_03122,,2024-09-04 21:10:53,LOCATION_0095,NEHA SINGH,VEHICLE_00205,An individual resembling NEHA SINGH was observed in the vicinity of LOCATION_0095.,FIELD_SURVEILLANCE_UNIT,0.62
SURV_03123,,2024-06-03 16:17:09,LOCATION_0016,Ravi Malhotra,,Ravi Malhotra was observed near LOCATION_0016; no unusual activity reported.,FIELD_SURVEILLANCE_UNIT,0.81
SURV_03124,,2024-07-02 18:01:19,LOCATION_0068,A. Kulkarni,VEHICLE_00023,An individual resembling A. Kulkarni was observed in the vicinity of LOCATION_0068.,FIELD_SURVEILLANCE_UNIT,0.67
SURV_03125,,2024-09-11 05:12:00,LOCATION_0053,Karan Tiwari,,Karan Tiwari was observed near LOCATION_0053; no unusual activity reported.,FIELD_SURVEILLANCE_UNIT,0.66
SURV_03126,,2026-05-14 21:31:15,LOCATION_0028,Ravi Saxena,,Ravi Saxena was observed near LOCATION_0028; no unusual activity reported.,FIELD_SURVEILLANCE_UNIT,0.85
SURV_03127,,2025-05-20 19:48:04,LOCATION_0127,Swati Yadav,VEHICLE_00242,Swati Yadav was observed near LOCATION_0127; no unusual activity reported.,FIELD_SURVEILLANCE_UNIT,0.73
SURV_03128,,2024-11-18 10:55:12,LOCATION_0259,Anil Agarwal,VEHICLE_00413,Anil Agarwal was observed near LOCATION_0259; no unusual activity reported.,FIELD_SURVEILLANCE_UNIT,0.69
SURV_03129,,2025-06-06 01:51:13,LOCATION_0190,Kavita Malhotra,,Kavita Malhotra was observed near LOCATION_0190; no unusual activity reported.,FIELD_SURVEILLANCE_UNIT,0.76
SURV_03130,,2024-02-26 03:28:58,LOCATION_0104,K. Meena,VEHICLE_00644,An individual resembling K. Meena was observed in the vicinity of LOCATION_0104.,FIELD_SURVEILLANCE_UNIT,0.62
SURV_03131,,2024-08-28 03:12:31,LOCATION_0139,Aman Yadav,VEHICLE_00348,Aman Yadav was observed near LOCATION_0139; no unusual activity reported.,FIELD_SURVEILLANCE_UNIT,0.74
SURV_03132,,2025-08-31 11:13:56,LOCATION_0078,Tanvi Pandey,VEHICLE_00053,Tanvi Pandey was observed near LOCATION_0078; no unusual activity reported.,FIELD_SURVEILLANCE_UNIT,0.74
SURV_03133,,2025-08-02 04:48:29,LOCATION_0174,NishaSaxena,,An individual resembling NishaSaxena was observed in the vicinity of LOCATION_0174.,FIELD_SURVEILLANCE_UNIT,0.63
SURV_03134,,2024-04-22 11:22:02,LOCATION_0184,Naveen Agarwal,,Naveen Agarwal was observed near LOCATION_0184; no unusual activity reported.,FIELD_SURVEILLANCE_UNIT,0.79
SURV_03135,,2025-12-09 01:09:42,LOCATION_0194,DeepakSharma,VEHICLE_00184,An individual resembling DeepakSharma was observed in the vicinity of LOCATION_0194.,FIELD_SURVEILLANCE_UNIT,0.72
SURV_03136,,2025-03-19 11:12:46,LOCATION_0179,AlkaAgarwal,,An individual resembling AlkaAgarwal was observed in the vicinity of LOCATION_0179.,FIELD_SURVEILLANCE_UNIT,0.82
SURV_03137,,2025-03-12 20:57:33,LOCATION_0093,Kirti Gupta,VEHICLE_00057,Kirti Gupta was observed near LOCATION_0093; no unusual activity reported.,FIELD_SURVEILLANCE_UNIT,0.76
SURV_03138,,2026-05-28 22:23:04,LOCATION_0235,Vivek Bansal,VEHICLE_00733,Vivek Bansal was observed near LOCATION_0235; no unusual activity reported.,FIELD_SURVEILLANCE_UNIT,0.78
SURV_03139,,2025-01-18 16:54:27,LOCATION_0284,Isha Gupta,,Isha Gupta was observed near LOCATION_0284; no unusual activity reported.,FIELD_SURVEILLANCE_UNIT,0.87
SURV_03140,,2025-10-07 19:05:54,LOCATION_0140,Mohit Naidu,,Mohit Naidu was observed near LOCATION_0140; no unusual activity reported.,FIELD_SURVEILLANCE_UNIT,0.6
SURV_03141,,2025-12-05 11:55:39,LOCATION_0220,R. Saxena,,An individual resembling R. Saxena was observed in the vicinity of LOCATION_0220.,FIELD_SURVEILLANCE_UNIT,0.73
SURV_03142,,2026-04-20 12:36:48,LOCATION_0070,ISHA TIWARI,,An individual resembling ISHA TIWARI was observed in the vicinity of LOCATION_0070.,FIELD_SURVEILLANCE_UNIT,0.9
SURV_03143,,2026-05-15 18:31:30,LOCATION_0115,Alka Tiwari,,Alka Tiwari was observed near LOCATION_0115; no unusual activity reported.,FIELD_SURVEILLANCE_UNIT,0.76
SURV_03144,,2026-01-19 00:57:12,LOCATION_0260,Suresh Verma,VEHICLE_00166,Suresh Verma was observed near LOCATION_0260; no unusual activity reported.,FIELD_SURVEILLANCE_UNIT,0.87
SURV_03145,,2025-11-19 10:33:07,LOCATION_0223,Preeti Chauhan,,Preeti Chauhan was observed near LOCATION_0223; no unusual activity reported.,FIELD_SURVEILLANCE_UNIT,0.7
SURV_03146,,2024-03-23 02:22:46,LOCATION_0118,S. Saxena,,An individual resembling S. Saxena was observed in the vicinity of LOCATION_0118.,FIELD_SURVEILLANCE_UNIT,0.64
SURV_03147,,2024-03-18 20:14:21,LOCATION_0267,Amit Chauhan,,Amit Chauhan was observed near LOCATION_0267; no unusual activity reported.,FIELD_SURVEILLANCE_UNIT,0.63
SURV_03148,,2026-05-29 02:53:27,LOCATION_0216,SURESH AGARWAL,VEHICLE_00542,An individual resembling SURESH AGARWAL was observed in the vicinity of LOCATION_0216.,FIELD_SURVEILLANCE_UNIT,0.58
SURV_03149,,2026-05-16 23:45:08,LOCATION_0285,Neha Kulkarni,,Neha Kulkarni was observed near LOCATION_0285; no unusual activity reported.,FIELD_SURVEILLANCE_UNIT,0.76
SURV_03150,,2025-02-02 03:00:21,LOCATION_0150,Geeta Bhatt,VEHICLE_00250,Geeta Bhatt was observed near LOCATION_0150; no unusual activity reported.,FIELD_SURVEILLANCE_UNIT,0.71
SURV_03151,,2024-04-12 22:56:07,LOCATION_0220,Anjali Meena,,Anjali Meena was observed near LOCATION_0220; no unusual activity reported.,FIELD_SURVEILLANCE_UNIT,0.62
SURV_03152,,2026-05-25 02:21:56,LOCATION_0120,AnjaliTiwari,,An individual resembling AnjaliTiwari was observed in the vicinity of LOCATION_0120.,FIELD_SURVEILLANCE_UNIT,0.66
SURV_03153,,2025-10-07 12:27:19,LOCATION_0182,ArjunJoshi,,An individual resembling ArjunJoshi was observed in the vicinity of LOCATION_0182.,FIELD_SURVEILLANCE_UNIT,0.87
SURV_03154,,2025-08-24 05:53:16,LOCATION_0224,Rajesh Bhatt,VEHICLE_00611,Rajesh Bhatt was observed near LOCATION_0224; no unusual activity reported.,FIELD_SURVEILLANCE_UNIT,0.63
SURV_03155,,2025-04-28 04:01:31,LOCATION_0163,divya bhatt,VEHICLE_00633,An individual resembling divya bhatt was observed in the vicinity of LOCATION_0163.,FIELD_SURVEILLANCE_UNIT,0.84
SURV_03156,,2024-12-10 17:19:04,LOCATION_0073,SIMRAN AGARWAL,VEHICLE_00502,An individual resembling SIMRAN AGARWAL was observed in the vicinity of LOCATION_0073.,FIELD_SURVEILLANCE_UNIT,0.69
SURV_03157,,2025-02-15 13:30:02,LOCATION_0090,Aman Verma,VEHICLE_00214,Aman Verma was observed near LOCATION_0090; no unusual activity reported.,FIELD_SURVEILLANCE_UNIT,0.87
SURV_03158,,2024-12-14 12:26:09,LOCATION_0102,Pankaj Agarwal,,Pankaj Agarwal was observed near LOCATION_0102; no unusual activity reported.,FIELD_SURVEILLANCE_UNIT,0.64
SURV_03159,,2025-08-30 09:30:17,LOCATION_0278,Priya Rathore,VEHICLE_00318,Priya Rathore was observed near LOCATION_0278; no unusual activity reported.,FIELD_SURVEILLANCE_UNIT,0.84
SURV_03160,,2024-04-11 16:53:25,LOCATION_0221,Neha Agarwal,VEHICLE_00691,Neha Agarwal was observed near LOCATION_0221; no unusual activity reported.,FIELD_SURVEILLANCE_UNIT,0.6
SURV_03161,,2024-02-07 23:29:41,LOCATION_0029,Sonia Gupta,VEHICLE_00651,Sonia Gupta was observed near LOCATION_0029; no unusual activity reported.,FIELD_SURVEILLANCE_UNIT,0.59
SURV_03162,,2025-06-11 03:30:13,LOCATION_0048,Isha Gupta,VEHICLE_00606,Isha Gupta was observed near LOCATION_0048; no unusual activity reported.,FIELD_SURVEILLANCE_UNIT,0.66
SURV_03163,,2026-06-21 15:46:52,LOCATION_0073,Anjali Naidu,,Anjali Naidu was observed near LOCATION_0073; no unusual activity reported.,FIELD_SURVEILLANCE_UNIT,0.82
SURV_03164,,2026-05-14 07:10:53,LOCATION_0238,N. Pandey,VEHICLE_00669,An individual resembling N. Pandey was observed in the vicinity of LOCATION_0238.,FIELD_SURVEILLANCE_UNIT,0.85
SURV_03165,,2026-03-29 07:20:09,LOCATION_0144,Rohit Mishra,VEHICLE_00253,Rohit Mishra was observed near LOCATION_0144; no unusual activity reported.,FIELD_SURVEILLANCE_UNIT,0.78
SURV_03166,,2024-08-17 20:17:07,LOCATION_0149,Nikhil Gupta,,Nikhil Gupta was observed near LOCATION_0149; no unusual activity reported.,FIELD_SURVEILLANCE_UNIT,0.71
SURV_03167,,2024-01-19 22:11:37,LOCATION_0022,Sanjay Reddy,VEHICLE_00678,An individual resembling Sanjay Reddy was observed in the vicinity of LOCATION_0022.,FIELD_SURVEILLANCE_UNIT,0.85
SURV_03168,,2025-02-16 04:12:54,LOCATION_0136,Pankaj Reddy,,Pankaj Reddy was observed near LOCATION_0136; no unusual activity reported.,FIELD_SURVEILLANCE_UNIT,0.89
SURV_03169,,2025-03-20 10:45:11,LOCATION_0165,Karan Gupta,,Karan Gupta was observed near LOCATION_0165; no unusual activity reported.,FIELD_SURVEILLANCE_UNIT,0.6
SURV_03170,,2026-02-13 22:01:35,LOCATION_0053,Yash Agarwal,,Yash Agarwal was observed near LOCATION_0053; no unusual activity reported.,FIELD_SURVEILLANCE_UNIT,0.69
SURV_03171,,2026-04-29 18:24:29,LOCATION_0173,Deepika Reddy,,Deepika Reddy was observed near LOCATION_0173; no unusual activity reported.,FIELD_SURVEILLANCE_UNIT,0.62
SURV_03172,,2025-12-05 00:07:37,LOCATION_0126,HarishGupta,VEHICLE_00120,An individual resembling HarishGupta was observed in the vicinity of LOCATION_0126.,FIELD_SURVEILLANCE_UNIT,0.74
SURV_03173,,2025-07-31 09:52:49,LOCATION_0251,M. Joshi,VEHICLE_00301,An individual resembling M. Joshi was observed in the vicinity of LOCATION_0251.,FIELD_SURVEILLANCE_UNIT,0.7
SURV_03174,,2025-02-14 01:47:18,LOCATION_0098,Anil Singh,VEHICLE_00716,Anil Singh was observed near LOCATION_0098; no unusual activity reported.,FIELD_SURVEILLANCE_UNIT,0.88
SURV_03175,,2025-11-10 03:35:57,LOCATION_0271,Arjun C.,VEHICLE_00557,An individual resembling Arjun C. was observed in the vicinity of LOCATION_0271.,FIELD_SURVEILLANCE_UNIT,0.83
SURV_03176,,2024-11-06 13:39:59,LOCATION_0134,Nisha Singh,VEHICLE_00240,Nisha Singh was observed near LOCATION_0134; no unusual activity reported.,FIELD_SURVEILLANCE_UNIT,0.64
SURV_03177,,2025-05-05 00:20:18,LOCATION_0266,N. Kapoor,,An individual resembling N. Kapoor was observed in the vicinity of LOCATION_0266.,FIELD_SURVEILLANCE_UNIT,0.9
SURV_03178,,2025-08-24 08:56:13,LOCATION_0034,Rahul N.,VEHICLE_00209,An individual resembling Rahul N. was observed in the vicinity of LOCATION_0034.,FIELD_SURVEILLANCE_UNIT,0.79
SURV_03179,,2024-06-09 08:35:16,LOCATION_0124,SANJAY TIWARI,,An individual resembling SANJAY TIWARI was observed in the vicinity of LOCATION_0124.,FIELD_SURVEILLANCE_UNIT,0.71
SURV_03180,,2025-11-25 09:08:17,LOCATION_0280,Sonia Verma,,An individual resembling Sonia Verma was observed in the vicinity of LOCATION_0280.,FIELD_SURVEILLANCE_UNIT,0.65
SURV_03181,,2025-11-30 23:44:05,LOCATION_0001,Manju K.,VEHICLE_00607,An individual resembling Manju K. was observed in the vicinity of LOCATION_0001.,FIELD_SURVEILLANCE_UNIT,0.79
SURV_03182,,2025-03-17 20:58:31,LOCATION_0150,A. Reddy,,An individual resembling A. Reddy was observed in the vicinity of LOCATION_0150.,FIELD_SURVEILLANCE_UNIT,0.73
SURV_03183,,2025-12-19 00:15:54,LOCATION_0171,Harish Sharma,VEHICLE_00397,Harish Sharma was observed near LOCATION_0171; no unusual activity reported.,FIELD_SURVEILLANCE_UNIT,0.68
SURV_03184,,2025-07-25 21:07:23,LOCATION_0253,Alka S.,VEHICLE_00061,An individual resembling Alka S. was observed in the vicinity of LOCATION_0253.,FIELD_SURVEILLANCE_UNIT,0.68
SURV_03185,,2026-04-18 04:41:51,LOCATION_0156,S. Saxena,VEHICLE_00343,An individual resembling S. Saxena was observed in the vicinity of LOCATION_0156.,FIELD_SURVEILLANCE_UNIT,0.73
SURV_03186,,2024-06-21 10:15:23,LOCATION_0210,Simran Gupta,,Simran Gupta was observed near LOCATION_0210; no unusual activity reported.,FIELD_SURVEILLANCE_UNIT,0.88
SURV_03187,,2026-04-02 15:16:43,LOCATION_0266,naveen bansal,VEHICLE_00735,An individual resembling naveen bansal was observed in the vicinity of LOCATION_0266.,FIELD_SURVEILLANCE_UNIT,0.85
SURV_03188,,2025-12-06 01:02:50,LOCATION_0047,Amit Agarwal,VEHICLE_00683,Amit Agarwal was observed near LOCATION_0047; no unusual activity reported.,FIELD_SURVEILLANCE_UNIT,0.74
SURV_03189,,2024-11-04 01:34:01,LOCATION_0164,Rekha Nair,VEHICLE_00429,Rekha Nair was observed near LOCATION_0164; no unusual activity reported.,FIELD_SURVEILLANCE_UNIT,0.8
SURV_03190,,2024-08-08 06:53:36,LOCATION_0156,Sonia Chauhan,,Sonia Chauhan was observed near LOCATION_0156; no unusual activity reported.,FIELD_SURVEILLANCE_UNIT,0.58
SURV_03191,,2026-02-24 18:29:06,LOCATION_0237,AlkaChoudhary,VEHICLE_00392,An individual resembling AlkaChoudhary was observed in the vicinity of LOCATION_0237.,FIELD_SURVEILLANCE_UNIT,0.82
SURV_03192,,2025-08-21 00:46:17,LOCATION_0178,PoojaMalhotra,,An individual resembling PoojaMalhotra was observed in the vicinity of LOCATION_0178.,FIELD_SURVEILLANCE_UNIT,0.69
SURV_03193,,2025-01-03 23:51:59,LOCATION_0048,MeenaKapoor,VEHICLE_00137,An individual resembling MeenaKapoor was observed in the vicinity of LOCATION_0048.,FIELD_SURVEILLANCE_UNIT,0.67
SURV_03194,,2024-12-20 16:55:08,LOCATION_0020,Anil Iyer,VEHICLE_00513,Anil Iyer was observed near LOCATION_0020; no unusual activity reported.,FIELD_SURVEILLANCE_UNIT,0.72
SURV_03195,,2024-03-03 10:18:44,LOCATION_0013,Geeta I.,,An individual resembling Geeta I. was observed in the vicinity of LOCATION_0013.,FIELD_SURVEILLANCE_UNIT,0.63
SURV_03196,,2024-09-04 09:43:32,LOCATION_0234,nisha kulkarni,,An individual resembling nisha kulkarni was observed in the vicinity of LOCATION_0234.,FIELD_SURVEILLANCE_UNIT,0.87
SURV_03197,,2025-10-21 20:23:42,LOCATION_0031,Kavita Malhotra,VEHICLE_00299,Kavita Malhotra was observed near LOCATION_0031; no unusual activity reported.,FIELD_SURVEILLANCE_UNIT,0.59
SURV_03198,,2025-07-16 01:39:45,LOCATION_0227,AnjaliBansal,,An individual resembling AnjaliBansal was observed in the vicinity of LOCATION_0227.,FIELD_SURVEILLANCE_UNIT,0.62
SURV_03199,,2025-06-29 17:53:15,LOCATION_0132,Ashok Bansal,VEHICLE_00364,Ashok Bansal was observed near LOCATION_0132; no unusual activity reported.,FIELD_SURVEILLANCE_UNIT,0.74
SURV_03200,,2026-06-17 13:24:10,LOCATION_0291,Swati Bhatt,,Swati Bhatt was observed near LOCATION_0291; no unusual activity reported.,FIELD_SURVEILLANCE_UNIT,0.59
SURV_03201,,2026-05-14 04:47:12,LOCATION_0134,Priya Rathore,,Priya Rathore was observed near LOCATION_0134; no unusual activity reported.,FIELD_SURVEILLANCE_UNIT,0.65
SURV_03202,,2025-08-03 03:03:17,LOCATION_0028,Arjun Meena,VEHICLE_00609,Arjun Meena was observed near LOCATION_0028; no unusual activity reported.,FIELD_SURVEILLANCE_UNIT,0.9
SURV_03203,,2025-10-29 20:11:01,LOCATION_0013,Geeta I.,,An individual resembling Geeta I. was observed in the vicinity of LOCATION_0013.,FIELD_SURVEILLANCE_UNIT,0.66
SURV_03204,,2025-03-13 13:09:28,LOCATION_0118,Kirti Choudhary,,Kirti Choudhary was observed near LOCATION_0118; no unusual activity reported.,FIELD_SURVEILLANCE_UNIT,0.75
SURV_03205,,2025-09-05 09:38:17,LOCATION_0124,Shalini Saxena,,Shalini Saxena was observed near LOCATION_0124; no unusual activity reported.,FIELD_SURVEILLANCE_UNIT,0.78
SURV_03206,,2026-03-15 02:56:28,LOCATION_0024,Meena Pandey,,Meena Pandey was observed near LOCATION_0024; no unusual activity reported.,FIELD_SURVEILLANCE_UNIT,0.71
SURV_03207,,2025-11-28 16:55:38,LOCATION_0044,Anita Rathore,,Anita Rathore was observed near LOCATION_0044; no unusual activity reported.,FIELD_SURVEILLANCE_UNIT,0.88
SURV_03208,,2024-11-09 09:18:40,LOCATION_0225,SANJAY CHAUHAN,VEHICLE_00664,An individual resembling SANJAY CHAUHAN was observed in the vicinity of LOCATION_0225.,FIELD_SURVEILLANCE_UNIT,0.75
SURV_03209,,2025-06-25 21:07:34,LOCATION_0167,Meena Bansal,VEHICLE_00078,An individual resembling Meena Bansal was observed in the vicinity of LOCATION_0167.,FIELD_SURVEILLANCE_UNIT,0.57
SURV_03210,,2024-02-10 01:25:49,LOCATION_0251,ravi chauhan,,An individual resembling ravi chauhan was observed in the vicinity of LOCATION_0251.,FIELD_SURVEILLANCE_UNIT,0.88
SURV_03211,,2024-02-20 11:49:26,LOCATION_0215,RekhaBhatt,VEHICLE_00704,An individual resembling RekhaBhatt was observed in the vicinity of LOCATION_0215.,FIELD_SURVEILLANCE_UNIT,0.62
SURV_03212,,2024-05-11 20:34:55,LOCATION_0235,RituBansal,,An individual resembling RituBansal was observed in the vicinity of LOCATION_0235.,FIELD_SURVEILLANCE_UNIT,0.6
SURV_03213,,2025-07-25 00:09:29,LOCATION_0225,Meena Choudhary,VEHICLE_00251,Meena Choudhary was observed near LOCATION_0225; no unusual activity reported.,FIELD_SURVEILLANCE_UNIT,0.76
SURV_03214,,2025-02-11 01:59:17,LOCATION_0008,Pankaj Choudhary,VEHICLE_00110,Pankaj Choudhary was observed near LOCATION_0008; no unusual activity reported.,FIELD_SURVEILLANCE_UNIT,0.58
SURV_03215,,2024-09-30 15:05:54,LOCATION_0294,tanvi pandey,VEHICLE_00574,An individual resembling tanvi pandey was observed in the vicinity of LOCATION_0294.,FIELD_SURVEILLANCE_UNIT,0.72
SURV_03216,,2025-04-03 09:37:52,LOCATION_0010,Isha Singh,VEHICLE_00681,Isha Singh was observed near LOCATION_0010; no unusual activity reported.,FIELD_SURVEILLANCE_UNIT,0.62
SURV_03217,,2025-06-10 23:14:59,LOCATION_0146,Rohit C.,VEHICLE_00048,An individual resembling Rohit C. was observed in the vicinity of LOCATION_0146.,FIELD_SURVEILLANCE_UNIT,0.58
SURV_03218,,2026-04-24 06:35:51,LOCATION_0111,KAVITA NAIDU,VEHICLE_00718,An individual resembling KAVITA NAIDU was observed in the vicinity of LOCATION_0111.,FIELD_SURVEILLANCE_UNIT,0.74
SURV_03219,,2025-08-13 02:44:34,LOCATION_0006,Priya Choudhary,,Priya Choudhary was observed near LOCATION_0006; no unusual activity reported.,FIELD_SURVEILLANCE_UNIT,0.68
SURV_03220,,2024-09-18 17:02:03,LOCATION_0065,Sanjay Chauhan,VEHICLE_00664,Sanjay Chauhan was observed near LOCATION_0065; no unusual activity reported.,FIELD_SURVEILLANCE_UNIT,0.86
SURV_03221,,2025-09-18 14:08:57,LOCATION_0269,SIMRAN IYER,VEHICLE_00355,An individual resembling SIMRAN IYER was observed in the vicinity of LOCATION_0269.,FIELD_SURVEILLANCE_UNIT,0.71
SURV_03222,,2025-12-03 14:05:17,LOCATION_0041,Sunita Iyer,VEHICLE_00230,An individual resembling Sunita Iyer was observed in the vicinity of LOCATION_0041.,FIELD_SURVEILLANCE_UNIT,0.79
SURV_03223,,2024-04-18 19:46:45,LOCATION_0209,Ravi Rathore,VEHICLE_00304,Ravi Rathore was observed near LOCATION_0209; no unusual activity reported.,FIELD_SURVEILLANCE_UNIT,0.62
SURV_03224,,2024-10-06 21:02:19,LOCATION_0045,T. Tiwari,VEHICLE_00455,An individual resembling T. Tiwari was observed in the vicinity of LOCATION_0045.,FIELD_SURVEILLANCE_UNIT,0.7
SURV_03225,,2024-10-16 18:47:54,LOCATION_0265,Sanjay Chauhan,VEHICLE_00664,Sanjay Chauhan was observed near LOCATION_0265; no unusual activity reported.,FIELD_SURVEILLANCE_UNIT,0.71
SURV_03226,,2025-08-14 19:49:33,LOCATION_0058,Priya Nair,,Priya Nair was observed near LOCATION_0058; no unusual activity reported.,FIELD_SURVEILLANCE_UNIT,0.83
SURV_03227,,2025-08-25 20:54:24,LOCATION_0047,Suresh Iyer,,An individual resembling Suresh Iyer was observed in the vicinity of LOCATION_0047.,FIELD_SURVEILLANCE_UNIT,0.66
SURV_03228,,2026-01-21 02:06:52,LOCATION_0199,Mohit Choudhary,,An individual resembling Mohit Choudhary was observed in the vicinity of LOCATION_0199.,FIELD_SURVEILLANCE_UNIT,0.64
SURV_03229,,2024-10-07 12:53:18,LOCATION_0222,Arjun Kapoor,VEHICLE_00022,Arjun Kapoor was observed near LOCATION_0222; no unusual activity reported.,FIELD_SURVEILLANCE_UNIT,0.85
SURV_03230,,2025-04-04 23:17:53,LOCATION_0210,Arjun Singh,,An individual resembling Arjun Singh was observed in the vicinity of LOCATION_0210.,FIELD_SURVEILLANCE_UNIT,0.56
SURV_03231,,2025-11-04 11:02:20,LOCATION_0099,Divya Rathore,VEHICLE_00107,An individual resembling Divya Rathore was observed in the vicinity of LOCATION_0099.,FIELD_SURVEILLANCE_UNIT,0.84
SURV_03232,,2025-05-06 21:50:24,LOCATION_0184,Amit Kapoor,VEHICLE_00372,Amit Kapoor was observed near LOCATION_0184; no unusual activity reported.,FIELD_SURVEILLANCE_UNIT,0.65
SURV_03233,,2025-05-16 09:46:52,LOCATION_0177,Pankaj Malhotra,,Pankaj Malhotra was observed near LOCATION_0177; no unusual activity reported.,FIELD_SURVEILLANCE_UNIT,0.72
SURV_03234,,2026-03-13 08:18:53,LOCATION_0239,A. Agarwal,,An individual resembling A. Agarwal was observed in the vicinity of LOCATION_0239.,FIELD_SURVEILLANCE_UNIT,0.8
SURV_03235,,2025-08-11 03:31:17,LOCATION_0075,Rekha Singh,,Rekha Singh was observed near LOCATION_0075; no unusual activity reported.,FIELD_SURVEILLANCE_UNIT,0.8
SURV_03236,,2026-02-07 05:22:18,LOCATION_0087,PREETI REDDY,VEHICLE_00032,An individual resembling PREETI REDDY was observed in the vicinity of LOCATION_0087.,FIELD_SURVEILLANCE_UNIT,0.81
SURV_03237,,2025-08-20 14:10:28,LOCATION_0283,RAJESH REDDY,,An individual resembling RAJESH REDDY was observed in the vicinity of LOCATION_0283.,FIELD_SURVEILLANCE_UNIT,0.58
SURV_03238,,2026-03-02 04:12:11,LOCATION_0288,Anil Saxena,,Anil Saxena was observed near LOCATION_0288; no unusual activity reported.,FIELD_SURVEILLANCE_UNIT,0.82
SURV_03239,,2026-01-07 06:38:41,LOCATION_0055,Aman Reddy,VEHICLE_00736,Aman Reddy was observed near LOCATION_0055; no unusual activity reported.,FIELD_SURVEILLANCE_UNIT,0.71
SURV_03240,,2024-11-25 10:59:12,LOCATION_0017,N. Bhatt,,An individual resembling N. Bhatt was observed in the vicinity of LOCATION_0017.,FIELD_SURVEILLANCE_UNIT,0.64
SURV_03241,,2026-06-16 19:14:26,LOCATION_0089,PREETI MISHRA,VEHICLE_00688,An individual resembling PREETI MISHRA was observed in the vicinity of LOCATION_0089.,FIELD_SURVEILLANCE_UNIT,0.67
SURV_03242,,2025-10-10 15:21:42,LOCATION_0136,Meena Naidu,,Meena Naidu was observed near LOCATION_0136; no unusual activity reported.,FIELD_SURVEILLANCE_UNIT,0.72
SURV_03243,,2024-08-25 20:27:09,LOCATION_0147,Nisha Chauhan,VEHICLE_00145,Nisha Chauhan was observed near LOCATION_0147; no unusual activity reported.,FIELD_SURVEILLANCE_UNIT,0.57
SURV_03244,,2025-12-16 20:09:37,LOCATION_0011,POOJA BANSAL,VEHICLE_00593,An individual resembling POOJA BANSAL was observed in the vicinity of LOCATION_0011.,FIELD_SURVEILLANCE_UNIT,0.57
SURV_03245,,2024-12-18 20:36:23,LOCATION_0193,AmitKapoor,,An individual resembling AmitKapoor was observed in the vicinity of LOCATION_0193.,FIELD_SURVEILLANCE_UNIT,0.9
SURV_03246,,2024-06-04 23:20:48,LOCATION_0040,Simran Malhotra,VEHICLE_00689,Simran Malhotra was observed near LOCATION_0040; no unusual activity reported.,FIELD_SURVEILLANCE_UNIT,0.56
SURV_03247,,2025-12-23 16:03:52,LOCATION_0093,KIRTI GUPTA,VEHICLE_00057,An individual resembling KIRTI GUPTA was observed in the vicinity of LOCATION_0093.,FIELD_SURVEILLANCE_UNIT,0.9
SURV_03248,,2024-01-03 21:23:12,LOCATION_0110,M. Agarwal,,An individual resembling M. Agarwal was observed in the vicinity of LOCATION_0110.,FIELD_SURVEILLANCE_UNIT,0.86
SURV_03249,,2025-07-06 16:39:57,LOCATION_0099,Mohit Tiwari,VEHICLE_00047,Mohit Tiwari was observed near LOCATION_0099; no unusual activity reported.,FIELD_SURVEILLANCE_UNIT,0.61
SURV_03250,,2025-01-24 00:54:10,LOCATION_0127,Swati Kulkarni,VEHICLE_00050,Swati Kulkarni was observed near LOCATION_0127; no unusual activity reported.,FIELD_SURVEILLANCE_UNIT,0.76
SURV_03251,,2024-11-10 08:14:32,LOCATION_0113,kirti rathore,,An individual resembling kirti rathore was observed in the vicinity of LOCATION_0113.,FIELD_SURVEILLANCE_UNIT,0.59
SURV_03252,,2024-09-20 17:53:51,LOCATION_0105,pooja meena,,An individual resembling pooja meena was observed in the vicinity of LOCATION_0105.,FIELD_SURVEILLANCE_UNIT,0.79
SURV_03253,,2024-06-07 15:16:03,LOCATION_0047,Vivek Gupta,,Vivek Gupta was observed near LOCATION_0047; no unusual activity reported.,FIELD_SURVEILLANCE_UNIT,0.85
SURV_03254,,2024-02-27 02:30:26,LOCATION_0221,Rohit Saxena,VEHICLE_00449,Rohit Saxena was observed near LOCATION_0221; no unusual activity reported.,FIELD_SURVEILLANCE_UNIT,0.72
SURV_03255,,2025-09-29 15:18:52,LOCATION_0271,Harish Gupta,VEHICLE_00217,Harish Gupta was observed near LOCATION_0271; no unusual activity reported.,FIELD_SURVEILLANCE_UNIT,0.89
SURV_03256,,2024-10-06 03:38:16,LOCATION_0294,rahul iyer,,An individual resembling rahul iyer was observed in the vicinity of LOCATION_0294.,FIELD_SURVEILLANCE_UNIT,0.6
SURV_03257,,2024-12-24 06:15:34,LOCATION_0089,R. Tiwari,VEHICLE_00579,An individual resembling R. Tiwari was observed in the vicinity of LOCATION_0089.,FIELD_SURVEILLANCE_UNIT,0.66
SURV_03258,,2024-04-26 23:12:35,LOCATION_0180,vivek tiwari,,An individual resembling vivek tiwari was observed in the vicinity of LOCATION_0180.,FIELD_SURVEILLANCE_UNIT,0.73
SURV_03259,,2024-10-28 16:17:35,LOCATION_0162,S. Gupta,,An individual resembling S. Gupta was observed in the vicinity of LOCATION_0162.,FIELD_SURVEILLANCE_UNIT,0.76
SURV_03260,,2025-06-12 09:12:19,LOCATION_0140,P. Gupta,,An individual resembling P. Gupta was observed in the vicinity of LOCATION_0140.,FIELD_SURVEILLANCE_UNIT,0.68
SURV_03261,,2026-03-29 05:54:30,LOCATION_0292,P. Mishra,,An individual resembling P. Mishra was observed in the vicinity of LOCATION_0292.,FIELD_SURVEILLANCE_UNIT,0.57
SURV_03262,,2025-12-17 00:24:33,LOCATION_0275,Vivek Choudhary,,Vivek Choudhary was observed near LOCATION_0275; no unusual activity reported.,FIELD_SURVEILLANCE_UNIT,0.6
SURV_03263,,2025-07-20 13:57:04,LOCATION_0153,Vivek G.,VEHICLE_00072,An individual resembling Vivek G. was observed in the vicinity of LOCATION_0153.,FIELD_SURVEILLANCE_UNIT,0.73
SURV_03264,,2025-06-20 15:19:54,LOCATION_0055,Manju R.,VEHICLE_00745,An individual resembling Manju R. was observed in the vicinity of LOCATION_0055.,FIELD_SURVEILLANCE_UNIT,0.84
SURV_03265,,2024-07-14 05:59:37,LOCATION_0106,Isha Singh,,Isha Singh was observed near LOCATION_0106; no unusual activity reported.,FIELD_SURVEILLANCE_UNIT,0.6
SURV_03266,,2026-01-05 00:29:37,LOCATION_0162,RahulMalhotra,VEHICLE_00344,An individual resembling RahulMalhotra was observed in the vicinity of LOCATION_0162.,FIELD_SURVEILLANCE_UNIT,0.56
SURV_03267,,2025-05-13 12:16:29,LOCATION_0100,Harish Bansal,VEHICLE_00705,Harish Bansal was observed near LOCATION_0100; no unusual activity reported.,FIELD_SURVEILLANCE_UNIT,0.61
SURV_03268,,2024-04-16 15:18:05,LOCATION_0026,Sunita Saxena,VEHICLE_00340,Sunita Saxena was observed near LOCATION_0026; no unusual activity reported.,FIELD_SURVEILLANCE_UNIT,0.56
SURV_03269,,2025-05-07 08:43:34,LOCATION_0164,H. Choudhary,VEHICLE_00419,An individual resembling H. Choudhary was observed in the vicinity of LOCATION_0164.,FIELD_SURVEILLANCE_UNIT,0.57
SURV_03270,,2024-04-07 06:03:12,LOCATION_0062,Rahul Malhotra,VEHICLE_00344,Rahul Malhotra was observed near LOCATION_0062; no unusual activity reported.,FIELD_SURVEILLANCE_UNIT,0.89
SURV_03271,,2025-09-15 17:10:34,LOCATION_0085,Shalini Rathore,VEHICLE_00571,Shalini Rathore was observed near LOCATION_0085; no unusual activity reported.,FIELD_SURVEILLANCE_UNIT,0.78
SURV_03272,,2025-06-27 14:52:09,LOCATION_0166,rahul reddy,,An individual resembling rahul reddy was observed in the vicinity of LOCATION_0166.,FIELD_SURVEILLANCE_UNIT,0.63
SURV_03273,,2025-12-29 18:46:43,LOCATION_0179,Priya Singh,VEHICLE_00059,Priya Singh was observed near LOCATION_0179; no unusual activity reported.,FIELD_SURVEILLANCE_UNIT,0.86
SURV_03274,,2025-07-05 05:35:28,LOCATION_0105,Manoj Pandey,VEHICLE_00285,An individual resembling Manoj Pandey was observed in the vicinity of LOCATION_0105.,FIELD_SURVEILLANCE_UNIT,0.65
SURV_03275,,2025-07-25 18:20:48,LOCATION_0134,nisha saxena,,An individual resembling nisha saxena was observed in the vicinity of LOCATION_0134.,FIELD_SURVEILLANCE_UNIT,0.83
SURV_03276,,2026-03-23 23:01:16,LOCATION_0210,Sunita Saxena,VEHICLE_00007,Sunita Saxena was observed near LOCATION_0210; no unusual activity reported.,FIELD_SURVEILLANCE_UNIT,0.75
SURV_03277,,2024-03-09 03:05:13,LOCATION_0287,Vivek Gupta,,Vivek Gupta was observed near LOCATION_0287; no unusual activity reported.,FIELD_SURVEILLANCE_UNIT,0.86
SURV_03278,,2024-03-30 07:17:55,LOCATION_0040,Deepika Tiwari,VEHICLE_00388,Deepika Tiwari was observed near LOCATION_0040; no unusual activity reported.,FIELD_SURVEILLANCE_UNIT,0.74
SURV_03279,,2024-05-27 04:10:52,LOCATION_0252,Ravi Gupta,VEHICLE_00058,Ravi Gupta was observed near LOCATION_0252; no unusual activity reported.,FIELD_SURVEILLANCE_UNIT,0.63
SURV_03280,,2025-04-18 04:30:39,LOCATION_0099,Shalini Choudhary,VEHICLE_00540,Shalini Choudhary was observed near LOCATION_0099; no unusual activity reported.,FIELD_SURVEILLANCE_UNIT,0.68
SURV_03281,,2026-03-01 18:20:26,LOCATION_0020,R. Sharma,VEHICLE_00310,An individual resembling R. Sharma was observed in the vicinity of LOCATION_0020.,FIELD_SURVEILLANCE_UNIT,0.87
SURV_03282,,2025-03-01 02:04:04,LOCATION_0219,RITU BANSAL,VEHICLE_00183,An individual resembling RITU BANSAL was observed in the vicinity of LOCATION_0219.,FIELD_SURVEILLANCE_UNIT,0.65
SURV_03283,,2024-12-02 13:41:02,LOCATION_0041,Rahul Bansal,,Rahul Bansal was observed near LOCATION_0041; no unusual activity reported.,FIELD_SURVEILLANCE_UNIT,0.76
SURV_03284,,2025-03-10 06:53:29,LOCATION_0157,Sanjay Singh,VEHICLE_00754,Sanjay Singh was observed near LOCATION_0157; no unusual activity reported.,FIELD_SURVEILLANCE_UNIT,0.69
SURV_03285,,2025-10-08 06:42:55,LOCATION_0030,Shalini S.,VEHICLE_00163,An individual resembling Shalini S. was observed in the vicinity of LOCATION_0030.,FIELD_SURVEILLANCE_UNIT,0.7
SURV_03286,,2025-07-03 14:04:15,LOCATION_0109,TANVI SINGH,,An individual resembling TANVI SINGH was observed in the vicinity of LOCATION_0109.,FIELD_SURVEILLANCE_UNIT,0.78
SURV_03287,,2024-05-19 08:26:37,LOCATION_0034,Ashok Gupta,,Ashok Gupta was observed near LOCATION_0034; no unusual activity reported.,FIELD_SURVEILLANCE_UNIT,0.76
SURV_03288,,2024-10-06 14:28:48,LOCATION_0106,Rekha Singh,,Rekha Singh was observed near LOCATION_0106; no unusual activity reported.,FIELD_SURVEILLANCE_UNIT,0.9
SURV_03289,,2025-06-26 08:08:36,LOCATION_0057,Vivek Gupta,,An individual resembling Vivek Gupta was observed in the vicinity of LOCATION_0057.,FIELD_SURVEILLANCE_UNIT,0.74
SURV_03290,,2026-01-17 07:01:01,LOCATION_0137,NAVEEN PANDEY,,An individual resembling NAVEEN PANDEY was observed in the vicinity of LOCATION_0137.,FIELD_SURVEILLANCE_UNIT,0.9
SURV_03291,,2025-10-11 21:38:18,LOCATION_0007,Meena Bansal,,Meena Bansal was observed near LOCATION_0007; no unusual activity reported.,FIELD_SURVEILLANCE_UNIT,0.84
SURV_03292,,2024-05-26 12:31:17,LOCATION_0092,Anita Choudhary,,Anita Choudhary was observed near LOCATION_0092; no unusual activity reported.,FIELD_SURVEILLANCE_UNIT,0.71
SURV_03293,,2025-07-18 02:41:52,LOCATION_0244,Vikram Naidu,,Vikram Naidu was observed near LOCATION_0244; no unusual activity reported.,FIELD_SURVEILLANCE_UNIT,0.59
SURV_03294,,2024-09-29 03:21:50,LOCATION_0238,Rekha Bansal,VEHICLE_00300,An individual resembling Rekha Bansal was observed in the vicinity of LOCATION_0238.,FIELD_SURVEILLANCE_UNIT,0.86
SURV_03295,,2025-08-24 06:26:24,LOCATION_0197,ashok kapoor,,An individual resembling ashok kapoor was observed in the vicinity of LOCATION_0197.,FIELD_SURVEILLANCE_UNIT,0.84
SURV_03296,,2025-05-31 02:21:38,LOCATION_0187,A. Chauhan,,An individual resembling A. Chauhan was observed in the vicinity of LOCATION_0187.,FIELD_SURVEILLANCE_UNIT,0.63
SURV_03297,,2024-06-07 13:35:51,LOCATION_0195,Arjun R.,,An individual resembling Arjun R. was observed in the vicinity of LOCATION_0195.,FIELD_SURVEILLANCE_UNIT,0.58
SURV_03298,,2026-01-04 14:24:01,LOCATION_0174,Nikhil Joshi,VEHICLE_00530,Nikhil Joshi was observed near LOCATION_0174; no unusual activity reported.,FIELD_SURVEILLANCE_UNIT,0.82
SURV_03299,,2024-08-11 17:38:56,LOCATION_0271,Yash Nair,VEHICLE_00486,Yash Nair was observed near LOCATION_0271; no unusual activity reported.,FIELD_SURVEILLANCE_UNIT,0.68
SURV_03300,,2026-04-19 20:10:35,LOCATION_0221,Sunita Kapoor,VEHICLE_00322,Sunita Kapoor was observed near LOCATION_0221; no unusual activity reported.,FIELD_SURVEILLANCE_UNIT,0.8
SURV_03301,,2024-07-30 15:49:01,LOCATION_0155,Ashok S.,VEHICLE_00010,An individual resembling Ashok S. was observed in the vicinity of LOCATION_0155.,FIELD_SURVEILLANCE_UNIT,0.87
SURV_03302,,2024-01-04 20:55:23,LOCATION_0175,A. Kapoor,,An individual resembling A. Kapoor was observed in the vicinity of LOCATION_0175.,FIELD_SURVEILLANCE_UNIT,0.77
SURV_03303,,2025-03-23 16:41:12,LOCATION_0273,YashAgarwal,,An individual resembling YashAgarwal was observed in the vicinity of LOCATION_0273.,FIELD_SURVEILLANCE_UNIT,0.71
SURV_03304,,2024-02-02 00:17:21,LOCATION_0133,YASH IYER,VEHICLE_00191,An individual resembling YASH IYER was observed in the vicinity of LOCATION_0133.,FIELD_SURVEILLANCE_UNIT,0.61
SURV_03305,,2025-12-22 04:47:19,LOCATION_0140,Divya Chauhan,VEHICLE_00278,Divya Chauhan was observed near LOCATION_0140; no unusual activity reported.,FIELD_SURVEILLANCE_UNIT,0.69
SURV_03306,,2026-05-11 18:17:06,LOCATION_0064,Amit Sharma,,Amit Sharma was observed near LOCATION_0064; no unusual activity reported.,FIELD_SURVEILLANCE_UNIT,0.63
SURV_03307,,2025-04-30 13:32:11,LOCATION_0003,H. Bansal,,An individual resembling H. Bansal was observed in the vicinity of LOCATION_0003.,FIELD_SURVEILLANCE_UNIT,0.76
SURV_03308,,2024-04-25 12:17:54,LOCATION_0230,S. Bhatt,,An individual resembling S. Bhatt was observed in the vicinity of LOCATION_0230.,FIELD_SURVEILLANCE_UNIT,0.87
SURV_03309,,2026-01-30 12:07:00,LOCATION_0092,Sandeep Mishra,VEHICLE_00442,Sandeep Mishra was observed near LOCATION_0092; no unusual activity reported.,FIELD_SURVEILLANCE_UNIT,0.68
SURV_03310,,2024-09-12 13:39:21,LOCATION_0196,Anjali S.,VEHICLE_00528,An individual resembling Anjali S. was observed in the vicinity of LOCATION_0196.,FIELD_SURVEILLANCE_UNIT,0.7
SURV_03311,,2025-03-09 22:07:47,LOCATION_0083,kirti kapoor,VEHICLE_00578,An individual resembling kirti kapoor was observed in the vicinity of LOCATION_0083.,FIELD_SURVEILLANCE_UNIT,0.86
SURV_03312,,2026-04-19 01:21:18,LOCATION_0054,ShaliniSharma,VEHICLE_00026,An individual resembling ShaliniSharma was observed in the vicinity of LOCATION_0054.,FIELD_SURVEILLANCE_UNIT,0.86
SURV_03313,,2025-08-03 08:37:15,LOCATION_0025,VIVEK NAIR,,An individual resembling VIVEK NAIR was observed in the vicinity of LOCATION_0025.,FIELD_SURVEILLANCE_UNIT,0.66
SURV_03314,,2025-07-24 02:28:28,LOCATION_0173,A. Kulkarni,VEHICLE_00077,An individual resembling A. Kulkarni was observed in the vicinity of LOCATION_0173.,FIELD_SURVEILLANCE_UNIT,0.62
SURV_03315,,2024-04-02 10:36:05,LOCATION_0288,Isha Nair,VEHICLE_00603,Isha Nair was observed near LOCATION_0288; no unusual activity reported.,FIELD_SURVEILLANCE_UNIT,0.58
SURV_03316,,2025-04-26 19:43:50,LOCATION_0228,Vivek Rathore,VEHICLE_00147,Vivek Rathore was observed near LOCATION_0228; no unusual activity reported.,FIELD_SURVEILLANCE_UNIT,0.75
SURV_03317,,2024-07-23 21:46:43,LOCATION_0206,Vikram Tiwari,,Vikram Tiwari was observed near LOCATION_0206; no unusual activity reported.,FIELD_SURVEILLANCE_UNIT,0.6
SURV_03318,,2024-02-06 12:47:54,LOCATION_0168,RekhaMeena,,An individual resembling RekhaMeena was observed in the vicinity of LOCATION_0168.,FIELD_SURVEILLANCE_UNIT,0.61
SURV_03319,,2024-10-04 08:01:22,LOCATION_0185,SANJAY CHAUHAN,VEHICLE_00664,An individual resembling SANJAY CHAUHAN was observed in the vicinity of LOCATION_0185.,FIELD_SURVEILLANCE_UNIT,0.85
SURV_03320,,2024-03-11 16:23:45,LOCATION_0151,Manju Choudhary,VEHICLE_00255,Manju Choudhary was observed near LOCATION_0151; no unusual activity reported.,FIELD_SURVEILLANCE_UNIT,0.79
SURV_03321,,2026-04-04 09:51:45,LOCATION_0170,Kavita Malhotra,,Kavita Malhotra was observed near LOCATION_0170; no unusual activity reported.,FIELD_SURVEILLANCE_UNIT,0.62
SURV_03322,,2025-01-20 13:25:45,LOCATION_0224,Meena Pandey,,Meena Pandey was observed near LOCATION_0224; no unusual activity reported.,FIELD_SURVEILLANCE_UNIT,0.61
SURV_03323,,2024-05-09 03:31:22,LOCATION_0217,Ritu Yadav,,Ritu Yadav was observed near LOCATION_0217; no unusual activity reported.,FIELD_SURVEILLANCE_UNIT,0.75
SURV_03324,,2024-10-31 10:29:58,LOCATION_0263,Manju Meena,VEHICLE_00257,Manju Meena was observed near LOCATION_0263; no unusual activity reported.,FIELD_SURVEILLANCE_UNIT,0.9
SURV_03325,,2025-07-30 11:35:38,LOCATION_0071,Gaurav Sharma,VEHICLE_00430,Gaurav Sharma was observed near LOCATION_0071; no unusual activity reported.,FIELD_SURVEILLANCE_UNIT,0.72
SURV_03326,,2026-03-14 20:07:00,LOCATION_0188,A. Reddy,VEHICLE_00638,An individual resembling A. Reddy was observed in the vicinity of LOCATION_0188.,FIELD_SURVEILLANCE_UNIT,0.61
SURV_03327,,2025-05-27 20:53:45,LOCATION_0040,SIMRAN GUPTA,,An individual resembling SIMRAN GUPTA was observed in the vicinity of LOCATION_0040.,FIELD_SURVEILLANCE_UNIT,0.77
SURV_03328,,2024-08-31 17:42:40,LOCATION_0281,Arjun C.,VEHICLE_00557,An individual resembling Arjun C. was observed in the vicinity of LOCATION_0281.,FIELD_SURVEILLANCE_UNIT,0.64
SURV_03329,,2025-10-03 21:32:19,LOCATION_0081,Ravi Verma,,Ravi Verma was observed near LOCATION_0081; no unusual activity reported.,FIELD_SURVEILLANCE_UNIT,0.71
SURV_03330,,2026-02-09 13:00:08,LOCATION_0173,Priya Choudhary,,Priya Choudhary was observed near LOCATION_0173; no unusual activity reported.,FIELD_SURVEILLANCE_UNIT,0.74
SURV_03331,,2024-04-08 11:26:04,LOCATION_0252,SoniaGupta,VEHICLE_00324,An individual resembling SoniaGupta was observed in the vicinity of LOCATION_0252.,FIELD_SURVEILLANCE_UNIT,0.8
SURV_03332,,2024-02-19 05:13:15,LOCATION_0087,SONIA AGARWAL,VEHICLE_00221,An individual resembling SONIA AGARWAL was observed in the vicinity of LOCATION_0087.,FIELD_SURVEILLANCE_UNIT,0.77
SURV_03333,,2024-11-08 02:23:27,LOCATION_0285,K. Tiwari,VEHICLE_00693,An individual resembling K. Tiwari was observed in the vicinity of LOCATION_0285.,FIELD_SURVEILLANCE_UNIT,0.66
SURV_03334,,2024-03-28 03:21:45,LOCATION_0299,Nikhil Gupta,,Nikhil Gupta was observed near LOCATION_0299; no unusual activity reported.,FIELD_SURVEILLANCE_UNIT,0.86
SURV_03335,,2024-01-10 18:57:32,LOCATION_0230,Suresh Reddy,VEHICLE_00659,Suresh Reddy was observed near LOCATION_0230; no unusual activity reported.,FIELD_SURVEILLANCE_UNIT,0.61
SURV_03336,,2024-03-30 00:49:35,LOCATION_0073,Pankaj Tiwari,VEHICLE_00229,Pankaj Tiwari was observed near LOCATION_0073; no unusual activity reported.,FIELD_SURVEILLANCE_UNIT,0.61
SURV_03337,,2024-01-10 15:45:26,LOCATION_0253,Alka Reddy,VEHICLE_00320,Alka Reddy was observed near LOCATION_0253; no unusual activity reported.,FIELD_SURVEILLANCE_UNIT,0.86
SURV_03338,,2026-01-18 09:21:30,LOCATION_0111,HARISH GUPTA,VEHICLE_00217,An individual resembling HARISH GUPTA was observed in the vicinity of LOCATION_0111.,FIELD_SURVEILLANCE_UNIT,0.73
SURV_03339,,2025-04-04 20:08:02,LOCATION_0179,sonia choudhary,,An individual resembling sonia choudhary was observed in the vicinity of LOCATION_0179.,FIELD_SURVEILLANCE_UNIT,0.68
SURV_03340,,2025-07-07 22:00:42,LOCATION_0134,A. Rathore,,An individual resembling A. Rathore was observed in the vicinity of LOCATION_0134.,FIELD_SURVEILLANCE_UNIT,0.75
SURV_03341,,2025-06-07 11:15:42,LOCATION_0186,Amit Verma,,Amit Verma was observed near LOCATION_0186; no unusual activity reported.,FIELD_SURVEILLANCE_UNIT,0.73
SURV_03342,,2024-03-28 00:10:38,LOCATION_0269,Manoj Y.,,An individual resembling Manoj Y. was observed in the vicinity of LOCATION_0269.,FIELD_SURVEILLANCE_UNIT,0.63
SURV_03343,,2025-05-07 10:14:37,LOCATION_0265,Rahul Choudhary,,Rahul Choudhary was observed near LOCATION_0265; no unusual activity reported.,FIELD_SURVEILLANCE_UNIT,0.66
SURV_03344,,2025-04-11 14:35:20,LOCATION_0004,pankaj iyer,VEHICLE_00567,An individual resembling pankaj iyer was observed in the vicinity of LOCATION_0004.,FIELD_SURVEILLANCE_UNIT,0.58
SURV_03345,,2025-02-15 19:51:21,LOCATION_0188,Priya Rathore,VEHICLE_00318,Priya Rathore was observed near LOCATION_0188; no unusual activity reported.,FIELD_SURVEILLANCE_UNIT,0.77
SURV_03346,,2024-03-03 14:21:00,LOCATION_0090,KAVITA BHATT,VEHICLE_00500,An individual resembling KAVITA BHATT was observed in the vicinity of LOCATION_0090.,FIELD_SURVEILLANCE_UNIT,0.83
SURV_03347,,2025-05-23 23:16:18,LOCATION_0078,K. Bansal,,An individual resembling K. Bansal was observed in the vicinity of LOCATION_0078.,FIELD_SURVEILLANCE_UNIT,0.84
SURV_03348,,2025-09-19 04:17:06,LOCATION_0084,Sanjay Tiwari,,Sanjay Tiwari was observed near LOCATION_0084; no unusual activity reported.,FIELD_SURVEILLANCE_UNIT,0.84
SURV_03349,,2025-06-25 09:20:28,LOCATION_0036,Anita Malhotra,,Anita Malhotra was observed near LOCATION_0036; no unusual activity reported.,FIELD_SURVEILLANCE_UNIT,0.56
SURV_03350,,2025-08-09 05:45:41,LOCATION_0029,Isha Saxena,,Isha Saxena was observed near LOCATION_0029; no unusual activity reported.,FIELD_SURVEILLANCE_UNIT,0.61
SURV_03351,,2025-06-26 22:45:05,LOCATION_0048,Sanjay T.,,An individual resembling Sanjay T. was observed in the vicinity of LOCATION_0048.,FIELD_SURVEILLANCE_UNIT,0.69
SURV_03352,,2024-03-24 14:58:19,LOCATION_0282,Anil Chauhan,VEHICLE_00223,Anil Chauhan was observed near LOCATION_0282; no unusual activity reported.,FIELD_SURVEILLANCE_UNIT,0.77
SURV_03353,,2025-02-18 01:59:09,LOCATION_0274,Kavita Chauhan,,Kavita Chauhan was observed near LOCATION_0274; no unusual activity reported.,FIELD_SURVEILLANCE_UNIT,0.81
SURV_03354,,2025-11-12 01:13:37,LOCATION_0109,A. Agarwal,,An individual resembling A. Agarwal was observed in the vicinity of LOCATION_0109.,FIELD_SURVEILLANCE_UNIT,0.81
SURV_03355,,2026-01-12 13:34:34,LOCATION_0259,Aman Yadav,VEHICLE_00348,An individual resembling Aman Yadav was observed in the vicinity of LOCATION_0259.,FIELD_SURVEILLANCE_UNIT,0.86
SURV_03356,,2025-10-12 14:59:14,LOCATION_0271,Aman Yadav,VEHICLE_00667,Aman Yadav was observed near LOCATION_0271; no unusual activity reported.,FIELD_SURVEILLANCE_UNIT,0.64
SURV_03357,,2026-01-14 20:52:50,LOCATION_0024,Arjun Singh,,Arjun Singh was observed near LOCATION_0024; no unusual activity reported.,FIELD_SURVEILLANCE_UNIT,0.87
SURV_03358,,2025-11-05 12:48:36,LOCATION_0018,Nikhil Pandey,VEHICLE_00669,Nikhil Pandey was observed near LOCATION_0018; no unusual activity reported.,FIELD_SURVEILLANCE_UNIT,0.76
SURV_03359,,2024-01-28 10:03:59,LOCATION_0096,Anita Saxena,,An individual resembling Anita Saxena was observed in the vicinity of LOCATION_0096.,FIELD_SURVEILLANCE_UNIT,0.76
SURV_03360,,2025-08-09 22:28:09,LOCATION_0237,alka choudhary,VEHICLE_00392,An individual resembling alka choudhary was observed in the vicinity of LOCATION_0237.,FIELD_SURVEILLANCE_UNIT,0.73
SURV_03361,,2026-04-28 04:19:13,LOCATION_0220,S. Bhatt,,An individual resembling S. Bhatt was observed in the vicinity of LOCATION_0220.,FIELD_SURVEILLANCE_UNIT,0.79
SURV_03362,,2025-06-09 07:58:12,LOCATION_0025,MANOJ IYER,VEHICLE_00155,An individual resembling MANOJ IYER was observed in the vicinity of LOCATION_0025.,FIELD_SURVEILLANCE_UNIT,0.71
SURV_03363,,2025-11-26 01:49:34,LOCATION_0028,Tanvi Pandey,VEHICLE_00053,Tanvi Pandey was observed near LOCATION_0028; no unusual activity reported.,FIELD_SURVEILLANCE_UNIT,0.8
SURV_03364,,2025-10-09 15:22:17,LOCATION_0123,Naveen Pandey,VEHICLE_00722,Naveen Pandey was observed near LOCATION_0123; no unusual activity reported.,FIELD_SURVEILLANCE_UNIT,0.6
SURV_03365,,2026-05-04 21:06:24,LOCATION_0103,Deepak S.,,An individual resembling Deepak S. was observed in the vicinity of LOCATION_0103.,FIELD_SURVEILLANCE_UNIT,0.61
SURV_03366,,2026-03-28 00:53:55,LOCATION_0100,Anil Iyer,VEHICLE_00513,Anil Iyer was observed near LOCATION_0100; no unusual activity reported.,FIELD_SURVEILLANCE_UNIT,0.7
SURV_03367,,2026-01-01 21:04:23,LOCATION_0268,Amit Choudhary,,An individual resembling Amit Choudhary was observed in the vicinity of LOCATION_0268.,FIELD_SURVEILLANCE_UNIT,0.7
SURV_03368,,2024-04-06 08:22:33,LOCATION_0102,Manoj Tiwari,VEHICLE_00642,An individual resembling Manoj Tiwari was observed in the vicinity of LOCATION_0102.,FIELD_SURVEILLANCE_UNIT,0.64
SURV_03369,,2025-02-22 10:19:32,LOCATION_0020,Ritu Singh,,Ritu Singh was observed near LOCATION_0020; no unusual activity reported.,FIELD_SURVEILLANCE_UNIT,0.76
SURV_03370,,2026-03-04 04:30:51,LOCATION_0175,vivek joshi,VEHICLE_00002,An individual resembling vivek joshi was observed in the vicinity of LOCATION_0175.,FIELD_SURVEILLANCE_UNIT,0.58
SURV_03371,,2025-10-18 08:46:48,LOCATION_0221,Harish Verma,,Harish Verma was observed near LOCATION_0221; no unusual activity reported.,FIELD_SURVEILLANCE_UNIT,0.67
SURV_03372,,2026-06-09 02:06:00,LOCATION_0026,KAVITA RATHORE,VEHICLE_00095,An individual resembling KAVITA RATHORE was observed in the vicinity of LOCATION_0026.,FIELD_SURVEILLANCE_UNIT,0.71
SURV_03373,,2024-01-26 00:57:06,LOCATION_0082,Kirti Chauhan,,Kirti Chauhan was observed near LOCATION_0082; no unusual activity reported.,FIELD_SURVEILLANCE_UNIT,0.58
SURV_03374,,2025-12-16 02:38:23,LOCATION_0115,sanjay singh,VEHICLE_00103,An individual resembling sanjay singh was observed in the vicinity of LOCATION_0115.,FIELD_SURVEILLANCE_UNIT,0.74
SURV_03375,,2025-10-17 20:22:18,LOCATION_0116,Anjali Verma,VEHICLE_00524,An individual resembling Anjali Verma was observed in the vicinity of LOCATION_0116.,FIELD_SURVEILLANCE_UNIT,0.74
SURV_03376,,2025-07-29 15:40:29,LOCATION_0294,Deepak Singh,,Deepak Singh was observed near LOCATION_0294; no unusual activity reported.,FIELD_SURVEILLANCE_UNIT,0.77
SURV_03377,,2025-07-12 14:52:43,LOCATION_0226,DEEPAK BANSAL,VEHICLE_00216,An individual resembling DEEPAK BANSAL was observed in the vicinity of LOCATION_0226.,FIELD_SURVEILLANCE_UNIT,0.58
SURV_03378,,2026-05-22 00:12:05,LOCATION_0144,AmanIyer,,An individual resembling AmanIyer was observed in the vicinity of LOCATION_0144.,FIELD_SURVEILLANCE_UNIT,0.59
SURV_03379,,2026-06-06 00:57:03,LOCATION_0054,A. Choudhary,,An individual resembling A. Choudhary was observed in the vicinity of LOCATION_0054.,FIELD_SURVEILLANCE_UNIT,0.77
SURV_03380,,2025-04-15 02:30:06,LOCATION_0191,Suresh Kulkarni,,Suresh Kulkarni was observed near LOCATION_0191; no unusual activity reported.,FIELD_SURVEILLANCE_UNIT,0.87
SURV_03381,,2026-04-03 05:08:58,LOCATION_0216,Naveen Chauhan,,Naveen Chauhan was observed near LOCATION_0216; no unusual activity reported.,FIELD_SURVEILLANCE_UNIT,0.6
SURV_03382,,2025-11-24 07:42:39,LOCATION_0283,Vivek Meena,VEHICLE_00525,Vivek Meena was observed near LOCATION_0283; no unusual activity reported.,FIELD_SURVEILLANCE_UNIT,0.78
SURV_03383,,2024-01-23 22:57:19,LOCATION_0093,Anil Rathore,,Anil Rathore was observed near LOCATION_0093; no unusual activity reported.,FIELD_SURVEILLANCE_UNIT,0.55
SURV_03384,,2024-03-19 10:41:59,LOCATION_0252,Sanjay Kulkarni,VEHICLE_00679,Sanjay Kulkarni was observed near LOCATION_0252; no unusual activity reported.,FIELD_SURVEILLANCE_UNIT,0.85
SURV_03385,,2024-09-24 13:59:49,LOCATION_0187,A. Bansal,,An individual resembling A. Bansal was observed in the vicinity of LOCATION_0187.,FIELD_SURVEILLANCE_UNIT,0.61
SURV_03386,,2026-06-15 14:44:22,LOCATION_0167,M. Saxena,,An individual resembling M. Saxena was observed in the vicinity of LOCATION_0167.,FIELD_SURVEILLANCE_UNIT,0.75
SURV_03387,,2024-04-11 20:08:00,LOCATION_0258,Vivek Rathore,VEHICLE_00147,Vivek Rathore was observed near LOCATION_0258; no unusual activity reported.,FIELD_SURVEILLANCE_UNIT,0.64
SURV_03388,,2025-09-04 09:39:08,LOCATION_0002,A. Sharma,,An individual resembling A. Sharma was observed in the vicinity of LOCATION_0002.,FIELD_SURVEILLANCE_UNIT,0.81
SURV_03389,,2025-09-05 00:52:23,LOCATION_0201,YASH RATHORE,,An individual resembling YASH RATHORE was observed in the vicinity of LOCATION_0201.,FIELD_SURVEILLANCE_UNIT,0.66
SURV_03390,,2024-02-09 23:58:05,LOCATION_0271,Neha Agarwal,VEHICLE_00691,Neha Agarwal was observed near LOCATION_0271; no unusual activity reported.,FIELD_SURVEILLANCE_UNIT,0.88
SURV_03391,,2026-02-03 10:13:47,LOCATION_0044,Meena Pandey,,Meena Pandey was observed near LOCATION_0044; no unusual activity reported.,FIELD_SURVEILLANCE_UNIT,0.63
SURV_03392,,2024-07-21 05:13:26,LOCATION_0279,Suresh Meena,VEHICLE_00244,Suresh Meena was observed near LOCATION_0279; no unusual activity reported.,FIELD_SURVEILLANCE_UNIT,0.7
SURV_03393,,2026-06-09 13:23:25,LOCATION_0096,Aman J.,,An individual resembling Aman J. was observed in the vicinity of LOCATION_0096.,FIELD_SURVEILLANCE_UNIT,0.66
SURV_03394,,2025-05-04 03:51:42,LOCATION_0143,A. Chauhan,VEHICLE_00175,An individual resembling A. Chauhan was observed in the vicinity of LOCATION_0143.,FIELD_SURVEILLANCE_UNIT,0.71
SURV_03395,,2024-10-06 20:20:32,LOCATION_0154,Meena K.,,An individual resembling Meena K. was observed in the vicinity of LOCATION_0154.,FIELD_SURVEILLANCE_UNIT,0.69
SURV_03396,,2025-12-12 08:53:54,LOCATION_0160,Rahul Sharma,VEHICLE_00310,Rahul Sharma was observed near LOCATION_0160; no unusual activity reported.,FIELD_SURVEILLANCE_UNIT,0.83
SURV_03397,,2025-03-28 12:34:59,LOCATION_0061,Kavita Naidu,VEHICLE_00718,Kavita Naidu was observed near LOCATION_0061; no unusual activity reported.,FIELD_SURVEILLANCE_UNIT,0.86
SURV_03398,,2026-04-10 12:29:39,LOCATION_0154,Isha Kapoor,VEHICLE_00403,An individual resembling Isha Kapoor was observed in the vicinity of LOCATION_0154.,FIELD_SURVEILLANCE_UNIT,0.84
SURV_03399,,2024-10-24 21:57:57,LOCATION_0011,Gaurav Bhatt,VEHICLE_00717,Gaurav Bhatt was observed near LOCATION_0011; no unusual activity reported.,FIELD_SURVEILLANCE_UNIT,0.63
SURV_03400,,2026-04-03 08:02:40,LOCATION_0085,Anjali Rathore,,Anjali Rathore was observed near LOCATION_0085; no unusual activity reported.,FIELD_SURVEILLANCE_UNIT,0.78
SURV_03401,,2025-05-30 22:17:46,LOCATION_0106,Alka C.,,An individual resembling Alka C. was observed in the vicinity of LOCATION_0106.,FIELD_SURVEILLANCE_UNIT,0.63
SURV_03402,,2025-04-26 17:01:53,LOCATION_0230,DeepikaGupta,,An individual resembling DeepikaGupta was observed in the vicinity of LOCATION_0230.,FIELD_SURVEILLANCE_UNIT,0.85
SURV_03403,,2026-01-24 03:47:07,LOCATION_0097,M. Verma,,An individual resembling M. Verma was observed in the vicinity of LOCATION_0097.,FIELD_SURVEILLANCE_UNIT,0.63
SURV_03404,,2024-03-16 15:28:50,LOCATION_0284,Yash Gupta,VEHICLE_00405,Yash Gupta was observed near LOCATION_0284; no unusual activity reported.,FIELD_SURVEILLANCE_UNIT,0.69
SURV_03405,,2024-07-01 19:54:25,LOCATION_0143,Manju Meena,VEHICLE_00257,Manju Meena was observed near LOCATION_0143; no unusual activity reported.,FIELD_SURVEILLANCE_UNIT,0.75
SURV_03406,,2024-06-09 01:32:11,LOCATION_0221,Deepika Iyer,VEHICLE_00330,An individual resembling Deepika Iyer was observed in the vicinity of LOCATION_0221.,FIELD_SURVEILLANCE_UNIT,0.83
SURV_03407,,2024-05-20 03:04:33,LOCATION_0174,Aman Reddy,,Aman Reddy was observed near LOCATION_0174; no unusual activity reported.,FIELD_SURVEILLANCE_UNIT,0.78
SURV_03408,,2025-07-09 00:48:14,LOCATION_0251,Yash Saxena,VEHICLE_00117,Yash Saxena was observed near LOCATION_0251; no unusual activity reported.,FIELD_SURVEILLANCE_UNIT,0.68
SURV_03409,,2024-03-08 17:14:53,LOCATION_0238,ritu rathore,,An individual resembling ritu rathore was observed in the vicinity of LOCATION_0238.,FIELD_SURVEILLANCE_UNIT,0.67
SURV_03410,,2024-04-28 11:28:34,LOCATION_0216,Anita Malhotra,,An individual resembling Anita Malhotra was observed in the vicinity of LOCATION_0216.,FIELD_SURVEILLANCE_UNIT,0.84
SURV_03411,,2026-02-03 18:16:46,LOCATION_0186,VivekIyer,,An individual resembling VivekIyer was observed in the vicinity of LOCATION_0186.,FIELD_SURVEILLANCE_UNIT,0.73
SURV_03412,,2024-06-16 11:53:21,LOCATION_0119,Aman C.,VEHICLE_00063,An individual resembling Aman C. was observed in the vicinity of LOCATION_0119.,FIELD_SURVEILLANCE_UNIT,0.73
SURV_03413,,2024-04-07 20:41:30,LOCATION_0298,Anil Singh,VEHICLE_00716,Anil Singh was observed near LOCATION_0298; no unusual activity reported.,FIELD_SURVEILLANCE_UNIT,0.88
SURV_03414,,2024-10-17 17:46:13,LOCATION_0207,Manju Gupta,,An individual resembling Manju Gupta was observed in the vicinity of LOCATION_0207.,FIELD_SURVEILLANCE_UNIT,0.72
SURV_03415,,2024-06-27 06:42:30,LOCATION_0241,S. Agarwal,,An individual resembling S. Agarwal was observed in the vicinity of LOCATION_0241.,FIELD_SURVEILLANCE_UNIT,0.76
SURV_03416,,2025-03-18 11:00:16,LOCATION_0288,YASH YADAV,,An individual resembling YASH YADAV was observed in the vicinity of LOCATION_0288.,FIELD_SURVEILLANCE_UNIT,0.76
SURV_03417,,2024-11-26 05:22:55,LOCATION_0268,Gaurav Saxena,VEHICLE_00028,Gaurav Saxena was observed near LOCATION_0268; no unusual activity reported.,FIELD_SURVEILLANCE_UNIT,0.85
SURV_03418,,2026-02-21 05:52:37,LOCATION_0045,Vivek Nair,,Vivek Nair was observed near LOCATION_0045; no unusual activity reported.,FIELD_SURVEILLANCE_UNIT,0.64
SURV_03419,,2025-12-10 21:59:51,LOCATION_0124,Rekha Chauhan,,Rekha Chauhan was observed near LOCATION_0124; no unusual activity reported.,FIELD_SURVEILLANCE_UNIT,0.56
SURV_03420,,2024-08-03 15:17:53,LOCATION_0090,PoojaReddy,,An individual resembling PoojaReddy was observed in the vicinity of LOCATION_0090.,FIELD_SURVEILLANCE_UNIT,0.68
SURV_03421,,2024-01-27 02:05:02,LOCATION_0287,Suresh Iyer,,Suresh Iyer was observed near LOCATION_0287; no unusual activity reported.,FIELD_SURVEILLANCE_UNIT,0.66
SURV_03422,,2025-05-25 21:57:48,LOCATION_0169,Isha Saxena,,Isha Saxena was observed near LOCATION_0169; no unusual activity reported.,FIELD_SURVEILLANCE_UNIT,0.76
SURV_03423,,2026-01-31 06:48:45,LOCATION_0104,RahulGupta,VEHICLE_00441,An individual resembling RahulGupta was observed in the vicinity of LOCATION_0104.,FIELD_SURVEILLANCE_UNIT,0.67
SURV_03424,,2025-07-02 09:34:21,LOCATION_0072,Rohit Chauhan,VEHICLE_00394,An individual resembling Rohit Chauhan was observed in the vicinity of LOCATION_0072.,FIELD_SURVEILLANCE_UNIT,0.79
SURV_03425,,2025-04-23 02:36:01,LOCATION_0053,Rohit G.,,An individual resembling Rohit G. was observed in the vicinity of LOCATION_0053.,FIELD_SURVEILLANCE_UNIT,0.56
SURV_03426,,2026-01-08 07:48:06,LOCATION_0199,PankajKapoor,VEHICLE_00756,An individual resembling PankajKapoor was observed in the vicinity of LOCATION_0199.,FIELD_SURVEILLANCE_UNIT,0.61
SURV_03427,,2024-05-01 01:03:20,LOCATION_0257,Vikram P.,VEHICLE_00275,An individual resembling Vikram P. was observed in the vicinity of LOCATION_0257.,FIELD_SURVEILLANCE_UNIT,0.63
SURV_03428,,2025-06-17 10:45:37,LOCATION_0265,Alka Tiwari,,Alka Tiwari was observed near LOCATION_0265; no unusual activity reported.,FIELD_SURVEILLANCE_UNIT,0.86
SURV_03429,,2024-06-04 18:08:11,LOCATION_0151,Gaurav Verma,,Gaurav Verma was observed near LOCATION_0151; no unusual activity reported.,FIELD_SURVEILLANCE_UNIT,0.79
SURV_03430,,2025-07-15 02:16:47,LOCATION_0262,Sanjay Kulkarni,VEHICLE_00679,Sanjay Kulkarni was observed near LOCATION_0262; no unusual activity reported.,FIELD_SURVEILLANCE_UNIT,0.73
SURV_03431,,2024-04-10 18:55:50,LOCATION_0006,V. Bhatt,VEHICLE_00268,An individual resembling V. Bhatt was observed in the vicinity of LOCATION_0006.,FIELD_SURVEILLANCE_UNIT,0.76
SURV_03432,,2025-11-29 06:30:25,LOCATION_0272,Pooja Mishra,,Pooja Mishra was observed near LOCATION_0272; no unusual activity reported.,FIELD_SURVEILLANCE_UNIT,0.71
SURV_03433,,2025-11-26 23:20:19,LOCATION_0289,ANIL NAIDU,VEHICLE_00248,An individual resembling ANIL NAIDU was observed in the vicinity of LOCATION_0289.,FIELD_SURVEILLANCE_UNIT,0.76
SURV_03434,,2024-05-25 07:13:09,LOCATION_0260,Kirti Mishra,VEHICLE_00054,Kirti Mishra was observed near LOCATION_0260; no unusual activity reported.,FIELD_SURVEILLANCE_UNIT,0.75
SURV_03435,,2025-04-12 16:21:09,LOCATION_0012,N. Rathore,VEHICLE_00004,An individual resembling N. Rathore was observed in the vicinity of LOCATION_0012.,FIELD_SURVEILLANCE_UNIT,0.77
SURV_03436,,2024-06-28 01:48:28,LOCATION_0096,Ravi Meena,VEHICLE_00673,Ravi Meena was observed near LOCATION_0096; no unusual activity reported.,FIELD_SURVEILLANCE_UNIT,0.67
SURV_03437,,2024-03-11 07:14:10,LOCATION_0189,Vivek Pandey,,Vivek Pandey was observed near LOCATION_0189; no unusual activity reported.,FIELD_SURVEILLANCE_UNIT,0.7
SURV_03438,,2024-12-24 06:24:01,LOCATION_0117,Suresh Iyer,,Suresh Iyer was observed near LOCATION_0117; no unusual activity reported.,FIELD_SURVEILLANCE_UNIT,0.73
SURV_03439,,2025-09-16 01:35:25,LOCATION_0245,Sunita Verma,VEHICLE_00554,Sunita Verma was observed near LOCATION_0245; no unusual activity reported.,FIELD_SURVEILLANCE_UNIT,0.61
SURV_03440,,2025-10-31 23:25:48,LOCATION_0184,Rahul K.,VEHICLE_00649,An individual resembling Rahul K. was observed in the vicinity of LOCATION_0184.,FIELD_SURVEILLANCE_UNIT,0.83
SURV_03441,,2024-07-19 07:23:58,LOCATION_0202,GEETA IYER,VEHICLE_00435,An individual resembling GEETA IYER was observed in the vicinity of LOCATION_0202.,FIELD_SURVEILLANCE_UNIT,0.82
SURV_03442,,2024-07-31 13:29:38,LOCATION_0148,Anjali Chauhan,,Anjali Chauhan was observed near LOCATION_0148; no unusual activity reported.,FIELD_SURVEILLANCE_UNIT,0.84
SURV_03443,,2024-11-10 22:02:25,LOCATION_0113,divya bhatt,VEHICLE_00633,An individual resembling divya bhatt was observed in the vicinity of LOCATION_0113.,FIELD_SURVEILLANCE_UNIT,0.67
SURV_03444,,2024-05-23 02:02:03,LOCATION_0218,Neha Joshi,,Neha Joshi was observed near LOCATION_0218; no unusual activity reported.,FIELD_SURVEILLANCE_UNIT,0.89
SURV_03445,,2025-03-18 16:40:16,LOCATION_0097,Meena A.,VEHICLE_00613,An individual resembling Meena A. was observed in the vicinity of LOCATION_0097.,FIELD_SURVEILLANCE_UNIT,0.67
SURV_03446,,2026-06-04 16:40:51,LOCATION_0278,Priya Yadav,VEHICLE_00247,Priya Yadav was observed near LOCATION_0278; no unusual activity reported.,FIELD_SURVEILLANCE_UNIT,0.88
SURV_03447,,2024-11-26 23:24:26,LOCATION_0103,Alka Singh,,An individual resembling Alka Singh was observed in the vicinity of LOCATION_0103.,FIELD_SURVEILLANCE_UNIT,0.79
SURV_03448,,2025-04-22 20:10:03,LOCATION_0099,Aman Kapoor,VEHICLE_00447,Aman Kapoor was observed near LOCATION_0099; no unusual activity reported.,FIELD_SURVEILLANCE_UNIT,0.9
SURV_03449,,2025-02-20 18:06:22,LOCATION_0242,K. Agarwal,VEHICLE_00381,An individual resembling K. Agarwal was observed in the vicinity of LOCATION_0242.,FIELD_SURVEILLANCE_UNIT,0.68
SURV_03450,,2024-11-06 11:22:34,LOCATION_0155,Alka Gupta,,Alka Gupta was observed near LOCATION_0155; no unusual activity reported.,FIELD_SURVEILLANCE_UNIT,0.89
SURV_03451,,2024-11-08 21:44:09,LOCATION_0104,IshaGupta,VEHICLE_00094,An individual resembling IshaGupta was observed in the vicinity of LOCATION_0104.,FIELD_SURVEILLANCE_UNIT,0.86
SURV_03452,,2024-11-17 16:04:18,LOCATION_0116,N. Pandey,,An individual resembling N. Pandey was observed in the vicinity of LOCATION_0116.,FIELD_SURVEILLANCE_UNIT,0.64
SURV_03453,,2025-10-22 22:29:32,LOCATION_0056,Sunita Saxena,VEHICLE_00340,Sunita Saxena was observed near LOCATION_0056; no unusual activity reported.,FIELD_SURVEILLANCE_UNIT,0.6
SURV_03454,,2024-08-05 04:43:56,LOCATION_0026,A. Chauhan,VEHICLE_00568,An individual resembling A. Chauhan was observed in the vicinity of LOCATION_0026.,FIELD_SURVEILLANCE_UNIT,0.84
SURV_03455,,2026-01-17 10:11:21,LOCATION_0273,Harish Gupta,,Harish Gupta was observed near LOCATION_0273; no unusual activity reported.,FIELD_SURVEILLANCE_UNIT,0.62
SURV_03456,,2025-04-19 07:00:33,LOCATION_0023,Arjun Joshi,,Arjun Joshi was observed near LOCATION_0023; no unusual activity reported.,FIELD_SURVEILLANCE_UNIT,0.59
SURV_03457,,2025-12-08 01:47:54,LOCATION_0120,Suresh Verma,VEHICLE_00166,Suresh Verma was observed near LOCATION_0120; no unusual activity reported.,FIELD_SURVEILLANCE_UNIT,0.78
SURV_03458,,2024-03-15 04:04:55,LOCATION_0207,Preeti Y.,,An individual resembling Preeti Y. was observed in the vicinity of LOCATION_0207.,FIELD_SURVEILLANCE_UNIT,0.61
SURV_03459,,2026-05-07 21:39:26,LOCATION_0137,Alka Sharma,VEHICLE_00544,Alka Sharma was observed near LOCATION_0137; no unusual activity reported.,FIELD_SURVEILLANCE_UNIT,0.78
SURV_03460,,2025-08-17 00:39:43,LOCATION_0280,S. Kulkarni,,An individual resembling S. Kulkarni was observed in the vicinity of LOCATION_0280.,FIELD_SURVEILLANCE_UNIT,0.63
SURV_03461,,2025-09-07 19:48:15,LOCATION_0086,Pooja Y.,VEHICLE_00186,An individual resembling Pooja Y. was observed in the vicinity of LOCATION_0086.,FIELD_SURVEILLANCE_UNIT,0.74
SURV_03462,,2026-03-08 04:53:30,LOCATION_0177,Aman Agarwal,VEHICLE_00742,An individual resembling Aman Agarwal was observed in the vicinity of LOCATION_0177.,FIELD_SURVEILLANCE_UNIT,0.57
SURV_03463,,2025-04-13 20:18:23,LOCATION_0084,Y. Sharma,,An individual resembling Y. Sharma was observed in the vicinity of LOCATION_0084.,FIELD_SURVEILLANCE_UNIT,0.8
SURV_03464,,2026-06-26 18:57:31,LOCATION_0107,Meena Agarwal,VEHICLE_00613,Meena Agarwal was observed near LOCATION_0107; no unusual activity reported.,FIELD_SURVEILLANCE_UNIT,0.66
SURV_03465,,2026-04-10 09:44:45,LOCATION_0153,Tanvi Mishra,,Tanvi Mishra was observed near LOCATION_0153; no unusual activity reported.,FIELD_SURVEILLANCE_UNIT,0.59
SURV_03466,,2025-12-18 09:15:56,LOCATION_0220,Suresh Agarwal,VEHICLE_00553,Suresh Agarwal was observed near LOCATION_0220; no unusual activity reported.,FIELD_SURVEILLANCE_UNIT,0.81
SURV_03467,,2024-12-15 13:55:28,LOCATION_0084,Isha Gupta,VEHICLE_00094,Isha Gupta was observed near LOCATION_0084; no unusual activity reported.,FIELD_SURVEILLANCE_UNIT,0.63
SURV_03468,,2024-08-02 11:39:23,LOCATION_0199,KIRTI SAXENA,VEHICLE_00070,An individual resembling KIRTI SAXENA was observed in the vicinity of LOCATION_0199.,FIELD_SURVEILLANCE_UNIT,0.64
SURV_03469,,2025-07-29 23:38:49,LOCATION_0222,Nikhil I.,,An individual resembling Nikhil I. was observed in the vicinity of LOCATION_0222.,FIELD_SURVEILLANCE_UNIT,0.81
SURV_03470,,2025-03-16 08:18:21,LOCATION_0192,Y. Choudhary,,An individual resembling Y. Choudhary was observed in the vicinity of LOCATION_0192.,FIELD_SURVEILLANCE_UNIT,0.56
SURV_03471,,2025-11-22 13:09:44,LOCATION_0267,Kavita Choudhary,,Kavita Choudhary was observed near LOCATION_0267; no unusual activity reported.,FIELD_SURVEILLANCE_UNIT,0.7
SURV_03472,,2026-01-02 04:27:41,LOCATION_0173,Anil Chauhan,,Anil Chauhan was observed near LOCATION_0173; no unusual activity reported.,FIELD_SURVEILLANCE_UNIT,0.6
SURV_03473,,2024-07-26 06:15:25,LOCATION_0040,Ashok Sharma,VEHICLE_00695,Ashok Sharma was observed near LOCATION_0040; no unusual activity reported.,FIELD_SURVEILLANCE_UNIT,0.7
SURV_03474,,2025-02-28 03:17:41,LOCATION_0086,SUNITA SAXENA,VEHICLE_00146,An individual resembling SUNITA SAXENA was observed in the vicinity of LOCATION_0086.,FIELD_SURVEILLANCE_UNIT,0.8
SURV_03475,,2024-08-23 00:16:06,LOCATION_0040,Deepak Singh,,Deepak Singh was observed near LOCATION_0040; no unusual activity reported.,FIELD_SURVEILLANCE_UNIT,0.68
SURV_03476,,2026-01-23 13:46:44,LOCATION_0067,Nikhil Kapoor,,Nikhil Kapoor was observed near LOCATION_0067; no unusual activity reported.,FIELD_SURVEILLANCE_UNIT,0.76
SURV_03477,,2024-01-06 05:00:42,LOCATION_0136,Pooja Yadav,VEHICLE_00157,Pooja Yadav was observed near LOCATION_0136; no unusual activity reported.,FIELD_SURVEILLANCE_UNIT,0.79
SURV_03478,,2026-03-30 20:02:42,LOCATION_0138,Sanjay Reddy,VEHICLE_00190,Sanjay Reddy was observed near LOCATION_0138; no unusual activity reported.,FIELD_SURVEILLANCE_UNIT,0.69
SURV_03479,,2025-03-09 08:25:21,LOCATION_0145,R. Choudhary,,An individual resembling R. Choudhary was observed in the vicinity of LOCATION_0145.,FIELD_SURVEILLANCE_UNIT,0.85
SURV_03480,,2024-08-08 14:00:22,LOCATION_0115,M. Reddy,VEHICLE_00552,An individual resembling M. Reddy was observed in the vicinity of LOCATION_0115.,FIELD_SURVEILLANCE_UNIT,0.75
SURV_03481,,2024-09-21 05:30:26,LOCATION_0176,DeepikaIyer,VEHICLE_00356,An individual resembling DeepikaIyer was observed in the vicinity of LOCATION_0176.,FIELD_SURVEILLANCE_UNIT,0.68
SURV_03482,,2026-06-21 02:19:56,LOCATION_0176,Pooja N.,,An individual resembling Pooja N. was observed in the vicinity of LOCATION_0176.,FIELD_SURVEILLANCE_UNIT,0.87
SURV_03483,,2024-08-10 18:35:12,LOCATION_0168,Gaurav Saxena,VEHICLE_00028,Gaurav Saxena was observed near LOCATION_0168; no unusual activity reported.,FIELD_SURVEILLANCE_UNIT,0.74
SURV_03484,,2025-09-28 23:14:31,LOCATION_0279,vivek pandey,,An individual resembling vivek pandey was observed in the vicinity of LOCATION_0279.,FIELD_SURVEILLANCE_UNIT,0.82
SURV_03485,,2026-02-16 00:04:54,LOCATION_0031,Geeta Reddy,VEHICLE_00558,Geeta Reddy was observed near LOCATION_0031; no unusual activity reported.,FIELD_SURVEILLANCE_UNIT,0.56
SURV_03486,,2025-06-13 22:02:56,LOCATION_0048,Rajesh Iyer,,Rajesh Iyer was observed near LOCATION_0048; no unusual activity reported.,FIELD_SURVEILLANCE_UNIT,0.66
SURV_03487,,2026-01-07 16:45:10,LOCATION_0144,rahul kulkarni,VEHICLE_00649,An individual resembling rahul kulkarni was observed in the vicinity of LOCATION_0144.,FIELD_SURVEILLANCE_UNIT,0.81
SURV_03488,,2024-05-03 21:16:47,LOCATION_0143,A. Rathore,,An individual resembling A. Rathore was observed in the vicinity of LOCATION_0143.,FIELD_SURVEILLANCE_UNIT,0.65
SURV_03489,,2024-10-17 22:28:32,LOCATION_0068,Anita Chauhan,VEHICLE_00752,Anita Chauhan was observed near LOCATION_0068; no unusual activity reported.,FIELD_SURVEILLANCE_UNIT,0.79
SURV_03490,,2025-04-18 09:38:24,LOCATION_0222,Isha Tiwari,,An individual resembling Isha Tiwari was observed in the vicinity of LOCATION_0222.,FIELD_SURVEILLANCE_UNIT,0.57
SURV_03491,,2024-07-15 06:31:56,LOCATION_0074,Vivek Kapoor,,Vivek Kapoor was observed near LOCATION_0074; no unusual activity reported.,FIELD_SURVEILLANCE_UNIT,0.7
SURV_03492,,2025-05-31 10:52:36,LOCATION_0133,NikhilIyer,,An individual resembling NikhilIyer was observed in the vicinity of LOCATION_0133.,FIELD_SURVEILLANCE_UNIT,0.85
SURV_03493,,2024-09-17 07:39:53,LOCATION_0010,I. Singh,VEHICLE_00681,An individual resembling I. Singh was observed in the vicinity of LOCATION_0010.,FIELD_SURVEILLANCE_UNIT,0.77
SURV_03494,,2024-01-07 03:36:48,LOCATION_0148,Harish Kulkarni,,Harish Kulkarni was observed near LOCATION_0148; no unusual activity reported.,FIELD_SURVEILLANCE_UNIT,0.55
SURV_03495,,2025-02-01 19:23:19,LOCATION_0109,GeetaBhatt,VEHICLE_00307,An individual resembling GeetaBhatt was observed in the vicinity of LOCATION_0109.,FIELD_SURVEILLANCE_UNIT,0.73
SURV_03496,,2026-05-21 21:30:18,LOCATION_0287,REKHA KULKARNI,,An individual resembling REKHA KULKARNI was observed in the vicinity of LOCATION_0287.,FIELD_SURVEILLANCE_UNIT,0.87
SURV_03497,,2025-10-14 02:54:30,LOCATION_0123,A. Pandey,VEHICLE_00286,An individual resembling A. Pandey was observed in the vicinity of LOCATION_0123.,FIELD_SURVEILLANCE_UNIT,0.78
SURV_03498,,2024-01-08 21:44:36,LOCATION_0235,Rekha Singh,,Rekha Singh was observed near LOCATION_0235; no unusual activity reported.,FIELD_SURVEILLANCE_UNIT,0.76
SURV_03499,,2024-06-10 17:42:44,LOCATION_0037,manju malhotra,VEHICLE_00014,An individual resembling manju malhotra was observed in the vicinity of LOCATION_0037.,FIELD_SURVEILLANCE_UNIT,0.9
SURV_03500,,2024-05-19 01:34:49,LOCATION_0219,suresh meena,VEHICLE_00244,An individual resembling suresh meena was observed in the vicinity of LOCATION_0219.,FIELD_SURVEILLANCE_UNIT,0.65
SURV_03501,,2024-05-24 03:07:38,LOCATION_0291,Rohit Naidu,,Rohit Naidu was observed near LOCATION_0291; no unusual activity reported.,FIELD_SURVEILLANCE_UNIT,0.84
SURV_03502,,2024-10-09 17:31:05,LOCATION_0016,G. Agarwal,,An individual resembling G. Agarwal was observed in the vicinity of LOCATION_0016.,FIELD_SURVEILLANCE_UNIT,0.79
SURV_03503,,2026-06-22 23:31:51,LOCATION_0183,Kirti Rathore,,Kirti Rathore was observed near LOCATION_0183; no unusual activity reported.,FIELD_SURVEILLANCE_UNIT,0.59
SURV_03504,,2024-03-29 15:11:52,LOCATION_0131,Sanjay Pandey,VEHICLE_00723,Sanjay Pandey was observed near LOCATION_0131; no unusual activity reported.,FIELD_SURVEILLANCE_UNIT,0.77
SURV_03505,,2024-12-06 10:59:17,LOCATION_0127,Manoj Nair,,Manoj Nair was observed near LOCATION_0127; no unusual activity reported.,FIELD_SURVEILLANCE_UNIT,0.64
SURV_03506,,2024-07-05 18:39:49,LOCATION_0013,M. Yadav,,An individual resembling M. Yadav was observed in the vicinity of LOCATION_0013.,FIELD_SURVEILLANCE_UNIT,0.68
SURV_03507,,2026-01-14 08:48:30,LOCATION_0043,A. Kapoor,,An individual resembling A. Kapoor was observed in the vicinity of LOCATION_0043.,FIELD_SURVEILLANCE_UNIT,0.69
SURV_03508,,2025-07-29 06:20:28,LOCATION_0113,Priya Choudhary,,Priya Choudhary was observed near LOCATION_0113; no unusual activity reported.,FIELD_SURVEILLANCE_UNIT,0.67
SURV_03509,,2025-02-23 09:48:51,LOCATION_0217,A. Chauhan,,An individual resembling A. Chauhan was observed in the vicinity of LOCATION_0217.,FIELD_SURVEILLANCE_UNIT,0.71
SURV_03510,,2025-06-11 05:09:32,LOCATION_0283,SandeepKapoor,VEHICLE_00315,An individual resembling SandeepKapoor was observed in the vicinity of LOCATION_0283.,FIELD_SURVEILLANCE_UNIT,0.83
SURV_03511,,2026-05-28 14:09:14,LOCATION_0157,Sandeep G.,,An individual resembling Sandeep G. was observed in the vicinity of LOCATION_0157.,FIELD_SURVEILLANCE_UNIT,0.86
SURV_03512,,2025-10-18 21:59:41,LOCATION_0200,Deepak Malhotra,VEHICLE_00359,Deepak Malhotra was observed near LOCATION_0200; no unusual activity reported.,FIELD_SURVEILLANCE_UNIT,0.75
SURV_03513,,2025-05-07 07:46:56,LOCATION_0187,Manju Singh,VEHICLE_00220,An individual resembling Manju Singh was observed in the vicinity of LOCATION_0187.,FIELD_SURVEILLANCE_UNIT,0.79
SURV_03514,,2025-07-07 19:00:47,LOCATION_0062,arjun naidu,,An individual resembling arjun naidu was observed in the vicinity of LOCATION_0062.,FIELD_SURVEILLANCE_UNIT,0.59
SURV_03515,,2025-07-19 13:48:02,LOCATION_0269,Manju Rathore,,Manju Rathore was observed near LOCATION_0269; no unusual activity reported.,FIELD_SURVEILLANCE_UNIT,0.67
SURV_03516,,2025-09-30 13:04:48,LOCATION_0003,RAVI KULKARNI,VEHICLE_00017,An individual resembling RAVI KULKARNI was observed in the vicinity of LOCATION_0003.,FIELD_SURVEILLANCE_UNIT,0.74
SURV_03517,,2024-11-19 19:33:13,LOCATION_0147,anil rathore,,An individual resembling anil rathore was observed in the vicinity of LOCATION_0147.,FIELD_SURVEILLANCE_UNIT,0.76
SURV_03518,,2024-12-23 06:32:43,LOCATION_0098,S. Pandey,VEHICLE_00535,An individual resembling S. Pandey was observed in the vicinity of LOCATION_0098.,FIELD_SURVEILLANCE_UNIT,0.79
SURV_03519,,2025-10-02 02:45:29,LOCATION_0031,Yash N.,VEHICLE_00162,An individual resembling Yash N. was observed in the vicinity of LOCATION_0031.,FIELD_SURVEILLANCE_UNIT,0.89
SURV_03520,,2024-08-08 12:34:02,LOCATION_0113,ISHA SINGH,,An individual resembling ISHA SINGH was observed in the vicinity of LOCATION_0113.,FIELD_SURVEILLANCE_UNIT,0.59
SURV_03521,,2024-09-05 18:10:19,LOCATION_0284,RAHUL PANDEY,,An individual resembling RAHUL PANDEY was observed in the vicinity of LOCATION_0284.,FIELD_SURVEILLANCE_UNIT,0.86
SURV_03522,,2024-10-03 01:12:57,LOCATION_0175,deepika mishra,,An individual resembling deepika mishra was observed in the vicinity of LOCATION_0175.,FIELD_SURVEILLANCE_UNIT,0.59
SURV_03523,,2025-04-20 18:00:10,LOCATION_0016,Naveen Sharma,,Naveen Sharma was observed near LOCATION_0016; no unusual activity reported.,FIELD_SURVEILLANCE_UNIT,0.56
SURV_03524,,2025-01-06 10:37:15,LOCATION_0276,VIVEK IYER,,An individual resembling VIVEK IYER was observed in the vicinity of LOCATION_0276.,FIELD_SURVEILLANCE_UNIT,0.58
SURV_03525,,2024-06-05 09:51:42,LOCATION_0002,Neha Naidu,,Neha Naidu was observed near LOCATION_0002; no unusual activity reported.,FIELD_SURVEILLANCE_UNIT,0.69
SURV_03526,,2025-11-08 15:50:27,LOCATION_0089,P. Iyer,VEHICLE_00049,An individual resembling P. Iyer was observed in the vicinity of LOCATION_0089.,FIELD_SURVEILLANCE_UNIT,0.58
SURV_03527,,2025-04-28 15:37:56,LOCATION_0110,Priya Choudhary,,Priya Choudhary was observed near LOCATION_0110; no unusual activity reported.,FIELD_SURVEILLANCE_UNIT,0.69
SURV_03528,,2025-11-26 06:36:59,LOCATION_0205,alka gupta,,An individual resembling alka gupta was observed in the vicinity of LOCATION_0205.,FIELD_SURVEILLANCE_UNIT,0.82
SURV_03529,,2025-05-18 05:21:43,LOCATION_0117,Simran Choudhary,VEHICLE_00373,Simran Choudhary was observed near LOCATION_0117; no unusual activity reported.,FIELD_SURVEILLANCE_UNIT,0.64
SURV_03530,,2025-08-18 05:29:12,LOCATION_0202,PriyaVerma,,An individual resembling PriyaVerma was observed in the vicinity of LOCATION_0202.,FIELD_SURVEILLANCE_UNIT,0.89
SURV_03531,,2025-06-19 22:20:01,LOCATION_0263,M. Gupta,VEHICLE_00038,An individual resembling M. Gupta was observed in the vicinity of LOCATION_0263.,FIELD_SURVEILLANCE_UNIT,0.86
SURV_03532,,2025-12-06 22:47:09,LOCATION_0017,AMIT AGARWAL,VEHICLE_00683,An individual resembling AMIT AGARWAL was observed in the vicinity of LOCATION_0017.,FIELD_SURVEILLANCE_UNIT,0.59
SURV_03533,,2026-05-31 18:39:48,LOCATION_0145,Manju P.,,An individual resembling Manju P. was observed in the vicinity of LOCATION_0145.,FIELD_SURVEILLANCE_UNIT,0.64
SURV_03534,,2024-01-21 03:35:51,LOCATION_0280,rajesh choudhary,,An individual resembling rajesh choudhary was observed in the vicinity of LOCATION_0280.,FIELD_SURVEILLANCE_UNIT,0.56
SURV_03535,,2025-01-08 23:09:25,LOCATION_0209,Deepak V.,,An individual resembling Deepak V. was observed in the vicinity of LOCATION_0209.,FIELD_SURVEILLANCE_UNIT,0.62
SURV_03536,,2025-04-27 21:59:35,LOCATION_0056,ANITA SAXENA,,An individual resembling ANITA SAXENA was observed in the vicinity of LOCATION_0056.,FIELD_SURVEILLANCE_UNIT,0.72
SURV_03537,,2025-07-31 14:10:51,LOCATION_0171,suresh iyer,VEHICLE_00696,An individual resembling suresh iyer was observed in the vicinity of LOCATION_0171.,FIELD_SURVEILLANCE_UNIT,0.76
SURV_03538,,2026-04-12 20:32:23,LOCATION_0095,Neha Singh,VEHICLE_00443,Neha Singh was observed near LOCATION_0095; no unusual activity reported.,FIELD_SURVEILLANCE_UNIT,0.83
SURV_03539,,2025-08-04 08:10:57,LOCATION_0205,SureshBansal,VEHICLE_00100,An individual resembling SureshBansal was observed in the vicinity of LOCATION_0205.,FIELD_SURVEILLANCE_UNIT,0.7
SURV_03540,,2025-10-13 23:15:22,LOCATION_0077,nikhil kapoor,,An individual resembling nikhil kapoor was observed in the vicinity of LOCATION_0077.,FIELD_SURVEILLANCE_UNIT,0.82
SURV_03541,,2024-01-27 15:45:00,LOCATION_0240,N. Rathore,VEHICLE_00491,An individual resembling N. Rathore was observed in the vicinity of LOCATION_0240.,FIELD_SURVEILLANCE_UNIT,0.69
SURV_03542,,2025-02-06 07:35:44,LOCATION_0242,Anita Bansal,,Anita Bansal was observed near LOCATION_0242; no unusual activity reported.,FIELD_SURVEILLANCE_UNIT,0.81
SURV_03543,,2026-03-07 00:17:57,LOCATION_0284,Anita Rathore,,Anita Rathore was observed near LOCATION_0284; no unusual activity reported.,FIELD_SURVEILLANCE_UNIT,0.81
SURV_03544,,2024-11-28 07:49:22,LOCATION_0093,Vikram Rathore,VEHICLE_00031,Vikram Rathore was observed near LOCATION_0093; no unusual activity reported.,FIELD_SURVEILLANCE_UNIT,0.66
SURV_03545,,2026-01-19 21:04:14,LOCATION_0295,Vivek Joshi,VEHICLE_00002,Vivek Joshi was observed near LOCATION_0295; no unusual activity reported.,FIELD_SURVEILLANCE_UNIT,0.89
SURV_03546,,2026-06-28 14:44:33,LOCATION_0110,Mohit N.,,An individual resembling Mohit N. was observed in the vicinity of LOCATION_0110.,FIELD_SURVEILLANCE_UNIT,0.61
SURV_03547,,2024-04-01 10:34:22,LOCATION_0076,DEEPIKA CHAUHAN,,An individual resembling DEEPIKA CHAUHAN was observed in the vicinity of LOCATION_0076.,FIELD_SURVEILLANCE_UNIT,0.87
SURV_03548,,2024-01-21 03:54:09,LOCATION_0014,Vikram Naidu,,Vikram Naidu was observed near LOCATION_0014; no unusual activity reported.,FIELD_SURVEILLANCE_UNIT,0.85
SURV_03549,,2025-07-23 06:19:05,LOCATION_0283,Manoj Gupta,VEHICLE_00038,Manoj Gupta was observed near LOCATION_0283; no unusual activity reported.,FIELD_SURVEILLANCE_UNIT,0.74
SURV_03550,,2024-12-01 01:16:55,LOCATION_0267,Vikram Gupta,,Vikram Gupta was observed near LOCATION_0267; no unusual activity reported.,FIELD_SURVEILLANCE_UNIT,0.8
SURV_03551,,2025-03-10 02:40:21,LOCATION_0146,Rohit Choudhary,VEHICLE_00048,Rohit Choudhary was observed near LOCATION_0146; no unusual activity reported.,FIELD_SURVEILLANCE_UNIT,0.61
SURV_03552,,2025-04-13 05:19:24,LOCATION_0161,Nikhil Iyer,VEHICLE_00334,Nikhil Iyer was observed near LOCATION_0161; no unusual activity reported.,FIELD_SURVEILLANCE_UNIT,0.68
SURV_03553,,2026-02-23 09:47:23,LOCATION_0217,Neha Yadav,VEHICLE_00129,Neha Yadav was observed near LOCATION_0217; no unusual activity reported.,FIELD_SURVEILLANCE_UNIT,0.85
SURV_03554,,2025-10-02 18:20:08,LOCATION_0021,Rajesh Gupta,VEHICLE_00042,Rajesh Gupta was observed near LOCATION_0021; no unusual activity reported.,FIELD_SURVEILLANCE_UNIT,0.79
SURV_03555,,2024-03-20 04:03:50,LOCATION_0267,Nikhil Kapoor,,Nikhil Kapoor was observed near LOCATION_0267; no unusual activity reported.,FIELD_SURVEILLANCE_UNIT,0.58
SURV_03556,,2025-10-31 14:42:20,LOCATION_0082,MohitKulkarni,VEHICLE_00762,An individual resembling MohitKulkarni was observed in the vicinity of LOCATION_0082.,FIELD_SURVEILLANCE_UNIT,0.75
SURV_03557,,2025-08-19 01:52:26,LOCATION_0110,Sunita Kulkarni,VEHICLE_00460,Sunita Kulkarni was observed near LOCATION_0110; no unusual activity reported.,FIELD_SURVEILLANCE_UNIT,0.57
SURV_03558,,2025-04-09 23:47:33,LOCATION_0158,P. Rathore,VEHICLE_00318,An individual resembling P. Rathore was observed in the vicinity of LOCATION_0158.,FIELD_SURVEILLANCE_UNIT,0.57
SURV_03559,,2024-10-20 14:52:04,LOCATION_0279,Sonia Iyer,,Sonia Iyer was observed near LOCATION_0279; no unusual activity reported.,FIELD_SURVEILLANCE_UNIT,0.58
SURV_03560,,2026-06-18 11:32:55,LOCATION_0223,Deepika Nair,,Deepika Nair was observed near LOCATION_0223; no unusual activity reported.,FIELD_SURVEILLANCE_UNIT,0.82
SURV_03561,,2025-06-19 22:40:54,LOCATION_0172,Meena Mishra,VEHICLE_00466,Meena Mishra was observed near LOCATION_0172; no unusual activity reported.,FIELD_SURVEILLANCE_UNIT,0.86
SURV_03562,,2025-08-24 20:12:55,LOCATION_0230,Divya Verma,,Divya Verma was observed near LOCATION_0230; no unusual activity reported.,FIELD_SURVEILLANCE_UNIT,0.75
SURV_03563,,2026-02-19 13:02:31,LOCATION_0061,Yash Nair,VEHICLE_00486,Yash Nair was observed near LOCATION_0061; no unusual activity reported.,FIELD_SURVEILLANCE_UNIT,0.84
SURV_03564,,2024-12-26 15:09:00,LOCATION_0142,Aman Singh,VEHICLE_00561,Aman Singh was observed near LOCATION_0142; no unusual activity reported.,FIELD_SURVEILLANCE_UNIT,0.74
SURV_03565,,2025-07-30 23:12:15,LOCATION_0098,REKHA BANSAL,VEHICLE_00300,An individual resembling REKHA BANSAL was observed in the vicinity of LOCATION_0098.,FIELD_SURVEILLANCE_UNIT,0.84
SURV_03566,,2025-10-10 23:25:28,LOCATION_0098,R. Meena,VEHICLE_00456,An individual resembling R. Meena was observed in the vicinity of LOCATION_0098.,FIELD_SURVEILLANCE_UNIT,0.85
SURV_03567,,2024-05-23 05:09:13,LOCATION_0025,Nikhil Gupta,VEHICLE_00142,Nikhil Gupta was observed near LOCATION_0025; no unusual activity reported.,FIELD_SURVEILLANCE_UNIT,0.67
SURV_03568,,2024-12-17 16:26:32,LOCATION_0286,Mohit Chauhan,VEHICLE_00654,Mohit Chauhan was observed near LOCATION_0286; no unusual activity reported.,FIELD_SURVEILLANCE_UNIT,0.6
SURV_03569,,2025-04-15 14:08:58,LOCATION_0129,Simran N.,,An individual resembling Simran N. was observed in the vicinity of LOCATION_0129.,FIELD_SURVEILLANCE_UNIT,0.61
SURV_03570,,2025-08-05 23:21:32,LOCATION_0212,Kirti Chauhan,,Kirti Chauhan was observed near LOCATION_0212; no unusual activity reported.,FIELD_SURVEILLANCE_UNIT,0.68
SURV_03571,,2024-09-22 14:05:53,LOCATION_0102,Harish Reddy,,Harish Reddy was observed near LOCATION_0102; no unusual activity reported.,FIELD_SURVEILLANCE_UNIT,0.62
SURV_03572,,2025-09-10 20:49:23,LOCATION_0297,YashSaxena,,An individual resembling YashSaxena was observed in the vicinity of LOCATION_0297.,FIELD_SURVEILLANCE_UNIT,0.68
SURV_03573,,2024-05-28 22:13:45,LOCATION_0228,Ravi Joshi,VEHICLE_00065,Ravi Joshi was observed near LOCATION_0228; no unusual activity reported.,FIELD_SURVEILLANCE_UNIT,0.68
SURV_03574,,2024-04-08 12:20:44,LOCATION_0258,Naveen Verma,VEHICLE_00039,Naveen Verma was observed near LOCATION_0258; no unusual activity reported.,FIELD_SURVEILLANCE_UNIT,0.81
SURV_03575,,2025-08-09 11:25:27,LOCATION_0017,SanjaySingh,VEHICLE_00754,An individual resembling SanjaySingh was observed in the vicinity of LOCATION_0017.,FIELD_SURVEILLANCE_UNIT,0.88
SURV_03576,,2024-08-09 06:44:37,LOCATION_0222,Swati Pandey,,An individual resembling Swati Pandey was observed in the vicinity of LOCATION_0222.,FIELD_SURVEILLANCE_UNIT,0.84
SURV_03577,,2025-01-15 09:01:00,LOCATION_0174,S. Chauhan,,An individual resembling S. Chauhan was observed in the vicinity of LOCATION_0174.,FIELD_SURVEILLANCE_UNIT,0.83
SURV_03578,,2025-06-21 14:14:15,LOCATION_0074,Sonia Rathore,,Sonia Rathore was observed near LOCATION_0074; no unusual activity reported.,FIELD_SURVEILLANCE_UNIT,0.84
SURV_03579,,2026-04-06 16:27:22,LOCATION_0189,RajeshNair,VEHICLE_00352,An individual resembling RajeshNair was observed in the vicinity of LOCATION_0189.,FIELD_SURVEILLANCE_UNIT,0.57
SURV_03580,,2024-07-21 07:02:15,LOCATION_0135,K. Reddy,,An individual resembling K. Reddy was observed in the vicinity of LOCATION_0135.,FIELD_SURVEILLANCE_UNIT,0.85
SURV_03581,,2025-05-10 21:11:03,LOCATION_0060,Amit Pandey,,Amit Pandey was observed near LOCATION_0060; no unusual activity reported.,FIELD_SURVEILLANCE_UNIT,0.6
SURV_03582,,2025-01-25 23:11:39,LOCATION_0234,Nikhil Joshi,VEHICLE_00530,Nikhil Joshi was observed near LOCATION_0234; no unusual activity reported.,FIELD_SURVEILLANCE_UNIT,0.88
SURV_03583,,2024-02-09 07:51:58,LOCATION_0103,Deepika Nair,,Deepika Nair was observed near LOCATION_0103; no unusual activity reported.,FIELD_SURVEILLANCE_UNIT,0.56
SURV_03584,,2026-04-28 04:39:27,LOCATION_0169,Deepika Choudhary,VEHICLE_00497,Deepika Choudhary was observed near LOCATION_0169; no unusual activity reported.,FIELD_SURVEILLANCE_UNIT,0.68
SURV_03585,,2024-12-03 05:27:52,LOCATION_0019,SoniaChoudhary,,An individual resembling SoniaChoudhary was observed in the vicinity of LOCATION_0019.,FIELD_SURVEILLANCE_UNIT,0.86
SURV_03586,,2025-11-15 16:17:59,LOCATION_0292,Karan Yadav,,Karan Yadav was observed near LOCATION_0292; no unusual activity reported.,FIELD_SURVEILLANCE_UNIT,0.68
SURV_03587,,2026-04-09 04:09:39,LOCATION_0232,Alka Saxena,VEHICLE_00510,Alka Saxena was observed near LOCATION_0232; no unusual activity reported.,FIELD_SURVEILLANCE_UNIT,0.73
SURV_03588,,2025-05-14 15:40:03,LOCATION_0050,SureshReddy,VEHICLE_00659,An individual resembling SureshReddy was observed in the vicinity of LOCATION_0050.,FIELD_SURVEILLANCE_UNIT,0.71
SURV_03589,,2025-05-01 10:08:49,LOCATION_0044,R. Reddy,,An individual resembling R. Reddy was observed in the vicinity of LOCATION_0044.,FIELD_SURVEILLANCE_UNIT,0.84
SURV_03590,,2025-05-26 06:12:52,LOCATION_0256,Sunita Saxena,VEHICLE_00340,Sunita Saxena was observed near LOCATION_0256; no unusual activity reported.,FIELD_SURVEILLANCE_UNIT,0.58
SURV_03591,,2024-11-25 23:21:09,LOCATION_0291,Naveen Nair,,Naveen Nair was observed near LOCATION_0291; no unusual activity reported.,FIELD_SURVEILLANCE_UNIT,0.86
SURV_03592,,2026-05-26 13:38:55,LOCATION_0237,S. Kapoor,VEHICLE_00464,An individual resembling S. Kapoor was observed in the vicinity of LOCATION_0237.,FIELD_SURVEILLANCE_UNIT,0.63
SURV_03593,,2024-03-26 07:24:14,LOCATION_0251,S. Agarwal,,An individual resembling S. Agarwal was observed in the vicinity of LOCATION_0251.,FIELD_SURVEILLANCE_UNIT,0.72
SURV_03594,,2024-07-13 03:35:54,LOCATION_0149,Suresh Meena,VEHICLE_00244,Suresh Meena was observed near LOCATION_0149; no unusual activity reported.,FIELD_SURVEILLANCE_UNIT,0.66
SURV_03595,,2025-01-23 02:38:12,LOCATION_0247,Ritu S.,,An individual resembling Ritu S. was observed in the vicinity of LOCATION_0247.,FIELD_SURVEILLANCE_UNIT,0.76
SURV_03596,,2026-03-06 02:32:02,LOCATION_0186,A. Reddy,,An individual resembling A. Reddy was observed in the vicinity of LOCATION_0186.,FIELD_SURVEILLANCE_UNIT,0.59
SURV_03597,,2026-05-13 15:18:05,LOCATION_0147,Ashok Kapoor,,An individual resembling Ashok Kapoor was observed in the vicinity of LOCATION_0147.,FIELD_SURVEILLANCE_UNIT,0.78
SURV_03598,,2024-10-25 22:53:25,LOCATION_0254,Swati Verma,,Swati Verma was observed near LOCATION_0254; no unusual activity reported.,FIELD_SURVEILLANCE_UNIT,0.61
SURV_03599,,2024-11-29 15:53:17,LOCATION_0134,Divya Bansal,,Divya Bansal was observed near LOCATION_0134; no unusual activity reported.,FIELD_SURVEILLANCE_UNIT,0.88
SURV_03600,,2024-06-29 11:39:14,LOCATION_0031,rohit malhotra,VEHICLE_00498,An individual resembling rohit malhotra was observed in the vicinity of LOCATION_0031.,FIELD_SURVEILLANCE_UNIT,0.89
SURV_03601,,2024-06-19 08:34:43,LOCATION_0081,S. Mishra,,An individual resembling S. Mishra was observed in the vicinity of LOCATION_0081.,FIELD_SURVEILLANCE_UNIT,0.75
SURV_03602,,2025-06-22 21:57:55,LOCATION_0287,Vikram Gupta,,Vikram Gupta was observed near LOCATION_0287; no unusual activity reported.,FIELD_SURVEILLANCE_UNIT,0.89
SURV_03603,,2026-04-03 18:20:57,LOCATION_0011,Mohit Saxena,,Mohit Saxena was observed near LOCATION_0011; no unusual activity reported.,FIELD_SURVEILLANCE_UNIT,0.87
SURV_03604,,2024-01-20 17:09:27,LOCATION_0029,Rekha Naidu,VEHICLE_00556,Rekha Naidu was observed near LOCATION_0029; no unusual activity reported.,FIELD_SURVEILLANCE_UNIT,0.82
SURV_03605,,2024-02-07 12:03:22,LOCATION_0080,Isha Meena,,Isha Meena was observed near LOCATION_0080; no unusual activity reported.,FIELD_SURVEILLANCE_UNIT,0.7
SURV_03606,,2024-02-06 01:05:53,LOCATION_0164,DivyaBansal,,An individual resembling DivyaBansal was observed in the vicinity of LOCATION_0164.,FIELD_SURVEILLANCE_UNIT,0.69
SURV_03607,,2025-10-20 14:15:41,LOCATION_0006,Sunita Naidu,VEHICLE_00610,Sunita Naidu was observed near LOCATION_0006; no unusual activity reported.,FIELD_SURVEILLANCE_UNIT,0.65
SURV_03608,,2024-02-23 18:50:19,LOCATION_0125,Vikram M.,VEHICLE_00694,An individual resembling Vikram M. was observed in the vicinity of LOCATION_0125.,FIELD_SURVEILLANCE_UNIT,0.68
SURV_03609,,2025-08-02 14:23:30,LOCATION_0253,Priya C.,,An individual resembling Priya C. was observed in the vicinity of LOCATION_0253.,FIELD_SURVEILLANCE_UNIT,0.66
SURV_03610,,2025-04-21 00:38:19,LOCATION_0064,Gaurav Gupta,VEHICLE_00643,Gaurav Gupta was observed near LOCATION_0064; no unusual activity reported.,FIELD_SURVEILLANCE_UNIT,0.73
SURV_03611,,2024-02-06 03:10:05,LOCATION_0170,KARAN VERMA,,An individual resembling KARAN VERMA was observed in the vicinity of LOCATION_0170.,FIELD_SURVEILLANCE_UNIT,0.85
SURV_03612,,2025-12-07 09:51:30,LOCATION_0256,simran bansal,,An individual resembling simran bansal was observed in the vicinity of LOCATION_0256.,FIELD_SURVEILLANCE_UNIT,0.62
SURV_03613,,2024-07-29 09:07:55,LOCATION_0105,Meena Choudhary,VEHICLE_00251,Meena Choudhary was observed near LOCATION_0105; no unusual activity reported.,FIELD_SURVEILLANCE_UNIT,0.62
SURV_03614,,2025-02-04 02:17:26,LOCATION_0149,N. Gupta,VEHICLE_00126,An individual resembling N. Gupta was observed in the vicinity of LOCATION_0149.,FIELD_SURVEILLANCE_UNIT,0.84
SURV_03615,,2024-01-04 09:22:11,LOCATION_0263,Sunita Pandey,VEHICLE_00462,An individual resembling Sunita Pandey was observed in the vicinity of LOCATION_0263.,FIELD_SURVEILLANCE_UNIT,0.77
SURV_03616,,2024-05-02 15:23:37,LOCATION_0014,Sonia Rathore,,Sonia Rathore was observed near LOCATION_0014; no unusual activity reported.,FIELD_SURVEILLANCE_UNIT,0.6
SURV_03617,,2025-02-20 18:16:24,LOCATION_0080,Swati Singh,,Swati Singh was observed near LOCATION_0080; no unusual activity reported.,FIELD_SURVEILLANCE_UNIT,0.8
SURV_03618,,2024-11-22 16:52:10,LOCATION_0109,Aman Bansal,,Aman Bansal was observed near LOCATION_0109; no unusual activity reported.,FIELD_SURVEILLANCE_UNIT,0.76
SURV_03619,,2024-09-08 00:51:58,LOCATION_0217,Rajesh Chauhan,VEHICLE_00121,Rajesh Chauhan was observed near LOCATION_0217; no unusual activity reported.,FIELD_SURVEILLANCE_UNIT,0.9
SURV_03620,,2025-10-06 11:36:15,LOCATION_0075,Sunita Mishra,,Sunita Mishra was observed near LOCATION_0075; no unusual activity reported.,FIELD_SURVEILLANCE_UNIT,0.72
SURV_03621,,2026-04-25 02:40:05,LOCATION_0040,D. Bansal,VEHICLE_00273,An individual resembling D. Bansal was observed in the vicinity of LOCATION_0040.,FIELD_SURVEILLANCE_UNIT,0.56
SURV_03622,,2024-12-04 11:21:34,LOCATION_0084,Pooja Mishra,,Pooja Mishra was observed near LOCATION_0084; no unusual activity reported.,FIELD_SURVEILLANCE_UNIT,0.82
SURV_03623,,2026-04-11 07:32:36,LOCATION_0128,Priya Malhotra,VEHICLE_00440,Priya Malhotra was observed near LOCATION_0128; no unusual activity reported.,FIELD_SURVEILLANCE_UNIT,0.65
SURV_03624,,2026-01-26 06:43:11,LOCATION_0051,tanvi kulkarni,,An individual resembling tanvi kulkarni was observed in the vicinity of LOCATION_0051.,FIELD_SURVEILLANCE_UNIT,0.59
SURV_03625,,2026-05-19 00:49:52,LOCATION_0175,Anita Verma,,Anita Verma was observed near LOCATION_0175; no unusual activity reported.,FIELD_SURVEILLANCE_UNIT,0.73
SURV_03626,,2025-10-20 13:27:33,LOCATION_0195,ManjuReddy,VEHICLE_00745,An individual resembling ManjuReddy was observed in the vicinity of LOCATION_0195.,FIELD_SURVEILLANCE_UNIT,0.74
SURV_03627,,2025-11-25 22:20:14,LOCATION_0219,Rajesh Bansal,,Rajesh Bansal was observed near LOCATION_0219; no unusual activity reported.,FIELD_SURVEILLANCE_UNIT,0.74
SURV_03628,,2024-07-24 16:22:55,LOCATION_0200,SWATI CHOUDHARY,,An individual resembling SWATI CHOUDHARY was observed in the vicinity of LOCATION_0200.,FIELD_SURVEILLANCE_UNIT,0.77
SURV_03629,,2026-05-06 17:12:34,LOCATION_0059,Swati Nair,VEHICLE_00082,Swati Nair was observed near LOCATION_0059; no unusual activity reported.,FIELD_SURVEILLANCE_UNIT,0.81
SURV_03630,,2026-01-25 11:11:14,LOCATION_0164,Anil Reddy,,Anil Reddy was observed near LOCATION_0164; no unusual activity reported.,FIELD_SURVEILLANCE_UNIT,0.65
SURV_03631,,2024-03-01 19:31:13,LOCATION_0149,M. Reddy,,An individual resembling M. Reddy was observed in the vicinity of LOCATION_0149.,FIELD_SURVEILLANCE_UNIT,0.87
SURV_03632,,2024-11-25 20:02:29,LOCATION_0274,Rahul S.,VEHICLE_00757,An individual resembling Rahul S. was observed in the vicinity of LOCATION_0274.,FIELD_SURVEILLANCE_UNIT,0.67
SURV_03633,,2024-03-22 01:00:33,LOCATION_0271,Sunita Iyer,VEHICLE_00230,An individual resembling Sunita Iyer was observed in the vicinity of LOCATION_0271.,FIELD_SURVEILLANCE_UNIT,0.56
SURV_03634,,2025-05-08 18:54:11,LOCATION_0107,Rajesh Chauhan,VEHICLE_00121,Rajesh Chauhan was observed near LOCATION_0107; no unusual activity reported.,FIELD_SURVEILLANCE_UNIT,0.78
SURV_03635,,2025-11-16 14:02:45,LOCATION_0020,Harish Mishra,VEHICLE_00358,An individual resembling Harish Mishra was observed in the vicinity of LOCATION_0020.,FIELD_SURVEILLANCE_UNIT,0.79
SURV_03636,,2024-03-08 04:11:32,LOCATION_0089,Manju M.,,An individual resembling Manju M. was observed in the vicinity of LOCATION_0089.,FIELD_SURVEILLANCE_UNIT,0.8
SURV_03637,,2025-06-12 04:18:50,LOCATION_0220,Isha Reddy,,Isha Reddy was observed near LOCATION_0220; no unusual activity reported.,FIELD_SURVEILLANCE_UNIT,0.78
SURV_03638,,2025-06-14 06:56:55,LOCATION_0069,Rekha R.,,An individual resembling Rekha R. was observed in the vicinity of LOCATION_0069.,FIELD_SURVEILLANCE_UNIT,0.64
SURV_03639,,2024-05-02 16:18:21,LOCATION_0140,Shalini Singh,VEHICLE_00576,Shalini Singh was observed near LOCATION_0140; no unusual activity reported.,FIELD_SURVEILLANCE_UNIT,0.68
SURV_03640,,2024-05-04 15:56:47,LOCATION_0283,P. Chauhan,,An individual resembling P. Chauhan was observed in the vicinity of LOCATION_0283.,FIELD_SURVEILLANCE_UNIT,0.63
SURV_03641,,2024-11-03 17:02:50,LOCATION_0164,Rekha Nair,VEHICLE_00429,Rekha Nair was observed near LOCATION_0164; no unusual activity reported.,FIELD_SURVEILLANCE_UNIT,0.66
SURV_03642,,2024-04-09 19:22:38,LOCATION_0222,Alka Reddy,,Alka Reddy was observed near LOCATION_0222; no unusual activity reported.,FIELD_SURVEILLANCE_UNIT,0.73
SURV_03643,,2024-08-02 22:11:29,LOCATION_0068,Aman Mishra,VEHICLE_00128,Aman Mishra was observed near LOCATION_0068; no unusual activity reported.,FIELD_SURVEILLANCE_UNIT,0.69
SURV_03644,,2024-11-29 11:52:28,LOCATION_0289,Suresh Meena,VEHICLE_00244,Suresh Meena was observed near LOCATION_0289; no unusual activity reported.,FIELD_SURVEILLANCE_UNIT,0.85
SURV_03645,,2024-11-06 01:06:24,LOCATION_0170,Deepak Malhotra,VEHICLE_00359,Deepak Malhotra was observed near LOCATION_0170; no unusual activity reported.,FIELD_SURVEILLANCE_UNIT,0.84
SURV_03646,,2024-02-01 23:35:46,LOCATION_0206,A. Iyer,VEHICLE_00012,An individual resembling A. Iyer was observed in the vicinity of LOCATION_0206.,FIELD_SURVEILLANCE_UNIT,0.7
SURV_03647,,2024-05-05 22:37:05,LOCATION_0042,Sanjay Kulkarni,VEHICLE_00679,Sanjay Kulkarni was observed near LOCATION_0042; no unusual activity reported.,FIELD_SURVEILLANCE_UNIT,0.8
SURV_03648,,2025-01-15 18:32:27,LOCATION_0030,Rahul N.,VEHICLE_00341,An individual resembling Rahul N. was observed in the vicinity of LOCATION_0030.,FIELD_SURVEILLANCE_UNIT,0.69
SURV_03649,,2025-04-05 21:20:14,LOCATION_0268,Rohit Kapoor,VEHICLE_00150,Rohit Kapoor was observed near LOCATION_0268; no unusual activity reported.,FIELD_SURVEILLANCE_UNIT,0.86
SURV_03650,,2024-03-02 11:56:35,LOCATION_0029,Pankaj Verma,VEHICLE_00755,Pankaj Verma was observed near LOCATION_0029; no unusual activity reported.,FIELD_SURVEILLANCE_UNIT,0.62
SURV_03651,,2024-03-08 23:56:07,LOCATION_0012,Arjun Naidu,,An individual resembling Arjun Naidu was observed in the vicinity of LOCATION_0012.,FIELD_SURVEILLANCE_UNIT,0.61
SURV_03652,,2025-11-27 17:06:51,LOCATION_0141,Nikhil M.,VEHICLE_00666,An individual resembling Nikhil M. was observed in the vicinity of LOCATION_0141.,FIELD_SURVEILLANCE_UNIT,0.77
SURV_03653,,2024-02-03 15:16:28,LOCATION_0155,Anjali Singh,VEHICLE_00639,Anjali Singh was observed near LOCATION_0155; no unusual activity reported.,FIELD_SURVEILLANCE_UNIT,0.71
SURV_03654,,2026-03-28 17:05:11,LOCATION_0027,Ritu Pandey,,Ritu Pandey was observed near LOCATION_0027; no unusual activity reported.,FIELD_SURVEILLANCE_UNIT,0.86
SURV_03655,,2025-10-17 13:02:37,LOCATION_0281,AmitYadav,,An individual resembling AmitYadav was observed in the vicinity of LOCATION_0281.,FIELD_SURVEILLANCE_UNIT,0.87
SURV_03656,,2026-06-23 04:15:31,LOCATION_0111,RaviChauhan,,An individual resembling RaviChauhan was observed in the vicinity of LOCATION_0111.,FIELD_SURVEILLANCE_UNIT,0.64
SURV_03657,,2026-01-07 06:21:03,LOCATION_0190,Sanjay Bhatt,,Sanjay Bhatt was observed near LOCATION_0190; no unusual activity reported.,FIELD_SURVEILLANCE_UNIT,0.56
SURV_03658,,2025-07-04 18:58:52,LOCATION_0050,Ritu Meena,VEHICLE_00575,An individual resembling Ritu Meena was observed in the vicinity of LOCATION_0050.,FIELD_SURVEILLANCE_UNIT,0.63
SURV_03659,,2025-01-23 17:47:11,LOCATION_0041,Deepika Chauhan,VEHICLE_00328,Deepika Chauhan was observed near LOCATION_0041; no unusual activity reported.,FIELD_SURVEILLANCE_UNIT,0.9
SURV_03660,,2024-06-26 23:31:10,LOCATION_0261,Rajesh Saxena,,Rajesh Saxena was observed near LOCATION_0261; no unusual activity reported.,FIELD_SURVEILLANCE_UNIT,0.79
SURV_03661,,2025-07-16 15:03:31,LOCATION_0231,YashRathore,,An individual resembling YashRathore was observed in the vicinity of LOCATION_0231.,FIELD_SURVEILLANCE_UNIT,0.73
SURV_03662,,2025-02-24 13:11:14,LOCATION_0213,VikramRathore,VEHICLE_00031,An individual resembling VikramRathore was observed in the vicinity of LOCATION_0213.,FIELD_SURVEILLANCE_UNIT,0.82
SURV_03663,,2026-06-24 02:14:04,LOCATION_0062,Deepak Naidu,VEHICLE_00423,Deepak Naidu was observed near LOCATION_0062; no unusual activity reported.,FIELD_SURVEILLANCE_UNIT,0.67
SURV_03664,,2024-11-30 01:06:08,LOCATION_0043,Nisha Rathore,,Nisha Rathore was observed near LOCATION_0043; no unusual activity reported.,FIELD_SURVEILLANCE_UNIT,0.56
SURV_03665,,2025-12-23 07:13:03,LOCATION_0077,VivekGupta,,An individual resembling VivekGupta was observed in the vicinity of LOCATION_0077.,FIELD_SURVEILLANCE_UNIT,0.63
SURV_03666,,2026-06-16 22:33:45,LOCATION_0169,Sonia Iyer,,Sonia Iyer was observed near LOCATION_0169; no unusual activity reported.,FIELD_SURVEILLANCE_UNIT,0.89
SURV_03667,,2026-05-08 08:36:27,LOCATION_0260,RajeshMishra,VEHICLE_00461,An individual resembling RajeshMishra was observed in the vicinity of LOCATION_0260.,FIELD_SURVEILLANCE_UNIT,0.7
SURV_03668,,2025-01-26 11:42:43,LOCATION_0135,A. Nair,,An individual resembling A. Nair was observed in the vicinity of LOCATION_0135.,FIELD_SURVEILLANCE_UNIT,0.56
SURV_03669,,2025-02-17 10:06:12,LOCATION_0135,Gaurav Singh,VEHICLE_00245,Gaurav Singh was observed near LOCATION_0135; no unusual activity reported.,FIELD_SURVEILLANCE_UNIT,0.67
SURV_03670,,2024-06-17 13:43:42,LOCATION_0159,Manoj Reddy,,Manoj Reddy was observed near LOCATION_0159; no unusual activity reported.,FIELD_SURVEILLANCE_UNIT,0.76
SURV_03671,,2024-09-21 09:06:09,LOCATION_0015,RAHUL CHOUDHARY,,An individual resembling RAHUL CHOUDHARY was observed in the vicinity of LOCATION_0015.,FIELD_SURVEILLANCE_UNIT,0.8
SURV_03672,,2024-05-03 09:26:22,LOCATION_0116,simran agarwal,,An individual resembling simran agarwal was observed in the vicinity of LOCATION_0116.,FIELD_SURVEILLANCE_UNIT,0.62
SURV_03673,,2025-06-14 05:36:54,LOCATION_0250,isha malhotra,,An individual resembling isha malhotra was observed in the vicinity of LOCATION_0250.,FIELD_SURVEILLANCE_UNIT,0.84
SURV_03674,,2025-06-19 03:47:57,LOCATION_0194,Isha B.,,An individual resembling Isha B. was observed in the vicinity of LOCATION_0194.,FIELD_SURVEILLANCE_UNIT,0.67
SURV_03675,,2025-06-02 22:08:07,LOCATION_0020,V. Chauhan,,An individual resembling V. Chauhan was observed in the vicinity of LOCATION_0020.,FIELD_SURVEILLANCE_UNIT,0.81
SURV_03676,,2025-12-20 13:01:46,LOCATION_0172,RekhaBansal,VEHICLE_00616,An individual resembling RekhaBansal was observed in the vicinity of LOCATION_0172.,FIELD_SURVEILLANCE_UNIT,0.74
SURV_03677,,2024-11-17 15:29:43,LOCATION_0200,Deepika T.,VEHICLE_00388,An individual resembling Deepika T. was observed in the vicinity of LOCATION_0200.,FIELD_SURVEILLANCE_UNIT,0.85
SURV_03678,,2026-04-18 09:17:52,LOCATION_0176,Sanjay Saxena,,An individual resembling Sanjay Saxena was observed in the vicinity of LOCATION_0176.,FIELD_SURVEILLANCE_UNIT,0.77
SURV_03679,,2025-10-18 15:18:05,LOCATION_0210,Arjun Singh,,Arjun Singh was observed near LOCATION_0210; no unusual activity reported.,FIELD_SURVEILLANCE_UNIT,0.58
SURV_03680,,2026-05-10 04:55:08,LOCATION_0186,AnitaSaxena,,An individual resembling AnitaSaxena was observed in the vicinity of LOCATION_0186.,FIELD_SURVEILLANCE_UNIT,0.63
SURV_03681,,2025-04-23 08:13:12,LOCATION_0102,Manoj I.,VEHICLE_00740,An individual resembling Manoj I. was observed in the vicinity of LOCATION_0102.,FIELD_SURVEILLANCE_UNIT,0.8
SURV_03682,,2024-10-21 19:41:47,LOCATION_0049,Manju Yadav,,Manju Yadav was observed near LOCATION_0049; no unusual activity reported.,FIELD_SURVEILLANCE_UNIT,0.74
SURV_03683,,2025-04-20 03:30:15,LOCATION_0288,Sandeep Iyer,,Sandeep Iyer was observed near LOCATION_0288; no unusual activity reported.,FIELD_SURVEILLANCE_UNIT,0.88
SURV_03684,,2025-07-07 23:05:23,LOCATION_0255,Karan Yadav,,Karan Yadav was observed near LOCATION_0255; no unusual activity reported.,FIELD_SURVEILLANCE_UNIT,0.57
SURV_03685,,2026-05-05 12:48:18,LOCATION_0191,Vivek Iyer,VEHICLE_00377,Vivek Iyer was observed near LOCATION_0191; no unusual activity reported.,FIELD_SURVEILLANCE_UNIT,0.73
SURV_03686,,2026-03-27 20:55:51,LOCATION_0174,Isha Mishra,VEHICLE_00164,Isha Mishra was observed near LOCATION_0174; no unusual activity reported.,FIELD_SURVEILLANCE_UNIT,0.6
SURV_03687,,2024-09-22 13:59:39,LOCATION_0066,Sonia Bhatt,,Sonia Bhatt was observed near LOCATION_0066; no unusual activity reported.,FIELD_SURVEILLANCE_UNIT,0.9
SURV_03688,,2024-07-21 02:52:41,LOCATION_0230,Nikhil Reddy,VEHICLE_00580,Nikhil Reddy was observed near LOCATION_0230; no unusual activity reported.,FIELD_SURVEILLANCE_UNIT,0.89
SURV_03689,,2025-10-02 09:00:58,LOCATION_0090,KaranBhatt,VEHICLE_00222,An individual resembling KaranBhatt was observed in the vicinity of LOCATION_0090.,FIELD_SURVEILLANCE_UNIT,0.81
SURV_03690,,2025-02-20 08:06:56,LOCATION_0027,Kirti Joshi,VEHICLE_00102,Kirti Joshi was observed near LOCATION_0027; no unusual activity reported.,FIELD_SURVEILLANCE_UNIT,0.58
SURV_03691,,2026-01-06 08:05:07,LOCATION_0300,Rohit Joshi,VEHICLE_00732,Rohit Joshi was observed near LOCATION_0300; no unusual activity reported.,FIELD_SURVEILLANCE_UNIT,0.81
SURV_03692,,2026-05-06 01:50:24,LOCATION_0066,V. Iyer,,An individual resembling V. Iyer was observed in the vicinity of LOCATION_0066.,FIELD_SURVEILLANCE_UNIT,0.89
SURV_03693,,2024-05-12 03:04:05,LOCATION_0112,anil chauhan,VEHICLE_00223,An individual resembling anil chauhan was observed in the vicinity of LOCATION_0112.,FIELD_SURVEILLANCE_UNIT,0.73
SURV_03694,,2026-03-20 18:06:56,LOCATION_0014,S. Saxena,,An individual resembling S. Saxena was observed in the vicinity of LOCATION_0014.,FIELD_SURVEILLANCE_UNIT,0.55
SURV_03695,,2024-06-29 22:06:34,LOCATION_0184,Mohit Joshi,,Mohit Joshi was observed near LOCATION_0184; no unusual activity reported.,FIELD_SURVEILLANCE_UNIT,0.57
SURV_03696,,2025-12-09 12:56:50,LOCATION_0048,Preeti Bhatt,,Preeti Bhatt was observed near LOCATION_0048; no unusual activity reported.,FIELD_SURVEILLANCE_UNIT,0.6
SURV_03697,,2024-10-09 07:35:21,LOCATION_0205,Isha K.,VEHICLE_00640,An individual resembling Isha K. was observed in the vicinity of LOCATION_0205.,FIELD_SURVEILLANCE_UNIT,0.66
SURV_03698,,2024-05-30 05:19:14,LOCATION_0215,Manoj Iyer,VEHICLE_00155,Manoj Iyer was observed near LOCATION_0215; no unusual activity reported.,FIELD_SURVEILLANCE_UNIT,0.87
SURV_03699,,2025-07-02 01:23:29,LOCATION_0173,Rohit Singh,VEHICLE_00033,Rohit Singh was observed near LOCATION_0173; no unusual activity reported.,FIELD_SURVEILLANCE_UNIT,0.82
SURV_03700,,2024-09-21 11:53:00,LOCATION_0057,Ravi Yadav,VEHICLE_00534,Ravi Yadav was observed near LOCATION_0057; no unusual activity reported.,FIELD_SURVEILLANCE_UNIT,0.74
SURV_03701,,2025-08-30 09:56:33,LOCATION_0293,P. Bhatt,,An individual resembling P. Bhatt was observed in the vicinity of LOCATION_0293.,FIELD_SURVEILLANCE_UNIT,0.63
SURV_03702,,2024-03-16 09:23:58,LOCATION_0211,amit bansal,VEHICLE_00314,An individual resembling amit bansal was observed in the vicinity of LOCATION_0211.,FIELD_SURVEILLANCE_UNIT,0.79
SURV_03703,,2025-08-21 05:49:54,LOCATION_0286,Rohit Singh,,Rohit Singh was observed near LOCATION_0286; no unusual activity reported.,FIELD_SURVEILLANCE_UNIT,0.9
SURV_03704,,2026-01-12 23:38:11,LOCATION_0138,Simran Joshi,,Simran Joshi was observed near LOCATION_0138; no unusual activity reported.,FIELD_SURVEILLANCE_UNIT,0.8
SURV_03705,,2025-09-23 15:13:28,LOCATION_0249,Simran Choudhary,VEHICLE_00159,Simran Choudhary was observed near LOCATION_0249; no unusual activity reported.,FIELD_SURVEILLANCE_UNIT,0.87
SURV_03706,,2024-12-26 07:14:10,LOCATION_0205,Aman Bansal,,Aman Bansal was observed near LOCATION_0205; no unusual activity reported.,FIELD_SURVEILLANCE_UNIT,0.81
SURV_03707,,2024-06-02 06:00:25,LOCATION_0120,Sonia Rathore,VEHICLE_00417,Sonia Rathore was observed near LOCATION_0120; no unusual activity reported.,FIELD_SURVEILLANCE_UNIT,0.75
SURV_03708,,2024-05-23 02:51:05,LOCATION_0011,Harish Gupta,,Harish Gupta was observed near LOCATION_0011; no unusual activity reported.,FIELD_SURVEILLANCE_UNIT,0.76
SURV_03709,,2024-11-16 20:27:41,LOCATION_0029,Nikhil Mishra,,Nikhil Mishra was observed near LOCATION_0029; no unusual activity reported.,FIELD_SURVEILLANCE_UNIT,0.81
SURV_03710,,2024-06-18 02:14:22,LOCATION_0137,Manju Nair,,Manju Nair was observed near LOCATION_0137; no unusual activity reported.,FIELD_SURVEILLANCE_UNIT,0.71
SURV_03711,,2026-04-08 01:35:40,LOCATION_0225,Kirti Gupta,,An individual resembling Kirti Gupta was observed in the vicinity of LOCATION_0225.,FIELD_SURVEILLANCE_UNIT,0.81
SURV_03712,,2025-05-23 23:14:36,LOCATION_0143,Anita Yadav,,Anita Yadav was observed near LOCATION_0143; no unusual activity reported.,FIELD_SURVEILLANCE_UNIT,0.6
SURV_03713,,2025-08-04 03:25:02,LOCATION_0187,Ritu Pandey,VEHICLE_00085,An individual resembling Ritu Pandey was observed in the vicinity of LOCATION_0187.,FIELD_SURVEILLANCE_UNIT,0.73
SURV_03714,,2026-04-11 14:25:53,LOCATION_0200,Ashok Tiwari,,Ashok Tiwari was observed near LOCATION_0200; no unusual activity reported.,FIELD_SURVEILLANCE_UNIT,0.7
SURV_03715,,2025-09-17 08:00:43,LOCATION_0202,Sandeep Naidu,,Sandeep Naidu was observed near LOCATION_0202; no unusual activity reported.,FIELD_SURVEILLANCE_UNIT,0.71
SURV_03716,,2025-09-02 01:16:59,LOCATION_0149,Deepika Joshi,,Deepika Joshi was observed near LOCATION_0149; no unusual activity reported.,FIELD_SURVEILLANCE_UNIT,0.8
SURV_03717,,2026-03-05 17:25:58,LOCATION_0126,Rohit Singh,,Rohit Singh was observed near LOCATION_0126; no unusual activity reported.,FIELD_SURVEILLANCE_UNIT,0.65
SURV_03718,,2026-05-10 13:06:08,LOCATION_0149,ArjunIyer,,An individual resembling ArjunIyer was observed in the vicinity of LOCATION_0149.,FIELD_SURVEILLANCE_UNIT,0.87
SURV_03719,,2026-05-27 20:10:09,LOCATION_0093,VIVEK MEENA,VEHICLE_00525,An individual resembling VIVEK MEENA was observed in the vicinity of LOCATION_0093.,FIELD_SURVEILLANCE_UNIT,0.86
SURV_03720,,2024-01-05 02:59:38,LOCATION_0164,Anita Rathore,,Anita Rathore was observed near LOCATION_0164; no unusual activity reported.,FIELD_SURVEILLANCE_UNIT,0.74
SURV_03721,,2024-08-26 18:42:04,LOCATION_0170,Priya Naidu,VEHICLE_00043,Priya Naidu was observed near LOCATION_0170; no unusual activity reported.,FIELD_SURVEILLANCE_UNIT,0.78
SURV_03722,,2025-06-30 09:59:14,LOCATION_0199,Suresh Bansal,VEHICLE_00295,Suresh Bansal was observed near LOCATION_0199; no unusual activity reported.,FIELD_SURVEILLANCE_UNIT,0.69
SURV_03723,,2025-04-19 17:16:31,LOCATION_0174,Karan Chauhan,,Karan Chauhan was observed near LOCATION_0174; no unusual activity reported.,FIELD_SURVEILLANCE_UNIT,0.59
SURV_03724,,2024-06-15 17:18:49,LOCATION_0229,VIKRAM IYER,VEHICLE_00476,An individual resembling VIKRAM IYER was observed in the vicinity of LOCATION_0229.,FIELD_SURVEILLANCE_UNIT,0.64
SURV_03725,,2024-05-13 06:48:54,LOCATION_0232,Geeta Bhatt,VEHICLE_00515,Geeta Bhatt was observed near LOCATION_0232; no unusual activity reported.,FIELD_SURVEILLANCE_UNIT,0.8
SURV_03726,,2026-04-17 12:59:45,LOCATION_0023,Ravi K.,VEHICLE_00017,An individual resembling Ravi K. was observed in the vicinity of LOCATION_0023.,FIELD_SURVEILLANCE_UNIT,0.67
SURV_03727,,2025-12-27 22:36:00,LOCATION_0263,M. Bansal,VEHICLE_00512,An individual resembling M. Bansal was observed in the vicinity of LOCATION_0263.,FIELD_SURVEILLANCE_UNIT,0.59
SURV_03728,,2026-06-21 13:37:03,LOCATION_0066,Rajesh Choudhary,VEHICLE_00374,Rajesh Choudhary was observed near LOCATION_0066; no unusual activity reported.,FIELD_SURVEILLANCE_UNIT,0.88
SURV_03729,,2024-10-21 14:49:15,LOCATION_0103,Deepak Meena,VEHICLE_00727,Deepak Meena was observed near LOCATION_0103; no unusual activity reported.,FIELD_SURVEILLANCE_UNIT,0.66
SURV_03730,,2024-06-16 10:27:36,LOCATION_0040,S. Iyer,VEHICLE_00122,An individual resembling S. Iyer was observed in the vicinity of LOCATION_0040.,FIELD_SURVEILLANCE_UNIT,0.75
SURV_03731,,2026-01-16 07:05:49,LOCATION_0176,R. Bhatt,VEHICLE_00690,An individual resembling R. Bhatt was observed in the vicinity of LOCATION_0176.,FIELD_SURVEILLANCE_UNIT,0.79
SURV_03732,,2026-04-11 10:56:59,LOCATION_0171,RaviSaxena,VEHICLE_00684,An individual resembling RaviSaxena was observed in the vicinity of LOCATION_0171.,FIELD_SURVEILLANCE_UNIT,0.72
SURV_03733,,2025-04-08 06:20:16,LOCATION_0190,A. Rathore,,An individual resembling A. Rathore was observed in the vicinity of LOCATION_0190.,FIELD_SURVEILLANCE_UNIT,0.84
SURV_03734,,2025-12-14 10:34:25,LOCATION_0066,PRIYA PANDEY,VEHICLE_00027,An individual resembling PRIYA PANDEY was observed in the vicinity of LOCATION_0066.,FIELD_SURVEILLANCE_UNIT,0.87
SURV_03735,,2024-07-16 12:02:39,LOCATION_0170,DIVYA RATHORE,,An individual resembling DIVYA RATHORE was observed in the vicinity of LOCATION_0170.,FIELD_SURVEILLANCE_UNIT,0.76
SURV_03736,,2025-02-27 05:51:42,LOCATION_0043,AlkaSingh,,An individual resembling AlkaSingh was observed in the vicinity of LOCATION_0043.,FIELD_SURVEILLANCE_UNIT,0.7
SURV_03737,,2024-05-29 11:59:24,LOCATION_0291,KavitaNaidu,VEHICLE_00718,An individual resembling KavitaNaidu was observed in the vicinity of LOCATION_0291.,FIELD_SURVEILLANCE_UNIT,0.68
SURV_03738,,2025-03-29 06:30:59,LOCATION_0181,pankaj rathore,,An individual resembling pankaj rathore was observed in the vicinity of LOCATION_0181.,FIELD_SURVEILLANCE_UNIT,0.61
SURV_03739,,2025-10-06 06:22:53,LOCATION_0137,Meena Bansal,VEHICLE_00078,Meena Bansal was observed near LOCATION_0137; no unusual activity reported.,FIELD_SURVEILLANCE_UNIT,0.63
SURV_03740,,2025-06-21 07:06:14,LOCATION_0076,Amit R.,,An individual resembling Amit R. was observed in the vicinity of LOCATION_0076.,FIELD_SURVEILLANCE_UNIT,0.85
SURV_03741,,2024-01-13 16:26:32,LOCATION_0068,Amit Bhatt,VEHICLE_00339,Amit Bhatt was observed near LOCATION_0068; no unusual activity reported.,FIELD_SURVEILLANCE_UNIT,0.67
SURV_03742,,2024-08-24 16:07:01,LOCATION_0244,rahul joshi,VEHICLE_00428,An individual resembling rahul joshi was observed in the vicinity of LOCATION_0244.,FIELD_SURVEILLANCE_UNIT,0.61
SURV_03743,,2026-01-16 08:12:11,LOCATION_0027,Mohit Verma,,Mohit Verma was observed near LOCATION_0027; no unusual activity reported.,FIELD_SURVEILLANCE_UNIT,0.62
SURV_03744,,2024-12-18 03:13:41,LOCATION_0175,ManojIyer,VEHICLE_00155,An individual resembling ManojIyer was observed in the vicinity of LOCATION_0175.,FIELD_SURVEILLANCE_UNIT,0.66
SURV_03745,,2024-07-12 12:38:27,LOCATION_0115,Rekha Joshi,,Rekha Joshi was observed near LOCATION_0115; no unusual activity reported.,FIELD_SURVEILLANCE_UNIT,0.87
SURV_03746,,2025-01-07 23:27:58,LOCATION_0066,Nisha Naidu,,Nisha Naidu was observed near LOCATION_0066; no unusual activity reported.,FIELD_SURVEILLANCE_UNIT,0.83
SURV_03747,,2025-07-09 18:25:09,LOCATION_0153,VIKRAM RATHORE,VEHICLE_00274,An individual resembling VIKRAM RATHORE was observed in the vicinity of LOCATION_0153.,FIELD_SURVEILLANCE_UNIT,0.86
SURV_03748,,2026-05-02 00:22:00,LOCATION_0282,Anita Reddy,VEHICLE_00237,Anita Reddy was observed near LOCATION_0282; no unusual activity reported.,FIELD_SURVEILLANCE_UNIT,0.74
SURV_03749,,2024-07-06 20:46:06,LOCATION_0167,NISHA CHOUDHARY,,An individual resembling NISHA CHOUDHARY was observed in the vicinity of LOCATION_0167.,FIELD_SURVEILLANCE_UNIT,0.6
SURV_03750,,2025-04-08 07:22:00,LOCATION_0272,Shalini Nair,VEHICLE_00228,Shalini Nair was observed near LOCATION_0272; no unusual activity reported.,FIELD_SURVEILLANCE_UNIT,0.77
SURV_03751,,2025-08-31 05:58:11,LOCATION_0004,Rekha Naidu,VEHICLE_00445,Rekha Naidu was observed near LOCATION_0004; no unusual activity reported.,FIELD_SURVEILLANCE_UNIT,0.64
SURV_03752,,2025-01-11 19:48:15,LOCATION_0140,Mohit Pandey,,Mohit Pandey was observed near LOCATION_0140; no unusual activity reported.,FIELD_SURVEILLANCE_UNIT,0.87
SURV_03753,,2024-01-18 22:25:15,LOCATION_0206,KaranBansal,VEHICLE_00075,An individual resembling KaranBansal was observed in the vicinity of LOCATION_0206.,FIELD_SURVEILLANCE_UNIT,0.83
SURV_03754,,2024-07-01 17:09:08,LOCATION_0284,Nikhil Joshi,VEHICLE_00530,Nikhil Joshi was observed near LOCATION_0284; no unusual activity reported.,FIELD_SURVEILLANCE_UNIT,0.59
SURV_03755,,2025-05-12 09:50:29,LOCATION_0297,PriyaChoudhary,,An individual resembling PriyaChoudhary was observed in the vicinity of LOCATION_0297.,FIELD_SURVEILLANCE_UNIT,0.87
SURV_03756,,2024-12-27 07:01:37,LOCATION_0040,Isha Singh,VEHICLE_00681,Isha Singh was observed near LOCATION_0040; no unusual activity reported.,FIELD_SURVEILLANCE_UNIT,0.89
SURV_03757,,2024-01-13 04:20:04,LOCATION_0189,Mohit C.,,An individual resembling Mohit C. was observed in the vicinity of LOCATION_0189.,FIELD_SURVEILLANCE_UNIT,0.8
SURV_03758,,2025-06-21 21:20:06,LOCATION_0206,A. Iyer,VEHICLE_00012,An individual resembling A. Iyer was observed in the vicinity of LOCATION_0206.,FIELD_SURVEILLANCE_UNIT,0.62
SURV_03759,,2024-03-01 18:07:14,LOCATION_0032,Priya Gupta,VEHICLE_00288,An individual resembling Priya Gupta was observed in the vicinity of LOCATION_0032.,FIELD_SURVEILLANCE_UNIT,0.7
SURV_03760,,2025-01-04 00:19:15,LOCATION_0267,Vikram Rathore,,Vikram Rathore was observed near LOCATION_0267; no unusual activity reported.,FIELD_SURVEILLANCE_UNIT,0.6
SURV_03761,,2024-11-16 11:30:38,LOCATION_0012,G. Bhatt,VEHICLE_00515,An individual resembling G. Bhatt was observed in the vicinity of LOCATION_0012.,FIELD_SURVEILLANCE_UNIT,0.9
SURV_03762,,2024-08-19 21:57:22,LOCATION_0153,Nikhil Iyer,,Nikhil Iyer was observed near LOCATION_0153; no unusual activity reported.,FIELD_SURVEILLANCE_UNIT,0.62
SURV_03763,,2025-01-28 11:14:04,LOCATION_0070,deepak pandey,,An individual resembling deepak pandey was observed in the vicinity of LOCATION_0070.,FIELD_SURVEILLANCE_UNIT,0.89
SURV_03764,,2026-01-14 15:40:21,LOCATION_0122,NehaPandey,,An individual resembling NehaPandey was observed in the vicinity of LOCATION_0122.,FIELD_SURVEILLANCE_UNIT,0.71
SURV_03765,,2024-09-25 08:45:54,LOCATION_0210,Manoj Agarwal,,Manoj Agarwal was observed near LOCATION_0210; no unusual activity reported.,FIELD_SURVEILLANCE_UNIT,0.62
SURV_03766,,2025-03-02 18:46:41,LOCATION_0237,Sunita Gupta,VEHICLE_00179,Sunita Gupta was observed near LOCATION_0237; no unusual activity reported.,FIELD_SURVEILLANCE_UNIT,0.84
SURV_03767,,2025-02-28 13:51:36,LOCATION_0266,Sanjay Kapoor,VEHICLE_00165,Sanjay Kapoor was observed near LOCATION_0266; no unusual activity reported.,FIELD_SURVEILLANCE_UNIT,0.75
SURV_03768,,2025-04-08 23:21:38,LOCATION_0065,G. Reddy,VEHICLE_00376,An individual resembling G. Reddy was observed in the vicinity of LOCATION_0065.,FIELD_SURVEILLANCE_UNIT,0.68
SURV_03769,,2024-08-27 20:47:24,LOCATION_0137,Ritu Gupta,,Ritu Gupta was observed near LOCATION_0137; no unusual activity reported.,FIELD_SURVEILLANCE_UNIT,0.68
SURV_03770,,2025-06-14 21:15:36,LOCATION_0100,VikramChauhan,,An individual resembling VikramChauhan was observed in the vicinity of LOCATION_0100.,FIELD_SURVEILLANCE_UNIT,0.59
SURV_03771,,2025-12-23 20:27:54,LOCATION_0280,Mohit Pandey,,Mohit Pandey was observed near LOCATION_0280; no unusual activity reported.,FIELD_SURVEILLANCE_UNIT,0.71
SURV_03772,,2024-04-25 11:04:10,LOCATION_0037,vikram rathore,,An individual resembling vikram rathore was observed in the vicinity of LOCATION_0037.,FIELD_SURVEILLANCE_UNIT,0.74
SURV_03773,,2026-03-02 08:57:54,LOCATION_0247,SONIA YADAV,VEHICLE_00306,An individual resembling SONIA YADAV was observed in the vicinity of LOCATION_0247.,FIELD_SURVEILLANCE_UNIT,0.56
SURV_03774,,2026-06-15 13:31:43,LOCATION_0057,Mohit Meena,,Mohit Meena was observed near LOCATION_0057; no unusual activity reported.,FIELD_SURVEILLANCE_UNIT,0.62
SURV_03775,,2025-07-15 04:26:13,LOCATION_0256,RajeshReddy,VEHICLE_00401,An individual resembling RajeshReddy was observed in the vicinity of LOCATION_0256.,FIELD_SURVEILLANCE_UNIT,0.67
SURV_03776,,2026-04-23 09:19:22,LOCATION_0233,R. Bansal,VEHICLE_00029,An individual resembling R. Bansal was observed in the vicinity of LOCATION_0233.,FIELD_SURVEILLANCE_UNIT,0.58
SURV_03777,,2026-05-09 21:34:12,LOCATION_0135,Alka Gupta,,Alka Gupta was observed near LOCATION_0135; no unusual activity reported.,FIELD_SURVEILLANCE_UNIT,0.56
SURV_03778,,2025-08-24 23:30:00,LOCATION_0250,Yash Agarwal,,Yash Agarwal was observed near LOCATION_0250; no unusual activity reported.,FIELD_SURVEILLANCE_UNIT,0.58
SURV_03779,,2025-03-31 19:58:47,LOCATION_0037,G. Pandey,,An individual resembling G. Pandey was observed in the vicinity of LOCATION_0037.,FIELD_SURVEILLANCE_UNIT,0.57
SURV_03780,,2024-08-16 02:45:06,LOCATION_0014,RahulGupta,VEHICLE_00441,An individual resembling RahulGupta was observed in the vicinity of LOCATION_0014.,FIELD_SURVEILLANCE_UNIT,0.73
SURV_03781,,2024-07-23 11:09:04,LOCATION_0070,Ashok Sharma,VEHICLE_00695,Ashok Sharma was observed near LOCATION_0070; no unusual activity reported.,FIELD_SURVEILLANCE_UNIT,0.66
SURV_03782,,2025-09-26 23:10:56,LOCATION_0108,A. Saxena,,An individual resembling A. Saxena was observed in the vicinity of LOCATION_0108.,FIELD_SURVEILLANCE_UNIT,0.79
SURV_03783,,2024-10-05 02:52:21,LOCATION_0187,Neha Gupta,,Neha Gupta was observed near LOCATION_0187; no unusual activity reported.,FIELD_SURVEILLANCE_UNIT,0.58
SURV_03784,,2024-10-11 04:27:50,LOCATION_0279,Sonia Iyer,,An individual resembling Sonia Iyer was observed in the vicinity of LOCATION_0279.,FIELD_SURVEILLANCE_UNIT,0.64
SURV_03785,,2024-01-21 15:08:29,LOCATION_0080,Aman Verma,VEHICLE_00214,Aman Verma was observed near LOCATION_0080; no unusual activity reported.,FIELD_SURVEILLANCE_UNIT,0.6
SURV_03786,,2026-02-12 03:14:17,LOCATION_0108,Meena Tiwari,,An individual resembling Meena Tiwari was observed in the vicinity of LOCATION_0108.,FIELD_SURVEILLANCE_UNIT,0.86
SURV_03787,,2025-07-20 20:09:22,LOCATION_0261,Manju Choudhary,VEHICLE_00255,Manju Choudhary was observed near LOCATION_0261; no unusual activity reported.,FIELD_SURVEILLANCE_UNIT,0.66
SURV_03788,,2025-10-24 21:15:55,LOCATION_0290,Aman Naidu,,Aman Naidu was observed near LOCATION_0290; no unusual activity reported.,FIELD_SURVEILLANCE_UNIT,0.71
SURV_03789,,2025-01-30 08:58:41,LOCATION_0184,Ritu Kulkarni,VEHICLE_00327,Ritu Kulkarni was observed near LOCATION_0184; no unusual activity reported.,FIELD_SURVEILLANCE_UNIT,0.55
SURV_03790,,2024-10-24 12:09:43,LOCATION_0061,MANJU MEENA,,An individual resembling MANJU MEENA was observed in the vicinity of LOCATION_0061.,FIELD_SURVEILLANCE_UNIT,0.65
SURV_03791,,2025-07-17 06:47:49,LOCATION_0104,Tanvi P.,VEHICLE_00574,An individual resembling Tanvi P. was observed in the vicinity of LOCATION_0104.,FIELD_SURVEILLANCE_UNIT,0.62
SURV_03792,,2024-02-23 19:45:44,LOCATION_0171,A. Singh,,An individual resembling A. Singh was observed in the vicinity of LOCATION_0171.,FIELD_SURVEILLANCE_UNIT,0.79
SURV_03793,,2024-06-06 18:45:59,LOCATION_0020,Rajesh Choudhary,,Rajesh Choudhary was observed near LOCATION_0020; no unusual activity reported.,FIELD_SURVEILLANCE_UNIT,0.87
SURV_03794,,2025-01-04 15:45:35,LOCATION_0208,Anita Singh,,Anita Singh was observed near LOCATION_0208; no unusual activity reported.,FIELD_SURVEILLANCE_UNIT,0.83
SURV_03795,,2026-06-01 01:47:02,LOCATION_0129,Pooja Pandey,VEHICLE_00350,Pooja Pandey was observed near LOCATION_0129; no unusual activity reported.,FIELD_SURVEILLANCE_UNIT,0.59
SURV_03796,,2026-02-27 06:09:55,LOCATION_0224,Nisha Saxena,,Nisha Saxena was observed near LOCATION_0224; no unusual activity reported.,FIELD_SURVEILLANCE_UNIT,0.77
SURV_03797,,2025-01-04 17:40:59,LOCATION_0182,PriyaGupta,VEHICLE_00288,An individual resembling PriyaGupta was observed in the vicinity of LOCATION_0182.,FIELD_SURVEILLANCE_UNIT,0.67
SURV_03798,,2026-02-11 02:12:02,LOCATION_0241,Divya Meena,,Divya Meena was observed near LOCATION_0241; no unusual activity reported.,FIELD_SURVEILLANCE_UNIT,0.89
SURV_03799,,2026-01-13 10:58:02,LOCATION_0293,Aman Chauhan,VEHICLE_00175,Aman Chauhan was observed near LOCATION_0293; no unusual activity reported.,FIELD_SURVEILLANCE_UNIT,0.62
SURV_03800,,2024-03-21 21:44:54,LOCATION_0198,AnilGupta,,An individual resembling AnilGupta was observed in the vicinity of LOCATION_0198.,FIELD_SURVEILLANCE_UNIT,0.6
SURV_03801,,2024-10-31 05:26:16,LOCATION_0126,PoojaKapoor,VEHICLE_00415,An individual resembling PoojaKapoor was observed in the vicinity of LOCATION_0126.,FIELD_SURVEILLANCE_UNIT,0.84
SURV_03802,,2025-01-27 21:06:00,LOCATION_0072,Arjun Kapoor,VEHICLE_00022,Arjun Kapoor was observed near LOCATION_0072; no unusual activity reported.,FIELD_SURVEILLANCE_UNIT,0.63
SURV_03803,,2024-08-03 00:02:15,LOCATION_0072,S. Naidu,,An individual resembling S. Naidu was observed in the vicinity of LOCATION_0072.,FIELD_SURVEILLANCE_UNIT,0.64
SURV_03804,,2025-03-31 11:23:09,LOCATION_0236,Sonia Pandey,,An individual resembling Sonia Pandey was observed in the vicinity of LOCATION_0236.,FIELD_SURVEILLANCE_UNIT,0.8
SURV_03805,,2024-04-05 04:50:58,LOCATION_0007,RAJESH VERMA,VEHICLE_00438,An individual resembling RAJESH VERMA was observed in the vicinity of LOCATION_0007.,FIELD_SURVEILLANCE_UNIT,0.89
SURV_03806,,2025-12-20 21:45:01,LOCATION_0269,rekha malhotra,,An individual resembling rekha malhotra was observed in the vicinity of LOCATION_0269.,FIELD_SURVEILLANCE_UNIT,0.9
SURV_03807,,2025-04-06 14:24:36,LOCATION_0063,Simran Agarwal,VEHICLE_00502,Simran Agarwal was observed near LOCATION_0063; no unusual activity reported.,FIELD_SURVEILLANCE_UNIT,0.7
SURV_03808,,2024-10-21 05:23:44,LOCATION_0103,Kirti Rathore,,Kirti Rathore was observed near LOCATION_0103; no unusual activity reported.,FIELD_SURVEILLANCE_UNIT,0.58
SURV_03809,,2026-04-01 16:18:28,LOCATION_0102,Arjun Sharma,,Arjun Sharma was observed near LOCATION_0102; no unusual activity reported.,FIELD_SURVEILLANCE_UNIT,0.71
SURV_03810,,2024-05-08 22:20:39,LOCATION_0195,Kirti G.,,An individual resembling Kirti G. was observed in the vicinity of LOCATION_0195.,FIELD_SURVEILLANCE_UNIT,0.63
SURV_03811,,2026-03-30 13:52:52,LOCATION_0224,S. Singh,VEHICLE_00079,An individual resembling S. Singh was observed in the vicinity of LOCATION_0224.,FIELD_SURVEILLANCE_UNIT,0.68
SURV_03812,,2025-05-01 22:39:18,LOCATION_0173,Meena S.,VEHICLE_00726,An individual resembling Meena S. was observed in the vicinity of LOCATION_0173.,FIELD_SURVEILLANCE_UNIT,0.57
SURV_03813,,2025-03-08 13:08:09,LOCATION_0255,Vivek T.,VEHICLE_00003,An individual resembling Vivek T. was observed in the vicinity of LOCATION_0255.,FIELD_SURVEILLANCE_UNIT,0.83
SURV_03814,,2024-07-06 09:03:25,LOCATION_0056,pooja gupta,VEHICLE_00581,An individual resembling pooja gupta was observed in the vicinity of LOCATION_0056.,FIELD_SURVEILLANCE_UNIT,0.89
SURV_03815,,2024-08-28 19:15:24,LOCATION_0001,Tanvi Kulkarni,,Tanvi Kulkarni was observed near LOCATION_0001; no unusual activity reported.,FIELD_SURVEILLANCE_UNIT,0.86
SURV_03816,,2024-09-06 18:18:07,LOCATION_0151,Rohit Malhotra,VEHICLE_00498,Rohit Malhotra was observed near LOCATION_0151; no unusual activity reported.,FIELD_SURVEILLANCE_UNIT,0.82
SURV_03817,,2025-01-12 10:25:18,LOCATION_0014,RaviGupta,,An individual resembling RaviGupta was observed in the vicinity of LOCATION_0014.,FIELD_SURVEILLANCE_UNIT,0.87
SURV_03818,,2024-02-16 06:55:41,LOCATION_0250,Sonia Verma,,Sonia Verma was observed near LOCATION_0250; no unusual activity reported.,FIELD_SURVEILLANCE_UNIT,0.72
SURV_03819,,2024-03-02 18:26:42,LOCATION_0031,RAVI VERMA,,An individual resembling RAVI VERMA was observed in the vicinity of LOCATION_0031.,FIELD_SURVEILLANCE_UNIT,0.75
SURV_03820,,2024-06-30 07:12:01,LOCATION_0293,NehaJoshi,VEHICLE_00260,An individual resembling NehaJoshi was observed in the vicinity of LOCATION_0293.,FIELD_SURVEILLANCE_UNIT,0.68
SURV_03821,,2025-01-05 10:12:29,LOCATION_0239,Shalini C.,VEHICLE_00444,An individual resembling Shalini C. was observed in the vicinity of LOCATION_0239.,FIELD_SURVEILLANCE_UNIT,0.9
SURV_03822,,2026-06-09 04:22:52,LOCATION_0047,Kavita Bansal,,Kavita Bansal was observed near LOCATION_0047; no unusual activity reported.,FIELD_SURVEILLANCE_UNIT,0.87
SURV_03823,,2026-05-31 08:59:31,LOCATION_0166,Kirti Joshi,,Kirti Joshi was observed near LOCATION_0166; no unusual activity reported.,FIELD_SURVEILLANCE_UNIT,0.8
SURV_03824,,2024-11-10 16:17:45,LOCATION_0042,MeenaChoudhary,VEHICLE_00202,An individual resembling MeenaChoudhary was observed in the vicinity of LOCATION_0042.,FIELD_SURVEILLANCE_UNIT,0.83
SURV_03825,,2026-06-19 08:37:52,LOCATION_0065,Vivek Agarwal,VEHICLE_00325,Vivek Agarwal was observed near LOCATION_0065; no unusual activity reported.,FIELD_SURVEILLANCE_UNIT,0.9
SURV_03826,,2025-04-04 05:14:57,LOCATION_0241,Tanvi Kulkarni,,Tanvi Kulkarni was observed near LOCATION_0241; no unusual activity reported.,FIELD_SURVEILLANCE_UNIT,0.78
SURV_03827,,2025-11-25 03:04:13,LOCATION_0096,Alka Choudhary,,Alka Choudhary was observed near LOCATION_0096; no unusual activity reported.,FIELD_SURVEILLANCE_UNIT,0.59
SURV_03828,,2025-01-19 11:21:06,LOCATION_0043,Kirti Kapoor,VEHICLE_00578,Kirti Kapoor was observed near LOCATION_0043; no unusual activity reported.,FIELD_SURVEILLANCE_UNIT,0.55
SURV_03829,,2026-01-11 05:11:22,LOCATION_0189,M. Singh,VEHICLE_00233,An individual resembling M. Singh was observed in the vicinity of LOCATION_0189.,FIELD_SURVEILLANCE_UNIT,0.88
SURV_03830,,2025-12-01 03:16:03,LOCATION_0128,AnilSingh,VEHICLE_00716,An individual resembling AnilSingh was observed in the vicinity of LOCATION_0128.,FIELD_SURVEILLANCE_UNIT,0.64
SURV_03831,,2024-02-24 03:42:53,LOCATION_0142,S. Nair,VEHICLE_00228,An individual resembling S. Nair was observed in the vicinity of LOCATION_0142.,FIELD_SURVEILLANCE_UNIT,0.59
SURV_03832,,2026-06-19 19:59:20,LOCATION_0018,SandeepMishra,,An individual resembling SandeepMishra was observed in the vicinity of LOCATION_0018.,FIELD_SURVEILLANCE_UNIT,0.66
SURV_03833,,2024-12-04 09:34:38,LOCATION_0040,Divya Verma,,Divya Verma was observed near LOCATION_0040; no unusual activity reported.,FIELD_SURVEILLANCE_UNIT,0.72
SURV_03834,,2024-06-08 01:20:28,LOCATION_0248,Harish Pandey,VEHICLE_00700,Harish Pandey was observed near LOCATION_0248; no unusual activity reported.,FIELD_SURVEILLANCE_UNIT,0.62
SURV_03835,,2025-02-10 14:07:23,LOCATION_0144,Shalini Sharma,VEHICLE_00026,Shalini Sharma was observed near LOCATION_0144; no unusual activity reported.,FIELD_SURVEILLANCE_UNIT,0.88
SURV_03836,,2025-04-27 11:22:52,LOCATION_0143,Pankaj C.,,An individual resembling Pankaj C. was observed in the vicinity of LOCATION_0143.,FIELD_SURVEILLANCE_UNIT,0.64
SURV_03837,,2024-04-08 18:15:37,LOCATION_0269,Arjun I.,,An individual resembling Arjun I. was observed in the vicinity of LOCATION_0269.,FIELD_SURVEILLANCE_UNIT,0.59
SURV_03838,,2026-06-08 21:44:03,LOCATION_0084,ARJUN IYER,VEHICLE_00112,An individual resembling ARJUN IYER was observed in the vicinity of LOCATION_0084.,FIELD_SURVEILLANCE_UNIT,0.67
SURV_03839,,2026-06-12 01:01:33,LOCATION_0107,Yash K.,VEHICLE_00279,An individual resembling Yash K. was observed in the vicinity of LOCATION_0107.,FIELD_SURVEILLANCE_UNIT,0.76
SURV_03840,,2026-01-18 18:38:32,LOCATION_0158,K. Sharma,VEHICLE_00526,An individual resembling K. Sharma was observed in the vicinity of LOCATION_0158.,FIELD_SURVEILLANCE_UNIT,0.86
SURV_03841,,2026-02-20 09:14:48,LOCATION_0149,Ravi Singh,VEHICLE_00371,Ravi Singh was observed near LOCATION_0149; no unusual activity reported.,FIELD_SURVEILLANCE_UNIT,0.62
SURV_03842,,2024-05-12 13:44:26,LOCATION_0134,Rekha Chauhan,,Rekha Chauhan was observed near LOCATION_0134; no unusual activity reported.,FIELD_SURVEILLANCE_UNIT,0.66
SURV_03843,,2026-05-31 09:37:18,LOCATION_0050,H. Bansal,VEHICLE_00705,An individual resembling H. Bansal was observed in the vicinity of LOCATION_0050.,FIELD_SURVEILLANCE_UNIT,0.72
SURV_03844,,2024-04-03 12:30:54,LOCATION_0050,R. Joshi,VEHICLE_00732,An individual resembling R. Joshi was observed in the vicinity of LOCATION_0050.,FIELD_SURVEILLANCE_UNIT,0.89
SURV_03845,,2024-08-16 13:27:01,LOCATION_0077,SANDEEP PANDEY,,An individual resembling SANDEEP PANDEY was observed in the vicinity of LOCATION_0077.,FIELD_SURVEILLANCE_UNIT,0.9
SURV_03846,,2024-08-20 16:07:06,LOCATION_0252,Rohit Chauhan,,Rohit Chauhan was observed near LOCATION_0252; no unusual activity reported.,FIELD_SURVEILLANCE_UNIT,0.66
SURV_03847,,2025-06-13 18:56:13,LOCATION_0200,Isha Reddy,,Isha Reddy was observed near LOCATION_0200; no unusual activity reported.,FIELD_SURVEILLANCE_UNIT,0.88
SURV_03848,,2026-02-22 03:46:03,LOCATION_0189,Aman B.,,An individual resembling Aman B. was observed in the vicinity of LOCATION_0189.,FIELD_SURVEILLANCE_UNIT,0.56
SURV_03849,,2026-04-04 23:24:52,LOCATION_0224,AmitKulkarni,,An individual resembling AmitKulkarni was observed in the vicinity of LOCATION_0224.,FIELD_SURVEILLANCE_UNIT,0.67
SURV_03850,,2024-06-19 10:57:43,LOCATION_0273,Anita Yadav,,Anita Yadav was observed near LOCATION_0273; no unusual activity reported.,FIELD_SURVEILLANCE_UNIT,0.8
SURV_03851,,2025-02-23 07:23:03,LOCATION_0190,S. Gupta,,An individual resembling S. Gupta was observed in the vicinity of LOCATION_0190.,FIELD_SURVEILLANCE_UNIT,0.66
SURV_03852,,2026-04-13 10:53:12,LOCATION_0112,Sandeep Kulkarni,VEHICLE_00062,Sandeep Kulkarni was observed near LOCATION_0112; no unusual activity reported.,FIELD_SURVEILLANCE_UNIT,0.68
SURV_03853,,2024-01-18 02:28:53,LOCATION_0168,Anil Gupta,,Anil Gupta was observed near LOCATION_0168; no unusual activity reported.,FIELD_SURVEILLANCE_UNIT,0.58
SURV_03854,,2024-03-13 18:10:47,LOCATION_0221,Pankaj Naidu,VEHICLE_00256,Pankaj Naidu was observed near LOCATION_0221; no unusual activity reported.,FIELD_SURVEILLANCE_UNIT,0.7
SURV_03855,,2024-09-30 18:57:51,LOCATION_0207,RAVI YADAV,VEHICLE_00534,An individual resembling RAVI YADAV was observed in the vicinity of LOCATION_0207.,FIELD_SURVEILLANCE_UNIT,0.8
SURV_03856,,2025-02-24 17:16:23,LOCATION_0221,Sunita A.,,An individual resembling Sunita A. was observed in the vicinity of LOCATION_0221.,FIELD_SURVEILLANCE_UNIT,0.65
SURV_03857,,2025-09-29 14:39:40,LOCATION_0057,G. Agarwal,,An individual resembling G. Agarwal was observed in the vicinity of LOCATION_0057.,FIELD_SURVEILLANCE_UNIT,0.65
SURV_03858,,2026-06-29 15:56:52,LOCATION_0300,Isha M.,,An individual resembling Isha M. was observed in the vicinity of LOCATION_0300.,FIELD_SURVEILLANCE_UNIT,0.77
SURV_03859,,2024-08-15 12:00:25,LOCATION_0228,Anil Singh,VEHICLE_00716,Anil Singh was observed near LOCATION_0228; no unusual activity reported.,FIELD_SURVEILLANCE_UNIT,0.69
SURV_03860,,2025-06-10 20:04:26,LOCATION_0010,Vikram Saxena,VEHICLE_00180,Vikram Saxena was observed near LOCATION_0010; no unusual activity reported.,FIELD_SURVEILLANCE_UNIT,0.66
SURV_03861,,2026-06-20 04:31:43,LOCATION_0125,A. Gupta,,An individual resembling A. Gupta was observed in the vicinity of LOCATION_0125.,FIELD_SURVEILLANCE_UNIT,0.71
SURV_03862,,2025-08-17 01:39:15,LOCATION_0152,geeta bhatt,VEHICLE_00515,An individual resembling geeta bhatt was observed in the vicinity of LOCATION_0152.,FIELD_SURVEILLANCE_UNIT,0.65
SURV_03863,,2025-05-19 00:36:45,LOCATION_0062,TanviChoudhary,,An individual resembling TanviChoudhary was observed in the vicinity of LOCATION_0062.,FIELD_SURVEILLANCE_UNIT,0.78
SURV_03864,,2026-01-03 14:37:07,LOCATION_0234,Sanjay Verma,VEHICLE_00116,Sanjay Verma was observed near LOCATION_0234; no unusual activity reported.,FIELD_SURVEILLANCE_UNIT,0.9
SURV_03865,,2024-06-28 23:51:06,LOCATION_0164,Mohit Joshi,,Mohit Joshi was observed near LOCATION_0164; no unusual activity reported.,FIELD_SURVEILLANCE_UNIT,0.66
SURV_03866,,2025-08-30 13:57:37,LOCATION_0193,Amit K.,VEHICLE_00077,An individual resembling Amit K. was observed in the vicinity of LOCATION_0193.,FIELD_SURVEILLANCE_UNIT,0.75
SURV_03867,,2024-03-06 13:14:48,LOCATION_0073,Amit Tiwari,VEHICLE_00131,Amit Tiwari was observed near LOCATION_0073; no unusual activity reported.,FIELD_SURVEILLANCE_UNIT,0.67
SURV_03868,,2024-07-04 13:05:48,LOCATION_0165,Rajesh Agarwal,,An individual resembling Rajesh Agarwal was observed in the vicinity of LOCATION_0165.,FIELD_SURVEILLANCE_UNIT,0.75
SURV_03869,,2025-04-23 02:13:02,LOCATION_0282,ritu pandey,,An individual resembling ritu pandey was observed in the vicinity of LOCATION_0282.,FIELD_SURVEILLANCE_UNIT,0.67
SURV_03870,,2025-01-27 09:09:04,LOCATION_0091,SANJAY PANDEY,VEHICLE_00723,An individual resembling SANJAY PANDEY was observed in the vicinity of LOCATION_0091.,FIELD_SURVEILLANCE_UNIT,0.57
SURV_03871,,2024-09-25 10:05:56,LOCATION_0015,S. Sharma,,An individual resembling S. Sharma was observed in the vicinity of LOCATION_0015.,FIELD_SURVEILLANCE_UNIT,0.76
SURV_03872,,2024-07-21 17:47:48,LOCATION_0101,Deepika Iyer,VEHICLE_00330,Deepika Iyer was observed near LOCATION_0101; no unusual activity reported.,FIELD_SURVEILLANCE_UNIT,0.78
SURV_03873,,2026-04-07 02:20:07,LOCATION_0072,Manoj Tiwari,VEHICLE_00642,Manoj Tiwari was observed near LOCATION_0072; no unusual activity reported.,FIELD_SURVEILLANCE_UNIT,0.78
SURV_03874,,2025-10-24 23:30:54,LOCATION_0185,Priya N.,VEHICLE_00284,An individual resembling Priya N. was observed in the vicinity of LOCATION_0185.,FIELD_SURVEILLANCE_UNIT,0.68
SURV_03875,,2026-02-18 03:42:28,LOCATION_0096,S. Naidu,VEHICLE_00610,An individual resembling S. Naidu was observed in the vicinity of LOCATION_0096.,FIELD_SURVEILLANCE_UNIT,0.56
SURV_03876,,2026-01-28 08:57:16,LOCATION_0033,KARAN CHAUHAN,,An individual resembling KARAN CHAUHAN was observed in the vicinity of LOCATION_0033.,FIELD_SURVEILLANCE_UNIT,0.62
SURV_03877,,2024-12-10 10:47:38,LOCATION_0298,Rajesh Chauhan,VEHICLE_00506,Rajesh Chauhan was observed near LOCATION_0298; no unusual activity reported.,FIELD_SURVEILLANCE_UNIT,0.74
SURV_03878,,2025-05-31 17:44:18,LOCATION_0224,YASH GUPTA,VEHICLE_00405,An individual resembling YASH GUPTA was observed in the vicinity of LOCATION_0224.,FIELD_SURVEILLANCE_UNIT,0.72
SURV_03879,,2025-10-07 01:32:20,LOCATION_0187,Ravi Kapoor,VEHICLE_00412,Ravi Kapoor was observed near LOCATION_0187; no unusual activity reported.,FIELD_SURVEILLANCE_UNIT,0.77
SURV_03880,,2025-07-22 00:31:54,LOCATION_0263,Deepika Singh,VEHICLE_00292,Deepika Singh was observed near LOCATION_0263; no unusual activity reported.,FIELD_SURVEILLANCE_UNIT,0.75
SURV_03881,,2024-02-08 14:40:07,LOCATION_0178,AnilGupta,,An individual resembling AnilGupta was observed in the vicinity of LOCATION_0178.,FIELD_SURVEILLANCE_UNIT,0.65
SURV_03882,,2024-07-19 07:43:34,LOCATION_0246,Tanvi Gupta,,Tanvi Gupta was observed near LOCATION_0246; no unusual activity reported.,FIELD_SURVEILLANCE_UNIT,0.66
SURV_03883,,2024-06-28 21:50:09,LOCATION_0226,Pankaj Pandey,VEHICLE_00287,Pankaj Pandey was observed near LOCATION_0226; no unusual activity reported.,FIELD_SURVEILLANCE_UNIT,0.63
SURV_03884,,2026-05-04 08:54:51,LOCATION_0255,Neha Singh,VEHICLE_00205,Neha Singh was observed near LOCATION_0255; no unusual activity reported.,FIELD_SURVEILLANCE_UNIT,0.71
SURV_03885,,2025-05-28 03:57:28,LOCATION_0134,Isha Bansal,,Isha Bansal was observed near LOCATION_0134; no unusual activity reported.,FIELD_SURVEILLANCE_UNIT,0.57
SURV_03886,,2024-05-10 18:07:33,LOCATION_0134,V. Tiwari,VEHICLE_00660,An individual resembling V. Tiwari was observed in the vicinity of LOCATION_0134.,FIELD_SURVEILLANCE_UNIT,0.87
SURV_03887,,2025-01-08 17:39:25,LOCATION_0142,Priya Verma,,Priya Verma was observed near LOCATION_0142; no unusual activity reported.,FIELD_SURVEILLANCE_UNIT,0.88
SURV_03888,,2025-12-21 17:38:11,LOCATION_0223,Ashok Rathore,,Ashok Rathore was observed near LOCATION_0223; no unusual activity reported.,FIELD_SURVEILLANCE_UNIT,0.71
SURV_03889,,2025-01-11 23:52:53,LOCATION_0216,Deepika Reddy,,Deepika Reddy was observed near LOCATION_0216; no unusual activity reported.,FIELD_SURVEILLANCE_UNIT,0.58
SURV_03890,,2024-07-14 10:48:23,LOCATION_0214,Sunita Choudhary,VEHICLE_00631,Sunita Choudhary was observed near LOCATION_0214; no unusual activity reported.,FIELD_SURVEILLANCE_UNIT,0.64
SURV_03891,,2026-06-14 15:34:03,LOCATION_0044,Nisha Saxena,,Nisha Saxena was observed near LOCATION_0044; no unusual activity reported.,FIELD_SURVEILLANCE_UNIT,0.89
SURV_03892,,2026-01-27 12:53:21,LOCATION_0003,Rohit Singh,VEHICLE_00033,Rohit Singh was observed near LOCATION_0003; no unusual activity reported.,FIELD_SURVEILLANCE_UNIT,0.86
SURV_03893,,2025-03-16 23:09:39,LOCATION_0061,Karan Chauhan,,Karan Chauhan was observed near LOCATION_0061; no unusual activity reported.,FIELD_SURVEILLANCE_UNIT,0.73
SURV_03894,,2024-12-28 10:15:12,LOCATION_0152,S. Joshi,VEHICLE_00069,An individual resembling S. Joshi was observed in the vicinity of LOCATION_0152.,FIELD_SURVEILLANCE_UNIT,0.82
SURV_03895,,2024-09-29 01:22:12,LOCATION_0059,Anita Joshi,,Anita Joshi was observed near LOCATION_0059; no unusual activity reported.,FIELD_SURVEILLANCE_UNIT,0.57
SURV_03896,,2024-01-18 21:26:13,LOCATION_0293,Rekha Choudhary,,Rekha Choudhary was observed near LOCATION_0293; no unusual activity reported.,FIELD_SURVEILLANCE_UNIT,0.82
SURV_03897,,2026-06-17 12:50:33,LOCATION_0077,Suresh Y.,VEHICLE_00265,An individual resembling Suresh Y. was observed in the vicinity of LOCATION_0077.,FIELD_SURVEILLANCE_UNIT,0.62
SURV_03898,,2024-11-28 06:26:22,LOCATION_0138,POOJA MALHOTRA,,An individual resembling POOJA MALHOTRA was observed in the vicinity of LOCATION_0138.,FIELD_SURVEILLANCE_UNIT,0.81
SURV_03899,,2025-09-20 01:10:56,LOCATION_0216,Geeta Naidu,VEHICLE_00761,Geeta Naidu was observed near LOCATION_0216; no unusual activity reported.,FIELD_SURVEILLANCE_UNIT,0.73
SURV_03900,,2025-01-06 22:58:57,LOCATION_0126,K. Kulkarni,,An individual resembling K. Kulkarni was observed in the vicinity of LOCATION_0126.,FIELD_SURVEILLANCE_UNIT,0.56
SURV_03901,,2024-09-09 00:52:23,LOCATION_0255,DivyaKulkarni,VEHICLE_00224,An individual resembling DivyaKulkarni was observed in the vicinity of LOCATION_0255.,FIELD_SURVEILLANCE_UNIT,0.85
SURV_03902,,2025-11-19 14:34:41,LOCATION_0027,Vikram Bansal,,Vikram Bansal was observed near LOCATION_0027; no unusual activity reported.,FIELD_SURVEILLANCE_UNIT,0.88
SURV_03903,,2025-11-08 16:59:53,LOCATION_0288,P. Bhatt,,An individual resembling P. Bhatt was observed in the vicinity of LOCATION_0288.,FIELD_SURVEILLANCE_UNIT,0.64
SURV_03904,,2025-12-14 11:25:07,LOCATION_0194,Amit Agarwal,VEHICLE_00489,Amit Agarwal was observed near LOCATION_0194; no unusual activity reported.,FIELD_SURVEILLANCE_UNIT,0.87
SURV_03905,,2026-05-08 22:12:37,LOCATION_0179,A. Gupta,,An individual resembling A. Gupta was observed in the vicinity of LOCATION_0179.,FIELD_SURVEILLANCE_UNIT,0.67
SURV_03906,,2024-05-23 09:37:03,LOCATION_0166,A. Choudhary,,An individual resembling A. Choudhary was observed in the vicinity of LOCATION_0166.,FIELD_SURVEILLANCE_UNIT,0.77
SURV_03907,,2024-04-02 08:49:48,LOCATION_0209,Preeti Naidu,VEHICLE_00030,Preeti Naidu was observed near LOCATION_0209; no unusual activity reported.,FIELD_SURVEILLANCE_UNIT,0.62
SURV_03908,,2025-01-07 02:05:23,LOCATION_0292,ALKA REDDY,,An individual resembling ALKA REDDY was observed in the vicinity of LOCATION_0292.,FIELD_SURVEILLANCE_UNIT,0.75
SURV_03909,,2024-01-08 09:02:34,LOCATION_0297,Amit Chauhan,,Amit Chauhan was observed near LOCATION_0297; no unusual activity reported.,FIELD_SURVEILLANCE_UNIT,0.57
SURV_03910,,2024-03-05 22:13:23,LOCATION_0241,amit malhotra,VEHICLE_00452,An individual resembling amit malhotra was observed in the vicinity of LOCATION_0241.,FIELD_SURVEILLANCE_UNIT,0.85
SURV_03911,,2025-01-18 00:04:16,LOCATION_0127,meena bansal,VEHICLE_00078,An individual resembling meena bansal was observed in the vicinity of LOCATION_0127.,FIELD_SURVEILLANCE_UNIT,0.71
SURV_03912,,2024-01-08 04:52:51,LOCATION_0273,Priya Choudhary,,An individual resembling Priya Choudhary was observed in the vicinity of LOCATION_0273.,FIELD_SURVEILLANCE_UNIT,0.75
SURV_03913,,2024-08-31 02:00:25,LOCATION_0088,Simran Kulkarni,VEHICLE_00662,Simran Kulkarni was observed near LOCATION_0088; no unusual activity reported.,FIELD_SURVEILLANCE_UNIT,0.59
SURV_03914,,2025-12-02 19:26:25,LOCATION_0261,Harish Verma,,Harish Verma was observed near LOCATION_0261; no unusual activity reported.,FIELD_SURVEILLANCE_UNIT,0.67
SURV_03915,,2024-05-22 02:05:12,LOCATION_0028,Amit Meena,,Amit Meena was observed near LOCATION_0028; no unusual activity reported.,FIELD_SURVEILLANCE_UNIT,0.87
SURV_03916,,2025-09-21 02:33:37,LOCATION_0051,Pankaj Naidu,VEHICLE_00256,An individual resembling Pankaj Naidu was observed in the vicinity of LOCATION_0051.,FIELD_SURVEILLANCE_UNIT,0.77
SURV_03917,,2025-11-24 03:00:26,LOCATION_0144,Rahul Gupta,VEHICLE_00441,Rahul Gupta was observed near LOCATION_0144; no unusual activity reported.,FIELD_SURVEILLANCE_UNIT,0.59
SURV_03918,,2024-11-24 15:45:59,LOCATION_0092,Gaurav R.,,An individual resembling Gaurav R. was observed in the vicinity of LOCATION_0092.,FIELD_SURVEILLANCE_UNIT,0.77
SURV_03919,,2025-01-24 04:44:03,LOCATION_0059,G. Kapoor,,An individual resembling G. Kapoor was observed in the vicinity of LOCATION_0059.,FIELD_SURVEILLANCE_UNIT,0.87
SURV_03920,,2025-05-13 23:08:53,LOCATION_0173,ravi bhatt,,An individual resembling ravi bhatt was observed in the vicinity of LOCATION_0173.,FIELD_SURVEILLANCE_UNIT,0.56
SURV_03921,,2024-12-04 01:03:23,LOCATION_0027,Naveen Pandey,,Naveen Pandey was observed near LOCATION_0027; no unusual activity reported.,FIELD_SURVEILLANCE_UNIT,0.57
SURV_03922,,2024-05-01 11:20:41,LOCATION_0023,Pankaj B.,VEHICLE_00686,An individual resembling Pankaj B. was observed in the vicinity of LOCATION_0023.,FIELD_SURVEILLANCE_UNIT,0.67
SURV_03923,,2024-01-27 13:26:54,LOCATION_0293,Alka Sharma,VEHICLE_00061,Alka Sharma was observed near LOCATION_0293; no unusual activity reported.,FIELD_SURVEILLANCE_UNIT,0.88
SURV_03924,,2026-04-21 03:06:28,LOCATION_0122,Nisha Kapoor,VEHICLE_00132,Nisha Kapoor was observed near LOCATION_0122; no unusual activity reported.,FIELD_SURVEILLANCE_UNIT,0.83
SURV_03925,,2026-05-14 16:40:13,LOCATION_0235,Ritu Bansal,,An individual resembling Ritu Bansal was observed in the vicinity of LOCATION_0235.,FIELD_SURVEILLANCE_UNIT,0.86
SURV_03926,,2024-06-08 06:27:19,LOCATION_0054,RAVI GUPTA,,An individual resembling RAVI GUPTA was observed in the vicinity of LOCATION_0054.,FIELD_SURVEILLANCE_UNIT,0.74
SURV_03927,,2025-11-22 14:06:56,LOCATION_0126,D. Joshi,VEHICLE_00422,An individual resembling D. Joshi was observed in the vicinity of LOCATION_0126.,FIELD_SURVEILLANCE_UNIT,0.57
SURV_03928,,2024-10-24 13:19:17,LOCATION_0106,rekha singh,,An individual resembling rekha singh was observed in the vicinity of LOCATION_0106.,FIELD_SURVEILLANCE_UNIT,0.75
SURV_03929,,2024-07-06 04:24:27,LOCATION_0264,Pooja Saxena,,Pooja Saxena was observed near LOCATION_0264; no unusual activity reported.,FIELD_SURVEILLANCE_UNIT,0.72
SURV_03930,,2024-08-17 06:52:27,LOCATION_0171,H. Gupta,,An individual resembling H. Gupta was observed in the vicinity of LOCATION_0171.,FIELD_SURVEILLANCE_UNIT,0.86
SURV_03931,,2025-07-07 09:00:48,LOCATION_0261,Deepika C.,,An individual resembling Deepika C. was observed in the vicinity of LOCATION_0261.,FIELD_SURVEILLANCE_UNIT,0.85
SURV_03932,,2024-11-24 05:29:53,LOCATION_0246,A. Kapoor,VEHICLE_00549,An individual resembling A. Kapoor was observed in the vicinity of LOCATION_0246.,FIELD_SURVEILLANCE_UNIT,0.83
SURV_03933,,2025-05-18 08:08:36,LOCATION_0276,Sanjay Saxena,,Sanjay Saxena was observed near LOCATION_0276; no unusual activity reported.,FIELD_SURVEILLANCE_UNIT,0.58
SURV_03934,,2025-07-06 07:34:25,LOCATION_0134,sandeep bansal,,An individual resembling sandeep bansal was observed in the vicinity of LOCATION_0134.,FIELD_SURVEILLANCE_UNIT,0.61
SURV_03935,,2024-08-17 16:55:12,LOCATION_0259,Manju Y.,,An individual resembling Manju Y. was observed in the vicinity of LOCATION_0259.,FIELD_SURVEILLANCE_UNIT,0.77
SURV_03936,,2025-04-09 20:38:40,LOCATION_0292,Rajesh Choudhary,,Rajesh Choudhary was observed near LOCATION_0292; no unusual activity reported.,FIELD_SURVEILLANCE_UNIT,0.61
SURV_03937,,2025-05-18 14:15:00,LOCATION_0020,SureshJoshi,VEHICLE_00409,An individual resembling SureshJoshi was observed in the vicinity of LOCATION_0020.,FIELD_SURVEILLANCE_UNIT,0.66
SURV_03938,,2025-01-22 10:39:11,LOCATION_0016,Sunita Saxena,VEHICLE_00146,Sunita Saxena was observed near LOCATION_0016; no unusual activity reported.,FIELD_SURVEILLANCE_UNIT,0.86
SURV_03939,,2024-03-29 23:41:55,LOCATION_0199,manju malhotra,VEHICLE_00708,An individual resembling manju malhotra was observed in the vicinity of LOCATION_0199.,FIELD_SURVEILLANCE_UNIT,0.69
SURV_03940,,2024-07-08 18:17:02,LOCATION_0088,A. Malhotra,,An individual resembling A. Malhotra was observed in the vicinity of LOCATION_0088.,FIELD_SURVEILLANCE_UNIT,0.83
SURV_03941,,2024-06-20 17:11:57,LOCATION_0299,Anita Joshi,,Anita Joshi was observed near LOCATION_0299; no unusual activity reported.,FIELD_SURVEILLANCE_UNIT,0.6
SURV_03942,,2026-01-22 08:16:35,LOCATION_0004,Geeta Singh,,Geeta Singh was observed near LOCATION_0004; no unusual activity reported.,FIELD_SURVEILLANCE_UNIT,0.7
SURV_03943,,2026-04-08 23:19:17,LOCATION_0161,Ravi Yadav,,Ravi Yadav was observed near LOCATION_0161; no unusual activity reported.,FIELD_SURVEILLANCE_UNIT,0.64
SURV_03944,,2025-01-10 01:42:30,LOCATION_0277,M. Saxena,,An individual resembling M. Saxena was observed in the vicinity of LOCATION_0277.,FIELD_SURVEILLANCE_UNIT,0.8
SURV_03945,,2024-05-22 03:58:47,LOCATION_0063,Nisha Mishra,,Nisha Mishra was observed near LOCATION_0063; no unusual activity reported.,FIELD_SURVEILLANCE_UNIT,0.59
SURV_03946,,2026-04-30 15:10:38,LOCATION_0123,PankajChauhan,,An individual resembling PankajChauhan was observed in the vicinity of LOCATION_0123.,FIELD_SURVEILLANCE_UNIT,0.56
SURV_03947,,2024-01-07 06:40:24,LOCATION_0125,Nisha Malhotra,VEHICLE_00331,Nisha Malhotra was observed near LOCATION_0125; no unusual activity reported.,FIELD_SURVEILLANCE_UNIT,0.57
SURV_03948,,2025-09-25 14:52:33,LOCATION_0264,tanvi pandey,VEHICLE_00574,An individual resembling tanvi pandey was observed in the vicinity of LOCATION_0264.,FIELD_SURVEILLANCE_UNIT,0.67
SURV_03949,,2026-03-26 16:22:16,LOCATION_0176,Yash M.,,An individual resembling Yash M. was observed in the vicinity of LOCATION_0176.,FIELD_SURVEILLANCE_UNIT,0.72
SURV_03950,,2025-02-25 10:18:46,LOCATION_0121,KaranYadav,,An individual resembling KaranYadav was observed in the vicinity of LOCATION_0121.,FIELD_SURVEILLANCE_UNIT,0.79
SURV_03951,,2024-01-26 00:33:44,LOCATION_0148,Vivek Bhatt,VEHICLE_00731,Vivek Bhatt was observed near LOCATION_0148; no unusual activity reported.,FIELD_SURVEILLANCE_UNIT,0.75
SURV_03952,,2024-12-11 13:40:16,LOCATION_0148,Gaurav S.,,An individual resembling Gaurav S. was observed in the vicinity of LOCATION_0148.,FIELD_SURVEILLANCE_UNIT,0.85
SURV_03953,,2025-10-29 04:17:21,LOCATION_0073,Divya Bhatt,VEHICLE_00633,Divya Bhatt was observed near LOCATION_0073; no unusual activity reported.,FIELD_SURVEILLANCE_UNIT,0.87
SURV_03954,,2026-03-29 03:38:01,LOCATION_0193,Anil Chauhan,,Anil Chauhan was observed near LOCATION_0193; no unusual activity reported.,FIELD_SURVEILLANCE_UNIT,0.56
SURV_03955,,2025-05-20 20:12:55,LOCATION_0164,Rahul Pandey,,Rahul Pandey was observed near LOCATION_0164; no unusual activity reported.,FIELD_SURVEILLANCE_UNIT,0.73
SURV_03956,,2024-02-02 01:56:10,LOCATION_0056,Tanvi Joshi,,Tanvi Joshi was observed near LOCATION_0056; no unusual activity reported.,FIELD_SURVEILLANCE_UNIT,0.74
SURV_03957,,2024-12-29 04:01:51,LOCATION_0211,Yash Gupta,,Yash Gupta was observed near LOCATION_0211; no unusual activity reported.,FIELD_SURVEILLANCE_UNIT,0.75
SURV_03958,,2024-09-08 18:09:57,LOCATION_0206,Ravi Malhotra,,Ravi Malhotra was observed near LOCATION_0206; no unusual activity reported.,FIELD_SURVEILLANCE_UNIT,0.58
SURV_03959,,2025-06-08 13:15:30,LOCATION_0070,Yash Saxena,VEHICLE_00514,Yash Saxena was observed near LOCATION_0070; no unusual activity reported.,FIELD_SURVEILLANCE_UNIT,0.88
SURV_03960,,2025-01-06 17:22:18,LOCATION_0251,Tanvi Naidu,,Tanvi Naidu was observed near LOCATION_0251; no unusual activity reported.,FIELD_SURVEILLANCE_UNIT,0.57
SURV_03961,,2025-09-07 23:41:49,LOCATION_0021,Amit Pandey,,Amit Pandey was observed near LOCATION_0021; no unusual activity reported.,FIELD_SURVEILLANCE_UNIT,0.81
SURV_03962,,2025-03-03 20:39:25,LOCATION_0243,AmanChauhan,,An individual resembling AmanChauhan was observed in the vicinity of LOCATION_0243.,FIELD_SURVEILLANCE_UNIT,0.59
SURV_03963,,2024-09-08 01:43:33,LOCATION_0145,Manoj Iyer,VEHICLE_00155,An individual resembling Manoj Iyer was observed in the vicinity of LOCATION_0145.,FIELD_SURVEILLANCE_UNIT,0.64
SURV_03964,,2024-03-20 16:02:57,LOCATION_0156,Deepika Reddy,,Deepika Reddy was observed near LOCATION_0156; no unusual activity reported.,FIELD_SURVEILLANCE_UNIT,0.56
SURV_03965,,2025-06-08 11:18:17,LOCATION_0076,Pooja Malhotra,VEHICLE_00559,Pooja Malhotra was observed near LOCATION_0076; no unusual activity reported.,FIELD_SURVEILLANCE_UNIT,0.7
SURV_03966,,2024-06-26 04:23:21,LOCATION_0085,Deepika M.,,An individual resembling Deepika M. was observed in the vicinity of LOCATION_0085.,FIELD_SURVEILLANCE_UNIT,0.88
SURV_03967,,2025-07-19 11:18:29,LOCATION_0290,Vivek Gupta,,Vivek Gupta was observed near LOCATION_0290; no unusual activity reported.,FIELD_SURVEILLANCE_UNIT,0.68
SURV_03968,,2025-02-16 02:51:04,LOCATION_0072,Karan Verma,,Karan Verma was observed near LOCATION_0072; no unusual activity reported.,FIELD_SURVEILLANCE_UNIT,0.76
SURV_03969,,2025-08-03 10:09:32,LOCATION_0154,Isha Mishra,VEHICLE_00164,Isha Mishra was observed near LOCATION_0154; no unusual activity reported.,FIELD_SURVEILLANCE_UNIT,0.69
SURV_03970,,2025-07-19 20:34:22,LOCATION_0057,Pankaj Malhotra,,Pankaj Malhotra was observed near LOCATION_0057; no unusual activity reported.,FIELD_SURVEILLANCE_UNIT,0.69
SURV_03971,,2025-05-14 15:34:45,LOCATION_0050,Kavita Kulkarni,VEHICLE_00332,Kavita Kulkarni was observed near LOCATION_0050; no unusual activity reported.,FIELD_SURVEILLANCE_UNIT,0.57
SURV_03972,,2026-04-16 02:22:26,LOCATION_0154,Tanvi Nair,VEHICLE_00618,Tanvi Nair was observed near LOCATION_0154; no unusual activity reported.,FIELD_SURVEILLANCE_UNIT,0.81
SURV_03973,,2025-09-13 18:22:31,LOCATION_0296,Nikhil K.,VEHICLE_00482,An individual resembling Nikhil K. was observed in the vicinity of LOCATION_0296.,FIELD_SURVEILLANCE_UNIT,0.7
SURV_03974,,2025-01-02 12:11:41,LOCATION_0079,Yash G.,VEHICLE_00706,An individual resembling Yash G. was observed in the vicinity of LOCATION_0079.,FIELD_SURVEILLANCE_UNIT,0.76
SURV_03975,,2024-11-01 09:48:51,LOCATION_0106,Ravi Reddy,,Ravi Reddy was observed near LOCATION_0106; no unusual activity reported.,FIELD_SURVEILLANCE_UNIT,0.88
SURV_03976,,2024-07-11 22:48:59,LOCATION_0203,Ravi Bhatt,,Ravi Bhatt was observed near LOCATION_0203; no unusual activity reported.,FIELD_SURVEILLANCE_UNIT,0.61
SURV_03977,,2025-09-19 22:57:26,LOCATION_0135,Suresh Bansal,VEHICLE_00100,Suresh Bansal was observed near LOCATION_0135; no unusual activity reported.,FIELD_SURVEILLANCE_UNIT,0.71
SURV_03978,,2025-03-09 02:52:05,LOCATION_0037,MohitSaxena,,An individual resembling MohitSaxena was observed in the vicinity of LOCATION_0037.,FIELD_SURVEILLANCE_UNIT,0.57
SURV_03979,,2024-05-15 15:47:15,LOCATION_0189,RajeshKapoor,,An individual resembling RajeshKapoor was observed in the vicinity of LOCATION_0189.,FIELD_SURVEILLANCE_UNIT,0.72
SURV_03980,,2025-12-20 02:26:50,LOCATION_0054,Isha Gupta,VEHICLE_00094,Isha Gupta was observed near LOCATION_0054; no unusual activity reported.,FIELD_SURVEILLANCE_UNIT,0.82
SURV_03981,,2025-04-25 10:50:56,LOCATION_0229,Aman Singh,VEHICLE_00472,Aman Singh was observed near LOCATION_0229; no unusual activity reported.,FIELD_SURVEILLANCE_UNIT,0.75
SURV_03982,,2024-04-14 19:15:10,LOCATION_0019,Simran N.,,An individual resembling Simran N. was observed in the vicinity of LOCATION_0019.,FIELD_SURVEILLANCE_UNIT,0.62
SURV_03983,,2024-07-09 11:26:10,LOCATION_0164,Swati Verma,,Swati Verma was observed near LOCATION_0164; no unusual activity reported.,FIELD_SURVEILLANCE_UNIT,0.69
SURV_03984,,2025-05-28 12:09:30,LOCATION_0031,Tanvi Kulkarni,,Tanvi Kulkarni was observed near LOCATION_0031; no unusual activity reported.,FIELD_SURVEILLANCE_UNIT,0.89
SURV_03985,,2025-03-11 16:56:53,LOCATION_0149,A. Iyer,,An individual resembling A. Iyer was observed in the vicinity of LOCATION_0149.,FIELD_SURVEILLANCE_UNIT,0.61
SURV_03986,,2024-09-26 06:51:57,LOCATION_0259,Ashok Pandey,,Ashok Pandey was observed near LOCATION_0259; no unusual activity reported.,FIELD_SURVEILLANCE_UNIT,0.84
SURV_03987,,2024-03-12 20:26:14,LOCATION_0027,Kavita Tiwari,VEHICLE_00663,An individual resembling Kavita Tiwari was observed in the vicinity of LOCATION_0027.,FIELD_SURVEILLANCE_UNIT,0.63
SURV_03988,,2024-07-04 01:02:34,LOCATION_0031,Gaurav Tiwari,VEHICLE_00261,Gaurav Tiwari was observed near LOCATION_0031; no unusual activity reported.,FIELD_SURVEILLANCE_UNIT,0.75
SURV_03989,,2024-02-21 21:39:21,LOCATION_0070,S. Kulkarni,VEHICLE_00460,An individual resembling S. Kulkarni was observed in the vicinity of LOCATION_0070.,FIELD_SURVEILLANCE_UNIT,0.69
SURV_03990,,2026-03-04 22:59:25,LOCATION_0051,RaviVerma,,An individual resembling RaviVerma was observed in the vicinity of LOCATION_0051.,FIELD_SURVEILLANCE_UNIT,0.87
SURV_03991,,2024-03-06 05:45:01,LOCATION_0295,A. Choudhary,,An individual resembling A. Choudhary was observed in the vicinity of LOCATION_0295.,FIELD_SURVEILLANCE_UNIT,0.63
SURV_03992,,2024-07-03 01:14:11,LOCATION_0139,Ravi Yadav,VEHICLE_00040,Ravi Yadav was observed near LOCATION_0139; no unusual activity reported.,FIELD_SURVEILLANCE_UNIT,0.72
SURV_03993,,2024-05-24 14:11:56,LOCATION_0168,Harish Pandey,VEHICLE_00700,An individual resembling Harish Pandey was observed in the vicinity of LOCATION_0168.,FIELD_SURVEILLANCE_UNIT,0.84
SURV_03994,,2024-05-26 15:02:41,LOCATION_0232,Vivek Verma,,Vivek Verma was observed near LOCATION_0232; no unusual activity reported.,FIELD_SURVEILLANCE_UNIT,0.72
SURV_03995,,2024-12-26 05:25:40,LOCATION_0152,S. Mishra,VEHICLE_00442,An individual resembling S. Mishra was observed in the vicinity of LOCATION_0152.,FIELD_SURVEILLANCE_UNIT,0.57
SURV_03996,,2024-09-09 22:46:06,LOCATION_0113,Harish Gupta,,Harish Gupta was observed near LOCATION_0113; no unusual activity reported.,FIELD_SURVEILLANCE_UNIT,0.8
SURV_03997,,2025-01-24 23:44:46,LOCATION_0086,Simran Pandey,,Simran Pandey was observed near LOCATION_0086; no unusual activity reported.,FIELD_SURVEILLANCE_UNIT,0.57
SURV_03998,,2025-03-08 17:02:59,LOCATION_0019,Nisha Naidu,,Nisha Naidu was observed near LOCATION_0019; no unusual activity reported.,FIELD_SURVEILLANCE_UNIT,0.58
SURV_03999,,2024-02-09 07:17:46,LOCATION_0293,A. Naidu,,An individual resembling A. Naidu was observed in the vicinity of LOCATION_0293.,FIELD_SURVEILLANCE_UNIT,0.79
SURV_04000,,2025-03-03 14:45:42,LOCATION_0127,Priya C.,,An individual resembling Priya C. was observed in the vicinity of LOCATION_0127.,FIELD_SURVEILLANCE_UNIT,0.69
SURV_04001,,2024-12-02 22:17:00,LOCATION_0215,DeepikaMishra,,An individual resembling DeepikaMishra was observed in the vicinity of LOCATION_0215.,FIELD_SURVEILLANCE_UNIT,0.7
SURV_04002,,2025-11-19 18:31:13,LOCATION_0227,Vikram Pandey,VEHICLE_00275,Vikram Pandey was observed near LOCATION_0227; no unusual activity reported.,FIELD_SURVEILLANCE_UNIT,0.8
SURV_04003,,2024-12-09 01:46:57,LOCATION_0274,Harish Kulkarni,VEHICLE_00243,An individual resembling Harish Kulkarni was observed in the vicinity of LOCATION_0274.,FIELD_SURVEILLANCE_UNIT,0.61
SURV_04004,,2026-04-08 23:20:17,LOCATION_0116,Anjali Chauhan,VEHICLE_00568,Anjali Chauhan was observed near LOCATION_0116; no unusual activity reported.,FIELD_SURVEILLANCE_UNIT,0.78
SURV_04005,,2025-01-19 22:44:18,LOCATION_0193,Anjali Joshi,,Anjali Joshi was observed near LOCATION_0193; no unusual activity reported.,FIELD_SURVEILLANCE_UNIT,0.73
SURV_04006,,2026-06-19 17:19:34,LOCATION_0294,Kavita Meena,VEHICLE_00644,Kavita Meena was observed near LOCATION_0294; no unusual activity reported.,FIELD_SURVEILLANCE_UNIT,0.58
SURV_04007,,2024-12-30 15:18:22,LOCATION_0229,Arjun Iyer,VEHICLE_00336,Arjun Iyer was observed near LOCATION_0229; no unusual activity reported.,FIELD_SURVEILLANCE_UNIT,0.77
SURV_04008,,2024-06-26 22:19:25,LOCATION_0039,Rekha Malhotra,,Rekha Malhotra was observed near LOCATION_0039; no unusual activity reported.,FIELD_SURVEILLANCE_UNIT,0.65
SURV_04009,,2025-08-15 15:33:09,LOCATION_0256,Ashok Choudhary,,Ashok Choudhary was observed near LOCATION_0256; no unusual activity reported.,FIELD_SURVEILLANCE_UNIT,0.77
SURV_04010,,2024-09-14 16:40:41,LOCATION_0152,Priya Chauhan,,Priya Chauhan was observed near LOCATION_0152; no unusual activity reported.,FIELD_SURVEILLANCE_UNIT,0.68
SURV_04011,,2025-09-07 03:04:33,LOCATION_0034,aman agarwal,VEHICLE_00750,An individual resembling aman agarwal was observed in the vicinity of LOCATION_0034.,FIELD_SURVEILLANCE_UNIT,0.76
SURV_04012,,2024-06-20 20:09:09,LOCATION_0247,P. Verma,,An individual resembling P. Verma was observed in the vicinity of LOCATION_0247.,FIELD_SURVEILLANCE_UNIT,0.7
SURV_04013,,2024-06-27 19:37:32,LOCATION_0109,Tanvi A.,VEHICLE_00271,An individual resembling Tanvi A. was observed in the vicinity of LOCATION_0109.,FIELD_SURVEILLANCE_UNIT,0.57
SURV_04014,,2026-01-26 21:19:09,LOCATION_0103,Geeta Tiwari,,Geeta Tiwari was observed near LOCATION_0103; no unusual activity reported.,FIELD_SURVEILLANCE_UNIT,0.61
SURV_04015,,2026-03-27 12:20:39,LOCATION_0240,R. Tiwari,VEHICLE_00541,An individual resembling R. Tiwari was observed in the vicinity of LOCATION_0240.,FIELD_SURVEILLANCE_UNIT,0.7
SURV_04016,,2026-02-18 02:08:23,LOCATION_0017,rajesh verma,VEHICLE_00438,An individual resembling rajesh verma was observed in the vicinity of LOCATION_0017.,FIELD_SURVEILLANCE_UNIT,0.78
SURV_04017,,2025-05-06 22:03:28,LOCATION_0213,R. Bhatt,,An individual resembling R. Bhatt was observed in the vicinity of LOCATION_0213.,FIELD_SURVEILLANCE_UNIT,0.88
SURV_04018,,2025-11-21 01:43:43,LOCATION_0151,Anjali Naidu,,Anjali Naidu was observed near LOCATION_0151; no unusual activity reported.,FIELD_SURVEILLANCE_UNIT,0.84
SURV_04019,,2024-05-15 07:23:12,LOCATION_0141,PRIYA MEENA,,An individual resembling PRIYA MEENA was observed in the vicinity of LOCATION_0141.,FIELD_SURVEILLANCE_UNIT,0.69
SURV_04020,,2024-04-21 20:20:23,LOCATION_0225,Shalini Chauhan,,Shalini Chauhan was observed near LOCATION_0225; no unusual activity reported.,FIELD_SURVEILLANCE_UNIT,0.73
SURV_04021,,2026-04-17 04:53:43,LOCATION_0018,Rahul Iyer,VEHICLE_00479,Rahul Iyer was observed near LOCATION_0018; no unusual activity reported.,FIELD_SURVEILLANCE_UNIT,0.89
SURV_04022,,2026-03-11 19:26:30,LOCATION_0204,Shalini Sharma,VEHICLE_00026,Shalini Sharma was observed near LOCATION_0204; no unusual activity reported.,FIELD_SURVEILLANCE_UNIT,0.75
SURV_04023,,2024-04-25 15:32:55,LOCATION_0300,Sonia Bhatt,VEHICLE_00543,Sonia Bhatt was observed near LOCATION_0300; no unusual activity reported.,FIELD_SURVEILLANCE_UNIT,0.72
SURV_04024,,2025-12-15 17:08:27,LOCATION_0107,K. Tiwari,VEHICLE_00270,An individual resembling K. Tiwari was observed in the vicinity of LOCATION_0107.,FIELD_SURVEILLANCE_UNIT,0.79
SURV_04025,,2024-04-20 22:53:34,LOCATION_0044,Yash Verma,,Yash Verma was observed near LOCATION_0044; no unusual activity reported.,FIELD_SURVEILLANCE_UNIT,0.9
SURV_04026,,2026-05-30 05:22:31,LOCATION_0089,Simran Chauhan,,Simran Chauhan was observed near LOCATION_0089; no unusual activity reported.,FIELD_SURVEILLANCE_UNIT,0.58
SURV_04027,,2024-08-06 12:37:10,LOCATION_0227,Meena Agarwal,VEHICLE_00613,Meena Agarwal was observed near LOCATION_0227; no unusual activity reported.,FIELD_SURVEILLANCE_UNIT,0.84
SURV_04028,,2025-06-06 02:25:46,LOCATION_0189,Rekha Rathore,,Rekha Rathore was observed near LOCATION_0189; no unusual activity reported.,FIELD_SURVEILLANCE_UNIT,0.62
SURV_04029,,2024-12-16 23:08:13,LOCATION_0116,Isha Singh,,Isha Singh was observed near LOCATION_0116; no unusual activity reported.,FIELD_SURVEILLANCE_UNIT,0.68
SURV_04030,,2024-04-06 22:54:19,LOCATION_0265,Neha Iyer,VEHICLE_00174,Neha Iyer was observed near LOCATION_0265; no unusual activity reported.,FIELD_SURVEILLANCE_UNIT,0.7
SURV_04031,,2025-07-26 04:45:49,LOCATION_0148,A. Meena,VEHICLE_00609,An individual resembling A. Meena was observed in the vicinity of LOCATION_0148.,FIELD_SURVEILLANCE_UNIT,0.83
SURV_04032,,2024-06-07 03:47:57,LOCATION_0186,Pooja Mishra,VEHICLE_00650,Pooja Mishra was observed near LOCATION_0186; no unusual activity reported.,FIELD_SURVEILLANCE_UNIT,0.82
SURV_04033,,2024-05-18 16:55:47,LOCATION_0284,vikram tiwari,VEHICLE_00660,An individual resembling vikram tiwari was observed in the vicinity of LOCATION_0284.,FIELD_SURVEILLANCE_UNIT,0.77
SURV_04034,,2024-11-18 06:36:36,LOCATION_0206,Sanjay Meena,,Sanjay Meena was observed near LOCATION_0206; no unusual activity reported.,FIELD_SURVEILLANCE_UNIT,0.69
SURV_04035,,2025-12-29 08:45:25,LOCATION_0183,sonia tiwari,VEHICLE_00658,An individual resembling sonia tiwari was observed in the vicinity of LOCATION_0183.,FIELD_SURVEILLANCE_UNIT,0.81
SURV_04036,,2024-01-18 18:21:13,LOCATION_0062,Rahul Malhotra,VEHICLE_00344,Rahul Malhotra was observed near LOCATION_0062; no unusual activity reported.,FIELD_SURVEILLANCE_UNIT,0.6
SURV_04037,,2024-11-13 14:17:15,LOCATION_0158,Amit Bhatt,VEHICLE_00339,Amit Bhatt was observed near LOCATION_0158; no unusual activity reported.,FIELD_SURVEILLANCE_UNIT,0.85
SURV_04038,,2024-08-04 11:49:07,LOCATION_0010,Suresh Kulkarni,,Suresh Kulkarni was observed near LOCATION_0010; no unusual activity reported.,FIELD_SURVEILLANCE_UNIT,0.61
SURV_04039,,2024-08-18 06:56:21,LOCATION_0092,sanjay saxena,VEHICLE_00096,An individual resembling sanjay saxena was observed in the vicinity of LOCATION_0092.,FIELD_SURVEILLANCE_UNIT,0.55
SURV_04040,,2025-12-19 12:06:57,LOCATION_0174,Sanjay Iyer,VEHICLE_00634,Sanjay Iyer was observed near LOCATION_0174; no unusual activity reported.,FIELD_SURVEILLANCE_UNIT,0.58
SURV_04041,,2024-04-12 15:15:50,LOCATION_0149,S. Joshi,VEHICLE_00458,An individual resembling S. Joshi was observed in the vicinity of LOCATION_0149.,FIELD_SURVEILLANCE_UNIT,0.8
SURV_04042,,2024-02-15 14:01:13,LOCATION_0252,Mohit Kulkarni,VEHICLE_00762,Mohit Kulkarni was observed near LOCATION_0252; no unusual activity reported.,FIELD_SURVEILLANCE_UNIT,0.72
SURV_04043,,2024-01-31 05:07:28,LOCATION_0067,Rajesh Malhotra,VEHICLE_00108,Rajesh Malhotra was observed near LOCATION_0067; no unusual activity reported.,FIELD_SURVEILLANCE_UNIT,0.83
SURV_04044,,2025-10-21 09:25:38,LOCATION_0099,Yash Verma,,Yash Verma was observed near LOCATION_0099; no unusual activity reported.,FIELD_SURVEILLANCE_UNIT,0.58
SURV_04045,,2024-05-06 17:13:33,LOCATION_0120,S. Pandey,,An individual resembling S. Pandey was observed in the vicinity of LOCATION_0120.,FIELD_SURVEILLANCE_UNIT,0.66
SURV_04046,,2025-12-15 04:28:37,LOCATION_0158,Priya Choudhary,VEHICLE_00488,Priya Choudhary was observed near LOCATION_0158; no unusual activity reported.,FIELD_SURVEILLANCE_UNIT,0.79
SURV_04047,,2024-01-16 18:32:16,LOCATION_0152,ARJUN KAPOOR,VEHICLE_00022,An individual resembling ARJUN KAPOOR was observed in the vicinity of LOCATION_0152.,FIELD_SURVEILLANCE_UNIT,0.88
SURV_04048,,2024-08-17 04:44:00,LOCATION_0123,RAJESH REDDY,,An individual resembling RAJESH REDDY was observed in the vicinity of LOCATION_0123.,FIELD_SURVEILLANCE_UNIT,0.57
SURV_04049,,2024-06-17 01:14:19,LOCATION_0053,rohit iyer,,An individual resembling rohit iyer was observed in the vicinity of LOCATION_0053.,FIELD_SURVEILLANCE_UNIT,0.82
SURV_04050,,2026-03-12 10:18:25,LOCATION_0054,Meena Sharma,,An individual resembling Meena Sharma was observed in the vicinity of LOCATION_0054.,FIELD_SURVEILLANCE_UNIT,0.68
SURV_04051,,2025-01-15 19:38:17,LOCATION_0229,Alka Bansal,,Alka Bansal was observed near LOCATION_0229; no unusual activity reported.,FIELD_SURVEILLANCE_UNIT,0.79
SURV_04052,,2024-08-11 08:50:37,LOCATION_0300,Karan Kulkarni,,Karan Kulkarni was observed near LOCATION_0300; no unusual activity reported.,FIELD_SURVEILLANCE_UNIT,0.71
SURV_04053,,2024-06-12 16:02:17,LOCATION_0031,Yash Kulkarni,VEHICLE_00675,Yash Kulkarni was observed near LOCATION_0031; no unusual activity reported.,FIELD_SURVEILLANCE_UNIT,0.89
SURV_04054,,2026-06-18 10:22:28,LOCATION_0148,ASHOK CHAUHAN,,An individual resembling ASHOK CHAUHAN was observed in the vicinity of LOCATION_0148.,FIELD_SURVEILLANCE_UNIT,0.65
SURV_04055,,2025-10-23 14:54:52,LOCATION_0103,vivek meena,VEHICLE_00525,An individual resembling vivek meena was observed in the vicinity of LOCATION_0103.,FIELD_SURVEILLANCE_UNIT,0.87
SURV_04056,,2024-02-15 01:34:33,LOCATION_0256,Vivek I.,,An individual resembling Vivek I. was observed in the vicinity of LOCATION_0256.,FIELD_SURVEILLANCE_UNIT,0.78
SURV_04057,,2025-07-24 16:30:12,LOCATION_0163,Sandeep Mishra,VEHICLE_00326,Sandeep Mishra was observed near LOCATION_0163; no unusual activity reported.,FIELD_SURVEILLANCE_UNIT,0.56
SURV_04058,,2025-11-08 05:31:40,LOCATION_0111,H. Gupta,VEHICLE_00217,An individual resembling H. Gupta was observed in the vicinity of LOCATION_0111.,FIELD_SURVEILLANCE_UNIT,0.88
SURV_04059,,2026-06-01 09:44:18,LOCATION_0202,Alka Reddy,,Alka Reddy was observed near LOCATION_0202; no unusual activity reported.,FIELD_SURVEILLANCE_UNIT,0.66
SURV_04060,,2026-03-22 20:52:44,LOCATION_0056,PriyaVerma,VEHICLE_00225,An individual resembling PriyaVerma was observed in the vicinity of LOCATION_0056.,FIELD_SURVEILLANCE_UNIT,0.8
SURV_04061,,2024-06-09 00:44:33,LOCATION_0058,V. Saxena,VEHICLE_00533,An individual resembling V. Saxena was observed in the vicinity of LOCATION_0058.,FIELD_SURVEILLANCE_UNIT,0.77
SURV_04062,,2024-06-02 09:06:48,LOCATION_0019,Pooja Rathore,,Pooja Rathore was observed near LOCATION_0019; no unusual activity reported.,FIELD_SURVEILLANCE_UNIT,0.64
SURV_04063,,2025-11-06 03:33:15,LOCATION_0072,Yash Choudhary,,An individual resembling Yash Choudhary was observed in the vicinity of LOCATION_0072.,FIELD_SURVEILLANCE_UNIT,0.84
SURV_04064,,2024-09-09 09:47:27,LOCATION_0181,Nisha Singh,VEHICLE_00520,Nisha Singh was observed near LOCATION_0181; no unusual activity reported.,FIELD_SURVEILLANCE_UNIT,0.79
SURV_04065,,2024-07-31 13:24:29,LOCATION_0242,A. Saxena,VEHICLE_00510,An individual resembling A. Saxena was observed in the vicinity of LOCATION_0242.,FIELD_SURVEILLANCE_UNIT,0.79
SURV_04066,,2024-09-14 00:09:25,LOCATION_0133,Ravi Mishra,,An individual resembling Ravi Mishra was observed in the vicinity of LOCATION_0133.,FIELD_SURVEILLANCE_UNIT,0.74
SURV_04067,,2026-04-10 03:26:04,LOCATION_0256,Gaurav P.,,An individual resembling Gaurav P. was observed in the vicinity of LOCATION_0256.,FIELD_SURVEILLANCE_UNIT,0.77
SURV_04068,,2025-07-18 13:52:23,LOCATION_0132,Rohit Chauhan,,Rohit Chauhan was observed near LOCATION_0132; no unusual activity reported.,FIELD_SURVEILLANCE_UNIT,0.82
SURV_04069,,2025-02-14 00:50:26,LOCATION_0056,Deepika Saxena,VEHICLE_00697,An individual resembling Deepika Saxena was observed in the vicinity of LOCATION_0056.,FIELD_SURVEILLANCE_UNIT,0.56
SURV_04070,,2024-07-07 10:30:10,LOCATION_0232,Sunita Gupta,,Sunita Gupta was observed near LOCATION_0232; no unusual activity reported.,FIELD_SURVEILLANCE_UNIT,0.75
SURV_04071,,2024-07-11 02:23:55,LOCATION_0062,Pankaj Bhatt,,Pankaj Bhatt was observed near LOCATION_0062; no unusual activity reported.,FIELD_SURVEILLANCE_UNIT,0.88
SURV_04072,,2025-01-01 03:55:47,LOCATION_0118,Anil Sharma,VEHICLE_00289,An individual resembling Anil Sharma was observed in the vicinity of LOCATION_0118.,FIELD_SURVEILLANCE_UNIT,0.74
SURV_04073,,2026-01-27 21:00:46,LOCATION_0194,Tanvi P.,VEHICLE_00574,An individual resembling Tanvi P. was observed in the vicinity of LOCATION_0194.,FIELD_SURVEILLANCE_UNIT,0.8
SURV_04074,,2024-05-21 21:00:34,LOCATION_0156,A. Bansal,,An individual resembling A. Bansal was observed in the vicinity of LOCATION_0156.,FIELD_SURVEILLANCE_UNIT,0.63
SURV_04075,,2026-01-02 00:53:08,LOCATION_0228,Sonia Agarwal,VEHICLE_00130,Sonia Agarwal was observed near LOCATION_0228; no unusual activity reported.,FIELD_SURVEILLANCE_UNIT,0.88
SURV_04076,,2025-03-22 03:48:01,LOCATION_0217,Sonia Sharma,VEHICLE_00035,Sonia Sharma was observed near LOCATION_0217; no unusual activity reported.,FIELD_SURVEILLANCE_UNIT,0.64
SURV_04077,,2025-08-07 00:20:32,LOCATION_0275,KIRTI RATHORE,VEHICLE_00605,An individual resembling KIRTI RATHORE was observed in the vicinity of LOCATION_0275.,FIELD_SURVEILLANCE_UNIT,0.88
SURV_04078,,2025-10-14 06:06:12,LOCATION_0300,suresh verma,VEHICLE_00166,An individual resembling suresh verma was observed in the vicinity of LOCATION_0300.,FIELD_SURVEILLANCE_UNIT,0.87
SURV_04079,,2025-05-23 11:39:36,LOCATION_0033,D. Choudhary,,An individual resembling D. Choudhary was observed in the vicinity of LOCATION_0033.,FIELD_SURVEILLANCE_UNIT,0.61
SURV_04080,,2025-12-23 09:19:10,LOCATION_0032,S. Gupta,,An individual resembling S. Gupta was observed in the vicinity of LOCATION_0032.,FIELD_SURVEILLANCE_UNIT,0.88
SURV_04081,,2025-11-28 09:20:02,LOCATION_0295,Vivek Bansal,VEHICLE_00733,An individual resembling Vivek Bansal was observed in the vicinity of LOCATION_0295.,FIELD_SURVEILLANCE_UNIT,0.55
SURV_04082,,2026-02-09 08:13:02,LOCATION_0128,Rahul Pandey,VEHICLE_00680,Rahul Pandey was observed near LOCATION_0128; no unusual activity reported.,FIELD_SURVEILLANCE_UNIT,0.72
SURV_04083,,2024-08-05 21:45:22,LOCATION_0054,G. Gupta,VEHICLE_00643,An individual resembling G. Gupta was observed in the vicinity of LOCATION_0054.,FIELD_SURVEILLANCE_UNIT,0.78
SURV_04084,,2024-09-24 04:12:33,LOCATION_0295,Kavita Reddy,,An individual resembling Kavita Reddy was observed in the vicinity of LOCATION_0295.,FIELD_SURVEILLANCE_UNIT,0.58
SURV_04085,,2025-12-06 00:52:05,LOCATION_0280,YashChoudhary,,An individual resembling YashChoudhary was observed in the vicinity of LOCATION_0280.,FIELD_SURVEILLANCE_UNIT,0.67
SURV_04086,,2025-05-10 20:30:57,LOCATION_0011,pankaj choudhary,VEHICLE_00601,An individual resembling pankaj choudhary was observed in the vicinity of LOCATION_0011.,FIELD_SURVEILLANCE_UNIT,0.78
SURV_04087,,2026-01-04 00:53:35,LOCATION_0282,NehaIyer,VEHICLE_00198,An individual resembling NehaIyer was observed in the vicinity of LOCATION_0282.,FIELD_SURVEILLANCE_UNIT,0.68
SURV_04088,,2026-05-19 01:15:03,LOCATION_0178,Priya Choudhary,VEHICLE_00488,Priya Choudhary was observed near LOCATION_0178; no unusual activity reported.,FIELD_SURVEILLANCE_UNIT,0.85
SURV_04089,,2024-07-24 12:33:04,LOCATION_0018,Rekha S.,,An individual resembling Rekha S. was observed in the vicinity of LOCATION_0018.,FIELD_SURVEILLANCE_UNIT,0.78
SURV_04090,,2024-02-01 22:32:41,LOCATION_0013,Nisha Rathore,,Nisha Rathore was observed near LOCATION_0013; no unusual activity reported.,FIELD_SURVEILLANCE_UNIT,0.87
SURV_04091,,2026-03-30 07:27:12,LOCATION_0242,Tanvi Saxena,,Tanvi Saxena was observed near LOCATION_0242; no unusual activity reported.,FIELD_SURVEILLANCE_UNIT,0.57
SURV_04092,,2025-03-19 01:16:12,LOCATION_0064,Pankaj Malhotra,VEHICLE_00182,Pankaj Malhotra was observed near LOCATION_0064; no unusual activity reported.,FIELD_SURVEILLANCE_UNIT,0.59
SURV_04093,,2025-03-25 19:39:04,LOCATION_0064,GEETA SINGH,,An individual resembling GEETA SINGH was observed in the vicinity of LOCATION_0064.,FIELD_SURVEILLANCE_UNIT,0.58
SURV_04094,,2024-03-15 04:19:52,LOCATION_0129,KIRTI SAXENA,VEHICLE_00628,An individual resembling KIRTI SAXENA was observed in the vicinity of LOCATION_0129.,FIELD_SURVEILLANCE_UNIT,0.74
SURV_04095,,2025-04-30 15:32:45,LOCATION_0166,Rahul Saxena,,Rahul Saxena was observed near LOCATION_0166; no unusual activity reported.,FIELD_SURVEILLANCE_UNIT,0.76
SURV_04096,,2024-09-25 22:45:18,LOCATION_0151,Geeta Naidu,VEHICLE_00436,Geeta Naidu was observed near LOCATION_0151; no unusual activity reported.,FIELD_SURVEILLANCE_UNIT,0.68
SURV_04097,,2026-02-09 13:09:33,LOCATION_0190,Preeti M.,VEHICLE_00161,An individual resembling Preeti M. was observed in the vicinity of LOCATION_0190.,FIELD_SURVEILLANCE_UNIT,0.78
SURV_04098,,2024-04-10 09:13:18,LOCATION_0174,Sonia Rathore,,Sonia Rathore was observed near LOCATION_0174; no unusual activity reported.,FIELD_SURVEILLANCE_UNIT,0.9
SURV_04099,,2024-04-24 09:42:31,LOCATION_0053,Amit K.,,An individual resembling Amit K. was observed in the vicinity of LOCATION_0053.,FIELD_SURVEILLANCE_UNIT,0.6
SURV_04100,,2024-12-29 02:32:20,LOCATION_0264,K. Pandey,VEHICLE_00311,An individual resembling K. Pandey was observed in the vicinity of LOCATION_0264.,FIELD_SURVEILLANCE_UNIT,0.59
SURV_04101,,2025-12-24 19:26:01,LOCATION_0163,Deepika Tiwari,,Deepika Tiwari was observed near LOCATION_0163; no unusual activity reported.,FIELD_SURVEILLANCE_UNIT,0.59
SURV_04102,,2024-09-26 05:54:16,LOCATION_0040,Nisha Rathore,,Nisha Rathore was observed near LOCATION_0040; no unusual activity reported.,FIELD_SURVEILLANCE_UNIT,0.66
SURV_04103,,2025-02-20 09:42:35,LOCATION_0287,Priya Sharma,,Priya Sharma was observed near LOCATION_0287; no unusual activity reported.,FIELD_SURVEILLANCE_UNIT,0.69
SURV_04104,,2024-03-08 16:05:52,LOCATION_0018,Sonia Agarwal,VEHICLE_00130,Sonia Agarwal was observed near LOCATION_0018; no unusual activity reported.,FIELD_SURVEILLANCE_UNIT,0.64
SURV_04105,,2024-08-20 07:43:35,LOCATION_0237,Neha G.,,An individual resembling Neha G. was observed in the vicinity of LOCATION_0237.,FIELD_SURVEILLANCE_UNIT,0.74
SURV_04106,,2025-09-26 19:36:20,LOCATION_0233,Neha Tiwari,,Neha Tiwari was observed near LOCATION_0233; no unusual activity reported.,FIELD_SURVEILLANCE_UNIT,0.83
SURV_04107,,2024-09-27 05:18:09,LOCATION_0141,yash gupta,,An individual resembling yash gupta was observed in the vicinity of LOCATION_0141.,FIELD_SURVEILLANCE_UNIT,0.7
SURV_04108,,2025-07-30 15:09:30,LOCATION_0038,Ashok I.,VEHICLE_00083,An individual resembling Ashok I. was observed in the vicinity of LOCATION_0038.,FIELD_SURVEILLANCE_UNIT,0.74
SURV_04109,,2024-09-03 07:12:55,LOCATION_0087,Meena Bansal,,Meena Bansal was observed near LOCATION_0087; no unusual activity reported.,FIELD_SURVEILLANCE_UNIT,0.85
SURV_04110,,2024-08-04 13:11:45,LOCATION_0296,P. Verma,VEHICLE_00055,An individual resembling P. Verma was observed in the vicinity of LOCATION_0296.,FIELD_SURVEILLANCE_UNIT,0.86
SURV_04111,,2025-06-15 16:06:11,LOCATION_0272,Karan Yadav,,Karan Yadav was observed near LOCATION_0272; no unusual activity reported.,FIELD_SURVEILLANCE_UNIT,0.82
SURV_04112,,2024-10-26 01:09:40,LOCATION_0166,Rohit Pandey,VEHICLE_00656,Rohit Pandey was observed near LOCATION_0166; no unusual activity reported.,FIELD_SURVEILLANCE_UNIT,0.72
SURV_04113,,2024-10-06 09:28:08,LOCATION_0186,Aman Bansal,,Aman Bansal was observed near LOCATION_0186; no unusual activity reported.,FIELD_SURVEILLANCE_UNIT,0.69
SURV_04114,,2024-09-14 11:16:28,LOCATION_0131,Simran Iyer,VEHICLE_00630,Simran Iyer was observed near LOCATION_0131; no unusual activity reported.,FIELD_SURVEILLANCE_UNIT,0.78
SURV_04115,,2026-06-08 04:59:42,LOCATION_0266,Sonia Choudhary,,Sonia Choudhary was observed near LOCATION_0266; no unusual activity reported.,FIELD_SURVEILLANCE_UNIT,0.72
SURV_04116,,2025-01-28 20:37:49,LOCATION_0065,Ashok Malhotra,VEHICLE_00709,An individual resembling Ashok Malhotra was observed in the vicinity of LOCATION_0065.,FIELD_SURVEILLANCE_UNIT,0.59
SURV_04117,,2025-09-23 11:33:14,LOCATION_0204,Sunita C.,VEHICLE_00631,An individual resembling Sunita C. was observed in the vicinity of LOCATION_0204.,FIELD_SURVEILLANCE_UNIT,0.66
SURV_04118,,2024-05-07 15:57:12,LOCATION_0199,Kirti S.,VEHICLE_00070,An individual resembling Kirti S. was observed in the vicinity of LOCATION_0199.,FIELD_SURVEILLANCE_UNIT,0.72
SURV_04119,,2025-05-14 19:04:40,LOCATION_0162,Sanjay Kulkarni,VEHICLE_00679,Sanjay Kulkarni was observed near LOCATION_0162; no unusual activity reported.,FIELD_SURVEILLANCE_UNIT,0.55
SURV_04120,,2025-02-27 10:57:59,LOCATION_0224,I. Gupta,VEHICLE_00094,An individual resembling I. Gupta was observed in the vicinity of LOCATION_0224.,FIELD_SURVEILLANCE_UNIT,0.74
SURV_04121,,2025-04-25 22:21:44,LOCATION_0129,Pooja Pandey,VEHICLE_00350,Pooja Pandey was observed near LOCATION_0129; no unusual activity reported.,FIELD_SURVEILLANCE_UNIT,0.82
SURV_04122,,2025-01-13 06:13:41,LOCATION_0136,Yash Bansal,,Yash Bansal was observed near LOCATION_0136; no unusual activity reported.,FIELD_SURVEILLANCE_UNIT,0.58
SURV_04123,,2026-05-22 12:11:58,LOCATION_0095,Sunita Pandey,VEHICLE_00091,An individual resembling Sunita Pandey was observed in the vicinity of LOCATION_0095.,FIELD_SURVEILLANCE_UNIT,0.8
SURV_04124,,2026-06-20 12:52:22,LOCATION_0265,Sunita Saxena,VEHICLE_00154,Sunita Saxena was observed near LOCATION_0265; no unusual activity reported.,FIELD_SURVEILLANCE_UNIT,0.83
SURV_04125,,2024-05-08 16:43:20,LOCATION_0177,Yash K.,VEHICLE_00279,An individual resembling Yash K. was observed in the vicinity of LOCATION_0177.,FIELD_SURVEILLANCE_UNIT,0.89
SURV_04126,,2024-03-23 03:50:35,LOCATION_0194,Sanjay Iyer,VEHICLE_00634,Sanjay Iyer was observed near LOCATION_0194; no unusual activity reported.,FIELD_SURVEILLANCE_UNIT,0.66
SURV_04127,,2024-05-06 08:18:01,LOCATION_0130,Priya Choudhary,,Priya Choudhary was observed near LOCATION_0130; no unusual activity reported.,FIELD_SURVEILLANCE_UNIT,0.82
SURV_04128,,2025-07-10 20:17:35,LOCATION_0206,Anjali Kapoor,VEHICLE_00549,Anjali Kapoor was observed near LOCATION_0206; no unusual activity reported.,FIELD_SURVEILLANCE_UNIT,0.61
SURV_04129,,2024-10-06 11:22:15,LOCATION_0165,S. Kulkarni,VEHICLE_00097,An individual resembling S. Kulkarni was observed in the vicinity of LOCATION_0165.,FIELD_SURVEILLANCE_UNIT,0.83
SURV_04130,,2024-01-03 05:36:37,LOCATION_0088,Anil Sharma,VEHICLE_00289,Anil Sharma was observed near LOCATION_0088; no unusual activity reported.,FIELD_SURVEILLANCE_UNIT,0.57
SURV_04131,,2025-01-26 17:03:16,LOCATION_0166,IshaTiwari,,An individual resembling IshaTiwari was observed in the vicinity of LOCATION_0166.,FIELD_SURVEILLANCE_UNIT,0.61
SURV_04132,,2025-09-21 19:28:50,LOCATION_0249,Deepak V.,,An individual resembling Deepak V. was observed in the vicinity of LOCATION_0249.,FIELD_SURVEILLANCE_UNIT,0.62
SURV_04133,,2026-03-17 10:39:08,LOCATION_0115,Nikhil Kapoor,VEHICLE_00379,Nikhil Kapoor was observed near LOCATION_0115; no unusual activity reported.,FIELD_SURVEILLANCE_UNIT,0.6
SURV_04134,,2025-08-22 06:15:15,LOCATION_0107,Ravi Kapoor,VEHICLE_00412,An individual resembling Ravi Kapoor was observed in the vicinity of LOCATION_0107.,FIELD_SURVEILLANCE_UNIT,0.73
SURV_04135,,2026-05-25 06:11:19,LOCATION_0135,Sunita Verma,VEHICLE_00554,Sunita Verma was observed near LOCATION_0135; no unusual activity reported.,FIELD_SURVEILLANCE_UNIT,0.72
SURV_04136,,2024-01-19 02:10:43,LOCATION_0105,Manju A.,VEHICLE_00483,An individual resembling Manju A. was observed in the vicinity of LOCATION_0105.,FIELD_SURVEILLANCE_UNIT,0.72
SURV_04137,,2025-04-19 21:42:22,LOCATION_0096,AnitaGupta,VEHICLE_00620,An individual resembling AnitaGupta was observed in the vicinity of LOCATION_0096.,FIELD_SURVEILLANCE_UNIT,0.86
SURV_04138,,2024-08-15 11:37:10,LOCATION_0042,Neha Reddy,VEHICLE_00036,Neha Reddy was observed near LOCATION_0042; no unusual activity reported.,FIELD_SURVEILLANCE_UNIT,0.56
SURV_04139,,2024-10-22 05:59:38,LOCATION_0216,Pankaj P.,,An individual resembling Pankaj P. was observed in the vicinity of LOCATION_0216.,FIELD_SURVEILLANCE_UNIT,0.71
SURV_04140,,2025-03-20 18:21:06,LOCATION_0268,Meena Tiwari,,Meena Tiwari was observed near LOCATION_0268; no unusual activity reported.,FIELD_SURVEILLANCE_UNIT,0.78
SURV_04141,,2025-12-06 00:40:00,LOCATION_0152,Nikhil Iyer,,Nikhil Iyer was observed near LOCATION_0152; no unusual activity reported.,FIELD_SURVEILLANCE_UNIT,0.76
SURV_04142,,2024-10-27 21:44:27,LOCATION_0172,Ashok Bansal,VEHICLE_00364,An individual resembling Ashok Bansal was observed in the vicinity of LOCATION_0172.,FIELD_SURVEILLANCE_UNIT,0.9
SURV_04143,,2025-07-25 06:32:37,LOCATION_0092,Deepak Nair,,Deepak Nair was observed near LOCATION_0092; no unusual activity reported.,FIELD_SURVEILLANCE_UNIT,0.74
SURV_04144,,2024-01-28 07:58:15,LOCATION_0130,harish bansal,VEHICLE_00705,An individual resembling harish bansal was observed in the vicinity of LOCATION_0130.,FIELD_SURVEILLANCE_UNIT,0.73
SURV_04145,,2024-07-09 22:27:02,LOCATION_0081,Vikram Agarwal,VEHICLE_00066,Vikram Agarwal was observed near LOCATION_0081; no unusual activity reported.,FIELD_SURVEILLANCE_UNIT,0.56
SURV_04146,,2025-01-24 20:52:58,LOCATION_0228,Preeti Kapoor,VEHICLE_00612,Preeti Kapoor was observed near LOCATION_0228; no unusual activity reported.,FIELD_SURVEILLANCE_UNIT,0.74
SURV_04147,,2025-02-12 01:21:17,LOCATION_0167,PANKAJ VERMA,,An individual resembling PANKAJ VERMA was observed in the vicinity of LOCATION_0167.,FIELD_SURVEILLANCE_UNIT,0.89
SURV_04148,,2024-08-01 15:44:26,LOCATION_0194,Kavita R.,,An individual resembling Kavita R. was observed in the vicinity of LOCATION_0194.,FIELD_SURVEILLANCE_UNIT,0.77
SURV_04149,,2025-04-16 01:52:50,LOCATION_0273,Amit K.,,An individual resembling Amit K. was observed in the vicinity of LOCATION_0273.,FIELD_SURVEILLANCE_UNIT,0.59
SURV_04150,,2026-05-31 15:30:40,LOCATION_0249,Sonia Nair,VEHICLE_00753,Sonia Nair was observed near LOCATION_0249; no unusual activity reported.,FIELD_SURVEILLANCE_UNIT,0.58
SURV_04151,,2025-01-13 12:49:12,LOCATION_0018,Gaurav S.,,An individual resembling Gaurav S. was observed in the vicinity of LOCATION_0018.,FIELD_SURVEILLANCE_UNIT,0.75
SURV_04152,,2025-09-25 08:39:36,LOCATION_0021,Sonia R.,VEHICLE_00760,An individual resembling Sonia R. was observed in the vicinity of LOCATION_0021.,FIELD_SURVEILLANCE_UNIT,0.68
SURV_04153,,2026-04-27 13:48:06,LOCATION_0273,Deepika Agarwal,VEHICLE_00478,Deepika Agarwal was observed near LOCATION_0273; no unusual activity reported.,FIELD_SURVEILLANCE_UNIT,0.88
SURV_04154,,2026-05-10 00:28:36,LOCATION_0273,YASH IYER,VEHICLE_00191,An individual resembling YASH IYER was observed in the vicinity of LOCATION_0273.,FIELD_SURVEILLANCE_UNIT,0.72
SURV_04155,,2026-02-02 01:46:37,LOCATION_0223,A. Kapoor,VEHICLE_00196,An individual resembling A. Kapoor was observed in the vicinity of LOCATION_0223.,FIELD_SURVEILLANCE_UNIT,0.59
SURV_04156,,2025-06-11 16:14:20,LOCATION_0097,Deepak Reddy,,Deepak Reddy was observed near LOCATION_0097; no unusual activity reported.,FIELD_SURVEILLANCE_UNIT,0.81
SURV_04157,,2024-08-30 08:53:39,LOCATION_0008,Nikhil Y.,,An individual resembling Nikhil Y. was observed in the vicinity of LOCATION_0008.,FIELD_SURVEILLANCE_UNIT,0.73
SURV_04158,,2024-07-15 02:33:06,LOCATION_0292,MOHIT BANSAL,,An individual resembling MOHIT BANSAL was observed in the vicinity of LOCATION_0292.,FIELD_SURVEILLANCE_UNIT,0.59
SURV_04159,,2025-05-14 20:24:46,LOCATION_0160,Yash Agarwal,,Yash Agarwal was observed near LOCATION_0160; no unusual activity reported.,FIELD_SURVEILLANCE_UNIT,0.79
SURV_04160,,2026-03-05 13:09:10,LOCATION_0150,P. Saxena,,An individual resembling P. Saxena was observed in the vicinity of LOCATION_0150.,FIELD_SURVEILLANCE_UNIT,0.59
SURV_04161,,2026-05-23 12:58:58,LOCATION_0084,Priya R.,,An individual resembling Priya R. was observed in the vicinity of LOCATION_0084.,FIELD_SURVEILLANCE_UNIT,0.68
SURV_04162,,2024-05-16 07:07:11,LOCATION_0225,PreetiJoshi,VEHICLE_00226,An individual resembling PreetiJoshi was observed in the vicinity of LOCATION_0225.,FIELD_SURVEILLANCE_UNIT,0.7
SURV_04163,,2025-04-21 17:53:03,LOCATION_0145,Naveen Agarwal,VEHICLE_00532,Naveen Agarwal was observed near LOCATION_0145; no unusual activity reported.,FIELD_SURVEILLANCE_UNIT,0.65
SURV_04164,,2026-05-22 10:41:07,LOCATION_0202,Sunita Reddy,VEHICLE_00227,Sunita Reddy was observed near LOCATION_0202; no unusual activity reported.,FIELD_SURVEILLANCE_UNIT,0.7
SURV_04165,,2024-12-29 16:00:50,LOCATION_0188,N. Yadav,,An individual resembling N. Yadav was observed in the vicinity of LOCATION_0188.,FIELD_SURVEILLANCE_UNIT,0.79
SURV_04166,,2025-12-20 13:10:27,LOCATION_0074,Rekha Gupta,VEHICLE_00625,An individual resembling Rekha Gupta was observed in the vicinity of LOCATION_0074.,FIELD_SURVEILLANCE_UNIT,0.62
SURV_04167,,2026-03-21 22:21:04,LOCATION_0163,ANJALI CHOUDHARY,VEHICLE_00111,An individual resembling ANJALI CHOUDHARY was observed in the vicinity of LOCATION_0163.,FIELD_SURVEILLANCE_UNIT,0.61
SURV_04168,,2024-06-01 04:07:48,LOCATION_0107,YASH SAXENA,,An individual resembling YASH SAXENA was observed in the vicinity of LOCATION_0107.,FIELD_SURVEILLANCE_UNIT,0.7
SURV_04169,,2024-03-05 10:43:23,LOCATION_0230,AshokTiwari,,An individual resembling AshokTiwari was observed in the vicinity of LOCATION_0230.,FIELD_SURVEILLANCE_UNIT,0.89
SURV_04170,,2025-05-13 05:30:28,LOCATION_0093,Deepak Meena,VEHICLE_00727,Deepak Meena was observed near LOCATION_0093; no unusual activity reported.,FIELD_SURVEILLANCE_UNIT,0.66
SURV_04171,,2024-12-01 17:46:52,LOCATION_0028,simran verma,VEHICLE_00406,An individual resembling simran verma was observed in the vicinity of LOCATION_0028.,FIELD_SURVEILLANCE_UNIT,0.74
SURV_04172,,2024-05-06 07:44:00,LOCATION_0194,Manju Joshi,VEHICLE_00015,Manju Joshi was observed near LOCATION_0194; no unusual activity reported.,FIELD_SURVEILLANCE_UNIT,0.57
SURV_04173,,2025-09-06 01:53:40,LOCATION_0288,S. Meena,,An individual resembling S. Meena was observed in the vicinity of LOCATION_0288.,FIELD_SURVEILLANCE_UNIT,0.7
SURV_04174,,2025-09-18 22:26:39,LOCATION_0051,Pooja Chauhan,VEHICLE_00068,Pooja Chauhan was observed near LOCATION_0051; no unusual activity reported.,FIELD_SURVEILLANCE_UNIT,0.73
SURV_04175,,2024-02-14 21:44:29,LOCATION_0054,Rohit Mishra,VEHICLE_00253,Rohit Mishra was observed near LOCATION_0054; no unusual activity reported.,FIELD_SURVEILLANCE_UNIT,0.68
SURV_04176,,2024-10-04 08:03:46,LOCATION_0147,MeenaBansal,,An individual resembling MeenaBansal was observed in the vicinity of LOCATION_0147.,FIELD_SURVEILLANCE_UNIT,0.75
SURV_04177,,2025-06-11 00:28:36,LOCATION_0060,ritu saxena,,An individual resembling ritu saxena was observed in the vicinity of LOCATION_0060.,FIELD_SURVEILLANCE_UNIT,0.64
SURV_04178,,2024-12-30 00:47:03,LOCATION_0004,Aman R.,,An individual resembling Aman R. was observed in the vicinity of LOCATION_0004.,FIELD_SURVEILLANCE_UNIT,0.82
SURV_04179,,2026-01-17 11:16:52,LOCATION_0209,Nikhil Bansal,VEHICLE_00471,Nikhil Bansal was observed near LOCATION_0209; no unusual activity reported.,FIELD_SURVEILLANCE_UNIT,0.67
SURV_04180,,2024-04-28 22:57:16,LOCATION_0283,Alka Yadav,,Alka Yadav was observed near LOCATION_0283; no unusual activity reported.,FIELD_SURVEILLANCE_UNIT,0.65
SURV_04181,,2024-10-27 14:56:28,LOCATION_0030,RahulTiwari,VEHICLE_00541,An individual resembling RahulTiwari was observed in the vicinity of LOCATION_0030.,FIELD_SURVEILLANCE_UNIT,0.73
SURV_04182,,2024-05-23 04:49:13,LOCATION_0165,Vikram Kulkarni,VEHICLE_00276,Vikram Kulkarni was observed near LOCATION_0165; no unusual activity reported.,FIELD_SURVEILLANCE_UNIT,0.61
SURV_04183,,2025-09-12 19:52:36,LOCATION_0091,meena chauhan,VEHICLE_00597,An individual resembling meena chauhan was observed in the vicinity of LOCATION_0091.,FIELD_SURVEILLANCE_UNIT,0.72
SURV_04184,,2024-03-19 22:09:28,LOCATION_0256,Karan Joshi,,Karan Joshi was observed near LOCATION_0256; no unusual activity reported.,FIELD_SURVEILLANCE_UNIT,0.9
SURV_04185,,2024-01-06 02:26:21,LOCATION_0183,G. Iyer,,An individual resembling G. Iyer was observed in the vicinity of LOCATION_0183.,FIELD_SURVEILLANCE_UNIT,0.81
SURV_04186,,2024-07-08 19:45:53,LOCATION_0243,NAVEEN NAIDU,,An individual resembling NAVEEN NAIDU was observed in the vicinity of LOCATION_0243.,FIELD_SURVEILLANCE_UNIT,0.78
SURV_04187,,2024-05-15 22:32:30,LOCATION_0008,Preeti Bhatt,,Preeti Bhatt was observed near LOCATION_0008; no unusual activity reported.,FIELD_SURVEILLANCE_UNIT,0.69
SURV_04188,,2024-02-02 13:41:22,LOCATION_0118,Pooja Naidu,,Pooja Naidu was observed near LOCATION_0118; no unusual activity reported.,FIELD_SURVEILLANCE_UNIT,0.58
SURV_04189,,2024-10-08 17:57:11,LOCATION_0117,Gaurav Kulkarni,,An individual resembling Gaurav Kulkarni was observed in the vicinity of LOCATION_0117.,FIELD_SURVEILLANCE_UNIT,0.86
SURV_04190,,2024-12-29 04:06:28,LOCATION_0080,Karan Bhatt,VEHICLE_00222,Karan Bhatt was observed near LOCATION_0080; no unusual activity reported.,FIELD_SURVEILLANCE_UNIT,0.87
SURV_04191,,2025-08-23 00:51:01,LOCATION_0081,Aman Yadav,VEHICLE_00667,Aman Yadav was observed near LOCATION_0081; no unusual activity reported.,FIELD_SURVEILLANCE_UNIT,0.63
SURV_04192,,2025-06-04 19:55:25,LOCATION_0239,Alka Chauhan,,Alka Chauhan was observed near LOCATION_0239; no unusual activity reported.,FIELD_SURVEILLANCE_UNIT,0.68
SURV_04193,,2024-04-23 13:53:48,LOCATION_0156,SONIA PANDEY,,An individual resembling SONIA PANDEY was observed in the vicinity of LOCATION_0156.,FIELD_SURVEILLANCE_UNIT,0.8
SURV_04194,,2024-09-01 08:58:39,LOCATION_0222,Pankaj Saxena,VEHICLE_00619,Pankaj Saxena was observed near LOCATION_0222; no unusual activity reported.,FIELD_SURVEILLANCE_UNIT,0.84
SURV_04195,,2025-03-07 02:20:49,LOCATION_0184,Rekha Chauhan,,Rekha Chauhan was observed near LOCATION_0184; no unusual activity reported.,FIELD_SURVEILLANCE_UNIT,0.9
SURV_04196,,2024-11-01 20:17:10,LOCATION_0104,R. Bhatt,,An individual resembling R. Bhatt was observed in the vicinity of LOCATION_0104.,FIELD_SURVEILLANCE_UNIT,0.79
SURV_04197,,2024-01-07 12:16:52,LOCATION_0119,Nikhil G.,VEHICLE_00152,An individual resembling Nikhil G. was observed in the vicinity of LOCATION_0119.,FIELD_SURVEILLANCE_UNIT,0.69
SURV_04198,,2024-03-19 09:49:18,LOCATION_0153,Ravi Malhotra,,Ravi Malhotra was observed near LOCATION_0153; no unusual activity reported.,FIELD_SURVEILLANCE_UNIT,0.65
SURV_04199,,2026-04-09 21:05:16,LOCATION_0230,Rajesh Malhotra,VEHICLE_00020,Rajesh Malhotra was observed near LOCATION_0230; no unusual activity reported.,FIELD_SURVEILLANCE_UNIT,0.73
SURV_04200,,2024-05-12 14:15:20,LOCATION_0202,D. Nair,,An individual resembling D. Nair was observed in the vicinity of LOCATION_0202.,FIELD_SURVEILLANCE_UNIT,0.8
SURV_04201,,2025-06-04 21:22:46,LOCATION_0239,YashGupta,VEHICLE_00706,An individual resembling YashGupta was observed in the vicinity of LOCATION_0239.,FIELD_SURVEILLANCE_UNIT,0.74
SURV_04202,,2024-10-11 04:10:25,LOCATION_0252,kirti chauhan,,An individual resembling kirti chauhan was observed in the vicinity of LOCATION_0252.,FIELD_SURVEILLANCE_UNIT,0.57
SURV_04203,,2024-07-15 17:58:00,LOCATION_0273,Divya Bansal,VEHICLE_00375,Divya Bansal was observed near LOCATION_0273; no unusual activity reported.,FIELD_SURVEILLANCE_UNIT,0.68
SURV_04204,,2026-05-17 02:07:22,LOCATION_0114,rajesh bhatt,VEHICLE_00611,An individual resembling rajesh bhatt was observed in the vicinity of LOCATION_0114.,FIELD_SURVEILLANCE_UNIT,0.83
SURV_04205,,2025-03-22 05:15:25,LOCATION_0111,Amit B.,VEHICLE_00314,An individual resembling Amit B. was observed in the vicinity of LOCATION_0111.,FIELD_SURVEILLANCE_UNIT,0.89
SURV_04206,,2024-01-20 12:35:08,LOCATION_0203,Ravi Sharma,,Ravi Sharma was observed near LOCATION_0203; no unusual activity reported.,FIELD_SURVEILLANCE_UNIT,0.7
SURV_04207,,2025-09-14 17:12:27,LOCATION_0276,Nikhil Kapoor,VEHICLE_00482,An individual resembling Nikhil Kapoor was observed in the vicinity of LOCATION_0276.,FIELD_SURVEILLANCE_UNIT,0.82
SURV_04208,,2026-03-22 01:01:26,LOCATION_0018,Aman Yadav,VEHICLE_00171,Aman Yadav was observed near LOCATION_0018; no unusual activity reported.,FIELD_SURVEILLANCE_UNIT,0.62
SURV_04209,,2025-09-09 19:23:22,LOCATION_0199,T. Agarwal,VEHICLE_00271,An individual resembling T. Agarwal was observed in the vicinity of LOCATION_0199.,FIELD_SURVEILLANCE_UNIT,0.84
SURV_04210,,2026-05-18 19:35:09,LOCATION_0065,AnjaliRathore,,An individual resembling AnjaliRathore was observed in the vicinity of LOCATION_0065.,FIELD_SURVEILLANCE_UNIT,0.65
SURV_04211,,2025-01-05 05:04:18,LOCATION_0225,Yash Joshi,VEHICLE_00192,Yash Joshi was observed near LOCATION_0225; no unusual activity reported.,FIELD_SURVEILLANCE_UNIT,0.7
SURV_04212,,2024-03-14 19:12:34,LOCATION_0268,K. Agarwal,,An individual resembling K. Agarwal was observed in the vicinity of LOCATION_0268.,FIELD_SURVEILLANCE_UNIT,0.75
SURV_04213,,2024-02-14 10:10:01,LOCATION_0231,Gaurav Pandey,VEHICLE_00169,Gaurav Pandey was observed near LOCATION_0231; no unusual activity reported.,FIELD_SURVEILLANCE_UNIT,0.75
SURV_04214,,2024-10-16 14:00:16,LOCATION_0121,Deepak Bansal,VEHICLE_00106,Deepak Bansal was observed near LOCATION_0121; no unusual activity reported.,FIELD_SURVEILLANCE_UNIT,0.75
SURV_04215,,2025-11-02 05:57:36,LOCATION_0074,Rahul Sharma,VEHICLE_00757,Rahul Sharma was observed near LOCATION_0074; no unusual activity reported.,FIELD_SURVEILLANCE_UNIT,0.8
SURV_04216,,2025-03-24 19:41:17,LOCATION_0118,Kavita Sharma,VEHICLE_00526,Kavita Sharma was observed near LOCATION_0118; no unusual activity reported.,FIELD_SURVEILLANCE_UNIT,0.63
SURV_04217,,2024-02-27 12:11:24,LOCATION_0005,Sanjay Chauhan,VEHICLE_00664,Sanjay Chauhan was observed near LOCATION_0005; no unusual activity reported.,FIELD_SURVEILLANCE_UNIT,0.65
SURV_04218,,2025-05-15 20:22:15,LOCATION_0052,V. Yadav,VEHICLE_00492,An individual resembling V. Yadav was observed in the vicinity of LOCATION_0052.,FIELD_SURVEILLANCE_UNIT,0.81
SURV_04219,,2024-04-20 04:34:40,LOCATION_0267,rekha joshi,VEHICLE_00291,An individual resembling rekha joshi was observed in the vicinity of LOCATION_0267.,FIELD_SURVEILLANCE_UNIT,0.76
SURV_04220,,2024-12-04 12:58:19,LOCATION_0260,DeepikaNaidu,VEHICLE_00013,An individual resembling DeepikaNaidu was observed in the vicinity of LOCATION_0260.,FIELD_SURVEILLANCE_UNIT,0.77
SURV_04221,,2024-02-27 10:46:47,LOCATION_0202,Rohit Chauhan,VEHICLE_00394,Rohit Chauhan was observed near LOCATION_0202; no unusual activity reported.,FIELD_SURVEILLANCE_UNIT,0.62
SURV_04222,,2025-06-16 17:24:02,LOCATION_0214,R. Gupta,,An individual resembling R. Gupta was observed in the vicinity of LOCATION_0214.,FIELD_SURVEILLANCE_UNIT,0.63
SURV_04223,,2026-06-27 19:49:19,LOCATION_0200,Nikhil Joshi,,Nikhil Joshi was observed near LOCATION_0200; no unusual activity reported.,FIELD_SURVEILLANCE_UNIT,0.56
SURV_04224,,2026-04-03 12:17:13,LOCATION_0024,Manju Naidu,VEHICLE_00646,Manju Naidu was observed near LOCATION_0024; no unusual activity reported.,FIELD_SURVEILLANCE_UNIT,0.68
SURV_04225,,2024-12-20 19:41:25,LOCATION_0171,Ravi Verma,,Ravi Verma was observed near LOCATION_0171; no unusual activity reported.,FIELD_SURVEILLANCE_UNIT,0.73
SURV_04226,,2024-08-06 09:27:14,LOCATION_0053,AmanChauhan,,An individual resembling AmanChauhan was observed in the vicinity of LOCATION_0053.,FIELD_SURVEILLANCE_UNIT,0.69
SURV_04227,,2025-08-12 02:33:48,LOCATION_0255,Naveen Agarwal,VEHICLE_00532,An individual resembling Naveen Agarwal was observed in the vicinity of LOCATION_0255.,FIELD_SURVEILLANCE_UNIT,0.63
SURV_04228,,2026-03-14 07:31:06,LOCATION_0116,Priya V.,VEHICLE_00225,An individual resembling Priya V. was observed in the vicinity of LOCATION_0116.,FIELD_SURVEILLANCE_UNIT,0.64
SURV_04229,,2025-06-04 06:20:50,LOCATION_0086,Sanjay Choudhary,VEHICLE_00283,Sanjay Choudhary was observed near LOCATION_0086; no unusual activity reported.,FIELD_SURVEILLANCE_UNIT,0.79
SURV_04230,,2024-10-14 05:45:27,LOCATION_0127,Ashok Pandey,VEHICLE_00206,Ashok Pandey was observed near LOCATION_0127; no unusual activity reported.,FIELD_SURVEILLANCE_UNIT,0.79
SURV_04231,,2025-03-17 16:08:44,LOCATION_0122,Tanvi M.,VEHICLE_00448,An individual resembling Tanvi M. was observed in the vicinity of LOCATION_0122.,FIELD_SURVEILLANCE_UNIT,0.7
SURV_04232,,2026-06-10 10:08:50,LOCATION_0236,Sunita Saxena,VEHICLE_00340,Sunita Saxena was observed near LOCATION_0236; no unusual activity reported.,FIELD_SURVEILLANCE_UNIT,0.73
SURV_04233,,2024-03-11 07:21:50,LOCATION_0131,RAVI NAIDU,,An individual resembling RAVI NAIDU was observed in the vicinity of LOCATION_0131.,FIELD_SURVEILLANCE_UNIT,0.83
SURV_04234,,2024-10-25 18:03:26,LOCATION_0211,Rohit S.,VEHICLE_00449,An individual resembling Rohit S. was observed in the vicinity of LOCATION_0211.,FIELD_SURVEILLANCE_UNIT,0.79
SURV_04235,,2024-10-11 00:29:24,LOCATION_0032,S. Saxena,,An individual resembling S. Saxena was observed in the vicinity of LOCATION_0032.,FIELD_SURVEILLANCE_UNIT,0.57
SURV_04236,,2025-05-27 18:50:31,LOCATION_0247,KAVITA RATHORE,VEHICLE_00672,An individual resembling KAVITA RATHORE was observed in the vicinity of LOCATION_0247.,FIELD_SURVEILLANCE_UNIT,0.63
SURV_04237,,2024-03-09 11:05:12,LOCATION_0206,Nisha Naidu,,Nisha Naidu was observed near LOCATION_0206; no unusual activity reported.,FIELD_SURVEILLANCE_UNIT,0.76
SURV_04238,,2024-09-25 01:23:12,LOCATION_0206,Divya Sharma,,Divya Sharma was observed near LOCATION_0206; no unusual activity reported.,FIELD_SURVEILLANCE_UNIT,0.71
SURV_04239,,2024-03-29 07:26:14,LOCATION_0092,Nisha Malhotra,VEHICLE_00156,Nisha Malhotra was observed near LOCATION_0092; no unusual activity reported.,FIELD_SURVEILLANCE_UNIT,0.63
SURV_04240,,2025-06-28 13:14:54,LOCATION_0188,Sanjay Meena,,Sanjay Meena was observed near LOCATION_0188; no unusual activity reported.,FIELD_SURVEILLANCE_UNIT,0.59
SURV_04241,,2024-01-18 02:22:56,LOCATION_0059,Rajesh Nair,VEHICLE_00434,Rajesh Nair was observed near LOCATION_0059; no unusual activity reported.,FIELD_SURVEILLANCE_UNIT,0.68
SURV_04242,,2024-04-28 13:34:18,LOCATION_0111,Vivek Meena,VEHICLE_00560,Vivek Meena was observed near LOCATION_0111; no unusual activity reported.,FIELD_SURVEILLANCE_UNIT,0.84
SURV_04243,,2024-11-03 09:41:22,LOCATION_0291,NikhilTiwari,VEHICLE_00321,An individual resembling NikhilTiwari was observed in the vicinity of LOCATION_0291.,FIELD_SURVEILLANCE_UNIT,0.71
SURV_04244,,2024-12-09 14:34:51,LOCATION_0261,P. Meena,,An individual resembling P. Meena was observed in the vicinity of LOCATION_0261.,FIELD_SURVEILLANCE_UNIT,0.71
SURV_04245,,2024-08-28 10:01:15,LOCATION_0231,Manju Kapoor,VEHICLE_00011,Manju Kapoor was observed near LOCATION_0231; no unusual activity reported.,FIELD_SURVEILLANCE_UNIT,0.63
SURV_04246,,2024-08-09 06:00:58,LOCATION_0051,Suresh Iyer,VEHICLE_00696,An individual resembling Suresh Iyer was observed in the vicinity of LOCATION_0051.,FIELD_SURVEILLANCE_UNIT,0.62
SURV_04247,,2024-11-11 08:50:29,LOCATION_0081,Amit Pandey,,Amit Pandey was observed near LOCATION_0081; no unusual activity reported.,FIELD_SURVEILLANCE_UNIT,0.62
SURV_04248,,2025-11-15 11:58:50,LOCATION_0276,Suresh Agarwal,VEHICLE_00542,Suresh Agarwal was observed near LOCATION_0276; no unusual activity reported.,FIELD_SURVEILLANCE_UNIT,0.68
SURV_04249,,2026-05-26 18:17:37,LOCATION_0207,A. Sharma,VEHICLE_00544,An individual resembling A. Sharma was observed in the vicinity of LOCATION_0207.,FIELD_SURVEILLANCE_UNIT,0.63
SURV_04250,,2025-10-28 12:12:06,LOCATION_0068,Swati Chauhan,VEHICLE_00001,Swati Chauhan was observed near LOCATION_0068; no unusual activity reported.,FIELD_SURVEILLANCE_UNIT,0.87
SURV_04251,,2025-05-24 11:26:57,LOCATION_0155,Anjali P.,,An individual resembling Anjali P. was observed in the vicinity of LOCATION_0155.,FIELD_SURVEILLANCE_UNIT,0.77
SURV_04252,,2025-11-19 07:56:40,LOCATION_0041,Anjali Naidu,,Anjali Naidu was observed near LOCATION_0041; no unusual activity reported.,FIELD_SURVEILLANCE_UNIT,0.83
SURV_04253,,2025-07-28 00:40:55,LOCATION_0132,Mohit Bansal,,Mohit Bansal was observed near LOCATION_0132; no unusual activity reported.,FIELD_SURVEILLANCE_UNIT,0.72
SURV_04254,,2025-05-17 03:49:54,LOCATION_0056,Geeta Naidu,VEHICLE_00761,An individual resembling Geeta Naidu was observed in the vicinity of LOCATION_0056.,FIELD_SURVEILLANCE_UNIT,0.6
SURV_04255,,2024-01-29 18:03:23,LOCATION_0177,Y. Saxena,,An individual resembling Y. Saxena was observed in the vicinity of LOCATION_0177.,FIELD_SURVEILLANCE_UNIT,0.84
SURV_04256,,2026-01-20 16:49:41,LOCATION_0010,ritu singh,,An individual resembling ritu singh was observed in the vicinity of LOCATION_0010.,FIELD_SURVEILLANCE_UNIT,0.82
SURV_04257,,2025-01-09 01:57:47,LOCATION_0083,Alka Sharma,VEHICLE_00061,Alka Sharma was observed near LOCATION_0083; no unusual activity reported.,FIELD_SURVEILLANCE_UNIT,0.88
SURV_04258,,2025-03-12 12:24:15,LOCATION_0222,Divya Sharma,VEHICLE_00499,Divya Sharma was observed near LOCATION_0222; no unusual activity reported.,FIELD_SURVEILLANCE_UNIT,0.72
SURV_04259,,2026-04-25 20:38:49,LOCATION_0230,ANIL TIWARI,,An individual resembling ANIL TIWARI was observed in the vicinity of LOCATION_0230.,FIELD_SURVEILLANCE_UNIT,0.72
SURV_04260,,2025-06-15 04:46:34,LOCATION_0116,Sanjay Saxena,,Sanjay Saxena was observed near LOCATION_0116; no unusual activity reported.,FIELD_SURVEILLANCE_UNIT,0.82
SURV_04261,,2025-08-08 18:56:04,LOCATION_0061,Deepak Bansal,VEHICLE_00106,Deepak Bansal was observed near LOCATION_0061; no unusual activity reported.,FIELD_SURVEILLANCE_UNIT,0.56
SURV_04262,,2024-11-06 01:13:49,LOCATION_0271,Alka Singh,,Alka Singh was observed near LOCATION_0271; no unusual activity reported.,FIELD_SURVEILLANCE_UNIT,0.76
SURV_04263,,2024-09-25 16:32:06,LOCATION_0217,manju malhotra,VEHICLE_00014,An individual resembling manju malhotra was observed in the vicinity of LOCATION_0217.,FIELD_SURVEILLANCE_UNIT,0.78
SURV_04264,,2024-05-17 04:21:26,LOCATION_0003,divya kulkarni,,An individual resembling divya kulkarni was observed in the vicinity of LOCATION_0003.,FIELD_SURVEILLANCE_UNIT,0.57
SURV_04265,,2025-06-12 01:08:14,LOCATION_0191,Vivek Meena,VEHICLE_00560,An individual resembling Vivek Meena was observed in the vicinity of LOCATION_0191.,FIELD_SURVEILLANCE_UNIT,0.58
SURV_04266,,2024-01-22 08:46:44,LOCATION_0118,Preeti Bhatt,,Preeti Bhatt was observed near LOCATION_0118; no unusual activity reported.,FIELD_SURVEILLANCE_UNIT,0.64
SURV_04267,,2025-05-08 14:55:12,LOCATION_0094,NEHA YADAV,,An individual resembling NEHA YADAV was observed in the vicinity of LOCATION_0094.,FIELD_SURVEILLANCE_UNIT,0.71
SURV_04268,,2025-12-01 19:43:32,LOCATION_0006,Amit Reddy,,Amit Reddy was observed near LOCATION_0006; no unusual activity reported.,FIELD_SURVEILLANCE_UNIT,0.72
SURV_04269,,2024-10-29 12:51:17,LOCATION_0181,Priya M.,,An individual resembling Priya M. was observed in the vicinity of LOCATION_0181.,FIELD_SURVEILLANCE_UNIT,0.69
SURV_04270,,2024-06-20 00:58:18,LOCATION_0235,ashok malhotra,VEHICLE_00709,An individual resembling ashok malhotra was observed in the vicinity of LOCATION_0235.,FIELD_SURVEILLANCE_UNIT,0.63
SURV_04271,,2026-04-12 14:53:44,LOCATION_0247,Sandeep Gupta,,Sandeep Gupta was observed near LOCATION_0247; no unusual activity reported.,FIELD_SURVEILLANCE_UNIT,0.73
SURV_04272,,2025-08-18 21:22:34,LOCATION_0282,Deepika Singh,,Deepika Singh was observed near LOCATION_0282; no unusual activity reported.,FIELD_SURVEILLANCE_UNIT,0.8
SURV_04273,,2025-02-19 00:22:46,LOCATION_0220,Ritu Singh,,Ritu Singh was observed near LOCATION_0220; no unusual activity reported.,FIELD_SURVEILLANCE_UNIT,0.58
SURV_04274,,2024-11-30 02:12:12,LOCATION_0221,vivek meena,VEHICLE_00560,An individual resembling vivek meena was observed in the vicinity of LOCATION_0221.,FIELD_SURVEILLANCE_UNIT,0.57
SURV_04275,,2025-03-27 09:54:54,LOCATION_0015,D. Verma,VEHICLE_00104,An individual resembling D. Verma was observed in the vicinity of LOCATION_0015.,FIELD_SURVEILLANCE_UNIT,0.67
SURV_04276,,2026-04-27 09:41:56,LOCATION_0273,Vikram A.,VEHICLE_00345,An individual resembling Vikram A. was observed in the vicinity of LOCATION_0273.,FIELD_SURVEILLANCE_UNIT,0.69
SURV_04277,,2024-02-09 22:10:47,LOCATION_0153,R. Iyer,,An individual resembling R. Iyer was observed in the vicinity of LOCATION_0153.,FIELD_SURVEILLANCE_UNIT,0.8
SURV_04278,,2025-09-04 17:43:42,LOCATION_0131,Kavita Naidu,VEHICLE_00718,Kavita Naidu was observed near LOCATION_0131; no unusual activity reported.,FIELD_SURVEILLANCE_UNIT,0.75
SURV_04279,,2026-04-04 11:57:14,LOCATION_0156,Anjali Singh,VEHICLE_00528,Anjali Singh was observed near LOCATION_0156; no unusual activity reported.,FIELD_SURVEILLANCE_UNIT,0.73
SURV_04280,,2025-10-28 10:40:53,LOCATION_0095,Vivek Tiwari,VEHICLE_00003,Vivek Tiwari was observed near LOCATION_0095; no unusual activity reported.,FIELD_SURVEILLANCE_UNIT,0.76
SURV_04281,,2026-01-16 04:30:38,LOCATION_0006,Sonia Choudhary,,Sonia Choudhary was observed near LOCATION_0006; no unusual activity reported.,FIELD_SURVEILLANCE_UNIT,0.73
SURV_04282,,2025-03-14 22:12:46,LOCATION_0060,Deepak Singh,,Deepak Singh was observed near LOCATION_0060; no unusual activity reported.,FIELD_SURVEILLANCE_UNIT,0.77
SURV_04283,,2026-02-26 10:40:00,LOCATION_0004,Pankaj Yadav,VEHICLE_00353,Pankaj Yadav was observed near LOCATION_0004; no unusual activity reported.,FIELD_SURVEILLANCE_UNIT,0.61
SURV_04284,,2025-03-08 10:22:53,LOCATION_0007,mohit saxena,,An individual resembling mohit saxena was observed in the vicinity of LOCATION_0007.,FIELD_SURVEILLANCE_UNIT,0.58
SURV_04285,,2024-09-16 15:15:18,LOCATION_0297,SIMRAN CHOUDHARY,VEHICLE_00373,An individual resembling SIMRAN CHOUDHARY was observed in the vicinity of LOCATION_0297.,FIELD_SURVEILLANCE_UNIT,0.58
SURV_04286,,2024-09-17 08:16:13,LOCATION_0078,Aman Mishra,VEHICLE_00128,Aman Mishra was observed near LOCATION_0078; no unusual activity reported.,FIELD_SURVEILLANCE_UNIT,0.73
SURV_04287,,2025-01-14 06:55:02,LOCATION_0219,Nisha Bansal,VEHICLE_00396,Nisha Bansal was observed near LOCATION_0219; no unusual activity reported.,FIELD_SURVEILLANCE_UNIT,0.82
SURV_04288,,2025-12-05 17:46:11,LOCATION_0275,Priya Naidu,,Priya Naidu was observed near LOCATION_0275; no unusual activity reported.,FIELD_SURVEILLANCE_UNIT,0.59
SURV_04289,,2024-10-20 08:17:36,LOCATION_0220,A. Verma,VEHICLE_00074,An individual resembling A. Verma was observed in the vicinity of LOCATION_0220.,FIELD_SURVEILLANCE_UNIT,0.84
SURV_04290,,2025-07-14 10:10:53,LOCATION_0068,Karan A.,,An individual resembling Karan A. was observed in the vicinity of LOCATION_0068.,FIELD_SURVEILLANCE_UNIT,0.63
SURV_04291,,2025-09-22 09:00:38,LOCATION_0160,Kavita M.,,An individual resembling Kavita M. was observed in the vicinity of LOCATION_0160.,FIELD_SURVEILLANCE_UNIT,0.71
SURV_04292,,2024-03-18 05:28:59,LOCATION_0273,Arjun Joshi,,Arjun Joshi was observed near LOCATION_0273; no unusual activity reported.,FIELD_SURVEILLANCE_UNIT,0.59
SURV_04293,,2024-01-13 14:22:57,LOCATION_0185,Priya N.,,An individual resembling Priya N. was observed in the vicinity of LOCATION_0185.,FIELD_SURVEILLANCE_UNIT,0.8
SURV_04294,,2026-05-14 18:16:32,LOCATION_0034,Ritu Kulkarni,VEHICLE_00327,Ritu Kulkarni was observed near LOCATION_0034; no unusual activity reported.,FIELD_SURVEILLANCE_UNIT,0.84
SURV_04295,,2025-03-06 16:19:06,LOCATION_0184,Kavita Pandey,VEHICLE_00311,Kavita Pandey was observed near LOCATION_0184; no unusual activity reported.,FIELD_SURVEILLANCE_UNIT,0.78
SURV_04296,,2024-06-24 01:41:38,LOCATION_0231,Amit Choudhary,,Amit Choudhary was observed near LOCATION_0231; no unusual activity reported.,FIELD_SURVEILLANCE_UNIT,0.69
SURV_04297,,2026-03-17 22:38:29,LOCATION_0148,AmanNaidu,VEHICLE_00511,An individual resembling AmanNaidu was observed in the vicinity of LOCATION_0148.,FIELD_SURVEILLANCE_UNIT,0.59
SURV_04298,,2024-01-17 10:50:33,LOCATION_0105,Naveen Meena,,Naveen Meena was observed near LOCATION_0105; no unusual activity reported.,FIELD_SURVEILLANCE_UNIT,0.88
SURV_04299,,2025-01-05 07:38:53,LOCATION_0282,Shalini N.,VEHICLE_00228,An individual resembling Shalini N. was observed in the vicinity of LOCATION_0282.,FIELD_SURVEILLANCE_UNIT,0.77
SURV_04300,,2026-01-18 10:20:00,LOCATION_0203,Anjali Naidu,,Anjali Naidu was observed near LOCATION_0203; no unusual activity reported.,FIELD_SURVEILLANCE_UNIT,0.82
SURV_04301,,2025-02-10 02:35:37,LOCATION_0280,Shalini Singh,VEHICLE_00576,Shalini Singh was observed near LOCATION_0280; no unusual activity reported.,FIELD_SURVEILLANCE_UNIT,0.77
SURV_04302,,2024-11-20 05:37:42,LOCATION_0157,nisha bhatt,,An individual resembling nisha bhatt was observed in the vicinity of LOCATION_0157.,FIELD_SURVEILLANCE_UNIT,0.73
SURV_04303,,2025-01-22 16:08:53,LOCATION_0288,Naveen Bansal,VEHICLE_00386,Naveen Bansal was observed near LOCATION_0288; no unusual activity reported.,FIELD_SURVEILLANCE_UNIT,0.73
SURV_04304,,2026-04-26 12:52:29,LOCATION_0248,Rajesh Chauhan,VEHICLE_00506,An individual resembling Rajesh Chauhan was observed in the vicinity of LOCATION_0248.,FIELD_SURVEILLANCE_UNIT,0.68
SURV_04305,,2025-07-31 07:52:55,LOCATION_0284,V. Kapoor,,An individual resembling V. Kapoor was observed in the vicinity of LOCATION_0284.,FIELD_SURVEILLANCE_UNIT,0.65
SURV_04306,,2025-11-27 17:28:10,LOCATION_0164,Tanvi Gupta,VEHICLE_00115,Tanvi Gupta was observed near LOCATION_0164; no unusual activity reported.,FIELD_SURVEILLANCE_UNIT,0.89
SURV_04307,,2026-02-05 11:52:50,LOCATION_0203,Geeta J.,VEHICLE_00210,An individual resembling Geeta J. was observed in the vicinity of LOCATION_0203.,FIELD_SURVEILLANCE_UNIT,0.71
SURV_04308,,2024-09-23 10:41:30,LOCATION_0054,SANDEEP KAPOOR,,An individual resembling SANDEEP KAPOOR was observed in the vicinity of LOCATION_0054.,FIELD_SURVEILLANCE_UNIT,0.78
SURV_04309,,2024-01-23 13:06:19,LOCATION_0077,Priya Choudhary,,Priya Choudhary was observed near LOCATION_0077; no unusual activity reported.,FIELD_SURVEILLANCE_UNIT,0.77
SURV_04310,,2024-07-04 18:18:18,LOCATION_0118,Ritu Agarwal,,Ritu Agarwal was observed near LOCATION_0118; no unusual activity reported.,FIELD_SURVEILLANCE_UNIT,0.73
SURV_04311,,2024-05-18 18:27:36,LOCATION_0013,Priya Choudhary,,Priya Choudhary was observed near LOCATION_0013; no unusual activity reported.,FIELD_SURVEILLANCE_UNIT,0.76
SURV_04312,,2026-04-19 06:03:20,LOCATION_0117,Pooja Rathore,VEHICLE_00135,Pooja Rathore was observed near LOCATION_0117; no unusual activity reported.,FIELD_SURVEILLANCE_UNIT,0.76
SURV_04313,,2025-03-27 04:09:58,LOCATION_0010,I. Singh,VEHICLE_00681,An individual resembling I. Singh was observed in the vicinity of LOCATION_0010.,FIELD_SURVEILLANCE_UNIT,0.7
SURV_04314,,2026-06-02 17:02:14,LOCATION_0257,Vikram Joshi,VEHICLE_00468,Vikram Joshi was observed near LOCATION_0257; no unusual activity reported.,FIELD_SURVEILLANCE_UNIT,0.59
SURV_04315,,2025-02-05 04:21:45,LOCATION_0254,Anita Kapoor,VEHICLE_00294,Anita Kapoor was observed near LOCATION_0254; no unusual activity reported.,FIELD_SURVEILLANCE_UNIT,0.71
SURV_04316,,2024-12-27 01:22:24,LOCATION_0011,Rahul K.,VEHICLE_00570,An individual resembling Rahul K. was observed in the vicinity of LOCATION_0011.,FIELD_SURVEILLANCE_UNIT,0.77
SURV_04317,,2024-05-17 05:29:23,LOCATION_0020,D. Bhatt,VEHICLE_00426,An individual resembling D. Bhatt was observed in the vicinity of LOCATION_0020.,FIELD_SURVEILLANCE_UNIT,0.64
SURV_04318,,2025-08-01 03:02:01,LOCATION_0064,anita kapoor,VEHICLE_00294,An individual resembling anita kapoor was observed in the vicinity of LOCATION_0064.,FIELD_SURVEILLANCE_UNIT,0.87
SURV_04319,,2026-06-22 17:34:59,LOCATION_0198,Vikram Pandey,,Vikram Pandey was observed near LOCATION_0198; no unusual activity reported.,FIELD_SURVEILLANCE_UNIT,0.81
SURV_04320,,2024-11-05 04:37:36,LOCATION_0060,Karan Kulkarni,,Karan Kulkarni was observed near LOCATION_0060; no unusual activity reported.,FIELD_SURVEILLANCE_UNIT,0.63
SURV_04321,,2026-03-23 01:50:33,LOCATION_0172,SIMRAN TIWARI,VEHICLE_00668,An individual resembling SIMRAN TIWARI was observed in the vicinity of LOCATION_0172.,FIELD_SURVEILLANCE_UNIT,0.64
SURV_04322,,2025-09-21 12:57:04,LOCATION_0116,Naveen Pandey,,Naveen Pandey was observed near LOCATION_0116; no unusual activity reported.,FIELD_SURVEILLANCE_UNIT,0.86
SURV_04323,,2025-01-13 10:27:50,LOCATION_0065,Vikram M.,VEHICLE_00694,An individual resembling Vikram M. was observed in the vicinity of LOCATION_0065.,FIELD_SURVEILLANCE_UNIT,0.78
SURV_04324,,2025-12-29 00:22:53,LOCATION_0216,AmanNaidu,VEHICLE_00734,An individual resembling AmanNaidu was observed in the vicinity of LOCATION_0216.,FIELD_SURVEILLANCE_UNIT,0.86
SURV_04325,,2025-01-28 04:47:52,LOCATION_0040,Meena Choudhary,,Meena Choudhary was observed near LOCATION_0040; no unusual activity reported.,FIELD_SURVEILLANCE_UNIT,0.6
SURV_04326,,2024-01-29 19:01:10,LOCATION_0178,Tanvi Saxena,VEHICLE_00714,Tanvi Saxena was observed near LOCATION_0178; no unusual activity reported.,FIELD_SURVEILLANCE_UNIT,0.86
SURV_04327,,2024-09-30 13:03:14,LOCATION_0124,Tanvi Pandey,VEHICLE_00574,An individual resembling Tanvi Pandey was observed in the vicinity of LOCATION_0124.,FIELD_SURVEILLANCE_UNIT,0.79
SURV_04328,,2024-09-05 04:09:19,LOCATION_0196,Ashok Kulkarni,,Ashok Kulkarni was observed near LOCATION_0196; no unusual activity reported.,FIELD_SURVEILLANCE_UNIT,0.88
SURV_04329,,2025-03-14 15:09:24,LOCATION_0034,rahul sharma,VEHICLE_00757,An individual resembling rahul sharma was observed in the vicinity of LOCATION_0034.,FIELD_SURVEILLANCE_UNIT,0.73
SURV_04330,,2025-05-20 12:51:24,LOCATION_0036,Amit R.,,An individual resembling Amit R. was observed in the vicinity of LOCATION_0036.,FIELD_SURVEILLANCE_UNIT,0.82
SURV_04331,,2025-01-03 21:11:28,LOCATION_0046,Alka N.,VEHICLE_00577,An individual resembling Alka N. was observed in the vicinity of LOCATION_0046.,FIELD_SURVEILLANCE_UNIT,0.66
SURV_04332,,2025-01-17 16:02:50,LOCATION_0236,Shalini Mishra,VEHICLE_00451,Shalini Mishra was observed near LOCATION_0236; no unusual activity reported.,FIELD_SURVEILLANCE_UNIT,0.56
SURV_04333,,2025-09-06 05:48:45,LOCATION_0057,Preeti Reddy,VEHICLE_00032,An individual resembling Preeti Reddy was observed in the vicinity of LOCATION_0057.,FIELD_SURVEILLANCE_UNIT,0.72
SURV_04334,,2025-01-01 21:17:32,LOCATION_0088,Rahul Pandey,VEHICLE_00680,Rahul Pandey was observed near LOCATION_0088; no unusual activity reported.,FIELD_SURVEILLANCE_UNIT,0.77
SURV_04335,,2026-05-22 10:22:36,LOCATION_0104,Isha Kapoor,VEHICLE_00403,Isha Kapoor was observed near LOCATION_0104; no unusual activity reported.,FIELD_SURVEILLANCE_UNIT,0.68
SURV_04336,,2026-05-31 07:58:33,LOCATION_0236,Anita Gupta,VEHICLE_00620,Anita Gupta was observed near LOCATION_0236; no unusual activity reported.,FIELD_SURVEILLANCE_UNIT,0.73
SURV_04337,,2026-02-15 13:30:56,LOCATION_0205,Yash Agarwal,,Yash Agarwal was observed near LOCATION_0205; no unusual activity reported.,FIELD_SURVEILLANCE_UNIT,0.73
SURV_04338,,2025-08-07 10:00:12,LOCATION_0159,GeetaRathore,,An individual resembling GeetaRathore was observed in the vicinity of LOCATION_0159.,FIELD_SURVEILLANCE_UNIT,0.75
SURV_04339,,2025-02-18 10:41:40,LOCATION_0066,Sanjay Choudhary,VEHICLE_00283,Sanjay Choudhary was observed near LOCATION_0066; no unusual activity reported.,FIELD_SURVEILLANCE_UNIT,0.79
SURV_04340,,2025-12-18 08:21:01,LOCATION_0263,N. Joshi,VEHICLE_00260,An individual resembling N. Joshi was observed in the vicinity of LOCATION_0263.,FIELD_SURVEILLANCE_UNIT,0.8
SURV_04341,,2024-09-18 05:21:52,LOCATION_0182,Pankaj Bhatt,,Pankaj Bhatt was observed near LOCATION_0182; no unusual activity reported.,FIELD_SURVEILLANCE_UNIT,0.79
SURV_04342,,2024-07-06 02:45:54,LOCATION_0280,Sonia Bhatt,VEHICLE_00543,Sonia Bhatt was observed near LOCATION_0280; no unusual activity reported.,FIELD_SURVEILLANCE_UNIT,0.6
SURV_04343,,2024-10-12 18:53:54,LOCATION_0028,Ritu Reddy,VEHICLE_00496,Ritu Reddy was observed near LOCATION_0028; no unusual activity reported.,FIELD_SURVEILLANCE_UNIT,0.72
SURV_04344,,2024-10-12 18:59:11,LOCATION_0134,Mohit Joshi,,Mohit Joshi was observed near LOCATION_0134; no unusual activity reported.,FIELD_SURVEILLANCE_UNIT,0.56
SURV_04345,,2024-02-23 01:34:12,LOCATION_0212,Mohit K.,VEHICLE_00762,An individual resembling Mohit K. was observed in the vicinity of LOCATION_0212.,FIELD_SURVEILLANCE_UNIT,0.7
SURV_04346,,2024-05-01 01:56:21,LOCATION_0150,N. Saxena,VEHICLE_00006,An individual resembling N. Saxena was observed in the vicinity of LOCATION_0150.,FIELD_SURVEILLANCE_UNIT,0.72
SURV_04347,,2026-04-11 05:24:12,LOCATION_0035,Kavita Reddy,,Kavita Reddy was observed near LOCATION_0035; no unusual activity reported.,FIELD_SURVEILLANCE_UNIT,0.66
SURV_04348,,2026-05-10 01:41:30,LOCATION_0069,Alka A.,,An individual resembling Alka A. was observed in the vicinity of LOCATION_0069.,FIELD_SURVEILLANCE_UNIT,0.8
SURV_04349,,2025-12-01 09:47:53,LOCATION_0001,MEENA JOSHI,VEHICLE_00051,An individual resembling MEENA JOSHI was observed in the vicinity of LOCATION_0001.,FIELD_SURVEILLANCE_UNIT,0.83
SURV_04350,,2026-01-02 11:40:35,LOCATION_0074,Rahul Pandey,,Rahul Pandey was observed near LOCATION_0074; no unusual activity reported.,FIELD_SURVEILLANCE_UNIT,0.75
SURV_04351,,2025-04-24 08:58:11,LOCATION_0281,Deepika Kapoor,VEHICLE_00600,Deepika Kapoor was observed near LOCATION_0281; no unusual activity reported.,FIELD_SURVEILLANCE_UNIT,0.7
SURV_04352,,2026-03-27 12:29:08,LOCATION_0083,SunitaGupta,,An individual resembling SunitaGupta was observed in the vicinity of LOCATION_0083.,FIELD_SURVEILLANCE_UNIT,0.81
SURV_04353,,2024-06-18 07:51:33,LOCATION_0050,preeti saxena,,An individual resembling preeti saxena was observed in the vicinity of LOCATION_0050.,FIELD_SURVEILLANCE_UNIT,0.67
SURV_04354,,2026-06-28 02:39:45,LOCATION_0006,GEETA NAIDU,VEHICLE_00761,An individual resembling GEETA NAIDU was observed in the vicinity of LOCATION_0006.,FIELD_SURVEILLANCE_UNIT,0.87
SURV_04355,,2025-11-04 07:46:32,LOCATION_0033,Amit Kapoor,,Amit Kapoor was observed near LOCATION_0033; no unusual activity reported.,FIELD_SURVEILLANCE_UNIT,0.59
SURV_04356,,2024-04-25 09:22:58,LOCATION_0231,Isha Kulkarni,,Isha Kulkarni was observed near LOCATION_0231; no unusual activity reported.,FIELD_SURVEILLANCE_UNIT,0.81
SURV_04357,,2024-02-25 08:23:08,LOCATION_0137,Yash Kapoor,VEHICLE_00279,Yash Kapoor was observed near LOCATION_0137; no unusual activity reported.,FIELD_SURVEILLANCE_UNIT,0.82
SURV_04358,,2024-03-01 20:06:36,LOCATION_0259,Alka Bansal,,Alka Bansal was observed near LOCATION_0259; no unusual activity reported.,FIELD_SURVEILLANCE_UNIT,0.9
SURV_04359,,2024-07-06 05:42:59,LOCATION_0190,P. Meena,VEHICLE_00161,An individual resembling P. Meena was observed in the vicinity of LOCATION_0190.,FIELD_SURVEILLANCE_UNIT,0.64
SURV_04360,,2025-03-05 20:31:20,LOCATION_0001,R. Kapoor,VEHICLE_00570,An individual resembling R. Kapoor was observed in the vicinity of LOCATION_0001.,FIELD_SURVEILLANCE_UNIT,0.85
SURV_04361,,2024-01-23 09:08:10,LOCATION_0198,Isha Nair,VEHICLE_00603,Isha Nair was observed near LOCATION_0198; no unusual activity reported.,FIELD_SURVEILLANCE_UNIT,0.85
SURV_04362,,2026-05-31 13:06:03,LOCATION_0280,DivyaVerma,,An individual resembling DivyaVerma was observed in the vicinity of LOCATION_0280.,FIELD_SURVEILLANCE_UNIT,0.58
SURV_04363,,2025-06-03 15:04:17,LOCATION_0215,NEHA KULKARNI,,An individual resembling NEHA KULKARNI was observed in the vicinity of LOCATION_0215.,FIELD_SURVEILLANCE_UNIT,0.67
SURV_04364,,2026-06-23 03:34:12,LOCATION_0142,Pankaj Bhatt,,Pankaj Bhatt was observed near LOCATION_0142; no unusual activity reported.,FIELD_SURVEILLANCE_UNIT,0.66
SURV_04365,,2024-03-09 23:37:31,LOCATION_0286,RaviGupta,,An individual resembling RaviGupta was observed in the vicinity of LOCATION_0286.,FIELD_SURVEILLANCE_UNIT,0.87
SURV_04366,,2025-05-11 14:23:19,LOCATION_0073,D. Agarwal,VEHICLE_00478,An individual resembling D. Agarwal was observed in the vicinity of LOCATION_0073.,FIELD_SURVEILLANCE_UNIT,0.89
SURV_04367,,2024-06-17 08:30:27,LOCATION_0278,Simran Joshi,,Simran Joshi was observed near LOCATION_0278; no unusual activity reported.,FIELD_SURVEILLANCE_UNIT,0.57
SURV_04368,,2024-11-19 04:29:33,LOCATION_0112,YashChoudhary,,An individual resembling YashChoudhary was observed in the vicinity of LOCATION_0112.,FIELD_SURVEILLANCE_UNIT,0.75
SURV_04369,,2026-05-08 15:40:03,LOCATION_0096,Ashok Meena,,Ashok Meena was observed near LOCATION_0096; no unusual activity reported.,FIELD_SURVEILLANCE_UNIT,0.6
SURV_04370,,2024-05-30 03:00:13,LOCATION_0297,P. Bhatt,,An individual resembling P. Bhatt was observed in the vicinity of LOCATION_0297.,FIELD_SURVEILLANCE_UNIT,0.59
SURV_04371,,2026-02-24 13:29:22,LOCATION_0291,Deepika Chauhan,,Deepika Chauhan was observed near LOCATION_0291; no unusual activity reported.,FIELD_SURVEILLANCE_UNIT,0.61
SURV_04372,,2026-02-05 02:52:20,LOCATION_0276,R. Singh,,An individual resembling R. Singh was observed in the vicinity of LOCATION_0276.,FIELD_SURVEILLANCE_UNIT,0.89
SURV_04373,,2026-02-04 11:28:19,LOCATION_0075,AnjaliKapoor,,An individual resembling AnjaliKapoor was observed in the vicinity of LOCATION_0075.,FIELD_SURVEILLANCE_UNIT,0.75
SURV_04374,,2024-01-05 03:12:15,LOCATION_0009,rohit gupta,VEHICLE_00308,An individual resembling rohit gupta was observed in the vicinity of LOCATION_0009.,FIELD_SURVEILLANCE_UNIT,0.85
SURV_04375,,2024-03-06 05:26:39,LOCATION_0235,NEHA CHOUDHARY,,An individual resembling NEHA CHOUDHARY was observed in the vicinity of LOCATION_0235.,FIELD_SURVEILLANCE_UNIT,0.68
SURV_04376,,2025-08-26 05:58:55,LOCATION_0101,SanjayPandey,,An individual resembling SanjayPandey was observed in the vicinity of LOCATION_0101.,FIELD_SURVEILLANCE_UNIT,0.78
SURV_04377,,2024-07-28 11:22:35,LOCATION_0258,Neha Joshi,,Neha Joshi was observed near LOCATION_0258; no unusual activity reported.,FIELD_SURVEILLANCE_UNIT,0.63
SURV_04378,,2025-03-04 19:47:40,LOCATION_0134,Pankaj Malhotra,VEHICLE_00182,Pankaj Malhotra was observed near LOCATION_0134; no unusual activity reported.,FIELD_SURVEILLANCE_UNIT,0.58
SURV_04379,,2026-05-08 12:32:27,LOCATION_0032,S. Tiwari,VEHICLE_00342,An individual resembling S. Tiwari was observed in the vicinity of LOCATION_0032.,FIELD_SURVEILLANCE_UNIT,0.62
SURV_04380,,2024-07-20 14:32:05,LOCATION_0135,Deepika Agarwal,,Deepika Agarwal was observed near LOCATION_0135; no unusual activity reported.,FIELD_SURVEILLANCE_UNIT,0.79
SURV_04381,,2024-12-27 00:11:51,LOCATION_0276,Anjali Kapoor,VEHICLE_00549,Anjali Kapoor was observed near LOCATION_0276; no unusual activity reported.,FIELD_SURVEILLANCE_UNIT,0.76
SURV_04382,,2024-07-14 20:28:51,LOCATION_0078,Priya Nair,,Priya Nair was observed near LOCATION_0078; no unusual activity reported.,FIELD_SURVEILLANCE_UNIT,0.78
SURV_04383,,2024-11-11 22:33:35,LOCATION_0262,GeetaIyer,,An individual resembling GeetaIyer was observed in the vicinity of LOCATION_0262.,FIELD_SURVEILLANCE_UNIT,0.69
SURV_04384,,2025-05-13 14:29:01,LOCATION_0213,Karan Tiwari,,Karan Tiwari was observed near LOCATION_0213; no unusual activity reported.,FIELD_SURVEILLANCE_UNIT,0.77
SURV_04385,,2025-09-03 12:23:52,LOCATION_0127,SUNITA VERMA,VEHICLE_00685,An individual resembling SUNITA VERMA was observed in the vicinity of LOCATION_0127.,FIELD_SURVEILLANCE_UNIT,0.57
SURV_04386,,2025-04-05 17:18:13,LOCATION_0013,Geeta Yadav,,Geeta Yadav was observed near LOCATION_0013; no unusual activity reported.,FIELD_SURVEILLANCE_UNIT,0.72
SURV_04387,,2025-12-28 19:56:51,LOCATION_0130,Nikhil Naidu,,Nikhil Naidu was observed near LOCATION_0130; no unusual activity reported.,FIELD_SURVEILLANCE_UNIT,0.85
SURV_04388,,2025-10-26 06:18:07,LOCATION_0152,Ritu Malhotra,,Ritu Malhotra was observed near LOCATION_0152; no unusual activity reported.,FIELD_SURVEILLANCE_UNIT,0.68
SURV_04389,,2024-07-13 14:49:32,LOCATION_0011,Mohit Saxena,,Mohit Saxena was observed near LOCATION_0011; no unusual activity reported.,FIELD_SURVEILLANCE_UNIT,0.7
SURV_04390,,2024-12-13 04:17:50,LOCATION_0299,Kirti Kapoor,,Kirti Kapoor was observed near LOCATION_0299; no unusual activity reported.,FIELD_SURVEILLANCE_UNIT,0.56
SURV_04391,,2025-03-21 04:54:37,LOCATION_0128,SimranVerma,VEHICLE_00406,An individual resembling SimranVerma was observed in the vicinity of LOCATION_0128.,FIELD_SURVEILLANCE_UNIT,0.74
SURV_04392,,2024-12-29 08:45:38,LOCATION_0101,RohitBhatt,,An individual resembling RohitBhatt was observed in the vicinity of LOCATION_0101.,FIELD_SURVEILLANCE_UNIT,0.86
SURV_04393,,2024-09-11 14:37:02,LOCATION_0182,gaurav reddy,,An individual resembling gaurav reddy was observed in the vicinity of LOCATION_0182.,FIELD_SURVEILLANCE_UNIT,0.71
SURV_04394,,2024-01-07 16:30:47,LOCATION_0164,Tanvi K.,,An individual resembling Tanvi K. was observed in the vicinity of LOCATION_0164.,FIELD_SURVEILLANCE_UNIT,0.84
SURV_04395,,2025-06-10 09:11:38,LOCATION_0066,A. Kulkarni,,An individual resembling A. Kulkarni was observed in the vicinity of LOCATION_0066.,FIELD_SURVEILLANCE_UNIT,0.82
SURV_04396,,2025-01-20 10:00:02,LOCATION_0090,Harish Gupta,VEHICLE_00614,Harish Gupta was observed near LOCATION_0090; no unusual activity reported.,FIELD_SURVEILLANCE_UNIT,0.58
SURV_04397,,2024-04-02 04:24:33,LOCATION_0146,Naveen Pandey,,Naveen Pandey was observed near LOCATION_0146; no unusual activity reported.,FIELD_SURVEILLANCE_UNIT,0.77
SURV_04398,,2025-01-17 16:55:17,LOCATION_0297,SimranSingh,,An individual resembling SimranSingh was observed in the vicinity of LOCATION_0297.,FIELD_SURVEILLANCE_UNIT,0.69
SURV_04399,,2024-01-02 11:36:51,LOCATION_0091,Deepika Kapoor,VEHICLE_00600,Deepika Kapoor was observed near LOCATION_0091; no unusual activity reported.,FIELD_SURVEILLANCE_UNIT,0.88
SURV_04400,,2024-10-22 04:09:14,LOCATION_0181,Priya Reddy,,Priya Reddy was observed near LOCATION_0181; no unusual activity reported.,FIELD_SURVEILLANCE_UNIT,0.68
SURV_04401,,2024-09-22 05:05:12,LOCATION_0112,Rohit Sharma,VEHICLE_00213,Rohit Sharma was observed near LOCATION_0112; no unusual activity reported.,FIELD_SURVEILLANCE_UNIT,0.87
SURV_04402,,2026-01-15 21:08:40,LOCATION_0098,Manoj Kapoor,VEHICLE_00636,Manoj Kapoor was observed near LOCATION_0098; no unusual activity reported.,FIELD_SURVEILLANCE_UNIT,0.74
SURV_04403,,2024-03-19 12:23:46,LOCATION_0215,Anjali Pandey,,Anjali Pandey was observed near LOCATION_0215; no unusual activity reported.,FIELD_SURVEILLANCE_UNIT,0.59
SURV_04404,,2025-04-24 05:08:19,LOCATION_0065,Deepak Reddy,,An individual resembling Deepak Reddy was observed in the vicinity of LOCATION_0065.,FIELD_SURVEILLANCE_UNIT,0.71
SURV_04405,,2026-06-20 15:33:24,LOCATION_0128,Rajesh Joshi,,Rajesh Joshi was observed near LOCATION_0128; no unusual activity reported.,FIELD_SURVEILLANCE_UNIT,0.8
SURV_04406,,2024-02-23 18:28:41,LOCATION_0072,vivek yadav,VEHICLE_00492,An individual resembling vivek yadav was observed in the vicinity of LOCATION_0072.,FIELD_SURVEILLANCE_UNIT,0.76
SURV_04407,,2026-05-23 07:47:56,LOCATION_0160,Harish G.,VEHICLE_00614,An individual resembling Harish G. was observed in the vicinity of LOCATION_0160.,FIELD_SURVEILLANCE_UNIT,0.8
SURV_04408,,2026-03-18 06:20:14,LOCATION_0127,Manju Pandey,,Manju Pandey was observed near LOCATION_0127; no unusual activity reported.,FIELD_SURVEILLANCE_UNIT,0.69
SURV_04409,,2024-04-18 11:03:17,LOCATION_0163,Vikram Rathore,VEHICLE_00031,Vikram Rathore was observed near LOCATION_0163; no unusual activity reported.,FIELD_SURVEILLANCE_UNIT,0.58
SURV_04410,,2025-05-25 00:40:17,LOCATION_0218,Pooja N.,,An individual resembling Pooja N. was observed in the vicinity of LOCATION_0218.,FIELD_SURVEILLANCE_UNIT,0.68
SURV_04411,,2026-03-08 06:43:33,LOCATION_0180,Nikhil Reddy,,Nikhil Reddy was observed near LOCATION_0180; no unusual activity reported.,FIELD_SURVEILLANCE_UNIT,0.84
SURV_04412,,2025-03-24 05:25:03,LOCATION_0033,Anjali Kapoor,VEHICLE_00196,Anjali Kapoor was observed near LOCATION_0033; no unusual activity reported.,FIELD_SURVEILLANCE_UNIT,0.77
SURV_04413,,2025-06-05 18:45:36,LOCATION_0247,SureshYadav,VEHICLE_00265,An individual resembling SureshYadav was observed in the vicinity of LOCATION_0247.,FIELD_SURVEILLANCE_UNIT,0.65
SURV_04414,,2024-09-03 19:44:04,LOCATION_0057,Ravi Kapoor,VEHICLE_00412,Ravi Kapoor was observed near LOCATION_0057; no unusual activity reported.,FIELD_SURVEILLANCE_UNIT,0.62
SURV_04415,,2025-05-30 01:07:43,LOCATION_0130,Rajesh Choudhary,,Rajesh Choudhary was observed near LOCATION_0130; no unusual activity reported.,FIELD_SURVEILLANCE_UNIT,0.61
SURV_04416,,2024-02-13 01:27:58,LOCATION_0133,Rohit S.,VEHICLE_00033,An individual resembling Rohit S. was observed in the vicinity of LOCATION_0133.,FIELD_SURVEILLANCE_UNIT,0.78
SURV_04417,,2024-11-12 11:55:49,LOCATION_0143,Swati N.,,An individual resembling Swati N. was observed in the vicinity of LOCATION_0143.,FIELD_SURVEILLANCE_UNIT,0.68
SURV_04418,,2025-09-28 04:57:51,LOCATION_0248,Tanvi Saxena,VEHICLE_00714,Tanvi Saxena was observed near LOCATION_0248; no unusual activity reported.,FIELD_SURVEILLANCE_UNIT,0.59
SURV_04419,,2026-05-19 09:05:36,LOCATION_0169,kavita agarwal,VEHICLE_00484,An individual resembling kavita agarwal was observed in the vicinity of LOCATION_0169.,FIELD_SURVEILLANCE_UNIT,0.57
SURV_04420,,2025-10-17 11:20:05,LOCATION_0274,Deepak Sharma,VEHICLE_00453,An individual resembling Deepak Sharma was observed in the vicinity of LOCATION_0274.,FIELD_SURVEILLANCE_UNIT,0.55
SURV_04421,,2025-03-14 00:57:33,LOCATION_0012,kirti yadav,,An individual resembling kirti yadav was observed in the vicinity of LOCATION_0012.,FIELD_SURVEILLANCE_UNIT,0.77
SURV_04422,,2025-10-24 12:05:45,LOCATION_0135,DEEPAK REDDY,,An individual resembling DEEPAK REDDY was observed in the vicinity of LOCATION_0135.,FIELD_SURVEILLANCE_UNIT,0.59
SURV_04423,,2024-10-14 15:40:59,LOCATION_0288,Vivek Joshi,,Vivek Joshi was observed near LOCATION_0288; no unusual activity reported.,FIELD_SURVEILLANCE_UNIT,0.61
SURV_04424,,2024-07-01 17:28:11,LOCATION_0199,kavita agarwal,VEHICLE_00484,An individual resembling kavita agarwal was observed in the vicinity of LOCATION_0199.,FIELD_SURVEILLANCE_UNIT,0.78
SURV_04425,,2025-05-29 09:22:42,LOCATION_0186,Ravi Reddy,,An individual resembling Ravi Reddy was observed in the vicinity of LOCATION_0186.,FIELD_SURVEILLANCE_UNIT,0.75
SURV_04426,,2026-05-12 04:15:59,LOCATION_0214,Kirti Choudhary,VEHICLE_00249,Kirti Choudhary was observed near LOCATION_0214; no unusual activity reported.,FIELD_SURVEILLANCE_UNIT,0.68
SURV_04427,,2024-03-29 17:25:10,LOCATION_0063,Neha Kulkarni,VEHICLE_00189,Neha Kulkarni was observed near LOCATION_0063; no unusual activity reported.,FIELD_SURVEILLANCE_UNIT,0.86
SURV_04428,,2026-04-28 21:54:11,LOCATION_0001,Pooja Chauhan,VEHICLE_00068,Pooja Chauhan was observed near LOCATION_0001; no unusual activity reported.,FIELD_SURVEILLANCE_UNIT,0.8
SURV_04429,,2024-12-03 18:30:34,LOCATION_0174,Rajesh Reddy,,Rajesh Reddy was observed near LOCATION_0174; no unusual activity reported.,FIELD_SURVEILLANCE_UNIT,0.57
SURV_04430,,2024-03-22 03:11:32,LOCATION_0007,Arjun Agarwal,,Arjun Agarwal was observed near LOCATION_0007; no unusual activity reported.,FIELD_SURVEILLANCE_UNIT,0.72
SURV_04431,,2025-04-06 19:24:36,LOCATION_0142,Ravi Joshi,VEHICLE_00624,Ravi Joshi was observed near LOCATION_0142; no unusual activity reported.,FIELD_SURVEILLANCE_UNIT,0.74
SURV_04432,,2024-08-26 18:49:32,LOCATION_0013,Mohit Joshi,,Mohit Joshi was observed near LOCATION_0013; no unusual activity reported.,FIELD_SURVEILLANCE_UNIT,0.81
SURV_04433,,2026-05-23 12:54:12,LOCATION_0236,Yash Meena,,Yash Meena was observed near LOCATION_0236; no unusual activity reported.,FIELD_SURVEILLANCE_UNIT,0.71
SURV_04434,,2025-08-24 08:10:06,LOCATION_0076,Anjali Singh,VEHICLE_00528,An individual resembling Anjali Singh was observed in the vicinity of LOCATION_0076.,FIELD_SURVEILLANCE_UNIT,0.81
SURV_04435,,2026-04-17 23:09:56,LOCATION_0275,S. Kulkarni,VEHICLE_00312,An individual resembling S. Kulkarni was observed in the vicinity of LOCATION_0275.,FIELD_SURVEILLANCE_UNIT,0.55
SURV_04436,,2024-10-01 06:37:36,LOCATION_0182,Anita C.,,An individual resembling Anita C. was observed in the vicinity of LOCATION_0182.,FIELD_SURVEILLANCE_UNIT,0.57
SURV_04437,,2024-04-21 00:23:44,LOCATION_0104,rajesh reddy,,An individual resembling rajesh reddy was observed in the vicinity of LOCATION_0104.,FIELD_SURVEILLANCE_UNIT,0.64
SURV_04438,,2025-06-20 04:47:35,LOCATION_0212,Ritu Mishra,,Ritu Mishra was observed near LOCATION_0212; no unusual activity reported.,FIELD_SURVEILLANCE_UNIT,0.57
SURV_04439,,2024-05-09 05:08:36,LOCATION_0013,Deepika Tiwari,,Deepika Tiwari was observed near LOCATION_0013; no unusual activity reported.,FIELD_SURVEILLANCE_UNIT,0.64
SURV_04440,,2024-04-28 20:42:29,LOCATION_0218,Sonia Yadav,VEHICLE_00477,Sonia Yadav was observed near LOCATION_0218; no unusual activity reported.,FIELD_SURVEILLANCE_UNIT,0.6
SURV_04441,,2024-05-13 19:46:48,LOCATION_0146,Rohit S.,,An individual resembling Rohit S. was observed in the vicinity of LOCATION_0146.,FIELD_SURVEILLANCE_UNIT,0.86
SURV_04442,,2024-09-17 02:55:26,LOCATION_0123,Preeti Nair,,Preeti Nair was observed near LOCATION_0123; no unusual activity reported.,FIELD_SURVEILLANCE_UNIT,0.57
SURV_04443,,2024-06-27 18:42:44,LOCATION_0223,Deepika Nair,,Deepika Nair was observed near LOCATION_0223; no unusual activity reported.,FIELD_SURVEILLANCE_UNIT,0.73
SURV_04444,,2025-09-09 21:40:24,LOCATION_0043,Deepak S.,,An individual resembling Deepak S. was observed in the vicinity of LOCATION_0043.,FIELD_SURVEILLANCE_UNIT,0.58
SURV_04445,,2024-07-11 15:38:24,LOCATION_0153,P. Singh,VEHICLE_00133,An individual resembling P. Singh was observed in the vicinity of LOCATION_0153.,FIELD_SURVEILLANCE_UNIT,0.88
SURV_04446,,2026-06-03 15:02:11,LOCATION_0055,sunita mishra,,An individual resembling sunita mishra was observed in the vicinity of LOCATION_0055.,FIELD_SURVEILLANCE_UNIT,0.68
SURV_04447,,2025-08-06 06:41:28,LOCATION_0078,AnitaKulkarni,VEHICLE_00023,An individual resembling AnitaKulkarni was observed in the vicinity of LOCATION_0078.,FIELD_SURVEILLANCE_UNIT,0.69
SURV_04448,,2024-11-04 18:52:01,LOCATION_0080,K. Malhotra,,An individual resembling K. Malhotra was observed in the vicinity of LOCATION_0080.,FIELD_SURVEILLANCE_UNIT,0.84
SURV_04449,,2024-05-24 23:56:29,LOCATION_0138,Ravi Joshi,VEHICLE_00065,Ravi Joshi was observed near LOCATION_0138; no unusual activity reported.,FIELD_SURVEILLANCE_UNIT,0.58
SURV_04450,,2025-09-26 03:06:37,LOCATION_0076,ARJUN KAPOOR,VEHICLE_00303,An individual resembling ARJUN KAPOOR was observed in the vicinity of LOCATION_0076.,FIELD_SURVEILLANCE_UNIT,0.56
SURV_04451,,2026-03-17 23:48:55,LOCATION_0296,Rajesh Reddy,VEHICLE_00153,Rajesh Reddy was observed near LOCATION_0296; no unusual activity reported.,FIELD_SURVEILLANCE_UNIT,0.77
SURV_04452,,2026-05-13 05:18:38,LOCATION_0064,Rekha Gupta,VEHICLE_00625,Rekha Gupta was observed near LOCATION_0064; no unusual activity reported.,FIELD_SURVEILLANCE_UNIT,0.56
SURV_04453,,2024-09-26 13:43:05,LOCATION_0102,SunitaSharma,VEHICLE_00637,An individual resembling SunitaSharma was observed in the vicinity of LOCATION_0102.,FIELD_SURVEILLANCE_UNIT,0.72
SURV_04454,,2025-03-01 16:49:48,LOCATION_0118,Manoj Singh,,Manoj Singh was observed near LOCATION_0118; no unusual activity reported.,FIELD_SURVEILLANCE_UNIT,0.9
SURV_04455,,2026-01-11 05:03:51,LOCATION_0009,Alka Agarwal,,Alka Agarwal was observed near LOCATION_0009; no unusual activity reported.,FIELD_SURVEILLANCE_UNIT,0.84
SURV_04456,,2025-07-04 21:20:51,LOCATION_0246,Alka Choudhary,,Alka Choudhary was observed near LOCATION_0246; no unusual activity reported.,FIELD_SURVEILLANCE_UNIT,0.7
SURV_04457,,2025-12-09 19:56:44,LOCATION_0005,Sanjay Singh,VEHICLE_00103,Sanjay Singh was observed near LOCATION_0005; no unusual activity reported.,FIELD_SURVEILLANCE_UNIT,0.79
SURV_04458,,2026-05-19 13:59:37,LOCATION_0072,Neha Pandey,,Neha Pandey was observed near LOCATION_0072; no unusual activity reported.,FIELD_SURVEILLANCE_UNIT,0.69
SURV_04459,,2026-04-22 18:49:40,LOCATION_0148,Amit Mishra,VEHICLE_00661,Amit Mishra was observed near LOCATION_0148; no unusual activity reported.,FIELD_SURVEILLANCE_UNIT,0.63
SURV_04460,,2024-03-22 06:08:49,LOCATION_0060,Suresh Tiwari,,Suresh Tiwari was observed near LOCATION_0060; no unusual activity reported.,FIELD_SURVEILLANCE_UNIT,0.79
SURV_04461,,2024-12-20 08:35:32,LOCATION_0254,V. Pandey,,An individual resembling V. Pandey was observed in the vicinity of LOCATION_0254.,FIELD_SURVEILLANCE_UNIT,0.66
SURV_04462,,2025-07-11 11:13:31,LOCATION_0067,Kavita Choudhary,,Kavita Choudhary was observed near LOCATION_0067; no unusual activity reported.,FIELD_SURVEILLANCE_UNIT,0.74
SURV_04463,,2024-06-13 07:02:27,LOCATION_0196,G. Agarwal,,An individual resembling G. Agarwal was observed in the vicinity of LOCATION_0196.,FIELD_SURVEILLANCE_UNIT,0.88
SURV_04464,,2026-02-24 15:09:37,LOCATION_0282,Neha Naidu,,Neha Naidu was observed near LOCATION_0282; no unusual activity reported.,FIELD_SURVEILLANCE_UNIT,0.69
SURV_04465,,2026-06-09 07:50:32,LOCATION_0095,N. Singh,VEHICLE_00205,An individual resembling N. Singh was observed in the vicinity of LOCATION_0095.,FIELD_SURVEILLANCE_UNIT,0.87
SURV_04466,,2025-09-17 05:31:58,LOCATION_0218,TANVI BHATT,,An individual resembling TANVI BHATT was observed in the vicinity of LOCATION_0218.,FIELD_SURVEILLANCE_UNIT,0.77
SURV_04467,,2026-02-02 21:36:29,LOCATION_0183,V. Gupta,VEHICLE_00072,An individual resembling V. Gupta was observed in the vicinity of LOCATION_0183.,FIELD_SURVEILLANCE_UNIT,0.71
SURV_04468,,2025-10-28 23:58:15,LOCATION_0296,deepika chauhan,,An individual resembling deepika chauhan was observed in the vicinity of LOCATION_0296.,FIELD_SURVEILLANCE_UNIT,0.87
SURV_04469,,2026-03-04 02:38:10,LOCATION_0201,arjun rathore,,An individual resembling arjun rathore was observed in the vicinity of LOCATION_0201.,FIELD_SURVEILLANCE_UNIT,0.6
SURV_04470,,2025-01-19 11:27:32,LOCATION_0267,Y. Pandey,,An individual resembling Y. Pandey was observed in the vicinity of LOCATION_0267.,FIELD_SURVEILLANCE_UNIT,0.56
SURV_04471,,2024-12-02 05:51:06,LOCATION_0298,PoojaMalhotra,,An individual resembling PoojaMalhotra was observed in the vicinity of LOCATION_0298.,FIELD_SURVEILLANCE_UNIT,0.72
SURV_04472,,2024-02-03 19:09:02,LOCATION_0283,Meena Yadav,,Meena Yadav was observed near LOCATION_0283; no unusual activity reported.,FIELD_SURVEILLANCE_UNIT,0.68
SURV_04473,,2025-03-14 03:55:31,LOCATION_0125,Priya Bansal,VEHICLE_00199,Priya Bansal was observed near LOCATION_0125; no unusual activity reported.,FIELD_SURVEILLANCE_UNIT,0.88
SURV_04474,,2024-08-08 21:01:46,LOCATION_0012,SimranNair,VEHICLE_00519,An individual resembling SimranNair was observed in the vicinity of LOCATION_0012.,FIELD_SURVEILLANCE_UNIT,0.67
SURV_04475,,2024-06-09 00:17:14,LOCATION_0012,Nikhil C.,,An individual resembling Nikhil C. was observed in the vicinity of LOCATION_0012.,FIELD_SURVEILLANCE_UNIT,0.6
SURV_04476,,2025-05-10 00:18:41,LOCATION_0079,Kirti Kapoor,,Kirti Kapoor was observed near LOCATION_0079; no unusual activity reported.,FIELD_SURVEILLANCE_UNIT,0.68
SURV_04477,,2025-06-03 10:47:18,LOCATION_0001,Nisha Verma,,Nisha Verma was observed near LOCATION_0001; no unusual activity reported.,FIELD_SURVEILLANCE_UNIT,0.81
SURV_04478,,2025-01-24 02:38:05,LOCATION_0300,Isha Tiwari,,Isha Tiwari was observed near LOCATION_0300; no unusual activity reported.,FIELD_SURVEILLANCE_UNIT,0.67
SURV_04479,,2026-05-10 20:50:52,LOCATION_0159,A. Naidu,VEHICLE_00248,An individual resembling A. Naidu was observed in the vicinity of LOCATION_0159.,FIELD_SURVEILLANCE_UNIT,0.61
SURV_04480,,2025-11-12 04:37:51,LOCATION_0293,KIRTI RATHORE,,An individual resembling KIRTI RATHORE was observed in the vicinity of LOCATION_0293.,FIELD_SURVEILLANCE_UNIT,0.66
SURV_04481,,2024-05-25 22:43:50,LOCATION_0232,S. Yadav,VEHICLE_00019,An individual resembling S. Yadav was observed in the vicinity of LOCATION_0232.,FIELD_SURVEILLANCE_UNIT,0.74
SURV_04482,,2025-07-17 17:08:32,LOCATION_0162,M. Joshi,VEHICLE_00185,An individual resembling M. Joshi was observed in the vicinity of LOCATION_0162.,FIELD_SURVEILLANCE_UNIT,0.86
SURV_04483,,2024-05-18 20:18:33,LOCATION_0031,Meena M.,,An individual resembling Meena M. was observed in the vicinity of LOCATION_0031.,FIELD_SURVEILLANCE_UNIT,0.63
SURV_04484,,2025-05-30 18:55:20,LOCATION_0276,Alka C.,,An individual resembling Alka C. was observed in the vicinity of LOCATION_0276.,FIELD_SURVEILLANCE_UNIT,0.64
SURV_04485,,2025-01-14 15:31:13,LOCATION_0045,MeenaReddy,VEHICLE_00552,An individual resembling MeenaReddy was observed in the vicinity of LOCATION_0045.,FIELD_SURVEILLANCE_UNIT,0.71
SURV_04486,,2025-03-06 10:59:14,LOCATION_0164,Vikram Naidu,,Vikram Naidu was observed near LOCATION_0164; no unusual activity reported.,FIELD_SURVEILLANCE_UNIT,0.77
SURV_04487,,2026-03-08 13:06:52,LOCATION_0277,N. Pandey,,An individual resembling N. Pandey was observed in the vicinity of LOCATION_0277.,FIELD_SURVEILLANCE_UNIT,0.73
SURV_04488,,2024-11-02 04:41:30,LOCATION_0007,Preeti Reddy,VEHICLE_00032,Preeti Reddy was observed near LOCATION_0007; no unusual activity reported.,FIELD_SURVEILLANCE_UNIT,0.78
SURV_04489,,2024-07-22 01:18:59,LOCATION_0088,Alka Malhotra,,Alka Malhotra was observed near LOCATION_0088; no unusual activity reported.,FIELD_SURVEILLANCE_UNIT,0.87
SURV_04490,,2025-08-26 01:37:57,LOCATION_0254,A. Reddy,,An individual resembling A. Reddy was observed in the vicinity of LOCATION_0254.,FIELD_SURVEILLANCE_UNIT,0.84
SURV_04491,,2026-02-19 10:23:56,LOCATION_0021,Nikhil M.,VEHICLE_00666,An individual resembling Nikhil M. was observed in the vicinity of LOCATION_0021.,FIELD_SURVEILLANCE_UNIT,0.64
SURV_04492,,2024-04-20 21:13:27,LOCATION_0160,Pankaj Tiwari,,An individual resembling Pankaj Tiwari was observed in the vicinity of LOCATION_0160.,FIELD_SURVEILLANCE_UNIT,0.86
SURV_04493,,2024-07-13 20:13:58,LOCATION_0143,Alka P.,VEHICLE_00286,An individual resembling Alka P. was observed in the vicinity of LOCATION_0143.,FIELD_SURVEILLANCE_UNIT,0.84
SURV_04494,,2025-04-17 14:09:27,LOCATION_0288,Meena Tiwari,,Meena Tiwari was observed near LOCATION_0288; no unusual activity reported.,FIELD_SURVEILLANCE_UNIT,0.83
SURV_04495,,2025-01-05 15:38:18,LOCATION_0174,H. Kulkarni,VEHICLE_00243,An individual resembling H. Kulkarni was observed in the vicinity of LOCATION_0174.,FIELD_SURVEILLANCE_UNIT,0.84
SURV_04496,,2026-02-17 11:14:44,LOCATION_0109,Anjali Nair,,Anjali Nair was observed near LOCATION_0109; no unusual activity reported.,FIELD_SURVEILLANCE_UNIT,0.57
SURV_04497,,2025-06-19 08:16:36,LOCATION_0157,Meena A.,VEHICLE_00613,An individual resembling Meena A. was observed in the vicinity of LOCATION_0157.,FIELD_SURVEILLANCE_UNIT,0.87
SURV_04498,,2024-03-28 21:04:04,LOCATION_0149,RituMishra,VEHICLE_00362,An individual resembling RituMishra was observed in the vicinity of LOCATION_0149.,FIELD_SURVEILLANCE_UNIT,0.8
SURV_04499,,2024-05-31 19:37:10,LOCATION_0083,ANJALI NAIDU,,An individual resembling ANJALI NAIDU was observed in the vicinity of LOCATION_0083.,FIELD_SURVEILLANCE_UNIT,0.83
SURV_04500,,2025-06-23 14:21:02,LOCATION_0016,pankaj verma,VEHICLE_00055,An individual resembling pankaj verma was observed in the vicinity of LOCATION_0016.,FIELD_SURVEILLANCE_UNIT,0.63
SURV_04501,,2024-05-18 19:30:15,LOCATION_0075,Vikram S.,,An individual resembling Vikram S. was observed in the vicinity of LOCATION_0075.,FIELD_SURVEILLANCE_UNIT,0.67
SURV_04502,,2025-12-10 07:00:36,LOCATION_0150,Vivek Tiwari,,Vivek Tiwari was observed near LOCATION_0150; no unusual activity reported.,FIELD_SURVEILLANCE_UNIT,0.74
SURV_04503,,2024-02-08 22:33:03,LOCATION_0061,PriyaMeena,,An individual resembling PriyaMeena was observed in the vicinity of LOCATION_0061.,FIELD_SURVEILLANCE_UNIT,0.6
SURV_04504,,2024-02-22 09:32:06,LOCATION_0156,Deepak Bansal,VEHICLE_00216,Deepak Bansal was observed near LOCATION_0156; no unusual activity reported.,FIELD_SURVEILLANCE_UNIT,0.89
SURV_04505,,2024-02-18 23:29:36,LOCATION_0214,Kavita Meena,VEHICLE_00644,Kavita Meena was observed near LOCATION_0214; no unusual activity reported.,FIELD_SURVEILLANCE_UNIT,0.82
SURV_04506,,2024-09-20 23:17:42,LOCATION_0133,Deepika Tiwari,,Deepika Tiwari was observed near LOCATION_0133; no unusual activity reported.,FIELD_SURVEILLANCE_UNIT,0.58
SURV_04507,,2025-01-20 13:38:03,LOCATION_0287,Arjun Y.,VEHICLE_00167,An individual resembling Arjun Y. was observed in the vicinity of LOCATION_0287.,FIELD_SURVEILLANCE_UNIT,0.68
SURV_04508,,2025-01-06 13:17:22,LOCATION_0142,Ritu Malhotra,,Ritu Malhotra was observed near LOCATION_0142; no unusual activity reported.,FIELD_SURVEILLANCE_UNIT,0.82
SURV_04509,,2025-07-01 22:46:06,LOCATION_0060,Ritu Singh,,Ritu Singh was observed near LOCATION_0060; no unusual activity reported.,FIELD_SURVEILLANCE_UNIT,0.63
SURV_04510,,2025-11-06 06:36:43,LOCATION_0171,REKHA CHOUDHARY,,An individual resembling REKHA CHOUDHARY was observed in the vicinity of LOCATION_0171.,FIELD_SURVEILLANCE_UNIT,0.9
SURV_04511,,2024-06-09 23:48:48,LOCATION_0174,Geeta Rathore,,Geeta Rathore was observed near LOCATION_0174; no unusual activity reported.,FIELD_SURVEILLANCE_UNIT,0.59
SURV_04512,,2025-01-05 12:27:42,LOCATION_0178,Tanvi Pandey,VEHICLE_00053,Tanvi Pandey was observed near LOCATION_0178; no unusual activity reported.,FIELD_SURVEILLANCE_UNIT,0.72
SURV_04513,,2025-07-10 02:13:42,LOCATION_0037,neha gupta,,An individual resembling neha gupta was observed in the vicinity of LOCATION_0037.,FIELD_SURVEILLANCE_UNIT,0.65
SURV_04514,,2025-08-24 07:29:13,LOCATION_0165,Ravi Singh,,Ravi Singh was observed near LOCATION_0165; no unusual activity reported.,FIELD_SURVEILLANCE_UNIT,0.74
SURV_04515,,2024-10-12 23:28:41,LOCATION_0285,Yash Joshi,VEHICLE_00192,Yash Joshi was observed near LOCATION_0285; no unusual activity reported.,FIELD_SURVEILLANCE_UNIT,0.9
SURV_04516,,2025-05-10 01:47:44,LOCATION_0044,naveen iyer,,An individual resembling naveen iyer was observed in the vicinity of LOCATION_0044.,FIELD_SURVEILLANCE_UNIT,0.87
SURV_04517,,2025-08-25 10:32:14,LOCATION_0272,Yash Bansal,VEHICLE_00563,Yash Bansal was observed near LOCATION_0272; no unusual activity reported.,FIELD_SURVEILLANCE_UNIT,0.82
SURV_04518,,2024-11-18 03:09:34,LOCATION_0095,Deepika Verma,VEHICLE_00104,Deepika Verma was observed near LOCATION_0095; no unusual activity reported.,FIELD_SURVEILLANCE_UNIT,0.7
SURV_04519,,2025-11-28 00:36:23,LOCATION_0265,Neha Singh,VEHICLE_00205,Neha Singh was observed near LOCATION_0265; no unusual activity reported.,FIELD_SURVEILLANCE_UNIT,0.67
SURV_04520,,2025-01-22 05:19:07,LOCATION_0259,Alka B.,,An individual resembling Alka B. was observed in the vicinity of LOCATION_0259.,FIELD_SURVEILLANCE_UNIT,0.56
SURV_04521,,2024-11-29 00:16:36,LOCATION_0024,Vivek Kapoor,VEHICLE_00602,Vivek Kapoor was observed near LOCATION_0024; no unusual activity reported.,FIELD_SURVEILLANCE_UNIT,0.61
SURV_04522,,2024-11-03 11:32:48,LOCATION_0198,A. Mishra,VEHICLE_00128,An individual resembling A. Mishra was observed in the vicinity of LOCATION_0198.,FIELD_SURVEILLANCE_UNIT,0.58
SURV_04523,,2025-02-14 20:17:03,LOCATION_0219,Ravi Yadav,VEHICLE_00040,Ravi Yadav was observed near LOCATION_0219; no unusual activity reported.,FIELD_SURVEILLANCE_UNIT,0.81
SURV_04524,,2025-08-01 02:06:09,LOCATION_0231,Sandeep Agarwal,,Sandeep Agarwal was observed near LOCATION_0231; no unusual activity reported.,FIELD_SURVEILLANCE_UNIT,0.66
SURV_04525,,2025-02-08 14:09:41,LOCATION_0231,Pankaj Mishra,VEHICLE_00370,Pankaj Mishra was observed near LOCATION_0231; no unusual activity reported.,FIELD_SURVEILLANCE_UNIT,0.87
SURV_04526,,2025-08-28 05:33:22,LOCATION_0018,tanvi tiwari,VEHICLE_00594,An individual resembling tanvi tiwari was observed in the vicinity of LOCATION_0018.,FIELD_SURVEILLANCE_UNIT,0.76
SURV_04527,,2024-12-12 10:42:28,LOCATION_0162,Deepika Singh,,Deepika Singh was observed near LOCATION_0162; no unusual activity reported.,FIELD_SURVEILLANCE_UNIT,0.83
SURV_04528,,2024-08-25 06:01:34,LOCATION_0213,Alka Yadav,,Alka Yadav was observed near LOCATION_0213; no unusual activity reported.,FIELD_SURVEILLANCE_UNIT,0.88
SURV_04529,,2025-08-04 22:55:06,LOCATION_0144,Kirti C.,,An individual resembling Kirti C. was observed in the vicinity of LOCATION_0144.,FIELD_SURVEILLANCE_UNIT,0.56
SURV_04530,,2026-06-11 13:27:19,LOCATION_0107,Sonia Kulkarni,,Sonia Kulkarni was observed near LOCATION_0107; no unusual activity reported.,FIELD_SURVEILLANCE_UNIT,0.8
SURV_04531,,2026-05-04 03:24:33,LOCATION_0097,Nisha Bhatt,,Nisha Bhatt was observed near LOCATION_0097; no unusual activity reported.,FIELD_SURVEILLANCE_UNIT,0.63
SURV_04532,,2024-07-05 07:16:09,LOCATION_0088,VIVEK CHOUDHARY,VEHICLE_00421,An individual resembling VIVEK CHOUDHARY was observed in the vicinity of LOCATION_0088.,FIELD_SURVEILLANCE_UNIT,0.81
SURV_04533,,2025-08-10 13:48:09,LOCATION_0253,Preeti Singh,VEHICLE_00133,Preeti Singh was observed near LOCATION_0253; no unusual activity reported.,FIELD_SURVEILLANCE_UNIT,0.75
SURV_04534,,2026-03-17 05:20:28,LOCATION_0207,Pankaj Malhotra,,Pankaj Malhotra was observed near LOCATION_0207; no unusual activity reported.,FIELD_SURVEILLANCE_UNIT,0.64
SURV_04535,,2024-11-05 19:32:14,LOCATION_0183,Ritu Singh,VEHICLE_00016,Ritu Singh was observed near LOCATION_0183; no unusual activity reported.,FIELD_SURVEILLANCE_UNIT,0.71
SURV_04536,,2024-09-10 12:21:24,LOCATION_0132,Sandeep Naidu,,Sandeep Naidu was observed near LOCATION_0132; no unusual activity reported.,FIELD_SURVEILLANCE_UNIT,0.79
SURV_04537,,2024-09-27 10:37:31,LOCATION_0284,aman iyer,,An individual resembling aman iyer was observed in the vicinity of LOCATION_0284.,FIELD_SURVEILLANCE_UNIT,0.87
SURV_04538,,2025-09-14 06:25:04,LOCATION_0041,Amit Yadav,,Amit Yadav was observed near LOCATION_0041; no unusual activity reported.,FIELD_SURVEILLANCE_UNIT,0.86
SURV_04539,,2025-10-08 19:13:10,LOCATION_0131,rohit bhatt,,An individual resembling rohit bhatt was observed in the vicinity of LOCATION_0131.,FIELD_SURVEILLANCE_UNIT,0.89
SURV_04540,,2024-04-21 23:15:40,LOCATION_0015,AnitaChauhan,,An individual resembling AnitaChauhan was observed in the vicinity of LOCATION_0015.,FIELD_SURVEILLANCE_UNIT,0.84
SURV_04541,,2024-03-08 23:23:36,LOCATION_0007,Nisha Bhatt,,An individual resembling Nisha Bhatt was observed in the vicinity of LOCATION_0007.,FIELD_SURVEILLANCE_UNIT,0.62
SURV_04542,,2024-12-24 22:36:27,LOCATION_0254,Rekha Bhatt,,Rekha Bhatt was observed near LOCATION_0254; no unusual activity reported.,FIELD_SURVEILLANCE_UNIT,0.87
SURV_04543,,2024-10-08 12:40:17,LOCATION_0210,RAJESH MISHRA,VEHICLE_00461,An individual resembling RAJESH MISHRA was observed in the vicinity of LOCATION_0210.,FIELD_SURVEILLANCE_UNIT,0.61
SURV_04544,,2024-06-18 17:16:16,LOCATION_0265,DEEPIKA VERMA,VEHICLE_00104,An individual resembling DEEPIKA VERMA was observed in the vicinity of LOCATION_0265.,FIELD_SURVEILLANCE_UNIT,0.77
SURV_04545,,2026-02-18 00:39:01,LOCATION_0196,Ashok Bhatt,VEHICLE_00485,Ashok Bhatt was observed near LOCATION_0196; no unusual activity reported.,FIELD_SURVEILLANCE_UNIT,0.79
SURV_04546,,2026-01-16 18:48:07,LOCATION_0174,Aman Reddy,,Aman Reddy was observed near LOCATION_0174; no unusual activity reported.,FIELD_SURVEILLANCE_UNIT,0.71
SURV_04547,,2024-01-09 08:28:29,LOCATION_0034,MeenaSharma,,An individual resembling MeenaSharma was observed in the vicinity of LOCATION_0034.,FIELD_SURVEILLANCE_UNIT,0.82
SURV_04548,,2026-06-03 15:23:43,LOCATION_0080,Vikram Chauhan,,Vikram Chauhan was observed near LOCATION_0080; no unusual activity reported.,FIELD_SURVEILLANCE_UNIT,0.59
SURV_04549,,2024-02-07 20:31:37,LOCATION_0050,A. Verma,VEHICLE_00214,An individual resembling A. Verma was observed in the vicinity of LOCATION_0050.,FIELD_SURVEILLANCE_UNIT,0.66
SURV_04550,,2024-04-27 12:06:17,LOCATION_0027,R. Verma,VEHICLE_00438,An individual resembling R. Verma was observed in the vicinity of LOCATION_0027.,FIELD_SURVEILLANCE_UNIT,0.59
SURV_04551,,2024-09-26 15:03:41,LOCATION_0241,Rahul Gupta,,Rahul Gupta was observed near LOCATION_0241; no unusual activity reported.,FIELD_SURVEILLANCE_UNIT,0.74
SURV_04552,,2026-04-30 16:54:58,LOCATION_0239,Nisha Naidu,,Nisha Naidu was observed near LOCATION_0239; no unusual activity reported.,FIELD_SURVEILLANCE_UNIT,0.76
SURV_04553,,2026-02-18 18:35:50,LOCATION_0062,Anil Chauhan,VEHICLE_00223,Anil Chauhan was observed near LOCATION_0062; no unusual activity reported.,FIELD_SURVEILLANCE_UNIT,0.79
SURV_04554,,2026-04-18 15:46:27,LOCATION_0020,Karan Verma,,Karan Verma was observed near LOCATION_0020; no unusual activity reported.,FIELD_SURVEILLANCE_UNIT,0.83
SURV_04555,,2025-11-03 00:42:12,LOCATION_0074,Rohit Kapoor,VEHICLE_00398,Rohit Kapoor was observed near LOCATION_0074; no unusual activity reported.,FIELD_SURVEILLANCE_UNIT,0.67
SURV_04556,,2024-01-23 19:11:08,LOCATION_0233,yash pandey,VEHICLE_00076,An individual resembling yash pandey was observed in the vicinity of LOCATION_0233.,FIELD_SURVEILLANCE_UNIT,0.8
SURV_04557,,2025-05-29 00:52:46,LOCATION_0201,NehaGupta,VEHICLE_00595,An individual resembling NehaGupta was observed in the vicinity of LOCATION_0201.,FIELD_SURVEILLANCE_UNIT,0.85
SURV_04558,,2026-03-03 14:27:45,LOCATION_0106,naveen pandey,,An individual resembling naveen pandey was observed in the vicinity of LOCATION_0106.,FIELD_SURVEILLANCE_UNIT,0.6
SURV_04559,,2025-09-01 15:22:49,LOCATION_0169,Sandeep Joshi,VEHICLE_00458,Sandeep Joshi was observed near LOCATION_0169; no unusual activity reported.,FIELD_SURVEILLANCE_UNIT,0.71
SURV_04560,,2025-05-20 00:26:09,LOCATION_0079,Gaurav Pandey,,Gaurav Pandey was observed near LOCATION_0079; no unusual activity reported.,FIELD_SURVEILLANCE_UNIT,0.71
SURV_04561,,2025-05-04 19:39:32,LOCATION_0260,Karan Kulkarni,,Karan Kulkarni was observed near LOCATION_0260; no unusual activity reported.,FIELD_SURVEILLANCE_UNIT,0.84
SURV_04562,,2025-04-04 14:24:07,LOCATION_0234,RAHUL NAIDU,VEHICLE_00209,An individual resembling RAHUL NAIDU was observed in the vicinity of LOCATION_0234.,FIELD_SURVEILLANCE_UNIT,0.63
SURV_04563,,2024-03-08 10:21:24,LOCATION_0223,Ravi Kulkarni,VEHICLE_00017,Ravi Kulkarni was observed near LOCATION_0223; no unusual activity reported.,FIELD_SURVEILLANCE_UNIT,0.86
SURV_04564,,2025-04-30 13:06:16,LOCATION_0021,D. Chauhan,,An individual resembling D. Chauhan was observed in the vicinity of LOCATION_0021.,FIELD_SURVEILLANCE_UNIT,0.71
SURV_04565,,2024-05-24 07:56:34,LOCATION_0226,Deepika Chauhan,,Deepika Chauhan was observed near LOCATION_0226; no unusual activity reported.,FIELD_SURVEILLANCE_UNIT,0.74
SURV_04566,,2025-12-04 09:49:35,LOCATION_0191,Isha K.,,An individual resembling Isha K. was observed in the vicinity of LOCATION_0191.,FIELD_SURVEILLANCE_UNIT,0.64
SURV_04567,,2024-08-26 05:23:48,LOCATION_0078,Manoj Singh,,Manoj Singh was observed near LOCATION_0078; no unusual activity reported.,FIELD_SURVEILLANCE_UNIT,0.71
SURV_04568,,2025-09-11 05:32:17,LOCATION_0147,Sunita Verma,VEHICLE_00685,Sunita Verma was observed near LOCATION_0147; no unusual activity reported.,FIELD_SURVEILLANCE_UNIT,0.73
SURV_04569,,2025-05-22 07:19:30,LOCATION_0110,Ritu Singh,,Ritu Singh was observed near LOCATION_0110; no unusual activity reported.,FIELD_SURVEILLANCE_UNIT,0.75
SURV_04570,,2026-06-10 17:53:36,LOCATION_0241,Ravi Naidu,,Ravi Naidu was observed near LOCATION_0241; no unusual activity reported.,FIELD_SURVEILLANCE_UNIT,0.66
SURV_04571,,2024-06-18 10:23:31,LOCATION_0043,Amit Meena,,Amit Meena was observed near LOCATION_0043; no unusual activity reported.,FIELD_SURVEILLANCE_UNIT,0.75
SURV_04572,,2025-07-29 03:15:35,LOCATION_0206,Amit Bansal,,Amit Bansal was observed near LOCATION_0206; no unusual activity reported.,FIELD_SURVEILLANCE_UNIT,0.64
SURV_04573,,2026-01-02 03:31:48,LOCATION_0197,M. Pandey,,An individual resembling M. Pandey was observed in the vicinity of LOCATION_0197.,FIELD_SURVEILLANCE_UNIT,0.84
SURV_04574,,2025-01-10 19:50:42,LOCATION_0052,Harish Pandey,VEHICLE_00235,Harish Pandey was observed near LOCATION_0052; no unusual activity reported.,FIELD_SURVEILLANCE_UNIT,0.79
SURV_04575,,2024-07-30 19:58:30,LOCATION_0295,Geeta Reddy,VEHICLE_00376,Geeta Reddy was observed near LOCATION_0295; no unusual activity reported.,FIELD_SURVEILLANCE_UNIT,0.8
SURV_04576,,2024-09-24 04:40:56,LOCATION_0232,Sunita Gupta,,Sunita Gupta was observed near LOCATION_0232; no unusual activity reported.,FIELD_SURVEILLANCE_UNIT,0.77
SURV_04577,,2025-04-10 09:53:51,LOCATION_0055,Suresh Bansal,VEHICLE_00100,Suresh Bansal was observed near LOCATION_0055; no unusual activity reported.,FIELD_SURVEILLANCE_UNIT,0.89
SURV_04578,,2024-08-08 17:28:21,LOCATION_0101,MeenaJoshi,VEHICLE_00051,An individual resembling MeenaJoshi was observed in the vicinity of LOCATION_0101.,FIELD_SURVEILLANCE_UNIT,0.65
SURV_04579,,2026-05-27 02:02:50,LOCATION_0206,Aman Bansal,,Aman Bansal was observed near LOCATION_0206; no unusual activity reported.,FIELD_SURVEILLANCE_UNIT,0.71
SURV_04580,,2025-02-12 06:49:03,LOCATION_0089,Suresh B.,VEHICLE_00295,An individual resembling Suresh B. was observed in the vicinity of LOCATION_0089.,FIELD_SURVEILLANCE_UNIT,0.56
SURV_04581,,2024-05-20 11:07:08,LOCATION_0162,Sandeep Naidu,,Sandeep Naidu was observed near LOCATION_0162; no unusual activity reported.,FIELD_SURVEILLANCE_UNIT,0.81
SURV_04582,,2026-01-16 00:53:54,LOCATION_0066,Sonia Sharma,VEHICLE_00545,An individual resembling Sonia Sharma was observed in the vicinity of LOCATION_0066.,FIELD_SURVEILLANCE_UNIT,0.82
SURV_04583,,2024-08-29 21:30:22,LOCATION_0151,S. Naidu,,An individual resembling S. Naidu was observed in the vicinity of LOCATION_0151.,FIELD_SURVEILLANCE_UNIT,0.86
SURV_04584,,2026-02-19 08:17:18,LOCATION_0198,sanjay meena,,An individual resembling sanjay meena was observed in the vicinity of LOCATION_0198.,FIELD_SURVEILLANCE_UNIT,0.7
SURV_04585,,2025-09-29 19:32:22,LOCATION_0131,Harish G.,VEHICLE_00217,An individual resembling Harish G. was observed in the vicinity of LOCATION_0131.,FIELD_SURVEILLANCE_UNIT,0.88
SURV_04586,,2026-01-09 17:10:46,LOCATION_0017,Meena Choudhary,,Meena Choudhary was observed near LOCATION_0017; no unusual activity reported.,FIELD_SURVEILLANCE_UNIT,0.62
SURV_04587,,2024-02-22 05:36:26,LOCATION_0125,Kirti Tiwari,VEHICLE_00693,Kirti Tiwari was observed near LOCATION_0125; no unusual activity reported.,FIELD_SURVEILLANCE_UNIT,0.84
SURV_04588,,2025-11-01 07:12:36,LOCATION_0106,Aman Bansal,,Aman Bansal was observed near LOCATION_0106; no unusual activity reported.,FIELD_SURVEILLANCE_UNIT,0.69
SURV_04589,,2025-03-09 02:08:55,LOCATION_0067,simran choudhary,VEHICLE_00373,An individual resembling simran choudhary was observed in the vicinity of LOCATION_0067.,FIELD_SURVEILLANCE_UNIT,0.58
SURV_04590,,2025-12-09 02:05:19,LOCATION_0172,S. Saxena,,An individual resembling S. Saxena was observed in the vicinity of LOCATION_0172.,FIELD_SURVEILLANCE_UNIT,0.56
SURV_04591,,2025-07-20 06:34:12,LOCATION_0026,A. Gupta,VEHICLE_00473,An individual resembling A. Gupta was observed in the vicinity of LOCATION_0026.,FIELD_SURVEILLANCE_UNIT,0.6
SURV_04592,,2025-09-07 10:28:07,LOCATION_0264,AnjaliSingh,VEHICLE_00239,An individual resembling AnjaliSingh was observed in the vicinity of LOCATION_0264.,FIELD_SURVEILLANCE_UNIT,0.63
SURV_04593,,2026-06-15 00:43:22,LOCATION_0002,K. Chauhan,,An individual resembling K. Chauhan was observed in the vicinity of LOCATION_0002.,FIELD_SURVEILLANCE_UNIT,0.72
SURV_04594,,2025-10-13 02:16:44,LOCATION_0263,Vikram Rathore,VEHICLE_00274,Vikram Rathore was observed near LOCATION_0263; no unusual activity reported.,FIELD_SURVEILLANCE_UNIT,0.58
SURV_04595,,2024-10-20 10:14:14,LOCATION_0277,deepika iyer,VEHICLE_00404,An individual resembling deepika iyer was observed in the vicinity of LOCATION_0277.,FIELD_SURVEILLANCE_UNIT,0.88
SURV_04596,,2024-08-19 04:32:41,LOCATION_0291,Sanjay Pandey,,Sanjay Pandey was observed near LOCATION_0291; no unusual activity reported.,FIELD_SURVEILLANCE_UNIT,0.77
SURV_04597,,2026-06-08 09:24:07,LOCATION_0101,Y. Nair,VEHICLE_00162,An individual resembling Y. Nair was observed in the vicinity of LOCATION_0101.,FIELD_SURVEILLANCE_UNIT,0.83
SURV_04598,,2026-06-14 22:35:10,LOCATION_0280,Nikhil Rathore,VEHICLE_00188,Nikhil Rathore was observed near LOCATION_0280; no unusual activity reported.,FIELD_SURVEILLANCE_UNIT,0.62
SURV_04599,,2026-06-28 21:11:33,LOCATION_0048,Swati Chauhan,VEHICLE_00001,An individual resembling Swati Chauhan was observed in the vicinity of LOCATION_0048.,FIELD_SURVEILLANCE_UNIT,0.85
SURV_04600,,2024-09-22 16:22:16,LOCATION_0200,Divya Chauhan,VEHICLE_00278,Divya Chauhan was observed near LOCATION_0200; no unusual activity reported.,FIELD_SURVEILLANCE_UNIT,0.68
SURV_04601,,2025-04-27 00:30:20,LOCATION_0223,Ravi Bhatt,,An individual resembling Ravi Bhatt was observed in the vicinity of LOCATION_0223.,FIELD_SURVEILLANCE_UNIT,0.56
SURV_04602,,2026-01-16 22:51:42,LOCATION_0293,manoj yadav,,An individual resembling manoj yadav was observed in the vicinity of LOCATION_0293.,FIELD_SURVEILLANCE_UNIT,0.77
SURV_04603,,2024-03-26 22:01:09,LOCATION_0218,Sandeep I.,,An individual resembling Sandeep I. was observed in the vicinity of LOCATION_0218.,FIELD_SURVEILLANCE_UNIT,0.65
SURV_04604,,2024-07-08 12:00:41,LOCATION_0216,SoniaNaidu,VEHICLE_00034,An individual resembling SoniaNaidu was observed in the vicinity of LOCATION_0216.,FIELD_SURVEILLANCE_UNIT,0.57
SURV_04605,,2024-07-28 21:31:50,LOCATION_0061,Amit Malhotra,VEHICLE_00452,Amit Malhotra was observed near LOCATION_0061; no unusual activity reported.,FIELD_SURVEILLANCE_UNIT,0.81
SURV_04606,,2026-04-26 19:30:01,LOCATION_0097,Rohit Verma,VEHICLE_00416,Rohit Verma was observed near LOCATION_0097; no unusual activity reported.,FIELD_SURVEILLANCE_UNIT,0.74
SURV_04607,,2025-07-21 04:21:04,LOCATION_0103,amit iyer,VEHICLE_00021,An individual resembling amit iyer was observed in the vicinity of LOCATION_0103.,FIELD_SURVEILLANCE_UNIT,0.77
SURV_04608,,2024-12-21 19:43:45,LOCATION_0050,Rekha Joshi,VEHICLE_00354,Rekha Joshi was observed near LOCATION_0050; no unusual activity reported.,FIELD_SURVEILLANCE_UNIT,0.63
SURV_04609,,2024-01-13 16:11:08,LOCATION_0166,Rekha Singh,,Rekha Singh was observed near LOCATION_0166; no unusual activity reported.,FIELD_SURVEILLANCE_UNIT,0.82
SURV_04610,,2025-12-28 03:49:49,LOCATION_0237,Gaurav Saxena,VEHICLE_00383,Gaurav Saxena was observed near LOCATION_0237; no unusual activity reported.,FIELD_SURVEILLANCE_UNIT,0.77
SURV_04611,,2025-01-17 21:41:52,LOCATION_0095,SunitaKulkarni,VEHICLE_00097,An individual resembling SunitaKulkarni was observed in the vicinity of LOCATION_0095.,FIELD_SURVEILLANCE_UNIT,0.82
SURV_04612,,2026-03-11 03:06:48,LOCATION_0103,Kavita A.,,An individual resembling Kavita A. was observed in the vicinity of LOCATION_0103.,FIELD_SURVEILLANCE_UNIT,0.55
SURV_04613,,2026-03-23 09:52:58,LOCATION_0230,Suresh Kulkarni,,Suresh Kulkarni was observed near LOCATION_0230; no unusual activity reported.,FIELD_SURVEILLANCE_UNIT,0.71
SURV_04614,,2024-01-13 23:10:59,LOCATION_0165,Naveen Agarwal,VEHICLE_00532,Naveen Agarwal was observed near LOCATION_0165; no unusual activity reported.,FIELD_SURVEILLANCE_UNIT,0.79
SURV_04615,,2025-06-23 15:12:14,LOCATION_0184,A. Singh,VEHICLE_00385,An individual resembling A. Singh was observed in the vicinity of LOCATION_0184.,FIELD_SURVEILLANCE_UNIT,0.59
SURV_04616,,2026-01-19 15:50:04,LOCATION_0094,Isha Gupta,VEHICLE_00094,Isha Gupta was observed near LOCATION_0094; no unusual activity reported.,FIELD_SURVEILLANCE_UNIT,0.64
SURV_04617,,2026-06-29 23:00:08,LOCATION_0226,Yash Meena,VEHICLE_00148,Yash Meena was observed near LOCATION_0226; no unusual activity reported.,FIELD_SURVEILLANCE_UNIT,0.79
SURV_04618,,2024-01-18 11:03:57,LOCATION_0164,KIRTI CHOUDHARY,,An individual resembling KIRTI CHOUDHARY was observed in the vicinity of LOCATION_0164.,FIELD_SURVEILLANCE_UNIT,0.88
SURV_04619,,2024-05-22 06:01:58,LOCATION_0052,Isha Meena,,Isha Meena was observed near LOCATION_0052; no unusual activity reported.,FIELD_SURVEILLANCE_UNIT,0.76
SURV_04620,,2026-04-05 16:11:26,LOCATION_0290,Vikram Chauhan,,Vikram Chauhan was observed near LOCATION_0290; no unusual activity reported.,FIELD_SURVEILLANCE_UNIT,0.66
SURV_04621,,2025-10-05 01:14:52,LOCATION_0098,Rahul I.,VEHICLE_00479,An individual resembling Rahul I. was observed in the vicinity of LOCATION_0098.,FIELD_SURVEILLANCE_UNIT,0.67
SURV_04622,,2026-02-11 13:53:13,LOCATION_0116,Yash Meena,,Yash Meena was observed near LOCATION_0116; no unusual activity reported.,FIELD_SURVEILLANCE_UNIT,0.74
SURV_04623,,2024-11-13 18:43:37,LOCATION_0138,Neha Saxena,,Neha Saxena was observed near LOCATION_0138; no unusual activity reported.,FIELD_SURVEILLANCE_UNIT,0.81
SURV_04624,,2024-04-08 00:22:10,LOCATION_0062,Rohit Chauhan,,Rohit Chauhan was observed near LOCATION_0062; no unusual activity reported.,FIELD_SURVEILLANCE_UNIT,0.81
SURV_04625,,2024-07-08 04:19:30,LOCATION_0133,MeenaKapoor,VEHICLE_00645,An individual resembling MeenaKapoor was observed in the vicinity of LOCATION_0133.,FIELD_SURVEILLANCE_UNIT,0.72
SURV_04626,,2024-11-07 16:26:08,LOCATION_0177,Pooja R.,VEHICLE_00135,An individual resembling Pooja R. was observed in the vicinity of LOCATION_0177.,FIELD_SURVEILLANCE_UNIT,0.79
SURV_04627,,2025-04-12 04:57:51,LOCATION_0103,Rohit Chauhan,,Rohit Chauhan was observed near LOCATION_0103; no unusual activity reported.,FIELD_SURVEILLANCE_UNIT,0.69
SURV_04628,,2024-01-21 01:50:02,LOCATION_0051,Nikhil Meena,VEHICLE_00666,Nikhil Meena was observed near LOCATION_0051; no unusual activity reported.,FIELD_SURVEILLANCE_UNIT,0.72
SURV_04629,,2024-06-22 22:53:33,LOCATION_0003,A. Reddy,VEHICLE_00320,An individual resembling A. Reddy was observed in the vicinity of LOCATION_0003.,FIELD_SURVEILLANCE_UNIT,0.62
SURV_04630,,2024-06-29 08:58:56,LOCATION_0006,Simran B.,,An individual resembling Simran B. was observed in the vicinity of LOCATION_0006.,FIELD_SURVEILLANCE_UNIT,0.82
SURV_04631,,2025-10-02 10:43:34,LOCATION_0087,GauravPandey,,An individual resembling GauravPandey was observed in the vicinity of LOCATION_0087.,FIELD_SURVEILLANCE_UNIT,0.81
SURV_04632,,2024-08-11 22:08:26,LOCATION_0079,kirti saxena,VEHICLE_00628,An individual resembling kirti saxena was observed in the vicinity of LOCATION_0079.,FIELD_SURVEILLANCE_UNIT,0.87
SURV_04633,,2025-11-06 00:36:29,LOCATION_0046,SURESH AGARWAL,VEHICLE_00542,An individual resembling SURESH AGARWAL was observed in the vicinity of LOCATION_0046.,FIELD_SURVEILLANCE_UNIT,0.56
SURV_04634,,2026-01-09 23:06:04,LOCATION_0228,Vivek T.,VEHICLE_00641,An individual resembling Vivek T. was observed in the vicinity of LOCATION_0228.,FIELD_SURVEILLANCE_UNIT,0.68
SURV_04635,,2024-05-04 06:08:54,LOCATION_0050,Sanjay Mishra,,Sanjay Mishra was observed near LOCATION_0050; no unusual activity reported.,FIELD_SURVEILLANCE_UNIT,0.8
SURV_04636,,2025-10-04 08:14:59,LOCATION_0050,NAVEEN IYER,VEHICLE_00351,An individual resembling NAVEEN IYER was observed in the vicinity of LOCATION_0050.,FIELD_SURVEILLANCE_UNIT,0.57
SURV_04637,,2026-03-09 10:44:58,LOCATION_0088,Ashok Chauhan,,Ashok Chauhan was observed near LOCATION_0088; no unusual activity reported.,FIELD_SURVEILLANCE_UNIT,0.59
SURV_04638,,2024-10-14 00:56:16,LOCATION_0072,Ritu Malhotra,,An individual resembling Ritu Malhotra was observed in the vicinity of LOCATION_0072.,FIELD_SURVEILLANCE_UNIT,0.57
SURV_04639,,2025-09-08 12:40:30,LOCATION_0133,Manoj Gupta,VEHICLE_00038,Manoj Gupta was observed near LOCATION_0133; no unusual activity reported.,FIELD_SURVEILLANCE_UNIT,0.8
SURV_04640,,2024-01-18 19:25:05,LOCATION_0138,AnjaliRathore,,An individual resembling AnjaliRathore was observed in the vicinity of LOCATION_0138.,FIELD_SURVEILLANCE_UNIT,0.68
SURV_04641,,2024-08-07 20:33:30,LOCATION_0140,MANOJ AGARWAL,,An individual resembling MANOJ AGARWAL was observed in the vicinity of LOCATION_0140.,FIELD_SURVEILLANCE_UNIT,0.59
SURV_04642,,2026-04-04 04:39:59,LOCATION_0008,H. Pandey,VEHICLE_00700,An individual resembling H. Pandey was observed in the vicinity of LOCATION_0008.,FIELD_SURVEILLANCE_UNIT,0.77
SURV_04643,,2024-07-24 02:12:32,LOCATION_0066,naveen sharma,,An individual resembling naveen sharma was observed in the vicinity of LOCATION_0066.,FIELD_SURVEILLANCE_UNIT,0.74
SURV_04644,,2024-03-01 22:20:56,LOCATION_0235,SUNITA MEENA,VEHICLE_00187,An individual resembling SUNITA MEENA was observed in the vicinity of LOCATION_0235.,FIELD_SURVEILLANCE_UNIT,0.68
SURV_04645,,2025-12-11 10:54:28,LOCATION_0108,Sanjay Meena,,Sanjay Meena was observed near LOCATION_0108; no unusual activity reported.,FIELD_SURVEILLANCE_UNIT,0.68
SURV_04646,,2024-04-16 06:08:46,LOCATION_0201,Yash Kulkarni,VEHICLE_00675,Yash Kulkarni was observed near LOCATION_0201; no unusual activity reported.,FIELD_SURVEILLANCE_UNIT,0.63
SURV_04647,,2024-11-12 10:53:08,LOCATION_0068,Vivek Tiwari,VEHICLE_00641,Vivek Tiwari was observed near LOCATION_0068; no unusual activity reported.,FIELD_SURVEILLANCE_UNIT,0.57
SURV_04648,,2025-12-06 22:19:19,LOCATION_0082,Anil Chauhan,VEHICLE_00223,Anil Chauhan was observed near LOCATION_0082; no unusual activity reported.,FIELD_SURVEILLANCE_UNIT,0.78
SURV_04649,,2025-08-15 20:46:18,LOCATION_0063,Rohit Nair,,Rohit Nair was observed near LOCATION_0063; no unusual activity reported.,FIELD_SURVEILLANCE_UNIT,0.63
SURV_04650,,2025-04-17 13:10:50,LOCATION_0164,Gaurav Iyer,,Gaurav Iyer was observed near LOCATION_0164; no unusual activity reported.,FIELD_SURVEILLANCE_UNIT,0.85
SURV_04651,,2025-12-03 09:28:53,LOCATION_0147,neha yadav,VEHICLE_00129,An individual resembling neha yadav was observed in the vicinity of LOCATION_0147.,FIELD_SURVEILLANCE_UNIT,0.82
SURV_04652,,2025-11-11 14:29:16,LOCATION_0238,Vivek Joshi,,Vivek Joshi was observed near LOCATION_0238; no unusual activity reported.,FIELD_SURVEILLANCE_UNIT,0.79
SURV_04653,,2025-12-24 16:00:40,LOCATION_0131,AMIT BANSAL,VEHICLE_00314,An individual resembling AMIT BANSAL was observed in the vicinity of LOCATION_0131.,FIELD_SURVEILLANCE_UNIT,0.83
SURV_04654,,2025-08-24 10:52:28,LOCATION_0019,M. Tiwari,VEHICLE_00047,An individual resembling M. Tiwari was observed in the vicinity of LOCATION_0019.,FIELD_SURVEILLANCE_UNIT,0.72
SURV_04655,,2026-06-02 03:36:41,LOCATION_0037,Vikram Gupta,,Vikram Gupta was observed near LOCATION_0037; no unusual activity reported.,FIELD_SURVEILLANCE_UNIT,0.8
SURV_04656,,2025-07-01 07:40:27,LOCATION_0096,NAVEEN CHAUHAN,,An individual resembling NAVEEN CHAUHAN was observed in the vicinity of LOCATION_0096.,FIELD_SURVEILLANCE_UNIT,0.79
SURV_04657,,2025-04-20 22:39:21,LOCATION_0129,Naveen Bansal,VEHICLE_00123,Naveen Bansal was observed near LOCATION_0129; no unusual activity reported.,FIELD_SURVEILLANCE_UNIT,0.58
SURV_04658,,2025-01-05 01:36:06,LOCATION_0224,Rekha Nair,VEHICLE_00429,Rekha Nair was observed near LOCATION_0224; no unusual activity reported.,FIELD_SURVEILLANCE_UNIT,0.74
SURV_04659,,2024-02-17 11:59:47,LOCATION_0235,Manju Saxena,,Manju Saxena was observed near LOCATION_0235; no unusual activity reported.,FIELD_SURVEILLANCE_UNIT,0.74
SURV_04660,,2025-04-30 17:54:27,LOCATION_0031,D. Yadav,,An individual resembling D. Yadav was observed in the vicinity of LOCATION_0031.,FIELD_SURVEILLANCE_UNIT,0.59
SURV_04661,,2025-02-04 02:12:38,LOCATION_0074,Shalini Sharma,VEHICLE_00591,Shalini Sharma was observed near LOCATION_0074; no unusual activity reported.,FIELD_SURVEILLANCE_UNIT,0.59
SURV_04662,,2025-02-18 17:54:00,LOCATION_0114,KIRTI SHARMA,,An individual resembling KIRTI SHARMA was observed in the vicinity of LOCATION_0114.,FIELD_SURVEILLANCE_UNIT,0.88
SURV_04663,,2026-04-20 00:21:01,LOCATION_0247,Priya Malhotra,VEHICLE_00143,Priya Malhotra was observed near LOCATION_0247; no unusual activity reported.,FIELD_SURVEILLANCE_UNIT,0.57
SURV_04664,,2026-03-09 01:22:37,LOCATION_0068,Vivek Bhatt,VEHICLE_00731,An individual resembling Vivek Bhatt was observed in the vicinity of LOCATION_0068.,FIELD_SURVEILLANCE_UNIT,0.8
SURV_04665,,2025-06-16 12:38:03,LOCATION_0264,Yash Reddy,VEHICLE_00569,Yash Reddy was observed near LOCATION_0264; no unusual activity reported.,FIELD_SURVEILLANCE_UNIT,0.69
SURV_04666,,2026-04-25 14:09:24,LOCATION_0283,neha joshi,VEHICLE_00260,An individual resembling neha joshi was observed in the vicinity of LOCATION_0283.,FIELD_SURVEILLANCE_UNIT,0.74
SURV_04667,,2026-03-23 12:12:31,LOCATION_0140,Deepika Yadav,VEHICLE_00692,Deepika Yadav was observed near LOCATION_0140; no unusual activity reported.,FIELD_SURVEILLANCE_UNIT,0.72
SURV_04668,,2025-09-30 02:37:52,LOCATION_0058,TanviBhatt,,An individual resembling TanviBhatt was observed in the vicinity of LOCATION_0058.,FIELD_SURVEILLANCE_UNIT,0.79
SURV_04669,,2024-03-01 07:27:08,LOCATION_0257,Yash Singh,VEHICLE_00433,Yash Singh was observed near LOCATION_0257; no unusual activity reported.,FIELD_SURVEILLANCE_UNIT,0.68
SURV_04670,,2024-06-10 11:18:35,LOCATION_0200,SURESH KULKARNI,,An individual resembling SURESH KULKARNI was observed in the vicinity of LOCATION_0200.,FIELD_SURVEILLANCE_UNIT,0.64
SURV_04671,,2024-03-14 17:39:08,LOCATION_0259,simran nair,,An individual resembling simran nair was observed in the vicinity of LOCATION_0259.,FIELD_SURVEILLANCE_UNIT,0.57
SURV_04672,,2025-10-31 23:20:04,LOCATION_0092,Nikhil Chauhan,,Nikhil Chauhan was observed near LOCATION_0092; no unusual activity reported.,FIELD_SURVEILLANCE_UNIT,0.79
SURV_04673,,2024-11-23 23:33:58,LOCATION_0022,vikram chauhan,,An individual resembling vikram chauhan was observed in the vicinity of LOCATION_0022.,FIELD_SURVEILLANCE_UNIT,0.85
SURV_04674,,2026-01-12 05:44:52,LOCATION_0179,ManojReddy,,An individual resembling ManojReddy was observed in the vicinity of LOCATION_0179.,FIELD_SURVEILLANCE_UNIT,0.56
SURV_04675,,2025-04-28 04:04:10,LOCATION_0235,Neha Singh,VEHICLE_00443,Neha Singh was observed near LOCATION_0235; no unusual activity reported.,FIELD_SURVEILLANCE_UNIT,0.76
SURV_04676,,2025-04-16 18:06:45,LOCATION_0272,Nisha Kapoor,VEHICLE_00132,Nisha Kapoor was observed near LOCATION_0272; no unusual activity reported.,FIELD_SURVEILLANCE_UNIT,0.85
SURV_04677,,2026-04-20 22:34:01,LOCATION_0111,Divya Singh,VEHICLE_00280,Divya Singh was observed near LOCATION_0111; no unusual activity reported.,FIELD_SURVEILLANCE_UNIT,0.72
SURV_04678,,2025-06-17 19:38:54,LOCATION_0177,M. Verma,,An individual resembling M. Verma was observed in the vicinity of LOCATION_0177.,FIELD_SURVEILLANCE_UNIT,0.7
SURV_04679,,2026-05-29 04:06:12,LOCATION_0269,Sanjay Naidu,VEHICLE_00517,Sanjay Naidu was observed near LOCATION_0269; no unusual activity reported.,FIELD_SURVEILLANCE_UNIT,0.74
SURV_04680,,2024-05-27 12:28:29,LOCATION_0041,kavita malhotra,VEHICLE_00299,An individual resembling kavita malhotra was observed in the vicinity of LOCATION_0041.,FIELD_SURVEILLANCE_UNIT,0.68
SURV_04681,,2024-08-01 06:44:11,LOCATION_0169,Isha Saxena,,Isha Saxena was observed near LOCATION_0169; no unusual activity reported.,FIELD_SURVEILLANCE_UNIT,0.86
SURV_04682,,2024-12-22 08:33:55,LOCATION_0180,DivyaAgarwal,,An individual resembling DivyaAgarwal was observed in the vicinity of LOCATION_0180.,FIELD_SURVEILLANCE_UNIT,0.76
SURV_04683,,2024-05-23 04:42:23,LOCATION_0279,MohitTiwari,VEHICLE_00047,An individual resembling MohitTiwari was observed in the vicinity of LOCATION_0279.,FIELD_SURVEILLANCE_UNIT,0.87
SURV_04684,,2024-06-14 13:46:06,LOCATION_0036,Tanvi Reddy,,Tanvi Reddy was observed near LOCATION_0036; no unusual activity reported.,FIELD_SURVEILLANCE_UNIT,0.7
SURV_04685,,2025-12-12 21:58:48,LOCATION_0269,T. Agarwal,VEHICLE_00271,An individual resembling T. Agarwal was observed in the vicinity of LOCATION_0269.,FIELD_SURVEILLANCE_UNIT,0.75
SURV_04686,,2025-10-31 11:02:27,LOCATION_0072,sanjay agarwal,,An individual resembling sanjay agarwal was observed in the vicinity of LOCATION_0072.,FIELD_SURVEILLANCE_UNIT,0.76
SURV_04687,,2024-09-21 22:52:56,LOCATION_0092,Priya Chauhan,,Priya Chauhan was observed near LOCATION_0092; no unusual activity reported.,FIELD_SURVEILLANCE_UNIT,0.86
SURV_04688,,2025-02-06 10:19:01,LOCATION_0209,Shalini Chauhan,VEHICLE_00444,Shalini Chauhan was observed near LOCATION_0209; no unusual activity reported.,FIELD_SURVEILLANCE_UNIT,0.77
SURV_04689,,2025-01-20 06:23:15,LOCATION_0192,Tanvi Pandey,VEHICLE_00119,An individual resembling Tanvi Pandey was observed in the vicinity of LOCATION_0192.,FIELD_SURVEILLANCE_UNIT,0.59
SURV_04690,,2024-05-09 05:44:30,LOCATION_0162,Rekha Bansal,VEHICLE_00616,Rekha Bansal was observed near LOCATION_0162; no unusual activity reported.,FIELD_SURVEILLANCE_UNIT,0.66
SURV_04691,,2026-02-06 21:23:41,LOCATION_0277,NISHA CHAUHAN,,An individual resembling NISHA CHAUHAN was observed in the vicinity of LOCATION_0277.,FIELD_SURVEILLANCE_UNIT,0.7
SURV_04692,,2026-01-22 22:56:36,LOCATION_0146,Rohit Choudhary,VEHICLE_00048,Rohit Choudhary was observed near LOCATION_0146; no unusual activity reported.,FIELD_SURVEILLANCE_UNIT,0.75
SURV_04693,,2024-12-14 14:44:48,LOCATION_0022,GeetaIyer,,An individual resembling GeetaIyer was observed in the vicinity of LOCATION_0022.,FIELD_SURVEILLANCE_UNIT,0.79
SURV_04694,,2024-07-23 08:56:11,LOCATION_0101,Isha K.,,An individual resembling Isha K. was observed in the vicinity of LOCATION_0101.,FIELD_SURVEILLANCE_UNIT,0.65
SURV_04695,,2026-05-02 20:18:36,LOCATION_0023,preeti sharma,VEHICLE_00368,An individual resembling preeti sharma was observed in the vicinity of LOCATION_0023.,FIELD_SURVEILLANCE_UNIT,0.77
SURV_04696,,2025-05-27 00:42:36,LOCATION_0127,Mohit Saxena,,Mohit Saxena was observed near LOCATION_0127; no unusual activity reported.,FIELD_SURVEILLANCE_UNIT,0.8
SURV_04697,,2024-04-28 16:52:09,LOCATION_0044,Rekha Nair,VEHICLE_00429,Rekha Nair was observed near LOCATION_0044; no unusual activity reported.,FIELD_SURVEILLANCE_UNIT,0.84
SURV_04698,,2026-01-11 01:09:24,LOCATION_0223,Anil Chauhan,,Anil Chauhan was observed near LOCATION_0223; no unusual activity reported.,FIELD_SURVEILLANCE_UNIT,0.57
SURV_04699,,2026-01-23 23:03:36,LOCATION_0167,vikram joshi,VEHICLE_00468,An individual resembling vikram joshi was observed in the vicinity of LOCATION_0167.,FIELD_SURVEILLANCE_UNIT,0.56
SURV_04700,,2026-02-24 15:38:27,LOCATION_0271,Anjali Singh,,Anjali Singh was observed near LOCATION_0271; no unusual activity reported.,FIELD_SURVEILLANCE_UNIT,0.78
SURV_04701,,2025-09-21 21:43:32,LOCATION_0062,A. Kapoor,VEHICLE_00022,An individual resembling A. Kapoor was observed in the vicinity of LOCATION_0062.,FIELD_SURVEILLANCE_UNIT,0.72
SURV_04702,,2026-02-06 05:24:59,LOCATION_0173,Ravi Sharma,,Ravi Sharma was observed near LOCATION_0173; no unusual activity reported.,FIELD_SURVEILLANCE_UNIT,0.76
SURV_04703,,2024-11-15 07:51:29,LOCATION_0028,G. Saxena,VEHICLE_00028,An individual resembling G. Saxena was observed in the vicinity of LOCATION_0028.,FIELD_SURVEILLANCE_UNIT,0.62
SURV_04704,,2025-12-18 00:30:00,LOCATION_0037,Vikram Gupta,,Vikram Gupta was observed near LOCATION_0037; no unusual activity reported.,FIELD_SURVEILLANCE_UNIT,0.87
SURV_04705,,2024-09-09 05:01:15,LOCATION_0144,Ashok B.,VEHICLE_00467,An individual resembling Ashok B. was observed in the vicinity of LOCATION_0144.,FIELD_SURVEILLANCE_UNIT,0.75
SURV_04706,,2026-05-16 15:33:06,LOCATION_0274,Vivek Kulkarni,VEHICLE_00218,Vivek Kulkarni was observed near LOCATION_0274; no unusual activity reported.,FIELD_SURVEILLANCE_UNIT,0.9
SURV_04707,,2024-11-02 15:57:21,LOCATION_0166,R. Meena,,An individual resembling R. Meena was observed in the vicinity of LOCATION_0166.,FIELD_SURVEILLANCE_UNIT,0.87
SURV_04708,,2024-07-16 19:33:24,LOCATION_0009,Anil Naidu,VEHICLE_00248,Anil Naidu was observed near LOCATION_0009; no unusual activity reported.,FIELD_SURVEILLANCE_UNIT,0.59
SURV_04709,,2026-01-09 16:32:05,LOCATION_0086,SONIA SHARMA,VEHICLE_00545,An individual resembling SONIA SHARMA was observed in the vicinity of LOCATION_0086.,FIELD_SURVEILLANCE_UNIT,0.86
SURV_04710,,2025-05-26 09:08:36,LOCATION_0149,Nisha Naidu,,Nisha Naidu was observed near LOCATION_0149; no unusual activity reported.,FIELD_SURVEILLANCE_UNIT,0.71
SURV_04711,,2024-11-11 17:56:06,LOCATION_0134,N. Agarwal,,An individual resembling N. Agarwal was observed in the vicinity of LOCATION_0134.,FIELD_SURVEILLANCE_UNIT,0.56
SURV_04712,,2025-08-23 09:27:26,LOCATION_0289,anil sharma,,An individual resembling anil sharma was observed in the vicinity of LOCATION_0289.,FIELD_SURVEILLANCE_UNIT,0.64
SURV_04713,,2024-03-22 04:44:40,LOCATION_0087,M. Malhotra,VEHICLE_00014,An individual resembling M. Malhotra was observed in the vicinity of LOCATION_0087.,FIELD_SURVEILLANCE_UNIT,0.83
SURV_04714,,2025-10-24 22:39:40,LOCATION_0234,Meena Agarwal,,Meena Agarwal was observed near LOCATION_0234; no unusual activity reported.,FIELD_SURVEILLANCE_UNIT,0.75
SURV_04715,,2024-04-21 00:31:25,LOCATION_0090,M. Agarwal,,An individual resembling M. Agarwal was observed in the vicinity of LOCATION_0090.,FIELD_SURVEILLANCE_UNIT,0.62
SURV_04716,,2024-08-24 06:14:25,LOCATION_0076,Mohit Meena,VEHICLE_00687,Mohit Meena was observed near LOCATION_0076; no unusual activity reported.,FIELD_SURVEILLANCE_UNIT,0.68
SURV_04717,,2026-04-11 04:57:25,LOCATION_0261,Yash K.,VEHICLE_00675,An individual resembling Yash K. was observed in the vicinity of LOCATION_0261.,FIELD_SURVEILLANCE_UNIT,0.7
SURV_04718,,2025-01-31 16:33:56,LOCATION_0186,Rekha Bhatt,VEHICLE_00690,Rekha Bhatt was observed near LOCATION_0186; no unusual activity reported.,FIELD_SURVEILLANCE_UNIT,0.7
SURV_04719,,2025-02-20 20:56:55,LOCATION_0072,Sanjay Singh,,Sanjay Singh was observed near LOCATION_0072; no unusual activity reported.,FIELD_SURVEILLANCE_UNIT,0.55
SURV_04720,,2025-10-27 23:23:11,LOCATION_0117,Rohit Verma,VEHICLE_00416,Rohit Verma was observed near LOCATION_0117; no unusual activity reported.,FIELD_SURVEILLANCE_UNIT,0.75
SURV_04721,,2024-08-31 00:39:18,LOCATION_0256,YashBansal,,An individual resembling YashBansal was observed in the vicinity of LOCATION_0256.,FIELD_SURVEILLANCE_UNIT,0.7
SURV_04722,,2024-01-14 21:22:34,LOCATION_0206,Karan Bansal,VEHICLE_00075,Karan Bansal was observed near LOCATION_0206; no unusual activity reported.,FIELD_SURVEILLANCE_UNIT,0.55
SURV_04723,,2025-05-18 05:51:59,LOCATION_0099,AshokChauhan,VEHICLE_00025,An individual resembling AshokChauhan was observed in the vicinity of LOCATION_0099.,FIELD_SURVEILLANCE_UNIT,0.64
SURV_04724,,2024-02-28 13:12:25,LOCATION_0262,S. Sharma,VEHICLE_00637,An individual resembling S. Sharma was observed in the vicinity of LOCATION_0262.,FIELD_SURVEILLANCE_UNIT,0.65
SURV_04725,,2025-01-23 02:44:17,LOCATION_0003,R. Singh,VEHICLE_00033,An individual resembling R. Singh was observed in the vicinity of LOCATION_0003.,FIELD_SURVEILLANCE_UNIT,0.89
SURV_04726,,2024-10-05 12:39:41,LOCATION_0240,Arjun Sharma,,Arjun Sharma was observed near LOCATION_0240; no unusual activity reported.,FIELD_SURVEILLANCE_UNIT,0.75
SURV_04727,,2025-06-03 07:03:45,LOCATION_0296,Yash Bansal,,Yash Bansal was observed near LOCATION_0296; no unusual activity reported.,FIELD_SURVEILLANCE_UNIT,0.8
SURV_04728,,2025-07-21 10:13:35,LOCATION_0240,Vivek Gupta,,Vivek Gupta was observed near LOCATION_0240; no unusual activity reported.,FIELD_SURVEILLANCE_UNIT,0.87
SURV_04729,,2024-04-02 10:18:39,LOCATION_0188,Preeti Malhotra,VEHICLE_00114,Preeti Malhotra was observed near LOCATION_0188; no unusual activity reported.,FIELD_SURVEILLANCE_UNIT,0.73
SURV_04730,,2025-10-22 07:59:27,LOCATION_0244,sanjay chauhan,,An individual resembling sanjay chauhan was observed in the vicinity of LOCATION_0244.,FIELD_SURVEILLANCE_UNIT,0.62
SURV_04731,,2024-11-09 06:13:10,LOCATION_0257,Sanjay Singh,VEHICLE_00754,Sanjay Singh was observed near LOCATION_0257; no unusual activity reported.,FIELD_SURVEILLANCE_UNIT,0.68
SURV_04732,,2024-07-12 00:15:39,LOCATION_0187,PankajVerma,,An individual resembling PankajVerma was observed in the vicinity of LOCATION_0187.,FIELD_SURVEILLANCE_UNIT,0.75
SURV_04733,,2024-08-12 16:42:45,LOCATION_0075,Anjali Kapoor,,Anjali Kapoor was observed near LOCATION_0075; no unusual activity reported.,FIELD_SURVEILLANCE_UNIT,0.61
SURV_04734,,2024-07-26 15:23:17,LOCATION_0216,simran chauhan,VEHICLE_00105,An individual resembling simran chauhan was observed in the vicinity of LOCATION_0216.,FIELD_SURVEILLANCE_UNIT,0.88
SURV_04735,,2026-02-21 12:21:22,LOCATION_0072,M. Iyer,VEHICLE_00740,An individual resembling M. Iyer was observed in the vicinity of LOCATION_0072.,FIELD_SURVEILLANCE_UNIT,0.62
SURV_04736,,2024-09-02 06:23:25,LOCATION_0091,Kavita Nair,,Kavita Nair was observed near LOCATION_0091; no unusual activity reported.,FIELD_SURVEILLANCE_UNIT,0.56
SURV_04737,,2025-03-21 13:21:49,LOCATION_0041,Alka Mishra,,Alka Mishra was observed near LOCATION_0041; no unusual activity reported.,FIELD_SURVEILLANCE_UNIT,0.7
SURV_04738,,2025-03-04 18:26:20,LOCATION_0167,Ritu Kulkarni,,Ritu Kulkarni was observed near LOCATION_0167; no unusual activity reported.,FIELD_SURVEILLANCE_UNIT,0.8
SURV_04739,,2026-03-22 02:33:19,LOCATION_0266,Sonia Pandey,,Sonia Pandey was observed near LOCATION_0266; no unusual activity reported.,FIELD_SURVEILLANCE_UNIT,0.75
SURV_04740,,2026-06-20 01:21:24,LOCATION_0024,aman bhatt,,An individual resembling aman bhatt was observed in the vicinity of LOCATION_0024.,FIELD_SURVEILLANCE_UNIT,0.66
SURV_04741,,2026-04-05 03:20:36,LOCATION_0188,Ravi Saxena,,Ravi Saxena was observed near LOCATION_0188; no unusual activity reported.,FIELD_SURVEILLANCE_UNIT,0.65
SURV_04742,,2025-10-03 19:23:45,LOCATION_0183,Sanjay Tiwari,,Sanjay Tiwari was observed near LOCATION_0183; no unusual activity reported.,FIELD_SURVEILLANCE_UNIT,0.71
SURV_04743,,2024-08-01 04:50:40,LOCATION_0157,Yash Kapoor,VEHICLE_00279,Yash Kapoor was observed near LOCATION_0157; no unusual activity reported.,FIELD_SURVEILLANCE_UNIT,0.58
SURV_04744,,2024-12-16 19:54:25,LOCATION_0017,YASH KAPOOR,VEHICLE_00279,An individual resembling YASH KAPOOR was observed in the vicinity of LOCATION_0017.,FIELD_SURVEILLANCE_UNIT,0.81
SURV_04745,,2024-02-14 08:24:39,LOCATION_0277,Priya Choudhary,,Priya Choudhary was observed near LOCATION_0277; no unusual activity reported.,FIELD_SURVEILLANCE_UNIT,0.79
SURV_04746,,2026-06-04 08:16:55,LOCATION_0248,Isha Reddy,VEHICLE_00715,Isha Reddy was observed near LOCATION_0248; no unusual activity reported.,FIELD_SURVEILLANCE_UNIT,0.63
SURV_04747,,2025-07-10 07:00:33,LOCATION_0096,Kirti Iyer,,Kirti Iyer was observed near LOCATION_0096; no unusual activity reported.,FIELD_SURVEILLANCE_UNIT,0.87
SURV_04748,,2024-05-02 06:03:10,LOCATION_0021,Manju Gupta,VEHICLE_00238,An individual resembling Manju Gupta was observed in the vicinity of LOCATION_0021.,FIELD_SURVEILLANCE_UNIT,0.63
SURV_04749,,2024-02-13 05:42:42,LOCATION_0035,KirtiTiwari,VEHICLE_00693,An individual resembling KirtiTiwari was observed in the vicinity of LOCATION_0035.,FIELD_SURVEILLANCE_UNIT,0.6
SURV_04750,,2025-04-20 05:51:48,LOCATION_0038,Deepika Choudhary,VEHICLE_00507,Deepika Choudhary was observed near LOCATION_0038; no unusual activity reported.,FIELD_SURVEILLANCE_UNIT,0.65
SURV_04751,,2026-02-10 01:30:12,LOCATION_0117,Suresh Kapoor,VEHICLE_00464,An individual resembling Suresh Kapoor was observed in the vicinity of LOCATION_0117.,FIELD_SURVEILLANCE_UNIT,0.78
SURV_04752,,2026-04-24 04:50:35,LOCATION_0094,Rekha Gupta,VEHICLE_00625,Rekha Gupta was observed near LOCATION_0094; no unusual activity reported.,FIELD_SURVEILLANCE_UNIT,0.8
SURV_04753,,2024-08-21 02:36:55,LOCATION_0140,Sandeep Pandey,,Sandeep Pandey was observed near LOCATION_0140; no unusual activity reported.,FIELD_SURVEILLANCE_UNIT,0.69
SURV_04754,,2025-05-08 06:45:49,LOCATION_0226,DEEPIKA CHAUHAN,,An individual resembling DEEPIKA CHAUHAN was observed in the vicinity of LOCATION_0226.,FIELD_SURVEILLANCE_UNIT,0.75
SURV_04755,,2026-04-13 12:32:04,LOCATION_0144,Vivek Yadav,,Vivek Yadav was observed near LOCATION_0144; no unusual activity reported.,FIELD_SURVEILLANCE_UNIT,0.71
SURV_04756,,2024-08-27 10:23:58,LOCATION_0072,Rohit Chauhan,VEHICLE_00394,Rohit Chauhan was observed near LOCATION_0072; no unusual activity reported.,FIELD_SURVEILLANCE_UNIT,0.63
SURV_04757,,2025-05-30 00:01:57,LOCATION_0014,Amit Kapoor,VEHICLE_00372,Amit Kapoor was observed near LOCATION_0014; no unusual activity reported.,FIELD_SURVEILLANCE_UNIT,0.8
SURV_04758,,2024-03-01 04:25:09,LOCATION_0299,Deepak N.,VEHICLE_00655,An individual resembling Deepak N. was observed in the vicinity of LOCATION_0299.,FIELD_SURVEILLANCE_UNIT,0.66
SURV_04759,,2026-06-08 00:38:13,LOCATION_0230,Anil Meena,VEHICLE_00099,Anil Meena was observed near LOCATION_0230; no unusual activity reported.,FIELD_SURVEILLANCE_UNIT,0.63
SURV_04760,,2026-03-02 17:38:00,LOCATION_0129,S. Nair,VEHICLE_00753,An individual resembling S. Nair was observed in the vicinity of LOCATION_0129.,FIELD_SURVEILLANCE_UNIT,0.86
SURV_04761,,2024-11-18 06:05:01,LOCATION_0016,Pooja Kapoor,VEHICLE_00415,Pooja Kapoor was observed near LOCATION_0016; no unusual activity reported.,FIELD_SURVEILLANCE_UNIT,0.77
SURV_04762,,2024-02-21 17:16:40,LOCATION_0174,Anita Kapoor,VEHICLE_00294,An individual resembling Anita Kapoor was observed in the vicinity of LOCATION_0174.,FIELD_SURVEILLANCE_UNIT,0.85
SURV_04763,,2025-05-07 21:13:49,LOCATION_0225,Kavita Reddy,,Kavita Reddy was observed near LOCATION_0225; no unusual activity reported.,FIELD_SURVEILLANCE_UNIT,0.58
SURV_04764,,2026-05-11 13:53:54,LOCATION_0012,ShaliniGupta,,An individual resembling ShaliniGupta was observed in the vicinity of LOCATION_0012.,FIELD_SURVEILLANCE_UNIT,0.71
SURV_04765,,2024-12-16 05:16:24,LOCATION_0222,P. Verma,VEHICLE_00531,An individual resembling P. Verma was observed in the vicinity of LOCATION_0222.,FIELD_SURVEILLANCE_UNIT,0.72
SURV_04766,,2025-10-03 21:04:16,LOCATION_0170,NikhilReddy,,An individual resembling NikhilReddy was observed in the vicinity of LOCATION_0170.,FIELD_SURVEILLANCE_UNIT,0.59
SURV_04767,,2026-01-25 00:48:00,LOCATION_0215,Deepika M.,,An individual resembling Deepika M. was observed in the vicinity of LOCATION_0215.,FIELD_SURVEILLANCE_UNIT,0.84
SURV_04768,,2024-11-08 19:02:10,LOCATION_0112,Shalini Nair,VEHICLE_00228,Shalini Nair was observed near LOCATION_0112; no unusual activity reported.,FIELD_SURVEILLANCE_UNIT,0.84
SURV_04769,,2025-11-30 13:19:19,LOCATION_0150,Anjali Verma,VEHICLE_00074,Anjali Verma was observed near LOCATION_0150; no unusual activity reported.,FIELD_SURVEILLANCE_UNIT,0.68
SURV_04770,,2024-02-22 12:31:18,LOCATION_0026,deepika reddy,,An individual resembling deepika reddy was observed in the vicinity of LOCATION_0026.,FIELD_SURVEILLANCE_UNIT,0.68
SURV_04771,,2024-03-19 02:55:24,LOCATION_0143,Anita Yadav,,Anita Yadav was observed near LOCATION_0143; no unusual activity reported.,FIELD_SURVEILLANCE_UNIT,0.84
SURV_04772,,2024-06-18 06:33:36,LOCATION_0147,Simran C.,,An individual resembling Simran C. was observed in the vicinity of LOCATION_0147.,FIELD_SURVEILLANCE_UNIT,0.87
SURV_04773,,2025-05-09 12:30:41,LOCATION_0035,Ashok Malhotra,VEHICLE_00709,Ashok Malhotra was observed near LOCATION_0035; no unusual activity reported.,FIELD_SURVEILLANCE_UNIT,0.57
SURV_04774,,2025-10-09 15:29:38,LOCATION_0155,rekha bhatt,VEHICLE_00704,An individual resembling rekha bhatt was observed in the vicinity of LOCATION_0155.,FIELD_SURVEILLANCE_UNIT,0.87
SURV_04775,,2026-06-11 00:33:32,LOCATION_0164,Isha Joshi,,Isha Joshi was observed near LOCATION_0164; no unusual activity reported.,FIELD_SURVEILLANCE_UNIT,0.82
SURV_04776,,2024-06-12 14:31:21,LOCATION_0297,Sandeep Meena,,Sandeep Meena was observed near LOCATION_0297; no unusual activity reported.,FIELD_SURVEILLANCE_UNIT,0.72
SURV_04777,,2026-01-16 09:07:53,LOCATION_0179,Pankaj Tiwari,VEHICLE_00682,Pankaj Tiwari was observed near LOCATION_0179; no unusual activity reported.,FIELD_SURVEILLANCE_UNIT,0.78
SURV_04778,,2024-10-07 01:58:28,LOCATION_0275,KirtiReddy,,An individual resembling KirtiReddy was observed in the vicinity of LOCATION_0275.,FIELD_SURVEILLANCE_UNIT,0.88
SURV_04779,,2026-02-10 10:10:39,LOCATION_0015,P. Nair,VEHICLE_00284,An individual resembling P. Nair was observed in the vicinity of LOCATION_0015.,FIELD_SURVEILLANCE_UNIT,0.87
SURV_04780,,2024-02-22 11:28:45,LOCATION_0033,Ritu Mishra,VEHICLE_00759,Ritu Mishra was observed near LOCATION_0033; no unusual activity reported.,FIELD_SURVEILLANCE_UNIT,0.62
SURV_04781,,2024-08-19 17:56:24,LOCATION_0203,Kirti Kapoor,VEHICLE_00578,Kirti Kapoor was observed near LOCATION_0203; no unusual activity reported.,FIELD_SURVEILLANCE_UNIT,0.79
SURV_04782,,2025-11-29 10:36:17,LOCATION_0206,ravi gupta,,An individual resembling ravi gupta was observed in the vicinity of LOCATION_0206.,FIELD_SURVEILLANCE_UNIT,0.85
SURV_04783,,2024-11-04 17:03:36,LOCATION_0042,Meena Choudhary,VEHICLE_00202,An individual resembling Meena Choudhary was observed in the vicinity of LOCATION_0042.,FIELD_SURVEILLANCE_UNIT,0.75
SURV_04784,,2024-10-11 08:58:40,LOCATION_0190,Ravi P.,,An individual resembling Ravi P. was observed in the vicinity of LOCATION_0190.,FIELD_SURVEILLANCE_UNIT,0.63
SURV_04785,,2024-09-04 19:06:12,LOCATION_0064,Tanvi Pandey,VEHICLE_00574,Tanvi Pandey was observed near LOCATION_0064; no unusual activity reported.,FIELD_SURVEILLANCE_UNIT,0.74
SURV_04786,,2024-07-10 08:59:57,LOCATION_0027,Priya Malhotra,VEHICLE_00143,Priya Malhotra was observed near LOCATION_0027; no unusual activity reported.,FIELD_SURVEILLANCE_UNIT,0.66
SURV_04787,,2025-10-03 09:19:41,LOCATION_0018,Priya Yadav,VEHICLE_00247,Priya Yadav was observed near LOCATION_0018; no unusual activity reported.,FIELD_SURVEILLANCE_UNIT,0.84
SURV_04788,,2026-03-25 04:11:08,LOCATION_0271,Y. Gupta,,An individual resembling Y. Gupta was observed in the vicinity of LOCATION_0271.,FIELD_SURVEILLANCE_UNIT,0.65
SURV_04789,,2026-01-08 01:28:42,LOCATION_0123,priya bhatt,,An individual resembling priya bhatt was observed in the vicinity of LOCATION_0123.,FIELD_SURVEILLANCE_UNIT,0.6
SURV_04790,,2025-11-01 20:46:45,LOCATION_0024,Ashok Bansal,VEHICLE_00360,Ashok Bansal was observed near LOCATION_0024; no unusual activity reported.,FIELD_SURVEILLANCE_UNIT,0.56
SURV_04791,,2026-01-20 19:38:46,LOCATION_0062,anil kulkarni,VEHICLE_00550,An individual resembling anil kulkarni was observed in the vicinity of LOCATION_0062.,FIELD_SURVEILLANCE_UNIT,0.56
SURV_04792,,2024-02-10 21:03:38,LOCATION_0038,Divya Joshi,,Divya Joshi was observed near LOCATION_0038; no unusual activity reported.,FIELD_SURVEILLANCE_UNIT,0.85
SURV_04793,,2026-04-08 11:31:24,LOCATION_0259,Alka Chauhan,,Alka Chauhan was observed near LOCATION_0259; no unusual activity reported.,FIELD_SURVEILLANCE_UNIT,0.71
SURV_04794,,2024-09-04 14:36:37,LOCATION_0242,deepak tiwari,VEHICLE_00465,An individual resembling deepak tiwari was observed in the vicinity of LOCATION_0242.,FIELD_SURVEILLANCE_UNIT,0.74
SURV_04795,,2024-06-01 16:58:43,LOCATION_0162,Vivek Naidu,,Vivek Naidu was observed near LOCATION_0162; no unusual activity reported.,FIELD_SURVEILLANCE_UNIT,0.65
SURV_04796,,2024-05-01 18:21:15,LOCATION_0141,Alka Yadav,,Alka Yadav was observed near LOCATION_0141; no unusual activity reported.,FIELD_SURVEILLANCE_UNIT,0.75
SURV_04797,,2025-08-28 22:28:12,LOCATION_0215,SanjayChauhan,VEHICLE_00664,An individual resembling SanjayChauhan was observed in the vicinity of LOCATION_0215.,FIELD_SURVEILLANCE_UNIT,0.69
SURV_04798,,2024-01-31 19:33:25,LOCATION_0057,Ravi Malhotra,,An individual resembling Ravi Malhotra was observed in the vicinity of LOCATION_0057.,FIELD_SURVEILLANCE_UNIT,0.68
SURV_04799,,2025-08-17 04:55:13,LOCATION_0126,Rajesh Reddy,VEHICLE_00153,Rajesh Reddy was observed near LOCATION_0126; no unusual activity reported.,FIELD_SURVEILLANCE_UNIT,0.72
SURV_04800,,2025-04-27 22:49:10,LOCATION_0011,Meena Joshi,VEHICLE_00051,Meena Joshi was observed near LOCATION_0011; no unusual activity reported.,FIELD_SURVEILLANCE_UNIT,0.56
SURV_04801,,2025-12-17 00:39:28,LOCATION_0107,Tanvi Rathore,VEHICLE_00713,Tanvi Rathore was observed near LOCATION_0107; no unusual activity reported.,FIELD_SURVEILLANCE_UNIT,0.88
SURV_04802,,2026-03-28 20:31:43,LOCATION_0082,Pooja Mishra,,An individual resembling Pooja Mishra was observed in the vicinity of LOCATION_0082.,FIELD_SURVEILLANCE_UNIT,0.83
SURV_04803,,2025-04-11 17:52:27,LOCATION_0163,Pankaj Chauhan,,Pankaj Chauhan was observed near LOCATION_0163; no unusual activity reported.,FIELD_SURVEILLANCE_UNIT,0.81
SURV_04804,,2026-06-24 15:54:05,LOCATION_0076,Naveen Bansal,VEHICLE_00735,Naveen Bansal was observed near LOCATION_0076; no unusual activity reported.,FIELD_SURVEILLANCE_UNIT,0.77
SURV_04805,,2025-11-30 20:47:46,LOCATION_0188,Naveen Bansal,VEHICLE_00386,Naveen Bansal was observed near LOCATION_0188; no unusual activity reported.,FIELD_SURVEILLANCE_UNIT,0.72
SURV_04806,,2025-01-10 17:06:36,LOCATION_0026,M. Bansal,VEHICLE_00702,An individual resembling M. Bansal was observed in the vicinity of LOCATION_0026.,FIELD_SURVEILLANCE_UNIT,0.83
SURV_04807,,2024-03-19 23:07:41,LOCATION_0250,Sandeep Pandey,,Sandeep Pandey was observed near LOCATION_0250; no unusual activity reported.,FIELD_SURVEILLANCE_UNIT,0.86
SURV_04808,,2025-01-12 05:55:41,LOCATION_0056,Ashok Bhatt,VEHICLE_00485,Ashok Bhatt was observed near LOCATION_0056; no unusual activity reported.,FIELD_SURVEILLANCE_UNIT,0.61
SURV_04809,,2025-09-16 09:42:04,LOCATION_0164,Rekha Chauhan,,Rekha Chauhan was observed near LOCATION_0164; no unusual activity reported.,FIELD_SURVEILLANCE_UNIT,0.89
SURV_04810,,2026-03-14 18:54:15,LOCATION_0043,Sandeep Kapoor,VEHICLE_00315,Sandeep Kapoor was observed near LOCATION_0043; no unusual activity reported.,FIELD_SURVEILLANCE_UNIT,0.86
SURV_04811,,2025-03-05 23:42:33,LOCATION_0116,S. Naidu,VEHICLE_00610,An individual resembling S. Naidu was observed in the vicinity of LOCATION_0116.,FIELD_SURVEILLANCE_UNIT,0.86
SURV_04812,,2025-01-28 05:40:37,LOCATION_0224,Karan Joshi,VEHICLE_00414,Karan Joshi was observed near LOCATION_0224; no unusual activity reported.,FIELD_SURVEILLANCE_UNIT,0.64
SURV_04813,,2024-12-27 16:12:23,LOCATION_0102,KirtiYadav,,An individual resembling KirtiYadav was observed in the vicinity of LOCATION_0102.,FIELD_SURVEILLANCE_UNIT,0.69
SURV_04814,,2026-06-06 15:26:59,LOCATION_0137,R. Pandey,VEHICLE_00085,An individual resembling R. Pandey was observed in the vicinity of LOCATION_0137.,FIELD_SURVEILLANCE_UNIT,0.7
SURV_04815,,2024-09-12 11:54:31,LOCATION_0169,YashKapoor,VEHICLE_00439,An individual resembling YashKapoor was observed in the vicinity of LOCATION_0169.,FIELD_SURVEILLANCE_UNIT,0.59
SURV_04816,,2024-04-12 00:17:47,LOCATION_0070,mohit pandey,,An individual resembling mohit pandey was observed in the vicinity of LOCATION_0070.,FIELD_SURVEILLANCE_UNIT,0.74
SURV_04817,,2025-07-22 16:11:33,LOCATION_0274,RahulJoshi,VEHICLE_00428,An individual resembling RahulJoshi was observed in the vicinity of LOCATION_0274.,FIELD_SURVEILLANCE_UNIT,0.73
SURV_04818,,2024-02-20 07:44:57,LOCATION_0014,Sunita Choudhary,VEHICLE_00631,Sunita Choudhary was observed near LOCATION_0014; no unusual activity reported.,FIELD_SURVEILLANCE_UNIT,0.68
SURV_04819,,2025-05-31 08:08:25,LOCATION_0198,Nikhil Pandey,VEHICLE_00669,Nikhil Pandey was observed near LOCATION_0198; no unusual activity reported.,FIELD_SURVEILLANCE_UNIT,0.73
SURV_04820,,2025-06-11 20:08:16,LOCATION_0063,Neha Kulkarni,VEHICLE_00189,Neha Kulkarni was observed near LOCATION_0063; no unusual activity reported.,FIELD_SURVEILLANCE_UNIT,0.7
SURV_04821,,2025-01-28 10:24:45,LOCATION_0102,VIVEK SAXENA,VEHICLE_00176,An individual resembling VIVEK SAXENA was observed in the vicinity of LOCATION_0102.,FIELD_SURVEILLANCE_UNIT,0.8
SURV_04822,,2026-04-11 06:08:38,LOCATION_0199,Swati Tiwari,VEHICLE_00127,Swati Tiwari was observed near LOCATION_0199; no unusual activity reported.,FIELD_SURVEILLANCE_UNIT,0.71
SURV_04823,,2026-01-14 00:10:04,LOCATION_0150,ShaliniSingh,VEHICLE_00163,An individual resembling ShaliniSingh was observed in the vicinity of LOCATION_0150.,FIELD_SURVEILLANCE_UNIT,0.83
SURV_04824,,2026-06-23 08:48:38,LOCATION_0149,Aman Choudhary,VEHICLE_00063,Aman Choudhary was observed near LOCATION_0149; no unusual activity reported.,FIELD_SURVEILLANCE_UNIT,0.55
SURV_04825,,2025-08-20 03:31:56,LOCATION_0178,SandeepBansal,VEHICLE_00751,An individual resembling SandeepBansal was observed in the vicinity of LOCATION_0178.,FIELD_SURVEILLANCE_UNIT,0.74
SURV_04826,,2025-04-21 04:28:57,LOCATION_0250,KavitaBhatt,VEHICLE_00500,An individual resembling KavitaBhatt was observed in the vicinity of LOCATION_0250.,FIELD_SURVEILLANCE_UNIT,0.81
SURV_04827,,2026-04-18 01:41:23,LOCATION_0169,R. Yadav,VEHICLE_00040,An individual resembling R. Yadav was observed in the vicinity of LOCATION_0169.,FIELD_SURVEILLANCE_UNIT,0.83
SURV_04828,,2024-03-21 23:52:27,LOCATION_0229,Pooja Rathore,,Pooja Rathore was observed near LOCATION_0229; no unusual activity reported.,FIELD_SURVEILLANCE_UNIT,0.84
SURV_04829,,2025-06-16 17:52:26,LOCATION_0042,Vivek Yadav,VEHICLE_00492,Vivek Yadav was observed near LOCATION_0042; no unusual activity reported.,FIELD_SURVEILLANCE_UNIT,0.71
SURV_04830,,2025-12-25 18:19:29,LOCATION_0268,Amit Bhatt,VEHICLE_00339,Amit Bhatt was observed near LOCATION_0268; no unusual activity reported.,FIELD_SURVEILLANCE_UNIT,0.82
SURV_04831,,2025-06-13 00:15:15,LOCATION_0204,Rohit Tiwari,VEHICLE_00475,Rohit Tiwari was observed near LOCATION_0204; no unusual activity reported.,FIELD_SURVEILLANCE_UNIT,0.84
SURV_04832,,2025-12-29 05:16:08,LOCATION_0233,Naveen Pandey,VEHICLE_00722,Naveen Pandey was observed near LOCATION_0233; no unusual activity reported.,FIELD_SURVEILLANCE_UNIT,0.63
SURV_04833,,2024-03-13 10:30:01,LOCATION_0162,pankaj chauhan,,An individual resembling pankaj chauhan was observed in the vicinity of LOCATION_0162.,FIELD_SURVEILLANCE_UNIT,0.81
SURV_04834,,2025-12-11 18:47:44,LOCATION_0077,Nisha Choudhary,,Nisha Choudhary was observed near LOCATION_0077; no unusual activity reported.,FIELD_SURVEILLANCE_UNIT,0.88
SURV_04835,,2025-06-09 06:13:09,LOCATION_0172,Pooja Mishra,,Pooja Mishra was observed near LOCATION_0172; no unusual activity reported.,FIELD_SURVEILLANCE_UNIT,0.79
SURV_04836,,2024-04-25 16:44:09,LOCATION_0266,Shalini Mishra,VEHICLE_00451,Shalini Mishra was observed near LOCATION_0266; no unusual activity reported.,FIELD_SURVEILLANCE_UNIT,0.57
SURV_04837,,2024-03-09 10:31:27,LOCATION_0066,Yash B.,,An individual resembling Yash B. was observed in the vicinity of LOCATION_0066.,FIELD_SURVEILLANCE_UNIT,0.87
SURV_04838,,2025-04-06 17:10:36,LOCATION_0068,Priya Yadav,VEHICLE_00247,Priya Yadav was observed near LOCATION_0068; no unusual activity reported.,FIELD_SURVEILLANCE_UNIT,0.75
SURV_04839,,2025-08-23 16:45:56,LOCATION_0114,Divya Bansal,,Divya Bansal was observed near LOCATION_0114; no unusual activity reported.,FIELD_SURVEILLANCE_UNIT,0.86
SURV_04840,,2024-04-01 10:19:43,LOCATION_0130,Kirti R.,,An individual resembling Kirti R. was observed in the vicinity of LOCATION_0130.,FIELD_SURVEILLANCE_UNIT,0.69
SURV_04841,,2025-05-21 16:06:06,LOCATION_0057,sunita bansal,VEHICLE_00323,An individual resembling sunita bansal was observed in the vicinity of LOCATION_0057.,FIELD_SURVEILLANCE_UNIT,0.84
SURV_04842,,2024-06-23 06:36:48,LOCATION_0254,ashok bansal,VEHICLE_00360,An individual resembling ashok bansal was observed in the vicinity of LOCATION_0254.,FIELD_SURVEILLANCE_UNIT,0.63
SURV_04843,,2026-05-22 09:10:36,LOCATION_0062,preeti malhotra,VEHICLE_00719,An individual resembling preeti malhotra was observed in the vicinity of LOCATION_0062.,FIELD_SURVEILLANCE_UNIT,0.83
SURV_04844,,2025-09-30 23:32:44,LOCATION_0218,Aman Kulkarni,VEHICLE_00490,Aman Kulkarni was observed near LOCATION_0218; no unusual activity reported.,FIELD_SURVEILLANCE_UNIT,0.69
SURV_04845,,2025-03-14 11:06:08,LOCATION_0159,Y. Gupta,VEHICLE_00706,An individual resembling Y. Gupta was observed in the vicinity of LOCATION_0159.,FIELD_SURVEILLANCE_UNIT,0.84
SURV_04846,,2024-06-12 23:46:24,LOCATION_0060,Kirti Reddy,VEHICLE_00363,Kirti Reddy was observed near LOCATION_0060; no unusual activity reported.,FIELD_SURVEILLANCE_UNIT,0.56
SURV_04847,,2025-03-26 05:52:15,LOCATION_0187,Simran Choudhary,VEHICLE_00565,Simran Choudhary was observed near LOCATION_0187; no unusual activity reported.,FIELD_SURVEILLANCE_UNIT,0.71
SURV_04848,,2026-03-11 00:58:51,LOCATION_0196,Geeta Gupta,VEHICLE_00391,Geeta Gupta was observed near LOCATION_0196; no unusual activity reported.,FIELD_SURVEILLANCE_UNIT,0.82
SURV_04849,,2024-09-06 06:05:46,LOCATION_0173,Manoj Yadav,,Manoj Yadav was observed near LOCATION_0173; no unusual activity reported.,FIELD_SURVEILLANCE_UNIT,0.6
SURV_04850,,2024-03-18 10:59:00,LOCATION_0012,Naveen Iyer,VEHICLE_00231,Naveen Iyer was observed near LOCATION_0012; no unusual activity reported.,FIELD_SURVEILLANCE_UNIT,0.78
SURV_04851,,2024-09-04 17:02:54,LOCATION_0015,Meena Choudhary,VEHICLE_00251,Meena Choudhary was observed near LOCATION_0015; no unusual activity reported.,FIELD_SURVEILLANCE_UNIT,0.6
SURV_04852,,2024-10-08 08:02:02,LOCATION_0039,Pankaj Verma,VEHICLE_00755,Pankaj Verma was observed near LOCATION_0039; no unusual activity reported.,FIELD_SURVEILLANCE_UNIT,0.65
SURV_04853,,2025-10-10 06:39:46,LOCATION_0245,rohit nair,VEHICLE_00728,An individual resembling rohit nair was observed in the vicinity of LOCATION_0245.,FIELD_SURVEILLANCE_UNIT,0.64
SURV_04854,,2025-06-09 13:13:47,LOCATION_0296,MANJU BANSAL,VEHICLE_00702,An individual resembling MANJU BANSAL was observed in the vicinity of LOCATION_0296.,FIELD_SURVEILLANCE_UNIT,0.77
SURV_04855,,2024-12-06 07:58:52,LOCATION_0007,suresh pandey,VEHICLE_00536,An individual resembling suresh pandey was observed in the vicinity of LOCATION_0007.,FIELD_SURVEILLANCE_UNIT,0.67
SURV_04856,,2024-09-11 13:47:34,LOCATION_0281,Yash N.,VEHICLE_00486,An individual resembling Yash N. was observed in the vicinity of LOCATION_0281.,FIELD_SURVEILLANCE_UNIT,0.78
SURV_04857,,2024-01-20 22:08:23,LOCATION_0149,Mohit Singh,VEHICLE_00233,Mohit Singh was observed near LOCATION_0149; no unusual activity reported.,FIELD_SURVEILLANCE_UNIT,0.82
SURV_04858,,2025-06-12 23:59:09,LOCATION_0238,pooja agarwal,,An individual resembling pooja agarwal was observed in the vicinity of LOCATION_0238.,FIELD_SURVEILLANCE_UNIT,0.77
SURV_04859,,2024-05-17 23:41:57,LOCATION_0267,PriyaSharma,,An individual resembling PriyaSharma was observed in the vicinity of LOCATION_0267.,FIELD_SURVEILLANCE_UNIT,0.82
SURV_04860,,2025-05-15 09:45:42,LOCATION_0012,Alka Saxena,VEHICLE_00510,Alka Saxena was observed near LOCATION_0012; no unusual activity reported.,FIELD_SURVEILLANCE_UNIT,0.74
SURV_04861,,2025-03-07 00:42:49,LOCATION_0026,Anita Gupta,VEHICLE_00620,Anita Gupta was observed near LOCATION_0026; no unusual activity reported.,FIELD_SURVEILLANCE_UNIT,0.66
SURV_04862,,2025-07-20 21:15:59,LOCATION_0156,Harish Gupta,VEHICLE_00120,Harish Gupta was observed near LOCATION_0156; no unusual activity reported.,FIELD_SURVEILLANCE_UNIT,0.7
SURV_04863,,2024-06-25 05:51:13,LOCATION_0170,Divya Reddy,,Divya Reddy was observed near LOCATION_0170; no unusual activity reported.,FIELD_SURVEILLANCE_UNIT,0.61
SURV_04864,,2025-07-07 18:29:15,LOCATION_0015,Manju Rathore,VEHICLE_00208,Manju Rathore was observed near LOCATION_0015; no unusual activity reported.,FIELD_SURVEILLANCE_UNIT,0.75
SURV_04865,,2024-10-25 07:49:46,LOCATION_0279,Sanjay Kapoor,,Sanjay Kapoor was observed near LOCATION_0279; no unusual activity reported.,FIELD_SURVEILLANCE_UNIT,0.7
SURV_04866,,2025-11-10 17:37:48,LOCATION_0078,Tanvi Agarwal,VEHICLE_00410,An individual resembling Tanvi Agarwal was observed in the vicinity of LOCATION_0078.,FIELD_SURVEILLANCE_UNIT,0.74
SURV_04867,,2026-02-02 05:59:44,LOCATION_0040,Arjun R.,VEHICLE_00527,An individual resembling Arjun R. was observed in the vicinity of LOCATION_0040.,FIELD_SURVEILLANCE_UNIT,0.9
SURV_04868,,2024-01-28 18:55:42,LOCATION_0187,Rajesh V.,VEHICLE_00438,An individual resembling Rajesh V. was observed in the vicinity of LOCATION_0187.,FIELD_SURVEILLANCE_UNIT,0.9
SURV_04869,,2025-10-24 14:36:02,LOCATION_0283,Deepika Tiwari,,Deepika Tiwari was observed near LOCATION_0283; no unusual activity reported.,FIELD_SURVEILLANCE_UNIT,0.57
SURV_04870,,2025-08-12 10:05:59,LOCATION_0228,NaveenBansal,VEHICLE_00386,An individual resembling NaveenBansal was observed in the vicinity of LOCATION_0228.,FIELD_SURVEILLANCE_UNIT,0.85
SURV_04871,,2025-03-09 14:17:35,LOCATION_0292,MOHIT BANSAL,,An individual resembling MOHIT BANSAL was observed in the vicinity of LOCATION_0292.,FIELD_SURVEILLANCE_UNIT,0.8
SURV_04872,,2024-10-27 00:06:53,LOCATION_0185,Kirti Sharma,,Kirti Sharma was observed near LOCATION_0185; no unusual activity reported.,FIELD_SURVEILLANCE_UNIT,0.89
SURV_04873,,2024-09-23 09:10:36,LOCATION_0095,Ashok N.,,An individual resembling Ashok N. was observed in the vicinity of LOCATION_0095.,FIELD_SURVEILLANCE_UNIT,0.89
SURV_04874,,2026-02-11 23:37:58,LOCATION_0064,AmanBhatt,,An individual resembling AmanBhatt was observed in the vicinity of LOCATION_0064.,FIELD_SURVEILLANCE_UNIT,0.71
SURV_04875,,2026-06-20 03:17:19,LOCATION_0117,vikram chauhan,VEHICLE_00041,An individual resembling vikram chauhan was observed in the vicinity of LOCATION_0117.,FIELD_SURVEILLANCE_UNIT,0.7
SURV_04876,,2026-04-24 17:28:26,LOCATION_0166,Aman Naidu,VEHICLE_00734,Aman Naidu was observed near LOCATION_0166; no unusual activity reported.,FIELD_SURVEILLANCE_UNIT,0.67
SURV_04877,,2024-02-26 04:09:28,LOCATION_0169,Rajesh N.,VEHICLE_00434,An individual resembling Rajesh N. was observed in the vicinity of LOCATION_0169.,FIELD_SURVEILLANCE_UNIT,0.84
SURV_04878,,2024-12-09 04:19:47,LOCATION_0056,Karan Kulkarni,,Karan Kulkarni was observed near LOCATION_0056; no unusual activity reported.,FIELD_SURVEILLANCE_UNIT,0.75
SURV_04879,,2025-06-03 18:13:59,LOCATION_0077,Priya Malhotra,VEHICLE_00143,Priya Malhotra was observed near LOCATION_0077; no unusual activity reported.,FIELD_SURVEILLANCE_UNIT,0.79
SURV_04880,,2024-10-14 01:39:51,LOCATION_0232,Pankaj Bhatt,,Pankaj Bhatt was observed near LOCATION_0232; no unusual activity reported.,FIELD_SURVEILLANCE_UNIT,0.65
SURV_04881,,2026-05-22 23:06:56,LOCATION_0219,Ashok Pandey,,Ashok Pandey was observed near LOCATION_0219; no unusual activity reported.,FIELD_SURVEILLANCE_UNIT,0.67
SURV_04882,,2024-09-27 18:54:04,LOCATION_0054,Pankaj Yadav,VEHICLE_00353,Pankaj Yadav was observed near LOCATION_0054; no unusual activity reported.,FIELD_SURVEILLANCE_UNIT,0.64
SURV_04883,,2024-02-26 21:15:13,LOCATION_0238,Rajesh Joshi,,Rajesh Joshi was observed near LOCATION_0238; no unusual activity reported.,FIELD_SURVEILLANCE_UNIT,0.56
SURV_04884,,2024-10-30 21:54:14,LOCATION_0248,Harish Pandey,VEHICLE_00700,Harish Pandey was observed near LOCATION_0248; no unusual activity reported.,FIELD_SURVEILLANCE_UNIT,0.62
SURV_04885,,2024-03-05 18:24:15,LOCATION_0085,NehaSingh,VEHICLE_00205,An individual resembling NehaSingh was observed in the vicinity of LOCATION_0085.,FIELD_SURVEILLANCE_UNIT,0.69
SURV_04886,,2024-07-23 16:16:10,LOCATION_0106,Ashok Mishra,VEHICLE_00470,Ashok Mishra was observed near LOCATION_0106; no unusual activity reported.,FIELD_SURVEILLANCE_UNIT,0.85
SURV_04887,,2026-02-04 16:51:47,LOCATION_0020,NehaPandey,,An individual resembling NehaPandey was observed in the vicinity of LOCATION_0020.,FIELD_SURVEILLANCE_UNIT,0.78
SURV_04888,,2025-09-17 04:21:54,LOCATION_0277,D. Iyer,VEHICLE_00404,An individual resembling D. Iyer was observed in the vicinity of LOCATION_0277.,FIELD_SURVEILLANCE_UNIT,0.89
SURV_04889,,2024-12-26 12:27:16,LOCATION_0267,SwatiKulkarni,VEHICLE_00050,An individual resembling SwatiKulkarni was observed in the vicinity of LOCATION_0267.,FIELD_SURVEILLANCE_UNIT,0.61
SURV_04890,,2026-04-24 18:01:05,LOCATION_0103,Preeti Singh,VEHICLE_00133,Preeti Singh was observed near LOCATION_0103; no unusual activity reported.,FIELD_SURVEILLANCE_UNIT,0.77
SURV_04891,,2026-05-31 17:50:04,LOCATION_0270,Simran Iyer,VEHICLE_00122,Simran Iyer was observed near LOCATION_0270; no unusual activity reported.,FIELD_SURVEILLANCE_UNIT,0.87
SURV_04892,,2025-01-27 13:30:44,LOCATION_0041,Ravi Naidu,,Ravi Naidu was observed near LOCATION_0041; no unusual activity reported.,FIELD_SURVEILLANCE_UNIT,0.73
SURV_04893,,2024-05-17 11:45:42,LOCATION_0011,IshaRathore,VEHICLE_00361,An individual resembling IshaRathore was observed in the vicinity of LOCATION_0011.,FIELD_SURVEILLANCE_UNIT,0.69
SURV_04894,,2024-03-29 14:21:00,LOCATION_0239,Ashok Singh,,Ashok Singh was observed near LOCATION_0239; no unusual activity reported.,FIELD_SURVEILLANCE_UNIT,0.85
SURV_04895,,2025-07-22 19:34:56,LOCATION_0133,Kavita Agarwal,,Kavita Agarwal was observed near LOCATION_0133; no unusual activity reported.,FIELD_SURVEILLANCE_UNIT,0.85
SURV_04896,,2024-11-02 11:25:41,LOCATION_0184,ManjuBhatt,VEHICLE_00505,An individual resembling ManjuBhatt was observed in the vicinity of LOCATION_0184.,FIELD_SURVEILLANCE_UNIT,0.57
SURV_04897,,2024-03-29 12:43:23,LOCATION_0104,Rekha Gupta,VEHICLE_00625,An individual resembling Rekha Gupta was observed in the vicinity of LOCATION_0104.,FIELD_SURVEILLANCE_UNIT,0.86
SURV_04898,,2024-11-08 05:05:24,LOCATION_0029,Kavita Agarwal,VEHICLE_00484,Kavita Agarwal was observed near LOCATION_0029; no unusual activity reported.,FIELD_SURVEILLANCE_UNIT,0.67
SURV_04899,,2024-05-04 07:50:39,LOCATION_0171,AMAN PANDEY,,An individual resembling AMAN PANDEY was observed in the vicinity of LOCATION_0171.,FIELD_SURVEILLANCE_UNIT,0.78
SURV_04900,,2025-04-14 16:01:21,LOCATION_0166,Anita Gupta,VEHICLE_00473,Anita Gupta was observed near LOCATION_0166; no unusual activity reported.,FIELD_SURVEILLANCE_UNIT,0.63
SURV_04901,,2025-02-09 10:12:09,LOCATION_0117,Swati Iyer,,An individual resembling Swati Iyer was observed in the vicinity of LOCATION_0117.,FIELD_SURVEILLANCE_UNIT,0.55
SURV_04902,,2024-03-17 07:14:41,LOCATION_0054,Meena Bansal,VEHICLE_00504,Meena Bansal was observed near LOCATION_0054; no unusual activity reported.,FIELD_SURVEILLANCE_UNIT,0.81
SURV_04903,,2025-09-23 20:42:05,LOCATION_0038,Simran Kulkarni,VEHICLE_00662,Simran Kulkarni was observed near LOCATION_0038; no unusual activity reported.,FIELD_SURVEILLANCE_UNIT,0.66
SURV_04904,,2024-04-25 21:46:52,LOCATION_0180,arjun sharma,,An individual resembling arjun sharma was observed in the vicinity of LOCATION_0180.,FIELD_SURVEILLANCE_UNIT,0.56
SURV_04905,,2025-03-07 08:26:39,LOCATION_0024,Nisha Kulkarni,,Nisha Kulkarni was observed near LOCATION_0024; no unusual activity reported.,FIELD_SURVEILLANCE_UNIT,0.85
SURV_04906,,2026-05-04 18:13:48,LOCATION_0197,Ravi Yadav,VEHICLE_00534,Ravi Yadav was observed near LOCATION_0197; no unusual activity reported.,FIELD_SURVEILLANCE_UNIT,0.73
SURV_04907,,2025-06-03 18:25:03,LOCATION_0173,G. Iyer,,An individual resembling G. Iyer was observed in the vicinity of LOCATION_0173.,FIELD_SURVEILLANCE_UNIT,0.72
SURV_04908,,2024-05-01 11:03:28,LOCATION_0189,Manoj Reddy,,Manoj Reddy was observed near LOCATION_0189; no unusual activity reported.,FIELD_SURVEILLANCE_UNIT,0.88
SURV_04909,,2024-12-27 17:14:47,LOCATION_0057,Isha Mishra,VEHICLE_00262,Isha Mishra was observed near LOCATION_0057; no unusual activity reported.,FIELD_SURVEILLANCE_UNIT,0.69
SURV_04910,,2025-02-05 23:35:48,LOCATION_0149,Amit V.,VEHICLE_00168,An individual resembling Amit V. was observed in the vicinity of LOCATION_0149.,FIELD_SURVEILLANCE_UNIT,0.81
SURV_04911,,2026-04-19 17:34:05,LOCATION_0120,N. Rathore,VEHICLE_00491,An individual resembling N. Rathore was observed in the vicinity of LOCATION_0120.,FIELD_SURVEILLANCE_UNIT,0.71
SURV_04912,,2025-04-15 13:40:30,LOCATION_0041,Suresh K.,,An individual resembling Suresh K. was observed in the vicinity of LOCATION_0041.,FIELD_SURVEILLANCE_UNIT,0.75
SURV_04913,,2025-12-18 16:37:39,LOCATION_0201,Gaurav Tiwari,VEHICLE_00261,Gaurav Tiwari was observed near LOCATION_0201; no unusual activity reported.,FIELD_SURVEILLANCE_UNIT,0.78
SURV_04914,,2024-05-17 12:17:02,LOCATION_0064,Anjali Rathore,,Anjali Rathore was observed near LOCATION_0064; no unusual activity reported.,FIELD_SURVEILLANCE_UNIT,0.58
SURV_04915,,2024-05-20 21:10:36,LOCATION_0146,Rahul Naidu,,Rahul Naidu was observed near LOCATION_0146; no unusual activity reported.,FIELD_SURVEILLANCE_UNIT,0.82
SURV_04916,,2024-01-12 21:09:21,LOCATION_0094,Ashok B.,VEHICLE_00467,An individual resembling Ashok B. was observed in the vicinity of LOCATION_0094.,FIELD_SURVEILLANCE_UNIT,0.82
SURV_04917,,2025-05-11 15:55:12,LOCATION_0074,R. Sharma,VEHICLE_00757,An individual resembling R. Sharma was observed in the vicinity of LOCATION_0074.,FIELD_SURVEILLANCE_UNIT,0.75
SURV_04918,,2025-01-23 08:04:50,LOCATION_0154,K. Reddy,,An individual resembling K. Reddy was observed in the vicinity of LOCATION_0154.,FIELD_SURVEILLANCE_UNIT,0.64
SURV_04919,,2025-11-10 20:55:34,LOCATION_0064,M. Bansal,VEHICLE_00504,An individual resembling M. Bansal was observed in the vicinity of LOCATION_0064.,FIELD_SURVEILLANCE_UNIT,0.68
SURV_04920,,2024-09-27 05:35:54,LOCATION_0210,Priya N.,VEHICLE_00043,An individual resembling Priya N. was observed in the vicinity of LOCATION_0210.,FIELD_SURVEILLANCE_UNIT,0.63
SURV_04921,,2026-05-09 01:41:37,LOCATION_0073,Harish Saxena,,Harish Saxena was observed near LOCATION_0073; no unusual activity reported.,FIELD_SURVEILLANCE_UNIT,0.82
SURV_04922,,2025-04-01 04:52:26,LOCATION_0209,GauravKapoor,,An individual resembling GauravKapoor was observed in the vicinity of LOCATION_0209.,FIELD_SURVEILLANCE_UNIT,0.85
SURV_04923,,2025-04-28 13:20:25,LOCATION_0115,Rajesh Agarwal,,Rajesh Agarwal was observed near LOCATION_0115; no unusual activity reported.,FIELD_SURVEILLANCE_UNIT,0.79
SURV_04924,,2024-10-28 13:42:50,LOCATION_0156,Isha Bhatt,,Isha Bhatt was observed near LOCATION_0156; no unusual activity reported.,FIELD_SURVEILLANCE_UNIT,0.77
SURV_04925,,2025-12-04 14:55:18,LOCATION_0104,Geeta C.,,An individual resembling Geeta C. was observed in the vicinity of LOCATION_0104.,FIELD_SURVEILLANCE_UNIT,0.62
SURV_04926,,2025-07-05 11:17:42,LOCATION_0282,K. Reddy,,An individual resembling K. Reddy was observed in the vicinity of LOCATION_0282.,FIELD_SURVEILLANCE_UNIT,0.78
SURV_04927,,2025-12-03 14:48:33,LOCATION_0224,Rohit Mishra,VEHICLE_00253,Rohit Mishra was observed near LOCATION_0224; no unusual activity reported.,FIELD_SURVEILLANCE_UNIT,0.83
SURV_04928,,2026-05-23 23:06:44,LOCATION_0267,Priya Malhotra,VEHICLE_00143,Priya Malhotra was observed near LOCATION_0267; no unusual activity reported.,FIELD_SURVEILLANCE_UNIT,0.77
SURV_04929,,2024-06-12 03:26:06,LOCATION_0259,Ravi Yadav,VEHICLE_00040,Ravi Yadav was observed near LOCATION_0259; no unusual activity reported.,FIELD_SURVEILLANCE_UNIT,0.73
SURV_04930,,2025-08-14 15:51:48,LOCATION_0031,Harish S.,VEHICLE_00397,An individual resembling Harish S. was observed in the vicinity of LOCATION_0031.,FIELD_SURVEILLANCE_UNIT,0.73
SURV_04931,,2024-10-31 23:51:26,LOCATION_0207,Kavita Bhatt,,Kavita Bhatt was observed near LOCATION_0207; no unusual activity reported.,FIELD_SURVEILLANCE_UNIT,0.73
SURV_04932,,2024-08-03 12:33:09,LOCATION_0250,Geeta Nair,VEHICLE_00158,Geeta Nair was observed near LOCATION_0250; no unusual activity reported.,FIELD_SURVEILLANCE_UNIT,0.76
SURV_04933,,2025-08-09 20:26:44,LOCATION_0087,Isha Mishra,VEHICLE_00262,Isha Mishra was observed near LOCATION_0087; no unusual activity reported.,FIELD_SURVEILLANCE_UNIT,0.63
SURV_04934,,2024-05-21 12:20:44,LOCATION_0243,Aman C.,,An individual resembling Aman C. was observed in the vicinity of LOCATION_0243.,FIELD_SURVEILLANCE_UNIT,0.85
SURV_04935,,2024-12-14 00:48:44,LOCATION_0189,SoniaGupta,VEHICLE_00651,An individual resembling SoniaGupta was observed in the vicinity of LOCATION_0189.,FIELD_SURVEILLANCE_UNIT,0.83
SURV_04936,,2024-12-15 07:55:23,LOCATION_0268,ravi saxena,,An individual resembling ravi saxena was observed in the vicinity of LOCATION_0268.,FIELD_SURVEILLANCE_UNIT,0.79
SURV_04937,,2025-02-20 15:30:09,LOCATION_0067,Priya Choudhary,,Priya Choudhary was observed near LOCATION_0067; no unusual activity reported.,FIELD_SURVEILLANCE_UNIT,0.81
SURV_04938,,2024-05-08 08:32:04,LOCATION_0034,Pooja Bansal,,Pooja Bansal was observed near LOCATION_0034; no unusual activity reported.,FIELD_SURVEILLANCE_UNIT,0.8
SURV_04939,,2024-02-29 22:18:08,LOCATION_0050,Nikhil Joshi,,Nikhil Joshi was observed near LOCATION_0050; no unusual activity reported.,FIELD_SURVEILLANCE_UNIT,0.88
SURV_04940,,2025-05-18 10:35:50,LOCATION_0234,K. Choudhary,VEHICLE_00249,An individual resembling K. Choudhary was observed in the vicinity of LOCATION_0234.,FIELD_SURVEILLANCE_UNIT,0.88
SURV_04941,,2025-01-08 06:20:21,LOCATION_0178,Manoj Kapoor,VEHICLE_00636,Manoj Kapoor was observed near LOCATION_0178; no unusual activity reported.,FIELD_SURVEILLANCE_UNIT,0.88
SURV_04942,,2025-06-25 01:41:36,LOCATION_0206,deepika iyer,VEHICLE_00356,An individual resembling deepika iyer was observed in the vicinity of LOCATION_0206.,FIELD_SURVEILLANCE_UNIT,0.63
SURV_04943,,2026-02-26 08:03:57,LOCATION_0060,Neha Rathore,VEHICLE_00491,An individual resembling Neha Rathore was observed in the vicinity of LOCATION_0060.,FIELD_SURVEILLANCE_UNIT,0.76
SURV_04944,,2025-10-25 11:33:11,LOCATION_0083,Harish Bansal,,Harish Bansal was observed near LOCATION_0083; no unusual activity reported.,FIELD_SURVEILLANCE_UNIT,0.7
SURV_04945,,2026-01-05 12:08:16,LOCATION_0008,Deepika Choudhary,VEHICLE_00507,Deepika Choudhary was observed near LOCATION_0008; no unusual activity reported.,FIELD_SURVEILLANCE_UNIT,0.65
SURV_04946,,2025-10-14 05:20:45,LOCATION_0231,Rohit Naidu,,Rohit Naidu was observed near LOCATION_0231; no unusual activity reported.,FIELD_SURVEILLANCE_UNIT,0.78
SURV_04947,,2024-05-24 16:12:11,LOCATION_0260,Harish Mishra,VEHICLE_00358,Harish Mishra was observed near LOCATION_0260; no unusual activity reported.,FIELD_SURVEILLANCE_UNIT,0.59
SURV_04948,,2026-03-19 07:54:00,LOCATION_0108,Ashok Iyer,VEHICLE_00083,Ashok Iyer was observed near LOCATION_0108; no unusual activity reported.,FIELD_SURVEILLANCE_UNIT,0.59
SURV_04949,,2024-01-05 22:54:46,LOCATION_0119,RohitKulkarni,,An individual resembling RohitKulkarni was observed in the vicinity of LOCATION_0119.,FIELD_SURVEILLANCE_UNIT,0.82
SURV_04950,,2026-01-27 03:20:17,LOCATION_0143,Vivek Meena,VEHICLE_00525,Vivek Meena was observed near LOCATION_0143; no unusual activity reported.,FIELD_SURVEILLANCE_UNIT,0.81
SURV_04951,,2024-02-21 18:10:30,LOCATION_0165,VIVEK CHOUDHARY,,An individual resembling VIVEK CHOUDHARY was observed in the vicinity of LOCATION_0165.,FIELD_SURVEILLANCE_UNIT,0.75
SURV_04952,,2025-02-12 20:11:22,LOCATION_0102,Anjali Malhotra,,Anjali Malhotra was observed near LOCATION_0102; no unusual activity reported.,FIELD_SURVEILLANCE_UNIT,0.78
SURV_04953,,2024-04-02 10:43:22,LOCATION_0107,Ravi Kulkarni,VEHICLE_00297,Ravi Kulkarni was observed near LOCATION_0107; no unusual activity reported.,FIELD_SURVEILLANCE_UNIT,0.85
SURV_04954,,2025-04-07 04:06:55,LOCATION_0168,kavita sharma,VEHICLE_00526,An individual resembling kavita sharma was observed in the vicinity of LOCATION_0168.,FIELD_SURVEILLANCE_UNIT,0.74
SURV_04955,,2024-01-21 09:10:42,LOCATION_0018,Vivek Mishra,,Vivek Mishra was observed near LOCATION_0018; no unusual activity reported.,FIELD_SURVEILLANCE_UNIT,0.67
SURV_04956,,2024-12-19 01:38:32,LOCATION_0014,ashok bansal,VEHICLE_00101,An individual resembling ashok bansal was observed in the vicinity of LOCATION_0014.,FIELD_SURVEILLANCE_UNIT,0.63
SURV_04957,,2025-05-09 10:43:18,LOCATION_0103,S. Kapoor,VEHICLE_00315,An individual resembling S. Kapoor was observed in the vicinity of LOCATION_0103.,FIELD_SURVEILLANCE_UNIT,0.73
SURV_04958,,2026-03-14 12:48:07,LOCATION_0212,GeetaIyer,VEHICLE_00435,An individual resembling GeetaIyer was observed in the vicinity of LOCATION_0212.,FIELD_SURVEILLANCE_UNIT,0.7
SURV_04959,,2026-01-23 00:25:10,LOCATION_0140,Simran Iyer,VEHICLE_00122,Simran Iyer was observed near LOCATION_0140; no unusual activity reported.,FIELD_SURVEILLANCE_UNIT,0.66
SURV_04960,,2025-08-10 06:01:27,LOCATION_0169,P. Singh,VEHICLE_00059,An individual resembling P. Singh was observed in the vicinity of LOCATION_0169.,FIELD_SURVEILLANCE_UNIT,0.69
SURV_04961,,2025-12-16 06:42:33,LOCATION_0188,Vikram C.,,An individual resembling Vikram C. was observed in the vicinity of LOCATION_0188.,FIELD_SURVEILLANCE_UNIT,0.67
SURV_04962,,2025-01-06 06:16:33,LOCATION_0255,K. Gupta,,An individual resembling K. Gupta was observed in the vicinity of LOCATION_0255.,FIELD_SURVEILLANCE_UNIT,0.86
SURV_04963,,2025-07-12 15:27:18,LOCATION_0252,Suresh Mishra,VEHICLE_00263,Suresh Mishra was observed near LOCATION_0252; no unusual activity reported.,FIELD_SURVEILLANCE_UNIT,0.56
SURV_04964,,2025-01-22 04:30:09,LOCATION_0101,I. Meena,,An individual resembling I. Meena was observed in the vicinity of LOCATION_0101.,FIELD_SURVEILLANCE_UNIT,0.7
SURV_04965,,2025-06-24 20:40:44,LOCATION_0272,Sunita Sharma,VEHICLE_00637,An individual resembling Sunita Sharma was observed in the vicinity of LOCATION_0272.,FIELD_SURVEILLANCE_UNIT,0.89
SURV_04966,,2025-01-04 03:26:07,LOCATION_0037,Nisha Choudhary,,An individual resembling Nisha Choudhary was observed in the vicinity of LOCATION_0037.,FIELD_SURVEILLANCE_UNIT,0.78
SURV_04967,,2025-07-12 08:47:29,LOCATION_0189,deepak naidu,VEHICLE_00655,An individual resembling deepak naidu was observed in the vicinity of LOCATION_0189.,FIELD_SURVEILLANCE_UNIT,0.8
SURV_04968,,2024-07-28 18:20:53,LOCATION_0084,Isha Gupta,,Isha Gupta was observed near LOCATION_0084; no unusual activity reported.,FIELD_SURVEILLANCE_UNIT,0.62
SURV_04969,,2026-01-02 14:07:06,LOCATION_0171,Deepak Bansal,VEHICLE_00106,Deepak Bansal was observed near LOCATION_0171; no unusual activity reported.,FIELD_SURVEILLANCE_UNIT,0.83
SURV_04970,,2026-03-13 17:45:17,LOCATION_0134,Vikram Tiwari,VEHICLE_00660,Vikram Tiwari was observed near LOCATION_0134; no unusual activity reported.,FIELD_SURVEILLANCE_UNIT,0.83
SURV_04971,,2025-12-10 00:03:25,LOCATION_0194,Simran Yadav,,Simran Yadav was observed near LOCATION_0194; no unusual activity reported.,FIELD_SURVEILLANCE_UNIT,0.59
SURV_04972,,2025-03-16 05:28:59,LOCATION_0005,Vivek Nair,,Vivek Nair was observed near LOCATION_0005; no unusual activity reported.,FIELD_SURVEILLANCE_UNIT,0.6
SURV_04973,,2024-03-18 11:07:03,LOCATION_0195,sanjay chauhan,VEHICLE_00664,An individual resembling sanjay chauhan was observed in the vicinity of LOCATION_0195.,FIELD_SURVEILLANCE_UNIT,0.73
SURV_04974,,2026-06-26 02:46:09,LOCATION_0296,Alka C.,,An individual resembling Alka C. was observed in the vicinity of LOCATION_0296.,FIELD_SURVEILLANCE_UNIT,0.8
SURV_04975,,2024-04-12 23:33:04,LOCATION_0048,neha saxena,,An individual resembling neha saxena was observed in the vicinity of LOCATION_0048.,FIELD_SURVEILLANCE_UNIT,0.9
SURV_04976,,2025-10-30 18:24:25,LOCATION_0033,Rohit Singh,VEHICLE_00033,Rohit Singh was observed near LOCATION_0033; no unusual activity reported.,FIELD_SURVEILLANCE_UNIT,0.9
SURV_04977,,2025-05-26 05:33:01,LOCATION_0157,Rohit Iyer,VEHICLE_00234,An individual resembling Rohit Iyer was observed in the vicinity of LOCATION_0157.,FIELD_SURVEILLANCE_UNIT,0.58
SURV_04978,,2026-06-06 14:31:58,LOCATION_0285,Neha Singh,,Neha Singh was observed near LOCATION_0285; no unusual activity reported.,FIELD_SURVEILLANCE_UNIT,0.59
SURV_04979,,2024-02-27 06:47:27,LOCATION_0080,Nikhil Kapoor,,An individual resembling Nikhil Kapoor was observed in the vicinity of LOCATION_0080.,FIELD_SURVEILLANCE_UNIT,0.89
SURV_04980,,2025-01-26 16:24:05,LOCATION_0094,Anjali Reddy,,Anjali Reddy was observed near LOCATION_0094; no unusual activity reported.,FIELD_SURVEILLANCE_UNIT,0.74
SURV_04981,,2025-01-11 12:41:44,LOCATION_0272,GEETA IYER,VEHICLE_00435,An individual resembling GEETA IYER was observed in the vicinity of LOCATION_0272.,FIELD_SURVEILLANCE_UNIT,0.72
SURV_04982,,2024-01-22 10:59:24,LOCATION_0298,Sandeep Pandey,VEHICLE_00535,An individual resembling Sandeep Pandey was observed in the vicinity of LOCATION_0298.,FIELD_SURVEILLANCE_UNIT,0.72
SURV_04983,,2024-06-26 00:16:56,LOCATION_0233,rohit iyer,,An individual resembling rohit iyer was observed in the vicinity of LOCATION_0233.,FIELD_SURVEILLANCE_UNIT,0.64
SURV_04984,,2025-03-31 09:52:26,LOCATION_0108,Sonia Agarwal,VEHICLE_00130,Sonia Agarwal was observed near LOCATION_0108; no unusual activity reported.,FIELD_SURVEILLANCE_UNIT,0.78
SURV_04985,,2025-03-26 21:16:50,LOCATION_0032,Meena Choudhary,VEHICLE_00202,Meena Choudhary was observed near LOCATION_0032; no unusual activity reported.,FIELD_SURVEILLANCE_UNIT,0.79
SURV_04986,,2025-04-28 15:42:06,LOCATION_0131,Karan Yadav,,Karan Yadav was observed near LOCATION_0131; no unusual activity reported.,FIELD_SURVEILLANCE_UNIT,0.56
SURV_04987,,2026-01-26 08:22:53,LOCATION_0130,Divya Bansal,VEHICLE_00273,Divya Bansal was observed near LOCATION_0130; no unusual activity reported.,FIELD_SURVEILLANCE_UNIT,0.66
SURV_04988,,2025-11-24 22:16:47,LOCATION_0017,K. Joshi,VEHICLE_00102,An individual resembling K. Joshi was observed in the vicinity of LOCATION_0017.,FIELD_SURVEILLANCE_UNIT,0.63
SURV_04989,,2026-03-28 22:42:16,LOCATION_0006,Meena Y.,,An individual resembling Meena Y. was observed in the vicinity of LOCATION_0006.,FIELD_SURVEILLANCE_UNIT,0.84
SURV_04990,,2024-08-09 11:32:39,LOCATION_0103,S. Tiwari,,An individual resembling S. Tiwari was observed in the vicinity of LOCATION_0103.,FIELD_SURVEILLANCE_UNIT,0.68
SURV_04991,,2024-01-04 14:57:22,LOCATION_0231,gaurav joshi,,An individual resembling gaurav joshi was observed in the vicinity of LOCATION_0231.,FIELD_SURVEILLANCE_UNIT,0.57
SURV_04992,,2024-01-31 14:12:31,LOCATION_0129,Aman Kapoor,VEHICLE_00447,Aman Kapoor was observed near LOCATION_0129; no unusual activity reported.,FIELD_SURVEILLANCE_UNIT,0.63
SURV_04993,,2025-12-09 20:19:11,LOCATION_0156,Deepika Saxena,VEHICLE_00697,Deepika Saxena was observed near LOCATION_0156; no unusual activity reported.,FIELD_SURVEILLANCE_UNIT,0.83
SURV_04994,,2025-09-11 15:09:44,LOCATION_0112,Manoj Iyer,VEHICLE_00740,Manoj Iyer was observed near LOCATION_0112; no unusual activity reported.,FIELD_SURVEILLANCE_UNIT,0.76
SURV_04995,,2024-01-20 12:39:45,LOCATION_0248,A. Singh,VEHICLE_00716,An individual resembling A. Singh was observed in the vicinity of LOCATION_0248.,FIELD_SURVEILLANCE_UNIT,0.84
SURV_04996,,2025-08-05 21:07:10,LOCATION_0229,V. Verma,VEHICLE_00548,An individual resembling V. Verma was observed in the vicinity of LOCATION_0229.,FIELD_SURVEILLANCE_UNIT,0.9
SURV_04997,,2024-04-27 15:30:06,LOCATION_0085,meena choudhary,VEHICLE_00251,An individual resembling meena choudhary was observed in the vicinity of LOCATION_0085.,FIELD_SURVEILLANCE_UNIT,0.61
SURV_04998,,2024-03-12 02:40:46,LOCATION_0188,A. Malhotra,,An individual resembling A. Malhotra was observed in the vicinity of LOCATION_0188.,FIELD_SURVEILLANCE_UNIT,0.6
SURV_04999,,2025-11-23 14:34:24,LOCATION_0009,Pankaj V.,VEHICLE_00755,An individual resembling Pankaj V. was observed in the vicinity of LOCATION_0009.,FIELD_SURVEILLANCE_UNIT,0.75
SURV_05000,,2024-12-06 05:08:30,LOCATION_0123,AMAN CHAUHAN,,An individual resembling AMAN CHAUHAN was observed in the vicinity of LOCATION_0123.,FIELD_SURVEILLANCE_UNIT,0.63
