event_id,timestamp,vehicle_id,location_id,event_type,source,confidence
VEVENT_000001,2025-07-13 19:24:24,VEHICLE_00625,LOCATION_0294,ANPR,FIELD_SURVEILLANCE,0.92
VEVENT_000002,2025-07-13 19:30:24,VEHICLE_00681,LOCATION_0294,ANPR,ANPR_CAMERA,0.93
VEVENT_000003,2025-07-13 19:36:24,VEHICLE_00625,LOCATION_0004,ANPR,POLICE_CHECKPOINT,0.9
VEVENT_000004,2025-07-13 19:40:24,VEHICLE_00681,LOCATION_0004,ANPR,POLICE_CHECKPOINT,0.97
VEVENT_000005,2025-07-13 19:48:24,VEHICLE_00625,LOCATION_0214,ANPR,ANPR_CAMERA,0.8
VEVENT_000006,2025-07-13 19:50:24,VEHICLE_00681,LOCATION_0214,ANPR,TOLL_PLAZA,0.97
VEVENT_000007,2025-07-13 20:00:24,VEHICLE_00625,LOCATION_0234,ANPR,FIELD_SURVEILLANCE,0.88
VEVENT_000008,2025-07-13 20:06:24,VEHICLE_00681,LOCATION_0234,ANPR,POLICE_CHECKPOINT,0.89
VEVENT_000009,2025-07-13 20:12:24,VEHICLE_00625,LOCATION_0174,ANPR,ANPR_CAMERA,0.89
VEVENT_000010,2025-07-13 20:14:24,VEHICLE_00681,LOCATION_0174,ANPR,ANPR_CAMERA,0.84
VEVENT_000011,2026-01-13 12:46:25,VEHICLE_00625,LOCATION_0294,ANPR,FIELD_SURVEILLANCE,0.84
VEVENT_000012,2026-01-13 12:51:25,VEHICLE_00681,LOCATION_0294,ANPR,FIELD_SURVEILLANCE,0.96
VEVENT_000013,2026-01-13 12:58:25,VEHICLE_00625,LOCATION_0004,ANPR,ANPR_CAMERA,0.94
VEVENT_000014,2026-01-13 13:02:25,VEHICLE_00681,LOCATION_0004,ANPR,TOLL_PLAZA,0.97
VEVENT_000015,2026-01-13 13:10:25,VEHICLE_00625,LOCATION_0214,ANPR,FIELD_SURVEILLANCE,0.89
VEVENT_000016,2026-01-13 13:16:25,VEHICLE_00681,LOCATION_0214,ANPR,POLICE_CHECKPOINT,0.85
VEVENT_000017,2026-01-13 13:22:25,VEHICLE_00625,LOCATION_0234,ANPR,TOLL_PLAZA,0.96
VEVENT_000018,2026-01-13 13:28:25,VEHICLE_00681,LOCATION_0234,ANPR,TOLL_PLAZA,0.93
VEVENT_000019,2026-01-13 13:34:25,VEHICLE_00625,LOCATION_0174,ANPR,FIELD_SURVEILLANCE,0.82
VEVENT_000020,2026-01-13 13:38:25,VEHICLE_00681,LOCATION_0174,ANPR,FIELD_SURVEILLANCE,0.82
VEVENT_000021,2024-09-28 19:07:27,VEHICLE_00625,LOCATION_0294,ANPR,FIELD_SURVEILLANCE,0.8
VEVENT_000022,2024-09-28 19:09:27,VEHICLE_00681,LOCATION_0294,ANPR,POLICE_CHECKPOINT,0.83
VEVENT_000023,2024-09-28 19:19:27,VEHICLE_00625,LOCATION_0004,ANPR,POLICE_CHECKPOINT,0.94
VEVENT_000024,2024-09-28 19:24:27,VEHICLE_00681,LOCATION_0004,ANPR,TOLL_PLAZA,0.84
VEVENT_000025,2024-09-28 19:31:27,VEHICLE_00625,LOCATION_0214,ANPR,FIELD_SURVEILLANCE,0.94
VEVENT_000026,2024-09-28 19:34:27,VEHICLE_00681,LOCATION_0214,ANPR,POLICE_CHECKPOINT,0.85
VEVENT_000027,2024-09-28 19:43:27,VEHICLE_00625,LOCATION_0234,ANPR,POLICE_CHECKPOINT,0.83
VEVENT_000028,2024-09-28 19:44:27,VEHICLE_00681,LOCATION_0234,ANPR,FIELD_SURVEILLANCE,0.89
VEVENT_000029,2024-09-28 19:55:27,VEHICLE_00625,LOCATION_0174,ANPR,ANPR_CAMERA,0.94
VEVENT_000030,2024-09-28 20:01:27,VEHICLE_00681,LOCATION_0174,ANPR,POLICE_CHECKPOINT,0.85
VEVENT_000031,2025-12-06 10:21:31,VEHICLE_00625,LOCATION_0294,ANPR,FIELD_SURVEILLANCE,0.93
VEVENT_000032,2025-12-06 10:22:31,VEHICLE_00681,LOCATION_0294,ANPR,POLICE_CHECKPOINT,0.86
VEVENT_000033,2025-12-06 10:33:31,VEHICLE_00625,LOCATION_0004,ANPR,ANPR_CAMERA,0.93
VEVENT_000034,2025-12-06 10:37:31,VEHICLE_00681,LOCATION_0004,ANPR,FIELD_SURVEILLANCE,0.81
VEVENT_000035,2025-12-06 10:45:31,VEHICLE_00625,LOCATION_0214,ANPR,FIELD_SURVEILLANCE,0.93
VEVENT_000036,2025-12-06 10:49:31,VEHICLE_00681,LOCATION_0214,ANPR,ANPR_CAMERA,0.88
VEVENT_000037,2025-12-06 10:57:31,VEHICLE_00625,LOCATION_0234,ANPR,ANPR_CAMERA,0.94
VEVENT_000038,2025-12-06 11:03:31,VEHICLE_00681,LOCATION_0234,ANPR,POLICE_CHECKPOINT,0.8
VEVENT_000039,2025-12-06 11:09:31,VEHICLE_00625,LOCATION_0174,ANPR,POLICE_CHECKPOINT,0.96
VEVENT_000040,2025-12-06 11:10:31,VEHICLE_00681,LOCATION_0174,ANPR,POLICE_CHECKPOINT,0.83
VEVENT_000041,2025-08-17 14:16:00,VEHICLE_00625,LOCATION_0294,ANPR,ANPR_CAMERA,0.94
VEVENT_000042,2025-08-17 14:17:00,VEHICLE_00681,LOCATION_0294,ANPR,FIELD_SURVEILLANCE,0.83
VEVENT_000043,2025-08-17 14:28:00,VEHICLE_00625,LOCATION_0004,ANPR,POLICE_CHECKPOINT,0.9
VEVENT_000044,2025-08-17 14:33:00,VEHICLE_00681,LOCATION_0004,ANPR,FIELD_SURVEILLANCE,0.86
VEVENT_000045,2025-08-17 14:40:00,VEHICLE_00625,LOCATION_0214,ANPR,TOLL_PLAZA,0.86
VEVENT_000046,2025-08-17 14:45:00,VEHICLE_00681,LOCATION_0214,ANPR,TOLL_PLAZA,0.83
VEVENT_000047,2025-08-17 14:52:00,VEHICLE_00625,LOCATION_0234,ANPR,TOLL_PLAZA,0.89
VEVENT_000048,2025-08-17 14:58:00,VEHICLE_00681,LOCATION_0234,ANPR,POLICE_CHECKPOINT,0.91
VEVENT_000049,2025-08-17 15:04:00,VEHICLE_00625,LOCATION_0174,ANPR,FIELD_SURVEILLANCE,0.97
VEVENT_000050,2025-08-17 15:09:00,VEHICLE_00681,LOCATION_0174,ANPR,POLICE_CHECKPOINT,0.88
VEVENT_000051,2025-11-10 08:54:46,VEHICLE_00625,LOCATION_0294,ANPR,TOLL_PLAZA,0.88
VEVENT_000052,2025-11-10 08:58:46,VEHICLE_00681,LOCATION_0294,ANPR,ANPR_CAMERA,0.96
VEVENT_000053,2025-11-10 09:06:46,VEHICLE_00625,LOCATION_0004,ANPR,TOLL_PLAZA,0.91
VEVENT_000054,2025-11-10 09:10:46,VEHICLE_00681,LOCATION_0004,ANPR,POLICE_CHECKPOINT,0.97
VEVENT_000055,2025-11-10 09:18:46,VEHICLE_00625,LOCATION_0214,ANPR,FIELD_SURVEILLANCE,0.82
VEVENT_000056,2025-11-10 09:20:46,VEHICLE_00681,LOCATION_0214,ANPR,ANPR_CAMERA,0.96
VEVENT_000057,2025-11-10 09:30:46,VEHICLE_00625,LOCATION_0234,ANPR,TOLL_PLAZA,0.88
VEVENT_000058,2025-11-10 09:34:46,VEHICLE_00681,LOCATION_0234,ANPR,TOLL_PLAZA,0.92
VEVENT_000059,2025-11-10 09:42:46,VEHICLE_00625,LOCATION_0174,ANPR,FIELD_SURVEILLANCE,0.91
VEVENT_000060,2025-11-10 09:47:46,VEHICLE_00681,LOCATION_0174,ANPR,FIELD_SURVEILLANCE,0.89
VEVENT_000061,2025-12-23 05:06:32,VEHICLE_00625,LOCATION_0294,ANPR,POLICE_CHECKPOINT,0.91
VEVENT_000062,2025-12-23 05:08:32,VEHICLE_00681,LOCATION_0294,ANPR,ANPR_CAMERA,0.96
VEVENT_000063,2025-12-23 05:18:32,VEHICLE_00625,LOCATION_0004,ANPR,POLICE_CHECKPOINT,0.87
VEVENT_000064,2025-12-23 05:21:32,VEHICLE_00681,LOCATION_0004,ANPR,ANPR_CAMERA,0.96
VEVENT_000065,2025-12-23 05:30:32,VEHICLE_00625,LOCATION_0214,ANPR,ANPR_CAMERA,0.94
VEVENT_000066,2025-12-23 05:31:32,VEHICLE_00681,LOCATION_0214,ANPR,POLICE_CHECKPOINT,0.92
VEVENT_000067,2025-12-23 05:42:32,VEHICLE_00625,LOCATION_0234,ANPR,ANPR_CAMERA,0.89
VEVENT_000068,2025-12-23 05:45:32,VEHICLE_00681,LOCATION_0234,ANPR,FIELD_SURVEILLANCE,0.92
VEVENT_000069,2025-12-23 05:54:32,VEHICLE_00625,LOCATION_0174,ANPR,ANPR_CAMERA,0.83
VEVENT_000070,2025-12-23 05:55:32,VEHICLE_00681,LOCATION_0174,ANPR,ANPR_CAMERA,0.8
VEVENT_000071,2025-03-17 02:00:54,VEHICLE_00625,LOCATION_0294,ANPR,POLICE_CHECKPOINT,0.91
VEVENT_000072,2025-03-17 02:06:54,VEHICLE_00681,LOCATION_0294,ANPR,FIELD_SURVEILLANCE,0.95
VEVENT_000073,2025-03-17 02:12:54,VEHICLE_00625,LOCATION_0004,ANPR,TOLL_PLAZA,0.87
VEVENT_000074,2025-03-17 02:13:54,VEHICLE_00681,LOCATION_0004,ANPR,FIELD_SURVEILLANCE,0.96
VEVENT_000075,2025-03-17 02:24:54,VEHICLE_00625,LOCATION_0214,ANPR,FIELD_SURVEILLANCE,0.88
VEVENT_000076,2025-03-17 02:28:54,VEHICLE_00681,LOCATION_0214,ANPR,ANPR_CAMERA,0.82
VEVENT_000077,2025-03-17 02:36:54,VEHICLE_00625,LOCATION_0234,ANPR,POLICE_CHECKPOINT,0.84
VEVENT_000078,2025-03-17 02:37:54,VEHICLE_00681,LOCATION_0234,ANPR,ANPR_CAMERA,0.8
VEVENT_000079,2025-03-17 02:48:54,VEHICLE_00625,LOCATION_0174,ANPR,TOLL_PLAZA,0.97
VEVENT_000080,2025-03-17 02:50:54,VEHICLE_00681,LOCATION_0174,ANPR,ANPR_CAMERA,0.9
VEVENT_000081,2024-12-22 22:22:00,VEHICLE_00625,LOCATION_0294,ANPR,FIELD_SURVEILLANCE,0.82
VEVENT_000082,2024-12-22 22:27:00,VEHICLE_00681,LOCATION_0294,ANPR,POLICE_CHECKPOINT,0.84
VEVENT_000083,2024-12-22 22:34:00,VEHICLE_00625,LOCATION_0004,ANPR,POLICE_CHECKPOINT,0.93
VEVENT_000084,2024-12-22 22:39:00,VEHICLE_00681,LOCATION_0004,ANPR,POLICE_CHECKPOINT,0.96
VEVENT_000085,2024-12-22 22:46:00,VEHICLE_00625,LOCATION_0214,ANPR,POLICE_CHECKPOINT,0.88
VEVENT_000086,2024-12-22 22:47:00,VEHICLE_00681,LOCATION_0214,ANPR,FIELD_SURVEILLANCE,0.84
VEVENT_000087,2024-12-22 22:58:00,VEHICLE_00625,LOCATION_0234,ANPR,POLICE_CHECKPOINT,0.86
VEVENT_000088,2024-12-22 23:00:00,VEHICLE_00681,LOCATION_0234,ANPR,TOLL_PLAZA,0.92
VEVENT_000089,2024-12-22 23:10:00,VEHICLE_00625,LOCATION_0174,ANPR,POLICE_CHECKPOINT,0.93
VEVENT_000090,2024-12-22 23:13:00,VEHICLE_00681,LOCATION_0174,ANPR,FIELD_SURVEILLANCE,0.88
VEVENT_000091,2024-04-01 07:12:31,VEHICLE_00608,LOCATION_0100,ANPR,FIELD_SURVEILLANCE,0.9
VEVENT_000092,2024-04-01 07:13:31,VEHICLE_00027,LOCATION_0100,ANPR,POLICE_CHECKPOINT,0.81
VEVENT_000093,2024-04-01 07:24:31,VEHICLE_00608,LOCATION_0120,ANPR,TOLL_PLAZA,0.88
VEVENT_000094,2024-04-01 07:25:31,VEHICLE_00027,LOCATION_0120,ANPR,POLICE_CHECKPOINT,0.92
VEVENT_000095,2024-04-01 07:36:31,VEHICLE_00608,LOCATION_0150,ANPR,TOLL_PLAZA,0.94
VEVENT_000096,2024-04-01 07:42:31,VEHICLE_00027,LOCATION_0150,ANPR,TOLL_PLAZA,0.82
VEVENT_000097,2024-04-01 07:48:31,VEHICLE_00608,LOCATION_0290,ANPR,ANPR_CAMERA,0.85
VEVENT_000098,2024-04-01 07:54:31,VEHICLE_00027,LOCATION_0290,ANPR,TOLL_PLAZA,0.91
VEVENT_000099,2024-04-01 08:00:31,VEHICLE_00608,LOCATION_0200,ANPR,ANPR_CAMERA,0.95
VEVENT_000100,2024-04-01 08:04:31,VEHICLE_00027,LOCATION_0200,ANPR,POLICE_CHECKPOINT,0.8
VEVENT_000101,2024-11-10 11:04:44,VEHICLE_00608,LOCATION_0100,ANPR,ANPR_CAMERA,0.91
VEVENT_000102,2024-11-10 11:09:44,VEHICLE_00027,LOCATION_0100,ANPR,FIELD_SURVEILLANCE,0.82
VEVENT_000103,2024-11-10 11:16:44,VEHICLE_00608,LOCATION_0120,ANPR,FIELD_SURVEILLANCE,0.86
VEVENT_000104,2024-11-10 11:21:44,VEHICLE_00027,LOCATION_0120,ANPR,POLICE_CHECKPOINT,0.85
VEVENT_000105,2024-11-10 11:28:44,VEHICLE_00608,LOCATION_0150,ANPR,POLICE_CHECKPOINT,0.95
VEVENT_000106,2024-11-10 11:31:44,VEHICLE_00027,LOCATION_0150,ANPR,POLICE_CHECKPOINT,0.89
VEVENT_000107,2024-11-10 11:40:44,VEHICLE_00608,LOCATION_0290,ANPR,TOLL_PLAZA,0.97
VEVENT_000108,2024-11-10 11:41:44,VEHICLE_00027,LOCATION_0290,ANPR,TOLL_PLAZA,0.92
VEVENT_000109,2024-11-10 11:52:44,VEHICLE_00608,LOCATION_0200,ANPR,FIELD_SURVEILLANCE,0.89
VEVENT_000110,2024-11-10 11:56:44,VEHICLE_00027,LOCATION_0200,ANPR,ANPR_CAMERA,0.93
VEVENT_000111,2026-06-05 16:15:29,VEHICLE_00608,LOCATION_0100,ANPR,TOLL_PLAZA,0.94
VEVENT_000112,2026-06-05 16:20:29,VEHICLE_00027,LOCATION_0100,ANPR,FIELD_SURVEILLANCE,0.86
VEVENT_000113,2026-06-05 16:27:29,VEHICLE_00608,LOCATION_0120,ANPR,FIELD_SURVEILLANCE,0.83
VEVENT_000114,2026-06-05 16:30:29,VEHICLE_00027,LOCATION_0120,ANPR,TOLL_PLAZA,0.91
VEVENT_000115,2026-06-05 16:39:29,VEHICLE_00608,LOCATION_0150,ANPR,POLICE_CHECKPOINT,0.83
VEVENT_000116,2026-06-05 16:44:29,VEHICLE_00027,LOCATION_0150,ANPR,POLICE_CHECKPOINT,0.89
VEVENT_000117,2026-06-05 16:51:29,VEHICLE_00608,LOCATION_0290,ANPR,FIELD_SURVEILLANCE,0.89
VEVENT_000118,2026-06-05 16:56:29,VEHICLE_00027,LOCATION_0290,ANPR,ANPR_CAMERA,0.86
VEVENT_000119,2026-06-05 17:03:29,VEHICLE_00608,LOCATION_0200,ANPR,FIELD_SURVEILLANCE,0.97
VEVENT_000120,2026-06-05 17:08:29,VEHICLE_00027,LOCATION_0200,ANPR,POLICE_CHECKPOINT,0.81
VEVENT_000121,2024-02-10 11:30:30,VEHICLE_00608,LOCATION_0100,ANPR,TOLL_PLAZA,0.95
VEVENT_000122,2024-02-10 11:32:30,VEHICLE_00027,LOCATION_0100,ANPR,FIELD_SURVEILLANCE,0.92
VEVENT_000123,2024-02-10 11:42:30,VEHICLE_00608,LOCATION_0120,ANPR,FIELD_SURVEILLANCE,0.91
VEVENT_000124,2024-02-10 11:44:30,VEHICLE_00027,LOCATION_0120,ANPR,FIELD_SURVEILLANCE,0.88
VEVENT_000125,2024-02-10 11:54:30,VEHICLE_00608,LOCATION_0150,ANPR,TOLL_PLAZA,0.92
VEVENT_000126,2024-02-10 11:58:30,VEHICLE_00027,LOCATION_0150,ANPR,FIELD_SURVEILLANCE,0.9
VEVENT_000127,2024-02-10 12:06:30,VEHICLE_00608,LOCATION_0290,ANPR,TOLL_PLAZA,0.81
VEVENT_000128,2024-02-10 12:12:30,VEHICLE_00027,LOCATION_0290,ANPR,ANPR_CAMERA,0.97
VEVENT_000129,2024-02-10 12:18:30,VEHICLE_00608,LOCATION_0200,ANPR,ANPR_CAMERA,0.92
VEVENT_000130,2024-02-10 12:21:30,VEHICLE_00027,LOCATION_0200,ANPR,TOLL_PLAZA,0.95
VEVENT_000131,2024-01-15 22:54:33,VEHICLE_00608,LOCATION_0100,ANPR,ANPR_CAMERA,0.94
VEVENT_000132,2024-01-15 22:59:33,VEHICLE_00027,LOCATION_0100,ANPR,TOLL_PLAZA,0.92
VEVENT_000133,2024-01-15 23:06:33,VEHICLE_00608,LOCATION_0120,ANPR,TOLL_PLAZA,0.95
VEVENT_000134,2024-01-15 23:11:33,VEHICLE_00027,LOCATION_0120,ANPR,POLICE_CHECKPOINT,0.92
VEVENT_000135,2024-01-15 23:18:33,VEHICLE_00608,LOCATION_0150,ANPR,POLICE_CHECKPOINT,0.83
VEVENT_000136,2024-01-15 23:21:33,VEHICLE_00027,LOCATION_0150,ANPR,ANPR_CAMERA,0.92
VEVENT_000137,2024-01-15 23:30:33,VEHICLE_00608,LOCATION_0290,ANPR,FIELD_SURVEILLANCE,0.84
VEVENT_000138,2024-01-15 23:32:33,VEHICLE_00027,LOCATION_0290,ANPR,POLICE_CHECKPOINT,0.94
VEVENT_000139,2024-01-15 23:42:33,VEHICLE_00608,LOCATION_0200,ANPR,POLICE_CHECKPOINT,0.81
VEVENT_000140,2024-01-15 23:44:33,VEHICLE_00027,LOCATION_0200,ANPR,ANPR_CAMERA,0.91
VEVENT_000141,2024-12-25 14:45:37,VEHICLE_00608,LOCATION_0100,ANPR,ANPR_CAMERA,0.92
VEVENT_000142,2024-12-25 14:51:37,VEHICLE_00027,LOCATION_0100,ANPR,TOLL_PLAZA,0.83
VEVENT_000143,2024-12-25 14:57:37,VEHICLE_00608,LOCATION_0120,ANPR,FIELD_SURVEILLANCE,0.97
VEVENT_000144,2024-12-25 14:59:37,VEHICLE_00027,LOCATION_0120,ANPR,FIELD_SURVEILLANCE,0.86
VEVENT_000145,2024-12-25 15:09:37,VEHICLE_00608,LOCATION_0150,ANPR,FIELD_SURVEILLANCE,0.93
VEVENT_000146,2024-12-25 15:11:37,VEHICLE_00027,LOCATION_0150,ANPR,FIELD_SURVEILLANCE,0.95
VEVENT_000147,2024-12-25 15:21:37,VEHICLE_00608,LOCATION_0290,ANPR,FIELD_SURVEILLANCE,0.9
VEVENT_000148,2024-12-25 15:27:37,VEHICLE_00027,LOCATION_0290,ANPR,FIELD_SURVEILLANCE,0.93
VEVENT_000149,2024-12-25 15:33:37,VEHICLE_00608,LOCATION_0200,ANPR,TOLL_PLAZA,0.94
VEVENT_000150,2024-12-25 15:37:37,VEHICLE_00027,LOCATION_0200,ANPR,TOLL_PLAZA,0.89
VEVENT_000151,2025-10-01 08:15:00,VEHICLE_00608,LOCATION_0100,ANPR,TOLL_PLAZA,0.82
VEVENT_000152,2025-10-01 08:16:00,VEHICLE_00027,LOCATION_0100,ANPR,ANPR_CAMERA,0.89
VEVENT_000153,2025-10-01 08:27:00,VEHICLE_00608,LOCATION_0120,ANPR,TOLL_PLAZA,0.87
VEVENT_000154,2025-10-01 08:32:00,VEHICLE_00027,LOCATION_0120,ANPR,TOLL_PLAZA,0.96
VEVENT_000155,2025-10-01 08:39:00,VEHICLE_00608,LOCATION_0150,ANPR,ANPR_CAMERA,0.93
VEVENT_000156,2025-10-01 08:43:00,VEHICLE_00027,LOCATION_0150,ANPR,FIELD_SURVEILLANCE,0.93
VEVENT_000157,2025-10-01 08:51:00,VEHICLE_00608,LOCATION_0290,ANPR,FIELD_SURVEILLANCE,0.81
VEVENT_000158,2025-10-01 08:52:00,VEHICLE_00027,LOCATION_0290,ANPR,POLICE_CHECKPOINT,0.87
VEVENT_000159,2025-10-01 09:03:00,VEHICLE_00608,LOCATION_0200,ANPR,TOLL_PLAZA,0.86
VEVENT_000160,2025-10-01 09:05:00,VEHICLE_00027,LOCATION_0200,ANPR,TOLL_PLAZA,0.92
VEVENT_000161,2025-10-03 00:28:14,VEHICLE_00608,LOCATION_0100,ANPR,ANPR_CAMERA,0.86
VEVENT_000162,2025-10-03 00:30:14,VEHICLE_00027,LOCATION_0100,ANPR,FIELD_SURVEILLANCE,0.93
VEVENT_000163,2025-10-03 00:40:14,VEHICLE_00608,LOCATION_0120,ANPR,TOLL_PLAZA,0.92
VEVENT_000164,2025-10-03 00:44:14,VEHICLE_00027,LOCATION_0120,ANPR,FIELD_SURVEILLANCE,0.92
VEVENT_000165,2025-10-03 00:52:14,VEHICLE_00608,LOCATION_0150,ANPR,TOLL_PLAZA,0.9
VEVENT_000166,2025-10-03 00:56:14,VEHICLE_00027,LOCATION_0150,ANPR,ANPR_CAMERA,0.95
VEVENT_000167,2025-10-03 01:04:14,VEHICLE_00608,LOCATION_0290,ANPR,TOLL_PLAZA,0.81
VEVENT_000168,2025-10-03 01:08:14,VEHICLE_00027,LOCATION_0290,ANPR,TOLL_PLAZA,0.94
VEVENT_000169,2025-10-03 01:16:14,VEHICLE_00608,LOCATION_0200,ANPR,FIELD_SURVEILLANCE,0.84
VEVENT_000170,2025-10-03 01:21:14,VEHICLE_00027,LOCATION_0200,ANPR,ANPR_CAMERA,0.88
VEVENT_000171,2025-02-02 02:19:51,VEHICLE_00446,LOCATION_0278,ANPR,ANPR_CAMERA,0.95
VEVENT_000172,2025-02-02 02:21:51,VEHICLE_00571,LOCATION_0278,ANPR,ANPR_CAMERA,0.96
VEVENT_000173,2025-02-02 02:31:51,VEHICLE_00446,LOCATION_0288,ANPR,TOLL_PLAZA,0.84
VEVENT_000174,2025-02-02 02:34:51,VEHICLE_00571,LOCATION_0288,ANPR,POLICE_CHECKPOINT,0.95
VEVENT_000175,2025-02-02 02:43:51,VEHICLE_00446,LOCATION_0108,ANPR,POLICE_CHECKPOINT,0.81
VEVENT_000176,2025-02-02 02:48:51,VEHICLE_00571,LOCATION_0108,ANPR,FIELD_SURVEILLANCE,0.91
VEVENT_000177,2025-02-02 02:55:51,VEHICLE_00446,LOCATION_0028,ANPR,ANPR_CAMERA,0.83
VEVENT_000178,2025-02-02 03:01:51,VEHICLE_00571,LOCATION_0028,ANPR,FIELD_SURVEILLANCE,0.9
VEVENT_000179,2025-02-02 03:07:51,VEHICLE_00446,LOCATION_0068,ANPR,TOLL_PLAZA,0.93
VEVENT_000180,2025-02-02 03:10:51,VEHICLE_00571,LOCATION_0068,ANPR,POLICE_CHECKPOINT,0.93
VEVENT_000181,2026-01-07 18:51:09,VEHICLE_00446,LOCATION_0278,ANPR,POLICE_CHECKPOINT,0.94
VEVENT_000182,2026-01-07 18:52:09,VEHICLE_00571,LOCATION_0278,ANPR,POLICE_CHECKPOINT,0.87
VEVENT_000183,2026-01-07 19:03:09,VEHICLE_00446,LOCATION_0288,ANPR,POLICE_CHECKPOINT,0.96
VEVENT_000184,2026-01-07 19:07:09,VEHICLE_00571,LOCATION_0288,ANPR,POLICE_CHECKPOINT,0.86
VEVENT_000185,2026-01-07 19:15:09,VEHICLE_00446,LOCATION_0108,ANPR,FIELD_SURVEILLANCE,0.89
VEVENT_000186,2026-01-07 19:18:09,VEHICLE_00571,LOCATION_0108,ANPR,FIELD_SURVEILLANCE,0.94
VEVENT_000187,2026-01-07 19:27:09,VEHICLE_00446,LOCATION_0028,ANPR,POLICE_CHECKPOINT,0.87
VEVENT_000188,2026-01-07 19:30:09,VEHICLE_00571,LOCATION_0028,ANPR,FIELD_SURVEILLANCE,0.97
VEVENT_000189,2026-01-07 19:39:09,VEHICLE_00446,LOCATION_0068,ANPR,ANPR_CAMERA,0.9
VEVENT_000190,2026-01-07 19:44:09,VEHICLE_00571,LOCATION_0068,ANPR,ANPR_CAMERA,0.96
VEVENT_000191,2024-05-25 12:12:03,VEHICLE_00446,LOCATION_0278,ANPR,TOLL_PLAZA,0.94
VEVENT_000192,2024-05-25 12:18:03,VEHICLE_00571,LOCATION_0278,ANPR,TOLL_PLAZA,0.85
VEVENT_000193,2024-05-25 12:24:03,VEHICLE_00446,LOCATION_0288,ANPR,ANPR_CAMERA,0.87
VEVENT_000194,2024-05-25 12:27:03,VEHICLE_00571,LOCATION_0288,ANPR,ANPR_CAMERA,0.96
VEVENT_000195,2024-05-25 12:36:03,VEHICLE_00446,LOCATION_0108,ANPR,ANPR_CAMERA,0.92
VEVENT_000196,2024-05-25 12:42:03,VEHICLE_00571,LOCATION_0108,ANPR,TOLL_PLAZA,0.9
VEVENT_000197,2024-05-25 12:48:03,VEHICLE_00446,LOCATION_0028,ANPR,ANPR_CAMERA,0.8
VEVENT_000198,2024-05-25 12:52:03,VEHICLE_00571,LOCATION_0028,ANPR,TOLL_PLAZA,0.86
VEVENT_000199,2024-05-25 13:00:03,VEHICLE_00446,LOCATION_0068,ANPR,FIELD_SURVEILLANCE,0.91
VEVENT_000200,2024-05-25 13:02:03,VEHICLE_00571,LOCATION_0068,ANPR,TOLL_PLAZA,0.81
VEVENT_000201,2026-03-06 12:34:58,VEHICLE_00446,LOCATION_0278,ANPR,FIELD_SURVEILLANCE,0.85
VEVENT_000202,2026-03-06 12:35:58,VEHICLE_00571,LOCATION_0278,ANPR,FIELD_SURVEILLANCE,0.9
VEVENT_000203,2026-03-06 12:46:58,VEHICLE_00446,LOCATION_0288,ANPR,POLICE_CHECKPOINT,0.85
VEVENT_000204,2026-03-06 12:52:58,VEHICLE_00571,LOCATION_0288,ANPR,TOLL_PLAZA,0.83
VEVENT_000205,2026-03-06 12:58:58,VEHICLE_00446,LOCATION_0108,ANPR,ANPR_CAMERA,0.84
VEVENT_000206,2026-03-06 13:01:58,VEHICLE_00571,LOCATION_0108,ANPR,ANPR_CAMERA,0.94
VEVENT_000207,2026-03-06 13:10:58,VEHICLE_00446,LOCATION_0028,ANPR,POLICE_CHECKPOINT,0.82
VEVENT_000208,2026-03-06 13:15:58,VEHICLE_00571,LOCATION_0028,ANPR,TOLL_PLAZA,0.9
VEVENT_000209,2026-03-06 13:22:58,VEHICLE_00446,LOCATION_0068,ANPR,TOLL_PLAZA,0.87
VEVENT_000210,2026-03-06 13:27:58,VEHICLE_00571,LOCATION_0068,ANPR,ANPR_CAMERA,0.9
VEVENT_000211,2026-02-23 18:48:16,VEHICLE_00446,LOCATION_0278,ANPR,ANPR_CAMERA,0.82
VEVENT_000212,2026-02-23 18:49:16,VEHICLE_00571,LOCATION_0278,ANPR,ANPR_CAMERA,0.83
VEVENT_000213,2026-02-23 19:00:16,VEHICLE_00446,LOCATION_0288,ANPR,TOLL_PLAZA,0.83
VEVENT_000214,2026-02-23 19:02:16,VEHICLE_00571,LOCATION_0288,ANPR,POLICE_CHECKPOINT,0.82
VEVENT_000215,2026-02-23 19:12:16,VEHICLE_00446,LOCATION_0108,ANPR,POLICE_CHECKPOINT,0.84
VEVENT_000216,2026-02-23 19:16:16,VEHICLE_00571,LOCATION_0108,ANPR,FIELD_SURVEILLANCE,0.94
VEVENT_000217,2026-02-23 19:24:16,VEHICLE_00446,LOCATION_0028,ANPR,POLICE_CHECKPOINT,0.82
VEVENT_000218,2026-02-23 19:30:16,VEHICLE_00571,LOCATION_0028,ANPR,FIELD_SURVEILLANCE,0.86
VEVENT_000219,2026-02-23 19:36:16,VEHICLE_00446,LOCATION_0068,ANPR,ANPR_CAMERA,0.86
VEVENT_000220,2026-02-23 19:41:16,VEHICLE_00571,LOCATION_0068,ANPR,ANPR_CAMERA,0.92
VEVENT_000221,2026-04-16 01:11:42,VEHICLE_00446,LOCATION_0278,ANPR,TOLL_PLAZA,0.96
VEVENT_000222,2026-04-16 01:12:42,VEHICLE_00571,LOCATION_0278,ANPR,POLICE_CHECKPOINT,0.8
VEVENT_000223,2026-04-16 01:23:42,VEHICLE_00446,LOCATION_0288,ANPR,POLICE_CHECKPOINT,0.96
VEVENT_000224,2026-04-16 01:24:42,VEHICLE_00571,LOCATION_0288,ANPR,POLICE_CHECKPOINT,0.96
VEVENT_000225,2026-04-16 01:35:42,VEHICLE_00446,LOCATION_0108,ANPR,POLICE_CHECKPOINT,0.88
VEVENT_000226,2026-04-16 01:37:42,VEHICLE_00571,LOCATION_0108,ANPR,ANPR_CAMERA,0.97
VEVENT_000227,2026-04-16 01:47:42,VEHICLE_00446,LOCATION_0028,ANPR,POLICE_CHECKPOINT,0.83
VEVENT_000228,2026-04-16 01:50:42,VEHICLE_00571,LOCATION_0028,ANPR,ANPR_CAMERA,0.84
VEVENT_000229,2026-04-16 01:59:42,VEHICLE_00446,LOCATION_0068,ANPR,FIELD_SURVEILLANCE,0.83
VEVENT_000230,2026-04-16 02:05:42,VEHICLE_00571,LOCATION_0068,ANPR,ANPR_CAMERA,0.86
VEVENT_000231,2026-06-21 17:46:18,VEHICLE_00446,LOCATION_0278,ANPR,POLICE_CHECKPOINT,0.85
VEVENT_000232,2026-06-21 17:51:18,VEHICLE_00571,LOCATION_0278,ANPR,POLICE_CHECKPOINT,0.87
VEVENT_000233,2026-06-21 17:58:18,VEHICLE_00446,LOCATION_0288,ANPR,ANPR_CAMERA,0.84
VEVENT_000234,2026-06-21 17:59:18,VEHICLE_00571,LOCATION_0288,ANPR,TOLL_PLAZA,0.94
VEVENT_000235,2026-06-21 18:10:18,VEHICLE_00446,LOCATION_0108,ANPR,ANPR_CAMERA,0.96
VEVENT_000236,2026-06-21 18:16:18,VEHICLE_00571,LOCATION_0108,ANPR,TOLL_PLAZA,0.91
VEVENT_000237,2026-06-21 18:22:18,VEHICLE_00446,LOCATION_0028,ANPR,FIELD_SURVEILLANCE,0.87
VEVENT_000238,2026-06-21 18:25:18,VEHICLE_00571,LOCATION_0028,ANPR,ANPR_CAMERA,0.94
VEVENT_000239,2026-06-21 18:34:18,VEHICLE_00446,LOCATION_0068,ANPR,FIELD_SURVEILLANCE,0.88
VEVENT_000240,2026-06-21 18:39:18,VEHICLE_00571,LOCATION_0068,ANPR,ANPR_CAMERA,0.96
VEVENT_000241,2025-04-23 21:25:47,VEHICLE_00446,LOCATION_0278,ANPR,POLICE_CHECKPOINT,0.89
VEVENT_000242,2025-04-23 21:29:47,VEHICLE_00571,LOCATION_0278,ANPR,ANPR_CAMERA,0.89
VEVENT_000243,2025-04-23 21:37:47,VEHICLE_00446,LOCATION_0288,ANPR,POLICE_CHECKPOINT,0.89
VEVENT_000244,2025-04-23 21:43:47,VEHICLE_00571,LOCATION_0288,ANPR,ANPR_CAMERA,0.85
VEVENT_000245,2025-04-23 21:49:47,VEHICLE_00446,LOCATION_0108,ANPR,FIELD_SURVEILLANCE,0.94
VEVENT_000246,2025-04-23 21:53:47,VEHICLE_00571,LOCATION_0108,ANPR,FIELD_SURVEILLANCE,0.92
VEVENT_000247,2025-04-23 22:01:47,VEHICLE_00446,LOCATION_0028,ANPR,POLICE_CHECKPOINT,0.88
VEVENT_000248,2025-04-23 22:03:47,VEHICLE_00571,LOCATION_0028,ANPR,POLICE_CHECKPOINT,0.96
VEVENT_000249,2025-04-23 22:13:47,VEHICLE_00446,LOCATION_0068,ANPR,FIELD_SURVEILLANCE,0.82
VEVENT_000250,2025-04-23 22:16:47,VEHICLE_00571,LOCATION_0068,ANPR,TOLL_PLAZA,0.93
VEVENT_000251,2026-05-30 07:29:08,VEHICLE_00164,LOCATION_0294,ANPR,FIELD_SURVEILLANCE,0.82
VEVENT_000252,2026-05-30 07:30:08,VEHICLE_00439,LOCATION_0294,ANPR,POLICE_CHECKPOINT,0.88
VEVENT_000253,2026-05-30 07:41:08,VEHICLE_00164,LOCATION_0004,ANPR,ANPR_CAMERA,0.9
VEVENT_000254,2026-05-30 07:43:08,VEHICLE_00439,LOCATION_0004,ANPR,FIELD_SURVEILLANCE,0.84
VEVENT_000255,2026-05-30 07:53:08,VEHICLE_00164,LOCATION_0214,ANPR,FIELD_SURVEILLANCE,0.92
VEVENT_000256,2026-05-30 07:59:08,VEHICLE_00439,LOCATION_0214,ANPR,POLICE_CHECKPOINT,0.91
VEVENT_000257,2026-05-30 08:05:08,VEHICLE_00164,LOCATION_0234,ANPR,ANPR_CAMERA,0.85
VEVENT_000258,2026-05-30 08:06:08,VEHICLE_00439,LOCATION_0234,ANPR,ANPR_CAMERA,0.93
VEVENT_000259,2026-05-30 08:17:08,VEHICLE_00164,LOCATION_0174,ANPR,TOLL_PLAZA,0.81
VEVENT_000260,2026-05-30 08:21:08,VEHICLE_00439,LOCATION_0174,ANPR,POLICE_CHECKPOINT,0.97
VEVENT_000261,2024-10-09 15:36:51,VEHICLE_00164,LOCATION_0294,ANPR,POLICE_CHECKPOINT,0.87
VEVENT_000262,2024-10-09 15:42:51,VEHICLE_00439,LOCATION_0294,ANPR,POLICE_CHECKPOINT,0.83
VEVENT_000263,2024-10-09 15:48:51,VEHICLE_00164,LOCATION_0004,ANPR,ANPR_CAMERA,0.91
VEVENT_000264,2024-10-09 15:54:51,VEHICLE_00439,LOCATION_0004,ANPR,POLICE_CHECKPOINT,0.96
VEVENT_000265,2024-10-09 16:00:51,VEHICLE_00164,LOCATION_0214,ANPR,TOLL_PLAZA,0.9
VEVENT_000266,2024-10-09 16:04:51,VEHICLE_00439,LOCATION_0214,ANPR,FIELD_SURVEILLANCE,0.81
VEVENT_000267,2024-10-09 16:12:51,VEHICLE_00164,LOCATION_0234,ANPR,ANPR_CAMERA,0.86
VEVENT_000268,2024-10-09 16:14:51,VEHICLE_00439,LOCATION_0234,ANPR,ANPR_CAMERA,0.86
VEVENT_000269,2024-10-09 16:24:51,VEHICLE_00164,LOCATION_0174,ANPR,ANPR_CAMERA,0.82
VEVENT_000270,2024-10-09 16:30:51,VEHICLE_00439,LOCATION_0174,ANPR,POLICE_CHECKPOINT,0.86
VEVENT_000271,2024-05-11 18:47:14,VEHICLE_00164,LOCATION_0294,ANPR,ANPR_CAMERA,0.81
VEVENT_000272,2024-05-11 18:52:14,VEHICLE_00439,LOCATION_0294,ANPR,FIELD_SURVEILLANCE,0.86
VEVENT_000273,2024-05-11 18:59:14,VEHICLE_00164,LOCATION_0004,ANPR,FIELD_SURVEILLANCE,0.81
VEVENT_000274,2024-05-11 19:04:14,VEHICLE_00439,LOCATION_0004,ANPR,TOLL_PLAZA,0.94
VEVENT_000275,2024-05-11 19:11:14,VEHICLE_00164,LOCATION_0214,ANPR,ANPR_CAMERA,0.9
VEVENT_000276,2024-05-11 19:16:14,VEHICLE_00439,LOCATION_0214,ANPR,ANPR_CAMERA,0.93
VEVENT_000277,2024-05-11 19:23:14,VEHICLE_00164,LOCATION_0234,ANPR,POLICE_CHECKPOINT,0.83
VEVENT_000278,2024-05-11 19:29:14,VEHICLE_00439,LOCATION_0234,ANPR,TOLL_PLAZA,0.97
VEVENT_000279,2024-05-11 19:35:14,VEHICLE_00164,LOCATION_0174,ANPR,ANPR_CAMERA,0.93
VEVENT_000280,2024-05-11 19:41:14,VEHICLE_00439,LOCATION_0174,ANPR,POLICE_CHECKPOINT,0.97
VEVENT_000281,2025-08-02 19:11:20,VEHICLE_00164,LOCATION_0294,ANPR,ANPR_CAMERA,0.92
VEVENT_000282,2025-08-02 19:17:20,VEHICLE_00439,LOCATION_0294,ANPR,FIELD_SURVEILLANCE,0.93
VEVENT_000283,2025-08-02 19:23:20,VEHICLE_00164,LOCATION_0004,ANPR,TOLL_PLAZA,0.83
VEVENT_000284,2025-08-02 19:25:20,VEHICLE_00439,LOCATION_0004,ANPR,TOLL_PLAZA,0.92
VEVENT_000285,2025-08-02 19:35:20,VEHICLE_00164,LOCATION_0214,ANPR,FIELD_SURVEILLANCE,0.96
VEVENT_000286,2025-08-02 19:41:20,VEHICLE_00439,LOCATION_0214,ANPR,FIELD_SURVEILLANCE,0.92
VEVENT_000287,2025-08-02 19:47:20,VEHICLE_00164,LOCATION_0234,ANPR,ANPR_CAMERA,0.9
VEVENT_000288,2025-08-02 19:50:20,VEHICLE_00439,LOCATION_0234,ANPR,TOLL_PLAZA,0.92
VEVENT_000289,2025-08-02 19:59:20,VEHICLE_00164,LOCATION_0174,ANPR,TOLL_PLAZA,0.93
VEVENT_000290,2025-08-02 20:02:20,VEHICLE_00439,LOCATION_0174,ANPR,FIELD_SURVEILLANCE,0.84
VEVENT_000291,2024-02-25 11:00:01,VEHICLE_00648,LOCATION_0282,ANPR,FIELD_SURVEILLANCE,0.86
VEVENT_000292,2024-02-25 11:04:01,VEHICLE_00191,LOCATION_0282,ANPR,FIELD_SURVEILLANCE,0.91
VEVENT_000293,2024-02-25 11:12:01,VEHICLE_00648,LOCATION_0092,ANPR,TOLL_PLAZA,0.85
VEVENT_000294,2024-02-25 11:15:01,VEHICLE_00191,LOCATION_0092,ANPR,POLICE_CHECKPOINT,0.84
VEVENT_000295,2024-02-25 11:24:01,VEHICLE_00648,LOCATION_0082,ANPR,FIELD_SURVEILLANCE,0.88
VEVENT_000296,2024-02-25 11:29:01,VEHICLE_00191,LOCATION_0082,ANPR,POLICE_CHECKPOINT,0.97
VEVENT_000297,2024-02-25 11:36:01,VEHICLE_00648,LOCATION_0202,ANPR,ANPR_CAMERA,0.92
VEVENT_000298,2024-02-25 11:37:01,VEHICLE_00191,LOCATION_0202,ANPR,FIELD_SURVEILLANCE,0.95
VEVENT_000299,2024-02-25 11:48:01,VEHICLE_00648,LOCATION_0112,ANPR,FIELD_SURVEILLANCE,0.84
VEVENT_000300,2024-02-25 11:49:01,VEHICLE_00191,LOCATION_0112,ANPR,ANPR_CAMERA,0.81
VEVENT_000301,2025-08-05 16:50:47,VEHICLE_00648,LOCATION_0282,ANPR,FIELD_SURVEILLANCE,0.8
VEVENT_000302,2025-08-05 16:52:47,VEHICLE_00191,LOCATION_0282,ANPR,FIELD_SURVEILLANCE,0.82
VEVENT_000303,2025-08-05 17:02:47,VEHICLE_00648,LOCATION_0092,ANPR,FIELD_SURVEILLANCE,0.85
VEVENT_000304,2025-08-05 17:07:47,VEHICLE_00191,LOCATION_0092,ANPR,FIELD_SURVEILLANCE,0.85
VEVENT_000305,2025-08-05 17:14:47,VEHICLE_00648,LOCATION_0082,ANPR,POLICE_CHECKPOINT,0.91
VEVENT_000306,2025-08-05 17:18:47,VEHICLE_00191,LOCATION_0082,ANPR,POLICE_CHECKPOINT,0.86
VEVENT_000307,2025-08-05 17:26:47,VEHICLE_00648,LOCATION_0202,ANPR,POLICE_CHECKPOINT,0.82
VEVENT_000308,2025-08-05 17:30:47,VEHICLE_00191,LOCATION_0202,ANPR,POLICE_CHECKPOINT,0.94
VEVENT_000309,2025-08-05 17:38:47,VEHICLE_00648,LOCATION_0112,ANPR,TOLL_PLAZA,0.84
VEVENT_000310,2025-08-05 17:40:47,VEHICLE_00191,LOCATION_0112,ANPR,POLICE_CHECKPOINT,0.8
VEVENT_000311,2025-07-11 05:57:39,VEHICLE_00648,LOCATION_0282,ANPR,ANPR_CAMERA,0.93
VEVENT_000312,2025-07-11 06:03:39,VEHICLE_00191,LOCATION_0282,ANPR,ANPR_CAMERA,0.9
VEVENT_000313,2025-07-11 06:09:39,VEHICLE_00648,LOCATION_0092,ANPR,FIELD_SURVEILLANCE,0.88
VEVENT_000314,2025-07-11 06:15:39,VEHICLE_00191,LOCATION_0092,ANPR,FIELD_SURVEILLANCE,0.83
VEVENT_000315,2025-07-11 06:21:39,VEHICLE_00648,LOCATION_0082,ANPR,FIELD_SURVEILLANCE,0.96
VEVENT_000316,2025-07-11 06:24:39,VEHICLE_00191,LOCATION_0082,ANPR,TOLL_PLAZA,0.95
VEVENT_000317,2025-07-11 06:33:39,VEHICLE_00648,LOCATION_0202,ANPR,TOLL_PLAZA,0.94
VEVENT_000318,2025-07-11 06:38:39,VEHICLE_00191,LOCATION_0202,ANPR,ANPR_CAMERA,0.81
VEVENT_000319,2025-07-11 06:45:39,VEHICLE_00648,LOCATION_0112,ANPR,TOLL_PLAZA,0.96
VEVENT_000320,2025-07-11 06:51:39,VEHICLE_00191,LOCATION_0112,ANPR,POLICE_CHECKPOINT,0.94
VEVENT_000321,2024-11-28 10:26:33,VEHICLE_00648,LOCATION_0282,ANPR,FIELD_SURVEILLANCE,0.95
VEVENT_000322,2024-11-28 10:28:33,VEHICLE_00191,LOCATION_0282,ANPR,ANPR_CAMERA,0.9
VEVENT_000323,2024-11-28 10:38:33,VEHICLE_00648,LOCATION_0092,ANPR,TOLL_PLAZA,0.87
VEVENT_000324,2024-11-28 10:42:33,VEHICLE_00191,LOCATION_0092,ANPR,POLICE_CHECKPOINT,0.8
VEVENT_000325,2024-11-28 10:50:33,VEHICLE_00648,LOCATION_0082,ANPR,FIELD_SURVEILLANCE,0.83
VEVENT_000326,2024-11-28 10:53:33,VEHICLE_00191,LOCATION_0082,ANPR,POLICE_CHECKPOINT,0.83
VEVENT_000327,2024-11-28 11:02:33,VEHICLE_00648,LOCATION_0202,ANPR,TOLL_PLAZA,0.94
VEVENT_000328,2024-11-28 11:04:33,VEHICLE_00191,LOCATION_0202,ANPR,ANPR_CAMERA,0.82
VEVENT_000329,2024-11-28 11:14:33,VEHICLE_00648,LOCATION_0112,ANPR,FIELD_SURVEILLANCE,0.83
VEVENT_000330,2024-11-28 11:18:33,VEHICLE_00191,LOCATION_0112,ANPR,POLICE_CHECKPOINT,0.95
VEVENT_000331,2024-11-22 06:25:29,VEHICLE_00648,LOCATION_0282,ANPR,POLICE_CHECKPOINT,0.89
VEVENT_000332,2024-11-22 06:27:29,VEHICLE_00191,LOCATION_0282,ANPR,FIELD_SURVEILLANCE,0.83
VEVENT_000333,2024-11-22 06:37:29,VEHICLE_00648,LOCATION_0092,ANPR,FIELD_SURVEILLANCE,0.88
VEVENT_000334,2024-11-22 06:42:29,VEHICLE_00191,LOCATION_0092,ANPR,POLICE_CHECKPOINT,0.84
VEVENT_000335,2024-11-22 06:49:29,VEHICLE_00648,LOCATION_0082,ANPR,ANPR_CAMERA,0.94
VEVENT_000336,2024-11-22 06:55:29,VEHICLE_00191,LOCATION_0082,ANPR,TOLL_PLAZA,0.84
VEVENT_000337,2024-11-22 07:01:29,VEHICLE_00648,LOCATION_0202,ANPR,FIELD_SURVEILLANCE,0.84
VEVENT_000338,2024-11-22 07:04:29,VEHICLE_00191,LOCATION_0202,ANPR,POLICE_CHECKPOINT,0.96
VEVENT_000339,2024-11-22 07:13:29,VEHICLE_00648,LOCATION_0112,ANPR,FIELD_SURVEILLANCE,0.88
VEVENT_000340,2024-11-22 07:15:29,VEHICLE_00191,LOCATION_0112,ANPR,TOLL_PLAZA,0.82
VEVENT_000341,2025-02-16 09:13:47,VEHICLE_00648,LOCATION_0282,ANPR,ANPR_CAMERA,0.85
VEVENT_000342,2025-02-16 09:17:47,VEHICLE_00191,LOCATION_0282,ANPR,POLICE_CHECKPOINT,0.88
VEVENT_000343,2025-02-16 09:25:47,VEHICLE_00648,LOCATION_0092,ANPR,TOLL_PLAZA,0.91
VEVENT_000344,2025-02-16 09:28:47,VEHICLE_00191,LOCATION_0092,ANPR,POLICE_CHECKPOINT,0.82
VEVENT_000345,2025-02-16 09:37:47,VEHICLE_00648,LOCATION_0082,ANPR,ANPR_CAMERA,0.94
VEVENT_000346,2025-02-16 09:39:47,VEHICLE_00191,LOCATION_0082,ANPR,ANPR_CAMERA,0.86
VEVENT_000347,2025-02-16 09:49:47,VEHICLE_00648,LOCATION_0202,ANPR,POLICE_CHECKPOINT,0.85
VEVENT_000348,2025-02-16 09:54:47,VEHICLE_00191,LOCATION_0202,ANPR,FIELD_SURVEILLANCE,0.87
VEVENT_000349,2025-02-16 10:01:47,VEHICLE_00648,LOCATION_0112,ANPR,ANPR_CAMERA,0.93
VEVENT_000350,2025-02-16 10:06:47,VEHICLE_00191,LOCATION_0112,ANPR,POLICE_CHECKPOINT,0.87
VEVENT_000351,2024-12-17 03:39:53,VEHICLE_00648,LOCATION_0282,ANPR,TOLL_PLAZA,0.89
VEVENT_000352,2024-12-17 03:43:53,VEHICLE_00191,LOCATION_0282,ANPR,POLICE_CHECKPOINT,0.97
VEVENT_000353,2024-12-17 03:51:53,VEHICLE_00648,LOCATION_0092,ANPR,ANPR_CAMERA,0.81
VEVENT_000354,2024-12-17 03:57:53,VEHICLE_00191,LOCATION_0092,ANPR,TOLL_PLAZA,0.88
VEVENT_000355,2024-12-17 04:03:53,VEHICLE_00648,LOCATION_0082,ANPR,POLICE_CHECKPOINT,0.88
VEVENT_000356,2024-12-17 04:06:53,VEHICLE_00191,LOCATION_0082,ANPR,ANPR_CAMERA,0.93
VEVENT_000357,2024-12-17 04:15:53,VEHICLE_00648,LOCATION_0202,ANPR,POLICE_CHECKPOINT,0.83
VEVENT_000358,2024-12-17 04:18:53,VEHICLE_00191,LOCATION_0202,ANPR,ANPR_CAMERA,0.91
VEVENT_000359,2024-12-17 04:27:53,VEHICLE_00648,LOCATION_0112,ANPR,POLICE_CHECKPOINT,0.82
VEVENT_000360,2024-12-17 04:33:53,VEHICLE_00191,LOCATION_0112,ANPR,FIELD_SURVEILLANCE,0.88
VEVENT_000361,2024-12-09 19:32:13,VEHICLE_00648,LOCATION_0282,ANPR,POLICE_CHECKPOINT,0.91
VEVENT_000362,2024-12-09 19:33:13,VEHICLE_00191,LOCATION_0282,ANPR,ANPR_CAMERA,0.83
VEVENT_000363,2024-12-09 19:44:13,VEHICLE_00648,LOCATION_0092,ANPR,ANPR_CAMERA,0.82
VEVENT_000364,2024-12-09 19:50:13,VEHICLE_00191,LOCATION_0092,ANPR,TOLL_PLAZA,0.91
VEVENT_000365,2024-12-09 19:56:13,VEHICLE_00648,LOCATION_0082,ANPR,POLICE_CHECKPOINT,0.9
VEVENT_000366,2024-12-09 19:57:13,VEHICLE_00191,LOCATION_0082,ANPR,POLICE_CHECKPOINT,0.8
VEVENT_000367,2024-12-09 20:08:13,VEHICLE_00648,LOCATION_0202,ANPR,ANPR_CAMERA,0.8
VEVENT_000368,2024-12-09 20:11:13,VEHICLE_00191,LOCATION_0202,ANPR,FIELD_SURVEILLANCE,0.83
VEVENT_000369,2024-12-09 20:20:13,VEHICLE_00648,LOCATION_0112,ANPR,FIELD_SURVEILLANCE,0.83
VEVENT_000370,2024-12-09 20:23:13,VEHICLE_00191,LOCATION_0112,ANPR,POLICE_CHECKPOINT,0.9
VEVENT_000371,2025-03-06 05:37:26,VEHICLE_00648,LOCATION_0282,ANPR,POLICE_CHECKPOINT,0.93
VEVENT_000372,2025-03-06 05:41:26,VEHICLE_00191,LOCATION_0282,ANPR,POLICE_CHECKPOINT,0.91
VEVENT_000373,2025-03-06 05:49:26,VEHICLE_00648,LOCATION_0092,ANPR,ANPR_CAMERA,0.96
VEVENT_000374,2025-03-06 05:53:26,VEHICLE_00191,LOCATION_0092,ANPR,FIELD_SURVEILLANCE,0.95
VEVENT_000375,2025-03-06 06:01:26,VEHICLE_00648,LOCATION_0082,ANPR,TOLL_PLAZA,0.96
VEVENT_000376,2025-03-06 06:07:26,VEHICLE_00191,LOCATION_0082,ANPR,POLICE_CHECKPOINT,0.82
VEVENT_000377,2025-03-06 06:13:26,VEHICLE_00648,LOCATION_0202,ANPR,TOLL_PLAZA,0.92
VEVENT_000378,2025-03-06 06:17:26,VEHICLE_00191,LOCATION_0202,ANPR,TOLL_PLAZA,0.92
VEVENT_000379,2025-03-06 06:25:26,VEHICLE_00648,LOCATION_0112,ANPR,FIELD_SURVEILLANCE,0.97
VEVENT_000380,2025-03-06 06:27:26,VEHICLE_00191,LOCATION_0112,ANPR,TOLL_PLAZA,0.89
VEVENT_000381,2025-06-03 08:20:41,VEHICLE_00338,LOCATION_0121,ANPR,POLICE_CHECKPOINT,0.84
VEVENT_000382,2025-06-03 08:22:41,VEHICLE_00510,LOCATION_0121,ANPR,POLICE_CHECKPOINT,0.85
VEVENT_000383,2025-06-03 08:32:41,VEHICLE_00338,LOCATION_0131,ANPR,POLICE_CHECKPOINT,0.82
VEVENT_000384,2025-06-03 08:36:41,VEHICLE_00510,LOCATION_0131,ANPR,POLICE_CHECKPOINT,0.85
VEVENT_000385,2025-06-03 08:44:41,VEHICLE_00338,LOCATION_0211,ANPR,TOLL_PLAZA,0.88
VEVENT_000386,2025-06-03 08:46:41,VEHICLE_00510,LOCATION_0211,ANPR,ANPR_CAMERA,0.86
VEVENT_000387,2025-06-03 08:56:41,VEHICLE_00338,LOCATION_0181,ANPR,POLICE_CHECKPOINT,0.88
VEVENT_000388,2025-06-03 08:57:41,VEHICLE_00510,LOCATION_0181,ANPR,TOLL_PLAZA,0.92
VEVENT_000389,2025-06-03 09:08:41,VEHICLE_00338,LOCATION_0001,ANPR,TOLL_PLAZA,0.83
VEVENT_000390,2025-06-03 09:12:41,VEHICLE_00510,LOCATION_0001,ANPR,POLICE_CHECKPOINT,0.92
VEVENT_000391,2024-05-03 05:57:30,VEHICLE_00338,LOCATION_0121,ANPR,FIELD_SURVEILLANCE,0.91
VEVENT_000392,2024-05-03 06:00:30,VEHICLE_00510,LOCATION_0121,ANPR,TOLL_PLAZA,0.86
VEVENT_000393,2024-05-03 06:09:30,VEHICLE_00338,LOCATION_0131,ANPR,TOLL_PLAZA,0.93
VEVENT_000394,2024-05-03 06:15:30,VEHICLE_00510,LOCATION_0131,ANPR,POLICE_CHECKPOINT,0.86
VEVENT_000395,2024-05-03 06:21:30,VEHICLE_00338,LOCATION_0211,ANPR,ANPR_CAMERA,0.86
VEVENT_000396,2024-05-03 06:27:30,VEHICLE_00510,LOCATION_0211,ANPR,FIELD_SURVEILLANCE,0.95
VEVENT_000397,2024-05-03 06:33:30,VEHICLE_00338,LOCATION_0181,ANPR,FIELD_SURVEILLANCE,0.83
VEVENT_000398,2024-05-03 06:34:30,VEHICLE_00510,LOCATION_0181,ANPR,TOLL_PLAZA,0.82
VEVENT_000399,2024-05-03 06:45:30,VEHICLE_00338,LOCATION_0001,ANPR,FIELD_SURVEILLANCE,0.95
VEVENT_000400,2024-05-03 06:49:30,VEHICLE_00510,LOCATION_0001,ANPR,FIELD_SURVEILLANCE,0.96
VEVENT_000401,2024-02-04 17:10:10,VEHICLE_00338,LOCATION_0121,ANPR,FIELD_SURVEILLANCE,0.96
VEVENT_000402,2024-02-04 17:15:10,VEHICLE_00510,LOCATION_0121,ANPR,ANPR_CAMERA,0.89
VEVENT_000403,2024-02-04 17:22:10,VEHICLE_00338,LOCATION_0131,ANPR,ANPR_CAMERA,0.91
VEVENT_000404,2024-02-04 17:26:10,VEHICLE_00510,LOCATION_0131,ANPR,POLICE_CHECKPOINT,0.84
VEVENT_000405,2024-02-04 17:34:10,VEHICLE_00338,LOCATION_0211,ANPR,TOLL_PLAZA,0.85
VEVENT_000406,2024-02-04 17:37:10,VEHICLE_00510,LOCATION_0211,ANPR,TOLL_PLAZA,0.88
VEVENT_000407,2024-02-04 17:46:10,VEHICLE_00338,LOCATION_0181,ANPR,FIELD_SURVEILLANCE,0.91
VEVENT_000408,2024-02-04 17:50:10,VEHICLE_00510,LOCATION_0181,ANPR,TOLL_PLAZA,0.96
VEVENT_000409,2024-02-04 17:58:10,VEHICLE_00338,LOCATION_0001,ANPR,ANPR_CAMERA,0.96
VEVENT_000410,2024-02-04 17:59:10,VEHICLE_00510,LOCATION_0001,ANPR,TOLL_PLAZA,0.8
VEVENT_000411,2026-01-13 03:51:42,VEHICLE_00338,LOCATION_0121,ANPR,FIELD_SURVEILLANCE,0.91
VEVENT_000412,2026-01-13 03:56:42,VEHICLE_00510,LOCATION_0121,ANPR,ANPR_CAMERA,0.94
VEVENT_000413,2026-01-13 04:03:42,VEHICLE_00338,LOCATION_0131,ANPR,TOLL_PLAZA,0.85
VEVENT_000414,2026-01-13 04:07:42,VEHICLE_00510,LOCATION_0131,ANPR,ANPR_CAMERA,0.88
VEVENT_000415,2026-01-13 04:15:42,VEHICLE_00338,LOCATION_0211,ANPR,POLICE_CHECKPOINT,0.93
VEVENT_000416,2026-01-13 04:17:42,VEHICLE_00510,LOCATION_0211,ANPR,FIELD_SURVEILLANCE,0.86
VEVENT_000417,2026-01-13 04:27:42,VEHICLE_00338,LOCATION_0181,ANPR,FIELD_SURVEILLANCE,0.96
VEVENT_000418,2026-01-13 04:31:42,VEHICLE_00510,LOCATION_0181,ANPR,POLICE_CHECKPOINT,0.91
VEVENT_000419,2026-01-13 04:39:42,VEHICLE_00338,LOCATION_0001,ANPR,TOLL_PLAZA,0.82
VEVENT_000420,2026-01-13 04:42:42,VEHICLE_00510,LOCATION_0001,ANPR,ANPR_CAMERA,0.96
VEVENT_000421,2024-02-16 22:15:07,VEHICLE_00338,LOCATION_0121,ANPR,POLICE_CHECKPOINT,0.89
VEVENT_000422,2024-02-16 22:21:07,VEHICLE_00510,LOCATION_0121,ANPR,POLICE_CHECKPOINT,0.94
VEVENT_000423,2024-02-16 22:27:07,VEHICLE_00338,LOCATION_0131,ANPR,FIELD_SURVEILLANCE,0.89
VEVENT_000424,2024-02-16 22:28:07,VEHICLE_00510,LOCATION_0131,ANPR,POLICE_CHECKPOINT,0.87
VEVENT_000425,2024-02-16 22:39:07,VEHICLE_00338,LOCATION_0211,ANPR,POLICE_CHECKPOINT,0.82
VEVENT_000426,2024-02-16 22:44:07,VEHICLE_00510,LOCATION_0211,ANPR,FIELD_SURVEILLANCE,0.84
VEVENT_000427,2024-02-16 22:51:07,VEHICLE_00338,LOCATION_0181,ANPR,POLICE_CHECKPOINT,0.97
VEVENT_000428,2024-02-16 22:56:07,VEHICLE_00510,LOCATION_0181,ANPR,FIELD_SURVEILLANCE,0.85
VEVENT_000429,2024-02-16 23:03:07,VEHICLE_00338,LOCATION_0001,ANPR,FIELD_SURVEILLANCE,0.81
VEVENT_000430,2024-02-16 23:05:07,VEHICLE_00510,LOCATION_0001,ANPR,ANPR_CAMERA,0.97
VEVENT_000431,2024-08-17 17:33:08,VEHICLE_00338,LOCATION_0121,ANPR,ANPR_CAMERA,0.85
VEVENT_000432,2024-08-17 17:34:08,VEHICLE_00510,LOCATION_0121,ANPR,TOLL_PLAZA,0.82
VEVENT_000433,2024-08-17 17:45:08,VEHICLE_00338,LOCATION_0131,ANPR,ANPR_CAMERA,0.88
VEVENT_000434,2024-08-17 17:50:08,VEHICLE_00510,LOCATION_0131,ANPR,FIELD_SURVEILLANCE,0.93
VEVENT_000435,2024-08-17 17:57:08,VEHICLE_00338,LOCATION_0211,ANPR,POLICE_CHECKPOINT,0.82
VEVENT_000436,2024-08-17 18:01:08,VEHICLE_00510,LOCATION_0211,ANPR,ANPR_CAMERA,0.95
VEVENT_000437,2024-08-17 18:09:08,VEHICLE_00338,LOCATION_0181,ANPR,FIELD_SURVEILLANCE,0.92
VEVENT_000438,2024-08-17 18:15:08,VEHICLE_00510,LOCATION_0181,ANPR,FIELD_SURVEILLANCE,0.93
VEVENT_000439,2024-08-17 18:21:08,VEHICLE_00338,LOCATION_0001,ANPR,POLICE_CHECKPOINT,0.83
VEVENT_000440,2024-08-17 18:27:08,VEHICLE_00510,LOCATION_0001,ANPR,POLICE_CHECKPOINT,0.91
VEVENT_000441,2025-05-02 06:05:42,VEHICLE_00338,LOCATION_0121,ANPR,FIELD_SURVEILLANCE,0.86
VEVENT_000442,2025-05-02 06:08:42,VEHICLE_00510,LOCATION_0121,ANPR,ANPR_CAMERA,0.93
VEVENT_000443,2025-05-02 06:17:42,VEHICLE_00338,LOCATION_0131,ANPR,FIELD_SURVEILLANCE,0.86
VEVENT_000444,2025-05-02 06:19:42,VEHICLE_00510,LOCATION_0131,ANPR,ANPR_CAMERA,0.95
VEVENT_000445,2025-05-02 06:29:42,VEHICLE_00338,LOCATION_0211,ANPR,FIELD_SURVEILLANCE,0.91
VEVENT_000446,2025-05-02 06:34:42,VEHICLE_00510,LOCATION_0211,ANPR,ANPR_CAMERA,0.82
VEVENT_000447,2025-05-02 06:41:42,VEHICLE_00338,LOCATION_0181,ANPR,POLICE_CHECKPOINT,0.93
VEVENT_000448,2025-05-02 06:45:42,VEHICLE_00510,LOCATION_0181,ANPR,TOLL_PLAZA,0.84
VEVENT_000449,2025-05-02 06:53:42,VEHICLE_00338,LOCATION_0001,ANPR,TOLL_PLAZA,0.86
VEVENT_000450,2025-05-02 06:56:42,VEHICLE_00510,LOCATION_0001,ANPR,TOLL_PLAZA,0.93
VEVENT_000451,2026-04-07 20:45:16,VEHICLE_00338,LOCATION_0121,ANPR,POLICE_CHECKPOINT,0.86
VEVENT_000452,2026-04-07 20:51:16,VEHICLE_00510,LOCATION_0121,ANPR,TOLL_PLAZA,0.81
VEVENT_000453,2026-04-07 20:57:16,VEHICLE_00338,LOCATION_0131,ANPR,ANPR_CAMERA,0.91
VEVENT_000454,2026-04-07 21:01:16,VEHICLE_00510,LOCATION_0131,ANPR,ANPR_CAMERA,0.81
VEVENT_000455,2026-04-07 21:09:16,VEHICLE_00338,LOCATION_0211,ANPR,ANPR_CAMERA,0.89
VEVENT_000456,2026-04-07 21:12:16,VEHICLE_00510,LOCATION_0211,ANPR,FIELD_SURVEILLANCE,0.84
VEVENT_000457,2026-04-07 21:21:16,VEHICLE_00338,LOCATION_0181,ANPR,TOLL_PLAZA,0.92
VEVENT_000458,2026-04-07 21:23:16,VEHICLE_00510,LOCATION_0181,ANPR,ANPR_CAMERA,0.8
VEVENT_000459,2026-04-07 21:33:16,VEHICLE_00338,LOCATION_0001,ANPR,TOLL_PLAZA,0.92
VEVENT_000460,2026-04-07 21:39:16,VEHICLE_00510,LOCATION_0001,ANPR,POLICE_CHECKPOINT,0.92
VEVENT_000461,2024-02-29 12:42:30,VEHICLE_00338,LOCATION_0121,ANPR,FIELD_SURVEILLANCE,0.85
VEVENT_000462,2024-02-29 12:48:30,VEHICLE_00510,LOCATION_0121,ANPR,POLICE_CHECKPOINT,0.87
VEVENT_000463,2024-02-29 12:54:30,VEHICLE_00338,LOCATION_0131,ANPR,ANPR_CAMERA,0.85
VEVENT_000464,2024-02-29 12:55:30,VEHICLE_00510,LOCATION_0131,ANPR,FIELD_SURVEILLANCE,0.89
VEVENT_000465,2024-02-29 13:06:30,VEHICLE_00338,LOCATION_0211,ANPR,TOLL_PLAZA,0.81
VEVENT_000466,2024-02-29 13:09:30,VEHICLE_00510,LOCATION_0211,ANPR,FIELD_SURVEILLANCE,0.95
VEVENT_000467,2024-02-29 13:18:30,VEHICLE_00338,LOCATION_0181,ANPR,TOLL_PLAZA,0.88
VEVENT_000468,2024-02-29 13:19:30,VEHICLE_00510,LOCATION_0181,ANPR,ANPR_CAMERA,0.83
VEVENT_000469,2024-02-29 13:30:30,VEHICLE_00338,LOCATION_0001,ANPR,POLICE_CHECKPOINT,0.84
VEVENT_000470,2024-02-29 13:36:30,VEHICLE_00510,LOCATION_0001,ANPR,ANPR_CAMERA,0.94
VEVENT_000471,2026-04-21 01:57:12,VEHICLE_00190,LOCATION_0278,ANPR,TOLL_PLAZA,0.81
VEVENT_000472,2026-04-21 02:02:12,VEHICLE_00448,LOCATION_0278,ANPR,ANPR_CAMERA,0.85
VEVENT_000473,2026-04-21 02:09:12,VEHICLE_00190,LOCATION_0288,ANPR,ANPR_CAMERA,0.87
VEVENT_000474,2026-04-21 02:10:12,VEHICLE_00448,LOCATION_0288,ANPR,TOLL_PLAZA,0.9
VEVENT_000475,2026-04-21 02:21:12,VEHICLE_00190,LOCATION_0108,ANPR,TOLL_PLAZA,0.93
VEVENT_000476,2026-04-21 02:22:12,VEHICLE_00448,LOCATION_0108,ANPR,ANPR_CAMERA,0.92
VEVENT_000477,2026-04-21 02:33:12,VEHICLE_00190,LOCATION_0028,ANPR,POLICE_CHECKPOINT,0.96
VEVENT_000478,2026-04-21 02:38:12,VEHICLE_00448,LOCATION_0028,ANPR,POLICE_CHECKPOINT,0.93
VEVENT_000479,2026-04-21 02:45:12,VEHICLE_00190,LOCATION_0068,ANPR,TOLL_PLAZA,0.92
VEVENT_000480,2026-04-21 02:48:12,VEHICLE_00448,LOCATION_0068,ANPR,POLICE_CHECKPOINT,0.88
VEVENT_000481,2025-10-10 22:36:31,VEHICLE_00190,LOCATION_0278,ANPR,POLICE_CHECKPOINT,0.94
VEVENT_000482,2025-10-10 22:41:31,VEHICLE_00448,LOCATION_0278,ANPR,FIELD_SURVEILLANCE,0.92
VEVENT_000483,2025-10-10 22:48:31,VEHICLE_00190,LOCATION_0288,ANPR,FIELD_SURVEILLANCE,0.92
VEVENT_000484,2025-10-10 22:52:31,VEHICLE_00448,LOCATION_0288,ANPR,POLICE_CHECKPOINT,0.89
VEVENT_000485,2025-10-10 23:00:31,VEHICLE_00190,LOCATION_0108,ANPR,POLICE_CHECKPOINT,0.83
VEVENT_000486,2025-10-10 23:02:31,VEHICLE_00448,LOCATION_0108,ANPR,FIELD_SURVEILLANCE,0.91
VEVENT_000487,2025-10-10 23:12:31,VEHICLE_00190,LOCATION_0028,ANPR,FIELD_SURVEILLANCE,0.95
VEVENT_000488,2025-10-10 23:15:31,VEHICLE_00448,LOCATION_0028,ANPR,ANPR_CAMERA,0.89
VEVENT_000489,2025-10-10 23:24:31,VEHICLE_00190,LOCATION_0068,ANPR,ANPR_CAMERA,0.95
VEVENT_000490,2025-10-10 23:26:31,VEHICLE_00448,LOCATION_0068,ANPR,ANPR_CAMERA,0.96
VEVENT_000491,2025-06-19 22:11:05,VEHICLE_00190,LOCATION_0278,ANPR,FIELD_SURVEILLANCE,0.96
VEVENT_000492,2025-06-19 22:15:05,VEHICLE_00448,LOCATION_0278,ANPR,TOLL_PLAZA,0.82
VEVENT_000493,2025-06-19 22:23:05,VEHICLE_00190,LOCATION_0288,ANPR,POLICE_CHECKPOINT,0.83
VEVENT_000494,2025-06-19 22:27:05,VEHICLE_00448,LOCATION_0288,ANPR,POLICE_CHECKPOINT,0.88
VEVENT_000495,2025-06-19 22:35:05,VEHICLE_00190,LOCATION_0108,ANPR,FIELD_SURVEILLANCE,0.95
VEVENT_000496,2025-06-19 22:36:05,VEHICLE_00448,LOCATION_0108,ANPR,FIELD_SURVEILLANCE,0.84
VEVENT_000497,2025-06-19 22:47:05,VEHICLE_00190,LOCATION_0028,ANPR,TOLL_PLAZA,0.89
VEVENT_000498,2025-06-19 22:49:05,VEHICLE_00448,LOCATION_0028,ANPR,POLICE_CHECKPOINT,0.94
VEVENT_000499,2025-06-19 22:59:05,VEHICLE_00190,LOCATION_0068,ANPR,POLICE_CHECKPOINT,0.92
VEVENT_000500,2025-06-19 23:05:05,VEHICLE_00448,LOCATION_0068,ANPR,POLICE_CHECKPOINT,0.86
VEVENT_000501,2026-05-14 01:26:19,VEHICLE_00190,LOCATION_0278,ANPR,FIELD_SURVEILLANCE,0.95
VEVENT_000502,2026-05-14 01:32:19,VEHICLE_00448,LOCATION_0278,ANPR,TOLL_PLAZA,0.92
VEVENT_000503,2026-05-14 01:38:19,VEHICLE_00190,LOCATION_0288,ANPR,FIELD_SURVEILLANCE,0.91
VEVENT_000504,2026-05-14 01:42:19,VEHICLE_00448,LOCATION_0288,ANPR,ANPR_CAMERA,0.96
VEVENT_000505,2026-05-14 01:50:19,VEHICLE_00190,LOCATION_0108,ANPR,POLICE_CHECKPOINT,0.92
VEVENT_000506,2026-05-14 01:52:19,VEHICLE_00448,LOCATION_0108,ANPR,ANPR_CAMERA,0.96
VEVENT_000507,2026-05-14 02:02:19,VEHICLE_00190,LOCATION_0028,ANPR,ANPR_CAMERA,0.95
VEVENT_000508,2026-05-14 02:06:19,VEHICLE_00448,LOCATION_0028,ANPR,ANPR_CAMERA,0.87
VEVENT_000509,2026-05-14 02:14:19,VEHICLE_00190,LOCATION_0068,ANPR,TOLL_PLAZA,0.9
VEVENT_000510,2026-05-14 02:16:19,VEHICLE_00448,LOCATION_0068,ANPR,POLICE_CHECKPOINT,0.83
VEVENT_000511,2025-12-04 20:55:54,VEHICLE_00190,LOCATION_0278,ANPR,FIELD_SURVEILLANCE,0.97
VEVENT_000512,2025-12-04 21:00:54,VEHICLE_00448,LOCATION_0278,ANPR,FIELD_SURVEILLANCE,0.87
VEVENT_000513,2025-12-04 21:07:54,VEHICLE_00190,LOCATION_0288,ANPR,TOLL_PLAZA,0.87
VEVENT_000514,2025-12-04 21:09:54,VEHICLE_00448,LOCATION_0288,ANPR,FIELD_SURVEILLANCE,0.92
VEVENT_000515,2025-12-04 21:19:54,VEHICLE_00190,LOCATION_0108,ANPR,POLICE_CHECKPOINT,0.96
VEVENT_000516,2025-12-04 21:22:54,VEHICLE_00448,LOCATION_0108,ANPR,TOLL_PLAZA,0.94
VEVENT_000517,2025-12-04 21:31:54,VEHICLE_00190,LOCATION_0028,ANPR,FIELD_SURVEILLANCE,0.87
VEVENT_000518,2025-12-04 21:37:54,VEHICLE_00448,LOCATION_0028,ANPR,TOLL_PLAZA,0.95
VEVENT_000519,2025-12-04 21:43:54,VEHICLE_00190,LOCATION_0068,ANPR,ANPR_CAMERA,0.87
VEVENT_000520,2025-12-04 21:48:54,VEHICLE_00448,LOCATION_0068,ANPR,TOLL_PLAZA,0.95
VEVENT_000521,2024-08-24 17:01:32,VEHICLE_00190,LOCATION_0278,ANPR,FIELD_SURVEILLANCE,0.88
VEVENT_000522,2024-08-24 17:06:32,VEHICLE_00448,LOCATION_0278,ANPR,POLICE_CHECKPOINT,0.82
VEVENT_000523,2024-08-24 17:13:32,VEHICLE_00190,LOCATION_0288,ANPR,POLICE_CHECKPOINT,0.83
VEVENT_000524,2024-08-24 17:19:32,VEHICLE_00448,LOCATION_0288,ANPR,TOLL_PLAZA,0.8
VEVENT_000525,2024-08-24 17:25:32,VEHICLE_00190,LOCATION_0108,ANPR,POLICE_CHECKPOINT,0.95
VEVENT_000526,2024-08-24 17:28:32,VEHICLE_00448,LOCATION_0108,ANPR,FIELD_SURVEILLANCE,0.94
VEVENT_000527,2024-08-24 17:37:32,VEHICLE_00190,LOCATION_0028,ANPR,FIELD_SURVEILLANCE,0.84
VEVENT_000528,2024-08-24 17:42:32,VEHICLE_00448,LOCATION_0028,ANPR,POLICE_CHECKPOINT,0.84
VEVENT_000529,2024-08-24 17:49:32,VEHICLE_00190,LOCATION_0068,ANPR,POLICE_CHECKPOINT,0.96
VEVENT_000530,2024-08-24 17:50:32,VEHICLE_00448,LOCATION_0068,ANPR,TOLL_PLAZA,0.95
VEVENT_000531,2024-04-13 11:29:58,VEHICLE_00217,LOCATION_0121,ANPR,ANPR_CAMERA,0.89
VEVENT_000532,2024-04-13 11:31:58,VEHICLE_00226,LOCATION_0121,ANPR,ANPR_CAMERA,0.92
VEVENT_000533,2024-04-13 11:41:58,VEHICLE_00217,LOCATION_0131,ANPR,FIELD_SURVEILLANCE,0.96
VEVENT_000534,2024-04-13 11:44:58,VEHICLE_00226,LOCATION_0131,ANPR,FIELD_SURVEILLANCE,0.85
VEVENT_000535,2024-04-13 11:53:58,VEHICLE_00217,LOCATION_0211,ANPR,ANPR_CAMERA,0.93
VEVENT_000536,2024-04-13 11:56:58,VEHICLE_00226,LOCATION_0211,ANPR,TOLL_PLAZA,0.82
VEVENT_000537,2024-04-13 12:05:58,VEHICLE_00217,LOCATION_0181,ANPR,TOLL_PLAZA,0.86
VEVENT_000538,2024-04-13 12:06:58,VEHICLE_00226,LOCATION_0181,ANPR,FIELD_SURVEILLANCE,0.81
VEVENT_000539,2024-04-13 12:17:58,VEHICLE_00217,LOCATION_0001,ANPR,TOLL_PLAZA,0.86
VEVENT_000540,2024-04-13 12:20:58,VEHICLE_00226,LOCATION_0001,ANPR,POLICE_CHECKPOINT,0.89
VEVENT_000541,2025-12-14 11:21:51,VEHICLE_00217,LOCATION_0121,ANPR,ANPR_CAMERA,0.95
VEVENT_000542,2025-12-14 11:27:51,VEHICLE_00226,LOCATION_0121,ANPR,ANPR_CAMERA,0.9
VEVENT_000543,2025-12-14 11:33:51,VEHICLE_00217,LOCATION_0131,ANPR,POLICE_CHECKPOINT,0.92
VEVENT_000544,2025-12-14 11:38:51,VEHICLE_00226,LOCATION_0131,ANPR,ANPR_CAMERA,0.8
VEVENT_000545,2025-12-14 11:45:51,VEHICLE_00217,LOCATION_0211,ANPR,ANPR_CAMERA,0.81
VEVENT_000546,2025-12-14 11:47:51,VEHICLE_00226,LOCATION_0211,ANPR,POLICE_CHECKPOINT,0.91
VEVENT_000547,2025-12-14 11:57:51,VEHICLE_00217,LOCATION_0181,ANPR,FIELD_SURVEILLANCE,0.82
VEVENT_000548,2025-12-14 12:02:51,VEHICLE_00226,LOCATION_0181,ANPR,FIELD_SURVEILLANCE,0.89
VEVENT_000549,2025-12-14 12:09:51,VEHICLE_00217,LOCATION_0001,ANPR,POLICE_CHECKPOINT,0.81
VEVENT_000550,2025-12-14 12:15:51,VEHICLE_00226,LOCATION_0001,ANPR,FIELD_SURVEILLANCE,0.93
VEVENT_000551,2026-01-28 12:31:04,VEHICLE_00217,LOCATION_0121,ANPR,POLICE_CHECKPOINT,0.82
VEVENT_000552,2026-01-28 12:37:04,VEHICLE_00226,LOCATION_0121,ANPR,ANPR_CAMERA,0.89
VEVENT_000553,2026-01-28 12:43:04,VEHICLE_00217,LOCATION_0131,ANPR,FIELD_SURVEILLANCE,0.82
VEVENT_000554,2026-01-28 12:46:04,VEHICLE_00226,LOCATION_0131,ANPR,TOLL_PLAZA,0.93
VEVENT_000555,2026-01-28 12:55:04,VEHICLE_00217,LOCATION_0211,ANPR,FIELD_SURVEILLANCE,0.96
VEVENT_000556,2026-01-28 13:01:04,VEHICLE_00226,LOCATION_0211,ANPR,POLICE_CHECKPOINT,0.92
VEVENT_000557,2026-01-28 13:07:04,VEHICLE_00217,LOCATION_0181,ANPR,FIELD_SURVEILLANCE,0.91
VEVENT_000558,2026-01-28 13:09:04,VEHICLE_00226,LOCATION_0181,ANPR,ANPR_CAMERA,0.95
VEVENT_000559,2026-01-28 13:19:04,VEHICLE_00217,LOCATION_0001,ANPR,ANPR_CAMERA,0.9
VEVENT_000560,2026-01-28 13:22:04,VEHICLE_00226,LOCATION_0001,ANPR,ANPR_CAMERA,0.94
VEVENT_000561,2024-11-06 10:04:50,VEHICLE_00217,LOCATION_0121,ANPR,TOLL_PLAZA,0.9
VEVENT_000562,2024-11-06 10:08:50,VEHICLE_00226,LOCATION_0121,ANPR,ANPR_CAMERA,0.84
VEVENT_000563,2024-11-06 10:16:50,VEHICLE_00217,LOCATION_0131,ANPR,FIELD_SURVEILLANCE,0.85
VEVENT_000564,2024-11-06 10:19:50,VEHICLE_00226,LOCATION_0131,ANPR,POLICE_CHECKPOINT,0.86
VEVENT_000565,2024-11-06 10:28:50,VEHICLE_00217,LOCATION_0211,ANPR,FIELD_SURVEILLANCE,0.84
VEVENT_000566,2024-11-06 10:33:50,VEHICLE_00226,LOCATION_0211,ANPR,FIELD_SURVEILLANCE,0.88
VEVENT_000567,2024-11-06 10:40:50,VEHICLE_00217,LOCATION_0181,ANPR,POLICE_CHECKPOINT,0.85
VEVENT_000568,2024-11-06 10:43:50,VEHICLE_00226,LOCATION_0181,ANPR,TOLL_PLAZA,0.87
VEVENT_000569,2024-11-06 10:52:50,VEHICLE_00217,LOCATION_0001,ANPR,POLICE_CHECKPOINT,0.84
VEVENT_000570,2024-11-06 10:57:50,VEHICLE_00226,LOCATION_0001,ANPR,TOLL_PLAZA,0.82
VEVENT_000571,2025-07-04 08:43:12,VEHICLE_00217,LOCATION_0121,ANPR,POLICE_CHECKPOINT,0.92
VEVENT_000572,2025-07-04 08:45:12,VEHICLE_00226,LOCATION_0121,ANPR,ANPR_CAMERA,0.97
VEVENT_000573,2025-07-04 08:55:12,VEHICLE_00217,LOCATION_0131,ANPR,FIELD_SURVEILLANCE,0.91
VEVENT_000574,2025-07-04 08:57:12,VEHICLE_00226,LOCATION_0131,ANPR,FIELD_SURVEILLANCE,0.87
VEVENT_000575,2025-07-04 09:07:12,VEHICLE_00217,LOCATION_0211,ANPR,ANPR_CAMERA,0.81
VEVENT_000576,2025-07-04 09:08:12,VEHICLE_00226,LOCATION_0211,ANPR,FIELD_SURVEILLANCE,0.91
VEVENT_000577,2025-07-04 09:19:12,VEHICLE_00217,LOCATION_0181,ANPR,FIELD_SURVEILLANCE,0.81
VEVENT_000578,2025-07-04 09:23:12,VEHICLE_00226,LOCATION_0181,ANPR,ANPR_CAMERA,0.84
VEVENT_000579,2025-07-04 09:31:12,VEHICLE_00217,LOCATION_0001,ANPR,ANPR_CAMERA,0.9
VEVENT_000580,2025-07-04 09:37:12,VEHICLE_00226,LOCATION_0001,ANPR,POLICE_CHECKPOINT,0.95
VEVENT_000581,2025-08-19 08:21:05,VEHICLE_00217,LOCATION_0121,ANPR,ANPR_CAMERA,0.83
VEVENT_000582,2025-08-19 08:22:05,VEHICLE_00226,LOCATION_0121,ANPR,TOLL_PLAZA,0.88
VEVENT_000583,2025-08-19 08:33:05,VEHICLE_00217,LOCATION_0131,ANPR,FIELD_SURVEILLANCE,0.9
VEVENT_000584,2025-08-19 08:37:05,VEHICLE_00226,LOCATION_0131,ANPR,POLICE_CHECKPOINT,0.94
VEVENT_000585,2025-08-19 08:45:05,VEHICLE_00217,LOCATION_0211,ANPR,POLICE_CHECKPOINT,0.85
VEVENT_000586,2025-08-19 08:46:05,VEHICLE_00226,LOCATION_0211,ANPR,FIELD_SURVEILLANCE,0.82
VEVENT_000587,2025-08-19 08:57:05,VEHICLE_00217,LOCATION_0181,ANPR,TOLL_PLAZA,0.96
VEVENT_000588,2025-08-19 08:58:05,VEHICLE_00226,LOCATION_0181,ANPR,TOLL_PLAZA,0.94
VEVENT_000589,2025-08-19 09:09:05,VEHICLE_00217,LOCATION_0001,ANPR,ANPR_CAMERA,0.9
VEVENT_000590,2025-08-19 09:12:05,VEHICLE_00226,LOCATION_0001,ANPR,POLICE_CHECKPOINT,0.87
VEVENT_000591,2025-02-02 23:45:23,VEHICLE_00217,LOCATION_0121,ANPR,ANPR_CAMERA,0.9
VEVENT_000592,2025-02-02 23:49:23,VEHICLE_00226,LOCATION_0121,ANPR,TOLL_PLAZA,0.88
VEVENT_000593,2025-02-02 23:57:23,VEHICLE_00217,LOCATION_0131,ANPR,POLICE_CHECKPOINT,0.82
VEVENT_000594,2025-02-03 00:02:23,VEHICLE_00226,LOCATION_0131,ANPR,ANPR_CAMERA,0.96
VEVENT_000595,2025-02-03 00:09:23,VEHICLE_00217,LOCATION_0211,ANPR,TOLL_PLAZA,0.85
VEVENT_000596,2025-02-03 00:15:23,VEHICLE_00226,LOCATION_0211,ANPR,ANPR_CAMERA,0.92
VEVENT_000597,2025-02-03 00:21:23,VEHICLE_00217,LOCATION_0181,ANPR,FIELD_SURVEILLANCE,0.83
VEVENT_000598,2025-02-03 00:25:23,VEHICLE_00226,LOCATION_0181,ANPR,FIELD_SURVEILLANCE,0.82
VEVENT_000599,2025-02-03 00:33:23,VEHICLE_00217,LOCATION_0001,ANPR,FIELD_SURVEILLANCE,0.81
VEVENT_000600,2025-02-03 00:35:23,VEHICLE_00226,LOCATION_0001,ANPR,ANPR_CAMERA,0.83
VEVENT_000601,2024-12-29 11:49:16,VEHICLE_00217,LOCATION_0121,ANPR,ANPR_CAMERA,0.92
VEVENT_000602,2024-12-29 11:51:16,VEHICLE_00226,LOCATION_0121,ANPR,TOLL_PLAZA,0.96
VEVENT_000603,2024-12-29 12:01:16,VEHICLE_00217,LOCATION_0131,ANPR,FIELD_SURVEILLANCE,0.82
VEVENT_000604,2024-12-29 12:03:16,VEHICLE_00226,LOCATION_0131,ANPR,POLICE_CHECKPOINT,0.81
VEVENT_000605,2024-12-29 12:13:16,VEHICLE_00217,LOCATION_0211,ANPR,TOLL_PLAZA,0.9
VEVENT_000606,2024-12-29 12:15:16,VEHICLE_00226,LOCATION_0211,ANPR,FIELD_SURVEILLANCE,0.89
VEVENT_000607,2024-12-29 12:25:16,VEHICLE_00217,LOCATION_0181,ANPR,FIELD_SURVEILLANCE,0.82
VEVENT_000608,2024-12-29 12:27:16,VEHICLE_00226,LOCATION_0181,ANPR,POLICE_CHECKPOINT,0.83
VEVENT_000609,2024-12-29 12:37:16,VEHICLE_00217,LOCATION_0001,ANPR,POLICE_CHECKPOINT,0.82
VEVENT_000610,2024-12-29 12:39:16,VEHICLE_00226,LOCATION_0001,ANPR,ANPR_CAMERA,0.93
VEVENT_000611,2025-04-24 06:26:13,VEHICLE_00217,LOCATION_0121,ANPR,ANPR_CAMERA,0.96
VEVENT_000612,2025-04-24 06:28:13,VEHICLE_00226,LOCATION_0121,ANPR,TOLL_PLAZA,0.96
VEVENT_000613,2025-04-24 06:38:13,VEHICLE_00217,LOCATION_0131,ANPR,ANPR_CAMERA,0.93
VEVENT_000614,2025-04-24 06:40:13,VEHICLE_00226,LOCATION_0131,ANPR,ANPR_CAMERA,0.9
VEVENT_000615,2025-04-24 06:50:13,VEHICLE_00217,LOCATION_0211,ANPR,FIELD_SURVEILLANCE,0.86
VEVENT_000616,2025-04-24 06:54:13,VEHICLE_00226,LOCATION_0211,ANPR,POLICE_CHECKPOINT,0.89
VEVENT_000617,2025-04-24 07:02:13,VEHICLE_00217,LOCATION_0181,ANPR,TOLL_PLAZA,0.95
VEVENT_000618,2025-04-24 07:07:13,VEHICLE_00226,LOCATION_0181,ANPR,TOLL_PLAZA,0.82
VEVENT_000619,2025-04-24 07:14:13,VEHICLE_00217,LOCATION_0001,ANPR,POLICE_CHECKPOINT,0.89
VEVENT_000620,2025-04-24 07:20:13,VEHICLE_00226,LOCATION_0001,ANPR,FIELD_SURVEILLANCE,0.88
VEVENT_000621,2024-03-14 00:02:41,VEHICLE_00055,LOCATION_0276,ANPR,POLICE_CHECKPOINT,0.92
VEVENT_000622,2024-03-14 00:06:41,VEHICLE_00587,LOCATION_0276,ANPR,ANPR_CAMERA,0.96
VEVENT_000623,2024-03-14 00:14:41,VEHICLE_00055,LOCATION_0216,ANPR,TOLL_PLAZA,0.8
VEVENT_000624,2024-03-14 00:16:41,VEHICLE_00587,LOCATION_0216,ANPR,ANPR_CAMERA,0.86
VEVENT_000625,2024-03-14 00:26:41,VEHICLE_00055,LOCATION_0116,ANPR,TOLL_PLAZA,0.84
VEVENT_000626,2024-03-14 00:30:41,VEHICLE_00587,LOCATION_0116,ANPR,ANPR_CAMERA,0.92
VEVENT_000627,2024-03-14 00:38:41,VEHICLE_00055,LOCATION_0066,ANPR,FIELD_SURVEILLANCE,0.94
VEVENT_000628,2024-03-14 00:40:41,VEHICLE_00587,LOCATION_0066,ANPR,TOLL_PLAZA,0.96
VEVENT_000629,2024-03-14 00:50:41,VEHICLE_00055,LOCATION_0026,ANPR,POLICE_CHECKPOINT,0.81
VEVENT_000630,2024-03-14 00:53:41,VEHICLE_00587,LOCATION_0026,ANPR,POLICE_CHECKPOINT,0.94
VEVENT_000631,2024-11-01 08:19:37,VEHICLE_00055,LOCATION_0276,ANPR,POLICE_CHECKPOINT,0.81
VEVENT_000632,2024-11-01 08:23:37,VEHICLE_00587,LOCATION_0276,ANPR,TOLL_PLAZA,0.81
VEVENT_000633,2024-11-01 08:31:37,VEHICLE_00055,LOCATION_0216,ANPR,FIELD_SURVEILLANCE,0.81
VEVENT_000634,2024-11-01 08:35:37,VEHICLE_00587,LOCATION_0216,ANPR,ANPR_CAMERA,0.92
VEVENT_000635,2024-11-01 08:43:37,VEHICLE_00055,LOCATION_0116,ANPR,FIELD_SURVEILLANCE,0.9
VEVENT_000636,2024-11-01 08:46:37,VEHICLE_00587,LOCATION_0116,ANPR,ANPR_CAMERA,0.81
VEVENT_000637,2024-11-01 08:55:37,VEHICLE_00055,LOCATION_0066,ANPR,ANPR_CAMERA,0.85
VEVENT_000638,2024-11-01 08:57:37,VEHICLE_00587,LOCATION_0066,ANPR,FIELD_SURVEILLANCE,0.86
VEVENT_000639,2024-11-01 09:07:37,VEHICLE_00055,LOCATION_0026,ANPR,FIELD_SURVEILLANCE,0.84
VEVENT_000640,2024-11-01 09:13:37,VEHICLE_00587,LOCATION_0026,ANPR,ANPR_CAMERA,0.85
VEVENT_000641,2025-11-23 01:44:47,VEHICLE_00055,LOCATION_0276,ANPR,POLICE_CHECKPOINT,0.96
VEVENT_000642,2025-11-23 01:47:47,VEHICLE_00587,LOCATION_0276,ANPR,TOLL_PLAZA,0.85
VEVENT_000643,2025-11-23 01:56:47,VEHICLE_00055,LOCATION_0216,ANPR,ANPR_CAMERA,0.89
VEVENT_000644,2025-11-23 02:00:47,VEHICLE_00587,LOCATION_0216,ANPR,ANPR_CAMERA,0.93
VEVENT_000645,2025-11-23 02:08:47,VEHICLE_00055,LOCATION_0116,ANPR,ANPR_CAMERA,0.87
VEVENT_000646,2025-11-23 02:14:47,VEHICLE_00587,LOCATION_0116,ANPR,ANPR_CAMERA,0.81
VEVENT_000647,2025-11-23 02:20:47,VEHICLE_00055,LOCATION_0066,ANPR,ANPR_CAMERA,0.86
VEVENT_000648,2025-11-23 02:23:47,VEHICLE_00587,LOCATION_0066,ANPR,ANPR_CAMERA,0.86
VEVENT_000649,2025-11-23 02:32:47,VEHICLE_00055,LOCATION_0026,ANPR,POLICE_CHECKPOINT,0.95
VEVENT_000650,2025-11-23 02:38:47,VEHICLE_00587,LOCATION_0026,ANPR,TOLL_PLAZA,0.94
VEVENT_000651,2024-10-15 04:19:14,VEHICLE_00055,LOCATION_0276,ANPR,POLICE_CHECKPOINT,0.96
VEVENT_000652,2024-10-15 04:25:14,VEHICLE_00587,LOCATION_0276,ANPR,ANPR_CAMERA,0.91
VEVENT_000653,2024-10-15 04:31:14,VEHICLE_00055,LOCATION_0216,ANPR,POLICE_CHECKPOINT,0.92
VEVENT_000654,2024-10-15 04:35:14,VEHICLE_00587,LOCATION_0216,ANPR,TOLL_PLAZA,0.91
VEVENT_000655,2024-10-15 04:43:14,VEHICLE_00055,LOCATION_0116,ANPR,FIELD_SURVEILLANCE,0.8
VEVENT_000656,2024-10-15 04:48:14,VEHICLE_00587,LOCATION_0116,ANPR,TOLL_PLAZA,0.95
VEVENT_000657,2024-10-15 04:55:14,VEHICLE_00055,LOCATION_0066,ANPR,FIELD_SURVEILLANCE,0.91
VEVENT_000658,2024-10-15 04:58:14,VEHICLE_00587,LOCATION_0066,ANPR,TOLL_PLAZA,0.82
VEVENT_000659,2024-10-15 05:07:14,VEHICLE_00055,LOCATION_0026,ANPR,POLICE_CHECKPOINT,0.83
VEVENT_000660,2024-10-15 05:12:14,VEHICLE_00587,LOCATION_0026,ANPR,FIELD_SURVEILLANCE,0.84
VEVENT_000661,2025-10-19 19:46:27,VEHICLE_00055,LOCATION_0276,ANPR,TOLL_PLAZA,0.82
VEVENT_000662,2025-10-19 19:47:27,VEHICLE_00587,LOCATION_0276,ANPR,FIELD_SURVEILLANCE,0.91
VEVENT_000663,2025-10-19 19:58:27,VEHICLE_00055,LOCATION_0216,ANPR,FIELD_SURVEILLANCE,0.83
VEVENT_000664,2025-10-19 20:00:27,VEHICLE_00587,LOCATION_0216,ANPR,TOLL_PLAZA,0.91
VEVENT_000665,2025-10-19 20:10:27,VEHICLE_00055,LOCATION_0116,ANPR,POLICE_CHECKPOINT,0.94
VEVENT_000666,2025-10-19 20:13:27,VEHICLE_00587,LOCATION_0116,ANPR,FIELD_SURVEILLANCE,0.89
VEVENT_000667,2025-10-19 20:22:27,VEHICLE_00055,LOCATION_0066,ANPR,TOLL_PLAZA,0.89
VEVENT_000668,2025-10-19 20:28:27,VEHICLE_00587,LOCATION_0066,ANPR,POLICE_CHECKPOINT,0.83
VEVENT_000669,2025-10-19 20:34:27,VEHICLE_00055,LOCATION_0026,ANPR,TOLL_PLAZA,0.82
VEVENT_000670,2025-10-19 20:36:27,VEHICLE_00587,LOCATION_0026,ANPR,ANPR_CAMERA,0.83
VEVENT_000671,2024-02-27 18:16:57,VEHICLE_00055,LOCATION_0276,ANPR,ANPR_CAMERA,0.9
VEVENT_000672,2024-02-27 18:21:57,VEHICLE_00587,LOCATION_0276,ANPR,FIELD_SURVEILLANCE,0.97
VEVENT_000673,2024-02-27 18:28:57,VEHICLE_00055,LOCATION_0216,ANPR,ANPR_CAMERA,0.83
VEVENT_000674,2024-02-27 18:30:57,VEHICLE_00587,LOCATION_0216,ANPR,POLICE_CHECKPOINT,0.88
VEVENT_000675,2024-02-27 18:40:57,VEHICLE_00055,LOCATION_0116,ANPR,TOLL_PLAZA,0.86
VEVENT_000676,2024-02-27 18:41:57,VEHICLE_00587,LOCATION_0116,ANPR,TOLL_PLAZA,0.96
VEVENT_000677,2024-02-27 18:52:57,VEHICLE_00055,LOCATION_0066,ANPR,POLICE_CHECKPOINT,0.9
VEVENT_000678,2024-02-27 18:54:57,VEHICLE_00587,LOCATION_0066,ANPR,TOLL_PLAZA,0.94
VEVENT_000679,2024-02-27 19:04:57,VEHICLE_00055,LOCATION_0026,ANPR,POLICE_CHECKPOINT,0.85
VEVENT_000680,2024-02-27 19:06:57,VEHICLE_00587,LOCATION_0026,ANPR,TOLL_PLAZA,0.8
VEVENT_000681,2026-02-27 08:35:58,VEHICLE_00055,LOCATION_0276,ANPR,ANPR_CAMERA,0.84
VEVENT_000682,2026-02-27 08:36:58,VEHICLE_00587,LOCATION_0276,ANPR,ANPR_CAMERA,0.94
VEVENT_000683,2026-02-27 08:47:58,VEHICLE_00055,LOCATION_0216,ANPR,ANPR_CAMERA,0.91
VEVENT_000684,2026-02-27 08:52:58,VEHICLE_00587,LOCATION_0216,ANPR,ANPR_CAMERA,0.91
VEVENT_000685,2026-02-27 08:59:58,VEHICLE_00055,LOCATION_0116,ANPR,FIELD_SURVEILLANCE,0.93
VEVENT_000686,2026-02-27 09:04:58,VEHICLE_00587,LOCATION_0116,ANPR,POLICE_CHECKPOINT,0.86
VEVENT_000687,2026-02-27 09:11:58,VEHICLE_00055,LOCATION_0066,ANPR,POLICE_CHECKPOINT,0.83
VEVENT_000688,2026-02-27 09:12:58,VEHICLE_00587,LOCATION_0066,ANPR,TOLL_PLAZA,0.82
VEVENT_000689,2026-02-27 09:23:58,VEHICLE_00055,LOCATION_0026,ANPR,ANPR_CAMERA,0.97
VEVENT_000690,2026-02-27 09:26:58,VEHICLE_00587,LOCATION_0026,ANPR,TOLL_PLAZA,0.82
VEVENT_000691,2024-08-02 03:58:22,VEHICLE_00506,LOCATION_0278,ANPR,TOLL_PLAZA,0.82
VEVENT_000692,2024-08-02 03:59:22,VEHICLE_00156,LOCATION_0278,ANPR,POLICE_CHECKPOINT,0.9
VEVENT_000693,2024-08-02 04:10:22,VEHICLE_00506,LOCATION_0288,ANPR,POLICE_CHECKPOINT,0.96
VEVENT_000694,2024-08-02 04:11:22,VEHICLE_00156,LOCATION_0288,ANPR,TOLL_PLAZA,0.82
VEVENT_000695,2024-08-02 04:22:22,VEHICLE_00506,LOCATION_0108,ANPR,ANPR_CAMERA,0.91
VEVENT_000696,2024-08-02 04:25:22,VEHICLE_00156,LOCATION_0108,ANPR,ANPR_CAMERA,0.89
VEVENT_000697,2024-08-02 04:34:22,VEHICLE_00506,LOCATION_0028,ANPR,TOLL_PLAZA,0.81
VEVENT_000698,2024-08-02 04:37:22,VEHICLE_00156,LOCATION_0028,ANPR,ANPR_CAMERA,0.88
VEVENT_000699,2024-08-02 04:46:22,VEHICLE_00506,LOCATION_0068,ANPR,FIELD_SURVEILLANCE,0.88
VEVENT_000700,2024-08-02 04:50:22,VEHICLE_00156,LOCATION_0068,ANPR,POLICE_CHECKPOINT,0.92
VEVENT_000701,2025-04-18 11:15:26,VEHICLE_00506,LOCATION_0278,ANPR,POLICE_CHECKPOINT,0.9
VEVENT_000702,2025-04-18 11:16:26,VEHICLE_00156,LOCATION_0278,ANPR,TOLL_PLAZA,0.86
VEVENT_000703,2025-04-18 11:27:26,VEHICLE_00506,LOCATION_0288,ANPR,TOLL_PLAZA,0.95
VEVENT_000704,2025-04-18 11:33:26,VEHICLE_00156,LOCATION_0288,ANPR,ANPR_CAMERA,0.96
VEVENT_000705,2025-04-18 11:39:26,VEHICLE_00506,LOCATION_0108,ANPR,ANPR_CAMERA,0.95
VEVENT_000706,2025-04-18 11:45:26,VEHICLE_00156,LOCATION_0108,ANPR,ANPR_CAMERA,0.85
VEVENT_000707,2025-04-18 11:51:26,VEHICLE_00506,LOCATION_0028,ANPR,FIELD_SURVEILLANCE,0.85
VEVENT_000708,2025-04-18 11:56:26,VEHICLE_00156,LOCATION_0028,ANPR,TOLL_PLAZA,0.95
VEVENT_000709,2025-04-18 12:03:26,VEHICLE_00506,LOCATION_0068,ANPR,ANPR_CAMERA,0.9
VEVENT_000710,2025-04-18 12:07:26,VEHICLE_00156,LOCATION_0068,ANPR,TOLL_PLAZA,0.94
VEVENT_000711,2024-01-04 21:05:12,VEHICLE_00506,LOCATION_0278,ANPR,FIELD_SURVEILLANCE,0.95
VEVENT_000712,2024-01-04 21:10:12,VEHICLE_00156,LOCATION_0278,ANPR,ANPR_CAMERA,0.95
VEVENT_000713,2024-01-04 21:17:12,VEHICLE_00506,LOCATION_0288,ANPR,FIELD_SURVEILLANCE,0.92
VEVENT_000714,2024-01-04 21:18:12,VEHICLE_00156,LOCATION_0288,ANPR,FIELD_SURVEILLANCE,0.83
VEVENT_000715,2024-01-04 21:29:12,VEHICLE_00506,LOCATION_0108,ANPR,FIELD_SURVEILLANCE,0.93
VEVENT_000716,2024-01-04 21:35:12,VEHICLE_00156,LOCATION_0108,ANPR,POLICE_CHECKPOINT,0.91
VEVENT_000717,2024-01-04 21:41:12,VEHICLE_00506,LOCATION_0028,ANPR,POLICE_CHECKPOINT,0.92
VEVENT_000718,2024-01-04 21:44:12,VEHICLE_00156,LOCATION_0028,ANPR,FIELD_SURVEILLANCE,0.92
VEVENT_000719,2024-01-04 21:53:12,VEHICLE_00506,LOCATION_0068,ANPR,TOLL_PLAZA,0.81
VEVENT_000720,2024-01-04 21:58:12,VEHICLE_00156,LOCATION_0068,ANPR,TOLL_PLAZA,0.84
VEVENT_000721,2024-09-05 20:51:49,VEHICLE_00506,LOCATION_0278,ANPR,ANPR_CAMERA,0.88
VEVENT_000722,2024-09-05 20:54:49,VEHICLE_00156,LOCATION_0278,ANPR,TOLL_PLAZA,0.9
VEVENT_000723,2024-09-05 21:03:49,VEHICLE_00506,LOCATION_0288,ANPR,FIELD_SURVEILLANCE,0.89
VEVENT_000724,2024-09-05 21:07:49,VEHICLE_00156,LOCATION_0288,ANPR,POLICE_CHECKPOINT,0.93
VEVENT_000725,2024-09-05 21:15:49,VEHICLE_00506,LOCATION_0108,ANPR,ANPR_CAMERA,0.81
VEVENT_000726,2024-09-05 21:19:49,VEHICLE_00156,LOCATION_0108,ANPR,FIELD_SURVEILLANCE,0.94
VEVENT_000727,2024-09-05 21:27:49,VEHICLE_00506,LOCATION_0028,ANPR,TOLL_PLAZA,0.93
VEVENT_000728,2024-09-05 21:32:49,VEHICLE_00156,LOCATION_0028,ANPR,ANPR_CAMERA,0.81
VEVENT_000729,2024-09-05 21:39:49,VEHICLE_00506,LOCATION_0068,ANPR,ANPR_CAMERA,0.85
VEVENT_000730,2024-09-05 21:45:49,VEHICLE_00156,LOCATION_0068,ANPR,FIELD_SURVEILLANCE,0.81
VEVENT_000731,2025-08-03 22:50:23,VEHICLE_00506,LOCATION_0278,ANPR,POLICE_CHECKPOINT,0.91
VEVENT_000732,2025-08-03 22:53:23,VEHICLE_00156,LOCATION_0278,ANPR,TOLL_PLAZA,0.9
VEVENT_000733,2025-08-03 23:02:23,VEHICLE_00506,LOCATION_0288,ANPR,FIELD_SURVEILLANCE,0.91
VEVENT_000734,2025-08-03 23:03:23,VEHICLE_00156,LOCATION_0288,ANPR,ANPR_CAMERA,0.81
VEVENT_000735,2025-08-03 23:14:23,VEHICLE_00506,LOCATION_0108,ANPR,ANPR_CAMERA,0.81
VEVENT_000736,2025-08-03 23:16:23,VEHICLE_00156,LOCATION_0108,ANPR,TOLL_PLAZA,0.87
VEVENT_000737,2025-08-03 23:26:23,VEHICLE_00506,LOCATION_0028,ANPR,ANPR_CAMERA,0.87
VEVENT_000738,2025-08-03 23:31:23,VEHICLE_00156,LOCATION_0028,ANPR,FIELD_SURVEILLANCE,0.94
VEVENT_000739,2025-08-03 23:38:23,VEHICLE_00506,LOCATION_0068,ANPR,ANPR_CAMERA,0.91
VEVENT_000740,2025-08-03 23:43:23,VEHICLE_00156,LOCATION_0068,ANPR,POLICE_CHECKPOINT,0.81
VEVENT_000741,2024-07-01 09:42:48,VEHICLE_00739,LOCATION_0294,ANPR,ANPR_CAMERA,0.85
VEVENT_000742,2024-07-01 09:47:48,VEHICLE_00347,LOCATION_0294,ANPR,POLICE_CHECKPOINT,0.86
VEVENT_000743,2024-07-01 09:54:48,VEHICLE_00739,LOCATION_0004,ANPR,TOLL_PLAZA,0.93
VEVENT_000744,2024-07-01 09:58:48,VEHICLE_00347,LOCATION_0004,ANPR,FIELD_SURVEILLANCE,0.83
VEVENT_000745,2024-07-01 10:06:48,VEHICLE_00739,LOCATION_0214,ANPR,ANPR_CAMERA,0.95
VEVENT_000746,2024-07-01 10:10:48,VEHICLE_00347,LOCATION_0214,ANPR,POLICE_CHECKPOINT,0.95
VEVENT_000747,2024-07-01 10:18:48,VEHICLE_00739,LOCATION_0234,ANPR,TOLL_PLAZA,0.87
VEVENT_000748,2024-07-01 10:21:48,VEHICLE_00347,LOCATION_0234,ANPR,POLICE_CHECKPOINT,0.91
VEVENT_000749,2024-07-01 10:30:48,VEHICLE_00739,LOCATION_0174,ANPR,POLICE_CHECKPOINT,0.83
VEVENT_000750,2024-07-01 10:34:48,VEHICLE_00347,LOCATION_0174,ANPR,TOLL_PLAZA,0.96
VEVENT_000751,2026-04-19 06:07:15,VEHICLE_00739,LOCATION_0294,ANPR,ANPR_CAMERA,0.86
VEVENT_000752,2026-04-19 06:12:15,VEHICLE_00347,LOCATION_0294,ANPR,TOLL_PLAZA,0.97
VEVENT_000753,2026-04-19 06:19:15,VEHICLE_00739,LOCATION_0004,ANPR,TOLL_PLAZA,0.94
VEVENT_000754,2026-04-19 06:23:15,VEHICLE_00347,LOCATION_0004,ANPR,POLICE_CHECKPOINT,0.95
VEVENT_000755,2026-04-19 06:31:15,VEHICLE_00739,LOCATION_0214,ANPR,POLICE_CHECKPOINT,0.92
VEVENT_000756,2026-04-19 06:32:15,VEHICLE_00347,LOCATION_0214,ANPR,POLICE_CHECKPOINT,0.89
VEVENT_000757,2026-04-19 06:43:15,VEHICLE_00739,LOCATION_0234,ANPR,FIELD_SURVEILLANCE,0.91
VEVENT_000758,2026-04-19 06:48:15,VEHICLE_00347,LOCATION_0234,ANPR,TOLL_PLAZA,0.92
VEVENT_000759,2026-04-19 06:55:15,VEHICLE_00739,LOCATION_0174,ANPR,TOLL_PLAZA,0.84
VEVENT_000760,2026-04-19 06:57:15,VEHICLE_00347,LOCATION_0174,ANPR,ANPR_CAMERA,0.87
VEVENT_000761,2024-08-05 03:33:01,VEHICLE_00739,LOCATION_0294,ANPR,TOLL_PLAZA,0.84
VEVENT_000762,2024-08-05 03:34:01,VEHICLE_00347,LOCATION_0294,ANPR,TOLL_PLAZA,0.9
VEVENT_000763,2024-08-05 03:45:01,VEHICLE_00739,LOCATION_0004,ANPR,TOLL_PLAZA,0.92
VEVENT_000764,2024-08-05 03:48:01,VEHICLE_00347,LOCATION_0004,ANPR,POLICE_CHECKPOINT,0.85
VEVENT_000765,2024-08-05 03:57:01,VEHICLE_00739,LOCATION_0214,ANPR,TOLL_PLAZA,0.81
VEVENT_000766,2024-08-05 04:02:01,VEHICLE_00347,LOCATION_0214,ANPR,TOLL_PLAZA,0.9
VEVENT_000767,2024-08-05 04:09:01,VEHICLE_00739,LOCATION_0234,ANPR,TOLL_PLAZA,0.95
VEVENT_000768,2024-08-05 04:13:01,VEHICLE_00347,LOCATION_0234,ANPR,POLICE_CHECKPOINT,0.88
VEVENT_000769,2024-08-05 04:21:01,VEHICLE_00739,LOCATION_0174,ANPR,FIELD_SURVEILLANCE,0.89
VEVENT_000770,2024-08-05 04:25:01,VEHICLE_00347,LOCATION_0174,ANPR,POLICE_CHECKPOINT,0.96
VEVENT_000771,2025-08-29 21:18:04,VEHICLE_00739,LOCATION_0294,ANPR,ANPR_CAMERA,0.8
VEVENT_000772,2025-08-29 21:23:04,VEHICLE_00347,LOCATION_0294,ANPR,POLICE_CHECKPOINT,0.87
VEVENT_000773,2025-08-29 21:30:04,VEHICLE_00739,LOCATION_0004,ANPR,TOLL_PLAZA,0.85
VEVENT_000774,2025-08-29 21:32:04,VEHICLE_00347,LOCATION_0004,ANPR,ANPR_CAMERA,0.96
VEVENT_000775,2025-08-29 21:42:04,VEHICLE_00739,LOCATION_0214,ANPR,TOLL_PLAZA,0.9
VEVENT_000776,2025-08-29 21:43:04,VEHICLE_00347,LOCATION_0214,ANPR,TOLL_PLAZA,0.93
VEVENT_000777,2025-08-29 21:54:04,VEHICLE_00739,LOCATION_0234,ANPR,POLICE_CHECKPOINT,0.86
VEVENT_000778,2025-08-29 21:58:04,VEHICLE_00347,LOCATION_0234,ANPR,TOLL_PLAZA,0.83
VEVENT_000779,2025-08-29 22:06:04,VEHICLE_00739,LOCATION_0174,ANPR,TOLL_PLAZA,0.89
VEVENT_000780,2025-08-29 22:10:04,VEHICLE_00347,LOCATION_0174,ANPR,ANPR_CAMERA,0.9
VEVENT_000781,2026-03-13 08:26:28,VEHICLE_00739,LOCATION_0294,ANPR,FIELD_SURVEILLANCE,0.89
VEVENT_000782,2026-03-13 08:29:28,VEHICLE_00347,LOCATION_0294,ANPR,POLICE_CHECKPOINT,0.82
VEVENT_000783,2026-03-13 08:38:28,VEHICLE_00739,LOCATION_0004,ANPR,FIELD_SURVEILLANCE,0.9
VEVENT_000784,2026-03-13 08:40:28,VEHICLE_00347,LOCATION_0004,ANPR,FIELD_SURVEILLANCE,0.82
VEVENT_000785,2026-03-13 08:50:28,VEHICLE_00739,LOCATION_0214,ANPR,ANPR_CAMERA,0.88
VEVENT_000786,2026-03-13 08:53:28,VEHICLE_00347,LOCATION_0214,ANPR,TOLL_PLAZA,0.86
VEVENT_000787,2026-03-13 09:02:28,VEHICLE_00739,LOCATION_0234,ANPR,FIELD_SURVEILLANCE,0.86
VEVENT_000788,2026-03-13 09:06:28,VEHICLE_00347,LOCATION_0234,ANPR,TOLL_PLAZA,0.9
VEVENT_000789,2026-03-13 09:14:28,VEHICLE_00739,LOCATION_0174,ANPR,TOLL_PLAZA,0.92
VEVENT_000790,2026-03-13 09:18:28,VEHICLE_00347,LOCATION_0174,ANPR,FIELD_SURVEILLANCE,0.82
VEVENT_000791,2024-12-21 16:43:52,VEHICLE_00461,LOCATION_0100,ANPR,ANPR_CAMERA,0.88
VEVENT_000792,2024-12-21 16:48:52,VEHICLE_00142,LOCATION_0100,ANPR,POLICE_CHECKPOINT,0.92
VEVENT_000793,2024-12-21 16:55:52,VEHICLE_00461,LOCATION_0120,ANPR,TOLL_PLAZA,0.9
VEVENT_000794,2024-12-21 16:56:52,VEHICLE_00142,LOCATION_0120,ANPR,TOLL_PLAZA,0.84
VEVENT_000795,2024-12-21 17:07:52,VEHICLE_00461,LOCATION_0150,ANPR,POLICE_CHECKPOINT,0.81
VEVENT_000796,2024-12-21 17:09:52,VEHICLE_00142,LOCATION_0150,ANPR,ANPR_CAMERA,0.9
VEVENT_000797,2024-12-21 17:19:52,VEHICLE_00461,LOCATION_0290,ANPR,FIELD_SURVEILLANCE,0.84
VEVENT_000798,2024-12-21 17:23:52,VEHICLE_00142,LOCATION_0290,ANPR,ANPR_CAMERA,0.82
VEVENT_000799,2024-12-21 17:31:52,VEHICLE_00461,LOCATION_0200,ANPR,POLICE_CHECKPOINT,0.82
VEVENT_000800,2024-12-21 17:36:52,VEHICLE_00142,LOCATION_0200,ANPR,ANPR_CAMERA,0.86
VEVENT_000801,2024-07-07 01:31:40,VEHICLE_00461,LOCATION_0100,ANPR,ANPR_CAMERA,0.86
VEVENT_000802,2024-07-07 01:32:40,VEHICLE_00142,LOCATION_0100,ANPR,POLICE_CHECKPOINT,0.95
VEVENT_000803,2024-07-07 01:43:40,VEHICLE_00461,LOCATION_0120,ANPR,FIELD_SURVEILLANCE,0.93
VEVENT_000804,2024-07-07 01:44:40,VEHICLE_00142,LOCATION_0120,ANPR,ANPR_CAMERA,0.83
VEVENT_000805,2024-07-07 01:55:40,VEHICLE_00461,LOCATION_0150,ANPR,FIELD_SURVEILLANCE,0.93
VEVENT_000806,2024-07-07 01:59:40,VEHICLE_00142,LOCATION_0150,ANPR,POLICE_CHECKPOINT,0.88
VEVENT_000807,2024-07-07 02:07:40,VEHICLE_00461,LOCATION_0290,ANPR,FIELD_SURVEILLANCE,0.96
VEVENT_000808,2024-07-07 02:09:40,VEHICLE_00142,LOCATION_0290,ANPR,FIELD_SURVEILLANCE,0.95
VEVENT_000809,2024-07-07 02:19:40,VEHICLE_00461,LOCATION_0200,ANPR,POLICE_CHECKPOINT,0.88
VEVENT_000810,2024-07-07 02:25:40,VEHICLE_00142,LOCATION_0200,ANPR,TOLL_PLAZA,0.82
VEVENT_000811,2024-08-01 11:43:31,VEHICLE_00461,LOCATION_0100,ANPR,POLICE_CHECKPOINT,0.87
VEVENT_000812,2024-08-01 11:48:31,VEHICLE_00142,LOCATION_0100,ANPR,POLICE_CHECKPOINT,0.84
VEVENT_000813,2024-08-01 11:55:31,VEHICLE_00461,LOCATION_0120,ANPR,TOLL_PLAZA,0.95
VEVENT_000814,2024-08-01 11:59:31,VEHICLE_00142,LOCATION_0120,ANPR,TOLL_PLAZA,0.92
VEVENT_000815,2024-08-01 12:07:31,VEHICLE_00461,LOCATION_0150,ANPR,ANPR_CAMERA,0.84
VEVENT_000816,2024-08-01 12:08:31,VEHICLE_00142,LOCATION_0150,ANPR,POLICE_CHECKPOINT,0.97
VEVENT_000817,2024-08-01 12:19:31,VEHICLE_00461,LOCATION_0290,ANPR,ANPR_CAMERA,0.8
VEVENT_000818,2024-08-01 12:24:31,VEHICLE_00142,LOCATION_0290,ANPR,ANPR_CAMERA,0.93
VEVENT_000819,2024-08-01 12:31:31,VEHICLE_00461,LOCATION_0200,ANPR,FIELD_SURVEILLANCE,0.89
VEVENT_000820,2024-08-01 12:32:31,VEHICLE_00142,LOCATION_0200,ANPR,ANPR_CAMERA,0.83
VEVENT_000821,2025-05-17 08:50:25,VEHICLE_00461,LOCATION_0100,ANPR,FIELD_SURVEILLANCE,0.88
VEVENT_000822,2025-05-17 08:56:25,VEHICLE_00142,LOCATION_0100,ANPR,POLICE_CHECKPOINT,0.85
VEVENT_000823,2025-05-17 09:02:25,VEHICLE_00461,LOCATION_0120,ANPR,ANPR_CAMERA,0.83
VEVENT_000824,2025-05-17 09:07:25,VEHICLE_00142,LOCATION_0120,ANPR,ANPR_CAMERA,0.81
VEVENT_000825,2025-05-17 09:14:25,VEHICLE_00461,LOCATION_0150,ANPR,TOLL_PLAZA,0.92
VEVENT_000826,2025-05-17 09:17:25,VEHICLE_00142,LOCATION_0150,ANPR,POLICE_CHECKPOINT,0.84
VEVENT_000827,2025-05-17 09:26:25,VEHICLE_00461,LOCATION_0290,ANPR,ANPR_CAMERA,0.9
VEVENT_000828,2025-05-17 09:32:25,VEHICLE_00142,LOCATION_0290,ANPR,POLICE_CHECKPOINT,0.91
VEVENT_000829,2025-05-17 09:38:25,VEHICLE_00461,LOCATION_0200,ANPR,TOLL_PLAZA,0.83
VEVENT_000830,2025-05-17 09:39:25,VEHICLE_00142,LOCATION_0200,ANPR,FIELD_SURVEILLANCE,0.94
VEVENT_000831,2026-06-03 02:13:53,VEHICLE_00461,LOCATION_0100,ANPR,FIELD_SURVEILLANCE,0.93
VEVENT_000832,2026-06-03 02:18:53,VEHICLE_00142,LOCATION_0100,ANPR,FIELD_SURVEILLANCE,0.84
VEVENT_000833,2026-06-03 02:25:53,VEHICLE_00461,LOCATION_0120,ANPR,FIELD_SURVEILLANCE,0.84
VEVENT_000834,2026-06-03 02:26:53,VEHICLE_00142,LOCATION_0120,ANPR,ANPR_CAMERA,0.88
VEVENT_000835,2026-06-03 02:37:53,VEHICLE_00461,LOCATION_0150,ANPR,TOLL_PLAZA,0.87
VEVENT_000836,2026-06-03 02:41:53,VEHICLE_00142,LOCATION_0150,ANPR,POLICE_CHECKPOINT,0.97
VEVENT_000837,2026-06-03 02:49:53,VEHICLE_00461,LOCATION_0290,ANPR,TOLL_PLAZA,0.94
VEVENT_000838,2026-06-03 02:52:53,VEHICLE_00142,LOCATION_0290,ANPR,POLICE_CHECKPOINT,0.87
VEVENT_000839,2026-06-03 03:01:53,VEHICLE_00461,LOCATION_0200,ANPR,POLICE_CHECKPOINT,0.83
VEVENT_000840,2026-06-03 03:03:53,VEHICLE_00142,LOCATION_0200,ANPR,ANPR_CAMERA,0.86
VEVENT_000841,2024-01-18 18:05:03,VEHICLE_00424,LOCATION_0003,ANPR,TOLL_PLAZA,0.93
VEVENT_000842,2024-01-18 18:06:03,VEHICLE_00584,LOCATION_0003,ANPR,ANPR_CAMERA,0.85
VEVENT_000843,2024-01-18 18:17:03,VEHICLE_00424,LOCATION_0013,ANPR,ANPR_CAMERA,0.94
VEVENT_000844,2024-01-18 18:18:03,VEHICLE_00584,LOCATION_0013,ANPR,ANPR_CAMERA,0.8
VEVENT_000845,2024-01-18 18:29:03,VEHICLE_00424,LOCATION_0073,ANPR,ANPR_CAMERA,0.91
VEVENT_000846,2024-01-18 18:31:03,VEHICLE_00584,LOCATION_0073,ANPR,FIELD_SURVEILLANCE,0.87
VEVENT_000847,2024-01-18 18:41:03,VEHICLE_00424,LOCATION_0193,ANPR,TOLL_PLAZA,0.85
VEVENT_000848,2024-01-18 18:45:03,VEHICLE_00584,LOCATION_0193,ANPR,ANPR_CAMERA,0.86
VEVENT_000849,2024-01-18 18:53:03,VEHICLE_00424,LOCATION_0043,ANPR,POLICE_CHECKPOINT,0.86
VEVENT_000850,2024-01-18 18:54:03,VEHICLE_00584,LOCATION_0043,ANPR,ANPR_CAMERA,0.88
VEVENT_000851,2025-06-25 18:48:46,VEHICLE_00424,LOCATION_0003,ANPR,FIELD_SURVEILLANCE,0.89
VEVENT_000852,2025-06-25 18:54:46,VEHICLE_00584,LOCATION_0003,ANPR,ANPR_CAMERA,0.92
VEVENT_000853,2025-06-25 19:00:46,VEHICLE_00424,LOCATION_0013,ANPR,FIELD_SURVEILLANCE,0.91
VEVENT_000854,2025-06-25 19:04:46,VEHICLE_00584,LOCATION_0013,ANPR,ANPR_CAMERA,0.9
VEVENT_000855,2025-06-25 19:12:46,VEHICLE_00424,LOCATION_0073,ANPR,TOLL_PLAZA,0.86
VEVENT_000856,2025-06-25 19:13:46,VEHICLE_00584,LOCATION_0073,ANPR,ANPR_CAMERA,0.9
VEVENT_000857,2025-06-25 19:24:46,VEHICLE_00424,LOCATION_0193,ANPR,FIELD_SURVEILLANCE,0.92
VEVENT_000858,2025-06-25 19:28:46,VEHICLE_00584,LOCATION_0193,ANPR,FIELD_SURVEILLANCE,0.82
VEVENT_000859,2025-06-25 19:36:46,VEHICLE_00424,LOCATION_0043,ANPR,FIELD_SURVEILLANCE,0.93
VEVENT_000860,2025-06-25 19:38:46,VEHICLE_00584,LOCATION_0043,ANPR,TOLL_PLAZA,0.95
VEVENT_000861,2025-08-29 03:26:07,VEHICLE_00424,LOCATION_0003,ANPR,POLICE_CHECKPOINT,0.93
VEVENT_000862,2025-08-29 03:28:07,VEHICLE_00584,LOCATION_0003,ANPR,POLICE_CHECKPOINT,0.96
VEVENT_000863,2025-08-29 03:38:07,VEHICLE_00424,LOCATION_0013,ANPR,FIELD_SURVEILLANCE,0.81
VEVENT_000864,2025-08-29 03:44:07,VEHICLE_00584,LOCATION_0013,ANPR,ANPR_CAMERA,0.93
VEVENT_000865,2025-08-29 03:50:07,VEHICLE_00424,LOCATION_0073,ANPR,TOLL_PLAZA,0.84
VEVENT_000866,2025-08-29 03:54:07,VEHICLE_00584,LOCATION_0073,ANPR,TOLL_PLAZA,0.93
VEVENT_000867,2025-08-29 04:02:07,VEHICLE_00424,LOCATION_0193,ANPR,POLICE_CHECKPOINT,0.91
VEVENT_000868,2025-08-29 04:08:07,VEHICLE_00584,LOCATION_0193,ANPR,TOLL_PLAZA,0.8
VEVENT_000869,2025-08-29 04:14:07,VEHICLE_00424,LOCATION_0043,ANPR,ANPR_CAMERA,0.87
VEVENT_000870,2025-08-29 04:18:07,VEHICLE_00584,LOCATION_0043,ANPR,TOLL_PLAZA,0.92
VEVENT_000871,2024-10-04 10:06:19,VEHICLE_00424,LOCATION_0003,ANPR,TOLL_PLAZA,0.88
VEVENT_000872,2024-10-04 10:11:19,VEHICLE_00584,LOCATION_0003,ANPR,POLICE_CHECKPOINT,0.82
VEVENT_000873,2024-10-04 10:18:19,VEHICLE_00424,LOCATION_0013,ANPR,TOLL_PLAZA,0.92
VEVENT_000874,2024-10-04 10:24:19,VEHICLE_00584,LOCATION_0013,ANPR,TOLL_PLAZA,0.86
VEVENT_000875,2024-10-04 10:30:19,VEHICLE_00424,LOCATION_0073,ANPR,TOLL_PLAZA,0.97
VEVENT_000876,2024-10-04 10:36:19,VEHICLE_00584,LOCATION_0073,ANPR,FIELD_SURVEILLANCE,0.93
VEVENT_000877,2024-10-04 10:42:19,VEHICLE_00424,LOCATION_0193,ANPR,ANPR_CAMERA,0.94
VEVENT_000878,2024-10-04 10:47:19,VEHICLE_00584,LOCATION_0193,ANPR,TOLL_PLAZA,0.82
VEVENT_000879,2024-10-04 10:54:19,VEHICLE_00424,LOCATION_0043,ANPR,FIELD_SURVEILLANCE,0.84
VEVENT_000880,2024-10-04 11:00:19,VEHICLE_00584,LOCATION_0043,ANPR,ANPR_CAMERA,0.89
VEVENT_000881,2025-11-15 17:53:37,VEHICLE_00424,LOCATION_0003,ANPR,FIELD_SURVEILLANCE,0.92
VEVENT_000882,2025-11-15 17:55:37,VEHICLE_00584,LOCATION_0003,ANPR,TOLL_PLAZA,0.84
VEVENT_000883,2025-11-15 18:05:37,VEHICLE_00424,LOCATION_0013,ANPR,TOLL_PLAZA,0.81
VEVENT_000884,2025-11-15 18:08:37,VEHICLE_00584,LOCATION_0013,ANPR,POLICE_CHECKPOINT,0.86
VEVENT_000885,2025-11-15 18:17:37,VEHICLE_00424,LOCATION_0073,ANPR,ANPR_CAMERA,0.81
VEVENT_000886,2025-11-15 18:23:37,VEHICLE_00584,LOCATION_0073,ANPR,TOLL_PLAZA,0.84
VEVENT_000887,2025-11-15 18:29:37,VEHICLE_00424,LOCATION_0193,ANPR,ANPR_CAMERA,0.93
VEVENT_000888,2025-11-15 18:31:37,VEHICLE_00584,LOCATION_0193,ANPR,POLICE_CHECKPOINT,0.93
VEVENT_000889,2025-11-15 18:41:37,VEHICLE_00424,LOCATION_0043,ANPR,FIELD_SURVEILLANCE,0.97
VEVENT_000890,2025-11-15 18:46:37,VEHICLE_00584,LOCATION_0043,ANPR,POLICE_CHECKPOINT,0.9
VEVENT_000891,2025-12-22 22:14:10,VEHICLE_00065,LOCATION_0278,ANPR,ANPR_CAMERA,0.87
VEVENT_000892,2025-12-22 22:19:10,VEHICLE_00710,LOCATION_0278,ANPR,ANPR_CAMERA,0.91
VEVENT_000893,2025-12-22 22:26:10,VEHICLE_00065,LOCATION_0288,ANPR,POLICE_CHECKPOINT,0.91
VEVENT_000894,2025-12-22 22:30:10,VEHICLE_00710,LOCATION_0288,ANPR,ANPR_CAMERA,0.93
VEVENT_000895,2025-12-22 22:38:10,VEHICLE_00065,LOCATION_0108,ANPR,TOLL_PLAZA,0.95
VEVENT_000896,2025-12-22 22:42:10,VEHICLE_00710,LOCATION_0108,ANPR,TOLL_PLAZA,0.9
VEVENT_000897,2025-12-22 22:50:10,VEHICLE_00065,LOCATION_0028,ANPR,FIELD_SURVEILLANCE,0.89
VEVENT_000898,2025-12-22 22:55:10,VEHICLE_00710,LOCATION_0028,ANPR,FIELD_SURVEILLANCE,0.81
VEVENT_000899,2025-12-22 23:02:10,VEHICLE_00065,LOCATION_0068,ANPR,POLICE_CHECKPOINT,0.88
VEVENT_000900,2025-12-22 23:05:10,VEHICLE_00710,LOCATION_0068,ANPR,ANPR_CAMERA,0.84
VEVENT_000901,2024-02-26 22:46:34,VEHICLE_00065,LOCATION_0278,ANPR,TOLL_PLAZA,0.86
VEVENT_000902,2024-02-26 22:50:34,VEHICLE_00710,LOCATION_0278,ANPR,TOLL_PLAZA,0.97
VEVENT_000903,2024-02-26 22:58:34,VEHICLE_00065,LOCATION_0288,ANPR,POLICE_CHECKPOINT,0.93
VEVENT_000904,2024-02-26 23:03:34,VEHICLE_00710,LOCATION_0288,ANPR,TOLL_PLAZA,0.82
VEVENT_000905,2024-02-26 23:10:34,VEHICLE_00065,LOCATION_0108,ANPR,FIELD_SURVEILLANCE,0.83
VEVENT_000906,2024-02-26 23:13:34,VEHICLE_00710,LOCATION_0108,ANPR,POLICE_CHECKPOINT,0.87
VEVENT_000907,2024-02-26 23:22:34,VEHICLE_00065,LOCATION_0028,ANPR,FIELD_SURVEILLANCE,0.87
VEVENT_000908,2024-02-26 23:26:34,VEHICLE_00710,LOCATION_0028,ANPR,ANPR_CAMERA,0.81
VEVENT_000909,2024-02-26 23:34:34,VEHICLE_00065,LOCATION_0068,ANPR,ANPR_CAMERA,0.81
VEVENT_000910,2024-02-26 23:40:34,VEHICLE_00710,LOCATION_0068,ANPR,ANPR_CAMERA,0.87
VEVENT_000911,2026-04-04 04:07:35,VEHICLE_00065,LOCATION_0278,ANPR,ANPR_CAMERA,0.8
VEVENT_000912,2026-04-04 04:08:35,VEHICLE_00710,LOCATION_0278,ANPR,ANPR_CAMERA,0.89
VEVENT_000913,2026-04-04 04:19:35,VEHICLE_00065,LOCATION_0288,ANPR,POLICE_CHECKPOINT,0.91
VEVENT_000914,2026-04-04 04:23:35,VEHICLE_00710,LOCATION_0288,ANPR,ANPR_CAMERA,0.9
VEVENT_000915,2026-04-04 04:31:35,VEHICLE_00065,LOCATION_0108,ANPR,ANPR_CAMERA,0.82
VEVENT_000916,2026-04-04 04:34:35,VEHICLE_00710,LOCATION_0108,ANPR,FIELD_SURVEILLANCE,0.81
VEVENT_000917,2026-04-04 04:43:35,VEHICLE_00065,LOCATION_0028,ANPR,ANPR_CAMERA,0.88
VEVENT_000918,2026-04-04 04:45:35,VEHICLE_00710,LOCATION_0028,ANPR,ANPR_CAMERA,0.95
VEVENT_000919,2026-04-04 04:55:35,VEHICLE_00065,LOCATION_0068,ANPR,TOLL_PLAZA,0.85
VEVENT_000920,2026-04-04 04:56:35,VEHICLE_00710,LOCATION_0068,ANPR,FIELD_SURVEILLANCE,0.92
VEVENT_000921,2026-05-30 18:51:39,VEHICLE_00065,LOCATION_0278,ANPR,POLICE_CHECKPOINT,0.84
VEVENT_000922,2026-05-30 18:57:39,VEHICLE_00710,LOCATION_0278,ANPR,ANPR_CAMERA,0.82
VEVENT_000923,2026-05-30 19:03:39,VEHICLE_00065,LOCATION_0288,ANPR,POLICE_CHECKPOINT,0.94
VEVENT_000924,2026-05-30 19:09:39,VEHICLE_00710,LOCATION_0288,ANPR,POLICE_CHECKPOINT,0.93
VEVENT_000925,2026-05-30 19:15:39,VEHICLE_00065,LOCATION_0108,ANPR,ANPR_CAMERA,0.9
VEVENT_000926,2026-05-30 19:21:39,VEHICLE_00710,LOCATION_0108,ANPR,POLICE_CHECKPOINT,0.84
VEVENT_000927,2026-05-30 19:27:39,VEHICLE_00065,LOCATION_0028,ANPR,ANPR_CAMERA,0.96
VEVENT_000928,2026-05-30 19:28:39,VEHICLE_00710,LOCATION_0028,ANPR,POLICE_CHECKPOINT,0.91
VEVENT_000929,2026-05-30 19:39:39,VEHICLE_00065,LOCATION_0068,ANPR,POLICE_CHECKPOINT,0.88
VEVENT_000930,2026-05-30 19:44:39,VEHICLE_00710,LOCATION_0068,ANPR,FIELD_SURVEILLANCE,0.88
VEVENT_000931,2024-06-03 17:58:00,VEHICLE_00065,LOCATION_0278,ANPR,POLICE_CHECKPOINT,0.95
VEVENT_000932,2024-06-03 18:04:00,VEHICLE_00710,LOCATION_0278,ANPR,TOLL_PLAZA,0.94
VEVENT_000933,2024-06-03 18:10:00,VEHICLE_00065,LOCATION_0288,ANPR,FIELD_SURVEILLANCE,0.85
VEVENT_000934,2024-06-03 18:16:00,VEHICLE_00710,LOCATION_0288,ANPR,TOLL_PLAZA,0.96
VEVENT_000935,2024-06-03 18:22:00,VEHICLE_00065,LOCATION_0108,ANPR,FIELD_SURVEILLANCE,0.96
VEVENT_000936,2024-06-03 18:25:00,VEHICLE_00710,LOCATION_0108,ANPR,POLICE_CHECKPOINT,0.96
VEVENT_000937,2024-06-03 18:34:00,VEHICLE_00065,LOCATION_0028,ANPR,FIELD_SURVEILLANCE,0.84
VEVENT_000938,2024-06-03 18:36:00,VEHICLE_00710,LOCATION_0028,ANPR,FIELD_SURVEILLANCE,0.91
VEVENT_000939,2024-06-03 18:46:00,VEHICLE_00065,LOCATION_0068,ANPR,POLICE_CHECKPOINT,0.97
VEVENT_000940,2024-06-03 18:47:00,VEHICLE_00710,LOCATION_0068,ANPR,ANPR_CAMERA,0.82
VEVENT_000941,2026-01-15 02:10:12,VEHICLE_00065,LOCATION_0278,ANPR,TOLL_PLAZA,0.82
VEVENT_000942,2026-01-15 02:13:12,VEHICLE_00710,LOCATION_0278,ANPR,POLICE_CHECKPOINT,0.85
VEVENT_000943,2026-01-15 02:22:12,VEHICLE_00065,LOCATION_0288,ANPR,ANPR_CAMERA,0.91
VEVENT_000944,2026-01-15 02:23:12,VEHICLE_00710,LOCATION_0288,ANPR,FIELD_SURVEILLANCE,0.85
VEVENT_000945,2026-01-15 02:34:12,VEHICLE_00065,LOCATION_0108,ANPR,TOLL_PLAZA,0.93
VEVENT_000946,2026-01-15 02:36:12,VEHICLE_00710,LOCATION_0108,ANPR,FIELD_SURVEILLANCE,0.81
VEVENT_000947,2026-01-15 02:46:12,VEHICLE_00065,LOCATION_0028,ANPR,TOLL_PLAZA,0.87
VEVENT_000948,2026-01-15 02:52:12,VEHICLE_00710,LOCATION_0028,ANPR,POLICE_CHECKPOINT,0.8
VEVENT_000949,2026-01-15 02:58:12,VEHICLE_00065,LOCATION_0068,ANPR,ANPR_CAMERA,0.82
VEVENT_000950,2026-01-15 02:59:12,VEHICLE_00710,LOCATION_0068,ANPR,FIELD_SURVEILLANCE,0.82
VEVENT_000951,2024-08-09 08:15:16,VEHICLE_00228,LOCATION_0282,ANPR,TOLL_PLAZA,0.81
VEVENT_000952,2024-08-09 08:21:16,VEHICLE_00302,LOCATION_0282,ANPR,FIELD_SURVEILLANCE,0.96
VEVENT_000953,2024-08-09 08:27:16,VEHICLE_00228,LOCATION_0092,ANPR,FIELD_SURVEILLANCE,0.92
VEVENT_000954,2024-08-09 08:32:16,VEHICLE_00302,LOCATION_0092,ANPR,FIELD_SURVEILLANCE,0.83
VEVENT_000955,2024-08-09 08:39:16,VEHICLE_00228,LOCATION_0082,ANPR,ANPR_CAMERA,0.93
VEVENT_000956,2024-08-09 08:42:16,VEHICLE_00302,LOCATION_0082,ANPR,ANPR_CAMERA,0.82
VEVENT_000957,2024-08-09 08:51:16,VEHICLE_00228,LOCATION_0202,ANPR,FIELD_SURVEILLANCE,0.81
VEVENT_000958,2024-08-09 08:56:16,VEHICLE_00302,LOCATION_0202,ANPR,ANPR_CAMERA,0.96
VEVENT_000959,2024-08-09 09:03:16,VEHICLE_00228,LOCATION_0112,ANPR,FIELD_SURVEILLANCE,0.83
VEVENT_000960,2024-08-09 09:08:16,VEHICLE_00302,LOCATION_0112,ANPR,TOLL_PLAZA,0.85
VEVENT_000961,2024-10-12 02:23:58,VEHICLE_00228,LOCATION_0282,ANPR,ANPR_CAMERA,0.86
VEVENT_000962,2024-10-12 02:24:58,VEHICLE_00302,LOCATION_0282,ANPR,POLICE_CHECKPOINT,0.83
VEVENT_000963,2024-10-12 02:35:58,VEHICLE_00228,LOCATION_0092,ANPR,POLICE_CHECKPOINT,0.92
VEVENT_000964,2024-10-12 02:39:58,VEHICLE_00302,LOCATION_0092,ANPR,FIELD_SURVEILLANCE,0.84
VEVENT_000965,2024-10-12 02:47:58,VEHICLE_00228,LOCATION_0082,ANPR,ANPR_CAMERA,0.81
VEVENT_000966,2024-10-12 02:52:58,VEHICLE_00302,LOCATION_0082,ANPR,FIELD_SURVEILLANCE,0.87
VEVENT_000967,2024-10-12 02:59:58,VEHICLE_00228,LOCATION_0202,ANPR,FIELD_SURVEILLANCE,0.87
VEVENT_000968,2024-10-12 03:04:58,VEHICLE_00302,LOCATION_0202,ANPR,FIELD_SURVEILLANCE,0.93
VEVENT_000969,2024-10-12 03:11:58,VEHICLE_00228,LOCATION_0112,ANPR,TOLL_PLAZA,0.87
VEVENT_000970,2024-10-12 03:14:58,VEHICLE_00302,LOCATION_0112,ANPR,TOLL_PLAZA,0.81
VEVENT_000971,2025-12-03 22:49:41,VEHICLE_00228,LOCATION_0282,ANPR,ANPR_CAMERA,0.84
VEVENT_000972,2025-12-03 22:54:41,VEHICLE_00302,LOCATION_0282,ANPR,TOLL_PLAZA,0.8
VEVENT_000973,2025-12-03 23:01:41,VEHICLE_00228,LOCATION_0092,ANPR,TOLL_PLAZA,0.95
VEVENT_000974,2025-12-03 23:06:41,VEHICLE_00302,LOCATION_0092,ANPR,FIELD_SURVEILLANCE,0.88
VEVENT_000975,2025-12-03 23:13:41,VEHICLE_00228,LOCATION_0082,ANPR,ANPR_CAMERA,0.88
VEVENT_000976,2025-12-03 23:15:41,VEHICLE_00302,LOCATION_0082,ANPR,FIELD_SURVEILLANCE,0.95
VEVENT_000977,2025-12-03 23:25:41,VEHICLE_00228,LOCATION_0202,ANPR,POLICE_CHECKPOINT,0.81
VEVENT_000978,2025-12-03 23:28:41,VEHICLE_00302,LOCATION_0202,ANPR,ANPR_CAMERA,0.84
VEVENT_000979,2025-12-03 23:37:41,VEHICLE_00228,LOCATION_0112,ANPR,TOLL_PLAZA,0.97
VEVENT_000980,2025-12-03 23:38:41,VEHICLE_00302,LOCATION_0112,ANPR,ANPR_CAMERA,0.89
VEVENT_000981,2025-08-08 10:08:20,VEHICLE_00228,LOCATION_0282,ANPR,TOLL_PLAZA,0.84
VEVENT_000982,2025-08-08 10:09:20,VEHICLE_00302,LOCATION_0282,ANPR,ANPR_CAMERA,0.95
VEVENT_000983,2025-08-08 10:20:20,VEHICLE_00228,LOCATION_0092,ANPR,FIELD_SURVEILLANCE,0.96
VEVENT_000984,2025-08-08 10:24:20,VEHICLE_00302,LOCATION_0092,ANPR,POLICE_CHECKPOINT,0.85
VEVENT_000985,2025-08-08 10:32:20,VEHICLE_00228,LOCATION_0082,ANPR,TOLL_PLAZA,0.91
VEVENT_000986,2025-08-08 10:34:20,VEHICLE_00302,LOCATION_0082,ANPR,ANPR_CAMERA,0.91
VEVENT_000987,2025-08-08 10:44:20,VEHICLE_00228,LOCATION_0202,ANPR,FIELD_SURVEILLANCE,0.91
VEVENT_000988,2025-08-08 10:49:20,VEHICLE_00302,LOCATION_0202,ANPR,FIELD_SURVEILLANCE,0.93
VEVENT_000989,2025-08-08 10:56:20,VEHICLE_00228,LOCATION_0112,ANPR,ANPR_CAMERA,0.95
VEVENT_000990,2025-08-08 10:58:20,VEHICLE_00302,LOCATION_0112,ANPR,ANPR_CAMERA,0.95
VEVENT_000991,2025-08-25 08:11:01,VEHICLE_00228,LOCATION_0282,ANPR,POLICE_CHECKPOINT,0.95
VEVENT_000992,2025-08-25 08:12:01,VEHICLE_00302,LOCATION_0282,ANPR,TOLL_PLAZA,0.83
VEVENT_000993,2025-08-25 08:23:01,VEHICLE_00228,LOCATION_0092,ANPR,FIELD_SURVEILLANCE,0.95
VEVENT_000994,2025-08-25 08:27:01,VEHICLE_00302,LOCATION_0092,ANPR,ANPR_CAMERA,0.82
VEVENT_000995,2025-08-25 08:35:01,VEHICLE_00228,LOCATION_0082,ANPR,FIELD_SURVEILLANCE,0.93
VEVENT_000996,2025-08-25 08:40:01,VEHICLE_00302,LOCATION_0082,ANPR,FIELD_SURVEILLANCE,0.82
VEVENT_000997,2025-08-25 08:47:01,VEHICLE_00228,LOCATION_0202,ANPR,POLICE_CHECKPOINT,0.87
VEVENT_000998,2025-08-25 08:50:01,VEHICLE_00302,LOCATION_0202,ANPR,TOLL_PLAZA,0.89
VEVENT_000999,2025-08-25 08:59:01,VEHICLE_00228,LOCATION_0112,ANPR,ANPR_CAMERA,0.86
VEVENT_001000,2025-08-25 09:05:01,VEHICLE_00302,LOCATION_0112,ANPR,ANPR_CAMERA,0.88
VEVENT_001001,2025-09-23 23:12:10,VEHICLE_00228,LOCATION_0282,ANPR,FIELD_SURVEILLANCE,0.96
VEVENT_001002,2025-09-23 23:15:10,VEHICLE_00302,LOCATION_0282,ANPR,ANPR_CAMERA,0.8
VEVENT_001003,2025-09-23 23:24:10,VEHICLE_00228,LOCATION_0092,ANPR,ANPR_CAMERA,0.89
VEVENT_001004,2025-09-23 23:26:10,VEHICLE_00302,LOCATION_0092,ANPR,FIELD_SURVEILLANCE,0.83
VEVENT_001005,2025-09-23 23:36:10,VEHICLE_00228,LOCATION_0082,ANPR,FIELD_SURVEILLANCE,0.88
VEVENT_001006,2025-09-23 23:42:10,VEHICLE_00302,LOCATION_0082,ANPR,ANPR_CAMERA,0.95
VEVENT_001007,2025-09-23 23:48:10,VEHICLE_00228,LOCATION_0202,ANPR,FIELD_SURVEILLANCE,0.89
VEVENT_001008,2025-09-23 23:54:10,VEHICLE_00302,LOCATION_0202,ANPR,POLICE_CHECKPOINT,0.91
VEVENT_001009,2025-09-24 00:00:10,VEHICLE_00228,LOCATION_0112,ANPR,FIELD_SURVEILLANCE,0.82
VEVENT_001010,2025-09-24 00:02:10,VEHICLE_00302,LOCATION_0112,ANPR,POLICE_CHECKPOINT,0.81
VEVENT_001011,2024-02-24 00:25:09,VEHICLE_00228,LOCATION_0282,ANPR,ANPR_CAMERA,0.93
VEVENT_001012,2024-02-24 00:31:09,VEHICLE_00302,LOCATION_0282,ANPR,TOLL_PLAZA,0.96
VEVENT_001013,2024-02-24 00:37:09,VEHICLE_00228,LOCATION_0092,ANPR,TOLL_PLAZA,0.85
VEVENT_001014,2024-02-24 00:42:09,VEHICLE_00302,LOCATION_0092,ANPR,TOLL_PLAZA,0.88
VEVENT_001015,2024-02-24 00:49:09,VEHICLE_00228,LOCATION_0082,ANPR,FIELD_SURVEILLANCE,0.86
VEVENT_001016,2024-02-24 00:53:09,VEHICLE_00302,LOCATION_0082,ANPR,POLICE_CHECKPOINT,0.94
VEVENT_001017,2024-02-24 01:01:09,VEHICLE_00228,LOCATION_0202,ANPR,POLICE_CHECKPOINT,0.85
VEVENT_001018,2024-02-24 01:07:09,VEHICLE_00302,LOCATION_0202,ANPR,TOLL_PLAZA,0.92
VEVENT_001019,2024-02-24 01:13:09,VEHICLE_00228,LOCATION_0112,ANPR,FIELD_SURVEILLANCE,0.89
VEVENT_001020,2024-02-24 01:15:09,VEHICLE_00302,LOCATION_0112,ANPR,FIELD_SURVEILLANCE,0.94
VEVENT_001021,2024-12-15 09:33:52,VEHICLE_00228,LOCATION_0282,ANPR,FIELD_SURVEILLANCE,0.83
VEVENT_001022,2024-12-15 09:37:52,VEHICLE_00302,LOCATION_0282,ANPR,ANPR_CAMERA,0.82
VEVENT_001023,2024-12-15 09:45:52,VEHICLE_00228,LOCATION_0092,ANPR,POLICE_CHECKPOINT,0.92
VEVENT_001024,2024-12-15 09:46:52,VEHICLE_00302,LOCATION_0092,ANPR,FIELD_SURVEILLANCE,0.82
VEVENT_001025,2024-12-15 09:57:52,VEHICLE_00228,LOCATION_0082,ANPR,FIELD_SURVEILLANCE,0.87
VEVENT_001026,2024-12-15 10:01:52,VEHICLE_00302,LOCATION_0082,ANPR,ANPR_CAMERA,0.82
VEVENT_001027,2024-12-15 10:09:52,VEHICLE_00228,LOCATION_0202,ANPR,POLICE_CHECKPOINT,0.91
VEVENT_001028,2024-12-15 10:11:52,VEHICLE_00302,LOCATION_0202,ANPR,POLICE_CHECKPOINT,0.82
VEVENT_001029,2024-12-15 10:21:52,VEHICLE_00228,LOCATION_0112,ANPR,ANPR_CAMERA,0.82
VEVENT_001030,2024-12-15 10:27:52,VEHICLE_00302,LOCATION_0112,ANPR,FIELD_SURVEILLANCE,0.93
VEVENT_001031,2024-09-04 17:11:22,VEHICLE_00025,LOCATION_0049,ANPR,FIELD_SURVEILLANCE,0.96
VEVENT_001032,2024-09-04 17:17:22,VEHICLE_00548,LOCATION_0049,ANPR,POLICE_CHECKPOINT,0.82
VEVENT_001033,2024-09-04 17:23:22,VEHICLE_00025,LOCATION_0179,ANPR,POLICE_CHECKPOINT,0.89
VEVENT_001034,2024-09-04 17:29:22,VEHICLE_00548,LOCATION_0179,ANPR,ANPR_CAMERA,0.87
VEVENT_001035,2024-09-04 17:35:22,VEHICLE_00025,LOCATION_0189,ANPR,FIELD_SURVEILLANCE,0.87
VEVENT_001036,2024-09-04 17:36:22,VEHICLE_00548,LOCATION_0189,ANPR,ANPR_CAMERA,0.89
VEVENT_001037,2024-09-04 17:47:22,VEHICLE_00025,LOCATION_0299,ANPR,ANPR_CAMERA,0.88
VEVENT_001038,2024-09-04 17:52:22,VEHICLE_00548,LOCATION_0299,ANPR,POLICE_CHECKPOINT,0.82
VEVENT_001039,2024-09-04 17:59:22,VEHICLE_00025,LOCATION_0229,ANPR,TOLL_PLAZA,0.82
VEVENT_001040,2024-09-04 18:01:22,VEHICLE_00548,LOCATION_0229,ANPR,POLICE_CHECKPOINT,0.82
VEVENT_001041,2024-04-30 15:08:15,VEHICLE_00025,LOCATION_0049,ANPR,POLICE_CHECKPOINT,0.81
VEVENT_001042,2024-04-30 15:12:15,VEHICLE_00548,LOCATION_0049,ANPR,POLICE_CHECKPOINT,0.83
VEVENT_001043,2024-04-30 15:20:15,VEHICLE_00025,LOCATION_0179,ANPR,TOLL_PLAZA,0.88
VEVENT_001044,2024-04-30 15:26:15,VEHICLE_00548,LOCATION_0179,ANPR,TOLL_PLAZA,0.83
VEVENT_001045,2024-04-30 15:32:15,VEHICLE_00025,LOCATION_0189,ANPR,FIELD_SURVEILLANCE,0.82
VEVENT_001046,2024-04-30 15:36:15,VEHICLE_00548,LOCATION_0189,ANPR,TOLL_PLAZA,0.87
VEVENT_001047,2024-04-30 15:44:15,VEHICLE_00025,LOCATION_0299,ANPR,ANPR_CAMERA,0.81
VEVENT_001048,2024-04-30 15:46:15,VEHICLE_00548,LOCATION_0299,ANPR,POLICE_CHECKPOINT,0.82
VEVENT_001049,2024-04-30 15:56:15,VEHICLE_00025,LOCATION_0229,ANPR,FIELD_SURVEILLANCE,0.97
VEVENT_001050,2024-04-30 15:59:15,VEHICLE_00548,LOCATION_0229,ANPR,POLICE_CHECKPOINT,0.91
VEVENT_001051,2024-11-09 06:35:37,VEHICLE_00025,LOCATION_0049,ANPR,ANPR_CAMERA,0.87
VEVENT_001052,2024-11-09 06:37:37,VEHICLE_00548,LOCATION_0049,ANPR,TOLL_PLAZA,0.93
VEVENT_001053,2024-11-09 06:47:37,VEHICLE_00025,LOCATION_0179,ANPR,TOLL_PLAZA,0.88
VEVENT_001054,2024-11-09 06:48:37,VEHICLE_00548,LOCATION_0179,ANPR,POLICE_CHECKPOINT,0.85
VEVENT_001055,2024-11-09 06:59:37,VEHICLE_00025,LOCATION_0189,ANPR,TOLL_PLAZA,0.84
VEVENT_001056,2024-11-09 07:04:37,VEHICLE_00548,LOCATION_0189,ANPR,TOLL_PLAZA,0.82
VEVENT_001057,2024-11-09 07:11:37,VEHICLE_00025,LOCATION_0299,ANPR,ANPR_CAMERA,0.82
VEVENT_001058,2024-11-09 07:17:37,VEHICLE_00548,LOCATION_0299,ANPR,FIELD_SURVEILLANCE,0.8
VEVENT_001059,2024-11-09 07:23:37,VEHICLE_00025,LOCATION_0229,ANPR,ANPR_CAMERA,0.94
VEVENT_001060,2024-11-09 07:24:37,VEHICLE_00548,LOCATION_0229,ANPR,TOLL_PLAZA,0.92
VEVENT_001061,2024-11-05 12:07:29,VEHICLE_00025,LOCATION_0049,ANPR,TOLL_PLAZA,0.85
VEVENT_001062,2024-11-05 12:08:29,VEHICLE_00548,LOCATION_0049,ANPR,TOLL_PLAZA,0.92
VEVENT_001063,2024-11-05 12:19:29,VEHICLE_00025,LOCATION_0179,ANPR,POLICE_CHECKPOINT,0.87
VEVENT_001064,2024-11-05 12:24:29,VEHICLE_00548,LOCATION_0179,ANPR,POLICE_CHECKPOINT,0.97
VEVENT_001065,2024-11-05 12:31:29,VEHICLE_00025,LOCATION_0189,ANPR,FIELD_SURVEILLANCE,0.96
VEVENT_001066,2024-11-05 12:37:29,VEHICLE_00548,LOCATION_0189,ANPR,ANPR_CAMERA,0.92
VEVENT_001067,2024-11-05 12:43:29,VEHICLE_00025,LOCATION_0299,ANPR,TOLL_PLAZA,0.96
VEVENT_001068,2024-11-05 12:48:29,VEHICLE_00548,LOCATION_0299,ANPR,TOLL_PLAZA,0.97
VEVENT_001069,2024-11-05 12:55:29,VEHICLE_00025,LOCATION_0229,ANPR,POLICE_CHECKPOINT,0.87
VEVENT_001070,2024-11-05 12:57:29,VEHICLE_00548,LOCATION_0229,ANPR,ANPR_CAMERA,0.96
VEVENT_001071,2026-06-12 20:13:17,VEHICLE_00233,LOCATION_0049,ANPR,TOLL_PLAZA,0.81
VEVENT_001072,2026-06-12 20:17:17,VEHICLE_00258,LOCATION_0049,ANPR,POLICE_CHECKPOINT,0.84
VEVENT_001073,2026-06-12 20:25:17,VEHICLE_00233,LOCATION_0179,ANPR,POLICE_CHECKPOINT,0.82
VEVENT_001074,2026-06-12 20:27:17,VEHICLE_00258,LOCATION_0179,ANPR,POLICE_CHECKPOINT,0.94
VEVENT_001075,2026-06-12 20:37:17,VEHICLE_00233,LOCATION_0189,ANPR,FIELD_SURVEILLANCE,0.82
VEVENT_001076,2026-06-12 20:40:17,VEHICLE_00258,LOCATION_0189,ANPR,TOLL_PLAZA,0.85
VEVENT_001077,2026-06-12 20:49:17,VEHICLE_00233,LOCATION_0299,ANPR,ANPR_CAMERA,0.91
VEVENT_001078,2026-06-12 20:51:17,VEHICLE_00258,LOCATION_0299,ANPR,FIELD_SURVEILLANCE,0.95
VEVENT_001079,2026-06-12 21:01:17,VEHICLE_00233,LOCATION_0229,ANPR,FIELD_SURVEILLANCE,0.86
VEVENT_001080,2026-06-12 21:05:17,VEHICLE_00258,LOCATION_0229,ANPR,TOLL_PLAZA,0.94
VEVENT_001081,2024-09-12 10:15:55,VEHICLE_00233,LOCATION_0049,ANPR,FIELD_SURVEILLANCE,0.86
VEVENT_001082,2024-09-12 10:19:55,VEHICLE_00258,LOCATION_0049,ANPR,ANPR_CAMERA,0.91
VEVENT_001083,2024-09-12 10:27:55,VEHICLE_00233,LOCATION_0179,ANPR,FIELD_SURVEILLANCE,0.84
VEVENT_001084,2024-09-12 10:30:55,VEHICLE_00258,LOCATION_0179,ANPR,ANPR_CAMERA,0.83
VEVENT_001085,2024-09-12 10:39:55,VEHICLE_00233,LOCATION_0189,ANPR,TOLL_PLAZA,0.82
VEVENT_001086,2024-09-12 10:42:55,VEHICLE_00258,LOCATION_0189,ANPR,TOLL_PLAZA,0.85
VEVENT_001087,2024-09-12 10:51:55,VEHICLE_00233,LOCATION_0299,ANPR,ANPR_CAMERA,0.93
VEVENT_001088,2024-09-12 10:55:55,VEHICLE_00258,LOCATION_0299,ANPR,FIELD_SURVEILLANCE,0.94
VEVENT_001089,2024-09-12 11:03:55,VEHICLE_00233,LOCATION_0229,ANPR,FIELD_SURVEILLANCE,0.91
VEVENT_001090,2024-09-12 11:07:55,VEHICLE_00258,LOCATION_0229,ANPR,FIELD_SURVEILLANCE,0.88
VEVENT_001091,2024-10-18 09:41:28,VEHICLE_00233,LOCATION_0049,ANPR,FIELD_SURVEILLANCE,0.81
VEVENT_001092,2024-10-18 09:45:28,VEHICLE_00258,LOCATION_0049,ANPR,TOLL_PLAZA,0.85
VEVENT_001093,2024-10-18 09:53:28,VEHICLE_00233,LOCATION_0179,ANPR,TOLL_PLAZA,0.91
VEVENT_001094,2024-10-18 09:55:28,VEHICLE_00258,LOCATION_0179,ANPR,FIELD_SURVEILLANCE,0.88
VEVENT_001095,2024-10-18 10:05:28,VEHICLE_00233,LOCATION_0189,ANPR,TOLL_PLAZA,0.93
VEVENT_001096,2024-10-18 10:08:28,VEHICLE_00258,LOCATION_0189,ANPR,POLICE_CHECKPOINT,0.96
VEVENT_001097,2024-10-18 10:17:28,VEHICLE_00233,LOCATION_0299,ANPR,ANPR_CAMERA,0.86
VEVENT_001098,2024-10-18 10:18:28,VEHICLE_00258,LOCATION_0299,ANPR,FIELD_SURVEILLANCE,0.81
VEVENT_001099,2024-10-18 10:29:28,VEHICLE_00233,LOCATION_0229,ANPR,FIELD_SURVEILLANCE,0.82
VEVENT_001100,2024-10-18 10:34:28,VEHICLE_00258,LOCATION_0229,ANPR,ANPR_CAMERA,0.8
VEVENT_001101,2026-01-30 02:45:23,VEHICLE_00233,LOCATION_0049,ANPR,TOLL_PLAZA,0.96
VEVENT_001102,2026-01-30 02:50:23,VEHICLE_00258,LOCATION_0049,ANPR,POLICE_CHECKPOINT,0.94
VEVENT_001103,2026-01-30 02:57:23,VEHICLE_00233,LOCATION_0179,ANPR,ANPR_CAMERA,0.9
VEVENT_001104,2026-01-30 03:03:23,VEHICLE_00258,LOCATION_0179,ANPR,POLICE_CHECKPOINT,0.86
VEVENT_001105,2026-01-30 03:09:23,VEHICLE_00233,LOCATION_0189,ANPR,TOLL_PLAZA,0.93
VEVENT_001106,2026-01-30 03:10:23,VEHICLE_00258,LOCATION_0189,ANPR,POLICE_CHECKPOINT,0.95
VEVENT_001107,2026-01-30 03:21:23,VEHICLE_00233,LOCATION_0299,ANPR,FIELD_SURVEILLANCE,0.89
VEVENT_001108,2026-01-30 03:26:23,VEHICLE_00258,LOCATION_0299,ANPR,FIELD_SURVEILLANCE,0.87
VEVENT_001109,2026-01-30 03:33:23,VEHICLE_00233,LOCATION_0229,ANPR,ANPR_CAMERA,0.8
VEVENT_001110,2026-01-30 03:37:23,VEHICLE_00258,LOCATION_0229,ANPR,FIELD_SURVEILLANCE,0.87
VEVENT_001111,2024-07-20 04:58:28,VEHICLE_00264,LOCATION_0278,ANPR,POLICE_CHECKPOINT,0.89
VEVENT_001112,2024-07-20 05:01:28,VEHICLE_00576,LOCATION_0278,ANPR,ANPR_CAMERA,0.92
VEVENT_001113,2024-07-20 05:10:28,VEHICLE_00264,LOCATION_0288,ANPR,FIELD_SURVEILLANCE,0.91
VEVENT_001114,2024-07-20 05:16:28,VEHICLE_00576,LOCATION_0288,ANPR,POLICE_CHECKPOINT,0.96
VEVENT_001115,2024-07-20 05:22:28,VEHICLE_00264,LOCATION_0108,ANPR,FIELD_SURVEILLANCE,0.95
VEVENT_001116,2024-07-20 05:28:28,VEHICLE_00576,LOCATION_0108,ANPR,TOLL_PLAZA,0.94
VEVENT_001117,2024-07-20 05:34:28,VEHICLE_00264,LOCATION_0028,ANPR,ANPR_CAMERA,0.83
VEVENT_001118,2024-07-20 05:38:28,VEHICLE_00576,LOCATION_0028,ANPR,POLICE_CHECKPOINT,0.8
VEVENT_001119,2024-07-20 05:46:28,VEHICLE_00264,LOCATION_0068,ANPR,TOLL_PLAZA,0.91
VEVENT_001120,2024-07-20 05:50:28,VEHICLE_00576,LOCATION_0068,ANPR,ANPR_CAMERA,0.8
VEVENT_001121,2024-03-19 04:24:59,VEHICLE_00264,LOCATION_0278,ANPR,POLICE_CHECKPOINT,0.95
VEVENT_001122,2024-03-19 04:26:59,VEHICLE_00576,LOCATION_0278,ANPR,ANPR_CAMERA,0.84
VEVENT_001123,2024-03-19 04:36:59,VEHICLE_00264,LOCATION_0288,ANPR,TOLL_PLAZA,0.85
VEVENT_001124,2024-03-19 04:41:59,VEHICLE_00576,LOCATION_0288,ANPR,POLICE_CHECKPOINT,0.95
VEVENT_001125,2024-03-19 04:48:59,VEHICLE_00264,LOCATION_0108,ANPR,ANPR_CAMERA,0.84
VEVENT_001126,2024-03-19 04:51:59,VEHICLE_00576,LOCATION_0108,ANPR,ANPR_CAMERA,0.83
VEVENT_001127,2024-03-19 05:00:59,VEHICLE_00264,LOCATION_0028,ANPR,ANPR_CAMERA,0.86
VEVENT_001128,2024-03-19 05:04:59,VEHICLE_00576,LOCATION_0028,ANPR,TOLL_PLAZA,0.95
VEVENT_001129,2024-03-19 05:12:59,VEHICLE_00264,LOCATION_0068,ANPR,FIELD_SURVEILLANCE,0.84
VEVENT_001130,2024-03-19 05:13:59,VEHICLE_00576,LOCATION_0068,ANPR,POLICE_CHECKPOINT,0.96
VEVENT_001131,2025-06-21 14:15:49,VEHICLE_00264,LOCATION_0278,ANPR,POLICE_CHECKPOINT,0.88
VEVENT_001132,2025-06-21 14:18:49,VEHICLE_00576,LOCATION_0278,ANPR,FIELD_SURVEILLANCE,0.81
VEVENT_001133,2025-06-21 14:27:49,VEHICLE_00264,LOCATION_0288,ANPR,POLICE_CHECKPOINT,0.84
VEVENT_001134,2025-06-21 14:32:49,VEHICLE_00576,LOCATION_0288,ANPR,FIELD_SURVEILLANCE,0.85
VEVENT_001135,2025-06-21 14:39:49,VEHICLE_00264,LOCATION_0108,ANPR,ANPR_CAMERA,0.83
VEVENT_001136,2025-06-21 14:40:49,VEHICLE_00576,LOCATION_0108,ANPR,POLICE_CHECKPOINT,0.93
VEVENT_001137,2025-06-21 14:51:49,VEHICLE_00264,LOCATION_0028,ANPR,FIELD_SURVEILLANCE,0.94
VEVENT_001138,2025-06-21 14:52:49,VEHICLE_00576,LOCATION_0028,ANPR,POLICE_CHECKPOINT,0.89
VEVENT_001139,2025-06-21 15:03:49,VEHICLE_00264,LOCATION_0068,ANPR,POLICE_CHECKPOINT,0.93
VEVENT_001140,2025-06-21 15:09:49,VEHICLE_00576,LOCATION_0068,ANPR,ANPR_CAMERA,0.81
VEVENT_001141,2025-03-16 04:06:01,VEHICLE_00264,LOCATION_0278,ANPR,TOLL_PLAZA,0.9
VEVENT_001142,2025-03-16 04:12:01,VEHICLE_00576,LOCATION_0278,ANPR,FIELD_SURVEILLANCE,0.9
VEVENT_001143,2025-03-16 04:18:01,VEHICLE_00264,LOCATION_0288,ANPR,FIELD_SURVEILLANCE,0.85
VEVENT_001144,2025-03-16 04:21:01,VEHICLE_00576,LOCATION_0288,ANPR,FIELD_SURVEILLANCE,0.81
VEVENT_001145,2025-03-16 04:30:01,VEHICLE_00264,LOCATION_0108,ANPR,FIELD_SURVEILLANCE,0.84
VEVENT_001146,2025-03-16 04:31:01,VEHICLE_00576,LOCATION_0108,ANPR,TOLL_PLAZA,0.93
VEVENT_001147,2025-03-16 04:42:01,VEHICLE_00264,LOCATION_0028,ANPR,ANPR_CAMERA,0.84
VEVENT_001148,2025-03-16 04:43:01,VEHICLE_00576,LOCATION_0028,ANPR,FIELD_SURVEILLANCE,0.95
VEVENT_001149,2025-03-16 04:54:01,VEHICLE_00264,LOCATION_0068,ANPR,ANPR_CAMERA,0.82
VEVENT_001150,2025-03-16 04:58:01,VEHICLE_00576,LOCATION_0068,ANPR,FIELD_SURVEILLANCE,0.82
VEVENT_001151,2025-11-01 20:26:50,VEHICLE_00264,LOCATION_0278,ANPR,TOLL_PLAZA,0.81
VEVENT_001152,2025-11-01 20:29:50,VEHICLE_00576,LOCATION_0278,ANPR,ANPR_CAMERA,0.87
VEVENT_001153,2025-11-01 20:38:50,VEHICLE_00264,LOCATION_0288,ANPR,POLICE_CHECKPOINT,0.94
VEVENT_001154,2025-11-01 20:40:50,VEHICLE_00576,LOCATION_0288,ANPR,ANPR_CAMERA,0.8
VEVENT_001155,2025-11-01 20:50:50,VEHICLE_00264,LOCATION_0108,ANPR,FIELD_SURVEILLANCE,0.93
VEVENT_001156,2025-11-01 20:56:50,VEHICLE_00576,LOCATION_0108,ANPR,POLICE_CHECKPOINT,0.97
VEVENT_001157,2025-11-01 21:02:50,VEHICLE_00264,LOCATION_0028,ANPR,ANPR_CAMERA,0.86
VEVENT_001158,2025-11-01 21:08:50,VEHICLE_00576,LOCATION_0028,ANPR,ANPR_CAMERA,0.85
VEVENT_001159,2025-11-01 21:14:50,VEHICLE_00264,LOCATION_0068,ANPR,FIELD_SURVEILLANCE,0.9
VEVENT_001160,2025-11-01 21:19:50,VEHICLE_00576,LOCATION_0068,ANPR,POLICE_CHECKPOINT,0.87
VEVENT_001161,2024-07-04 21:21:21,VEHICLE_00264,LOCATION_0278,ANPR,POLICE_CHECKPOINT,0.83
VEVENT_001162,2024-07-04 21:26:21,VEHICLE_00576,LOCATION_0278,ANPR,TOLL_PLAZA,0.88
VEVENT_001163,2024-07-04 21:33:21,VEHICLE_00264,LOCATION_0288,ANPR,ANPR_CAMERA,0.85
VEVENT_001164,2024-07-04 21:35:21,VEHICLE_00576,LOCATION_0288,ANPR,ANPR_CAMERA,0.92
VEVENT_001165,2024-07-04 21:45:21,VEHICLE_00264,LOCATION_0108,ANPR,ANPR_CAMERA,0.93
VEVENT_001166,2024-07-04 21:49:21,VEHICLE_00576,LOCATION_0108,ANPR,POLICE_CHECKPOINT,0.9
VEVENT_001167,2024-07-04 21:57:21,VEHICLE_00264,LOCATION_0028,ANPR,ANPR_CAMERA,0.92
VEVENT_001168,2024-07-04 21:59:21,VEHICLE_00576,LOCATION_0028,ANPR,TOLL_PLAZA,0.83
VEVENT_001169,2024-07-04 22:09:21,VEHICLE_00264,LOCATION_0068,ANPR,FIELD_SURVEILLANCE,0.88
VEVENT_001170,2024-07-04 22:15:21,VEHICLE_00576,LOCATION_0068,ANPR,POLICE_CHECKPOINT,0.93
VEVENT_001171,2025-03-03 01:44:34,VEHICLE_00264,LOCATION_0278,ANPR,TOLL_PLAZA,0.87
VEVENT_001172,2025-03-03 01:49:34,VEHICLE_00576,LOCATION_0278,ANPR,POLICE_CHECKPOINT,0.82
VEVENT_001173,2025-03-03 01:56:34,VEHICLE_00264,LOCATION_0288,ANPR,TOLL_PLAZA,0.91
VEVENT_001174,2025-03-03 02:01:34,VEHICLE_00576,LOCATION_0288,ANPR,TOLL_PLAZA,0.92
VEVENT_001175,2025-03-03 02:08:34,VEHICLE_00264,LOCATION_0108,ANPR,POLICE_CHECKPOINT,0.86
VEVENT_001176,2025-03-03 02:09:34,VEHICLE_00576,LOCATION_0108,ANPR,POLICE_CHECKPOINT,0.97
VEVENT_001177,2025-03-03 02:20:34,VEHICLE_00264,LOCATION_0028,ANPR,ANPR_CAMERA,0.91
VEVENT_001178,2025-03-03 02:21:34,VEHICLE_00576,LOCATION_0028,ANPR,POLICE_CHECKPOINT,0.94
VEVENT_001179,2025-03-03 02:32:34,VEHICLE_00264,LOCATION_0068,ANPR,FIELD_SURVEILLANCE,0.86
VEVENT_001180,2025-03-03 02:38:34,VEHICLE_00576,LOCATION_0068,ANPR,FIELD_SURVEILLANCE,0.82
VEVENT_001181,2024-07-02 02:45:05,VEHICLE_00264,LOCATION_0278,ANPR,ANPR_CAMERA,0.94
VEVENT_001182,2024-07-02 02:49:05,VEHICLE_00576,LOCATION_0278,ANPR,ANPR_CAMERA,0.93
VEVENT_001183,2024-07-02 02:57:05,VEHICLE_00264,LOCATION_0288,ANPR,POLICE_CHECKPOINT,0.94
VEVENT_001184,2024-07-02 03:00:05,VEHICLE_00576,LOCATION_0288,ANPR,ANPR_CAMERA,0.81
VEVENT_001185,2024-07-02 03:09:05,VEHICLE_00264,LOCATION_0108,ANPR,TOLL_PLAZA,0.95
VEVENT_001186,2024-07-02 03:10:05,VEHICLE_00576,LOCATION_0108,ANPR,FIELD_SURVEILLANCE,0.84
VEVENT_001187,2024-07-02 03:21:05,VEHICLE_00264,LOCATION_0028,ANPR,FIELD_SURVEILLANCE,0.93
VEVENT_001188,2024-07-02 03:27:05,VEHICLE_00576,LOCATION_0028,ANPR,TOLL_PLAZA,0.88
VEVENT_001189,2024-07-02 03:33:05,VEHICLE_00264,LOCATION_0068,ANPR,POLICE_CHECKPOINT,0.84
VEVENT_001190,2024-07-02 03:38:05,VEHICLE_00576,LOCATION_0068,ANPR,FIELD_SURVEILLANCE,0.82
VEVENT_001191,2024-11-11 07:51:19,VEHICLE_00652,LOCATION_0049,ANPR,POLICE_CHECKPOINT,0.89
VEVENT_001192,2024-11-11 07:57:19,VEHICLE_00499,LOCATION_0049,ANPR,TOLL_PLAZA,0.87
VEVENT_001193,2024-11-11 08:03:19,VEHICLE_00652,LOCATION_0179,ANPR,TOLL_PLAZA,0.85
VEVENT_001194,2024-11-11 08:08:19,VEHICLE_00499,LOCATION_0179,ANPR,TOLL_PLAZA,0.89
VEVENT_001195,2024-11-11 08:15:19,VEHICLE_00652,LOCATION_0189,ANPR,ANPR_CAMERA,0.95
VEVENT_001196,2024-11-11 08:21:19,VEHICLE_00499,LOCATION_0189,ANPR,FIELD_SURVEILLANCE,0.84
VEVENT_001197,2024-11-11 08:27:19,VEHICLE_00652,LOCATION_0299,ANPR,FIELD_SURVEILLANCE,0.8
VEVENT_001198,2024-11-11 08:28:19,VEHICLE_00499,LOCATION_0299,ANPR,POLICE_CHECKPOINT,0.88
VEVENT_001199,2024-11-11 08:39:19,VEHICLE_00652,LOCATION_0229,ANPR,FIELD_SURVEILLANCE,0.82
VEVENT_001200,2024-11-11 08:45:19,VEHICLE_00499,LOCATION_0229,ANPR,POLICE_CHECKPOINT,0.89
VEVENT_001201,2025-07-22 19:24:09,VEHICLE_00652,LOCATION_0049,ANPR,POLICE_CHECKPOINT,0.85
VEVENT_001202,2025-07-22 19:28:09,VEHICLE_00499,LOCATION_0049,ANPR,POLICE_CHECKPOINT,0.87
VEVENT_001203,2025-07-22 19:36:09,VEHICLE_00652,LOCATION_0179,ANPR,ANPR_CAMERA,0.92
VEVENT_001204,2025-07-22 19:38:09,VEHICLE_00499,LOCATION_0179,ANPR,TOLL_PLAZA,0.83
VEVENT_001205,2025-07-22 19:48:09,VEHICLE_00652,LOCATION_0189,ANPR,TOLL_PLAZA,0.83
VEVENT_001206,2025-07-22 19:54:09,VEHICLE_00499,LOCATION_0189,ANPR,POLICE_CHECKPOINT,0.82
VEVENT_001207,2025-07-22 20:00:09,VEHICLE_00652,LOCATION_0299,ANPR,FIELD_SURVEILLANCE,0.96
VEVENT_001208,2025-07-22 20:06:09,VEHICLE_00499,LOCATION_0299,ANPR,ANPR_CAMERA,0.96
VEVENT_001209,2025-07-22 20:12:09,VEHICLE_00652,LOCATION_0229,ANPR,TOLL_PLAZA,0.81
VEVENT_001210,2025-07-22 20:13:09,VEHICLE_00499,LOCATION_0229,ANPR,TOLL_PLAZA,0.87
VEVENT_001211,2024-12-01 03:15:53,VEHICLE_00652,LOCATION_0049,ANPR,ANPR_CAMERA,0.95
VEVENT_001212,2024-12-01 03:17:53,VEHICLE_00499,LOCATION_0049,ANPR,FIELD_SURVEILLANCE,0.87
VEVENT_001213,2024-12-01 03:27:53,VEHICLE_00652,LOCATION_0179,ANPR,POLICE_CHECKPOINT,0.84
VEVENT_001214,2024-12-01 03:33:53,VEHICLE_00499,LOCATION_0179,ANPR,POLICE_CHECKPOINT,0.81
VEVENT_001215,2024-12-01 03:39:53,VEHICLE_00652,LOCATION_0189,ANPR,TOLL_PLAZA,0.87
VEVENT_001216,2024-12-01 03:40:53,VEHICLE_00499,LOCATION_0189,ANPR,POLICE_CHECKPOINT,0.94
VEVENT_001217,2024-12-01 03:51:53,VEHICLE_00652,LOCATION_0299,ANPR,ANPR_CAMERA,0.86
VEVENT_001218,2024-12-01 03:54:53,VEHICLE_00499,LOCATION_0299,ANPR,TOLL_PLAZA,0.9
VEVENT_001219,2024-12-01 04:03:53,VEHICLE_00652,LOCATION_0229,ANPR,TOLL_PLAZA,0.97
VEVENT_001220,2024-12-01 04:06:53,VEHICLE_00499,LOCATION_0229,ANPR,FIELD_SURVEILLANCE,0.91
VEVENT_001221,2026-02-12 18:53:46,VEHICLE_00652,LOCATION_0049,ANPR,TOLL_PLAZA,0.8
VEVENT_001222,2026-02-12 18:56:46,VEHICLE_00499,LOCATION_0049,ANPR,TOLL_PLAZA,0.94
VEVENT_001223,2026-02-12 19:05:46,VEHICLE_00652,LOCATION_0179,ANPR,ANPR_CAMERA,0.9
VEVENT_001224,2026-02-12 19:07:46,VEHICLE_00499,LOCATION_0179,ANPR,FIELD_SURVEILLANCE,0.86
VEVENT_001225,2026-02-12 19:17:46,VEHICLE_00652,LOCATION_0189,ANPR,TOLL_PLAZA,0.93
VEVENT_001226,2026-02-12 19:22:46,VEHICLE_00499,LOCATION_0189,ANPR,FIELD_SURVEILLANCE,0.94
VEVENT_001227,2026-02-12 19:29:46,VEHICLE_00652,LOCATION_0299,ANPR,FIELD_SURVEILLANCE,0.84
VEVENT_001228,2026-02-12 19:31:46,VEHICLE_00499,LOCATION_0299,ANPR,TOLL_PLAZA,0.81
VEVENT_001229,2026-02-12 19:41:46,VEHICLE_00652,LOCATION_0229,ANPR,FIELD_SURVEILLANCE,0.96
VEVENT_001230,2026-02-12 19:42:46,VEHICLE_00499,LOCATION_0229,ANPR,ANPR_CAMERA,0.93
VEVENT_001231,2025-08-16 05:39:50,VEHICLE_00652,LOCATION_0049,ANPR,ANPR_CAMERA,0.97
VEVENT_001232,2025-08-16 05:42:50,VEHICLE_00499,LOCATION_0049,ANPR,FIELD_SURVEILLANCE,0.95
VEVENT_001233,2025-08-16 05:51:50,VEHICLE_00652,LOCATION_0179,ANPR,TOLL_PLAZA,0.94
VEVENT_001234,2025-08-16 05:54:50,VEHICLE_00499,LOCATION_0179,ANPR,ANPR_CAMERA,0.89
VEVENT_001235,2025-08-16 06:03:50,VEHICLE_00652,LOCATION_0189,ANPR,POLICE_CHECKPOINT,0.91
VEVENT_001236,2025-08-16 06:09:50,VEHICLE_00499,LOCATION_0189,ANPR,ANPR_CAMERA,0.81
VEVENT_001237,2025-08-16 06:15:50,VEHICLE_00652,LOCATION_0299,ANPR,FIELD_SURVEILLANCE,0.84
VEVENT_001238,2025-08-16 06:17:50,VEHICLE_00499,LOCATION_0299,ANPR,TOLL_PLAZA,0.81
VEVENT_001239,2025-08-16 06:27:50,VEHICLE_00652,LOCATION_0229,ANPR,FIELD_SURVEILLANCE,0.97
VEVENT_001240,2025-08-16 06:29:50,VEHICLE_00499,LOCATION_0229,ANPR,TOLL_PLAZA,0.92
VEVENT_001241,2026-05-16 06:04:36,VEHICLE_00563,LOCATION_0282,ANPR,FIELD_SURVEILLANCE,0.96
VEVENT_001242,2026-05-16 06:05:36,VEHICLE_00695,LOCATION_0282,ANPR,POLICE_CHECKPOINT,0.89
VEVENT_001243,2026-05-16 06:16:36,VEHICLE_00563,LOCATION_0092,ANPR,POLICE_CHECKPOINT,0.9
VEVENT_001244,2026-05-16 06:20:36,VEHICLE_00695,LOCATION_0092,ANPR,FIELD_SURVEILLANCE,0.97
VEVENT_001245,2026-05-16 06:28:36,VEHICLE_00563,LOCATION_0082,ANPR,POLICE_CHECKPOINT,0.96
VEVENT_001246,2026-05-16 06:30:36,VEHICLE_00695,LOCATION_0082,ANPR,ANPR_CAMERA,0.85
VEVENT_001247,2026-05-16 06:40:36,VEHICLE_00563,LOCATION_0202,ANPR,POLICE_CHECKPOINT,0.95
VEVENT_001248,2026-05-16 06:45:36,VEHICLE_00695,LOCATION_0202,ANPR,ANPR_CAMERA,0.87
VEVENT_001249,2026-05-16 06:52:36,VEHICLE_00563,LOCATION_0112,ANPR,ANPR_CAMERA,0.92
VEVENT_001250,2026-05-16 06:53:36,VEHICLE_00695,LOCATION_0112,ANPR,ANPR_CAMERA,0.94
VEVENT_001251,2024-06-18 20:07:45,VEHICLE_00563,LOCATION_0282,ANPR,ANPR_CAMERA,0.88
VEVENT_001252,2024-06-18 20:08:45,VEHICLE_00695,LOCATION_0282,ANPR,POLICE_CHECKPOINT,0.89
VEVENT_001253,2024-06-18 20:19:45,VEHICLE_00563,LOCATION_0092,ANPR,POLICE_CHECKPOINT,0.95
VEVENT_001254,2024-06-18 20:22:45,VEHICLE_00695,LOCATION_0092,ANPR,POLICE_CHECKPOINT,0.9
VEVENT_001255,2024-06-18 20:31:45,VEHICLE_00563,LOCATION_0082,ANPR,TOLL_PLAZA,0.85
VEVENT_001256,2024-06-18 20:37:45,VEHICLE_00695,LOCATION_0082,ANPR,ANPR_CAMERA,0.92
VEVENT_001257,2024-06-18 20:43:45,VEHICLE_00563,LOCATION_0202,ANPR,TOLL_PLAZA,0.96
VEVENT_001258,2024-06-18 20:44:45,VEHICLE_00695,LOCATION_0202,ANPR,ANPR_CAMERA,0.91
VEVENT_001259,2024-06-18 20:55:45,VEHICLE_00563,LOCATION_0112,ANPR,TOLL_PLAZA,0.91
VEVENT_001260,2024-06-18 20:59:45,VEHICLE_00695,LOCATION_0112,ANPR,POLICE_CHECKPOINT,0.96
VEVENT_001261,2024-06-29 08:03:50,VEHICLE_00563,LOCATION_0282,ANPR,TOLL_PLAZA,0.96
VEVENT_001262,2024-06-29 08:04:50,VEHICLE_00695,LOCATION_0282,ANPR,FIELD_SURVEILLANCE,0.93
VEVENT_001263,2024-06-29 08:15:50,VEHICLE_00563,LOCATION_0092,ANPR,ANPR_CAMERA,0.84
VEVENT_001264,2024-06-29 08:17:50,VEHICLE_00695,LOCATION_0092,ANPR,FIELD_SURVEILLANCE,0.93
VEVENT_001265,2024-06-29 08:27:50,VEHICLE_00563,LOCATION_0082,ANPR,TOLL_PLAZA,0.88
VEVENT_001266,2024-06-29 08:32:50,VEHICLE_00695,LOCATION_0082,ANPR,ANPR_CAMERA,0.91
VEVENT_001267,2024-06-29 08:39:50,VEHICLE_00563,LOCATION_0202,ANPR,POLICE_CHECKPOINT,0.83
VEVENT_001268,2024-06-29 08:42:50,VEHICLE_00695,LOCATION_0202,ANPR,TOLL_PLAZA,0.9
VEVENT_001269,2024-06-29 08:51:50,VEHICLE_00563,LOCATION_0112,ANPR,FIELD_SURVEILLANCE,0.94
VEVENT_001270,2024-06-29 08:57:50,VEHICLE_00695,LOCATION_0112,ANPR,POLICE_CHECKPOINT,0.82
VEVENT_001271,2025-05-03 15:16:28,VEHICLE_00563,LOCATION_0282,ANPR,TOLL_PLAZA,0.82
VEVENT_001272,2025-05-03 15:22:28,VEHICLE_00695,LOCATION_0282,ANPR,TOLL_PLAZA,0.83
VEVENT_001273,2025-05-03 15:28:28,VEHICLE_00563,LOCATION_0092,ANPR,ANPR_CAMERA,0.89
VEVENT_001274,2025-05-03 15:29:28,VEHICLE_00695,LOCATION_0092,ANPR,POLICE_CHECKPOINT,0.86
VEVENT_001275,2025-05-03 15:40:28,VEHICLE_00563,LOCATION_0082,ANPR,TOLL_PLAZA,0.81
VEVENT_001276,2025-05-03 15:42:28,VEHICLE_00695,LOCATION_0082,ANPR,FIELD_SURVEILLANCE,0.89
VEVENT_001277,2025-05-03 15:52:28,VEHICLE_00563,LOCATION_0202,ANPR,FIELD_SURVEILLANCE,0.93
VEVENT_001278,2025-05-03 15:53:28,VEHICLE_00695,LOCATION_0202,ANPR,ANPR_CAMERA,0.92
VEVENT_001279,2025-05-03 16:04:28,VEHICLE_00563,LOCATION_0112,ANPR,TOLL_PLAZA,0.97
VEVENT_001280,2025-05-03 16:08:28,VEHICLE_00695,LOCATION_0112,ANPR,POLICE_CHECKPOINT,0.96
VEVENT_001281,2024-05-20 05:41:08,VEHICLE_00563,LOCATION_0282,ANPR,POLICE_CHECKPOINT,0.95
VEVENT_001282,2024-05-20 05:47:08,VEHICLE_00695,LOCATION_0282,ANPR,ANPR_CAMERA,0.81
VEVENT_001283,2024-05-20 05:53:08,VEHICLE_00563,LOCATION_0092,ANPR,TOLL_PLAZA,0.96
VEVENT_001284,2024-05-20 05:57:08,VEHICLE_00695,LOCATION_0092,ANPR,POLICE_CHECKPOINT,0.95
VEVENT_001285,2024-05-20 06:05:08,VEHICLE_00563,LOCATION_0082,ANPR,ANPR_CAMERA,0.95
VEVENT_001286,2024-05-20 06:08:08,VEHICLE_00695,LOCATION_0082,ANPR,ANPR_CAMERA,0.94
VEVENT_001287,2024-05-20 06:17:08,VEHICLE_00563,LOCATION_0202,ANPR,TOLL_PLAZA,0.91
VEVENT_001288,2024-05-20 06:22:08,VEHICLE_00695,LOCATION_0202,ANPR,POLICE_CHECKPOINT,0.92
VEVENT_001289,2024-05-20 06:29:08,VEHICLE_00563,LOCATION_0112,ANPR,POLICE_CHECKPOINT,0.91
VEVENT_001290,2024-05-20 06:31:08,VEHICLE_00695,LOCATION_0112,ANPR,ANPR_CAMERA,0.91
VEVENT_001291,2026-02-18 05:03:28,VEHICLE_00354,LOCATION_0100,ANPR,POLICE_CHECKPOINT,0.87
VEVENT_001292,2026-02-18 05:06:28,VEHICLE_00609,LOCATION_0100,ANPR,FIELD_SURVEILLANCE,0.9
VEVENT_001293,2026-02-18 05:15:28,VEHICLE_00354,LOCATION_0120,ANPR,ANPR_CAMERA,0.85
VEVENT_001294,2026-02-18 05:17:28,VEHICLE_00609,LOCATION_0120,ANPR,ANPR_CAMERA,0.94
VEVENT_001295,2026-02-18 05:27:28,VEHICLE_00354,LOCATION_0150,ANPR,POLICE_CHECKPOINT,0.97
VEVENT_001296,2026-02-18 05:28:28,VEHICLE_00609,LOCATION_0150,ANPR,POLICE_CHECKPOINT,0.9
VEVENT_001297,2026-02-18 05:39:28,VEHICLE_00354,LOCATION_0290,ANPR,POLICE_CHECKPOINT,0.88
VEVENT_001298,2026-02-18 05:45:28,VEHICLE_00609,LOCATION_0290,ANPR,FIELD_SURVEILLANCE,0.86
VEVENT_001299,2026-02-18 05:51:28,VEHICLE_00354,LOCATION_0200,ANPR,POLICE_CHECKPOINT,0.85
VEVENT_001300,2026-02-18 05:53:28,VEHICLE_00609,LOCATION_0200,ANPR,TOLL_PLAZA,0.93
VEVENT_001301,2026-01-30 10:10:54,VEHICLE_00354,LOCATION_0100,ANPR,ANPR_CAMERA,0.93
VEVENT_001302,2026-01-30 10:12:54,VEHICLE_00609,LOCATION_0100,ANPR,ANPR_CAMERA,0.94
VEVENT_001303,2026-01-30 10:22:54,VEHICLE_00354,LOCATION_0120,ANPR,TOLL_PLAZA,0.95
VEVENT_001304,2026-01-30 10:23:54,VEHICLE_00609,LOCATION_0120,ANPR,POLICE_CHECKPOINT,0.89
VEVENT_001305,2026-01-30 10:34:54,VEHICLE_00354,LOCATION_0150,ANPR,TOLL_PLAZA,0.93
VEVENT_001306,2026-01-30 10:37:54,VEHICLE_00609,LOCATION_0150,ANPR,POLICE_CHECKPOINT,0.8
VEVENT_001307,2026-01-30 10:46:54,VEHICLE_00354,LOCATION_0290,ANPR,TOLL_PLAZA,0.87
VEVENT_001308,2026-01-30 10:52:54,VEHICLE_00609,LOCATION_0290,ANPR,ANPR_CAMERA,0.89
VEVENT_001309,2026-01-30 10:58:54,VEHICLE_00354,LOCATION_0200,ANPR,TOLL_PLAZA,0.86
VEVENT_001310,2026-01-30 11:04:54,VEHICLE_00609,LOCATION_0200,ANPR,TOLL_PLAZA,0.87
VEVENT_001311,2024-07-05 13:37:43,VEHICLE_00354,LOCATION_0100,ANPR,ANPR_CAMERA,0.84
VEVENT_001312,2024-07-05 13:42:43,VEHICLE_00609,LOCATION_0100,ANPR,POLICE_CHECKPOINT,0.97
VEVENT_001313,2024-07-05 13:49:43,VEHICLE_00354,LOCATION_0120,ANPR,ANPR_CAMERA,0.82
VEVENT_001314,2024-07-05 13:52:43,VEHICLE_00609,LOCATION_0120,ANPR,POLICE_CHECKPOINT,0.89
VEVENT_001315,2024-07-05 14:01:43,VEHICLE_00354,LOCATION_0150,ANPR,TOLL_PLAZA,0.85
VEVENT_001316,2024-07-05 14:04:43,VEHICLE_00609,LOCATION_0150,ANPR,FIELD_SURVEILLANCE,0.93
VEVENT_001317,2024-07-05 14:13:43,VEHICLE_00354,LOCATION_0290,ANPR,TOLL_PLAZA,0.95
VEVENT_001318,2024-07-05 14:14:43,VEHICLE_00609,LOCATION_0290,ANPR,POLICE_CHECKPOINT,0.88
VEVENT_001319,2024-07-05 14:25:43,VEHICLE_00354,LOCATION_0200,ANPR,POLICE_CHECKPOINT,0.87
VEVENT_001320,2024-07-05 14:30:43,VEHICLE_00609,LOCATION_0200,ANPR,FIELD_SURVEILLANCE,0.93
VEVENT_001321,2025-05-15 02:30:04,VEHICLE_00354,LOCATION_0100,ANPR,ANPR_CAMERA,0.89
VEVENT_001322,2025-05-15 02:32:04,VEHICLE_00609,LOCATION_0100,ANPR,FIELD_SURVEILLANCE,0.95
VEVENT_001323,2025-05-15 02:42:04,VEHICLE_00354,LOCATION_0120,ANPR,POLICE_CHECKPOINT,0.81
VEVENT_001324,2025-05-15 02:45:04,VEHICLE_00609,LOCATION_0120,ANPR,TOLL_PLAZA,0.89
VEVENT_001325,2025-05-15 02:54:04,VEHICLE_00354,LOCATION_0150,ANPR,ANPR_CAMERA,0.95
VEVENT_001326,2025-05-15 03:00:04,VEHICLE_00609,LOCATION_0150,ANPR,FIELD_SURVEILLANCE,0.83
VEVENT_001327,2025-05-15 03:06:04,VEHICLE_00354,LOCATION_0290,ANPR,POLICE_CHECKPOINT,0.85
VEVENT_001328,2025-05-15 03:12:04,VEHICLE_00609,LOCATION_0290,ANPR,FIELD_SURVEILLANCE,0.97
VEVENT_001329,2025-05-15 03:18:04,VEHICLE_00354,LOCATION_0200,ANPR,FIELD_SURVEILLANCE,0.85
VEVENT_001330,2025-05-15 03:23:04,VEHICLE_00609,LOCATION_0200,ANPR,POLICE_CHECKPOINT,0.82
VEVENT_001331,2025-11-21 10:07:37,VEHICLE_00354,LOCATION_0100,ANPR,FIELD_SURVEILLANCE,0.81
VEVENT_001332,2025-11-21 10:09:37,VEHICLE_00609,LOCATION_0100,ANPR,FIELD_SURVEILLANCE,0.9
VEVENT_001333,2025-11-21 10:19:37,VEHICLE_00354,LOCATION_0120,ANPR,ANPR_CAMERA,0.91
VEVENT_001334,2025-11-21 10:23:37,VEHICLE_00609,LOCATION_0120,ANPR,ANPR_CAMERA,0.86
VEVENT_001335,2025-11-21 10:31:37,VEHICLE_00354,LOCATION_0150,ANPR,TOLL_PLAZA,0.97
VEVENT_001336,2025-11-21 10:33:37,VEHICLE_00609,LOCATION_0150,ANPR,TOLL_PLAZA,0.87
VEVENT_001337,2025-11-21 10:43:37,VEHICLE_00354,LOCATION_0290,ANPR,POLICE_CHECKPOINT,0.85
VEVENT_001338,2025-11-21 10:47:37,VEHICLE_00609,LOCATION_0290,ANPR,FIELD_SURVEILLANCE,0.95
VEVENT_001339,2025-11-21 10:55:37,VEHICLE_00354,LOCATION_0200,ANPR,ANPR_CAMERA,0.83
VEVENT_001340,2025-11-21 11:00:37,VEHICLE_00609,LOCATION_0200,ANPR,ANPR_CAMERA,0.82
VEVENT_001341,2025-01-13 17:52:04,VEHICLE_00354,LOCATION_0100,ANPR,ANPR_CAMERA,0.83
VEVENT_001342,2025-01-13 17:53:04,VEHICLE_00609,LOCATION_0100,ANPR,TOLL_PLAZA,0.89
VEVENT_001343,2025-01-13 18:04:04,VEHICLE_00354,LOCATION_0120,ANPR,FIELD_SURVEILLANCE,0.88
VEVENT_001344,2025-01-13 18:05:04,VEHICLE_00609,LOCATION_0120,ANPR,ANPR_CAMERA,0.93
VEVENT_001345,2025-01-13 18:16:04,VEHICLE_00354,LOCATION_0150,ANPR,ANPR_CAMERA,0.96
VEVENT_001346,2025-01-13 18:17:04,VEHICLE_00609,LOCATION_0150,ANPR,TOLL_PLAZA,0.93
VEVENT_001347,2025-01-13 18:28:04,VEHICLE_00354,LOCATION_0290,ANPR,ANPR_CAMERA,0.85
VEVENT_001348,2025-01-13 18:34:04,VEHICLE_00609,LOCATION_0290,ANPR,TOLL_PLAZA,0.88
VEVENT_001349,2025-01-13 18:40:04,VEHICLE_00354,LOCATION_0200,ANPR,ANPR_CAMERA,0.89
VEVENT_001350,2025-01-13 18:42:04,VEHICLE_00609,LOCATION_0200,ANPR,TOLL_PLAZA,0.84
VEVENT_001351,2025-07-21 05:19:56,VEHICLE_00596,LOCATION_0127,ANPR,FIELD_SURVEILLANCE,0.9
VEVENT_001352,2025-07-21 05:24:56,VEHICLE_00296,LOCATION_0127,ANPR,FIELD_SURVEILLANCE,0.84
VEVENT_001353,2025-07-21 05:31:56,VEHICLE_00596,LOCATION_0227,ANPR,TOLL_PLAZA,0.91
VEVENT_001354,2025-07-21 05:36:56,VEHICLE_00296,LOCATION_0227,ANPR,POLICE_CHECKPOINT,0.85
VEVENT_001355,2025-07-21 05:43:56,VEHICLE_00596,LOCATION_0107,ANPR,TOLL_PLAZA,0.96
VEVENT_001356,2025-07-21 05:45:56,VEHICLE_00296,LOCATION_0107,ANPR,ANPR_CAMERA,0.92
VEVENT_001357,2025-07-21 05:55:56,VEHICLE_00596,LOCATION_0287,ANPR,POLICE_CHECKPOINT,0.81
VEVENT_001358,2025-07-21 05:58:56,VEHICLE_00296,LOCATION_0287,ANPR,FIELD_SURVEILLANCE,0.89
VEVENT_001359,2025-07-21 06:07:56,VEHICLE_00596,LOCATION_0097,ANPR,ANPR_CAMERA,0.8
VEVENT_001360,2025-07-21 06:10:56,VEHICLE_00296,LOCATION_0097,ANPR,ANPR_CAMERA,0.82
VEVENT_001361,2025-08-28 14:34:30,VEHICLE_00596,LOCATION_0127,ANPR,TOLL_PLAZA,0.81
VEVENT_001362,2025-08-28 14:35:30,VEHICLE_00296,LOCATION_0127,ANPR,POLICE_CHECKPOINT,0.84
VEVENT_001363,2025-08-28 14:46:30,VEHICLE_00596,LOCATION_0227,ANPR,POLICE_CHECKPOINT,0.87
VEVENT_001364,2025-08-28 14:48:30,VEHICLE_00296,LOCATION_0227,ANPR,ANPR_CAMERA,0.9
VEVENT_001365,2025-08-28 14:58:30,VEHICLE_00596,LOCATION_0107,ANPR,FIELD_SURVEILLANCE,0.83
VEVENT_001366,2025-08-28 15:03:30,VEHICLE_00296,LOCATION_0107,ANPR,TOLL_PLAZA,0.96
VEVENT_001367,2025-08-28 15:10:30,VEHICLE_00596,LOCATION_0287,ANPR,ANPR_CAMERA,0.94
VEVENT_001368,2025-08-28 15:16:30,VEHICLE_00296,LOCATION_0287,ANPR,ANPR_CAMERA,0.85
VEVENT_001369,2025-08-28 15:22:30,VEHICLE_00596,LOCATION_0097,ANPR,FIELD_SURVEILLANCE,0.81
VEVENT_001370,2025-08-28 15:25:30,VEHICLE_00296,LOCATION_0097,ANPR,ANPR_CAMERA,0.96
VEVENT_001371,2026-04-01 00:14:38,VEHICLE_00596,LOCATION_0127,ANPR,ANPR_CAMERA,0.89
VEVENT_001372,2026-04-01 00:16:38,VEHICLE_00296,LOCATION_0127,ANPR,TOLL_PLAZA,0.94
VEVENT_001373,2026-04-01 00:26:38,VEHICLE_00596,LOCATION_0227,ANPR,FIELD_SURVEILLANCE,0.93
VEVENT_001374,2026-04-01 00:27:38,VEHICLE_00296,LOCATION_0227,ANPR,ANPR_CAMERA,0.89
VEVENT_001375,2026-04-01 00:38:38,VEHICLE_00596,LOCATION_0107,ANPR,FIELD_SURVEILLANCE,0.82
VEVENT_001376,2026-04-01 00:40:38,VEHICLE_00296,LOCATION_0107,ANPR,POLICE_CHECKPOINT,0.82
VEVENT_001377,2026-04-01 00:50:38,VEHICLE_00596,LOCATION_0287,ANPR,POLICE_CHECKPOINT,0.82
VEVENT_001378,2026-04-01 00:56:38,VEHICLE_00296,LOCATION_0287,ANPR,POLICE_CHECKPOINT,0.91
VEVENT_001379,2026-04-01 01:02:38,VEHICLE_00596,LOCATION_0097,ANPR,TOLL_PLAZA,0.84
VEVENT_001380,2026-04-01 01:04:38,VEHICLE_00296,LOCATION_0097,ANPR,ANPR_CAMERA,0.84
VEVENT_001381,2024-08-31 05:20:05,VEHICLE_00596,LOCATION_0127,ANPR,TOLL_PLAZA,0.84
VEVENT_001382,2024-08-31 05:24:05,VEHICLE_00296,LOCATION_0127,ANPR,FIELD_SURVEILLANCE,0.94
VEVENT_001383,2024-08-31 05:32:05,VEHICLE_00596,LOCATION_0227,ANPR,TOLL_PLAZA,0.84
VEVENT_001384,2024-08-31 05:36:05,VEHICLE_00296,LOCATION_0227,ANPR,TOLL_PLAZA,0.86
VEVENT_001385,2024-08-31 05:44:05,VEHICLE_00596,LOCATION_0107,ANPR,ANPR_CAMERA,0.85
VEVENT_001386,2024-08-31 05:47:05,VEHICLE_00296,LOCATION_0107,ANPR,FIELD_SURVEILLANCE,0.88
VEVENT_001387,2024-08-31 05:56:05,VEHICLE_00596,LOCATION_0287,ANPR,FIELD_SURVEILLANCE,0.88
VEVENT_001388,2024-08-31 06:02:05,VEHICLE_00296,LOCATION_0287,ANPR,ANPR_CAMERA,0.85
VEVENT_001389,2024-08-31 06:08:05,VEHICLE_00596,LOCATION_0097,ANPR,TOLL_PLAZA,0.88
VEVENT_001390,2024-08-31 06:14:05,VEHICLE_00296,LOCATION_0097,ANPR,POLICE_CHECKPOINT,0.88
VEVENT_001391,2025-09-19 15:35:45,VEHICLE_00596,LOCATION_0127,ANPR,TOLL_PLAZA,0.93
VEVENT_001392,2025-09-19 15:36:45,VEHICLE_00296,LOCATION_0127,ANPR,TOLL_PLAZA,0.86
VEVENT_001393,2025-09-19 15:47:45,VEHICLE_00596,LOCATION_0227,ANPR,POLICE_CHECKPOINT,0.92
VEVENT_001394,2025-09-19 15:52:45,VEHICLE_00296,LOCATION_0227,ANPR,POLICE_CHECKPOINT,0.96
VEVENT_001395,2025-09-19 15:59:45,VEHICLE_00596,LOCATION_0107,ANPR,POLICE_CHECKPOINT,0.81
VEVENT_001396,2025-09-19 16:04:45,VEHICLE_00296,LOCATION_0107,ANPR,TOLL_PLAZA,0.88
VEVENT_001397,2025-09-19 16:11:45,VEHICLE_00596,LOCATION_0287,ANPR,ANPR_CAMERA,0.83
VEVENT_001398,2025-09-19 16:13:45,VEHICLE_00296,LOCATION_0287,ANPR,TOLL_PLAZA,0.91
VEVENT_001399,2025-09-19 16:23:45,VEHICLE_00596,LOCATION_0097,ANPR,TOLL_PLAZA,0.9
VEVENT_001400,2025-09-19 16:28:45,VEHICLE_00296,LOCATION_0097,ANPR,POLICE_CHECKPOINT,0.95
VEVENT_001401,2025-06-17 07:50:44,VEHICLE_00596,LOCATION_0127,ANPR,POLICE_CHECKPOINT,0.96
VEVENT_001402,2025-06-17 07:51:44,VEHICLE_00296,LOCATION_0127,ANPR,FIELD_SURVEILLANCE,0.89
VEVENT_001403,2025-06-17 08:02:44,VEHICLE_00596,LOCATION_0227,ANPR,ANPR_CAMERA,0.83
VEVENT_001404,2025-06-17 08:07:44,VEHICLE_00296,LOCATION_0227,ANPR,POLICE_CHECKPOINT,0.94
VEVENT_001405,2025-06-17 08:14:44,VEHICLE_00596,LOCATION_0107,ANPR,ANPR_CAMERA,0.93
VEVENT_001406,2025-06-17 08:19:44,VEHICLE_00296,LOCATION_0107,ANPR,FIELD_SURVEILLANCE,0.91
VEVENT_001407,2025-06-17 08:26:44,VEHICLE_00596,LOCATION_0287,ANPR,TOLL_PLAZA,0.83
VEVENT_001408,2025-06-17 08:31:44,VEHICLE_00296,LOCATION_0287,ANPR,POLICE_CHECKPOINT,0.94
VEVENT_001409,2025-06-17 08:38:44,VEHICLE_00596,LOCATION_0097,ANPR,ANPR_CAMERA,0.95
VEVENT_001410,2025-06-17 08:40:44,VEHICLE_00296,LOCATION_0097,ANPR,POLICE_CHECKPOINT,0.81
VEVENT_001411,2024-10-04 16:05:11,VEHICLE_00596,LOCATION_0127,ANPR,FIELD_SURVEILLANCE,0.94
VEVENT_001412,2024-10-04 16:11:11,VEHICLE_00296,LOCATION_0127,ANPR,FIELD_SURVEILLANCE,0.95
VEVENT_001413,2024-10-04 16:17:11,VEHICLE_00596,LOCATION_0227,ANPR,TOLL_PLAZA,0.9
VEVENT_001414,2024-10-04 16:21:11,VEHICLE_00296,LOCATION_0227,ANPR,TOLL_PLAZA,0.96
VEVENT_001415,2024-10-04 16:29:11,VEHICLE_00596,LOCATION_0107,ANPR,FIELD_SURVEILLANCE,0.96
VEVENT_001416,2024-10-04 16:30:11,VEHICLE_00296,LOCATION_0107,ANPR,FIELD_SURVEILLANCE,0.92
VEVENT_001417,2024-10-04 16:41:11,VEHICLE_00596,LOCATION_0287,ANPR,ANPR_CAMERA,0.81
VEVENT_001418,2024-10-04 16:43:11,VEHICLE_00296,LOCATION_0287,ANPR,POLICE_CHECKPOINT,0.86
VEVENT_001419,2024-10-04 16:53:11,VEHICLE_00596,LOCATION_0097,ANPR,TOLL_PLAZA,0.94
VEVENT_001420,2024-10-04 16:56:11,VEHICLE_00296,LOCATION_0097,ANPR,POLICE_CHECKPOINT,0.82
VEVENT_001421,2026-06-15 04:25:34,VEHICLE_00596,LOCATION_0127,ANPR,ANPR_CAMERA,0.8
VEVENT_001422,2026-06-15 04:26:34,VEHICLE_00296,LOCATION_0127,ANPR,TOLL_PLAZA,0.96
VEVENT_001423,2026-06-15 04:37:34,VEHICLE_00596,LOCATION_0227,ANPR,FIELD_SURVEILLANCE,0.94
VEVENT_001424,2026-06-15 04:41:34,VEHICLE_00296,LOCATION_0227,ANPR,TOLL_PLAZA,0.92
VEVENT_001425,2026-06-15 04:49:34,VEHICLE_00596,LOCATION_0107,ANPR,POLICE_CHECKPOINT,0.9
VEVENT_001426,2026-06-15 04:54:34,VEHICLE_00296,LOCATION_0107,ANPR,FIELD_SURVEILLANCE,0.92
VEVENT_001427,2026-06-15 05:01:34,VEHICLE_00596,LOCATION_0287,ANPR,POLICE_CHECKPOINT,0.93
VEVENT_001428,2026-06-15 05:03:34,VEHICLE_00296,LOCATION_0287,ANPR,TOLL_PLAZA,0.8
VEVENT_001429,2026-06-15 05:13:34,VEHICLE_00596,LOCATION_0097,ANPR,POLICE_CHECKPOINT,0.88
VEVENT_001430,2026-06-15 05:16:34,VEHICLE_00296,LOCATION_0097,ANPR,POLICE_CHECKPOINT,0.89
VEVENT_001431,2024-06-27 19:53:40,VEHICLE_00118,LOCATION_0049,ANPR,TOLL_PLAZA,0.87
VEVENT_001432,2024-06-27 19:58:40,VEHICLE_00333,LOCATION_0049,ANPR,POLICE_CHECKPOINT,0.89
VEVENT_001433,2024-06-27 20:05:40,VEHICLE_00118,LOCATION_0179,ANPR,TOLL_PLAZA,0.91
VEVENT_001434,2024-06-27 20:07:40,VEHICLE_00333,LOCATION_0179,ANPR,ANPR_CAMERA,0.9
VEVENT_001435,2024-06-27 20:17:40,VEHICLE_00118,LOCATION_0189,ANPR,TOLL_PLAZA,0.85
VEVENT_001436,2024-06-27 20:20:40,VEHICLE_00333,LOCATION_0189,ANPR,FIELD_SURVEILLANCE,0.81
VEVENT_001437,2024-06-27 20:29:40,VEHICLE_00118,LOCATION_0299,ANPR,POLICE_CHECKPOINT,0.88
VEVENT_001438,2024-06-27 20:34:40,VEHICLE_00333,LOCATION_0299,ANPR,TOLL_PLAZA,0.83
VEVENT_001439,2024-06-27 20:41:40,VEHICLE_00118,LOCATION_0229,ANPR,FIELD_SURVEILLANCE,0.89
VEVENT_001440,2024-06-27 20:45:40,VEHICLE_00333,LOCATION_0229,ANPR,POLICE_CHECKPOINT,0.96
VEVENT_001441,2026-04-01 15:10:18,VEHICLE_00118,LOCATION_0049,ANPR,FIELD_SURVEILLANCE,0.87
VEVENT_001442,2026-04-01 15:16:18,VEHICLE_00333,LOCATION_0049,ANPR,ANPR_CAMERA,0.86
VEVENT_001443,2026-04-01 15:22:18,VEHICLE_00118,LOCATION_0179,ANPR,TOLL_PLAZA,0.92
VEVENT_001444,2026-04-01 15:28:18,VEHICLE_00333,LOCATION_0179,ANPR,FIELD_SURVEILLANCE,0.81
VEVENT_001445,2026-04-01 15:34:18,VEHICLE_00118,LOCATION_0189,ANPR,TOLL_PLAZA,0.96
VEVENT_001446,2026-04-01 15:36:18,VEHICLE_00333,LOCATION_0189,ANPR,FIELD_SURVEILLANCE,0.96
VEVENT_001447,2026-04-01 15:46:18,VEHICLE_00118,LOCATION_0299,ANPR,ANPR_CAMERA,0.85
VEVENT_001448,2026-04-01 15:47:18,VEHICLE_00333,LOCATION_0299,ANPR,POLICE_CHECKPOINT,0.94
VEVENT_001449,2026-04-01 15:58:18,VEHICLE_00118,LOCATION_0229,ANPR,TOLL_PLAZA,0.91
VEVENT_001450,2026-04-01 16:01:18,VEHICLE_00333,LOCATION_0229,ANPR,FIELD_SURVEILLANCE,0.85
VEVENT_001451,2024-06-16 08:24:54,VEHICLE_00118,LOCATION_0049,ANPR,TOLL_PLAZA,0.85
VEVENT_001452,2024-06-16 08:28:54,VEHICLE_00333,LOCATION_0049,ANPR,FIELD_SURVEILLANCE,0.85
VEVENT_001453,2024-06-16 08:36:54,VEHICLE_00118,LOCATION_0179,ANPR,TOLL_PLAZA,0.87
VEVENT_001454,2024-06-16 08:40:54,VEHICLE_00333,LOCATION_0179,ANPR,ANPR_CAMERA,0.94
VEVENT_001455,2024-06-16 08:48:54,VEHICLE_00118,LOCATION_0189,ANPR,FIELD_SURVEILLANCE,0.86
VEVENT_001456,2024-06-16 08:51:54,VEHICLE_00333,LOCATION_0189,ANPR,POLICE_CHECKPOINT,0.82
VEVENT_001457,2024-06-16 09:00:54,VEHICLE_00118,LOCATION_0299,ANPR,ANPR_CAMERA,0.96
VEVENT_001458,2024-06-16 09:02:54,VEHICLE_00333,LOCATION_0299,ANPR,ANPR_CAMERA,0.86
VEVENT_001459,2024-06-16 09:12:54,VEHICLE_00118,LOCATION_0229,ANPR,POLICE_CHECKPOINT,0.86
VEVENT_001460,2024-06-16 09:14:54,VEHICLE_00333,LOCATION_0229,ANPR,ANPR_CAMERA,0.83
VEVENT_001461,2025-02-11 13:37:09,VEHICLE_00118,LOCATION_0049,ANPR,POLICE_CHECKPOINT,0.89
VEVENT_001462,2025-02-11 13:38:09,VEHICLE_00333,LOCATION_0049,ANPR,FIELD_SURVEILLANCE,0.85
VEVENT_001463,2025-02-11 13:49:09,VEHICLE_00118,LOCATION_0179,ANPR,TOLL_PLAZA,0.9
VEVENT_001464,2025-02-11 13:50:09,VEHICLE_00333,LOCATION_0179,ANPR,TOLL_PLAZA,0.97
VEVENT_001465,2025-02-11 14:01:09,VEHICLE_00118,LOCATION_0189,ANPR,ANPR_CAMERA,0.84
VEVENT_001466,2025-02-11 14:02:09,VEHICLE_00333,LOCATION_0189,ANPR,POLICE_CHECKPOINT,0.8
VEVENT_001467,2025-02-11 14:13:09,VEHICLE_00118,LOCATION_0299,ANPR,TOLL_PLAZA,0.85
VEVENT_001468,2025-02-11 14:16:09,VEHICLE_00333,LOCATION_0299,ANPR,POLICE_CHECKPOINT,0.88
VEVENT_001469,2025-02-11 14:25:09,VEHICLE_00118,LOCATION_0229,ANPR,ANPR_CAMERA,0.8
VEVENT_001470,2025-02-11 14:30:09,VEHICLE_00333,LOCATION_0229,ANPR,POLICE_CHECKPOINT,0.87
VEVENT_001471,2026-02-16 07:02:48,VEHICLE_00118,LOCATION_0049,ANPR,TOLL_PLAZA,0.94
VEVENT_001472,2026-02-16 07:08:48,VEHICLE_00333,LOCATION_0049,ANPR,TOLL_PLAZA,0.93
VEVENT_001473,2026-02-16 07:14:48,VEHICLE_00118,LOCATION_0179,ANPR,ANPR_CAMERA,0.85
VEVENT_001474,2026-02-16 07:16:48,VEHICLE_00333,LOCATION_0179,ANPR,TOLL_PLAZA,0.91
VEVENT_001475,2026-02-16 07:26:48,VEHICLE_00118,LOCATION_0189,ANPR,ANPR_CAMERA,0.85
VEVENT_001476,2026-02-16 07:28:48,VEHICLE_00333,LOCATION_0189,ANPR,FIELD_SURVEILLANCE,0.94
VEVENT_001477,2026-02-16 07:38:48,VEHICLE_00118,LOCATION_0299,ANPR,FIELD_SURVEILLANCE,0.9
VEVENT_001478,2026-02-16 07:39:48,VEHICLE_00333,LOCATION_0299,ANPR,TOLL_PLAZA,0.88
VEVENT_001479,2026-02-16 07:50:48,VEHICLE_00118,LOCATION_0229,ANPR,POLICE_CHECKPOINT,0.8
VEVENT_001480,2026-02-16 07:53:48,VEHICLE_00333,LOCATION_0229,ANPR,FIELD_SURVEILLANCE,0.92
VEVENT_001481,2024-10-21 12:47:38,VEHICLE_00118,LOCATION_0049,ANPR,TOLL_PLAZA,0.84
VEVENT_001482,2024-10-21 12:50:38,VEHICLE_00333,LOCATION_0049,ANPR,ANPR_CAMERA,0.83
VEVENT_001483,2024-10-21 12:59:38,VEHICLE_00118,LOCATION_0179,ANPR,FIELD_SURVEILLANCE,0.81
VEVENT_001484,2024-10-21 13:04:38,VEHICLE_00333,LOCATION_0179,ANPR,ANPR_CAMERA,0.93
VEVENT_001485,2024-10-21 13:11:38,VEHICLE_00118,LOCATION_0189,ANPR,ANPR_CAMERA,0.91
VEVENT_001486,2024-10-21 13:17:38,VEHICLE_00333,LOCATION_0189,ANPR,ANPR_CAMERA,0.89
VEVENT_001487,2024-10-21 13:23:38,VEHICLE_00118,LOCATION_0299,ANPR,TOLL_PLAZA,0.97
VEVENT_001488,2024-10-21 13:26:38,VEHICLE_00333,LOCATION_0299,ANPR,TOLL_PLAZA,0.91
VEVENT_001489,2024-10-21 13:35:38,VEHICLE_00118,LOCATION_0229,ANPR,TOLL_PLAZA,0.93
VEVENT_001490,2024-10-21 13:37:38,VEHICLE_00333,LOCATION_0229,ANPR,TOLL_PLAZA,0.94
VEVENT_001491,2025-04-07 12:19:42,VEHICLE_00118,LOCATION_0049,ANPR,ANPR_CAMERA,0.89
VEVENT_001492,2025-04-07 12:23:42,VEHICLE_00333,LOCATION_0049,ANPR,FIELD_SURVEILLANCE,0.95
VEVENT_001493,2025-04-07 12:31:42,VEHICLE_00118,LOCATION_0179,ANPR,FIELD_SURVEILLANCE,0.93
VEVENT_001494,2025-04-07 12:35:42,VEHICLE_00333,LOCATION_0179,ANPR,POLICE_CHECKPOINT,0.89
VEVENT_001495,2025-04-07 12:43:42,VEHICLE_00118,LOCATION_0189,ANPR,ANPR_CAMERA,0.93
VEVENT_001496,2025-04-07 12:48:42,VEHICLE_00333,LOCATION_0189,ANPR,POLICE_CHECKPOINT,0.91
VEVENT_001497,2025-04-07 12:55:42,VEHICLE_00118,LOCATION_0299,ANPR,TOLL_PLAZA,0.92
VEVENT_001498,2025-04-07 12:58:42,VEHICLE_00333,LOCATION_0299,ANPR,FIELD_SURVEILLANCE,0.91
VEVENT_001499,2025-04-07 13:07:42,VEHICLE_00118,LOCATION_0229,ANPR,ANPR_CAMERA,0.89
VEVENT_001500,2025-04-07 13:10:42,VEHICLE_00333,LOCATION_0229,ANPR,POLICE_CHECKPOINT,0.83
VEVENT_001501,2024-10-02 06:16:40,VEHICLE_00412,LOCATION_0127,ANPR,FIELD_SURVEILLANCE,0.84
VEVENT_001502,2024-10-02 06:22:40,VEHICLE_00223,LOCATION_0127,ANPR,POLICE_CHECKPOINT,0.94
VEVENT_001503,2024-10-02 06:28:40,VEHICLE_00412,LOCATION_0227,ANPR,TOLL_PLAZA,0.81
VEVENT_001504,2024-10-02 06:29:40,VEHICLE_00223,LOCATION_0227,ANPR,ANPR_CAMERA,0.96
VEVENT_001505,2024-10-02 06:40:40,VEHICLE_00412,LOCATION_0107,ANPR,ANPR_CAMERA,0.91
VEVENT_001506,2024-10-02 06:41:40,VEHICLE_00223,LOCATION_0107,ANPR,ANPR_CAMERA,0.88
VEVENT_001507,2024-10-02 06:52:40,VEHICLE_00412,LOCATION_0287,ANPR,FIELD_SURVEILLANCE,0.92
VEVENT_001508,2024-10-02 06:57:40,VEHICLE_00223,LOCATION_0287,ANPR,ANPR_CAMERA,0.9
VEVENT_001509,2024-10-02 07:04:40,VEHICLE_00412,LOCATION_0097,ANPR,POLICE_CHECKPOINT,0.84
VEVENT_001510,2024-10-02 07:09:40,VEHICLE_00223,LOCATION_0097,ANPR,POLICE_CHECKPOINT,0.85
VEVENT_001511,2024-02-18 18:39:53,VEHICLE_00412,LOCATION_0127,ANPR,TOLL_PLAZA,0.81
VEVENT_001512,2024-02-18 18:42:53,VEHICLE_00223,LOCATION_0127,ANPR,FIELD_SURVEILLANCE,0.86
VEVENT_001513,2024-02-18 18:51:53,VEHICLE_00412,LOCATION_0227,ANPR,ANPR_CAMERA,0.92
VEVENT_001514,2024-02-18 18:56:53,VEHICLE_00223,LOCATION_0227,ANPR,POLICE_CHECKPOINT,0.97
VEVENT_001515,2024-02-18 19:03:53,VEHICLE_00412,LOCATION_0107,ANPR,FIELD_SURVEILLANCE,0.87
VEVENT_001516,2024-02-18 19:04:53,VEHICLE_00223,LOCATION_0107,ANPR,TOLL_PLAZA,0.9
VEVENT_001517,2024-02-18 19:15:53,VEHICLE_00412,LOCATION_0287,ANPR,TOLL_PLAZA,0.96
VEVENT_001518,2024-02-18 19:17:53,VEHICLE_00223,LOCATION_0287,ANPR,FIELD_SURVEILLANCE,0.88
VEVENT_001519,2024-02-18 19:27:53,VEHICLE_00412,LOCATION_0097,ANPR,ANPR_CAMERA,0.96
VEVENT_001520,2024-02-18 19:33:53,VEHICLE_00223,LOCATION_0097,ANPR,FIELD_SURVEILLANCE,0.92
VEVENT_001521,2025-04-07 08:53:24,VEHICLE_00412,LOCATION_0127,ANPR,TOLL_PLAZA,0.84
VEVENT_001522,2025-04-07 08:59:24,VEHICLE_00223,LOCATION_0127,ANPR,FIELD_SURVEILLANCE,0.87
VEVENT_001523,2025-04-07 09:05:24,VEHICLE_00412,LOCATION_0227,ANPR,FIELD_SURVEILLANCE,0.92
VEVENT_001524,2025-04-07 09:08:24,VEHICLE_00223,LOCATION_0227,ANPR,POLICE_CHECKPOINT,0.83
VEVENT_001525,2025-04-07 09:17:24,VEHICLE_00412,LOCATION_0107,ANPR,ANPR_CAMERA,0.82
VEVENT_001526,2025-04-07 09:20:24,VEHICLE_00223,LOCATION_0107,ANPR,ANPR_CAMERA,0.88
VEVENT_001527,2025-04-07 09:29:24,VEHICLE_00412,LOCATION_0287,ANPR,POLICE_CHECKPOINT,0.9
VEVENT_001528,2025-04-07 09:34:24,VEHICLE_00223,LOCATION_0287,ANPR,FIELD_SURVEILLANCE,0.93
VEVENT_001529,2025-04-07 09:41:24,VEHICLE_00412,LOCATION_0097,ANPR,POLICE_CHECKPOINT,0.89
VEVENT_001530,2025-04-07 09:43:24,VEHICLE_00223,LOCATION_0097,ANPR,ANPR_CAMERA,0.85
VEVENT_001531,2024-03-24 06:49:40,VEHICLE_00412,LOCATION_0127,ANPR,FIELD_SURVEILLANCE,0.93
VEVENT_001532,2024-03-24 06:55:40,VEHICLE_00223,LOCATION_0127,ANPR,POLICE_CHECKPOINT,0.89
VEVENT_001533,2024-03-24 07:01:40,VEHICLE_00412,LOCATION_0227,ANPR,FIELD_SURVEILLANCE,0.96
VEVENT_001534,2024-03-24 07:04:40,VEHICLE_00223,LOCATION_0227,ANPR,TOLL_PLAZA,0.88
VEVENT_001535,2024-03-24 07:13:40,VEHICLE_00412,LOCATION_0107,ANPR,POLICE_CHECKPOINT,0.84
VEVENT_001536,2024-03-24 07:18:40,VEHICLE_00223,LOCATION_0107,ANPR,POLICE_CHECKPOINT,0.8
VEVENT_001537,2024-03-24 07:25:40,VEHICLE_00412,LOCATION_0287,ANPR,TOLL_PLAZA,0.87
VEVENT_001538,2024-03-24 07:29:40,VEHICLE_00223,LOCATION_0287,ANPR,ANPR_CAMERA,0.86
VEVENT_001539,2024-03-24 07:37:40,VEHICLE_00412,LOCATION_0097,ANPR,POLICE_CHECKPOINT,0.87
VEVENT_001540,2024-03-24 07:39:40,VEHICLE_00223,LOCATION_0097,ANPR,POLICE_CHECKPOINT,0.81
VEVENT_001541,2025-04-24 20:13:49,VEHICLE_00412,LOCATION_0127,ANPR,TOLL_PLAZA,0.81
VEVENT_001542,2025-04-24 20:15:49,VEHICLE_00223,LOCATION_0127,ANPR,TOLL_PLAZA,0.92
VEVENT_001543,2025-04-24 20:25:49,VEHICLE_00412,LOCATION_0227,ANPR,ANPR_CAMERA,0.83
VEVENT_001544,2025-04-24 20:26:49,VEHICLE_00223,LOCATION_0227,ANPR,ANPR_CAMERA,0.85
VEVENT_001545,2025-04-24 20:37:49,VEHICLE_00412,LOCATION_0107,ANPR,ANPR_CAMERA,0.82
VEVENT_001546,2025-04-24 20:39:49,VEHICLE_00223,LOCATION_0107,ANPR,TOLL_PLAZA,0.84
VEVENT_001547,2025-04-24 20:49:49,VEHICLE_00412,LOCATION_0287,ANPR,POLICE_CHECKPOINT,0.86
VEVENT_001548,2025-04-24 20:52:49,VEHICLE_00223,LOCATION_0287,ANPR,POLICE_CHECKPOINT,0.84
VEVENT_001549,2025-04-24 21:01:49,VEHICLE_00412,LOCATION_0097,ANPR,TOLL_PLAZA,0.93
VEVENT_001550,2025-04-24 21:04:49,VEHICLE_00223,LOCATION_0097,ANPR,FIELD_SURVEILLANCE,0.96
VEVENT_001551,2025-10-17 23:44:31,VEHICLE_00117,LOCATION_0121,ANPR,POLICE_CHECKPOINT,0.94
VEVENT_001552,2025-10-17 23:48:31,VEHICLE_00523,LOCATION_0121,ANPR,POLICE_CHECKPOINT,0.82
VEVENT_001553,2025-10-17 23:56:31,VEHICLE_00117,LOCATION_0131,ANPR,POLICE_CHECKPOINT,0.94
VEVENT_001554,2025-10-17 23:59:31,VEHICLE_00523,LOCATION_0131,ANPR,FIELD_SURVEILLANCE,0.94
VEVENT_001555,2025-10-18 00:08:31,VEHICLE_00117,LOCATION_0211,ANPR,ANPR_CAMERA,0.87
VEVENT_001556,2025-10-18 00:09:31,VEHICLE_00523,LOCATION_0211,ANPR,POLICE_CHECKPOINT,0.8
VEVENT_001557,2025-10-18 00:20:31,VEHICLE_00117,LOCATION_0181,ANPR,FIELD_SURVEILLANCE,0.93
VEVENT_001558,2025-10-18 00:24:31,VEHICLE_00523,LOCATION_0181,ANPR,ANPR_CAMERA,0.83
VEVENT_001559,2025-10-18 00:32:31,VEHICLE_00117,LOCATION_0001,ANPR,FIELD_SURVEILLANCE,0.81
VEVENT_001560,2025-10-18 00:34:31,VEHICLE_00523,LOCATION_0001,ANPR,POLICE_CHECKPOINT,0.84
VEVENT_001561,2025-03-19 22:13:49,VEHICLE_00117,LOCATION_0121,ANPR,POLICE_CHECKPOINT,0.82
VEVENT_001562,2025-03-19 22:18:49,VEHICLE_00523,LOCATION_0121,ANPR,FIELD_SURVEILLANCE,0.87
VEVENT_001563,2025-03-19 22:25:49,VEHICLE_00117,LOCATION_0131,ANPR,TOLL_PLAZA,0.81
VEVENT_001564,2025-03-19 22:26:49,VEHICLE_00523,LOCATION_0131,ANPR,TOLL_PLAZA,0.81
VEVENT_001565,2025-03-19 22:37:49,VEHICLE_00117,LOCATION_0211,ANPR,POLICE_CHECKPOINT,0.85
VEVENT_001566,2025-03-19 22:38:49,VEHICLE_00523,LOCATION_0211,ANPR,ANPR_CAMERA,0.8
VEVENT_001567,2025-03-19 22:49:49,VEHICLE_00117,LOCATION_0181,ANPR,POLICE_CHECKPOINT,0.91
VEVENT_001568,2025-03-19 22:51:49,VEHICLE_00523,LOCATION_0181,ANPR,FIELD_SURVEILLANCE,0.89
VEVENT_001569,2025-03-19 23:01:49,VEHICLE_00117,LOCATION_0001,ANPR,ANPR_CAMERA,0.87
VEVENT_001570,2025-03-19 23:03:49,VEHICLE_00523,LOCATION_0001,ANPR,TOLL_PLAZA,0.82
VEVENT_001571,2024-07-27 11:30:12,VEHICLE_00117,LOCATION_0121,ANPR,TOLL_PLAZA,0.82
VEVENT_001572,2024-07-27 11:33:12,VEHICLE_00523,LOCATION_0121,ANPR,TOLL_PLAZA,0.84
VEVENT_001573,2024-07-27 11:42:12,VEHICLE_00117,LOCATION_0131,ANPR,ANPR_CAMERA,0.83
VEVENT_001574,2024-07-27 11:47:12,VEHICLE_00523,LOCATION_0131,ANPR,POLICE_CHECKPOINT,0.94
VEVENT_001575,2024-07-27 11:54:12,VEHICLE_00117,LOCATION_0211,ANPR,ANPR_CAMERA,0.83
VEVENT_001576,2024-07-27 11:59:12,VEHICLE_00523,LOCATION_0211,ANPR,ANPR_CAMERA,0.88
VEVENT_001577,2024-07-27 12:06:12,VEHICLE_00117,LOCATION_0181,ANPR,FIELD_SURVEILLANCE,0.9
VEVENT_001578,2024-07-27 12:10:12,VEHICLE_00523,LOCATION_0181,ANPR,FIELD_SURVEILLANCE,0.95
VEVENT_001579,2024-07-27 12:18:12,VEHICLE_00117,LOCATION_0001,ANPR,FIELD_SURVEILLANCE,0.95
VEVENT_001580,2024-07-27 12:19:12,VEHICLE_00523,LOCATION_0001,ANPR,POLICE_CHECKPOINT,0.82
VEVENT_001581,2024-04-07 08:49:16,VEHICLE_00117,LOCATION_0121,ANPR,FIELD_SURVEILLANCE,0.93
VEVENT_001582,2024-04-07 08:52:16,VEHICLE_00523,LOCATION_0121,ANPR,FIELD_SURVEILLANCE,0.9
VEVENT_001583,2024-04-07 09:01:16,VEHICLE_00117,LOCATION_0131,ANPR,ANPR_CAMERA,0.81
VEVENT_001584,2024-04-07 09:05:16,VEHICLE_00523,LOCATION_0131,ANPR,POLICE_CHECKPOINT,0.85
VEVENT_001585,2024-04-07 09:13:16,VEHICLE_00117,LOCATION_0211,ANPR,ANPR_CAMERA,0.96
VEVENT_001586,2024-04-07 09:14:16,VEHICLE_00523,LOCATION_0211,ANPR,POLICE_CHECKPOINT,0.94
VEVENT_001587,2024-04-07 09:25:16,VEHICLE_00117,LOCATION_0181,ANPR,POLICE_CHECKPOINT,0.91
VEVENT_001588,2024-04-07 09:30:16,VEHICLE_00523,LOCATION_0181,ANPR,TOLL_PLAZA,0.9
VEVENT_001589,2024-04-07 09:37:16,VEHICLE_00117,LOCATION_0001,ANPR,TOLL_PLAZA,0.97
VEVENT_001590,2024-04-07 09:42:16,VEHICLE_00523,LOCATION_0001,ANPR,ANPR_CAMERA,0.87
VEVENT_001591,2025-04-21 14:19:32,VEHICLE_00117,LOCATION_0121,ANPR,TOLL_PLAZA,0.87
VEVENT_001592,2025-04-21 14:23:32,VEHICLE_00523,LOCATION_0121,ANPR,POLICE_CHECKPOINT,0.95
VEVENT_001593,2025-04-21 14:31:32,VEHICLE_00117,LOCATION_0131,ANPR,ANPR_CAMERA,0.9
VEVENT_001594,2025-04-21 14:36:32,VEHICLE_00523,LOCATION_0131,ANPR,ANPR_CAMERA,0.93
VEVENT_001595,2025-04-21 14:43:32,VEHICLE_00117,LOCATION_0211,ANPR,FIELD_SURVEILLANCE,0.82
VEVENT_001596,2025-04-21 14:44:32,VEHICLE_00523,LOCATION_0211,ANPR,POLICE_CHECKPOINT,0.94
VEVENT_001597,2025-04-21 14:55:32,VEHICLE_00117,LOCATION_0181,ANPR,ANPR_CAMERA,0.91
VEVENT_001598,2025-04-21 14:56:32,VEHICLE_00523,LOCATION_0181,ANPR,FIELD_SURVEILLANCE,0.95
VEVENT_001599,2025-04-21 15:07:32,VEHICLE_00117,LOCATION_0001,ANPR,FIELD_SURVEILLANCE,0.96
VEVENT_001600,2025-04-21 15:08:32,VEHICLE_00523,LOCATION_0001,ANPR,ANPR_CAMERA,0.88
VEVENT_001601,2025-05-02 17:23:10,VEHICLE_00117,LOCATION_0121,ANPR,ANPR_CAMERA,0.82
VEVENT_001602,2025-05-02 17:29:10,VEHICLE_00523,LOCATION_0121,ANPR,POLICE_CHECKPOINT,0.8
VEVENT_001603,2025-05-02 17:35:10,VEHICLE_00117,LOCATION_0131,ANPR,TOLL_PLAZA,0.95
VEVENT_001604,2025-05-02 17:37:10,VEHICLE_00523,LOCATION_0131,ANPR,POLICE_CHECKPOINT,0.87
VEVENT_001605,2025-05-02 17:47:10,VEHICLE_00117,LOCATION_0211,ANPR,TOLL_PLAZA,0.97
VEVENT_001606,2025-05-02 17:53:10,VEHICLE_00523,LOCATION_0211,ANPR,FIELD_SURVEILLANCE,0.91
VEVENT_001607,2025-05-02 17:59:10,VEHICLE_00117,LOCATION_0181,ANPR,TOLL_PLAZA,0.95
VEVENT_001608,2025-05-02 18:00:10,VEHICLE_00523,LOCATION_0181,ANPR,FIELD_SURVEILLANCE,0.85
VEVENT_001609,2025-05-02 18:11:10,VEHICLE_00117,LOCATION_0001,ANPR,TOLL_PLAZA,0.87
VEVENT_001610,2025-05-02 18:12:10,VEHICLE_00523,LOCATION_0001,ANPR,POLICE_CHECKPOINT,0.92
VEVENT_001611,2025-02-10 14:36:46,VEHICLE_00117,LOCATION_0121,ANPR,POLICE_CHECKPOINT,0.9
VEVENT_001612,2025-02-10 14:41:46,VEHICLE_00523,LOCATION_0121,ANPR,POLICE_CHECKPOINT,0.89
VEVENT_001613,2025-02-10 14:48:46,VEHICLE_00117,LOCATION_0131,ANPR,ANPR_CAMERA,0.88
VEVENT_001614,2025-02-10 14:54:46,VEHICLE_00523,LOCATION_0131,ANPR,TOLL_PLAZA,0.9
VEVENT_001615,2025-02-10 15:00:46,VEHICLE_00117,LOCATION_0211,ANPR,ANPR_CAMERA,0.85
VEVENT_001616,2025-02-10 15:01:46,VEHICLE_00523,LOCATION_0211,ANPR,FIELD_SURVEILLANCE,0.93
VEVENT_001617,2025-02-10 15:12:46,VEHICLE_00117,LOCATION_0181,ANPR,ANPR_CAMERA,0.93
VEVENT_001618,2025-02-10 15:17:46,VEHICLE_00523,LOCATION_0181,ANPR,TOLL_PLAZA,0.92
VEVENT_001619,2025-02-10 15:24:46,VEHICLE_00117,LOCATION_0001,ANPR,FIELD_SURVEILLANCE,0.83
VEVENT_001620,2025-02-10 15:26:46,VEHICLE_00523,LOCATION_0001,ANPR,POLICE_CHECKPOINT,0.95
VEVENT_001621,2024-02-23 03:45:19,VEHICLE_00460,LOCATION_0100,ANPR,TOLL_PLAZA,0.89
VEVENT_001622,2024-02-23 03:46:19,VEHICLE_00480,LOCATION_0100,ANPR,ANPR_CAMERA,0.94
VEVENT_001623,2024-02-23 03:57:19,VEHICLE_00460,LOCATION_0120,ANPR,POLICE_CHECKPOINT,0.83
VEVENT_001624,2024-02-23 04:01:19,VEHICLE_00480,LOCATION_0120,ANPR,TOLL_PLAZA,0.81
VEVENT_001625,2024-02-23 04:09:19,VEHICLE_00460,LOCATION_0150,ANPR,ANPR_CAMERA,0.97
VEVENT_001626,2024-02-23 04:11:19,VEHICLE_00480,LOCATION_0150,ANPR,ANPR_CAMERA,0.95
VEVENT_001627,2024-02-23 04:21:19,VEHICLE_00460,LOCATION_0290,ANPR,ANPR_CAMERA,0.8
VEVENT_001628,2024-02-23 04:23:19,VEHICLE_00480,LOCATION_0290,ANPR,ANPR_CAMERA,0.9
VEVENT_001629,2024-02-23 04:33:19,VEHICLE_00460,LOCATION_0200,ANPR,ANPR_CAMERA,0.94
VEVENT_001630,2024-02-23 04:37:19,VEHICLE_00480,LOCATION_0200,ANPR,TOLL_PLAZA,0.81
VEVENT_001631,2025-01-29 00:37:45,VEHICLE_00460,LOCATION_0100,ANPR,TOLL_PLAZA,0.94
VEVENT_001632,2025-01-29 00:41:45,VEHICLE_00480,LOCATION_0100,ANPR,POLICE_CHECKPOINT,0.86
VEVENT_001633,2025-01-29 00:49:45,VEHICLE_00460,LOCATION_0120,ANPR,FIELD_SURVEILLANCE,0.89
VEVENT_001634,2025-01-29 00:55:45,VEHICLE_00480,LOCATION_0120,ANPR,FIELD_SURVEILLANCE,0.89
VEVENT_001635,2025-01-29 01:01:45,VEHICLE_00460,LOCATION_0150,ANPR,POLICE_CHECKPOINT,0.82
VEVENT_001636,2025-01-29 01:03:45,VEHICLE_00480,LOCATION_0150,ANPR,FIELD_SURVEILLANCE,0.9
VEVENT_001637,2025-01-29 01:13:45,VEHICLE_00460,LOCATION_0290,ANPR,TOLL_PLAZA,0.86
VEVENT_001638,2025-01-29 01:15:45,VEHICLE_00480,LOCATION_0290,ANPR,FIELD_SURVEILLANCE,0.86
VEVENT_001639,2025-01-29 01:25:45,VEHICLE_00460,LOCATION_0200,ANPR,FIELD_SURVEILLANCE,0.85
VEVENT_001640,2025-01-29 01:27:45,VEHICLE_00480,LOCATION_0200,ANPR,ANPR_CAMERA,0.88
VEVENT_001641,2025-04-19 11:41:35,VEHICLE_00460,LOCATION_0100,ANPR,FIELD_SURVEILLANCE,0.87
VEVENT_001642,2025-04-19 11:47:35,VEHICLE_00480,LOCATION_0100,ANPR,ANPR_CAMERA,0.84
VEVENT_001643,2025-04-19 11:53:35,VEHICLE_00460,LOCATION_0120,ANPR,ANPR_CAMERA,0.85
VEVENT_001644,2025-04-19 11:57:35,VEHICLE_00480,LOCATION_0120,ANPR,POLICE_CHECKPOINT,0.95
VEVENT_001645,2025-04-19 12:05:35,VEHICLE_00460,LOCATION_0150,ANPR,FIELD_SURVEILLANCE,0.91
VEVENT_001646,2025-04-19 12:07:35,VEHICLE_00480,LOCATION_0150,ANPR,POLICE_CHECKPOINT,0.8
VEVENT_001647,2025-04-19 12:17:35,VEHICLE_00460,LOCATION_0290,ANPR,POLICE_CHECKPOINT,0.92
VEVENT_001648,2025-04-19 12:23:35,VEHICLE_00480,LOCATION_0290,ANPR,FIELD_SURVEILLANCE,0.9
VEVENT_001649,2025-04-19 12:29:35,VEHICLE_00460,LOCATION_0200,ANPR,ANPR_CAMERA,0.97
VEVENT_001650,2025-04-19 12:34:35,VEHICLE_00480,LOCATION_0200,ANPR,ANPR_CAMERA,0.91
VEVENT_001651,2025-11-20 04:07:13,VEHICLE_00460,LOCATION_0100,ANPR,FIELD_SURVEILLANCE,0.82
VEVENT_001652,2025-11-20 04:11:13,VEHICLE_00480,LOCATION_0100,ANPR,ANPR_CAMERA,0.85
VEVENT_001653,2025-11-20 04:19:13,VEHICLE_00460,LOCATION_0120,ANPR,POLICE_CHECKPOINT,0.83
VEVENT_001654,2025-11-20 04:23:13,VEHICLE_00480,LOCATION_0120,ANPR,POLICE_CHECKPOINT,0.92
VEVENT_001655,2025-11-20 04:31:13,VEHICLE_00460,LOCATION_0150,ANPR,FIELD_SURVEILLANCE,0.94
VEVENT_001656,2025-11-20 04:36:13,VEHICLE_00480,LOCATION_0150,ANPR,TOLL_PLAZA,0.94
VEVENT_001657,2025-11-20 04:43:13,VEHICLE_00460,LOCATION_0290,ANPR,ANPR_CAMERA,0.84
VEVENT_001658,2025-11-20 04:47:13,VEHICLE_00480,LOCATION_0290,ANPR,TOLL_PLAZA,0.94
VEVENT_001659,2025-11-20 04:55:13,VEHICLE_00460,LOCATION_0200,ANPR,FIELD_SURVEILLANCE,0.82
VEVENT_001660,2025-11-20 04:56:13,VEHICLE_00480,LOCATION_0200,ANPR,ANPR_CAMERA,0.88
VEVENT_001661,2024-08-27 00:29:03,VEHICLE_00460,LOCATION_0100,ANPR,ANPR_CAMERA,0.82
VEVENT_001662,2024-08-27 00:31:03,VEHICLE_00480,LOCATION_0100,ANPR,POLICE_CHECKPOINT,0.87
VEVENT_001663,2024-08-27 00:41:03,VEHICLE_00460,LOCATION_0120,ANPR,ANPR_CAMERA,0.81
VEVENT_001664,2024-08-27 00:47:03,VEHICLE_00480,LOCATION_0120,ANPR,POLICE_CHECKPOINT,0.81
VEVENT_001665,2024-08-27 00:53:03,VEHICLE_00460,LOCATION_0150,ANPR,ANPR_CAMERA,0.8
VEVENT_001666,2024-08-27 00:55:03,VEHICLE_00480,LOCATION_0150,ANPR,TOLL_PLAZA,0.91
VEVENT_001667,2024-08-27 01:05:03,VEHICLE_00460,LOCATION_0290,ANPR,POLICE_CHECKPOINT,0.94
VEVENT_001668,2024-08-27 01:09:03,VEHICLE_00480,LOCATION_0290,ANPR,FIELD_SURVEILLANCE,0.96
VEVENT_001669,2024-08-27 01:17:03,VEHICLE_00460,LOCATION_0200,ANPR,POLICE_CHECKPOINT,0.82
VEVENT_001670,2024-08-27 01:18:03,VEHICLE_00480,LOCATION_0200,ANPR,FIELD_SURVEILLANCE,0.91
VEVENT_001671,2025-01-13 01:10:16,VEHICLE_00460,LOCATION_0100,ANPR,TOLL_PLAZA,0.87
VEVENT_001672,2025-01-13 01:12:16,VEHICLE_00480,LOCATION_0100,ANPR,ANPR_CAMERA,0.87
VEVENT_001673,2025-01-13 01:22:16,VEHICLE_00460,LOCATION_0120,ANPR,FIELD_SURVEILLANCE,0.93
VEVENT_001674,2025-01-13 01:25:16,VEHICLE_00480,LOCATION_0120,ANPR,FIELD_SURVEILLANCE,0.93
VEVENT_001675,2025-01-13 01:34:16,VEHICLE_00460,LOCATION_0150,ANPR,TOLL_PLAZA,0.81
VEVENT_001676,2025-01-13 01:36:16,VEHICLE_00480,LOCATION_0150,ANPR,POLICE_CHECKPOINT,0.82
VEVENT_001677,2025-01-13 01:46:16,VEHICLE_00460,LOCATION_0290,ANPR,TOLL_PLAZA,0.88
VEVENT_001678,2025-01-13 01:50:16,VEHICLE_00480,LOCATION_0290,ANPR,FIELD_SURVEILLANCE,0.85
VEVENT_001679,2025-01-13 01:58:16,VEHICLE_00460,LOCATION_0200,ANPR,POLICE_CHECKPOINT,0.82
VEVENT_001680,2025-01-13 02:04:16,VEHICLE_00480,LOCATION_0200,ANPR,TOLL_PLAZA,0.89
VEVENT_001681,2024-07-13 04:20:37,VEHICLE_00460,LOCATION_0100,ANPR,TOLL_PLAZA,0.81
VEVENT_001682,2024-07-13 04:21:37,VEHICLE_00480,LOCATION_0100,ANPR,TOLL_PLAZA,0.89
VEVENT_001683,2024-07-13 04:32:37,VEHICLE_00460,LOCATION_0120,ANPR,ANPR_CAMERA,0.91
VEVENT_001684,2024-07-13 04:37:37,VEHICLE_00480,LOCATION_0120,ANPR,FIELD_SURVEILLANCE,0.81
VEVENT_001685,2024-07-13 04:44:37,VEHICLE_00460,LOCATION_0150,ANPR,FIELD_SURVEILLANCE,0.83
VEVENT_001686,2024-07-13 04:48:37,VEHICLE_00480,LOCATION_0150,ANPR,POLICE_CHECKPOINT,0.89
VEVENT_001687,2024-07-13 04:56:37,VEHICLE_00460,LOCATION_0290,ANPR,TOLL_PLAZA,0.93
VEVENT_001688,2024-07-13 04:57:37,VEHICLE_00480,LOCATION_0290,ANPR,POLICE_CHECKPOINT,0.86
VEVENT_001689,2024-07-13 05:08:37,VEHICLE_00460,LOCATION_0200,ANPR,TOLL_PLAZA,0.88
VEVENT_001690,2024-07-13 05:13:37,VEHICLE_00480,LOCATION_0200,ANPR,ANPR_CAMERA,0.86
VEVENT_001691,2024-10-04 00:02:03,VEHICLE_00460,LOCATION_0100,ANPR,TOLL_PLAZA,0.92
VEVENT_001692,2024-10-04 00:03:03,VEHICLE_00480,LOCATION_0100,ANPR,ANPR_CAMERA,0.9
VEVENT_001693,2024-10-04 00:14:03,VEHICLE_00460,LOCATION_0120,ANPR,FIELD_SURVEILLANCE,0.83
VEVENT_001694,2024-10-04 00:16:03,VEHICLE_00480,LOCATION_0120,ANPR,POLICE_CHECKPOINT,0.88
VEVENT_001695,2024-10-04 00:26:03,VEHICLE_00460,LOCATION_0150,ANPR,FIELD_SURVEILLANCE,0.85
VEVENT_001696,2024-10-04 00:29:03,VEHICLE_00480,LOCATION_0150,ANPR,TOLL_PLAZA,0.82
VEVENT_001697,2024-10-04 00:38:03,VEHICLE_00460,LOCATION_0290,ANPR,FIELD_SURVEILLANCE,0.87
VEVENT_001698,2024-10-04 00:44:03,VEHICLE_00480,LOCATION_0290,ANPR,POLICE_CHECKPOINT,0.89
VEVENT_001699,2024-10-04 00:50:03,VEHICLE_00460,LOCATION_0200,ANPR,TOLL_PLAZA,0.87
VEVENT_001700,2024-10-04 00:55:03,VEHICLE_00480,LOCATION_0200,ANPR,FIELD_SURVEILLANCE,0.89
VEVENT_001701,2026-04-11 12:17:20,VEHICLE_00541,LOCATION_0100,ANPR,ANPR_CAMERA,0.82
VEVENT_001702,2026-04-11 12:18:20,VEHICLE_00331,LOCATION_0100,ANPR,TOLL_PLAZA,0.93
VEVENT_001703,2026-04-11 12:29:20,VEHICLE_00541,LOCATION_0120,ANPR,ANPR_CAMERA,0.9
VEVENT_001704,2026-04-11 12:33:20,VEHICLE_00331,LOCATION_0120,ANPR,FIELD_SURVEILLANCE,0.82
VEVENT_001705,2026-04-11 12:41:20,VEHICLE_00541,LOCATION_0150,ANPR,FIELD_SURVEILLANCE,0.87
VEVENT_001706,2026-04-11 12:43:20,VEHICLE_00331,LOCATION_0150,ANPR,POLICE_CHECKPOINT,0.83
VEVENT_001707,2026-04-11 12:53:20,VEHICLE_00541,LOCATION_0290,ANPR,POLICE_CHECKPOINT,0.84
VEVENT_001708,2026-04-11 12:55:20,VEHICLE_00331,LOCATION_0290,ANPR,POLICE_CHECKPOINT,0.92
VEVENT_001709,2026-04-11 13:05:20,VEHICLE_00541,LOCATION_0200,ANPR,FIELD_SURVEILLANCE,0.87
VEVENT_001710,2026-04-11 13:10:20,VEHICLE_00331,LOCATION_0200,ANPR,TOLL_PLAZA,0.92
VEVENT_001711,2024-04-08 15:20:34,VEHICLE_00541,LOCATION_0100,ANPR,FIELD_SURVEILLANCE,0.95
VEVENT_001712,2024-04-08 15:22:34,VEHICLE_00331,LOCATION_0100,ANPR,POLICE_CHECKPOINT,0.82
VEVENT_001713,2024-04-08 15:32:34,VEHICLE_00541,LOCATION_0120,ANPR,ANPR_CAMERA,0.89
VEVENT_001714,2024-04-08 15:36:34,VEHICLE_00331,LOCATION_0120,ANPR,ANPR_CAMERA,0.87
VEVENT_001715,2024-04-08 15:44:34,VEHICLE_00541,LOCATION_0150,ANPR,ANPR_CAMERA,0.81
VEVENT_001716,2024-04-08 15:49:34,VEHICLE_00331,LOCATION_0150,ANPR,FIELD_SURVEILLANCE,0.93
VEVENT_001717,2024-04-08 15:56:34,VEHICLE_00541,LOCATION_0290,ANPR,TOLL_PLAZA,0.81
VEVENT_001718,2024-04-08 16:00:34,VEHICLE_00331,LOCATION_0290,ANPR,ANPR_CAMERA,0.82
VEVENT_001719,2024-04-08 16:08:34,VEHICLE_00541,LOCATION_0200,ANPR,TOLL_PLAZA,0.88
VEVENT_001720,2024-04-08 16:10:34,VEHICLE_00331,LOCATION_0200,ANPR,TOLL_PLAZA,0.9
VEVENT_001721,2024-08-17 01:45:34,VEHICLE_00541,LOCATION_0100,ANPR,ANPR_CAMERA,0.83
VEVENT_001722,2024-08-17 01:50:34,VEHICLE_00331,LOCATION_0100,ANPR,TOLL_PLAZA,0.97
VEVENT_001723,2024-08-17 01:57:34,VEHICLE_00541,LOCATION_0120,ANPR,FIELD_SURVEILLANCE,0.96
VEVENT_001724,2024-08-17 02:02:34,VEHICLE_00331,LOCATION_0120,ANPR,POLICE_CHECKPOINT,0.96
VEVENT_001725,2024-08-17 02:09:34,VEHICLE_00541,LOCATION_0150,ANPR,FIELD_SURVEILLANCE,0.91
VEVENT_001726,2024-08-17 02:15:34,VEHICLE_00331,LOCATION_0150,ANPR,TOLL_PLAZA,0.94
VEVENT_001727,2024-08-17 02:21:34,VEHICLE_00541,LOCATION_0290,ANPR,POLICE_CHECKPOINT,0.9
VEVENT_001728,2024-08-17 02:27:34,VEHICLE_00331,LOCATION_0290,ANPR,ANPR_CAMERA,0.81
VEVENT_001729,2024-08-17 02:33:34,VEHICLE_00541,LOCATION_0200,ANPR,POLICE_CHECKPOINT,0.89
VEVENT_001730,2024-08-17 02:39:34,VEHICLE_00331,LOCATION_0200,ANPR,FIELD_SURVEILLANCE,0.96
VEVENT_001731,2024-03-04 20:15:39,VEHICLE_00541,LOCATION_0100,ANPR,ANPR_CAMERA,0.92
VEVENT_001732,2024-03-04 20:16:39,VEHICLE_00331,LOCATION_0100,ANPR,POLICE_CHECKPOINT,0.97
VEVENT_001733,2024-03-04 20:27:39,VEHICLE_00541,LOCATION_0120,ANPR,POLICE_CHECKPOINT,0.8
VEVENT_001734,2024-03-04 20:33:39,VEHICLE_00331,LOCATION_0120,ANPR,FIELD_SURVEILLANCE,0.89
VEVENT_001735,2024-03-04 20:39:39,VEHICLE_00541,LOCATION_0150,ANPR,POLICE_CHECKPOINT,0.88
VEVENT_001736,2024-03-04 20:42:39,VEHICLE_00331,LOCATION_0150,ANPR,FIELD_SURVEILLANCE,0.93
VEVENT_001737,2024-03-04 20:51:39,VEHICLE_00541,LOCATION_0290,ANPR,TOLL_PLAZA,0.87
VEVENT_001738,2024-03-04 20:56:39,VEHICLE_00331,LOCATION_0290,ANPR,ANPR_CAMERA,0.87
VEVENT_001739,2024-03-04 21:03:39,VEHICLE_00541,LOCATION_0200,ANPR,ANPR_CAMERA,0.93
VEVENT_001740,2024-03-04 21:09:39,VEHICLE_00331,LOCATION_0200,ANPR,FIELD_SURVEILLANCE,0.91
VEVENT_001741,2026-02-19 18:56:13,VEHICLE_00541,LOCATION_0100,ANPR,FIELD_SURVEILLANCE,0.9
VEVENT_001742,2026-02-19 19:01:13,VEHICLE_00331,LOCATION_0100,ANPR,POLICE_CHECKPOINT,0.92
VEVENT_001743,2026-02-19 19:08:13,VEHICLE_00541,LOCATION_0120,ANPR,ANPR_CAMERA,0.85
VEVENT_001744,2026-02-19 19:14:13,VEHICLE_00331,LOCATION_0120,ANPR,FIELD_SURVEILLANCE,0.94
VEVENT_001745,2026-02-19 19:20:13,VEHICLE_00541,LOCATION_0150,ANPR,ANPR_CAMERA,0.85
VEVENT_001746,2026-02-19 19:22:13,VEHICLE_00331,LOCATION_0150,ANPR,TOLL_PLAZA,0.94
VEVENT_001747,2026-02-19 19:32:13,VEHICLE_00541,LOCATION_0290,ANPR,POLICE_CHECKPOINT,0.9
VEVENT_001748,2026-02-19 19:34:13,VEHICLE_00331,LOCATION_0290,ANPR,FIELD_SURVEILLANCE,0.82
VEVENT_001749,2026-02-19 19:44:13,VEHICLE_00541,LOCATION_0200,ANPR,ANPR_CAMERA,0.91
VEVENT_001750,2026-02-19 19:50:13,VEHICLE_00331,LOCATION_0200,ANPR,POLICE_CHECKPOINT,0.89
VEVENT_001751,2025-07-04 13:56:12,VEHICLE_00742,LOCATION_0127,ANPR,FIELD_SURVEILLANCE,0.87
VEVENT_001752,2025-07-04 13:59:12,VEHICLE_00671,LOCATION_0127,ANPR,FIELD_SURVEILLANCE,0.84
VEVENT_001753,2025-07-04 14:08:12,VEHICLE_00742,LOCATION_0227,ANPR,TOLL_PLAZA,0.93
VEVENT_001754,2025-07-04 14:13:12,VEHICLE_00671,LOCATION_0227,ANPR,ANPR_CAMERA,0.97
VEVENT_001755,2025-07-04 14:20:12,VEHICLE_00742,LOCATION_0107,ANPR,TOLL_PLAZA,0.96
VEVENT_001756,2025-07-04 14:21:12,VEHICLE_00671,LOCATION_0107,ANPR,TOLL_PLAZA,0.9
VEVENT_001757,2025-07-04 14:32:12,VEHICLE_00742,LOCATION_0287,ANPR,POLICE_CHECKPOINT,0.85
VEVENT_001758,2025-07-04 14:33:12,VEHICLE_00671,LOCATION_0287,ANPR,FIELD_SURVEILLANCE,0.94
VEVENT_001759,2025-07-04 14:44:12,VEHICLE_00742,LOCATION_0097,ANPR,TOLL_PLAZA,0.96
VEVENT_001760,2025-07-04 14:50:12,VEHICLE_00671,LOCATION_0097,ANPR,FIELD_SURVEILLANCE,0.86
VEVENT_001761,2024-02-11 04:34:06,VEHICLE_00742,LOCATION_0127,ANPR,POLICE_CHECKPOINT,0.94
VEVENT_001762,2024-02-11 04:36:06,VEHICLE_00671,LOCATION_0127,ANPR,FIELD_SURVEILLANCE,0.89
VEVENT_001763,2024-02-11 04:46:06,VEHICLE_00742,LOCATION_0227,ANPR,FIELD_SURVEILLANCE,0.92
VEVENT_001764,2024-02-11 04:50:06,VEHICLE_00671,LOCATION_0227,ANPR,FIELD_SURVEILLANCE,0.96
VEVENT_001765,2024-02-11 04:58:06,VEHICLE_00742,LOCATION_0107,ANPR,ANPR_CAMERA,0.96
VEVENT_001766,2024-02-11 04:59:06,VEHICLE_00671,LOCATION_0107,ANPR,POLICE_CHECKPOINT,0.91
VEVENT_001767,2024-02-11 05:10:06,VEHICLE_00742,LOCATION_0287,ANPR,POLICE_CHECKPOINT,0.83
VEVENT_001768,2024-02-11 05:16:06,VEHICLE_00671,LOCATION_0287,ANPR,ANPR_CAMERA,0.95
VEVENT_001769,2024-02-11 05:22:06,VEHICLE_00742,LOCATION_0097,ANPR,TOLL_PLAZA,0.9
VEVENT_001770,2024-02-11 05:23:06,VEHICLE_00671,LOCATION_0097,ANPR,FIELD_SURVEILLANCE,0.92
VEVENT_001771,2024-01-30 19:34:44,VEHICLE_00742,LOCATION_0127,ANPR,ANPR_CAMERA,0.91
VEVENT_001772,2024-01-30 19:35:44,VEHICLE_00671,LOCATION_0127,ANPR,ANPR_CAMERA,0.94
VEVENT_001773,2024-01-30 19:46:44,VEHICLE_00742,LOCATION_0227,ANPR,TOLL_PLAZA,0.84
VEVENT_001774,2024-01-30 19:52:44,VEHICLE_00671,LOCATION_0227,ANPR,TOLL_PLAZA,0.89
VEVENT_001775,2024-01-30 19:58:44,VEHICLE_00742,LOCATION_0107,ANPR,TOLL_PLAZA,0.93
VEVENT_001776,2024-01-30 20:04:44,VEHICLE_00671,LOCATION_0107,ANPR,POLICE_CHECKPOINT,0.88
VEVENT_001777,2024-01-30 20:10:44,VEHICLE_00742,LOCATION_0287,ANPR,ANPR_CAMERA,0.82
VEVENT_001778,2024-01-30 20:15:44,VEHICLE_00671,LOCATION_0287,ANPR,POLICE_CHECKPOINT,0.96
VEVENT_001779,2024-01-30 20:22:44,VEHICLE_00742,LOCATION_0097,ANPR,TOLL_PLAZA,0.86
VEVENT_001780,2024-01-30 20:24:44,VEHICLE_00671,LOCATION_0097,ANPR,ANPR_CAMERA,0.88
VEVENT_001781,2025-12-06 05:02:57,VEHICLE_00742,LOCATION_0127,ANPR,ANPR_CAMERA,0.92
VEVENT_001782,2025-12-06 05:04:57,VEHICLE_00671,LOCATION_0127,ANPR,TOLL_PLAZA,0.97
VEVENT_001783,2025-12-06 05:14:57,VEHICLE_00742,LOCATION_0227,ANPR,ANPR_CAMERA,0.88
VEVENT_001784,2025-12-06 05:20:57,VEHICLE_00671,LOCATION_0227,ANPR,TOLL_PLAZA,0.86
VEVENT_001785,2025-12-06 05:26:57,VEHICLE_00742,LOCATION_0107,ANPR,TOLL_PLAZA,0.87
VEVENT_001786,2025-12-06 05:27:57,VEHICLE_00671,LOCATION_0107,ANPR,POLICE_CHECKPOINT,0.89
VEVENT_001787,2025-12-06 05:38:57,VEHICLE_00742,LOCATION_0287,ANPR,POLICE_CHECKPOINT,0.87
VEVENT_001788,2025-12-06 05:42:57,VEHICLE_00671,LOCATION_0287,ANPR,TOLL_PLAZA,0.96
VEVENT_001789,2025-12-06 05:50:57,VEHICLE_00742,LOCATION_0097,ANPR,FIELD_SURVEILLANCE,0.89
VEVENT_001790,2025-12-06 05:56:57,VEHICLE_00671,LOCATION_0097,ANPR,TOLL_PLAZA,0.84
VEVENT_001791,2025-08-21 12:33:46,VEHICLE_00742,LOCATION_0127,ANPR,FIELD_SURVEILLANCE,0.82
VEVENT_001792,2025-08-21 12:34:46,VEHICLE_00671,LOCATION_0127,ANPR,ANPR_CAMERA,0.88
VEVENT_001793,2025-08-21 12:45:46,VEHICLE_00742,LOCATION_0227,ANPR,POLICE_CHECKPOINT,0.85
VEVENT_001794,2025-08-21 12:50:46,VEHICLE_00671,LOCATION_0227,ANPR,POLICE_CHECKPOINT,0.89
VEVENT_001795,2025-08-21 12:57:46,VEHICLE_00742,LOCATION_0107,ANPR,POLICE_CHECKPOINT,0.87
VEVENT_001796,2025-08-21 12:59:46,VEHICLE_00671,LOCATION_0107,ANPR,TOLL_PLAZA,0.87
VEVENT_001797,2025-08-21 13:09:46,VEHICLE_00742,LOCATION_0287,ANPR,ANPR_CAMERA,0.91
VEVENT_001798,2025-08-21 13:13:46,VEHICLE_00671,LOCATION_0287,ANPR,FIELD_SURVEILLANCE,0.95
VEVENT_001799,2025-08-21 13:21:46,VEHICLE_00742,LOCATION_0097,ANPR,TOLL_PLAZA,0.89
VEVENT_001800,2025-08-21 13:27:46,VEHICLE_00671,LOCATION_0097,ANPR,POLICE_CHECKPOINT,0.94
VEVENT_001801,2025-11-03 20:34:06,VEHICLE_00294,LOCATION_0294,ANPR,TOLL_PLAZA,0.81
VEVENT_001802,2025-11-03 20:40:06,VEHICLE_00051,LOCATION_0294,ANPR,POLICE_CHECKPOINT,0.9
VEVENT_001803,2025-11-03 20:46:06,VEHICLE_00294,LOCATION_0004,ANPR,ANPR_CAMERA,0.93
VEVENT_001804,2025-11-03 20:51:06,VEHICLE_00051,LOCATION_0004,ANPR,TOLL_PLAZA,0.83
VEVENT_001805,2025-11-03 20:58:06,VEHICLE_00294,LOCATION_0214,ANPR,TOLL_PLAZA,0.81
VEVENT_001806,2025-11-03 21:04:06,VEHICLE_00051,LOCATION_0214,ANPR,ANPR_CAMERA,0.87
VEVENT_001807,2025-11-03 21:10:06,VEHICLE_00294,LOCATION_0234,ANPR,FIELD_SURVEILLANCE,0.91
VEVENT_001808,2025-11-03 21:13:06,VEHICLE_00051,LOCATION_0234,ANPR,TOLL_PLAZA,0.96
VEVENT_001809,2025-11-03 21:22:06,VEHICLE_00294,LOCATION_0174,ANPR,POLICE_CHECKPOINT,0.91
VEVENT_001810,2025-11-03 21:23:06,VEHICLE_00051,LOCATION_0174,ANPR,TOLL_PLAZA,0.88
VEVENT_001811,2025-01-25 16:22:44,VEHICLE_00294,LOCATION_0294,ANPR,ANPR_CAMERA,0.8
VEVENT_001812,2025-01-25 16:27:44,VEHICLE_00051,LOCATION_0294,ANPR,ANPR_CAMERA,0.94
VEVENT_001813,2025-01-25 16:34:44,VEHICLE_00294,LOCATION_0004,ANPR,ANPR_CAMERA,0.97
VEVENT_001814,2025-01-25 16:35:44,VEHICLE_00051,LOCATION_0004,ANPR,FIELD_SURVEILLANCE,0.82
VEVENT_001815,2025-01-25 16:46:44,VEHICLE_00294,LOCATION_0214,ANPR,TOLL_PLAZA,0.9
VEVENT_001816,2025-01-25 16:49:44,VEHICLE_00051,LOCATION_0214,ANPR,POLICE_CHECKPOINT,0.87
VEVENT_001817,2025-01-25 16:58:44,VEHICLE_00294,LOCATION_0234,ANPR,FIELD_SURVEILLANCE,0.92
VEVENT_001818,2025-01-25 17:01:44,VEHICLE_00051,LOCATION_0234,ANPR,FIELD_SURVEILLANCE,0.95
VEVENT_001819,2025-01-25 17:10:44,VEHICLE_00294,LOCATION_0174,ANPR,FIELD_SURVEILLANCE,0.96
VEVENT_001820,2025-01-25 17:11:44,VEHICLE_00051,LOCATION_0174,ANPR,ANPR_CAMERA,0.9
VEVENT_001821,2026-05-28 00:34:52,VEHICLE_00294,LOCATION_0294,ANPR,FIELD_SURVEILLANCE,0.81
VEVENT_001822,2026-05-28 00:38:52,VEHICLE_00051,LOCATION_0294,ANPR,ANPR_CAMERA,0.9
VEVENT_001823,2026-05-28 00:46:52,VEHICLE_00294,LOCATION_0004,ANPR,ANPR_CAMERA,0.93
VEVENT_001824,2026-05-28 00:50:52,VEHICLE_00051,LOCATION_0004,ANPR,POLICE_CHECKPOINT,0.9
VEVENT_001825,2026-05-28 00:58:52,VEHICLE_00294,LOCATION_0214,ANPR,ANPR_CAMERA,0.95
VEVENT_001826,2026-05-28 01:01:52,VEHICLE_00051,LOCATION_0214,ANPR,ANPR_CAMERA,0.96
VEVENT_001827,2026-05-28 01:10:52,VEHICLE_00294,LOCATION_0234,ANPR,FIELD_SURVEILLANCE,0.95
VEVENT_001828,2026-05-28 01:16:52,VEHICLE_00051,LOCATION_0234,ANPR,FIELD_SURVEILLANCE,0.88
VEVENT_001829,2026-05-28 01:22:52,VEHICLE_00294,LOCATION_0174,ANPR,FIELD_SURVEILLANCE,0.92
VEVENT_001830,2026-05-28 01:24:52,VEHICLE_00051,LOCATION_0174,ANPR,ANPR_CAMERA,0.89
VEVENT_001831,2025-08-19 20:39:44,VEHICLE_00294,LOCATION_0294,ANPR,POLICE_CHECKPOINT,0.81
VEVENT_001832,2025-08-19 20:44:44,VEHICLE_00051,LOCATION_0294,ANPR,TOLL_PLAZA,0.82
VEVENT_001833,2025-08-19 20:51:44,VEHICLE_00294,LOCATION_0004,ANPR,POLICE_CHECKPOINT,0.82
VEVENT_001834,2025-08-19 20:56:44,VEHICLE_00051,LOCATION_0004,ANPR,ANPR_CAMERA,0.87
VEVENT_001835,2025-08-19 21:03:44,VEHICLE_00294,LOCATION_0214,ANPR,FIELD_SURVEILLANCE,0.81
VEVENT_001836,2025-08-19 21:07:44,VEHICLE_00051,LOCATION_0214,ANPR,ANPR_CAMERA,0.87
VEVENT_001837,2025-08-19 21:15:44,VEHICLE_00294,LOCATION_0234,ANPR,TOLL_PLAZA,0.95
VEVENT_001838,2025-08-19 21:20:44,VEHICLE_00051,LOCATION_0234,ANPR,FIELD_SURVEILLANCE,0.94
VEVENT_001839,2025-08-19 21:27:44,VEHICLE_00294,LOCATION_0174,ANPR,ANPR_CAMERA,0.86
VEVENT_001840,2025-08-19 21:33:44,VEHICLE_00051,LOCATION_0174,ANPR,POLICE_CHECKPOINT,0.8
VEVENT_001841,2024-03-16 04:14:35,VEHICLE_00294,LOCATION_0294,ANPR,POLICE_CHECKPOINT,0.89
VEVENT_001842,2024-03-16 04:17:35,VEHICLE_00051,LOCATION_0294,ANPR,POLICE_CHECKPOINT,0.86
VEVENT_001843,2024-03-16 04:26:35,VEHICLE_00294,LOCATION_0004,ANPR,TOLL_PLAZA,0.95
VEVENT_001844,2024-03-16 04:28:35,VEHICLE_00051,LOCATION_0004,ANPR,ANPR_CAMERA,0.91
VEVENT_001845,2024-03-16 04:38:35,VEHICLE_00294,LOCATION_0214,ANPR,TOLL_PLAZA,0.88
VEVENT_001846,2024-03-16 04:43:35,VEHICLE_00051,LOCATION_0214,ANPR,FIELD_SURVEILLANCE,0.9
VEVENT_001847,2024-03-16 04:50:35,VEHICLE_00294,LOCATION_0234,ANPR,FIELD_SURVEILLANCE,0.88
VEVENT_001848,2024-03-16 04:53:35,VEHICLE_00051,LOCATION_0234,ANPR,POLICE_CHECKPOINT,0.9
VEVENT_001849,2024-03-16 05:02:35,VEHICLE_00294,LOCATION_0174,ANPR,POLICE_CHECKPOINT,0.82
VEVENT_001850,2024-03-16 05:03:35,VEHICLE_00051,LOCATION_0174,ANPR,ANPR_CAMERA,0.87
VEVENT_001851,2025-04-16 19:03:24,VEHICLE_00294,LOCATION_0294,ANPR,POLICE_CHECKPOINT,0.89
VEVENT_001852,2025-04-16 19:05:24,VEHICLE_00051,LOCATION_0294,ANPR,ANPR_CAMERA,0.94
VEVENT_001853,2025-04-16 19:15:24,VEHICLE_00294,LOCATION_0004,ANPR,FIELD_SURVEILLANCE,0.82
VEVENT_001854,2025-04-16 19:16:24,VEHICLE_00051,LOCATION_0004,ANPR,POLICE_CHECKPOINT,0.82
VEVENT_001855,2025-04-16 19:27:24,VEHICLE_00294,LOCATION_0214,ANPR,POLICE_CHECKPOINT,0.94
VEVENT_001856,2025-04-16 19:31:24,VEHICLE_00051,LOCATION_0214,ANPR,TOLL_PLAZA,0.85
VEVENT_001857,2025-04-16 19:39:24,VEHICLE_00294,LOCATION_0234,ANPR,ANPR_CAMERA,0.91
VEVENT_001858,2025-04-16 19:45:24,VEHICLE_00051,LOCATION_0234,ANPR,TOLL_PLAZA,0.81
VEVENT_001859,2025-04-16 19:51:24,VEHICLE_00294,LOCATION_0174,ANPR,FIELD_SURVEILLANCE,0.97
VEVENT_001860,2025-04-16 19:53:24,VEHICLE_00051,LOCATION_0174,ANPR,POLICE_CHECKPOINT,0.83
VEVENT_001861,2026-06-24 04:50:59,VEHICLE_00294,LOCATION_0294,ANPR,TOLL_PLAZA,0.93
VEVENT_001862,2026-06-24 04:52:59,VEHICLE_00051,LOCATION_0294,ANPR,TOLL_PLAZA,0.92
VEVENT_001863,2026-06-24 05:02:59,VEHICLE_00294,LOCATION_0004,ANPR,TOLL_PLAZA,0.89
VEVENT_001864,2026-06-24 05:08:59,VEHICLE_00051,LOCATION_0004,ANPR,ANPR_CAMERA,0.94
VEVENT_001865,2026-06-24 05:14:59,VEHICLE_00294,LOCATION_0214,ANPR,POLICE_CHECKPOINT,0.9
VEVENT_001866,2026-06-24 05:15:59,VEHICLE_00051,LOCATION_0214,ANPR,POLICE_CHECKPOINT,0.91
VEVENT_001867,2026-06-24 05:26:59,VEHICLE_00294,LOCATION_0234,ANPR,TOLL_PLAZA,0.96
VEVENT_001868,2026-06-24 05:30:59,VEHICLE_00051,LOCATION_0234,ANPR,TOLL_PLAZA,0.89
VEVENT_001869,2026-06-24 05:38:59,VEHICLE_00294,LOCATION_0174,ANPR,POLICE_CHECKPOINT,0.85
VEVENT_001870,2026-06-24 05:44:59,VEHICLE_00051,LOCATION_0174,ANPR,ANPR_CAMERA,0.91
VEVENT_001871,2024-04-10 10:11:01,VEHICLE_00698,LOCATION_0294,ANPR,POLICE_CHECKPOINT,0.91
VEVENT_001872,2024-04-10 10:16:01,VEHICLE_00741,LOCATION_0294,ANPR,FIELD_SURVEILLANCE,0.9
VEVENT_001873,2024-04-10 10:23:01,VEHICLE_00698,LOCATION_0004,ANPR,FIELD_SURVEILLANCE,0.84
VEVENT_001874,2024-04-10 10:27:01,VEHICLE_00741,LOCATION_0004,ANPR,TOLL_PLAZA,0.88
VEVENT_001875,2024-04-10 10:35:01,VEHICLE_00698,LOCATION_0214,ANPR,POLICE_CHECKPOINT,0.94
VEVENT_001876,2024-04-10 10:36:01,VEHICLE_00741,LOCATION_0214,ANPR,POLICE_CHECKPOINT,0.91
VEVENT_001877,2024-04-10 10:47:01,VEHICLE_00698,LOCATION_0234,ANPR,POLICE_CHECKPOINT,0.81
VEVENT_001878,2024-04-10 10:52:01,VEHICLE_00741,LOCATION_0234,ANPR,TOLL_PLAZA,0.94
VEVENT_001879,2024-04-10 10:59:01,VEHICLE_00698,LOCATION_0174,ANPR,TOLL_PLAZA,0.81
VEVENT_001880,2024-04-10 11:05:01,VEHICLE_00741,LOCATION_0174,ANPR,POLICE_CHECKPOINT,0.92
VEVENT_001881,2026-01-19 22:05:05,VEHICLE_00698,LOCATION_0294,ANPR,POLICE_CHECKPOINT,0.89
VEVENT_001882,2026-01-19 22:06:05,VEHICLE_00741,LOCATION_0294,ANPR,TOLL_PLAZA,0.81
VEVENT_001883,2026-01-19 22:17:05,VEHICLE_00698,LOCATION_0004,ANPR,POLICE_CHECKPOINT,0.88
VEVENT_001884,2026-01-19 22:18:05,VEHICLE_00741,LOCATION_0004,ANPR,ANPR_CAMERA,0.96
VEVENT_001885,2026-01-19 22:29:05,VEHICLE_00698,LOCATION_0214,ANPR,TOLL_PLAZA,0.81
VEVENT_001886,2026-01-19 22:32:05,VEHICLE_00741,LOCATION_0214,ANPR,ANPR_CAMERA,0.83
VEVENT_001887,2026-01-19 22:41:05,VEHICLE_00698,LOCATION_0234,ANPR,POLICE_CHECKPOINT,0.91
VEVENT_001888,2026-01-19 22:42:05,VEHICLE_00741,LOCATION_0234,ANPR,ANPR_CAMERA,0.96
VEVENT_001889,2026-01-19 22:53:05,VEHICLE_00698,LOCATION_0174,ANPR,TOLL_PLAZA,0.93
VEVENT_001890,2026-01-19 22:56:05,VEHICLE_00741,LOCATION_0174,ANPR,POLICE_CHECKPOINT,0.87
VEVENT_001891,2025-09-07 15:40:26,VEHICLE_00698,LOCATION_0294,ANPR,ANPR_CAMERA,0.82
VEVENT_001892,2025-09-07 15:44:26,VEHICLE_00741,LOCATION_0294,ANPR,ANPR_CAMERA,0.94
VEVENT_001893,2025-09-07 15:52:26,VEHICLE_00698,LOCATION_0004,ANPR,FIELD_SURVEILLANCE,0.9
VEVENT_001894,2025-09-07 15:55:26,VEHICLE_00741,LOCATION_0004,ANPR,POLICE_CHECKPOINT,0.97
VEVENT_001895,2025-09-07 16:04:26,VEHICLE_00698,LOCATION_0214,ANPR,POLICE_CHECKPOINT,0.82
VEVENT_001896,2025-09-07 16:05:26,VEHICLE_00741,LOCATION_0214,ANPR,FIELD_SURVEILLANCE,0.91
VEVENT_001897,2025-09-07 16:16:26,VEHICLE_00698,LOCATION_0234,ANPR,TOLL_PLAZA,0.83
VEVENT_001898,2025-09-07 16:18:26,VEHICLE_00741,LOCATION_0234,ANPR,TOLL_PLAZA,0.88
VEVENT_001899,2025-09-07 16:28:26,VEHICLE_00698,LOCATION_0174,ANPR,FIELD_SURVEILLANCE,0.92
VEVENT_001900,2025-09-07 16:31:26,VEHICLE_00741,LOCATION_0174,ANPR,ANPR_CAMERA,0.93
VEVENT_001901,2024-11-27 14:01:23,VEHICLE_00698,LOCATION_0294,ANPR,POLICE_CHECKPOINT,0.91
VEVENT_001902,2024-11-27 14:02:23,VEHICLE_00741,LOCATION_0294,ANPR,ANPR_CAMERA,0.87
VEVENT_001903,2024-11-27 14:13:23,VEHICLE_00698,LOCATION_0004,ANPR,ANPR_CAMERA,0.96
VEVENT_001904,2024-11-27 14:14:23,VEHICLE_00741,LOCATION_0004,ANPR,POLICE_CHECKPOINT,0.93
VEVENT_001905,2024-11-27 14:25:23,VEHICLE_00698,LOCATION_0214,ANPR,POLICE_CHECKPOINT,0.82
VEVENT_001906,2024-11-27 14:30:23,VEHICLE_00741,LOCATION_0214,ANPR,FIELD_SURVEILLANCE,0.93
VEVENT_001907,2024-11-27 14:37:23,VEHICLE_00698,LOCATION_0234,ANPR,FIELD_SURVEILLANCE,0.85
VEVENT_001908,2024-11-27 14:43:23,VEHICLE_00741,LOCATION_0234,ANPR,ANPR_CAMERA,0.93
VEVENT_001909,2024-11-27 14:49:23,VEHICLE_00698,LOCATION_0174,ANPR,POLICE_CHECKPOINT,0.85
VEVENT_001910,2024-11-27 14:53:23,VEHICLE_00741,LOCATION_0174,ANPR,ANPR_CAMERA,0.97
VEVENT_001911,2025-09-16 13:59:32,VEHICLE_00698,LOCATION_0294,ANPR,POLICE_CHECKPOINT,0.84
VEVENT_001912,2025-09-16 14:03:32,VEHICLE_00741,LOCATION_0294,ANPR,FIELD_SURVEILLANCE,0.89
VEVENT_001913,2025-09-16 14:11:32,VEHICLE_00698,LOCATION_0004,ANPR,TOLL_PLAZA,0.91
VEVENT_001914,2025-09-16 14:16:32,VEHICLE_00741,LOCATION_0004,ANPR,ANPR_CAMERA,0.94
VEVENT_001915,2025-09-16 14:23:32,VEHICLE_00698,LOCATION_0214,ANPR,TOLL_PLAZA,0.87
VEVENT_001916,2025-09-16 14:26:32,VEHICLE_00741,LOCATION_0214,ANPR,ANPR_CAMERA,0.94
VEVENT_001917,2025-09-16 14:35:32,VEHICLE_00698,LOCATION_0234,ANPR,POLICE_CHECKPOINT,0.81
VEVENT_001918,2025-09-16 14:36:32,VEHICLE_00741,LOCATION_0234,ANPR,ANPR_CAMERA,0.83
VEVENT_001919,2025-09-16 14:47:32,VEHICLE_00698,LOCATION_0174,ANPR,TOLL_PLAZA,0.8
VEVENT_001920,2025-09-16 14:49:32,VEHICLE_00741,LOCATION_0174,ANPR,TOLL_PLAZA,0.87
VEVENT_001921,2025-09-20 12:38:42,VEHICLE_00698,LOCATION_0294,ANPR,FIELD_SURVEILLANCE,0.9
VEVENT_001922,2025-09-20 12:39:42,VEHICLE_00741,LOCATION_0294,ANPR,POLICE_CHECKPOINT,0.8
VEVENT_001923,2025-09-20 12:50:42,VEHICLE_00698,LOCATION_0004,ANPR,ANPR_CAMERA,0.92
VEVENT_001924,2025-09-20 12:53:42,VEHICLE_00741,LOCATION_0004,ANPR,POLICE_CHECKPOINT,0.81
VEVENT_001925,2025-09-20 13:02:42,VEHICLE_00698,LOCATION_0214,ANPR,POLICE_CHECKPOINT,0.89
VEVENT_001926,2025-09-20 13:05:42,VEHICLE_00741,LOCATION_0214,ANPR,TOLL_PLAZA,0.83
VEVENT_001927,2025-09-20 13:14:42,VEHICLE_00698,LOCATION_0234,ANPR,FIELD_SURVEILLANCE,0.84
VEVENT_001928,2025-09-20 13:17:42,VEHICLE_00741,LOCATION_0234,ANPR,FIELD_SURVEILLANCE,0.84
VEVENT_001929,2025-09-20 13:26:42,VEHICLE_00698,LOCATION_0174,ANPR,TOLL_PLAZA,0.96
VEVENT_001930,2025-09-20 13:29:42,VEHICLE_00741,LOCATION_0174,ANPR,TOLL_PLAZA,0.81
VEVENT_001931,2026-03-01 12:25:47,VEHICLE_00698,LOCATION_0294,ANPR,TOLL_PLAZA,0.86
VEVENT_001932,2026-03-01 12:27:47,VEHICLE_00741,LOCATION_0294,ANPR,POLICE_CHECKPOINT,0.84
VEVENT_001933,2026-03-01 12:37:47,VEHICLE_00698,LOCATION_0004,ANPR,ANPR_CAMERA,0.84
VEVENT_001934,2026-03-01 12:43:47,VEHICLE_00741,LOCATION_0004,ANPR,POLICE_CHECKPOINT,0.88
VEVENT_001935,2026-03-01 12:49:47,VEHICLE_00698,LOCATION_0214,ANPR,FIELD_SURVEILLANCE,0.8
VEVENT_001936,2026-03-01 12:51:47,VEHICLE_00741,LOCATION_0214,ANPR,ANPR_CAMERA,0.88
VEVENT_001937,2026-03-01 13:01:47,VEHICLE_00698,LOCATION_0234,ANPR,POLICE_CHECKPOINT,0.91
VEVENT_001938,2026-03-01 13:06:47,VEHICLE_00741,LOCATION_0234,ANPR,FIELD_SURVEILLANCE,0.89
VEVENT_001939,2026-03-01 13:13:47,VEHICLE_00698,LOCATION_0174,ANPR,POLICE_CHECKPOINT,0.89
VEVENT_001940,2026-03-01 13:17:47,VEHICLE_00741,LOCATION_0174,ANPR,FIELD_SURVEILLANCE,0.91
VEVENT_001941,2024-10-24 07:29:18,VEHICLE_00698,LOCATION_0294,ANPR,ANPR_CAMERA,0.95
VEVENT_001942,2024-10-24 07:35:18,VEHICLE_00741,LOCATION_0294,ANPR,POLICE_CHECKPOINT,0.84
VEVENT_001943,2024-10-24 07:41:18,VEHICLE_00698,LOCATION_0004,ANPR,ANPR_CAMERA,0.92
VEVENT_001944,2024-10-24 07:43:18,VEHICLE_00741,LOCATION_0004,ANPR,POLICE_CHECKPOINT,0.84
VEVENT_001945,2024-10-24 07:53:18,VEHICLE_00698,LOCATION_0214,ANPR,POLICE_CHECKPOINT,0.85
VEVENT_001946,2024-10-24 07:55:18,VEHICLE_00741,LOCATION_0214,ANPR,TOLL_PLAZA,0.83
VEVENT_001947,2024-10-24 08:05:18,VEHICLE_00698,LOCATION_0234,ANPR,POLICE_CHECKPOINT,0.91
VEVENT_001948,2024-10-24 08:07:18,VEHICLE_00741,LOCATION_0234,ANPR,POLICE_CHECKPOINT,0.86
VEVENT_001949,2024-10-24 08:17:18,VEHICLE_00698,LOCATION_0174,ANPR,POLICE_CHECKPOINT,0.84
VEVENT_001950,2024-10-24 08:18:18,VEHICLE_00741,LOCATION_0174,ANPR,TOLL_PLAZA,0.96
VEVENT_001951,2026-01-17 06:57:49,VEHICLE_00577,LOCATION_0276,ANPR,POLICE_CHECKPOINT,0.82
VEVENT_001952,2026-01-17 07:00:49,VEHICLE_00263,LOCATION_0276,ANPR,FIELD_SURVEILLANCE,0.82
VEVENT_001953,2026-01-17 07:09:49,VEHICLE_00577,LOCATION_0216,ANPR,POLICE_CHECKPOINT,0.85
VEVENT_001954,2026-01-17 07:13:49,VEHICLE_00263,LOCATION_0216,ANPR,TOLL_PLAZA,0.82
VEVENT_001955,2026-01-17 07:21:49,VEHICLE_00577,LOCATION_0116,ANPR,POLICE_CHECKPOINT,0.81
VEVENT_001956,2026-01-17 07:24:49,VEHICLE_00263,LOCATION_0116,ANPR,POLICE_CHECKPOINT,0.8
VEVENT_001957,2026-01-17 07:33:49,VEHICLE_00577,LOCATION_0066,ANPR,TOLL_PLAZA,0.95
VEVENT_001958,2026-01-17 07:37:49,VEHICLE_00263,LOCATION_0066,ANPR,POLICE_CHECKPOINT,0.95
VEVENT_001959,2026-01-17 07:45:49,VEHICLE_00577,LOCATION_0026,ANPR,TOLL_PLAZA,0.93
VEVENT_001960,2026-01-17 07:47:49,VEHICLE_00263,LOCATION_0026,ANPR,FIELD_SURVEILLANCE,0.83
VEVENT_001961,2025-11-06 17:41:54,VEHICLE_00577,LOCATION_0276,ANPR,ANPR_CAMERA,0.88
VEVENT_001962,2025-11-06 17:47:54,VEHICLE_00263,LOCATION_0276,ANPR,TOLL_PLAZA,0.92
VEVENT_001963,2025-11-06 17:53:54,VEHICLE_00577,LOCATION_0216,ANPR,POLICE_CHECKPOINT,0.8
VEVENT_001964,2025-11-06 17:59:54,VEHICLE_00263,LOCATION_0216,ANPR,FIELD_SURVEILLANCE,0.93
VEVENT_001965,2025-11-06 18:05:54,VEHICLE_00577,LOCATION_0116,ANPR,TOLL_PLAZA,0.84
VEVENT_001966,2025-11-06 18:10:54,VEHICLE_00263,LOCATION_0116,ANPR,POLICE_CHECKPOINT,0.91
VEVENT_001967,2025-11-06 18:17:54,VEHICLE_00577,LOCATION_0066,ANPR,POLICE_CHECKPOINT,0.83
VEVENT_001968,2025-11-06 18:20:54,VEHICLE_00263,LOCATION_0066,ANPR,TOLL_PLAZA,0.87
VEVENT_001969,2025-11-06 18:29:54,VEHICLE_00577,LOCATION_0026,ANPR,TOLL_PLAZA,0.82
VEVENT_001970,2025-11-06 18:34:54,VEHICLE_00263,LOCATION_0026,ANPR,ANPR_CAMERA,0.92
VEVENT_001971,2024-09-19 18:00:43,VEHICLE_00577,LOCATION_0276,ANPR,POLICE_CHECKPOINT,0.86
VEVENT_001972,2024-09-19 18:04:43,VEHICLE_00263,LOCATION_0276,ANPR,FIELD_SURVEILLANCE,0.91
VEVENT_001973,2024-09-19 18:12:43,VEHICLE_00577,LOCATION_0216,ANPR,TOLL_PLAZA,0.91
VEVENT_001974,2024-09-19 18:17:43,VEHICLE_00263,LOCATION_0216,ANPR,ANPR_CAMERA,0.9
VEVENT_001975,2024-09-19 18:24:43,VEHICLE_00577,LOCATION_0116,ANPR,POLICE_CHECKPOINT,0.83
VEVENT_001976,2024-09-19 18:28:43,VEHICLE_00263,LOCATION_0116,ANPR,TOLL_PLAZA,0.89
VEVENT_001977,2024-09-19 18:36:43,VEHICLE_00577,LOCATION_0066,ANPR,TOLL_PLAZA,0.83
VEVENT_001978,2024-09-19 18:37:43,VEHICLE_00263,LOCATION_0066,ANPR,POLICE_CHECKPOINT,0.86
VEVENT_001979,2024-09-19 18:48:43,VEHICLE_00577,LOCATION_0026,ANPR,ANPR_CAMERA,0.88
VEVENT_001980,2024-09-19 18:49:43,VEHICLE_00263,LOCATION_0026,ANPR,POLICE_CHECKPOINT,0.81
VEVENT_001981,2024-04-01 04:23:13,VEHICLE_00577,LOCATION_0276,ANPR,POLICE_CHECKPOINT,0.9
VEVENT_001982,2024-04-01 04:28:13,VEHICLE_00263,LOCATION_0276,ANPR,TOLL_PLAZA,0.96
VEVENT_001983,2024-04-01 04:35:13,VEHICLE_00577,LOCATION_0216,ANPR,TOLL_PLAZA,0.96
VEVENT_001984,2024-04-01 04:40:13,VEHICLE_00263,LOCATION_0216,ANPR,TOLL_PLAZA,0.95
VEVENT_001985,2024-04-01 04:47:13,VEHICLE_00577,LOCATION_0116,ANPR,FIELD_SURVEILLANCE,0.92
VEVENT_001986,2024-04-01 04:50:13,VEHICLE_00263,LOCATION_0116,ANPR,TOLL_PLAZA,0.84
VEVENT_001987,2024-04-01 04:59:13,VEHICLE_00577,LOCATION_0066,ANPR,ANPR_CAMERA,0.88
VEVENT_001988,2024-04-01 05:05:13,VEHICLE_00263,LOCATION_0066,ANPR,POLICE_CHECKPOINT,0.91
VEVENT_001989,2024-04-01 05:11:13,VEHICLE_00577,LOCATION_0026,ANPR,FIELD_SURVEILLANCE,0.81
VEVENT_001990,2024-04-01 05:15:13,VEHICLE_00263,LOCATION_0026,ANPR,ANPR_CAMERA,0.84
VEVENT_001991,2026-03-27 12:12:27,VEHICLE_00577,LOCATION_0276,ANPR,POLICE_CHECKPOINT,0.93
VEVENT_001992,2026-03-27 12:17:27,VEHICLE_00263,LOCATION_0276,ANPR,TOLL_PLAZA,0.86
VEVENT_001993,2026-03-27 12:24:27,VEHICLE_00577,LOCATION_0216,ANPR,ANPR_CAMERA,0.8
VEVENT_001994,2026-03-27 12:28:27,VEHICLE_00263,LOCATION_0216,ANPR,FIELD_SURVEILLANCE,0.94
VEVENT_001995,2026-03-27 12:36:27,VEHICLE_00577,LOCATION_0116,ANPR,TOLL_PLAZA,0.82
VEVENT_001996,2026-03-27 12:40:27,VEHICLE_00263,LOCATION_0116,ANPR,FIELD_SURVEILLANCE,0.9
VEVENT_001997,2026-03-27 12:48:27,VEHICLE_00577,LOCATION_0066,ANPR,TOLL_PLAZA,0.84
VEVENT_001998,2026-03-27 12:50:27,VEHICLE_00263,LOCATION_0066,ANPR,TOLL_PLAZA,0.89
VEVENT_001999,2026-03-27 13:00:27,VEHICLE_00577,LOCATION_0026,ANPR,ANPR_CAMERA,0.88
VEVENT_002000,2026-03-27 13:03:27,VEHICLE_00263,LOCATION_0026,ANPR,POLICE_CHECKPOINT,0.89
VEVENT_002001,2025-06-24 00:07:36,VEHICLE_00577,LOCATION_0276,ANPR,POLICE_CHECKPOINT,0.87
VEVENT_002002,2025-06-24 00:10:36,VEHICLE_00263,LOCATION_0276,ANPR,FIELD_SURVEILLANCE,0.92
VEVENT_002003,2025-06-24 00:19:36,VEHICLE_00577,LOCATION_0216,ANPR,ANPR_CAMERA,0.86
VEVENT_002004,2025-06-24 00:20:36,VEHICLE_00263,LOCATION_0216,ANPR,TOLL_PLAZA,0.85
VEVENT_002005,2025-06-24 00:31:36,VEHICLE_00577,LOCATION_0116,ANPR,POLICE_CHECKPOINT,0.88
VEVENT_002006,2025-06-24 00:32:36,VEHICLE_00263,LOCATION_0116,ANPR,POLICE_CHECKPOINT,0.88
VEVENT_002007,2025-06-24 00:43:36,VEHICLE_00577,LOCATION_0066,ANPR,FIELD_SURVEILLANCE,0.94
VEVENT_002008,2025-06-24 00:44:36,VEHICLE_00263,LOCATION_0066,ANPR,TOLL_PLAZA,0.96
VEVENT_002009,2025-06-24 00:55:36,VEHICLE_00577,LOCATION_0026,ANPR,POLICE_CHECKPOINT,0.95
VEVENT_002010,2025-06-24 00:59:36,VEHICLE_00263,LOCATION_0026,ANPR,ANPR_CAMERA,0.91
VEVENT_002011,2026-01-02 08:09:00,VEHICLE_00577,LOCATION_0276,ANPR,ANPR_CAMERA,0.93
VEVENT_002012,2026-01-02 08:12:00,VEHICLE_00263,LOCATION_0276,ANPR,TOLL_PLAZA,0.93
VEVENT_002013,2026-01-02 08:21:00,VEHICLE_00577,LOCATION_0216,ANPR,ANPR_CAMERA,0.85
VEVENT_002014,2026-01-02 08:25:00,VEHICLE_00263,LOCATION_0216,ANPR,POLICE_CHECKPOINT,0.9
VEVENT_002015,2026-01-02 08:33:00,VEHICLE_00577,LOCATION_0116,ANPR,POLICE_CHECKPOINT,0.85
VEVENT_002016,2026-01-02 08:37:00,VEHICLE_00263,LOCATION_0116,ANPR,TOLL_PLAZA,0.88
VEVENT_002017,2026-01-02 08:45:00,VEHICLE_00577,LOCATION_0066,ANPR,FIELD_SURVEILLANCE,0.94
VEVENT_002018,2026-01-02 08:49:00,VEHICLE_00263,LOCATION_0066,ANPR,ANPR_CAMERA,0.86
VEVENT_002019,2026-01-02 08:57:00,VEHICLE_00577,LOCATION_0026,ANPR,POLICE_CHECKPOINT,0.88
VEVENT_002020,2026-01-02 09:00:00,VEHICLE_00263,LOCATION_0026,ANPR,FIELD_SURVEILLANCE,0.8
VEVENT_002021,2025-05-19 18:48:04,VEHICLE_00577,LOCATION_0276,ANPR,ANPR_CAMERA,0.93
VEVENT_002022,2025-05-19 18:54:04,VEHICLE_00263,LOCATION_0276,ANPR,ANPR_CAMERA,0.81
VEVENT_002023,2025-05-19 19:00:04,VEHICLE_00577,LOCATION_0216,ANPR,TOLL_PLAZA,0.84
VEVENT_002024,2025-05-19 19:01:04,VEHICLE_00263,LOCATION_0216,ANPR,TOLL_PLAZA,0.93
VEVENT_002025,2025-05-19 19:12:04,VEHICLE_00577,LOCATION_0116,ANPR,FIELD_SURVEILLANCE,0.89
VEVENT_002026,2025-05-19 19:14:04,VEHICLE_00263,LOCATION_0116,ANPR,FIELD_SURVEILLANCE,0.81
VEVENT_002027,2025-05-19 19:24:04,VEHICLE_00577,LOCATION_0066,ANPR,FIELD_SURVEILLANCE,0.95
VEVENT_002028,2025-05-19 19:28:04,VEHICLE_00263,LOCATION_0066,ANPR,TOLL_PLAZA,0.89
VEVENT_002029,2025-05-19 19:36:04,VEHICLE_00577,LOCATION_0026,ANPR,TOLL_PLAZA,0.94
VEVENT_002030,2025-05-19 19:38:04,VEHICLE_00263,LOCATION_0026,ANPR,POLICE_CHECKPOINT,0.83
VEVENT_002031,2024-09-14 07:14:01,VEHICLE_00577,LOCATION_0276,ANPR,FIELD_SURVEILLANCE,0.95
VEVENT_002032,2024-09-14 07:20:01,VEHICLE_00263,LOCATION_0276,ANPR,FIELD_SURVEILLANCE,0.86
VEVENT_002033,2024-09-14 07:26:01,VEHICLE_00577,LOCATION_0216,ANPR,ANPR_CAMERA,0.85
VEVENT_002034,2024-09-14 07:29:01,VEHICLE_00263,LOCATION_0216,ANPR,FIELD_SURVEILLANCE,0.95
VEVENT_002035,2024-09-14 07:38:01,VEHICLE_00577,LOCATION_0116,ANPR,TOLL_PLAZA,0.9
VEVENT_002036,2024-09-14 07:41:01,VEHICLE_00263,LOCATION_0116,ANPR,FIELD_SURVEILLANCE,0.88
VEVENT_002037,2024-09-14 07:50:01,VEHICLE_00577,LOCATION_0066,ANPR,POLICE_CHECKPOINT,0.91
VEVENT_002038,2024-09-14 07:55:01,VEHICLE_00263,LOCATION_0066,ANPR,POLICE_CHECKPOINT,0.92
VEVENT_002039,2024-09-14 08:02:01,VEHICLE_00577,LOCATION_0026,ANPR,FIELD_SURVEILLANCE,0.85
VEVENT_002040,2024-09-14 08:07:01,VEHICLE_00263,LOCATION_0026,ANPR,FIELD_SURVEILLANCE,0.92
VEVENT_002041,2024-03-05 03:22:43,VEHICLE_00248,LOCATION_0049,ANPR,TOLL_PLAZA,0.86
VEVENT_002042,2024-03-05 03:25:43,VEHICLE_00450,LOCATION_0049,ANPR,FIELD_SURVEILLANCE,0.92
VEVENT_002043,2024-03-05 03:34:43,VEHICLE_00248,LOCATION_0179,ANPR,TOLL_PLAZA,0.81
VEVENT_002044,2024-03-05 03:40:43,VEHICLE_00450,LOCATION_0179,ANPR,TOLL_PLAZA,0.82
VEVENT_002045,2024-03-05 03:46:43,VEHICLE_00248,LOCATION_0189,ANPR,POLICE_CHECKPOINT,0.85
VEVENT_002046,2024-03-05 03:48:43,VEHICLE_00450,LOCATION_0189,ANPR,POLICE_CHECKPOINT,0.8
VEVENT_002047,2024-03-05 03:58:43,VEHICLE_00248,LOCATION_0299,ANPR,ANPR_CAMERA,0.85
VEVENT_002048,2024-03-05 04:03:43,VEHICLE_00450,LOCATION_0299,ANPR,ANPR_CAMERA,0.82
VEVENT_002049,2024-03-05 04:10:43,VEHICLE_00248,LOCATION_0229,ANPR,FIELD_SURVEILLANCE,0.88
VEVENT_002050,2024-03-05 04:12:43,VEHICLE_00450,LOCATION_0229,ANPR,TOLL_PLAZA,0.81
VEVENT_002051,2026-04-30 13:06:56,VEHICLE_00248,LOCATION_0049,ANPR,POLICE_CHECKPOINT,0.94
VEVENT_002052,2026-04-30 13:10:56,VEHICLE_00450,LOCATION_0049,ANPR,FIELD_SURVEILLANCE,0.92
VEVENT_002053,2026-04-30 13:18:56,VEHICLE_00248,LOCATION_0179,ANPR,POLICE_CHECKPOINT,0.83
VEVENT_002054,2026-04-30 13:21:56,VEHICLE_00450,LOCATION_0179,ANPR,FIELD_SURVEILLANCE,0.91
VEVENT_002055,2026-04-30 13:30:56,VEHICLE_00248,LOCATION_0189,ANPR,TOLL_PLAZA,0.94
VEVENT_002056,2026-04-30 13:31:56,VEHICLE_00450,LOCATION_0189,ANPR,FIELD_SURVEILLANCE,0.92
VEVENT_002057,2026-04-30 13:42:56,VEHICLE_00248,LOCATION_0299,ANPR,TOLL_PLAZA,0.81
VEVENT_002058,2026-04-30 13:47:56,VEHICLE_00450,LOCATION_0299,ANPR,ANPR_CAMERA,0.96
VEVENT_002059,2026-04-30 13:54:56,VEHICLE_00248,LOCATION_0229,ANPR,ANPR_CAMERA,0.97
VEVENT_002060,2026-04-30 14:00:56,VEHICLE_00450,LOCATION_0229,ANPR,ANPR_CAMERA,0.87
VEVENT_002061,2025-10-25 18:02:30,VEHICLE_00248,LOCATION_0049,ANPR,FIELD_SURVEILLANCE,0.93
VEVENT_002062,2025-10-25 18:08:30,VEHICLE_00450,LOCATION_0049,ANPR,TOLL_PLAZA,0.83
VEVENT_002063,2025-10-25 18:14:30,VEHICLE_00248,LOCATION_0179,ANPR,POLICE_CHECKPOINT,0.88
VEVENT_002064,2025-10-25 18:17:30,VEHICLE_00450,LOCATION_0179,ANPR,TOLL_PLAZA,0.91
VEVENT_002065,2025-10-25 18:26:30,VEHICLE_00248,LOCATION_0189,ANPR,ANPR_CAMERA,0.93
VEVENT_002066,2025-10-25 18:29:30,VEHICLE_00450,LOCATION_0189,ANPR,POLICE_CHECKPOINT,0.89
VEVENT_002067,2025-10-25 18:38:30,VEHICLE_00248,LOCATION_0299,ANPR,POLICE_CHECKPOINT,0.92
VEVENT_002068,2025-10-25 18:44:30,VEHICLE_00450,LOCATION_0299,ANPR,TOLL_PLAZA,0.92
VEVENT_002069,2025-10-25 18:50:30,VEHICLE_00248,LOCATION_0229,ANPR,TOLL_PLAZA,0.94
VEVENT_002070,2025-10-25 18:56:30,VEHICLE_00450,LOCATION_0229,ANPR,FIELD_SURVEILLANCE,0.89
VEVENT_002071,2025-07-11 04:54:51,VEHICLE_00248,LOCATION_0049,ANPR,TOLL_PLAZA,0.92
VEVENT_002072,2025-07-11 04:56:51,VEHICLE_00450,LOCATION_0049,ANPR,POLICE_CHECKPOINT,0.93
VEVENT_002073,2025-07-11 05:06:51,VEHICLE_00248,LOCATION_0179,ANPR,POLICE_CHECKPOINT,0.88
VEVENT_002074,2025-07-11 05:12:51,VEHICLE_00450,LOCATION_0179,ANPR,FIELD_SURVEILLANCE,0.92
VEVENT_002075,2025-07-11 05:18:51,VEHICLE_00248,LOCATION_0189,ANPR,TOLL_PLAZA,0.83
VEVENT_002076,2025-07-11 05:22:51,VEHICLE_00450,LOCATION_0189,ANPR,TOLL_PLAZA,0.92
VEVENT_002077,2025-07-11 05:30:51,VEHICLE_00248,LOCATION_0299,ANPR,POLICE_CHECKPOINT,0.88
VEVENT_002078,2025-07-11 05:35:51,VEHICLE_00450,LOCATION_0299,ANPR,FIELD_SURVEILLANCE,0.83
VEVENT_002079,2025-07-11 05:42:51,VEHICLE_00248,LOCATION_0229,ANPR,ANPR_CAMERA,0.82
VEVENT_002080,2025-07-11 05:47:51,VEHICLE_00450,LOCATION_0229,ANPR,TOLL_PLAZA,0.95
VEVENT_002081,2024-08-12 00:52:31,VEHICLE_00138,LOCATION_0265,ANPR,FIELD_SURVEILLANCE,0.86
VEVENT_002082,2024-08-12 00:58:31,VEHICLE_00481,LOCATION_0265,ANPR,POLICE_CHECKPOINT,0.94
VEVENT_002083,2024-08-12 01:04:31,VEHICLE_00138,LOCATION_0185,ANPR,FIELD_SURVEILLANCE,0.94
VEVENT_002084,2024-08-12 01:09:31,VEHICLE_00481,LOCATION_0185,ANPR,ANPR_CAMERA,0.85
VEVENT_002085,2024-08-12 01:16:31,VEHICLE_00138,LOCATION_0205,ANPR,FIELD_SURVEILLANCE,0.86
VEVENT_002086,2024-08-12 01:19:31,VEHICLE_00481,LOCATION_0205,ANPR,FIELD_SURVEILLANCE,0.9
VEVENT_002087,2024-08-12 01:28:31,VEHICLE_00138,LOCATION_0055,ANPR,FIELD_SURVEILLANCE,0.95
VEVENT_002088,2024-08-12 01:34:31,VEHICLE_00481,LOCATION_0055,ANPR,TOLL_PLAZA,0.85
VEVENT_002089,2024-08-12 01:40:31,VEHICLE_00138,LOCATION_0175,ANPR,FIELD_SURVEILLANCE,0.88
VEVENT_002090,2024-08-12 01:44:31,VEHICLE_00481,LOCATION_0175,ANPR,TOLL_PLAZA,0.83
VEVENT_002091,2025-08-31 19:00:23,VEHICLE_00138,LOCATION_0265,ANPR,FIELD_SURVEILLANCE,0.87
VEVENT_002092,2025-08-31 19:06:23,VEHICLE_00481,LOCATION_0265,ANPR,FIELD_SURVEILLANCE,0.93
VEVENT_002093,2025-08-31 19:12:23,VEHICLE_00138,LOCATION_0185,ANPR,FIELD_SURVEILLANCE,0.9
VEVENT_002094,2025-08-31 19:14:23,VEHICLE_00481,LOCATION_0185,ANPR,TOLL_PLAZA,0.8
VEVENT_002095,2025-08-31 19:24:23,VEHICLE_00138,LOCATION_0205,ANPR,FIELD_SURVEILLANCE,0.96
VEVENT_002096,2025-08-31 19:29:23,VEHICLE_00481,LOCATION_0205,ANPR,ANPR_CAMERA,0.9
VEVENT_002097,2025-08-31 19:36:23,VEHICLE_00138,LOCATION_0055,ANPR,ANPR_CAMERA,0.87
VEVENT_002098,2025-08-31 19:39:23,VEHICLE_00481,LOCATION_0055,ANPR,ANPR_CAMERA,0.92
VEVENT_002099,2025-08-31 19:48:23,VEHICLE_00138,LOCATION_0175,ANPR,TOLL_PLAZA,0.81
VEVENT_002100,2025-08-31 19:50:23,VEHICLE_00481,LOCATION_0175,ANPR,TOLL_PLAZA,0.93
VEVENT_002101,2026-01-30 17:35:54,VEHICLE_00138,LOCATION_0265,ANPR,FIELD_SURVEILLANCE,0.85
VEVENT_002102,2026-01-30 17:37:54,VEHICLE_00481,LOCATION_0265,ANPR,TOLL_PLAZA,0.93
VEVENT_002103,2026-01-30 17:47:54,VEHICLE_00138,LOCATION_0185,ANPR,ANPR_CAMERA,0.9
VEVENT_002104,2026-01-30 17:49:54,VEHICLE_00481,LOCATION_0185,ANPR,ANPR_CAMERA,0.86
VEVENT_002105,2026-01-30 17:59:54,VEHICLE_00138,LOCATION_0205,ANPR,TOLL_PLAZA,0.85
VEVENT_002106,2026-01-30 18:03:54,VEHICLE_00481,LOCATION_0205,ANPR,ANPR_CAMERA,0.87
VEVENT_002107,2026-01-30 18:11:54,VEHICLE_00138,LOCATION_0055,ANPR,TOLL_PLAZA,0.94
VEVENT_002108,2026-01-30 18:17:54,VEHICLE_00481,LOCATION_0055,ANPR,ANPR_CAMERA,0.96
VEVENT_002109,2026-01-30 18:23:54,VEHICLE_00138,LOCATION_0175,ANPR,POLICE_CHECKPOINT,0.86
VEVENT_002110,2026-01-30 18:24:54,VEHICLE_00481,LOCATION_0175,ANPR,ANPR_CAMERA,0.86
VEVENT_002111,2025-12-14 19:44:34,VEHICLE_00138,LOCATION_0265,ANPR,ANPR_CAMERA,0.86
VEVENT_002112,2025-12-14 19:48:34,VEHICLE_00481,LOCATION_0265,ANPR,TOLL_PLAZA,0.88
VEVENT_002113,2025-12-14 19:56:34,VEHICLE_00138,LOCATION_0185,ANPR,ANPR_CAMERA,0.91
VEVENT_002114,2025-12-14 20:02:34,VEHICLE_00481,LOCATION_0185,ANPR,FIELD_SURVEILLANCE,0.89
VEVENT_002115,2025-12-14 20:08:34,VEHICLE_00138,LOCATION_0205,ANPR,FIELD_SURVEILLANCE,0.9
VEVENT_002116,2025-12-14 20:12:34,VEHICLE_00481,LOCATION_0205,ANPR,TOLL_PLAZA,0.89
VEVENT_002117,2025-12-14 20:20:34,VEHICLE_00138,LOCATION_0055,ANPR,TOLL_PLAZA,0.89
VEVENT_002118,2025-12-14 20:24:34,VEHICLE_00481,LOCATION_0055,ANPR,TOLL_PLAZA,0.93
VEVENT_002119,2025-12-14 20:32:34,VEHICLE_00138,LOCATION_0175,ANPR,TOLL_PLAZA,0.95
VEVENT_002120,2025-12-14 20:38:34,VEHICLE_00481,LOCATION_0175,ANPR,POLICE_CHECKPOINT,0.89
VEVENT_002121,2026-05-19 16:20:29,VEHICLE_00497,LOCATION_0049,ANPR,TOLL_PLAZA,0.92
VEVENT_002122,2026-05-19 16:24:29,VEHICLE_00604,LOCATION_0049,ANPR,ANPR_CAMERA,0.89
VEVENT_002123,2026-05-19 16:32:29,VEHICLE_00497,LOCATION_0179,ANPR,ANPR_CAMERA,0.97
VEVENT_002124,2026-05-19 16:33:29,VEHICLE_00604,LOCATION_0179,ANPR,TOLL_PLAZA,0.94
VEVENT_002125,2026-05-19 16:44:29,VEHICLE_00497,LOCATION_0189,ANPR,FIELD_SURVEILLANCE,0.87
VEVENT_002126,2026-05-19 16:48:29,VEHICLE_00604,LOCATION_0189,ANPR,POLICE_CHECKPOINT,0.83
VEVENT_002127,2026-05-19 16:56:29,VEHICLE_00497,LOCATION_0299,ANPR,TOLL_PLAZA,0.89
VEVENT_002128,2026-05-19 17:02:29,VEHICLE_00604,LOCATION_0299,ANPR,FIELD_SURVEILLANCE,0.9
VEVENT_002129,2026-05-19 17:08:29,VEHICLE_00497,LOCATION_0229,ANPR,FIELD_SURVEILLANCE,0.83
VEVENT_002130,2026-05-19 17:10:29,VEHICLE_00604,LOCATION_0229,ANPR,TOLL_PLAZA,0.84
VEVENT_002131,2025-05-07 02:05:31,VEHICLE_00497,LOCATION_0049,ANPR,POLICE_CHECKPOINT,0.83
VEVENT_002132,2025-05-07 02:07:31,VEHICLE_00604,LOCATION_0049,ANPR,FIELD_SURVEILLANCE,0.81
VEVENT_002133,2025-05-07 02:17:31,VEHICLE_00497,LOCATION_0179,ANPR,POLICE_CHECKPOINT,0.93
VEVENT_002134,2025-05-07 02:20:31,VEHICLE_00604,LOCATION_0179,ANPR,ANPR_CAMERA,0.83
VEVENT_002135,2025-05-07 02:29:31,VEHICLE_00497,LOCATION_0189,ANPR,ANPR_CAMERA,0.93
VEVENT_002136,2025-05-07 02:31:31,VEHICLE_00604,LOCATION_0189,ANPR,FIELD_SURVEILLANCE,0.81
VEVENT_002137,2025-05-07 02:41:31,VEHICLE_00497,LOCATION_0299,ANPR,TOLL_PLAZA,0.92
VEVENT_002138,2025-05-07 02:47:31,VEHICLE_00604,LOCATION_0299,ANPR,TOLL_PLAZA,0.87
VEVENT_002139,2025-05-07 02:53:31,VEHICLE_00497,LOCATION_0229,ANPR,ANPR_CAMERA,0.89
VEVENT_002140,2025-05-07 02:55:31,VEHICLE_00604,LOCATION_0229,ANPR,POLICE_CHECKPOINT,0.89
VEVENT_002141,2025-10-25 08:32:56,VEHICLE_00497,LOCATION_0049,ANPR,FIELD_SURVEILLANCE,0.81
VEVENT_002142,2025-10-25 08:38:56,VEHICLE_00604,LOCATION_0049,ANPR,FIELD_SURVEILLANCE,0.83
VEVENT_002143,2025-10-25 08:44:56,VEHICLE_00497,LOCATION_0179,ANPR,POLICE_CHECKPOINT,0.9
VEVENT_002144,2025-10-25 08:46:56,VEHICLE_00604,LOCATION_0179,ANPR,TOLL_PLAZA,0.96
VEVENT_002145,2025-10-25 08:56:56,VEHICLE_00497,LOCATION_0189,ANPR,TOLL_PLAZA,0.88
VEVENT_002146,2025-10-25 08:58:56,VEHICLE_00604,LOCATION_0189,ANPR,ANPR_CAMERA,0.84
VEVENT_002147,2025-10-25 09:08:56,VEHICLE_00497,LOCATION_0299,ANPR,FIELD_SURVEILLANCE,0.9
VEVENT_002148,2025-10-25 09:14:56,VEHICLE_00604,LOCATION_0299,ANPR,TOLL_PLAZA,0.91
VEVENT_002149,2025-10-25 09:20:56,VEHICLE_00497,LOCATION_0229,ANPR,POLICE_CHECKPOINT,0.83
VEVENT_002150,2025-10-25 09:26:56,VEHICLE_00604,LOCATION_0229,ANPR,TOLL_PLAZA,0.92
VEVENT_002151,2026-03-02 19:12:36,VEHICLE_00497,LOCATION_0049,ANPR,TOLL_PLAZA,0.89
VEVENT_002152,2026-03-02 19:14:36,VEHICLE_00604,LOCATION_0049,ANPR,ANPR_CAMERA,0.91
VEVENT_002153,2026-03-02 19:24:36,VEHICLE_00497,LOCATION_0179,ANPR,POLICE_CHECKPOINT,0.87
VEVENT_002154,2026-03-02 19:26:36,VEHICLE_00604,LOCATION_0179,ANPR,POLICE_CHECKPOINT,0.92
VEVENT_002155,2026-03-02 19:36:36,VEHICLE_00497,LOCATION_0189,ANPR,POLICE_CHECKPOINT,0.96
VEVENT_002156,2026-03-02 19:38:36,VEHICLE_00604,LOCATION_0189,ANPR,ANPR_CAMERA,0.86
VEVENT_002157,2026-03-02 19:48:36,VEHICLE_00497,LOCATION_0299,ANPR,TOLL_PLAZA,0.92
VEVENT_002158,2026-03-02 19:49:36,VEHICLE_00604,LOCATION_0299,ANPR,POLICE_CHECKPOINT,0.94
VEVENT_002159,2026-03-02 20:00:36,VEHICLE_00497,LOCATION_0229,ANPR,FIELD_SURVEILLANCE,0.81
VEVENT_002160,2026-03-02 20:04:36,VEHICLE_00604,LOCATION_0229,ANPR,ANPR_CAMERA,0.91
VEVENT_002161,2025-08-19 10:26:08,VEHICLE_00497,LOCATION_0049,ANPR,FIELD_SURVEILLANCE,0.88
VEVENT_002162,2025-08-19 10:32:08,VEHICLE_00604,LOCATION_0049,ANPR,ANPR_CAMERA,0.94
VEVENT_002163,2025-08-19 10:38:08,VEHICLE_00497,LOCATION_0179,ANPR,TOLL_PLAZA,0.82
VEVENT_002164,2025-08-19 10:44:08,VEHICLE_00604,LOCATION_0179,ANPR,FIELD_SURVEILLANCE,0.81
VEVENT_002165,2025-08-19 10:50:08,VEHICLE_00497,LOCATION_0189,ANPR,FIELD_SURVEILLANCE,0.81
VEVENT_002166,2025-08-19 10:53:08,VEHICLE_00604,LOCATION_0189,ANPR,ANPR_CAMERA,0.8
VEVENT_002167,2025-08-19 11:02:08,VEHICLE_00497,LOCATION_0299,ANPR,TOLL_PLAZA,0.89
VEVENT_002168,2025-08-19 11:08:08,VEHICLE_00604,LOCATION_0299,ANPR,POLICE_CHECKPOINT,0.86
VEVENT_002169,2025-08-19 11:14:08,VEHICLE_00497,LOCATION_0229,ANPR,ANPR_CAMERA,0.92
VEVENT_002170,2025-08-19 11:16:08,VEHICLE_00604,LOCATION_0229,ANPR,ANPR_CAMERA,0.96
VEVENT_002171,2024-09-16 07:03:54,VEHICLE_00272,LOCATION_0278,ANPR,POLICE_CHECKPOINT,0.8
VEVENT_002172,2024-09-16 07:09:54,VEHICLE_00324,LOCATION_0278,ANPR,FIELD_SURVEILLANCE,0.83
VEVENT_002173,2024-09-16 07:15:54,VEHICLE_00272,LOCATION_0288,ANPR,FIELD_SURVEILLANCE,0.94
VEVENT_002174,2024-09-16 07:16:54,VEHICLE_00324,LOCATION_0288,ANPR,POLICE_CHECKPOINT,0.86
VEVENT_002175,2024-09-16 07:27:54,VEHICLE_00272,LOCATION_0108,ANPR,FIELD_SURVEILLANCE,0.89
VEVENT_002176,2024-09-16 07:32:54,VEHICLE_00324,LOCATION_0108,ANPR,ANPR_CAMERA,0.89
VEVENT_002177,2024-09-16 07:39:54,VEHICLE_00272,LOCATION_0028,ANPR,TOLL_PLAZA,0.85
VEVENT_002178,2024-09-16 07:41:54,VEHICLE_00324,LOCATION_0028,ANPR,FIELD_SURVEILLANCE,0.84
VEVENT_002179,2024-09-16 07:51:54,VEHICLE_00272,LOCATION_0068,ANPR,TOLL_PLAZA,0.82
VEVENT_002180,2024-09-16 07:54:54,VEHICLE_00324,LOCATION_0068,ANPR,POLICE_CHECKPOINT,0.94
VEVENT_002181,2025-10-12 10:58:30,VEHICLE_00272,LOCATION_0278,ANPR,ANPR_CAMERA,0.96
VEVENT_002182,2025-10-12 10:59:30,VEHICLE_00324,LOCATION_0278,ANPR,FIELD_SURVEILLANCE,0.9
VEVENT_002183,2025-10-12 11:10:30,VEHICLE_00272,LOCATION_0288,ANPR,FIELD_SURVEILLANCE,0.86
VEVENT_002184,2025-10-12 11:11:30,VEHICLE_00324,LOCATION_0288,ANPR,FIELD_SURVEILLANCE,0.83
VEVENT_002185,2025-10-12 11:22:30,VEHICLE_00272,LOCATION_0108,ANPR,POLICE_CHECKPOINT,0.93
VEVENT_002186,2025-10-12 11:24:30,VEHICLE_00324,LOCATION_0108,ANPR,TOLL_PLAZA,0.83
VEVENT_002187,2025-10-12 11:34:30,VEHICLE_00272,LOCATION_0028,ANPR,TOLL_PLAZA,0.81
VEVENT_002188,2025-10-12 11:39:30,VEHICLE_00324,LOCATION_0028,ANPR,POLICE_CHECKPOINT,0.84
VEVENT_002189,2025-10-12 11:46:30,VEHICLE_00272,LOCATION_0068,ANPR,ANPR_CAMERA,0.86
VEVENT_002190,2025-10-12 11:52:30,VEHICLE_00324,LOCATION_0068,ANPR,TOLL_PLAZA,0.92
VEVENT_002191,2024-02-24 07:45:29,VEHICLE_00272,LOCATION_0278,ANPR,FIELD_SURVEILLANCE,0.92
VEVENT_002192,2024-02-24 07:46:29,VEHICLE_00324,LOCATION_0278,ANPR,ANPR_CAMERA,0.93
VEVENT_002193,2024-02-24 07:57:29,VEHICLE_00272,LOCATION_0288,ANPR,POLICE_CHECKPOINT,0.88
VEVENT_002194,2024-02-24 08:01:29,VEHICLE_00324,LOCATION_0288,ANPR,ANPR_CAMERA,0.96
VEVENT_002195,2024-02-24 08:09:29,VEHICLE_00272,LOCATION_0108,ANPR,TOLL_PLAZA,0.85
VEVENT_002196,2024-02-24 08:10:29,VEHICLE_00324,LOCATION_0108,ANPR,ANPR_CAMERA,0.95
VEVENT_002197,2024-02-24 08:21:29,VEHICLE_00272,LOCATION_0028,ANPR,ANPR_CAMERA,0.83
VEVENT_002198,2024-02-24 08:25:29,VEHICLE_00324,LOCATION_0028,ANPR,ANPR_CAMERA,0.88
VEVENT_002199,2024-02-24 08:33:29,VEHICLE_00272,LOCATION_0068,ANPR,FIELD_SURVEILLANCE,0.91
VEVENT_002200,2024-02-24 08:36:29,VEHICLE_00324,LOCATION_0068,ANPR,TOLL_PLAZA,0.91
VEVENT_002201,2025-04-19 14:24:52,VEHICLE_00272,LOCATION_0278,ANPR,TOLL_PLAZA,0.81
VEVENT_002202,2025-04-19 14:29:52,VEHICLE_00324,LOCATION_0278,ANPR,TOLL_PLAZA,0.9
VEVENT_002203,2025-04-19 14:36:52,VEHICLE_00272,LOCATION_0288,ANPR,ANPR_CAMERA,0.86
VEVENT_002204,2025-04-19 14:37:52,VEHICLE_00324,LOCATION_0288,ANPR,ANPR_CAMERA,0.89
VEVENT_002205,2025-04-19 14:48:52,VEHICLE_00272,LOCATION_0108,ANPR,FIELD_SURVEILLANCE,0.91
VEVENT_002206,2025-04-19 14:49:52,VEHICLE_00324,LOCATION_0108,ANPR,ANPR_CAMERA,0.9
VEVENT_002207,2025-04-19 15:00:52,VEHICLE_00272,LOCATION_0028,ANPR,ANPR_CAMERA,0.92
VEVENT_002208,2025-04-19 15:01:52,VEHICLE_00324,LOCATION_0028,ANPR,POLICE_CHECKPOINT,0.94
VEVENT_002209,2025-04-19 15:12:52,VEHICLE_00272,LOCATION_0068,ANPR,TOLL_PLAZA,0.93
VEVENT_002210,2025-04-19 15:13:52,VEHICLE_00324,LOCATION_0068,ANPR,POLICE_CHECKPOINT,0.94
VEVENT_002211,2026-01-25 19:43:01,VEHICLE_00272,LOCATION_0278,ANPR,TOLL_PLAZA,0.86
VEVENT_002212,2026-01-25 19:45:01,VEHICLE_00324,LOCATION_0278,ANPR,ANPR_CAMERA,0.97
VEVENT_002213,2026-01-25 19:55:01,VEHICLE_00272,LOCATION_0288,ANPR,ANPR_CAMERA,0.88
VEVENT_002214,2026-01-25 20:01:01,VEHICLE_00324,LOCATION_0288,ANPR,POLICE_CHECKPOINT,0.81
VEVENT_002215,2026-01-25 20:07:01,VEHICLE_00272,LOCATION_0108,ANPR,FIELD_SURVEILLANCE,0.97
VEVENT_002216,2026-01-25 20:13:01,VEHICLE_00324,LOCATION_0108,ANPR,POLICE_CHECKPOINT,0.87
VEVENT_002217,2026-01-25 20:19:01,VEHICLE_00272,LOCATION_0028,ANPR,FIELD_SURVEILLANCE,0.82
VEVENT_002218,2026-01-25 20:22:01,VEHICLE_00324,LOCATION_0028,ANPR,ANPR_CAMERA,0.97
VEVENT_002219,2026-01-25 20:31:01,VEHICLE_00272,LOCATION_0068,ANPR,FIELD_SURVEILLANCE,0.96
VEVENT_002220,2026-01-25 20:36:01,VEHICLE_00324,LOCATION_0068,ANPR,ANPR_CAMERA,0.88
VEVENT_002221,2024-09-20 07:30:34,VEHICLE_00272,LOCATION_0278,ANPR,ANPR_CAMERA,0.94
VEVENT_002222,2024-09-20 07:32:34,VEHICLE_00324,LOCATION_0278,ANPR,ANPR_CAMERA,0.9
VEVENT_002223,2024-09-20 07:42:34,VEHICLE_00272,LOCATION_0288,ANPR,POLICE_CHECKPOINT,0.85
VEVENT_002224,2024-09-20 07:47:34,VEHICLE_00324,LOCATION_0288,ANPR,POLICE_CHECKPOINT,0.95
VEVENT_002225,2024-09-20 07:54:34,VEHICLE_00272,LOCATION_0108,ANPR,TOLL_PLAZA,0.97
VEVENT_002226,2024-09-20 07:55:34,VEHICLE_00324,LOCATION_0108,ANPR,FIELD_SURVEILLANCE,0.95
VEVENT_002227,2024-09-20 08:06:34,VEHICLE_00272,LOCATION_0028,ANPR,TOLL_PLAZA,0.81
VEVENT_002228,2024-09-20 08:12:34,VEHICLE_00324,LOCATION_0028,ANPR,TOLL_PLAZA,0.94
VEVENT_002229,2024-09-20 08:18:34,VEHICLE_00272,LOCATION_0068,ANPR,ANPR_CAMERA,0.83
VEVENT_002230,2024-09-20 08:22:34,VEHICLE_00324,LOCATION_0068,ANPR,FIELD_SURVEILLANCE,0.96
VEVENT_002231,2024-05-13 19:56:11,VEHICLE_00272,LOCATION_0278,ANPR,TOLL_PLAZA,0.84
VEVENT_002232,2024-05-13 19:57:11,VEHICLE_00324,LOCATION_0278,ANPR,FIELD_SURVEILLANCE,0.82
VEVENT_002233,2024-05-13 20:08:11,VEHICLE_00272,LOCATION_0288,ANPR,ANPR_CAMERA,0.82
VEVENT_002234,2024-05-13 20:09:11,VEHICLE_00324,LOCATION_0288,ANPR,POLICE_CHECKPOINT,0.83
VEVENT_002235,2024-05-13 20:20:11,VEHICLE_00272,LOCATION_0108,ANPR,POLICE_CHECKPOINT,0.9
VEVENT_002236,2024-05-13 20:23:11,VEHICLE_00324,LOCATION_0108,ANPR,FIELD_SURVEILLANCE,0.97
VEVENT_002237,2024-05-13 20:32:11,VEHICLE_00272,LOCATION_0028,ANPR,POLICE_CHECKPOINT,0.94
VEVENT_002238,2024-05-13 20:33:11,VEHICLE_00324,LOCATION_0028,ANPR,ANPR_CAMERA,0.81
VEVENT_002239,2024-05-13 20:44:11,VEHICLE_00272,LOCATION_0068,ANPR,TOLL_PLAZA,0.97
VEVENT_002240,2024-05-13 20:47:11,VEHICLE_00324,LOCATION_0068,ANPR,TOLL_PLAZA,0.93
VEVENT_002241,2025-03-18 02:45:05,VEHICLE_00733,LOCATION_0265,ANPR,FIELD_SURVEILLANCE,0.86
VEVENT_002242,2025-03-18 02:48:05,VEHICLE_00275,LOCATION_0265,ANPR,TOLL_PLAZA,0.92
VEVENT_002243,2025-03-18 02:57:05,VEHICLE_00733,LOCATION_0185,ANPR,FIELD_SURVEILLANCE,0.9
VEVENT_002244,2025-03-18 03:01:05,VEHICLE_00275,LOCATION_0185,ANPR,FIELD_SURVEILLANCE,0.81
VEVENT_002245,2025-03-18 03:09:05,VEHICLE_00733,LOCATION_0205,ANPR,TOLL_PLAZA,0.85
VEVENT_002246,2025-03-18 03:11:05,VEHICLE_00275,LOCATION_0205,ANPR,POLICE_CHECKPOINT,0.96
VEVENT_002247,2025-03-18 03:21:05,VEHICLE_00733,LOCATION_0055,ANPR,ANPR_CAMERA,0.92
VEVENT_002248,2025-03-18 03:26:05,VEHICLE_00275,LOCATION_0055,ANPR,ANPR_CAMERA,0.87
VEVENT_002249,2025-03-18 03:33:05,VEHICLE_00733,LOCATION_0175,ANPR,ANPR_CAMERA,0.93
VEVENT_002250,2025-03-18 03:34:05,VEHICLE_00275,LOCATION_0175,ANPR,TOLL_PLAZA,0.83
VEVENT_002251,2025-02-22 04:01:57,VEHICLE_00733,LOCATION_0265,ANPR,POLICE_CHECKPOINT,0.86
VEVENT_002252,2025-02-22 04:04:57,VEHICLE_00275,LOCATION_0265,ANPR,ANPR_CAMERA,0.8
VEVENT_002253,2025-02-22 04:13:57,VEHICLE_00733,LOCATION_0185,ANPR,TOLL_PLAZA,0.94
VEVENT_002254,2025-02-22 04:16:57,VEHICLE_00275,LOCATION_0185,ANPR,POLICE_CHECKPOINT,0.92
VEVENT_002255,2025-02-22 04:25:57,VEHICLE_00733,LOCATION_0205,ANPR,FIELD_SURVEILLANCE,0.85
VEVENT_002256,2025-02-22 04:26:57,VEHICLE_00275,LOCATION_0205,ANPR,TOLL_PLAZA,0.89
VEVENT_002257,2025-02-22 04:37:57,VEHICLE_00733,LOCATION_0055,ANPR,ANPR_CAMERA,0.93
VEVENT_002258,2025-02-22 04:43:57,VEHICLE_00275,LOCATION_0055,ANPR,ANPR_CAMERA,0.82
VEVENT_002259,2025-02-22 04:49:57,VEHICLE_00733,LOCATION_0175,ANPR,FIELD_SURVEILLANCE,0.92
VEVENT_002260,2025-02-22 04:52:57,VEHICLE_00275,LOCATION_0175,ANPR,FIELD_SURVEILLANCE,0.91
VEVENT_002261,2025-12-31 20:50:10,VEHICLE_00733,LOCATION_0265,ANPR,TOLL_PLAZA,0.82
VEVENT_002262,2025-12-31 20:55:10,VEHICLE_00275,LOCATION_0265,ANPR,FIELD_SURVEILLANCE,0.97
VEVENT_002263,2025-12-31 21:02:10,VEHICLE_00733,LOCATION_0185,ANPR,POLICE_CHECKPOINT,0.85
VEVENT_002264,2025-12-31 21:04:10,VEHICLE_00275,LOCATION_0185,ANPR,TOLL_PLAZA,0.91
VEVENT_002265,2025-12-31 21:14:10,VEHICLE_00733,LOCATION_0205,ANPR,ANPR_CAMERA,0.86
VEVENT_002266,2025-12-31 21:17:10,VEHICLE_00275,LOCATION_0205,ANPR,ANPR_CAMERA,0.85
VEVENT_002267,2025-12-31 21:26:10,VEHICLE_00733,LOCATION_0055,ANPR,TOLL_PLAZA,0.87
VEVENT_002268,2025-12-31 21:27:10,VEHICLE_00275,LOCATION_0055,ANPR,FIELD_SURVEILLANCE,0.86
VEVENT_002269,2025-12-31 21:38:10,VEHICLE_00733,LOCATION_0175,ANPR,ANPR_CAMERA,0.87
VEVENT_002270,2025-12-31 21:39:10,VEHICLE_00275,LOCATION_0175,ANPR,TOLL_PLAZA,0.88
VEVENT_002271,2024-11-18 02:28:25,VEHICLE_00733,LOCATION_0265,ANPR,FIELD_SURVEILLANCE,0.89
VEVENT_002272,2024-11-18 02:34:25,VEHICLE_00275,LOCATION_0265,ANPR,FIELD_SURVEILLANCE,0.95
VEVENT_002273,2024-11-18 02:40:25,VEHICLE_00733,LOCATION_0185,ANPR,FIELD_SURVEILLANCE,0.85
VEVENT_002274,2024-11-18 02:41:25,VEHICLE_00275,LOCATION_0185,ANPR,POLICE_CHECKPOINT,0.82
VEVENT_002275,2024-11-18 02:52:25,VEHICLE_00733,LOCATION_0205,ANPR,FIELD_SURVEILLANCE,0.86
VEVENT_002276,2024-11-18 02:56:25,VEHICLE_00275,LOCATION_0205,ANPR,TOLL_PLAZA,0.95
VEVENT_002277,2024-11-18 03:04:25,VEHICLE_00733,LOCATION_0055,ANPR,ANPR_CAMERA,0.88
VEVENT_002278,2024-11-18 03:07:25,VEHICLE_00275,LOCATION_0055,ANPR,ANPR_CAMERA,0.89
VEVENT_002279,2024-11-18 03:16:25,VEHICLE_00733,LOCATION_0175,ANPR,ANPR_CAMERA,0.91
VEVENT_002280,2024-11-18 03:22:25,VEHICLE_00275,LOCATION_0175,ANPR,TOLL_PLAZA,0.9
VEVENT_002281,2025-07-31 11:15:20,VEHICLE_00733,LOCATION_0265,ANPR,FIELD_SURVEILLANCE,0.8
VEVENT_002282,2025-07-31 11:18:20,VEHICLE_00275,LOCATION_0265,ANPR,ANPR_CAMERA,0.92
VEVENT_002283,2025-07-31 11:27:20,VEHICLE_00733,LOCATION_0185,ANPR,FIELD_SURVEILLANCE,0.91
VEVENT_002284,2025-07-31 11:30:20,VEHICLE_00275,LOCATION_0185,ANPR,POLICE_CHECKPOINT,0.8
VEVENT_002285,2025-07-31 11:39:20,VEHICLE_00733,LOCATION_0205,ANPR,TOLL_PLAZA,0.88
VEVENT_002286,2025-07-31 11:40:20,VEHICLE_00275,LOCATION_0205,ANPR,ANPR_CAMERA,0.94
VEVENT_002287,2025-07-31 11:51:20,VEHICLE_00733,LOCATION_0055,ANPR,TOLL_PLAZA,0.95
VEVENT_002288,2025-07-31 11:52:20,VEHICLE_00275,LOCATION_0055,ANPR,ANPR_CAMERA,0.87
VEVENT_002289,2025-07-31 12:03:20,VEHICLE_00733,LOCATION_0175,ANPR,FIELD_SURVEILLANCE,0.84
VEVENT_002290,2025-07-31 12:06:20,VEHICLE_00275,LOCATION_0175,ANPR,FIELD_SURVEILLANCE,0.83
VEVENT_002291,2024-09-19 09:09:07,VEHICLE_00521,LOCATION_0265,ANPR,POLICE_CHECKPOINT,0.81
VEVENT_002292,2024-09-19 09:13:07,VEHICLE_00622,LOCATION_0265,ANPR,POLICE_CHECKPOINT,0.89
VEVENT_002293,2024-09-19 09:21:07,VEHICLE_00521,LOCATION_0185,ANPR,FIELD_SURVEILLANCE,0.97
VEVENT_002294,2024-09-19 09:25:07,VEHICLE_00622,LOCATION_0185,ANPR,POLICE_CHECKPOINT,0.97
VEVENT_002295,2024-09-19 09:33:07,VEHICLE_00521,LOCATION_0205,ANPR,POLICE_CHECKPOINT,0.85
VEVENT_002296,2024-09-19 09:36:07,VEHICLE_00622,LOCATION_0205,ANPR,FIELD_SURVEILLANCE,0.89
VEVENT_002297,2024-09-19 09:45:07,VEHICLE_00521,LOCATION_0055,ANPR,TOLL_PLAZA,0.87
VEVENT_002298,2024-09-19 09:51:07,VEHICLE_00622,LOCATION_0055,ANPR,ANPR_CAMERA,0.91
VEVENT_002299,2024-09-19 09:57:07,VEHICLE_00521,LOCATION_0175,ANPR,ANPR_CAMERA,0.84
VEVENT_002300,2024-09-19 10:03:07,VEHICLE_00622,LOCATION_0175,ANPR,TOLL_PLAZA,0.94
VEVENT_002301,2024-11-26 13:40:13,VEHICLE_00521,LOCATION_0265,ANPR,POLICE_CHECKPOINT,0.88
VEVENT_002302,2024-11-26 13:42:13,VEHICLE_00622,LOCATION_0265,ANPR,ANPR_CAMERA,0.87
VEVENT_002303,2024-11-26 13:52:13,VEHICLE_00521,LOCATION_0185,ANPR,ANPR_CAMERA,0.84
VEVENT_002304,2024-11-26 13:55:13,VEHICLE_00622,LOCATION_0185,ANPR,FIELD_SURVEILLANCE,0.83
VEVENT_002305,2024-11-26 14:04:13,VEHICLE_00521,LOCATION_0205,ANPR,FIELD_SURVEILLANCE,0.94
VEVENT_002306,2024-11-26 14:05:13,VEHICLE_00622,LOCATION_0205,ANPR,ANPR_CAMERA,0.96
VEVENT_002307,2024-11-26 14:16:13,VEHICLE_00521,LOCATION_0055,ANPR,ANPR_CAMERA,0.86
VEVENT_002308,2024-11-26 14:19:13,VEHICLE_00622,LOCATION_0055,ANPR,ANPR_CAMERA,0.89
VEVENT_002309,2024-11-26 14:28:13,VEHICLE_00521,LOCATION_0175,ANPR,FIELD_SURVEILLANCE,0.95
VEVENT_002310,2024-11-26 14:29:13,VEHICLE_00622,LOCATION_0175,ANPR,POLICE_CHECKPOINT,0.9
VEVENT_002311,2024-01-17 18:23:53,VEHICLE_00521,LOCATION_0265,ANPR,FIELD_SURVEILLANCE,0.83
VEVENT_002312,2024-01-17 18:27:53,VEHICLE_00622,LOCATION_0265,ANPR,ANPR_CAMERA,0.81
VEVENT_002313,2024-01-17 18:35:53,VEHICLE_00521,LOCATION_0185,ANPR,TOLL_PLAZA,0.91
VEVENT_002314,2024-01-17 18:39:53,VEHICLE_00622,LOCATION_0185,ANPR,TOLL_PLAZA,0.87
VEVENT_002315,2024-01-17 18:47:53,VEHICLE_00521,LOCATION_0205,ANPR,TOLL_PLAZA,0.93
VEVENT_002316,2024-01-17 18:53:53,VEHICLE_00622,LOCATION_0205,ANPR,TOLL_PLAZA,0.92
VEVENT_002317,2024-01-17 18:59:53,VEHICLE_00521,LOCATION_0055,ANPR,POLICE_CHECKPOINT,0.89
VEVENT_002318,2024-01-17 19:03:53,VEHICLE_00622,LOCATION_0055,ANPR,POLICE_CHECKPOINT,0.96
VEVENT_002319,2024-01-17 19:11:53,VEHICLE_00521,LOCATION_0175,ANPR,POLICE_CHECKPOINT,0.95
VEVENT_002320,2024-01-17 19:14:53,VEHICLE_00622,LOCATION_0175,ANPR,TOLL_PLAZA,0.89
VEVENT_002321,2024-09-27 18:39:06,VEHICLE_00521,LOCATION_0265,ANPR,POLICE_CHECKPOINT,0.89
VEVENT_002322,2024-09-27 18:45:06,VEHICLE_00622,LOCATION_0265,ANPR,POLICE_CHECKPOINT,0.87
VEVENT_002323,2024-09-27 18:51:06,VEHICLE_00521,LOCATION_0185,ANPR,TOLL_PLAZA,0.88
VEVENT_002324,2024-09-27 18:55:06,VEHICLE_00622,LOCATION_0185,ANPR,POLICE_CHECKPOINT,0.84
VEVENT_002325,2024-09-27 19:03:06,VEHICLE_00521,LOCATION_0205,ANPR,ANPR_CAMERA,0.96
VEVENT_002326,2024-09-27 19:07:06,VEHICLE_00622,LOCATION_0205,ANPR,FIELD_SURVEILLANCE,0.93
VEVENT_002327,2024-09-27 19:15:06,VEHICLE_00521,LOCATION_0055,ANPR,POLICE_CHECKPOINT,0.94
VEVENT_002328,2024-09-27 19:19:06,VEHICLE_00622,LOCATION_0055,ANPR,POLICE_CHECKPOINT,0.84
VEVENT_002329,2024-09-27 19:27:06,VEHICLE_00521,LOCATION_0175,ANPR,ANPR_CAMERA,0.93
VEVENT_002330,2024-09-27 19:30:06,VEHICLE_00622,LOCATION_0175,ANPR,POLICE_CHECKPOINT,0.88
VEVENT_002331,2025-02-22 19:45:56,VEHICLE_00521,LOCATION_0265,ANPR,TOLL_PLAZA,0.81
VEVENT_002332,2025-02-22 19:47:56,VEHICLE_00622,LOCATION_0265,ANPR,TOLL_PLAZA,0.92
VEVENT_002333,2025-02-22 19:57:56,VEHICLE_00521,LOCATION_0185,ANPR,ANPR_CAMERA,0.96
VEVENT_002334,2025-02-22 19:59:56,VEHICLE_00622,LOCATION_0185,ANPR,ANPR_CAMERA,0.88
VEVENT_002335,2025-02-22 20:09:56,VEHICLE_00521,LOCATION_0205,ANPR,ANPR_CAMERA,0.84
VEVENT_002336,2025-02-22 20:10:56,VEHICLE_00622,LOCATION_0205,ANPR,POLICE_CHECKPOINT,0.82
VEVENT_002337,2025-02-22 20:21:56,VEHICLE_00521,LOCATION_0055,ANPR,POLICE_CHECKPOINT,0.86
VEVENT_002338,2025-02-22 20:25:56,VEHICLE_00622,LOCATION_0055,ANPR,ANPR_CAMERA,0.92
VEVENT_002339,2025-02-22 20:33:56,VEHICLE_00521,LOCATION_0175,ANPR,ANPR_CAMERA,0.88
VEVENT_002340,2025-02-22 20:39:56,VEHICLE_00622,LOCATION_0175,ANPR,FIELD_SURVEILLANCE,0.87
VEVENT_002341,2024-10-09 12:56:27,VEHICLE_00521,LOCATION_0265,ANPR,TOLL_PLAZA,0.9
VEVENT_002342,2024-10-09 12:57:27,VEHICLE_00622,LOCATION_0265,ANPR,FIELD_SURVEILLANCE,0.96
VEVENT_002343,2024-10-09 13:08:27,VEHICLE_00521,LOCATION_0185,ANPR,TOLL_PLAZA,0.84
VEVENT_002344,2024-10-09 13:10:27,VEHICLE_00622,LOCATION_0185,ANPR,TOLL_PLAZA,0.88
VEVENT_002345,2024-10-09 13:20:27,VEHICLE_00521,LOCATION_0205,ANPR,POLICE_CHECKPOINT,0.83
VEVENT_002346,2024-10-09 13:21:27,VEHICLE_00622,LOCATION_0205,ANPR,POLICE_CHECKPOINT,0.93
VEVENT_002347,2024-10-09 13:32:27,VEHICLE_00521,LOCATION_0055,ANPR,ANPR_CAMERA,0.91
VEVENT_002348,2024-10-09 13:37:27,VEHICLE_00622,LOCATION_0055,ANPR,TOLL_PLAZA,0.93
VEVENT_002349,2024-10-09 13:44:27,VEHICLE_00521,LOCATION_0175,ANPR,POLICE_CHECKPOINT,0.81
VEVENT_002350,2024-10-09 13:47:27,VEHICLE_00622,LOCATION_0175,ANPR,TOLL_PLAZA,0.82
VEVENT_002351,2026-04-21 20:47:30,VEHICLE_00521,LOCATION_0265,ANPR,ANPR_CAMERA,0.83
VEVENT_002352,2026-04-21 20:50:30,VEHICLE_00622,LOCATION_0265,ANPR,TOLL_PLAZA,0.86
VEVENT_002353,2026-04-21 20:59:30,VEHICLE_00521,LOCATION_0185,ANPR,TOLL_PLAZA,0.86
VEVENT_002354,2026-04-21 21:02:30,VEHICLE_00622,LOCATION_0185,ANPR,ANPR_CAMERA,0.82
VEVENT_002355,2026-04-21 21:11:30,VEHICLE_00521,LOCATION_0205,ANPR,FIELD_SURVEILLANCE,0.96
VEVENT_002356,2026-04-21 21:13:30,VEHICLE_00622,LOCATION_0205,ANPR,FIELD_SURVEILLANCE,0.96
VEVENT_002357,2026-04-21 21:23:30,VEHICLE_00521,LOCATION_0055,ANPR,TOLL_PLAZA,0.81
VEVENT_002358,2026-04-21 21:28:30,VEHICLE_00622,LOCATION_0055,ANPR,ANPR_CAMERA,0.91
VEVENT_002359,2026-04-21 21:35:30,VEHICLE_00521,LOCATION_0175,ANPR,POLICE_CHECKPOINT,0.96
VEVENT_002360,2026-04-21 21:37:30,VEHICLE_00622,LOCATION_0175,ANPR,POLICE_CHECKPOINT,0.82
VEVENT_002361,2025-05-26 01:08:34,VEHICLE_00227,LOCATION_0282,ANPR,ANPR_CAMERA,0.84
VEVENT_002362,2025-05-26 01:10:34,VEHICLE_00557,LOCATION_0282,ANPR,TOLL_PLAZA,0.83
VEVENT_002363,2025-05-26 01:20:34,VEHICLE_00227,LOCATION_0092,ANPR,POLICE_CHECKPOINT,0.91
VEVENT_002364,2025-05-26 01:21:34,VEHICLE_00557,LOCATION_0092,ANPR,FIELD_SURVEILLANCE,0.88
VEVENT_002365,2025-05-26 01:32:34,VEHICLE_00227,LOCATION_0082,ANPR,TOLL_PLAZA,0.89
VEVENT_002366,2025-05-26 01:36:34,VEHICLE_00557,LOCATION_0082,ANPR,ANPR_CAMERA,0.83
VEVENT_002367,2025-05-26 01:44:34,VEHICLE_00227,LOCATION_0202,ANPR,TOLL_PLAZA,0.92
VEVENT_002368,2025-05-26 01:45:34,VEHICLE_00557,LOCATION_0202,ANPR,POLICE_CHECKPOINT,0.87
VEVENT_002369,2025-05-26 01:56:34,VEHICLE_00227,LOCATION_0112,ANPR,POLICE_CHECKPOINT,0.81
VEVENT_002370,2025-05-26 02:00:34,VEHICLE_00557,LOCATION_0112,ANPR,ANPR_CAMERA,0.89
VEVENT_002371,2024-09-04 18:11:54,VEHICLE_00227,LOCATION_0282,ANPR,ANPR_CAMERA,0.94
VEVENT_002372,2024-09-04 18:13:54,VEHICLE_00557,LOCATION_0282,ANPR,ANPR_CAMERA,0.81
VEVENT_002373,2024-09-04 18:23:54,VEHICLE_00227,LOCATION_0092,ANPR,FIELD_SURVEILLANCE,0.86
VEVENT_002374,2024-09-04 18:27:54,VEHICLE_00557,LOCATION_0092,ANPR,TOLL_PLAZA,0.92
VEVENT_002375,2024-09-04 18:35:54,VEHICLE_00227,LOCATION_0082,ANPR,POLICE_CHECKPOINT,0.92
VEVENT_002376,2024-09-04 18:36:54,VEHICLE_00557,LOCATION_0082,ANPR,TOLL_PLAZA,0.93
VEVENT_002377,2024-09-04 18:47:54,VEHICLE_00227,LOCATION_0202,ANPR,ANPR_CAMERA,0.86
VEVENT_002378,2024-09-04 18:50:54,VEHICLE_00557,LOCATION_0202,ANPR,TOLL_PLAZA,0.96
VEVENT_002379,2024-09-04 18:59:54,VEHICLE_00227,LOCATION_0112,ANPR,POLICE_CHECKPOINT,0.8
VEVENT_002380,2024-09-04 19:05:54,VEHICLE_00557,LOCATION_0112,ANPR,ANPR_CAMERA,0.97
VEVENT_002381,2025-04-13 04:32:04,VEHICLE_00227,LOCATION_0282,ANPR,TOLL_PLAZA,0.84
VEVENT_002382,2025-04-13 04:35:04,VEHICLE_00557,LOCATION_0282,ANPR,ANPR_CAMERA,0.92
VEVENT_002383,2025-04-13 04:44:04,VEHICLE_00227,LOCATION_0092,ANPR,FIELD_SURVEILLANCE,0.86
VEVENT_002384,2025-04-13 04:45:04,VEHICLE_00557,LOCATION_0092,ANPR,FIELD_SURVEILLANCE,0.9
VEVENT_002385,2025-04-13 04:56:04,VEHICLE_00227,LOCATION_0082,ANPR,FIELD_SURVEILLANCE,0.88
VEVENT_002386,2025-04-13 05:02:04,VEHICLE_00557,LOCATION_0082,ANPR,FIELD_SURVEILLANCE,0.92
VEVENT_002387,2025-04-13 05:08:04,VEHICLE_00227,LOCATION_0202,ANPR,FIELD_SURVEILLANCE,0.86
VEVENT_002388,2025-04-13 05:09:04,VEHICLE_00557,LOCATION_0202,ANPR,FIELD_SURVEILLANCE,0.92
VEVENT_002389,2025-04-13 05:20:04,VEHICLE_00227,LOCATION_0112,ANPR,POLICE_CHECKPOINT,0.85
VEVENT_002390,2025-04-13 05:22:04,VEHICLE_00557,LOCATION_0112,ANPR,TOLL_PLAZA,0.87
VEVENT_002391,2025-10-26 16:33:23,VEHICLE_00227,LOCATION_0282,ANPR,FIELD_SURVEILLANCE,0.9
VEVENT_002392,2025-10-26 16:36:23,VEHICLE_00557,LOCATION_0282,ANPR,FIELD_SURVEILLANCE,0.81
VEVENT_002393,2025-10-26 16:45:23,VEHICLE_00227,LOCATION_0092,ANPR,POLICE_CHECKPOINT,0.95
VEVENT_002394,2025-10-26 16:49:23,VEHICLE_00557,LOCATION_0092,ANPR,FIELD_SURVEILLANCE,0.82
VEVENT_002395,2025-10-26 16:57:23,VEHICLE_00227,LOCATION_0082,ANPR,FIELD_SURVEILLANCE,0.83
VEVENT_002396,2025-10-26 16:59:23,VEHICLE_00557,LOCATION_0082,ANPR,FIELD_SURVEILLANCE,0.81
VEVENT_002397,2025-10-26 17:09:23,VEHICLE_00227,LOCATION_0202,ANPR,FIELD_SURVEILLANCE,0.9
VEVENT_002398,2025-10-26 17:14:23,VEHICLE_00557,LOCATION_0202,ANPR,FIELD_SURVEILLANCE,0.88
VEVENT_002399,2025-10-26 17:21:23,VEHICLE_00227,LOCATION_0112,ANPR,POLICE_CHECKPOINT,0.9
VEVENT_002400,2025-10-26 17:24:23,VEHICLE_00557,LOCATION_0112,ANPR,TOLL_PLAZA,0.84
VEVENT_002401,2024-04-23 23:14:15,VEHICLE_00227,LOCATION_0282,ANPR,TOLL_PLAZA,0.84
VEVENT_002402,2024-04-23 23:19:15,VEHICLE_00557,LOCATION_0282,ANPR,ANPR_CAMERA,0.85
VEVENT_002403,2024-04-23 23:26:15,VEHICLE_00227,LOCATION_0092,ANPR,POLICE_CHECKPOINT,0.94
VEVENT_002404,2024-04-23 23:28:15,VEHICLE_00557,LOCATION_0092,ANPR,TOLL_PLAZA,0.87
VEVENT_002405,2024-04-23 23:38:15,VEHICLE_00227,LOCATION_0082,ANPR,ANPR_CAMERA,0.89
VEVENT_002406,2024-04-23 23:41:15,VEHICLE_00557,LOCATION_0082,ANPR,ANPR_CAMERA,0.9
VEVENT_002407,2024-04-23 23:50:15,VEHICLE_00227,LOCATION_0202,ANPR,FIELD_SURVEILLANCE,0.92
VEVENT_002408,2024-04-23 23:52:15,VEHICLE_00557,LOCATION_0202,ANPR,FIELD_SURVEILLANCE,0.87
VEVENT_002409,2024-04-24 00:02:15,VEHICLE_00227,LOCATION_0112,ANPR,ANPR_CAMERA,0.91
VEVENT_002410,2024-04-24 00:05:15,VEHICLE_00557,LOCATION_0112,ANPR,ANPR_CAMERA,0.84
VEVENT_002411,2025-11-24 09:51:17,VEHICLE_00227,LOCATION_0282,ANPR,FIELD_SURVEILLANCE,0.95
VEVENT_002412,2025-11-24 09:52:17,VEHICLE_00557,LOCATION_0282,ANPR,POLICE_CHECKPOINT,0.86
VEVENT_002413,2025-11-24 10:03:17,VEHICLE_00227,LOCATION_0092,ANPR,ANPR_CAMERA,0.95
VEVENT_002414,2025-11-24 10:05:17,VEHICLE_00557,LOCATION_0092,ANPR,ANPR_CAMERA,0.89
VEVENT_002415,2025-11-24 10:15:17,VEHICLE_00227,LOCATION_0082,ANPR,ANPR_CAMERA,0.81
VEVENT_002416,2025-11-24 10:18:17,VEHICLE_00557,LOCATION_0082,ANPR,ANPR_CAMERA,0.92
VEVENT_002417,2025-11-24 10:27:17,VEHICLE_00227,LOCATION_0202,ANPR,POLICE_CHECKPOINT,0.91
VEVENT_002418,2025-11-24 10:30:17,VEHICLE_00557,LOCATION_0202,ANPR,ANPR_CAMERA,0.82
VEVENT_002419,2025-11-24 10:39:17,VEHICLE_00227,LOCATION_0112,ANPR,POLICE_CHECKPOINT,0.95
VEVENT_002420,2025-11-24 10:43:17,VEHICLE_00557,LOCATION_0112,ANPR,TOLL_PLAZA,0.85
VEVENT_002421,2024-07-24 17:05:21,VEHICLE_00227,LOCATION_0282,ANPR,ANPR_CAMERA,0.8
VEVENT_002422,2024-07-24 17:06:21,VEHICLE_00557,LOCATION_0282,ANPR,FIELD_SURVEILLANCE,0.82
VEVENT_002423,2024-07-24 17:17:21,VEHICLE_00227,LOCATION_0092,ANPR,POLICE_CHECKPOINT,0.88
VEVENT_002424,2024-07-24 17:22:21,VEHICLE_00557,LOCATION_0092,ANPR,FIELD_SURVEILLANCE,0.85
VEVENT_002425,2024-07-24 17:29:21,VEHICLE_00227,LOCATION_0082,ANPR,TOLL_PLAZA,0.85
VEVENT_002426,2024-07-24 17:34:21,VEHICLE_00557,LOCATION_0082,ANPR,TOLL_PLAZA,0.91
VEVENT_002427,2024-07-24 17:41:21,VEHICLE_00227,LOCATION_0202,ANPR,ANPR_CAMERA,0.87
VEVENT_002428,2024-07-24 17:44:21,VEHICLE_00557,LOCATION_0202,ANPR,FIELD_SURVEILLANCE,0.93
VEVENT_002429,2024-07-24 17:53:21,VEHICLE_00227,LOCATION_0112,ANPR,FIELD_SURVEILLANCE,0.95
VEVENT_002430,2024-07-24 17:54:21,VEHICLE_00557,LOCATION_0112,ANPR,TOLL_PLAZA,0.92
VEVENT_002431,2025-05-22 10:18:49,VEHICLE_00227,LOCATION_0282,ANPR,ANPR_CAMERA,0.97
VEVENT_002432,2025-05-22 10:19:49,VEHICLE_00557,LOCATION_0282,ANPR,POLICE_CHECKPOINT,0.91
VEVENT_002433,2025-05-22 10:30:49,VEHICLE_00227,LOCATION_0092,ANPR,FIELD_SURVEILLANCE,0.93
VEVENT_002434,2025-05-22 10:31:49,VEHICLE_00557,LOCATION_0092,ANPR,TOLL_PLAZA,0.81
VEVENT_002435,2025-05-22 10:42:49,VEHICLE_00227,LOCATION_0082,ANPR,TOLL_PLAZA,0.82
VEVENT_002436,2025-05-22 10:44:49,VEHICLE_00557,LOCATION_0082,ANPR,POLICE_CHECKPOINT,0.81
VEVENT_002437,2025-05-22 10:54:49,VEHICLE_00227,LOCATION_0202,ANPR,FIELD_SURVEILLANCE,0.94
VEVENT_002438,2025-05-22 11:00:49,VEHICLE_00557,LOCATION_0202,ANPR,POLICE_CHECKPOINT,0.84
VEVENT_002439,2025-05-22 11:06:49,VEHICLE_00227,LOCATION_0112,ANPR,POLICE_CHECKPOINT,0.94
VEVENT_002440,2025-05-22 11:09:49,VEHICLE_00557,LOCATION_0112,ANPR,ANPR_CAMERA,0.96
VEVENT_002441,2025-12-14 05:26:18,VEHICLE_00227,LOCATION_0282,ANPR,ANPR_CAMERA,0.97
VEVENT_002442,2025-12-14 05:32:18,VEHICLE_00557,LOCATION_0282,ANPR,TOLL_PLAZA,0.85
VEVENT_002443,2025-12-14 05:38:18,VEHICLE_00227,LOCATION_0092,ANPR,TOLL_PLAZA,0.94
VEVENT_002444,2025-12-14 05:43:18,VEHICLE_00557,LOCATION_0092,ANPR,FIELD_SURVEILLANCE,0.81
VEVENT_002445,2025-12-14 05:50:18,VEHICLE_00227,LOCATION_0082,ANPR,TOLL_PLAZA,0.87
VEVENT_002446,2025-12-14 05:54:18,VEHICLE_00557,LOCATION_0082,ANPR,FIELD_SURVEILLANCE,0.97
VEVENT_002447,2025-12-14 06:02:18,VEHICLE_00227,LOCATION_0202,ANPR,TOLL_PLAZA,0.91
VEVENT_002448,2025-12-14 06:06:18,VEHICLE_00557,LOCATION_0202,ANPR,TOLL_PLAZA,0.82
VEVENT_002449,2025-12-14 06:14:18,VEHICLE_00227,LOCATION_0112,ANPR,ANPR_CAMERA,0.92
VEVENT_002450,2025-12-14 06:18:18,VEHICLE_00557,LOCATION_0112,ANPR,TOLL_PLAZA,0.89
VEVENT_002451,2025-11-13 23:24:02,VEHICLE_00559,LOCATION_0276,ANPR,TOLL_PLAZA,0.85
VEVENT_002452,2025-11-13 23:26:02,VEHICLE_00124,LOCATION_0276,ANPR,POLICE_CHECKPOINT,0.88
VEVENT_002453,2025-11-13 23:36:02,VEHICLE_00559,LOCATION_0216,ANPR,FIELD_SURVEILLANCE,0.9
VEVENT_002454,2025-11-13 23:37:02,VEHICLE_00124,LOCATION_0216,ANPR,POLICE_CHECKPOINT,0.88
VEVENT_002455,2025-11-13 23:48:02,VEHICLE_00559,LOCATION_0116,ANPR,FIELD_SURVEILLANCE,0.91
VEVENT_002456,2025-11-13 23:54:02,VEHICLE_00124,LOCATION_0116,ANPR,POLICE_CHECKPOINT,0.95
VEVENT_002457,2025-11-14 00:00:02,VEHICLE_00559,LOCATION_0066,ANPR,FIELD_SURVEILLANCE,0.95
VEVENT_002458,2025-11-14 00:04:02,VEHICLE_00124,LOCATION_0066,ANPR,POLICE_CHECKPOINT,0.95
VEVENT_002459,2025-11-14 00:12:02,VEHICLE_00559,LOCATION_0026,ANPR,ANPR_CAMERA,0.84
VEVENT_002460,2025-11-14 00:18:02,VEHICLE_00124,LOCATION_0026,ANPR,POLICE_CHECKPOINT,0.83
VEVENT_002461,2024-12-13 13:31:07,VEHICLE_00559,LOCATION_0276,ANPR,FIELD_SURVEILLANCE,0.97
VEVENT_002462,2024-12-13 13:35:07,VEHICLE_00124,LOCATION_0276,ANPR,TOLL_PLAZA,0.88
VEVENT_002463,2024-12-13 13:43:07,VEHICLE_00559,LOCATION_0216,ANPR,FIELD_SURVEILLANCE,0.96
VEVENT_002464,2024-12-13 13:44:07,VEHICLE_00124,LOCATION_0216,ANPR,FIELD_SURVEILLANCE,0.95
VEVENT_002465,2024-12-13 13:55:07,VEHICLE_00559,LOCATION_0116,ANPR,ANPR_CAMERA,0.89
VEVENT_002466,2024-12-13 13:58:07,VEHICLE_00124,LOCATION_0116,ANPR,FIELD_SURVEILLANCE,0.9
VEVENT_002467,2024-12-13 14:07:07,VEHICLE_00559,LOCATION_0066,ANPR,TOLL_PLAZA,0.96
VEVENT_002468,2024-12-13 14:09:07,VEHICLE_00124,LOCATION_0066,ANPR,ANPR_CAMERA,0.83
VEVENT_002469,2024-12-13 14:19:07,VEHICLE_00559,LOCATION_0026,ANPR,POLICE_CHECKPOINT,0.91
VEVENT_002470,2024-12-13 14:22:07,VEHICLE_00124,LOCATION_0026,ANPR,ANPR_CAMERA,0.85
VEVENT_002471,2024-07-22 10:05:42,VEHICLE_00559,LOCATION_0276,ANPR,TOLL_PLAZA,0.96
VEVENT_002472,2024-07-22 10:07:42,VEHICLE_00124,LOCATION_0276,ANPR,TOLL_PLAZA,0.91
VEVENT_002473,2024-07-22 10:17:42,VEHICLE_00559,LOCATION_0216,ANPR,TOLL_PLAZA,0.89
VEVENT_002474,2024-07-22 10:18:42,VEHICLE_00124,LOCATION_0216,ANPR,ANPR_CAMERA,0.93
VEVENT_002475,2024-07-22 10:29:42,VEHICLE_00559,LOCATION_0116,ANPR,TOLL_PLAZA,0.8
VEVENT_002476,2024-07-22 10:34:42,VEHICLE_00124,LOCATION_0116,ANPR,FIELD_SURVEILLANCE,0.89
VEVENT_002477,2024-07-22 10:41:42,VEHICLE_00559,LOCATION_0066,ANPR,FIELD_SURVEILLANCE,0.81
VEVENT_002478,2024-07-22 10:47:42,VEHICLE_00124,LOCATION_0066,ANPR,ANPR_CAMERA,0.86
VEVENT_002479,2024-07-22 10:53:42,VEHICLE_00559,LOCATION_0026,ANPR,POLICE_CHECKPOINT,0.9
VEVENT_002480,2024-07-22 10:54:42,VEHICLE_00124,LOCATION_0026,ANPR,FIELD_SURVEILLANCE,0.89
VEVENT_002481,2024-01-02 06:43:38,VEHICLE_00559,LOCATION_0276,ANPR,FIELD_SURVEILLANCE,0.95
VEVENT_002482,2024-01-02 06:45:38,VEHICLE_00124,LOCATION_0276,ANPR,TOLL_PLAZA,0.84
VEVENT_002483,2024-01-02 06:55:38,VEHICLE_00559,LOCATION_0216,ANPR,TOLL_PLAZA,0.86
VEVENT_002484,2024-01-02 07:00:38,VEHICLE_00124,LOCATION_0216,ANPR,FIELD_SURVEILLANCE,0.93
VEVENT_002485,2024-01-02 07:07:38,VEHICLE_00559,LOCATION_0116,ANPR,FIELD_SURVEILLANCE,0.82
VEVENT_002486,2024-01-02 07:11:38,VEHICLE_00124,LOCATION_0116,ANPR,FIELD_SURVEILLANCE,0.92
VEVENT_002487,2024-01-02 07:19:38,VEHICLE_00559,LOCATION_0066,ANPR,POLICE_CHECKPOINT,0.84
VEVENT_002488,2024-01-02 07:25:38,VEHICLE_00124,LOCATION_0066,ANPR,POLICE_CHECKPOINT,0.81
VEVENT_002489,2024-01-02 07:31:38,VEHICLE_00559,LOCATION_0026,ANPR,FIELD_SURVEILLANCE,0.88
VEVENT_002490,2024-01-02 07:37:38,VEHICLE_00124,LOCATION_0026,ANPR,ANPR_CAMERA,0.87
VEVENT_002491,2025-07-16 04:18:00,VEHICLE_00511,LOCATION_0278,ANPR,ANPR_CAMERA,0.88
VEVENT_002492,2025-07-16 04:22:00,VEHICLE_00487,LOCATION_0278,ANPR,POLICE_CHECKPOINT,0.92
VEVENT_002493,2025-07-16 04:30:00,VEHICLE_00511,LOCATION_0288,ANPR,POLICE_CHECKPOINT,0.96
VEVENT_002494,2025-07-16 04:36:00,VEHICLE_00487,LOCATION_0288,ANPR,FIELD_SURVEILLANCE,0.94
VEVENT_002495,2025-07-16 04:42:00,VEHICLE_00511,LOCATION_0108,ANPR,POLICE_CHECKPOINT,0.82
VEVENT_002496,2025-07-16 04:46:00,VEHICLE_00487,LOCATION_0108,ANPR,FIELD_SURVEILLANCE,0.85
VEVENT_002497,2025-07-16 04:54:00,VEHICLE_00511,LOCATION_0028,ANPR,POLICE_CHECKPOINT,0.94
VEVENT_002498,2025-07-16 04:57:00,VEHICLE_00487,LOCATION_0028,ANPR,POLICE_CHECKPOINT,0.9
VEVENT_002499,2025-07-16 05:06:00,VEHICLE_00511,LOCATION_0068,ANPR,FIELD_SURVEILLANCE,0.95
VEVENT_002500,2025-07-16 05:12:00,VEHICLE_00487,LOCATION_0068,ANPR,POLICE_CHECKPOINT,0.88
VEVENT_002501,2025-12-31 05:47:44,VEHICLE_00511,LOCATION_0278,ANPR,POLICE_CHECKPOINT,0.82
VEVENT_002502,2025-12-31 05:53:44,VEHICLE_00487,LOCATION_0278,ANPR,POLICE_CHECKPOINT,0.92
VEVENT_002503,2025-12-31 05:59:44,VEHICLE_00511,LOCATION_0288,ANPR,TOLL_PLAZA,0.85
VEVENT_002504,2025-12-31 06:04:44,VEHICLE_00487,LOCATION_0288,ANPR,POLICE_CHECKPOINT,0.84
VEVENT_002505,2025-12-31 06:11:44,VEHICLE_00511,LOCATION_0108,ANPR,POLICE_CHECKPOINT,0.87
VEVENT_002506,2025-12-31 06:14:44,VEHICLE_00487,LOCATION_0108,ANPR,ANPR_CAMERA,0.94
VEVENT_002507,2025-12-31 06:23:44,VEHICLE_00511,LOCATION_0028,ANPR,TOLL_PLAZA,0.91
VEVENT_002508,2025-12-31 06:29:44,VEHICLE_00487,LOCATION_0028,ANPR,POLICE_CHECKPOINT,0.82
VEVENT_002509,2025-12-31 06:35:44,VEHICLE_00511,LOCATION_0068,ANPR,TOLL_PLAZA,0.96
VEVENT_002510,2025-12-31 06:38:44,VEHICLE_00487,LOCATION_0068,ANPR,FIELD_SURVEILLANCE,0.8
VEVENT_002511,2024-06-14 16:22:59,VEHICLE_00511,LOCATION_0278,ANPR,FIELD_SURVEILLANCE,0.9
VEVENT_002512,2024-06-14 16:28:59,VEHICLE_00487,LOCATION_0278,ANPR,FIELD_SURVEILLANCE,0.96
VEVENT_002513,2024-06-14 16:34:59,VEHICLE_00511,LOCATION_0288,ANPR,FIELD_SURVEILLANCE,0.91
VEVENT_002514,2024-06-14 16:37:59,VEHICLE_00487,LOCATION_0288,ANPR,ANPR_CAMERA,0.95
VEVENT_002515,2024-06-14 16:46:59,VEHICLE_00511,LOCATION_0108,ANPR,ANPR_CAMERA,0.97
VEVENT_002516,2024-06-14 16:47:59,VEHICLE_00487,LOCATION_0108,ANPR,FIELD_SURVEILLANCE,0.85
VEVENT_002517,2024-06-14 16:58:59,VEHICLE_00511,LOCATION_0028,ANPR,POLICE_CHECKPOINT,0.92
VEVENT_002518,2024-06-14 17:03:59,VEHICLE_00487,LOCATION_0028,ANPR,POLICE_CHECKPOINT,0.82
VEVENT_002519,2024-06-14 17:10:59,VEHICLE_00511,LOCATION_0068,ANPR,TOLL_PLAZA,0.88
VEVENT_002520,2024-06-14 17:16:59,VEHICLE_00487,LOCATION_0068,ANPR,ANPR_CAMERA,0.94
VEVENT_002521,2024-06-22 14:40:21,VEHICLE_00511,LOCATION_0278,ANPR,TOLL_PLAZA,0.84
VEVENT_002522,2024-06-22 14:46:21,VEHICLE_00487,LOCATION_0278,ANPR,POLICE_CHECKPOINT,0.95
VEVENT_002523,2024-06-22 14:52:21,VEHICLE_00511,LOCATION_0288,ANPR,TOLL_PLAZA,0.95
VEVENT_002524,2024-06-22 14:53:21,VEHICLE_00487,LOCATION_0288,ANPR,POLICE_CHECKPOINT,0.87
VEVENT_002525,2024-06-22 15:04:21,VEHICLE_00511,LOCATION_0108,ANPR,ANPR_CAMERA,0.83
VEVENT_002526,2024-06-22 15:06:21,VEHICLE_00487,LOCATION_0108,ANPR,ANPR_CAMERA,0.8
VEVENT_002527,2024-06-22 15:16:21,VEHICLE_00511,LOCATION_0028,ANPR,FIELD_SURVEILLANCE,0.95
VEVENT_002528,2024-06-22 15:20:21,VEHICLE_00487,LOCATION_0028,ANPR,ANPR_CAMERA,0.93
VEVENT_002529,2024-06-22 15:28:21,VEHICLE_00511,LOCATION_0068,ANPR,ANPR_CAMERA,0.91
VEVENT_002530,2024-06-22 15:29:21,VEHICLE_00487,LOCATION_0068,ANPR,FIELD_SURVEILLANCE,0.96
VEVENT_002531,2025-07-28 00:26:39,VEHICLE_00511,LOCATION_0278,ANPR,TOLL_PLAZA,0.84
VEVENT_002532,2025-07-28 00:31:39,VEHICLE_00487,LOCATION_0278,ANPR,POLICE_CHECKPOINT,0.97
VEVENT_002533,2025-07-28 00:38:39,VEHICLE_00511,LOCATION_0288,ANPR,ANPR_CAMERA,0.84
VEVENT_002534,2025-07-28 00:40:39,VEHICLE_00487,LOCATION_0288,ANPR,FIELD_SURVEILLANCE,0.85
VEVENT_002535,2025-07-28 00:50:39,VEHICLE_00511,LOCATION_0108,ANPR,FIELD_SURVEILLANCE,0.85
VEVENT_002536,2025-07-28 00:55:39,VEHICLE_00487,LOCATION_0108,ANPR,POLICE_CHECKPOINT,0.91
VEVENT_002537,2025-07-28 01:02:39,VEHICLE_00511,LOCATION_0028,ANPR,ANPR_CAMERA,0.88
VEVENT_002538,2025-07-28 01:03:39,VEHICLE_00487,LOCATION_0028,ANPR,POLICE_CHECKPOINT,0.86
VEVENT_002539,2025-07-28 01:14:39,VEHICLE_00511,LOCATION_0068,ANPR,POLICE_CHECKPOINT,0.94
VEVENT_002540,2025-07-28 01:15:39,VEHICLE_00487,LOCATION_0068,ANPR,ANPR_CAMERA,0.92
VEVENT_002541,2025-08-09 02:44:20,VEHICLE_00511,LOCATION_0278,ANPR,POLICE_CHECKPOINT,0.91
VEVENT_002542,2025-08-09 02:50:20,VEHICLE_00487,LOCATION_0278,ANPR,POLICE_CHECKPOINT,0.89
VEVENT_002543,2025-08-09 02:56:20,VEHICLE_00511,LOCATION_0288,ANPR,TOLL_PLAZA,0.87
VEVENT_002544,2025-08-09 02:58:20,VEHICLE_00487,LOCATION_0288,ANPR,POLICE_CHECKPOINT,0.86
VEVENT_002545,2025-08-09 03:08:20,VEHICLE_00511,LOCATION_0108,ANPR,TOLL_PLAZA,0.92
VEVENT_002546,2025-08-09 03:14:20,VEHICLE_00487,LOCATION_0108,ANPR,POLICE_CHECKPOINT,0.84
VEVENT_002547,2025-08-09 03:20:20,VEHICLE_00511,LOCATION_0028,ANPR,TOLL_PLAZA,0.87
VEVENT_002548,2025-08-09 03:21:20,VEHICLE_00487,LOCATION_0028,ANPR,ANPR_CAMERA,0.81
VEVENT_002549,2025-08-09 03:32:20,VEHICLE_00511,LOCATION_0068,ANPR,POLICE_CHECKPOINT,0.82
VEVENT_002550,2025-08-09 03:37:20,VEHICLE_00487,LOCATION_0068,ANPR,TOLL_PLAZA,0.88
VEVENT_002551,2024-10-04 13:59:35,VEHICLE_00511,LOCATION_0278,ANPR,POLICE_CHECKPOINT,0.91
VEVENT_002552,2024-10-04 14:01:35,VEHICLE_00487,LOCATION_0278,ANPR,ANPR_CAMERA,0.97
VEVENT_002553,2024-10-04 14:11:35,VEHICLE_00511,LOCATION_0288,ANPR,TOLL_PLAZA,0.95
VEVENT_002554,2024-10-04 14:12:35,VEHICLE_00487,LOCATION_0288,ANPR,TOLL_PLAZA,0.96
VEVENT_002555,2024-10-04 14:23:35,VEHICLE_00511,LOCATION_0108,ANPR,POLICE_CHECKPOINT,0.91
VEVENT_002556,2024-10-04 14:29:35,VEHICLE_00487,LOCATION_0108,ANPR,ANPR_CAMERA,0.87
VEVENT_002557,2024-10-04 14:35:35,VEHICLE_00511,LOCATION_0028,ANPR,TOLL_PLAZA,0.82
VEVENT_002558,2024-10-04 14:39:35,VEHICLE_00487,LOCATION_0028,ANPR,POLICE_CHECKPOINT,0.91
VEVENT_002559,2024-10-04 14:47:35,VEHICLE_00511,LOCATION_0068,ANPR,ANPR_CAMERA,0.9
VEVENT_002560,2024-10-04 14:52:35,VEHICLE_00487,LOCATION_0068,ANPR,ANPR_CAMERA,0.86
VEVENT_002561,2025-07-21 06:27:31,VEHICLE_00511,LOCATION_0278,ANPR,FIELD_SURVEILLANCE,0.8
VEVENT_002562,2025-07-21 06:33:31,VEHICLE_00487,LOCATION_0278,ANPR,ANPR_CAMERA,0.92
VEVENT_002563,2025-07-21 06:39:31,VEHICLE_00511,LOCATION_0288,ANPR,FIELD_SURVEILLANCE,0.8
VEVENT_002564,2025-07-21 06:45:31,VEHICLE_00487,LOCATION_0288,ANPR,POLICE_CHECKPOINT,0.83
VEVENT_002565,2025-07-21 06:51:31,VEHICLE_00511,LOCATION_0108,ANPR,POLICE_CHECKPOINT,0.92
VEVENT_002566,2025-07-21 06:52:31,VEHICLE_00487,LOCATION_0108,ANPR,TOLL_PLAZA,0.88
VEVENT_002567,2025-07-21 07:03:31,VEHICLE_00511,LOCATION_0028,ANPR,FIELD_SURVEILLANCE,0.82
VEVENT_002568,2025-07-21 07:04:31,VEHICLE_00487,LOCATION_0028,ANPR,TOLL_PLAZA,0.86
VEVENT_002569,2025-07-21 07:15:31,VEHICLE_00511,LOCATION_0068,ANPR,FIELD_SURVEILLANCE,0.9
VEVENT_002570,2025-07-21 07:17:31,VEHICLE_00487,LOCATION_0068,ANPR,FIELD_SURVEILLANCE,0.88
VEVENT_002571,2024-10-04 04:39:47,VEHICLE_00473,LOCATION_0276,ANPR,ANPR_CAMERA,0.83
VEVENT_002572,2024-10-04 04:43:47,VEHICLE_00230,LOCATION_0276,ANPR,TOLL_PLAZA,0.81
VEVENT_002573,2024-10-04 04:51:47,VEHICLE_00473,LOCATION_0216,ANPR,ANPR_CAMERA,0.86
VEVENT_002574,2024-10-04 04:57:47,VEHICLE_00230,LOCATION_0216,ANPR,TOLL_PLAZA,0.95
VEVENT_002575,2024-10-04 05:03:47,VEHICLE_00473,LOCATION_0116,ANPR,FIELD_SURVEILLANCE,0.83
VEVENT_002576,2024-10-04 05:07:47,VEHICLE_00230,LOCATION_0116,ANPR,TOLL_PLAZA,0.85
VEVENT_002577,2024-10-04 05:15:47,VEHICLE_00473,LOCATION_0066,ANPR,POLICE_CHECKPOINT,0.94
VEVENT_002578,2024-10-04 05:19:47,VEHICLE_00230,LOCATION_0066,ANPR,ANPR_CAMERA,0.9
VEVENT_002579,2024-10-04 05:27:47,VEHICLE_00473,LOCATION_0026,ANPR,ANPR_CAMERA,0.87
VEVENT_002580,2024-10-04 05:31:47,VEHICLE_00230,LOCATION_0026,ANPR,FIELD_SURVEILLANCE,0.82
VEVENT_002581,2025-06-06 00:29:11,VEHICLE_00473,LOCATION_0276,ANPR,FIELD_SURVEILLANCE,0.92
VEVENT_002582,2025-06-06 00:35:11,VEHICLE_00230,LOCATION_0276,ANPR,TOLL_PLAZA,0.89
VEVENT_002583,2025-06-06 00:41:11,VEHICLE_00473,LOCATION_0216,ANPR,ANPR_CAMERA,0.86
VEVENT_002584,2025-06-06 00:43:11,VEHICLE_00230,LOCATION_0216,ANPR,TOLL_PLAZA,0.94
VEVENT_002585,2025-06-06 00:53:11,VEHICLE_00473,LOCATION_0116,ANPR,ANPR_CAMERA,0.89
VEVENT_002586,2025-06-06 00:58:11,VEHICLE_00230,LOCATION_0116,ANPR,TOLL_PLAZA,0.9
VEVENT_002587,2025-06-06 01:05:11,VEHICLE_00473,LOCATION_0066,ANPR,ANPR_CAMERA,0.97
VEVENT_002588,2025-06-06 01:09:11,VEHICLE_00230,LOCATION_0066,ANPR,POLICE_CHECKPOINT,0.84
VEVENT_002589,2025-06-06 01:17:11,VEHICLE_00473,LOCATION_0026,ANPR,ANPR_CAMERA,0.94
VEVENT_002590,2025-06-06 01:20:11,VEHICLE_00230,LOCATION_0026,ANPR,FIELD_SURVEILLANCE,0.91
VEVENT_002591,2024-10-27 12:02:39,VEHICLE_00473,LOCATION_0276,ANPR,ANPR_CAMERA,0.96
VEVENT_002592,2024-10-27 12:07:39,VEHICLE_00230,LOCATION_0276,ANPR,ANPR_CAMERA,0.85
VEVENT_002593,2024-10-27 12:14:39,VEHICLE_00473,LOCATION_0216,ANPR,POLICE_CHECKPOINT,0.85
VEVENT_002594,2024-10-27 12:18:39,VEHICLE_00230,LOCATION_0216,ANPR,TOLL_PLAZA,0.91
VEVENT_002595,2024-10-27 12:26:39,VEHICLE_00473,LOCATION_0116,ANPR,FIELD_SURVEILLANCE,0.8
VEVENT_002596,2024-10-27 12:31:39,VEHICLE_00230,LOCATION_0116,ANPR,FIELD_SURVEILLANCE,0.83
VEVENT_002597,2024-10-27 12:38:39,VEHICLE_00473,LOCATION_0066,ANPR,TOLL_PLAZA,0.93
VEVENT_002598,2024-10-27 12:44:39,VEHICLE_00230,LOCATION_0066,ANPR,POLICE_CHECKPOINT,0.95
VEVENT_002599,2024-10-27 12:50:39,VEHICLE_00473,LOCATION_0026,ANPR,ANPR_CAMERA,0.95
VEVENT_002600,2024-10-27 12:52:39,VEHICLE_00230,LOCATION_0026,ANPR,FIELD_SURVEILLANCE,0.93
VEVENT_002601,2024-08-28 09:44:14,VEHICLE_00473,LOCATION_0276,ANPR,TOLL_PLAZA,0.83
VEVENT_002602,2024-08-28 09:45:14,VEHICLE_00230,LOCATION_0276,ANPR,FIELD_SURVEILLANCE,0.93
VEVENT_002603,2024-08-28 09:56:14,VEHICLE_00473,LOCATION_0216,ANPR,FIELD_SURVEILLANCE,0.91
VEVENT_002604,2024-08-28 10:02:14,VEHICLE_00230,LOCATION_0216,ANPR,POLICE_CHECKPOINT,0.94
VEVENT_002605,2024-08-28 10:08:14,VEHICLE_00473,LOCATION_0116,ANPR,POLICE_CHECKPOINT,0.89
VEVENT_002606,2024-08-28 10:10:14,VEHICLE_00230,LOCATION_0116,ANPR,POLICE_CHECKPOINT,0.83
VEVENT_002607,2024-08-28 10:20:14,VEHICLE_00473,LOCATION_0066,ANPR,POLICE_CHECKPOINT,0.82
VEVENT_002608,2024-08-28 10:26:14,VEHICLE_00230,LOCATION_0066,ANPR,TOLL_PLAZA,0.89
VEVENT_002609,2024-08-28 10:32:14,VEHICLE_00473,LOCATION_0026,ANPR,POLICE_CHECKPOINT,0.87
VEVENT_002610,2024-08-28 10:38:14,VEHICLE_00230,LOCATION_0026,ANPR,ANPR_CAMERA,0.84
VEVENT_002611,2026-02-01 00:59:11,VEHICLE_00473,LOCATION_0276,ANPR,FIELD_SURVEILLANCE,0.91
VEVENT_002612,2026-02-01 01:05:11,VEHICLE_00230,LOCATION_0276,ANPR,TOLL_PLAZA,0.8
VEVENT_002613,2026-02-01 01:11:11,VEHICLE_00473,LOCATION_0216,ANPR,TOLL_PLAZA,0.88
VEVENT_002614,2026-02-01 01:13:11,VEHICLE_00230,LOCATION_0216,ANPR,POLICE_CHECKPOINT,0.85
VEVENT_002615,2026-02-01 01:23:11,VEHICLE_00473,LOCATION_0116,ANPR,ANPR_CAMERA,0.87
VEVENT_002616,2026-02-01 01:24:11,VEHICLE_00230,LOCATION_0116,ANPR,POLICE_CHECKPOINT,0.84
VEVENT_002617,2026-02-01 01:35:11,VEHICLE_00473,LOCATION_0066,ANPR,POLICE_CHECKPOINT,0.9
VEVENT_002618,2026-02-01 01:40:11,VEHICLE_00230,LOCATION_0066,ANPR,POLICE_CHECKPOINT,0.9
VEVENT_002619,2026-02-01 01:47:11,VEHICLE_00473,LOCATION_0026,ANPR,ANPR_CAMERA,0.93
VEVENT_002620,2026-02-01 01:50:11,VEHICLE_00230,LOCATION_0026,ANPR,TOLL_PLAZA,0.81
VEVENT_002621,2025-10-01 01:37:55,VEHICLE_00473,LOCATION_0276,ANPR,POLICE_CHECKPOINT,0.82
VEVENT_002622,2025-10-01 01:41:55,VEHICLE_00230,LOCATION_0276,ANPR,ANPR_CAMERA,0.84
VEVENT_002623,2025-10-01 01:49:55,VEHICLE_00473,LOCATION_0216,ANPR,ANPR_CAMERA,0.93
VEVENT_002624,2025-10-01 01:52:55,VEHICLE_00230,LOCATION_0216,ANPR,POLICE_CHECKPOINT,0.96
VEVENT_002625,2025-10-01 02:01:55,VEHICLE_00473,LOCATION_0116,ANPR,FIELD_SURVEILLANCE,0.91
VEVENT_002626,2025-10-01 02:05:55,VEHICLE_00230,LOCATION_0116,ANPR,ANPR_CAMERA,0.91
VEVENT_002627,2025-10-01 02:13:55,VEHICLE_00473,LOCATION_0066,ANPR,POLICE_CHECKPOINT,0.94
VEVENT_002628,2025-10-01 02:19:55,VEHICLE_00230,LOCATION_0066,ANPR,POLICE_CHECKPOINT,0.83
VEVENT_002629,2025-10-01 02:25:55,VEHICLE_00473,LOCATION_0026,ANPR,POLICE_CHECKPOINT,0.88
VEVENT_002630,2025-10-01 02:27:55,VEHICLE_00230,LOCATION_0026,ANPR,POLICE_CHECKPOINT,0.96
VEVENT_002631,2025-10-30 07:26:07,VEHICLE_00473,LOCATION_0276,ANPR,ANPR_CAMERA,0.82
VEVENT_002632,2025-10-30 07:29:07,VEHICLE_00230,LOCATION_0276,ANPR,POLICE_CHECKPOINT,0.95
VEVENT_002633,2025-10-30 07:38:07,VEHICLE_00473,LOCATION_0216,ANPR,TOLL_PLAZA,0.93
VEVENT_002634,2025-10-30 07:41:07,VEHICLE_00230,LOCATION_0216,ANPR,POLICE_CHECKPOINT,0.95
VEVENT_002635,2025-10-30 07:50:07,VEHICLE_00473,LOCATION_0116,ANPR,TOLL_PLAZA,0.85
VEVENT_002636,2025-10-30 07:55:07,VEHICLE_00230,LOCATION_0116,ANPR,FIELD_SURVEILLANCE,0.87
VEVENT_002637,2025-10-30 08:02:07,VEHICLE_00473,LOCATION_0066,ANPR,POLICE_CHECKPOINT,0.81
VEVENT_002638,2025-10-30 08:07:07,VEHICLE_00230,LOCATION_0066,ANPR,FIELD_SURVEILLANCE,0.81
VEVENT_002639,2025-10-30 08:14:07,VEHICLE_00473,LOCATION_0026,ANPR,POLICE_CHECKPOINT,0.82
VEVENT_002640,2025-10-30 08:17:07,VEHICLE_00230,LOCATION_0026,ANPR,ANPR_CAMERA,0.83
VEVENT_002641,2026-02-09 02:03:54,VEHICLE_00473,LOCATION_0276,ANPR,ANPR_CAMERA,0.8
VEVENT_002642,2026-02-09 02:07:54,VEHICLE_00230,LOCATION_0276,ANPR,TOLL_PLAZA,0.88
VEVENT_002643,2026-02-09 02:15:54,VEHICLE_00473,LOCATION_0216,ANPR,ANPR_CAMERA,0.81
VEVENT_002644,2026-02-09 02:19:54,VEHICLE_00230,LOCATION_0216,ANPR,ANPR_CAMERA,0.87
VEVENT_002645,2026-02-09 02:27:54,VEHICLE_00473,LOCATION_0116,ANPR,ANPR_CAMERA,0.86
VEVENT_002646,2026-02-09 02:32:54,VEHICLE_00230,LOCATION_0116,ANPR,FIELD_SURVEILLANCE,0.94
VEVENT_002647,2026-02-09 02:39:54,VEHICLE_00473,LOCATION_0066,ANPR,ANPR_CAMERA,0.94
VEVENT_002648,2026-02-09 02:43:54,VEHICLE_00230,LOCATION_0066,ANPR,TOLL_PLAZA,0.87
VEVENT_002649,2026-02-09 02:51:54,VEHICLE_00473,LOCATION_0026,ANPR,FIELD_SURVEILLANCE,0.92
VEVENT_002650,2026-02-09 02:57:54,VEHICLE_00230,LOCATION_0026,ANPR,POLICE_CHECKPOINT,0.88
VEVENT_002651,2024-12-06 06:08:43,VEHICLE_00447,LOCATION_0049,ANPR,TOLL_PLAZA,0.87
VEVENT_002652,2024-12-06 06:12:43,VEHICLE_00385,LOCATION_0049,ANPR,POLICE_CHECKPOINT,0.81
VEVENT_002653,2024-12-06 06:20:43,VEHICLE_00447,LOCATION_0179,ANPR,POLICE_CHECKPOINT,0.84
VEVENT_002654,2024-12-06 06:23:43,VEHICLE_00385,LOCATION_0179,ANPR,FIELD_SURVEILLANCE,0.9
VEVENT_002655,2024-12-06 06:32:43,VEHICLE_00447,LOCATION_0189,ANPR,FIELD_SURVEILLANCE,0.81
VEVENT_002656,2024-12-06 06:36:43,VEHICLE_00385,LOCATION_0189,ANPR,POLICE_CHECKPOINT,0.95
VEVENT_002657,2024-12-06 06:44:43,VEHICLE_00447,LOCATION_0299,ANPR,TOLL_PLAZA,0.91
VEVENT_002658,2024-12-06 06:48:43,VEHICLE_00385,LOCATION_0299,ANPR,FIELD_SURVEILLANCE,0.85
VEVENT_002659,2024-12-06 06:56:43,VEHICLE_00447,LOCATION_0229,ANPR,POLICE_CHECKPOINT,0.94
VEVENT_002660,2024-12-06 06:59:43,VEHICLE_00385,LOCATION_0229,ANPR,ANPR_CAMERA,0.92
VEVENT_002661,2024-01-31 13:59:30,VEHICLE_00447,LOCATION_0049,ANPR,FIELD_SURVEILLANCE,0.93
VEVENT_002662,2024-01-31 14:03:30,VEHICLE_00385,LOCATION_0049,ANPR,POLICE_CHECKPOINT,0.91
VEVENT_002663,2024-01-31 14:11:30,VEHICLE_00447,LOCATION_0179,ANPR,FIELD_SURVEILLANCE,0.93
VEVENT_002664,2024-01-31 14:14:30,VEHICLE_00385,LOCATION_0179,ANPR,POLICE_CHECKPOINT,0.88
VEVENT_002665,2024-01-31 14:23:30,VEHICLE_00447,LOCATION_0189,ANPR,TOLL_PLAZA,0.97
VEVENT_002666,2024-01-31 14:28:30,VEHICLE_00385,LOCATION_0189,ANPR,FIELD_SURVEILLANCE,0.91
VEVENT_002667,2024-01-31 14:35:30,VEHICLE_00447,LOCATION_0299,ANPR,POLICE_CHECKPOINT,0.92
VEVENT_002668,2024-01-31 14:41:30,VEHICLE_00385,LOCATION_0299,ANPR,TOLL_PLAZA,0.84
VEVENT_002669,2024-01-31 14:47:30,VEHICLE_00447,LOCATION_0229,ANPR,TOLL_PLAZA,0.88
VEVENT_002670,2024-01-31 14:53:30,VEHICLE_00385,LOCATION_0229,ANPR,POLICE_CHECKPOINT,0.96
VEVENT_002671,2025-06-19 21:15:53,VEHICLE_00447,LOCATION_0049,ANPR,TOLL_PLAZA,0.8
VEVENT_002672,2025-06-19 21:18:53,VEHICLE_00385,LOCATION_0049,ANPR,ANPR_CAMERA,0.93
VEVENT_002673,2025-06-19 21:27:53,VEHICLE_00447,LOCATION_0179,ANPR,FIELD_SURVEILLANCE,0.86
VEVENT_002674,2025-06-19 21:32:53,VEHICLE_00385,LOCATION_0179,ANPR,ANPR_CAMERA,0.96
VEVENT_002675,2025-06-19 21:39:53,VEHICLE_00447,LOCATION_0189,ANPR,POLICE_CHECKPOINT,0.83
VEVENT_002676,2025-06-19 21:44:53,VEHICLE_00385,LOCATION_0189,ANPR,ANPR_CAMERA,0.87
VEVENT_002677,2025-06-19 21:51:53,VEHICLE_00447,LOCATION_0299,ANPR,ANPR_CAMERA,0.87
VEVENT_002678,2025-06-19 21:52:53,VEHICLE_00385,LOCATION_0299,ANPR,FIELD_SURVEILLANCE,0.91
VEVENT_002679,2025-06-19 22:03:53,VEHICLE_00447,LOCATION_0229,ANPR,TOLL_PLAZA,0.87
VEVENT_002680,2025-06-19 22:09:53,VEHICLE_00385,LOCATION_0229,ANPR,TOLL_PLAZA,0.87
VEVENT_002681,2024-07-04 12:50:11,VEHICLE_00447,LOCATION_0049,ANPR,TOLL_PLAZA,0.88
VEVENT_002682,2024-07-04 12:56:11,VEHICLE_00385,LOCATION_0049,ANPR,POLICE_CHECKPOINT,0.94
VEVENT_002683,2024-07-04 13:02:11,VEHICLE_00447,LOCATION_0179,ANPR,ANPR_CAMERA,0.85
VEVENT_002684,2024-07-04 13:05:11,VEHICLE_00385,LOCATION_0179,ANPR,POLICE_CHECKPOINT,0.94
VEVENT_002685,2024-07-04 13:14:11,VEHICLE_00447,LOCATION_0189,ANPR,TOLL_PLAZA,0.83
VEVENT_002686,2024-07-04 13:18:11,VEHICLE_00385,LOCATION_0189,ANPR,ANPR_CAMERA,0.9
VEVENT_002687,2024-07-04 13:26:11,VEHICLE_00447,LOCATION_0299,ANPR,ANPR_CAMERA,0.81
VEVENT_002688,2024-07-04 13:28:11,VEHICLE_00385,LOCATION_0299,ANPR,ANPR_CAMERA,0.87
VEVENT_002689,2024-07-04 13:38:11,VEHICLE_00447,LOCATION_0229,ANPR,POLICE_CHECKPOINT,0.82
VEVENT_002690,2024-07-04 13:39:11,VEHICLE_00385,LOCATION_0229,ANPR,FIELD_SURVEILLANCE,0.86
VEVENT_002691,2025-05-07 00:29:05,VEHICLE_00447,LOCATION_0049,ANPR,FIELD_SURVEILLANCE,0.87
VEVENT_002692,2025-05-07 00:35:05,VEHICLE_00385,LOCATION_0049,ANPR,FIELD_SURVEILLANCE,0.95
VEVENT_002693,2025-05-07 00:41:05,VEHICLE_00447,LOCATION_0179,ANPR,POLICE_CHECKPOINT,0.86
VEVENT_002694,2025-05-07 00:44:05,VEHICLE_00385,LOCATION_0179,ANPR,FIELD_SURVEILLANCE,0.94
VEVENT_002695,2025-05-07 00:53:05,VEHICLE_00447,LOCATION_0189,ANPR,FIELD_SURVEILLANCE,0.86
VEVENT_002696,2025-05-07 00:59:05,VEHICLE_00385,LOCATION_0189,ANPR,ANPR_CAMERA,0.83
VEVENT_002697,2025-05-07 01:05:05,VEHICLE_00447,LOCATION_0299,ANPR,ANPR_CAMERA,0.92
VEVENT_002698,2025-05-07 01:10:05,VEHICLE_00385,LOCATION_0299,ANPR,POLICE_CHECKPOINT,0.96
VEVENT_002699,2025-05-07 01:17:05,VEHICLE_00447,LOCATION_0229,ANPR,TOLL_PLAZA,0.82
VEVENT_002700,2025-05-07 01:18:05,VEHICLE_00385,LOCATION_0229,ANPR,FIELD_SURVEILLANCE,0.94
VEVENT_002701,2024-07-27 09:47:07,VEHICLE_00447,LOCATION_0049,ANPR,ANPR_CAMERA,0.84
VEVENT_002702,2024-07-27 09:50:07,VEHICLE_00385,LOCATION_0049,ANPR,TOLL_PLAZA,0.86
VEVENT_002703,2024-07-27 09:59:07,VEHICLE_00447,LOCATION_0179,ANPR,FIELD_SURVEILLANCE,0.81
VEVENT_002704,2024-07-27 10:00:07,VEHICLE_00385,LOCATION_0179,ANPR,ANPR_CAMERA,0.88
VEVENT_002705,2024-07-27 10:11:07,VEHICLE_00447,LOCATION_0189,ANPR,FIELD_SURVEILLANCE,0.81
VEVENT_002706,2024-07-27 10:16:07,VEHICLE_00385,LOCATION_0189,ANPR,FIELD_SURVEILLANCE,0.91
VEVENT_002707,2024-07-27 10:23:07,VEHICLE_00447,LOCATION_0299,ANPR,POLICE_CHECKPOINT,0.86
VEVENT_002708,2024-07-27 10:27:07,VEHICLE_00385,LOCATION_0299,ANPR,ANPR_CAMERA,0.86
VEVENT_002709,2024-07-27 10:35:07,VEHICLE_00447,LOCATION_0229,ANPR,TOLL_PLAZA,0.8
VEVENT_002710,2024-07-27 10:40:07,VEHICLE_00385,LOCATION_0229,ANPR,POLICE_CHECKPOINT,0.93
VEVENT_002711,2025-02-02 09:04:54,VEHICLE_00590,LOCATION_0003,ANPR,POLICE_CHECKPOINT,0.92
VEVENT_002712,2025-02-02 09:07:54,VEHICLE_00496,LOCATION_0003,ANPR,TOLL_PLAZA,0.84
VEVENT_002713,2025-02-02 09:16:54,VEHICLE_00590,LOCATION_0013,ANPR,POLICE_CHECKPOINT,0.84
VEVENT_002714,2025-02-02 09:19:54,VEHICLE_00496,LOCATION_0013,ANPR,ANPR_CAMERA,0.82
VEVENT_002715,2025-02-02 09:28:54,VEHICLE_00590,LOCATION_0073,ANPR,FIELD_SURVEILLANCE,0.82
VEVENT_002716,2025-02-02 09:33:54,VEHICLE_00496,LOCATION_0073,ANPR,TOLL_PLAZA,0.95
VEVENT_002717,2025-02-02 09:40:54,VEHICLE_00590,LOCATION_0193,ANPR,TOLL_PLAZA,0.89
VEVENT_002718,2025-02-02 09:41:54,VEHICLE_00496,LOCATION_0193,ANPR,POLICE_CHECKPOINT,0.86
VEVENT_002719,2025-02-02 09:52:54,VEHICLE_00590,LOCATION_0043,ANPR,ANPR_CAMERA,0.81
VEVENT_002720,2025-02-02 09:55:54,VEHICLE_00496,LOCATION_0043,ANPR,TOLL_PLAZA,0.88
VEVENT_002721,2025-04-10 17:31:38,VEHICLE_00590,LOCATION_0003,ANPR,POLICE_CHECKPOINT,0.92
VEVENT_002722,2025-04-10 17:37:38,VEHICLE_00496,LOCATION_0003,ANPR,ANPR_CAMERA,0.87
VEVENT_002723,2025-04-10 17:43:38,VEHICLE_00590,LOCATION_0013,ANPR,POLICE_CHECKPOINT,0.89
VEVENT_002724,2025-04-10 17:46:38,VEHICLE_00496,LOCATION_0013,ANPR,TOLL_PLAZA,0.88
VEVENT_002725,2025-04-10 17:55:38,VEHICLE_00590,LOCATION_0073,ANPR,ANPR_CAMERA,0.86
VEVENT_002726,2025-04-10 17:56:38,VEHICLE_00496,LOCATION_0073,ANPR,POLICE_CHECKPOINT,0.86
VEVENT_002727,2025-04-10 18:07:38,VEHICLE_00590,LOCATION_0193,ANPR,ANPR_CAMERA,0.84
VEVENT_002728,2025-04-10 18:08:38,VEHICLE_00496,LOCATION_0193,ANPR,FIELD_SURVEILLANCE,0.86
VEVENT_002729,2025-04-10 18:19:38,VEHICLE_00590,LOCATION_0043,ANPR,TOLL_PLAZA,0.88
VEVENT_002730,2025-04-10 18:21:38,VEHICLE_00496,LOCATION_0043,ANPR,ANPR_CAMERA,0.92
VEVENT_002731,2024-08-27 04:01:50,VEHICLE_00590,LOCATION_0003,ANPR,FIELD_SURVEILLANCE,0.85
VEVENT_002732,2024-08-27 04:02:50,VEHICLE_00496,LOCATION_0003,ANPR,POLICE_CHECKPOINT,0.94
VEVENT_002733,2024-08-27 04:13:50,VEHICLE_00590,LOCATION_0013,ANPR,TOLL_PLAZA,0.88
VEVENT_002734,2024-08-27 04:16:50,VEHICLE_00496,LOCATION_0013,ANPR,ANPR_CAMERA,0.97
VEVENT_002735,2024-08-27 04:25:50,VEHICLE_00590,LOCATION_0073,ANPR,POLICE_CHECKPOINT,0.81
VEVENT_002736,2024-08-27 04:26:50,VEHICLE_00496,LOCATION_0073,ANPR,POLICE_CHECKPOINT,0.81
VEVENT_002737,2024-08-27 04:37:50,VEHICLE_00590,LOCATION_0193,ANPR,ANPR_CAMERA,0.82
VEVENT_002738,2024-08-27 04:40:50,VEHICLE_00496,LOCATION_0193,ANPR,POLICE_CHECKPOINT,0.83
VEVENT_002739,2024-08-27 04:49:50,VEHICLE_00590,LOCATION_0043,ANPR,POLICE_CHECKPOINT,0.92
VEVENT_002740,2024-08-27 04:52:50,VEHICLE_00496,LOCATION_0043,ANPR,FIELD_SURVEILLANCE,0.86
VEVENT_002741,2024-07-08 08:03:04,VEHICLE_00590,LOCATION_0003,ANPR,TOLL_PLAZA,0.82
VEVENT_002742,2024-07-08 08:06:04,VEHICLE_00496,LOCATION_0003,ANPR,ANPR_CAMERA,0.94
VEVENT_002743,2024-07-08 08:15:04,VEHICLE_00590,LOCATION_0013,ANPR,FIELD_SURVEILLANCE,0.94
VEVENT_002744,2024-07-08 08:21:04,VEHICLE_00496,LOCATION_0013,ANPR,TOLL_PLAZA,0.84
VEVENT_002745,2024-07-08 08:27:04,VEHICLE_00590,LOCATION_0073,ANPR,TOLL_PLAZA,0.85
VEVENT_002746,2024-07-08 08:33:04,VEHICLE_00496,LOCATION_0073,ANPR,ANPR_CAMERA,0.92
VEVENT_002747,2024-07-08 08:39:04,VEHICLE_00590,LOCATION_0193,ANPR,ANPR_CAMERA,0.89
VEVENT_002748,2024-07-08 08:45:04,VEHICLE_00496,LOCATION_0193,ANPR,ANPR_CAMERA,0.93
VEVENT_002749,2024-07-08 08:51:04,VEHICLE_00590,LOCATION_0043,ANPR,ANPR_CAMERA,0.81
VEVENT_002750,2024-07-08 08:52:04,VEHICLE_00496,LOCATION_0043,ANPR,FIELD_SURVEILLANCE,0.93
VEVENT_002751,2024-09-28 11:35:50,VEHICLE_00590,LOCATION_0003,ANPR,FIELD_SURVEILLANCE,0.93
VEVENT_002752,2024-09-28 11:37:50,VEHICLE_00496,LOCATION_0003,ANPR,POLICE_CHECKPOINT,0.85
VEVENT_002753,2024-09-28 11:47:50,VEHICLE_00590,LOCATION_0013,ANPR,TOLL_PLAZA,0.81
VEVENT_002754,2024-09-28 11:51:50,VEHICLE_00496,LOCATION_0013,ANPR,POLICE_CHECKPOINT,0.92
VEVENT_002755,2024-09-28 11:59:50,VEHICLE_00590,LOCATION_0073,ANPR,ANPR_CAMERA,0.81
VEVENT_002756,2024-09-28 12:00:50,VEHICLE_00496,LOCATION_0073,ANPR,ANPR_CAMERA,0.93
VEVENT_002757,2024-09-28 12:11:50,VEHICLE_00590,LOCATION_0193,ANPR,FIELD_SURVEILLANCE,0.96
VEVENT_002758,2024-09-28 12:15:50,VEHICLE_00496,LOCATION_0193,ANPR,TOLL_PLAZA,0.81
VEVENT_002759,2024-09-28 12:23:50,VEHICLE_00590,LOCATION_0043,ANPR,POLICE_CHECKPOINT,0.95
VEVENT_002760,2024-09-28 12:26:50,VEHICLE_00496,LOCATION_0043,ANPR,TOLL_PLAZA,0.9
VEVENT_002761,2025-07-20 18:14:53,VEHICLE_00590,LOCATION_0003,ANPR,POLICE_CHECKPOINT,0.96
VEVENT_002762,2025-07-20 18:15:53,VEHICLE_00496,LOCATION_0003,ANPR,ANPR_CAMERA,0.97
VEVENT_002763,2025-07-20 18:26:53,VEHICLE_00590,LOCATION_0013,ANPR,ANPR_CAMERA,0.92
VEVENT_002764,2025-07-20 18:30:53,VEHICLE_00496,LOCATION_0013,ANPR,TOLL_PLAZA,0.94
VEVENT_002765,2025-07-20 18:38:53,VEHICLE_00590,LOCATION_0073,ANPR,POLICE_CHECKPOINT,0.8
VEVENT_002766,2025-07-20 18:42:53,VEHICLE_00496,LOCATION_0073,ANPR,POLICE_CHECKPOINT,0.87
VEVENT_002767,2025-07-20 18:50:53,VEHICLE_00590,LOCATION_0193,ANPR,FIELD_SURVEILLANCE,0.92
VEVENT_002768,2025-07-20 18:56:53,VEHICLE_00496,LOCATION_0193,ANPR,POLICE_CHECKPOINT,0.94
VEVENT_002769,2025-07-20 19:02:53,VEHICLE_00590,LOCATION_0043,ANPR,ANPR_CAMERA,0.81
VEVENT_002770,2025-07-20 19:04:53,VEHICLE_00496,LOCATION_0043,ANPR,ANPR_CAMERA,0.89
VEVENT_002771,2025-02-28 23:57:05,VEHICLE_00590,LOCATION_0003,ANPR,POLICE_CHECKPOINT,0.83
VEVENT_002772,2025-03-01 00:01:05,VEHICLE_00496,LOCATION_0003,ANPR,TOLL_PLAZA,0.91
VEVENT_002773,2025-03-01 00:09:05,VEHICLE_00590,LOCATION_0013,ANPR,POLICE_CHECKPOINT,0.88
VEVENT_002774,2025-03-01 00:15:05,VEHICLE_00496,LOCATION_0013,ANPR,POLICE_CHECKPOINT,0.92
VEVENT_002775,2025-03-01 00:21:05,VEHICLE_00590,LOCATION_0073,ANPR,ANPR_CAMERA,0.85
VEVENT_002776,2025-03-01 00:27:05,VEHICLE_00496,LOCATION_0073,ANPR,ANPR_CAMERA,0.96
VEVENT_002777,2025-03-01 00:33:05,VEHICLE_00590,LOCATION_0193,ANPR,FIELD_SURVEILLANCE,0.82
VEVENT_002778,2025-03-01 00:34:05,VEHICLE_00496,LOCATION_0193,ANPR,FIELD_SURVEILLANCE,0.88
VEVENT_002779,2025-03-01 00:45:05,VEHICLE_00590,LOCATION_0043,ANPR,POLICE_CHECKPOINT,0.9
VEVENT_002780,2025-03-01 00:50:05,VEHICLE_00496,LOCATION_0043,ANPR,FIELD_SURVEILLANCE,0.88
VEVENT_002781,2026-06-09 14:00:44,VEHICLE_00669,LOCATION_0278,ANPR,FIELD_SURVEILLANCE,0.81
VEVENT_002782,2026-06-09 14:02:44,VEHICLE_00545,LOCATION_0278,ANPR,TOLL_PLAZA,0.89
VEVENT_002783,2026-06-09 14:12:44,VEHICLE_00669,LOCATION_0288,ANPR,ANPR_CAMERA,0.93
VEVENT_002784,2026-06-09 14:15:44,VEHICLE_00545,LOCATION_0288,ANPR,FIELD_SURVEILLANCE,0.96
VEVENT_002785,2026-06-09 14:24:44,VEHICLE_00669,LOCATION_0108,ANPR,FIELD_SURVEILLANCE,0.89
VEVENT_002786,2026-06-09 14:26:44,VEHICLE_00545,LOCATION_0108,ANPR,FIELD_SURVEILLANCE,0.93
VEVENT_002787,2026-06-09 14:36:44,VEHICLE_00669,LOCATION_0028,ANPR,POLICE_CHECKPOINT,0.95
VEVENT_002788,2026-06-09 14:40:44,VEHICLE_00545,LOCATION_0028,ANPR,POLICE_CHECKPOINT,0.83
VEVENT_002789,2026-06-09 14:48:44,VEHICLE_00669,LOCATION_0068,ANPR,ANPR_CAMERA,0.84
VEVENT_002790,2026-06-09 14:49:44,VEHICLE_00545,LOCATION_0068,ANPR,POLICE_CHECKPOINT,0.93
VEVENT_002791,2024-09-24 14:34:37,VEHICLE_00669,LOCATION_0278,ANPR,FIELD_SURVEILLANCE,0.82
VEVENT_002792,2024-09-24 14:35:37,VEHICLE_00545,LOCATION_0278,ANPR,TOLL_PLAZA,0.9
VEVENT_002793,2024-09-24 14:46:37,VEHICLE_00669,LOCATION_0288,ANPR,POLICE_CHECKPOINT,0.81
VEVENT_002794,2024-09-24 14:47:37,VEHICLE_00545,LOCATION_0288,ANPR,POLICE_CHECKPOINT,0.9
VEVENT_002795,2024-09-24 14:58:37,VEHICLE_00669,LOCATION_0108,ANPR,ANPR_CAMERA,0.91
VEVENT_002796,2024-09-24 15:04:37,VEHICLE_00545,LOCATION_0108,ANPR,FIELD_SURVEILLANCE,0.81
VEVENT_002797,2024-09-24 15:10:37,VEHICLE_00669,LOCATION_0028,ANPR,POLICE_CHECKPOINT,0.9
VEVENT_002798,2024-09-24 15:14:37,VEHICLE_00545,LOCATION_0028,ANPR,FIELD_SURVEILLANCE,0.83
VEVENT_002799,2024-09-24 15:22:37,VEHICLE_00669,LOCATION_0068,ANPR,TOLL_PLAZA,0.91
VEVENT_002800,2024-09-24 15:23:37,VEHICLE_00545,LOCATION_0068,ANPR,ANPR_CAMERA,0.85
VEVENT_002801,2025-06-23 03:35:49,VEHICLE_00669,LOCATION_0278,ANPR,ANPR_CAMERA,0.96
VEVENT_002802,2025-06-23 03:41:49,VEHICLE_00545,LOCATION_0278,ANPR,ANPR_CAMERA,0.82
VEVENT_002803,2025-06-23 03:47:49,VEHICLE_00669,LOCATION_0288,ANPR,POLICE_CHECKPOINT,0.89
VEVENT_002804,2025-06-23 03:50:49,VEHICLE_00545,LOCATION_0288,ANPR,FIELD_SURVEILLANCE,0.89
VEVENT_002805,2025-06-23 03:59:49,VEHICLE_00669,LOCATION_0108,ANPR,POLICE_CHECKPOINT,0.83
VEVENT_002806,2025-06-23 04:03:49,VEHICLE_00545,LOCATION_0108,ANPR,FIELD_SURVEILLANCE,0.95
VEVENT_002807,2025-06-23 04:11:49,VEHICLE_00669,LOCATION_0028,ANPR,FIELD_SURVEILLANCE,0.81
VEVENT_002808,2025-06-23 04:12:49,VEHICLE_00545,LOCATION_0028,ANPR,ANPR_CAMERA,0.95
VEVENT_002809,2025-06-23 04:23:49,VEHICLE_00669,LOCATION_0068,ANPR,POLICE_CHECKPOINT,0.85
VEVENT_002810,2025-06-23 04:29:49,VEHICLE_00545,LOCATION_0068,ANPR,POLICE_CHECKPOINT,0.9
VEVENT_002811,2026-05-12 23:17:39,VEHICLE_00669,LOCATION_0278,ANPR,POLICE_CHECKPOINT,0.94
VEVENT_002812,2026-05-12 23:22:39,VEHICLE_00545,LOCATION_0278,ANPR,TOLL_PLAZA,0.86
VEVENT_002813,2026-05-12 23:29:39,VEHICLE_00669,LOCATION_0288,ANPR,TOLL_PLAZA,0.81
VEVENT_002814,2026-05-12 23:31:39,VEHICLE_00545,LOCATION_0288,ANPR,POLICE_CHECKPOINT,0.95
VEVENT_002815,2026-05-12 23:41:39,VEHICLE_00669,LOCATION_0108,ANPR,FIELD_SURVEILLANCE,0.86
VEVENT_002816,2026-05-12 23:45:39,VEHICLE_00545,LOCATION_0108,ANPR,POLICE_CHECKPOINT,0.9
VEVENT_002817,2026-05-12 23:53:39,VEHICLE_00669,LOCATION_0028,ANPR,ANPR_CAMERA,0.83
VEVENT_002818,2026-05-12 23:56:39,VEHICLE_00545,LOCATION_0028,ANPR,TOLL_PLAZA,0.85
VEVENT_002819,2026-05-13 00:05:39,VEHICLE_00669,LOCATION_0068,ANPR,FIELD_SURVEILLANCE,0.91
VEVENT_002820,2026-05-13 00:06:39,VEHICLE_00545,LOCATION_0068,ANPR,FIELD_SURVEILLANCE,0.84
VEVENT_002821,2025-03-31 16:37:15,VEHICLE_00669,LOCATION_0278,ANPR,FIELD_SURVEILLANCE,0.96
VEVENT_002822,2025-03-31 16:39:15,VEHICLE_00545,LOCATION_0278,ANPR,FIELD_SURVEILLANCE,0.96
VEVENT_002823,2025-03-31 16:49:15,VEHICLE_00669,LOCATION_0288,ANPR,TOLL_PLAZA,0.89
VEVENT_002824,2025-03-31 16:51:15,VEHICLE_00545,LOCATION_0288,ANPR,POLICE_CHECKPOINT,0.93
VEVENT_002825,2025-03-31 17:01:15,VEHICLE_00669,LOCATION_0108,ANPR,POLICE_CHECKPOINT,0.83
VEVENT_002826,2025-03-31 17:06:15,VEHICLE_00545,LOCATION_0108,ANPR,ANPR_CAMERA,0.93
VEVENT_002827,2025-03-31 17:13:15,VEHICLE_00669,LOCATION_0028,ANPR,TOLL_PLAZA,0.93
VEVENT_002828,2025-03-31 17:19:15,VEHICLE_00545,LOCATION_0028,ANPR,FIELD_SURVEILLANCE,0.83
VEVENT_002829,2025-03-31 17:25:15,VEHICLE_00669,LOCATION_0068,ANPR,POLICE_CHECKPOINT,0.84
VEVENT_002830,2025-03-31 17:27:15,VEHICLE_00545,LOCATION_0068,ANPR,POLICE_CHECKPOINT,0.84
VEVENT_002831,2025-07-09 00:37:11,VEHICLE_00669,LOCATION_0278,ANPR,TOLL_PLAZA,0.89
VEVENT_002832,2025-07-09 00:41:11,VEHICLE_00545,LOCATION_0278,ANPR,ANPR_CAMERA,0.94
VEVENT_002833,2025-07-09 00:49:11,VEHICLE_00669,LOCATION_0288,ANPR,ANPR_CAMERA,0.84
VEVENT_002834,2025-07-09 00:55:11,VEHICLE_00545,LOCATION_0288,ANPR,TOLL_PLAZA,0.87
VEVENT_002835,2025-07-09 01:01:11,VEHICLE_00669,LOCATION_0108,ANPR,FIELD_SURVEILLANCE,0.81
VEVENT_002836,2025-07-09 01:07:11,VEHICLE_00545,LOCATION_0108,ANPR,ANPR_CAMERA,0.87
VEVENT_002837,2025-07-09 01:13:11,VEHICLE_00669,LOCATION_0028,ANPR,TOLL_PLAZA,0.84
VEVENT_002838,2025-07-09 01:14:11,VEHICLE_00545,LOCATION_0028,ANPR,ANPR_CAMERA,0.91
VEVENT_002839,2025-07-09 01:25:11,VEHICLE_00669,LOCATION_0068,ANPR,POLICE_CHECKPOINT,0.82
VEVENT_002840,2025-07-09 01:28:11,VEHICLE_00545,LOCATION_0068,ANPR,TOLL_PLAZA,0.8
VEVENT_002841,2025-01-21 04:08:47,VEHICLE_00378,LOCATION_0100,ANPR,TOLL_PLAZA,0.91
VEVENT_002842,2025-01-21 04:10:47,VEHICLE_00373,LOCATION_0100,ANPR,FIELD_SURVEILLANCE,0.82
VEVENT_002843,2025-01-21 04:20:47,VEHICLE_00378,LOCATION_0120,ANPR,ANPR_CAMERA,0.83
VEVENT_002844,2025-01-21 04:25:47,VEHICLE_00373,LOCATION_0120,ANPR,FIELD_SURVEILLANCE,0.88
VEVENT_002845,2025-01-21 04:32:47,VEHICLE_00378,LOCATION_0150,ANPR,TOLL_PLAZA,0.84
VEVENT_002846,2025-01-21 04:38:47,VEHICLE_00373,LOCATION_0150,ANPR,TOLL_PLAZA,0.87
VEVENT_002847,2025-01-21 04:44:47,VEHICLE_00378,LOCATION_0290,ANPR,FIELD_SURVEILLANCE,0.92
VEVENT_002848,2025-01-21 04:49:47,VEHICLE_00373,LOCATION_0290,ANPR,ANPR_CAMERA,0.86
VEVENT_002849,2025-01-21 04:56:47,VEHICLE_00378,LOCATION_0200,ANPR,POLICE_CHECKPOINT,0.95
VEVENT_002850,2025-01-21 05:02:47,VEHICLE_00373,LOCATION_0200,ANPR,POLICE_CHECKPOINT,0.9
VEVENT_002851,2026-04-29 02:20:15,VEHICLE_00378,LOCATION_0100,ANPR,FIELD_SURVEILLANCE,0.95
VEVENT_002852,2026-04-29 02:22:15,VEHICLE_00373,LOCATION_0100,ANPR,TOLL_PLAZA,0.96
VEVENT_002853,2026-04-29 02:32:15,VEHICLE_00378,LOCATION_0120,ANPR,ANPR_CAMERA,0.9
VEVENT_002854,2026-04-29 02:37:15,VEHICLE_00373,LOCATION_0120,ANPR,TOLL_PLAZA,0.81
VEVENT_002855,2026-04-29 02:44:15,VEHICLE_00378,LOCATION_0150,ANPR,TOLL_PLAZA,0.94
VEVENT_002856,2026-04-29 02:47:15,VEHICLE_00373,LOCATION_0150,ANPR,POLICE_CHECKPOINT,0.85
VEVENT_002857,2026-04-29 02:56:15,VEHICLE_00378,LOCATION_0290,ANPR,ANPR_CAMERA,0.91
VEVENT_002858,2026-04-29 02:58:15,VEHICLE_00373,LOCATION_0290,ANPR,TOLL_PLAZA,0.9
VEVENT_002859,2026-04-29 03:08:15,VEHICLE_00378,LOCATION_0200,ANPR,ANPR_CAMERA,0.86
VEVENT_002860,2026-04-29 03:10:15,VEHICLE_00373,LOCATION_0200,ANPR,FIELD_SURVEILLANCE,0.91
VEVENT_002861,2026-02-14 15:37:40,VEHICLE_00378,LOCATION_0100,ANPR,ANPR_CAMERA,0.84
VEVENT_002862,2026-02-14 15:43:40,VEHICLE_00373,LOCATION_0100,ANPR,FIELD_SURVEILLANCE,0.82
VEVENT_002863,2026-02-14 15:49:40,VEHICLE_00378,LOCATION_0120,ANPR,FIELD_SURVEILLANCE,0.92
VEVENT_002864,2026-02-14 15:54:40,VEHICLE_00373,LOCATION_0120,ANPR,POLICE_CHECKPOINT,0.94
VEVENT_002865,2026-02-14 16:01:40,VEHICLE_00378,LOCATION_0150,ANPR,FIELD_SURVEILLANCE,0.9
VEVENT_002866,2026-02-14 16:06:40,VEHICLE_00373,LOCATION_0150,ANPR,FIELD_SURVEILLANCE,0.89
VEVENT_002867,2026-02-14 16:13:40,VEHICLE_00378,LOCATION_0290,ANPR,ANPR_CAMERA,0.89
VEVENT_002868,2026-02-14 16:15:40,VEHICLE_00373,LOCATION_0290,ANPR,POLICE_CHECKPOINT,0.96
VEVENT_002869,2026-02-14 16:25:40,VEHICLE_00378,LOCATION_0200,ANPR,POLICE_CHECKPOINT,0.93
VEVENT_002870,2026-02-14 16:28:40,VEHICLE_00373,LOCATION_0200,ANPR,FIELD_SURVEILLANCE,0.86
VEVENT_002871,2026-01-05 00:48:57,VEHICLE_00378,LOCATION_0100,ANPR,ANPR_CAMERA,0.9
VEVENT_002872,2026-01-05 00:49:57,VEHICLE_00373,LOCATION_0100,ANPR,TOLL_PLAZA,0.96
VEVENT_002873,2026-01-05 01:00:57,VEHICLE_00378,LOCATION_0120,ANPR,ANPR_CAMERA,0.89
VEVENT_002874,2026-01-05 01:03:57,VEHICLE_00373,LOCATION_0120,ANPR,POLICE_CHECKPOINT,0.86
VEVENT_002875,2026-01-05 01:12:57,VEHICLE_00378,LOCATION_0150,ANPR,POLICE_CHECKPOINT,0.95
VEVENT_002876,2026-01-05 01:14:57,VEHICLE_00373,LOCATION_0150,ANPR,ANPR_CAMERA,0.83
VEVENT_002877,2026-01-05 01:24:57,VEHICLE_00378,LOCATION_0290,ANPR,ANPR_CAMERA,0.84
VEVENT_002878,2026-01-05 01:30:57,VEHICLE_00373,LOCATION_0290,ANPR,ANPR_CAMERA,0.95
VEVENT_002879,2026-01-05 01:36:57,VEHICLE_00378,LOCATION_0200,ANPR,TOLL_PLAZA,0.95
VEVENT_002880,2026-01-05 01:37:57,VEHICLE_00373,LOCATION_0200,ANPR,FIELD_SURVEILLANCE,0.84
VEVENT_002881,2025-06-03 15:31:11,VEHICLE_00378,LOCATION_0100,ANPR,ANPR_CAMERA,0.82
VEVENT_002882,2025-06-03 15:37:11,VEHICLE_00373,LOCATION_0100,ANPR,POLICE_CHECKPOINT,0.95
VEVENT_002883,2025-06-03 15:43:11,VEHICLE_00378,LOCATION_0120,ANPR,POLICE_CHECKPOINT,0.82
VEVENT_002884,2025-06-03 15:48:11,VEHICLE_00373,LOCATION_0120,ANPR,TOLL_PLAZA,0.92
VEVENT_002885,2025-06-03 15:55:11,VEHICLE_00378,LOCATION_0150,ANPR,ANPR_CAMERA,0.95
VEVENT_002886,2025-06-03 15:59:11,VEHICLE_00373,LOCATION_0150,ANPR,ANPR_CAMERA,0.86
VEVENT_002887,2025-06-03 16:07:11,VEHICLE_00378,LOCATION_0290,ANPR,ANPR_CAMERA,0.8
VEVENT_002888,2025-06-03 16:13:11,VEHICLE_00373,LOCATION_0290,ANPR,POLICE_CHECKPOINT,0.91
VEVENT_002889,2025-06-03 16:19:11,VEHICLE_00378,LOCATION_0200,ANPR,FIELD_SURVEILLANCE,0.93
VEVENT_002890,2025-06-03 16:25:11,VEHICLE_00373,LOCATION_0200,ANPR,FIELD_SURVEILLANCE,0.94
VEVENT_002891,2026-05-11 00:08:32,VEHICLE_00378,LOCATION_0100,ANPR,TOLL_PLAZA,0.91
VEVENT_002892,2026-05-11 00:12:32,VEHICLE_00373,LOCATION_0100,ANPR,TOLL_PLAZA,0.8
VEVENT_002893,2026-05-11 00:20:32,VEHICLE_00378,LOCATION_0120,ANPR,TOLL_PLAZA,0.92
VEVENT_002894,2026-05-11 00:23:32,VEHICLE_00373,LOCATION_0120,ANPR,POLICE_CHECKPOINT,0.9
VEVENT_002895,2026-05-11 00:32:32,VEHICLE_00378,LOCATION_0150,ANPR,FIELD_SURVEILLANCE,0.86
VEVENT_002896,2026-05-11 00:38:32,VEHICLE_00373,LOCATION_0150,ANPR,TOLL_PLAZA,0.82
VEVENT_002897,2026-05-11 00:44:32,VEHICLE_00378,LOCATION_0290,ANPR,TOLL_PLAZA,0.96
VEVENT_002898,2026-05-11 00:49:32,VEHICLE_00373,LOCATION_0290,ANPR,POLICE_CHECKPOINT,0.89
VEVENT_002899,2026-05-11 00:56:32,VEHICLE_00378,LOCATION_0200,ANPR,POLICE_CHECKPOINT,0.84
VEVENT_002900,2026-05-11 01:02:32,VEHICLE_00373,LOCATION_0200,ANPR,POLICE_CHECKPOINT,0.88
VEVENT_002901,2026-03-10 13:05:13,VEHICLE_00092,LOCATION_0276,ANPR,ANPR_CAMERA,0.96
VEVENT_002902,2026-03-10 13:08:13,VEHICLE_00558,LOCATION_0276,ANPR,POLICE_CHECKPOINT,0.88
VEVENT_002903,2026-03-10 13:17:13,VEHICLE_00092,LOCATION_0216,ANPR,ANPR_CAMERA,0.95
VEVENT_002904,2026-03-10 13:23:13,VEHICLE_00558,LOCATION_0216,ANPR,ANPR_CAMERA,0.83
VEVENT_002905,2026-03-10 13:29:13,VEHICLE_00092,LOCATION_0116,ANPR,POLICE_CHECKPOINT,0.91
VEVENT_002906,2026-03-10 13:31:13,VEHICLE_00558,LOCATION_0116,ANPR,FIELD_SURVEILLANCE,0.9
VEVENT_002907,2026-03-10 13:41:13,VEHICLE_00092,LOCATION_0066,ANPR,FIELD_SURVEILLANCE,0.96
VEVENT_002908,2026-03-10 13:47:13,VEHICLE_00558,LOCATION_0066,ANPR,ANPR_CAMERA,0.96
VEVENT_002909,2026-03-10 13:53:13,VEHICLE_00092,LOCATION_0026,ANPR,POLICE_CHECKPOINT,0.89
VEVENT_002910,2026-03-10 13:58:13,VEHICLE_00558,LOCATION_0026,ANPR,ANPR_CAMERA,0.83
VEVENT_002911,2024-06-07 22:07:46,VEHICLE_00092,LOCATION_0276,ANPR,POLICE_CHECKPOINT,0.94
VEVENT_002912,2024-06-07 22:13:46,VEHICLE_00558,LOCATION_0276,ANPR,TOLL_PLAZA,0.94
VEVENT_002913,2024-06-07 22:19:46,VEHICLE_00092,LOCATION_0216,ANPR,FIELD_SURVEILLANCE,0.96
VEVENT_002914,2024-06-07 22:22:46,VEHICLE_00558,LOCATION_0216,ANPR,FIELD_SURVEILLANCE,0.93
VEVENT_002915,2024-06-07 22:31:46,VEHICLE_00092,LOCATION_0116,ANPR,TOLL_PLAZA,0.94
VEVENT_002916,2024-06-07 22:34:46,VEHICLE_00558,LOCATION_0116,ANPR,ANPR_CAMERA,0.88
VEVENT_002917,2024-06-07 22:43:46,VEHICLE_00092,LOCATION_0066,ANPR,POLICE_CHECKPOINT,0.83
VEVENT_002918,2024-06-07 22:47:46,VEHICLE_00558,LOCATION_0066,ANPR,TOLL_PLAZA,0.81
VEVENT_002919,2024-06-07 22:55:46,VEHICLE_00092,LOCATION_0026,ANPR,FIELD_SURVEILLANCE,0.93
VEVENT_002920,2024-06-07 22:59:46,VEHICLE_00558,LOCATION_0026,ANPR,ANPR_CAMERA,0.89
VEVENT_002921,2024-12-08 21:18:56,VEHICLE_00092,LOCATION_0276,ANPR,FIELD_SURVEILLANCE,0.89
VEVENT_002922,2024-12-08 21:21:56,VEHICLE_00558,LOCATION_0276,ANPR,FIELD_SURVEILLANCE,0.89
VEVENT_002923,2024-12-08 21:30:56,VEHICLE_00092,LOCATION_0216,ANPR,FIELD_SURVEILLANCE,0.97
VEVENT_002924,2024-12-08 21:36:56,VEHICLE_00558,LOCATION_0216,ANPR,FIELD_SURVEILLANCE,0.93
VEVENT_002925,2024-12-08 21:42:56,VEHICLE_00092,LOCATION_0116,ANPR,ANPR_CAMERA,0.85
VEVENT_002926,2024-12-08 21:46:56,VEHICLE_00558,LOCATION_0116,ANPR,POLICE_CHECKPOINT,0.96
VEVENT_002927,2024-12-08 21:54:56,VEHICLE_00092,LOCATION_0066,ANPR,TOLL_PLAZA,0.86
VEVENT_002928,2024-12-08 21:55:56,VEHICLE_00558,LOCATION_0066,ANPR,FIELD_SURVEILLANCE,0.97
VEVENT_002929,2024-12-08 22:06:56,VEHICLE_00092,LOCATION_0026,ANPR,POLICE_CHECKPOINT,0.92
VEVENT_002930,2024-12-08 22:08:56,VEHICLE_00558,LOCATION_0026,ANPR,ANPR_CAMERA,0.89
VEVENT_002931,2024-11-24 05:27:23,VEHICLE_00092,LOCATION_0276,ANPR,ANPR_CAMERA,0.85
VEVENT_002932,2024-11-24 05:28:23,VEHICLE_00558,LOCATION_0276,ANPR,POLICE_CHECKPOINT,0.85
VEVENT_002933,2024-11-24 05:39:23,VEHICLE_00092,LOCATION_0216,ANPR,FIELD_SURVEILLANCE,0.91
VEVENT_002934,2024-11-24 05:41:23,VEHICLE_00558,LOCATION_0216,ANPR,POLICE_CHECKPOINT,0.84
VEVENT_002935,2024-11-24 05:51:23,VEHICLE_00092,LOCATION_0116,ANPR,TOLL_PLAZA,0.9
VEVENT_002936,2024-11-24 05:56:23,VEHICLE_00558,LOCATION_0116,ANPR,TOLL_PLAZA,0.96
VEVENT_002937,2024-11-24 06:03:23,VEHICLE_00092,LOCATION_0066,ANPR,FIELD_SURVEILLANCE,0.82
VEVENT_002938,2024-11-24 06:04:23,VEHICLE_00558,LOCATION_0066,ANPR,TOLL_PLAZA,0.86
VEVENT_002939,2024-11-24 06:15:23,VEHICLE_00092,LOCATION_0026,ANPR,ANPR_CAMERA,0.8
VEVENT_002940,2024-11-24 06:20:23,VEHICLE_00558,LOCATION_0026,ANPR,ANPR_CAMERA,0.84
VEVENT_002941,2024-11-06 06:18:18,VEHICLE_00092,LOCATION_0276,ANPR,ANPR_CAMERA,0.81
VEVENT_002942,2024-11-06 06:21:18,VEHICLE_00558,LOCATION_0276,ANPR,POLICE_CHECKPOINT,0.89
VEVENT_002943,2024-11-06 06:30:18,VEHICLE_00092,LOCATION_0216,ANPR,POLICE_CHECKPOINT,0.84
VEVENT_002944,2024-11-06 06:36:18,VEHICLE_00558,LOCATION_0216,ANPR,TOLL_PLAZA,0.93
VEVENT_002945,2024-11-06 06:42:18,VEHICLE_00092,LOCATION_0116,ANPR,TOLL_PLAZA,0.83
VEVENT_002946,2024-11-06 06:44:18,VEHICLE_00558,LOCATION_0116,ANPR,FIELD_SURVEILLANCE,0.88
VEVENT_002947,2024-11-06 06:54:18,VEHICLE_00092,LOCATION_0066,ANPR,POLICE_CHECKPOINT,0.87
VEVENT_002948,2024-11-06 06:56:18,VEHICLE_00558,LOCATION_0066,ANPR,TOLL_PLAZA,0.91
VEVENT_002949,2024-11-06 07:06:18,VEHICLE_00092,LOCATION_0026,ANPR,ANPR_CAMERA,0.94
VEVENT_002950,2024-11-06 07:08:18,VEHICLE_00558,LOCATION_0026,ANPR,POLICE_CHECKPOINT,0.91
VEVENT_002951,2024-02-09 15:19:31,VEHICLE_00433,LOCATION_0127,ANPR,POLICE_CHECKPOINT,0.8
VEVENT_002952,2024-02-09 15:22:31,VEHICLE_00196,LOCATION_0127,ANPR,ANPR_CAMERA,0.83
VEVENT_002953,2024-02-09 15:31:31,VEHICLE_00433,LOCATION_0227,ANPR,TOLL_PLAZA,0.91
VEVENT_002954,2024-02-09 15:34:31,VEHICLE_00196,LOCATION_0227,ANPR,FIELD_SURVEILLANCE,0.94
VEVENT_002955,2024-02-09 15:43:31,VEHICLE_00433,LOCATION_0107,ANPR,TOLL_PLAZA,0.85
VEVENT_002956,2024-02-09 15:49:31,VEHICLE_00196,LOCATION_0107,ANPR,TOLL_PLAZA,0.9
VEVENT_002957,2024-02-09 15:55:31,VEHICLE_00433,LOCATION_0287,ANPR,TOLL_PLAZA,0.82
VEVENT_002958,2024-02-09 15:56:31,VEHICLE_00196,LOCATION_0287,ANPR,TOLL_PLAZA,0.82
VEVENT_002959,2024-02-09 16:07:31,VEHICLE_00433,LOCATION_0097,ANPR,TOLL_PLAZA,0.84
VEVENT_002960,2024-02-09 16:11:31,VEHICLE_00196,LOCATION_0097,ANPR,TOLL_PLAZA,0.81
VEVENT_002961,2024-12-07 15:40:23,VEHICLE_00433,LOCATION_0127,ANPR,ANPR_CAMERA,0.86
VEVENT_002962,2024-12-07 15:45:23,VEHICLE_00196,LOCATION_0127,ANPR,FIELD_SURVEILLANCE,0.87
VEVENT_002963,2024-12-07 15:52:23,VEHICLE_00433,LOCATION_0227,ANPR,FIELD_SURVEILLANCE,0.95
VEVENT_002964,2024-12-07 15:54:23,VEHICLE_00196,LOCATION_0227,ANPR,ANPR_CAMERA,0.82
VEVENT_002965,2024-12-07 16:04:23,VEHICLE_00433,LOCATION_0107,ANPR,ANPR_CAMERA,0.88
VEVENT_002966,2024-12-07 16:06:23,VEHICLE_00196,LOCATION_0107,ANPR,TOLL_PLAZA,0.93
VEVENT_002967,2024-12-07 16:16:23,VEHICLE_00433,LOCATION_0287,ANPR,ANPR_CAMERA,0.86
VEVENT_002968,2024-12-07 16:21:23,VEHICLE_00196,LOCATION_0287,ANPR,TOLL_PLAZA,0.85
VEVENT_002969,2024-12-07 16:28:23,VEHICLE_00433,LOCATION_0097,ANPR,ANPR_CAMERA,0.89
VEVENT_002970,2024-12-07 16:32:23,VEHICLE_00196,LOCATION_0097,ANPR,ANPR_CAMERA,0.89
VEVENT_002971,2025-06-15 23:21:39,VEHICLE_00433,LOCATION_0127,ANPR,ANPR_CAMERA,0.9
VEVENT_002972,2025-06-15 23:23:39,VEHICLE_00196,LOCATION_0127,ANPR,FIELD_SURVEILLANCE,0.89
VEVENT_002973,2025-06-15 23:33:39,VEHICLE_00433,LOCATION_0227,ANPR,TOLL_PLAZA,0.87
VEVENT_002974,2025-06-15 23:39:39,VEHICLE_00196,LOCATION_0227,ANPR,POLICE_CHECKPOINT,0.95
VEVENT_002975,2025-06-15 23:45:39,VEHICLE_00433,LOCATION_0107,ANPR,ANPR_CAMERA,0.81
VEVENT_002976,2025-06-15 23:47:39,VEHICLE_00196,LOCATION_0107,ANPR,TOLL_PLAZA,0.84
VEVENT_002977,2025-06-15 23:57:39,VEHICLE_00433,LOCATION_0287,ANPR,ANPR_CAMERA,0.96
VEVENT_002978,2025-06-16 00:01:39,VEHICLE_00196,LOCATION_0287,ANPR,POLICE_CHECKPOINT,0.94
VEVENT_002979,2025-06-16 00:09:39,VEHICLE_00433,LOCATION_0097,ANPR,TOLL_PLAZA,0.81
VEVENT_002980,2025-06-16 00:10:39,VEHICLE_00196,LOCATION_0097,ANPR,TOLL_PLAZA,0.91
VEVENT_002981,2024-09-21 22:56:07,VEHICLE_00433,LOCATION_0127,ANPR,TOLL_PLAZA,0.87
VEVENT_002982,2024-09-21 23:02:07,VEHICLE_00196,LOCATION_0127,ANPR,FIELD_SURVEILLANCE,0.81
VEVENT_002983,2024-09-21 23:08:07,VEHICLE_00433,LOCATION_0227,ANPR,POLICE_CHECKPOINT,0.94
VEVENT_002984,2024-09-21 23:13:07,VEHICLE_00196,LOCATION_0227,ANPR,ANPR_CAMERA,0.84
VEVENT_002985,2024-09-21 23:20:07,VEHICLE_00433,LOCATION_0107,ANPR,FIELD_SURVEILLANCE,0.91
VEVENT_002986,2024-09-21 23:25:07,VEHICLE_00196,LOCATION_0107,ANPR,TOLL_PLAZA,0.9
VEVENT_002987,2024-09-21 23:32:07,VEHICLE_00433,LOCATION_0287,ANPR,FIELD_SURVEILLANCE,0.89
VEVENT_002988,2024-09-21 23:34:07,VEHICLE_00196,LOCATION_0287,ANPR,FIELD_SURVEILLANCE,0.93
VEVENT_002989,2024-09-21 23:44:07,VEHICLE_00433,LOCATION_0097,ANPR,FIELD_SURVEILLANCE,0.86
VEVENT_002990,2024-09-21 23:47:07,VEHICLE_00196,LOCATION_0097,ANPR,ANPR_CAMERA,0.89
VEVENT_002991,2026-05-06 18:20:13,VEHICLE_00433,LOCATION_0127,ANPR,POLICE_CHECKPOINT,0.91
VEVENT_002992,2026-05-06 18:26:13,VEHICLE_00196,LOCATION_0127,ANPR,POLICE_CHECKPOINT,0.95
VEVENT_002993,2026-05-06 18:32:13,VEHICLE_00433,LOCATION_0227,ANPR,TOLL_PLAZA,0.84
VEVENT_002994,2026-05-06 18:35:13,VEHICLE_00196,LOCATION_0227,ANPR,FIELD_SURVEILLANCE,0.92
VEVENT_002995,2026-05-06 18:44:13,VEHICLE_00433,LOCATION_0107,ANPR,TOLL_PLAZA,0.88
VEVENT_002996,2026-05-06 18:45:13,VEHICLE_00196,LOCATION_0107,ANPR,POLICE_CHECKPOINT,0.92
VEVENT_002997,2026-05-06 18:56:13,VEHICLE_00433,LOCATION_0287,ANPR,TOLL_PLAZA,0.88
VEVENT_002998,2026-05-06 18:58:13,VEHICLE_00196,LOCATION_0287,ANPR,TOLL_PLAZA,0.91
VEVENT_002999,2026-05-06 19:08:13,VEHICLE_00433,LOCATION_0097,ANPR,FIELD_SURVEILLANCE,0.83
VEVENT_003000,2026-05-06 19:11:13,VEHICLE_00196,LOCATION_0097,ANPR,ANPR_CAMERA,0.94
VEVENT_003001,2024-05-12 01:43:31,VEHICLE_00433,LOCATION_0127,ANPR,FIELD_SURVEILLANCE,0.9
VEVENT_003002,2024-05-12 01:44:31,VEHICLE_00196,LOCATION_0127,ANPR,ANPR_CAMERA,0.94
VEVENT_003003,2024-05-12 01:55:31,VEHICLE_00433,LOCATION_0227,ANPR,FIELD_SURVEILLANCE,0.95
VEVENT_003004,2024-05-12 01:58:31,VEHICLE_00196,LOCATION_0227,ANPR,TOLL_PLAZA,0.93
VEVENT_003005,2024-05-12 02:07:31,VEHICLE_00433,LOCATION_0107,ANPR,FIELD_SURVEILLANCE,0.81
VEVENT_003006,2024-05-12 02:12:31,VEHICLE_00196,LOCATION_0107,ANPR,TOLL_PLAZA,0.95
VEVENT_003007,2024-05-12 02:19:31,VEHICLE_00433,LOCATION_0287,ANPR,ANPR_CAMERA,0.82
VEVENT_003008,2024-05-12 02:24:31,VEHICLE_00196,LOCATION_0287,ANPR,FIELD_SURVEILLANCE,0.86
VEVENT_003009,2024-05-12 02:31:31,VEHICLE_00433,LOCATION_0097,ANPR,ANPR_CAMERA,0.93
VEVENT_003010,2024-05-12 02:37:31,VEHICLE_00196,LOCATION_0097,ANPR,TOLL_PLAZA,0.91
VEVENT_003011,2024-11-27 11:09:57,VEHICLE_00433,LOCATION_0127,ANPR,TOLL_PLAZA,0.85
VEVENT_003012,2024-11-27 11:13:57,VEHICLE_00196,LOCATION_0127,ANPR,TOLL_PLAZA,0.91
VEVENT_003013,2024-11-27 11:21:57,VEHICLE_00433,LOCATION_0227,ANPR,ANPR_CAMERA,0.81
VEVENT_003014,2024-11-27 11:23:57,VEHICLE_00196,LOCATION_0227,ANPR,POLICE_CHECKPOINT,0.87
VEVENT_003015,2024-11-27 11:33:57,VEHICLE_00433,LOCATION_0107,ANPR,TOLL_PLAZA,0.89
VEVENT_003016,2024-11-27 11:35:57,VEHICLE_00196,LOCATION_0107,ANPR,TOLL_PLAZA,0.87
VEVENT_003017,2024-11-27 11:45:57,VEHICLE_00433,LOCATION_0287,ANPR,ANPR_CAMERA,0.86
VEVENT_003018,2024-11-27 11:48:57,VEHICLE_00196,LOCATION_0287,ANPR,TOLL_PLAZA,0.82
VEVENT_003019,2024-11-27 11:57:57,VEHICLE_00433,LOCATION_0097,ANPR,ANPR_CAMERA,0.92
VEVENT_003020,2024-11-27 11:58:57,VEHICLE_00196,LOCATION_0097,ANPR,POLICE_CHECKPOINT,0.82
VEVENT_003021,2025-01-07 23:32:15,VEHICLE_00659,LOCATION_0100,ANPR,ANPR_CAMERA,0.82
VEVENT_003022,2025-01-07 23:34:15,VEHICLE_00016,LOCATION_0100,ANPR,TOLL_PLAZA,0.9
VEVENT_003023,2025-01-07 23:44:15,VEHICLE_00659,LOCATION_0120,ANPR,TOLL_PLAZA,0.96
VEVENT_003024,2025-01-07 23:47:15,VEHICLE_00016,LOCATION_0120,ANPR,ANPR_CAMERA,0.87
VEVENT_003025,2025-01-07 23:56:15,VEHICLE_00659,LOCATION_0150,ANPR,POLICE_CHECKPOINT,0.96
VEVENT_003026,2025-01-07 23:57:15,VEHICLE_00016,LOCATION_0150,ANPR,POLICE_CHECKPOINT,0.82
VEVENT_003027,2025-01-08 00:08:15,VEHICLE_00659,LOCATION_0290,ANPR,TOLL_PLAZA,0.92
VEVENT_003028,2025-01-08 00:14:15,VEHICLE_00016,LOCATION_0290,ANPR,FIELD_SURVEILLANCE,0.94
VEVENT_003029,2025-01-08 00:20:15,VEHICLE_00659,LOCATION_0200,ANPR,FIELD_SURVEILLANCE,0.8
VEVENT_003030,2025-01-08 00:25:15,VEHICLE_00016,LOCATION_0200,ANPR,ANPR_CAMERA,0.88
VEVENT_003031,2024-07-18 04:00:58,VEHICLE_00659,LOCATION_0100,ANPR,POLICE_CHECKPOINT,0.96
VEVENT_003032,2024-07-18 04:02:58,VEHICLE_00016,LOCATION_0100,ANPR,FIELD_SURVEILLANCE,0.9
VEVENT_003033,2024-07-18 04:12:58,VEHICLE_00659,LOCATION_0120,ANPR,POLICE_CHECKPOINT,0.93
VEVENT_003034,2024-07-18 04:14:58,VEHICLE_00016,LOCATION_0120,ANPR,POLICE_CHECKPOINT,0.84
VEVENT_003035,2024-07-18 04:24:58,VEHICLE_00659,LOCATION_0150,ANPR,TOLL_PLAZA,0.82
VEVENT_003036,2024-07-18 04:27:58,VEHICLE_00016,LOCATION_0150,ANPR,ANPR_CAMERA,0.84
VEVENT_003037,2024-07-18 04:36:58,VEHICLE_00659,LOCATION_0290,ANPR,POLICE_CHECKPOINT,0.89
VEVENT_003038,2024-07-18 04:41:58,VEHICLE_00016,LOCATION_0290,ANPR,POLICE_CHECKPOINT,0.85
VEVENT_003039,2024-07-18 04:48:58,VEHICLE_00659,LOCATION_0200,ANPR,ANPR_CAMERA,0.9
VEVENT_003040,2024-07-18 04:52:58,VEHICLE_00016,LOCATION_0200,ANPR,POLICE_CHECKPOINT,0.81
VEVENT_003041,2025-06-22 06:24:39,VEHICLE_00659,LOCATION_0100,ANPR,ANPR_CAMERA,0.95
VEVENT_003042,2025-06-22 06:29:39,VEHICLE_00016,LOCATION_0100,ANPR,TOLL_PLAZA,0.96
VEVENT_003043,2025-06-22 06:36:39,VEHICLE_00659,LOCATION_0120,ANPR,ANPR_CAMERA,0.88
VEVENT_003044,2025-06-22 06:38:39,VEHICLE_00016,LOCATION_0120,ANPR,TOLL_PLAZA,0.8
VEVENT_003045,2025-06-22 06:48:39,VEHICLE_00659,LOCATION_0150,ANPR,TOLL_PLAZA,0.81
VEVENT_003046,2025-06-22 06:50:39,VEHICLE_00016,LOCATION_0150,ANPR,ANPR_CAMERA,0.82
VEVENT_003047,2025-06-22 07:00:39,VEHICLE_00659,LOCATION_0290,ANPR,ANPR_CAMERA,0.88
VEVENT_003048,2025-06-22 07:01:39,VEHICLE_00016,LOCATION_0290,ANPR,POLICE_CHECKPOINT,0.81
VEVENT_003049,2025-06-22 07:12:39,VEHICLE_00659,LOCATION_0200,ANPR,POLICE_CHECKPOINT,0.95
VEVENT_003050,2025-06-22 07:18:39,VEHICLE_00016,LOCATION_0200,ANPR,FIELD_SURVEILLANCE,0.9
VEVENT_003051,2024-08-21 08:49:44,VEHICLE_00659,LOCATION_0100,ANPR,TOLL_PLAZA,0.96
VEVENT_003052,2024-08-21 08:51:44,VEHICLE_00016,LOCATION_0100,ANPR,ANPR_CAMERA,0.87
VEVENT_003053,2024-08-21 09:01:44,VEHICLE_00659,LOCATION_0120,ANPR,TOLL_PLAZA,0.94
VEVENT_003054,2024-08-21 09:05:44,VEHICLE_00016,LOCATION_0120,ANPR,FIELD_SURVEILLANCE,0.86
VEVENT_003055,2024-08-21 09:13:44,VEHICLE_00659,LOCATION_0150,ANPR,ANPR_CAMERA,0.95
VEVENT_003056,2024-08-21 09:14:44,VEHICLE_00016,LOCATION_0150,ANPR,TOLL_PLAZA,0.84
VEVENT_003057,2024-08-21 09:25:44,VEHICLE_00659,LOCATION_0290,ANPR,POLICE_CHECKPOINT,0.89
VEVENT_003058,2024-08-21 09:30:44,VEHICLE_00016,LOCATION_0290,ANPR,FIELD_SURVEILLANCE,0.95
VEVENT_003059,2024-08-21 09:37:44,VEHICLE_00659,LOCATION_0200,ANPR,POLICE_CHECKPOINT,0.95
VEVENT_003060,2024-08-21 09:38:44,VEHICLE_00016,LOCATION_0200,ANPR,TOLL_PLAZA,0.94
VEVENT_003061,2025-03-15 14:17:01,VEHICLE_00659,LOCATION_0100,ANPR,FIELD_SURVEILLANCE,0.83
VEVENT_003062,2025-03-15 14:19:01,VEHICLE_00016,LOCATION_0100,ANPR,FIELD_SURVEILLANCE,0.82
VEVENT_003063,2025-03-15 14:29:01,VEHICLE_00659,LOCATION_0120,ANPR,POLICE_CHECKPOINT,0.94
VEVENT_003064,2025-03-15 14:31:01,VEHICLE_00016,LOCATION_0120,ANPR,FIELD_SURVEILLANCE,0.92
VEVENT_003065,2025-03-15 14:41:01,VEHICLE_00659,LOCATION_0150,ANPR,FIELD_SURVEILLANCE,0.84
VEVENT_003066,2025-03-15 14:42:01,VEHICLE_00016,LOCATION_0150,ANPR,ANPR_CAMERA,0.9
VEVENT_003067,2025-03-15 14:53:01,VEHICLE_00659,LOCATION_0290,ANPR,TOLL_PLAZA,0.84
VEVENT_003068,2025-03-15 14:56:01,VEHICLE_00016,LOCATION_0290,ANPR,POLICE_CHECKPOINT,0.84
VEVENT_003069,2025-03-15 15:05:01,VEHICLE_00659,LOCATION_0200,ANPR,TOLL_PLAZA,0.85
VEVENT_003070,2025-03-15 15:08:01,VEHICLE_00016,LOCATION_0200,ANPR,ANPR_CAMERA,0.93
VEVENT_003071,2024-03-02 14:27:35,VEHICLE_00659,LOCATION_0100,ANPR,TOLL_PLAZA,0.97
VEVENT_003072,2024-03-02 14:33:35,VEHICLE_00016,LOCATION_0100,ANPR,POLICE_CHECKPOINT,0.92
VEVENT_003073,2024-03-02 14:39:35,VEHICLE_00659,LOCATION_0120,ANPR,ANPR_CAMERA,0.81
VEVENT_003074,2024-03-02 14:42:35,VEHICLE_00016,LOCATION_0120,ANPR,FIELD_SURVEILLANCE,0.88
VEVENT_003075,2024-03-02 14:51:35,VEHICLE_00659,LOCATION_0150,ANPR,ANPR_CAMERA,0.89
VEVENT_003076,2024-03-02 14:57:35,VEHICLE_00016,LOCATION_0150,ANPR,TOLL_PLAZA,0.83
VEVENT_003077,2024-03-02 15:03:35,VEHICLE_00659,LOCATION_0290,ANPR,FIELD_SURVEILLANCE,0.92
VEVENT_003078,2024-03-02 15:08:35,VEHICLE_00016,LOCATION_0290,ANPR,FIELD_SURVEILLANCE,0.89
VEVENT_003079,2024-03-02 15:15:35,VEHICLE_00659,LOCATION_0200,ANPR,FIELD_SURVEILLANCE,0.82
VEVENT_003080,2024-03-02 15:20:35,VEHICLE_00016,LOCATION_0200,ANPR,ANPR_CAMERA,0.9
VEVENT_003081,2024-10-31 01:54:15,VEHICLE_00659,LOCATION_0100,ANPR,ANPR_CAMERA,0.83
VEVENT_003082,2024-10-31 01:59:15,VEHICLE_00016,LOCATION_0100,ANPR,TOLL_PLAZA,0.88
VEVENT_003083,2024-10-31 02:06:15,VEHICLE_00659,LOCATION_0120,ANPR,POLICE_CHECKPOINT,0.92
VEVENT_003084,2024-10-31 02:08:15,VEHICLE_00016,LOCATION_0120,ANPR,POLICE_CHECKPOINT,0.97
VEVENT_003085,2024-10-31 02:18:15,VEHICLE_00659,LOCATION_0150,ANPR,ANPR_CAMERA,0.84
VEVENT_003086,2024-10-31 02:19:15,VEHICLE_00016,LOCATION_0150,ANPR,FIELD_SURVEILLANCE,0.8
VEVENT_003087,2024-10-31 02:30:15,VEHICLE_00659,LOCATION_0290,ANPR,FIELD_SURVEILLANCE,0.97
VEVENT_003088,2024-10-31 02:31:15,VEHICLE_00016,LOCATION_0290,ANPR,FIELD_SURVEILLANCE,0.9
VEVENT_003089,2024-10-31 02:42:15,VEHICLE_00659,LOCATION_0200,ANPR,FIELD_SURVEILLANCE,0.95
VEVENT_003090,2024-10-31 02:43:15,VEHICLE_00016,LOCATION_0200,ANPR,TOLL_PLAZA,0.81
VEVENT_003091,2025-02-15 11:46:03,VEHICLE_00659,LOCATION_0100,ANPR,POLICE_CHECKPOINT,0.92
VEVENT_003092,2025-02-15 11:47:03,VEHICLE_00016,LOCATION_0100,ANPR,ANPR_CAMERA,0.9
VEVENT_003093,2025-02-15 11:58:03,VEHICLE_00659,LOCATION_0120,ANPR,POLICE_CHECKPOINT,0.88
VEVENT_003094,2025-02-15 12:03:03,VEHICLE_00016,LOCATION_0120,ANPR,POLICE_CHECKPOINT,0.87
VEVENT_003095,2025-02-15 12:10:03,VEHICLE_00659,LOCATION_0150,ANPR,POLICE_CHECKPOINT,0.88
VEVENT_003096,2025-02-15 12:12:03,VEHICLE_00016,LOCATION_0150,ANPR,FIELD_SURVEILLANCE,0.9
VEVENT_003097,2025-02-15 12:22:03,VEHICLE_00659,LOCATION_0290,ANPR,TOLL_PLAZA,0.92
VEVENT_003098,2025-02-15 12:24:03,VEHICLE_00016,LOCATION_0290,ANPR,FIELD_SURVEILLANCE,0.91
VEVENT_003099,2025-02-15 12:34:03,VEHICLE_00659,LOCATION_0200,ANPR,TOLL_PLAZA,0.91
VEVENT_003100,2025-02-15 12:37:03,VEHICLE_00016,LOCATION_0200,ANPR,FIELD_SURVEILLANCE,0.88
VEVENT_003101,2025-04-11 22:18:01,VEHICLE_00579,LOCATION_0049,ANPR,POLICE_CHECKPOINT,0.97
VEVENT_003102,2025-04-11 22:20:01,VEHICLE_00200,LOCATION_0049,ANPR,ANPR_CAMERA,0.92
VEVENT_003103,2025-04-11 22:30:01,VEHICLE_00579,LOCATION_0179,ANPR,TOLL_PLAZA,0.93
VEVENT_003104,2025-04-11 22:33:01,VEHICLE_00200,LOCATION_0179,ANPR,TOLL_PLAZA,0.94
VEVENT_003105,2025-04-11 22:42:01,VEHICLE_00579,LOCATION_0189,ANPR,POLICE_CHECKPOINT,0.92
VEVENT_003106,2025-04-11 22:43:01,VEHICLE_00200,LOCATION_0189,ANPR,FIELD_SURVEILLANCE,0.88
VEVENT_003107,2025-04-11 22:54:01,VEHICLE_00579,LOCATION_0299,ANPR,POLICE_CHECKPOINT,0.86
VEVENT_003108,2025-04-11 22:58:01,VEHICLE_00200,LOCATION_0299,ANPR,TOLL_PLAZA,0.96
VEVENT_003109,2025-04-11 23:06:01,VEHICLE_00579,LOCATION_0229,ANPR,ANPR_CAMERA,0.91
VEVENT_003110,2025-04-11 23:10:01,VEHICLE_00200,LOCATION_0229,ANPR,ANPR_CAMERA,0.86
VEVENT_003111,2025-12-18 11:23:13,VEHICLE_00579,LOCATION_0049,ANPR,POLICE_CHECKPOINT,0.95
VEVENT_003112,2025-12-18 11:28:13,VEHICLE_00200,LOCATION_0049,ANPR,FIELD_SURVEILLANCE,0.95
VEVENT_003113,2025-12-18 11:35:13,VEHICLE_00579,LOCATION_0179,ANPR,TOLL_PLAZA,0.83
VEVENT_003114,2025-12-18 11:40:13,VEHICLE_00200,LOCATION_0179,ANPR,POLICE_CHECKPOINT,0.88
VEVENT_003115,2025-12-18 11:47:13,VEHICLE_00579,LOCATION_0189,ANPR,FIELD_SURVEILLANCE,0.93
VEVENT_003116,2025-12-18 11:50:13,VEHICLE_00200,LOCATION_0189,ANPR,POLICE_CHECKPOINT,0.9
VEVENT_003117,2025-12-18 11:59:13,VEHICLE_00579,LOCATION_0299,ANPR,POLICE_CHECKPOINT,0.87
VEVENT_003118,2025-12-18 12:03:13,VEHICLE_00200,LOCATION_0299,ANPR,POLICE_CHECKPOINT,0.89
VEVENT_003119,2025-12-18 12:11:13,VEHICLE_00579,LOCATION_0229,ANPR,POLICE_CHECKPOINT,0.82
VEVENT_003120,2025-12-18 12:15:13,VEHICLE_00200,LOCATION_0229,ANPR,ANPR_CAMERA,0.93
VEVENT_003121,2025-03-02 14:43:51,VEHICLE_00579,LOCATION_0049,ANPR,TOLL_PLAZA,0.9
VEVENT_003122,2025-03-02 14:44:51,VEHICLE_00200,LOCATION_0049,ANPR,ANPR_CAMERA,0.88
VEVENT_003123,2025-03-02 14:55:51,VEHICLE_00579,LOCATION_0179,ANPR,POLICE_CHECKPOINT,0.93
VEVENT_003124,2025-03-02 14:59:51,VEHICLE_00200,LOCATION_0179,ANPR,FIELD_SURVEILLANCE,0.97
VEVENT_003125,2025-03-02 15:07:51,VEHICLE_00579,LOCATION_0189,ANPR,ANPR_CAMERA,0.94
VEVENT_003126,2025-03-02 15:11:51,VEHICLE_00200,LOCATION_0189,ANPR,POLICE_CHECKPOINT,0.9
VEVENT_003127,2025-03-02 15:19:51,VEHICLE_00579,LOCATION_0299,ANPR,POLICE_CHECKPOINT,0.95
VEVENT_003128,2025-03-02 15:20:51,VEHICLE_00200,LOCATION_0299,ANPR,ANPR_CAMERA,0.81
VEVENT_003129,2025-03-02 15:31:51,VEHICLE_00579,LOCATION_0229,ANPR,POLICE_CHECKPOINT,0.84
VEVENT_003130,2025-03-02 15:33:51,VEHICLE_00200,LOCATION_0229,ANPR,TOLL_PLAZA,0.89
VEVENT_003131,2024-02-23 05:37:46,VEHICLE_00579,LOCATION_0049,ANPR,ANPR_CAMERA,0.85
VEVENT_003132,2024-02-23 05:42:46,VEHICLE_00200,LOCATION_0049,ANPR,TOLL_PLAZA,0.84
VEVENT_003133,2024-02-23 05:49:46,VEHICLE_00579,LOCATION_0179,ANPR,TOLL_PLAZA,0.83
VEVENT_003134,2024-02-23 05:55:46,VEHICLE_00200,LOCATION_0179,ANPR,TOLL_PLAZA,0.89
VEVENT_003135,2024-02-23 06:01:46,VEHICLE_00579,LOCATION_0189,ANPR,ANPR_CAMERA,0.89
VEVENT_003136,2024-02-23 06:06:46,VEHICLE_00200,LOCATION_0189,ANPR,POLICE_CHECKPOINT,0.97
VEVENT_003137,2024-02-23 06:13:46,VEHICLE_00579,LOCATION_0299,ANPR,TOLL_PLAZA,0.89
VEVENT_003138,2024-02-23 06:18:46,VEHICLE_00200,LOCATION_0299,ANPR,FIELD_SURVEILLANCE,0.9
VEVENT_003139,2024-02-23 06:25:46,VEHICLE_00579,LOCATION_0229,ANPR,FIELD_SURVEILLANCE,0.86
VEVENT_003140,2024-02-23 06:28:46,VEHICLE_00200,LOCATION_0229,ANPR,FIELD_SURVEILLANCE,0.89
VEVENT_003141,2025-10-25 08:09:02,VEHICLE_00579,LOCATION_0049,ANPR,ANPR_CAMERA,0.92
VEVENT_003142,2025-10-25 08:13:02,VEHICLE_00200,LOCATION_0049,ANPR,ANPR_CAMERA,0.97
VEVENT_003143,2025-10-25 08:21:02,VEHICLE_00579,LOCATION_0179,ANPR,ANPR_CAMERA,0.87
VEVENT_003144,2025-10-25 08:22:02,VEHICLE_00200,LOCATION_0179,ANPR,ANPR_CAMERA,0.92
VEVENT_003145,2025-10-25 08:33:02,VEHICLE_00579,LOCATION_0189,ANPR,ANPR_CAMERA,0.91
VEVENT_003146,2025-10-25 08:39:02,VEHICLE_00200,LOCATION_0189,ANPR,FIELD_SURVEILLANCE,0.89
VEVENT_003147,2025-10-25 08:45:02,VEHICLE_00579,LOCATION_0299,ANPR,FIELD_SURVEILLANCE,0.81
VEVENT_003148,2025-10-25 08:47:02,VEHICLE_00200,LOCATION_0299,ANPR,ANPR_CAMERA,0.83
VEVENT_003149,2025-10-25 08:57:02,VEHICLE_00579,LOCATION_0229,ANPR,TOLL_PLAZA,0.96
VEVENT_003150,2025-10-25 09:00:02,VEHICLE_00200,LOCATION_0229,ANPR,TOLL_PLAZA,0.83
VEVENT_003151,2025-10-21 13:14:33,VEHICLE_00404,LOCATION_0127,ANPR,ANPR_CAMERA,0.84
VEVENT_003152,2025-10-21 13:16:33,VEHICLE_00218,LOCATION_0127,ANPR,FIELD_SURVEILLANCE,0.87
VEVENT_003153,2025-10-21 13:26:33,VEHICLE_00404,LOCATION_0227,ANPR,FIELD_SURVEILLANCE,0.92
VEVENT_003154,2025-10-21 13:30:33,VEHICLE_00218,LOCATION_0227,ANPR,POLICE_CHECKPOINT,0.9
VEVENT_003155,2025-10-21 13:38:33,VEHICLE_00404,LOCATION_0107,ANPR,ANPR_CAMERA,0.86
VEVENT_003156,2025-10-21 13:41:33,VEHICLE_00218,LOCATION_0107,ANPR,POLICE_CHECKPOINT,0.91
VEVENT_003157,2025-10-21 13:50:33,VEHICLE_00404,LOCATION_0287,ANPR,POLICE_CHECKPOINT,0.94
VEVENT_003158,2025-10-21 13:51:33,VEHICLE_00218,LOCATION_0287,ANPR,POLICE_CHECKPOINT,0.91
VEVENT_003159,2025-10-21 14:02:33,VEHICLE_00404,LOCATION_0097,ANPR,POLICE_CHECKPOINT,0.86
VEVENT_003160,2025-10-21 14:05:33,VEHICLE_00218,LOCATION_0097,ANPR,POLICE_CHECKPOINT,0.92
VEVENT_003161,2025-11-17 02:39:54,VEHICLE_00404,LOCATION_0127,ANPR,TOLL_PLAZA,0.87
VEVENT_003162,2025-11-17 02:44:54,VEHICLE_00218,LOCATION_0127,ANPR,TOLL_PLAZA,0.96
VEVENT_003163,2025-11-17 02:51:54,VEHICLE_00404,LOCATION_0227,ANPR,FIELD_SURVEILLANCE,0.81
VEVENT_003164,2025-11-17 02:55:54,VEHICLE_00218,LOCATION_0227,ANPR,TOLL_PLAZA,0.88
VEVENT_003165,2025-11-17 03:03:54,VEHICLE_00404,LOCATION_0107,ANPR,POLICE_CHECKPOINT,0.83
VEVENT_003166,2025-11-17 03:08:54,VEHICLE_00218,LOCATION_0107,ANPR,FIELD_SURVEILLANCE,0.83
VEVENT_003167,2025-11-17 03:15:54,VEHICLE_00404,LOCATION_0287,ANPR,ANPR_CAMERA,0.83
VEVENT_003168,2025-11-17 03:19:54,VEHICLE_00218,LOCATION_0287,ANPR,ANPR_CAMERA,0.88
VEVENT_003169,2025-11-17 03:27:54,VEHICLE_00404,LOCATION_0097,ANPR,TOLL_PLAZA,0.83
VEVENT_003170,2025-11-17 03:28:54,VEHICLE_00218,LOCATION_0097,ANPR,ANPR_CAMERA,0.85
VEVENT_003171,2026-05-11 13:49:55,VEHICLE_00404,LOCATION_0127,ANPR,FIELD_SURVEILLANCE,0.94
VEVENT_003172,2026-05-11 13:53:55,VEHICLE_00218,LOCATION_0127,ANPR,FIELD_SURVEILLANCE,0.88
VEVENT_003173,2026-05-11 14:01:55,VEHICLE_00404,LOCATION_0227,ANPR,ANPR_CAMERA,0.96
VEVENT_003174,2026-05-11 14:02:55,VEHICLE_00218,LOCATION_0227,ANPR,POLICE_CHECKPOINT,0.93
VEVENT_003175,2026-05-11 14:13:55,VEHICLE_00404,LOCATION_0107,ANPR,ANPR_CAMERA,0.83
VEVENT_003176,2026-05-11 14:19:55,VEHICLE_00218,LOCATION_0107,ANPR,ANPR_CAMERA,0.88
VEVENT_003177,2026-05-11 14:25:55,VEHICLE_00404,LOCATION_0287,ANPR,TOLL_PLAZA,0.89
VEVENT_003178,2026-05-11 14:30:55,VEHICLE_00218,LOCATION_0287,ANPR,POLICE_CHECKPOINT,0.81
VEVENT_003179,2026-05-11 14:37:55,VEHICLE_00404,LOCATION_0097,ANPR,FIELD_SURVEILLANCE,0.95
VEVENT_003180,2026-05-11 14:40:55,VEHICLE_00218,LOCATION_0097,ANPR,TOLL_PLAZA,0.89
VEVENT_003181,2025-03-13 05:19:05,VEHICLE_00404,LOCATION_0127,ANPR,FIELD_SURVEILLANCE,0.83
VEVENT_003182,2025-03-13 05:25:05,VEHICLE_00218,LOCATION_0127,ANPR,TOLL_PLAZA,0.88
VEVENT_003183,2025-03-13 05:31:05,VEHICLE_00404,LOCATION_0227,ANPR,POLICE_CHECKPOINT,0.91
VEVENT_003184,2025-03-13 05:33:05,VEHICLE_00218,LOCATION_0227,ANPR,FIELD_SURVEILLANCE,0.83
VEVENT_003185,2025-03-13 05:43:05,VEHICLE_00404,LOCATION_0107,ANPR,ANPR_CAMERA,0.81
VEVENT_003186,2025-03-13 05:46:05,VEHICLE_00218,LOCATION_0107,ANPR,ANPR_CAMERA,0.86
VEVENT_003187,2025-03-13 05:55:05,VEHICLE_00404,LOCATION_0287,ANPR,FIELD_SURVEILLANCE,0.83
VEVENT_003188,2025-03-13 06:00:05,VEHICLE_00218,LOCATION_0287,ANPR,POLICE_CHECKPOINT,0.83
VEVENT_003189,2025-03-13 06:07:05,VEHICLE_00404,LOCATION_0097,ANPR,TOLL_PLAZA,0.82
VEVENT_003190,2025-03-13 06:11:05,VEHICLE_00218,LOCATION_0097,ANPR,TOLL_PLAZA,0.96
VEVENT_003191,2026-03-11 09:23:02,VEHICLE_00404,LOCATION_0127,ANPR,POLICE_CHECKPOINT,0.81
VEVENT_003192,2026-03-11 09:27:02,VEHICLE_00218,LOCATION_0127,ANPR,FIELD_SURVEILLANCE,0.83
VEVENT_003193,2026-03-11 09:35:02,VEHICLE_00404,LOCATION_0227,ANPR,FIELD_SURVEILLANCE,0.91
VEVENT_003194,2026-03-11 09:37:02,VEHICLE_00218,LOCATION_0227,ANPR,FIELD_SURVEILLANCE,0.9
VEVENT_003195,2026-03-11 09:47:02,VEHICLE_00404,LOCATION_0107,ANPR,POLICE_CHECKPOINT,0.93
VEVENT_003196,2026-03-11 09:51:02,VEHICLE_00218,LOCATION_0107,ANPR,FIELD_SURVEILLANCE,0.84
VEVENT_003197,2026-03-11 09:59:02,VEHICLE_00404,LOCATION_0287,ANPR,POLICE_CHECKPOINT,0.89
VEVENT_003198,2026-03-11 10:03:02,VEHICLE_00218,LOCATION_0287,ANPR,TOLL_PLAZA,0.96
VEVENT_003199,2026-03-11 10:11:02,VEHICLE_00404,LOCATION_0097,ANPR,POLICE_CHECKPOINT,0.81
VEVENT_003200,2026-03-11 10:16:02,VEHICLE_00218,LOCATION_0097,ANPR,FIELD_SURVEILLANCE,0.83
VEVENT_003201,2024-12-01 06:46:08,VEHICLE_00404,LOCATION_0127,ANPR,ANPR_CAMERA,0.96
VEVENT_003202,2024-12-01 06:49:08,VEHICLE_00218,LOCATION_0127,ANPR,FIELD_SURVEILLANCE,0.8
VEVENT_003203,2024-12-01 06:58:08,VEHICLE_00404,LOCATION_0227,ANPR,ANPR_CAMERA,0.9
VEVENT_003204,2024-12-01 07:02:08,VEHICLE_00218,LOCATION_0227,ANPR,FIELD_SURVEILLANCE,0.93
VEVENT_003205,2024-12-01 07:10:08,VEHICLE_00404,LOCATION_0107,ANPR,TOLL_PLAZA,0.89
VEVENT_003206,2024-12-01 07:12:08,VEHICLE_00218,LOCATION_0107,ANPR,FIELD_SURVEILLANCE,0.89
VEVENT_003207,2024-12-01 07:22:08,VEHICLE_00404,LOCATION_0287,ANPR,POLICE_CHECKPOINT,0.85
VEVENT_003208,2024-12-01 07:26:08,VEHICLE_00218,LOCATION_0287,ANPR,FIELD_SURVEILLANCE,0.84
VEVENT_003209,2024-12-01 07:34:08,VEHICLE_00404,LOCATION_0097,ANPR,FIELD_SURVEILLANCE,0.9
VEVENT_003210,2024-12-01 07:35:08,VEHICLE_00218,LOCATION_0097,ANPR,FIELD_SURVEILLANCE,0.83
VEVENT_003211,2025-04-23 02:29:57,VEHICLE_00404,LOCATION_0127,ANPR,ANPR_CAMERA,0.84
VEVENT_003212,2025-04-23 02:30:57,VEHICLE_00218,LOCATION_0127,ANPR,ANPR_CAMERA,0.86
VEVENT_003213,2025-04-23 02:41:57,VEHICLE_00404,LOCATION_0227,ANPR,POLICE_CHECKPOINT,0.94
VEVENT_003214,2025-04-23 02:45:57,VEHICLE_00218,LOCATION_0227,ANPR,TOLL_PLAZA,0.87
VEVENT_003215,2025-04-23 02:53:57,VEHICLE_00404,LOCATION_0107,ANPR,FIELD_SURVEILLANCE,0.96
VEVENT_003216,2025-04-23 02:56:57,VEHICLE_00218,LOCATION_0107,ANPR,POLICE_CHECKPOINT,0.97
VEVENT_003217,2025-04-23 03:05:57,VEHICLE_00404,LOCATION_0287,ANPR,POLICE_CHECKPOINT,0.92
VEVENT_003218,2025-04-23 03:06:57,VEHICLE_00218,LOCATION_0287,ANPR,ANPR_CAMERA,0.84
VEVENT_003219,2025-04-23 03:17:57,VEHICLE_00404,LOCATION_0097,ANPR,POLICE_CHECKPOINT,0.82
VEVENT_003220,2025-04-23 03:23:57,VEHICLE_00218,LOCATION_0097,ANPR,FIELD_SURVEILLANCE,0.85
VEVENT_003221,2024-01-10 23:21:20,VEHICLE_00015,LOCATION_0294,ANPR,TOLL_PLAZA,0.89
VEVENT_003222,2024-01-10 23:27:20,VEHICLE_00327,LOCATION_0294,ANPR,FIELD_SURVEILLANCE,0.93
VEVENT_003223,2024-01-10 23:33:20,VEHICLE_00015,LOCATION_0004,ANPR,FIELD_SURVEILLANCE,0.85
VEVENT_003224,2024-01-10 23:34:20,VEHICLE_00327,LOCATION_0004,ANPR,FIELD_SURVEILLANCE,0.96
VEVENT_003225,2024-01-10 23:45:20,VEHICLE_00015,LOCATION_0214,ANPR,ANPR_CAMERA,0.94
VEVENT_003226,2024-01-10 23:51:20,VEHICLE_00327,LOCATION_0214,ANPR,TOLL_PLAZA,0.91
VEVENT_003227,2024-01-10 23:57:20,VEHICLE_00015,LOCATION_0234,ANPR,POLICE_CHECKPOINT,0.9
VEVENT_003228,2024-01-10 23:59:20,VEHICLE_00327,LOCATION_0234,ANPR,ANPR_CAMERA,0.88
VEVENT_003229,2024-01-11 00:09:20,VEHICLE_00015,LOCATION_0174,ANPR,TOLL_PLAZA,0.83
VEVENT_003230,2024-01-11 00:14:20,VEHICLE_00327,LOCATION_0174,ANPR,ANPR_CAMERA,0.81
VEVENT_003231,2024-06-29 19:11:12,VEHICLE_00015,LOCATION_0294,ANPR,FIELD_SURVEILLANCE,0.96
VEVENT_003232,2024-06-29 19:12:12,VEHICLE_00327,LOCATION_0294,ANPR,TOLL_PLAZA,0.84
VEVENT_003233,2024-06-29 19:23:12,VEHICLE_00015,LOCATION_0004,ANPR,ANPR_CAMERA,0.92
VEVENT_003234,2024-06-29 19:25:12,VEHICLE_00327,LOCATION_0004,ANPR,ANPR_CAMERA,0.95
VEVENT_003235,2024-06-29 19:35:12,VEHICLE_00015,LOCATION_0214,ANPR,TOLL_PLAZA,0.89
VEVENT_003236,2024-06-29 19:41:12,VEHICLE_00327,LOCATION_0214,ANPR,FIELD_SURVEILLANCE,0.87
VEVENT_003237,2024-06-29 19:47:12,VEHICLE_00015,LOCATION_0234,ANPR,TOLL_PLAZA,0.93
VEVENT_003238,2024-06-29 19:52:12,VEHICLE_00327,LOCATION_0234,ANPR,FIELD_SURVEILLANCE,0.81
VEVENT_003239,2024-06-29 19:59:12,VEHICLE_00015,LOCATION_0174,ANPR,ANPR_CAMERA,0.96
VEVENT_003240,2024-06-29 20:03:12,VEHICLE_00327,LOCATION_0174,ANPR,FIELD_SURVEILLANCE,0.82
VEVENT_003241,2025-05-30 15:36:39,VEHICLE_00015,LOCATION_0294,ANPR,FIELD_SURVEILLANCE,0.94
VEVENT_003242,2025-05-30 15:38:39,VEHICLE_00327,LOCATION_0294,ANPR,FIELD_SURVEILLANCE,0.96
VEVENT_003243,2025-05-30 15:48:39,VEHICLE_00015,LOCATION_0004,ANPR,ANPR_CAMERA,0.94
VEVENT_003244,2025-05-30 15:53:39,VEHICLE_00327,LOCATION_0004,ANPR,POLICE_CHECKPOINT,0.88
VEVENT_003245,2025-05-30 16:00:39,VEHICLE_00015,LOCATION_0214,ANPR,FIELD_SURVEILLANCE,0.95
VEVENT_003246,2025-05-30 16:06:39,VEHICLE_00327,LOCATION_0214,ANPR,TOLL_PLAZA,0.86
VEVENT_003247,2025-05-30 16:12:39,VEHICLE_00015,LOCATION_0234,ANPR,TOLL_PLAZA,0.81
VEVENT_003248,2025-05-30 16:18:39,VEHICLE_00327,LOCATION_0234,ANPR,FIELD_SURVEILLANCE,0.87
VEVENT_003249,2025-05-30 16:24:39,VEHICLE_00015,LOCATION_0174,ANPR,TOLL_PLAZA,0.81
VEVENT_003250,2025-05-30 16:29:39,VEHICLE_00327,LOCATION_0174,ANPR,POLICE_CHECKPOINT,0.93
VEVENT_003251,2026-04-29 00:17:33,VEHICLE_00015,LOCATION_0294,ANPR,TOLL_PLAZA,0.92
VEVENT_003252,2026-04-29 00:19:33,VEHICLE_00327,LOCATION_0294,ANPR,TOLL_PLAZA,0.83
VEVENT_003253,2026-04-29 00:29:33,VEHICLE_00015,LOCATION_0004,ANPR,TOLL_PLAZA,0.93
VEVENT_003254,2026-04-29 00:33:33,VEHICLE_00327,LOCATION_0004,ANPR,ANPR_CAMERA,0.96
VEVENT_003255,2026-04-29 00:41:33,VEHICLE_00015,LOCATION_0214,ANPR,POLICE_CHECKPOINT,0.97
VEVENT_003256,2026-04-29 00:42:33,VEHICLE_00327,LOCATION_0214,ANPR,TOLL_PLAZA,0.8
VEVENT_003257,2026-04-29 00:53:33,VEHICLE_00015,LOCATION_0234,ANPR,POLICE_CHECKPOINT,0.95
VEVENT_003258,2026-04-29 00:57:33,VEHICLE_00327,LOCATION_0234,ANPR,ANPR_CAMERA,0.92
VEVENT_003259,2026-04-29 01:05:33,VEHICLE_00015,LOCATION_0174,ANPR,POLICE_CHECKPOINT,0.92
VEVENT_003260,2026-04-29 01:09:33,VEHICLE_00327,LOCATION_0174,ANPR,POLICE_CHECKPOINT,0.85
VEVENT_003261,2025-06-24 12:08:01,VEHICLE_00131,LOCATION_0003,ANPR,ANPR_CAMERA,0.88
VEVENT_003262,2025-06-24 12:11:01,VEHICLE_00389,LOCATION_0003,ANPR,FIELD_SURVEILLANCE,0.81
VEVENT_003263,2025-06-24 12:20:01,VEHICLE_00131,LOCATION_0013,ANPR,ANPR_CAMERA,0.95
VEVENT_003264,2025-06-24 12:24:01,VEHICLE_00389,LOCATION_0013,ANPR,TOLL_PLAZA,0.81
VEVENT_003265,2025-06-24 12:32:01,VEHICLE_00131,LOCATION_0073,ANPR,POLICE_CHECKPOINT,0.85
VEVENT_003266,2025-06-24 12:38:01,VEHICLE_00389,LOCATION_0073,ANPR,TOLL_PLAZA,0.85
VEVENT_003267,2025-06-24 12:44:01,VEHICLE_00131,LOCATION_0193,ANPR,ANPR_CAMERA,0.89
VEVENT_003268,2025-06-24 12:47:01,VEHICLE_00389,LOCATION_0193,ANPR,TOLL_PLAZA,0.83
VEVENT_003269,2025-06-24 12:56:01,VEHICLE_00131,LOCATION_0043,ANPR,ANPR_CAMERA,0.83
VEVENT_003270,2025-06-24 13:01:01,VEHICLE_00389,LOCATION_0043,ANPR,TOLL_PLAZA,0.88
VEVENT_003271,2026-03-23 08:37:08,VEHICLE_00131,LOCATION_0003,ANPR,ANPR_CAMERA,0.95
VEVENT_003272,2026-03-23 08:40:08,VEHICLE_00389,LOCATION_0003,ANPR,POLICE_CHECKPOINT,0.96
VEVENT_003273,2026-03-23 08:49:08,VEHICLE_00131,LOCATION_0013,ANPR,ANPR_CAMERA,0.84
VEVENT_003274,2026-03-23 08:50:08,VEHICLE_00389,LOCATION_0013,ANPR,TOLL_PLAZA,0.88
VEVENT_003275,2026-03-23 09:01:08,VEHICLE_00131,LOCATION_0073,ANPR,TOLL_PLAZA,0.89
VEVENT_003276,2026-03-23 09:05:08,VEHICLE_00389,LOCATION_0073,ANPR,TOLL_PLAZA,0.96
VEVENT_003277,2026-03-23 09:13:08,VEHICLE_00131,LOCATION_0193,ANPR,TOLL_PLAZA,0.96
VEVENT_003278,2026-03-23 09:18:08,VEHICLE_00389,LOCATION_0193,ANPR,ANPR_CAMERA,0.96
VEVENT_003279,2026-03-23 09:25:08,VEHICLE_00131,LOCATION_0043,ANPR,ANPR_CAMERA,0.82
VEVENT_003280,2026-03-23 09:30:08,VEHICLE_00389,LOCATION_0043,ANPR,FIELD_SURVEILLANCE,0.81
VEVENT_003281,2026-05-02 03:23:20,VEHICLE_00131,LOCATION_0003,ANPR,FIELD_SURVEILLANCE,0.93
VEVENT_003282,2026-05-02 03:25:20,VEHICLE_00389,LOCATION_0003,ANPR,ANPR_CAMERA,0.89
VEVENT_003283,2026-05-02 03:35:20,VEHICLE_00131,LOCATION_0013,ANPR,FIELD_SURVEILLANCE,0.94
VEVENT_003284,2026-05-02 03:39:20,VEHICLE_00389,LOCATION_0013,ANPR,TOLL_PLAZA,0.83
VEVENT_003285,2026-05-02 03:47:20,VEHICLE_00131,LOCATION_0073,ANPR,FIELD_SURVEILLANCE,0.85
VEVENT_003286,2026-05-02 03:50:20,VEHICLE_00389,LOCATION_0073,ANPR,POLICE_CHECKPOINT,0.97
VEVENT_003287,2026-05-02 03:59:20,VEHICLE_00131,LOCATION_0193,ANPR,FIELD_SURVEILLANCE,0.95
VEVENT_003288,2026-05-02 04:00:20,VEHICLE_00389,LOCATION_0193,ANPR,TOLL_PLAZA,0.87
VEVENT_003289,2026-05-02 04:11:20,VEHICLE_00131,LOCATION_0043,ANPR,ANPR_CAMERA,0.9
VEVENT_003290,2026-05-02 04:15:20,VEHICLE_00389,LOCATION_0043,ANPR,TOLL_PLAZA,0.89
VEVENT_003291,2024-04-01 23:51:19,VEHICLE_00131,LOCATION_0003,ANPR,TOLL_PLAZA,0.86
VEVENT_003292,2024-04-01 23:55:19,VEHICLE_00389,LOCATION_0003,ANPR,TOLL_PLAZA,0.9
VEVENT_003293,2024-04-02 00:03:19,VEHICLE_00131,LOCATION_0013,ANPR,ANPR_CAMERA,0.86
VEVENT_003294,2024-04-02 00:04:19,VEHICLE_00389,LOCATION_0013,ANPR,FIELD_SURVEILLANCE,0.82
VEVENT_003295,2024-04-02 00:15:19,VEHICLE_00131,LOCATION_0073,ANPR,ANPR_CAMERA,0.83
VEVENT_003296,2024-04-02 00:21:19,VEHICLE_00389,LOCATION_0073,ANPR,FIELD_SURVEILLANCE,0.97
VEVENT_003297,2024-04-02 00:27:19,VEHICLE_00131,LOCATION_0193,ANPR,TOLL_PLAZA,0.86
VEVENT_003298,2024-04-02 00:31:19,VEHICLE_00389,LOCATION_0193,ANPR,POLICE_CHECKPOINT,0.95
VEVENT_003299,2024-04-02 00:39:19,VEHICLE_00131,LOCATION_0043,ANPR,ANPR_CAMERA,0.81
VEVENT_003300,2024-04-02 00:45:19,VEHICLE_00389,LOCATION_0043,ANPR,ANPR_CAMERA,0.9
VEVENT_003301,2026-05-28 09:17:29,VEHICLE_00131,LOCATION_0003,ANPR,TOLL_PLAZA,0.8
VEVENT_003302,2026-05-28 09:22:29,VEHICLE_00389,LOCATION_0003,ANPR,TOLL_PLAZA,0.86
VEVENT_003303,2026-05-28 09:29:29,VEHICLE_00131,LOCATION_0013,ANPR,ANPR_CAMERA,0.96
VEVENT_003304,2026-05-28 09:35:29,VEHICLE_00389,LOCATION_0013,ANPR,FIELD_SURVEILLANCE,0.92
VEVENT_003305,2026-05-28 09:41:29,VEHICLE_00131,LOCATION_0073,ANPR,POLICE_CHECKPOINT,0.96
VEVENT_003306,2026-05-28 09:46:29,VEHICLE_00389,LOCATION_0073,ANPR,TOLL_PLAZA,0.88
VEVENT_003307,2026-05-28 09:53:29,VEHICLE_00131,LOCATION_0193,ANPR,TOLL_PLAZA,0.91
VEVENT_003308,2026-05-28 09:57:29,VEHICLE_00389,LOCATION_0193,ANPR,FIELD_SURVEILLANCE,0.84
VEVENT_003309,2026-05-28 10:05:29,VEHICLE_00131,LOCATION_0043,ANPR,POLICE_CHECKPOINT,0.96
VEVENT_003310,2026-05-28 10:08:29,VEHICLE_00389,LOCATION_0043,ANPR,ANPR_CAMERA,0.97
VEVENT_003311,2024-03-19 23:05:10,VEHICLE_00131,LOCATION_0003,ANPR,FIELD_SURVEILLANCE,0.9
VEVENT_003312,2024-03-19 23:06:10,VEHICLE_00389,LOCATION_0003,ANPR,TOLL_PLAZA,0.84
VEVENT_003313,2024-03-19 23:17:10,VEHICLE_00131,LOCATION_0013,ANPR,POLICE_CHECKPOINT,0.89
VEVENT_003314,2024-03-19 23:21:10,VEHICLE_00389,LOCATION_0013,ANPR,FIELD_SURVEILLANCE,0.81
VEVENT_003315,2024-03-19 23:29:10,VEHICLE_00131,LOCATION_0073,ANPR,TOLL_PLAZA,0.89
VEVENT_003316,2024-03-19 23:34:10,VEHICLE_00389,LOCATION_0073,ANPR,ANPR_CAMERA,0.92
VEVENT_003317,2024-03-19 23:41:10,VEHICLE_00131,LOCATION_0193,ANPR,POLICE_CHECKPOINT,0.89
VEVENT_003318,2024-03-19 23:42:10,VEHICLE_00389,LOCATION_0193,ANPR,FIELD_SURVEILLANCE,0.94
VEVENT_003319,2024-03-19 23:53:10,VEHICLE_00131,LOCATION_0043,ANPR,POLICE_CHECKPOINT,0.84
VEVENT_003320,2024-03-19 23:56:10,VEHICLE_00389,LOCATION_0043,ANPR,POLICE_CHECKPOINT,0.9
VEVENT_003321,2026-05-27 18:29:51,VEHICLE_00131,LOCATION_0003,ANPR,POLICE_CHECKPOINT,0.84
VEVENT_003322,2026-05-27 18:35:51,VEHICLE_00389,LOCATION_0003,ANPR,ANPR_CAMERA,0.82
VEVENT_003323,2026-05-27 18:41:51,VEHICLE_00131,LOCATION_0013,ANPR,FIELD_SURVEILLANCE,0.81
VEVENT_003324,2026-05-27 18:46:51,VEHICLE_00389,LOCATION_0013,ANPR,POLICE_CHECKPOINT,0.83
VEVENT_003325,2026-05-27 18:53:51,VEHICLE_00131,LOCATION_0073,ANPR,FIELD_SURVEILLANCE,0.94
VEVENT_003326,2026-05-27 18:54:51,VEHICLE_00389,LOCATION_0073,ANPR,TOLL_PLAZA,0.81
VEVENT_003327,2026-05-27 19:05:51,VEHICLE_00131,LOCATION_0193,ANPR,TOLL_PLAZA,0.96
VEVENT_003328,2026-05-27 19:07:51,VEHICLE_00389,LOCATION_0193,ANPR,POLICE_CHECKPOINT,0.89
VEVENT_003329,2026-05-27 19:17:51,VEHICLE_00131,LOCATION_0043,ANPR,ANPR_CAMERA,0.84
VEVENT_003330,2026-05-27 19:21:51,VEHICLE_00389,LOCATION_0043,ANPR,ANPR_CAMERA,0.91
VEVENT_003331,2026-01-08 13:45:12,VEHICLE_00633,LOCATION_0003,ANPR,TOLL_PLAZA,0.85
VEVENT_003332,2026-01-08 13:48:12,VEHICLE_00403,LOCATION_0003,ANPR,ANPR_CAMERA,0.82
VEVENT_003333,2026-01-08 13:57:12,VEHICLE_00633,LOCATION_0013,ANPR,FIELD_SURVEILLANCE,0.92
VEVENT_003334,2026-01-08 13:58:12,VEHICLE_00403,LOCATION_0013,ANPR,POLICE_CHECKPOINT,0.8
VEVENT_003335,2026-01-08 14:09:12,VEHICLE_00633,LOCATION_0073,ANPR,TOLL_PLAZA,0.88
VEVENT_003336,2026-01-08 14:15:12,VEHICLE_00403,LOCATION_0073,ANPR,FIELD_SURVEILLANCE,0.85
VEVENT_003337,2026-01-08 14:21:12,VEHICLE_00633,LOCATION_0193,ANPR,POLICE_CHECKPOINT,0.84
VEVENT_003338,2026-01-08 14:23:12,VEHICLE_00403,LOCATION_0193,ANPR,TOLL_PLAZA,0.93
VEVENT_003339,2026-01-08 14:33:12,VEHICLE_00633,LOCATION_0043,ANPR,FIELD_SURVEILLANCE,0.82
VEVENT_003340,2026-01-08 14:35:12,VEHICLE_00403,LOCATION_0043,ANPR,ANPR_CAMERA,0.89
VEVENT_003341,2025-09-04 19:29:10,VEHICLE_00633,LOCATION_0003,ANPR,POLICE_CHECKPOINT,0.83
VEVENT_003342,2025-09-04 19:31:10,VEHICLE_00403,LOCATION_0003,ANPR,TOLL_PLAZA,0.89
VEVENT_003343,2025-09-04 19:41:10,VEHICLE_00633,LOCATION_0013,ANPR,FIELD_SURVEILLANCE,0.9
VEVENT_003344,2025-09-04 19:44:10,VEHICLE_00403,LOCATION_0013,ANPR,TOLL_PLAZA,0.84
VEVENT_003345,2025-09-04 19:53:10,VEHICLE_00633,LOCATION_0073,ANPR,ANPR_CAMERA,0.9
VEVENT_003346,2025-09-04 19:58:10,VEHICLE_00403,LOCATION_0073,ANPR,TOLL_PLAZA,0.81
VEVENT_003347,2025-09-04 20:05:10,VEHICLE_00633,LOCATION_0193,ANPR,POLICE_CHECKPOINT,0.82
VEVENT_003348,2025-09-04 20:09:10,VEHICLE_00403,LOCATION_0193,ANPR,POLICE_CHECKPOINT,0.87
VEVENT_003349,2025-09-04 20:17:10,VEHICLE_00633,LOCATION_0043,ANPR,FIELD_SURVEILLANCE,0.94
VEVENT_003350,2025-09-04 20:18:10,VEHICLE_00403,LOCATION_0043,ANPR,TOLL_PLAZA,0.85
VEVENT_003351,2026-01-04 08:35:48,VEHICLE_00633,LOCATION_0003,ANPR,FIELD_SURVEILLANCE,0.92
VEVENT_003352,2026-01-04 08:36:48,VEHICLE_00403,LOCATION_0003,ANPR,TOLL_PLAZA,0.86
VEVENT_003353,2026-01-04 08:47:48,VEHICLE_00633,LOCATION_0013,ANPR,ANPR_CAMERA,0.86
VEVENT_003354,2026-01-04 08:48:48,VEHICLE_00403,LOCATION_0013,ANPR,TOLL_PLAZA,0.88
VEVENT_003355,2026-01-04 08:59:48,VEHICLE_00633,LOCATION_0073,ANPR,ANPR_CAMERA,0.94
VEVENT_003356,2026-01-04 09:01:48,VEHICLE_00403,LOCATION_0073,ANPR,FIELD_SURVEILLANCE,0.83
VEVENT_003357,2026-01-04 09:11:48,VEHICLE_00633,LOCATION_0193,ANPR,POLICE_CHECKPOINT,0.85
VEVENT_003358,2026-01-04 09:15:48,VEHICLE_00403,LOCATION_0193,ANPR,ANPR_CAMERA,0.82
VEVENT_003359,2026-01-04 09:23:48,VEHICLE_00633,LOCATION_0043,ANPR,TOLL_PLAZA,0.81
VEVENT_003360,2026-01-04 09:28:48,VEHICLE_00403,LOCATION_0043,ANPR,POLICE_CHECKPOINT,0.89
VEVENT_003361,2025-05-03 10:47:37,VEHICLE_00633,LOCATION_0003,ANPR,TOLL_PLAZA,0.95
VEVENT_003362,2025-05-03 10:52:37,VEHICLE_00403,LOCATION_0003,ANPR,ANPR_CAMERA,0.89
VEVENT_003363,2025-05-03 10:59:37,VEHICLE_00633,LOCATION_0013,ANPR,ANPR_CAMERA,0.89
VEVENT_003364,2025-05-03 11:02:37,VEHICLE_00403,LOCATION_0013,ANPR,FIELD_SURVEILLANCE,0.85
VEVENT_003365,2025-05-03 11:11:37,VEHICLE_00633,LOCATION_0073,ANPR,FIELD_SURVEILLANCE,0.92
VEVENT_003366,2025-05-03 11:13:37,VEHICLE_00403,LOCATION_0073,ANPR,FIELD_SURVEILLANCE,0.81
VEVENT_003367,2025-05-03 11:23:37,VEHICLE_00633,LOCATION_0193,ANPR,ANPR_CAMERA,0.8
VEVENT_003368,2025-05-03 11:27:37,VEHICLE_00403,LOCATION_0193,ANPR,TOLL_PLAZA,0.8
VEVENT_003369,2025-05-03 11:35:37,VEHICLE_00633,LOCATION_0043,ANPR,ANPR_CAMERA,0.92
VEVENT_003370,2025-05-03 11:38:37,VEHICLE_00403,LOCATION_0043,ANPR,TOLL_PLAZA,0.86
VEVENT_003371,2025-05-06 14:05:31,VEHICLE_00633,LOCATION_0003,ANPR,ANPR_CAMERA,0.82
VEVENT_003372,2025-05-06 14:07:31,VEHICLE_00403,LOCATION_0003,ANPR,POLICE_CHECKPOINT,0.82
VEVENT_003373,2025-05-06 14:17:31,VEHICLE_00633,LOCATION_0013,ANPR,TOLL_PLAZA,0.96
VEVENT_003374,2025-05-06 14:22:31,VEHICLE_00403,LOCATION_0013,ANPR,TOLL_PLAZA,0.96
VEVENT_003375,2025-05-06 14:29:31,VEHICLE_00633,LOCATION_0073,ANPR,TOLL_PLAZA,0.83
VEVENT_003376,2025-05-06 14:33:31,VEHICLE_00403,LOCATION_0073,ANPR,FIELD_SURVEILLANCE,0.86
VEVENT_003377,2025-05-06 14:41:31,VEHICLE_00633,LOCATION_0193,ANPR,ANPR_CAMERA,0.88
VEVENT_003378,2025-05-06 14:47:31,VEHICLE_00403,LOCATION_0193,ANPR,TOLL_PLAZA,0.87
VEVENT_003379,2025-05-06 14:53:31,VEHICLE_00633,LOCATION_0043,ANPR,TOLL_PLAZA,0.94
VEVENT_003380,2025-05-06 14:58:31,VEHICLE_00403,LOCATION_0043,ANPR,TOLL_PLAZA,0.9
VEVENT_003381,2024-01-28 14:49:42,VEHICLE_00633,LOCATION_0003,ANPR,POLICE_CHECKPOINT,0.87
VEVENT_003382,2024-01-28 14:54:42,VEHICLE_00403,LOCATION_0003,ANPR,FIELD_SURVEILLANCE,0.93
VEVENT_003383,2024-01-28 15:01:42,VEHICLE_00633,LOCATION_0013,ANPR,ANPR_CAMERA,0.96
VEVENT_003384,2024-01-28 15:02:42,VEHICLE_00403,LOCATION_0013,ANPR,ANPR_CAMERA,0.97
VEVENT_003385,2024-01-28 15:13:42,VEHICLE_00633,LOCATION_0073,ANPR,POLICE_CHECKPOINT,0.93
VEVENT_003386,2024-01-28 15:14:42,VEHICLE_00403,LOCATION_0073,ANPR,ANPR_CAMERA,0.82
VEVENT_003387,2024-01-28 15:25:42,VEHICLE_00633,LOCATION_0193,ANPR,FIELD_SURVEILLANCE,0.91
VEVENT_003388,2024-01-28 15:26:42,VEHICLE_00403,LOCATION_0193,ANPR,FIELD_SURVEILLANCE,0.94
VEVENT_003389,2024-01-28 15:37:42,VEHICLE_00633,LOCATION_0043,ANPR,POLICE_CHECKPOINT,0.94
VEVENT_003390,2024-01-28 15:40:42,VEHICLE_00403,LOCATION_0043,ANPR,POLICE_CHECKPOINT,0.94
VEVENT_003391,2025-11-14 23:55:53,VEHICLE_00633,LOCATION_0003,ANPR,ANPR_CAMERA,0.81
VEVENT_003392,2025-11-14 23:58:53,VEHICLE_00403,LOCATION_0003,ANPR,FIELD_SURVEILLANCE,0.88
VEVENT_003393,2025-11-15 00:07:53,VEHICLE_00633,LOCATION_0013,ANPR,POLICE_CHECKPOINT,0.86
VEVENT_003394,2025-11-15 00:11:53,VEHICLE_00403,LOCATION_0013,ANPR,POLICE_CHECKPOINT,0.91
VEVENT_003395,2025-11-15 00:19:53,VEHICLE_00633,LOCATION_0073,ANPR,TOLL_PLAZA,0.85
VEVENT_003396,2025-11-15 00:23:53,VEHICLE_00403,LOCATION_0073,ANPR,POLICE_CHECKPOINT,0.89
VEVENT_003397,2025-11-15 00:31:53,VEHICLE_00633,LOCATION_0193,ANPR,FIELD_SURVEILLANCE,0.96
VEVENT_003398,2025-11-15 00:35:53,VEHICLE_00403,LOCATION_0193,ANPR,ANPR_CAMERA,0.92
VEVENT_003399,2025-11-15 00:43:53,VEHICLE_00633,LOCATION_0043,ANPR,FIELD_SURVEILLANCE,0.87
VEVENT_003400,2025-11-15 00:49:53,VEHICLE_00403,LOCATION_0043,ANPR,FIELD_SURVEILLANCE,0.8
VEVENT_003401,2026-05-24 04:09:54,VEHICLE_00633,LOCATION_0003,ANPR,FIELD_SURVEILLANCE,0.82
VEVENT_003402,2026-05-24 04:14:54,VEHICLE_00403,LOCATION_0003,ANPR,POLICE_CHECKPOINT,0.88
VEVENT_003403,2026-05-24 04:21:54,VEHICLE_00633,LOCATION_0013,ANPR,ANPR_CAMERA,0.87
VEVENT_003404,2026-05-24 04:26:54,VEHICLE_00403,LOCATION_0013,ANPR,ANPR_CAMERA,0.89
VEVENT_003405,2026-05-24 04:33:54,VEHICLE_00633,LOCATION_0073,ANPR,ANPR_CAMERA,0.83
VEVENT_003406,2026-05-24 04:37:54,VEHICLE_00403,LOCATION_0073,ANPR,ANPR_CAMERA,0.85
VEVENT_003407,2026-05-24 04:45:54,VEHICLE_00633,LOCATION_0193,ANPR,POLICE_CHECKPOINT,0.86
VEVENT_003408,2026-05-24 04:46:54,VEHICLE_00403,LOCATION_0193,ANPR,ANPR_CAMERA,0.83
VEVENT_003409,2026-05-24 04:57:54,VEHICLE_00633,LOCATION_0043,ANPR,FIELD_SURVEILLANCE,0.89
VEVENT_003410,2026-05-24 04:58:54,VEHICLE_00403,LOCATION_0043,ANPR,TOLL_PLAZA,0.83
VEVENT_003411,2024-01-15 16:47:39,VEHICLE_00467,LOCATION_0294,ANPR,FIELD_SURVEILLANCE,0.83
VEVENT_003412,2024-01-15 16:51:39,VEHICLE_00308,LOCATION_0294,ANPR,POLICE_CHECKPOINT,0.8
VEVENT_003413,2024-01-15 16:59:39,VEHICLE_00467,LOCATION_0004,ANPR,FIELD_SURVEILLANCE,0.96
VEVENT_003414,2024-01-15 17:02:39,VEHICLE_00308,LOCATION_0004,ANPR,POLICE_CHECKPOINT,0.94
VEVENT_003415,2024-01-15 17:11:39,VEHICLE_00467,LOCATION_0214,ANPR,POLICE_CHECKPOINT,0.83
VEVENT_003416,2024-01-15 17:17:39,VEHICLE_00308,LOCATION_0214,ANPR,FIELD_SURVEILLANCE,0.83
VEVENT_003417,2024-01-15 17:23:39,VEHICLE_00467,LOCATION_0234,ANPR,FIELD_SURVEILLANCE,0.91
VEVENT_003418,2024-01-15 17:29:39,VEHICLE_00308,LOCATION_0234,ANPR,TOLL_PLAZA,0.84
VEVENT_003419,2024-01-15 17:35:39,VEHICLE_00467,LOCATION_0174,ANPR,FIELD_SURVEILLANCE,0.83
VEVENT_003420,2024-01-15 17:39:39,VEHICLE_00308,LOCATION_0174,ANPR,FIELD_SURVEILLANCE,0.84
VEVENT_003421,2024-06-09 09:05:55,VEHICLE_00467,LOCATION_0294,ANPR,ANPR_CAMERA,0.91
VEVENT_003422,2024-06-09 09:10:55,VEHICLE_00308,LOCATION_0294,ANPR,ANPR_CAMERA,0.86
VEVENT_003423,2024-06-09 09:17:55,VEHICLE_00467,LOCATION_0004,ANPR,ANPR_CAMERA,0.82
VEVENT_003424,2024-06-09 09:23:55,VEHICLE_00308,LOCATION_0004,ANPR,TOLL_PLAZA,0.81
VEVENT_003425,2024-06-09 09:29:55,VEHICLE_00467,LOCATION_0214,ANPR,FIELD_SURVEILLANCE,0.92
VEVENT_003426,2024-06-09 09:33:55,VEHICLE_00308,LOCATION_0214,ANPR,ANPR_CAMERA,0.87
VEVENT_003427,2024-06-09 09:41:55,VEHICLE_00467,LOCATION_0234,ANPR,POLICE_CHECKPOINT,0.89
VEVENT_003428,2024-06-09 09:47:55,VEHICLE_00308,LOCATION_0234,ANPR,FIELD_SURVEILLANCE,0.93
VEVENT_003429,2024-06-09 09:53:55,VEHICLE_00467,LOCATION_0174,ANPR,ANPR_CAMERA,0.8
VEVENT_003430,2024-06-09 09:54:55,VEHICLE_00308,LOCATION_0174,ANPR,FIELD_SURVEILLANCE,0.84
VEVENT_003431,2024-03-04 12:05:33,VEHICLE_00467,LOCATION_0294,ANPR,POLICE_CHECKPOINT,0.82
VEVENT_003432,2024-03-04 12:10:33,VEHICLE_00308,LOCATION_0294,ANPR,POLICE_CHECKPOINT,0.94
VEVENT_003433,2024-03-04 12:17:33,VEHICLE_00467,LOCATION_0004,ANPR,TOLL_PLAZA,0.94
VEVENT_003434,2024-03-04 12:21:33,VEHICLE_00308,LOCATION_0004,ANPR,TOLL_PLAZA,0.9
VEVENT_003435,2024-03-04 12:29:33,VEHICLE_00467,LOCATION_0214,ANPR,ANPR_CAMERA,0.9
VEVENT_003436,2024-03-04 12:32:33,VEHICLE_00308,LOCATION_0214,ANPR,POLICE_CHECKPOINT,0.87
VEVENT_003437,2024-03-04 12:41:33,VEHICLE_00467,LOCATION_0234,ANPR,FIELD_SURVEILLANCE,0.93
VEVENT_003438,2024-03-04 12:46:33,VEHICLE_00308,LOCATION_0234,ANPR,FIELD_SURVEILLANCE,0.84
VEVENT_003439,2024-03-04 12:53:33,VEHICLE_00467,LOCATION_0174,ANPR,ANPR_CAMERA,0.87
VEVENT_003440,2024-03-04 12:57:33,VEHICLE_00308,LOCATION_0174,ANPR,ANPR_CAMERA,0.92
VEVENT_003441,2024-08-11 21:14:03,VEHICLE_00467,LOCATION_0294,ANPR,TOLL_PLAZA,0.88
VEVENT_003442,2024-08-11 21:15:03,VEHICLE_00308,LOCATION_0294,ANPR,TOLL_PLAZA,0.94
VEVENT_003443,2024-08-11 21:26:03,VEHICLE_00467,LOCATION_0004,ANPR,POLICE_CHECKPOINT,0.81
VEVENT_003444,2024-08-11 21:29:03,VEHICLE_00308,LOCATION_0004,ANPR,POLICE_CHECKPOINT,0.81
VEVENT_003445,2024-08-11 21:38:03,VEHICLE_00467,LOCATION_0214,ANPR,FIELD_SURVEILLANCE,0.88
VEVENT_003446,2024-08-11 21:40:03,VEHICLE_00308,LOCATION_0214,ANPR,POLICE_CHECKPOINT,0.94
VEVENT_003447,2024-08-11 21:50:03,VEHICLE_00467,LOCATION_0234,ANPR,FIELD_SURVEILLANCE,0.95
VEVENT_003448,2024-08-11 21:52:03,VEHICLE_00308,LOCATION_0234,ANPR,FIELD_SURVEILLANCE,0.87
VEVENT_003449,2024-08-11 22:02:03,VEHICLE_00467,LOCATION_0174,ANPR,POLICE_CHECKPOINT,0.81
VEVENT_003450,2024-08-11 22:06:03,VEHICLE_00308,LOCATION_0174,ANPR,FIELD_SURVEILLANCE,0.83
VEVENT_003451,2025-07-01 10:57:26,VEHICLE_00472,LOCATION_0049,ANPR,FIELD_SURVEILLANCE,0.89
VEVENT_003452,2025-07-01 11:03:26,VEHICLE_00721,LOCATION_0049,ANPR,POLICE_CHECKPOINT,0.81
VEVENT_003453,2025-07-01 11:09:26,VEHICLE_00472,LOCATION_0179,ANPR,FIELD_SURVEILLANCE,0.9
VEVENT_003454,2025-07-01 11:10:26,VEHICLE_00721,LOCATION_0179,ANPR,ANPR_CAMERA,0.81
VEVENT_003455,2025-07-01 11:21:26,VEHICLE_00472,LOCATION_0189,ANPR,ANPR_CAMERA,0.86
VEVENT_003456,2025-07-01 11:26:26,VEHICLE_00721,LOCATION_0189,ANPR,FIELD_SURVEILLANCE,0.86
VEVENT_003457,2025-07-01 11:33:26,VEHICLE_00472,LOCATION_0299,ANPR,POLICE_CHECKPOINT,0.93
VEVENT_003458,2025-07-01 11:35:26,VEHICLE_00721,LOCATION_0299,ANPR,TOLL_PLAZA,0.84
VEVENT_003459,2025-07-01 11:45:26,VEHICLE_00472,LOCATION_0229,ANPR,ANPR_CAMERA,0.92
VEVENT_003460,2025-07-01 11:47:26,VEHICLE_00721,LOCATION_0229,ANPR,TOLL_PLAZA,0.95
VEVENT_003461,2024-05-03 18:37:28,VEHICLE_00472,LOCATION_0049,ANPR,FIELD_SURVEILLANCE,0.93
VEVENT_003462,2024-05-03 18:42:28,VEHICLE_00721,LOCATION_0049,ANPR,ANPR_CAMERA,0.89
VEVENT_003463,2024-05-03 18:49:28,VEHICLE_00472,LOCATION_0179,ANPR,ANPR_CAMERA,0.83
VEVENT_003464,2024-05-03 18:50:28,VEHICLE_00721,LOCATION_0179,ANPR,POLICE_CHECKPOINT,0.8
VEVENT_003465,2024-05-03 19:01:28,VEHICLE_00472,LOCATION_0189,ANPR,ANPR_CAMERA,0.8
VEVENT_003466,2024-05-03 19:03:28,VEHICLE_00721,LOCATION_0189,ANPR,ANPR_CAMERA,0.91
VEVENT_003467,2024-05-03 19:13:28,VEHICLE_00472,LOCATION_0299,ANPR,ANPR_CAMERA,0.8
VEVENT_003468,2024-05-03 19:16:28,VEHICLE_00721,LOCATION_0299,ANPR,TOLL_PLAZA,0.83
VEVENT_003469,2024-05-03 19:25:28,VEHICLE_00472,LOCATION_0229,ANPR,FIELD_SURVEILLANCE,0.85
VEVENT_003470,2024-05-03 19:27:28,VEHICLE_00721,LOCATION_0229,ANPR,FIELD_SURVEILLANCE,0.91
VEVENT_003471,2024-11-21 13:11:53,VEHICLE_00472,LOCATION_0049,ANPR,POLICE_CHECKPOINT,0.88
VEVENT_003472,2024-11-21 13:13:53,VEHICLE_00721,LOCATION_0049,ANPR,ANPR_CAMERA,0.88
VEVENT_003473,2024-11-21 13:23:53,VEHICLE_00472,LOCATION_0179,ANPR,POLICE_CHECKPOINT,0.88
VEVENT_003474,2024-11-21 13:27:53,VEHICLE_00721,LOCATION_0179,ANPR,ANPR_CAMERA,0.94
VEVENT_003475,2024-11-21 13:35:53,VEHICLE_00472,LOCATION_0189,ANPR,TOLL_PLAZA,0.91
VEVENT_003476,2024-11-21 13:37:53,VEHICLE_00721,LOCATION_0189,ANPR,FIELD_SURVEILLANCE,0.92
VEVENT_003477,2024-11-21 13:47:53,VEHICLE_00472,LOCATION_0299,ANPR,POLICE_CHECKPOINT,0.92
VEVENT_003478,2024-11-21 13:52:53,VEHICLE_00721,LOCATION_0299,ANPR,TOLL_PLAZA,0.9
VEVENT_003479,2024-11-21 13:59:53,VEHICLE_00472,LOCATION_0229,ANPR,FIELD_SURVEILLANCE,0.84
VEVENT_003480,2024-11-21 14:02:53,VEHICLE_00721,LOCATION_0229,ANPR,ANPR_CAMERA,0.88
VEVENT_003481,2024-01-16 11:28:04,VEHICLE_00472,LOCATION_0049,ANPR,FIELD_SURVEILLANCE,0.81
VEVENT_003482,2024-01-16 11:31:04,VEHICLE_00721,LOCATION_0049,ANPR,POLICE_CHECKPOINT,0.85
VEVENT_003483,2024-01-16 11:40:04,VEHICLE_00472,LOCATION_0179,ANPR,POLICE_CHECKPOINT,0.86
VEVENT_003484,2024-01-16 11:41:04,VEHICLE_00721,LOCATION_0179,ANPR,TOLL_PLAZA,0.97
VEVENT_003485,2024-01-16 11:52:04,VEHICLE_00472,LOCATION_0189,ANPR,POLICE_CHECKPOINT,0.84
VEVENT_003486,2024-01-16 11:58:04,VEHICLE_00721,LOCATION_0189,ANPR,FIELD_SURVEILLANCE,0.85
VEVENT_003487,2024-01-16 12:04:04,VEHICLE_00472,LOCATION_0299,ANPR,TOLL_PLAZA,0.84
VEVENT_003488,2024-01-16 12:06:04,VEHICLE_00721,LOCATION_0299,ANPR,FIELD_SURVEILLANCE,0.88
VEVENT_003489,2024-01-16 12:16:04,VEHICLE_00472,LOCATION_0229,ANPR,POLICE_CHECKPOINT,0.86
VEVENT_003490,2024-01-16 12:21:04,VEHICLE_00721,LOCATION_0229,ANPR,FIELD_SURVEILLANCE,0.88
VEVENT_003491,2026-04-05 00:01:55,VEHICLE_00472,LOCATION_0049,ANPR,POLICE_CHECKPOINT,0.9
VEVENT_003492,2026-04-05 00:02:55,VEHICLE_00721,LOCATION_0049,ANPR,TOLL_PLAZA,0.96
VEVENT_003493,2026-04-05 00:13:55,VEHICLE_00472,LOCATION_0179,ANPR,TOLL_PLAZA,0.96
VEVENT_003494,2026-04-05 00:19:55,VEHICLE_00721,LOCATION_0179,ANPR,TOLL_PLAZA,0.92
VEVENT_003495,2026-04-05 00:25:55,VEHICLE_00472,LOCATION_0189,ANPR,TOLL_PLAZA,0.84
VEVENT_003496,2026-04-05 00:28:55,VEHICLE_00721,LOCATION_0189,ANPR,FIELD_SURVEILLANCE,0.91
VEVENT_003497,2026-04-05 00:37:55,VEHICLE_00472,LOCATION_0299,ANPR,ANPR_CAMERA,0.87
VEVENT_003498,2026-04-05 00:41:55,VEHICLE_00721,LOCATION_0299,ANPR,TOLL_PLAZA,0.8
VEVENT_003499,2026-04-05 00:49:55,VEHICLE_00472,LOCATION_0229,ANPR,TOLL_PLAZA,0.82
VEVENT_003500,2026-04-05 00:50:55,VEHICLE_00721,LOCATION_0229,ANPR,POLICE_CHECKPOINT,0.81
VEVENT_003501,2024-12-08 22:22:00,VEHICLE_00472,LOCATION_0049,ANPR,ANPR_CAMERA,0.92
VEVENT_003502,2024-12-08 22:25:00,VEHICLE_00721,LOCATION_0049,ANPR,FIELD_SURVEILLANCE,0.94
VEVENT_003503,2024-12-08 22:34:00,VEHICLE_00472,LOCATION_0179,ANPR,FIELD_SURVEILLANCE,0.96
VEVENT_003504,2024-12-08 22:37:00,VEHICLE_00721,LOCATION_0179,ANPR,POLICE_CHECKPOINT,0.96
VEVENT_003505,2024-12-08 22:46:00,VEHICLE_00472,LOCATION_0189,ANPR,ANPR_CAMERA,0.87
VEVENT_003506,2024-12-08 22:50:00,VEHICLE_00721,LOCATION_0189,ANPR,ANPR_CAMERA,0.87
VEVENT_003507,2024-12-08 22:58:00,VEHICLE_00472,LOCATION_0299,ANPR,POLICE_CHECKPOINT,0.84
VEVENT_003508,2024-12-08 23:02:00,VEHICLE_00721,LOCATION_0299,ANPR,POLICE_CHECKPOINT,0.96
VEVENT_003509,2024-12-08 23:10:00,VEHICLE_00472,LOCATION_0229,ANPR,TOLL_PLAZA,0.95
VEVENT_003510,2024-12-08 23:11:00,VEHICLE_00721,LOCATION_0229,ANPR,TOLL_PLAZA,0.88
VEVENT_003511,2026-04-24 01:23:05,VEHICLE_00472,LOCATION_0049,ANPR,ANPR_CAMERA,0.83
VEVENT_003512,2026-04-24 01:29:05,VEHICLE_00721,LOCATION_0049,ANPR,POLICE_CHECKPOINT,0.83
VEVENT_003513,2026-04-24 01:35:05,VEHICLE_00472,LOCATION_0179,ANPR,TOLL_PLAZA,0.83
VEVENT_003514,2026-04-24 01:40:05,VEHICLE_00721,LOCATION_0179,ANPR,FIELD_SURVEILLANCE,0.87
VEVENT_003515,2026-04-24 01:47:05,VEHICLE_00472,LOCATION_0189,ANPR,FIELD_SURVEILLANCE,0.93
VEVENT_003516,2026-04-24 01:52:05,VEHICLE_00721,LOCATION_0189,ANPR,ANPR_CAMERA,0.92
VEVENT_003517,2026-04-24 01:59:05,VEHICLE_00472,LOCATION_0299,ANPR,POLICE_CHECKPOINT,0.91
VEVENT_003518,2026-04-24 02:05:05,VEHICLE_00721,LOCATION_0299,ANPR,TOLL_PLAZA,0.95
VEVENT_003519,2026-04-24 02:11:05,VEHICLE_00472,LOCATION_0229,ANPR,ANPR_CAMERA,0.83
VEVENT_003520,2026-04-24 02:16:05,VEHICLE_00721,LOCATION_0229,ANPR,POLICE_CHECKPOINT,0.87
VEVENT_003521,2024-08-25 14:54:49,VEHICLE_00746,LOCATION_0069,ANPR,ANPR_CAMERA,0.81
VEVENT_003522,2024-08-25 16:24:49,VEHICLE_00247,LOCATION_0069,ANPR,TOLL_PLAZA,0.88
VEVENT_003523,2026-02-05 11:06:28,VEHICLE_00064,LOCATION_0023,ANPR,TOLL_PLAZA,0.81
VEVENT_003524,2026-02-05 12:21:28,VEHICLE_00619,LOCATION_0023,ANPR,POLICE_CHECKPOINT,0.84
VEVENT_003525,2024-02-19 14:42:36,VEHICLE_00513,LOCATION_0130,ANPR,FIELD_SURVEILLANCE,0.95
VEVENT_003526,2024-02-19 15:15:36,VEHICLE_00287,LOCATION_0130,ANPR,ANPR_CAMERA,0.83
VEVENT_003527,2025-04-18 12:33:01,VEHICLE_00100,LOCATION_0025,ANPR,TOLL_PLAZA,0.91
VEVENT_003528,2025-04-18 13:55:01,VEHICLE_00630,LOCATION_0025,ANPR,POLICE_CHECKPOINT,0.88
VEVENT_003529,2024-10-27 05:21:57,VEHICLE_00370,LOCATION_0271,ANPR,POLICE_CHECKPOINT,0.81
VEVENT_003530,2024-10-27 06:21:57,VEHICLE_00713,LOCATION_0271,ANPR,FIELD_SURVEILLANCE,0.86
VEVENT_003531,2026-06-18 11:51:02,VEHICLE_00271,LOCATION_0239,ANPR,POLICE_CHECKPOINT,0.96
VEVENT_003532,2026-06-18 12:51:02,VEHICLE_00070,LOCATION_0239,ANPR,FIELD_SURVEILLANCE,0.81
VEVENT_003533,2024-12-29 22:38:36,VEHICLE_00355,LOCATION_0219,ANPR,TOLL_PLAZA,0.85
VEVENT_003534,2024-12-29 23:52:36,VEHICLE_00241,LOCATION_0219,ANPR,POLICE_CHECKPOINT,0.94
VEVENT_003535,2026-01-18 00:55:32,VEHICLE_00711,LOCATION_0129,ANPR,FIELD_SURVEILLANCE,0.9
VEVENT_003536,2026-01-18 02:08:32,VEHICLE_00705,LOCATION_0129,ANPR,POLICE_CHECKPOINT,0.97
VEVENT_003537,2024-07-15 18:18:21,VEHICLE_00346,LOCATION_0029,ANPR,POLICE_CHECKPOINT,0.83
VEVENT_003538,2024-07-15 18:57:21,VEHICLE_00582,LOCATION_0029,ANPR,TOLL_PLAZA,0.81
VEVENT_003539,2024-08-14 00:15:31,VEHICLE_00184,LOCATION_0034,ANPR,ANPR_CAMERA,0.92
VEVENT_003540,2024-08-14 00:41:31,VEHICLE_00381,LOCATION_0034,ANPR,ANPR_CAMERA,0.92
VEVENT_003541,2025-03-03 16:12:27,VEHICLE_00328,LOCATION_0121,ANPR,TOLL_PLAZA,0.96
VEVENT_003542,2025-03-03 17:15:27,VEHICLE_00438,LOCATION_0121,ANPR,FIELD_SURVEILLANCE,0.81
VEVENT_003543,2024-02-27 16:23:06,VEHICLE_00368,LOCATION_0273,ANPR,ANPR_CAMERA,0.81
VEVENT_003544,2024-02-27 17:13:06,VEHICLE_00719,LOCATION_0273,ANPR,POLICE_CHECKPOINT,0.93
VEVENT_003545,2025-06-04 14:06:19,VEHICLE_00750,LOCATION_0264,ANPR,TOLL_PLAZA,0.91
VEVENT_003546,2025-06-04 15:08:19,VEHICLE_00395,LOCATION_0264,ANPR,ANPR_CAMERA,0.8
VEVENT_003547,2026-04-23 23:25:49,VEHICLE_00627,LOCATION_0092,ANPR,FIELD_SURVEILLANCE,0.88
VEVENT_003548,2026-04-24 00:07:49,VEHICLE_00071,LOCATION_0092,ANPR,FIELD_SURVEILLANCE,0.95
VEVENT_003549,2025-10-29 22:15:32,VEHICLE_00012,LOCATION_0176,ANPR,TOLL_PLAZA,0.91
VEVENT_003550,2025-10-29 23:29:32,VEHICLE_00749,LOCATION_0176,ANPR,ANPR_CAMERA,0.8
VEVENT_003551,2024-01-05 14:44:42,VEHICLE_00295,LOCATION_0019,ANPR,ANPR_CAMERA,0.88
VEVENT_003552,2024-01-05 15:33:42,VEHICLE_00265,LOCATION_0019,ANPR,FIELD_SURVEILLANCE,0.83
VEVENT_003553,2026-06-16 16:47:50,VEHICLE_00046,LOCATION_0222,ANPR,POLICE_CHECKPOINT,0.88
VEVENT_003554,2026-06-16 17:51:50,VEHICLE_00125,LOCATION_0222,ANPR,TOLL_PLAZA,0.86
VEVENT_003555,2025-11-11 20:50:39,VEHICLE_00152,LOCATION_0299,ANPR,ANPR_CAMERA,0.88
VEVENT_003556,2025-11-11 21:16:39,VEHICLE_00376,LOCATION_0299,ANPR,ANPR_CAMERA,0.8
VEVENT_003557,2024-02-07 11:34:47,VEHICLE_00143,LOCATION_0077,ANPR,POLICE_CHECKPOINT,0.91
VEVENT_003558,2024-02-07 12:25:47,VEHICLE_00761,LOCATION_0077,ANPR,TOLL_PLAZA,0.83
VEVENT_003559,2025-08-22 22:21:25,VEHICLE_00601,LOCATION_0281,ANPR,ANPR_CAMERA,0.9
VEVENT_003560,2025-08-22 23:09:25,VEHICLE_00278,LOCATION_0281,ANPR,TOLL_PLAZA,0.94
VEVENT_003561,2024-07-11 17:46:13,VEHICLE_00693,LOCATION_0025,ANPR,ANPR_CAMERA,0.87
VEVENT_003562,2024-07-11 18:31:13,VEHICLE_00538,LOCATION_0025,ANPR,TOLL_PLAZA,0.97
VEVENT_003563,2026-05-12 18:22:19,VEHICLE_00748,LOCATION_0095,ANPR,FIELD_SURVEILLANCE,0.95
VEVENT_003564,2026-05-12 19:17:19,VEHICLE_00445,LOCATION_0095,ANPR,FIELD_SURVEILLANCE,0.9
VEVENT_003565,2024-04-04 00:38:12,VEHICLE_00137,LOCATION_0148,ANPR,TOLL_PLAZA,0.95
VEVENT_003566,2024-04-04 01:18:12,VEHICLE_00107,LOCATION_0148,ANPR,ANPR_CAMERA,0.92
VEVENT_003567,2024-04-12 15:18:45,VEHICLE_00600,LOCATION_0041,ANPR,ANPR_CAMERA,0.93
VEVENT_003568,2024-04-12 16:45:45,VEHICLE_00330,LOCATION_0041,ANPR,TOLL_PLAZA,0.83
VEVENT_003569,2026-04-14 00:14:36,VEHICLE_00658,LOCATION_0273,ANPR,ANPR_CAMERA,0.92
VEVENT_003570,2026-04-14 01:22:36,VEHICLE_00560,LOCATION_0273,ANPR,ANPR_CAMERA,0.93
VEVENT_003571,2025-11-19 12:31:42,VEHICLE_00540,LOCATION_0079,ANPR,FIELD_SURVEILLANCE,0.85
VEVENT_003572,2025-11-19 13:39:42,VEHICLE_00314,LOCATION_0079,ANPR,ANPR_CAMERA,0.8
VEVENT_003573,2026-02-27 03:48:04,VEHICLE_00583,LOCATION_0022,ANPR,TOLL_PLAZA,0.87
VEVENT_003574,2026-02-27 05:07:04,VEHICLE_00509,LOCATION_0022,ANPR,FIELD_SURVEILLANCE,0.91
VEVENT_003575,2025-06-20 22:47:02,VEHICLE_00591,LOCATION_0184,ANPR,ANPR_CAMERA,0.85
VEVENT_003576,2025-06-20 23:37:02,VEHICLE_00396,LOCATION_0184,ANPR,FIELD_SURVEILLANCE,0.82
VEVENT_003577,2024-11-22 21:37:58,VEHICLE_00646,LOCATION_0064,ANPR,POLICE_CHECKPOINT,0.91
VEVENT_003578,2024-11-22 23:06:58,VEHICLE_00292,LOCATION_0064,ANPR,ANPR_CAMERA,0.87
VEVENT_003579,2025-07-13 13:55:55,VEHICLE_00182,LOCATION_0104,ANPR,FIELD_SURVEILLANCE,0.86
VEVENT_003580,2025-07-13 14:44:55,VEHICLE_00716,LOCATION_0104,ANPR,ANPR_CAMERA,0.84
VEVENT_003581,2024-12-09 07:38:04,VEHICLE_00458,LOCATION_0209,ANPR,ANPR_CAMERA,0.9
VEVENT_003582,2024-12-09 07:58:04,VEHICLE_00589,LOCATION_0209,ANPR,ANPR_CAMERA,0.95
VEVENT_003583,2025-09-12 11:11:15,VEHICLE_00045,LOCATION_0049,ANPR,POLICE_CHECKPOINT,0.93
VEVENT_003584,2025-09-12 12:11:15,VEHICLE_00140,LOCATION_0049,ANPR,ANPR_CAMERA,0.85
VEVENT_003585,2024-05-31 06:55:29,VEHICLE_00689,LOCATION_0030,ANPR,TOLL_PLAZA,0.89
VEVENT_003586,2024-05-31 07:27:29,VEHICLE_00145,LOCATION_0030,ANPR,POLICE_CHECKPOINT,0.9
VEVENT_003587,2026-05-12 06:13:12,VEHICLE_00102,LOCATION_0137,ANPR,ANPR_CAMERA,0.88
VEVENT_003588,2026-05-12 07:03:12,VEHICLE_00400,LOCATION_0137,ANPR,FIELD_SURVEILLANCE,0.85
VEVENT_003589,2025-08-20 05:59:04,VEHICLE_00663,LOCATION_0117,ANPR,TOLL_PLAZA,0.8
VEVENT_003590,2025-08-20 07:11:04,VEHICLE_00202,LOCATION_0117,ANPR,TOLL_PLAZA,0.88
VEVENT_003591,2025-05-25 21:29:44,VEHICLE_00363,LOCATION_0190,ANPR,POLICE_CHECKPOINT,0.93
VEVENT_003592,2025-05-25 22:59:44,VEHICLE_00060,LOCATION_0190,ANPR,POLICE_CHECKPOINT,0.88
VEVENT_003593,2026-01-08 16:01:31,VEHICLE_00629,LOCATION_0273,ANPR,POLICE_CHECKPOINT,0.92
VEVENT_003594,2026-01-08 17:18:31,VEHICLE_00425,LOCATION_0273,ANPR,TOLL_PLAZA,0.95
VEVENT_003595,2024-02-10 17:32:23,VEHICLE_00522,LOCATION_0228,ANPR,FIELD_SURVEILLANCE,0.87
VEVENT_003596,2024-02-10 17:57:23,VEHICLE_00199,LOCATION_0228,ANPR,ANPR_CAMERA,0.89
VEVENT_003597,2026-06-01 21:37:54,VEHICLE_00388,LOCATION_0010,ANPR,TOLL_PLAZA,0.88
VEVENT_003598,2026-06-01 22:19:54,VEHICLE_00321,LOCATION_0010,ANPR,FIELD_SURVEILLANCE,0.81
VEVENT_003599,2024-04-29 06:05:03,VEHICLE_00023,LOCATION_0148,ANPR,POLICE_CHECKPOINT,0.82
VEVENT_003600,2024-04-29 06:36:03,VEHICLE_00578,LOCATION_0148,ANPR,FIELD_SURVEILLANCE,0.81
VEVENT_003601,2024-11-24 20:23:36,VEHICLE_00033,LOCATION_0253,ANPR,TOLL_PLAZA,0.91
VEVENT_003602,2024-11-24 21:20:36,VEHICLE_00398,LOCATION_0253,ANPR,TOLL_PLAZA,0.88
VEVENT_003603,2024-11-24 19:14:54,VEHICLE_00637,LOCATION_0152,ANPR,POLICE_CHECKPOINT,0.94
VEVENT_003604,2024-11-24 20:11:54,VEHICLE_00028,LOCATION_0152,ANPR,ANPR_CAMERA,0.81
VEVENT_003605,2026-03-05 13:03:00,VEHICLE_00621,LOCATION_0288,ANPR,TOLL_PLAZA,0.95
VEVENT_003606,2026-03-05 14:27:00,VEHICLE_00085,LOCATION_0288,ANPR,POLICE_CHECKPOINT,0.9
VEVENT_003607,2026-02-14 06:04:03,VEHICLE_00036,LOCATION_0132,ANPR,POLICE_CHECKPOINT,0.94
VEVENT_003608,2026-02-14 06:49:03,VEHICLE_00062,LOCATION_0132,ANPR,TOLL_PLAZA,0.84
VEVENT_003609,2025-11-23 07:52:29,VEHICLE_00042,LOCATION_0141,ANPR,POLICE_CHECKPOINT,0.88
VEVENT_003610,2025-11-23 09:17:29,VEHICLE_00626,LOCATION_0141,ANPR,ANPR_CAMERA,0.93
VEVENT_003611,2024-09-04 07:59:22,VEHICLE_00234,LOCATION_0167,ANPR,FIELD_SURVEILLANCE,0.84
VEVENT_003612,2024-09-04 09:25:22,VEHICLE_00666,LOCATION_0167,ANPR,POLICE_CHECKPOINT,0.95
VEVENT_003613,2024-12-18 05:09:25,VEHICLE_00470,LOCATION_0036,ANPR,TOLL_PLAZA,0.93
VEVENT_003614,2024-12-18 06:06:25,VEHICLE_00172,LOCATION_0036,ANPR,TOLL_PLAZA,0.94
VEVENT_003615,2024-03-29 21:05:04,VEHICLE_00309,LOCATION_0024,ANPR,FIELD_SURVEILLANCE,0.96
VEVENT_003616,2024-03-29 21:56:04,VEHICLE_00239,LOCATION_0024,ANPR,TOLL_PLAZA,0.84
VEVENT_003617,2026-01-23 04:15:34,VEHICLE_00098,LOCATION_0277,ANPR,ANPR_CAMERA,0.87
VEVENT_003618,2026-01-23 04:56:34,VEHICLE_00166,LOCATION_0277,ANPR,FIELD_SURVEILLANCE,0.82
VEVENT_003619,2025-09-16 01:42:08,VEHICLE_00335,LOCATION_0122,ANPR,POLICE_CHECKPOINT,0.9
VEVENT_003620,2025-09-16 02:31:08,VEHICLE_00743,LOCATION_0122,ANPR,ANPR_CAMERA,0.89
VEVENT_003621,2026-05-09 03:23:06,VEHICLE_00415,LOCATION_0186,ANPR,TOLL_PLAZA,0.94
VEVENT_003622,2026-05-09 04:21:06,VEHICLE_00281,LOCATION_0186,ANPR,TOLL_PLAZA,0.96
VEVENT_003623,2024-08-06 18:55:31,VEHICLE_00528,LOCATION_0036,ANPR,POLICE_CHECKPOINT,0.93
VEVENT_003624,2024-08-06 20:04:31,VEHICLE_00159,LOCATION_0036,ANPR,POLICE_CHECKPOINT,0.85
VEVENT_003625,2024-03-06 14:40:04,VEHICLE_00329,LOCATION_0191,ANPR,FIELD_SURVEILLANCE,0.82
VEVENT_003626,2024-03-06 15:09:04,VEHICLE_00580,LOCATION_0191,ANPR,FIELD_SURVEILLANCE,0.93
VEVENT_003627,2024-03-30 23:05:25,VEHICLE_00421,LOCATION_0218,ANPR,ANPR_CAMERA,0.95
VEVENT_003628,2024-03-31 00:28:25,VEHICLE_00357,LOCATION_0218,ANPR,TOLL_PLAZA,0.81
VEVENT_003629,2025-08-10 11:12:15,VEHICLE_00162,LOCATION_0011,ANPR,POLICE_CHECKPOINT,0.89
VEVENT_003630,2025-08-10 11:51:15,VEHICLE_00692,LOCATION_0011,ANPR,TOLL_PLAZA,0.89
VEVENT_003631,2025-05-31 05:04:09,VEHICLE_00738,LOCATION_0091,ANPR,POLICE_CHECKPOINT,0.82
VEVENT_003632,2025-05-31 06:08:09,VEHICLE_00359,LOCATION_0091,ANPR,TOLL_PLAZA,0.87
VEVENT_003633,2025-02-27 10:54:38,VEHICLE_00534,LOCATION_0267,ANPR,FIELD_SURVEILLANCE,0.86
VEVENT_003634,2025-02-27 11:37:38,VEHICLE_00332,LOCATION_0267,ANPR,TOLL_PLAZA,0.86
VEVENT_003635,2024-12-30 00:43:51,VEHICLE_00236,LOCATION_0084,ANPR,POLICE_CHECKPOINT,0.89
VEVENT_003636,2024-12-30 01:27:51,VEHICLE_00245,LOCATION_0084,ANPR,FIELD_SURVEILLANCE,0.82
VEVENT_003637,2026-03-21 09:44:21,VEHICLE_00383,LOCATION_0207,ANPR,FIELD_SURVEILLANCE,0.86
VEVENT_003638,2026-03-21 11:01:21,VEHICLE_00611,LOCATION_0207,ANPR,POLICE_CHECKPOINT,0.83
VEVENT_003639,2024-05-19 12:51:57,VEHICLE_00597,LOCATION_0031,ANPR,ANPR_CAMERA,0.96
VEVENT_003640,2024-05-19 14:00:57,VEHICLE_00655,LOCATION_0031,ANPR,FIELD_SURVEILLANCE,0.89
VEVENT_003641,2024-04-30 17:58:04,VEHICLE_00262,LOCATION_0277,ANPR,TOLL_PLAZA,0.9
VEVENT_003642,2024-04-30 19:18:04,VEHICLE_00090,LOCATION_0277,ANPR,ANPR_CAMERA,0.82
VEVENT_003643,2025-02-23 17:37:48,VEHICLE_00029,LOCATION_0143,ANPR,FIELD_SURVEILLANCE,0.94
VEVENT_003644,2025-02-23 18:30:48,VEHICLE_00500,LOCATION_0143,ANPR,FIELD_SURVEILLANCE,0.85
VEVENT_003645,2025-05-02 12:52:42,VEHICLE_00529,LOCATION_0077,ANPR,ANPR_CAMERA,0.93
VEVENT_003646,2025-05-02 13:24:42,VEHICLE_00089,LOCATION_0077,ANPR,TOLL_PLAZA,0.83
VEVENT_003647,2024-04-07 08:51:13,VEHICLE_00471,LOCATION_0299,ANPR,POLICE_CHECKPOINT,0.84
VEVENT_003648,2024-04-07 10:12:13,VEHICLE_00037,LOCATION_0299,ANPR,TOLL_PLAZA,0.82
VEVENT_003649,2025-05-23 15:22:11,VEHICLE_00387,LOCATION_0101,ANPR,POLICE_CHECKPOINT,0.87
VEVENT_003650,2025-05-23 16:29:11,VEHICLE_00486,LOCATION_0101,ANPR,POLICE_CHECKPOINT,0.85
VEVENT_003651,2024-09-23 12:17:10,VEHICLE_00623,LOCATION_0224,ANPR,ANPR_CAMERA,0.83
VEVENT_003652,2024-09-23 13:42:10,VEHICLE_00186,LOCATION_0224,ANPR,FIELD_SURVEILLANCE,0.96
VEVENT_003653,2024-09-20 12:58:16,VEHICLE_00452,LOCATION_0091,ANPR,POLICE_CHECKPOINT,0.86
VEVENT_003654,2024-09-20 14:08:16,VEHICLE_00505,LOCATION_0091,ANPR,TOLL_PLAZA,0.94
VEVENT_003655,2024-08-28 13:20:21,VEHICLE_00728,LOCATION_0045,ANPR,FIELD_SURVEILLANCE,0.94
VEVENT_003656,2024-08-28 13:50:21,VEHICLE_00737,LOCATION_0045,ANPR,FIELD_SURVEILLANCE,0.84
VEVENT_003657,2025-04-07 08:59:10,VEHICLE_00284,LOCATION_0015,ANPR,TOLL_PLAZA,0.89
VEVENT_003658,2025-04-07 09:25:10,VEHICLE_00688,LOCATION_0015,ANPR,TOLL_PLAZA,0.96
VEVENT_003659,2025-02-17 05:58:01,VEHICLE_00574,LOCATION_0194,ANPR,ANPR_CAMERA,0.93
VEVENT_003660,2025-02-17 06:31:01,VEHICLE_00554,LOCATION_0194,ANPR,TOLL_PLAZA,0.85
VEVENT_003661,2024-06-25 21:04:11,VEHICLE_00544,LOCATION_0147,ANPR,POLICE_CHECKPOINT,0.89
VEVENT_003662,2024-06-25 22:01:11,VEHICLE_00399,LOCATION_0147,ANPR,FIELD_SURVEILLANCE,0.94
VEVENT_003663,2024-01-04 12:53:07,VEHICLE_00014,LOCATION_0107,ANPR,ANPR_CAMERA,0.81
VEVENT_003664,2024-01-04 13:53:07,VEHICLE_00041,LOCATION_0107,ANPR,FIELD_SURVEILLANCE,0.84
VEVENT_003665,2026-01-08 18:36:44,VEHICLE_00127,LOCATION_0089,ANPR,TOLL_PLAZA,0.82
VEVENT_003666,2026-01-08 19:39:44,VEHICLE_00270,LOCATION_0089,ANPR,FIELD_SURVEILLANCE,0.82
VEVENT_003667,2026-02-07 04:07:10,VEHICLE_00514,LOCATION_0170,ANPR,POLICE_CHECKPOINT,0.96
VEVENT_003668,2026-02-07 05:12:10,VEHICLE_00043,LOCATION_0170,ANPR,POLICE_CHECKPOINT,0.92
VEVENT_003669,2024-01-28 16:00:00,VEHICLE_00644,LOCATION_0174,ANPR,FIELD_SURVEILLANCE,0.85
VEVENT_003670,2024-01-28 17:18:00,VEHICLE_00048,LOCATION_0174,ANPR,ANPR_CAMERA,0.85
VEVENT_003671,2024-07-14 13:42:36,VEHICLE_00155,LOCATION_0195,ANPR,TOLL_PLAZA,0.91
VEVENT_003672,2024-07-14 14:40:36,VEHICLE_00110,LOCATION_0195,ANPR,POLICE_CHECKPOINT,0.91
VEVENT_003673,2025-08-22 18:57:11,VEHICLE_00685,LOCATION_0117,ANPR,ANPR_CAMERA,0.93
VEVENT_003674,2025-08-22 20:20:11,VEHICLE_00617,LOCATION_0117,ANPR,POLICE_CHECKPOINT,0.86
VEVENT_003675,2024-06-09 22:02:05,VEHICLE_00730,LOCATION_0154,ANPR,TOLL_PLAZA,0.83
VEVENT_003676,2024-06-09 22:33:05,VEHICLE_00266,LOCATION_0154,ANPR,ANPR_CAMERA,0.92
VEVENT_003677,2024-01-30 13:29:16,VEHICLE_00762,LOCATION_0292,ANPR,FIELD_SURVEILLANCE,0.83
VEVENT_003678,2024-01-30 14:46:16,VEHICLE_00595,LOCATION_0292,ANPR,POLICE_CHECKPOINT,0.84
VEVENT_003679,2024-10-02 03:59:59,VEHICLE_00229,LOCATION_0223,ANPR,TOLL_PLAZA,0.96
VEVENT_003680,2024-10-02 04:42:59,VEHICLE_00504,LOCATION_0223,ANPR,TOLL_PLAZA,0.86
VEVENT_003681,2025-12-09 21:30:42,VEHICLE_00517,LOCATION_0289,ANPR,POLICE_CHECKPOINT,0.93
VEVENT_003682,2025-12-09 22:24:42,VEHICLE_00542,LOCATION_0289,ANPR,POLICE_CHECKPOINT,0.92
VEVENT_003683,2024-05-02 00:00:15,VEHICLE_00175,LOCATION_0143,ANPR,TOLL_PLAZA,0.88
VEVENT_003684,2024-05-02 00:43:15,VEHICLE_00434,LOCATION_0143,ANPR,ANPR_CAMERA,0.91
VEVENT_003685,2025-06-28 18:00:01,VEHICLE_00096,LOCATION_0222,ANPR,FIELD_SURVEILLANCE,0.81
VEVENT_003686,2025-06-28 19:24:01,VEHICLE_00568,LOCATION_0222,ANPR,POLICE_CHECKPOINT,0.96
VEVENT_003687,2025-03-02 12:07:52,VEHICLE_00297,LOCATION_0247,ANPR,TOLL_PLAZA,0.88
VEVENT_003688,2025-03-02 12:42:52,VEHICLE_00384,LOCATION_0247,ANPR,POLICE_CHECKPOINT,0.87
VEVENT_003689,2025-09-23 00:41:20,VEHICLE_00598,LOCATION_0221,ANPR,POLICE_CHECKPOINT,0.86
VEVENT_003690,2025-09-23 01:16:20,VEHICLE_00120,LOCATION_0221,ANPR,FIELD_SURVEILLANCE,0.89
VEVENT_003691,2025-09-10 06:23:11,VEHICLE_00212,LOCATION_0068,ANPR,TOLL_PLAZA,0.92
VEVENT_003692,2025-09-10 07:34:11,VEHICLE_00699,LOCATION_0068,ANPR,TOLL_PLAZA,0.92
VEVENT_003693,2025-06-30 21:20:25,VEHICLE_00546,LOCATION_0099,ANPR,FIELD_SURVEILLANCE,0.92
VEVENT_003694,2025-06-30 22:22:25,VEHICLE_00657,LOCATION_0099,ANPR,TOLL_PLAZA,0.94
VEVENT_003695,2025-03-18 18:35:25,VEHICLE_00401,LOCATION_0126,ANPR,POLICE_CHECKPOINT,0.87
VEVENT_003696,2025-03-18 19:49:25,VEHICLE_00641,LOCATION_0126,ANPR,TOLL_PLAZA,0.88
VEVENT_003697,2024-01-21 21:26:09,VEHICLE_00718,LOCATION_0091,ANPR,POLICE_CHECKPOINT,0.92
VEVENT_003698,2024-01-21 21:48:09,VEHICLE_00083,LOCATION_0091,ANPR,TOLL_PLAZA,0.91
VEVENT_003699,2024-08-03 04:01:46,VEHICLE_00724,LOCATION_0015,ANPR,TOLL_PLAZA,0.95
VEVENT_003700,2024-08-03 05:00:46,VEHICLE_00035,LOCATION_0015,ANPR,ANPR_CAMERA,0.92
VEVENT_003701,2026-03-23 06:43:52,VEHICLE_00516,LOCATION_0173,ANPR,TOLL_PLAZA,0.92
VEVENT_003702,2026-03-23 07:45:52,VEHICLE_00053,LOCATION_0173,ANPR,TOLL_PLAZA,0.95
VEVENT_003703,2026-02-06 14:46:31,VEHICLE_00482,LOCATION_0236,ANPR,POLICE_CHECKPOINT,0.93
VEVENT_003704,2026-02-06 16:15:31,VEHICLE_00437,LOCATION_0236,ANPR,ANPR_CAMERA,0.81
VEVENT_003705,2024-07-10 22:09:59,VEHICLE_00556,LOCATION_0189,ANPR,FIELD_SURVEILLANCE,0.82
VEVENT_003706,2024-07-10 23:12:59,VEHICLE_00429,LOCATION_0189,ANPR,POLICE_CHECKPOINT,0.96
VEVENT_003707,2025-07-01 03:55:17,VEHICLE_00668,LOCATION_0102,ANPR,POLICE_CHECKPOINT,0.95
VEVENT_003708,2025-07-01 04:15:17,VEHICLE_00171,LOCATION_0102,ANPR,ANPR_CAMERA,0.9
VEVENT_003709,2024-12-09 01:06:14,VEHICLE_00061,LOCATION_0103,ANPR,POLICE_CHECKPOINT,0.94
VEVENT_003710,2024-12-09 01:56:14,VEHICLE_00077,LOCATION_0103,ANPR,FIELD_SURVEILLANCE,0.88
VEVENT_003711,2024-01-20 15:40:29,VEHICLE_00727,LOCATION_0153,ANPR,TOLL_PLAZA,0.83
VEVENT_003712,2024-01-20 16:13:29,VEHICLE_00168,LOCATION_0153,ANPR,ANPR_CAMERA,0.94
VEVENT_003713,2026-03-01 04:16:13,VEHICLE_00507,LOCATION_0038,ANPR,TOLL_PLAZA,0.9
VEVENT_003714,2026-03-01 05:01:13,VEHICLE_00628,LOCATION_0038,ANPR,ANPR_CAMERA,0.81
VEVENT_003715,2025-03-18 19:05:29,VEHICLE_00613,LOCATION_0257,ANPR,ANPR_CAMERA,0.96
VEVENT_003716,2025-03-18 19:47:29,VEHICLE_00128,LOCATION_0257,ANPR,FIELD_SURVEILLANCE,0.88
VEVENT_003717,2024-09-25 19:49:44,VEHICLE_00672,LOCATION_0237,ANPR,TOLL_PLAZA,0.87
VEVENT_003718,2024-09-25 20:25:44,VEHICLE_00569,LOCATION_0237,ANPR,TOLL_PLAZA,0.88
VEVENT_003719,2025-01-25 12:35:14,VEHICLE_00687,LOCATION_0026,ANPR,POLICE_CHECKPOINT,0.82
VEVENT_003720,2025-01-25 13:10:14,VEHICLE_00091,LOCATION_0026,ANPR,FIELD_SURVEILLANCE,0.95
VEVENT_003721,2025-09-11 02:07:12,VEHICLE_00310,LOCATION_0220,ANPR,FIELD_SURVEILLANCE,0.85
VEVENT_003722,2025-09-11 03:22:12,VEHICLE_00356,LOCATION_0220,ANPR,FIELD_SURVEILLANCE,0.84
VEVENT_003723,2026-02-28 07:20:57,VEHICLE_00697,LOCATION_0196,ANPR,ANPR_CAMERA,0.97
VEVENT_003724,2026-02-28 08:18:57,VEHICLE_00366,LOCATION_0196,ANPR,POLICE_CHECKPOINT,0.96
VEVENT_003725,2025-01-09 18:53:07,VEHICLE_00011,LOCATION_0251,ANPR,TOLL_PLAZA,0.96
VEVENT_003726,2025-01-09 19:49:07,VEHICLE_00180,LOCATION_0251,ANPR,TOLL_PLAZA,0.89
VEVENT_003727,2026-03-08 08:49:26,VEHICLE_00150,LOCATION_0148,ANPR,POLICE_CHECKPOINT,0.91
VEVENT_003728,2026-03-08 09:32:26,VEHICLE_00084,LOCATION_0148,ANPR,ANPR_CAMERA,0.95
VEVENT_003729,2024-08-25 00:58:58,VEHICLE_00192,LOCATION_0095,ANPR,TOLL_PLAZA,0.82
VEVENT_003730,2024-08-25 02:18:58,VEHICLE_00315,LOCATION_0095,ANPR,TOLL_PLAZA,0.97
VEVENT_003731,2024-04-21 10:49:22,VEHICLE_00103,LOCATION_0015,ANPR,FIELD_SURVEILLANCE,0.83
VEVENT_003732,2024-04-21 12:01:22,VEHICLE_00195,LOCATION_0015,ANPR,FIELD_SURVEILLANCE,0.97
VEVENT_003733,2024-01-12 15:51:59,VEHICLE_00700,LOCATION_0278,ANPR,FIELD_SURVEILLANCE,0.94
VEVENT_003734,2024-01-12 16:26:59,VEHICLE_00189,LOCATION_0278,ANPR,TOLL_PLAZA,0.84
VEVENT_003735,2024-11-09 00:02:30,VEHICLE_00382,LOCATION_0283,ANPR,TOLL_PLAZA,0.87
VEVENT_003736,2024-11-09 00:33:30,VEHICLE_00268,LOCATION_0283,ANPR,TOLL_PLAZA,0.94
VEVENT_003737,2024-10-18 10:47:37,VEHICLE_00249,LOCATION_0244,ANPR,TOLL_PLAZA,0.88
VEVENT_003738,2024-10-18 11:16:37,VEHICLE_00745,LOCATION_0244,ANPR,TOLL_PLAZA,0.96
VEVENT_003739,2026-03-24 07:21:42,VEHICLE_00662,LOCATION_0128,ANPR,TOLL_PLAZA,0.85
VEVENT_003740,2026-03-24 08:35:42,VEHICLE_00694,LOCATION_0128,ANPR,FIELD_SURVEILLANCE,0.86
VEVENT_003741,2025-11-13 10:52:25,VEHICLE_00289,LOCATION_0198,ANPR,FIELD_SURVEILLANCE,0.96
VEVENT_003742,2025-11-13 10:56:25,VEHICLE_00485,LOCATION_0198,ANPR,FIELD_SURVEILLANCE,0.94
VEVENT_003743,2026-05-15 06:19:55,VEHICLE_00289,LOCATION_0198,ANPR,TOLL_PLAZA,0.81
VEVENT_003744,2026-05-15 06:30:55,VEHICLE_00485,LOCATION_0198,ANPR,POLICE_CHECKPOINT,0.95
VEVENT_003745,2024-08-13 20:39:59,VEHICLE_00343,LOCATION_0146,ANPR,FIELD_SURVEILLANCE,0.81
VEVENT_003746,2024-08-13 20:46:59,VEHICLE_00301,LOCATION_0146,ANPR,ANPR_CAMERA,0.81
VEVENT_003747,2026-01-10 17:20:57,VEHICLE_00343,LOCATION_0146,ANPR,FIELD_SURVEILLANCE,0.94
VEVENT_003748,2026-01-10 17:24:57,VEHICLE_00301,LOCATION_0146,ANPR,ANPR_CAMERA,0.82
VEVENT_003749,2026-04-06 20:45:33,VEHICLE_00343,LOCATION_0146,ANPR,ANPR_CAMERA,0.94
VEVENT_003750,2026-04-06 20:51:33,VEHICLE_00301,LOCATION_0146,ANPR,ANPR_CAMERA,0.82
VEVENT_003751,2026-02-10 22:57:34,VEHICLE_00343,LOCATION_0146,ANPR,TOLL_PLAZA,0.87
VEVENT_003752,2026-02-10 23:02:34,VEHICLE_00301,LOCATION_0146,ANPR,FIELD_SURVEILLANCE,0.82
VEVENT_003753,2024-02-14 02:42:58,VEHICLE_00585,LOCATION_0179,ANPR,FIELD_SURVEILLANCE,0.95
VEVENT_003754,2024-02-14 02:56:58,VEHICLE_00454,LOCATION_0179,ANPR,POLICE_CHECKPOINT,0.84
VEVENT_003755,2026-04-27 07:42:02,VEHICLE_00585,LOCATION_0179,ANPR,ANPR_CAMERA,0.82
VEVENT_003756,2026-04-27 07:50:02,VEHICLE_00454,LOCATION_0179,ANPR,ANPR_CAMERA,0.97
VEVENT_003757,2025-07-15 01:53:33,VEHICLE_00585,LOCATION_0179,ANPR,TOLL_PLAZA,0.91
VEVENT_003758,2025-07-15 02:05:33,VEHICLE_00454,LOCATION_0179,ANPR,TOLL_PLAZA,0.81
VEVENT_003759,2026-01-21 01:00:38,VEHICLE_00756,LOCATION_0229,ANPR,ANPR_CAMERA,0.87
VEVENT_003760,2026-01-21 01:07:38,VEHICLE_00049,LOCATION_0229,ANPR,TOLL_PLAZA,0.82
VEVENT_003761,2024-04-07 00:06:49,VEHICLE_00756,LOCATION_0229,ANPR,POLICE_CHECKPOINT,0.86
VEVENT_003762,2024-04-07 00:11:49,VEHICLE_00049,LOCATION_0229,ANPR,ANPR_CAMERA,0.92
VEVENT_003763,2025-05-24 23:47:47,VEHICLE_00134,LOCATION_0084,ANPR,FIELD_SURVEILLANCE,0.86
VEVENT_003764,2025-05-24 23:50:47,VEHICLE_00709,LOCATION_0084,ANPR,ANPR_CAMERA,0.89
VEVENT_003765,2025-08-15 04:22:44,VEHICLE_00134,LOCATION_0084,ANPR,TOLL_PLAZA,0.88
VEVENT_003766,2025-08-15 04:34:44,VEHICLE_00709,LOCATION_0084,ANPR,TOLL_PLAZA,0.82
VEVENT_003767,2026-03-04 07:12:58,VEHICLE_00134,LOCATION_0084,ANPR,POLICE_CHECKPOINT,0.89
VEVENT_003768,2026-03-04 07:13:58,VEHICLE_00709,LOCATION_0084,ANPR,POLICE_CHECKPOINT,0.89
VEVENT_003769,2024-03-16 15:12:53,VEHICLE_00339,LOCATION_0178,ANPR,TOLL_PLAZA,0.88
VEVENT_003770,2024-03-16 15:22:53,VEHICLE_00251,LOCATION_0178,ANPR,ANPR_CAMERA,0.9
VEVENT_003771,2025-04-06 20:47:36,VEHICLE_00339,LOCATION_0178,ANPR,TOLL_PLAZA,0.96
VEVENT_003772,2025-04-06 20:55:36,VEHICLE_00251,LOCATION_0178,ANPR,TOLL_PLAZA,0.86
VEVENT_003773,2024-01-23 01:13:42,VEHICLE_00744,LOCATION_0272,ANPR,FIELD_SURVEILLANCE,0.82
VEVENT_003774,2024-01-23 01:26:42,VEHICLE_00392,LOCATION_0272,ANPR,TOLL_PLAZA,0.89
VEVENT_003775,2025-02-21 07:02:04,VEHICLE_00744,LOCATION_0272,ANPR,TOLL_PLAZA,0.95
VEVENT_003776,2025-02-21 07:12:04,VEHICLE_00392,LOCATION_0272,ANPR,ANPR_CAMERA,0.87
VEVENT_003777,2024-08-25 19:53:53,VEHICLE_00744,LOCATION_0272,ANPR,ANPR_CAMERA,0.93
VEVENT_003778,2024-08-25 20:01:53,VEHICLE_00392,LOCATION_0272,ANPR,TOLL_PLAZA,0.96
VEVENT_003779,2024-06-05 19:01:29,VEHICLE_00744,LOCATION_0272,ANPR,TOLL_PLAZA,0.96
VEVENT_003780,2024-06-05 19:09:29,VEHICLE_00392,LOCATION_0272,ANPR,POLICE_CHECKPOINT,0.8
VEVENT_003781,2025-08-14 01:09:18,VEHICLE_00442,LOCATION_0272,ANPR,FIELD_SURVEILLANCE,0.87
VEVENT_003782,2025-08-14 01:17:18,VEHICLE_00080,LOCATION_0272,ANPR,POLICE_CHECKPOINT,0.87
VEVENT_003783,2025-01-24 13:00:55,VEHICLE_00442,LOCATION_0272,ANPR,TOLL_PLAZA,0.8
VEVENT_003784,2025-01-24 13:09:55,VEHICLE_00080,LOCATION_0272,ANPR,ANPR_CAMERA,0.94
VEVENT_003785,2024-12-21 13:00:13,VEHICLE_00442,LOCATION_0272,ANPR,TOLL_PLAZA,0.97
VEVENT_003786,2024-12-21 13:02:13,VEHICLE_00080,LOCATION_0272,ANPR,POLICE_CHECKPOINT,0.9
VEVENT_003787,2026-02-21 13:33:43,VEHICLE_00442,LOCATION_0272,ANPR,POLICE_CHECKPOINT,0.85
VEVENT_003788,2026-02-21 13:43:43,VEHICLE_00080,LOCATION_0272,ANPR,TOLL_PLAZA,0.96
VEVENT_003789,2024-08-11 17:28:30,VEHICLE_00305,LOCATION_0216,ANPR,FIELD_SURVEILLANCE,0.93
VEVENT_003790,2024-08-11 17:42:30,VEHICLE_00176,LOCATION_0216,ANPR,TOLL_PLAZA,0.9
VEVENT_003791,2026-03-11 03:59:28,VEHICLE_00305,LOCATION_0216,ANPR,TOLL_PLAZA,0.88
VEVENT_003792,2026-03-11 04:00:28,VEHICLE_00176,LOCATION_0216,ANPR,TOLL_PLAZA,0.96
VEVENT_003793,2024-04-20 10:43:33,VEHICLE_00305,LOCATION_0216,ANPR,TOLL_PLAZA,0.94
VEVENT_003794,2024-04-20 10:45:33,VEHICLE_00176,LOCATION_0216,ANPR,FIELD_SURVEILLANCE,0.85
VEVENT_003795,2024-05-09 21:09:16,VEHICLE_00099,LOCATION_0110,ANPR,TOLL_PLAZA,0.83
VEVENT_003796,2024-05-09 21:15:16,VEHICLE_00732,LOCATION_0110,ANPR,FIELD_SURVEILLANCE,0.83
VEVENT_003797,2024-12-11 20:03:47,VEHICLE_00099,LOCATION_0110,ANPR,FIELD_SURVEILLANCE,0.94
VEVENT_003798,2024-12-11 20:11:47,VEHICLE_00732,LOCATION_0110,ANPR,FIELD_SURVEILLANCE,0.93
VEVENT_003799,2024-08-11 09:00:41,VEHICLE_00099,LOCATION_0110,ANPR,TOLL_PLAZA,0.92
VEVENT_003800,2024-08-11 09:02:41,VEHICLE_00732,LOCATION_0110,ANPR,POLICE_CHECKPOINT,0.91
VEVENT_003801,2024-03-14 11:08:35,VEHICLE_00099,LOCATION_0110,ANPR,ANPR_CAMERA,0.9
VEVENT_003802,2024-03-14 11:17:35,VEHICLE_00732,LOCATION_0110,ANPR,FIELD_SURVEILLANCE,0.88
VEVENT_003803,2025-07-18 11:32:08,VEHICLE_00686,LOCATION_0273,ANPR,FIELD_SURVEILLANCE,0.94
VEVENT_003804,2025-07-18 11:34:08,VEHICLE_00475,LOCATION_0273,ANPR,POLICE_CHECKPOINT,0.83
VEVENT_003805,2024-07-01 14:14:46,VEHICLE_00686,LOCATION_0273,ANPR,TOLL_PLAZA,0.93
VEVENT_003806,2024-07-01 14:28:46,VEHICLE_00475,LOCATION_0273,ANPR,TOLL_PLAZA,0.96
VEVENT_003807,2024-04-17 08:09:14,VEHICLE_00539,LOCATION_0091,ANPR,ANPR_CAMERA,0.83
VEVENT_003808,2024-04-17 08:19:14,VEHICLE_00599,LOCATION_0091,ANPR,POLICE_CHECKPOINT,0.87
VEVENT_003809,2024-08-19 01:29:54,VEHICLE_00539,LOCATION_0091,ANPR,FIELD_SURVEILLANCE,0.92
VEVENT_003810,2024-08-19 01:42:54,VEHICLE_00599,LOCATION_0091,ANPR,POLICE_CHECKPOINT,0.81
VEVENT_003811,2026-06-08 07:07:58,VEHICLE_00539,LOCATION_0091,ANPR,ANPR_CAMERA,0.92
VEVENT_003812,2026-06-08 07:19:58,VEHICLE_00599,LOCATION_0091,ANPR,POLICE_CHECKPOINT,0.96
VEVENT_003813,2025-08-14 13:08:10,VEHICLE_00537,LOCATION_0211,ANPR,FIELD_SURVEILLANCE,0.9
VEVENT_003814,2025-08-14 13:21:10,VEHICLE_00269,LOCATION_0211,ANPR,TOLL_PLAZA,0.91
VEVENT_003815,2024-08-20 12:36:05,VEHICLE_00537,LOCATION_0211,ANPR,ANPR_CAMERA,0.93
VEVENT_003816,2024-08-20 12:38:05,VEHICLE_00269,LOCATION_0211,ANPR,POLICE_CHECKPOINT,0.89
VEVENT_003817,2024-12-19 15:19:26,VEHICLE_00537,LOCATION_0211,ANPR,POLICE_CHECKPOINT,0.86
VEVENT_003818,2024-12-19 15:27:26,VEHICLE_00269,LOCATION_0211,ANPR,TOLL_PLAZA,0.9
VEVENT_003819,2025-02-25 19:59:37,VEHICLE_00747,LOCATION_0250,ANPR,TOLL_PLAZA,0.83
VEVENT_003820,2025-02-25 20:13:37,VEHICLE_00170,LOCATION_0250,ANPR,FIELD_SURVEILLANCE,0.81
VEVENT_003821,2025-06-22 16:55:22,VEHICLE_00747,LOCATION_0250,ANPR,ANPR_CAMERA,0.94
VEVENT_003822,2025-06-22 16:57:22,VEHICLE_00170,LOCATION_0250,ANPR,FIELD_SURVEILLANCE,0.81
VEVENT_003823,2024-06-29 14:53:35,VEHICLE_00747,LOCATION_0250,ANPR,POLICE_CHECKPOINT,0.84
VEVENT_003824,2024-06-29 15:05:35,VEHICLE_00170,LOCATION_0250,ANPR,ANPR_CAMERA,0.82
VEVENT_003825,2025-07-26 02:17:23,VEHICLE_00747,LOCATION_0250,ANPR,TOLL_PLAZA,0.95
VEVENT_003826,2025-07-26 02:26:23,VEHICLE_00170,LOCATION_0250,ANPR,TOLL_PLAZA,0.87
VEVENT_003827,2026-02-09 14:38:43,VEHICLE_00179,LOCATION_0197,ANPR,ANPR_CAMERA,0.94
VEVENT_003828,2026-02-09 14:41:43,VEHICLE_00375,LOCATION_0197,ANPR,TOLL_PLAZA,0.89
VEVENT_003829,2025-12-23 20:57:55,VEHICLE_00179,LOCATION_0197,ANPR,POLICE_CHECKPOINT,0.9
VEVENT_003830,2025-12-23 21:08:55,VEHICLE_00375,LOCATION_0197,ANPR,POLICE_CHECKPOINT,0.9
VEVENT_003831,2025-09-19 05:23:06,VEHICLE_00179,LOCATION_0197,ANPR,TOLL_PLAZA,0.92
VEVENT_003832,2025-09-19 05:36:06,VEHICLE_00375,LOCATION_0197,ANPR,TOLL_PLAZA,0.85
VEVENT_003833,2024-10-26 11:16:30,VEHICLE_00179,LOCATION_0197,ANPR,ANPR_CAMERA,0.92
VEVENT_003834,2024-10-26 11:17:30,VEHICLE_00375,LOCATION_0197,ANPR,ANPR_CAMERA,0.95
VEVENT_003835,2026-01-19 22:22:51,VEHICLE_00417,LOCATION_0160,ANPR,TOLL_PLAZA,0.92
VEVENT_003836,2026-01-19 22:34:51,VEHICLE_00624,LOCATION_0160,ANPR,TOLL_PLAZA,0.82
VEVENT_003837,2024-09-05 02:11:59,VEHICLE_00417,LOCATION_0160,ANPR,POLICE_CHECKPOINT,0.87
VEVENT_003838,2024-09-05 02:13:59,VEHICLE_00624,LOCATION_0160,ANPR,TOLL_PLAZA,0.91
VEVENT_003839,2025-03-24 07:21:35,VEHICLE_00417,LOCATION_0160,ANPR,FIELD_SURVEILLANCE,0.92
VEVENT_003840,2025-03-24 07:26:35,VEHICLE_00624,LOCATION_0160,ANPR,ANPR_CAMERA,0.91
VEVENT_003841,2025-02-22 18:55:10,VEHICLE_00734,LOCATION_0046,ANPR,POLICE_CHECKPOINT,0.94
VEVENT_003842,2025-02-22 18:58:10,VEHICLE_00651,LOCATION_0046,ANPR,TOLL_PLAZA,0.82
VEVENT_003843,2024-09-02 02:51:43,VEHICLE_00734,LOCATION_0046,ANPR,ANPR_CAMERA,0.89
VEVENT_003844,2024-09-02 02:57:43,VEHICLE_00651,LOCATION_0046,ANPR,ANPR_CAMERA,0.8
VEVENT_003845,2024-05-12 19:06:10,VEHICLE_00734,LOCATION_0046,ANPR,TOLL_PLAZA,0.85
VEVENT_003846,2024-05-12 19:11:10,VEHICLE_00651,LOCATION_0046,ANPR,TOLL_PLAZA,0.84
VEVENT_003847,2024-10-04 06:54:55,VEHICLE_00336,LOCATION_0299,ANPR,FIELD_SURVEILLANCE,0.81
VEVENT_003848,2024-10-04 07:06:55,VEHICLE_00050,LOCATION_0299,ANPR,POLICE_CHECKPOINT,0.85
VEVENT_003849,2024-05-07 17:09:09,VEHICLE_00336,LOCATION_0299,ANPR,ANPR_CAMERA,0.82
VEVENT_003850,2024-05-07 17:12:09,VEHICLE_00050,LOCATION_0299,ANPR,TOLL_PLAZA,0.87
VEVENT_003851,2025-04-07 03:04:09,VEHICLE_00495,LOCATION_0182,ANPR,FIELD_SURVEILLANCE,0.92
VEVENT_003852,2025-04-07 03:16:09,VEHICLE_00052,LOCATION_0182,ANPR,ANPR_CAMERA,0.9
VEVENT_003853,2025-04-13 11:34:30,VEHICLE_00495,LOCATION_0182,ANPR,FIELD_SURVEILLANCE,0.92
VEVENT_003854,2025-04-13 11:39:30,VEHICLE_00052,LOCATION_0182,ANPR,ANPR_CAMERA,0.89
VEVENT_003855,2024-09-02 21:49:00,VEHICLE_00419,LOCATION_0064,ANPR,FIELD_SURVEILLANCE,0.92
VEVENT_003856,2024-09-02 22:04:00,VEHICLE_00311,LOCATION_0064,ANPR,POLICE_CHECKPOINT,0.88
VEVENT_003857,2024-08-27 12:13:21,VEHICLE_00419,LOCATION_0064,ANPR,POLICE_CHECKPOINT,0.87
VEVENT_003858,2024-08-27 12:27:21,VEHICLE_00311,LOCATION_0064,ANPR,FIELD_SURVEILLANCE,0.95
VEVENT_003859,2024-11-17 01:45:28,VEHICLE_00419,LOCATION_0064,ANPR,ANPR_CAMERA,0.91
VEVENT_003860,2024-11-17 01:59:28,VEHICLE_00311,LOCATION_0064,ANPR,POLICE_CHECKPOINT,0.88
VEVENT_003861,2025-11-20 04:14:02,VEHICLE_00614,LOCATION_0190,ANPR,FIELD_SURVEILLANCE,0.82
VEVENT_003862,2025-11-20 04:21:02,VEHICLE_00704,LOCATION_0190,ANPR,TOLL_PLAZA,0.96
VEVENT_003863,2025-09-23 10:31:58,VEHICLE_00614,LOCATION_0190,ANPR,TOLL_PLAZA,0.81
VEVENT_003864,2025-09-23 10:45:58,VEHICLE_00704,LOCATION_0190,ANPR,TOLL_PLAZA,0.88
VEVENT_003865,2026-03-27 12:41:20,VEHICLE_00736,LOCATION_0215,ANPR,TOLL_PLAZA,0.84
VEVENT_003866,2026-03-27 12:47:20,VEHICLE_00002,LOCATION_0215,ANPR,POLICE_CHECKPOINT,0.94
VEVENT_003867,2024-03-01 19:54:28,VEHICLE_00736,LOCATION_0215,ANPR,FIELD_SURVEILLANCE,0.81
VEVENT_003868,2024-03-01 20:02:28,VEHICLE_00002,LOCATION_0215,ANPR,FIELD_SURVEILLANCE,0.85
VEVENT_003869,2026-06-11 12:28:12,VEHICLE_00736,LOCATION_0215,ANPR,ANPR_CAMERA,0.94
VEVENT_003870,2026-06-11 12:38:12,VEHICLE_00002,LOCATION_0215,ANPR,ANPR_CAMERA,0.96
VEVENT_003871,2024-06-23 17:49:13,VEHICLE_00736,LOCATION_0215,ANPR,FIELD_SURVEILLANCE,0.84
VEVENT_003872,2024-06-23 17:54:13,VEHICLE_00002,LOCATION_0215,ANPR,TOLL_PLAZA,0.87
VEVENT_003873,2024-12-25 19:34:15,VEHICLE_00183,LOCATION_0009,ANPR,ANPR_CAMERA,0.9
VEVENT_003874,2024-12-25 19:39:15,VEHICLE_00075,LOCATION_0009,ANPR,ANPR_CAMERA,0.91
VEVENT_003875,2024-08-30 07:20:11,VEHICLE_00183,LOCATION_0009,ANPR,FIELD_SURVEILLANCE,0.89
VEVENT_003876,2024-08-30 07:24:11,VEHICLE_00075,LOCATION_0009,ANPR,POLICE_CHECKPOINT,0.94
VEVENT_003877,2024-10-22 10:52:01,VEHICLE_00183,LOCATION_0009,ANPR,ANPR_CAMERA,0.94
VEVENT_003878,2024-10-22 10:54:01,VEHICLE_00075,LOCATION_0009,ANPR,POLICE_CHECKPOINT,0.87
VEVENT_003879,2024-04-15 09:12:21,VEHICLE_00183,LOCATION_0009,ANPR,ANPR_CAMERA,0.88
VEVENT_003880,2024-04-15 09:13:21,VEHICLE_00075,LOCATION_0009,ANPR,TOLL_PLAZA,0.92
VEVENT_003881,2024-04-22 17:42:16,VEHICLE_00640,LOCATION_0265,ANPR,FIELD_SURVEILLANCE,0.94
VEVENT_003882,2024-04-22 17:44:16,VEHICLE_00221,LOCATION_0265,ANPR,TOLL_PLAZA,0.93
VEVENT_003883,2025-09-19 19:52:03,VEHICLE_00640,LOCATION_0265,ANPR,FIELD_SURVEILLANCE,0.8
VEVENT_003884,2025-09-19 19:53:03,VEHICLE_00221,LOCATION_0265,ANPR,POLICE_CHECKPOINT,0.96
VEVENT_003885,2024-06-09 07:58:44,VEHICLE_00758,LOCATION_0209,ANPR,FIELD_SURVEILLANCE,0.95
VEVENT_003886,2024-06-09 08:03:44,VEHICLE_00345,LOCATION_0209,ANPR,ANPR_CAMERA,0.89
VEVENT_003887,2024-07-15 13:44:11,VEHICLE_00758,LOCATION_0209,ANPR,POLICE_CHECKPOINT,0.91
VEVENT_003888,2024-07-15 13:58:11,VEHICLE_00345,LOCATION_0209,ANPR,POLICE_CHECKPOINT,0.83
VEVENT_003889,2024-08-29 07:58:57,VEHICLE_00758,LOCATION_0209,ANPR,POLICE_CHECKPOINT,0.8
VEVENT_003890,2024-08-29 08:11:57,VEHICLE_00345,LOCATION_0209,ANPR,ANPR_CAMERA,0.91
VEVENT_003891,2025-05-09 18:00:18,VEHICLE_00758,LOCATION_0209,ANPR,TOLL_PLAZA,0.92
VEVENT_003892,2025-05-09 18:07:18,VEHICLE_00345,LOCATION_0209,ANPR,FIELD_SURVEILLANCE,0.85
VEVENT_003893,2024-08-19 15:48:35,VEHICLE_00273,LOCATION_0150,ANPR,ANPR_CAMERA,0.88
VEVENT_003894,2024-08-19 15:51:35,VEHICLE_00293,LOCATION_0150,ANPR,TOLL_PLAZA,0.87
VEVENT_003895,2024-09-11 08:22:21,VEHICLE_00273,LOCATION_0150,ANPR,FIELD_SURVEILLANCE,0.94
VEVENT_003896,2024-09-11 08:26:21,VEHICLE_00293,LOCATION_0150,ANPR,POLICE_CHECKPOINT,0.94
VEVENT_003897,2024-08-04 18:42:47,VEHICLE_00377,LOCATION_0211,ANPR,FIELD_SURVEILLANCE,0.87
VEVENT_003898,2024-08-04 18:56:47,VEHICLE_00326,LOCATION_0211,ANPR,FIELD_SURVEILLANCE,0.87
VEVENT_003899,2025-06-27 20:04:52,VEHICLE_00377,LOCATION_0211,ANPR,ANPR_CAMERA,0.9
VEVENT_003900,2025-06-27 20:08:52,VEHICLE_00326,LOCATION_0211,ANPR,ANPR_CAMERA,0.82
VEVENT_003901,2026-05-14 08:05:25,VEHICLE_00377,LOCATION_0211,ANPR,FIELD_SURVEILLANCE,0.9
VEVENT_003902,2026-05-14 08:15:25,VEHICLE_00326,LOCATION_0211,ANPR,TOLL_PLAZA,0.85
VEVENT_003903,2024-01-25 08:49:22,VEHICLE_00634,LOCATION_0204,ANPR,ANPR_CAMERA,0.89
VEVENT_003904,2024-01-25 08:54:22,VEHICLE_00502,LOCATION_0204,ANPR,TOLL_PLAZA,0.94
VEVENT_003905,2024-08-23 11:55:55,VEHICLE_00634,LOCATION_0204,ANPR,POLICE_CHECKPOINT,0.94
VEVENT_003906,2024-08-23 12:09:55,VEHICLE_00502,LOCATION_0204,ANPR,POLICE_CHECKPOINT,0.82
VEVENT_003907,2026-04-22 18:39:38,VEHICLE_00325,LOCATION_0075,ANPR,FIELD_SURVEILLANCE,0.93
VEVENT_003908,2026-04-22 18:45:38,VEHICLE_00216,LOCATION_0075,ANPR,POLICE_CHECKPOINT,0.83
VEVENT_003909,2024-04-30 01:30:31,VEHICLE_00325,LOCATION_0075,ANPR,POLICE_CHECKPOINT,0.89
VEVENT_003910,2024-04-30 01:35:31,VEHICLE_00216,LOCATION_0075,ANPR,FIELD_SURVEILLANCE,0.88
VEVENT_003911,2025-12-23 16:34:08,VEHICLE_00073,LOCATION_0299,ANPR,FIELD_SURVEILLANCE,0.83
VEVENT_003912,2025-12-23 16:46:08,VEHICLE_00725,LOCATION_0299,ANPR,TOLL_PLAZA,0.83
VEVENT_003913,2025-12-06 14:12:20,VEHICLE_00073,LOCATION_0299,ANPR,ANPR_CAMERA,0.9
VEVENT_003914,2025-12-06 14:25:20,VEHICLE_00725,LOCATION_0299,ANPR,ANPR_CAMERA,0.88
VEVENT_003915,2026-03-23 04:56:48,VEHICLE_00073,LOCATION_0299,ANPR,ANPR_CAMERA,0.91
VEVENT_003916,2026-03-23 05:10:48,VEHICLE_00725,LOCATION_0299,ANPR,FIELD_SURVEILLANCE,0.92
VEVENT_003917,2025-10-06 11:32:24,VEHICLE_00073,LOCATION_0299,ANPR,POLICE_CHECKPOINT,0.91
VEVENT_003918,2025-10-06 11:42:24,VEHICLE_00725,LOCATION_0299,ANPR,FIELD_SURVEILLANCE,0.93
VEVENT_003919,2024-08-29 11:53:20,VEHICLE_00094,LOCATION_0134,ANPR,POLICE_CHECKPOINT,0.97
VEVENT_003920,2024-08-29 12:07:20,VEHICLE_00214,LOCATION_0134,ANPR,ANPR_CAMERA,0.84
VEVENT_003921,2024-09-20 20:50:54,VEHICLE_00094,LOCATION_0134,ANPR,TOLL_PLAZA,0.82
VEVENT_003922,2024-09-20 20:52:54,VEHICLE_00214,LOCATION_0134,ANPR,TOLL_PLAZA,0.95
VEVENT_003923,2025-01-15 11:31:07,VEHICLE_00094,LOCATION_0134,ANPR,TOLL_PLAZA,0.91
VEVENT_003924,2025-01-15 11:44:07,VEHICLE_00214,LOCATION_0134,ANPR,TOLL_PLAZA,0.96
VEVENT_003925,2024-03-26 23:38:32,VEHICLE_00094,LOCATION_0134,ANPR,TOLL_PLAZA,0.91
VEVENT_003926,2024-03-26 23:52:32,VEHICLE_00214,LOCATION_0134,ANPR,FIELD_SURVEILLANCE,0.81
VEVENT_003927,2024-12-12 06:03:48,VEHICLE_00364,LOCATION_0202,ANPR,TOLL_PLAZA,0.94
VEVENT_003928,2024-12-12 06:17:48,VEHICLE_00235,LOCATION_0202,ANPR,FIELD_SURVEILLANCE,0.96
VEVENT_003929,2024-11-01 05:44:10,VEHICLE_00364,LOCATION_0202,ANPR,FIELD_SURVEILLANCE,0.85
VEVENT_003930,2024-11-01 05:46:10,VEHICLE_00235,LOCATION_0202,ANPR,POLICE_CHECKPOINT,0.93
VEVENT_003931,2025-04-05 06:39:47,VEHICLE_00364,LOCATION_0202,ANPR,ANPR_CAMERA,0.93
VEVENT_003932,2025-04-05 06:43:47,VEHICLE_00235,LOCATION_0202,ANPR,FIELD_SURVEILLANCE,0.86
VEVENT_003933,2025-08-08 03:25:47,VEHICLE_00364,LOCATION_0202,ANPR,TOLL_PLAZA,0.82
VEVENT_003934,2025-08-08 03:32:47,VEHICLE_00235,LOCATION_0202,ANPR,POLICE_CHECKPOINT,0.94
VEVENT_003935,2026-05-20 14:51:21,VEHICLE_00344,LOCATION_0142,ANPR,TOLL_PLAZA,0.8
VEVENT_003936,2026-05-20 15:01:21,VEHICLE_00393,LOCATION_0142,ANPR,TOLL_PLAZA,0.96
VEVENT_003937,2025-11-27 16:55:11,VEHICLE_00344,LOCATION_0142,ANPR,ANPR_CAMERA,0.93
VEVENT_003938,2025-11-27 17:01:11,VEHICLE_00393,LOCATION_0142,ANPR,ANPR_CAMERA,0.88
VEVENT_003939,2024-03-02 21:52:40,VEHICLE_00731,LOCATION_0258,ANPR,ANPR_CAMERA,0.85
VEVENT_003940,2024-03-02 21:56:40,VEHICLE_00277,LOCATION_0258,ANPR,POLICE_CHECKPOINT,0.97
VEVENT_003941,2025-03-09 11:48:20,VEHICLE_00731,LOCATION_0258,ANPR,TOLL_PLAZA,0.91
VEVENT_003942,2025-03-09 11:59:20,VEHICLE_00277,LOCATION_0258,ANPR,POLICE_CHECKPOINT,0.89
VEVENT_003943,2025-10-31 23:26:11,VEHICLE_00731,LOCATION_0258,ANPR,TOLL_PLAZA,0.86
VEVENT_003944,2025-10-31 23:28:11,VEHICLE_00277,LOCATION_0258,ANPR,POLICE_CHECKPOINT,0.82
VEVENT_003945,2024-07-07 02:08:33,VEHICLE_00731,LOCATION_0258,ANPR,TOLL_PLAZA,0.96
VEVENT_003946,2024-07-07 02:16:33,VEHICLE_00277,LOCATION_0258,ANPR,FIELD_SURVEILLANCE,0.82
VEVENT_003947,2025-10-10 22:51:41,VEHICLE_00449,LOCATION_0271,ANPR,ANPR_CAMERA,0.82
VEVENT_003948,2025-10-10 22:57:41,VEHICLE_00696,LOCATION_0271,ANPR,TOLL_PLAZA,0.87
VEVENT_003949,2024-01-11 21:28:58,VEHICLE_00449,LOCATION_0271,ANPR,FIELD_SURVEILLANCE,0.96
VEVENT_003950,2024-01-11 21:37:58,VEHICLE_00696,LOCATION_0271,ANPR,FIELD_SURVEILLANCE,0.87
VEVENT_003951,2024-02-25 07:48:30,VEHICLE_00267,LOCATION_0066,ANPR,TOLL_PLAZA,0.94
VEVENT_003952,2024-02-25 08:00:30,VEHICLE_00082,LOCATION_0066,ANPR,FIELD_SURVEILLANCE,0.95
VEVENT_003953,2026-02-07 20:59:26,VEHICLE_00267,LOCATION_0066,ANPR,ANPR_CAMERA,0.87
VEVENT_003954,2026-02-07 21:11:26,VEHICLE_00082,LOCATION_0066,ANPR,ANPR_CAMERA,0.91
VEVENT_003955,2024-12-15 09:10:22,VEHICLE_00267,LOCATION_0066,ANPR,POLICE_CHECKPOINT,0.8
VEVENT_003956,2024-12-15 09:12:22,VEHICLE_00082,LOCATION_0066,ANPR,ANPR_CAMERA,0.87
VEVENT_003957,2024-04-29 16:54:18,VEHICLE_00532,LOCATION_0125,ANPR,TOLL_PLAZA,0.87
VEVENT_003958,2024-04-29 17:03:18,VEHICLE_00181,LOCATION_0125,ANPR,TOLL_PLAZA,0.96
VEVENT_003959,2024-12-15 01:07:01,VEHICLE_00532,LOCATION_0125,ANPR,ANPR_CAMERA,0.95
VEVENT_003960,2024-12-15 01:16:01,VEHICLE_00181,LOCATION_0125,ANPR,ANPR_CAMERA,0.84
VEVENT_003961,2024-07-03 17:04:58,VEHICLE_00006,LOCATION_0250,ANPR,TOLL_PLAZA,0.88
VEVENT_003962,2024-07-03 17:17:58,VEHICLE_00039,LOCATION_0250,ANPR,FIELD_SURVEILLANCE,0.91
VEVENT_003963,2024-04-19 18:02:59,VEHICLE_00006,LOCATION_0250,ANPR,ANPR_CAMERA,0.94
VEVENT_003964,2024-04-19 18:16:59,VEHICLE_00039,LOCATION_0250,ANPR,TOLL_PLAZA,0.96
VEVENT_003965,2025-04-07 09:15:35,VEHICLE_00006,LOCATION_0250,ANPR,TOLL_PLAZA,0.83
VEVENT_003966,2025-04-07 09:19:35,VEHICLE_00039,LOCATION_0250,ANPR,POLICE_CHECKPOINT,0.82
VEVENT_003967,2026-06-05 12:49:16,VEHICLE_00006,LOCATION_0250,ANPR,POLICE_CHECKPOINT,0.95
VEVENT_003968,2026-06-05 12:52:16,VEHICLE_00039,LOCATION_0250,ANPR,ANPR_CAMERA,0.81
VEVENT_003969,2024-11-26 01:25:58,VEHICLE_00079,LOCATION_0174,ANPR,TOLL_PLAZA,0.9
VEVENT_003970,2024-11-26 01:28:58,VEHICLE_00021,LOCATION_0174,ANPR,ANPR_CAMERA,0.8
VEVENT_003971,2024-09-19 01:28:30,VEHICLE_00079,LOCATION_0174,ANPR,FIELD_SURVEILLANCE,0.88
VEVENT_003972,2024-09-19 01:35:30,VEHICLE_00021,LOCATION_0174,ANPR,TOLL_PLAZA,0.91
VEVENT_003973,2025-05-22 23:13:24,VEHICLE_00079,LOCATION_0174,ANPR,POLICE_CHECKPOINT,0.8
VEVENT_003974,2025-05-22 23:19:24,VEHICLE_00021,LOCATION_0174,ANPR,POLICE_CHECKPOINT,0.85
VEVENT_003975,2025-02-09 15:07:13,VEHICLE_00079,LOCATION_0174,ANPR,POLICE_CHECKPOINT,0.95
VEVENT_003976,2025-02-09 15:19:13,VEHICLE_00021,LOCATION_0174,ANPR,POLICE_CHECKPOINT,0.85
VEVENT_003977,2025-07-02 12:23:34,VEHICLE_00552,LOCATION_0215,ANPR,TOLL_PLAZA,0.9
VEVENT_003978,2025-07-02 12:32:34,VEHICLE_00483,LOCATION_0215,ANPR,ANPR_CAMERA,0.95
VEVENT_003979,2025-08-16 16:42:02,VEHICLE_00552,LOCATION_0215,ANPR,POLICE_CHECKPOINT,0.82
VEVENT_003980,2025-08-16 16:47:02,VEHICLE_00483,LOCATION_0215,ANPR,FIELD_SURVEILLANCE,0.96
VEVENT_003981,2026-06-20 02:43:46,VEHICLE_00422,LOCATION_0266,ANPR,FIELD_SURVEILLANCE,0.96
VEVENT_003982,2026-06-20 02:45:46,VEHICLE_00160,LOCATION_0266,ANPR,FIELD_SURVEILLANCE,0.89
VEVENT_003983,2024-09-11 17:42:36,VEHICLE_00422,LOCATION_0266,ANPR,POLICE_CHECKPOINT,0.96
VEVENT_003984,2024-09-11 17:43:36,VEHICLE_00160,LOCATION_0266,ANPR,ANPR_CAMERA,0.81
VEVENT_003985,2025-02-02 16:30:11,VEHICLE_00422,LOCATION_0266,ANPR,ANPR_CAMERA,0.93
VEVENT_003986,2025-02-02 16:37:11,VEHICLE_00160,LOCATION_0266,ANPR,POLICE_CHECKPOINT,0.95
VEVENT_003987,2025-03-31 02:06:23,VEHICLE_00422,LOCATION_0266,ANPR,TOLL_PLAZA,0.86
VEVENT_003988,2025-03-31 02:09:23,VEHICLE_00160,LOCATION_0266,ANPR,FIELD_SURVEILLANCE,0.92
VEVENT_003989,2024-06-13 07:10:27,VEHICLE_00225,LOCATION_0006,ANPR,ANPR_CAMERA,0.81
VEVENT_003990,2024-06-13 07:14:27,VEHICLE_00371,LOCATION_0006,ANPR,POLICE_CHECKPOINT,0.92
VEVENT_003991,2024-08-01 09:51:26,VEHICLE_00225,LOCATION_0006,ANPR,TOLL_PLAZA,0.83
VEVENT_003992,2024-08-01 09:58:26,VEHICLE_00371,LOCATION_0006,ANPR,TOLL_PLAZA,0.94
VEVENT_003993,2025-06-02 13:44:58,VEHICLE_00225,LOCATION_0006,ANPR,POLICE_CHECKPOINT,0.9
VEVENT_003994,2025-06-02 13:54:58,VEHICLE_00371,LOCATION_0006,ANPR,FIELD_SURVEILLANCE,0.93
VEVENT_003995,2026-01-08 03:19:00,VEHICLE_00133,LOCATION_0173,ANPR,POLICE_CHECKPOINT,0.83
VEVENT_003996,2026-01-08 03:25:00,VEHICLE_00185,LOCATION_0173,ANPR,POLICE_CHECKPOINT,0.96
VEVENT_003997,2024-10-29 09:58:41,VEHICLE_00133,LOCATION_0173,ANPR,FIELD_SURVEILLANCE,0.81
VEVENT_003998,2024-10-29 10:07:41,VEHICLE_00185,LOCATION_0173,ANPR,TOLL_PLAZA,0.96
VEVENT_003999,2025-12-26 05:28:45,VEHICLE_00618,LOCATION_0044,ANPR,ANPR_CAMERA,0.83
VEVENT_004000,2025-12-26 05:29:45,VEHICLE_00653,LOCATION_0044,ANPR,ANPR_CAMERA,0.88
VEVENT_004001,2025-02-13 20:25:49,VEHICLE_00618,LOCATION_0044,ANPR,FIELD_SURVEILLANCE,0.96
VEVENT_004002,2025-02-13 20:28:49,VEHICLE_00653,LOCATION_0044,ANPR,ANPR_CAMERA,0.93
VEVENT_004003,2024-12-10 08:31:22,VEHICLE_00618,LOCATION_0044,ANPR,FIELD_SURVEILLANCE,0.92
VEVENT_004004,2024-12-10 08:46:22,VEHICLE_00653,LOCATION_0044,ANPR,POLICE_CHECKPOINT,0.88
VEVENT_004005,2024-12-19 08:29:57,VEHICLE_00536,LOCATION_0177,ANPR,TOLL_PLAZA,0.91
VEVENT_004006,2024-12-19 08:40:57,VEHICLE_00135,LOCATION_0177,ANPR,POLICE_CHECKPOINT,0.9
VEVENT_004007,2025-08-13 17:19:59,VEHICLE_00536,LOCATION_0177,ANPR,FIELD_SURVEILLANCE,0.88
VEVENT_004008,2025-08-13 17:34:59,VEHICLE_00135,LOCATION_0177,ANPR,FIELD_SURVEILLANCE,0.83
VEVENT_004009,2025-09-18 03:59:37,VEHICLE_00290,LOCATION_0006,ANPR,ANPR_CAMERA,0.87
VEVENT_004010,2025-09-18 04:13:37,VEHICLE_00735,LOCATION_0006,ANPR,POLICE_CHECKPOINT,0.92
VEVENT_004011,2025-05-10 12:34:15,VEHICLE_00290,LOCATION_0006,ANPR,TOLL_PLAZA,0.88
VEVENT_004012,2025-05-10 12:45:15,VEHICLE_00735,LOCATION_0006,ANPR,ANPR_CAMERA,0.82
VEVENT_004013,2026-02-08 22:43:34,VEHICLE_00161,LOCATION_0250,ANPR,TOLL_PLAZA,0.85
VEVENT_004014,2026-02-08 22:54:34,VEHICLE_00527,LOCATION_0250,ANPR,POLICE_CHECKPOINT,0.87
VEVENT_004015,2025-09-14 01:16:02,VEHICLE_00161,LOCATION_0250,ANPR,FIELD_SURVEILLANCE,0.89
VEVENT_004016,2025-09-14 01:26:02,VEHICLE_00527,LOCATION_0250,ANPR,ANPR_CAMERA,0.9
VEVENT_004017,2026-04-15 10:47:16,VEHICLE_00161,LOCATION_0250,ANPR,TOLL_PLAZA,0.97
VEVENT_004018,2026-04-15 10:48:16,VEHICLE_00527,LOCATION_0250,ANPR,TOLL_PLAZA,0.97
VEVENT_004019,2026-01-07 22:23:09,VEHICLE_00525,LOCATION_0103,ANPR,ANPR_CAMERA,0.83
VEVENT_004020,2026-01-07 22:27:09,VEHICLE_00407,LOCATION_0103,ANPR,ANPR_CAMERA,0.96
VEVENT_004021,2025-09-23 13:37:38,VEHICLE_00525,LOCATION_0103,ANPR,ANPR_CAMERA,0.92
VEVENT_004022,2025-09-23 13:40:38,VEHICLE_00407,LOCATION_0103,ANPR,ANPR_CAMERA,0.84
VEVENT_004023,2025-06-15 14:02:10,VEHICLE_00740,LOCATION_0012,ANPR,FIELD_SURVEILLANCE,0.91
VEVENT_004024,2025-06-15 14:05:10,VEHICLE_00193,LOCATION_0012,ANPR,FIELD_SURVEILLANCE,0.96
VEVENT_004025,2024-02-13 23:21:53,VEHICLE_00740,LOCATION_0012,ANPR,POLICE_CHECKPOINT,0.89
VEVENT_004026,2024-02-13 23:31:53,VEHICLE_00193,LOCATION_0012,ANPR,TOLL_PLAZA,0.86
VEVENT_004027,2025-05-14 00:31:33,VEHICLE_00740,LOCATION_0012,ANPR,POLICE_CHECKPOINT,0.95
VEVENT_004028,2025-05-14 00:32:33,VEHICLE_00193,LOCATION_0012,ANPR,POLICE_CHECKPOINT,0.91
VEVENT_004029,2025-01-17 03:58:17,VEHICLE_00740,LOCATION_0012,ANPR,POLICE_CHECKPOINT,0.93
VEVENT_004030,2025-01-17 04:10:17,VEHICLE_00193,LOCATION_0012,ANPR,POLICE_CHECKPOINT,0.82
VEVENT_004031,2025-10-26 21:36:26,VEHICLE_00361,LOCATION_0191,ANPR,POLICE_CHECKPOINT,0.94
VEVENT_004032,2025-10-26 21:45:26,VEHICLE_00067,LOCATION_0191,ANPR,FIELD_SURVEILLANCE,0.91
VEVENT_004033,2024-06-01 11:07:12,VEHICLE_00361,LOCATION_0191,ANPR,TOLL_PLAZA,0.91
VEVENT_004034,2024-06-01 11:16:12,VEHICLE_00067,LOCATION_0191,ANPR,FIELD_SURVEILLANCE,0.8
VEVENT_004035,2024-05-29 13:09:39,VEHICLE_00361,LOCATION_0191,ANPR,ANPR_CAMERA,0.95
VEVENT_004036,2024-05-29 13:15:39,VEHICLE_00067,LOCATION_0191,ANPR,TOLL_PLAZA,0.93
VEVENT_004037,2025-08-29 18:58:50,VEHICLE_00005,LOCATION_0041,SURVEILLANCE,POLICE_CHECKPOINT,0.84
VEVENT_004038,2025-08-29 19:36:50,VEHICLE_00005,LOCATION_0041,SURVEILLANCE,ANPR_CAMERA,0.97
VEVENT_004039,2025-07-31 00:57:23,VEHICLE_00009,LOCATION_0182,SURVEILLANCE,POLICE_CHECKPOINT,0.93
VEVENT_004040,2025-07-31 02:07:23,VEHICLE_00009,LOCATION_0182,SURVEILLANCE,TOLL_PLAZA,0.88
VEVENT_004041,2025-10-15 08:18:43,VEHICLE_00017,LOCATION_0203,SURVEILLANCE,TOLL_PLAZA,0.92
VEVENT_004042,2025-10-15 09:37:43,VEHICLE_00017,LOCATION_0203,SURVEILLANCE,FIELD_SURVEILLANCE,0.86
VEVENT_004043,2025-11-18 14:45:44,VEHICLE_00026,LOCATION_0264,SURVEILLANCE,FIELD_SURVEILLANCE,0.88
VEVENT_004044,2025-11-18 15:53:44,VEHICLE_00026,LOCATION_0264,SURVEILLANCE,ANPR_CAMERA,0.87
VEVENT_004045,2025-05-14 14:32:21,VEHICLE_00034,LOCATION_0155,SURVEILLANCE,POLICE_CHECKPOINT,0.95
VEVENT_004046,2025-05-14 15:27:21,VEHICLE_00034,LOCATION_0155,SURVEILLANCE,POLICE_CHECKPOINT,0.83
VEVENT_004047,2025-12-31 19:22:31,VEHICLE_00042,LOCATION_0266,SURVEILLANCE,POLICE_CHECKPOINT,0.95
VEVENT_004048,2025-12-31 20:21:31,VEHICLE_00042,LOCATION_0266,SURVEILLANCE,FIELD_SURVEILLANCE,0.85
VEVENT_004049,2025-01-19 18:52:00,VEHICLE_00046,LOCATION_0027,SURVEILLANCE,TOLL_PLAZA,0.97
VEVENT_004050,2025-01-19 20:03:00,VEHICLE_00046,LOCATION_0027,SURVEILLANCE,ANPR_CAMERA,0.95
VEVENT_004051,2025-05-12 04:45:40,VEHICLE_00054,LOCATION_0188,SURVEILLANCE,ANPR_CAMERA,0.9
VEVENT_004052,2025-05-12 05:31:40,VEHICLE_00054,LOCATION_0188,SURVEILLANCE,POLICE_CHECKPOINT,0.91
VEVENT_004053,2025-12-02 15:17:34,VEHICLE_00058,LOCATION_0009,SURVEILLANCE,POLICE_CHECKPOINT,0.96
VEVENT_004054,2025-12-02 16:28:34,VEHICLE_00058,LOCATION_0009,SURVEILLANCE,POLICE_CHECKPOINT,0.88
VEVENT_004055,2025-10-20 13:53:44,VEHICLE_00068,LOCATION_0190,SURVEILLANCE,ANPR_CAMERA,0.92
VEVENT_004056,2025-10-20 14:32:44,VEHICLE_00068,LOCATION_0190,SURVEILLANCE,ANPR_CAMERA,0.94
VEVENT_004057,2025-06-17 17:53:20,VEHICLE_00071,LOCATION_0251,SURVEILLANCE,FIELD_SURVEILLANCE,0.86
VEVENT_004058,2025-06-17 19:11:20,VEHICLE_00071,LOCATION_0251,SURVEILLANCE,FIELD_SURVEILLANCE,0.87
VEVENT_004059,2025-04-05 11:49:43,VEHICLE_00081,LOCATION_0242,SURVEILLANCE,TOLL_PLAZA,0.95
VEVENT_004060,2025-04-05 12:50:43,VEHICLE_00081,LOCATION_0242,SURVEILLANCE,POLICE_CHECKPOINT,0.82
VEVENT_004061,2024-04-05 12:38:37,VEHICLE_00003,LOCATION_0065,ANPR,FIELD_SURVEILLANCE,0.87
VEVENT_004062,2025-06-27 12:52:00,VEHICLE_00073,LOCATION_0249,TOLL,TOLL_PLAZA,0.84
VEVENT_004063,2024-01-22 16:14:34,VEHICLE_00580,LOCATION_0050,ANPR,POLICE_CHECKPOINT,0.92
VEVENT_004064,2024-10-18 13:01:55,VEHICLE_00086,LOCATION_0157,TOLL,FIELD_SURVEILLANCE,0.91
VEVENT_004065,2026-01-24 01:32:18,VEHICLE_00632,LOCATION_0120,SURVEILLANCE,POLICE_CHECKPOINT,0.87
VEVENT_004066,2024-04-08 02:55:18,VEHICLE_00095,LOCATION_0226,ANPR,FIELD_SURVEILLANCE,0.9
VEVENT_004067,2024-11-09 17:10:57,VEHICLE_00492,LOCATION_0272,SURVEILLANCE,ANPR_CAMERA,0.97
VEVENT_004068,2024-12-17 05:39:37,VEHICLE_00132,LOCATION_0032,CHECKPOINT,ANPR_CAMERA,0.86
VEVENT_004069,2025-03-18 03:12:24,VEHICLE_00695,LOCATION_0280,ANPR,TOLL_PLAZA,0.81
VEVENT_004070,2024-01-19 23:27:07,VEHICLE_00426,LOCATION_0140,SURVEILLANCE,TOLL_PLAZA,0.96
VEVENT_004071,2025-09-27 13:29:55,VEHICLE_00408,LOCATION_0028,ANPR,TOLL_PLAZA,0.97
VEVENT_004072,2026-04-03 05:33:34,VEHICLE_00216,LOCATION_0086,CHECKPOINT,FIELD_SURVEILLANCE,0.83
VEVENT_004073,2026-03-26 23:22:01,VEHICLE_00299,LOCATION_0251,TOLL,TOLL_PLAZA,0.86
VEVENT_004074,2025-06-26 04:55:31,VEHICLE_00647,LOCATION_0269,SURVEILLANCE,TOLL_PLAZA,0.91
VEVENT_004075,2025-03-07 20:08:01,VEHICLE_00441,LOCATION_0294,CHECKPOINT,FIELD_SURVEILLANCE,0.95
VEVENT_004076,2025-03-27 17:19:41,VEHICLE_00016,LOCATION_0173,CHECKPOINT,POLICE_CHECKPOINT,0.83
VEVENT_004077,2026-06-08 11:10:21,VEHICLE_00484,LOCATION_0089,CHECKPOINT,FIELD_SURVEILLANCE,0.9
VEVENT_004078,2024-04-04 08:29:51,VEHICLE_00586,LOCATION_0159,TOLL,TOLL_PLAZA,0.85
VEVENT_004079,2024-02-06 07:56:28,VEHICLE_00302,LOCATION_0274,CHECKPOINT,FIELD_SURVEILLANCE,0.91
VEVENT_004080,2024-10-20 20:54:26,VEHICLE_00484,LOCATION_0179,ANPR,POLICE_CHECKPOINT,0.88
VEVENT_004081,2025-02-19 02:32:10,VEHICLE_00085,LOCATION_0277,TOLL,FIELD_SURVEILLANCE,0.95
VEVENT_004082,2026-05-08 02:56:02,VEHICLE_00593,LOCATION_0111,SURVEILLANCE,FIELD_SURVEILLANCE,0.93
VEVENT_004083,2026-03-25 04:57:24,VEHICLE_00126,LOCATION_0199,CHECKPOINT,TOLL_PLAZA,0.89
VEVENT_004084,2026-02-25 03:25:16,VEHICLE_00742,LOCATION_0107,TOLL,ANPR_CAMERA,0.94
VEVENT_004085,2026-03-12 13:56:36,VEHICLE_00147,LOCATION_0208,CHECKPOINT,TOLL_PLAZA,0.89
VEVENT_004086,2026-05-24 05:44:05,VEHICLE_00147,LOCATION_0048,TOLL,TOLL_PLAZA,0.87
VEVENT_004087,2024-07-04 20:47:15,VEHICLE_00662,LOCATION_0018,ANPR,FIELD_SURVEILLANCE,0.92
VEVENT_004088,2025-10-28 20:23:51,VEHICLE_00229,LOCATION_0143,SURVEILLANCE,POLICE_CHECKPOINT,0.81
VEVENT_004089,2025-12-20 15:24:04,VEHICLE_00047,LOCATION_0059,SURVEILLANCE,ANPR_CAMERA,0.81
VEVENT_004090,2024-02-12 21:35:41,VEHICLE_00423,LOCATION_0112,TOLL,TOLL_PLAZA,0.87
VEVENT_004091,2024-12-22 02:01:19,VEHICLE_00654,LOCATION_0216,ANPR,ANPR_CAMERA,0.96
VEVENT_004092,2024-10-21 04:20:02,VEHICLE_00672,LOCATION_0047,CHECKPOINT,TOLL_PLAZA,0.8
VEVENT_004093,2025-12-18 21:07:55,VEHICLE_00066,LOCATION_0011,SURVEILLANCE,ANPR_CAMERA,0.9
VEVENT_004094,2025-05-29 13:00:25,VEHICLE_00470,LOCATION_0276,CHECKPOINT,TOLL_PLAZA,0.91
VEVENT_004095,2024-05-20 09:32:14,VEHICLE_00062,LOCATION_0052,ANPR,ANPR_CAMERA,0.96
VEVENT_004096,2025-06-06 02:04:08,VEHICLE_00385,LOCATION_0184,TOLL,TOLL_PLAZA,0.82
VEVENT_004097,2026-01-02 13:52:36,VEHICLE_00637,LOCATION_0272,CHECKPOINT,FIELD_SURVEILLANCE,0.84
VEVENT_004098,2024-12-09 05:43:06,VEHICLE_00295,LOCATION_0119,CHECKPOINT,POLICE_CHECKPOINT,0.88
VEVENT_004099,2025-03-10 21:36:57,VEHICLE_00713,LOCATION_0097,CHECKPOINT,ANPR_CAMERA,0.8
VEVENT_004100,2025-07-17 20:10:27,VEHICLE_00688,LOCATION_0199,TOLL,ANPR_CAMERA,0.85
VEVENT_004101,2024-11-25 17:21:56,VEHICLE_00258,LOCATION_0096,TOLL,POLICE_CHECKPOINT,0.89
VEVENT_004102,2025-04-14 19:34:36,VEHICLE_00066,LOCATION_0221,TOLL,POLICE_CHECKPOINT,0.9
VEVENT_004103,2024-12-07 09:13:58,VEHICLE_00576,LOCATION_0200,ANPR,POLICE_CHECKPOINT,0.92
VEVENT_004104,2025-09-29 03:27:42,VEHICLE_00211,LOCATION_0150,SURVEILLANCE,ANPR_CAMERA,0.94
VEVENT_004105,2024-01-21 14:42:27,VEHICLE_00198,LOCATION_0232,SURVEILLANCE,ANPR_CAMERA,0.82
VEVENT_004106,2024-10-03 18:19:26,VEHICLE_00071,LOCATION_0095,CHECKPOINT,TOLL_PLAZA,0.83
VEVENT_004107,2025-03-06 05:14:44,VEHICLE_00435,LOCATION_0062,ANPR,FIELD_SURVEILLANCE,0.85
VEVENT_004108,2024-06-26 01:55:09,VEHICLE_00086,LOCATION_0057,SURVEILLANCE,POLICE_CHECKPOINT,0.95
VEVENT_004109,2026-05-07 01:03:57,VEHICLE_00356,LOCATION_0056,TOLL,FIELD_SURVEILLANCE,0.93
VEVENT_004110,2026-05-02 23:26:10,VEHICLE_00617,LOCATION_0052,SURVEILLANCE,POLICE_CHECKPOINT,0.83
VEVENT_004111,2026-03-01 00:18:55,VEHICLE_00008,LOCATION_0068,CHECKPOINT,TOLL_PLAZA,0.84
VEVENT_004112,2024-03-28 11:09:24,VEHICLE_00741,LOCATION_0148,ANPR,POLICE_CHECKPOINT,0.8
VEVENT_004113,2026-06-29 09:37:02,VEHICLE_00084,LOCATION_0130,TOLL,POLICE_CHECKPOINT,0.83
VEVENT_004114,2025-02-07 18:19:37,VEHICLE_00385,LOCATION_0054,TOLL,TOLL_PLAZA,0.91
VEVENT_004115,2026-03-07 14:32:35,VEHICLE_00577,LOCATION_0106,CHECKPOINT,POLICE_CHECKPOINT,0.95
VEVENT_004116,2025-11-21 21:28:31,VEHICLE_00517,LOCATION_0229,SURVEILLANCE,ANPR_CAMERA,0.95
VEVENT_004117,2025-09-08 04:40:57,VEHICLE_00532,LOCATION_0295,CHECKPOINT,TOLL_PLAZA,0.88
VEVENT_004118,2024-04-14 09:52:28,VEHICLE_00390,LOCATION_0070,TOLL,FIELD_SURVEILLANCE,0.91
VEVENT_004119,2025-01-29 05:49:40,VEHICLE_00502,LOCATION_0003,CHECKPOINT,TOLL_PLAZA,0.8
VEVENT_004120,2026-06-27 02:57:22,VEHICLE_00492,LOCATION_0082,ANPR,POLICE_CHECKPOINT,0.83
VEVENT_004121,2025-11-19 22:03:22,VEHICLE_00196,LOCATION_0173,TOLL,POLICE_CHECKPOINT,0.94
VEVENT_004122,2026-04-12 05:35:03,VEHICLE_00607,LOCATION_0091,TOLL,ANPR_CAMERA,0.94
VEVENT_004123,2024-01-20 11:26:43,VEHICLE_00753,LOCATION_0179,SURVEILLANCE,TOLL_PLAZA,0.8
VEVENT_004124,2026-04-20 02:48:57,VEHICLE_00673,LOCATION_0146,SURVEILLANCE,FIELD_SURVEILLANCE,0.86
VEVENT_004125,2025-05-20 07:31:59,VEHICLE_00360,LOCATION_0274,CHECKPOINT,FIELD_SURVEILLANCE,0.9
VEVENT_004126,2025-05-15 23:01:45,VEHICLE_00142,LOCATION_0165,TOLL,ANPR_CAMERA,0.82
VEVENT_004127,2026-03-24 14:33:02,VEHICLE_00337,LOCATION_0023,SURVEILLANCE,TOLL_PLAZA,0.96
VEVENT_004128,2025-06-05 01:55:05,VEHICLE_00558,LOCATION_0241,ANPR,POLICE_CHECKPOINT,0.94
VEVENT_004129,2024-06-03 08:32:41,VEHICLE_00572,LOCATION_0011,TOLL,TOLL_PLAZA,0.92
VEVENT_004130,2025-08-21 04:49:43,VEHICLE_00036,LOCATION_0202,CHECKPOINT,TOLL_PLAZA,0.83
VEVENT_004131,2026-03-23 10:29:50,VEHICLE_00274,LOCATION_0213,SURVEILLANCE,TOLL_PLAZA,0.97
VEVENT_004132,2025-03-08 03:45:22,VEHICLE_00131,LOCATION_0153,SURVEILLANCE,POLICE_CHECKPOINT,0.81
VEVENT_004133,2025-05-10 03:19:22,VEHICLE_00184,LOCATION_0014,ANPR,FIELD_SURVEILLANCE,0.86
VEVENT_004134,2024-04-24 22:18:08,VEHICLE_00139,LOCATION_0151,SURVEILLANCE,FIELD_SURVEILLANCE,0.93
VEVENT_004135,2026-04-18 22:56:40,VEHICLE_00588,LOCATION_0090,ANPR,POLICE_CHECKPOINT,0.85
VEVENT_004136,2025-01-28 06:51:06,VEHICLE_00402,LOCATION_0232,ANPR,ANPR_CAMERA,0.88
VEVENT_004137,2024-08-25 23:04:32,VEHICLE_00438,LOCATION_0287,CHECKPOINT,ANPR_CAMERA,0.88
VEVENT_004138,2024-05-14 00:49:36,VEHICLE_00289,LOCATION_0148,CHECKPOINT,FIELD_SURVEILLANCE,0.84
VEVENT_004139,2025-01-29 17:00:07,VEHICLE_00377,LOCATION_0021,ANPR,ANPR_CAMERA,0.87
VEVENT_004140,2024-12-01 02:14:47,VEHICLE_00572,LOCATION_0271,ANPR,POLICE_CHECKPOINT,0.89
VEVENT_004141,2024-06-18 12:31:31,VEHICLE_00517,LOCATION_0289,TOLL,ANPR_CAMERA,0.93
VEVENT_004142,2024-09-04 01:18:12,VEHICLE_00655,LOCATION_0199,CHECKPOINT,ANPR_CAMERA,0.88
VEVENT_004143,2025-12-02 04:54:57,VEHICLE_00052,LOCATION_0116,TOLL,FIELD_SURVEILLANCE,0.83
VEVENT_004144,2024-01-31 06:44:11,VEHICLE_00461,LOCATION_0220,CHECKPOINT,POLICE_CHECKPOINT,0.83
VEVENT_004145,2026-04-14 18:48:58,VEHICLE_00281,LOCATION_0008,SURVEILLANCE,ANPR_CAMERA,0.9
VEVENT_004146,2025-03-05 20:30:02,VEHICLE_00465,LOCATION_0102,ANPR,ANPR_CAMERA,0.92
VEVENT_004147,2025-03-30 23:22:09,VEHICLE_00388,LOCATION_0140,ANPR,TOLL_PLAZA,0.94
VEVENT_004148,2025-11-20 05:06:39,VEHICLE_00147,LOCATION_0018,SURVEILLANCE,TOLL_PLAZA,0.97
VEVENT_004149,2024-10-16 14:23:30,VEHICLE_00012,LOCATION_0156,ANPR,POLICE_CHECKPOINT,0.87
VEVENT_004150,2026-01-11 11:22:25,VEHICLE_00023,LOCATION_0148,SURVEILLANCE,POLICE_CHECKPOINT,0.94
VEVENT_004151,2025-08-23 13:53:03,VEHICLE_00704,LOCATION_0265,TOLL,ANPR_CAMERA,0.85
VEVENT_004152,2025-02-22 22:51:38,VEHICLE_00347,LOCATION_0068,SURVEILLANCE,POLICE_CHECKPOINT,0.87
VEVENT_004153,2026-05-11 08:23:18,VEHICLE_00084,LOCATION_0030,SURVEILLANCE,FIELD_SURVEILLANCE,0.8
VEVENT_004154,2026-04-26 08:17:43,VEHICLE_00172,LOCATION_0152,ANPR,ANPR_CAMERA,0.92
VEVENT_004155,2025-03-15 10:13:27,VEHICLE_00567,LOCATION_0064,TOLL,POLICE_CHECKPOINT,0.94
VEVENT_004156,2024-08-15 07:04:55,VEHICLE_00371,LOCATION_0019,TOLL,ANPR_CAMERA,0.82
VEVENT_004157,2024-03-04 00:31:25,VEHICLE_00086,LOCATION_0137,TOLL,FIELD_SURVEILLANCE,0.81
VEVENT_004158,2025-07-21 03:48:33,VEHICLE_00594,LOCATION_0108,SURVEILLANCE,FIELD_SURVEILLANCE,0.91
VEVENT_004159,2025-03-04 15:55:03,VEHICLE_00060,LOCATION_0295,ANPR,ANPR_CAMERA,0.95
VEVENT_004160,2024-09-16 00:32:54,VEHICLE_00044,LOCATION_0247,SURVEILLANCE,FIELD_SURVEILLANCE,0.91
VEVENT_004161,2026-06-28 21:15:49,VEHICLE_00737,LOCATION_0176,CHECKPOINT,TOLL_PLAZA,0.95
VEVENT_004162,2025-03-04 05:46:26,VEHICLE_00755,LOCATION_0179,CHECKPOINT,ANPR_CAMERA,0.96
VEVENT_004163,2024-01-31 16:33:22,VEHICLE_00387,LOCATION_0001,ANPR,TOLL_PLAZA,0.92
VEVENT_004164,2026-05-20 13:47:25,VEHICLE_00594,LOCATION_0098,ANPR,FIELD_SURVEILLANCE,0.88
VEVENT_004165,2026-03-27 16:39:47,VEHICLE_00232,LOCATION_0182,ANPR,POLICE_CHECKPOINT,0.92
VEVENT_004166,2026-04-30 01:28:06,VEHICLE_00137,LOCATION_0048,TOLL,ANPR_CAMERA,0.91
VEVENT_004167,2025-08-23 20:16:56,VEHICLE_00753,LOCATION_0209,TOLL,FIELD_SURVEILLANCE,0.84
VEVENT_004168,2026-02-06 23:29:16,VEHICLE_00435,LOCATION_0092,SURVEILLANCE,ANPR_CAMERA,0.95
VEVENT_004169,2025-03-26 15:28:30,VEHICLE_00436,LOCATION_0031,SURVEILLANCE,FIELD_SURVEILLANCE,0.82
VEVENT_004170,2026-01-08 06:30:12,VEHICLE_00648,LOCATION_0132,CHECKPOINT,FIELD_SURVEILLANCE,0.83
VEVENT_004171,2025-05-09 18:54:07,VEHICLE_00678,LOCATION_0132,SURVEILLANCE,POLICE_CHECKPOINT,0.85
VEVENT_004172,2026-06-08 05:19:31,VEHICLE_00677,LOCATION_0141,CHECKPOINT,POLICE_CHECKPOINT,0.87
VEVENT_004173,2024-09-06 19:09:50,VEHICLE_00033,LOCATION_0193,CHECKPOINT,ANPR_CAMERA,0.83
VEVENT_004174,2026-01-26 17:12:53,VEHICLE_00050,LOCATION_0107,CHECKPOINT,POLICE_CHECKPOINT,0.91
VEVENT_004175,2024-03-11 11:55:52,VEHICLE_00574,LOCATION_0174,TOLL,TOLL_PLAZA,0.86
VEVENT_004176,2024-09-04 08:45:16,VEHICLE_00492,LOCATION_0012,TOLL,POLICE_CHECKPOINT,0.96
VEVENT_004177,2025-01-08 12:26:52,VEHICLE_00552,LOCATION_0055,SURVEILLANCE,POLICE_CHECKPOINT,0.94
VEVENT_004178,2026-03-30 10:10:26,VEHICLE_00641,LOCATION_0238,TOLL,ANPR_CAMERA,0.86
VEVENT_004179,2025-08-23 17:07:52,VEHICLE_00428,LOCATION_0084,SURVEILLANCE,TOLL_PLAZA,0.86
VEVENT_004180,2026-06-01 18:23:03,VEHICLE_00435,LOCATION_0242,TOLL,ANPR_CAMERA,0.96
VEVENT_004181,2025-05-11 14:01:48,VEHICLE_00753,LOCATION_0059,SURVEILLANCE,TOLL_PLAZA,0.85
VEVENT_004182,2024-03-03 23:59:58,VEHICLE_00237,LOCATION_0112,TOLL,POLICE_CHECKPOINT,0.83
VEVENT_004183,2025-04-18 08:01:06,VEHICLE_00674,LOCATION_0258,TOLL,POLICE_CHECKPOINT,0.96
VEVENT_004184,2025-08-30 13:12:34,VEHICLE_00157,LOCATION_0016,SURVEILLANCE,POLICE_CHECKPOINT,0.88
VEVENT_004185,2026-02-01 11:45:33,VEHICLE_00691,LOCATION_0011,ANPR,ANPR_CAMERA,0.87
VEVENT_004186,2024-11-03 02:14:24,VEHICLE_00214,LOCATION_0050,ANPR,ANPR_CAMERA,0.8
VEVENT_004187,2025-11-21 14:55:50,VEHICLE_00105,LOCATION_0296,CHECKPOINT,ANPR_CAMERA,0.81
VEVENT_004188,2024-08-18 07:51:28,VEHICLE_00492,LOCATION_0162,SURVEILLANCE,TOLL_PLAZA,0.91
VEVENT_004189,2025-04-20 20:27:37,VEHICLE_00359,LOCATION_0030,TOLL,ANPR_CAMERA,0.87
VEVENT_004190,2024-12-20 04:24:32,VEHICLE_00262,LOCATION_0187,TOLL,ANPR_CAMERA,0.93
VEVENT_004191,2025-05-01 19:27:49,VEHICLE_00095,LOCATION_0166,CHECKPOINT,POLICE_CHECKPOINT,0.96
VEVENT_004192,2025-01-29 08:26:47,VEHICLE_00394,LOCATION_0082,CHECKPOINT,FIELD_SURVEILLANCE,0.97
VEVENT_004193,2025-05-07 22:15:15,VEHICLE_00387,LOCATION_0041,ANPR,FIELD_SURVEILLANCE,0.97
VEVENT_004194,2024-06-08 06:33:56,VEHICLE_00129,LOCATION_0167,SURVEILLANCE,TOLL_PLAZA,0.92
VEVENT_004195,2024-02-09 15:45:34,VEHICLE_00341,LOCATION_0110,TOLL,ANPR_CAMERA,0.83
VEVENT_004196,2024-10-28 23:25:16,VEHICLE_00329,LOCATION_0041,ANPR,ANPR_CAMERA,0.92
VEVENT_004197,2026-06-08 03:37:51,VEHICLE_00018,LOCATION_0210,SURVEILLANCE,ANPR_CAMERA,0.96
VEVENT_004198,2026-04-03 13:04:17,VEHICLE_00193,LOCATION_0181,CHECKPOINT,FIELD_SURVEILLANCE,0.92
VEVENT_004199,2025-04-06 04:01:53,VEHICLE_00020,LOCATION_0140,SURVEILLANCE,ANPR_CAMERA,0.91
VEVENT_004200,2025-05-07 05:47:27,VEHICLE_00188,LOCATION_0180,SURVEILLANCE,ANPR_CAMERA,0.96
VEVENT_004201,2024-12-13 00:41:41,VEHICLE_00351,LOCATION_0280,CHECKPOINT,TOLL_PLAZA,0.8
VEVENT_004202,2026-02-23 17:42:08,VEHICLE_00684,LOCATION_0191,CHECKPOINT,FIELD_SURVEILLANCE,0.91
VEVENT_004203,2025-02-27 06:33:39,VEHICLE_00528,LOCATION_0006,TOLL,TOLL_PLAZA,0.86
VEVENT_004204,2026-02-08 10:31:28,VEHICLE_00743,LOCATION_0204,ANPR,FIELD_SURVEILLANCE,0.88
VEVENT_004205,2024-10-05 02:18:40,VEHICLE_00205,LOCATION_0115,SURVEILLANCE,ANPR_CAMERA,0.83
VEVENT_004206,2024-10-29 20:42:38,VEHICLE_00540,LOCATION_0289,TOLL,FIELD_SURVEILLANCE,0.85
VEVENT_004207,2025-02-11 08:52:36,VEHICLE_00459,LOCATION_0067,TOLL,POLICE_CHECKPOINT,0.92
VEVENT_004208,2024-10-16 12:55:18,VEHICLE_00110,LOCATION_0258,TOLL,FIELD_SURVEILLANCE,0.84
VEVENT_004209,2026-03-30 07:43:55,VEHICLE_00078,LOCATION_0137,TOLL,POLICE_CHECKPOINT,0.88
VEVENT_004210,2026-06-25 03:43:42,VEHICLE_00135,LOCATION_0207,TOLL,ANPR_CAMERA,0.95
VEVENT_004211,2026-03-24 01:53:58,VEHICLE_00292,LOCATION_0163,CHECKPOINT,FIELD_SURVEILLANCE,0.87
VEVENT_004212,2025-07-14 19:10:04,VEHICLE_00663,LOCATION_0257,CHECKPOINT,POLICE_CHECKPOINT,0.89
VEVENT_004213,2025-04-25 09:16:26,VEHICLE_00086,LOCATION_0257,ANPR,TOLL_PLAZA,0.85
VEVENT_004214,2024-03-26 05:55:41,VEHICLE_00563,LOCATION_0262,SURVEILLANCE,POLICE_CHECKPOINT,0.87
VEVENT_004215,2026-01-22 22:06:40,VEHICLE_00203,LOCATION_0066,SURVEILLANCE,ANPR_CAMERA,0.86
VEVENT_004216,2024-12-16 09:55:16,VEHICLE_00448,LOCATION_0252,SURVEILLANCE,POLICE_CHECKPOINT,0.91
VEVENT_004217,2024-06-09 04:17:26,VEHICLE_00034,LOCATION_0246,SURVEILLANCE,POLICE_CHECKPOINT,0.82
VEVENT_004218,2024-03-14 04:18:56,VEHICLE_00677,LOCATION_0291,SURVEILLANCE,TOLL_PLAZA,0.86
VEVENT_004219,2024-11-07 06:54:45,VEHICLE_00440,LOCATION_0178,ANPR,POLICE_CHECKPOINT,0.92
VEVENT_004220,2025-01-12 02:59:37,VEHICLE_00368,LOCATION_0123,TOLL,FIELD_SURVEILLANCE,0.97
VEVENT_004221,2024-10-16 08:07:41,VEHICLE_00478,LOCATION_0283,CHECKPOINT,POLICE_CHECKPOINT,0.95
VEVENT_004222,2024-01-21 02:36:58,VEHICLE_00514,LOCATION_0100,ANPR,ANPR_CAMERA,0.84
VEVENT_004223,2026-05-27 12:40:25,VEHICLE_00262,LOCATION_0027,TOLL,ANPR_CAMERA,0.94
VEVENT_004224,2026-04-27 17:54:11,VEHICLE_00633,LOCATION_0253,TOLL,POLICE_CHECKPOINT,0.9
VEVENT_004225,2024-04-08 19:54:16,VEHICLE_00131,LOCATION_0013,SURVEILLANCE,TOLL_PLAZA,0.82
VEVENT_004226,2024-03-18 07:13:50,VEHICLE_00636,LOCATION_0018,CHECKPOINT,FIELD_SURVEILLANCE,0.84
VEVENT_004227,2024-10-19 15:27:55,VEHICLE_00504,LOCATION_0174,SURVEILLANCE,TOLL_PLAZA,0.84
VEVENT_004228,2024-04-24 08:44:39,VEHICLE_00617,LOCATION_0152,SURVEILLANCE,FIELD_SURVEILLANCE,0.86
VEVENT_004229,2024-07-20 12:22:28,VEHICLE_00149,LOCATION_0078,ANPR,ANPR_CAMERA,0.87
VEVENT_004230,2026-02-02 03:30:35,VEHICLE_00065,LOCATION_0098,TOLL,TOLL_PLAZA,0.84
VEVENT_004231,2025-11-25 00:57:48,VEHICLE_00084,LOCATION_0070,SURVEILLANCE,ANPR_CAMERA,0.81
VEVENT_004232,2025-02-04 23:46:29,VEHICLE_00313,LOCATION_0236,TOLL,FIELD_SURVEILLANCE,0.83
VEVENT_004233,2025-12-24 16:12:16,VEHICLE_00123,LOCATION_0069,TOLL,FIELD_SURVEILLANCE,0.96
VEVENT_004234,2025-02-23 04:40:36,VEHICLE_00208,LOCATION_0135,TOLL,TOLL_PLAZA,0.84
VEVENT_004235,2024-07-15 16:14:07,VEHICLE_00710,LOCATION_0049,CHECKPOINT,FIELD_SURVEILLANCE,0.85
VEVENT_004236,2025-03-28 05:57:06,VEHICLE_00031,LOCATION_0193,TOLL,POLICE_CHECKPOINT,0.85
VEVENT_004237,2024-08-14 23:08:45,VEHICLE_00072,LOCATION_0103,ANPR,ANPR_CAMERA,0.9
VEVENT_004238,2024-02-08 22:57:53,VEHICLE_00257,LOCATION_0143,ANPR,ANPR_CAMERA,0.89
VEVENT_004239,2024-01-22 04:10:03,VEHICLE_00199,LOCATION_0215,TOLL,POLICE_CHECKPOINT,0.88
VEVENT_004240,2024-05-22 03:30:27,VEHICLE_00003,LOCATION_0295,ANPR,FIELD_SURVEILLANCE,0.85
VEVENT_004241,2024-01-09 03:10:59,VEHICLE_00420,LOCATION_0019,CHECKPOINT,POLICE_CHECKPOINT,0.94
VEVENT_004242,2026-03-10 21:00:48,VEHICLE_00716,LOCATION_0058,ANPR,TOLL_PLAZA,0.87
VEVENT_004243,2025-06-30 15:07:15,VEHICLE_00197,LOCATION_0005,SURVEILLANCE,FIELD_SURVEILLANCE,0.87
VEVENT_004244,2025-06-20 22:07:00,VEHICLE_00714,LOCATION_0298,ANPR,FIELD_SURVEILLANCE,0.86
VEVENT_004245,2026-02-13 20:26:35,VEHICLE_00267,LOCATION_0226,TOLL,TOLL_PLAZA,0.88
VEVENT_004246,2025-09-04 11:16:54,VEHICLE_00274,LOCATION_0273,SURVEILLANCE,ANPR_CAMERA,0.81
VEVENT_004247,2025-03-23 15:53:03,VEHICLE_00166,LOCATION_0100,TOLL,POLICE_CHECKPOINT,0.89
VEVENT_004248,2026-05-04 18:26:37,VEHICLE_00365,LOCATION_0027,TOLL,POLICE_CHECKPOINT,0.87
VEVENT_004249,2026-01-20 06:49:33,VEHICLE_00674,LOCATION_0048,SURVEILLANCE,ANPR_CAMERA,0.92
VEVENT_004250,2024-02-11 03:57:47,VEHICLE_00606,LOCATION_0048,TOLL,POLICE_CHECKPOINT,0.87
VEVENT_004251,2025-04-19 23:35:42,VEHICLE_00705,LOCATION_0210,ANPR,TOLL_PLAZA,0.86
VEVENT_004252,2025-10-21 03:45:14,VEHICLE_00379,LOCATION_0185,SURVEILLANCE,POLICE_CHECKPOINT,0.88
VEVENT_004253,2024-02-25 15:10:09,VEHICLE_00522,LOCATION_0008,SURVEILLANCE,ANPR_CAMERA,0.83
VEVENT_004254,2024-07-17 13:28:00,VEHICLE_00585,LOCATION_0269,CHECKPOINT,FIELD_SURVEILLANCE,0.94
VEVENT_004255,2024-10-21 16:30:55,VEHICLE_00708,LOCATION_0069,SURVEILLANCE,ANPR_CAMERA,0.9
VEVENT_004256,2024-01-29 15:48:09,VEHICLE_00195,LOCATION_0193,TOLL,POLICE_CHECKPOINT,0.87
VEVENT_004257,2025-04-17 23:48:14,VEHICLE_00287,LOCATION_0266,TOLL,TOLL_PLAZA,0.87
VEVENT_004258,2024-03-22 20:52:05,VEHICLE_00391,LOCATION_0016,SURVEILLANCE,ANPR_CAMERA,0.82
VEVENT_004259,2024-10-04 11:45:15,VEHICLE_00335,LOCATION_0102,TOLL,POLICE_CHECKPOINT,0.96
VEVENT_004260,2025-11-28 01:55:09,VEHICLE_00346,LOCATION_0269,SURVEILLANCE,TOLL_PLAZA,0.82
VEVENT_004261,2025-09-03 06:40:56,VEHICLE_00058,LOCATION_0112,SURVEILLANCE,POLICE_CHECKPOINT,0.9
VEVENT_004262,2026-05-09 20:35:25,VEHICLE_00609,LOCATION_0008,CHECKPOINT,TOLL_PLAZA,0.82
VEVENT_004263,2026-06-14 15:26:15,VEHICLE_00110,LOCATION_0108,CHECKPOINT,FIELD_SURVEILLANCE,0.85
VEVENT_004264,2025-06-14 17:15:38,VEHICLE_00151,LOCATION_0137,SURVEILLANCE,POLICE_CHECKPOINT,0.81
VEVENT_004265,2026-03-27 08:30:00,VEHICLE_00487,LOCATION_0140,CHECKPOINT,POLICE_CHECKPOINT,0.89
VEVENT_004266,2025-12-01 13:37:08,VEHICLE_00416,LOCATION_0077,CHECKPOINT,TOLL_PLAZA,0.94
VEVENT_004267,2025-02-28 11:46:53,VEHICLE_00613,LOCATION_0017,ANPR,TOLL_PLAZA,0.82
VEVENT_004268,2025-12-04 09:46:15,VEHICLE_00220,LOCATION_0097,CHECKPOINT,FIELD_SURVEILLANCE,0.87
VEVENT_004269,2025-02-07 04:39:35,VEHICLE_00190,LOCATION_0278,ANPR,ANPR_CAMERA,0.94
VEVENT_004270,2024-11-05 16:26:41,VEHICLE_00114,LOCATION_0088,SURVEILLANCE,ANPR_CAMERA,0.9
VEVENT_004271,2026-02-24 18:56:12,VEHICLE_00318,LOCATION_0088,ANPR,POLICE_CHECKPOINT,0.97
VEVENT_004272,2024-07-13 22:21:57,VEHICLE_00246,LOCATION_0287,SURVEILLANCE,TOLL_PLAZA,0.83
VEVENT_004273,2025-07-23 03:19:20,VEHICLE_00484,LOCATION_0039,SURVEILLANCE,TOLL_PLAZA,0.9
VEVENT_004274,2025-05-07 04:25:31,VEHICLE_00167,LOCATION_0227,SURVEILLANCE,TOLL_PLAZA,0.82
VEVENT_004275,2025-02-02 06:11:57,VEHICLE_00364,LOCATION_0102,CHECKPOINT,POLICE_CHECKPOINT,0.8
VEVENT_004276,2025-02-20 22:12:45,VEHICLE_00314,LOCATION_0271,SURVEILLANCE,TOLL_PLAZA,0.86
VEVENT_004277,2024-03-02 04:11:09,VEHICLE_00057,LOCATION_0053,SURVEILLANCE,TOLL_PLAZA,0.88
VEVENT_004278,2025-03-14 04:51:24,VEHICLE_00675,LOCATION_0251,SURVEILLANCE,ANPR_CAMERA,0.95
VEVENT_004279,2025-12-19 20:37:01,VEHICLE_00238,LOCATION_0121,TOLL,FIELD_SURVEILLANCE,0.94
VEVENT_004280,2025-01-10 01:02:54,VEHICLE_00577,LOCATION_0106,SURVEILLANCE,POLICE_CHECKPOINT,0.94
VEVENT_004281,2025-11-14 11:03:16,VEHICLE_00652,LOCATION_0119,TOLL,FIELD_SURVEILLANCE,0.88
VEVENT_004282,2024-04-01 19:24:43,VEHICLE_00698,LOCATION_0164,CHECKPOINT,FIELD_SURVEILLANCE,0.91
VEVENT_004283,2026-01-06 13:54:32,VEHICLE_00672,LOCATION_0287,ANPR,FIELD_SURVEILLANCE,0.82
VEVENT_004284,2025-09-03 01:12:56,VEHICLE_00647,LOCATION_0019,CHECKPOINT,ANPR_CAMERA,0.89
VEVENT_004285,2024-04-01 01:11:48,VEHICLE_00646,LOCATION_0254,ANPR,TOLL_PLAZA,0.91
VEVENT_004286,2025-10-26 04:51:50,VEHICLE_00199,LOCATION_0035,TOLL,POLICE_CHECKPOINT,0.94
VEVENT_004287,2024-02-19 09:10:33,VEHICLE_00334,LOCATION_0111,CHECKPOINT,POLICE_CHECKPOINT,0.86
VEVENT_004288,2026-05-22 16:30:38,VEHICLE_00260,LOCATION_0013,CHECKPOINT,TOLL_PLAZA,0.89
VEVENT_004289,2025-11-25 04:04:25,VEHICLE_00328,LOCATION_0001,CHECKPOINT,ANPR_CAMERA,0.9
VEVENT_004290,2025-09-28 16:40:33,VEHICLE_00757,LOCATION_0114,ANPR,TOLL_PLAZA,0.86
VEVENT_004291,2024-02-25 03:17:31,VEHICLE_00737,LOCATION_0036,SURVEILLANCE,POLICE_CHECKPOINT,0.88
VEVENT_004292,2024-01-18 02:58:37,VEHICLE_00345,LOCATION_0093,TOLL,ANPR_CAMERA,0.91
VEVENT_004293,2025-11-03 05:56:25,VEHICLE_00059,LOCATION_0099,TOLL,ANPR_CAMERA,0.97
VEVENT_004294,2026-01-24 22:59:34,VEHICLE_00556,LOCATION_0109,SURVEILLANCE,POLICE_CHECKPOINT,0.88
VEVENT_004295,2025-01-26 17:08:15,VEHICLE_00157,LOCATION_0206,CHECKPOINT,FIELD_SURVEILLANCE,0.88
VEVENT_004296,2025-03-20 08:02:40,VEHICLE_00483,LOCATION_0025,TOLL,ANPR_CAMERA,0.94
VEVENT_004297,2024-01-21 07:14:54,VEHICLE_00270,LOCATION_0297,ANPR,POLICE_CHECKPOINT,0.83
VEVENT_004298,2026-06-15 14:08:49,VEHICLE_00745,LOCATION_0045,SURVEILLANCE,POLICE_CHECKPOINT,0.93
VEVENT_004299,2025-08-14 10:23:57,VEHICLE_00058,LOCATION_0282,SURVEILLANCE,TOLL_PLAZA,0.8
VEVENT_004300,2024-02-15 16:27:26,VEHICLE_00586,LOCATION_0209,CHECKPOINT,TOLL_PLAZA,0.84
VEVENT_004301,2025-04-08 04:59:07,VEHICLE_00247,LOCATION_0198,SURVEILLANCE,POLICE_CHECKPOINT,0.89
VEVENT_004302,2026-03-15 12:04:10,VEHICLE_00573,LOCATION_0242,CHECKPOINT,TOLL_PLAZA,0.9
VEVENT_004303,2026-01-09 20:55:41,VEHICLE_00368,LOCATION_0283,CHECKPOINT,TOLL_PLAZA,0.85
VEVENT_004304,2024-05-10 04:09:11,VEHICLE_00541,LOCATION_0150,TOLL,POLICE_CHECKPOINT,0.86
VEVENT_004305,2024-05-11 20:29:50,VEHICLE_00634,LOCATION_0184,ANPR,FIELD_SURVEILLANCE,0.88
VEVENT_004306,2024-10-10 19:51:10,VEHICLE_00663,LOCATION_0087,CHECKPOINT,POLICE_CHECKPOINT,0.86
VEVENT_004307,2024-12-01 13:59:13,VEHICLE_00394,LOCATION_0122,TOLL,TOLL_PLAZA,0.92
VEVENT_004308,2025-12-10 19:06:08,VEHICLE_00306,LOCATION_0247,ANPR,POLICE_CHECKPOINT,0.88
VEVENT_004309,2026-04-06 13:17:22,VEHICLE_00219,LOCATION_0165,CHECKPOINT,POLICE_CHECKPOINT,0.81
VEVENT_004310,2026-06-07 10:57:59,VEHICLE_00616,LOCATION_0252,TOLL,ANPR_CAMERA,0.88
VEVENT_004311,2024-07-13 01:28:17,VEHICLE_00464,LOCATION_0147,CHECKPOINT,POLICE_CHECKPOINT,0.94
VEVENT_004312,2024-07-31 06:50:33,VEHICLE_00557,LOCATION_0031,ANPR,TOLL_PLAZA,0.82
VEVENT_004313,2024-09-20 17:20:51,VEHICLE_00726,LOCATION_0083,SURVEILLANCE,TOLL_PLAZA,0.93
VEVENT_004314,2026-02-07 06:58:34,VEHICLE_00067,LOCATION_0070,SURVEILLANCE,FIELD_SURVEILLANCE,0.88
VEVENT_004315,2024-12-21 08:46:56,VEHICLE_00635,LOCATION_0088,TOLL,POLICE_CHECKPOINT,0.86
VEVENT_004316,2025-11-19 13:29:30,VEHICLE_00727,LOCATION_0083,TOLL,ANPR_CAMERA,0.81
VEVENT_004317,2025-01-31 19:49:34,VEHICLE_00452,LOCATION_0191,CHECKPOINT,POLICE_CHECKPOINT,0.97
VEVENT_004318,2026-03-03 05:25:53,VEHICLE_00507,LOCATION_0268,CHECKPOINT,POLICE_CHECKPOINT,0.95
VEVENT_004319,2026-05-07 00:34:42,VEHICLE_00365,LOCATION_0107,CHECKPOINT,FIELD_SURVEILLANCE,0.94
VEVENT_004320,2024-04-04 16:52:06,VEHICLE_00596,LOCATION_0027,SURVEILLANCE,FIELD_SURVEILLANCE,0.87
VEVENT_004321,2025-07-06 12:19:41,VEHICLE_00445,LOCATION_0234,CHECKPOINT,ANPR_CAMERA,0.92
VEVENT_004322,2025-03-07 09:55:50,VEHICLE_00657,LOCATION_0141,CHECKPOINT,ANPR_CAMERA,0.87
VEVENT_004323,2025-09-27 10:52:32,VEHICLE_00482,LOCATION_0286,CHECKPOINT,ANPR_CAMERA,0.93
VEVENT_004324,2026-02-22 20:09:41,VEHICLE_00473,LOCATION_0106,TOLL,POLICE_CHECKPOINT,0.81
VEVENT_004325,2024-04-10 18:26:09,VEHICLE_00740,LOCATION_0112,CHECKPOINT,TOLL_PLAZA,0.89
VEVENT_004326,2026-04-16 02:14:56,VEHICLE_00560,LOCATION_0001,SURVEILLANCE,ANPR_CAMERA,0.91
VEVENT_004327,2024-09-10 17:18:43,VEHICLE_00747,LOCATION_0020,SURVEILLANCE,POLICE_CHECKPOINT,0.95
VEVENT_004328,2024-09-19 03:12:00,VEHICLE_00268,LOCATION_0076,CHECKPOINT,TOLL_PLAZA,0.91
VEVENT_004329,2026-03-14 21:39:34,VEHICLE_00273,LOCATION_0140,ANPR,POLICE_CHECKPOINT,0.85
VEVENT_004330,2024-06-16 04:12:20,VEHICLE_00554,LOCATION_0095,TOLL,FIELD_SURVEILLANCE,0.87
VEVENT_004331,2026-01-19 05:02:58,VEHICLE_00760,LOCATION_0141,ANPR,ANPR_CAMERA,0.91
VEVENT_004332,2024-03-12 16:53:55,VEHICLE_00729,LOCATION_0175,ANPR,TOLL_PLAZA,0.92
VEVENT_004333,2024-09-29 18:58:54,VEHICLE_00141,LOCATION_0282,TOLL,ANPR_CAMERA,0.86
VEVENT_004334,2026-03-17 15:02:51,VEHICLE_00602,LOCATION_0264,SURVEILLANCE,POLICE_CHECKPOINT,0.85
VEVENT_004335,2024-09-29 05:13:55,VEHICLE_00045,LOCATION_0229,CHECKPOINT,POLICE_CHECKPOINT,0.8
VEVENT_004336,2025-10-23 06:35:47,VEHICLE_00313,LOCATION_0076,SURVEILLANCE,FIELD_SURVEILLANCE,0.8
VEVENT_004337,2025-08-31 23:27:50,VEHICLE_00271,LOCATION_0099,SURVEILLANCE,TOLL_PLAZA,0.95
VEVENT_004338,2025-01-12 09:11:23,VEHICLE_00084,LOCATION_0290,TOLL,FIELD_SURVEILLANCE,0.91
VEVENT_004339,2024-01-20 18:57:07,VEHICLE_00200,LOCATION_0157,SURVEILLANCE,FIELD_SURVEILLANCE,0.82
VEVENT_004340,2025-06-08 01:46:02,VEHICLE_00654,LOCATION_0276,TOLL,ANPR_CAMERA,0.96
VEVENT_004341,2024-10-29 18:26:52,VEHICLE_00186,LOCATION_0006,ANPR,ANPR_CAMERA,0.94
VEVENT_004342,2024-01-27 04:33:55,VEHICLE_00672,LOCATION_0007,SURVEILLANCE,FIELD_SURVEILLANCE,0.95
VEVENT_004343,2025-11-23 12:51:38,VEHICLE_00325,LOCATION_0055,TOLL,FIELD_SURVEILLANCE,0.93
VEVENT_004344,2025-07-10 11:35:36,VEHICLE_00162,LOCATION_0231,SURVEILLANCE,ANPR_CAMERA,0.95
VEVENT_004345,2025-11-02 09:53:51,VEHICLE_00282,LOCATION_0001,TOLL,POLICE_CHECKPOINT,0.83
VEVENT_004346,2026-05-08 23:55:57,VEHICLE_00612,LOCATION_0258,SURVEILLANCE,ANPR_CAMERA,0.91
VEVENT_004347,2024-04-17 05:43:38,VEHICLE_00714,LOCATION_0228,ANPR,POLICE_CHECKPOINT,0.91
VEVENT_004348,2026-02-20 20:47:55,VEHICLE_00641,LOCATION_0178,TOLL,FIELD_SURVEILLANCE,0.95
VEVENT_004349,2024-05-05 06:21:05,VEHICLE_00758,LOCATION_0199,ANPR,POLICE_CHECKPOINT,0.87
VEVENT_004350,2026-01-14 00:30:51,VEHICLE_00498,LOCATION_0211,SURVEILLANCE,TOLL_PLAZA,0.92
VEVENT_004351,2024-09-22 11:27:05,VEHICLE_00651,LOCATION_0009,ANPR,POLICE_CHECKPOINT,0.83
VEVENT_004352,2024-07-30 22:50:04,VEHICLE_00510,LOCATION_0082,TOLL,FIELD_SURVEILLANCE,0.83
VEVENT_004353,2026-02-19 06:56:27,VEHICLE_00478,LOCATION_0193,CHECKPOINT,ANPR_CAMERA,0.85
VEVENT_004354,2025-01-23 07:15:34,VEHICLE_00668,LOCATION_0222,TOLL,ANPR_CAMERA,0.89
VEVENT_004355,2024-12-30 12:45:27,VEHICLE_00083,LOCATION_0018,CHECKPOINT,FIELD_SURVEILLANCE,0.85
VEVENT_004356,2025-10-08 06:16:32,VEHICLE_00344,LOCATION_0002,TOLL,FIELD_SURVEILLANCE,0.93
VEVENT_004357,2026-06-27 21:19:12,VEHICLE_00268,LOCATION_0006,SURVEILLANCE,ANPR_CAMERA,0.8
VEVENT_004358,2026-04-05 01:53:31,VEHICLE_00347,LOCATION_0208,CHECKPOINT,POLICE_CHECKPOINT,0.86
VEVENT_004359,2025-01-30 14:44:55,VEHICLE_00613,LOCATION_0027,SURVEILLANCE,ANPR_CAMERA,0.83
VEVENT_004360,2026-05-20 09:22:39,VEHICLE_00722,LOCATION_0103,CHECKPOINT,ANPR_CAMERA,0.82
VEVENT_004361,2024-07-23 07:21:26,VEHICLE_00242,LOCATION_0107,TOLL,TOLL_PLAZA,0.97
VEVENT_004362,2025-12-22 05:29:00,VEHICLE_00219,LOCATION_0295,SURVEILLANCE,FIELD_SURVEILLANCE,0.9
VEVENT_004363,2026-01-07 17:31:31,VEHICLE_00233,LOCATION_0059,ANPR,FIELD_SURVEILLANCE,0.87
VEVENT_004364,2026-05-13 09:07:14,VEHICLE_00145,LOCATION_0227,CHECKPOINT,TOLL_PLAZA,0.88
VEVENT_004365,2025-01-06 07:49:45,VEHICLE_00014,LOCATION_0247,CHECKPOINT,POLICE_CHECKPOINT,0.82
VEVENT_004366,2026-06-21 20:11:18,VEHICLE_00699,LOCATION_0042,SURVEILLANCE,TOLL_PLAZA,0.88
VEVENT_004367,2026-04-25 23:45:02,VEHICLE_00295,LOCATION_0209,ANPR,POLICE_CHECKPOINT,0.91
VEVENT_004368,2024-11-01 23:38:15,VEHICLE_00283,LOCATION_0176,CHECKPOINT,FIELD_SURVEILLANCE,0.93
VEVENT_004369,2025-07-28 00:55:16,VEHICLE_00334,LOCATION_0171,TOLL,FIELD_SURVEILLANCE,0.83
VEVENT_004370,2024-12-01 11:30:05,VEHICLE_00297,LOCATION_0257,SURVEILLANCE,TOLL_PLAZA,0.86
VEVENT_004371,2024-07-14 20:09:05,VEHICLE_00665,LOCATION_0270,SURVEILLANCE,FIELD_SURVEILLANCE,0.85
VEVENT_004372,2024-01-25 16:00:34,VEHICLE_00547,LOCATION_0061,SURVEILLANCE,ANPR_CAMERA,0.89
VEVENT_004373,2025-12-06 22:37:18,VEHICLE_00321,LOCATION_0021,ANPR,POLICE_CHECKPOINT,0.8
VEVENT_004374,2024-09-22 01:33:20,VEHICLE_00002,LOCATION_0145,ANPR,POLICE_CHECKPOINT,0.9
VEVENT_004375,2025-03-18 11:31:03,VEHICLE_00362,LOCATION_0259,CHECKPOINT,FIELD_SURVEILLANCE,0.82
VEVENT_004376,2026-05-22 06:39:13,VEHICLE_00688,LOCATION_0059,SURVEILLANCE,POLICE_CHECKPOINT,0.92
VEVENT_004377,2024-08-29 16:45:48,VEHICLE_00015,LOCATION_0284,TOLL,POLICE_CHECKPOINT,0.9
VEVENT_004378,2025-07-17 12:54:12,VEHICLE_00397,LOCATION_0021,CHECKPOINT,TOLL_PLAZA,0.8
VEVENT_004379,2026-05-15 09:03:17,VEHICLE_00408,LOCATION_0208,SURVEILLANCE,FIELD_SURVEILLANCE,0.84
VEVENT_004380,2026-02-01 22:54:22,VEHICLE_00488,LOCATION_0158,ANPR,FIELD_SURVEILLANCE,0.82
VEVENT_004381,2024-11-05 18:55:33,VEHICLE_00102,LOCATION_0197,ANPR,POLICE_CHECKPOINT,0.82
VEVENT_004382,2025-11-23 16:45:52,VEHICLE_00323,LOCATION_0037,SURVEILLANCE,ANPR_CAMERA,0.87
VEVENT_004383,2026-02-15 09:27:07,VEHICLE_00662,LOCATION_0178,TOLL,POLICE_CHECKPOINT,0.93
VEVENT_004384,2024-06-05 03:58:30,VEHICLE_00232,LOCATION_0272,SURVEILLANCE,FIELD_SURVEILLANCE,0.86
VEVENT_004385,2025-11-09 16:42:21,VEHICLE_00411,LOCATION_0081,SURVEILLANCE,POLICE_CHECKPOINT,0.91
VEVENT_004386,2024-03-02 22:43:53,VEHICLE_00076,LOCATION_0043,TOLL,ANPR_CAMERA,0.94
VEVENT_004387,2025-05-22 10:40:12,VEHICLE_00023,LOCATION_0088,TOLL,POLICE_CHECKPOINT,0.81
VEVENT_004388,2025-02-23 02:42:30,VEHICLE_00662,LOCATION_0128,CHECKPOINT,ANPR_CAMERA,0.95
VEVENT_004389,2024-02-03 12:39:58,VEHICLE_00422,LOCATION_0286,TOLL,FIELD_SURVEILLANCE,0.96
VEVENT_004390,2025-07-28 20:08:44,VEHICLE_00360,LOCATION_0284,CHECKPOINT,TOLL_PLAZA,0.86
VEVENT_004391,2025-09-09 18:02:07,VEHICLE_00381,LOCATION_0132,CHECKPOINT,TOLL_PLAZA,0.83
VEVENT_004392,2024-01-08 07:44:00,VEHICLE_00732,LOCATION_0090,ANPR,POLICE_CHECKPOINT,0.95
VEVENT_004393,2024-06-26 06:25:37,VEHICLE_00542,LOCATION_0266,TOLL,FIELD_SURVEILLANCE,0.93
VEVENT_004394,2024-12-17 20:56:04,VEHICLE_00097,LOCATION_0125,SURVEILLANCE,POLICE_CHECKPOINT,0.96
VEVENT_004395,2026-02-23 04:58:47,VEHICLE_00662,LOCATION_0268,CHECKPOINT,FIELD_SURVEILLANCE,0.87
VEVENT_004396,2026-02-11 11:42:21,VEHICLE_00138,LOCATION_0185,CHECKPOINT,TOLL_PLAZA,0.84
VEVENT_004397,2024-01-21 03:57:48,VEHICLE_00742,LOCATION_0147,TOLL,POLICE_CHECKPOINT,0.81
VEVENT_004398,2025-06-13 15:31:50,VEHICLE_00044,LOCATION_0157,CHECKPOINT,POLICE_CHECKPOINT,0.83
VEVENT_004399,2024-08-10 23:23:58,VEHICLE_00030,LOCATION_0259,CHECKPOINT,FIELD_SURVEILLANCE,0.94
VEVENT_004400,2026-02-02 00:08:35,VEHICLE_00033,LOCATION_0203,ANPR,ANPR_CAMERA,0.82
VEVENT_004401,2025-04-03 18:31:01,VEHICLE_00112,LOCATION_0144,TOLL,ANPR_CAMERA,0.92
VEVENT_004402,2024-03-10 07:00:45,VEHICLE_00705,LOCATION_0270,ANPR,ANPR_CAMERA,0.81
VEVENT_004403,2025-02-06 13:37:29,VEHICLE_00090,LOCATION_0036,CHECKPOINT,ANPR_CAMERA,0.82
VEVENT_004404,2025-05-12 05:03:25,VEHICLE_00574,LOCATION_0254,ANPR,POLICE_CHECKPOINT,0.87
VEVENT_004405,2024-08-06 20:12:42,VEHICLE_00440,LOCATION_0038,CHECKPOINT,POLICE_CHECKPOINT,0.8
VEVENT_004406,2024-07-12 03:21:58,VEHICLE_00617,LOCATION_0072,ANPR,FIELD_SURVEILLANCE,0.85
VEVENT_004407,2024-06-08 14:25:35,VEHICLE_00746,LOCATION_0239,CHECKPOINT,POLICE_CHECKPOINT,0.94
VEVENT_004408,2026-01-07 04:46:22,VEHICLE_00378,LOCATION_0240,TOLL,FIELD_SURVEILLANCE,0.88
VEVENT_004409,2024-12-23 21:31:25,VEHICLE_00348,LOCATION_0159,SURVEILLANCE,ANPR_CAMERA,0.82
VEVENT_004410,2025-07-02 12:45:56,VEHICLE_00605,LOCATION_0025,CHECKPOINT,FIELD_SURVEILLANCE,0.87
VEVENT_004411,2025-05-06 13:38:30,VEHICLE_00349,LOCATION_0209,ANPR,POLICE_CHECKPOINT,0.85
VEVENT_004412,2025-09-12 16:23:32,VEHICLE_00148,LOCATION_0186,TOLL,ANPR_CAMERA,0.94
VEVENT_004413,2024-04-05 20:50:56,VEHICLE_00263,LOCATION_0192,TOLL,TOLL_PLAZA,0.85
VEVENT_004414,2026-05-08 19:29:23,VEHICLE_00396,LOCATION_0129,TOLL,FIELD_SURVEILLANCE,0.91
VEVENT_004415,2025-06-29 01:58:33,VEHICLE_00243,LOCATION_0194,ANPR,ANPR_CAMERA,0.95
VEVENT_004416,2026-04-23 18:25:08,VEHICLE_00015,LOCATION_0274,TOLL,POLICE_CHECKPOINT,0.94
VEVENT_004417,2024-10-19 05:37:09,VEHICLE_00032,LOCATION_0177,ANPR,POLICE_CHECKPOINT,0.84
VEVENT_004418,2026-03-14 14:38:38,VEHICLE_00735,LOCATION_0286,TOLL,POLICE_CHECKPOINT,0.9
VEVENT_004419,2024-05-19 15:37:35,VEHICLE_00585,LOCATION_0239,ANPR,POLICE_CHECKPOINT,0.96
VEVENT_004420,2025-07-11 21:03:34,VEHICLE_00290,LOCATION_0006,TOLL,ANPR_CAMERA,0.83
VEVENT_004421,2025-08-17 07:37:15,VEHICLE_00683,LOCATION_0177,ANPR,TOLL_PLAZA,0.94
VEVENT_004422,2025-05-16 05:10:52,VEHICLE_00255,LOCATION_0061,ANPR,FIELD_SURVEILLANCE,0.84
VEVENT_004423,2025-11-10 10:22:01,VEHICLE_00559,LOCATION_0086,TOLL,FIELD_SURVEILLANCE,0.91
VEVENT_004424,2026-06-16 18:05:39,VEHICLE_00668,LOCATION_0212,CHECKPOINT,TOLL_PLAZA,0.86
VEVENT_004425,2024-06-09 07:50:13,VEHICLE_00403,LOCATION_0084,SURVEILLANCE,FIELD_SURVEILLANCE,0.89
VEVENT_004426,2025-06-10 07:49:55,VEHICLE_00136,LOCATION_0077,CHECKPOINT,TOLL_PLAZA,0.88
VEVENT_004427,2024-06-19 13:57:34,VEHICLE_00325,LOCATION_0035,ANPR,TOLL_PLAZA,0.81
VEVENT_004428,2026-05-28 21:14:54,VEHICLE_00252,LOCATION_0028,TOLL,FIELD_SURVEILLANCE,0.85
VEVENT_004429,2025-10-16 12:20:02,VEHICLE_00395,LOCATION_0036,SURVEILLANCE,POLICE_CHECKPOINT,0.85
VEVENT_004430,2025-06-29 12:04:05,VEHICLE_00675,LOCATION_0171,CHECKPOINT,ANPR_CAMERA,0.91
VEVENT_004431,2025-09-24 10:11:24,VEHICLE_00457,LOCATION_0134,CHECKPOINT,FIELD_SURVEILLANCE,0.96
VEVENT_004432,2025-11-12 20:58:28,VEHICLE_00178,LOCATION_0236,CHECKPOINT,FIELD_SURVEILLANCE,0.88
VEVENT_004433,2025-06-20 06:24:04,VEHICLE_00100,LOCATION_0075,CHECKPOINT,POLICE_CHECKPOINT,0.84
VEVENT_004434,2026-05-17 11:58:14,VEHICLE_00285,LOCATION_0135,TOLL,POLICE_CHECKPOINT,0.93
VEVENT_004435,2024-03-23 00:03:19,VEHICLE_00219,LOCATION_0295,SURVEILLANCE,TOLL_PLAZA,0.83
VEVENT_004436,2024-12-12 18:23:18,VEHICLE_00216,LOCATION_0136,ANPR,TOLL_PLAZA,0.92
VEVENT_004437,2024-02-13 18:42:48,VEHICLE_00323,LOCATION_0017,ANPR,FIELD_SURVEILLANCE,0.95
VEVENT_004438,2025-02-13 14:11:02,VEHICLE_00281,LOCATION_0208,SURVEILLANCE,FIELD_SURVEILLANCE,0.92
VEVENT_004439,2026-03-29 06:38:07,VEHICLE_00363,LOCATION_0080,CHECKPOINT,POLICE_CHECKPOINT,0.82
VEVENT_004440,2024-04-03 18:41:36,VEHICLE_00524,LOCATION_0256,CHECKPOINT,POLICE_CHECKPOINT,0.82
VEVENT_004441,2024-07-26 06:58:03,VEHICLE_00350,LOCATION_0109,SURVEILLANCE,FIELD_SURVEILLANCE,0.95
VEVENT_004442,2025-06-18 22:03:38,VEHICLE_00532,LOCATION_0075,ANPR,FIELD_SURVEILLANCE,0.91
VEVENT_004443,2025-10-17 16:09:05,VEHICLE_00210,LOCATION_0073,ANPR,FIELD_SURVEILLANCE,0.91
VEVENT_004444,2025-01-31 06:04:32,VEHICLE_00200,LOCATION_0027,ANPR,TOLL_PLAZA,0.93
VEVENT_004445,2025-05-15 09:33:22,VEHICLE_00409,LOCATION_0110,SURVEILLANCE,POLICE_CHECKPOINT,0.8
VEVENT_004446,2024-11-28 23:12:18,VEHICLE_00636,LOCATION_0168,CHECKPOINT,TOLL_PLAZA,0.92
VEVENT_004447,2026-02-01 12:23:36,VEHICLE_00316,LOCATION_0073,TOLL,ANPR_CAMERA,0.84
VEVENT_004448,2024-03-25 08:51:31,VEHICLE_00310,LOCATION_0090,SURVEILLANCE,TOLL_PLAZA,0.94
VEVENT_004449,2025-10-21 12:24:45,VEHICLE_00611,LOCATION_0224,TOLL,TOLL_PLAZA,0.96
VEVENT_004450,2026-06-09 10:01:20,VEHICLE_00664,LOCATION_0105,TOLL,TOLL_PLAZA,0.89
VEVENT_004451,2025-01-12 05:08:21,VEHICLE_00071,LOCATION_0145,ANPR,ANPR_CAMERA,0.84
VEVENT_004452,2025-05-11 12:07:12,VEHICLE_00248,LOCATION_0229,TOLL,FIELD_SURVEILLANCE,0.89
VEVENT_004453,2025-06-13 12:29:03,VEHICLE_00552,LOCATION_0235,TOLL,FIELD_SURVEILLANCE,0.92
VEVENT_004454,2024-06-06 11:51:37,VEHICLE_00269,LOCATION_0279,ANPR,FIELD_SURVEILLANCE,0.91
VEVENT_004455,2025-07-11 20:38:12,VEHICLE_00043,LOCATION_0050,SURVEILLANCE,POLICE_CHECKPOINT,0.82
VEVENT_004456,2025-01-20 10:53:48,VEHICLE_00580,LOCATION_0040,CHECKPOINT,POLICE_CHECKPOINT,0.88
VEVENT_004457,2025-07-12 16:46:46,VEHICLE_00512,LOCATION_0103,TOLL,POLICE_CHECKPOINT,0.82
VEVENT_004458,2025-03-14 03:09:49,VEHICLE_00182,LOCATION_0194,SURVEILLANCE,TOLL_PLAZA,0.91
VEVENT_004459,2024-02-15 02:37:48,VEHICLE_00220,LOCATION_0157,SURVEILLANCE,ANPR_CAMERA,0.94
VEVENT_004460,2025-04-30 20:41:33,VEHICLE_00102,LOCATION_0287,SURVEILLANCE,ANPR_CAMERA,0.85
VEVENT_004461,2024-12-16 08:24:19,VEHICLE_00683,LOCATION_0157,TOLL,FIELD_SURVEILLANCE,0.88
VEVENT_004462,2025-06-07 02:15:32,VEHICLE_00169,LOCATION_0061,SURVEILLANCE,POLICE_CHECKPOINT,0.88
VEVENT_004463,2024-02-17 00:05:27,VEHICLE_00669,LOCATION_0098,SURVEILLANCE,ANPR_CAMERA,0.83
VEVENT_004464,2025-01-17 19:24:15,VEHICLE_00464,LOCATION_0017,ANPR,FIELD_SURVEILLANCE,0.96
VEVENT_004465,2026-05-27 18:08:23,VEHICLE_00739,LOCATION_0094,TOLL,ANPR_CAMERA,0.82
VEVENT_004466,2025-06-08 16:02:25,VEHICLE_00302,LOCATION_0124,CHECKPOINT,FIELD_SURVEILLANCE,0.81
VEVENT_004467,2025-01-05 00:37:39,VEHICLE_00612,LOCATION_0128,ANPR,TOLL_PLAZA,0.91
VEVENT_004468,2026-01-19 00:40:45,VEHICLE_00230,LOCATION_0201,TOLL,POLICE_CHECKPOINT,0.92
VEVENT_004469,2026-02-12 18:29:57,VEHICLE_00251,LOCATION_0135,SURVEILLANCE,POLICE_CHECKPOINT,0.93
VEVENT_004470,2026-05-02 04:01:18,VEHICLE_00487,LOCATION_0240,CHECKPOINT,POLICE_CHECKPOINT,0.95
VEVENT_004471,2024-02-18 18:26:49,VEHICLE_00214,LOCATION_0220,CHECKPOINT,POLICE_CHECKPOINT,0.8
VEVENT_004472,2025-11-02 11:24:58,VEHICLE_00417,LOCATION_0280,ANPR,TOLL_PLAZA,0.92
VEVENT_004473,2024-02-18 19:25:08,VEHICLE_00177,LOCATION_0184,SURVEILLANCE,ANPR_CAMERA,0.97
VEVENT_004474,2024-11-18 22:35:10,VEHICLE_00034,LOCATION_0086,SURVEILLANCE,FIELD_SURVEILLANCE,0.96
VEVENT_004475,2024-12-15 23:49:23,VEHICLE_00304,LOCATION_0209,ANPR,POLICE_CHECKPOINT,0.92
VEVENT_004476,2025-01-25 14:02:53,VEHICLE_00505,LOCATION_0094,CHECKPOINT,TOLL_PLAZA,0.83
VEVENT_004477,2026-05-05 12:56:52,VEHICLE_00314,LOCATION_0151,CHECKPOINT,TOLL_PLAZA,0.82
VEVENT_004478,2026-05-06 10:22:03,VEHICLE_00286,LOCATION_0123,ANPR,ANPR_CAMERA,0.82
VEVENT_004479,2025-05-26 22:53:46,VEHICLE_00205,LOCATION_0055,ANPR,FIELD_SURVEILLANCE,0.81
VEVENT_004480,2026-02-02 00:50:37,VEHICLE_00463,LOCATION_0014,ANPR,TOLL_PLAZA,0.95
VEVENT_004481,2024-02-19 02:15:46,VEHICLE_00088,LOCATION_0090,SURVEILLANCE,ANPR_CAMERA,0.93
VEVENT_004482,2024-10-30 00:09:38,VEHICLE_00711,LOCATION_0219,CHECKPOINT,POLICE_CHECKPOINT,0.83
VEVENT_004483,2026-05-12 23:06:02,VEHICLE_00269,LOCATION_0229,CHECKPOINT,FIELD_SURVEILLANCE,0.82
VEVENT_004484,2024-11-29 12:13:16,VEHICLE_00700,LOCATION_0008,ANPR,POLICE_CHECKPOINT,0.81
VEVENT_004485,2024-01-04 20:40:10,VEHICLE_00708,LOCATION_0159,TOLL,ANPR_CAMERA,0.9
VEVENT_004486,2025-04-25 07:21:54,VEHICLE_00701,LOCATION_0237,CHECKPOINT,ANPR_CAMERA,0.95
VEVENT_004487,2025-10-01 01:12:03,VEHICLE_00407,LOCATION_0289,CHECKPOINT,ANPR_CAMERA,0.9
VEVENT_004488,2025-05-16 22:17:03,VEHICLE_00729,LOCATION_0065,SURVEILLANCE,TOLL_PLAZA,0.89
VEVENT_004489,2026-01-27 20:44:15,VEHICLE_00061,LOCATION_0073,SURVEILLANCE,TOLL_PLAZA,0.81
VEVENT_004490,2025-03-04 22:30:37,VEHICLE_00177,LOCATION_0254,ANPR,POLICE_CHECKPOINT,0.84
VEVENT_004491,2025-04-06 19:25:45,VEHICLE_00434,LOCATION_0209,TOLL,TOLL_PLAZA,0.87
VEVENT_004492,2025-01-22 16:25:57,VEHICLE_00126,LOCATION_0299,CHECKPOINT,POLICE_CHECKPOINT,0.91
VEVENT_004493,2025-05-01 18:52:25,VEHICLE_00707,LOCATION_0094,SURVEILLANCE,ANPR_CAMERA,0.88
VEVENT_004494,2024-04-03 01:58:37,VEHICLE_00521,LOCATION_0065,SURVEILLANCE,ANPR_CAMERA,0.82
VEVENT_004495,2025-12-01 11:57:56,VEHICLE_00642,LOCATION_0072,CHECKPOINT,POLICE_CHECKPOINT,0.93
VEVENT_004496,2024-08-16 20:24:45,VEHICLE_00711,LOCATION_0259,TOLL,TOLL_PLAZA,0.88
VEVENT_004497,2025-01-30 20:16:31,VEHICLE_00521,LOCATION_0195,CHECKPOINT,TOLL_PLAZA,0.95
VEVENT_004498,2026-04-08 05:17:30,VEHICLE_00029,LOCATION_0043,SURVEILLANCE,TOLL_PLAZA,0.9
VEVENT_004499,2025-11-06 15:20:41,VEHICLE_00047,LOCATION_0299,CHECKPOINT,ANPR_CAMERA,0.86
VEVENT_004500,2024-03-14 20:29:51,VEHICLE_00360,LOCATION_0024,SURVEILLANCE,FIELD_SURVEILLANCE,0.91
VEVENT_004501,2024-07-07 01:53:31,VEHICLE_00077,LOCATION_0193,ANPR,TOLL_PLAZA,0.84
VEVENT_004502,2024-05-29 14:21:34,VEHICLE_00627,LOCATION_0292,ANPR,POLICE_CHECKPOINT,0.92
VEVENT_004503,2024-06-10 19:39:51,VEHICLE_00744,LOCATION_0152,TOLL,FIELD_SURVEILLANCE,0.89
VEVENT_004504,2025-08-04 02:38:03,VEHICLE_00434,LOCATION_0269,CHECKPOINT,TOLL_PLAZA,0.97
VEVENT_004505,2026-03-09 13:01:10,VEHICLE_00201,LOCATION_0001,SURVEILLANCE,TOLL_PLAZA,0.82
VEVENT_004506,2026-01-09 11:34:02,VEHICLE_00507,LOCATION_0278,SURVEILLANCE,ANPR_CAMERA,0.84
VEVENT_004507,2024-05-27 13:35:29,VEHICLE_00321,LOCATION_0231,SURVEILLANCE,TOLL_PLAZA,0.81
VEVENT_004508,2024-06-01 06:46:27,VEHICLE_00310,LOCATION_0010,SURVEILLANCE,ANPR_CAMERA,0.8
VEVENT_004509,2025-01-20 01:29:25,VEHICLE_00577,LOCATION_0146,SURVEILLANCE,FIELD_SURVEILLANCE,0.96
VEVENT_004510,2024-11-01 19:52:54,VEHICLE_00638,LOCATION_0008,SURVEILLANCE,ANPR_CAMERA,0.84
VEVENT_004511,2024-07-29 12:26:04,VEHICLE_00611,LOCATION_0284,TOLL,POLICE_CHECKPOINT,0.94
VEVENT_004512,2024-02-13 23:29:21,VEHICLE_00523,LOCATION_0228,TOLL,ANPR_CAMERA,0.92
VEVENT_004513,2025-01-22 17:03:55,VEHICLE_00005,LOCATION_0035,ANPR,POLICE_CHECKPOINT,0.89
VEVENT_004514,2024-01-01 12:43:15,VEHICLE_00292,LOCATION_0183,TOLL,POLICE_CHECKPOINT,0.9
VEVENT_004515,2026-04-04 06:44:04,VEHICLE_00230,LOCATION_0091,CHECKPOINT,ANPR_CAMERA,0.83
VEVENT_004516,2025-08-21 23:14:41,VEHICLE_00230,LOCATION_0051,SURVEILLANCE,ANPR_CAMERA,0.94
VEVENT_004517,2024-03-13 18:12:53,VEHICLE_00616,LOCATION_0232,CHECKPOINT,TOLL_PLAZA,0.93
VEVENT_004518,2024-11-11 10:33:12,VEHICLE_00450,LOCATION_0105,SURVEILLANCE,POLICE_CHECKPOINT,0.96
VEVENT_004519,2025-03-15 10:43:01,VEHICLE_00668,LOCATION_0062,TOLL,ANPR_CAMERA,0.96
VEVENT_004520,2024-12-13 11:06:39,VEHICLE_00135,LOCATION_0177,SURVEILLANCE,FIELD_SURVEILLANCE,0.95
VEVENT_004521,2024-11-20 19:32:22,VEHICLE_00279,LOCATION_0017,TOLL,FIELD_SURVEILLANCE,0.94
VEVENT_004522,2025-12-03 02:51:39,VEHICLE_00232,LOCATION_0252,SURVEILLANCE,TOLL_PLAZA,0.85
VEVENT_004523,2024-08-16 12:03:26,VEHICLE_00266,LOCATION_0036,CHECKPOINT,TOLL_PLAZA,0.87
VEVENT_004524,2025-05-26 18:02:55,VEHICLE_00414,LOCATION_0184,TOLL,TOLL_PLAZA,0.88
VEVENT_004525,2024-07-14 22:42:46,VEHICLE_00291,LOCATION_0237,TOLL,ANPR_CAMERA,0.92
VEVENT_004526,2024-04-06 08:24:46,VEHICLE_00172,LOCATION_0142,SURVEILLANCE,POLICE_CHECKPOINT,0.94
VEVENT_004527,2024-12-27 11:17:27,VEHICLE_00723,LOCATION_0181,ANPR,FIELD_SURVEILLANCE,0.9
VEVENT_004528,2024-07-15 19:33:51,VEHICLE_00146,LOCATION_0296,TOLL,ANPR_CAMERA,0.83
VEVENT_004529,2024-10-25 14:29:08,VEHICLE_00734,LOCATION_0066,CHECKPOINT,FIELD_SURVEILLANCE,0.85
VEVENT_004530,2024-02-17 18:17:25,VEHICLE_00622,LOCATION_0191,TOLL,POLICE_CHECKPOINT,0.81
VEVENT_004531,2025-09-28 05:20:37,VEHICLE_00544,LOCATION_0017,TOLL,TOLL_PLAZA,0.93
VEVENT_004532,2025-03-13 06:59:32,VEHICLE_00628,LOCATION_0229,SURVEILLANCE,ANPR_CAMERA,0.82
VEVENT_004533,2025-07-11 11:25:53,VEHICLE_00026,LOCATION_0184,SURVEILLANCE,ANPR_CAMERA,0.87
VEVENT_004534,2024-12-22 06:27:55,VEHICLE_00395,LOCATION_0166,TOLL,FIELD_SURVEILLANCE,0.88
VEVENT_004535,2026-06-26 09:55:28,VEHICLE_00145,LOCATION_0257,ANPR,FIELD_SURVEILLANCE,0.93
VEVENT_004536,2025-08-18 23:40:00,VEHICLE_00097,LOCATION_0265,ANPR,TOLL_PLAZA,0.91
VEVENT_004537,2024-12-15 11:39:42,VEHICLE_00294,LOCATION_0264,ANPR,POLICE_CHECKPOINT,0.84
VEVENT_004538,2025-12-04 08:00:17,VEHICLE_00474,LOCATION_0027,TOLL,TOLL_PLAZA,0.89
VEVENT_004539,2024-06-26 09:50:44,VEHICLE_00446,LOCATION_0238,CHECKPOINT,TOLL_PLAZA,0.85
VEVENT_004540,2024-02-18 04:57:55,VEHICLE_00434,LOCATION_0179,TOLL,FIELD_SURVEILLANCE,0.92
VEVENT_004541,2025-03-30 00:47:29,VEHICLE_00250,LOCATION_0140,CHECKPOINT,FIELD_SURVEILLANCE,0.92
VEVENT_004542,2025-05-20 20:50:56,VEHICLE_00420,LOCATION_0229,ANPR,ANPR_CAMERA,0.9
VEVENT_004543,2025-09-18 15:09:40,VEHICLE_00140,LOCATION_0283,SURVEILLANCE,ANPR_CAMERA,0.86
VEVENT_004544,2025-08-17 22:25:02,VEHICLE_00459,LOCATION_0147,CHECKPOINT,ANPR_CAMERA,0.84
VEVENT_004545,2025-07-19 01:20:12,VEHICLE_00375,LOCATION_0033,SURVEILLANCE,TOLL_PLAZA,0.94
VEVENT_004546,2026-01-14 21:51:50,VEHICLE_00156,LOCATION_0022,TOLL,ANPR_CAMERA,0.82
VEVENT_004547,2025-08-30 17:14:26,VEHICLE_00417,LOCATION_0010,ANPR,POLICE_CHECKPOINT,0.9
VEVENT_004548,2025-02-01 18:11:25,VEHICLE_00705,LOCATION_0090,CHECKPOINT,POLICE_CHECKPOINT,0.95
VEVENT_004549,2026-03-18 19:39:35,VEHICLE_00042,LOCATION_0231,CHECKPOINT,ANPR_CAMERA,0.94
VEVENT_004550,2026-04-09 14:21:48,VEHICLE_00734,LOCATION_0246,ANPR,POLICE_CHECKPOINT,0.84
VEVENT_004551,2024-01-15 11:23:13,VEHICLE_00735,LOCATION_0146,SURVEILLANCE,TOLL_PLAZA,0.86
VEVENT_004552,2026-05-28 13:00:20,VEHICLE_00064,LOCATION_0033,TOLL,TOLL_PLAZA,0.9
VEVENT_004553,2024-08-06 05:38:00,VEHICLE_00230,LOCATION_0111,TOLL,ANPR_CAMERA,0.88
VEVENT_004554,2026-03-05 20:29:27,VEHICLE_00340,LOCATION_0166,CHECKPOINT,POLICE_CHECKPOINT,0.82
VEVENT_004555,2024-07-24 03:23:19,VEHICLE_00090,LOCATION_0136,CHECKPOINT,ANPR_CAMERA,0.84
VEVENT_004556,2026-03-17 05:23:36,VEHICLE_00736,LOCATION_0095,SURVEILLANCE,POLICE_CHECKPOINT,0.91
VEVENT_004557,2026-06-16 19:04:51,VEHICLE_00338,LOCATION_0241,TOLL,POLICE_CHECKPOINT,0.86
VEVENT_004558,2025-08-14 21:55:21,VEHICLE_00206,LOCATION_0197,CHECKPOINT,TOLL_PLAZA,0.91
VEVENT_004559,2024-05-14 19:13:03,VEHICLE_00552,LOCATION_0085,ANPR,FIELD_SURVEILLANCE,0.91
VEVENT_004560,2024-06-21 11:42:29,VEHICLE_00601,LOCATION_0011,CHECKPOINT,POLICE_CHECKPOINT,0.85
VEVENT_004561,2025-01-07 23:12:02,VEHICLE_00395,LOCATION_0246,ANPR,TOLL_PLAZA,0.94
VEVENT_004562,2024-02-12 19:41:26,VEHICLE_00201,LOCATION_0001,CHECKPOINT,FIELD_SURVEILLANCE,0.84
VEVENT_004563,2026-03-06 21:16:13,VEHICLE_00400,LOCATION_0113,TOLL,TOLL_PLAZA,0.87
VEVENT_004564,2024-04-08 02:40:57,VEHICLE_00042,LOCATION_0181,CHECKPOINT,POLICE_CHECKPOINT,0.8
VEVENT_004565,2024-10-29 11:20:25,VEHICLE_00512,LOCATION_0103,SURVEILLANCE,TOLL_PLAZA,0.95
VEVENT_004566,2025-01-18 13:53:04,VEHICLE_00101,LOCATION_0024,TOLL,TOLL_PLAZA,0.92
VEVENT_004567,2025-10-07 16:14:56,VEHICLE_00476,LOCATION_0179,TOLL,FIELD_SURVEILLANCE,0.97
VEVENT_004568,2025-01-17 01:28:54,VEHICLE_00139,LOCATION_0121,CHECKPOINT,ANPR_CAMERA,0.95
VEVENT_004569,2026-06-03 07:02:49,VEHICLE_00493,LOCATION_0054,ANPR,FIELD_SURVEILLANCE,0.93
VEVENT_004570,2025-05-11 10:05:31,VEHICLE_00245,LOCATION_0135,TOLL,TOLL_PLAZA,0.96
VEVENT_004571,2025-11-23 11:23:48,VEHICLE_00236,LOCATION_0174,CHECKPOINT,POLICE_CHECKPOINT,0.88
VEVENT_004572,2025-05-04 16:53:45,VEHICLE_00088,LOCATION_0030,CHECKPOINT,ANPR_CAMERA,0.91
VEVENT_004573,2025-08-07 18:30:44,VEHICLE_00660,LOCATION_0074,ANPR,POLICE_CHECKPOINT,0.85
VEVENT_004574,2025-05-03 04:29:22,VEHICLE_00386,LOCATION_0088,ANPR,ANPR_CAMERA,0.87
VEVENT_004575,2025-04-20 19:48:48,VEHICLE_00141,LOCATION_0082,CHECKPOINT,TOLL_PLAZA,0.89
VEVENT_004576,2025-01-13 20:13:43,VEHICLE_00597,LOCATION_0121,SURVEILLANCE,ANPR_CAMERA,0.9
VEVENT_004577,2025-03-02 03:09:57,VEHICLE_00484,LOCATION_0149,ANPR,FIELD_SURVEILLANCE,0.88
VEVENT_004578,2024-05-06 12:59:15,VEHICLE_00030,LOCATION_0249,CHECKPOINT,POLICE_CHECKPOINT,0.95
VEVENT_004579,2025-08-08 10:08:21,VEHICLE_00098,LOCATION_0157,SURVEILLANCE,ANPR_CAMERA,0.87
VEVENT_004580,2024-01-19 00:07:51,VEHICLE_00754,LOCATION_0107,CHECKPOINT,TOLL_PLAZA,0.94
VEVENT_004581,2025-04-28 10:46:52,VEHICLE_00097,LOCATION_0245,CHECKPOINT,POLICE_CHECKPOINT,0.87
VEVENT_004582,2024-06-06 16:43:08,VEHICLE_00681,LOCATION_0280,TOLL,ANPR_CAMERA,0.83
VEVENT_004583,2025-08-26 07:42:00,VEHICLE_00625,LOCATION_0254,CHECKPOINT,TOLL_PLAZA,0.85
VEVENT_004584,2024-04-12 00:43:39,VEHICLE_00501,LOCATION_0033,TOLL,ANPR_CAMERA,0.9
VEVENT_004585,2025-05-02 09:43:18,VEHICLE_00541,LOCATION_0030,TOLL,ANPR_CAMERA,0.94
VEVENT_004586,2024-07-21 03:59:53,VEHICLE_00503,LOCATION_0239,CHECKPOINT,TOLL_PLAZA,0.87
VEVENT_004587,2025-10-17 19:26:25,VEHICLE_00184,LOCATION_0124,SURVEILLANCE,ANPR_CAMERA,0.92
VEVENT_004588,2025-12-10 09:35:49,VEHICLE_00545,LOCATION_0216,SURVEILLANCE,TOLL_PLAZA,0.81
VEVENT_004589,2024-01-08 08:36:04,VEHICLE_00440,LOCATION_0098,ANPR,TOLL_PLAZA,0.82
VEVENT_004590,2025-06-28 10:08:34,VEHICLE_00662,LOCATION_0018,CHECKPOINT,FIELD_SURVEILLANCE,0.86
VEVENT_004591,2024-03-11 14:09:38,VEHICLE_00036,LOCATION_0132,TOLL,TOLL_PLAZA,0.81
VEVENT_004592,2026-02-01 05:24:55,VEHICLE_00264,LOCATION_0138,SURVEILLANCE,FIELD_SURVEILLANCE,0.88
VEVENT_004593,2024-03-27 16:30:23,VEHICLE_00086,LOCATION_0137,TOLL,TOLL_PLAZA,0.89
VEVENT_004594,2025-12-05 15:49:24,VEHICLE_00053,LOCATION_0148,SURVEILLANCE,ANPR_CAMERA,0.83
VEVENT_004595,2026-05-01 01:12:04,VEHICLE_00682,LOCATION_0169,ANPR,ANPR_CAMERA,0.86
VEVENT_004596,2024-02-28 18:43:20,VEHICLE_00739,LOCATION_0154,TOLL,POLICE_CHECKPOINT,0.81
VEVENT_004597,2024-03-25 13:49:43,VEHICLE_00523,LOCATION_0178,TOLL,POLICE_CHECKPOINT,0.95
VEVENT_004598,2025-05-10 17:44:06,VEHICLE_00074,LOCATION_0210,SURVEILLANCE,ANPR_CAMERA,0.97
VEVENT_004599,2024-03-27 04:18:44,VEHICLE_00223,LOCATION_0202,TOLL,ANPR_CAMERA,0.94
VEVENT_004600,2024-12-06 21:11:15,VEHICLE_00605,LOCATION_0005,TOLL,POLICE_CHECKPOINT,0.84
VEVENT_004601,2024-09-23 09:56:17,VEHICLE_00738,LOCATION_0041,TOLL,FIELD_SURVEILLANCE,0.96
VEVENT_004602,2026-06-27 09:39:20,VEHICLE_00425,LOCATION_0098,SURVEILLANCE,ANPR_CAMERA,0.84
VEVENT_004603,2024-01-06 20:52:57,VEHICLE_00399,LOCATION_0105,SURVEILLANCE,ANPR_CAMERA,0.95
VEVENT_004604,2025-06-29 13:11:50,VEHICLE_00698,LOCATION_0124,SURVEILLANCE,POLICE_CHECKPOINT,0.89
VEVENT_004605,2026-05-16 08:29:06,VEHICLE_00467,LOCATION_0034,CHECKPOINT,POLICE_CHECKPOINT,0.95
VEVENT_004606,2024-04-13 03:06:35,VEHICLE_00249,LOCATION_0294,SURVEILLANCE,FIELD_SURVEILLANCE,0.81
VEVENT_004607,2024-08-02 08:09:35,VEHICLE_00240,LOCATION_0094,TOLL,FIELD_SURVEILLANCE,0.93
VEVENT_004608,2025-07-14 03:23:59,VEHICLE_00199,LOCATION_0035,TOLL,FIELD_SURVEILLANCE,0.89
VEVENT_004609,2026-03-10 14:47:45,VEHICLE_00389,LOCATION_0097,CHECKPOINT,POLICE_CHECKPOINT,0.84
VEVENT_004610,2025-06-17 16:54:11,VEHICLE_00553,LOCATION_0180,ANPR,TOLL_PLAZA,0.83
VEVENT_004611,2024-01-28 23:54:13,VEHICLE_00727,LOCATION_0033,CHECKPOINT,POLICE_CHECKPOINT,0.93
VEVENT_004612,2024-01-18 14:18:41,VEHICLE_00066,LOCATION_0121,CHECKPOINT,FIELD_SURVEILLANCE,0.86
VEVENT_004613,2025-06-18 18:49:10,VEHICLE_00565,LOCATION_0037,ANPR,TOLL_PLAZA,0.94
VEVENT_004614,2024-04-26 05:31:53,VEHICLE_00746,LOCATION_0229,TOLL,TOLL_PLAZA,0.87
VEVENT_004615,2024-05-08 17:12:42,VEHICLE_00135,LOCATION_0177,SURVEILLANCE,FIELD_SURVEILLANCE,0.96
VEVENT_004616,2024-08-26 18:11:24,VEHICLE_00744,LOCATION_0272,ANPR,FIELD_SURVEILLANCE,0.92
VEVENT_004617,2025-04-03 17:07:37,VEHICLE_00722,LOCATION_0173,ANPR,TOLL_PLAZA,0.93
VEVENT_004618,2025-01-31 12:08:58,VEHICLE_00538,LOCATION_0042,TOLL,FIELD_SURVEILLANCE,0.84
VEVENT_004619,2024-10-01 11:00:21,VEHICLE_00593,LOCATION_0031,CHECKPOINT,POLICE_CHECKPOINT,0.88
VEVENT_004620,2025-10-10 11:51:50,VEHICLE_00240,LOCATION_0244,SURVEILLANCE,FIELD_SURVEILLANCE,0.82
VEVENT_004621,2024-08-21 05:56:55,VEHICLE_00050,LOCATION_0037,CHECKPOINT,FIELD_SURVEILLANCE,0.9
VEVENT_004622,2025-11-20 23:09:53,VEHICLE_00343,LOCATION_0046,ANPR,ANPR_CAMERA,0.84
VEVENT_004623,2024-01-18 16:59:31,VEHICLE_00679,LOCATION_0002,TOLL,FIELD_SURVEILLANCE,0.84
VEVENT_004624,2024-01-08 03:23:24,VEHICLE_00583,LOCATION_0022,TOLL,POLICE_CHECKPOINT,0.95
VEVENT_004625,2024-12-16 03:41:55,VEHICLE_00284,LOCATION_0285,CHECKPOINT,FIELD_SURVEILLANCE,0.96
VEVENT_004626,2024-09-30 19:46:12,VEHICLE_00019,LOCATION_0072,SURVEILLANCE,TOLL_PLAZA,0.81
VEVENT_004627,2024-05-15 16:53:53,VEHICLE_00107,LOCATION_0119,TOLL,TOLL_PLAZA,0.92
VEVENT_004628,2024-01-30 03:06:32,VEHICLE_00429,LOCATION_0054,CHECKPOINT,ANPR_CAMERA,0.85
VEVENT_004629,2024-08-12 13:16:23,VEHICLE_00379,LOCATION_0235,TOLL,ANPR_CAMERA,0.84
VEVENT_004630,2024-04-27 06:19:56,VEHICLE_00391,LOCATION_0246,CHECKPOINT,FIELD_SURVEILLANCE,0.89
VEVENT_004631,2024-03-20 10:14:42,VEHICLE_00504,LOCATION_0164,ANPR,FIELD_SURVEILLANCE,0.84
VEVENT_004632,2025-08-08 03:05:02,VEHICLE_00575,LOCATION_0230,SURVEILLANCE,ANPR_CAMERA,0.82
VEVENT_004633,2024-12-20 23:22:23,VEHICLE_00112,LOCATION_0164,CHECKPOINT,FIELD_SURVEILLANCE,0.94
VEVENT_004634,2024-10-11 13:42:46,VEHICLE_00173,LOCATION_0014,CHECKPOINT,ANPR_CAMERA,0.85
VEVENT_004635,2024-08-22 14:33:09,VEHICLE_00317,LOCATION_0064,TOLL,FIELD_SURVEILLANCE,0.91
VEVENT_004636,2025-12-24 15:04:06,VEHICLE_00429,LOCATION_0244,ANPR,POLICE_CHECKPOINT,0.93
VEVENT_004637,2025-07-11 08:22:03,VEHICLE_00711,LOCATION_0279,ANPR,FIELD_SURVEILLANCE,0.89
VEVENT_004638,2025-06-27 08:12:19,VEHICLE_00474,LOCATION_0217,SURVEILLANCE,FIELD_SURVEILLANCE,0.87
VEVENT_004639,2025-05-03 19:58:27,VEHICLE_00597,LOCATION_0061,CHECKPOINT,ANPR_CAMERA,0.84
VEVENT_004640,2026-01-04 19:38:03,VEHICLE_00164,LOCATION_0274,TOLL,ANPR_CAMERA,0.93
VEVENT_004641,2025-02-10 20:27:08,VEHICLE_00356,LOCATION_0266,SURVEILLANCE,TOLL_PLAZA,0.86
VEVENT_004642,2025-01-15 21:49:56,VEHICLE_00756,LOCATION_0139,CHECKPOINT,ANPR_CAMERA,0.88
VEVENT_004643,2024-07-16 23:14:59,VEHICLE_00413,LOCATION_0299,TOLL,FIELD_SURVEILLANCE,0.97
VEVENT_004644,2026-02-10 03:08:26,VEHICLE_00110,LOCATION_0108,SURVEILLANCE,POLICE_CHECKPOINT,0.84
VEVENT_004645,2024-08-15 12:35:11,VEHICLE_00267,LOCATION_0196,ANPR,POLICE_CHECKPOINT,0.89
VEVENT_004646,2025-03-26 09:42:56,VEHICLE_00169,LOCATION_0291,SURVEILLANCE,ANPR_CAMERA,0.9
VEVENT_004647,2024-07-04 08:58:34,VEHICLE_00330,LOCATION_0121,CHECKPOINT,TOLL_PLAZA,0.87
VEVENT_004648,2026-05-22 23:17:56,VEHICLE_00111,LOCATION_0293,CHECKPOINT,POLICE_CHECKPOINT,0.87
VEVENT_004649,2026-04-16 08:46:51,VEHICLE_00550,LOCATION_0052,ANPR,ANPR_CAMERA,0.91
VEVENT_004650,2024-12-02 06:24:33,VEHICLE_00746,LOCATION_0129,ANPR,ANPR_CAMERA,0.91
VEVENT_004651,2024-01-09 12:37:10,VEHICLE_00055,LOCATION_0086,CHECKPOINT,ANPR_CAMERA,0.91
VEVENT_004652,2024-07-06 22:59:58,VEHICLE_00755,LOCATION_0269,CHECKPOINT,FIELD_SURVEILLANCE,0.86
VEVENT_004653,2024-03-05 22:47:51,VEHICLE_00538,LOCATION_0172,TOLL,FIELD_SURVEILLANCE,0.91
VEVENT_004654,2024-01-04 21:41:32,VEHICLE_00056,LOCATION_0100,TOLL,TOLL_PLAZA,0.85
VEVENT_004655,2024-12-28 20:44:05,VEHICLE_00589,LOCATION_0166,CHECKPOINT,TOLL_PLAZA,0.9
VEVENT_004656,2024-05-06 23:12:05,VEHICLE_00159,LOCATION_0099,CHECKPOINT,TOLL_PLAZA,0.86
VEVENT_004657,2026-05-19 02:23:47,VEHICLE_00520,LOCATION_0181,SURVEILLANCE,FIELD_SURVEILLANCE,0.95
VEVENT_004658,2026-01-21 05:44:14,VEHICLE_00134,LOCATION_0054,CHECKPOINT,ANPR_CAMERA,0.85
VEVENT_004659,2025-05-12 06:25:51,VEHICLE_00373,LOCATION_0037,CHECKPOINT,FIELD_SURVEILLANCE,0.91
VEVENT_004660,2024-12-09 17:38:16,VEHICLE_00119,LOCATION_0202,CHECKPOINT,FIELD_SURVEILLANCE,0.89
VEVENT_004661,2024-08-15 22:33:32,VEHICLE_00278,LOCATION_0270,SURVEILLANCE,FIELD_SURVEILLANCE,0.84
VEVENT_004662,2024-10-28 02:33:10,VEHICLE_00484,LOCATION_0199,SURVEILLANCE,POLICE_CHECKPOINT,0.84
VEVENT_004663,2025-07-01 23:33:40,VEHICLE_00047,LOCATION_0079,CHECKPOINT,POLICE_CHECKPOINT,0.89
VEVENT_004664,2025-07-08 22:08:36,VEHICLE_00367,LOCATION_0089,ANPR,ANPR_CAMERA,0.95
VEVENT_004665,2026-01-28 19:46:38,VEHICLE_00710,LOCATION_0199,SURVEILLANCE,POLICE_CHECKPOINT,0.84
VEVENT_004666,2025-06-22 11:26:50,VEHICLE_00573,LOCATION_0172,ANPR,POLICE_CHECKPOINT,0.83
VEVENT_004667,2026-02-14 03:28:02,VEHICLE_00096,LOCATION_0002,TOLL,TOLL_PLAZA,0.82
VEVENT_004668,2024-02-25 22:19:22,VEHICLE_00012,LOCATION_0086,CHECKPOINT,ANPR_CAMERA,0.9
VEVENT_004669,2026-02-04 23:20:35,VEHICLE_00447,LOCATION_0289,CHECKPOINT,ANPR_CAMERA,0.95
VEVENT_004670,2024-11-26 06:48:52,VEHICLE_00332,LOCATION_0300,ANPR,FIELD_SURVEILLANCE,0.97
VEVENT_004671,2024-05-02 11:44:46,VEHICLE_00733,LOCATION_0095,CHECKPOINT,TOLL_PLAZA,0.86
VEVENT_004672,2026-04-21 16:24:23,VEHICLE_00696,LOCATION_0181,SURVEILLANCE,TOLL_PLAZA,0.96
VEVENT_004673,2024-09-11 00:49:39,VEHICLE_00322,LOCATION_0051,CHECKPOINT,FIELD_SURVEILLANCE,0.84
VEVENT_004674,2025-06-07 02:11:49,VEHICLE_00220,LOCATION_0237,CHECKPOINT,FIELD_SURVEILLANCE,0.94
VEVENT_004675,2024-01-16 07:07:11,VEHICLE_00515,LOCATION_0202,CHECKPOINT,POLICE_CHECKPOINT,0.86
VEVENT_004676,2025-10-24 10:23:30,VEHICLE_00532,LOCATION_0155,SURVEILLANCE,TOLL_PLAZA,0.88
VEVENT_004677,2025-09-17 11:16:54,VEHICLE_00160,LOCATION_0005,TOLL,ANPR_CAMERA,0.82
VEVENT_004678,2024-02-17 20:51:11,VEHICLE_00024,LOCATION_0174,ANPR,FIELD_SURVEILLANCE,0.86
VEVENT_004679,2024-01-16 08:53:45,VEHICLE_00295,LOCATION_0059,TOLL,ANPR_CAMERA,0.81
VEVENT_004680,2024-05-04 10:23:12,VEHICLE_00341,LOCATION_0110,ANPR,POLICE_CHECKPOINT,0.84
VEVENT_004681,2024-05-24 23:50:50,VEHICLE_00226,LOCATION_0025,ANPR,FIELD_SURVEILLANCE,0.86
VEVENT_004682,2024-03-17 02:08:46,VEHICLE_00635,LOCATION_0058,ANPR,POLICE_CHECKPOINT,0.8
VEVENT_004683,2024-12-04 04:41:21,VEHICLE_00340,LOCATION_0176,SURVEILLANCE,TOLL_PLAZA,0.82
VEVENT_004684,2025-07-11 01:15:40,VEHICLE_00429,LOCATION_0124,SURVEILLANCE,FIELD_SURVEILLANCE,0.83
VEVENT_004685,2025-04-18 20:17:51,VEHICLE_00058,LOCATION_0002,CHECKPOINT,ANPR_CAMERA,0.86
VEVENT_004686,2024-10-17 15:12:27,VEHICLE_00745,LOCATION_0055,CHECKPOINT,FIELD_SURVEILLANCE,0.87
VEVENT_004687,2024-11-17 23:34:02,VEHICLE_00275,LOCATION_0177,SURVEILLANCE,POLICE_CHECKPOINT,0.93
VEVENT_004688,2025-04-05 03:11:35,VEHICLE_00027,LOCATION_0206,CHECKPOINT,TOLL_PLAZA,0.89
VEVENT_004689,2024-10-17 23:44:46,VEHICLE_00668,LOCATION_0162,SURVEILLANCE,FIELD_SURVEILLANCE,0.92
VEVENT_004690,2025-01-05 16:30:24,VEHICLE_00219,LOCATION_0265,TOLL,ANPR_CAMERA,0.95
VEVENT_004691,2024-02-13 20:21:02,VEHICLE_00555,LOCATION_0229,SURVEILLANCE,TOLL_PLAZA,0.82
VEVENT_004692,2025-04-28 14:04:43,VEHICLE_00028,LOCATION_0218,CHECKPOINT,POLICE_CHECKPOINT,0.95
VEVENT_004693,2026-01-15 16:22:38,VEHICLE_00380,LOCATION_0065,ANPR,FIELD_SURVEILLANCE,0.84
VEVENT_004694,2026-06-06 18:18:27,VEHICLE_00607,LOCATION_0291,ANPR,FIELD_SURVEILLANCE,0.83
VEVENT_004695,2025-03-26 23:48:44,VEHICLE_00752,LOCATION_0108,ANPR,ANPR_CAMERA,0.94
VEVENT_004696,2025-12-25 14:32:59,VEHICLE_00711,LOCATION_0039,SURVEILLANCE,POLICE_CHECKPOINT,0.87
VEVENT_004697,2026-01-10 23:46:03,VEHICLE_00106,LOCATION_0261,TOLL,ANPR_CAMERA,0.93
VEVENT_004698,2025-04-15 23:01:31,VEHICLE_00215,LOCATION_0122,CHECKPOINT,TOLL_PLAZA,0.86
VEVENT_004699,2026-03-25 00:24:28,VEHICLE_00698,LOCATION_0094,ANPR,ANPR_CAMERA,0.9
VEVENT_004700,2026-01-07 21:44:11,VEHICLE_00761,LOCATION_0186,CHECKPOINT,POLICE_CHECKPOINT,0.8
VEVENT_004701,2026-02-08 13:15:54,VEHICLE_00546,LOCATION_0299,TOLL,ANPR_CAMERA,0.88
VEVENT_004702,2024-11-09 04:58:12,VEHICLE_00241,LOCATION_0206,CHECKPOINT,FIELD_SURVEILLANCE,0.91
VEVENT_004703,2024-01-27 23:01:34,VEHICLE_00245,LOCATION_0155,SURVEILLANCE,ANPR_CAMERA,0.9
VEVENT_004704,2024-12-21 05:23:11,VEHICLE_00745,LOCATION_0055,SURVEILLANCE,FIELD_SURVEILLANCE,0.84
VEVENT_004705,2026-06-19 01:15:19,VEHICLE_00139,LOCATION_0141,CHECKPOINT,TOLL_PLAZA,0.86
VEVENT_004706,2024-02-14 20:26:31,VEHICLE_00182,LOCATION_0254,ANPR,ANPR_CAMERA,0.84
VEVENT_004707,2026-06-10 00:18:49,VEHICLE_00313,LOCATION_0156,ANPR,ANPR_CAMERA,0.94
VEVENT_004708,2025-09-06 20:28:14,VEHICLE_00065,LOCATION_0178,ANPR,ANPR_CAMERA,0.94
VEVENT_004709,2025-01-29 01:15:43,VEHICLE_00404,LOCATION_0207,CHECKPOINT,ANPR_CAMERA,0.88
VEVENT_004710,2024-02-19 05:10:20,VEHICLE_00155,LOCATION_0125,ANPR,TOLL_PLAZA,0.88
VEVENT_004711,2024-02-21 07:03:25,VEHICLE_00353,LOCATION_0244,ANPR,TOLL_PLAZA,0.86
VEVENT_004712,2024-03-15 01:01:35,VEHICLE_00228,LOCATION_0292,TOLL,FIELD_SURVEILLANCE,0.89
VEVENT_004713,2024-06-12 09:59:06,VEHICLE_00748,LOCATION_0115,ANPR,FIELD_SURVEILLANCE,0.9
VEVENT_004714,2026-01-09 03:30:30,VEHICLE_00517,LOCATION_0139,CHECKPOINT,FIELD_SURVEILLANCE,0.91
VEVENT_004715,2024-09-09 07:14:28,VEHICLE_00379,LOCATION_0145,SURVEILLANCE,ANPR_CAMERA,0.93
VEVENT_004716,2025-02-02 04:36:28,VEHICLE_00732,LOCATION_0090,CHECKPOINT,POLICE_CHECKPOINT,0.82
VEVENT_004717,2024-12-23 11:45:12,VEHICLE_00262,LOCATION_0167,ANPR,TOLL_PLAZA,0.95
VEVENT_004718,2026-06-22 07:50:37,VEHICLE_00541,LOCATION_0250,TOLL,TOLL_PLAZA,0.84
VEVENT_004719,2025-02-28 05:27:26,VEHICLE_00289,LOCATION_0078,ANPR,FIELD_SURVEILLANCE,0.92
VEVENT_004720,2024-12-24 14:45:02,VEHICLE_00646,LOCATION_0044,CHECKPOINT,ANPR_CAMERA,0.95
VEVENT_004721,2026-03-02 21:56:40,VEHICLE_00467,LOCATION_0074,TOLL,TOLL_PLAZA,0.97
VEVENT_004722,2026-01-14 05:18:22,VEHICLE_00507,LOCATION_0258,TOLL,TOLL_PLAZA,0.91
VEVENT_004723,2025-07-03 11:39:03,VEHICLE_00220,LOCATION_0197,TOLL,FIELD_SURVEILLANCE,0.95
VEVENT_004724,2025-10-06 21:13:16,VEHICLE_00375,LOCATION_0013,ANPR,POLICE_CHECKPOINT,0.89
VEVENT_004725,2024-10-23 05:22:55,VEHICLE_00659,LOCATION_0200,TOLL,POLICE_CHECKPOINT,0.96
VEVENT_004726,2024-02-23 12:00:04,VEHICLE_00254,LOCATION_0176,ANPR,FIELD_SURVEILLANCE,0.92
VEVENT_004727,2025-06-15 19:34:08,VEHICLE_00652,LOCATION_0279,CHECKPOINT,POLICE_CHECKPOINT,0.92
VEVENT_004728,2026-06-28 14:41:40,VEHICLE_00082,LOCATION_0299,SURVEILLANCE,ANPR_CAMERA,0.86
VEVENT_004729,2025-05-18 11:03:55,VEHICLE_00609,LOCATION_0108,SURVEILLANCE,POLICE_CHECKPOINT,0.81
VEVENT_004730,2026-05-31 22:13:00,VEHICLE_00503,LOCATION_0179,SURVEILLANCE,FIELD_SURVEILLANCE,0.92
VEVENT_004731,2024-12-09 11:39:27,VEHICLE_00681,LOCATION_0200,TOLL,FIELD_SURVEILLANCE,0.86
VEVENT_004732,2026-04-15 01:43:36,VEHICLE_00323,LOCATION_0247,CHECKPOINT,ANPR_CAMERA,0.83
VEVENT_004733,2024-10-07 01:12:20,VEHICLE_00480,LOCATION_0264,CHECKPOINT,TOLL_PLAZA,0.87
VEVENT_004734,2026-02-19 01:00:09,VEHICLE_00462,LOCATION_0283,CHECKPOINT,FIELD_SURVEILLANCE,0.83
VEVENT_004735,2026-06-20 22:00:26,VEHICLE_00565,LOCATION_0087,TOLL,FIELD_SURVEILLANCE,0.89
VEVENT_004736,2025-07-22 04:47:23,VEHICLE_00178,LOCATION_0126,TOLL,POLICE_CHECKPOINT,0.94
VEVENT_004737,2026-01-14 15:19:40,VEHICLE_00584,LOCATION_0202,CHECKPOINT,POLICE_CHECKPOINT,0.97
VEVENT_004738,2026-05-04 05:41:07,VEHICLE_00312,LOCATION_0155,SURVEILLANCE,FIELD_SURVEILLANCE,0.86
VEVENT_004739,2024-02-26 18:29:54,VEHICLE_00097,LOCATION_0135,ANPR,ANPR_CAMERA,0.96
VEVENT_004740,2024-11-16 15:42:00,VEHICLE_00579,LOCATION_0059,SURVEILLANCE,ANPR_CAMERA,0.87
VEVENT_004741,2025-06-25 03:38:58,VEHICLE_00122,LOCATION_0020,TOLL,FIELD_SURVEILLANCE,0.86
VEVENT_004742,2025-08-26 16:05:42,VEHICLE_00175,LOCATION_0243,ANPR,POLICE_CHECKPOINT,0.87
VEVENT_004743,2026-01-13 14:27:40,VEHICLE_00084,LOCATION_0180,ANPR,FIELD_SURVEILLANCE,0.95
VEVENT_004744,2024-07-18 02:01:04,VEHICLE_00034,LOCATION_0176,ANPR,FIELD_SURVEILLANCE,0.91
VEVENT_004745,2025-01-04 07:14:38,VEHICLE_00234,LOCATION_0187,TOLL,TOLL_PLAZA,0.88
VEVENT_004746,2024-07-16 23:27:39,VEHICLE_00114,LOCATION_0168,TOLL,POLICE_CHECKPOINT,0.84
VEVENT_004747,2025-04-06 14:28:54,VEHICLE_00269,LOCATION_0059,ANPR,ANPR_CAMERA,0.83
VEVENT_004748,2026-02-04 08:53:35,VEHICLE_00213,LOCATION_0092,ANPR,ANPR_CAMERA,0.97
VEVENT_004749,2026-01-04 03:32:48,VEHICLE_00372,LOCATION_0024,ANPR,ANPR_CAMERA,0.95
VEVENT_004750,2025-08-01 03:07:29,VEHICLE_00645,LOCATION_0153,TOLL,TOLL_PLAZA,0.97
VEVENT_004751,2026-01-02 17:15:18,VEHICLE_00315,LOCATION_0123,SURVEILLANCE,TOLL_PLAZA,0.85
VEVENT_004752,2025-10-13 07:19:47,VEHICLE_00445,LOCATION_0074,CHECKPOINT,POLICE_CHECKPOINT,0.87
VEVENT_004753,2025-02-02 01:16:20,VEHICLE_00708,LOCATION_0019,SURVEILLANCE,TOLL_PLAZA,0.81
VEVENT_004754,2025-12-18 13:27:52,VEHICLE_00491,LOCATION_0070,TOLL,TOLL_PLAZA,0.88
VEVENT_004755,2026-03-13 08:43:30,VEHICLE_00070,LOCATION_0249,TOLL,FIELD_SURVEILLANCE,0.83
VEVENT_004756,2025-09-27 09:36:42,VEHICLE_00657,LOCATION_0251,TOLL,ANPR_CAMERA,0.91
VEVENT_004757,2024-02-11 20:41:48,VEHICLE_00090,LOCATION_0016,TOLL,ANPR_CAMERA,0.88
VEVENT_004758,2024-12-01 12:23:04,VEHICLE_00556,LOCATION_0129,SURVEILLANCE,TOLL_PLAZA,0.96
VEVENT_004759,2026-02-23 21:39:29,VEHICLE_00233,LOCATION_0039,CHECKPOINT,FIELD_SURVEILLANCE,0.81
VEVENT_004760,2025-01-06 08:55:32,VEHICLE_00367,LOCATION_0199,ANPR,TOLL_PLAZA,0.8
VEVENT_004761,2025-03-31 09:26:18,VEHICLE_00449,LOCATION_0021,TOLL,TOLL_PLAZA,0.88
VEVENT_004762,2025-01-04 20:45:13,VEHICLE_00705,LOCATION_0210,CHECKPOINT,TOLL_PLAZA,0.96
VEVENT_004763,2026-01-20 07:29:56,VEHICLE_00529,LOCATION_0077,ANPR,ANPR_CAMERA,0.91
VEVENT_004764,2026-04-10 02:42:31,VEHICLE_00685,LOCATION_0177,SURVEILLANCE,ANPR_CAMERA,0.91
VEVENT_004765,2026-03-14 22:48:37,VEHICLE_00329,LOCATION_0211,CHECKPOINT,POLICE_CHECKPOINT,0.9
VEVENT_004766,2026-01-27 16:56:18,VEHICLE_00503,LOCATION_0059,TOLL,FIELD_SURVEILLANCE,0.85
VEVENT_004767,2024-01-23 11:04:05,VEHICLE_00749,LOCATION_0096,TOLL,POLICE_CHECKPOINT,0.96
VEVENT_004768,2025-06-09 03:08:45,VEHICLE_00392,LOCATION_0087,SURVEILLANCE,TOLL_PLAZA,0.9
VEVENT_004769,2024-03-16 04:53:55,VEHICLE_00683,LOCATION_0187,TOLL,POLICE_CHECKPOINT,0.83
VEVENT_004770,2025-12-06 21:10:44,VEHICLE_00056,LOCATION_0150,CHECKPOINT,ANPR_CAMERA,0.95
VEVENT_004771,2025-08-26 11:29:30,VEHICLE_00740,LOCATION_0072,CHECKPOINT,POLICE_CHECKPOINT,0.88
VEVENT_004772,2024-02-13 09:42:04,VEHICLE_00076,LOCATION_0213,ANPR,ANPR_CAMERA,0.82
VEVENT_004773,2024-02-08 00:04:41,VEHICLE_00740,LOCATION_0002,CHECKPOINT,POLICE_CHECKPOINT,0.86
VEVENT_004774,2024-10-30 06:21:20,VEHICLE_00631,LOCATION_0254,TOLL,FIELD_SURVEILLANCE,0.86
VEVENT_004775,2026-02-24 20:32:10,VEHICLE_00594,LOCATION_0278,ANPR,FIELD_SURVEILLANCE,0.94
VEVENT_004776,2025-04-26 12:46:25,VEHICLE_00029,LOCATION_0103,ANPR,POLICE_CHECKPOINT,0.87
VEVENT_004777,2024-05-02 03:35:06,VEHICLE_00659,LOCATION_0220,SURVEILLANCE,ANPR_CAMERA,0.89
VEVENT_004778,2024-05-05 13:14:44,VEHICLE_00131,LOCATION_0283,TOLL,TOLL_PLAZA,0.91
VEVENT_004779,2024-01-21 06:53:52,VEHICLE_00376,LOCATION_0025,TOLL,POLICE_CHECKPOINT,0.84
VEVENT_004780,2025-04-29 17:56:46,VEHICLE_00704,LOCATION_0165,CHECKPOINT,FIELD_SURVEILLANCE,0.91
VEVENT_004781,2025-10-29 23:32:57,VEHICLE_00337,LOCATION_0273,ANPR,TOLL_PLAZA,0.83
VEVENT_004782,2024-03-23 20:28:21,VEHICLE_00221,LOCATION_0137,CHECKPOINT,ANPR_CAMERA,0.88
VEVENT_004783,2025-05-14 16:43:14,VEHICLE_00613,LOCATION_0077,ANPR,ANPR_CAMERA,0.9
VEVENT_004784,2024-04-01 19:43:19,VEHICLE_00342,LOCATION_0152,SURVEILLANCE,ANPR_CAMERA,0.89
VEVENT_004785,2024-01-14 03:47:38,VEHICLE_00719,LOCATION_0242,SURVEILLANCE,ANPR_CAMERA,0.86
VEVENT_004786,2025-10-06 16:30:37,VEHICLE_00663,LOCATION_0117,ANPR,TOLL_PLAZA,0.87
VEVENT_004787,2024-01-16 12:52:08,VEHICLE_00296,LOCATION_0280,SURVEILLANCE,FIELD_SURVEILLANCE,0.88
VEVENT_004788,2024-03-09 13:22:12,VEHICLE_00208,LOCATION_0295,CHECKPOINT,ANPR_CAMERA,0.83
VEVENT_004789,2026-01-03 02:12:46,VEHICLE_00533,LOCATION_0218,TOLL,FIELD_SURVEILLANCE,0.9
VEVENT_004790,2026-02-13 05:05:09,VEHICLE_00229,LOCATION_0073,SURVEILLANCE,ANPR_CAMERA,0.89
VEVENT_004791,2025-12-07 22:31:57,VEHICLE_00124,LOCATION_0281,SURVEILLANCE,TOLL_PLAZA,0.9
VEVENT_004792,2024-01-22 16:17:42,VEHICLE_00284,LOCATION_0005,SURVEILLANCE,ANPR_CAMERA,0.91
VEVENT_004793,2025-09-21 06:59:17,VEHICLE_00031,LOCATION_0143,TOLL,FIELD_SURVEILLANCE,0.92
VEVENT_004794,2026-02-18 16:43:00,VEHICLE_00302,LOCATION_0224,CHECKPOINT,TOLL_PLAZA,0.94
VEVENT_004795,2026-05-16 11:33:28,VEHICLE_00517,LOCATION_0199,SURVEILLANCE,ANPR_CAMERA,0.95
VEVENT_004796,2024-10-23 01:36:57,VEHICLE_00519,LOCATION_0232,ANPR,ANPR_CAMERA,0.91
VEVENT_004797,2024-10-27 12:47:38,VEHICLE_00270,LOCATION_0147,TOLL,POLICE_CHECKPOINT,0.84
VEVENT_004798,2026-03-13 21:53:18,VEHICLE_00501,LOCATION_0043,ANPR,ANPR_CAMERA,0.83
VEVENT_004799,2025-01-07 03:41:13,VEHICLE_00293,LOCATION_0137,SURVEILLANCE,FIELD_SURVEILLANCE,0.89
VEVENT_004800,2024-10-11 03:48:42,VEHICLE_00735,LOCATION_0166,ANPR,TOLL_PLAZA,0.8
VEVENT_004801,2025-01-16 00:57:22,VEHICLE_00323,LOCATION_0247,TOLL,POLICE_CHECKPOINT,0.87
VEVENT_004802,2026-03-05 14:21:28,VEHICLE_00197,LOCATION_0195,ANPR,POLICE_CHECKPOINT,0.84
VEVENT_004803,2024-04-30 08:38:17,VEHICLE_00562,LOCATION_0270,TOLL,POLICE_CHECKPOINT,0.94
VEVENT_004804,2026-02-21 15:50:27,VEHICLE_00186,LOCATION_0076,ANPR,ANPR_CAMERA,0.82
VEVENT_004805,2024-01-22 23:02:34,VEHICLE_00556,LOCATION_0159,ANPR,TOLL_PLAZA,0.8
VEVENT_004806,2025-11-07 14:35:10,VEHICLE_00479,LOCATION_0118,ANPR,FIELD_SURVEILLANCE,0.92
VEVENT_004807,2024-05-11 14:25:45,VEHICLE_00123,LOCATION_0069,ANPR,ANPR_CAMERA,0.89
VEVENT_004808,2025-07-22 19:19:12,VEHICLE_00564,LOCATION_0074,ANPR,TOLL_PLAZA,0.92
VEVENT_004809,2026-04-08 02:35:02,VEHICLE_00662,LOCATION_0168,CHECKPOINT,POLICE_CHECKPOINT,0.95
VEVENT_004810,2024-12-21 00:12:39,VEHICLE_00438,LOCATION_0037,ANPR,ANPR_CAMERA,0.97
VEVENT_004811,2026-04-11 08:03:45,VEHICLE_00092,LOCATION_0116,TOLL,ANPR_CAMERA,0.84
VEVENT_004812,2025-10-10 02:59:38,VEHICLE_00248,LOCATION_0209,CHECKPOINT,ANPR_CAMERA,0.92
VEVENT_004813,2024-06-19 07:16:01,VEHICLE_00742,LOCATION_0007,TOLL,TOLL_PLAZA,0.92
VEVENT_004814,2025-03-18 13:19:28,VEHICLE_00463,LOCATION_0134,ANPR,FIELD_SURVEILLANCE,0.84
VEVENT_004815,2026-02-23 12:43:22,VEHICLE_00281,LOCATION_0128,SURVEILLANCE,POLICE_CHECKPOINT,0.87
VEVENT_004816,2024-04-25 11:38:15,VEHICLE_00191,LOCATION_0063,CHECKPOINT,TOLL_PLAZA,0.87
VEVENT_004817,2025-12-11 07:44:21,VEHICLE_00241,LOCATION_0076,TOLL,POLICE_CHECKPOINT,0.82
VEVENT_004818,2025-03-27 22:19:57,VEHICLE_00403,LOCATION_0294,TOLL,ANPR_CAMERA,0.83
VEVENT_004819,2024-07-04 17:20:53,VEHICLE_00047,LOCATION_0269,ANPR,ANPR_CAMERA,0.86
VEVENT_004820,2025-01-15 05:33:19,VEHICLE_00514,LOCATION_0110,ANPR,FIELD_SURVEILLANCE,0.84
VEVENT_004821,2025-12-24 20:57:59,VEHICLE_00430,LOCATION_0281,CHECKPOINT,TOLL_PLAZA,0.85
VEVENT_004822,2024-09-25 04:30:43,VEHICLE_00661,LOCATION_0128,TOLL,FIELD_SURVEILLANCE,0.86
VEVENT_004823,2026-04-14 02:40:12,VEHICLE_00357,LOCATION_0067,ANPR,ANPR_CAMERA,0.87
VEVENT_004824,2024-03-18 04:44:29,VEHICLE_00172,LOCATION_0222,ANPR,TOLL_PLAZA,0.85
VEVENT_004825,2025-03-21 21:42:39,VEHICLE_00214,LOCATION_0130,SURVEILLANCE,POLICE_CHECKPOINT,0.82
VEVENT_004826,2025-05-03 11:59:02,VEHICLE_00397,LOCATION_0251,TOLL,FIELD_SURVEILLANCE,0.86
VEVENT_004827,2025-07-23 19:25:27,VEHICLE_00265,LOCATION_0027,ANPR,FIELD_SURVEILLANCE,0.86
VEVENT_004828,2025-02-01 09:41:40,VEHICLE_00045,LOCATION_0159,ANPR,POLICE_CHECKPOINT,0.89
VEVENT_004829,2024-05-12 18:00:43,VEHICLE_00163,LOCATION_0030,CHECKPOINT,TOLL_PLAZA,0.95
VEVENT_004830,2025-11-10 03:42:06,VEHICLE_00725,LOCATION_0219,CHECKPOINT,ANPR_CAMERA,0.82
VEVENT_004831,2025-04-02 16:30:13,VEHICLE_00684,LOCATION_0171,ANPR,ANPR_CAMERA,0.85
VEVENT_004832,2024-12-22 22:45:02,VEHICLE_00309,LOCATION_0154,TOLL,FIELD_SURVEILLANCE,0.86
VEVENT_004833,2024-09-02 12:46:50,VEHICLE_00512,LOCATION_0123,CHECKPOINT,TOLL_PLAZA,0.87
VEVENT_004834,2025-08-19 14:35:32,VEHICLE_00530,LOCATION_0154,ANPR,TOLL_PLAZA,0.95
VEVENT_004835,2024-05-17 23:23:38,VEHICLE_00375,LOCATION_0233,TOLL,TOLL_PLAZA,0.92
VEVENT_004836,2025-10-21 17:57:39,VEHICLE_00505,LOCATION_0254,ANPR,TOLL_PLAZA,0.8
VEVENT_004837,2024-08-14 04:56:11,VEHICLE_00249,LOCATION_0154,TOLL,ANPR_CAMERA,0.94
VEVENT_004838,2025-05-11 07:25:44,VEHICLE_00305,LOCATION_0186,CHECKPOINT,FIELD_SURVEILLANCE,0.93
VEVENT_004839,2025-08-20 10:46:04,VEHICLE_00038,LOCATION_0013,SURVEILLANCE,POLICE_CHECKPOINT,0.81
VEVENT_004840,2025-07-05 06:46:07,VEHICLE_00074,LOCATION_0010,SURVEILLANCE,POLICE_CHECKPOINT,0.94
VEVENT_004841,2024-04-18 22:14:29,VEHICLE_00266,LOCATION_0176,ANPR,TOLL_PLAZA,0.82
VEVENT_004842,2025-11-21 05:01:08,VEHICLE_00031,LOCATION_0053,SURVEILLANCE,TOLL_PLAZA,0.85
VEVENT_004843,2024-05-20 06:37:34,VEHICLE_00618,LOCATION_0224,TOLL,ANPR_CAMERA,0.83
VEVENT_004844,2025-01-17 17:00:46,VEHICLE_00691,LOCATION_0051,CHECKPOINT,ANPR_CAMERA,0.87
VEVENT_004845,2025-10-06 16:29:59,VEHICLE_00031,LOCATION_0093,TOLL,POLICE_CHECKPOINT,0.84
VEVENT_004846,2025-10-11 10:37:04,VEHICLE_00371,LOCATION_0129,CHECKPOINT,POLICE_CHECKPOINT,0.9
VEVENT_004847,2025-01-16 10:56:02,VEHICLE_00263,LOCATION_0222,SURVEILLANCE,POLICE_CHECKPOINT,0.82
VEVENT_004848,2024-02-12 03:03:25,VEHICLE_00012,LOCATION_0166,TOLL,FIELD_SURVEILLANCE,0.93
VEVENT_004849,2026-01-19 07:00:26,VEHICLE_00549,LOCATION_0186,SURVEILLANCE,FIELD_SURVEILLANCE,0.9
VEVENT_004850,2024-11-12 03:46:51,VEHICLE_00551,LOCATION_0270,ANPR,ANPR_CAMERA,0.84
VEVENT_004851,2024-09-27 03:54:40,VEHICLE_00024,LOCATION_0044,ANPR,TOLL_PLAZA,0.88
VEVENT_004852,2025-06-26 11:45:31,VEHICLE_00173,LOCATION_0164,ANPR,FIELD_SURVEILLANCE,0.91
VEVENT_004853,2024-06-06 03:10:31,VEHICLE_00318,LOCATION_0088,CHECKPOINT,FIELD_SURVEILLANCE,0.85
VEVENT_004854,2025-09-13 06:27:10,VEHICLE_00401,LOCATION_0226,TOLL,POLICE_CHECKPOINT,0.91
VEVENT_004855,2024-07-08 09:36:36,VEHICLE_00567,LOCATION_0054,SURVEILLANCE,TOLL_PLAZA,0.94
VEVENT_004856,2025-08-12 20:09:44,VEHICLE_00290,LOCATION_0066,CHECKPOINT,POLICE_CHECKPOINT,0.88
VEVENT_004857,2024-11-11 10:30:26,VEHICLE_00094,LOCATION_0254,CHECKPOINT,FIELD_SURVEILLANCE,0.88
VEVENT_004858,2026-03-19 22:27:21,VEHICLE_00507,LOCATION_0148,SURVEILLANCE,ANPR_CAMERA,0.83
VEVENT_004859,2026-06-12 02:05:12,VEHICLE_00049,LOCATION_0139,SURVEILLANCE,POLICE_CHECKPOINT,0.85
VEVENT_004860,2025-03-30 23:19:04,VEHICLE_00417,LOCATION_0070,SURVEILLANCE,FIELD_SURVEILLANCE,0.91
VEVENT_004861,2025-02-24 01:29:58,VEHICLE_00019,LOCATION_0292,ANPR,POLICE_CHECKPOINT,0.97
VEVENT_004862,2024-08-19 19:22:26,VEHICLE_00572,LOCATION_0251,TOLL,POLICE_CHECKPOINT,0.89
VEVENT_004863,2024-07-04 23:46:07,VEHICLE_00055,LOCATION_0246,ANPR,TOLL_PLAZA,0.82
VEVENT_004864,2025-04-26 03:52:22,VEHICLE_00312,LOCATION_0255,ANPR,POLICE_CHECKPOINT,0.81
VEVENT_004865,2024-11-24 03:22:33,VEHICLE_00474,LOCATION_0017,CHECKPOINT,TOLL_PLAZA,0.86
VEVENT_004866,2025-10-30 04:11:50,VEHICLE_00423,LOCATION_0182,ANPR,FIELD_SURVEILLANCE,0.81
VEVENT_004867,2024-12-27 11:40:20,VEHICLE_00430,LOCATION_0241,TOLL,POLICE_CHECKPOINT,0.94
VEVENT_004868,2025-06-09 21:08:35,VEHICLE_00492,LOCATION_0042,ANPR,FIELD_SURVEILLANCE,0.82
VEVENT_004869,2025-05-05 16:58:51,VEHICLE_00392,LOCATION_0047,CHECKPOINT,ANPR_CAMERA,0.84
VEVENT_004870,2024-10-13 17:29:42,VEHICLE_00381,LOCATION_0182,TOLL,POLICE_CHECKPOINT,0.94
VEVENT_004871,2024-04-18 09:16:49,VEHICLE_00408,LOCATION_0088,TOLL,POLICE_CHECKPOINT,0.81
VEVENT_004872,2025-12-19 23:21:28,VEHICLE_00076,LOCATION_0043,SURVEILLANCE,ANPR_CAMERA,0.94
VEVENT_004873,2025-08-24 07:49:34,VEHICLE_00657,LOCATION_0221,SURVEILLANCE,TOLL_PLAZA,0.84
VEVENT_004874,2026-06-22 13:49:12,VEHICLE_00515,LOCATION_0102,CHECKPOINT,ANPR_CAMERA,0.87
VEVENT_004875,2025-07-09 12:18:05,VEHICLE_00715,LOCATION_0078,SURVEILLANCE,POLICE_CHECKPOINT,0.88
VEVENT_004876,2026-04-20 21:56:00,VEHICLE_00410,LOCATION_0048,CHECKPOINT,POLICE_CHECKPOINT,0.88
VEVENT_004877,2025-05-15 12:01:48,VEHICLE_00569,LOCATION_0064,TOLL,FIELD_SURVEILLANCE,0.92
VEVENT_004878,2025-02-23 08:19:02,VEHICLE_00481,LOCATION_0200,SURVEILLANCE,FIELD_SURVEILLANCE,0.87
VEVENT_004879,2025-03-29 07:40:36,VEHICLE_00648,LOCATION_0112,TOLL,TOLL_PLAZA,0.84
VEVENT_004880,2024-02-29 10:29:15,VEHICLE_00230,LOCATION_0071,TOLL,FIELD_SURVEILLANCE,0.84
VEVENT_004881,2024-02-26 07:46:35,VEHICLE_00026,LOCATION_0174,CHECKPOINT,TOLL_PLAZA,0.92
VEVENT_004882,2025-06-16 14:36:13,VEHICLE_00382,LOCATION_0053,CHECKPOINT,POLICE_CHECKPOINT,0.82
VEVENT_004883,2026-01-25 09:14:56,VEHICLE_00076,LOCATION_0243,CHECKPOINT,POLICE_CHECKPOINT,0.81
VEVENT_004884,2025-03-19 03:46:13,VEHICLE_00382,LOCATION_0123,SURVEILLANCE,POLICE_CHECKPOINT,0.85
VEVENT_004885,2025-08-26 01:16:37,VEHICLE_00416,LOCATION_0247,SURVEILLANCE,POLICE_CHECKPOINT,0.85
VEVENT_004886,2025-01-13 06:32:04,VEHICLE_00682,LOCATION_0029,TOLL,FIELD_SURVEILLANCE,0.85
VEVENT_004887,2024-05-18 18:27:05,VEHICLE_00332,LOCATION_0260,SURVEILLANCE,POLICE_CHECKPOINT,0.91
VEVENT_004888,2024-04-01 17:45:09,VEHICLE_00118,LOCATION_0219,TOLL,ANPR_CAMERA,0.83
VEVENT_004889,2024-01-21 09:24:59,VEHICLE_00318,LOCATION_0268,TOLL,POLICE_CHECKPOINT,0.84
VEVENT_004890,2026-03-08 14:47:40,VEHICLE_00011,LOCATION_0101,CHECKPOINT,FIELD_SURVEILLANCE,0.8
VEVENT_004891,2026-02-14 12:14:31,VEHICLE_00203,LOCATION_0156,SURVEILLANCE,TOLL_PLAZA,0.84
VEVENT_004892,2024-12-16 15:50:40,VEHICLE_00379,LOCATION_0255,TOLL,POLICE_CHECKPOINT,0.89
VEVENT_004893,2025-12-15 11:10:24,VEHICLE_00654,LOCATION_0156,CHECKPOINT,FIELD_SURVEILLANCE,0.89
VEVENT_004894,2025-08-11 20:25:50,VEHICLE_00639,LOCATION_0145,TOLL,TOLL_PLAZA,0.91
VEVENT_004895,2024-05-20 21:00:29,VEHICLE_00695,LOCATION_0220,SURVEILLANCE,ANPR_CAMERA,0.94
VEVENT_004896,2026-01-19 20:35:39,VEHICLE_00372,LOCATION_0234,TOLL,TOLL_PLAZA,0.93
VEVENT_004897,2026-03-29 17:28:50,VEHICLE_00312,LOCATION_0035,TOLL,FIELD_SURVEILLANCE,0.87
VEVENT_004898,2024-09-18 00:11:43,VEHICLE_00389,LOCATION_0157,SURVEILLANCE,ANPR_CAMERA,0.82
VEVENT_004899,2025-01-03 11:46:48,VEHICLE_00078,LOCATION_0097,ANPR,ANPR_CAMERA,0.92
VEVENT_004900,2024-04-12 19:28:55,VEHICLE_00538,LOCATION_0072,TOLL,POLICE_CHECKPOINT,0.8
VEVENT_004901,2024-11-14 21:51:01,VEHICLE_00554,LOCATION_0075,SURVEILLANCE,TOLL_PLAZA,0.82
VEVENT_004902,2024-10-02 18:52:29,VEHICLE_00512,LOCATION_0033,TOLL,FIELD_SURVEILLANCE,0.87
VEVENT_004903,2025-03-01 22:24:52,VEHICLE_00084,LOCATION_0290,TOLL,TOLL_PLAZA,0.88
VEVENT_004904,2026-01-02 07:12:01,VEHICLE_00626,LOCATION_0086,CHECKPOINT,FIELD_SURVEILLANCE,0.81
VEVENT_004905,2025-08-25 17:26:20,VEHICLE_00146,LOCATION_0076,SURVEILLANCE,ANPR_CAMERA,0.82
VEVENT_004906,2025-07-11 23:51:00,VEHICLE_00599,LOCATION_0221,TOLL,POLICE_CHECKPOINT,0.91
VEVENT_004907,2024-03-20 11:24:44,VEHICLE_00625,LOCATION_0244,CHECKPOINT,FIELD_SURVEILLANCE,0.82
VEVENT_004908,2025-10-31 12:07:49,VEHICLE_00197,LOCATION_0025,SURVEILLANCE,ANPR_CAMERA,0.94
VEVENT_004909,2025-04-22 23:40:09,VEHICLE_00706,LOCATION_0199,SURVEILLANCE,ANPR_CAMERA,0.87
VEVENT_004910,2024-05-11 07:45:15,VEHICLE_00404,LOCATION_0087,TOLL,TOLL_PLAZA,0.92
VEVENT_004911,2024-08-07 04:54:39,VEHICLE_00236,LOCATION_0134,CHECKPOINT,POLICE_CHECKPOINT,0.84
VEVENT_004912,2024-08-24 11:05:50,VEHICLE_00560,LOCATION_0131,SURVEILLANCE,ANPR_CAMERA,0.84
VEVENT_004913,2024-06-05 22:43:44,VEHICLE_00171,LOCATION_0078,TOLL,TOLL_PLAZA,0.91
VEVENT_004914,2026-03-29 13:41:02,VEHICLE_00462,LOCATION_0163,SURVEILLANCE,POLICE_CHECKPOINT,0.86
VEVENT_004915,2024-07-01 03:55:48,VEHICLE_00557,LOCATION_0281,TOLL,FIELD_SURVEILLANCE,0.8
VEVENT_004916,2025-05-12 08:41:42,VEHICLE_00091,LOCATION_0055,CHECKPOINT,POLICE_CHECKPOINT,0.85
VEVENT_004917,2025-08-21 13:52:47,VEHICLE_00726,LOCATION_0093,TOLL,FIELD_SURVEILLANCE,0.86
VEVENT_004918,2024-04-09 03:51:54,VEHICLE_00251,LOCATION_0105,SURVEILLANCE,TOLL_PLAZA,0.92
VEVENT_004919,2025-06-09 15:15:23,VEHICLE_00204,LOCATION_0215,ANPR,POLICE_CHECKPOINT,0.82
VEVENT_004920,2025-12-04 11:50:04,VEHICLE_00246,LOCATION_0187,TOLL,FIELD_SURVEILLANCE,0.95
VEVENT_004921,2025-06-18 18:48:40,VEHICLE_00247,LOCATION_0008,ANPR,POLICE_CHECKPOINT,0.84
VEVENT_004922,2024-03-24 13:40:28,VEHICLE_00039,LOCATION_0138,TOLL,FIELD_SURVEILLANCE,0.82
VEVENT_004923,2024-12-13 11:01:29,VEHICLE_00119,LOCATION_0072,TOLL,FIELD_SURVEILLANCE,0.95
VEVENT_004924,2025-12-26 10:36:16,VEHICLE_00224,LOCATION_0285,ANPR,FIELD_SURVEILLANCE,0.92
VEVENT_004925,2025-08-19 00:24:55,VEHICLE_00401,LOCATION_0296,SURVEILLANCE,ANPR_CAMERA,0.94
VEVENT_004926,2025-04-28 16:01:01,VEHICLE_00185,LOCATION_0062,SURVEILLANCE,FIELD_SURVEILLANCE,0.83
VEVENT_004927,2025-04-17 21:19:28,VEHICLE_00485,LOCATION_0166,ANPR,FIELD_SURVEILLANCE,0.89
VEVENT_004928,2026-03-23 21:03:30,VEHICLE_00538,LOCATION_0122,TOLL,FIELD_SURVEILLANCE,0.91
VEVENT_004929,2025-03-11 19:45:58,VEHICLE_00604,LOCATION_0213,TOLL,ANPR_CAMERA,0.82
VEVENT_004930,2024-12-25 17:39:46,VEHICLE_00568,LOCATION_0276,TOLL,TOLL_PLAZA,0.82
VEVENT_004931,2026-06-28 05:01:03,VEHICLE_00251,LOCATION_0215,CHECKPOINT,FIELD_SURVEILLANCE,0.94
VEVENT_004932,2024-11-02 01:43:04,VEHICLE_00073,LOCATION_0169,ANPR,FIELD_SURVEILLANCE,0.93
VEVENT_004933,2026-01-15 19:34:19,VEHICLE_00133,LOCATION_0143,TOLL,POLICE_CHECKPOINT,0.92
VEVENT_004934,2024-10-22 06:06:20,VEHICLE_00653,LOCATION_0214,SURVEILLANCE,POLICE_CHECKPOINT,0.93
VEVENT_004935,2025-01-22 22:42:33,VEHICLE_00007,LOCATION_0100,CHECKPOINT,FIELD_SURVEILLANCE,0.81
VEVENT_004936,2024-02-29 11:04:00,VEHICLE_00665,LOCATION_0200,SURVEILLANCE,FIELD_SURVEILLANCE,0.93
VEVENT_004937,2025-04-21 17:40:36,VEHICLE_00460,LOCATION_0220,CHECKPOINT,ANPR_CAMERA,0.95
VEVENT_004938,2024-04-18 10:52:07,VEHICLE_00265,LOCATION_0067,CHECKPOINT,POLICE_CHECKPOINT,0.86
VEVENT_004939,2025-02-28 13:10:54,VEHICLE_00327,LOCATION_0134,TOLL,FIELD_SURVEILLANCE,0.8
VEVENT_004940,2025-10-27 23:50:56,VEHICLE_00294,LOCATION_0294,CHECKPOINT,POLICE_CHECKPOINT,0.89
VEVENT_004941,2025-08-17 21:09:57,VEHICLE_00587,LOCATION_0120,ANPR,TOLL_PLAZA,0.89
VEVENT_004942,2026-01-25 03:08:33,VEHICLE_00233,LOCATION_0189,ANPR,ANPR_CAMERA,0.93
VEVENT_004943,2026-01-07 08:28:23,VEHICLE_00582,LOCATION_0276,ANPR,POLICE_CHECKPOINT,0.87
VEVENT_004944,2024-02-17 05:36:29,VEHICLE_00040,LOCATION_0149,SURVEILLANCE,TOLL_PLAZA,0.94
VEVENT_004945,2025-09-17 14:20:23,VEHICLE_00205,LOCATION_0135,CHECKPOINT,POLICE_CHECKPOINT,0.84
VEVENT_004946,2025-03-20 15:51:53,VEHICLE_00098,LOCATION_0037,SURVEILLANCE,POLICE_CHECKPOINT,0.93
VEVENT_004947,2024-03-04 05:46:23,VEHICLE_00102,LOCATION_0147,TOLL,ANPR_CAMERA,0.89
VEVENT_004948,2024-12-03 05:37:45,VEHICLE_00473,LOCATION_0196,TOLL,ANPR_CAMERA,0.95
VEVENT_004949,2024-07-23 23:10:28,VEHICLE_00680,LOCATION_0008,SURVEILLANCE,POLICE_CHECKPOINT,0.8
VEVENT_004950,2025-03-20 06:32:17,VEHICLE_00201,LOCATION_0091,SURVEILLANCE,TOLL_PLAZA,0.93
VEVENT_004951,2026-06-25 18:21:11,VEHICLE_00220,LOCATION_0017,TOLL,POLICE_CHECKPOINT,0.95
VEVENT_004952,2024-11-16 22:18:55,VEHICLE_00646,LOCATION_0174,ANPR,TOLL_PLAZA,0.91
VEVENT_004953,2025-09-06 21:09:37,VEHICLE_00172,LOCATION_0102,CHECKPOINT,FIELD_SURVEILLANCE,0.92
VEVENT_004954,2026-06-29 05:34:43,VEHICLE_00264,LOCATION_0108,TOLL,FIELD_SURVEILLANCE,0.95
VEVENT_004955,2026-05-03 00:46:24,VEHICLE_00741,LOCATION_0018,ANPR,TOLL_PLAZA,0.88
VEVENT_004956,2026-05-25 03:10:54,VEHICLE_00622,LOCATION_0001,CHECKPOINT,FIELD_SURVEILLANCE,0.88
VEVENT_004957,2024-08-20 22:40:57,VEHICLE_00017,LOCATION_0153,SURVEILLANCE,TOLL_PLAZA,0.89
VEVENT_004958,2026-01-16 14:50:29,VEHICLE_00082,LOCATION_0059,SURVEILLANCE,ANPR_CAMERA,0.83
VEVENT_004959,2025-04-27 08:31:41,VEHICLE_00305,LOCATION_0256,ANPR,ANPR_CAMERA,0.94
VEVENT_004960,2026-04-20 22:47:54,VEHICLE_00286,LOCATION_0253,SURVEILLANCE,TOLL_PLAZA,0.93
VEVENT_004961,2025-07-09 12:00:41,VEHICLE_00316,LOCATION_0123,TOLL,POLICE_CHECKPOINT,0.95
VEVENT_004962,2025-02-19 16:27:57,VEHICLE_00400,LOCATION_0233,SURVEILLANCE,ANPR_CAMERA,0.87
VEVENT_004963,2026-02-03 15:20:12,VEHICLE_00385,LOCATION_0174,SURVEILLANCE,TOLL_PLAZA,0.84
VEVENT_004964,2024-02-19 08:17:01,VEHICLE_00382,LOCATION_0273,TOLL,TOLL_PLAZA,0.92
VEVENT_004965,2026-03-05 10:35:07,VEHICLE_00367,LOCATION_0139,SURVEILLANCE,FIELD_SURVEILLANCE,0.84
VEVENT_004966,2024-10-25 11:31:58,VEHICLE_00560,LOCATION_0191,TOLL,ANPR_CAMERA,0.89
VEVENT_004967,2024-08-20 02:11:36,VEHICLE_00753,LOCATION_0159,TOLL,ANPR_CAMERA,0.9
VEVENT_004968,2025-03-16 18:13:17,VEHICLE_00194,LOCATION_0089,ANPR,ANPR_CAMERA,0.85
VEVENT_004969,2024-12-17 00:55:43,VEHICLE_00731,LOCATION_0088,CHECKPOINT,TOLL_PLAZA,0.97
VEVENT_004970,2024-07-11 20:38:21,VEHICLE_00509,LOCATION_0202,ANPR,ANPR_CAMERA,0.96
VEVENT_004971,2026-05-13 23:11:55,VEHICLE_00733,LOCATION_0105,SURVEILLANCE,FIELD_SURVEILLANCE,0.84
VEVENT_004972,2024-05-30 16:37:25,VEHICLE_00725,LOCATION_0109,ANPR,ANPR_CAMERA,0.91
VEVENT_004973,2024-06-07 19:33:34,VEHICLE_00106,LOCATION_0191,CHECKPOINT,ANPR_CAMERA,0.87
VEVENT_004974,2025-02-28 21:23:41,VEHICLE_00623,LOCATION_0054,SURVEILLANCE,FIELD_SURVEILLANCE,0.9
VEVENT_004975,2026-02-16 22:31:35,VEHICLE_00136,LOCATION_0207,ANPR,TOLL_PLAZA,0.81
VEVENT_004976,2024-04-13 03:51:12,VEHICLE_00348,LOCATION_0059,CHECKPOINT,ANPR_CAMERA,0.95
VEVENT_004977,2025-06-21 02:29:51,VEHICLE_00347,LOCATION_0048,ANPR,POLICE_CHECKPOINT,0.86
VEVENT_004978,2025-06-24 16:25:26,VEHICLE_00760,LOCATION_0171,SURVEILLANCE,POLICE_CHECKPOINT,0.88
VEVENT_004979,2024-01-06 17:13:22,VEHICLE_00141,LOCATION_0292,TOLL,ANPR_CAMERA,0.94
VEVENT_004980,2025-05-11 21:18:07,VEHICLE_00412,LOCATION_0007,SURVEILLANCE,POLICE_CHECKPOINT,0.89
VEVENT_004981,2025-10-17 12:40:15,VEHICLE_00696,LOCATION_0251,CHECKPOINT,FIELD_SURVEILLANCE,0.82
VEVENT_004982,2026-02-15 00:54:40,VEHICLE_00013,LOCATION_0270,TOLL,POLICE_CHECKPOINT,0.81
VEVENT_004983,2024-08-23 21:26:32,VEHICLE_00634,LOCATION_0244,ANPR,ANPR_CAMERA,0.88
VEVENT_004984,2026-06-07 23:19:35,VEHICLE_00624,LOCATION_0112,ANPR,POLICE_CHECKPOINT,0.92
VEVENT_004985,2025-12-24 23:54:51,VEHICLE_00223,LOCATION_0272,ANPR,TOLL_PLAZA,0.83
VEVENT_004986,2024-01-02 00:37:35,VEHICLE_00472,LOCATION_0209,CHECKPOINT,FIELD_SURVEILLANCE,0.92
VEVENT_004987,2024-01-14 04:16:27,VEHICLE_00404,LOCATION_0267,SURVEILLANCE,ANPR_CAMERA,0.88
VEVENT_004988,2025-12-18 05:32:48,VEHICLE_00048,LOCATION_0216,CHECKPOINT,ANPR_CAMERA,0.92
VEVENT_004989,2024-10-26 01:42:05,VEHICLE_00206,LOCATION_0177,TOLL,POLICE_CHECKPOINT,0.93
VEVENT_004990,2025-08-23 18:05:54,VEHICLE_00451,LOCATION_0206,SURVEILLANCE,TOLL_PLAZA,0.86
VEVENT_004991,2024-03-17 18:19:23,VEHICLE_00262,LOCATION_0257,ANPR,ANPR_CAMERA,0.81
VEVENT_004992,2025-12-15 06:12:40,VEHICLE_00288,LOCATION_0052,SURVEILLANCE,ANPR_CAMERA,0.88
VEVENT_004993,2025-04-18 23:47:48,VEHICLE_00458,LOCATION_0049,SURVEILLANCE,ANPR_CAMERA,0.96
VEVENT_004994,2024-10-10 11:48:11,VEHICLE_00387,LOCATION_0261,TOLL,POLICE_CHECKPOINT,0.92
VEVENT_004995,2025-03-20 14:33:04,VEHICLE_00728,LOCATION_0045,SURVEILLANCE,TOLL_PLAZA,0.91
VEVENT_004996,2026-03-14 08:50:10,VEHICLE_00389,LOCATION_0257,TOLL,POLICE_CHECKPOINT,0.92
VEVENT_004997,2024-04-19 07:46:04,VEHICLE_00113,LOCATION_0106,CHECKPOINT,ANPR_CAMERA,0.88
VEVENT_004998,2025-03-26 16:41:36,VEHICLE_00300,LOCATION_0178,TOLL,TOLL_PLAZA,0.82
VEVENT_004999,2025-01-23 19:47:36,VEHICLE_00388,LOCATION_0300,CHECKPOINT,TOLL_PLAZA,0.85
VEVENT_005000,2025-01-11 07:54:43,VEHICLE_00535,LOCATION_0148,CHECKPOINT,ANPR_CAMERA,0.89
VEVENT_005001,2025-10-29 06:19:13,VEHICLE_00440,LOCATION_0288,SURVEILLANCE,FIELD_SURVEILLANCE,0.84
VEVENT_005002,2024-10-11 17:46:03,VEHICLE_00034,LOCATION_0126,TOLL,FIELD_SURVEILLANCE,0.84
VEVENT_005003,2025-02-13 06:48:36,VEHICLE_00405,LOCATION_0094,ANPR,FIELD_SURVEILLANCE,0.83
VEVENT_005004,2025-06-19 05:14:52,VEHICLE_00388,LOCATION_0230,SURVEILLANCE,ANPR_CAMERA,0.9
VEVENT_005005,2024-11-11 10:07:06,VEHICLE_00242,LOCATION_0237,TOLL,FIELD_SURVEILLANCE,0.87
VEVENT_005006,2024-09-30 07:43:44,VEHICLE_00287,LOCATION_0286,CHECKPOINT,TOLL_PLAZA,0.81
VEVENT_005007,2024-02-21 17:53:50,VEHICLE_00329,LOCATION_0011,CHECKPOINT,FIELD_SURVEILLANCE,0.87
VEVENT_005008,2025-10-29 08:07:36,VEHICLE_00631,LOCATION_0004,SURVEILLANCE,POLICE_CHECKPOINT,0.83
VEVENT_005009,2025-09-05 21:48:04,VEHICLE_00475,LOCATION_0144,TOLL,POLICE_CHECKPOINT,0.93
VEVENT_005010,2026-03-13 17:03:23,VEHICLE_00725,LOCATION_0139,SURVEILLANCE,FIELD_SURVEILLANCE,0.92
VEVENT_005011,2025-07-26 01:05:21,VEHICLE_00556,LOCATION_0229,SURVEILLANCE,ANPR_CAMERA,0.86
VEVENT_005012,2024-06-01 21:12:58,VEHICLE_00394,LOCATION_0102,CHECKPOINT,POLICE_CHECKPOINT,0.81
VEVENT_005013,2024-03-02 15:50:44,VEHICLE_00466,LOCATION_0232,TOLL,POLICE_CHECKPOINT,0.87
VEVENT_005014,2026-01-27 06:18:47,VEHICLE_00609,LOCATION_0178,SURVEILLANCE,POLICE_CHECKPOINT,0.88
VEVENT_005015,2025-05-18 21:57:16,VEHICLE_00739,LOCATION_0234,TOLL,FIELD_SURVEILLANCE,0.88
VEVENT_005016,2026-03-19 22:32:04,VEHICLE_00146,LOCATION_0236,ANPR,ANPR_CAMERA,0.91
VEVENT_005017,2025-12-10 07:53:09,VEHICLE_00385,LOCATION_0024,CHECKPOINT,FIELD_SURVEILLANCE,0.9
VEVENT_005018,2026-03-05 22:04:24,VEHICLE_00364,LOCATION_0172,CHECKPOINT,TOLL_PLAZA,0.88
VEVENT_005019,2025-09-03 05:55:16,VEHICLE_00305,LOCATION_0156,CHECKPOINT,FIELD_SURVEILLANCE,0.89
VEVENT_005020,2025-05-15 04:29:04,VEHICLE_00561,LOCATION_0212,SURVEILLANCE,ANPR_CAMERA,0.84
VEVENT_005021,2024-02-21 11:45:55,VEHICLE_00481,LOCATION_0100,ANPR,POLICE_CHECKPOINT,0.83
VEVENT_005022,2025-06-19 22:51:41,VEHICLE_00137,LOCATION_0158,SURVEILLANCE,POLICE_CHECKPOINT,0.81
VEVENT_005023,2026-03-30 13:39:26,VEHICLE_00510,LOCATION_0172,ANPR,TOLL_PLAZA,0.93
VEVENT_005024,2024-05-27 14:24:06,VEHICLE_00672,LOCATION_0007,ANPR,FIELD_SURVEILLANCE,0.89
VEVENT_005025,2024-06-01 04:37:23,VEHICLE_00152,LOCATION_0209,TOLL,POLICE_CHECKPOINT,0.88
VEVENT_005026,2026-03-31 11:09:03,VEHICLE_00062,LOCATION_0232,CHECKPOINT,FIELD_SURVEILLANCE,0.93
VEVENT_005027,2025-01-01 09:51:18,VEHICLE_00310,LOCATION_0020,SURVEILLANCE,FIELD_SURVEILLANCE,0.94
VEVENT_005028,2026-04-06 20:06:41,VEHICLE_00411,LOCATION_0281,SURVEILLANCE,POLICE_CHECKPOINT,0.85
VEVENT_005029,2024-12-11 02:35:45,VEHICLE_00718,LOCATION_0261,SURVEILLANCE,POLICE_CHECKPOINT,0.96
VEVENT_005030,2026-06-16 10:43:07,VEHICLE_00353,LOCATION_0024,ANPR,FIELD_SURVEILLANCE,0.88
VEVENT_005031,2025-09-12 04:10:53,VEHICLE_00367,LOCATION_0219,ANPR,ANPR_CAMERA,0.88
VEVENT_005032,2026-06-21 10:30:22,VEHICLE_00297,LOCATION_0077,TOLL,TOLL_PLAZA,0.85
VEVENT_005033,2025-03-18 08:48:32,VEHICLE_00300,LOCATION_0088,TOLL,TOLL_PLAZA,0.82
VEVENT_005034,2024-11-01 05:11:19,VEHICLE_00373,LOCATION_0037,SURVEILLANCE,ANPR_CAMERA,0.93
VEVENT_005035,2025-10-29 00:24:53,VEHICLE_00290,LOCATION_0236,ANPR,FIELD_SURVEILLANCE,0.96
VEVENT_005036,2025-02-01 14:51:59,VEHICLE_00603,LOCATION_0138,SURVEILLANCE,TOLL_PLAZA,0.9
VEVENT_005037,2026-01-21 13:19:44,VEHICLE_00239,LOCATION_0084,SURVEILLANCE,TOLL_PLAZA,0.96
VEVENT_005038,2026-01-21 16:23:42,VEHICLE_00074,LOCATION_0020,SURVEILLANCE,TOLL_PLAZA,0.87
VEVENT_005039,2026-02-03 21:54:35,VEHICLE_00200,LOCATION_0207,SURVEILLANCE,TOLL_PLAZA,0.81
VEVENT_005040,2026-02-19 14:40:44,VEHICLE_00033,LOCATION_0103,SURVEILLANCE,ANPR_CAMERA,0.93
VEVENT_005041,2024-01-15 13:51:06,VEHICLE_00020,LOCATION_0050,ANPR,FIELD_SURVEILLANCE,0.83
VEVENT_005042,2025-11-29 22:03:55,VEHICLE_00269,LOCATION_0059,TOLL,FIELD_SURVEILLANCE,0.95
VEVENT_005043,2025-01-02 08:43:53,VEHICLE_00311,LOCATION_0194,ANPR,ANPR_CAMERA,0.96
VEVENT_005044,2025-07-12 06:02:26,VEHICLE_00299,LOCATION_0131,ANPR,POLICE_CHECKPOINT,0.83
VEVENT_005045,2025-03-24 14:24:49,VEHICLE_00436,LOCATION_0021,SURVEILLANCE,FIELD_SURVEILLANCE,0.82
VEVENT_005046,2026-03-22 13:31:32,VEHICLE_00631,LOCATION_0024,TOLL,POLICE_CHECKPOINT,0.93
VEVENT_005047,2025-07-09 04:06:44,VEHICLE_00469,LOCATION_0092,SURVEILLANCE,TOLL_PLAZA,0.9
VEVENT_005048,2026-05-06 17:13:52,VEHICLE_00239,LOCATION_0154,ANPR,ANPR_CAMERA,0.95
VEVENT_005049,2024-05-23 18:57:31,VEHICLE_00352,LOCATION_0189,SURVEILLANCE,ANPR_CAMERA,0.96
VEVENT_005050,2024-06-01 21:46:55,VEHICLE_00250,LOCATION_0120,TOLL,TOLL_PLAZA,0.88
VEVENT_005051,2025-12-24 16:23:44,VEHICLE_00197,LOCATION_0035,TOLL,FIELD_SURVEILLANCE,0.91
VEVENT_005052,2024-06-29 10:57:37,VEHICLE_00391,LOCATION_0266,ANPR,TOLL_PLAZA,0.82
VEVENT_005053,2024-09-15 16:55:57,VEHICLE_00668,LOCATION_0242,ANPR,TOLL_PLAZA,0.91
VEVENT_005054,2025-01-28 08:37:17,VEHICLE_00115,LOCATION_0214,CHECKPOINT,FIELD_SURVEILLANCE,0.9
VEVENT_005055,2024-03-31 17:58:48,VEHICLE_00148,LOCATION_0056,SURVEILLANCE,TOLL_PLAZA,0.81
VEVENT_005056,2024-10-30 01:26:17,VEHICLE_00424,LOCATION_0053,SURVEILLANCE,POLICE_CHECKPOINT,0.96
VEVENT_005057,2024-07-23 15:57:18,VEHICLE_00199,LOCATION_0245,ANPR,FIELD_SURVEILLANCE,0.86
VEVENT_005058,2026-04-14 01:56:10,VEHICLE_00231,LOCATION_0082,CHECKPOINT,POLICE_CHECKPOINT,0.82
VEVENT_005059,2024-12-25 14:15:53,VEHICLE_00498,LOCATION_0271,TOLL,ANPR_CAMERA,0.93
VEVENT_005060,2026-06-16 19:26:29,VEHICLE_00391,LOCATION_0046,TOLL,FIELD_SURVEILLANCE,0.81
VEVENT_005061,2024-04-08 17:29:20,VEHICLE_00557,LOCATION_0011,SURVEILLANCE,POLICE_CHECKPOINT,0.94
VEVENT_005062,2024-03-24 03:03:38,VEHICLE_00627,LOCATION_0042,TOLL,POLICE_CHECKPOINT,0.89
VEVENT_005063,2025-08-11 11:59:09,VEHICLE_00335,LOCATION_0272,CHECKPOINT,POLICE_CHECKPOINT,0.83
VEVENT_005064,2024-06-10 16:43:02,VEHICLE_00354,LOCATION_0270,TOLL,TOLL_PLAZA,0.9
VEVENT_005065,2024-07-15 00:57:38,VEHICLE_00185,LOCATION_0112,CHECKPOINT,TOLL_PLAZA,0.84
VEVENT_005066,2025-07-03 14:32:09,VEHICLE_00751,LOCATION_0198,CHECKPOINT,POLICE_CHECKPOINT,0.89
VEVENT_005067,2024-12-23 21:26:16,VEHICLE_00016,LOCATION_0103,SURVEILLANCE,FIELD_SURVEILLANCE,0.83
VEVENT_005068,2026-03-16 23:13:56,VEHICLE_00216,LOCATION_0236,CHECKPOINT,TOLL_PLAZA,0.82
VEVENT_005069,2025-01-10 04:11:16,VEHICLE_00496,LOCATION_0218,ANPR,POLICE_CHECKPOINT,0.91
VEVENT_005070,2024-08-30 20:17:28,VEHICLE_00738,LOCATION_0121,ANPR,ANPR_CAMERA,0.96
VEVENT_005071,2024-11-25 03:51:01,VEHICLE_00322,LOCATION_0231,SURVEILLANCE,ANPR_CAMERA,0.86
VEVENT_005072,2024-05-24 00:06:10,VEHICLE_00430,LOCATION_0181,TOLL,POLICE_CHECKPOINT,0.84
VEVENT_005073,2026-01-20 08:15:33,VEHICLE_00072,LOCATION_0053,SURVEILLANCE,POLICE_CHECKPOINT,0.84
VEVENT_005074,2024-03-05 03:56:46,VEHICLE_00154,LOCATION_0085,ANPR,ANPR_CAMERA,0.93
VEVENT_005075,2024-04-18 18:02:01,VEHICLE_00657,LOCATION_0121,SURVEILLANCE,ANPR_CAMERA,0.91
VEVENT_005076,2024-12-16 14:55:48,VEHICLE_00397,LOCATION_0261,TOLL,FIELD_SURVEILLANCE,0.89
VEVENT_005077,2024-08-16 14:11:25,VEHICLE_00709,LOCATION_0265,ANPR,FIELD_SURVEILLANCE,0.81
VEVENT_005078,2024-11-29 11:12:28,VEHICLE_00551,LOCATION_0260,ANPR,POLICE_CHECKPOINT,0.93
VEVENT_005079,2026-02-28 21:10:52,VEHICLE_00347,LOCATION_0168,CHECKPOINT,ANPR_CAMERA,0.97
VEVENT_005080,2024-11-05 20:21:27,VEHICLE_00591,LOCATION_0024,SURVEILLANCE,TOLL_PLAZA,0.82
VEVENT_005081,2024-10-13 04:27:25,VEHICLE_00735,LOCATION_0126,ANPR,FIELD_SURVEILLANCE,0.93
VEVENT_005082,2024-10-02 07:31:43,VEHICLE_00455,LOCATION_0115,CHECKPOINT,FIELD_SURVEILLANCE,0.86
VEVENT_005083,2024-08-14 17:07:08,VEHICLE_00292,LOCATION_0013,TOLL,ANPR_CAMERA,0.95
VEVENT_005084,2024-05-09 15:26:26,VEHICLE_00332,LOCATION_0010,ANPR,ANPR_CAMERA,0.85
VEVENT_005085,2025-09-04 16:55:49,VEHICLE_00518,LOCATION_0205,CHECKPOINT,ANPR_CAMERA,0.88
VEVENT_005086,2024-03-01 21:00:27,VEHICLE_00001,LOCATION_0248,TOLL,ANPR_CAMERA,0.94
VEVENT_005087,2024-10-11 19:33:16,VEHICLE_00566,LOCATION_0119,TOLL,TOLL_PLAZA,0.85
VEVENT_005088,2026-05-05 10:42:35,VEHICLE_00651,LOCATION_0189,CHECKPOINT,POLICE_CHECKPOINT,0.87
VEVENT_005089,2025-03-04 14:57:00,VEHICLE_00024,LOCATION_0184,TOLL,TOLL_PLAZA,0.84
VEVENT_005090,2024-06-16 09:03:16,VEHICLE_00750,LOCATION_0184,ANPR,ANPR_CAMERA,0.84
VEVENT_005091,2025-10-22 12:33:40,VEHICLE_00650,LOCATION_0296,ANPR,ANPR_CAMERA,0.89
VEVENT_005092,2025-07-09 09:48:23,VEHICLE_00260,LOCATION_0133,TOLL,POLICE_CHECKPOINT,0.9
VEVENT_005093,2025-02-02 08:30:41,VEHICLE_00740,LOCATION_0032,SURVEILLANCE,TOLL_PLAZA,0.92
VEVENT_005094,2025-07-14 08:14:00,VEHICLE_00381,LOCATION_0272,SURVEILLANCE,ANPR_CAMERA,0.84
VEVENT_005095,2026-01-17 10:13:30,VEHICLE_00714,LOCATION_0048,SURVEILLANCE,FIELD_SURVEILLANCE,0.91
VEVENT_005096,2024-11-14 12:43:32,VEHICLE_00375,LOCATION_0123,ANPR,POLICE_CHECKPOINT,0.83
VEVENT_005097,2025-07-14 19:29:52,VEHICLE_00528,LOCATION_0136,TOLL,ANPR_CAMERA,0.93
VEVENT_005098,2024-08-13 11:56:16,VEHICLE_00297,LOCATION_0007,CHECKPOINT,ANPR_CAMERA,0.88
VEVENT_005099,2024-12-06 07:41:17,VEHICLE_00414,LOCATION_0134,SURVEILLANCE,ANPR_CAMERA,0.97
VEVENT_005100,2025-11-14 23:26:18,VEHICLE_00492,LOCATION_0132,ANPR,ANPR_CAMERA,0.82
VEVENT_005101,2024-07-20 06:45:41,VEHICLE_00676,LOCATION_0161,CHECKPOINT,ANPR_CAMERA,0.89
VEVENT_005102,2025-12-09 04:03:13,VEHICLE_00498,LOCATION_0251,ANPR,TOLL_PLAZA,0.86
VEVENT_005103,2024-08-27 19:36:10,VEHICLE_00366,LOCATION_0024,CHECKPOINT,ANPR_CAMERA,0.9
VEVENT_005104,2025-10-26 09:23:57,VEHICLE_00554,LOCATION_0185,CHECKPOINT,ANPR_CAMERA,0.83
VEVENT_005105,2024-09-21 19:19:51,VEHICLE_00016,LOCATION_0143,TOLL,FIELD_SURVEILLANCE,0.84
VEVENT_005106,2024-11-10 10:25:43,VEHICLE_00568,LOCATION_0056,CHECKPOINT,ANPR_CAMERA,0.82
VEVENT_005107,2025-11-28 05:22:51,VEHICLE_00045,LOCATION_0249,SURVEILLANCE,FIELD_SURVEILLANCE,0.82
VEVENT_005108,2025-12-06 02:50:16,VEHICLE_00016,LOCATION_0173,CHECKPOINT,TOLL_PLAZA,0.81
VEVENT_005109,2024-04-29 12:43:26,VEHICLE_00307,LOCATION_0099,TOLL,POLICE_CHECKPOINT,0.91
VEVENT_005110,2024-01-09 21:25:43,VEHICLE_00557,LOCATION_0141,ANPR,POLICE_CHECKPOINT,0.85
VEVENT_005111,2025-06-03 16:49:38,VEHICLE_00146,LOCATION_0206,SURVEILLANCE,ANPR_CAMERA,0.89
VEVENT_005112,2024-10-20 04:17:39,VEHICLE_00653,LOCATION_0254,CHECKPOINT,FIELD_SURVEILLANCE,0.83
VEVENT_005113,2026-02-13 11:35:22,VEHICLE_00520,LOCATION_0061,SURVEILLANCE,TOLL_PLAZA,0.87
VEVENT_005114,2024-12-30 04:43:48,VEHICLE_00457,LOCATION_0094,ANPR,POLICE_CHECKPOINT,0.88
VEVENT_005115,2025-06-08 22:34:49,VEHICLE_00701,LOCATION_0217,SURVEILLANCE,FIELD_SURVEILLANCE,0.95
VEVENT_005116,2025-11-07 13:59:30,VEHICLE_00184,LOCATION_0294,CHECKPOINT,TOLL_PLAZA,0.92
VEVENT_005117,2024-04-04 22:11:46,VEHICLE_00481,LOCATION_0130,SURVEILLANCE,TOLL_PLAZA,0.93
VEVENT_005118,2025-05-23 17:50:40,VEHICLE_00577,LOCATION_0046,ANPR,ANPR_CAMERA,0.87
VEVENT_005119,2025-03-27 10:40:14,VEHICLE_00298,LOCATION_0147,CHECKPOINT,FIELD_SURVEILLANCE,0.91
VEVENT_005120,2024-03-14 07:20:45,VEHICLE_00200,LOCATION_0037,CHECKPOINT,FIELD_SURVEILLANCE,0.87
VEVENT_005121,2024-01-30 15:56:16,VEHICLE_00484,LOCATION_0109,ANPR,TOLL_PLAZA,0.81
VEVENT_005122,2026-03-13 04:17:44,VEHICLE_00297,LOCATION_0017,TOLL,FIELD_SURVEILLANCE,0.87
VEVENT_005123,2025-09-11 19:50:16,VEHICLE_00276,LOCATION_0225,CHECKPOINT,FIELD_SURVEILLANCE,0.88
VEVENT_005124,2024-01-09 08:47:13,VEHICLE_00674,LOCATION_0088,SURVEILLANCE,POLICE_CHECKPOINT,0.84
VEVENT_005125,2024-10-05 06:41:02,VEHICLE_00192,LOCATION_0255,TOLL,FIELD_SURVEILLANCE,0.96
VEVENT_005126,2024-09-09 10:05:57,VEHICLE_00015,LOCATION_0034,TOLL,ANPR_CAMERA,0.81
VEVENT_005127,2026-05-08 02:32:04,VEHICLE_00107,LOCATION_0259,SURVEILLANCE,FIELD_SURVEILLANCE,0.92
VEVENT_005128,2024-02-23 11:10:43,VEHICLE_00072,LOCATION_0273,SURVEILLANCE,POLICE_CHECKPOINT,0.8
VEVENT_005129,2025-01-09 02:24:56,VEHICLE_00388,LOCATION_0080,ANPR,TOLL_PLAZA,0.87
VEVENT_005130,2025-08-18 02:48:01,VEHICLE_00367,LOCATION_0209,SURVEILLANCE,TOLL_PLAZA,0.9
VEVENT_005131,2024-02-29 06:28:33,VEHICLE_00109,LOCATION_0175,CHECKPOINT,ANPR_CAMERA,0.93
VEVENT_005132,2025-03-12 17:38:01,VEHICLE_00118,LOCATION_0199,SURVEILLANCE,TOLL_PLAZA,0.81
VEVENT_005133,2024-10-14 20:07:30,VEHICLE_00222,LOCATION_0100,TOLL,FIELD_SURVEILLANCE,0.95
VEVENT_005134,2025-08-08 13:41:18,VEHICLE_00583,LOCATION_0272,ANPR,FIELD_SURVEILLANCE,0.85
VEVENT_005135,2025-02-15 01:02:17,VEHICLE_00031,LOCATION_0223,CHECKPOINT,POLICE_CHECKPOINT,0.86
VEVENT_005136,2025-08-19 11:14:07,VEHICLE_00529,LOCATION_0167,TOLL,ANPR_CAMERA,0.86
VEVENT_005137,2024-04-02 08:03:11,VEHICLE_00259,LOCATION_0028,SURVEILLANCE,ANPR_CAMERA,0.81
VEVENT_005138,2024-06-09 03:49:44,VEHICLE_00665,LOCATION_0300,SURVEILLANCE,FIELD_SURVEILLANCE,0.81
VEVENT_005139,2025-03-01 20:56:37,VEHICLE_00524,LOCATION_0076,SURVEILLANCE,POLICE_CHECKPOINT,0.93
VEVENT_005140,2026-04-16 13:47:37,VEHICLE_00707,LOCATION_0154,CHECKPOINT,FIELD_SURVEILLANCE,0.92
VEVENT_005141,2024-08-14 11:43:49,VEHICLE_00101,LOCATION_0124,ANPR,ANPR_CAMERA,0.83
VEVENT_005142,2024-02-06 01:46:59,VEHICLE_00574,LOCATION_0014,SURVEILLANCE,ANPR_CAMERA,0.84
VEVENT_005143,2026-03-13 11:58:57,VEHICLE_00579,LOCATION_0139,TOLL,ANPR_CAMERA,0.88
VEVENT_005144,2025-09-27 23:25:37,VEHICLE_00522,LOCATION_0168,SURVEILLANCE,TOLL_PLAZA,0.95
VEVENT_005145,2025-03-21 16:44:10,VEHICLE_00401,LOCATION_0276,SURVEILLANCE,POLICE_CHECKPOINT,0.94
VEVENT_005146,2024-06-16 03:53:26,VEHICLE_00556,LOCATION_0019,TOLL,ANPR_CAMERA,0.95
VEVENT_005147,2025-11-08 07:42:29,VEHICLE_00681,LOCATION_0220,SURVEILLANCE,FIELD_SURVEILLANCE,0.81
VEVENT_005148,2025-10-05 21:11:30,VEHICLE_00187,LOCATION_0265,SURVEILLANCE,FIELD_SURVEILLANCE,0.82
VEVENT_005149,2025-08-08 17:48:03,VEHICLE_00518,LOCATION_0105,CHECKPOINT,POLICE_CHECKPOINT,0.86
VEVENT_005150,2024-10-27 08:19:50,VEHICLE_00101,LOCATION_0184,SURVEILLANCE,TOLL_PLAZA,0.92
VEVENT_005151,2026-01-24 14:23:44,VEHICLE_00190,LOCATION_0198,SURVEILLANCE,POLICE_CHECKPOINT,0.89
VEVENT_005152,2025-11-08 16:28:28,VEHICLE_00151,LOCATION_0177,ANPR,TOLL_PLAZA,0.85
VEVENT_005153,2026-02-02 06:05:22,VEHICLE_00425,LOCATION_0268,SURVEILLANCE,FIELD_SURVEILLANCE,0.86
VEVENT_005154,2024-12-29 14:33:09,VEHICLE_00580,LOCATION_0150,SURVEILLANCE,POLICE_CHECKPOINT,0.89
VEVENT_005155,2025-05-15 23:39:30,VEHICLE_00179,LOCATION_0267,SURVEILLANCE,ANPR_CAMERA,0.86
VEVENT_005156,2025-01-17 10:19:46,VEHICLE_00054,LOCATION_0130,CHECKPOINT,FIELD_SURVEILLANCE,0.83
VEVENT_005157,2026-03-07 06:08:41,VEHICLE_00656,LOCATION_0036,SURVEILLANCE,ANPR_CAMERA,0.89
VEVENT_005158,2024-07-02 09:08:18,VEHICLE_00277,LOCATION_0089,SURVEILLANCE,ANPR_CAMERA,0.83
VEVENT_005159,2026-02-11 08:43:17,VEHICLE_00508,LOCATION_0092,SURVEILLANCE,TOLL_PLAZA,0.82
VEVENT_005160,2025-08-27 21:59:01,VEHICLE_00172,LOCATION_0192,TOLL,FIELD_SURVEILLANCE,0.95
VEVENT_005161,2024-11-24 06:21:40,VEHICLE_00458,LOCATION_0169,ANPR,FIELD_SURVEILLANCE,0.9
VEVENT_005162,2026-04-02 19:09:56,VEHICLE_00007,LOCATION_0080,ANPR,FIELD_SURVEILLANCE,0.89
VEVENT_005163,2024-09-20 08:40:19,VEHICLE_00534,LOCATION_0167,SURVEILLANCE,FIELD_SURVEILLANCE,0.95
VEVENT_005164,2024-03-01 08:59:52,VEHICLE_00026,LOCATION_0184,SURVEILLANCE,TOLL_PLAZA,0.82
VEVENT_005165,2025-09-12 15:21:05,VEHICLE_00053,LOCATION_0078,SURVEILLANCE,FIELD_SURVEILLANCE,0.91
VEVENT_005166,2026-02-11 14:03:21,VEHICLE_00117,LOCATION_0281,SURVEILLANCE,ANPR_CAMERA,0.85
VEVENT_005167,2025-01-07 08:04:32,VEHICLE_00140,LOCATION_0223,SURVEILLANCE,ANPR_CAMERA,0.94
VEVENT_005168,2025-05-26 01:28:30,VEHICLE_00101,LOCATION_0284,ANPR,FIELD_SURVEILLANCE,0.89
VEVENT_005169,2026-02-16 01:50:28,VEHICLE_00109,LOCATION_0065,CHECKPOINT,TOLL_PLAZA,0.83
VEVENT_005170,2026-03-30 22:14:08,VEHICLE_00250,LOCATION_0120,CHECKPOINT,ANPR_CAMERA,0.9
VEVENT_005171,2025-05-13 15:48:26,VEHICLE_00241,LOCATION_0026,SURVEILLANCE,TOLL_PLAZA,0.83
VEVENT_005172,2024-12-28 08:12:27,VEHICLE_00510,LOCATION_0002,TOLL,ANPR_CAMERA,0.94
VEVENT_005173,2024-05-26 20:45:08,VEHICLE_00234,LOCATION_0277,SURVEILLANCE,ANPR_CAMERA,0.91
VEVENT_005174,2024-11-22 01:04:39,VEHICLE_00552,LOCATION_0265,CHECKPOINT,TOLL_PLAZA,0.85
VEVENT_005175,2026-04-27 02:18:04,VEHICLE_00374,LOCATION_0226,CHECKPOINT,FIELD_SURVEILLANCE,0.89
VEVENT_005176,2024-12-25 03:01:12,VEHICLE_00644,LOCATION_0284,ANPR,FIELD_SURVEILLANCE,0.96
VEVENT_005177,2026-05-01 16:20:54,VEHICLE_00156,LOCATION_0202,SURVEILLANCE,FIELD_SURVEILLANCE,0.94
VEVENT_005178,2025-12-15 02:59:33,VEHICLE_00112,LOCATION_0114,SURVEILLANCE,FIELD_SURVEILLANCE,0.84
VEVENT_005179,2024-10-18 10:59:36,VEHICLE_00727,LOCATION_0223,CHECKPOINT,ANPR_CAMERA,0.94
VEVENT_005180,2024-04-07 18:28:41,VEHICLE_00697,LOCATION_0016,TOLL,POLICE_CHECKPOINT,0.86
VEVENT_005181,2026-06-10 01:49:07,VEHICLE_00644,LOCATION_0274,TOLL,FIELD_SURVEILLANCE,0.87
VEVENT_005182,2024-10-16 00:52:55,VEHICLE_00175,LOCATION_0023,CHECKPOINT,TOLL_PLAZA,0.84
VEVENT_005183,2025-03-24 07:03:21,VEHICLE_00096,LOCATION_0242,TOLL,TOLL_PLAZA,0.86
VEVENT_005184,2024-07-18 10:46:40,VEHICLE_00079,LOCATION_0124,TOLL,TOLL_PLAZA,0.93
VEVENT_005185,2025-07-25 12:42:14,VEHICLE_00500,LOCATION_0260,SURVEILLANCE,FIELD_SURVEILLANCE,0.89
VEVENT_005186,2024-01-30 18:43:26,VEHICLE_00500,LOCATION_0240,CHECKPOINT,ANPR_CAMERA,0.95
VEVENT_005187,2025-03-30 08:40:53,VEHICLE_00699,LOCATION_0102,SURVEILLANCE,TOLL_PLAZA,0.96
VEVENT_005188,2024-08-08 19:38:25,VEHICLE_00660,LOCATION_0294,TOLL,TOLL_PLAZA,0.95
VEVENT_005189,2024-07-28 16:48:21,VEHICLE_00438,LOCATION_0287,SURVEILLANCE,FIELD_SURVEILLANCE,0.88
VEVENT_005190,2025-04-01 05:47:03,VEHICLE_00083,LOCATION_0268,SURVEILLANCE,FIELD_SURVEILLANCE,0.83
VEVENT_005191,2025-11-10 14:33:16,VEHICLE_00074,LOCATION_0120,ANPR,FIELD_SURVEILLANCE,0.86
VEVENT_005192,2026-01-19 05:01:18,VEHICLE_00031,LOCATION_0253,ANPR,FIELD_SURVEILLANCE,0.84
VEVENT_005193,2024-12-31 05:13:17,VEHICLE_00162,LOCATION_0051,CHECKPOINT,ANPR_CAMERA,0.81
VEVENT_005194,2024-05-16 04:08:09,VEHICLE_00582,LOCATION_0086,SURVEILLANCE,TOLL_PLAZA,0.88
VEVENT_005195,2024-01-10 21:11:21,VEHICLE_00200,LOCATION_0147,ANPR,TOLL_PLAZA,0.95
VEVENT_005196,2026-02-15 21:04:03,VEHICLE_00129,LOCATION_0127,CHECKPOINT,TOLL_PLAZA,0.91
VEVENT_005197,2025-09-07 06:48:57,VEHICLE_00559,LOCATION_0106,CHECKPOINT,POLICE_CHECKPOINT,0.84
VEVENT_005198,2024-11-30 22:18:31,VEHICLE_00486,LOCATION_0021,CHECKPOINT,ANPR_CAMERA,0.96
VEVENT_005199,2025-09-12 23:35:44,VEHICLE_00449,LOCATION_0271,SURVEILLANCE,ANPR_CAMERA,0.94
VEVENT_005200,2025-11-02 18:21:30,VEHICLE_00560,LOCATION_0241,CHECKPOINT,ANPR_CAMERA,0.87
VEVENT_005201,2024-09-29 17:42:02,VEHICLE_00215,LOCATION_0152,SURVEILLANCE,TOLL_PLAZA,0.82
VEVENT_005202,2024-05-22 22:54:38,VEHICLE_00164,LOCATION_0064,SURVEILLANCE,TOLL_PLAZA,0.82
VEVENT_005203,2025-05-09 09:07:58,VEHICLE_00064,LOCATION_0233,SURVEILLANCE,TOLL_PLAZA,0.89
VEVENT_005204,2026-05-15 22:16:41,VEHICLE_00444,LOCATION_0079,TOLL,ANPR_CAMERA,0.93
VEVENT_005205,2024-11-25 17:59:23,VEHICLE_00401,LOCATION_0296,SURVEILLANCE,TOLL_PLAZA,0.95
VEVENT_005206,2024-10-15 03:22:56,VEHICLE_00175,LOCATION_0233,TOLL,POLICE_CHECKPOINT,0.91
VEVENT_005207,2026-06-18 12:33:03,VEHICLE_00296,LOCATION_0290,SURVEILLANCE,ANPR_CAMERA,0.96
VEVENT_005208,2026-05-19 22:40:16,VEHICLE_00006,LOCATION_0220,CHECKPOINT,FIELD_SURVEILLANCE,0.89
VEVENT_005209,2024-04-30 05:23:02,VEHICLE_00244,LOCATION_0059,TOLL,FIELD_SURVEILLANCE,0.91
VEVENT_005210,2024-01-22 16:29:07,VEHICLE_00373,LOCATION_0137,CHECKPOINT,TOLL_PLAZA,0.95
VEVENT_005211,2025-07-22 12:07:47,VEHICLE_00280,LOCATION_0151,SURVEILLANCE,POLICE_CHECKPOINT,0.91
VEVENT_005212,2024-05-02 02:36:12,VEHICLE_00685,LOCATION_0187,ANPR,FIELD_SURVEILLANCE,0.86
VEVENT_005213,2025-09-05 14:04:35,VEHICLE_00569,LOCATION_0154,TOLL,TOLL_PLAZA,0.88
VEVENT_005214,2024-04-22 19:58:19,VEHICLE_00554,LOCATION_0295,CHECKPOINT,FIELD_SURVEILLANCE,0.97
VEVENT_005215,2025-08-02 18:54:53,VEHICLE_00416,LOCATION_0167,CHECKPOINT,TOLL_PLAZA,0.89
VEVENT_005216,2026-06-28 10:01:05,VEHICLE_00112,LOCATION_0134,CHECKPOINT,POLICE_CHECKPOINT,0.85
VEVENT_005217,2024-09-09 16:25:05,VEHICLE_00151,LOCATION_0057,SURVEILLANCE,POLICE_CHECKPOINT,0.95
VEVENT_005218,2026-02-07 08:07:15,VEHICLE_00368,LOCATION_0103,TOLL,TOLL_PLAZA,0.92
VEVENT_005219,2024-08-23 04:07:08,VEHICLE_00424,LOCATION_0103,SURVEILLANCE,FIELD_SURVEILLANCE,0.96
VEVENT_005220,2026-03-19 15:15:54,VEHICLE_00540,LOCATION_0259,SURVEILLANCE,ANPR_CAMERA,0.92
VEVENT_005221,2026-02-22 04:02:42,VEHICLE_00586,LOCATION_0139,CHECKPOINT,FIELD_SURVEILLANCE,0.91
VEVENT_005222,2026-03-15 03:38:30,VEHICLE_00080,LOCATION_0285,ANPR,TOLL_PLAZA,0.85
VEVENT_005223,2026-02-14 22:15:06,VEHICLE_00735,LOCATION_0126,TOLL,POLICE_CHECKPOINT,0.92
VEVENT_005224,2026-06-16 21:37:42,VEHICLE_00524,LOCATION_0106,CHECKPOINT,ANPR_CAMERA,0.92
VEVENT_005225,2024-07-14 03:52:21,VEHICLE_00650,LOCATION_0296,TOLL,FIELD_SURVEILLANCE,0.86
VEVENT_005226,2024-07-24 02:00:29,VEHICLE_00532,LOCATION_0255,TOLL,FIELD_SURVEILLANCE,0.93
VEVENT_005227,2025-04-26 15:46:10,VEHICLE_00623,LOCATION_0144,SURVEILLANCE,ANPR_CAMERA,0.91
VEVENT_005228,2025-07-05 10:40:58,VEHICLE_00134,LOCATION_0124,SURVEILLANCE,POLICE_CHECKPOINT,0.94
VEVENT_005229,2026-05-21 12:05:43,VEHICLE_00126,LOCATION_0249,CHECKPOINT,POLICE_CHECKPOINT,0.85
VEVENT_005230,2025-03-07 18:22:15,VEHICLE_00648,LOCATION_0072,CHECKPOINT,ANPR_CAMERA,0.81
VEVENT_005231,2025-09-03 01:57:59,VEHICLE_00028,LOCATION_0288,ANPR,POLICE_CHECKPOINT,0.91
VEVENT_005232,2025-01-14 01:09:55,VEHICLE_00440,LOCATION_0148,SURVEILLANCE,ANPR_CAMERA,0.94
VEVENT_005233,2024-08-21 20:22:18,VEHICLE_00191,LOCATION_0273,CHECKPOINT,TOLL_PLAZA,0.82
VEVENT_005234,2024-07-25 08:14:45,VEHICLE_00333,LOCATION_0122,SURVEILLANCE,ANPR_CAMERA,0.85
VEVENT_005235,2025-07-25 14:38:51,VEHICLE_00277,LOCATION_0109,SURVEILLANCE,TOLL_PLAZA,0.87
VEVENT_005236,2024-01-25 13:45:53,VEHICLE_00195,LOCATION_0113,ANPR,ANPR_CAMERA,0.82
VEVENT_005237,2024-04-01 04:13:47,VEHICLE_00757,LOCATION_0014,TOLL,TOLL_PLAZA,0.95
VEVENT_005238,2025-01-03 09:20:09,VEHICLE_00185,LOCATION_0042,ANPR,TOLL_PLAZA,0.86
VEVENT_005239,2025-09-20 22:28:52,VEHICLE_00654,LOCATION_0116,SURVEILLANCE,ANPR_CAMERA,0.9
VEVENT_005240,2024-06-14 13:45:57,VEHICLE_00433,LOCATION_0107,SURVEILLANCE,ANPR_CAMERA,0.97
VEVENT_005241,2025-12-09 14:06:32,VEHICLE_00026,LOCATION_0034,ANPR,POLICE_CHECKPOINT,0.85
VEVENT_005242,2024-05-27 21:21:54,VEHICLE_00450,LOCATION_0155,ANPR,TOLL_PLAZA,0.93
VEVENT_005243,2024-06-07 03:42:17,VEHICLE_00124,LOCATION_0251,CHECKPOINT,ANPR_CAMERA,0.92
VEVENT_005244,2025-07-19 06:18:51,VEHICLE_00103,LOCATION_0245,SURVEILLANCE,ANPR_CAMERA,0.87
VEVENT_005245,2024-01-13 11:42:11,VEHICLE_00647,LOCATION_0279,CHECKPOINT,TOLL_PLAZA,0.96
VEVENT_005246,2025-02-10 12:31:36,VEHICLE_00417,LOCATION_0240,TOLL,ANPR_CAMERA,0.91
VEVENT_005247,2026-02-28 05:20:50,VEHICLE_00167,LOCATION_0087,CHECKPOINT,FIELD_SURVEILLANCE,0.9
VEVENT_005248,2025-10-07 00:32:12,VEHICLE_00348,LOCATION_0239,SURVEILLANCE,POLICE_CHECKPOINT,0.96
VEVENT_005249,2026-03-06 13:28:24,VEHICLE_00463,LOCATION_0034,SURVEILLANCE,FIELD_SURVEILLANCE,0.93
VEVENT_005250,2024-10-02 05:52:18,VEHICLE_00690,LOCATION_0236,CHECKPOINT,TOLL_PLAZA,0.81
VEVENT_005251,2025-04-26 06:21:17,VEHICLE_00644,LOCATION_0024,SURVEILLANCE,POLICE_CHECKPOINT,0.83
VEVENT_005252,2024-09-26 16:35:43,VEHICLE_00667,LOCATION_0111,ANPR,FIELD_SURVEILLANCE,0.87
VEVENT_005253,2024-03-12 06:05:26,VEHICLE_00342,LOCATION_0012,CHECKPOINT,TOLL_PLAZA,0.9
VEVENT_005254,2024-08-06 14:42:44,VEHICLE_00753,LOCATION_0199,SURVEILLANCE,FIELD_SURVEILLANCE,0.87
VEVENT_005255,2025-12-29 03:49:45,VEHICLE_00217,LOCATION_0271,CHECKPOINT,ANPR_CAMERA,0.94
VEVENT_005256,2024-10-22 09:24:42,VEHICLE_00717,LOCATION_0121,SURVEILLANCE,POLICE_CHECKPOINT,0.94
VEVENT_005257,2024-01-11 22:40:44,VEHICLE_00063,LOCATION_0199,TOLL,POLICE_CHECKPOINT,0.97
VEVENT_005258,2026-04-20 06:25:11,VEHICLE_00649,LOCATION_0014,TOLL,TOLL_PLAZA,0.87
VEVENT_005259,2024-05-20 05:15:30,VEHICLE_00179,LOCATION_0187,CHECKPOINT,POLICE_CHECKPOINT,0.92
VEVENT_005260,2025-07-15 11:17:17,VEHICLE_00529,LOCATION_0097,ANPR,ANPR_CAMERA,0.94
VEVENT_005261,2024-08-10 10:29:58,VEHICLE_00427,LOCATION_0227,TOLL,POLICE_CHECKPOINT,0.92
VEVENT_005262,2024-04-02 11:21:15,VEHICLE_00297,LOCATION_0227,TOLL,POLICE_CHECKPOINT,0.86
VEVENT_005263,2025-06-24 05:45:54,VEHICLE_00756,LOCATION_0249,ANPR,TOLL_PLAZA,0.88
VEVENT_005264,2024-06-04 15:47:36,VEHICLE_00331,LOCATION_0045,CHECKPOINT,ANPR_CAMERA,0.82
VEVENT_005265,2025-12-29 16:02:29,VEHICLE_00220,LOCATION_0217,CHECKPOINT,ANPR_CAMERA,0.82
VEVENT_005266,2025-10-20 04:17:26,VEHICLE_00575,LOCATION_0250,SURVEILLANCE,ANPR_CAMERA,0.88
VEVENT_005267,2026-01-17 19:08:01,VEHICLE_00029,LOCATION_0033,CHECKPOINT,TOLL_PLAZA,0.9
VEVENT_005268,2024-08-06 00:09:23,VEHICLE_00735,LOCATION_0296,TOLL,ANPR_CAMERA,0.9
VEVENT_005269,2024-02-21 19:57:57,VEHICLE_00114,LOCATION_0138,ANPR,TOLL_PLAZA,0.87
VEVENT_005270,2024-10-20 22:21:07,VEHICLE_00459,LOCATION_0017,SURVEILLANCE,FIELD_SURVEILLANCE,0.83
VEVENT_005271,2024-02-12 14:35:16,VEHICLE_00282,LOCATION_0011,CHECKPOINT,TOLL_PLAZA,0.86
VEVENT_005272,2024-12-16 17:58:23,VEHICLE_00147,LOCATION_0238,ANPR,TOLL_PLAZA,0.87
VEVENT_005273,2024-02-16 21:41:36,VEHICLE_00262,LOCATION_0197,TOLL,ANPR_CAMERA,0.81
VEVENT_005274,2024-09-05 22:01:19,VEHICLE_00211,LOCATION_0070,TOLL,POLICE_CHECKPOINT,0.89
VEVENT_005275,2025-06-27 09:02:02,VEHICLE_00603,LOCATION_0288,SURVEILLANCE,FIELD_SURVEILLANCE,0.86
VEVENT_005276,2025-01-07 15:33:00,VEHICLE_00500,LOCATION_0110,CHECKPOINT,FIELD_SURVEILLANCE,0.88
VEVENT_005277,2025-03-07 04:20:12,VEHICLE_00086,LOCATION_0287,ANPR,POLICE_CHECKPOINT,0.92
VEVENT_005278,2025-06-09 19:42:37,VEHICLE_00530,LOCATION_0214,ANPR,ANPR_CAMERA,0.84
VEVENT_005279,2025-12-26 02:27:25,VEHICLE_00538,LOCATION_0272,CHECKPOINT,POLICE_CHECKPOINT,0.85
VEVENT_005280,2025-10-01 00:05:35,VEHICLE_00343,LOCATION_0146,TOLL,ANPR_CAMERA,0.83
VEVENT_005281,2025-01-28 21:46:56,VEHICLE_00221,LOCATION_0067,ANPR,ANPR_CAMERA,0.85
VEVENT_005282,2025-05-26 04:16:21,VEHICLE_00317,LOCATION_0134,ANPR,POLICE_CHECKPOINT,0.91
VEVENT_005283,2025-03-19 00:09:13,VEHICLE_00684,LOCATION_0271,ANPR,TOLL_PLAZA,0.94
VEVENT_005284,2024-04-01 10:29:40,VEHICLE_00575,LOCATION_0040,ANPR,TOLL_PLAZA,0.94
VEVENT_005285,2024-01-12 22:36:22,VEHICLE_00531,LOCATION_0282,SURVEILLANCE,TOLL_PLAZA,0.81
VEVENT_005286,2026-03-17 04:34:26,VEHICLE_00422,LOCATION_0036,ANPR,POLICE_CHECKPOINT,0.95
VEVENT_005287,2024-12-19 03:22:53,VEHICLE_00038,LOCATION_0153,SURVEILLANCE,TOLL_PLAZA,0.82
VEVENT_005288,2025-09-17 13:02:11,VEHICLE_00401,LOCATION_0196,TOLL,FIELD_SURVEILLANCE,0.91
VEVENT_005289,2025-09-17 22:15:18,VEHICLE_00167,LOCATION_0267,SURVEILLANCE,ANPR_CAMERA,0.86
VEVENT_005290,2026-02-19 12:35:33,VEHICLE_00083,LOCATION_0298,TOLL,FIELD_SURVEILLANCE,0.95
VEVENT_005291,2026-03-28 04:03:09,VEHICLE_00549,LOCATION_0156,TOLL,POLICE_CHECKPOINT,0.83
VEVENT_005292,2025-03-15 09:19:17,VEHICLE_00723,LOCATION_0251,TOLL,POLICE_CHECKPOINT,0.87
VEVENT_005293,2025-10-07 01:37:50,VEHICLE_00142,LOCATION_0005,CHECKPOINT,FIELD_SURVEILLANCE,0.8
VEVENT_005294,2025-05-31 19:29:29,VEHICLE_00325,LOCATION_0295,TOLL,FIELD_SURVEILLANCE,0.85
VEVENT_005295,2024-10-28 05:43:57,VEHICLE_00587,LOCATION_0130,TOLL,ANPR_CAMERA,0.87
VEVENT_005296,2025-03-30 14:01:59,VEHICLE_00047,LOCATION_0259,TOLL,FIELD_SURVEILLANCE,0.84
VEVENT_005297,2026-03-09 14:01:41,VEHICLE_00748,LOCATION_0145,SURVEILLANCE,TOLL_PLAZA,0.81
VEVENT_005298,2025-05-07 12:24:37,VEHICLE_00349,LOCATION_0099,TOLL,TOLL_PLAZA,0.84
VEVENT_005299,2024-11-16 06:04:26,VEHICLE_00263,LOCATION_0082,CHECKPOINT,POLICE_CHECKPOINT,0.84
VEVENT_005300,2024-06-29 03:23:55,VEHICLE_00127,LOCATION_0119,CHECKPOINT,POLICE_CHECKPOINT,0.89
VEVENT_005301,2026-06-28 00:14:00,VEHICLE_00415,LOCATION_0016,ANPR,ANPR_CAMERA,0.88
VEVENT_005302,2024-04-27 02:38:13,VEHICLE_00138,LOCATION_0095,TOLL,ANPR_CAMERA,0.82
VEVENT_005303,2024-12-31 07:54:57,VEHICLE_00004,LOCATION_0282,ANPR,ANPR_CAMERA,0.81
VEVENT_005304,2025-10-09 09:05:35,VEHICLE_00355,LOCATION_0149,CHECKPOINT,POLICE_CHECKPOINT,0.87
VEVENT_005305,2024-05-10 10:10:52,VEHICLE_00677,LOCATION_0271,CHECKPOINT,FIELD_SURVEILLANCE,0.86
VEVENT_005306,2026-03-08 04:53:32,VEHICLE_00424,LOCATION_0093,SURVEILLANCE,TOLL_PLAZA,0.88
VEVENT_005307,2026-06-13 15:46:40,VEHICLE_00388,LOCATION_0230,SURVEILLANCE,POLICE_CHECKPOINT,0.88
VEVENT_005308,2025-02-19 13:30:52,VEHICLE_00161,LOCATION_0010,CHECKPOINT,TOLL_PLAZA,0.87
VEVENT_005309,2024-03-19 14:27:51,VEHICLE_00589,LOCATION_0046,CHECKPOINT,POLICE_CHECKPOINT,0.94
VEVENT_005310,2025-03-31 23:29:46,VEHICLE_00271,LOCATION_0179,TOLL,POLICE_CHECKPOINT,0.81
VEVENT_005311,2025-07-11 06:37:45,VEHICLE_00417,LOCATION_0280,SURVEILLANCE,TOLL_PLAZA,0.94
VEVENT_005312,2024-08-12 21:49:03,VEHICLE_00545,LOCATION_0276,TOLL,POLICE_CHECKPOINT,0.87
VEVENT_005313,2024-07-03 02:13:25,VEHICLE_00403,LOCATION_0034,TOLL,TOLL_PLAZA,0.83
VEVENT_005314,2025-10-19 14:13:14,VEHICLE_00185,LOCATION_0032,TOLL,POLICE_CHECKPOINT,0.81
VEVENT_005315,2024-04-22 08:31:14,VEHICLE_00410,LOCATION_0218,TOLL,TOLL_PLAZA,0.88
VEVENT_005316,2024-12-16 04:42:28,VEHICLE_00446,LOCATION_0258,ANPR,TOLL_PLAZA,0.84
VEVENT_005317,2025-04-25 10:50:02,VEHICLE_00479,LOCATION_0118,SURVEILLANCE,ANPR_CAMERA,0.95
VEVENT_005318,2024-09-02 06:07:51,VEHICLE_00394,LOCATION_0222,TOLL,POLICE_CHECKPOINT,0.92
VEVENT_005319,2026-03-23 17:07:12,VEHICLE_00389,LOCATION_0007,TOLL,TOLL_PLAZA,0.87
VEVENT_005320,2025-12-17 06:09:46,VEHICLE_00095,LOCATION_0226,CHECKPOINT,POLICE_CHECKPOINT,0.87
VEVENT_005321,2026-04-24 16:05:58,VEHICLE_00419,LOCATION_0214,SURVEILLANCE,FIELD_SURVEILLANCE,0.81
VEVENT_005322,2026-05-04 10:53:07,VEHICLE_00165,LOCATION_0286,TOLL,POLICE_CHECKPOINT,0.81
VEVENT_005323,2026-05-28 12:27:29,VEHICLE_00499,LOCATION_0052,TOLL,ANPR_CAMERA,0.83
VEVENT_005324,2025-03-05 18:19:33,VEHICLE_00425,LOCATION_0288,TOLL,ANPR_CAMERA,0.97
VEVENT_005325,2026-05-29 07:45:10,VEHICLE_00492,LOCATION_0212,TOLL,TOLL_PLAZA,0.95
VEVENT_005326,2024-11-14 07:03:36,VEHICLE_00301,LOCATION_0251,TOLL,POLICE_CHECKPOINT,0.83
VEVENT_005327,2024-01-06 11:36:08,VEHICLE_00050,LOCATION_0227,SURVEILLANCE,FIELD_SURVEILLANCE,0.91
VEVENT_005328,2025-08-02 13:33:11,VEHICLE_00173,LOCATION_0224,ANPR,TOLL_PLAZA,0.9
VEVENT_005329,2025-03-07 10:35:12,VEHICLE_00453,LOCATION_0214,TOLL,TOLL_PLAZA,0.89
VEVENT_005330,2026-04-14 04:38:44,VEHICLE_00304,LOCATION_0089,TOLL,TOLL_PLAZA,0.94
VEVENT_005331,2024-09-22 16:10:15,VEHICLE_00390,LOCATION_0230,TOLL,POLICE_CHECKPOINT,0.87
VEVENT_005332,2024-12-24 15:12:21,VEHICLE_00164,LOCATION_0014,TOLL,FIELD_SURVEILLANCE,0.89
VEVENT_005333,2025-01-03 17:27:56,VEHICLE_00062,LOCATION_0282,ANPR,POLICE_CHECKPOINT,0.82
VEVENT_005334,2026-01-22 22:08:46,VEHICLE_00566,LOCATION_0109,TOLL,ANPR_CAMERA,0.87
VEVENT_005335,2025-01-05 16:20:40,VEHICLE_00749,LOCATION_0246,ANPR,ANPR_CAMERA,0.81
VEVENT_005336,2024-02-01 10:53:09,VEHICLE_00278,LOCATION_0260,ANPR,FIELD_SURVEILLANCE,0.9
VEVENT_005337,2025-06-13 19:04:59,VEHICLE_00725,LOCATION_0259,CHECKPOINT,POLICE_CHECKPOINT,0.94
VEVENT_005338,2024-11-20 06:24:23,VEHICLE_00749,LOCATION_0016,TOLL,POLICE_CHECKPOINT,0.95
VEVENT_005339,2025-01-03 17:51:39,VEHICLE_00202,LOCATION_0152,TOLL,TOLL_PLAZA,0.84
VEVENT_005340,2024-06-27 13:49:28,VEHICLE_00133,LOCATION_0013,TOLL,POLICE_CHECKPOINT,0.8
VEVENT_005341,2025-04-26 01:00:35,VEHICLE_00201,LOCATION_0211,CHECKPOINT,POLICE_CHECKPOINT,0.94
VEVENT_005342,2025-07-04 05:06:38,VEHICLE_00412,LOCATION_0027,TOLL,TOLL_PLAZA,0.92
VEVENT_005343,2024-01-28 21:05:01,VEHICLE_00063,LOCATION_0189,SURVEILLANCE,POLICE_CHECKPOINT,0.94
VEVENT_005344,2025-04-05 04:02:16,VEHICLE_00657,LOCATION_0171,SURVEILLANCE,POLICE_CHECKPOINT,0.93
VEVENT_005345,2024-09-12 14:21:30,VEHICLE_00483,LOCATION_0165,CHECKPOINT,TOLL_PLAZA,0.88
VEVENT_005346,2024-12-07 04:44:25,VEHICLE_00258,LOCATION_0116,SURVEILLANCE,TOLL_PLAZA,0.81
VEVENT_005347,2025-11-07 18:07:17,VEHICLE_00205,LOCATION_0275,ANPR,POLICE_CHECKPOINT,0.86
VEVENT_005348,2025-09-15 21:33:37,VEHICLE_00228,LOCATION_0222,SURVEILLANCE,TOLL_PLAZA,0.83
VEVENT_005349,2024-02-16 18:05:45,VEHICLE_00077,LOCATION_0163,CHECKPOINT,FIELD_SURVEILLANCE,0.83
VEVENT_005350,2024-01-24 22:46:37,VEHICLE_00426,LOCATION_0040,CHECKPOINT,TOLL_PLAZA,0.83
VEVENT_005351,2024-12-31 02:49:04,VEHICLE_00660,LOCATION_0124,ANPR,ANPR_CAMERA,0.92
VEVENT_005352,2025-09-04 22:39:21,VEHICLE_00239,LOCATION_0184,TOLL,TOLL_PLAZA,0.94
VEVENT_005353,2026-04-18 03:08:06,VEHICLE_00140,LOCATION_0103,TOLL,ANPR_CAMERA,0.93
VEVENT_005354,2025-11-15 20:53:14,VEHICLE_00558,LOCATION_0211,CHECKPOINT,POLICE_CHECKPOINT,0.97
VEVENT_005355,2024-09-07 03:44:18,VEHICLE_00400,LOCATION_0283,ANPR,FIELD_SURVEILLANCE,0.86
VEVENT_005356,2024-06-22 15:46:09,VEHICLE_00571,LOCATION_0265,CHECKPOINT,FIELD_SURVEILLANCE,0.83
VEVENT_005357,2025-04-01 14:30:55,VEHICLE_00040,LOCATION_0049,CHECKPOINT,ANPR_CAMERA,0.94
VEVENT_005358,2025-10-24 07:30:17,VEHICLE_00220,LOCATION_0047,SURVEILLANCE,FIELD_SURVEILLANCE,0.96
VEVENT_005359,2024-01-19 08:30:02,VEHICLE_00191,LOCATION_0283,SURVEILLANCE,ANPR_CAMERA,0.89
VEVENT_005360,2026-03-12 21:35:46,VEHICLE_00389,LOCATION_0247,SURVEILLANCE,TOLL_PLAZA,0.88
VEVENT_005361,2024-09-19 09:34:43,VEHICLE_00526,LOCATION_0218,CHECKPOINT,ANPR_CAMERA,0.87
VEVENT_005362,2024-10-03 13:35:13,VEHICLE_00396,LOCATION_0219,CHECKPOINT,FIELD_SURVEILLANCE,0.82
VEVENT_005363,2026-05-11 15:38:38,VEHICLE_00087,LOCATION_0268,CHECKPOINT,TOLL_PLAZA,0.87
VEVENT_005364,2025-07-13 19:41:15,VEHICLE_00481,LOCATION_0110,SURVEILLANCE,TOLL_PLAZA,0.96
VEVENT_005365,2025-02-11 14:31:44,VEHICLE_00639,LOCATION_0025,ANPR,FIELD_SURVEILLANCE,0.87
VEVENT_005366,2026-02-28 21:15:59,VEHICLE_00473,LOCATION_0106,CHECKPOINT,TOLL_PLAZA,0.84
VEVENT_005367,2025-01-31 10:28:28,VEHICLE_00474,LOCATION_0217,ANPR,TOLL_PLAZA,0.81
VEVENT_005368,2025-10-14 05:42:10,VEHICLE_00552,LOCATION_0025,TOLL,ANPR_CAMERA,0.8
VEVENT_005369,2025-12-02 12:39:38,VEHICLE_00304,LOCATION_0049,TOLL,FIELD_SURVEILLANCE,0.96
VEVENT_005370,2024-11-25 14:04:34,VEHICLE_00268,LOCATION_0086,TOLL,ANPR_CAMERA,0.93
VEVENT_005371,2026-06-08 14:35:11,VEHICLE_00158,LOCATION_0190,TOLL,POLICE_CHECKPOINT,0.82
VEVENT_005372,2026-06-04 16:04:15,VEHICLE_00078,LOCATION_0257,TOLL,ANPR_CAMERA,0.87
VEVENT_005373,2025-09-03 12:09:29,VEHICLE_00339,LOCATION_0038,ANPR,POLICE_CHECKPOINT,0.9
VEVENT_005374,2025-09-02 00:59:57,VEHICLE_00343,LOCATION_0016,TOLL,ANPR_CAMERA,0.87
VEVENT_005375,2024-01-15 13:47:34,VEHICLE_00099,LOCATION_0190,ANPR,FIELD_SURVEILLANCE,0.87
VEVENT_005376,2025-02-09 11:03:48,VEHICLE_00067,LOCATION_0030,TOLL,ANPR_CAMERA,0.96
VEVENT_005377,2026-05-11 07:15:47,VEHICLE_00268,LOCATION_0266,TOLL,FIELD_SURVEILLANCE,0.88
VEVENT_005378,2025-03-26 23:53:55,VEHICLE_00341,LOCATION_0280,CHECKPOINT,TOLL_PLAZA,0.89
VEVENT_005379,2024-06-09 10:13:26,VEHICLE_00751,LOCATION_0178,ANPR,ANPR_CAMERA,0.83
VEVENT_005380,2026-05-27 00:39:42,VEHICLE_00207,LOCATION_0219,SURVEILLANCE,TOLL_PLAZA,0.96
VEVENT_005381,2024-09-05 12:29:30,VEHICLE_00640,LOCATION_0205,CHECKPOINT,TOLL_PLAZA,0.94
VEVENT_005382,2025-07-19 05:19:39,VEHICLE_00478,LOCATION_0093,SURVEILLANCE,POLICE_CHECKPOINT,0.83
VEVENT_005383,2025-06-17 08:27:39,VEHICLE_00493,LOCATION_0094,ANPR,ANPR_CAMERA,0.81
VEVENT_005384,2026-01-27 10:16:48,VEHICLE_00485,LOCATION_0246,SURVEILLANCE,ANPR_CAMERA,0.81
VEVENT_005385,2026-01-14 16:46:09,VEHICLE_00725,LOCATION_0259,CHECKPOINT,FIELD_SURVEILLANCE,0.86
VEVENT_005386,2026-05-17 13:12:59,VEHICLE_00329,LOCATION_0231,SURVEILLANCE,ANPR_CAMERA,0.83
VEVENT_005387,2025-01-17 04:22:15,VEHICLE_00073,LOCATION_0269,CHECKPOINT,ANPR_CAMERA,0.86
VEVENT_005388,2024-06-29 17:52:41,VEHICLE_00387,LOCATION_0131,SURVEILLANCE,TOLL_PLAZA,0.86
VEVENT_005389,2024-04-11 06:22:51,VEHICLE_00629,LOCATION_0183,CHECKPOINT,FIELD_SURVEILLANCE,0.86
VEVENT_005390,2026-04-01 21:39:52,VEHICLE_00289,LOCATION_0008,CHECKPOINT,TOLL_PLAZA,0.94
VEVENT_005391,2025-01-21 04:52:43,VEHICLE_00538,LOCATION_0062,ANPR,ANPR_CAMERA,0.95
VEVENT_005392,2024-07-27 23:15:06,VEHICLE_00722,LOCATION_0263,ANPR,FIELD_SURVEILLANCE,0.87
VEVENT_005393,2025-02-12 06:30:38,VEHICLE_00020,LOCATION_0300,ANPR,FIELD_SURVEILLANCE,0.86
VEVENT_005394,2026-03-30 18:38:04,VEHICLE_00095,LOCATION_0136,SURVEILLANCE,ANPR_CAMERA,0.9
VEVENT_005395,2025-04-21 13:51:35,VEHICLE_00427,LOCATION_0287,CHECKPOINT,POLICE_CHECKPOINT,0.94
VEVENT_005396,2024-11-19 01:48:55,VEHICLE_00369,LOCATION_0279,ANPR,FIELD_SURVEILLANCE,0.85
VEVENT_005397,2025-10-25 21:43:52,VEHICLE_00162,LOCATION_0281,ANPR,ANPR_CAMERA,0.91
VEVENT_005398,2024-12-02 20:33:45,VEHICLE_00016,LOCATION_0133,ANPR,TOLL_PLAZA,0.83
VEVENT_005399,2024-04-27 05:59:37,VEHICLE_00456,LOCATION_0058,ANPR,ANPR_CAMERA,0.86
VEVENT_005400,2025-02-13 23:08:50,VEHICLE_00080,LOCATION_0255,CHECKPOINT,TOLL_PLAZA,0.85
VEVENT_005401,2025-03-12 16:25:37,VEHICLE_00694,LOCATION_0185,CHECKPOINT,POLICE_CHECKPOINT,0.97
VEVENT_005402,2024-05-28 13:47:45,VEHICLE_00321,LOCATION_0251,CHECKPOINT,FIELD_SURVEILLANCE,0.83
VEVENT_005403,2024-02-05 16:52:03,VEHICLE_00058,LOCATION_0232,CHECKPOINT,FIELD_SURVEILLANCE,0.82
VEVENT_005404,2025-08-29 19:52:00,VEHICLE_00323,LOCATION_0077,TOLL,POLICE_CHECKPOINT,0.92
VEVENT_005405,2026-06-29 09:15:59,VEHICLE_00093,LOCATION_0176,SURVEILLANCE,ANPR_CAMERA,0.93
VEVENT_005406,2025-08-07 07:06:24,VEHICLE_00327,LOCATION_0154,CHECKPOINT,FIELD_SURVEILLANCE,0.83
VEVENT_005407,2024-02-11 13:17:22,VEHICLE_00448,LOCATION_0292,TOLL,ANPR_CAMERA,0.86
VEVENT_005408,2024-09-19 07:11:17,VEHICLE_00403,LOCATION_0084,ANPR,ANPR_CAMERA,0.84
VEVENT_005409,2024-10-21 15:16:28,VEHICLE_00217,LOCATION_0101,ANPR,FIELD_SURVEILLANCE,0.94
VEVENT_005410,2024-03-30 15:16:11,VEHICLE_00561,LOCATION_0032,SURVEILLANCE,POLICE_CHECKPOINT,0.92
VEVENT_005411,2026-06-19 03:15:26,VEHICLE_00653,LOCATION_0184,CHECKPOINT,TOLL_PLAZA,0.91
VEVENT_005412,2026-04-04 06:27:14,VEHICLE_00641,LOCATION_0288,CHECKPOINT,ANPR_CAMERA,0.91
VEVENT_005413,2024-09-22 10:30:31,VEHICLE_00357,LOCATION_0147,SURVEILLANCE,ANPR_CAMERA,0.96
VEVENT_005414,2024-05-05 20:10:54,VEHICLE_00322,LOCATION_0101,TOLL,ANPR_CAMERA,0.94
VEVENT_005415,2026-05-30 13:31:26,VEHICLE_00516,LOCATION_0053,CHECKPOINT,ANPR_CAMERA,0.87
VEVENT_005416,2024-06-16 07:13:48,VEHICLE_00445,LOCATION_0114,ANPR,FIELD_SURVEILLANCE,0.88
VEVENT_005417,2024-07-20 03:37:42,VEHICLE_00248,LOCATION_0189,TOLL,ANPR_CAMERA,0.95
VEVENT_005418,2024-11-17 05:19:11,VEHICLE_00500,LOCATION_0040,ANPR,TOLL_PLAZA,0.88
VEVENT_005419,2025-10-15 09:45:55,VEHICLE_00143,LOCATION_0247,CHECKPOINT,ANPR_CAMERA,0.91
VEVENT_005420,2024-07-10 01:24:01,VEHICLE_00512,LOCATION_0163,TOLL,FIELD_SURVEILLANCE,0.87
VEVENT_005421,2026-06-18 21:55:00,VEHICLE_00151,LOCATION_0107,SURVEILLANCE,ANPR_CAMERA,0.9
VEVENT_005422,2024-11-27 05:36:20,VEHICLE_00019,LOCATION_0132,CHECKPOINT,POLICE_CHECKPOINT,0.86
VEVENT_005423,2024-01-14 08:31:21,VEHICLE_00427,LOCATION_0067,ANPR,ANPR_CAMERA,0.84
VEVENT_005424,2024-02-11 06:52:34,VEHICLE_00513,LOCATION_0100,CHECKPOINT,TOLL_PLAZA,0.88
VEVENT_005425,2025-09-22 15:59:04,VEHICLE_00071,LOCATION_0275,SURVEILLANCE,POLICE_CHECKPOINT,0.86
VEVENT_005426,2025-10-21 05:44:11,VEHICLE_00199,LOCATION_0115,TOLL,FIELD_SURVEILLANCE,0.8
VEVENT_005427,2025-11-05 04:34:14,VEHICLE_00677,LOCATION_0111,ANPR,TOLL_PLAZA,0.94
VEVENT_005428,2026-02-08 19:43:19,VEHICLE_00576,LOCATION_0190,TOLL,FIELD_SURVEILLANCE,0.97
VEVENT_005429,2025-02-28 15:46:22,VEHICLE_00518,LOCATION_0025,SURVEILLANCE,TOLL_PLAZA,0.92
VEVENT_005430,2025-08-10 11:37:07,VEHICLE_00565,LOCATION_0177,CHECKPOINT,POLICE_CHECKPOINT,0.97
VEVENT_005431,2025-05-31 11:55:31,VEHICLE_00612,LOCATION_0148,CHECKPOINT,TOLL_PLAZA,0.92
VEVENT_005432,2026-03-11 02:37:16,VEHICLE_00190,LOCATION_0088,ANPR,ANPR_CAMERA,0.88
VEVENT_005433,2024-08-27 12:08:43,VEHICLE_00148,LOCATION_0156,ANPR,ANPR_CAMERA,0.81
VEVENT_005434,2026-01-30 16:02:30,VEHICLE_00397,LOCATION_0141,CHECKPOINT,POLICE_CHECKPOINT,0.97
VEVENT_005435,2024-12-15 23:59:22,VEHICLE_00299,LOCATION_0161,ANPR,POLICE_CHECKPOINT,0.8
VEVENT_005436,2024-09-16 02:57:02,VEHICLE_00755,LOCATION_0229,SURVEILLANCE,POLICE_CHECKPOINT,0.94
VEVENT_005437,2025-08-12 17:06:50,VEHICLE_00111,LOCATION_0033,ANPR,FIELD_SURVEILLANCE,0.96
VEVENT_005438,2024-01-29 20:45:07,VEHICLE_00520,LOCATION_0201,SURVEILLANCE,ANPR_CAMERA,0.83
VEVENT_005439,2025-05-28 04:47:48,VEHICLE_00728,LOCATION_0135,SURVEILLANCE,TOLL_PLAZA,0.95
VEVENT_005440,2025-10-11 10:58:50,VEHICLE_00019,LOCATION_0182,CHECKPOINT,FIELD_SURVEILLANCE,0.97
VEVENT_005441,2025-08-08 21:40:17,VEHICLE_00019,LOCATION_0222,SURVEILLANCE,ANPR_CAMERA,0.96
VEVENT_005442,2025-07-08 13:33:03,VEHICLE_00481,LOCATION_0160,SURVEILLANCE,POLICE_CHECKPOINT,0.94
VEVENT_005443,2024-09-03 04:39:28,VEHICLE_00112,LOCATION_0284,TOLL,FIELD_SURVEILLANCE,0.88
VEVENT_005444,2024-07-01 19:16:23,VEHICLE_00188,LOCATION_0010,ANPR,TOLL_PLAZA,0.92
VEVENT_005445,2025-07-28 16:27:42,VEHICLE_00263,LOCATION_0222,ANPR,POLICE_CHECKPOINT,0.87
VEVENT_005446,2025-12-17 14:04:58,VEHICLE_00090,LOCATION_0256,CHECKPOINT,FIELD_SURVEILLANCE,0.94
VEVENT_005447,2024-02-24 22:04:01,VEHICLE_00045,LOCATION_0129,SURVEILLANCE,ANPR_CAMERA,0.86
VEVENT_005448,2024-02-21 21:12:55,VEHICLE_00637,LOCATION_0162,CHECKPOINT,ANPR_CAMERA,0.94
VEVENT_005449,2024-03-08 21:08:48,VEHICLE_00242,LOCATION_0127,TOLL,ANPR_CAMERA,0.85
VEVENT_005450,2024-01-03 02:37:56,VEHICLE_00102,LOCATION_0177,ANPR,POLICE_CHECKPOINT,0.89
VEVENT_005451,2026-01-13 22:48:06,VEHICLE_00054,LOCATION_0130,SURVEILLANCE,POLICE_CHECKPOINT,0.9
VEVENT_005452,2026-05-04 09:18:44,VEHICLE_00171,LOCATION_0018,ANPR,ANPR_CAMERA,0.87
VEVENT_005453,2025-10-31 00:51:55,VEHICLE_00426,LOCATION_0290,ANPR,ANPR_CAMERA,0.88
VEVENT_005454,2024-03-11 12:23:29,VEHICLE_00573,LOCATION_0232,ANPR,ANPR_CAMERA,0.83
VEVENT_005455,2024-05-02 01:24:13,VEHICLE_00491,LOCATION_0260,ANPR,TOLL_PLAZA,0.9
VEVENT_005456,2024-11-24 12:48:57,VEHICLE_00102,LOCATION_0197,ANPR,TOLL_PLAZA,0.88
VEVENT_005457,2024-09-04 14:56:10,VEHICLE_00213,LOCATION_0012,ANPR,TOLL_PLAZA,0.96
VEVENT_005458,2024-05-16 01:40:47,VEHICLE_00507,LOCATION_0268,TOLL,TOLL_PLAZA,0.97
VEVENT_005459,2025-02-04 13:51:31,VEHICLE_00306,LOCATION_0267,SURVEILLANCE,ANPR_CAMERA,0.82
VEVENT_005460,2025-06-28 23:38:19,VEHICLE_00525,LOCATION_0233,TOLL,POLICE_CHECKPOINT,0.91
VEVENT_005461,2024-06-15 23:57:46,VEHICLE_00352,LOCATION_0169,SURVEILLANCE,POLICE_CHECKPOINT,0.93
VEVENT_005462,2026-02-06 04:19:06,VEHICLE_00250,LOCATION_0250,SURVEILLANCE,FIELD_SURVEILLANCE,0.85
VEVENT_005463,2024-04-27 12:50:43,VEHICLE_00329,LOCATION_0101,TOLL,FIELD_SURVEILLANCE,0.83
VEVENT_005464,2026-06-03 19:20:29,VEHICLE_00644,LOCATION_0024,TOLL,TOLL_PLAZA,0.96
VEVENT_005465,2025-08-04 06:55:24,VEHICLE_00069,LOCATION_0202,CHECKPOINT,FIELD_SURVEILLANCE,0.8
VEVENT_005466,2024-02-05 20:04:30,VEHICLE_00617,LOCATION_0262,TOLL,ANPR_CAMERA,0.83
VEVENT_005467,2025-10-24 21:44:16,VEHICLE_00713,LOCATION_0217,CHECKPOINT,FIELD_SURVEILLANCE,0.94
VEVENT_005468,2026-06-17 08:31:34,VEHICLE_00555,LOCATION_0209,ANPR,POLICE_CHECKPOINT,0.8
VEVENT_005469,2024-12-15 06:54:37,VEHICLE_00180,LOCATION_0300,SURVEILLANCE,ANPR_CAMERA,0.85
VEVENT_005470,2026-05-04 07:05:43,VEHICLE_00285,LOCATION_0285,SURVEILLANCE,TOLL_PLAZA,0.8
VEVENT_005471,2024-09-29 08:24:21,VEHICLE_00183,LOCATION_0149,CHECKPOINT,POLICE_CHECKPOINT,0.81
VEVENT_005472,2025-07-10 02:46:04,VEHICLE_00524,LOCATION_0286,CHECKPOINT,ANPR_CAMERA,0.87
VEVENT_005473,2025-05-27 05:37:17,VEHICLE_00309,LOCATION_0064,CHECKPOINT,FIELD_SURVEILLANCE,0.9
VEVENT_005474,2025-03-25 00:04:40,VEHICLE_00582,LOCATION_0116,CHECKPOINT,TOLL_PLAZA,0.87
VEVENT_005475,2024-02-05 01:50:57,VEHICLE_00294,LOCATION_0044,ANPR,POLICE_CHECKPOINT,0.85
VEVENT_005476,2024-10-01 00:18:17,VEHICLE_00073,LOCATION_0169,ANPR,FIELD_SURVEILLANCE,0.87
VEVENT_005477,2025-12-10 15:17:58,VEHICLE_00183,LOCATION_0109,ANPR,TOLL_PLAZA,0.83
VEVENT_005478,2024-05-28 20:35:13,VEHICLE_00517,LOCATION_0109,TOLL,FIELD_SURVEILLANCE,0.85
VEVENT_005479,2026-06-11 02:24:36,VEHICLE_00461,LOCATION_0280,TOLL,ANPR_CAMERA,0.94
VEVENT_005480,2024-01-16 19:07:28,VEHICLE_00035,LOCATION_0047,ANPR,FIELD_SURVEILLANCE,0.96
VEVENT_005481,2024-09-30 19:21:42,VEHICLE_00025,LOCATION_0059,SURVEILLANCE,ANPR_CAMERA,0.87
VEVENT_005482,2025-02-17 12:37:51,VEHICLE_00759,LOCATION_0003,TOLL,FIELD_SURVEILLANCE,0.82
VEVENT_005483,2025-02-16 04:57:51,VEHICLE_00740,LOCATION_0212,SURVEILLANCE,ANPR_CAMERA,0.92
VEVENT_005484,2025-12-11 03:09:53,VEHICLE_00650,LOCATION_0106,SURVEILLANCE,TOLL_PLAZA,0.89
VEVENT_005485,2025-09-28 19:44:43,VEHICLE_00006,LOCATION_0040,ANPR,ANPR_CAMERA,0.84
VEVENT_005486,2024-09-21 09:23:14,VEHICLE_00589,LOCATION_0086,SURVEILLANCE,FIELD_SURVEILLANCE,0.85
VEVENT_005487,2025-05-18 10:34:20,VEHICLE_00389,LOCATION_0157,SURVEILLANCE,POLICE_CHECKPOINT,0.93
VEVENT_005488,2025-07-05 14:44:28,VEHICLE_00490,LOCATION_0128,ANPR,POLICE_CHECKPOINT,0.96
VEVENT_005489,2025-09-03 06:31:40,VEHICLE_00231,LOCATION_0262,ANPR,ANPR_CAMERA,0.93
VEVENT_005490,2026-05-09 19:09:53,VEHICLE_00265,LOCATION_0077,CHECKPOINT,ANPR_CAMERA,0.95
VEVENT_005491,2025-03-04 13:32:16,VEHICLE_00350,LOCATION_0239,SURVEILLANCE,ANPR_CAMERA,0.94
VEVENT_005492,2024-12-01 10:27:55,VEHICLE_00436,LOCATION_0041,CHECKPOINT,TOLL_PLAZA,0.83
VEVENT_005493,2025-08-11 22:57:19,VEHICLE_00030,LOCATION_0099,CHECKPOINT,TOLL_PLAZA,0.92
VEVENT_005494,2025-08-22 11:57:04,VEHICLE_00598,LOCATION_0191,CHECKPOINT,ANPR_CAMERA,0.8
VEVENT_005495,2025-08-12 12:53:17,VEHICLE_00239,LOCATION_0284,TOLL,POLICE_CHECKPOINT,0.89
VEVENT_005496,2024-02-13 00:27:33,VEHICLE_00312,LOCATION_0135,ANPR,POLICE_CHECKPOINT,0.87
VEVENT_005497,2025-06-20 01:41:19,VEHICLE_00620,LOCATION_0226,CHECKPOINT,POLICE_CHECKPOINT,0.96
VEVENT_005498,2025-03-22 16:55:10,VEHICLE_00219,LOCATION_0115,ANPR,ANPR_CAMERA,0.96
VEVENT_005499,2025-05-07 10:24:47,VEHICLE_00467,LOCATION_0024,SURVEILLANCE,ANPR_CAMERA,0.81
VEVENT_005500,2025-05-30 06:38:47,VEHICLE_00385,LOCATION_0034,CHECKPOINT,FIELD_SURVEILLANCE,0.95
VEVENT_005501,2025-01-28 05:55:38,VEHICLE_00083,LOCATION_0158,CHECKPOINT,POLICE_CHECKPOINT,0.85
VEVENT_005502,2024-07-21 02:15:07,VEHICLE_00478,LOCATION_0013,SURVEILLANCE,FIELD_SURVEILLANCE,0.89
VEVENT_005503,2024-06-28 23:22:12,VEHICLE_00732,LOCATION_0070,CHECKPOINT,POLICE_CHECKPOINT,0.93
VEVENT_005504,2026-03-01 02:56:14,VEHICLE_00292,LOCATION_0223,SURVEILLANCE,ANPR_CAMERA,0.83
VEVENT_005505,2025-10-05 22:30:33,VEHICLE_00018,LOCATION_0290,TOLL,ANPR_CAMERA,0.8
VEVENT_005506,2024-12-14 06:55:45,VEHICLE_00403,LOCATION_0224,SURVEILLANCE,FIELD_SURVEILLANCE,0.94
VEVENT_005507,2026-03-18 03:51:53,VEHICLE_00574,LOCATION_0174,CHECKPOINT,TOLL_PLAZA,0.85
VEVENT_005508,2025-11-12 02:06:21,VEHICLE_00079,LOCATION_0194,CHECKPOINT,POLICE_CHECKPOINT,0.97
VEVENT_005509,2024-10-31 10:52:48,VEHICLE_00099,LOCATION_0090,TOLL,ANPR_CAMERA,0.92
VEVENT_005510,2024-11-26 05:19:28,VEHICLE_00008,LOCATION_0208,SURVEILLANCE,TOLL_PLAZA,0.81
VEVENT_005511,2024-04-02 08:45:45,VEHICLE_00474,LOCATION_0027,TOLL,ANPR_CAMERA,0.92
VEVENT_005512,2025-09-30 23:40:21,VEHICLE_00250,LOCATION_0060,TOLL,FIELD_SURVEILLANCE,0.94
VEVENT_005513,2024-04-18 22:38:59,VEHICLE_00728,LOCATION_0185,SURVEILLANCE,TOLL_PLAZA,0.94
VEVENT_005514,2024-05-01 02:50:14,VEHICLE_00562,LOCATION_0070,SURVEILLANCE,POLICE_CHECKPOINT,0.83
VEVENT_005515,2025-10-23 02:07:40,VEHICLE_00211,LOCATION_0040,TOLL,POLICE_CHECKPOINT,0.87
VEVENT_005516,2024-07-12 08:02:23,VEHICLE_00661,LOCATION_0288,SURVEILLANCE,ANPR_CAMERA,0.81
VEVENT_005517,2026-01-08 10:18:07,VEHICLE_00290,LOCATION_0146,CHECKPOINT,ANPR_CAMERA,0.87
VEVENT_005518,2025-08-12 19:59:57,VEHICLE_00076,LOCATION_0123,ANPR,POLICE_CHECKPOINT,0.89
VEVENT_005519,2024-12-09 00:06:33,VEHICLE_00335,LOCATION_0282,CHECKPOINT,POLICE_CHECKPOINT,0.83
VEVENT_005520,2026-02-06 04:37:52,VEHICLE_00400,LOCATION_0193,SURVEILLANCE,FIELD_SURVEILLANCE,0.86
VEVENT_005521,2024-12-07 11:30:28,VEHICLE_00693,LOCATION_0235,CHECKPOINT,FIELD_SURVEILLANCE,0.94
VEVENT_005522,2025-06-28 02:45:44,VEHICLE_00508,LOCATION_0162,TOLL,ANPR_CAMERA,0.81
VEVENT_005523,2024-03-16 03:01:19,VEHICLE_00686,LOCATION_0133,TOLL,POLICE_CHECKPOINT,0.89
VEVENT_005524,2025-06-24 19:23:27,VEHICLE_00327,LOCATION_0234,ANPR,POLICE_CHECKPOINT,0.95
VEVENT_005525,2024-02-13 22:23:30,VEHICLE_00019,LOCATION_0202,ANPR,ANPR_CAMERA,0.86
VEVENT_005526,2024-05-11 04:35:59,VEHICLE_00419,LOCATION_0104,SURVEILLANCE,FIELD_SURVEILLANCE,0.85
VEVENT_005527,2025-09-19 18:16:39,VEHICLE_00053,LOCATION_0278,CHECKPOINT,TOLL_PLAZA,0.92
VEVENT_005528,2024-01-02 10:06:40,VEHICLE_00542,LOCATION_0116,TOLL,POLICE_CHECKPOINT,0.83
VEVENT_005529,2025-04-22 03:48:36,VEHICLE_00121,LOCATION_0147,TOLL,FIELD_SURVEILLANCE,0.88
VEVENT_005530,2025-04-16 11:37:08,VEHICLE_00190,LOCATION_0108,TOLL,ANPR_CAMERA,0.88
VEVENT_005531,2024-08-22 20:26:30,VEHICLE_00007,LOCATION_0160,CHECKPOINT,TOLL_PLAZA,0.86
VEVENT_005532,2024-10-13 17:01:21,VEHICLE_00273,LOCATION_0240,ANPR,ANPR_CAMERA,0.92
VEVENT_005533,2024-01-28 07:34:44,VEHICLE_00033,LOCATION_0273,SURVEILLANCE,POLICE_CHECKPOINT,0.85
VEVENT_005534,2024-01-23 21:58:42,VEHICLE_00218,LOCATION_0264,CHECKPOINT,POLICE_CHECKPOINT,0.85
VEVENT_005535,2025-02-06 06:49:41,VEHICLE_00157,LOCATION_0156,ANPR,POLICE_CHECKPOINT,0.92
VEVENT_005536,2025-01-30 20:16:31,VEHICLE_00394,LOCATION_0112,SURVEILLANCE,ANPR_CAMERA,0.96
VEVENT_005537,2025-04-10 05:42:25,VEHICLE_00687,LOCATION_0076,SURVEILLANCE,TOLL_PLAZA,0.8
VEVENT_005538,2025-05-25 00:49:19,VEHICLE_00480,LOCATION_0044,TOLL,FIELD_SURVEILLANCE,0.95
VEVENT_005539,2025-05-14 01:34:52,VEHICLE_00647,LOCATION_0009,CHECKPOINT,ANPR_CAMERA,0.88
VEVENT_005540,2024-07-10 11:29:27,VEHICLE_00449,LOCATION_0211,ANPR,FIELD_SURVEILLANCE,0.93
VEVENT_005541,2024-12-04 21:27:58,VEHICLE_00538,LOCATION_0272,ANPR,POLICE_CHECKPOINT,0.92
VEVENT_005542,2025-08-07 11:07:11,VEHICLE_00526,LOCATION_0108,ANPR,TOLL_PLAZA,0.95
VEVENT_005543,2025-05-24 07:24:50,VEHICLE_00232,LOCATION_0162,TOLL,FIELD_SURVEILLANCE,0.84
VEVENT_005544,2024-01-11 23:59:22,VEHICLE_00557,LOCATION_0101,CHECKPOINT,POLICE_CHECKPOINT,0.9
VEVENT_005545,2024-02-20 23:48:08,VEHICLE_00187,LOCATION_0245,SURVEILLANCE,TOLL_PLAZA,0.89
VEVENT_005546,2025-11-28 08:05:15,VEHICLE_00602,LOCATION_0164,SURVEILLANCE,POLICE_CHECKPOINT,0.86
VEVENT_005547,2025-07-22 06:36:51,VEHICLE_00043,LOCATION_0270,SURVEILLANCE,TOLL_PLAZA,0.81
VEVENT_005548,2025-09-23 20:04:33,VEHICLE_00150,LOCATION_0288,SURVEILLANCE,POLICE_CHECKPOINT,0.89
VEVENT_005549,2025-07-05 14:33:31,VEHICLE_00752,LOCATION_0168,CHECKPOINT,ANPR_CAMERA,0.86
VEVENT_005550,2024-11-05 18:21:50,VEHICLE_00601,LOCATION_0251,TOLL,POLICE_CHECKPOINT,0.94
VEVENT_005551,2024-11-30 19:17:47,VEHICLE_00392,LOCATION_0107,TOLL,POLICE_CHECKPOINT,0.84
VEVENT_005552,2024-02-07 17:27:18,VEHICLE_00278,LOCATION_0240,ANPR,POLICE_CHECKPOINT,0.85
VEVENT_005553,2026-03-19 06:11:48,VEHICLE_00525,LOCATION_0013,ANPR,POLICE_CHECKPOINT,0.95
VEVENT_005554,2024-11-03 09:35:03,VEHICLE_00449,LOCATION_0171,SURVEILLANCE,TOLL_PLAZA,0.81
VEVENT_005555,2025-12-24 01:54:01,VEHICLE_00618,LOCATION_0054,TOLL,TOLL_PLAZA,0.87
VEVENT_005556,2025-02-10 03:30:00,VEHICLE_00139,LOCATION_0031,CHECKPOINT,ANPR_CAMERA,0.97
VEVENT_005557,2024-09-04 09:36:08,VEHICLE_00212,LOCATION_0088,ANPR,ANPR_CAMERA,0.84
VEVENT_005558,2025-04-22 02:36:11,VEHICLE_00313,LOCATION_0126,CHECKPOINT,FIELD_SURVEILLANCE,0.82
VEVENT_005559,2024-07-15 20:37:14,VEHICLE_00429,LOCATION_0034,CHECKPOINT,FIELD_SURVEILLANCE,0.9
VEVENT_005560,2025-04-08 06:42:36,VEHICLE_00433,LOCATION_0057,CHECKPOINT,FIELD_SURVEILLANCE,0.96
VEVENT_005561,2026-06-26 22:58:01,VEHICLE_00503,LOCATION_0159,ANPR,POLICE_CHECKPOINT,0.85
VEVENT_005562,2025-09-04 15:46:13,VEHICLE_00705,LOCATION_0120,TOLL,POLICE_CHECKPOINT,0.82
VEVENT_005563,2024-06-02 07:26:11,VEHICLE_00634,LOCATION_0204,TOLL,ANPR_CAMERA,0.8
VEVENT_005564,2025-05-19 02:23:01,VEHICLE_00424,LOCATION_0073,ANPR,TOLL_PLAZA,0.88
VEVENT_005565,2025-10-30 06:37:30,VEHICLE_00237,LOCATION_0002,TOLL,TOLL_PLAZA,0.86
VEVENT_005566,2025-10-30 06:10:22,VEHICLE_00625,LOCATION_0194,CHECKPOINT,TOLL_PLAZA,0.91
VEVENT_005567,2024-09-14 18:19:27,VEHICLE_00445,LOCATION_0024,TOLL,TOLL_PLAZA,0.92
VEVENT_005568,2025-10-07 15:58:05,VEHICLE_00497,LOCATION_0199,ANPR,TOLL_PLAZA,0.91
VEVENT_005569,2024-12-24 00:10:29,VEHICLE_00502,LOCATION_0143,SURVEILLANCE,TOLL_PLAZA,0.87
VEVENT_005570,2025-08-15 16:00:17,VEHICLE_00657,LOCATION_0031,TOLL,FIELD_SURVEILLANCE,0.84
VEVENT_005571,2024-09-29 21:08:37,VEHICLE_00442,LOCATION_0272,ANPR,FIELD_SURVEILLANCE,0.86
VEVENT_005572,2026-06-12 00:06:01,VEHICLE_00302,LOCATION_0264,SURVEILLANCE,POLICE_CHECKPOINT,0.95
VEVENT_005573,2026-01-15 10:29:42,VEHICLE_00319,LOCATION_0109,TOLL,ANPR_CAMERA,0.96
VEVENT_005574,2025-08-18 15:24:13,VEHICLE_00660,LOCATION_0164,SURVEILLANCE,POLICE_CHECKPOINT,0.92
VEVENT_005575,2025-09-01 19:40:10,VEHICLE_00458,LOCATION_0149,TOLL,POLICE_CHECKPOINT,0.92
VEVENT_005576,2025-09-19 11:36:23,VEHICLE_00001,LOCATION_0048,SURVEILLANCE,FIELD_SURVEILLANCE,0.93
VEVENT_005577,2024-08-04 11:59:21,VEHICLE_00618,LOCATION_0114,CHECKPOINT,ANPR_CAMERA,0.91
VEVENT_005578,2024-08-18 20:17:11,VEHICLE_00209,LOCATION_0024,TOLL,POLICE_CHECKPOINT,0.94
VEVENT_005579,2024-03-18 23:12:12,VEHICLE_00118,LOCATION_0289,SURVEILLANCE,TOLL_PLAZA,0.83
VEVENT_005580,2024-01-23 00:42:33,VEHICLE_00044,LOCATION_0197,CHECKPOINT,POLICE_CHECKPOINT,0.81
VEVENT_005581,2025-06-22 16:12:11,VEHICLE_00740,LOCATION_0042,TOLL,TOLL_PLAZA,0.94
VEVENT_005582,2024-09-07 05:41:35,VEHICLE_00163,LOCATION_0090,TOLL,POLICE_CHECKPOINT,0.87
VEVENT_005583,2025-02-19 01:14:24,VEHICLE_00171,LOCATION_0008,TOLL,TOLL_PLAZA,0.85
VEVENT_005584,2025-03-22 04:06:40,VEHICLE_00558,LOCATION_0121,CHECKPOINT,FIELD_SURVEILLANCE,0.83
VEVENT_005585,2026-05-08 04:51:36,VEHICLE_00680,LOCATION_0078,ANPR,TOLL_PLAZA,0.97
VEVENT_005586,2025-10-28 00:58:55,VEHICLE_00720,LOCATION_0017,CHECKPOINT,ANPR_CAMERA,0.81
VEVENT_005587,2024-05-27 13:44:10,VEHICLE_00457,LOCATION_0284,SURVEILLANCE,TOLL_PLAZA,0.91
VEVENT_005588,2024-10-20 16:45:40,VEHICLE_00439,LOCATION_0119,TOLL,FIELD_SURVEILLANCE,0.93
VEVENT_005589,2024-11-21 19:36:28,VEHICLE_00161,LOCATION_0270,ANPR,TOLL_PLAZA,0.94
VEVENT_005590,2024-09-18 03:07:03,VEHICLE_00414,LOCATION_0114,TOLL,FIELD_SURVEILLANCE,0.88
VEVENT_005591,2024-10-06 19:01:09,VEHICLE_00603,LOCATION_0128,SURVEILLANCE,TOLL_PLAZA,0.85
VEVENT_005592,2024-08-16 05:38:55,VEHICLE_00375,LOCATION_0233,ANPR,TOLL_PLAZA,0.92
VEVENT_005593,2024-01-24 11:37:33,VEHICLE_00522,LOCATION_0168,ANPR,POLICE_CHECKPOINT,0.91
VEVENT_005594,2025-07-25 10:52:43,VEHICLE_00753,LOCATION_0179,TOLL,FIELD_SURVEILLANCE,0.81
VEVENT_005595,2025-12-24 11:44:21,VEHICLE_00429,LOCATION_0254,SURVEILLANCE,TOLL_PLAZA,0.92
VEVENT_005596,2026-03-27 14:09:56,VEHICLE_00082,LOCATION_0129,TOLL,FIELD_SURVEILLANCE,0.96
VEVENT_005597,2024-06-01 03:46:18,VEHICLE_00304,LOCATION_0209,TOLL,ANPR_CAMERA,0.94
VEVENT_005598,2024-04-27 01:28:42,VEHICLE_00634,LOCATION_0284,ANPR,ANPR_CAMERA,0.82
VEVENT_005599,2025-09-14 04:05:05,VEHICLE_00663,LOCATION_0207,TOLL,POLICE_CHECKPOINT,0.96
VEVENT_005600,2025-07-17 10:07:38,VEHICLE_00560,LOCATION_0191,TOLL,TOLL_PLAZA,0.91
VEVENT_005601,2026-02-14 15:02:49,VEHICLE_00424,LOCATION_0123,TOLL,ANPR_CAMERA,0.82
VEVENT_005602,2026-05-03 00:50:27,VEHICLE_00160,LOCATION_0275,SURVEILLANCE,ANPR_CAMERA,0.96
VEVENT_005603,2026-05-29 06:19:33,VEHICLE_00227,LOCATION_0112,CHECKPOINT,TOLL_PLAZA,0.94
VEVENT_005604,2025-11-07 14:42:06,VEHICLE_00265,LOCATION_0167,TOLL,TOLL_PLAZA,0.8
VEVENT_005605,2025-04-30 02:39:27,VEHICLE_00179,LOCATION_0167,ANPR,POLICE_CHECKPOINT,0.87
VEVENT_005606,2025-08-02 05:48:43,VEHICLE_00060,LOCATION_0135,CHECKPOINT,TOLL_PLAZA,0.93
VEVENT_005607,2025-03-15 07:54:53,VEHICLE_00397,LOCATION_0081,TOLL,ANPR_CAMERA,0.92
VEVENT_005608,2026-03-10 09:47:36,VEHICLE_00237,LOCATION_0202,TOLL,TOLL_PLAZA,0.94
VEVENT_005609,2025-08-02 23:28:57,VEHICLE_00556,LOCATION_0049,TOLL,TOLL_PLAZA,0.85
VEVENT_005610,2026-05-05 11:40:32,VEHICLE_00643,LOCATION_0074,CHECKPOINT,POLICE_CHECKPOINT,0.91
VEVENT_005611,2025-06-14 00:31:50,VEHICLE_00072,LOCATION_0173,CHECKPOINT,POLICE_CHECKPOINT,0.97
VEVENT_005612,2025-11-14 23:14:02,VEHICLE_00366,LOCATION_0214,ANPR,TOLL_PLAZA,0.8
VEVENT_005613,2026-03-14 01:17:41,VEHICLE_00396,LOCATION_0139,CHECKPOINT,TOLL_PLAZA,0.81
VEVENT_005614,2024-12-11 14:02:36,VEHICLE_00550,LOCATION_0052,ANPR,POLICE_CHECKPOINT,0.87
VEVENT_005615,2024-11-01 21:15:16,VEHICLE_00361,LOCATION_0261,TOLL,ANPR_CAMERA,0.89
VEVENT_005616,2024-07-17 10:48:20,VEHICLE_00534,LOCATION_0057,ANPR,POLICE_CHECKPOINT,0.9
VEVENT_005617,2025-06-19 13:40:06,VEHICLE_00723,LOCATION_0211,CHECKPOINT,POLICE_CHECKPOINT,0.8
VEVENT_005618,2024-12-06 10:23:27,VEHICLE_00589,LOCATION_0086,CHECKPOINT,ANPR_CAMERA,0.96
VEVENT_005619,2026-04-06 19:51:53,VEHICLE_00669,LOCATION_0278,ANPR,POLICE_CHECKPOINT,0.97
VEVENT_005620,2025-01-12 05:17:34,VEHICLE_00006,LOCATION_0030,CHECKPOINT,FIELD_SURVEILLANCE,0.93
VEVENT_005621,2024-11-04 15:13:29,VEHICLE_00118,LOCATION_0169,ANPR,ANPR_CAMERA,0.93
VEVENT_005622,2026-04-06 01:25:24,VEHICLE_00163,LOCATION_0190,CHECKPOINT,ANPR_CAMERA,0.88
VEVENT_005623,2025-04-10 07:31:43,VEHICLE_00449,LOCATION_0001,TOLL,ANPR_CAMERA,0.92
VEVENT_005624,2026-03-12 10:58:14,VEHICLE_00736,LOCATION_0135,CHECKPOINT,TOLL_PLAZA,0.87
VEVENT_005625,2024-06-12 05:26:37,VEHICLE_00569,LOCATION_0164,CHECKPOINT,FIELD_SURVEILLANCE,0.86
VEVENT_005626,2024-09-25 02:06:33,VEHICLE_00723,LOCATION_0291,SURVEILLANCE,ANPR_CAMERA,0.8
VEVENT_005627,2024-12-27 01:23:23,VEHICLE_00711,LOCATION_0269,SURVEILLANCE,FIELD_SURVEILLANCE,0.95
VEVENT_005628,2024-03-26 09:12:40,VEHICLE_00259,LOCATION_0048,TOLL,TOLL_PLAZA,0.86
VEVENT_005629,2024-09-16 06:23:20,VEHICLE_00752,LOCATION_0138,CHECKPOINT,ANPR_CAMERA,0.86
VEVENT_005630,2024-01-13 06:33:49,VEHICLE_00058,LOCATION_0012,SURVEILLANCE,FIELD_SURVEILLANCE,0.9
VEVENT_005631,2026-05-27 02:48:02,VEHICLE_00689,LOCATION_0080,TOLL,POLICE_CHECKPOINT,0.82
VEVENT_005632,2025-04-26 20:58:02,VEHICLE_00728,LOCATION_0145,TOLL,ANPR_CAMERA,0.82
VEVENT_005633,2026-06-09 22:22:13,VEHICLE_00545,LOCATION_0266,TOLL,TOLL_PLAZA,0.88
VEVENT_005634,2025-01-12 09:07:17,VEHICLE_00118,LOCATION_0039,ANPR,POLICE_CHECKPOINT,0.82
VEVENT_005635,2025-09-28 16:50:24,VEHICLE_00401,LOCATION_0266,TOLL,FIELD_SURVEILLANCE,0.83
VEVENT_005636,2025-03-12 08:41:14,VEHICLE_00450,LOCATION_0025,TOLL,POLICE_CHECKPOINT,0.8
VEVENT_005637,2026-02-23 23:34:53,VEHICLE_00455,LOCATION_0075,SURVEILLANCE,POLICE_CHECKPOINT,0.91
VEVENT_005638,2024-10-08 05:47:56,VEHICLE_00308,LOCATION_0129,CHECKPOINT,ANPR_CAMERA,0.84
VEVENT_005639,2025-11-07 10:44:19,VEHICLE_00661,LOCATION_0208,CHECKPOINT,POLICE_CHECKPOINT,0.89
VEVENT_005640,2026-04-23 20:41:52,VEHICLE_00676,LOCATION_0191,CHECKPOINT,POLICE_CHECKPOINT,0.95
VEVENT_005641,2024-12-24 21:59:49,VEHICLE_00535,LOCATION_0298,CHECKPOINT,FIELD_SURVEILLANCE,0.95
VEVENT_005642,2026-01-27 19:44:43,VEHICLE_00460,LOCATION_0030,ANPR,FIELD_SURVEILLANCE,0.96
VEVENT_005643,2025-08-11 23:35:42,VEHICLE_00282,LOCATION_0181,CHECKPOINT,TOLL_PLAZA,0.85
VEVENT_005644,2026-01-12 03:34:44,VEHICLE_00637,LOCATION_0242,SURVEILLANCE,FIELD_SURVEILLANCE,0.95
VEVENT_005645,2025-05-22 22:18:04,VEHICLE_00196,LOCATION_0223,ANPR,TOLL_PLAZA,0.87
VEVENT_005646,2025-05-21 02:50:01,VEHICLE_00229,LOCATION_0113,CHECKPOINT,POLICE_CHECKPOINT,0.88
VEVENT_005647,2024-04-20 13:11:14,VEHICLE_00503,LOCATION_0299,ANPR,FIELD_SURVEILLANCE,0.8
VEVENT_005648,2024-11-30 06:08:33,VEHICLE_00360,LOCATION_0174,SURVEILLANCE,TOLL_PLAZA,0.95
VEVENT_005649,2025-12-19 08:25:25,VEHICLE_00566,LOCATION_0289,ANPR,POLICE_CHECKPOINT,0.96
VEVENT_005650,2026-04-21 14:33:20,VEHICLE_00285,LOCATION_0035,ANPR,POLICE_CHECKPOINT,0.87
VEVENT_005651,2025-09-22 11:45:43,VEHICLE_00718,LOCATION_0051,SURVEILLANCE,TOLL_PLAZA,0.92
VEVENT_005652,2025-06-07 16:59:00,VEHICLE_00540,LOCATION_0019,ANPR,FIELD_SURVEILLANCE,0.87
VEVENT_005653,2024-06-06 09:19:39,VEHICLE_00444,LOCATION_0179,CHECKPOINT,TOLL_PLAZA,0.91
VEVENT_005654,2024-08-13 11:13:57,VEHICLE_00040,LOCATION_0209,CHECKPOINT,TOLL_PLAZA,0.87
VEVENT_005655,2025-07-05 03:18:26,VEHICLE_00033,LOCATION_0013,CHECKPOINT,FIELD_SURVEILLANCE,0.9
VEVENT_005656,2024-10-05 06:07:28,VEHICLE_00296,LOCATION_0010,CHECKPOINT,FIELD_SURVEILLANCE,0.87
VEVENT_005657,2026-02-07 19:06:23,VEHICLE_00065,LOCATION_0248,SURVEILLANCE,FIELD_SURVEILLANCE,0.88
VEVENT_005658,2025-09-15 04:25:08,VEHICLE_00423,LOCATION_0042,ANPR,TOLL_PLAZA,0.95
VEVENT_005659,2025-03-31 06:48:13,VEHICLE_00551,LOCATION_0150,ANPR,FIELD_SURVEILLANCE,0.83
VEVENT_005660,2024-01-20 11:19:44,VEHICLE_00432,LOCATION_0039,ANPR,TOLL_PLAZA,0.95
VEVENT_005661,2025-06-12 20:21:11,VEHICLE_00507,LOCATION_0138,TOLL,ANPR_CAMERA,0.93
VEVENT_005662,2024-08-08 09:33:59,VEHICLE_00686,LOCATION_0213,ANPR,ANPR_CAMERA,0.94
VEVENT_005663,2026-01-31 08:23:54,VEHICLE_00736,LOCATION_0205,TOLL,TOLL_PLAZA,0.81
VEVENT_005664,2024-12-03 02:24:54,VEHICLE_00734,LOCATION_0276,TOLL,ANPR_CAMERA,0.96
VEVENT_005665,2024-04-09 23:29:07,VEHICLE_00427,LOCATION_0227,CHECKPOINT,TOLL_PLAZA,0.96
VEVENT_005666,2025-12-15 16:16:02,VEHICLE_00387,LOCATION_0131,ANPR,POLICE_CHECKPOINT,0.94
VEVENT_005667,2025-03-12 13:21:02,VEHICLE_00402,LOCATION_0182,ANPR,ANPR_CAMERA,0.85
VEVENT_005668,2025-11-03 07:04:49,VEHICLE_00179,LOCATION_0027,TOLL,ANPR_CAMERA,0.92
VEVENT_005669,2025-07-16 23:57:00,VEHICLE_00039,LOCATION_0158,SURVEILLANCE,FIELD_SURVEILLANCE,0.96
VEVENT_005670,2025-09-06 12:08:39,VEHICLE_00131,LOCATION_0203,CHECKPOINT,FIELD_SURVEILLANCE,0.81
VEVENT_005671,2024-11-19 06:22:26,VEHICLE_00484,LOCATION_0039,ANPR,ANPR_CAMERA,0.85
VEVENT_005672,2024-07-16 08:57:26,VEHICLE_00480,LOCATION_0014,TOLL,POLICE_CHECKPOINT,0.8
VEVENT_005673,2024-11-27 14:38:58,VEHICLE_00751,LOCATION_0198,TOLL,FIELD_SURVEILLANCE,0.86
VEVENT_005674,2025-11-02 05:39:55,VEHICLE_00501,LOCATION_0003,TOLL,ANPR_CAMERA,0.85
VEVENT_005675,2025-02-04 15:55:50,VEHICLE_00434,LOCATION_0259,TOLL,FIELD_SURVEILLANCE,0.96
VEVENT_005676,2026-05-12 07:47:40,VEHICLE_00025,LOCATION_0169,SURVEILLANCE,ANPR_CAMERA,0.97
VEVENT_005677,2025-05-22 03:44:26,VEHICLE_00122,LOCATION_0010,SURVEILLANCE,POLICE_CHECKPOINT,0.8
VEVENT_005678,2026-01-06 23:19:34,VEHICLE_00243,LOCATION_0164,CHECKPOINT,POLICE_CHECKPOINT,0.9
VEVENT_005679,2025-08-09 16:05:08,VEHICLE_00390,LOCATION_0100,ANPR,POLICE_CHECKPOINT,0.95
VEVENT_005680,2025-11-07 12:45:04,VEHICLE_00053,LOCATION_0238,TOLL,FIELD_SURVEILLANCE,0.92
VEVENT_005681,2024-04-30 02:33:58,VEHICLE_00448,LOCATION_0282,SURVEILLANCE,TOLL_PLAZA,0.9
VEVENT_005682,2026-02-17 02:56:00,VEHICLE_00591,LOCATION_0094,SURVEILLANCE,FIELD_SURVEILLANCE,0.82
VEVENT_005683,2024-03-23 00:01:36,VEHICLE_00249,LOCATION_0194,CHECKPOINT,POLICE_CHECKPOINT,0.87
VEVENT_005684,2026-04-02 19:51:26,VEHICLE_00485,LOCATION_0066,TOLL,POLICE_CHECKPOINT,0.84
VEVENT_005685,2024-03-15 10:10:33,VEHICLE_00009,LOCATION_0099,SURVEILLANCE,ANPR_CAMERA,0.93
VEVENT_005686,2024-08-11 02:05:51,VEHICLE_00438,LOCATION_0237,ANPR,POLICE_CHECKPOINT,0.82
VEVENT_005687,2026-04-05 14:10:42,VEHICLE_00418,LOCATION_0184,ANPR,ANPR_CAMERA,0.9
VEVENT_005688,2024-02-28 11:05:21,VEHICLE_00444,LOCATION_0099,SURVEILLANCE,POLICE_CHECKPOINT,0.81
VEVENT_005689,2026-03-09 05:09:54,VEHICLE_00306,LOCATION_0067,SURVEILLANCE,FIELD_SURVEILLANCE,0.86
VEVENT_005690,2024-10-19 22:30:19,VEHICLE_00491,LOCATION_0240,CHECKPOINT,ANPR_CAMERA,0.93
VEVENT_005691,2024-07-04 08:51:28,VEHICLE_00745,LOCATION_0125,SURVEILLANCE,TOLL_PLAZA,0.94
VEVENT_005692,2024-09-13 19:09:25,VEHICLE_00005,LOCATION_0105,CHECKPOINT,ANPR_CAMERA,0.85
VEVENT_005693,2024-11-10 05:28:56,VEHICLE_00562,LOCATION_0080,SURVEILLANCE,POLICE_CHECKPOINT,0.9
VEVENT_005694,2025-12-28 06:26:09,VEHICLE_00509,LOCATION_0062,CHECKPOINT,FIELD_SURVEILLANCE,0.84
VEVENT_005695,2026-02-07 09:30:36,VEHICLE_00756,LOCATION_0259,SURVEILLANCE,FIELD_SURVEILLANCE,0.83
VEVENT_005696,2025-10-15 10:37:13,VEHICLE_00340,LOCATION_0166,TOLL,FIELD_SURVEILLANCE,0.94
VEVENT_005697,2024-03-15 09:21:06,VEHICLE_00159,LOCATION_0029,SURVEILLANCE,FIELD_SURVEILLANCE,0.96
VEVENT_005698,2025-12-02 05:56:18,VEHICLE_00442,LOCATION_0252,CHECKPOINT,FIELD_SURVEILLANCE,0.8
VEVENT_005699,2026-01-03 14:03:42,VEHICLE_00654,LOCATION_0276,TOLL,POLICE_CHECKPOINT,0.97
VEVENT_005700,2024-01-31 21:04:22,VEHICLE_00524,LOCATION_0066,ANPR,ANPR_CAMERA,0.81
VEVENT_005701,2025-01-29 19:52:10,VEHICLE_00256,LOCATION_0121,TOLL,ANPR_CAMERA,0.88
VEVENT_005702,2024-12-27 01:08:29,VEHICLE_00699,LOCATION_0242,SURVEILLANCE,FIELD_SURVEILLANCE,0.83
VEVENT_005703,2024-04-05 18:53:09,VEHICLE_00307,LOCATION_0269,CHECKPOINT,POLICE_CHECKPOINT,0.86
VEVENT_005704,2025-10-09 08:39:29,VEHICLE_00368,LOCATION_0123,ANPR,ANPR_CAMERA,0.92
VEVENT_005705,2025-05-13 05:45:33,VEHICLE_00393,LOCATION_0265,SURVEILLANCE,TOLL_PLAZA,0.81
VEVENT_005706,2026-04-02 04:36:23,VEHICLE_00385,LOCATION_0284,TOLL,POLICE_CHECKPOINT,0.91
VEVENT_005707,2025-10-25 03:17:31,VEHICLE_00293,LOCATION_0147,CHECKPOINT,TOLL_PLAZA,0.86
VEVENT_005708,2024-03-21 11:26:23,VEHICLE_00280,LOCATION_0091,SURVEILLANCE,ANPR_CAMERA,0.89
VEVENT_005709,2024-03-15 06:19:08,VEHICLE_00532,LOCATION_0115,ANPR,ANPR_CAMERA,0.86
VEVENT_005710,2024-05-28 13:41:19,VEHICLE_00326,LOCATION_0093,CHECKPOINT,TOLL_PLAZA,0.85
VEVENT_005711,2024-06-03 03:58:10,VEHICLE_00095,LOCATION_0236,CHECKPOINT,FIELD_SURVEILLANCE,0.87
VEVENT_005712,2024-12-03 09:15:12,VEHICLE_00053,LOCATION_0068,TOLL,FIELD_SURVEILLANCE,0.95
VEVENT_005713,2024-01-08 15:48:13,VEHICLE_00486,LOCATION_0011,CHECKPOINT,FIELD_SURVEILLANCE,0.93
VEVENT_005714,2024-03-09 18:09:49,VEHICLE_00110,LOCATION_0288,ANPR,POLICE_CHECKPOINT,0.94
VEVENT_005715,2025-12-22 08:21:48,VEHICLE_00049,LOCATION_0089,TOLL,TOLL_PLAZA,0.94
VEVENT_005716,2024-03-06 13:25:29,VEHICLE_00258,LOCATION_0146,CHECKPOINT,TOLL_PLAZA,0.8
VEVENT_005717,2025-10-23 02:27:41,VEHICLE_00410,LOCATION_0248,CHECKPOINT,FIELD_SURVEILLANCE,0.97
VEVENT_005718,2024-12-27 07:50:37,VEHICLE_00530,LOCATION_0154,SURVEILLANCE,TOLL_PLAZA,0.91
VEVENT_005719,2026-01-10 08:03:55,VEHICLE_00389,LOCATION_0107,ANPR,ANPR_CAMERA,0.94
VEVENT_005720,2024-09-15 12:31:05,VEHICLE_00021,LOCATION_0043,ANPR,POLICE_CHECKPOINT,0.95
VEVENT_005721,2025-07-06 09:34:31,VEHICLE_00624,LOCATION_0092,ANPR,ANPR_CAMERA,0.88
VEVENT_005722,2025-12-12 16:58:36,VEHICLE_00207,LOCATION_0219,ANPR,FIELD_SURVEILLANCE,0.95
VEVENT_005723,2024-11-02 12:18:43,VEHICLE_00323,LOCATION_0127,SURVEILLANCE,ANPR_CAMERA,0.88
VEVENT_005724,2024-04-10 16:54:57,VEHICLE_00198,LOCATION_0222,TOLL,POLICE_CHECKPOINT,0.92
VEVENT_005725,2024-04-30 00:20:02,VEHICLE_00742,LOCATION_0087,CHECKPOINT,TOLL_PLAZA,0.88
VEVENT_005726,2026-02-14 18:16:57,VEHICLE_00757,LOCATION_0294,CHECKPOINT,ANPR_CAMERA,0.82
VEVENT_005727,2024-02-05 13:07:55,VEHICLE_00521,LOCATION_0025,SURVEILLANCE,TOLL_PLAZA,0.81
VEVENT_005728,2026-06-17 14:39:19,VEHICLE_00283,LOCATION_0246,CHECKPOINT,TOLL_PLAZA,0.89
VEVENT_005729,2024-08-26 00:03:36,VEHICLE_00217,LOCATION_0291,CHECKPOINT,FIELD_SURVEILLANCE,0.92
VEVENT_005730,2025-06-30 14:11:42,VEHICLE_00585,LOCATION_0109,TOLL,TOLL_PLAZA,0.97
VEVENT_005731,2024-03-13 17:33:25,VEHICLE_00546,LOCATION_0039,SURVEILLANCE,TOLL_PLAZA,0.91
VEVENT_005732,2025-01-31 03:41:39,VEHICLE_00003,LOCATION_0205,CHECKPOINT,FIELD_SURVEILLANCE,0.84
VEVENT_005733,2026-06-27 07:33:45,VEHICLE_00039,LOCATION_0078,TOLL,ANPR_CAMERA,0.83
VEVENT_005734,2024-04-01 04:23:15,VEHICLE_00411,LOCATION_0271,TOLL,POLICE_CHECKPOINT,0.84
VEVENT_005735,2024-07-15 11:47:35,VEHICLE_00531,LOCATION_0242,SURVEILLANCE,POLICE_CHECKPOINT,0.88
VEVENT_005736,2024-09-18 09:23:00,VEHICLE_00757,LOCATION_0174,CHECKPOINT,FIELD_SURVEILLANCE,0.97
VEVENT_005737,2024-03-26 17:44:24,VEHICLE_00370,LOCATION_0041,SURVEILLANCE,POLICE_CHECKPOINT,0.89
VEVENT_005738,2024-04-29 09:55:20,VEHICLE_00359,LOCATION_0060,SURVEILLANCE,ANPR_CAMERA,0.91
VEVENT_005739,2025-08-09 08:28:30,VEHICLE_00322,LOCATION_0181,CHECKPOINT,ANPR_CAMERA,0.93
VEVENT_005740,2026-06-22 06:16:09,VEHICLE_00727,LOCATION_0143,SURVEILLANCE,ANPR_CAMERA,0.83
VEVENT_005741,2025-01-19 22:27:12,VEHICLE_00599,LOCATION_0001,TOLL,TOLL_PLAZA,0.95
VEVENT_005742,2025-03-23 16:10:24,VEHICLE_00530,LOCATION_0284,SURVEILLANCE,ANPR_CAMERA,0.82
VEVENT_005743,2025-02-18 00:35:16,VEHICLE_00160,LOCATION_0015,TOLL,ANPR_CAMERA,0.93
VEVENT_005744,2025-09-17 00:45:36,VEHICLE_00022,LOCATION_0092,CHECKPOINT,ANPR_CAMERA,0.92
VEVENT_005745,2026-03-13 06:29:19,VEHICLE_00137,LOCATION_0068,TOLL,ANPR_CAMERA,0.84
VEVENT_005746,2024-02-14 08:37:07,VEHICLE_00701,LOCATION_0297,CHECKPOINT,FIELD_SURVEILLANCE,0.83
VEVENT_005747,2025-06-07 21:58:53,VEHICLE_00060,LOCATION_0285,ANPR,TOLL_PLAZA,0.89
VEVENT_005748,2024-12-03 01:50:04,VEHICLE_00586,LOCATION_0269,ANPR,POLICE_CHECKPOINT,0.95
VEVENT_005749,2026-04-18 10:35:35,VEHICLE_00711,LOCATION_0229,SURVEILLANCE,TOLL_PLAZA,0.92
VEVENT_005750,2025-06-04 23:27:12,VEHICLE_00287,LOCATION_0086,TOLL,ANPR_CAMERA,0.84
VEVENT_005751,2025-06-30 02:29:17,VEHICLE_00478,LOCATION_0013,TOLL,TOLL_PLAZA,0.88
VEVENT_005752,2024-09-11 18:29:49,VEHICLE_00345,LOCATION_0193,CHECKPOINT,POLICE_CHECKPOINT,0.93
VEVENT_005753,2024-09-21 03:25:30,VEHICLE_00582,LOCATION_0146,TOLL,FIELD_SURVEILLANCE,0.91
VEVENT_005754,2024-02-22 01:36:29,VEHICLE_00741,LOCATION_0108,CHECKPOINT,POLICE_CHECKPOINT,0.96
VEVENT_005755,2025-11-08 21:30:47,VEHICLE_00075,LOCATION_0106,TOLL,TOLL_PLAZA,0.91
VEVENT_005756,2024-12-14 00:33:56,VEHICLE_00521,LOCATION_0035,TOLL,FIELD_SURVEILLANCE,0.94
VEVENT_005757,2025-08-26 01:07:51,VEHICLE_00336,LOCATION_0009,ANPR,ANPR_CAMERA,0.96
VEVENT_005758,2025-09-16 06:35:18,VEHICLE_00365,LOCATION_0017,CHECKPOINT,POLICE_CHECKPOINT,0.9
VEVENT_005759,2024-05-05 14:33:09,VEHICLE_00454,LOCATION_0251,SURVEILLANCE,TOLL_PLAZA,0.91
VEVENT_005760,2026-05-08 23:06:25,VEHICLE_00257,LOCATION_0083,CHECKPOINT,POLICE_CHECKPOINT,0.94
VEVENT_005761,2025-10-09 18:09:07,VEHICLE_00539,LOCATION_0281,ANPR,TOLL_PLAZA,0.82
VEVENT_005762,2024-09-09 01:39:47,VEHICLE_00342,LOCATION_0042,CHECKPOINT,TOLL_PLAZA,0.83
VEVENT_005763,2024-03-30 16:48:13,VEHICLE_00729,LOCATION_0145,ANPR,FIELD_SURVEILLANCE,0.95
VEVENT_005764,2024-07-24 16:12:06,VEHICLE_00332,LOCATION_0080,SURVEILLANCE,POLICE_CHECKPOINT,0.85
VEVENT_005765,2025-06-06 05:58:26,VEHICLE_00591,LOCATION_0024,ANPR,FIELD_SURVEILLANCE,0.81
VEVENT_005766,2024-06-05 10:15:30,VEHICLE_00387,LOCATION_0121,ANPR,TOLL_PLAZA,0.87
VEVENT_005767,2026-03-27 01:48:46,VEHICLE_00355,LOCATION_0149,ANPR,ANPR_CAMERA,0.87
VEVENT_005768,2025-07-16 00:29:04,VEHICLE_00277,LOCATION_0299,CHECKPOINT,ANPR_CAMERA,0.84
VEVENT_005769,2025-08-16 01:53:39,VEHICLE_00261,LOCATION_0291,SURVEILLANCE,POLICE_CHECKPOINT,0.92
VEVENT_005770,2024-09-11 05:46:36,VEHICLE_00138,LOCATION_0015,ANPR,TOLL_PLAZA,0.83
VEVENT_005771,2026-06-25 06:53:56,VEHICLE_00337,LOCATION_0293,TOLL,POLICE_CHECKPOINT,0.82
VEVENT_005772,2025-05-15 00:08:43,VEHICLE_00490,LOCATION_0108,CHECKPOINT,POLICE_CHECKPOINT,0.8
VEVENT_005773,2024-08-02 06:12:26,VEHICLE_00172,LOCATION_0272,CHECKPOINT,FIELD_SURVEILLANCE,0.88
VEVENT_005774,2025-04-16 19:49:47,VEHICLE_00024,LOCATION_0134,CHECKPOINT,ANPR_CAMERA,0.89
VEVENT_005775,2026-06-22 09:21:17,VEHICLE_00676,LOCATION_0211,ANPR,ANPR_CAMERA,0.89
VEVENT_005776,2025-02-21 03:41:21,VEHICLE_00001,LOCATION_0178,TOLL,POLICE_CHECKPOINT,0.88
VEVENT_005777,2025-03-01 11:15:51,VEHICLE_00746,LOCATION_0069,CHECKPOINT,TOLL_PLAZA,0.95
VEVENT_005778,2025-04-18 22:41:30,VEHICLE_00004,LOCATION_0072,TOLL,ANPR_CAMERA,0.95
VEVENT_005779,2025-06-15 10:28:58,VEHICLE_00437,LOCATION_0205,TOLL,POLICE_CHECKPOINT,0.86
VEVENT_005780,2024-08-07 16:20:58,VEHICLE_00206,LOCATION_0247,ANPR,TOLL_PLAZA,0.96
VEVENT_005781,2026-02-08 15:39:12,VEHICLE_00094,LOCATION_0194,SURVEILLANCE,TOLL_PLAZA,0.84
VEVENT_005782,2024-08-02 17:38:16,VEHICLE_00699,LOCATION_0122,SURVEILLANCE,FIELD_SURVEILLANCE,0.91
VEVENT_005783,2026-04-30 07:33:54,VEHICLE_00589,LOCATION_0026,CHECKPOINT,FIELD_SURVEILLANCE,0.96
VEVENT_005784,2024-08-17 20:20:37,VEHICLE_00743,LOCATION_0184,TOLL,FIELD_SURVEILLANCE,0.9
VEVENT_005785,2024-12-20 02:35:26,VEHICLE_00364,LOCATION_0192,TOLL,FIELD_SURVEILLANCE,0.94
VEVENT_005786,2025-04-27 14:45:22,VEHICLE_00514,LOCATION_0060,SURVEILLANCE,ANPR_CAMERA,0.89
VEVENT_005787,2024-02-23 09:34:59,VEHICLE_00016,LOCATION_0173,CHECKPOINT,FIELD_SURVEILLANCE,0.97
VEVENT_005788,2024-10-05 02:35:19,VEHICLE_00689,LOCATION_0110,CHECKPOINT,ANPR_CAMERA,0.96
VEVENT_005789,2024-07-05 16:33:45,VEHICLE_00652,LOCATION_0009,TOLL,FIELD_SURVEILLANCE,0.92
VEVENT_005790,2024-04-01 00:33:31,VEHICLE_00490,LOCATION_0128,ANPR,ANPR_CAMERA,0.92
VEVENT_005791,2024-08-02 19:55:34,VEHICLE_00681,LOCATION_0140,SURVEILLANCE,TOLL_PLAZA,0.9
VEVENT_005792,2024-05-19 03:46:16,VEHICLE_00718,LOCATION_0021,TOLL,ANPR_CAMERA,0.81
VEVENT_005793,2026-05-26 15:18:30,VEHICLE_00344,LOCATION_0082,ANPR,POLICE_CHECKPOINT,0.89
VEVENT_005794,2024-12-15 16:40:07,VEHICLE_00084,LOCATION_0010,SURVEILLANCE,FIELD_SURVEILLANCE,0.95
VEVENT_005795,2026-03-19 13:18:48,VEHICLE_00370,LOCATION_0061,TOLL,ANPR_CAMERA,0.89
VEVENT_005796,2025-08-23 03:40:45,VEHICLE_00221,LOCATION_0077,SURVEILLANCE,POLICE_CHECKPOINT,0.87
VEVENT_005797,2024-06-02 21:10:37,VEHICLE_00021,LOCATION_0123,SURVEILLANCE,FIELD_SURVEILLANCE,0.82
VEVENT_005798,2026-04-30 06:07:33,VEHICLE_00001,LOCATION_0098,TOLL,TOLL_PLAZA,0.91
VEVENT_005799,2026-05-17 18:54:45,VEHICLE_00539,LOCATION_0101,CHECKPOINT,ANPR_CAMERA,0.83
VEVENT_005800,2025-12-24 10:36:18,VEHICLE_00181,LOCATION_0286,TOLL,FIELD_SURVEILLANCE,0.94
VEVENT_005801,2024-05-02 14:06:37,VEHICLE_00367,LOCATION_0259,ANPR,FIELD_SURVEILLANCE,0.94
VEVENT_005802,2024-08-27 02:53:29,VEHICLE_00326,LOCATION_0153,SURVEILLANCE,ANPR_CAMERA,0.85
VEVENT_005803,2025-03-04 02:21:25,VEHICLE_00475,LOCATION_0034,TOLL,POLICE_CHECKPOINT,0.89
VEVENT_005804,2024-06-06 03:22:57,VEHICLE_00073,LOCATION_0269,CHECKPOINT,TOLL_PLAZA,0.89
VEVENT_005805,2024-02-12 16:53:34,VEHICLE_00106,LOCATION_0241,TOLL,ANPR_CAMERA,0.8
VEVENT_005806,2025-08-09 10:50:00,VEHICLE_00028,LOCATION_0168,CHECKPOINT,FIELD_SURVEILLANCE,0.85
VEVENT_005807,2024-08-12 17:01:29,VEHICLE_00157,LOCATION_0126,SURVEILLANCE,ANPR_CAMERA,0.92
VEVENT_005808,2025-04-17 01:56:45,VEHICLE_00637,LOCATION_0282,TOLL,POLICE_CHECKPOINT,0.87
VEVENT_005809,2024-08-20 21:51:27,VEHICLE_00301,LOCATION_0061,TOLL,POLICE_CHECKPOINT,0.81
VEVENT_005810,2025-07-03 10:26:17,VEHICLE_00589,LOCATION_0106,TOLL,TOLL_PLAZA,0.96
VEVENT_005811,2024-08-16 07:22:15,VEHICLE_00001,LOCATION_0158,CHECKPOINT,TOLL_PLAZA,0.84
VEVENT_005812,2025-02-27 21:07:43,VEHICLE_00091,LOCATION_0015,TOLL,POLICE_CHECKPOINT,0.91
VEVENT_005813,2026-03-06 15:06:27,VEHICLE_00482,LOCATION_0066,SURVEILLANCE,ANPR_CAMERA,0.83
VEVENT_005814,2024-04-08 21:10:01,VEHICLE_00470,LOCATION_0116,ANPR,TOLL_PLAZA,0.89
VEVENT_005815,2024-02-05 07:28:15,VEHICLE_00739,LOCATION_0224,TOLL,TOLL_PLAZA,0.93
VEVENT_005816,2026-06-27 07:19:17,VEHICLE_00496,LOCATION_0188,TOLL,FIELD_SURVEILLANCE,0.94
VEVENT_005817,2024-08-21 09:03:46,VEHICLE_00619,LOCATION_0162,TOLL,FIELD_SURVEILLANCE,0.91
VEVENT_005818,2024-08-29 12:58:36,VEHICLE_00040,LOCATION_0269,TOLL,ANPR_CAMERA,0.95
VEVENT_005819,2026-06-06 08:20:45,VEHICLE_00273,LOCATION_0060,ANPR,FIELD_SURVEILLANCE,0.92
VEVENT_005820,2025-10-12 07:34:23,VEHICLE_00409,LOCATION_0100,CHECKPOINT,ANPR_CAMERA,0.82
VEVENT_005821,2025-06-20 08:13:59,VEHICLE_00289,LOCATION_0238,TOLL,FIELD_SURVEILLANCE,0.86
VEVENT_005822,2025-04-27 02:04:28,VEHICLE_00196,LOCATION_0193,SURVEILLANCE,TOLL_PLAZA,0.86
VEVENT_005823,2025-09-21 22:33:57,VEHICLE_00431,LOCATION_0065,CHECKPOINT,TOLL_PLAZA,0.97
VEVENT_005824,2026-03-02 03:07:18,VEHICLE_00439,LOCATION_0129,ANPR,ANPR_CAMERA,0.88
VEVENT_005825,2025-10-15 08:26:28,VEHICLE_00020,LOCATION_0160,SURVEILLANCE,POLICE_CHECKPOINT,0.92
VEVENT_005826,2024-11-14 02:45:46,VEHICLE_00013,LOCATION_0100,SURVEILLANCE,TOLL_PLAZA,0.91
VEVENT_005827,2024-04-03 01:56:35,VEHICLE_00557,LOCATION_0211,ANPR,FIELD_SURVEILLANCE,0.93
VEVENT_005828,2026-06-03 06:40:35,VEHICLE_00432,LOCATION_0129,TOLL,TOLL_PLAZA,0.89
VEVENT_005829,2024-01-06 14:26:58,VEHICLE_00166,LOCATION_0160,ANPR,ANPR_CAMERA,0.93
VEVENT_005830,2025-06-14 11:43:52,VEHICLE_00540,LOCATION_0299,TOLL,TOLL_PLAZA,0.91
VEVENT_005831,2024-12-16 22:43:35,VEHICLE_00591,LOCATION_0094,SURVEILLANCE,FIELD_SURVEILLANCE,0.85
VEVENT_005832,2024-08-07 22:10:26,VEHICLE_00454,LOCATION_0251,TOLL,FIELD_SURVEILLANCE,0.9
VEVENT_005833,2025-10-19 10:53:29,VEHICLE_00374,LOCATION_0206,SURVEILLANCE,ANPR_CAMERA,0.86
VEVENT_005834,2025-01-18 17:29:45,VEHICLE_00122,LOCATION_0050,SURVEILLANCE,TOLL_PLAZA,0.84
VEVENT_005835,2025-07-21 20:11:40,VEHICLE_00144,LOCATION_0069,ANPR,TOLL_PLAZA,0.82
VEVENT_005836,2024-10-16 06:57:31,VEHICLE_00689,LOCATION_0280,CHECKPOINT,POLICE_CHECKPOINT,0.83
VEVENT_005837,2024-12-10 08:16:22,VEHICLE_00531,LOCATION_0252,TOLL,FIELD_SURVEILLANCE,0.96
VEVENT_005838,2025-07-06 06:10:17,VEHICLE_00054,LOCATION_0200,ANPR,POLICE_CHECKPOINT,0.93
VEVENT_005839,2024-06-10 20:16:24,VEHICLE_00187,LOCATION_0185,ANPR,POLICE_CHECKPOINT,0.96
VEVENT_005840,2026-04-30 04:31:45,VEHICLE_00327,LOCATION_0014,ANPR,ANPR_CAMERA,0.96
VEVENT_005841,2025-04-20 14:11:32,VEHICLE_00535,LOCATION_0238,CHECKPOINT,POLICE_CHECKPOINT,0.89
VEVENT_005842,2024-12-04 21:14:40,VEHICLE_00653,LOCATION_0104,SURVEILLANCE,FIELD_SURVEILLANCE,0.85
VEVENT_005843,2025-03-31 08:10:25,VEHICLE_00201,LOCATION_0201,TOLL,POLICE_CHECKPOINT,0.96
VEVENT_005844,2026-04-20 18:49:14,VEHICLE_00070,LOCATION_0079,SURVEILLANCE,FIELD_SURVEILLANCE,0.94
VEVENT_005845,2025-03-11 18:52:22,VEHICLE_00327,LOCATION_0184,ANPR,FIELD_SURVEILLANCE,0.93
VEVENT_005846,2025-09-30 01:29:10,VEHICLE_00686,LOCATION_0113,TOLL,TOLL_PLAZA,0.93
VEVENT_005847,2024-09-20 09:03:04,VEHICLE_00046,LOCATION_0102,ANPR,POLICE_CHECKPOINT,0.82
VEVENT_005848,2025-06-25 11:49:19,VEHICLE_00284,LOCATION_0035,CHECKPOINT,POLICE_CHECKPOINT,0.89
VEVENT_005849,2025-04-15 14:57:02,VEHICLE_00413,LOCATION_0149,SURVEILLANCE,POLICE_CHECKPOINT,0.87
VEVENT_005850,2024-11-21 11:56:19,VEHICLE_00638,LOCATION_0038,CHECKPOINT,ANPR_CAMERA,0.81
VEVENT_005851,2024-09-03 08:41:31,VEHICLE_00074,LOCATION_0270,SURVEILLANCE,FIELD_SURVEILLANCE,0.96
VEVENT_005852,2024-09-21 03:19:32,VEHICLE_00147,LOCATION_0098,SURVEILLANCE,ANPR_CAMERA,0.95
VEVENT_005853,2024-03-31 18:52:45,VEHICLE_00207,LOCATION_0219,CHECKPOINT,FIELD_SURVEILLANCE,0.89
VEVENT_005854,2024-12-22 23:51:31,VEHICLE_00315,LOCATION_0183,ANPR,ANPR_CAMERA,0.8
VEVENT_005855,2024-08-24 11:34:49,VEHICLE_00087,LOCATION_0118,ANPR,ANPR_CAMERA,0.83
VEVENT_005856,2026-03-27 00:22:14,VEHICLE_00197,LOCATION_0285,ANPR,TOLL_PLAZA,0.92
VEVENT_005857,2025-08-07 15:43:31,VEHICLE_00233,LOCATION_0049,TOLL,FIELD_SURVEILLANCE,0.88
VEVENT_005858,2024-07-16 22:39:17,VEHICLE_00519,LOCATION_0172,TOLL,POLICE_CHECKPOINT,0.93
VEVENT_005859,2024-02-11 03:54:51,VEHICLE_00253,LOCATION_0084,SURVEILLANCE,POLICE_CHECKPOINT,0.81
VEVENT_005860,2025-12-31 18:02:22,VEHICLE_00313,LOCATION_0076,TOLL,TOLL_PLAZA,0.96
VEVENT_005861,2024-04-27 15:42:26,VEHICLE_00539,LOCATION_0001,CHECKPOINT,ANPR_CAMERA,0.91
VEVENT_005862,2025-02-13 19:08:14,VEHICLE_00317,LOCATION_0064,TOLL,FIELD_SURVEILLANCE,0.94
VEVENT_005863,2025-01-09 10:15:56,VEHICLE_00148,LOCATION_0026,ANPR,POLICE_CHECKPOINT,0.86
VEVENT_005864,2025-04-25 23:13:32,VEHICLE_00020,LOCATION_0140,CHECKPOINT,POLICE_CHECKPOINT,0.89
VEVENT_005865,2025-10-30 23:01:06,VEHICLE_00743,LOCATION_0044,ANPR,FIELD_SURVEILLANCE,0.81
VEVENT_005866,2024-01-29 02:33:56,VEHICLE_00186,LOCATION_0216,SURVEILLANCE,TOLL_PLAZA,0.91
VEVENT_005867,2024-12-12 18:23:58,VEHICLE_00408,LOCATION_0048,TOLL,ANPR_CAMERA,0.95
VEVENT_005868,2025-04-24 22:03:49,VEHICLE_00375,LOCATION_0203,CHECKPOINT,TOLL_PLAZA,0.89
VEVENT_005869,2026-04-25 22:39:00,VEHICLE_00028,LOCATION_0188,CHECKPOINT,ANPR_CAMERA,0.91
VEVENT_005870,2026-02-21 16:53:58,VEHICLE_00148,LOCATION_0126,TOLL,ANPR_CAMERA,0.91
VEVENT_005871,2025-06-04 13:56:23,VEHICLE_00415,LOCATION_0296,ANPR,ANPR_CAMERA,0.88
VEVENT_005872,2025-05-02 21:02:47,VEHICLE_00384,LOCATION_0076,ANPR,ANPR_CAMERA,0.95
VEVENT_005873,2025-07-20 07:30:58,VEHICLE_00178,LOCATION_0206,ANPR,POLICE_CHECKPOINT,0.81
VEVENT_005874,2024-02-01 09:32:57,VEHICLE_00476,LOCATION_0049,SURVEILLANCE,ANPR_CAMERA,0.81
VEVENT_005875,2025-12-01 15:09:29,VEHICLE_00529,LOCATION_0087,TOLL,POLICE_CHECKPOINT,0.89
VEVENT_005876,2026-05-24 18:47:04,VEHICLE_00204,LOCATION_0085,ANPR,FIELD_SURVEILLANCE,0.83
VEVENT_005877,2025-07-21 05:52:05,VEHICLE_00587,LOCATION_0080,TOLL,ANPR_CAMERA,0.84
VEVENT_005878,2026-06-11 15:40:13,VEHICLE_00673,LOCATION_0256,SURVEILLANCE,FIELD_SURVEILLANCE,0.93
VEVENT_005879,2024-01-05 20:46:16,VEHICLE_00001,LOCATION_0278,SURVEILLANCE,TOLL_PLAZA,0.91
VEVENT_005880,2026-03-05 05:04:35,VEHICLE_00287,LOCATION_0296,TOLL,FIELD_SURVEILLANCE,0.81
VEVENT_005881,2025-12-11 16:48:54,VEHICLE_00759,LOCATION_0153,TOLL,FIELD_SURVEILLANCE,0.93
VEVENT_005882,2026-06-13 22:53:56,VEHICLE_00569,LOCATION_0004,TOLL,FIELD_SURVEILLANCE,0.97
VEVENT_005883,2025-03-18 09:48:53,VEHICLE_00655,LOCATION_0169,CHECKPOINT,POLICE_CHECKPOINT,0.93
VEVENT_005884,2025-09-05 22:56:37,VEHICLE_00115,LOCATION_0014,SURVEILLANCE,ANPR_CAMERA,0.94
VEVENT_005885,2024-08-30 00:46:10,VEHICLE_00478,LOCATION_0233,CHECKPOINT,ANPR_CAMERA,0.87
VEVENT_005886,2025-06-03 16:39:07,VEHICLE_00537,LOCATION_0031,TOLL,TOLL_PLAZA,0.91
VEVENT_005887,2026-06-12 14:25:07,VEHICLE_00431,LOCATION_0165,ANPR,TOLL_PLAZA,0.89
VEVENT_005888,2026-06-21 19:53:23,VEHICLE_00045,LOCATION_0009,ANPR,TOLL_PLAZA,0.92
VEVENT_005889,2024-05-18 10:49:18,VEHICLE_00376,LOCATION_0275,ANPR,POLICE_CHECKPOINT,0.96
VEVENT_005890,2024-07-08 01:31:43,VEHICLE_00589,LOCATION_0146,ANPR,POLICE_CHECKPOINT,0.95
VEVENT_005891,2026-01-09 18:12:28,VEHICLE_00182,LOCATION_0104,ANPR,FIELD_SURVEILLANCE,0.83
VEVENT_005892,2025-07-16 16:16:33,VEHICLE_00522,LOCATION_0028,TOLL,FIELD_SURVEILLANCE,0.88
VEVENT_005893,2026-01-22 18:36:20,VEHICLE_00090,LOCATION_0056,TOLL,TOLL_PLAZA,0.84
VEVENT_005894,2024-04-15 01:31:49,VEHICLE_00741,LOCATION_0168,CHECKPOINT,POLICE_CHECKPOINT,0.86
VEVENT_005895,2026-02-08 11:41:56,VEHICLE_00353,LOCATION_0274,SURVEILLANCE,TOLL_PLAZA,0.96
VEVENT_005896,2024-09-15 04:33:15,VEHICLE_00378,LOCATION_0200,SURVEILLANCE,ANPR_CAMERA,0.89
VEVENT_005897,2025-02-15 18:55:37,VEHICLE_00500,LOCATION_0300,SURVEILLANCE,POLICE_CHECKPOINT,0.85
VEVENT_005898,2025-02-12 12:26:13,VEHICLE_00123,LOCATION_0239,CHECKPOINT,TOLL_PLAZA,0.88
VEVENT_005899,2024-10-26 10:46:59,VEHICLE_00657,LOCATION_0211,CHECKPOINT,FIELD_SURVEILLANCE,0.89
VEVENT_005900,2026-06-18 10:51:49,VEHICLE_00642,LOCATION_0262,TOLL,POLICE_CHECKPOINT,0.85
VEVENT_005901,2026-04-18 06:10:08,VEHICLE_00685,LOCATION_0137,CHECKPOINT,POLICE_CHECKPOINT,0.8
VEVENT_005902,2024-10-15 03:00:50,VEHICLE_00629,LOCATION_0143,ANPR,TOLL_PLAZA,0.81
VEVENT_005903,2025-02-06 06:21:59,VEHICLE_00663,LOCATION_0137,TOLL,POLICE_CHECKPOINT,0.86
VEVENT_005904,2024-04-12 21:06:51,VEHICLE_00626,LOCATION_0106,CHECKPOINT,POLICE_CHECKPOINT,0.96
VEVENT_005905,2024-11-15 03:04:34,VEHICLE_00508,LOCATION_0202,TOLL,FIELD_SURVEILLANCE,0.86
VEVENT_005906,2026-04-04 05:19:54,VEHICLE_00305,LOCATION_0096,CHECKPOINT,ANPR_CAMERA,0.95
VEVENT_005907,2025-06-02 11:37:47,VEHICLE_00387,LOCATION_0181,TOLL,FIELD_SURVEILLANCE,0.85
VEVENT_005908,2024-07-08 15:31:19,VEHICLE_00013,LOCATION_0040,ANPR,POLICE_CHECKPOINT,0.93
VEVENT_005909,2024-09-10 08:47:45,VEHICLE_00428,LOCATION_0044,TOLL,POLICE_CHECKPOINT,0.93
VEVENT_005910,2024-07-05 01:36:05,VEHICLE_00132,LOCATION_0252,TOLL,FIELD_SURVEILLANCE,0.86
VEVENT_005911,2026-03-29 22:46:54,VEHICLE_00495,LOCATION_0282,TOLL,POLICE_CHECKPOINT,0.86
VEVENT_005912,2026-06-29 21:56:28,VEHICLE_00539,LOCATION_0091,SURVEILLANCE,FIELD_SURVEILLANCE,0.91
VEVENT_005913,2025-07-24 11:19:12,VEHICLE_00107,LOCATION_0279,CHECKPOINT,FIELD_SURVEILLANCE,0.87
VEVENT_005914,2024-03-04 10:01:48,VEHICLE_00175,LOCATION_0143,ANPR,POLICE_CHECKPOINT,0.87
VEVENT_005915,2024-04-19 06:26:31,VEHICLE_00575,LOCATION_0040,CHECKPOINT,POLICE_CHECKPOINT,0.9
VEVENT_005916,2025-07-03 07:08:01,VEHICLE_00340,LOCATION_0206,CHECKPOINT,ANPR_CAMERA,0.87
VEVENT_005917,2026-01-10 07:50:24,VEHICLE_00746,LOCATION_0129,SURVEILLANCE,FIELD_SURVEILLANCE,0.95
VEVENT_005918,2026-01-05 12:40:55,VEHICLE_00120,LOCATION_0226,TOLL,POLICE_CHECKPOINT,0.95
VEVENT_005919,2024-08-29 01:49:12,VEHICLE_00514,LOCATION_0210,TOLL,POLICE_CHECKPOINT,0.83
VEVENT_005920,2024-02-14 04:12:37,VEHICLE_00123,LOCATION_0239,ANPR,FIELD_SURVEILLANCE,0.81
VEVENT_005921,2024-05-28 06:27:40,VEHICLE_00449,LOCATION_0001,CHECKPOINT,POLICE_CHECKPOINT,0.81
VEVENT_005922,2025-02-05 23:53:19,VEHICLE_00583,LOCATION_0072,SURVEILLANCE,ANPR_CAMERA,0.94
VEVENT_005923,2026-04-07 05:14:56,VEHICLE_00750,LOCATION_0034,TOLL,ANPR_CAMERA,0.82
VEVENT_005924,2025-08-19 17:49:14,VEHICLE_00716,LOCATION_0168,ANPR,TOLL_PLAZA,0.87
VEVENT_005925,2026-06-09 07:28:38,VEHICLE_00540,LOCATION_0149,SURVEILLANCE,POLICE_CHECKPOINT,0.9
VEVENT_005926,2024-03-07 21:55:13,VEHICLE_00605,LOCATION_0105,ANPR,ANPR_CAMERA,0.92
VEVENT_005927,2024-09-30 02:30:58,VEHICLE_00184,LOCATION_0004,CHECKPOINT,FIELD_SURVEILLANCE,0.87
VEVENT_005928,2024-09-07 16:25:35,VEHICLE_00609,LOCATION_0038,ANPR,POLICE_CHECKPOINT,0.86
VEVENT_005929,2025-08-20 19:19:49,VEHICLE_00195,LOCATION_0143,TOLL,TOLL_PLAZA,0.82
VEVENT_005930,2025-05-27 02:06:51,VEHICLE_00304,LOCATION_0179,SURVEILLANCE,FIELD_SURVEILLANCE,0.85
VEVENT_005931,2025-11-15 01:58:29,VEHICLE_00419,LOCATION_0164,SURVEILLANCE,POLICE_CHECKPOINT,0.85
VEVENT_005932,2025-12-11 11:05:53,VEHICLE_00224,LOCATION_0175,ANPR,FIELD_SURVEILLANCE,0.87
VEVENT_005933,2025-04-19 12:42:59,VEHICLE_00249,LOCATION_0164,TOLL,TOLL_PLAZA,0.81
VEVENT_005934,2026-02-19 23:15:13,VEHICLE_00712,LOCATION_0260,ANPR,TOLL_PLAZA,0.83
VEVENT_005935,2024-06-25 03:44:01,VEHICLE_00283,LOCATION_0196,SURVEILLANCE,FIELD_SURVEILLANCE,0.82
VEVENT_005936,2025-07-19 00:08:16,VEHICLE_00414,LOCATION_0144,ANPR,ANPR_CAMERA,0.96
VEVENT_005937,2026-02-16 09:24:34,VEHICLE_00445,LOCATION_0004,ANPR,TOLL_PLAZA,0.92
VEVENT_005938,2026-03-08 04:36:50,VEHICLE_00382,LOCATION_0083,CHECKPOINT,FIELD_SURVEILLANCE,0.86
VEVENT_005939,2024-02-21 05:10:28,VEHICLE_00155,LOCATION_0175,ANPR,TOLL_PLAZA,0.87
VEVENT_005940,2025-02-25 07:47:41,VEHICLE_00494,LOCATION_0083,CHECKPOINT,ANPR_CAMERA,0.85
VEVENT_005941,2024-01-28 19:22:39,VEHICLE_00574,LOCATION_0174,CHECKPOINT,FIELD_SURVEILLANCE,0.9
VEVENT_005942,2026-05-11 04:46:45,VEHICLE_00129,LOCATION_0207,SURVEILLANCE,POLICE_CHECKPOINT,0.95
VEVENT_005943,2025-05-11 14:34:14,VEHICLE_00532,LOCATION_0265,ANPR,POLICE_CHECKPOINT,0.96
VEVENT_005944,2024-02-22 13:15:05,VEHICLE_00322,LOCATION_0251,SURVEILLANCE,FIELD_SURVEILLANCE,0.86
VEVENT_005945,2024-02-15 07:24:11,VEHICLE_00136,LOCATION_0067,CHECKPOINT,POLICE_CHECKPOINT,0.93
VEVENT_005946,2026-01-22 11:39:50,VEHICLE_00398,LOCATION_0294,CHECKPOINT,TOLL_PLAZA,0.93
VEVENT_005947,2025-12-31 06:58:53,VEHICLE_00512,LOCATION_0003,CHECKPOINT,ANPR_CAMERA,0.81
VEVENT_005948,2025-03-23 21:10:43,VEHICLE_00464,LOCATION_0207,SURVEILLANCE,FIELD_SURVEILLANCE,0.86
VEVENT_005949,2025-12-13 21:50:24,VEHICLE_00518,LOCATION_0125,SURVEILLANCE,FIELD_SURVEILLANCE,0.93
VEVENT_005950,2025-12-22 20:41:37,VEHICLE_00492,LOCATION_0092,TOLL,TOLL_PLAZA,0.83
VEVENT_005951,2026-05-10 15:51:04,VEHICLE_00704,LOCATION_0095,TOLL,POLICE_CHECKPOINT,0.83
VEVENT_005952,2024-09-07 04:30:51,VEHICLE_00201,LOCATION_0031,TOLL,FIELD_SURVEILLANCE,0.85
VEVENT_005953,2025-11-19 13:54:35,VEHICLE_00398,LOCATION_0114,ANPR,TOLL_PLAZA,0.93
VEVENT_005954,2025-04-22 19:22:37,VEHICLE_00262,LOCATION_0157,TOLL,FIELD_SURVEILLANCE,0.96
VEVENT_005955,2024-11-20 00:36:08,VEHICLE_00281,LOCATION_0278,TOLL,POLICE_CHECKPOINT,0.95
VEVENT_005956,2026-04-13 16:05:57,VEHICLE_00396,LOCATION_0099,TOLL,POLICE_CHECKPOINT,0.92
VEVENT_005957,2025-10-26 07:20:59,VEHICLE_00341,LOCATION_0160,TOLL,ANPR_CAMERA,0.88
VEVENT_005958,2024-03-21 21:58:32,VEHICLE_00731,LOCATION_0168,TOLL,POLICE_CHECKPOINT,0.92
VEVENT_005959,2024-09-11 14:23:46,VEHICLE_00079,LOCATION_0194,CHECKPOINT,POLICE_CHECKPOINT,0.81
VEVENT_005960,2024-03-19 21:17:29,VEHICLE_00521,LOCATION_0045,CHECKPOINT,TOLL_PLAZA,0.82
VEVENT_005961,2024-11-13 12:58:04,VEHICLE_00449,LOCATION_0131,SURVEILLANCE,POLICE_CHECKPOINT,0.92
VEVENT_005962,2024-10-28 13:58:06,VEHICLE_00220,LOCATION_0077,CHECKPOINT,ANPR_CAMERA,0.97
VEVENT_005963,2025-04-10 19:43:25,VEHICLE_00501,LOCATION_0223,SURVEILLANCE,FIELD_SURVEILLANCE,0.83
VEVENT_005964,2025-12-27 12:17:35,VEHICLE_00297,LOCATION_0087,CHECKPOINT,FIELD_SURVEILLANCE,0.86
VEVENT_005965,2025-06-03 07:45:40,VEHICLE_00669,LOCATION_0178,CHECKPOINT,FIELD_SURVEILLANCE,0.94
VEVENT_005966,2024-02-12 16:49:59,VEHICLE_00631,LOCATION_0294,SURVEILLANCE,TOLL_PLAZA,0.85
VEVENT_005967,2024-06-12 21:45:53,VEHICLE_00322,LOCATION_0161,SURVEILLANCE,TOLL_PLAZA,0.8
VEVENT_005968,2024-10-06 03:34:05,VEHICLE_00064,LOCATION_0083,SURVEILLANCE,FIELD_SURVEILLANCE,0.83
VEVENT_005969,2025-01-30 04:18:31,VEHICLE_00142,LOCATION_0055,ANPR,POLICE_CHECKPOINT,0.93
VEVENT_005970,2024-05-20 00:26:10,VEHICLE_00039,LOCATION_0078,SURVEILLANCE,ANPR_CAMERA,0.89
VEVENT_005971,2025-06-05 10:43:50,VEHICLE_00175,LOCATION_0133,SURVEILLANCE,ANPR_CAMERA,0.85
VEVENT_005972,2025-05-27 03:47:56,VEHICLE_00008,LOCATION_0198,SURVEILLANCE,ANPR_CAMERA,0.82
VEVENT_005973,2025-05-20 09:26:33,VEHICLE_00067,LOCATION_0060,SURVEILLANCE,FIELD_SURVEILLANCE,0.82
VEVENT_005974,2024-11-07 02:48:17,VEHICLE_00741,LOCATION_0078,TOLL,TOLL_PLAZA,0.9
VEVENT_005975,2024-01-25 10:46:38,VEHICLE_00045,LOCATION_0059,TOLL,TOLL_PLAZA,0.91
VEVENT_005976,2025-03-21 12:21:00,VEHICLE_00514,LOCATION_0100,SURVEILLANCE,FIELD_SURVEILLANCE,0.82
VEVENT_005977,2024-02-02 14:00:36,VEHICLE_00635,LOCATION_0008,TOLL,FIELD_SURVEILLANCE,0.86
VEVENT_005978,2025-01-04 15:42:19,VEHICLE_00666,LOCATION_0261,CHECKPOINT,POLICE_CHECKPOINT,0.95
VEVENT_005979,2026-04-25 15:30:42,VEHICLE_00655,LOCATION_0229,CHECKPOINT,TOLL_PLAZA,0.87
VEVENT_005980,2025-02-06 20:39:07,VEHICLE_00714,LOCATION_0058,ANPR,ANPR_CAMERA,0.81
VEVENT_005981,2024-08-18 18:58:56,VEHICLE_00761,LOCATION_0216,CHECKPOINT,ANPR_CAMERA,0.91
VEVENT_005982,2024-09-17 06:51:19,VEHICLE_00065,LOCATION_0298,CHECKPOINT,FIELD_SURVEILLANCE,0.94
VEVENT_005983,2026-01-13 08:27:33,VEHICLE_00568,LOCATION_0036,SURVEILLANCE,FIELD_SURVEILLANCE,0.85
VEVENT_005984,2026-04-19 14:52:56,VEHICLE_00432,LOCATION_0179,ANPR,POLICE_CHECKPOINT,0.85
VEVENT_005985,2025-11-19 02:13:12,VEHICLE_00417,LOCATION_0040,TOLL,FIELD_SURVEILLANCE,0.84
VEVENT_005986,2024-05-28 12:27:11,VEHICLE_00608,LOCATION_0290,CHECKPOINT,TOLL_PLAZA,0.94
VEVENT_005987,2024-08-05 16:19:04,VEHICLE_00308,LOCATION_0029,SURVEILLANCE,POLICE_CHECKPOINT,0.85
VEVENT_005988,2024-08-17 17:29:03,VEHICLE_00533,LOCATION_0098,ANPR,POLICE_CHECKPOINT,0.89
VEVENT_005989,2024-06-17 04:13:56,VEHICLE_00437,LOCATION_0205,TOLL,FIELD_SURVEILLANCE,0.94
VEVENT_005990,2024-11-16 09:27:34,VEHICLE_00493,LOCATION_0064,CHECKPOINT,TOLL_PLAZA,0.8
VEVENT_005991,2025-03-16 13:37:24,VEHICLE_00318,LOCATION_0128,CHECKPOINT,FIELD_SURVEILLANCE,0.96
VEVENT_005992,2025-04-21 22:53:12,VEHICLE_00690,LOCATION_0186,TOLL,ANPR_CAMERA,0.84
VEVENT_005993,2026-02-04 19:14:19,VEHICLE_00554,LOCATION_0155,SURVEILLANCE,TOLL_PLAZA,0.95
VEVENT_005994,2025-01-27 18:58:53,VEHICLE_00715,LOCATION_0108,TOLL,TOLL_PLAZA,0.93
VEVENT_005995,2025-01-18 16:54:59,VEHICLE_00327,LOCATION_0214,TOLL,TOLL_PLAZA,0.95
VEVENT_005996,2025-06-16 07:36:34,VEHICLE_00323,LOCATION_0107,CHECKPOINT,POLICE_CHECKPOINT,0.89
VEVENT_005997,2025-01-06 04:33:57,VEHICLE_00141,LOCATION_0162,ANPR,FIELD_SURVEILLANCE,0.85
VEVENT_005998,2025-10-11 21:15:39,VEHICLE_00485,LOCATION_0106,TOLL,TOLL_PLAZA,0.89
VEVENT_005999,2024-02-28 19:09:43,VEHICLE_00393,LOCATION_0125,TOLL,TOLL_PLAZA,0.8
VEVENT_006000,2024-05-26 00:48:04,VEHICLE_00302,LOCATION_0104,TOLL,ANPR_CAMERA,0.93
VEVENT_006001,2024-02-29 08:00:26,VEHICLE_00256,LOCATION_0041,ANPR,ANPR_CAMERA,0.91
VEVENT_006002,2024-08-15 05:29:59,VEHICLE_00421,LOCATION_0028,ANPR,POLICE_CHECKPOINT,0.82
VEVENT_006003,2024-02-19 06:39:25,VEHICLE_00337,LOCATION_0263,ANPR,TOLL_PLAZA,0.82
VEVENT_006004,2024-05-20 10:59:51,VEHICLE_00514,LOCATION_0220,ANPR,ANPR_CAMERA,0.84
VEVENT_006005,2025-02-28 07:33:01,VEHICLE_00392,LOCATION_0237,ANPR,POLICE_CHECKPOINT,0.82
VEVENT_006006,2025-10-29 01:04:55,VEHICLE_00105,LOCATION_0226,ANPR,FIELD_SURVEILLANCE,0.86
VEVENT_006007,2024-07-22 08:13:25,VEHICLE_00657,LOCATION_0221,TOLL,ANPR_CAMERA,0.87
VEVENT_006008,2026-05-04 16:27:26,VEHICLE_00350,LOCATION_0069,ANPR,ANPR_CAMERA,0.85
VEVENT_006009,2025-08-09 10:06:17,VEHICLE_00595,LOCATION_0071,SURVEILLANCE,ANPR_CAMERA,0.83
VEVENT_006010,2024-10-04 09:55:20,VEHICLE_00720,LOCATION_0017,CHECKPOINT,ANPR_CAMERA,0.8
VEVENT_006011,2026-01-01 07:03:41,VEHICLE_00057,LOCATION_0163,CHECKPOINT,FIELD_SURVEILLANCE,0.93
VEVENT_006012,2024-10-10 11:21:24,VEHICLE_00130,LOCATION_0198,ANPR,FIELD_SURVEILLANCE,0.88
VEVENT_006013,2025-12-30 05:14:37,VEHICLE_00501,LOCATION_0213,CHECKPOINT,ANPR_CAMERA,0.83
VEVENT_006014,2024-03-16 10:29:39,VEHICLE_00124,LOCATION_0141,CHECKPOINT,POLICE_CHECKPOINT,0.85
VEVENT_006015,2024-08-06 17:50:34,VEHICLE_00404,LOCATION_0067,CHECKPOINT,FIELD_SURVEILLANCE,0.93
VEVENT_006016,2024-05-27 14:55:08,VEHICLE_00474,LOCATION_0027,CHECKPOINT,TOLL_PLAZA,0.82
VEVENT_006017,2024-03-20 15:52:57,VEHICLE_00222,LOCATION_0160,SURVEILLANCE,ANPR_CAMERA,0.8
VEVENT_006018,2026-05-28 02:27:24,VEHICLE_00492,LOCATION_0222,CHECKPOINT,TOLL_PLAZA,0.86
VEVENT_006019,2026-05-08 00:55:38,VEHICLE_00443,LOCATION_0095,CHECKPOINT,TOLL_PLAZA,0.84
VEVENT_006020,2025-05-18 08:50:01,VEHICLE_00060,LOCATION_0115,TOLL,POLICE_CHECKPOINT,0.91
VEVENT_006021,2026-01-08 09:10:33,VEHICLE_00622,LOCATION_0001,ANPR,ANPR_CAMERA,0.91
VEVENT_006022,2026-04-06 05:51:59,VEHICLE_00256,LOCATION_0241,ANPR,FIELD_SURVEILLANCE,0.88
VEVENT_006023,2024-04-03 07:04:09,VEHICLE_00416,LOCATION_0227,TOLL,FIELD_SURVEILLANCE,0.94
VEVENT_006024,2026-05-26 22:34:09,VEHICLE_00644,LOCATION_0094,ANPR,POLICE_CHECKPOINT,0.92
VEVENT_006025,2024-11-29 13:13:15,VEHICLE_00291,LOCATION_0217,CHECKPOINT,POLICE_CHECKPOINT,0.95
VEVENT_006026,2024-08-05 05:58:56,VEHICLE_00406,LOCATION_0228,ANPR,FIELD_SURVEILLANCE,0.88
VEVENT_006027,2024-10-06 15:59:56,VEHICLE_00256,LOCATION_0231,TOLL,FIELD_SURVEILLANCE,0.96
VEVENT_006028,2026-02-23 11:27:34,VEHICLE_00033,LOCATION_0063,ANPR,FIELD_SURVEILLANCE,0.8
VEVENT_006029,2025-04-11 11:28:26,VEHICLE_00155,LOCATION_0245,ANPR,POLICE_CHECKPOINT,0.89
VEVENT_006030,2025-05-16 17:51:14,VEHICLE_00387,LOCATION_0121,TOLL,TOLL_PLAZA,0.92
VEVENT_006031,2026-03-04 06:12:08,VEHICLE_00318,LOCATION_0008,TOLL,ANPR_CAMERA,0.96
VEVENT_006032,2024-08-11 06:48:40,VEHICLE_00384,LOCATION_0136,CHECKPOINT,POLICE_CHECKPOINT,0.87
VEVENT_006033,2024-10-16 16:04:35,VEHICLE_00248,LOCATION_0119,CHECKPOINT,ANPR_CAMERA,0.95
VEVENT_006034,2026-06-12 20:03:50,VEHICLE_00078,LOCATION_0127,ANPR,FIELD_SURVEILLANCE,0.95
VEVENT_006035,2026-01-21 16:27:13,VEHICLE_00756,LOCATION_0209,ANPR,FIELD_SURVEILLANCE,0.89
VEVENT_006036,2025-10-22 19:05:37,VEHICLE_00148,LOCATION_0186,CHECKPOINT,TOLL_PLAZA,0.96
VEVENT_006037,2025-12-17 15:18:40,VEHICLE_00251,LOCATION_0265,ANPR,TOLL_PLAZA,0.91
VEVENT_006038,2024-01-07 08:31:20,VEHICLE_00410,LOCATION_0278,ANPR,ANPR_CAMERA,0.85
VEVENT_006039,2025-03-11 14:57:13,VEHICLE_00474,LOCATION_0167,ANPR,POLICE_CHECKPOINT,0.94
VEVENT_006040,2025-01-19 04:44:55,VEHICLE_00065,LOCATION_0278,SURVEILLANCE,ANPR_CAMERA,0.94
VEVENT_006041,2026-04-03 04:52:30,VEHICLE_00526,LOCATION_0118,SURVEILLANCE,ANPR_CAMERA,0.84
VEVENT_006042,2025-06-21 11:31:05,VEHICLE_00728,LOCATION_0065,ANPR,TOLL_PLAZA,0.83
VEVENT_006043,2024-08-29 01:14:03,VEHICLE_00588,LOCATION_0110,ANPR,FIELD_SURVEILLANCE,0.8
VEVENT_006044,2025-05-31 15:04:37,VEHICLE_00175,LOCATION_0223,SURVEILLANCE,ANPR_CAMERA,0.92
VEVENT_006045,2025-11-25 19:47:40,VEHICLE_00158,LOCATION_0210,ANPR,FIELD_SURVEILLANCE,0.87
VEVENT_006046,2026-02-04 12:26:54,VEHICLE_00655,LOCATION_0069,TOLL,TOLL_PLAZA,0.95
VEVENT_006047,2024-05-24 16:45:01,VEHICLE_00249,LOCATION_0254,CHECKPOINT,POLICE_CHECKPOINT,0.89
VEVENT_006048,2024-05-11 12:25:05,VEHICLE_00299,LOCATION_0021,ANPR,ANPR_CAMERA,0.86
VEVENT_006049,2024-08-08 22:43:20,VEHICLE_00655,LOCATION_0249,TOLL,ANPR_CAMERA,0.94
VEVENT_006050,2025-04-26 05:14:24,VEHICLE_00738,LOCATION_0191,ANPR,ANPR_CAMERA,0.96
VEVENT_006051,2025-11-02 14:23:47,VEHICLE_00251,LOCATION_0145,TOLL,ANPR_CAMERA,0.83
VEVENT_006052,2025-12-14 23:22:34,VEHICLE_00043,LOCATION_0030,SURVEILLANCE,TOLL_PLAZA,0.93
VEVENT_006053,2026-04-18 00:18:10,VEHICLE_00585,LOCATION_0079,SURVEILLANCE,POLICE_CHECKPOINT,0.9
VEVENT_006054,2024-04-28 18:54:28,VEHICLE_00102,LOCATION_0107,SURVEILLANCE,ANPR_CAMERA,0.95
VEVENT_006055,2025-03-23 02:09:58,VEHICLE_00290,LOCATION_0226,SURVEILLANCE,ANPR_CAMERA,0.87
VEVENT_006056,2025-10-08 16:14:36,VEHICLE_00038,LOCATION_0073,SURVEILLANCE,POLICE_CHECKPOINT,0.91
VEVENT_006057,2025-03-01 21:16:45,VEHICLE_00328,LOCATION_0121,ANPR,TOLL_PLAZA,0.96
VEVENT_006058,2025-10-29 06:33:59,VEHICLE_00001,LOCATION_0108,SURVEILLANCE,ANPR_CAMERA,0.92
VEVENT_006059,2025-06-07 11:44:03,VEHICLE_00196,LOCATION_0103,CHECKPOINT,POLICE_CHECKPOINT,0.84
VEVENT_006060,2025-09-16 22:48:27,VEHICLE_00238,LOCATION_0191,TOLL,TOLL_PLAZA,0.82
VEVENT_006061,2026-05-13 13:43:56,VEHICLE_00421,LOCATION_0058,ANPR,ANPR_CAMERA,0.93
VEVENT_006062,2026-04-15 08:47:54,VEHICLE_00091,LOCATION_0035,TOLL,TOLL_PLAZA,0.85
VEVENT_006063,2025-11-05 00:11:20,VEHICLE_00008,LOCATION_0068,CHECKPOINT,ANPR_CAMERA,0.91
VEVENT_006064,2025-06-12 03:53:17,VEHICLE_00286,LOCATION_0153,CHECKPOINT,POLICE_CHECKPOINT,0.9
VEVENT_006065,2024-04-09 16:05:37,VEHICLE_00080,LOCATION_0295,TOLL,FIELD_SURVEILLANCE,0.88
VEVENT_006066,2025-12-16 21:40:52,VEHICLE_00262,LOCATION_0047,SURVEILLANCE,POLICE_CHECKPOINT,0.88
VEVENT_006067,2025-10-11 11:00:03,VEHICLE_00642,LOCATION_0052,CHECKPOINT,POLICE_CHECKPOINT,0.9
VEVENT_006068,2024-05-09 09:48:20,VEHICLE_00158,LOCATION_0110,CHECKPOINT,ANPR_CAMERA,0.89
VEVENT_006069,2025-04-07 12:41:49,VEHICLE_00105,LOCATION_0036,TOLL,FIELD_SURVEILLANCE,0.95
VEVENT_006070,2025-11-05 10:44:22,VEHICLE_00395,LOCATION_0146,SURVEILLANCE,FIELD_SURVEILLANCE,0.83
VEVENT_006071,2024-01-16 21:44:50,VEHICLE_00355,LOCATION_0089,TOLL,TOLL_PLAZA,0.93
VEVENT_006072,2024-03-26 23:08:50,VEHICLE_00026,LOCATION_0184,SURVEILLANCE,ANPR_CAMERA,0.83
VEVENT_006073,2025-06-15 05:58:07,VEHICLE_00332,LOCATION_0130,ANPR,TOLL_PLAZA,0.86
VEVENT_006074,2026-06-06 00:18:36,VEHICLE_00278,LOCATION_0280,TOLL,TOLL_PLAZA,0.97
VEVENT_006075,2024-03-20 21:31:09,VEHICLE_00129,LOCATION_0297,CHECKPOINT,FIELD_SURVEILLANCE,0.89
VEVENT_006076,2025-11-21 23:29:58,VEHICLE_00688,LOCATION_0289,CHECKPOINT,ANPR_CAMERA,0.9
VEVENT_006077,2024-12-20 06:56:28,VEHICLE_00607,LOCATION_0191,TOLL,TOLL_PLAZA,0.89
VEVENT_006078,2024-03-23 03:13:04,VEHICLE_00351,LOCATION_0230,ANPR,POLICE_CHECKPOINT,0.96
VEVENT_006079,2025-01-25 09:31:35,VEHICLE_00049,LOCATION_0009,TOLL,FIELD_SURVEILLANCE,0.95
VEVENT_006080,2026-02-15 14:08:04,VEHICLE_00080,LOCATION_0165,TOLL,ANPR_CAMERA,0.87
VEVENT_006081,2024-12-25 06:48:59,VEHICLE_00125,LOCATION_0203,CHECKPOINT,ANPR_CAMERA,0.95
VEVENT_006082,2024-06-19 18:58:44,VEHICLE_00311,LOCATION_0154,ANPR,FIELD_SURVEILLANCE,0.82
VEVENT_006083,2024-10-24 17:46:55,VEHICLE_00135,LOCATION_0267,SURVEILLANCE,TOLL_PLAZA,0.95
VEVENT_006084,2025-10-23 17:32:20,VEHICLE_00311,LOCATION_0054,ANPR,POLICE_CHECKPOINT,0.81
VEVENT_006085,2025-01-14 23:30:50,VEHICLE_00278,LOCATION_0300,TOLL,TOLL_PLAZA,0.83
VEVENT_006086,2026-05-08 15:51:42,VEHICLE_00733,LOCATION_0265,SURVEILLANCE,TOLL_PLAZA,0.8
VEVENT_006087,2024-04-04 15:41:30,VEHICLE_00749,LOCATION_0126,ANPR,FIELD_SURVEILLANCE,0.91
VEVENT_006088,2024-03-30 01:55:06,VEHICLE_00737,LOCATION_0276,CHECKPOINT,TOLL_PLAZA,0.85
VEVENT_006089,2024-09-24 08:54:09,VEHICLE_00276,LOCATION_0255,SURVEILLANCE,POLICE_CHECKPOINT,0.93
VEVENT_006090,2026-03-19 07:09:09,VEHICLE_00327,LOCATION_0064,ANPR,POLICE_CHECKPOINT,0.83
VEVENT_006091,2025-04-14 23:47:36,VEHICLE_00057,LOCATION_0203,CHECKPOINT,POLICE_CHECKPOINT,0.82
VEVENT_006092,2024-07-13 03:52:16,VEHICLE_00074,LOCATION_0180,SURVEILLANCE,TOLL_PLAZA,0.92
VEVENT_006093,2024-12-02 14:46:00,VEHICLE_00003,LOCATION_0295,CHECKPOINT,POLICE_CHECKPOINT,0.81
VEVENT_006094,2026-03-14 18:49:23,VEHICLE_00494,LOCATION_0223,SURVEILLANCE,TOLL_PLAZA,0.96
VEVENT_006095,2025-08-16 07:44:07,VEHICLE_00189,LOCATION_0233,TOLL,FIELD_SURVEILLANCE,0.82
VEVENT_006096,2025-11-26 07:42:03,VEHICLE_00480,LOCATION_0214,TOLL,TOLL_PLAZA,0.95
VEVENT_006097,2025-05-07 17:55:51,VEHICLE_00578,LOCATION_0153,TOLL,ANPR_CAMERA,0.89
VEVENT_006098,2026-03-09 01:14:17,VEHICLE_00709,LOCATION_0265,ANPR,POLICE_CHECKPOINT,0.89
VEVENT_006099,2026-05-06 22:35:28,VEHICLE_00247,LOCATION_0278,CHECKPOINT,TOLL_PLAZA,0.81
VEVENT_006100,2025-10-03 10:49:35,VEHICLE_00541,LOCATION_0130,TOLL,ANPR_CAMERA,0.86
VEVENT_006101,2026-02-26 00:04:35,VEHICLE_00433,LOCATION_0297,CHECKPOINT,POLICE_CHECKPOINT,0.92
VEVENT_006102,2024-06-10 06:24:29,VEHICLE_00230,LOCATION_0171,ANPR,FIELD_SURVEILLANCE,0.83
VEVENT_006103,2024-04-02 13:06:47,VEHICLE_00438,LOCATION_0287,TOLL,POLICE_CHECKPOINT,0.95
VEVENT_006104,2024-10-16 02:12:15,VEHICLE_00134,LOCATION_0114,CHECKPOINT,ANPR_CAMERA,0.83
VEVENT_006105,2024-04-11 10:40:51,VEHICLE_00447,LOCATION_0189,CHECKPOINT,FIELD_SURVEILLANCE,0.96
VEVENT_006106,2024-07-03 01:47:05,VEHICLE_00538,LOCATION_0252,TOLL,TOLL_PLAZA,0.83
VEVENT_006107,2024-05-26 02:06:03,VEHICLE_00489,LOCATION_0244,TOLL,POLICE_CHECKPOINT,0.87
VEVENT_006108,2024-01-14 06:41:50,VEHICLE_00760,LOCATION_0051,CHECKPOINT,TOLL_PLAZA,0.87
VEVENT_006109,2025-09-09 15:30:03,VEHICLE_00177,LOCATION_0144,SURVEILLANCE,FIELD_SURVEILLANCE,0.82
VEVENT_006110,2025-05-19 14:29:30,VEHICLE_00119,LOCATION_0092,TOLL,TOLL_PLAZA,0.9
VEVENT_006111,2024-09-16 15:27:15,VEHICLE_00659,LOCATION_0280,TOLL,ANPR_CAMERA,0.93
VEVENT_006112,2026-02-25 10:25:16,VEHICLE_00555,LOCATION_0159,SURVEILLANCE,TOLL_PLAZA,0.92
VEVENT_006113,2024-03-17 07:31:14,VEHICLE_00400,LOCATION_0063,SURVEILLANCE,ANPR_CAMERA,0.88
VEVENT_006114,2025-10-04 23:35:36,VEHICLE_00533,LOCATION_0028,ANPR,TOLL_PLAZA,0.92
VEVENT_006115,2025-03-28 03:52:16,VEHICLE_00624,LOCATION_0132,ANPR,ANPR_CAMERA,0.89
VEVENT_006116,2024-08-18 19:11:42,VEHICLE_00515,LOCATION_0172,TOLL,ANPR_CAMERA,0.91
VEVENT_006117,2025-12-04 10:42:02,VEHICLE_00207,LOCATION_0099,SURVEILLANCE,POLICE_CHECKPOINT,0.83
VEVENT_006118,2026-06-18 14:02:11,VEHICLE_00190,LOCATION_0118,CHECKPOINT,ANPR_CAMERA,0.89
VEVENT_006119,2024-05-12 18:06:52,VEHICLE_00603,LOCATION_0028,CHECKPOINT,TOLL_PLAZA,0.96
VEVENT_006120,2025-10-10 18:07:27,VEHICLE_00345,LOCATION_0263,TOLL,TOLL_PLAZA,0.84
VEVENT_006121,2024-12-19 21:36:08,VEHICLE_00514,LOCATION_0060,TOLL,POLICE_CHECKPOINT,0.82
VEVENT_006122,2024-12-18 13:08:09,VEHICLE_00392,LOCATION_0117,CHECKPOINT,TOLL_PLAZA,0.81
VEVENT_006123,2024-10-04 11:44:55,VEHICLE_00655,LOCATION_0179,TOLL,POLICE_CHECKPOINT,0.92
VEVENT_006124,2026-02-21 20:38:04,VEHICLE_00634,LOCATION_0104,CHECKPOINT,ANPR_CAMERA,0.96
VEVENT_006125,2026-01-29 16:01:27,VEHICLE_00458,LOCATION_0159,ANPR,ANPR_CAMERA,0.84
VEVENT_006126,2024-02-15 02:34:20,VEHICLE_00373,LOCATION_0187,SURVEILLANCE,ANPR_CAMERA,0.8
VEVENT_006127,2026-01-12 17:53:08,VEHICLE_00752,LOCATION_0248,SURVEILLANCE,FIELD_SURVEILLANCE,0.96
VEVENT_006128,2026-05-24 20:56:00,VEHICLE_00449,LOCATION_0211,TOLL,TOLL_PLAZA,0.86
VEVENT_006129,2024-08-20 14:12:03,VEHICLE_00173,LOCATION_0124,SURVEILLANCE,ANPR_CAMERA,0.86
VEVENT_006130,2025-06-26 23:32:57,VEHICLE_00719,LOCATION_0152,CHECKPOINT,POLICE_CHECKPOINT,0.82
VEVENT_006131,2024-02-01 16:19:00,VEHICLE_00198,LOCATION_0242,ANPR,ANPR_CAMERA,0.86
VEVENT_006132,2026-02-24 17:55:39,VEHICLE_00752,LOCATION_0088,ANPR,ANPR_CAMERA,0.81
VEVENT_006133,2025-11-06 05:22:12,VEHICLE_00490,LOCATION_0298,TOLL,TOLL_PLAZA,0.82
VEVENT_006134,2025-08-14 19:36:39,VEHICLE_00098,LOCATION_0287,TOLL,TOLL_PLAZA,0.86
VEVENT_006135,2025-05-17 19:41:35,VEHICLE_00110,LOCATION_0238,CHECKPOINT,ANPR_CAMERA,0.81
VEVENT_006136,2024-12-08 15:42:47,VEHICLE_00615,LOCATION_0028,CHECKPOINT,POLICE_CHECKPOINT,0.81
VEVENT_006137,2024-06-16 16:55:06,VEHICLE_00296,LOCATION_0080,CHECKPOINT,POLICE_CHECKPOINT,0.94
VEVENT_006138,2025-05-22 07:25:26,VEHICLE_00169,LOCATION_0161,CHECKPOINT,ANPR_CAMERA,0.85
VEVENT_006139,2025-01-17 17:56:00,VEHICLE_00213,LOCATION_0202,CHECKPOINT,TOLL_PLAZA,0.96
VEVENT_006140,2026-03-11 06:32:42,VEHICLE_00523,LOCATION_0148,SURVEILLANCE,ANPR_CAMERA,0.88
VEVENT_006141,2026-04-06 18:34:09,VEHICLE_00396,LOCATION_0149,CHECKPOINT,TOLL_PLAZA,0.82
VEVENT_006142,2026-04-07 23:54:32,VEHICLE_00654,LOCATION_0286,SURVEILLANCE,TOLL_PLAZA,0.81
VEVENT_006143,2024-09-08 16:12:38,VEHICLE_00438,LOCATION_0117,SURVEILLANCE,POLICE_CHECKPOINT,0.83
VEVENT_006144,2025-11-09 02:22:35,VEHICLE_00334,LOCATION_0201,ANPR,TOLL_PLAZA,0.96
VEVENT_006145,2024-08-08 08:59:55,VEHICLE_00151,LOCATION_0287,SURVEILLANCE,ANPR_CAMERA,0.93
VEVENT_006146,2024-05-06 00:15:11,VEHICLE_00376,LOCATION_0225,CHECKPOINT,POLICE_CHECKPOINT,0.96
VEVENT_006147,2025-02-07 02:48:32,VEHICLE_00655,LOCATION_0029,ANPR,POLICE_CHECKPOINT,0.81
VEVENT_006148,2024-05-22 08:17:28,VEHICLE_00411,LOCATION_0021,ANPR,TOLL_PLAZA,0.92
VEVENT_006149,2025-07-25 03:20:45,VEHICLE_00423,LOCATION_0012,ANPR,ANPR_CAMERA,0.93
VEVENT_006150,2026-01-10 03:48:57,VEHICLE_00282,LOCATION_0211,ANPR,TOLL_PLAZA,0.84
VEVENT_006151,2025-12-23 05:15:03,VEHICLE_00325,LOCATION_0085,TOLL,TOLL_PLAZA,0.88
VEVENT_006152,2024-09-20 21:44:45,VEHICLE_00695,LOCATION_0110,TOLL,TOLL_PLAZA,0.82
VEVENT_006153,2025-04-10 13:29:59,VEHICLE_00324,LOCATION_0092,CHECKPOINT,FIELD_SURVEILLANCE,0.82
VEVENT_006154,2024-02-07 06:06:42,VEHICLE_00422,LOCATION_0216,ANPR,POLICE_CHECKPOINT,0.87
VEVENT_006155,2024-06-27 12:39:03,VEHICLE_00230,LOCATION_0071,ANPR,FIELD_SURVEILLANCE,0.85
VEVENT_006156,2024-05-15 22:03:32,VEHICLE_00761,LOCATION_0076,TOLL,FIELD_SURVEILLANCE,0.84
VEVENT_006157,2026-04-22 22:22:00,VEHICLE_00583,LOCATION_0042,SURVEILLANCE,FIELD_SURVEILLANCE,0.96
VEVENT_006158,2024-07-31 17:08:10,VEHICLE_00610,LOCATION_0036,ANPR,FIELD_SURVEILLANCE,0.93
VEVENT_006159,2025-06-04 09:58:56,VEHICLE_00245,LOCATION_0165,ANPR,FIELD_SURVEILLANCE,0.95
VEVENT_006160,2025-09-22 06:48:09,VEHICLE_00417,LOCATION_0200,TOLL,ANPR_CAMERA,0.8
VEVENT_006161,2025-08-14 10:24:09,VEHICLE_00145,LOCATION_0067,SURVEILLANCE,FIELD_SURVEILLANCE,0.94
VEVENT_006162,2026-01-26 04:47:28,VEHICLE_00253,LOCATION_0184,CHECKPOINT,TOLL_PLAZA,0.91
VEVENT_006163,2025-08-12 14:44:05,VEHICLE_00392,LOCATION_0297,TOLL,ANPR_CAMERA,0.97
VEVENT_006164,2026-03-04 09:22:07,VEHICLE_00730,LOCATION_0214,SURVEILLANCE,FIELD_SURVEILLANCE,0.82
VEVENT_006165,2024-07-08 13:18:28,VEHICLE_00674,LOCATION_0018,ANPR,FIELD_SURVEILLANCE,0.88
VEVENT_006166,2026-05-10 20:34:31,VEHICLE_00642,LOCATION_0262,CHECKPOINT,POLICE_CHECKPOINT,0.8
VEVENT_006167,2026-04-05 17:24:24,VEHICLE_00759,LOCATION_0283,TOLL,ANPR_CAMERA,0.92
VEVENT_006168,2026-04-13 23:23:12,VEHICLE_00517,LOCATION_0039,ANPR,TOLL_PLAZA,0.82
VEVENT_006169,2025-04-25 07:41:49,VEHICLE_00195,LOCATION_0053,CHECKPOINT,ANPR_CAMERA,0.83
VEVENT_006170,2024-05-04 04:25:46,VEHICLE_00392,LOCATION_0277,TOLL,ANPR_CAMERA,0.89
VEVENT_006171,2024-10-24 14:06:15,VEHICLE_00756,LOCATION_0259,SURVEILLANCE,ANPR_CAMERA,0.96
VEVENT_006172,2026-01-03 02:52:42,VEHICLE_00412,LOCATION_0227,ANPR,FIELD_SURVEILLANCE,0.82
VEVENT_006173,2025-10-21 22:45:26,VEHICLE_00038,LOCATION_0203,ANPR,TOLL_PLAZA,0.92
VEVENT_006174,2024-09-18 23:12:21,VEHICLE_00664,LOCATION_0095,TOLL,POLICE_CHECKPOINT,0.85
VEVENT_006175,2025-02-10 06:52:10,VEHICLE_00044,LOCATION_0287,SURVEILLANCE,TOLL_PLAZA,0.97
VEVENT_006176,2026-03-15 18:41:31,VEHICLE_00585,LOCATION_0119,SURVEILLANCE,POLICE_CHECKPOINT,0.92
VEVENT_006177,2024-06-04 09:00:39,VEHICLE_00510,LOCATION_0072,ANPR,ANPR_CAMERA,0.88
VEVENT_006178,2024-12-12 12:07:25,VEHICLE_00422,LOCATION_0096,ANPR,FIELD_SURVEILLANCE,0.84
VEVENT_006179,2026-04-30 08:41:32,VEHICLE_00472,LOCATION_0259,ANPR,TOLL_PLAZA,0.94
VEVENT_006180,2024-04-05 18:54:13,VEHICLE_00378,LOCATION_0170,CHECKPOINT,TOLL_PLAZA,0.86
VEVENT_006181,2025-10-17 03:21:37,VEHICLE_00660,LOCATION_0024,SURVEILLANCE,ANPR_CAMERA,0.84
VEVENT_006182,2024-09-26 04:00:33,VEHICLE_00005,LOCATION_0025,SURVEILLANCE,ANPR_CAMERA,0.9
VEVENT_006183,2024-04-17 13:23:36,VEHICLE_00276,LOCATION_0065,SURVEILLANCE,ANPR_CAMERA,0.97
VEVENT_006184,2026-02-28 12:49:29,VEHICLE_00279,LOCATION_0137,TOLL,TOLL_PLAZA,0.91
VEVENT_006185,2025-10-19 20:52:26,VEHICLE_00275,LOCATION_0267,CHECKPOINT,ANPR_CAMERA,0.84
VEVENT_006186,2026-02-11 17:36:51,VEHICLE_00232,LOCATION_0092,ANPR,POLICE_CHECKPOINT,0.88
VEVENT_006187,2024-01-18 02:28:30,VEHICLE_00154,LOCATION_0005,TOLL,POLICE_CHECKPOINT,0.95
VEVENT_006188,2025-03-13 09:09:27,VEHICLE_00165,LOCATION_0186,ANPR,POLICE_CHECKPOINT,0.87
VEVENT_006189,2025-11-01 03:45:40,VEHICLE_00436,LOCATION_0171,CHECKPOINT,FIELD_SURVEILLANCE,0.81
VEVENT_006190,2025-09-11 20:00:58,VEHICLE_00123,LOCATION_0219,SURVEILLANCE,TOLL_PLAZA,0.93
VEVENT_006191,2025-10-06 18:59:14,VEHICLE_00400,LOCATION_0273,CHECKPOINT,FIELD_SURVEILLANCE,0.94
VEVENT_006192,2025-01-04 18:06:23,VEHICLE_00296,LOCATION_0280,TOLL,TOLL_PLAZA,0.89
VEVENT_006193,2025-05-19 12:26:45,VEHICLE_00747,LOCATION_0200,CHECKPOINT,TOLL_PLAZA,0.83
VEVENT_006194,2025-01-22 00:15:26,VEHICLE_00556,LOCATION_0079,ANPR,POLICE_CHECKPOINT,0.84
VEVENT_006195,2025-09-08 19:12:41,VEHICLE_00451,LOCATION_0176,TOLL,FIELD_SURVEILLANCE,0.82
VEVENT_006196,2024-12-04 23:53:45,VEHICLE_00581,LOCATION_0266,SURVEILLANCE,ANPR_CAMERA,0.83
VEVENT_006197,2025-10-03 21:53:10,VEHICLE_00366,LOCATION_0274,ANPR,TOLL_PLAZA,0.83
VEVENT_006198,2026-02-18 00:49:11,VEHICLE_00397,LOCATION_0101,ANPR,ANPR_CAMERA,0.91
VEVENT_006199,2025-08-26 22:16:33,VEHICLE_00535,LOCATION_0218,ANPR,ANPR_CAMERA,0.87
VEVENT_006200,2025-06-29 18:21:10,VEHICLE_00508,LOCATION_0272,TOLL,TOLL_PLAZA,0.86
VEVENT_006201,2025-05-19 09:00:16,VEHICLE_00463,LOCATION_0044,SURVEILLANCE,TOLL_PLAZA,0.84
VEVENT_006202,2024-06-27 18:06:46,VEHICLE_00649,LOCATION_0254,SURVEILLANCE,TOLL_PLAZA,0.8
VEVENT_006203,2026-03-04 05:14:42,VEHICLE_00384,LOCATION_0016,CHECKPOINT,TOLL_PLAZA,0.96
VEVENT_006204,2025-11-03 05:28:28,VEHICLE_00570,LOCATION_0211,SURVEILLANCE,POLICE_CHECKPOINT,0.91
VEVENT_006205,2024-06-09 05:37:18,VEHICLE_00226,LOCATION_0185,TOLL,TOLL_PLAZA,0.92
VEVENT_006206,2024-05-21 22:14:11,VEHICLE_00662,LOCATION_0088,TOLL,ANPR_CAMERA,0.91
VEVENT_006207,2025-01-15 16:02:23,VEHICLE_00226,LOCATION_0295,ANPR,FIELD_SURVEILLANCE,0.88
VEVENT_006208,2026-05-09 14:03:20,VEHICLE_00193,LOCATION_0261,CHECKPOINT,POLICE_CHECKPOINT,0.96
VEVENT_006209,2024-10-30 22:40:59,VEHICLE_00576,LOCATION_0020,ANPR,FIELD_SURVEILLANCE,0.96
VEVENT_006210,2026-01-28 17:40:43,VEHICLE_00181,LOCATION_0146,TOLL,TOLL_PLAZA,0.87
VEVENT_006211,2025-12-26 00:27:28,VEHICLE_00156,LOCATION_0292,CHECKPOINT,FIELD_SURVEILLANCE,0.96
VEVENT_006212,2024-06-27 14:46:04,VEHICLE_00042,LOCATION_0201,SURVEILLANCE,TOLL_PLAZA,0.82
VEVENT_006213,2026-02-04 18:52:26,VEHICLE_00188,LOCATION_0230,TOLL,POLICE_CHECKPOINT,0.84
VEVENT_006214,2026-01-08 18:47:18,VEHICLE_00369,LOCATION_0059,CHECKPOINT,TOLL_PLAZA,0.9
VEVENT_006215,2024-06-01 02:35:11,VEHICLE_00633,LOCATION_0143,SURVEILLANCE,TOLL_PLAZA,0.88
VEVENT_006216,2024-08-20 07:45:45,VEHICLE_00202,LOCATION_0172,ANPR,FIELD_SURVEILLANCE,0.94
VEVENT_006217,2025-02-25 08:36:25,VEHICLE_00083,LOCATION_0028,TOLL,POLICE_CHECKPOINT,0.82
VEVENT_006218,2024-04-14 07:58:41,VEHICLE_00701,LOCATION_0067,ANPR,TOLL_PLAZA,0.89
VEVENT_006219,2024-03-17 07:24:20,VEHICLE_00734,LOCATION_0246,CHECKPOINT,ANPR_CAMERA,0.91
VEVENT_006220,2025-08-05 08:07:46,VEHICLE_00126,LOCATION_0289,SURVEILLANCE,POLICE_CHECKPOINT,0.82
VEVENT_006221,2026-05-13 00:26:17,VEHICLE_00369,LOCATION_0259,TOLL,ANPR_CAMERA,0.9
VEVENT_006222,2025-02-08 20:00:26,VEHICLE_00664,LOCATION_0105,CHECKPOINT,ANPR_CAMERA,0.92
VEVENT_006223,2026-01-13 16:27:15,VEHICLE_00730,LOCATION_0194,CHECKPOINT,ANPR_CAMERA,0.96
VEVENT_006224,2026-05-01 18:19:04,VEHICLE_00747,LOCATION_0210,ANPR,POLICE_CHECKPOINT,0.86
VEVENT_006225,2024-08-14 02:31:04,VEHICLE_00538,LOCATION_0142,CHECKPOINT,TOLL_PLAZA,0.85
VEVENT_006226,2026-04-22 04:12:29,VEHICLE_00299,LOCATION_0211,TOLL,ANPR_CAMERA,0.94
VEVENT_006227,2024-05-18 04:47:27,VEHICLE_00448,LOCATION_0162,TOLL,POLICE_CHECKPOINT,0.9
VEVENT_006228,2025-01-07 05:25:34,VEHICLE_00013,LOCATION_0290,CHECKPOINT,ANPR_CAMERA,0.96
VEVENT_006229,2025-11-03 19:23:54,VEHICLE_00547,LOCATION_0251,CHECKPOINT,FIELD_SURVEILLANCE,0.93
VEVENT_006230,2025-01-21 07:06:31,VEHICLE_00616,LOCATION_0162,CHECKPOINT,TOLL_PLAZA,0.9
VEVENT_006231,2025-09-20 08:16:17,VEHICLE_00308,LOCATION_0279,CHECKPOINT,FIELD_SURVEILLANCE,0.85
VEVENT_006232,2025-10-23 11:02:20,VEHICLE_00096,LOCATION_0272,SURVEILLANCE,FIELD_SURVEILLANCE,0.84
VEVENT_006233,2024-05-18 02:02:22,VEHICLE_00667,LOCATION_0161,ANPR,FIELD_SURVEILLANCE,0.88
VEVENT_006234,2025-02-02 08:18:59,VEHICLE_00702,LOCATION_0016,CHECKPOINT,TOLL_PLAZA,0.84
VEVENT_006235,2024-12-26 07:17:00,VEHICLE_00731,LOCATION_0058,SURVEILLANCE,TOLL_PLAZA,0.94
VEVENT_006236,2026-05-08 00:17:13,VEHICLE_00133,LOCATION_0063,SURVEILLANCE,POLICE_CHECKPOINT,0.96
VEVENT_006237,2024-05-30 22:51:36,VEHICLE_00580,LOCATION_0010,SURVEILLANCE,FIELD_SURVEILLANCE,0.88
VEVENT_006238,2024-06-27 02:33:14,VEHICLE_00499,LOCATION_0122,CHECKPOINT,POLICE_CHECKPOINT,0.93
VEVENT_006239,2024-05-22 12:02:09,VEHICLE_00007,LOCATION_0140,CHECKPOINT,POLICE_CHECKPOINT,0.9
VEVENT_006240,2026-03-03 02:28:58,VEHICLE_00737,LOCATION_0226,ANPR,ANPR_CAMERA,0.95
VEVENT_006241,2025-11-19 15:36:04,VEHICLE_00566,LOCATION_0199,TOLL,FIELD_SURVEILLANCE,0.84
VEVENT_006242,2024-03-02 14:10:02,VEHICLE_00091,LOCATION_0215,SURVEILLANCE,POLICE_CHECKPOINT,0.92
VEVENT_006243,2024-09-25 23:25:25,VEHICLE_00499,LOCATION_0052,TOLL,FIELD_SURVEILLANCE,0.83
VEVENT_006244,2024-06-13 18:23:16,VEHICLE_00037,LOCATION_0261,CHECKPOINT,TOLL_PLAZA,0.86
VEVENT_006245,2025-12-07 00:55:49,VEHICLE_00416,LOCATION_0257,TOLL,POLICE_CHECKPOINT,0.91
VEVENT_006246,2025-05-10 02:50:17,VEHICLE_00093,LOCATION_0286,SURVEILLANCE,POLICE_CHECKPOINT,0.92
VEVENT_006247,2025-03-20 00:42:16,VEHICLE_00211,LOCATION_0210,CHECKPOINT,FIELD_SURVEILLANCE,0.8
VEVENT_006248,2025-01-26 15:29:34,VEHICLE_00358,LOCATION_0220,CHECKPOINT,ANPR_CAMERA,0.92
VEVENT_006249,2024-05-24 19:35:22,VEHICLE_00293,LOCATION_0037,SURVEILLANCE,POLICE_CHECKPOINT,0.93
VEVENT_006250,2025-03-18 05:09:34,VEHICLE_00528,LOCATION_0266,ANPR,FIELD_SURVEILLANCE,0.94
VEVENT_006251,2024-07-20 03:34:43,VEHICLE_00429,LOCATION_0124,SURVEILLANCE,TOLL_PLAZA,0.92
VEVENT_006252,2026-03-17 14:52:34,VEHICLE_00685,LOCATION_0267,SURVEILLANCE,TOLL_PLAZA,0.97
VEVENT_006253,2025-10-13 20:46:17,VEHICLE_00455,LOCATION_0145,TOLL,TOLL_PLAZA,0.9
VEVENT_006254,2025-04-05 18:44:21,VEHICLE_00462,LOCATION_0263,TOLL,FIELD_SURVEILLANCE,0.81
VEVENT_006255,2024-12-17 08:52:38,VEHICLE_00022,LOCATION_0042,TOLL,FIELD_SURVEILLANCE,0.92
VEVENT_006256,2024-02-14 19:31:04,VEHICLE_00143,LOCATION_0157,ANPR,FIELD_SURVEILLANCE,0.91
VEVENT_006257,2026-02-24 20:25:04,VEHICLE_00272,LOCATION_0028,CHECKPOINT,ANPR_CAMERA,0.86
VEVENT_006258,2024-02-10 23:14:55,VEHICLE_00615,LOCATION_0038,ANPR,POLICE_CHECKPOINT,0.96
VEVENT_006259,2025-10-13 13:59:50,VEHICLE_00134,LOCATION_0094,ANPR,FIELD_SURVEILLANCE,0.97
VEVENT_006260,2024-02-06 08:41:39,VEHICLE_00401,LOCATION_0036,CHECKPOINT,TOLL_PLAZA,0.82
VEVENT_006261,2025-06-19 23:19:09,VEHICLE_00125,LOCATION_0193,CHECKPOINT,POLICE_CHECKPOINT,0.89
VEVENT_006262,2026-05-18 15:29:24,VEHICLE_00276,LOCATION_0125,ANPR,ANPR_CAMERA,0.83
VEVENT_006263,2026-05-14 20:07:53,VEHICLE_00357,LOCATION_0107,CHECKPOINT,FIELD_SURVEILLANCE,0.89
VEVENT_006264,2025-08-05 06:53:52,VEHICLE_00429,LOCATION_0064,TOLL,FIELD_SURVEILLANCE,0.89
VEVENT_006265,2026-05-10 23:01:42,VEHICLE_00251,LOCATION_0175,TOLL,ANPR_CAMERA,0.88
VEVENT_006266,2025-08-04 10:49:31,VEHICLE_00081,LOCATION_0295,SURVEILLANCE,FIELD_SURVEILLANCE,0.96
VEVENT_006267,2025-12-08 08:13:08,VEHICLE_00373,LOCATION_0047,TOLL,TOLL_PLAZA,0.89
VEVENT_006268,2026-02-15 12:39:20,VEHICLE_00386,LOCATION_0198,TOLL,POLICE_CHECKPOINT,0.9
VEVENT_006269,2025-12-30 08:49:12,VEHICLE_00402,LOCATION_0242,SURVEILLANCE,FIELD_SURVEILLANCE,0.91
VEVENT_006270,2024-02-03 02:10:17,VEHICLE_00690,LOCATION_0076,CHECKPOINT,ANPR_CAMERA,0.91
VEVENT_006271,2024-12-28 11:21:12,VEHICLE_00733,LOCATION_0255,CHECKPOINT,TOLL_PLAZA,0.96
VEVENT_006272,2025-01-20 03:29:42,VEHICLE_00074,LOCATION_0280,ANPR,FIELD_SURVEILLANCE,0.89
VEVENT_006273,2025-10-15 21:03:58,VEHICLE_00281,LOCATION_0098,SURVEILLANCE,TOLL_PLAZA,0.93
VEVENT_006274,2024-02-28 21:17:33,VEHICLE_00272,LOCATION_0158,CHECKPOINT,ANPR_CAMERA,0.88
VEVENT_006275,2025-09-15 20:24:41,VEHICLE_00049,LOCATION_0159,ANPR,POLICE_CHECKPOINT,0.88
VEVENT_006276,2025-01-27 18:03:34,VEHICLE_00514,LOCATION_0030,TOLL,FIELD_SURVEILLANCE,0.94
VEVENT_006277,2024-01-04 05:42:35,VEHICLE_00081,LOCATION_0195,ANPR,FIELD_SURVEILLANCE,0.9
VEVENT_006278,2025-09-03 00:41:41,VEHICLE_00125,LOCATION_0203,SURVEILLANCE,ANPR_CAMERA,0.93
VEVENT_006279,2025-12-12 15:46:42,VEHICLE_00591,LOCATION_0124,TOLL,ANPR_CAMERA,0.95
VEVENT_006280,2025-03-19 11:46:58,VEHICLE_00425,LOCATION_0208,SURVEILLANCE,ANPR_CAMERA,0.87
VEVENT_006281,2024-06-20 12:08:12,VEHICLE_00143,LOCATION_0227,SURVEILLANCE,TOLL_PLAZA,0.86
VEVENT_006282,2024-12-21 04:58:10,VEHICLE_00313,LOCATION_0196,ANPR,TOLL_PLAZA,0.93
VEVENT_006283,2025-01-25 21:25:14,VEHICLE_00691,LOCATION_0141,ANPR,FIELD_SURVEILLANCE,0.87
VEVENT_006284,2025-04-02 09:56:04,VEHICLE_00261,LOCATION_0051,TOLL,FIELD_SURVEILLANCE,0.84
VEVENT_006285,2025-09-22 21:23:03,VEHICLE_00417,LOCATION_0190,CHECKPOINT,TOLL_PLAZA,0.93
VEVENT_006286,2024-09-09 20:39:06,VEHICLE_00709,LOCATION_0095,CHECKPOINT,TOLL_PLAZA,0.86
VEVENT_006287,2025-07-15 01:35:56,VEHICLE_00635,LOCATION_0298,TOLL,FIELD_SURVEILLANCE,0.84
VEVENT_006288,2024-08-23 02:28:54,VEHICLE_00287,LOCATION_0076,TOLL,ANPR_CAMERA,0.88
VEVENT_006289,2025-04-27 23:56:49,VEHICLE_00362,LOCATION_0149,SURVEILLANCE,TOLL_PLAZA,0.95
VEVENT_006290,2026-02-04 05:22:25,VEHICLE_00722,LOCATION_0013,SURVEILLANCE,TOLL_PLAZA,0.82
VEVENT_006291,2024-12-02 01:46:01,VEHICLE_00180,LOCATION_0210,TOLL,ANPR_CAMERA,0.84
VEVENT_006292,2026-03-22 14:16:09,VEHICLE_00272,LOCATION_0168,SURVEILLANCE,POLICE_CHECKPOINT,0.96
VEVENT_006293,2026-03-16 05:31:47,VEHICLE_00743,LOCATION_0154,SURVEILLANCE,TOLL_PLAZA,0.92
VEVENT_006294,2025-12-07 09:34:24,VEHICLE_00340,LOCATION_0236,TOLL,FIELD_SURVEILLANCE,0.96
VEVENT_006295,2024-05-26 16:21:10,VEHICLE_00374,LOCATION_0046,SURVEILLANCE,TOLL_PLAZA,0.96
VEVENT_006296,2024-03-29 10:31:08,VEHICLE_00363,LOCATION_0130,TOLL,ANPR_CAMERA,0.87
VEVENT_006297,2024-09-23 12:08:15,VEHICLE_00256,LOCATION_0221,CHECKPOINT,POLICE_CHECKPOINT,0.96
VEVENT_006298,2024-11-20 01:50:55,VEHICLE_00113,LOCATION_0106,ANPR,ANPR_CAMERA,0.9
VEVENT_006299,2025-03-23 11:21:41,VEHICLE_00388,LOCATION_0280,SURVEILLANCE,TOLL_PLAZA,0.93
VEVENT_006300,2024-10-23 07:16:24,VEHICLE_00378,LOCATION_0070,CHECKPOINT,FIELD_SURVEILLANCE,0.94
VEVENT_006301,2026-01-05 06:06:47,VEHICLE_00736,LOCATION_0285,ANPR,POLICE_CHECKPOINT,0.87
VEVENT_006302,2026-02-04 13:08:43,VEHICLE_00367,LOCATION_0109,CHECKPOINT,POLICE_CHECKPOINT,0.83
VEVENT_006303,2026-03-05 12:32:29,VEHICLE_00272,LOCATION_0258,ANPR,POLICE_CHECKPOINT,0.88
VEVENT_006304,2025-02-27 06:17:56,VEHICLE_00155,LOCATION_0125,CHECKPOINT,ANPR_CAMERA,0.92
VEVENT_006305,2025-01-25 09:50:44,VEHICLE_00519,LOCATION_0262,TOLL,ANPR_CAMERA,0.96
VEVENT_006306,2026-05-20 14:32:58,VEHICLE_00679,LOCATION_0072,CHECKPOINT,FIELD_SURVEILLANCE,0.94
VEVENT_006307,2025-05-19 10:08:45,VEHICLE_00218,LOCATION_0134,SURVEILLANCE,POLICE_CHECKPOINT,0.8
VEVENT_006308,2026-06-07 18:32:53,VEHICLE_00536,LOCATION_0007,TOLL,TOLL_PLAZA,0.91
VEVENT_006309,2025-12-28 01:34:04,VEHICLE_00609,LOCATION_0148,SURVEILLANCE,TOLL_PLAZA,0.9
VEVENT_006310,2024-03-28 23:26:36,VEHICLE_00200,LOCATION_0127,ANPR,POLICE_CHECKPOINT,0.94
VEVENT_006311,2025-04-20 05:59:06,VEHICLE_00034,LOCATION_0266,ANPR,ANPR_CAMERA,0.86
VEVENT_006312,2024-12-16 11:27:42,VEHICLE_00602,LOCATION_0164,TOLL,TOLL_PLAZA,0.84
VEVENT_006313,2024-09-18 05:02:12,VEHICLE_00291,LOCATION_0147,TOLL,POLICE_CHECKPOINT,0.86
VEVENT_006314,2025-03-19 08:36:24,VEHICLE_00220,LOCATION_0297,ANPR,FIELD_SURVEILLANCE,0.88
VEVENT_006315,2026-01-26 21:27:41,VEHICLE_00016,LOCATION_0073,CHECKPOINT,ANPR_CAMERA,0.91
VEVENT_006316,2025-12-05 01:30:30,VEHICLE_00135,LOCATION_0177,SURVEILLANCE,TOLL_PLAZA,0.82
VEVENT_006317,2026-04-13 02:18:26,VEHICLE_00429,LOCATION_0104,CHECKPOINT,FIELD_SURVEILLANCE,0.87
VEVENT_006318,2025-03-24 09:17:29,VEHICLE_00083,LOCATION_0128,CHECKPOINT,TOLL_PLAZA,0.93
VEVENT_006319,2025-10-17 15:40:02,VEHICLE_00685,LOCATION_0137,TOLL,POLICE_CHECKPOINT,0.87
VEVENT_006320,2024-09-06 16:13:58,VEHICLE_00568,LOCATION_0236,SURVEILLANCE,TOLL_PLAZA,0.88
VEVENT_006321,2024-05-21 19:59:31,VEHICLE_00601,LOCATION_0111,SURVEILLANCE,TOLL_PLAZA,0.84
VEVENT_006322,2026-05-25 07:25:47,VEHICLE_00563,LOCATION_0032,SURVEILLANCE,ANPR_CAMERA,0.83
VEVENT_006323,2026-02-13 07:36:41,VEHICLE_00212,LOCATION_0018,CHECKPOINT,ANPR_CAMERA,0.83
VEVENT_006324,2024-04-23 19:14:50,VEHICLE_00542,LOCATION_0156,SURVEILLANCE,TOLL_PLAZA,0.93
VEVENT_006325,2026-02-27 20:57:04,VEHICLE_00155,LOCATION_0135,SURVEILLANCE,ANPR_CAMERA,0.97
VEVENT_006326,2026-05-25 02:01:11,VEHICLE_00629,LOCATION_0053,TOLL,POLICE_CHECKPOINT,0.93
VEVENT_006327,2025-12-31 01:02:13,VEHICLE_00575,LOCATION_0020,CHECKPOINT,ANPR_CAMERA,0.92
VEVENT_006328,2026-04-27 14:49:09,VEHICLE_00351,LOCATION_0020,CHECKPOINT,FIELD_SURVEILLANCE,0.92
VEVENT_006329,2024-06-05 23:09:31,VEHICLE_00048,LOCATION_0006,CHECKPOINT,POLICE_CHECKPOINT,0.9
VEVENT_006330,2025-12-14 06:05:03,VEHICLE_00036,LOCATION_0072,SURVEILLANCE,POLICE_CHECKPOINT,0.81
VEVENT_006331,2024-02-19 11:24:32,VEHICLE_00018,LOCATION_0040,TOLL,ANPR_CAMERA,0.93
VEVENT_006332,2025-05-16 13:11:11,VEHICLE_00619,LOCATION_0062,CHECKPOINT,FIELD_SURVEILLANCE,0.82
VEVENT_006333,2024-06-17 03:02:48,VEHICLE_00055,LOCATION_0296,CHECKPOINT,POLICE_CHECKPOINT,0.89
VEVENT_006334,2026-04-16 22:02:16,VEHICLE_00462,LOCATION_0123,CHECKPOINT,POLICE_CHECKPOINT,0.84
VEVENT_006335,2024-04-26 21:04:25,VEHICLE_00430,LOCATION_0191,CHECKPOINT,TOLL_PLAZA,0.84
VEVENT_006336,2025-05-25 01:13:17,VEHICLE_00408,LOCATION_0188,CHECKPOINT,POLICE_CHECKPOINT,0.91
VEVENT_006337,2024-09-01 03:57:40,VEHICLE_00344,LOCATION_0212,CHECKPOINT,FIELD_SURVEILLANCE,0.97
VEVENT_006338,2024-09-05 05:11:45,VEHICLE_00145,LOCATION_0057,TOLL,FIELD_SURVEILLANCE,0.84
VEVENT_006339,2025-04-27 08:56:16,VEHICLE_00704,LOCATION_0025,TOLL,POLICE_CHECKPOINT,0.92
VEVENT_006340,2025-06-16 14:46:42,VEHICLE_00314,LOCATION_0241,SURVEILLANCE,FIELD_SURVEILLANCE,0.89
VEVENT_006341,2024-12-31 13:48:46,VEHICLE_00579,LOCATION_0259,TOLL,FIELD_SURVEILLANCE,0.9
VEVENT_006342,2024-01-04 06:18:13,VEHICLE_00010,LOCATION_0225,SURVEILLANCE,FIELD_SURVEILLANCE,0.89
VEVENT_006343,2025-05-18 13:52:46,VEHICLE_00011,LOCATION_0121,CHECKPOINT,FIELD_SURVEILLANCE,0.96
VEVENT_006344,2024-02-08 23:24:21,VEHICLE_00424,LOCATION_0013,CHECKPOINT,POLICE_CHECKPOINT,0.92
VEVENT_006345,2025-04-22 05:08:47,VEHICLE_00032,LOCATION_0227,TOLL,TOLL_PLAZA,0.87
VEVENT_006346,2024-05-29 12:38:44,VEHICLE_00669,LOCATION_0238,SURVEILLANCE,POLICE_CHECKPOINT,0.91
VEVENT_006347,2026-05-05 03:49:48,VEHICLE_00226,LOCATION_0215,SURVEILLANCE,FIELD_SURVEILLANCE,0.83
VEVENT_006348,2024-08-21 21:46:17,VEHICLE_00069,LOCATION_0282,SURVEILLANCE,ANPR_CAMERA,0.89
VEVENT_006349,2025-08-16 14:50:06,VEHICLE_00298,LOCATION_0267,TOLL,TOLL_PLAZA,0.83
VEVENT_006350,2025-05-08 11:54:30,VEHICLE_00203,LOCATION_0016,CHECKPOINT,TOLL_PLAZA,0.9
VEVENT_006351,2025-03-20 14:27:59,VEHICLE_00509,LOCATION_0222,CHECKPOINT,POLICE_CHECKPOINT,0.96
VEVENT_006352,2024-08-19 21:08:04,VEHICLE_00200,LOCATION_0017,ANPR,ANPR_CAMERA,0.97
VEVENT_006353,2024-07-05 15:41:32,VEHICLE_00051,LOCATION_0071,ANPR,FIELD_SURVEILLANCE,0.86
VEVENT_006354,2025-03-18 19:10:37,VEHICLE_00623,LOCATION_0294,CHECKPOINT,TOLL_PLAZA,0.89
VEVENT_006355,2024-08-16 22:29:22,VEHICLE_00547,LOCATION_0251,SURVEILLANCE,ANPR_CAMERA,0.88
VEVENT_006356,2025-10-13 03:54:05,VEHICLE_00242,LOCATION_0107,TOLL,TOLL_PLAZA,0.96
VEVENT_006357,2025-05-12 05:53:30,VEHICLE_00196,LOCATION_0263,TOLL,FIELD_SURVEILLANCE,0.86
VEVENT_006358,2026-06-29 14:29:46,VEHICLE_00074,LOCATION_0130,SURVEILLANCE,FIELD_SURVEILLANCE,0.94
VEVENT_006359,2026-01-31 22:57:28,VEHICLE_00493,LOCATION_0124,SURVEILLANCE,FIELD_SURVEILLANCE,0.82
VEVENT_006360,2025-10-04 18:08:11,VEHICLE_00572,LOCATION_0121,ANPR,TOLL_PLAZA,0.94
VEVENT_006361,2025-10-19 00:45:35,VEHICLE_00159,LOCATION_0019,SURVEILLANCE,TOLL_PLAZA,0.84
VEVENT_006362,2024-12-03 15:58:42,VEHICLE_00085,LOCATION_0257,CHECKPOINT,TOLL_PLAZA,0.92
VEVENT_006363,2026-01-25 13:39:17,VEHICLE_00632,LOCATION_0190,SURVEILLANCE,POLICE_CHECKPOINT,0.82
VEVENT_006364,2026-03-30 17:03:55,VEHICLE_00515,LOCATION_0022,SURVEILLANCE,POLICE_CHECKPOINT,0.97
VEVENT_006365,2025-06-13 16:16:43,VEHICLE_00076,LOCATION_0063,SURVEILLANCE,TOLL_PLAZA,0.96
VEVENT_006366,2024-11-10 07:52:20,VEHICLE_00479,LOCATION_0098,SURVEILLANCE,ANPR_CAMERA,0.88
VEVENT_006367,2025-05-18 22:15:50,VEHICLE_00209,LOCATION_0054,TOLL,TOLL_PLAZA,0.97
VEVENT_006368,2024-11-11 01:41:43,VEHICLE_00136,LOCATION_0107,TOLL,POLICE_CHECKPOINT,0.91
VEVENT_006369,2024-06-23 20:17:14,VEHICLE_00444,LOCATION_0149,TOLL,POLICE_CHECKPOINT,0.91
VEVENT_006370,2024-10-10 04:48:26,VEHICLE_00519,LOCATION_0222,SURVEILLANCE,ANPR_CAMERA,0.83
VEVENT_006371,2024-05-13 14:17:25,VEHICLE_00670,LOCATION_0149,ANPR,POLICE_CHECKPOINT,0.96
VEVENT_006372,2024-07-05 00:14:03,VEHICLE_00374,LOCATION_0066,ANPR,ANPR_CAMERA,0.97
VEVENT_006373,2024-08-08 15:51:21,VEHICLE_00355,LOCATION_0149,TOLL,POLICE_CHECKPOINT,0.9
VEVENT_006374,2025-06-21 21:36:06,VEHICLE_00004,LOCATION_0042,TOLL,TOLL_PLAZA,0.86
VEVENT_006375,2024-12-12 18:42:27,VEHICLE_00384,LOCATION_0136,SURVEILLANCE,POLICE_CHECKPOINT,0.89
VEVENT_006376,2024-07-15 20:56:05,VEHICLE_00248,LOCATION_0259,TOLL,ANPR_CAMERA,0.91
VEVENT_006377,2025-01-30 09:55:18,VEHICLE_00465,LOCATION_0012,ANPR,ANPR_CAMERA,0.9
VEVENT_006378,2025-09-28 18:44:50,VEHICLE_00622,LOCATION_0241,CHECKPOINT,ANPR_CAMERA,0.88
VEVENT_006379,2024-05-12 13:01:53,VEHICLE_00037,LOCATION_0021,TOLL,ANPR_CAMERA,0.9
VEVENT_006380,2026-01-03 16:44:06,VEHICLE_00153,LOCATION_0176,TOLL,TOLL_PLAZA,0.81
VEVENT_006381,2026-01-26 15:24:02,VEHICLE_00521,LOCATION_0145,CHECKPOINT,FIELD_SURVEILLANCE,0.81
VEVENT_006382,2025-10-29 05:08:18,VEHICLE_00586,LOCATION_0089,ANPR,ANPR_CAMERA,0.89
VEVENT_006383,2025-07-24 06:13:34,VEHICLE_00229,LOCATION_0293,ANPR,FIELD_SURVEILLANCE,0.96
VEVENT_006384,2025-11-30 15:30:29,VEHICLE_00704,LOCATION_0045,SURVEILLANCE,FIELD_SURVEILLANCE,0.92
VEVENT_006385,2025-03-12 15:55:18,VEHICLE_00278,LOCATION_0150,CHECKPOINT,TOLL_PLAZA,0.85
VEVENT_006386,2024-12-03 10:02:10,VEHICLE_00741,LOCATION_0148,SURVEILLANCE,TOLL_PLAZA,0.95
VEVENT_006387,2024-09-19 12:30:37,VEHICLE_00548,LOCATION_0259,SURVEILLANCE,POLICE_CHECKPOINT,0.86
VEVENT_006388,2026-02-12 08:53:30,VEHICLE_00695,LOCATION_0270,SURVEILLANCE,POLICE_CHECKPOINT,0.95
VEVENT_006389,2024-12-06 21:50:48,VEHICLE_00594,LOCATION_0088,CHECKPOINT,TOLL_PLAZA,0.92
VEVENT_006390,2025-01-18 16:05:28,VEHICLE_00236,LOCATION_0144,TOLL,FIELD_SURVEILLANCE,0.81
VEVENT_006391,2025-12-23 13:14:10,VEHICLE_00013,LOCATION_0160,CHECKPOINT,POLICE_CHECKPOINT,0.82
VEVENT_006392,2025-06-17 14:36:02,VEHICLE_00030,LOCATION_0129,ANPR,ANPR_CAMERA,0.83
VEVENT_006393,2025-05-12 07:58:32,VEHICLE_00704,LOCATION_0285,TOLL,FIELD_SURVEILLANCE,0.81
VEVENT_006394,2024-11-06 19:02:25,VEHICLE_00706,LOCATION_0069,ANPR,TOLL_PLAZA,0.97
VEVENT_006395,2024-11-10 10:13:44,VEHICLE_00600,LOCATION_0211,ANPR,FIELD_SURVEILLANCE,0.86
VEVENT_006396,2025-02-07 23:00:47,VEHICLE_00225,LOCATION_0196,CHECKPOINT,TOLL_PLAZA,0.9
VEVENT_006397,2024-05-07 20:17:24,VEHICLE_00428,LOCATION_0004,SURVEILLANCE,ANPR_CAMERA,0.86
VEVENT_006398,2026-05-17 06:08:01,VEHICLE_00677,LOCATION_0111,CHECKPOINT,ANPR_CAMERA,0.91
VEVENT_006399,2025-02-17 01:44:19,VEHICLE_00552,LOCATION_0105,ANPR,POLICE_CHECKPOINT,0.8
VEVENT_006400,2025-11-19 00:35:59,VEHICLE_00307,LOCATION_0219,ANPR,POLICE_CHECKPOINT,0.84
VEVENT_006401,2026-05-04 01:42:32,VEHICLE_00302,LOCATION_0024,ANPR,ANPR_CAMERA,0.92
VEVENT_006402,2025-04-09 06:13:38,VEHICLE_00387,LOCATION_0131,TOLL,FIELD_SURVEILLANCE,0.91
VEVENT_006403,2025-07-01 23:15:47,VEHICLE_00574,LOCATION_0134,SURVEILLANCE,TOLL_PLAZA,0.93
VEVENT_006404,2026-03-27 07:54:06,VEHICLE_00721,LOCATION_0230,TOLL,FIELD_SURVEILLANCE,0.93
VEVENT_006405,2026-04-03 03:34:48,VEHICLE_00643,LOCATION_0104,SURVEILLANCE,ANPR_CAMERA,0.83
VEVENT_006406,2024-06-21 00:26:56,VEHICLE_00296,LOCATION_0120,ANPR,POLICE_CHECKPOINT,0.85
VEVENT_006407,2026-03-18 11:50:05,VEHICLE_00025,LOCATION_0159,ANPR,POLICE_CHECKPOINT,0.92
VEVENT_006408,2024-07-25 00:03:41,VEHICLE_00621,LOCATION_0068,ANPR,TOLL_PLAZA,0.93
VEVENT_006409,2025-04-06 12:03:59,VEHICLE_00423,LOCATION_0132,SURVEILLANCE,FIELD_SURVEILLANCE,0.89
VEVENT_006410,2024-03-23 13:23:54,VEHICLE_00594,LOCATION_0188,TOLL,FIELD_SURVEILLANCE,0.89
VEVENT_006411,2024-11-08 11:27:36,VEHICLE_00711,LOCATION_0149,ANPR,ANPR_CAMERA,0.9
VEVENT_006412,2025-09-04 06:31:16,VEHICLE_00387,LOCATION_0061,TOLL,FIELD_SURVEILLANCE,0.94
VEVENT_006413,2024-04-21 22:23:46,VEHICLE_00091,LOCATION_0095,TOLL,TOLL_PLAZA,0.94
VEVENT_006414,2026-03-07 08:39:55,VEHICLE_00248,LOCATION_0279,TOLL,FIELD_SURVEILLANCE,0.95
VEVENT_006415,2026-04-22 06:17:11,VEHICLE_00065,LOCATION_0188,CHECKPOINT,ANPR_CAMERA,0.91
VEVENT_006416,2024-08-07 23:47:48,VEHICLE_00290,LOCATION_0226,ANPR,ANPR_CAMERA,0.83
VEVENT_006417,2026-02-15 16:52:26,VEHICLE_00733,LOCATION_0065,CHECKPOINT,ANPR_CAMERA,0.84
VEVENT_006418,2025-11-29 18:06:27,VEHICLE_00313,LOCATION_0096,SURVEILLANCE,FIELD_SURVEILLANCE,0.81
VEVENT_006419,2024-03-06 19:10:31,VEHICLE_00156,LOCATION_0282,CHECKPOINT,ANPR_CAMERA,0.88
VEVENT_006420,2024-10-24 04:05:58,VEHICLE_00624,LOCATION_0122,CHECKPOINT,FIELD_SURVEILLANCE,0.87
VEVENT_006421,2026-05-19 08:16:27,VEHICLE_00596,LOCATION_0237,CHECKPOINT,FIELD_SURVEILLANCE,0.87
VEVENT_006422,2026-01-25 20:42:19,VEHICLE_00167,LOCATION_0167,SURVEILLANCE,POLICE_CHECKPOINT,0.9
VEVENT_006423,2024-09-10 11:20:24,VEHICLE_00721,LOCATION_0250,CHECKPOINT,POLICE_CHECKPOINT,0.85
VEVENT_006424,2024-07-06 08:51:28,VEHICLE_00702,LOCATION_0016,TOLL,POLICE_CHECKPOINT,0.96
VEVENT_006425,2025-08-03 21:42:15,VEHICLE_00319,LOCATION_0209,SURVEILLANCE,TOLL_PLAZA,0.88
VEVENT_006426,2024-01-20 20:53:54,VEHICLE_00461,LOCATION_0240,TOLL,ANPR_CAMERA,0.9
VEVENT_006427,2025-10-08 18:46:27,VEHICLE_00705,LOCATION_0250,ANPR,POLICE_CHECKPOINT,0.83
VEVENT_006428,2024-06-29 10:25:20,VEHICLE_00498,LOCATION_0101,SURVEILLANCE,TOLL_PLAZA,0.86
VEVENT_006429,2024-05-18 09:52:11,VEHICLE_00217,LOCATION_0121,SURVEILLANCE,POLICE_CHECKPOINT,0.87
VEVENT_006430,2026-01-07 17:28:41,VEHICLE_00134,LOCATION_0184,ANPR,POLICE_CHECKPOINT,0.85
VEVENT_006431,2024-08-26 17:30:59,VEHICLE_00654,LOCATION_0056,ANPR,TOLL_PLAZA,0.95
VEVENT_006432,2024-06-06 14:09:15,VEHICLE_00080,LOCATION_0105,CHECKPOINT,POLICE_CHECKPOINT,0.81
VEVENT_006433,2024-05-29 01:31:41,VEHICLE_00214,LOCATION_0220,CHECKPOINT,TOLL_PLAZA,0.83
VEVENT_006434,2025-08-01 08:35:07,VEHICLE_00673,LOCATION_0266,TOLL,TOLL_PLAZA,0.84
VEVENT_006435,2024-08-29 14:15:58,VEHICLE_00428,LOCATION_0244,ANPR,TOLL_PLAZA,0.94
VEVENT_006436,2024-06-26 12:29:49,VEHICLE_00614,LOCATION_0170,SURVEILLANCE,POLICE_CHECKPOINT,0.9
VEVENT_006437,2025-01-12 17:04:09,VEHICLE_00336,LOCATION_0059,TOLL,FIELD_SURVEILLANCE,0.82
VEVENT_006438,2026-05-21 17:09:41,VEHICLE_00691,LOCATION_0221,SURVEILLANCE,TOLL_PLAZA,0.87
VEVENT_006439,2024-11-25 13:01:14,VEHICLE_00089,LOCATION_0187,TOLL,POLICE_CHECKPOINT,0.95
VEVENT_006440,2024-12-22 17:26:33,VEHICLE_00442,LOCATION_0042,CHECKPOINT,POLICE_CHECKPOINT,0.84
VEVENT_006441,2024-09-01 23:48:56,VEHICLE_00304,LOCATION_0179,ANPR,FIELD_SURVEILLANCE,0.82
VEVENT_006442,2025-11-10 04:31:48,VEHICLE_00061,LOCATION_0193,TOLL,TOLL_PLAZA,0.9
VEVENT_006443,2024-04-14 00:11:39,VEHICLE_00177,LOCATION_0034,ANPR,POLICE_CHECKPOINT,0.93
VEVENT_006444,2025-07-17 21:23:04,VEHICLE_00494,LOCATION_0093,TOLL,ANPR_CAMERA,0.89
VEVENT_006445,2025-07-23 15:18:43,VEHICLE_00300,LOCATION_0008,SURVEILLANCE,ANPR_CAMERA,0.95
VEVENT_006446,2024-12-18 02:52:14,VEHICLE_00424,LOCATION_0003,SURVEILLANCE,FIELD_SURVEILLANCE,0.92
VEVENT_006447,2024-04-28 00:31:16,VEHICLE_00459,LOCATION_0047,ANPR,FIELD_SURVEILLANCE,0.88
VEVENT_006448,2024-04-24 01:56:19,VEHICLE_00140,LOCATION_0093,SURVEILLANCE,ANPR_CAMERA,0.95
VEVENT_006449,2024-02-11 13:29:57,VEHICLE_00525,LOCATION_0123,ANPR,ANPR_CAMERA,0.93
VEVENT_006450,2026-05-11 12:07:30,VEHICLE_00406,LOCATION_0188,CHECKPOINT,ANPR_CAMERA,0.87
VEVENT_006451,2026-06-19 12:29:41,VEHICLE_00497,LOCATION_0279,CHECKPOINT,TOLL_PLAZA,0.88
VEVENT_006452,2026-02-03 15:15:09,VEHICLE_00292,LOCATION_0023,CHECKPOINT,FIELD_SURVEILLANCE,0.85
VEVENT_006453,2024-08-24 23:22:52,VEHICLE_00047,LOCATION_0299,CHECKPOINT,ANPR_CAMERA,0.96
VEVENT_006454,2025-11-09 11:58:14,VEHICLE_00218,LOCATION_0214,ANPR,TOLL_PLAZA,0.94
VEVENT_006455,2025-03-16 13:56:57,VEHICLE_00157,LOCATION_0226,TOLL,FIELD_SURVEILLANCE,0.93
VEVENT_006456,2025-09-02 00:58:16,VEHICLE_00066,LOCATION_0041,SURVEILLANCE,POLICE_CHECKPOINT,0.93
VEVENT_006457,2026-05-16 10:46:40,VEHICLE_00015,LOCATION_0094,TOLL,POLICE_CHECKPOINT,0.8
VEVENT_006458,2024-11-23 05:05:44,VEHICLE_00263,LOCATION_0092,ANPR,POLICE_CHECKPOINT,0.81
VEVENT_006459,2024-10-05 17:35:32,VEHICLE_00025,LOCATION_0049,CHECKPOINT,POLICE_CHECKPOINT,0.86
VEVENT_006460,2024-01-22 08:15:00,VEHICLE_00586,LOCATION_0199,TOLL,TOLL_PLAZA,0.89
VEVENT_006461,2026-04-28 12:04:42,VEHICLE_00563,LOCATION_0132,CHECKPOINT,TOLL_PLAZA,0.86
VEVENT_006462,2026-04-28 23:55:51,VEHICLE_00240,LOCATION_0004,TOLL,FIELD_SURVEILLANCE,0.87
VEVENT_006463,2026-06-01 04:00:22,VEHICLE_00645,LOCATION_0103,CHECKPOINT,ANPR_CAMERA,0.89
VEVENT_006464,2025-08-22 13:17:24,VEHICLE_00681,LOCATION_0080,ANPR,POLICE_CHECKPOINT,0.84
VEVENT_006465,2024-12-05 09:25:12,VEHICLE_00607,LOCATION_0221,ANPR,TOLL_PLAZA,0.91
VEVENT_006466,2024-06-15 00:05:15,VEHICLE_00188,LOCATION_0230,TOLL,TOLL_PLAZA,0.93
VEVENT_006467,2026-05-06 15:27:36,VEHICLE_00023,LOCATION_0068,CHECKPOINT,ANPR_CAMERA,0.84
VEVENT_006468,2024-03-03 22:38:17,VEHICLE_00761,LOCATION_0156,SURVEILLANCE,FIELD_SURVEILLANCE,0.82
VEVENT_006469,2024-04-01 02:19:43,VEHICLE_00113,LOCATION_0256,CHECKPOINT,ANPR_CAMERA,0.94
VEVENT_006470,2026-02-28 20:52:55,VEHICLE_00751,LOCATION_0198,CHECKPOINT,TOLL_PLAZA,0.91
VEVENT_006471,2026-05-01 00:14:53,VEHICLE_00075,LOCATION_0106,TOLL,POLICE_CHECKPOINT,0.88
VEVENT_006472,2025-12-07 15:40:05,VEHICLE_00319,LOCATION_0169,ANPR,FIELD_SURVEILLANCE,0.83
VEVENT_006473,2024-01-19 03:24:33,VEHICLE_00594,LOCATION_0008,ANPR,TOLL_PLAZA,0.82
VEVENT_006474,2026-03-01 05:26:17,VEHICLE_00626,LOCATION_0166,TOLL,ANPR_CAMERA,0.84
VEVENT_006475,2026-06-22 21:09:11,VEHICLE_00457,LOCATION_0244,CHECKPOINT,ANPR_CAMERA,0.85
VEVENT_006476,2024-07-05 09:53:30,VEHICLE_00404,LOCATION_0297,SURVEILLANCE,TOLL_PLAZA,0.92
VEVENT_006477,2026-06-03 00:59:06,VEHICLE_00626,LOCATION_0216,SURVEILLANCE,POLICE_CHECKPOINT,0.93
VEVENT_006478,2024-08-05 06:52:52,VEHICLE_00348,LOCATION_0279,ANPR,POLICE_CHECKPOINT,0.88
VEVENT_006479,2024-05-02 08:36:12,VEHICLE_00098,LOCATION_0167,ANPR,FIELD_SURVEILLANCE,0.82
VEVENT_006480,2025-02-22 03:25:36,VEHICLE_00741,LOCATION_0298,CHECKPOINT,TOLL_PLAZA,0.92
VEVENT_006481,2024-09-28 07:15:25,VEHICLE_00723,LOCATION_0271,TOLL,TOLL_PLAZA,0.91
VEVENT_006482,2025-10-03 05:37:40,VEHICLE_00179,LOCATION_0127,TOLL,POLICE_CHECKPOINT,0.92
VEVENT_006483,2024-03-30 09:56:06,VEHICLE_00105,LOCATION_0246,CHECKPOINT,POLICE_CHECKPOINT,0.89
VEVENT_006484,2024-12-04 17:32:41,VEHICLE_00076,LOCATION_0263,SURVEILLANCE,TOLL_PLAZA,0.89
VEVENT_006485,2025-12-14 11:35:15,VEHICLE_00531,LOCATION_0222,CHECKPOINT,TOLL_PLAZA,0.87
VEVENT_006486,2026-03-06 12:02:27,VEHICLE_00649,LOCATION_0174,TOLL,ANPR_CAMERA,0.81
VEVENT_006487,2025-05-19 10:37:45,VEHICLE_00274,LOCATION_0033,TOLL,FIELD_SURVEILLANCE,0.86
VEVENT_006488,2024-04-17 05:27:53,VEHICLE_00355,LOCATION_0029,SURVEILLANCE,POLICE_CHECKPOINT,0.85
VEVENT_006489,2024-02-14 17:15:00,VEHICLE_00196,LOCATION_0233,SURVEILLANCE,POLICE_CHECKPOINT,0.93
VEVENT_006490,2024-11-02 06:30:04,VEHICLE_00380,LOCATION_0055,CHECKPOINT,ANPR_CAMERA,0.9
VEVENT_006491,2024-07-13 21:05:06,VEHICLE_00707,LOCATION_0144,TOLL,ANPR_CAMERA,0.89
VEVENT_006492,2025-11-17 20:30:58,VEHICLE_00473,LOCATION_0086,TOLL,TOLL_PLAZA,0.88
VEVENT_006493,2025-01-18 22:04:45,VEHICLE_00545,LOCATION_0126,CHECKPOINT,TOLL_PLAZA,0.91
VEVENT_006494,2025-08-07 07:27:56,VEHICLE_00270,LOCATION_0287,ANPR,ANPR_CAMERA,0.96
VEVENT_006495,2025-12-02 17:26:31,VEHICLE_00151,LOCATION_0247,SURVEILLANCE,POLICE_CHECKPOINT,0.95
VEVENT_006496,2025-09-13 16:24:37,VEHICLE_00250,LOCATION_0300,TOLL,ANPR_CAMERA,0.92
VEVENT_006497,2026-06-08 14:56:09,VEHICLE_00363,LOCATION_0120,CHECKPOINT,TOLL_PLAZA,0.85
VEVENT_006498,2024-08-30 00:46:48,VEHICLE_00455,LOCATION_0135,CHECKPOINT,FIELD_SURVEILLANCE,0.96
VEVENT_006499,2025-08-27 13:14:28,VEHICLE_00620,LOCATION_0176,SURVEILLANCE,TOLL_PLAZA,0.88
VEVENT_006500,2024-07-29 01:01:51,VEHICLE_00048,LOCATION_0086,TOLL,ANPR_CAMERA,0.84
VEVENT_006501,2024-07-17 13:49:42,VEHICLE_00207,LOCATION_0299,TOLL,TOLL_PLAZA,0.91
VEVENT_006502,2026-02-14 23:28:35,VEHICLE_00328,LOCATION_0151,CHECKPOINT,POLICE_CHECKPOINT,0.95
VEVENT_006503,2024-08-03 16:12:03,VEHICLE_00221,LOCATION_0257,TOLL,POLICE_CHECKPOINT,0.95
VEVENT_006504,2024-12-17 20:31:54,VEHICLE_00464,LOCATION_0037,SURVEILLANCE,ANPR_CAMERA,0.81
VEVENT_006505,2025-02-18 15:06:51,VEHICLE_00512,LOCATION_0123,CHECKPOINT,POLICE_CHECKPOINT,0.81
VEVENT_006506,2025-08-01 21:22:30,VEHICLE_00099,LOCATION_0280,TOLL,ANPR_CAMERA,0.9
VEVENT_006507,2024-01-09 05:25:41,VEHICLE_00470,LOCATION_0106,SURVEILLANCE,ANPR_CAMERA,0.83
VEVENT_006508,2024-01-04 07:28:50,VEHICLE_00252,LOCATION_0248,ANPR,TOLL_PLAZA,0.93
VEVENT_006509,2025-11-11 18:29:01,VEHICLE_00671,LOCATION_0070,ANPR,POLICE_CHECKPOINT,0.9
VEVENT_006510,2026-02-26 09:17:59,VEHICLE_00465,LOCATION_0172,SURVEILLANCE,FIELD_SURVEILLANCE,0.81
VEVENT_006511,2025-02-15 21:44:39,VEHICLE_00603,LOCATION_0078,TOLL,FIELD_SURVEILLANCE,0.95
VEVENT_006512,2025-02-11 13:41:40,VEHICLE_00034,LOCATION_0166,ANPR,FIELD_SURVEILLANCE,0.9
VEVENT_006513,2025-10-18 21:49:06,VEHICLE_00519,LOCATION_0152,TOLL,TOLL_PLAZA,0.85
VEVENT_006514,2024-02-08 11:01:27,VEHICLE_00178,LOCATION_0016,TOLL,FIELD_SURVEILLANCE,0.81
VEVENT_006515,2025-06-01 10:44:21,VEHICLE_00595,LOCATION_0151,ANPR,TOLL_PLAZA,0.85
VEVENT_006516,2025-02-10 03:43:31,VEHICLE_00450,LOCATION_0285,CHECKPOINT,FIELD_SURVEILLANCE,0.87
VEVENT_006517,2025-07-08 15:59:07,VEHICLE_00422,LOCATION_0236,TOLL,POLICE_CHECKPOINT,0.92
VEVENT_006518,2024-11-27 14:42:48,VEHICLE_00493,LOCATION_0174,TOLL,FIELD_SURVEILLANCE,0.92
VEVENT_006519,2026-04-07 02:19:40,VEHICLE_00518,LOCATION_0135,CHECKPOINT,POLICE_CHECKPOINT,0.92
VEVENT_006520,2026-05-03 00:21:37,VEHICLE_00388,LOCATION_0270,ANPR,POLICE_CHECKPOINT,0.86
VEVENT_006521,2024-02-17 02:23:34,VEHICLE_00708,LOCATION_0159,TOLL,FIELD_SURVEILLANCE,0.85
VEVENT_006522,2024-07-29 02:20:46,VEHICLE_00471,LOCATION_0209,SURVEILLANCE,TOLL_PLAZA,0.91
VEVENT_006523,2024-03-29 19:22:27,VEHICLE_00096,LOCATION_0182,SURVEILLANCE,TOLL_PLAZA,0.94
VEVENT_006524,2026-03-28 17:08:29,VEHICLE_00515,LOCATION_0162,ANPR,ANPR_CAMERA,0.93
VEVENT_006525,2024-10-20 23:48:26,VEHICLE_00280,LOCATION_0261,CHECKPOINT,FIELD_SURVEILLANCE,0.87
VEVENT_006526,2026-01-27 07:13:34,VEHICLE_00447,LOCATION_0129,CHECKPOINT,TOLL_PLAZA,0.97
VEVENT_006527,2025-11-05 17:52:26,VEHICLE_00557,LOCATION_0121,CHECKPOINT,ANPR_CAMERA,0.92
VEVENT_006528,2025-05-19 19:43:32,VEHICLE_00518,LOCATION_0145,SURVEILLANCE,ANPR_CAMERA,0.92
VEVENT_006529,2024-03-15 03:36:39,VEHICLE_00724,LOCATION_0025,SURVEILLANCE,POLICE_CHECKPOINT,0.88
VEVENT_006530,2024-04-01 04:06:26,VEHICLE_00640,LOCATION_0275,ANPR,TOLL_PLAZA,0.8
VEVENT_006531,2024-04-12 22:34:34,VEHICLE_00161,LOCATION_0210,SURVEILLANCE,POLICE_CHECKPOINT,0.93
VEVENT_006532,2025-08-03 21:15:35,VEHICLE_00607,LOCATION_0041,TOLL,FIELD_SURVEILLANCE,0.88
VEVENT_006533,2024-02-05 17:42:40,VEHICLE_00525,LOCATION_0053,CHECKPOINT,ANPR_CAMERA,0.81
VEVENT_006534,2026-02-21 15:25:07,VEHICLE_00208,LOCATION_0195,SURVEILLANCE,TOLL_PLAZA,0.95
VEVENT_006535,2024-08-03 04:21:49,VEHICLE_00139,LOCATION_0211,SURVEILLANCE,POLICE_CHECKPOINT,0.87
VEVENT_006536,2024-08-24 13:06:32,VEHICLE_00124,LOCATION_0261,TOLL,ANPR_CAMERA,0.94
VEVENT_006537,2024-12-14 05:02:44,VEHICLE_00114,LOCATION_0038,TOLL,ANPR_CAMERA,0.85
VEVENT_006538,2025-01-10 15:48:35,VEHICLE_00013,LOCATION_0100,ANPR,POLICE_CHECKPOINT,0.88
VEVENT_006539,2025-09-16 16:47:22,VEHICLE_00614,LOCATION_0190,ANPR,POLICE_CHECKPOINT,0.91
VEVENT_006540,2026-03-15 01:14:32,VEHICLE_00432,LOCATION_0139,ANPR,FIELD_SURVEILLANCE,0.85
VEVENT_006541,2026-05-01 21:51:21,VEHICLE_00681,LOCATION_0140,ANPR,FIELD_SURVEILLANCE,0.94
VEVENT_006542,2025-03-25 09:56:03,VEHICLE_00342,LOCATION_0142,SURVEILLANCE,POLICE_CHECKPOINT,0.85
VEVENT_006543,2024-05-12 03:20:03,VEHICLE_00231,LOCATION_0062,TOLL,POLICE_CHECKPOINT,0.92
VEVENT_006544,2024-03-21 06:23:41,VEHICLE_00175,LOCATION_0063,ANPR,ANPR_CAMERA,0.86
VEVENT_006545,2025-10-31 12:04:29,VEHICLE_00616,LOCATION_0292,ANPR,FIELD_SURVEILLANCE,0.91
VEVENT_006546,2025-09-22 19:22:19,VEHICLE_00225,LOCATION_0176,SURVEILLANCE,ANPR_CAMERA,0.91
VEVENT_006547,2024-06-22 13:15:57,VEHICLE_00579,LOCATION_0039,SURVEILLANCE,POLICE_CHECKPOINT,0.86
VEVENT_006548,2026-02-09 17:37:13,VEHICLE_00608,LOCATION_0050,ANPR,POLICE_CHECKPOINT,0.96
VEVENT_006549,2024-01-12 09:34:24,VEHICLE_00544,LOCATION_0267,CHECKPOINT,POLICE_CHECKPOINT,0.91
VEVENT_006550,2024-11-08 08:04:18,VEHICLE_00035,LOCATION_0207,TOLL,FIELD_SURVEILLANCE,0.82
VEVENT_006551,2025-10-21 09:48:36,VEHICLE_00242,LOCATION_0147,SURVEILLANCE,TOLL_PLAZA,0.86
VEVENT_006552,2025-08-31 17:42:55,VEHICLE_00669,LOCATION_0148,ANPR,POLICE_CHECKPOINT,0.9
VEVENT_006553,2026-05-09 18:47:47,VEHICLE_00112,LOCATION_0044,ANPR,TOLL_PLAZA,0.92
VEVENT_006554,2026-04-05 17:19:06,VEHICLE_00221,LOCATION_0257,TOLL,ANPR_CAMERA,0.92
VEVENT_006555,2025-01-12 07:00:07,VEHICLE_00722,LOCATION_0273,ANPR,POLICE_CHECKPOINT,0.93
VEVENT_006556,2026-03-15 15:41:48,VEHICLE_00684,LOCATION_0231,ANPR,POLICE_CHECKPOINT,0.93
VEVENT_006557,2025-08-07 14:22:34,VEHICLE_00698,LOCATION_0094,SURVEILLANCE,FIELD_SURVEILLANCE,0.81
VEVENT_006558,2024-06-20 02:24:14,VEHICLE_00109,LOCATION_0035,TOLL,POLICE_CHECKPOINT,0.95
VEVENT_006559,2024-04-04 13:18:10,VEHICLE_00269,LOCATION_0169,TOLL,TOLL_PLAZA,0.92
VEVENT_006560,2024-07-17 20:05:29,VEHICLE_00517,LOCATION_0299,TOLL,POLICE_CHECKPOINT,0.84
VEVENT_006561,2026-06-11 21:02:56,VEHICLE_00571,LOCATION_0195,TOLL,TOLL_PLAZA,0.94
VEVENT_006562,2024-09-06 05:59:31,VEHICLE_00388,LOCATION_0120,SURVEILLANCE,ANPR_CAMERA,0.93
VEVENT_006563,2024-05-31 00:38:52,VEHICLE_00113,LOCATION_0076,SURVEILLANCE,ANPR_CAMERA,0.94
VEVENT_006564,2026-02-04 07:56:14,VEHICLE_00167,LOCATION_0247,SURVEILLANCE,POLICE_CHECKPOINT,0.91
VEVENT_006565,2024-12-16 04:46:47,VEHICLE_00420,LOCATION_0239,SURVEILLANCE,TOLL_PLAZA,0.96
VEVENT_006566,2024-11-01 12:20:42,VEHICLE_00263,LOCATION_0232,TOLL,TOLL_PLAZA,0.96
VEVENT_006567,2025-07-18 16:35:23,VEHICLE_00624,LOCATION_0132,TOLL,POLICE_CHECKPOINT,0.92
VEVENT_006568,2024-12-20 13:40:04,VEHICLE_00624,LOCATION_0072,ANPR,POLICE_CHECKPOINT,0.9
VEVENT_006569,2024-03-13 02:41:32,VEHICLE_00397,LOCATION_0061,CHECKPOINT,FIELD_SURVEILLANCE,0.96
VEVENT_006570,2024-06-06 17:04:02,VEHICLE_00176,LOCATION_0162,ANPR,FIELD_SURVEILLANCE,0.88
VEVENT_006571,2024-07-06 00:49:45,VEHICLE_00614,LOCATION_0220,SURVEILLANCE,ANPR_CAMERA,0.92
VEVENT_006572,2025-08-13 06:41:03,VEHICLE_00518,LOCATION_0265,ANPR,TOLL_PLAZA,0.87
VEVENT_006573,2025-06-07 04:37:25,VEHICLE_00285,LOCATION_0285,TOLL,TOLL_PLAZA,0.93
VEVENT_006574,2026-05-07 15:14:40,VEHICLE_00666,LOCATION_0011,ANPR,FIELD_SURVEILLANCE,0.96
VEVENT_006575,2025-07-08 09:02:49,VEHICLE_00417,LOCATION_0110,TOLL,ANPR_CAMERA,0.89
VEVENT_006576,2025-05-02 06:38:38,VEHICLE_00299,LOCATION_0241,SURVEILLANCE,ANPR_CAMERA,0.94
VEVENT_006577,2025-12-25 12:42:53,VEHICLE_00345,LOCATION_0273,TOLL,POLICE_CHECKPOINT,0.94
VEVENT_006578,2026-05-21 23:08:36,VEHICLE_00591,LOCATION_0084,SURVEILLANCE,FIELD_SURVEILLANCE,0.81
VEVENT_006579,2025-07-26 06:54:11,VEHICLE_00236,LOCATION_0194,SURVEILLANCE,POLICE_CHECKPOINT,0.96
VEVENT_006580,2026-02-14 04:33:43,VEHICLE_00587,LOCATION_0140,ANPR,TOLL_PLAZA,0.95
VEVENT_006581,2024-08-13 13:58:32,VEHICLE_00136,LOCATION_0297,ANPR,TOLL_PLAZA,0.89
VEVENT_006582,2024-12-27 03:30:54,VEHICLE_00486,LOCATION_0221,SURVEILLANCE,POLICE_CHECKPOINT,0.94
VEVENT_006583,2025-04-08 02:35:44,VEHICLE_00390,LOCATION_0150,ANPR,TOLL_PLAZA,0.89
VEVENT_006584,2025-07-12 21:59:54,VEHICLE_00306,LOCATION_0017,CHECKPOINT,FIELD_SURVEILLANCE,0.87
VEVENT_006585,2024-11-11 11:44:45,VEHICLE_00139,LOCATION_0051,ANPR,TOLL_PLAZA,0.83
VEVENT_006586,2024-03-29 08:39:44,VEHICLE_00375,LOCATION_0023,SURVEILLANCE,TOLL_PLAZA,0.86
VEVENT_006587,2026-02-01 13:10:02,VEHICLE_00114,LOCATION_0248,ANPR,FIELD_SURVEILLANCE,0.96
VEVENT_006588,2026-01-13 03:05:58,VEHICLE_00373,LOCATION_0057,TOLL,ANPR_CAMERA,0.88
VEVENT_006589,2025-09-21 11:25:34,VEHICLE_00107,LOCATION_0249,SURVEILLANCE,ANPR_CAMERA,0.95
VEVENT_006590,2026-02-13 10:34:20,VEHICLE_00480,LOCATION_0224,SURVEILLANCE,TOLL_PLAZA,0.92
VEVENT_006591,2025-12-16 05:18:10,VEHICLE_00292,LOCATION_0113,SURVEILLANCE,FIELD_SURVEILLANCE,0.9
VEVENT_006592,2025-12-14 00:43:30,VEHICLE_00679,LOCATION_0262,CHECKPOINT,TOLL_PLAZA,0.85
VEVENT_006593,2025-11-09 07:33:51,VEHICLE_00678,LOCATION_0152,TOLL,POLICE_CHECKPOINT,0.83
VEVENT_006594,2024-12-04 20:03:20,VEHICLE_00410,LOCATION_0158,TOLL,ANPR_CAMERA,0.89
VEVENT_006595,2025-02-18 10:11:52,VEHICLE_00141,LOCATION_0202,TOLL,ANPR_CAMERA,0.92
VEVENT_006596,2025-01-15 21:34:36,VEHICLE_00632,LOCATION_0040,TOLL,TOLL_PLAZA,0.86
VEVENT_006597,2024-01-16 03:13:49,VEHICLE_00366,LOCATION_0254,TOLL,POLICE_CHECKPOINT,0.9
VEVENT_006598,2025-09-03 12:50:12,VEHICLE_00288,LOCATION_0222,TOLL,POLICE_CHECKPOINT,0.95
VEVENT_006599,2025-11-08 00:15:21,VEHICLE_00389,LOCATION_0027,TOLL,POLICE_CHECKPOINT,0.85
VEVENT_006600,2025-10-02 19:32:04,VEHICLE_00677,LOCATION_0221,ANPR,TOLL_PLAZA,0.88
VEVENT_006601,2024-01-13 15:07:58,VEHICLE_00474,LOCATION_0137,TOLL,ANPR_CAMERA,0.88
VEVENT_006602,2025-07-14 16:45:57,VEHICLE_00611,LOCATION_0154,TOLL,FIELD_SURVEILLANCE,0.96
VEVENT_006603,2025-07-29 20:06:51,VEHICLE_00458,LOCATION_0199,ANPR,FIELD_SURVEILLANCE,0.91
VEVENT_006604,2025-03-13 10:44:03,VEHICLE_00720,LOCATION_0137,ANPR,POLICE_CHECKPOINT,0.92
VEVENT_006605,2024-05-31 15:29:45,VEHICLE_00209,LOCATION_0164,CHECKPOINT,TOLL_PLAZA,0.89
VEVENT_006606,2025-05-10 22:14:06,VEHICLE_00661,LOCATION_0008,CHECKPOINT,FIELD_SURVEILLANCE,0.95
VEVENT_006607,2024-12-20 22:51:52,VEHICLE_00096,LOCATION_0022,SURVEILLANCE,POLICE_CHECKPOINT,0.89
VEVENT_006608,2024-01-24 06:24:19,VEHICLE_00363,LOCATION_0210,SURVEILLANCE,FIELD_SURVEILLANCE,0.93
VEVENT_006609,2025-12-30 09:39:01,VEHICLE_00042,LOCATION_0271,SURVEILLANCE,ANPR_CAMERA,0.86
VEVENT_006610,2025-09-03 13:14:42,VEHICLE_00097,LOCATION_0175,ANPR,ANPR_CAMERA,0.85
VEVENT_006611,2024-03-17 21:20:13,VEHICLE_00007,LOCATION_0130,SURVEILLANCE,TOLL_PLAZA,0.86
VEVENT_006612,2024-11-27 07:03:35,VEHICLE_00683,LOCATION_0227,ANPR,ANPR_CAMERA,0.88
VEVENT_006613,2025-08-01 17:42:45,VEHICLE_00093,LOCATION_0196,CHECKPOINT,TOLL_PLAZA,0.81
VEVENT_006614,2024-06-15 16:40:11,VEHICLE_00260,LOCATION_0123,TOLL,TOLL_PLAZA,0.93
VEVENT_006615,2025-12-10 05:00:42,VEHICLE_00452,LOCATION_0011,SURVEILLANCE,ANPR_CAMERA,0.96
VEVENT_006616,2025-03-05 06:16:44,VEHICLE_00380,LOCATION_0075,ANPR,FIELD_SURVEILLANCE,0.92
VEVENT_006617,2024-08-16 08:59:13,VEHICLE_00117,LOCATION_0041,SURVEILLANCE,POLICE_CHECKPOINT,0.83
VEVENT_006618,2024-04-15 17:30:08,VEHICLE_00172,LOCATION_0092,TOLL,POLICE_CHECKPOINT,0.83
VEVENT_006619,2026-04-20 14:07:47,VEHICLE_00434,LOCATION_0099,ANPR,POLICE_CHECKPOINT,0.94
VEVENT_006620,2025-09-20 16:45:55,VEHICLE_00557,LOCATION_0051,SURVEILLANCE,POLICE_CHECKPOINT,0.87
VEVENT_006621,2024-06-02 21:59:24,VEHICLE_00660,LOCATION_0284,ANPR,POLICE_CHECKPOINT,0.96
VEVENT_006622,2024-02-13 06:08:47,VEHICLE_00502,LOCATION_0013,TOLL,POLICE_CHECKPOINT,0.87
VEVENT_006623,2025-06-14 01:38:16,VEHICLE_00177,LOCATION_0224,CHECKPOINT,POLICE_CHECKPOINT,0.8
VEVENT_006624,2025-09-12 05:55:03,VEHICLE_00317,LOCATION_0064,SURVEILLANCE,POLICE_CHECKPOINT,0.94
VEVENT_006625,2026-04-11 13:22:33,VEHICLE_00550,LOCATION_0112,TOLL,TOLL_PLAZA,0.84
VEVENT_006626,2024-09-22 08:51:24,VEHICLE_00596,LOCATION_0007,CHECKPOINT,POLICE_CHECKPOINT,0.83
VEVENT_006627,2024-01-07 11:12:27,VEHICLE_00419,LOCATION_0244,CHECKPOINT,ANPR_CAMERA,0.86
VEVENT_006628,2026-04-25 10:07:22,VEHICLE_00438,LOCATION_0097,SURVEILLANCE,ANPR_CAMERA,0.96
VEVENT_006629,2024-10-17 21:59:08,VEHICLE_00462,LOCATION_0123,ANPR,POLICE_CHECKPOINT,0.83
VEVENT_006630,2024-02-02 01:19:43,VEHICLE_00059,LOCATION_0139,TOLL,FIELD_SURVEILLANCE,0.84
VEVENT_006631,2025-08-31 15:27:02,VEHICLE_00584,LOCATION_0102,SURVEILLANCE,ANPR_CAMERA,0.94
VEVENT_006632,2025-02-18 22:37:22,VEHICLE_00626,LOCATION_0196,ANPR,FIELD_SURVEILLANCE,0.81
VEVENT_006633,2026-05-17 15:03:33,VEHICLE_00180,LOCATION_0170,SURVEILLANCE,FIELD_SURVEILLANCE,0.89
VEVENT_006634,2024-06-26 16:53:41,VEHICLE_00421,LOCATION_0218,ANPR,POLICE_CHECKPOINT,0.84
VEVENT_006635,2026-03-29 00:01:44,VEHICLE_00052,LOCATION_0076,CHECKPOINT,POLICE_CHECKPOINT,0.86
VEVENT_006636,2024-10-04 13:23:53,VEHICLE_00619,LOCATION_0062,SURVEILLANCE,TOLL_PLAZA,0.83
VEVENT_006637,2025-10-24 20:53:11,VEHICLE_00542,LOCATION_0006,ANPR,FIELD_SURVEILLANCE,0.83
VEVENT_006638,2025-10-20 17:07:58,VEHICLE_00690,LOCATION_0206,CHECKPOINT,POLICE_CHECKPOINT,0.84
VEVENT_006639,2025-01-24 17:57:23,VEHICLE_00463,LOCATION_0184,TOLL,POLICE_CHECKPOINT,0.97
VEVENT_006640,2025-09-17 03:00:47,VEHICLE_00198,LOCATION_0022,CHECKPOINT,TOLL_PLAZA,0.9
VEVENT_006641,2025-10-26 21:00:33,VEHICLE_00691,LOCATION_0201,TOLL,POLICE_CHECKPOINT,0.94
VEVENT_006642,2025-09-23 23:42:16,VEHICLE_00032,LOCATION_0117,SURVEILLANCE,POLICE_CHECKPOINT,0.86
VEVENT_006643,2025-03-24 22:49:48,VEHICLE_00750,LOCATION_0054,SURVEILLANCE,TOLL_PLAZA,0.94
VEVENT_006644,2026-04-10 02:52:12,VEHICLE_00361,LOCATION_0141,TOLL,ANPR_CAMERA,0.82
VEVENT_006645,2024-07-24 21:37:00,VEHICLE_00627,LOCATION_0112,CHECKPOINT,FIELD_SURVEILLANCE,0.87
VEVENT_006646,2024-08-04 02:14:05,VEHICLE_00317,LOCATION_0274,ANPR,POLICE_CHECKPOINT,0.93
VEVENT_006647,2025-06-20 08:25:46,VEHICLE_00192,LOCATION_0075,ANPR,TOLL_PLAZA,0.9
VEVENT_006648,2025-01-24 09:51:45,VEHICLE_00546,LOCATION_0229,SURVEILLANCE,FIELD_SURVEILLANCE,0.91
VEVENT_006649,2026-05-25 13:41:38,VEHICLE_00295,LOCATION_0139,CHECKPOINT,ANPR_CAMERA,0.84
VEVENT_006650,2025-08-29 03:55:30,VEHICLE_00469,LOCATION_0242,CHECKPOINT,TOLL_PLAZA,0.85
VEVENT_006651,2025-05-19 14:26:45,VEHICLE_00746,LOCATION_0269,ANPR,FIELD_SURVEILLANCE,0.82
VEVENT_006652,2025-04-26 20:58:52,VEHICLE_00416,LOCATION_0007,ANPR,TOLL_PLAZA,0.89
VEVENT_006653,2024-10-10 09:31:57,VEHICLE_00621,LOCATION_0288,CHECKPOINT,POLICE_CHECKPOINT,0.93
VEVENT_006654,2025-03-09 23:17:32,VEHICLE_00507,LOCATION_0088,ANPR,ANPR_CAMERA,0.84
VEVENT_006655,2024-06-06 10:43:34,VEHICLE_00170,LOCATION_0031,SURVEILLANCE,TOLL_PLAZA,0.91
VEVENT_006656,2025-06-09 18:52:55,VEHICLE_00359,LOCATION_0020,ANPR,FIELD_SURVEILLANCE,0.97
VEVENT_006657,2024-05-30 09:30:59,VEHICLE_00237,LOCATION_0062,ANPR,ANPR_CAMERA,0.86
VEVENT_006658,2025-02-15 02:09:51,VEHICLE_00324,LOCATION_0192,CHECKPOINT,ANPR_CAMERA,0.97
VEVENT_006659,2026-01-15 02:16:40,VEHICLE_00545,LOCATION_0196,CHECKPOINT,ANPR_CAMERA,0.83
VEVENT_006660,2024-07-17 11:00:32,VEHICLE_00014,LOCATION_0217,SURVEILLANCE,POLICE_CHECKPOINT,0.86
VEVENT_006661,2024-12-20 03:09:35,VEHICLE_00063,LOCATION_0229,CHECKPOINT,ANPR_CAMERA,0.81
VEVENT_006662,2025-12-29 03:27:43,VEHICLE_00286,LOCATION_0143,SURVEILLANCE,TOLL_PLAZA,0.86
VEVENT_006663,2024-12-12 00:01:43,VEHICLE_00664,LOCATION_0205,TOLL,ANPR_CAMERA,0.88
VEVENT_006664,2025-02-16 03:32:44,VEHICLE_00539,LOCATION_0091,ANPR,POLICE_CHECKPOINT,0.82
VEVENT_006665,2024-04-14 21:19:29,VEHICLE_00408,LOCATION_0188,TOLL,POLICE_CHECKPOINT,0.88
VEVENT_006666,2024-07-27 05:10:32,VEHICLE_00134,LOCATION_0004,TOLL,FIELD_SURVEILLANCE,0.84
VEVENT_006667,2025-02-23 23:37:34,VEHICLE_00219,LOCATION_0175,SURVEILLANCE,POLICE_CHECKPOINT,0.94
VEVENT_006668,2024-04-23 21:52:16,VEHICLE_00182,LOCATION_0214,TOLL,TOLL_PLAZA,0.84
VEVENT_006669,2025-11-04 05:58:25,VEHICLE_00348,LOCATION_0159,SURVEILLANCE,FIELD_SURVEILLANCE,0.95
VEVENT_006670,2025-02-09 19:55:28,VEHICLE_00158,LOCATION_0130,CHECKPOINT,POLICE_CHECKPOINT,0.94
VEVENT_006671,2025-06-25 05:44:34,VEHICLE_00080,LOCATION_0045,SURVEILLANCE,ANPR_CAMERA,0.81
VEVENT_006672,2025-06-16 02:41:46,VEHICLE_00087,LOCATION_0248,ANPR,POLICE_CHECKPOINT,0.96
VEVENT_006673,2026-06-20 12:56:53,VEHICLE_00110,LOCATION_0098,SURVEILLANCE,ANPR_CAMERA,0.91
VEVENT_006674,2025-10-30 00:50:19,VEHICLE_00023,LOCATION_0208,ANPR,ANPR_CAMERA,0.92
VEVENT_006675,2025-02-08 10:55:51,VEHICLE_00634,LOCATION_0224,TOLL,TOLL_PLAZA,0.92
VEVENT_006676,2025-06-30 02:56:48,VEHICLE_00456,LOCATION_0258,CHECKPOINT,POLICE_CHECKPOINT,0.87
VEVENT_006677,2026-02-04 06:17:44,VEHICLE_00307,LOCATION_0079,SURVEILLANCE,TOLL_PLAZA,0.91
VEVENT_006678,2025-08-27 08:08:06,VEHICLE_00285,LOCATION_0215,SURVEILLANCE,POLICE_CHECKPOINT,0.86
VEVENT_006679,2024-11-08 13:20:45,VEHICLE_00477,LOCATION_0158,TOLL,POLICE_CHECKPOINT,0.93
VEVENT_006680,2024-03-07 03:42:16,VEHICLE_00644,LOCATION_0044,ANPR,FIELD_SURVEILLANCE,0.93
VEVENT_006681,2026-05-24 16:14:23,VEHICLE_00007,LOCATION_0080,TOLL,FIELD_SURVEILLANCE,0.9
VEVENT_006682,2026-04-14 14:47:32,VEHICLE_00712,LOCATION_0290,SURVEILLANCE,POLICE_CHECKPOINT,0.94
VEVENT_006683,2024-07-16 12:59:54,VEHICLE_00443,LOCATION_0055,ANPR,FIELD_SURVEILLANCE,0.85
VEVENT_006684,2024-05-07 11:25:30,VEHICLE_00732,LOCATION_0240,SURVEILLANCE,TOLL_PLAZA,0.93
VEVENT_006685,2024-05-20 23:05:39,VEHICLE_00284,LOCATION_0285,CHECKPOINT,FIELD_SURVEILLANCE,0.88
VEVENT_006686,2024-05-27 05:52:45,VEHICLE_00554,LOCATION_0155,TOLL,ANPR_CAMERA,0.92
VEVENT_006687,2025-07-15 08:41:35,VEHICLE_00400,LOCATION_0133,SURVEILLANCE,ANPR_CAMERA,0.88
VEVENT_006688,2024-02-22 10:36:25,VEHICLE_00395,LOCATION_0126,SURVEILLANCE,FIELD_SURVEILLANCE,0.81
VEVENT_006689,2024-01-19 07:40:29,VEHICLE_00028,LOCATION_0158,ANPR,FIELD_SURVEILLANCE,0.8
VEVENT_006690,2024-12-12 23:33:06,VEHICLE_00213,LOCATION_0152,TOLL,ANPR_CAMERA,0.81
VEVENT_006691,2025-12-26 10:18:18,VEHICLE_00468,LOCATION_0187,SURVEILLANCE,TOLL_PLAZA,0.87
VEVENT_006692,2025-07-25 04:51:29,VEHICLE_00501,LOCATION_0193,SURVEILLANCE,POLICE_CHECKPOINT,0.88
VEVENT_006693,2024-10-15 21:27:39,VEHICLE_00111,LOCATION_0293,ANPR,POLICE_CHECKPOINT,0.94
VEVENT_006694,2025-03-18 06:41:25,VEHICLE_00446,LOCATION_0268,TOLL,POLICE_CHECKPOINT,0.91
VEVENT_006695,2026-04-17 14:58:30,VEHICLE_00096,LOCATION_0162,SURVEILLANCE,FIELD_SURVEILLANCE,0.95
VEVENT_006696,2026-01-27 04:33:17,VEHICLE_00620,LOCATION_0006,CHECKPOINT,ANPR_CAMERA,0.86
VEVENT_006697,2025-01-24 03:17:49,VEHICLE_00221,LOCATION_0297,CHECKPOINT,FIELD_SURVEILLANCE,0.94
VEVENT_006698,2024-01-28 11:00:13,VEHICLE_00074,LOCATION_0180,ANPR,TOLL_PLAZA,0.95
VEVENT_006699,2025-07-13 11:54:33,VEHICLE_00304,LOCATION_0149,CHECKPOINT,POLICE_CHECKPOINT,0.82
VEVENT_006700,2024-01-22 19:22:38,VEHICLE_00350,LOCATION_0249,SURVEILLANCE,FIELD_SURVEILLANCE,0.83
VEVENT_006701,2024-03-14 22:58:34,VEHICLE_00714,LOCATION_0278,ANPR,FIELD_SURVEILLANCE,0.89
VEVENT_006702,2025-11-24 15:08:12,VEHICLE_00454,LOCATION_0051,TOLL,FIELD_SURVEILLANCE,0.96
VEVENT_006703,2026-03-13 02:27:05,VEHICLE_00162,LOCATION_0251,SURVEILLANCE,TOLL_PLAZA,0.8
VEVENT_006704,2024-07-08 14:51:49,VEHICLE_00623,LOCATION_0064,TOLL,TOLL_PLAZA,0.86
VEVENT_006705,2025-03-15 18:05:12,VEHICLE_00403,LOCATION_0134,ANPR,POLICE_CHECKPOINT,0.87
VEVENT_006706,2024-11-06 06:44:47,VEHICLE_00500,LOCATION_0240,SURVEILLANCE,FIELD_SURVEILLANCE,0.87
VEVENT_006707,2024-09-08 11:08:23,VEHICLE_00192,LOCATION_0245,ANPR,FIELD_SURVEILLANCE,0.84
VEVENT_006708,2024-12-16 09:58:33,VEHICLE_00245,LOCATION_0295,ANPR,TOLL_PLAZA,0.81
VEVENT_006709,2024-05-30 01:45:56,VEHICLE_00027,LOCATION_0066,SURVEILLANCE,FIELD_SURVEILLANCE,0.8
VEVENT_006710,2026-03-13 12:23:47,VEHICLE_00570,LOCATION_0111,SURVEILLANCE,FIELD_SURVEILLANCE,0.91
VEVENT_006711,2025-08-18 15:00:56,VEHICLE_00109,LOCATION_0025,ANPR,POLICE_CHECKPOINT,0.85
VEVENT_006712,2024-12-20 17:57:17,VEHICLE_00208,LOCATION_0155,ANPR,POLICE_CHECKPOINT,0.96
VEVENT_006713,2024-02-13 10:14:26,VEHICLE_00023,LOCATION_0088,TOLL,FIELD_SURVEILLANCE,0.88
VEVENT_006714,2024-12-17 01:22:37,VEHICLE_00677,LOCATION_0001,SURVEILLANCE,POLICE_CHECKPOINT,0.92
VEVENT_006715,2025-05-12 18:23:30,VEHICLE_00488,LOCATION_0178,TOLL,POLICE_CHECKPOINT,0.84
VEVENT_006716,2024-03-16 04:38:38,VEHICLE_00264,LOCATION_0298,CHECKPOINT,ANPR_CAMERA,0.88
VEVENT_006717,2025-10-12 13:32:40,VEHICLE_00263,LOCATION_0072,TOLL,ANPR_CAMERA,0.91
VEVENT_006718,2024-04-26 07:07:00,VEHICLE_00074,LOCATION_0170,CHECKPOINT,ANPR_CAMERA,0.84
VEVENT_006719,2025-05-04 23:24:53,VEHICLE_00380,LOCATION_0195,ANPR,ANPR_CAMERA,0.95
VEVENT_006720,2025-05-18 20:19:47,VEHICLE_00137,LOCATION_0048,SURVEILLANCE,FIELD_SURVEILLANCE,0.84
VEVENT_006721,2025-02-17 00:15:40,VEHICLE_00387,LOCATION_0111,ANPR,FIELD_SURVEILLANCE,0.81
VEVENT_006722,2024-02-04 02:42:35,VEHICLE_00590,LOCATION_0153,TOLL,POLICE_CHECKPOINT,0.88
VEVENT_006723,2026-04-26 22:54:09,VEHICLE_00706,LOCATION_0009,ANPR,ANPR_CAMERA,0.81
VEVENT_006724,2026-03-28 04:33:54,VEHICLE_00068,LOCATION_0291,SURVEILLANCE,POLICE_CHECKPOINT,0.88
VEVENT_006725,2025-10-13 09:46:20,VEHICLE_00449,LOCATION_0171,SURVEILLANCE,TOLL_PLAZA,0.8
VEVENT_006726,2025-04-19 08:31:24,VEHICLE_00154,LOCATION_0185,CHECKPOINT,POLICE_CHECKPOINT,0.94
VEVENT_006727,2024-01-15 21:40:19,VEHICLE_00370,LOCATION_0021,CHECKPOINT,TOLL_PLAZA,0.84
VEVENT_006728,2025-08-31 18:35:39,VEHICLE_00334,LOCATION_0151,CHECKPOINT,ANPR_CAMERA,0.83
VEVENT_006729,2025-04-04 06:38:50,VEHICLE_00066,LOCATION_0121,SURVEILLANCE,TOLL_PLAZA,0.83
VEVENT_006730,2025-02-03 09:19:14,VEHICLE_00193,LOCATION_0141,ANPR,TOLL_PLAZA,0.96
VEVENT_006731,2024-06-21 02:19:46,VEHICLE_00353,LOCATION_0084,CHECKPOINT,FIELD_SURVEILLANCE,0.84
VEVENT_006732,2024-11-09 10:50:33,VEHICLE_00230,LOCATION_0031,TOLL,FIELD_SURVEILLANCE,0.96
VEVENT_006733,2026-06-16 03:37:55,VEHICLE_00215,LOCATION_0052,CHECKPOINT,FIELD_SURVEILLANCE,0.96
VEVENT_006734,2025-01-29 11:54:19,VEHICLE_00019,LOCATION_0022,ANPR,POLICE_CHECKPOINT,0.9
VEVENT_006735,2025-07-31 10:43:48,VEHICLE_00389,LOCATION_0197,TOLL,POLICE_CHECKPOINT,0.86
VEVENT_006736,2025-06-12 18:43:46,VEHICLE_00228,LOCATION_0232,TOLL,FIELD_SURVEILLANCE,0.91
VEVENT_006737,2024-10-07 17:11:19,VEHICLE_00205,LOCATION_0175,ANPR,ANPR_CAMERA,0.95
VEVENT_006738,2026-06-18 21:45:07,VEHICLE_00681,LOCATION_0120,SURVEILLANCE,FIELD_SURVEILLANCE,0.88
VEVENT_006739,2025-03-19 18:33:37,VEHICLE_00671,LOCATION_0120,CHECKPOINT,POLICE_CHECKPOINT,0.84
VEVENT_006740,2025-05-19 06:05:35,VEHICLE_00683,LOCATION_0037,SURVEILLANCE,POLICE_CHECKPOINT,0.94
VEVENT_006741,2025-09-10 19:58:34,VEHICLE_00754,LOCATION_0157,CHECKPOINT,POLICE_CHECKPOINT,0.9
VEVENT_006742,2026-03-19 11:39:13,VEHICLE_00479,LOCATION_0188,SURVEILLANCE,POLICE_CHECKPOINT,0.94
VEVENT_006743,2024-10-27 08:27:11,VEHICLE_00091,LOCATION_0165,CHECKPOINT,POLICE_CHECKPOINT,0.95
VEVENT_006744,2025-02-14 05:38:11,VEHICLE_00477,LOCATION_0188,TOLL,POLICE_CHECKPOINT,0.92
VEVENT_006745,2025-06-20 20:38:45,VEHICLE_00319,LOCATION_0169,ANPR,FIELD_SURVEILLANCE,0.9
VEVENT_006746,2026-06-12 05:32:05,VEHICLE_00412,LOCATION_0107,ANPR,FIELD_SURVEILLANCE,0.85
VEVENT_006747,2025-12-26 10:27:16,VEHICLE_00412,LOCATION_0267,CHECKPOINT,POLICE_CHECKPOINT,0.88
VEVENT_006748,2025-10-11 06:42:43,VEHICLE_00061,LOCATION_0073,TOLL,POLICE_CHECKPOINT,0.89
VEVENT_006749,2025-11-04 04:13:08,VEHICLE_00349,LOCATION_0299,CHECKPOINT,POLICE_CHECKPOINT,0.92
VEVENT_006750,2025-07-22 18:24:27,VEHICLE_00146,LOCATION_0176,CHECKPOINT,POLICE_CHECKPOINT,0.91
VEVENT_006751,2025-10-02 02:52:40,VEHICLE_00551,LOCATION_0240,CHECKPOINT,ANPR_CAMERA,0.92
VEVENT_006752,2024-04-27 01:04:41,VEHICLE_00441,LOCATION_0184,ANPR,FIELD_SURVEILLANCE,0.92
VEVENT_006753,2025-12-07 14:30:53,VEHICLE_00163,LOCATION_0110,CHECKPOINT,POLICE_CHECKPOINT,0.87
VEVENT_006754,2025-06-01 04:34:31,VEHICLE_00715,LOCATION_0118,TOLL,TOLL_PLAZA,0.89
VEVENT_006755,2025-08-05 02:02:22,VEHICLE_00720,LOCATION_0057,TOLL,TOLL_PLAZA,0.87
VEVENT_006756,2024-09-23 13:45:57,VEHICLE_00740,LOCATION_0202,CHECKPOINT,POLICE_CHECKPOINT,0.84
VEVENT_006757,2024-08-05 03:30:57,VEHICLE_00170,LOCATION_0191,SURVEILLANCE,FIELD_SURVEILLANCE,0.92
VEVENT_006758,2025-07-25 19:48:22,VEHICLE_00519,LOCATION_0192,SURVEILLANCE,FIELD_SURVEILLANCE,0.94
VEVENT_006759,2026-05-15 16:15:26,VEHICLE_00731,LOCATION_0088,CHECKPOINT,TOLL_PLAZA,0.86
VEVENT_006760,2024-11-22 23:09:36,VEHICLE_00357,LOCATION_0217,ANPR,POLICE_CHECKPOINT,0.9
VEVENT_006761,2024-02-28 13:44:17,VEHICLE_00607,LOCATION_0021,ANPR,POLICE_CHECKPOINT,0.91
VEVENT_006762,2026-02-27 20:04:48,VEHICLE_00375,LOCATION_0133,ANPR,ANPR_CAMERA,0.92
VEVENT_006763,2026-03-31 06:14:11,VEHICLE_00647,LOCATION_0059,ANPR,POLICE_CHECKPOINT,0.86
VEVENT_006764,2025-02-11 07:05:55,VEHICLE_00509,LOCATION_0172,SURVEILLANCE,FIELD_SURVEILLANCE,0.88
VEVENT_006765,2025-09-28 04:03:40,VEHICLE_00179,LOCATION_0267,TOLL,POLICE_CHECKPOINT,0.87
VEVENT_006766,2025-12-07 07:03:47,VEHICLE_00039,LOCATION_0108,TOLL,ANPR_CAMERA,0.83
VEVENT_006767,2025-09-30 20:10:12,VEHICLE_00107,LOCATION_0029,SURVEILLANCE,FIELD_SURVEILLANCE,0.92
VEVENT_006768,2025-03-19 00:22:05,VEHICLE_00482,LOCATION_0086,ANPR,ANPR_CAMERA,0.93
VEVENT_006769,2025-07-30 11:22:11,VEHICLE_00396,LOCATION_0299,CHECKPOINT,POLICE_CHECKPOINT,0.93
VEVENT_006770,2026-04-24 23:39:49,VEHICLE_00119,LOCATION_0022,ANPR,POLICE_CHECKPOINT,0.9
VEVENT_006771,2026-04-10 09:42:01,VEHICLE_00668,LOCATION_0142,ANPR,ANPR_CAMERA,0.89
VEVENT_006772,2025-09-09 12:55:56,VEHICLE_00641,LOCATION_0118,SURVEILLANCE,POLICE_CHECKPOINT,0.84
VEVENT_006773,2025-04-12 20:17:00,VEHICLE_00144,LOCATION_0229,TOLL,TOLL_PLAZA,0.92
VEVENT_006774,2025-11-18 12:20:10,VEHICLE_00425,LOCATION_0298,CHECKPOINT,FIELD_SURVEILLANCE,0.86
VEVENT_006775,2025-06-23 19:13:52,VEHICLE_00373,LOCATION_0287,SURVEILLANCE,FIELD_SURVEILLANCE,0.96
VEVENT_006776,2024-05-22 14:46:03,VEHICLE_00362,LOCATION_0229,TOLL,TOLL_PLAZA,0.97
VEVENT_006777,2025-06-14 21:17:37,VEHICLE_00758,LOCATION_0219,SURVEILLANCE,POLICE_CHECKPOINT,0.86
VEVENT_006778,2025-10-07 17:35:27,VEHICLE_00310,LOCATION_0120,ANPR,POLICE_CHECKPOINT,0.84
VEVENT_006779,2024-04-10 12:31:18,VEHICLE_00074,LOCATION_0250,TOLL,TOLL_PLAZA,0.93
VEVENT_006780,2024-04-22 23:35:12,VEHICLE_00093,LOCATION_0046,ANPR,TOLL_PLAZA,0.83
VEVENT_006781,2025-09-04 01:09:06,VEHICLE_00042,LOCATION_0021,TOLL,TOLL_PLAZA,0.91
VEVENT_006782,2024-09-20 10:19:48,VEHICLE_00221,LOCATION_0137,TOLL,ANPR_CAMERA,0.84
VEVENT_006783,2025-03-03 13:36:00,VEHICLE_00726,LOCATION_0263,ANPR,POLICE_CHECKPOINT,0.89
VEVENT_006784,2025-12-27 07:24:23,VEHICLE_00761,LOCATION_0026,CHECKPOINT,ANPR_CAMERA,0.96
VEVENT_006785,2025-09-14 20:56:54,VEHICLE_00203,LOCATION_0106,SURVEILLANCE,TOLL_PLAZA,0.82
VEVENT_006786,2026-01-04 13:32:52,VEHICLE_00104,LOCATION_0125,TOLL,ANPR_CAMERA,0.8
VEVENT_006787,2026-01-21 20:25:07,VEHICLE_00400,LOCATION_0053,SURVEILLANCE,ANPR_CAMERA,0.92
VEVENT_006788,2024-02-26 21:21:18,VEHICLE_00342,LOCATION_0172,TOLL,TOLL_PLAZA,0.86
VEVENT_006789,2025-12-19 08:23:12,VEHICLE_00592,LOCATION_0269,SURVEILLANCE,ANPR_CAMERA,0.97
VEVENT_006790,2025-08-01 16:08:51,VEHICLE_00014,LOCATION_0257,SURVEILLANCE,POLICE_CHECKPOINT,0.92
VEVENT_006791,2024-10-01 10:38:10,VEHICLE_00004,LOCATION_0102,TOLL,ANPR_CAMERA,0.89
VEVENT_006792,2026-03-08 03:47:09,VEHICLE_00357,LOCATION_0147,CHECKPOINT,TOLL_PLAZA,0.9
VEVENT_006793,2025-11-16 03:22:30,VEHICLE_00021,LOCATION_0073,CHECKPOINT,TOLL_PLAZA,0.81
VEVENT_006794,2026-06-18 15:40:04,VEHICLE_00181,LOCATION_0146,SURVEILLANCE,ANPR_CAMERA,0.94
VEVENT_006795,2024-05-08 23:52:14,VEHICLE_00672,LOCATION_0067,TOLL,FIELD_SURVEILLANCE,0.84
VEVENT_006796,2024-02-08 07:42:35,VEHICLE_00223,LOCATION_0262,ANPR,ANPR_CAMERA,0.93
VEVENT_006797,2025-01-27 08:53:04,VEHICLE_00246,LOCATION_0037,TOLL,TOLL_PLAZA,0.9
VEVENT_006798,2024-02-09 14:51:25,VEHICLE_00091,LOCATION_0235,SURVEILLANCE,POLICE_CHECKPOINT,0.92
VEVENT_006799,2026-03-18 09:48:22,VEHICLE_00485,LOCATION_0096,CHECKPOINT,POLICE_CHECKPOINT,0.91
VEVENT_006800,2024-08-11 19:36:24,VEHICLE_00740,LOCATION_0122,SURVEILLANCE,ANPR_CAMERA,0.82
VEVENT_006801,2025-12-12 22:49:06,VEHICLE_00407,LOCATION_0089,TOLL,TOLL_PLAZA,0.88
VEVENT_006802,2025-03-10 15:12:44,VEHICLE_00690,LOCATION_0266,TOLL,TOLL_PLAZA,0.83
VEVENT_006803,2024-03-09 04:36:57,VEHICLE_00080,LOCATION_0275,ANPR,ANPR_CAMERA,0.92
VEVENT_006804,2024-11-09 12:49:29,VEHICLE_00681,LOCATION_0200,CHECKPOINT,TOLL_PLAZA,0.94
VEVENT_006805,2026-01-20 04:36:25,VEHICLE_00232,LOCATION_0192,CHECKPOINT,TOLL_PLAZA,0.93
VEVENT_006806,2024-07-23 20:40:36,VEHICLE_00203,LOCATION_0256,CHECKPOINT,POLICE_CHECKPOINT,0.88
VEVENT_006807,2025-11-26 18:02:18,VEHICLE_00499,LOCATION_0242,CHECKPOINT,ANPR_CAMERA,0.86
VEVENT_006808,2026-06-14 13:40:59,VEHICLE_00322,LOCATION_0241,SURVEILLANCE,FIELD_SURVEILLANCE,0.94
VEVENT_006809,2025-10-21 21:17:03,VEHICLE_00750,LOCATION_0224,SURVEILLANCE,ANPR_CAMERA,0.82
VEVENT_006810,2024-05-13 10:28:23,VEHICLE_00241,LOCATION_0096,CHECKPOINT,TOLL_PLAZA,0.93
VEVENT_006811,2025-05-23 19:03:13,VEHICLE_00691,LOCATION_0031,SURVEILLANCE,ANPR_CAMERA,0.84
VEVENT_006812,2024-05-12 12:13:54,VEHICLE_00367,LOCATION_0079,SURVEILLANCE,ANPR_CAMERA,0.81
VEVENT_006813,2024-01-04 02:25:19,VEHICLE_00551,LOCATION_0150,TOLL,ANPR_CAMERA,0.86
VEVENT_006814,2025-07-25 18:07:57,VEHICLE_00219,LOCATION_0095,SURVEILLANCE,TOLL_PLAZA,0.84
VEVENT_006815,2024-12-20 13:29:19,VEHICLE_00694,LOCATION_0195,CHECKPOINT,FIELD_SURVEILLANCE,0.94
VEVENT_006816,2024-04-23 01:16:18,VEHICLE_00272,LOCATION_0288,CHECKPOINT,ANPR_CAMERA,0.91
VEVENT_006817,2024-11-22 06:13:07,VEHICLE_00095,LOCATION_0036,CHECKPOINT,FIELD_SURVEILLANCE,0.93
VEVENT_006818,2026-02-24 04:38:23,VEHICLE_00292,LOCATION_0103,SURVEILLANCE,POLICE_CHECKPOINT,0.95
VEVENT_006819,2025-12-04 20:03:32,VEHICLE_00155,LOCATION_0185,TOLL,FIELD_SURVEILLANCE,0.82
VEVENT_006820,2024-11-22 06:20:24,VEHICLE_00496,LOCATION_0278,SURVEILLANCE,POLICE_CHECKPOINT,0.81
VEVENT_006821,2026-04-23 21:03:06,VEHICLE_00514,LOCATION_0170,CHECKPOINT,FIELD_SURVEILLANCE,0.89
VEVENT_006822,2024-06-16 03:59:00,VEHICLE_00253,LOCATION_0034,CHECKPOINT,POLICE_CHECKPOINT,0.87
VEVENT_006823,2024-05-30 04:45:58,VEHICLE_00109,LOCATION_0225,CHECKPOINT,ANPR_CAMERA,0.97
VEVENT_006824,2024-04-02 04:15:36,VEHICLE_00434,LOCATION_0189,CHECKPOINT,POLICE_CHECKPOINT,0.91
VEVENT_006825,2024-06-28 13:44:57,VEHICLE_00747,LOCATION_0050,CHECKPOINT,TOLL_PLAZA,0.82
VEVENT_006826,2024-02-20 09:47:58,VEHICLE_00188,LOCATION_0240,SURVEILLANCE,ANPR_CAMERA,0.96
VEVENT_006827,2025-05-08 23:44:16,VEHICLE_00179,LOCATION_0037,TOLL,POLICE_CHECKPOINT,0.93
VEVENT_006828,2025-02-25 08:02:51,VEHICLE_00054,LOCATION_0050,SURVEILLANCE,ANPR_CAMERA,0.89
VEVENT_006829,2025-11-04 22:53:12,VEHICLE_00093,LOCATION_0046,TOLL,POLICE_CHECKPOINT,0.9
VEVENT_006830,2026-02-13 14:56:38,VEHICLE_00120,LOCATION_0256,TOLL,FIELD_SURVEILLANCE,0.81
VEVENT_006831,2025-04-17 20:59:17,VEHICLE_00272,LOCATION_0078,TOLL,ANPR_CAMERA,0.81
VEVENT_006832,2025-01-25 12:57:14,VEHICLE_00761,LOCATION_0296,TOLL,TOLL_PLAZA,0.89
VEVENT_006833,2025-09-03 10:14:36,VEHICLE_00590,LOCATION_0093,ANPR,FIELD_SURVEILLANCE,0.85
VEVENT_006834,2024-02-15 17:26:09,VEHICLE_00599,LOCATION_0021,ANPR,POLICE_CHECKPOINT,0.81
VEVENT_006835,2025-03-12 05:56:15,VEHICLE_00295,LOCATION_0269,TOLL,TOLL_PLAZA,0.86
VEVENT_006836,2024-05-01 18:37:13,VEHICLE_00202,LOCATION_0052,ANPR,TOLL_PLAZA,0.85
VEVENT_006837,2025-09-07 13:43:34,VEHICLE_00560,LOCATION_0291,ANPR,FIELD_SURVEILLANCE,0.84
VEVENT_006838,2026-01-25 10:02:20,VEHICLE_00316,LOCATION_0023,SURVEILLANCE,POLICE_CHECKPOINT,0.97
VEVENT_006839,2024-09-13 17:13:32,VEHICLE_00036,LOCATION_0042,TOLL,FIELD_SURVEILLANCE,0.88
VEVENT_006840,2025-02-25 13:23:15,VEHICLE_00138,LOCATION_0005,TOLL,POLICE_CHECKPOINT,0.88
VEVENT_006841,2025-10-27 15:08:52,VEHICLE_00652,LOCATION_0159,TOLL,TOLL_PLAZA,0.95
VEVENT_006842,2024-11-30 13:54:55,VEHICLE_00499,LOCATION_0082,TOLL,POLICE_CHECKPOINT,0.84
VEVENT_006843,2024-03-05 10:09:03,VEHICLE_00625,LOCATION_0224,CHECKPOINT,FIELD_SURVEILLANCE,0.96
VEVENT_006844,2024-02-21 05:03:22,VEHICLE_00083,LOCATION_0168,CHECKPOINT,POLICE_CHECKPOINT,0.96
VEVENT_006845,2026-01-08 07:32:56,VEHICLE_00430,LOCATION_0291,ANPR,ANPR_CAMERA,0.85
VEVENT_006846,2026-05-27 14:23:56,VEHICLE_00404,LOCATION_0237,ANPR,ANPR_CAMERA,0.81
VEVENT_006847,2025-10-10 19:16:32,VEHICLE_00762,LOCATION_0002,ANPR,ANPR_CAMERA,0.94
VEVENT_006848,2024-02-29 08:14:37,VEHICLE_00018,LOCATION_0130,SURVEILLANCE,ANPR_CAMERA,0.88
VEVENT_006849,2025-04-24 07:50:47,VEHICLE_00515,LOCATION_0192,CHECKPOINT,TOLL_PLAZA,0.85
VEVENT_006850,2024-06-13 02:39:03,VEHICLE_00276,LOCATION_0175,CHECKPOINT,FIELD_SURVEILLANCE,0.97
VEVENT_006851,2024-05-04 23:59:25,VEHICLE_00201,LOCATION_0071,TOLL,ANPR_CAMERA,0.83
VEVENT_006852,2025-07-09 00:05:11,VEHICLE_00707,LOCATION_0204,TOLL,TOLL_PLAZA,0.9
VEVENT_006853,2024-02-27 00:51:03,VEHICLE_00302,LOCATION_0194,SURVEILLANCE,TOLL_PLAZA,0.84
VEVENT_006854,2025-11-26 22:03:16,VEHICLE_00590,LOCATION_0063,ANPR,POLICE_CHECKPOINT,0.85
VEVENT_006855,2024-03-26 00:57:17,VEHICLE_00488,LOCATION_0278,ANPR,POLICE_CHECKPOINT,0.95
VEVENT_006856,2024-10-19 17:55:21,VEHICLE_00673,LOCATION_0126,ANPR,ANPR_CAMERA,0.88
VEVENT_006857,2025-07-06 16:52:20,VEHICLE_00029,LOCATION_0163,TOLL,FIELD_SURVEILLANCE,0.91
VEVENT_006858,2024-03-29 03:00:30,VEHICLE_00041,LOCATION_0287,CHECKPOINT,TOLL_PLAZA,0.89
VEVENT_006859,2024-06-05 06:32:20,VEHICLE_00395,LOCATION_0066,TOLL,TOLL_PLAZA,0.81
VEVENT_006860,2025-06-09 00:13:42,VEHICLE_00590,LOCATION_0053,TOLL,ANPR_CAMERA,0.96
VEVENT_006861,2024-11-11 12:43:34,VEHICLE_00290,LOCATION_0186,TOLL,ANPR_CAMERA,0.91
VEVENT_006862,2024-04-26 06:17:02,VEHICLE_00097,LOCATION_0155,TOLL,TOLL_PLAZA,0.87
VEVENT_006863,2025-02-05 04:15:06,VEHICLE_00562,LOCATION_0050,TOLL,TOLL_PLAZA,0.85
VEVENT_006864,2025-12-06 18:42:06,VEHICLE_00569,LOCATION_0034,TOLL,FIELD_SURVEILLANCE,0.9
VEVENT_006865,2025-07-19 07:16:00,VEHICLE_00078,LOCATION_0297,TOLL,POLICE_CHECKPOINT,0.93
VEVENT_006866,2025-12-23 05:12:45,VEHICLE_00230,LOCATION_0031,TOLL,POLICE_CHECKPOINT,0.86
VEVENT_006867,2026-01-02 20:44:47,VEHICLE_00361,LOCATION_0011,TOLL,FIELD_SURVEILLANCE,0.85
VEVENT_006868,2025-04-08 04:08:29,VEHICLE_00030,LOCATION_0279,TOLL,ANPR_CAMERA,0.92
VEVENT_006869,2024-12-17 11:14:34,VEHICLE_00052,LOCATION_0066,TOLL,TOLL_PLAZA,0.8
VEVENT_006870,2025-08-12 01:34:41,VEHICLE_00085,LOCATION_0267,TOLL,ANPR_CAMERA,0.96
VEVENT_006871,2026-05-05 12:27:41,VEHICLE_00074,LOCATION_0270,CHECKPOINT,TOLL_PLAZA,0.93
VEVENT_006872,2025-07-19 12:31:19,VEHICLE_00399,LOCATION_0215,CHECKPOINT,FIELD_SURVEILLANCE,0.84
VEVENT_006873,2024-08-03 05:16:23,VEHICLE_00252,LOCATION_0088,TOLL,TOLL_PLAZA,0.82
VEVENT_006874,2024-01-20 05:12:04,VEHICLE_00443,LOCATION_0105,SURVEILLANCE,ANPR_CAMERA,0.89
VEVENT_006875,2025-02-23 07:51:18,VEHICLE_00450,LOCATION_0145,SURVEILLANCE,POLICE_CHECKPOINT,0.83
VEVENT_006876,2026-02-16 15:36:57,VEHICLE_00321,LOCATION_0091,TOLL,POLICE_CHECKPOINT,0.84
VEVENT_006877,2024-02-22 00:31:07,VEHICLE_00244,LOCATION_0249,TOLL,POLICE_CHECKPOINT,0.83
VEVENT_006878,2026-05-29 07:58:50,VEHICLE_00010,LOCATION_0105,SURVEILLANCE,TOLL_PLAZA,0.93
VEVENT_006879,2024-05-05 16:39:02,VEHICLE_00637,LOCATION_0052,SURVEILLANCE,TOLL_PLAZA,0.95
VEVENT_006880,2024-07-04 11:42:54,VEHICLE_00581,LOCATION_0006,CHECKPOINT,ANPR_CAMERA,0.97
VEVENT_006881,2024-07-02 00:50:11,VEHICLE_00696,LOCATION_0041,ANPR,POLICE_CHECKPOINT,0.96
VEVENT_006882,2025-04-07 07:45:26,VEHICLE_00215,LOCATION_0242,ANPR,FIELD_SURVEILLANCE,0.94
VEVENT_006883,2024-02-11 01:17:23,VEHICLE_00374,LOCATION_0026,CHECKPOINT,POLICE_CHECKPOINT,0.94
VEVENT_006884,2024-06-18 15:50:19,VEHICLE_00706,LOCATION_0219,SURVEILLANCE,ANPR_CAMERA,0.92
VEVENT_006885,2025-05-25 16:27:49,VEHICLE_00478,LOCATION_0133,CHECKPOINT,ANPR_CAMERA,0.89
VEVENT_006886,2025-05-11 01:40:06,VEHICLE_00235,LOCATION_0232,ANPR,TOLL_PLAZA,0.87
VEVENT_006887,2025-12-19 12:36:50,VEHICLE_00651,LOCATION_0229,TOLL,ANPR_CAMERA,0.82
VEVENT_006888,2025-08-20 05:32:41,VEHICLE_00345,LOCATION_0033,TOLL,ANPR_CAMERA,0.91
VEVENT_006889,2024-03-31 16:21:05,VEHICLE_00038,LOCATION_0223,CHECKPOINT,FIELD_SURVEILLANCE,0.84
VEVENT_006890,2026-06-09 01:25:26,VEHICLE_00748,LOCATION_0195,ANPR,POLICE_CHECKPOINT,0.91
VEVENT_006891,2024-07-03 17:18:49,VEHICLE_00360,LOCATION_0114,TOLL,TOLL_PLAZA,0.95
VEVENT_006892,2024-07-22 05:13:34,VEHICLE_00392,LOCATION_0267,SURVEILLANCE,TOLL_PLAZA,0.89
VEVENT_006893,2025-03-10 00:11:43,VEHICLE_00584,LOCATION_0192,ANPR,FIELD_SURVEILLANCE,0.83
VEVENT_006894,2024-09-05 09:27:48,VEHICLE_00261,LOCATION_0261,SURVEILLANCE,TOLL_PLAZA,0.82
VEVENT_006895,2024-10-17 20:55:04,VEHICLE_00033,LOCATION_0123,CHECKPOINT,TOLL_PLAZA,0.92
VEVENT_006896,2026-06-13 05:36:30,VEHICLE_00090,LOCATION_0156,SURVEILLANCE,TOLL_PLAZA,0.89
VEVENT_006897,2026-05-29 12:04:10,VEHICLE_00165,LOCATION_0066,SURVEILLANCE,ANPR_CAMERA,0.8
VEVENT_006898,2025-12-26 21:20:57,VEHICLE_00077,LOCATION_0033,SURVEILLANCE,POLICE_CHECKPOINT,0.9
VEVENT_006899,2025-01-31 19:11:56,VEHICLE_00172,LOCATION_0252,ANPR,TOLL_PLAZA,0.88
VEVENT_006900,2025-07-03 05:28:49,VEHICLE_00014,LOCATION_0157,CHECKPOINT,FIELD_SURVEILLANCE,0.91
VEVENT_006901,2025-09-05 06:26:37,VEHICLE_00654,LOCATION_0146,CHECKPOINT,TOLL_PLAZA,0.84
VEVENT_006902,2025-03-24 05:30:22,VEHICLE_00205,LOCATION_0095,ANPR,ANPR_CAMERA,0.85
VEVENT_006903,2024-03-25 18:52:44,VEHICLE_00530,LOCATION_0014,ANPR,ANPR_CAMERA,0.82
VEVENT_006904,2025-06-27 11:29:38,VEHICLE_00224,LOCATION_0095,TOLL,ANPR_CAMERA,0.88
VEVENT_006905,2026-06-09 04:08:10,VEHICLE_00321,LOCATION_0231,SURVEILLANCE,TOLL_PLAZA,0.9
VEVENT_006906,2025-05-29 03:30:37,VEHICLE_00368,LOCATION_0223,SURVEILLANCE,ANPR_CAMERA,0.97
VEVENT_006907,2025-09-04 04:18:25,VEHICLE_00266,LOCATION_0176,TOLL,TOLL_PLAZA,0.9
VEVENT_006908,2024-03-03 15:40:24,VEHICLE_00458,LOCATION_0139,TOLL,TOLL_PLAZA,0.81
VEVENT_006909,2026-01-26 07:07:23,VEHICLE_00754,LOCATION_0197,CHECKPOINT,TOLL_PLAZA,0.86
VEVENT_006910,2025-04-08 11:41:02,VEHICLE_00098,LOCATION_0187,TOLL,POLICE_CHECKPOINT,0.81
VEVENT_006911,2025-01-08 17:12:16,VEHICLE_00041,LOCATION_0267,SURVEILLANCE,FIELD_SURVEILLANCE,0.8
VEVENT_006912,2025-07-08 14:59:39,VEHICLE_00020,LOCATION_0070,SURVEILLANCE,TOLL_PLAZA,0.93
VEVENT_006913,2024-06-14 12:44:08,VEHICLE_00358,LOCATION_0010,TOLL,POLICE_CHECKPOINT,0.93
VEVENT_006914,2024-04-30 06:09:33,VEHICLE_00350,LOCATION_0129,TOLL,TOLL_PLAZA,0.93
VEVENT_006915,2024-07-06 00:13:40,VEHICLE_00305,LOCATION_0146,CHECKPOINT,FIELD_SURVEILLANCE,0.81
VEVENT_006916,2024-12-06 08:35:43,VEHICLE_00111,LOCATION_0153,CHECKPOINT,FIELD_SURVEILLANCE,0.82
VEVENT_006917,2024-10-20 10:55:34,VEHICLE_00410,LOCATION_0278,TOLL,FIELD_SURVEILLANCE,0.89
VEVENT_006918,2024-06-25 13:49:39,VEHICLE_00105,LOCATION_0206,SURVEILLANCE,FIELD_SURVEILLANCE,0.84
VEVENT_006919,2024-06-27 18:37:10,VEHICLE_00490,LOCATION_0138,ANPR,TOLL_PLAZA,0.89
VEVENT_006920,2026-02-25 17:37:11,VEHICLE_00523,LOCATION_0188,SURVEILLANCE,TOLL_PLAZA,0.8
VEVENT_006921,2024-08-22 21:21:29,VEHICLE_00635,LOCATION_0168,TOLL,TOLL_PLAZA,0.87
VEVENT_006922,2025-07-20 13:43:12,VEHICLE_00129,LOCATION_0027,SURVEILLANCE,FIELD_SURVEILLANCE,0.91
VEVENT_006923,2025-10-20 08:20:54,VEHICLE_00508,LOCATION_0082,TOLL,TOLL_PLAZA,0.96
VEVENT_006924,2025-12-26 14:49:20,VEHICLE_00692,LOCATION_0190,TOLL,FIELD_SURVEILLANCE,0.93
VEVENT_006925,2024-09-24 16:16:16,VEHICLE_00458,LOCATION_0199,CHECKPOINT,POLICE_CHECKPOINT,0.91
VEVENT_006926,2025-10-20 21:38:48,VEHICLE_00198,LOCATION_0172,ANPR,FIELD_SURVEILLANCE,0.95
VEVENT_006927,2024-02-13 19:04:30,VEHICLE_00559,LOCATION_0126,TOLL,POLICE_CHECKPOINT,0.93
VEVENT_006928,2025-06-14 23:29:42,VEHICLE_00740,LOCATION_0282,CHECKPOINT,FIELD_SURVEILLANCE,0.94
VEVENT_006929,2026-03-18 19:06:59,VEHICLE_00191,LOCATION_0143,CHECKPOINT,ANPR_CAMERA,0.86
VEVENT_006930,2025-07-08 22:11:20,VEHICLE_00406,LOCATION_0198,ANPR,ANPR_CAMERA,0.96
VEVENT_006931,2024-12-29 21:55:05,VEHICLE_00257,LOCATION_0073,TOLL,FIELD_SURVEILLANCE,0.91
VEVENT_006932,2024-04-21 17:34:34,VEHICLE_00739,LOCATION_0004,ANPR,POLICE_CHECKPOINT,0.92
VEVENT_006933,2025-08-18 19:11:26,VEHICLE_00552,LOCATION_0015,SURVEILLANCE,ANPR_CAMERA,0.84
VEVENT_006934,2024-11-28 04:39:26,VEHICLE_00694,LOCATION_0275,SURVEILLANCE,TOLL_PLAZA,0.85
VEVENT_006935,2024-10-08 08:36:36,VEHICLE_00659,LOCATION_0250,CHECKPOINT,FIELD_SURVEILLANCE,0.9
VEVENT_006936,2025-09-28 08:19:43,VEHICLE_00680,LOCATION_0258,TOLL,FIELD_SURVEILLANCE,0.87
VEVENT_006937,2025-03-02 10:16:01,VEHICLE_00170,LOCATION_0081,CHECKPOINT,TOLL_PLAZA,0.9
VEVENT_006938,2025-04-18 14:01:56,VEHICLE_00503,LOCATION_0139,ANPR,ANPR_CAMERA,0.96
VEVENT_006939,2024-01-18 20:20:03,VEHICLE_00064,LOCATION_0003,TOLL,POLICE_CHECKPOINT,0.97
VEVENT_006940,2024-11-03 02:00:28,VEHICLE_00194,LOCATION_0029,TOLL,ANPR_CAMERA,0.89
VEVENT_006941,2024-02-11 08:03:23,VEHICLE_00445,LOCATION_0034,SURVEILLANCE,TOLL_PLAZA,0.87
VEVENT_006942,2025-06-18 20:24:50,VEHICLE_00453,LOCATION_0014,TOLL,ANPR_CAMERA,0.82
VEVENT_006943,2025-06-20 23:43:51,VEHICLE_00360,LOCATION_0044,ANPR,TOLL_PLAZA,0.92
VEVENT_006944,2024-06-29 01:54:27,VEHICLE_00082,LOCATION_0189,ANPR,ANPR_CAMERA,0.91
VEVENT_006945,2024-01-07 21:08:55,VEHICLE_00597,LOCATION_0291,SURVEILLANCE,POLICE_CHECKPOINT,0.94
VEVENT_006946,2024-11-15 09:38:07,VEHICLE_00186,LOCATION_0196,ANPR,ANPR_CAMERA,0.87
VEVENT_006947,2024-01-25 13:51:44,VEHICLE_00360,LOCATION_0074,SURVEILLANCE,ANPR_CAMERA,0.91
VEVENT_006948,2024-10-21 04:41:07,VEHICLE_00503,LOCATION_0249,TOLL,POLICE_CHECKPOINT,0.93
VEVENT_006949,2024-09-21 15:46:19,VEHICLE_00556,LOCATION_0209,CHECKPOINT,POLICE_CHECKPOINT,0.92
VEVENT_006950,2025-07-16 15:00:49,VEHICLE_00621,LOCATION_0268,TOLL,TOLL_PLAZA,0.83
VEVENT_006951,2025-04-16 02:00:06,VEHICLE_00086,LOCATION_0127,TOLL,TOLL_PLAZA,0.81
VEVENT_006952,2024-05-18 22:15:32,VEHICLE_00414,LOCATION_0034,ANPR,TOLL_PLAZA,0.93
VEVENT_006953,2025-03-29 10:02:07,VEHICLE_00185,LOCATION_0232,CHECKPOINT,FIELD_SURVEILLANCE,0.88
VEVENT_006954,2025-08-01 06:19:29,VEHICLE_00686,LOCATION_0183,CHECKPOINT,FIELD_SURVEILLANCE,0.89
VEVENT_006955,2025-12-23 13:22:19,VEHICLE_00412,LOCATION_0247,SURVEILLANCE,TOLL_PLAZA,0.96
VEVENT_006956,2025-07-20 13:51:24,VEHICLE_00346,LOCATION_0139,SURVEILLANCE,TOLL_PLAZA,0.88
VEVENT_006957,2024-05-21 04:33:06,VEHICLE_00208,LOCATION_0225,SURVEILLANCE,ANPR_CAMERA,0.87
VEVENT_006958,2026-03-25 13:38:11,VEHICLE_00583,LOCATION_0212,ANPR,FIELD_SURVEILLANCE,0.95
VEVENT_006959,2024-11-17 09:45:06,VEHICLE_00252,LOCATION_0078,TOLL,TOLL_PLAZA,0.86
VEVENT_006960,2025-11-04 08:46:47,VEHICLE_00382,LOCATION_0063,ANPR,FIELD_SURVEILLANCE,0.83
VEVENT_006961,2024-09-22 12:53:32,VEHICLE_00413,LOCATION_0089,CHECKPOINT,ANPR_CAMERA,0.84
VEVENT_006962,2025-03-01 21:47:37,VEHICLE_00346,LOCATION_0029,SURVEILLANCE,TOLL_PLAZA,0.89
VEVENT_006963,2025-03-13 22:57:17,VEHICLE_00681,LOCATION_0010,CHECKPOINT,FIELD_SURVEILLANCE,0.91
VEVENT_006964,2025-02-13 16:40:14,VEHICLE_00008,LOCATION_0198,CHECKPOINT,TOLL_PLAZA,0.81
VEVENT_006965,2025-06-04 20:33:43,VEHICLE_00015,LOCATION_0294,ANPR,TOLL_PLAZA,0.8
VEVENT_006966,2026-01-24 10:31:53,VEHICLE_00048,LOCATION_0136,SURVEILLANCE,POLICE_CHECKPOINT,0.93
VEVENT_006967,2025-11-12 22:15:56,VEHICLE_00302,LOCATION_0214,SURVEILLANCE,TOLL_PLAZA,0.85
VEVENT_006968,2024-07-07 20:33:21,VEHICLE_00547,LOCATION_0011,ANPR,FIELD_SURVEILLANCE,0.82
VEVENT_006969,2024-09-18 03:36:14,VEHICLE_00288,LOCATION_0172,ANPR,FIELD_SURVEILLANCE,0.92
VEVENT_006970,2026-02-26 08:54:40,VEHICLE_00057,LOCATION_0103,ANPR,ANPR_CAMERA,0.84
VEVENT_006971,2026-02-05 10:19:03,VEHICLE_00405,LOCATION_0194,TOLL,POLICE_CHECKPOINT,0.83
VEVENT_006972,2024-01-18 01:53:23,VEHICLE_00389,LOCATION_0257,CHECKPOINT,FIELD_SURVEILLANCE,0.89
VEVENT_006973,2025-11-06 01:20:01,VEHICLE_00054,LOCATION_0220,TOLL,TOLL_PLAZA,0.9
VEVENT_006974,2024-03-10 12:08:58,VEHICLE_00349,LOCATION_0029,CHECKPOINT,TOLL_PLAZA,0.89
VEVENT_006975,2025-05-18 19:11:46,VEHICLE_00358,LOCATION_0040,ANPR,ANPR_CAMERA,0.93
VEVENT_006976,2026-06-28 19:24:12,VEHICLE_00635,LOCATION_0068,SURVEILLANCE,FIELD_SURVEILLANCE,0.92
VEVENT_006977,2026-01-22 20:59:45,VEHICLE_00659,LOCATION_0300,SURVEILLANCE,ANPR_CAMERA,0.82
VEVENT_006978,2026-02-01 19:55:54,VEHICLE_00167,LOCATION_0287,TOLL,POLICE_CHECKPOINT,0.84
VEVENT_006979,2024-05-06 17:59:08,VEHICLE_00731,LOCATION_0088,TOLL,ANPR_CAMERA,0.91
VEVENT_006980,2025-05-12 06:31:11,VEHICLE_00509,LOCATION_0022,TOLL,POLICE_CHECKPOINT,0.92
VEVENT_006981,2024-05-24 05:57:27,VEHICLE_00049,LOCATION_0069,TOLL,ANPR_CAMERA,0.82
VEVENT_006982,2025-05-20 09:44:20,VEHICLE_00477,LOCATION_0078,SURVEILLANCE,POLICE_CHECKPOINT,0.8
VEVENT_006983,2025-04-16 11:58:57,VEHICLE_00525,LOCATION_0013,TOLL,FIELD_SURVEILLANCE,0.92
VEVENT_006984,2024-05-19 19:02:10,VEHICLE_00346,LOCATION_0249,CHECKPOINT,POLICE_CHECKPOINT,0.85
VEVENT_006985,2025-06-12 17:58:23,VEHICLE_00712,LOCATION_0260,SURVEILLANCE,POLICE_CHECKPOINT,0.85
VEVENT_006986,2024-03-28 00:33:27,VEHICLE_00116,LOCATION_0024,TOLL,TOLL_PLAZA,0.86
VEVENT_006987,2025-08-08 08:38:32,VEHICLE_00547,LOCATION_0161,ANPR,ANPR_CAMERA,0.9
VEVENT_006988,2024-01-23 23:20:02,VEHICLE_00400,LOCATION_0223,SURVEILLANCE,POLICE_CHECKPOINT,0.82
VEVENT_006989,2025-08-06 09:15:58,VEHICLE_00233,LOCATION_0019,CHECKPOINT,POLICE_CHECKPOINT,0.85
VEVENT_006990,2024-06-20 06:55:03,VEHICLE_00450,LOCATION_0045,CHECKPOINT,TOLL_PLAZA,0.83
VEVENT_006991,2025-05-14 21:49:55,VEHICLE_00259,LOCATION_0248,ANPR,POLICE_CHECKPOINT,0.81
VEVENT_006992,2025-01-15 03:59:33,VEHICLE_00671,LOCATION_0100,SURVEILLANCE,FIELD_SURVEILLANCE,0.86
VEVENT_006993,2025-08-08 04:16:33,VEHICLE_00293,LOCATION_0147,SURVEILLANCE,FIELD_SURVEILLANCE,0.86
VEVENT_006994,2025-09-03 22:53:22,VEHICLE_00633,LOCATION_0253,ANPR,POLICE_CHECKPOINT,0.95
VEVENT_006995,2024-09-01 02:45:24,VEHICLE_00092,LOCATION_0286,CHECKPOINT,FIELD_SURVEILLANCE,0.93
VEVENT_006996,2025-03-24 16:08:57,VEHICLE_00260,LOCATION_0143,SURVEILLANCE,POLICE_CHECKPOINT,0.96
VEVENT_006997,2025-12-15 01:05:32,VEHICLE_00469,LOCATION_0122,ANPR,POLICE_CHECKPOINT,0.94
VEVENT_006998,2025-09-04 09:46:24,VEHICLE_00530,LOCATION_0284,CHECKPOINT,TOLL_PLAZA,0.9
VEVENT_006999,2024-03-22 06:01:36,VEHICLE_00101,LOCATION_0194,CHECKPOINT,ANPR_CAMERA,0.83
VEVENT_007000,2026-04-20 22:42:00,VEHICLE_00543,LOCATION_0180,CHECKPOINT,FIELD_SURVEILLANCE,0.96
VEVENT_007001,2024-07-23 18:21:05,VEHICLE_00075,LOCATION_0286,TOLL,POLICE_CHECKPOINT,0.92
VEVENT_007002,2025-10-20 00:03:20,VEHICLE_00488,LOCATION_0108,TOLL,POLICE_CHECKPOINT,0.89
VEVENT_007003,2026-05-15 19:15:33,VEHICLE_00239,LOCATION_0054,ANPR,TOLL_PLAZA,0.83
VEVENT_007004,2024-06-06 04:08:52,VEHICLE_00085,LOCATION_0207,ANPR,POLICE_CHECKPOINT,0.87
VEVENT_007005,2025-07-04 02:32:33,VEHICLE_00493,LOCATION_0174,SURVEILLANCE,FIELD_SURVEILLANCE,0.86
VEVENT_007006,2025-09-24 20:10:44,VEHICLE_00005,LOCATION_0215,SURVEILLANCE,POLICE_CHECKPOINT,0.84
VEVENT_007007,2026-02-06 18:06:25,VEHICLE_00008,LOCATION_0118,TOLL,TOLL_PLAZA,0.85
VEVENT_007008,2025-07-05 13:27:18,VEHICLE_00178,LOCATION_0156,SURVEILLANCE,POLICE_CHECKPOINT,0.95
VEVENT_007009,2026-02-19 05:33:02,VEHICLE_00297,LOCATION_0087,ANPR,POLICE_CHECKPOINT,0.8
VEVENT_007010,2024-05-14 05:54:31,VEHICLE_00110,LOCATION_0298,SURVEILLANCE,TOLL_PLAZA,0.82
VEVENT_007011,2026-04-14 20:17:36,VEHICLE_00264,LOCATION_0288,SURVEILLANCE,FIELD_SURVEILLANCE,0.81
VEVENT_007012,2025-12-23 23:01:03,VEHICLE_00735,LOCATION_0086,CHECKPOINT,POLICE_CHECKPOINT,0.96
VEVENT_007013,2024-06-16 14:26:05,VEHICLE_00412,LOCATION_0007,CHECKPOINT,TOLL_PLAZA,0.96
VEVENT_007014,2025-09-12 01:18:38,VEHICLE_00141,LOCATION_0112,SURVEILLANCE,ANPR_CAMERA,0.81
VEVENT_007015,2025-01-28 20:44:42,VEHICLE_00139,LOCATION_0061,TOLL,ANPR_CAMERA,0.87
VEVENT_007016,2025-12-09 18:23:53,VEHICLE_00192,LOCATION_0075,CHECKPOINT,TOLL_PLAZA,0.94
VEVENT_007017,2025-10-15 01:38:54,VEHICLE_00665,LOCATION_0200,ANPR,ANPR_CAMERA,0.87
VEVENT_007018,2025-06-06 00:52:55,VEHICLE_00504,LOCATION_0284,ANPR,FIELD_SURVEILLANCE,0.92
VEVENT_007019,2025-10-14 01:04:39,VEHICLE_00585,LOCATION_0189,CHECKPOINT,FIELD_SURVEILLANCE,0.96
VEVENT_007020,2025-11-17 23:22:55,VEHICLE_00266,LOCATION_0276,CHECKPOINT,ANPR_CAMERA,0.88
VEVENT_007021,2026-01-08 21:09:43,VEHICLE_00481,LOCATION_0260,ANPR,TOLL_PLAZA,0.92
VEVENT_007022,2025-04-21 15:54:43,VEHICLE_00454,LOCATION_0221,CHECKPOINT,TOLL_PLAZA,0.91
VEVENT_007023,2024-01-03 01:50:41,VEHICLE_00161,LOCATION_0080,ANPR,TOLL_PLAZA,0.85
VEVENT_007024,2024-07-11 02:47:12,VEHICLE_00364,LOCATION_0212,TOLL,TOLL_PLAZA,0.95
VEVENT_007025,2025-04-27 08:50:59,VEHICLE_00433,LOCATION_0077,ANPR,ANPR_CAMERA,0.82
VEVENT_007026,2024-01-14 13:08:33,VEHICLE_00026,LOCATION_0254,ANPR,POLICE_CHECKPOINT,0.83
VEVENT_007027,2024-02-06 00:48:40,VEHICLE_00234,LOCATION_0227,SURVEILLANCE,POLICE_CHECKPOINT,0.92
VEVENT_007028,2026-05-07 15:52:58,VEHICLE_00292,LOCATION_0063,CHECKPOINT,FIELD_SURVEILLANCE,0.91
VEVENT_007029,2024-08-29 08:12:43,VEHICLE_00054,LOCATION_0150,SURVEILLANCE,FIELD_SURVEILLANCE,0.94
VEVENT_007030,2026-05-03 20:29:11,VEHICLE_00464,LOCATION_0047,TOLL,FIELD_SURVEILLANCE,0.89
VEVENT_007031,2025-01-26 09:34:19,VEHICLE_00288,LOCATION_0072,CHECKPOINT,ANPR_CAMERA,0.86
VEVENT_007032,2025-04-03 12:29:30,VEHICLE_00426,LOCATION_0250,SURVEILLANCE,FIELD_SURVEILLANCE,0.93
VEVENT_007033,2024-02-07 06:05:04,VEHICLE_00593,LOCATION_0051,ANPR,ANPR_CAMERA,0.85
VEVENT_007034,2024-06-08 21:11:37,VEHICLE_00021,LOCATION_0023,CHECKPOINT,ANPR_CAMERA,0.83
VEVENT_007035,2025-05-16 06:36:33,VEHICLE_00622,LOCATION_0261,ANPR,POLICE_CHECKPOINT,0.94
VEVENT_007036,2025-05-26 15:30:33,VEHICLE_00532,LOCATION_0225,SURVEILLANCE,POLICE_CHECKPOINT,0.81
VEVENT_007037,2026-01-20 13:06:36,VEHICLE_00219,LOCATION_0095,CHECKPOINT,POLICE_CHECKPOINT,0.89
VEVENT_007038,2025-04-03 03:18:27,VEHICLE_00634,LOCATION_0154,TOLL,FIELD_SURVEILLANCE,0.83
VEVENT_007039,2025-11-26 10:36:00,VEHICLE_00660,LOCATION_0144,SURVEILLANCE,TOLL_PLAZA,0.82
VEVENT_007040,2026-04-24 11:47:49,VEHICLE_00090,LOCATION_0086,SURVEILLANCE,TOLL_PLAZA,0.95
VEVENT_007041,2025-03-10 01:23:18,VEHICLE_00057,LOCATION_0113,ANPR,POLICE_CHECKPOINT,0.8
VEVENT_007042,2026-01-26 19:50:29,VEHICLE_00265,LOCATION_0217,TOLL,POLICE_CHECKPOINT,0.85
VEVENT_007043,2025-11-13 18:30:12,VEHICLE_00257,LOCATION_0143,SURVEILLANCE,ANPR_CAMERA,0.89
VEVENT_007044,2024-03-26 05:51:09,VEHICLE_00030,LOCATION_0179,TOLL,ANPR_CAMERA,0.83
VEVENT_007045,2025-06-05 17:55:45,VEHICLE_00041,LOCATION_0227,SURVEILLANCE,POLICE_CHECKPOINT,0.91
VEVENT_007046,2025-08-22 17:17:23,VEHICLE_00350,LOCATION_0259,SURVEILLANCE,FIELD_SURVEILLANCE,0.88
VEVENT_007047,2026-02-15 12:12:08,VEHICLE_00701,LOCATION_0117,TOLL,FIELD_SURVEILLANCE,0.94
VEVENT_007048,2025-04-30 20:24:39,VEHICLE_00468,LOCATION_0177,TOLL,FIELD_SURVEILLANCE,0.92
VEVENT_007049,2024-10-13 13:20:52,VEHICLE_00305,LOCATION_0096,ANPR,POLICE_CHECKPOINT,0.94
VEVENT_007050,2024-12-28 13:51:11,VEHICLE_00522,LOCATION_0108,TOLL,TOLL_PLAZA,0.8
VEVENT_007051,2024-03-31 01:15:42,VEHICLE_00353,LOCATION_0064,TOLL,FIELD_SURVEILLANCE,0.94
VEVENT_007052,2024-06-30 06:19:38,VEHICLE_00602,LOCATION_0064,ANPR,TOLL_PLAZA,0.91
VEVENT_007053,2026-05-06 13:06:09,VEHICLE_00527,LOCATION_0270,SURVEILLANCE,TOLL_PLAZA,0.88
VEVENT_007054,2024-04-02 11:31:22,VEHICLE_00191,LOCATION_0223,ANPR,FIELD_SURVEILLANCE,0.89
VEVENT_007055,2025-04-12 17:19:45,VEHICLE_00154,LOCATION_0135,CHECKPOINT,FIELD_SURVEILLANCE,0.8
VEVENT_007056,2025-03-22 01:55:39,VEHICLE_00273,LOCATION_0160,SURVEILLANCE,ANPR_CAMERA,0.8
VEVENT_007057,2025-01-28 10:18:07,VEHICLE_00408,LOCATION_0288,ANPR,ANPR_CAMERA,0.94
VEVENT_007058,2024-02-13 18:08:42,VEHICLE_00647,LOCATION_0019,SURVEILLANCE,TOLL_PLAZA,0.91
VEVENT_007059,2024-07-01 06:57:56,VEHICLE_00677,LOCATION_0171,SURVEILLANCE,ANPR_CAMERA,0.86
VEVENT_007060,2026-03-07 12:05:34,VEHICLE_00337,LOCATION_0283,SURVEILLANCE,TOLL_PLAZA,0.82
VEVENT_007061,2026-03-20 06:02:42,VEHICLE_00307,LOCATION_0029,ANPR,TOLL_PLAZA,0.86
VEVENT_007062,2026-05-23 15:24:40,VEHICLE_00434,LOCATION_0299,SURVEILLANCE,FIELD_SURVEILLANCE,0.96
VEVENT_007063,2024-10-04 09:13:30,VEHICLE_00323,LOCATION_0227,TOLL,FIELD_SURVEILLANCE,0.93
VEVENT_007064,2024-06-18 03:37:26,VEHICLE_00123,LOCATION_0009,TOLL,FIELD_SURVEILLANCE,0.87
VEVENT_007065,2024-07-25 02:31:58,VEHICLE_00755,LOCATION_0239,CHECKPOINT,POLICE_CHECKPOINT,0.8
VEVENT_007066,2026-04-10 00:09:56,VEHICLE_00547,LOCATION_0101,SURVEILLANCE,TOLL_PLAZA,0.96
VEVENT_007067,2024-10-01 21:50:27,VEHICLE_00105,LOCATION_0186,ANPR,TOLL_PLAZA,0.83
VEVENT_007068,2024-01-09 12:54:14,VEHICLE_00063,LOCATION_0139,TOLL,FIELD_SURVEILLANCE,0.85
VEVENT_007069,2024-09-15 03:04:40,VEHICLE_00628,LOCATION_0269,SURVEILLANCE,ANPR_CAMERA,0.87
VEVENT_007070,2026-04-22 15:38:50,VEHICLE_00011,LOCATION_0091,CHECKPOINT,ANPR_CAMERA,0.9
VEVENT_007071,2024-12-16 19:56:30,VEHICLE_00534,LOCATION_0277,CHECKPOINT,ANPR_CAMERA,0.91
VEVENT_007072,2025-10-04 15:59:30,VEHICLE_00576,LOCATION_0270,ANPR,FIELD_SURVEILLANCE,0.81
VEVENT_007073,2025-01-02 03:17:17,VEHICLE_00715,LOCATION_0208,TOLL,ANPR_CAMERA,0.84
VEVENT_007074,2026-03-15 14:20:29,VEHICLE_00114,LOCATION_0268,SURVEILLANCE,POLICE_CHECKPOINT,0.89
VEVENT_007075,2024-08-07 19:06:24,VEHICLE_00491,LOCATION_0240,TOLL,ANPR_CAMERA,0.95
VEVENT_007076,2024-09-01 07:38:24,VEHICLE_00325,LOCATION_0145,SURVEILLANCE,TOLL_PLAZA,0.94
VEVENT_007077,2025-09-26 20:36:39,VEHICLE_00431,LOCATION_0015,TOLL,ANPR_CAMERA,0.91
VEVENT_007078,2026-05-04 18:03:18,VEHICLE_00700,LOCATION_0288,CHECKPOINT,ANPR_CAMERA,0.88
VEVENT_007079,2025-01-26 03:46:30,VEHICLE_00548,LOCATION_0109,ANPR,TOLL_PLAZA,0.91
VEVENT_007080,2024-11-11 16:28:49,VEHICLE_00411,LOCATION_0231,TOLL,TOLL_PLAZA,0.93
VEVENT_007081,2026-06-02 01:17:56,VEHICLE_00455,LOCATION_0215,SURVEILLANCE,TOLL_PLAZA,0.94
VEVENT_007082,2026-05-04 05:12:55,VEHICLE_00332,LOCATION_0160,TOLL,TOLL_PLAZA,0.82
VEVENT_007083,2026-04-28 01:06:31,VEHICLE_00527,LOCATION_0140,CHECKPOINT,TOLL_PLAZA,0.86
VEVENT_007084,2026-03-18 04:44:19,VEHICLE_00500,LOCATION_0170,TOLL,ANPR_CAMERA,0.82
VEVENT_007085,2024-08-17 10:47:13,VEHICLE_00509,LOCATION_0182,SURVEILLANCE,FIELD_SURVEILLANCE,0.89
VEVENT_007086,2024-11-04 00:14:09,VEHICLE_00459,LOCATION_0047,ANPR,POLICE_CHECKPOINT,0.84
VEVENT_007087,2025-08-13 01:08:59,VEHICLE_00279,LOCATION_0117,SURVEILLANCE,FIELD_SURVEILLANCE,0.93
VEVENT_007088,2024-09-27 07:59:32,VEHICLE_00717,LOCATION_0201,SURVEILLANCE,TOLL_PLAZA,0.89
VEVENT_007089,2025-04-21 22:47:49,VEHICLE_00434,LOCATION_0149,ANPR,ANPR_CAMERA,0.93
VEVENT_007090,2025-05-18 11:48:17,VEHICLE_00397,LOCATION_0171,TOLL,POLICE_CHECKPOINT,0.96
VEVENT_007091,2024-01-18 06:51:07,VEHICLE_00537,LOCATION_0221,CHECKPOINT,FIELD_SURVEILLANCE,0.85
VEVENT_007092,2024-02-07 01:38:45,VEHICLE_00587,LOCATION_0180,ANPR,FIELD_SURVEILLANCE,0.82
VEVENT_007093,2026-01-03 16:29:50,VEHICLE_00159,LOCATION_0049,TOLL,ANPR_CAMERA,0.89
VEVENT_007094,2024-03-19 11:38:32,VEHICLE_00501,LOCATION_0093,TOLL,ANPR_CAMERA,0.93
VEVENT_007095,2026-04-26 08:25:11,VEHICLE_00260,LOCATION_0223,TOLL,TOLL_PLAZA,0.85
VEVENT_007096,2024-04-26 16:48:22,VEHICLE_00253,LOCATION_0054,TOLL,TOLL_PLAZA,0.82
VEVENT_007097,2025-10-07 06:58:07,VEHICLE_00604,LOCATION_0063,SURVEILLANCE,TOLL_PLAZA,0.94
VEVENT_007098,2024-09-29 21:41:51,VEHICLE_00034,LOCATION_0056,ANPR,POLICE_CHECKPOINT,0.83
VEVENT_007099,2024-05-24 04:19:27,VEHICLE_00172,LOCATION_0102,CHECKPOINT,ANPR_CAMERA,0.89
VEVENT_007100,2025-05-16 17:05:52,VEHICLE_00653,LOCATION_0204,TOLL,FIELD_SURVEILLANCE,0.83
VEVENT_007101,2024-02-13 22:00:40,VEHICLE_00629,LOCATION_0273,ANPR,FIELD_SURVEILLANCE,0.96
VEVENT_007102,2025-02-24 22:33:48,VEHICLE_00154,LOCATION_0235,SURVEILLANCE,ANPR_CAMERA,0.8
VEVENT_007103,2026-05-14 05:23:39,VEHICLE_00098,LOCATION_0207,CHECKPOINT,FIELD_SURVEILLANCE,0.84
VEVENT_007104,2025-06-10 18:25:08,VEHICLE_00335,LOCATION_0222,TOLL,POLICE_CHECKPOINT,0.8
VEVENT_007105,2025-11-17 13:26:03,VEHICLE_00251,LOCATION_0155,SURVEILLANCE,ANPR_CAMERA,0.91
VEVENT_007106,2025-03-09 05:47:42,VEHICLE_00313,LOCATION_0126,CHECKPOINT,ANPR_CAMERA,0.81
VEVENT_007107,2026-03-01 20:37:45,VEHICLE_00354,LOCATION_0130,SURVEILLANCE,ANPR_CAMERA,0.85
VEVENT_007108,2025-03-06 12:28:55,VEHICLE_00373,LOCATION_0237,TOLL,ANPR_CAMERA,0.84
VEVENT_007109,2025-10-06 00:23:00,VEHICLE_00593,LOCATION_0161,CHECKPOINT,TOLL_PLAZA,0.96
VEVENT_007110,2024-03-01 03:54:38,VEHICLE_00350,LOCATION_0149,SURVEILLANCE,TOLL_PLAZA,0.9
VEVENT_007111,2025-03-07 01:59:55,VEHICLE_00140,LOCATION_0103,CHECKPOINT,POLICE_CHECKPOINT,0.81
VEVENT_007112,2025-01-06 17:11:40,VEHICLE_00680,LOCATION_0098,ANPR,FIELD_SURVEILLANCE,0.84
VEVENT_007113,2025-07-19 08:55:27,VEHICLE_00062,LOCATION_0222,ANPR,FIELD_SURVEILLANCE,0.84
VEVENT_007114,2025-02-15 20:35:11,VEHICLE_00378,LOCATION_0270,TOLL,TOLL_PLAZA,0.81
VEVENT_007115,2025-03-12 11:13:42,VEHICLE_00349,LOCATION_0049,TOLL,TOLL_PLAZA,0.85
VEVENT_007116,2024-10-05 11:16:17,VEHICLE_00185,LOCATION_0092,ANPR,ANPR_CAMERA,0.96
VEVENT_007117,2024-05-10 04:40:05,VEHICLE_00746,LOCATION_0229,ANPR,FIELD_SURVEILLANCE,0.88
VEVENT_007118,2024-07-11 12:10:18,VEHICLE_00679,LOCATION_0022,CHECKPOINT,ANPR_CAMERA,0.88
VEVENT_007119,2025-12-24 18:33:18,VEHICLE_00694,LOCATION_0035,CHECKPOINT,FIELD_SURVEILLANCE,0.95
VEVENT_007120,2025-10-09 22:48:29,VEHICLE_00248,LOCATION_0209,ANPR,TOLL_PLAZA,0.87
VEVENT_007121,2024-10-28 02:55:03,VEHICLE_00584,LOCATION_0172,TOLL,ANPR_CAMERA,0.96
VEVENT_007122,2024-04-14 14:33:30,VEHICLE_00483,LOCATION_0235,TOLL,TOLL_PLAZA,0.81
VEVENT_007123,2024-12-24 04:33:09,VEHICLE_00350,LOCATION_0299,ANPR,FIELD_SURVEILLANCE,0.94
VEVENT_007124,2026-03-07 00:57:18,VEHICLE_00718,LOCATION_0131,TOLL,FIELD_SURVEILLANCE,0.86
VEVENT_007125,2025-04-12 23:18:52,VEHICLE_00762,LOCATION_0102,TOLL,TOLL_PLAZA,0.9
VEVENT_007126,2026-01-07 23:16:42,VEHICLE_00050,LOCATION_0127,SURVEILLANCE,ANPR_CAMERA,0.89
VEVENT_007127,2024-01-18 22:53:10,VEHICLE_00726,LOCATION_0133,CHECKPOINT,TOLL_PLAZA,0.85
VEVENT_007128,2024-11-26 03:50:50,VEHICLE_00665,LOCATION_0290,SURVEILLANCE,ANPR_CAMERA,0.85
VEVENT_007129,2024-05-06 03:43:00,VEHICLE_00435,LOCATION_0112,TOLL,FIELD_SURVEILLANCE,0.81
VEVENT_007130,2025-08-13 04:21:31,VEHICLE_00123,LOCATION_0189,ANPR,FIELD_SURVEILLANCE,0.81
VEVENT_007131,2025-11-30 03:53:04,VEHICLE_00166,LOCATION_0140,CHECKPOINT,FIELD_SURVEILLANCE,0.82
VEVENT_007132,2024-03-03 11:19:33,VEHICLE_00287,LOCATION_0166,SURVEILLANCE,ANPR_CAMERA,0.82
VEVENT_007133,2026-05-02 06:14:57,VEHICLE_00577,LOCATION_0286,ANPR,FIELD_SURVEILLANCE,0.96
VEVENT_007134,2026-02-17 00:32:59,VEHICLE_00395,LOCATION_0226,SURVEILLANCE,TOLL_PLAZA,0.93
VEVENT_007135,2026-02-20 09:56:19,VEHICLE_00646,LOCATION_0014,SURVEILLANCE,ANPR_CAMERA,0.93
VEVENT_007136,2025-02-15 02:14:54,VEHICLE_00001,LOCATION_0208,CHECKPOINT,ANPR_CAMERA,0.88
VEVENT_007137,2025-03-02 05:21:38,VEHICLE_00092,LOCATION_0116,SURVEILLANCE,POLICE_CHECKPOINT,0.88
VEVENT_007138,2025-09-20 19:45:30,VEHICLE_00299,LOCATION_0141,TOLL,ANPR_CAMERA,0.95
VEVENT_007139,2025-11-30 20:49:29,VEHICLE_00206,LOCATION_0187,TOLL,TOLL_PLAZA,0.83
VEVENT_007140,2024-10-12 11:13:36,VEHICLE_00531,LOCATION_0102,SURVEILLANCE,POLICE_CHECKPOINT,0.9
VEVENT_007141,2024-02-19 22:49:48,VEHICLE_00669,LOCATION_0198,SURVEILLANCE,ANPR_CAMERA,0.83
VEVENT_007142,2025-02-16 10:48:28,VEHICLE_00553,LOCATION_0200,TOLL,POLICE_CHECKPOINT,0.82
VEVENT_007143,2026-05-22 07:22:48,VEHICLE_00103,LOCATION_0075,CHECKPOINT,TOLL_PLAZA,0.8
VEVENT_007144,2025-07-05 12:07:35,VEHICLE_00291,LOCATION_0107,SURVEILLANCE,ANPR_CAMERA,0.94
VEVENT_007145,2025-05-05 11:40:44,VEHICLE_00477,LOCATION_0008,ANPR,FIELD_SURVEILLANCE,0.84
VEVENT_007146,2024-02-03 07:58:23,VEHICLE_00036,LOCATION_0062,SURVEILLANCE,TOLL_PLAZA,0.88
VEVENT_007147,2024-07-14 01:24:22,VEHICLE_00250,LOCATION_0280,ANPR,POLICE_CHECKPOINT,0.94
VEVENT_007148,2026-01-06 06:28:09,VEHICLE_00112,LOCATION_0054,TOLL,ANPR_CAMERA,0.85
VEVENT_007149,2024-04-29 12:32:44,VEHICLE_00001,LOCATION_0178,SURVEILLANCE,ANPR_CAMERA,0.95
VEVENT_007150,2025-03-29 16:53:08,VEHICLE_00731,LOCATION_0228,CHECKPOINT,FIELD_SURVEILLANCE,0.86
VEVENT_007151,2026-05-30 10:02:56,VEHICLE_00708,LOCATION_0029,CHECKPOINT,POLICE_CHECKPOINT,0.92
VEVENT_007152,2024-04-04 11:04:09,VEHICLE_00217,LOCATION_0131,SURVEILLANCE,ANPR_CAMERA,0.93
VEVENT_007153,2025-04-10 11:56:32,VEHICLE_00478,LOCATION_0113,TOLL,TOLL_PLAZA,0.93
VEVENT_007154,2024-02-08 20:09:22,VEHICLE_00693,LOCATION_0245,ANPR,TOLL_PLAZA,0.89
VEVENT_007155,2024-07-14 20:28:51,VEHICLE_00373,LOCATION_0267,TOLL,ANPR_CAMERA,0.9
VEVENT_007156,2025-02-19 12:43:58,VEHICLE_00637,LOCATION_0162,CHECKPOINT,POLICE_CHECKPOINT,0.95
VEVENT_007157,2024-09-04 06:43:32,VEHICLE_00612,LOCATION_0158,ANPR,ANPR_CAMERA,0.96
VEVENT_007158,2024-07-23 18:34:04,VEHICLE_00119,LOCATION_0192,TOLL,POLICE_CHECKPOINT,0.95
VEVENT_007159,2024-01-20 23:16:49,VEHICLE_00064,LOCATION_0073,ANPR,ANPR_CAMERA,0.82
VEVENT_007160,2024-03-16 09:57:34,VEHICLE_00677,LOCATION_0201,SURVEILLANCE,FIELD_SURVEILLANCE,0.85
VEVENT_007161,2024-11-18 21:11:49,VEHICLE_00456,LOCATION_0178,TOLL,ANPR_CAMERA,0.8
VEVENT_007162,2026-06-11 08:27:17,VEHICLE_00711,LOCATION_0169,CHECKPOINT,TOLL_PLAZA,0.94
VEVENT_007163,2024-08-22 18:00:43,VEHICLE_00626,LOCATION_0186,ANPR,POLICE_CHECKPOINT,0.88
VEVENT_007164,2024-03-27 16:52:56,VEHICLE_00179,LOCATION_0037,SURVEILLANCE,POLICE_CHECKPOINT,0.87
VEVENT_007165,2024-04-04 13:02:26,VEHICLE_00492,LOCATION_0042,ANPR,POLICE_CHECKPOINT,0.84
VEVENT_007166,2024-12-07 06:04:53,VEHICLE_00282,LOCATION_0021,SURVEILLANCE,POLICE_CHECKPOINT,0.85
VEVENT_007167,2025-05-09 19:42:25,VEHICLE_00564,LOCATION_0094,SURVEILLANCE,TOLL_PLAZA,0.9
VEVENT_007168,2024-04-08 08:55:43,VEHICLE_00207,LOCATION_0219,SURVEILLANCE,FIELD_SURVEILLANCE,0.93
VEVENT_007169,2025-12-25 14:49:25,VEHICLE_00758,LOCATION_0139,CHECKPOINT,ANPR_CAMERA,0.93
VEVENT_007170,2024-02-15 14:03:41,VEHICLE_00550,LOCATION_0042,ANPR,POLICE_CHECKPOINT,0.82
VEVENT_007171,2025-12-06 16:53:05,VEHICLE_00558,LOCATION_0081,ANPR,TOLL_PLAZA,0.9
VEVENT_007172,2025-11-19 18:28:53,VEHICLE_00281,LOCATION_0268,SURVEILLANCE,ANPR_CAMERA,0.85
VEVENT_007173,2024-03-22 06:17:34,VEHICLE_00630,LOCATION_0031,SURVEILLANCE,ANPR_CAMERA,0.87
VEVENT_007174,2025-10-10 15:17:42,VEHICLE_00166,LOCATION_0040,TOLL,FIELD_SURVEILLANCE,0.89
VEVENT_007175,2026-01-23 02:33:38,VEHICLE_00272,LOCATION_0068,ANPR,TOLL_PLAZA,0.9
VEVENT_007176,2025-05-17 01:29:13,VEHICLE_00689,LOCATION_0080,ANPR,POLICE_CHECKPOINT,0.81
VEVENT_007177,2026-01-12 19:17:34,VEHICLE_00293,LOCATION_0207,ANPR,POLICE_CHECKPOINT,0.9
VEVENT_007178,2024-01-18 16:10:53,VEHICLE_00208,LOCATION_0035,TOLL,POLICE_CHECKPOINT,0.91
VEVENT_007179,2025-05-24 18:59:00,VEHICLE_00447,LOCATION_0049,ANPR,POLICE_CHECKPOINT,0.86
VEVENT_007180,2025-08-20 21:16:06,VEHICLE_00113,LOCATION_0116,TOLL,ANPR_CAMERA,0.85
VEVENT_007181,2026-04-29 05:45:33,VEHICLE_00377,LOCATION_0221,ANPR,FIELD_SURVEILLANCE,0.84
VEVENT_007182,2025-01-08 17:10:36,VEHICLE_00452,LOCATION_0141,TOLL,POLICE_CHECKPOINT,0.92
VEVENT_007183,2025-07-03 10:56:44,VEHICLE_00466,LOCATION_0112,ANPR,FIELD_SURVEILLANCE,0.83
VEVENT_007184,2025-05-10 08:19:28,VEHICLE_00502,LOCATION_0063,ANPR,ANPR_CAMERA,0.96
VEVENT_007185,2024-01-06 20:52:33,VEHICLE_00296,LOCATION_0140,TOLL,FIELD_SURVEILLANCE,0.83
VEVENT_007186,2025-09-09 07:24:53,VEHICLE_00372,LOCATION_0244,CHECKPOINT,ANPR_CAMERA,0.88
VEVENT_007187,2024-03-28 18:24:06,VEHICLE_00645,LOCATION_0273,CHECKPOINT,FIELD_SURVEILLANCE,0.96
VEVENT_007188,2024-12-18 22:27:24,VEHICLE_00477,LOCATION_0168,TOLL,ANPR_CAMERA,0.85
VEVENT_007189,2025-08-25 07:23:50,VEHICLE_00345,LOCATION_0133,CHECKPOINT,TOLL_PLAZA,0.81
VEVENT_007190,2025-11-11 10:04:56,VEHICLE_00242,LOCATION_0257,TOLL,FIELD_SURVEILLANCE,0.85
VEVENT_007191,2025-01-21 06:00:22,VEHICLE_00601,LOCATION_0281,CHECKPOINT,POLICE_CHECKPOINT,0.88
VEVENT_007192,2025-08-24 12:34:45,VEHICLE_00144,LOCATION_0269,SURVEILLANCE,POLICE_CHECKPOINT,0.91
VEVENT_007193,2025-12-24 05:56:46,VEHICLE_00513,LOCATION_0100,SURVEILLANCE,FIELD_SURVEILLANCE,0.93
VEVENT_007194,2024-05-28 11:05:26,VEHICLE_00683,LOCATION_0287,SURVEILLANCE,TOLL_PLAZA,0.89
VEVENT_007195,2025-06-23 13:52:14,VEHICLE_00551,LOCATION_0040,CHECKPOINT,ANPR_CAMERA,0.94
VEVENT_007196,2026-05-20 02:40:25,VEHICLE_00670,LOCATION_0039,SURVEILLANCE,FIELD_SURVEILLANCE,0.86
VEVENT_007197,2024-01-24 12:39:50,VEHICLE_00337,LOCATION_0293,SURVEILLANCE,ANPR_CAMERA,0.89
VEVENT_007198,2024-09-25 11:13:03,VEHICLE_00560,LOCATION_0061,CHECKPOINT,FIELD_SURVEILLANCE,0.87
VEVENT_007199,2024-11-24 16:19:18,VEHICLE_00096,LOCATION_0132,CHECKPOINT,TOLL_PLAZA,0.86
VEVENT_007200,2025-12-16 23:51:39,VEHICLE_00656,LOCATION_0246,ANPR,TOLL_PLAZA,0.86
VEVENT_007201,2024-10-11 17:55:42,VEHICLE_00574,LOCATION_0124,ANPR,POLICE_CHECKPOINT,0.96
VEVENT_007202,2025-04-28 08:32:54,VEHICLE_00605,LOCATION_0185,CHECKPOINT,ANPR_CAMERA,0.97
VEVENT_007203,2024-03-19 16:59:10,VEHICLE_00281,LOCATION_0058,ANPR,TOLL_PLAZA,0.86
VEVENT_007204,2026-02-01 08:51:19,VEHICLE_00545,LOCATION_0136,ANPR,FIELD_SURVEILLANCE,0.82
VEVENT_007205,2024-10-31 19:50:30,VEHICLE_00159,LOCATION_0119,CHECKPOINT,ANPR_CAMERA,0.92
VEVENT_007206,2024-01-09 07:49:34,VEHICLE_00702,LOCATION_0106,ANPR,FIELD_SURVEILLANCE,0.84
VEVENT_007207,2026-06-27 18:00:22,VEHICLE_00032,LOCATION_0087,CHECKPOINT,ANPR_CAMERA,0.81
VEVENT_007208,2024-03-14 17:32:53,VEHICLE_00329,LOCATION_0001,ANPR,TOLL_PLAZA,0.85
VEVENT_007209,2025-06-03 00:15:56,VEHICLE_00664,LOCATION_0085,SURVEILLANCE,TOLL_PLAZA,0.93
VEVENT_007210,2024-04-24 02:22:12,VEHICLE_00702,LOCATION_0196,ANPR,TOLL_PLAZA,0.94
VEVENT_007211,2025-01-26 15:10:40,VEHICLE_00310,LOCATION_0280,SURVEILLANCE,TOLL_PLAZA,0.93
VEVENT_007212,2024-05-22 19:18:06,VEHICLE_00390,LOCATION_0100,SURVEILLANCE,FIELD_SURVEILLANCE,0.93
VEVENT_007213,2025-11-06 14:39:50,VEHICLE_00407,LOCATION_0039,TOLL,ANPR_CAMERA,0.93
VEVENT_007214,2024-03-09 14:05:30,VEHICLE_00184,LOCATION_0044,TOLL,TOLL_PLAZA,0.93
VEVENT_007215,2025-10-25 12:22:58,VEHICLE_00709,LOCATION_0195,SURVEILLANCE,TOLL_PLAZA,0.88
VEVENT_007216,2024-05-05 12:34:04,VEHICLE_00213,LOCATION_0292,ANPR,TOLL_PLAZA,0.96
VEVENT_007217,2025-07-10 12:32:37,VEHICLE_00713,LOCATION_0167,ANPR,POLICE_CHECKPOINT,0.81
VEVENT_007218,2025-05-22 02:31:53,VEHICLE_00567,LOCATION_0194,SURVEILLANCE,FIELD_SURVEILLANCE,0.89
VEVENT_007219,2024-03-31 22:28:05,VEHICLE_00735,LOCATION_0016,SURVEILLANCE,FIELD_SURVEILLANCE,0.92
VEVENT_007220,2026-02-19 03:21:22,VEHICLE_00676,LOCATION_0221,SURVEILLANCE,FIELD_SURVEILLANCE,0.87
VEVENT_007221,2025-12-19 23:14:46,VEHICLE_00651,LOCATION_0079,SURVEILLANCE,POLICE_CHECKPOINT,0.95
VEVENT_007222,2025-04-18 17:21:51,VEHICLE_00567,LOCATION_0024,ANPR,ANPR_CAMERA,0.92
VEVENT_007223,2024-12-08 17:01:20,VEHICLE_00043,LOCATION_0180,ANPR,TOLL_PLAZA,0.85
VEVENT_007224,2025-08-30 03:04:56,VEHICLE_00396,LOCATION_0009,CHECKPOINT,ANPR_CAMERA,0.95
VEVENT_007225,2024-08-13 04:09:33,VEHICLE_00351,LOCATION_0120,SURVEILLANCE,FIELD_SURVEILLANCE,0.93
VEVENT_007226,2025-03-22 18:00:35,VEHICLE_00421,LOCATION_0098,TOLL,POLICE_CHECKPOINT,0.82
VEVENT_007227,2025-11-14 03:22:24,VEHICLE_00071,LOCATION_0075,CHECKPOINT,ANPR_CAMERA,0.89
VEVENT_007228,2025-06-07 15:22:07,VEHICLE_00357,LOCATION_0077,ANPR,POLICE_CHECKPOINT,0.94
VEVENT_007229,2024-03-08 06:53:02,VEHICLE_00012,LOCATION_0116,CHECKPOINT,ANPR_CAMERA,0.92
VEVENT_007230,2024-09-10 04:26:44,VEHICLE_00371,LOCATION_0279,SURVEILLANCE,POLICE_CHECKPOINT,0.81
VEVENT_007231,2024-09-13 21:42:35,VEHICLE_00685,LOCATION_0187,ANPR,POLICE_CHECKPOINT,0.9
VEVENT_007232,2024-08-09 06:06:02,VEHICLE_00369,LOCATION_0059,ANPR,FIELD_SURVEILLANCE,0.82
VEVENT_007233,2024-08-01 09:34:13,VEHICLE_00249,LOCATION_0124,TOLL,TOLL_PLAZA,0.81
VEVENT_007234,2024-06-14 18:29:46,VEHICLE_00673,LOCATION_0286,TOLL,TOLL_PLAZA,0.86
VEVENT_007235,2024-07-28 16:07:18,VEHICLE_00247,LOCATION_0038,CHECKPOINT,FIELD_SURVEILLANCE,0.91
VEVENT_007236,2026-01-21 00:43:43,VEHICLE_00245,LOCATION_0025,TOLL,POLICE_CHECKPOINT,0.95
VEVENT_007237,2025-10-20 18:29:51,VEHICLE_00640,LOCATION_0105,SURVEILLANCE,POLICE_CHECKPOINT,0.83
VEVENT_007238,2024-05-17 01:58:57,VEHICLE_00175,LOCATION_0143,SURVEILLANCE,POLICE_CHECKPOINT,0.9
VEVENT_007239,2024-09-01 09:55:00,VEHICLE_00204,LOCATION_0195,SURVEILLANCE,ANPR_CAMERA,0.82
VEVENT_007240,2026-02-26 07:50:13,VEHICLE_00504,LOCATION_0014,CHECKPOINT,FIELD_SURVEILLANCE,0.91
VEVENT_007241,2025-08-03 04:00:34,VEHICLE_00311,LOCATION_0094,SURVEILLANCE,POLICE_CHECKPOINT,0.93
VEVENT_007242,2025-06-10 03:41:35,VEHICLE_00042,LOCATION_0021,SURVEILLANCE,FIELD_SURVEILLANCE,0.84
VEVENT_007243,2025-05-08 02:14:46,VEHICLE_00741,LOCATION_0158,SURVEILLANCE,TOLL_PLAZA,0.9
VEVENT_007244,2025-04-09 00:50:21,VEHICLE_00125,LOCATION_0053,SURVEILLANCE,POLICE_CHECKPOINT,0.89
VEVENT_007245,2024-01-13 04:26:35,VEHICLE_00707,LOCATION_0034,TOLL,TOLL_PLAZA,0.91
VEVENT_007246,2024-03-26 01:53:24,VEHICLE_00206,LOCATION_0257,SURVEILLANCE,TOLL_PLAZA,0.82
VEVENT_007247,2025-12-05 23:39:15,VEHICLE_00168,LOCATION_0209,SURVEILLANCE,FIELD_SURVEILLANCE,0.83
VEVENT_007248,2024-03-03 01:36:49,VEHICLE_00140,LOCATION_0013,CHECKPOINT,ANPR_CAMERA,0.84
VEVENT_007249,2024-05-23 00:51:18,VEHICLE_00370,LOCATION_0081,ANPR,POLICE_CHECKPOINT,0.83
VEVENT_007250,2025-11-24 11:44:04,VEHICLE_00622,LOCATION_0291,ANPR,ANPR_CAMERA,0.91
VEVENT_007251,2026-06-03 10:31:16,VEHICLE_00040,LOCATION_0109,TOLL,TOLL_PLAZA,0.94
VEVENT_007252,2026-05-21 12:57:52,VEHICLE_00533,LOCATION_0038,ANPR,ANPR_CAMERA,0.84
VEVENT_007253,2024-03-16 15:03:19,VEHICLE_00246,LOCATION_0047,SURVEILLANCE,ANPR_CAMERA,0.87
VEVENT_007254,2024-01-17 18:18:32,VEHICLE_00002,LOCATION_0105,CHECKPOINT,POLICE_CHECKPOINT,0.85
VEVENT_007255,2024-01-27 01:43:37,VEHICLE_00491,LOCATION_0020,ANPR,ANPR_CAMERA,0.94
VEVENT_007256,2024-03-21 21:25:28,VEHICLE_00125,LOCATION_0023,SURVEILLANCE,POLICE_CHECKPOINT,0.83
VEVENT_007257,2025-10-02 14:27:38,VEHICLE_00169,LOCATION_0171,TOLL,POLICE_CHECKPOINT,0.88
VEVENT_007258,2024-12-26 06:01:14,VEHICLE_00555,LOCATION_0209,SURVEILLANCE,FIELD_SURVEILLANCE,0.96
VEVENT_007259,2025-12-28 14:04:17,VEHICLE_00560,LOCATION_0051,ANPR,TOLL_PLAZA,0.8
VEVENT_007260,2025-05-20 11:38:58,VEHICLE_00074,LOCATION_0220,TOLL,ANPR_CAMERA,0.85
VEVENT_007261,2024-08-17 15:42:25,VEHICLE_00313,LOCATION_0296,TOLL,TOLL_PLAZA,0.92
VEVENT_007262,2025-07-22 03:24:10,VEHICLE_00401,LOCATION_0266,CHECKPOINT,POLICE_CHECKPOINT,0.9
VEVENT_007263,2026-04-15 13:21:40,VEHICLE_00097,LOCATION_0075,SURVEILLANCE,TOLL_PLAZA,0.85
VEVENT_007264,2026-01-21 06:12:20,VEHICLE_00171,LOCATION_0138,SURVEILLANCE,FIELD_SURVEILLANCE,0.9
VEVENT_007265,2026-03-28 09:47:39,VEHICLE_00645,LOCATION_0253,CHECKPOINT,TOLL_PLAZA,0.88
VEVENT_007266,2026-02-08 21:15:51,VEHICLE_00199,LOCATION_0175,ANPR,FIELD_SURVEILLANCE,0.83
VEVENT_007267,2025-04-04 08:10:07,VEHICLE_00348,LOCATION_0059,TOLL,TOLL_PLAZA,0.8
VEVENT_007268,2026-05-30 14:41:12,VEHICLE_00002,LOCATION_0035,TOLL,TOLL_PLAZA,0.91
VEVENT_007269,2026-05-12 07:09:44,VEHICLE_00149,LOCATION_0068,TOLL,POLICE_CHECKPOINT,0.93
VEVENT_007270,2026-01-06 01:54:10,VEHICLE_00757,LOCATION_0284,TOLL,POLICE_CHECKPOINT,0.86
VEVENT_007271,2025-10-14 15:17:47,VEHICLE_00421,LOCATION_0228,SURVEILLANCE,FIELD_SURVEILLANCE,0.93
VEVENT_007272,2026-01-16 11:58:36,VEHICLE_00413,LOCATION_0179,SURVEILLANCE,POLICE_CHECKPOINT,0.95
VEVENT_007273,2024-02-15 19:16:56,VEHICLE_00049,LOCATION_0269,TOLL,TOLL_PLAZA,0.95
VEVENT_007274,2026-04-15 23:33:59,VEHICLE_00019,LOCATION_0182,ANPR,POLICE_CHECKPOINT,0.94
VEVENT_007275,2025-08-28 14:10:36,VEHICLE_00627,LOCATION_0002,ANPR,TOLL_PLAZA,0.95
VEVENT_007276,2024-10-21 16:57:31,VEHICLE_00728,LOCATION_0245,CHECKPOINT,TOLL_PLAZA,0.89
VEVENT_007277,2025-08-03 03:05:50,VEHICLE_00192,LOCATION_0005,TOLL,TOLL_PLAZA,0.85
VEVENT_007278,2026-05-22 23:26:13,VEHICLE_00188,LOCATION_0230,SURVEILLANCE,POLICE_CHECKPOINT,0.95
VEVENT_007279,2024-11-24 00:34:36,VEHICLE_00393,LOCATION_0015,TOLL,ANPR_CAMERA,0.8
VEVENT_007280,2025-12-25 01:46:21,VEHICLE_00311,LOCATION_0054,ANPR,TOLL_PLAZA,0.95
VEVENT_007281,2026-06-04 12:25:53,VEHICLE_00317,LOCATION_0204,ANPR,FIELD_SURVEILLANCE,0.91
VEVENT_007282,2026-05-08 11:57:17,VEHICLE_00146,LOCATION_0286,ANPR,POLICE_CHECKPOINT,0.95
VEVENT_007283,2025-07-22 08:39:47,VEHICLE_00180,LOCATION_0050,CHECKPOINT,ANPR_CAMERA,0.93
VEVENT_007284,2025-09-20 21:38:10,VEHICLE_00061,LOCATION_0203,TOLL,TOLL_PLAZA,0.85
VEVENT_007285,2025-07-16 07:34:24,VEHICLE_00415,LOCATION_0016,SURVEILLANCE,TOLL_PLAZA,0.87
VEVENT_007286,2025-12-12 14:14:14,VEHICLE_00670,LOCATION_0029,CHECKPOINT,FIELD_SURVEILLANCE,0.96
VEVENT_007287,2026-05-02 00:08:52,VEHICLE_00363,LOCATION_0070,CHECKPOINT,ANPR_CAMERA,0.96
VEVENT_007288,2025-06-03 06:35:54,VEHICLE_00373,LOCATION_0257,TOLL,TOLL_PLAZA,0.93
VEVENT_007289,2024-03-30 03:50:36,VEHICLE_00650,LOCATION_0176,SURVEILLANCE,ANPR_CAMERA,0.86
VEVENT_007290,2025-10-16 11:44:44,VEHICLE_00078,LOCATION_0227,CHECKPOINT,FIELD_SURVEILLANCE,0.8
VEVENT_007291,2024-05-04 09:39:04,VEHICLE_00158,LOCATION_0170,TOLL,ANPR_CAMERA,0.85
VEVENT_007292,2025-09-26 04:00:26,VEHICLE_00117,LOCATION_0201,SURVEILLANCE,ANPR_CAMERA,0.82
VEVENT_007293,2025-03-10 06:21:23,VEHICLE_00473,LOCATION_0186,TOLL,POLICE_CHECKPOINT,0.97
VEVENT_007294,2024-09-03 05:47:24,VEHICLE_00459,LOCATION_0297,CHECKPOINT,ANPR_CAMERA,0.96
VEVENT_007295,2024-07-04 02:21:29,VEHICLE_00735,LOCATION_0266,TOLL,ANPR_CAMERA,0.91
VEVENT_007296,2025-12-17 06:05:55,VEHICLE_00429,LOCATION_0174,TOLL,FIELD_SURVEILLANCE,0.91
VEVENT_007297,2026-01-26 00:55:24,VEHICLE_00759,LOCATION_0073,SURVEILLANCE,TOLL_PLAZA,0.84
VEVENT_007298,2026-04-13 05:27:53,VEHICLE_00518,LOCATION_0145,ANPR,FIELD_SURVEILLANCE,0.82
VEVENT_007299,2024-09-10 10:24:50,VEHICLE_00659,LOCATION_0170,TOLL,POLICE_CHECKPOINT,0.95
VEVENT_007300,2024-07-08 19:45:09,VEHICLE_00003,LOCATION_0165,TOLL,TOLL_PLAZA,0.83
VEVENT_007301,2026-01-16 13:54:43,VEHICLE_00087,LOCATION_0098,CHECKPOINT,POLICE_CHECKPOINT,0.96
VEVENT_007302,2024-06-12 02:07:08,VEHICLE_00683,LOCATION_0007,TOLL,TOLL_PLAZA,0.9
VEVENT_007303,2025-11-03 12:03:34,VEHICLE_00729,LOCATION_0045,CHECKPOINT,TOLL_PLAZA,0.89
VEVENT_007304,2026-04-04 15:41:16,VEHICLE_00421,LOCATION_0168,SURVEILLANCE,ANPR_CAMERA,0.84
VEVENT_007305,2024-10-13 09:47:27,VEHICLE_00106,LOCATION_0181,SURVEILLANCE,POLICE_CHECKPOINT,0.88
VEVENT_007306,2025-04-27 01:59:54,VEHICLE_00394,LOCATION_0112,SURVEILLANCE,TOLL_PLAZA,0.93
VEVENT_007307,2026-01-03 06:58:32,VEHICLE_00757,LOCATION_0204,SURVEILLANCE,POLICE_CHECKPOINT,0.89
VEVENT_007308,2025-12-20 19:48:57,VEHICLE_00602,LOCATION_0074,TOLL,ANPR_CAMERA,0.82
VEVENT_007309,2026-01-27 13:09:15,VEHICLE_00183,LOCATION_0029,CHECKPOINT,POLICE_CHECKPOINT,0.94
VEVENT_007310,2024-11-09 19:53:08,VEHICLE_00289,LOCATION_0078,CHECKPOINT,ANPR_CAMERA,0.91
VEVENT_007311,2026-03-29 05:59:45,VEHICLE_00674,LOCATION_0138,ANPR,TOLL_PLAZA,0.94
VEVENT_007312,2025-04-22 08:41:17,VEHICLE_00301,LOCATION_0121,ANPR,TOLL_PLAZA,0.85
VEVENT_007313,2024-04-05 06:46:56,VEHICLE_00268,LOCATION_0186,SURVEILLANCE,TOLL_PLAZA,0.89
VEVENT_007314,2024-09-26 03:27:03,VEHICLE_00731,LOCATION_0188,TOLL,FIELD_SURVEILLANCE,0.84
VEVENT_007315,2025-03-08 23:42:44,VEHICLE_00305,LOCATION_0186,SURVEILLANCE,ANPR_CAMERA,0.92
VEVENT_007316,2026-01-13 13:16:54,VEHICLE_00135,LOCATION_0287,CHECKPOINT,TOLL_PLAZA,0.95
VEVENT_007317,2024-11-01 11:32:48,VEHICLE_00647,LOCATION_0129,SURVEILLANCE,POLICE_CHECKPOINT,0.85
VEVENT_007318,2026-02-10 01:38:32,VEHICLE_00161,LOCATION_0210,SURVEILLANCE,ANPR_CAMERA,0.93
VEVENT_007319,2026-01-19 05:14:18,VEHICLE_00166,LOCATION_0080,SURVEILLANCE,TOLL_PLAZA,0.82
VEVENT_007320,2024-04-16 05:11:47,VEHICLE_00632,LOCATION_0080,ANPR,ANPR_CAMERA,0.81
VEVENT_007321,2025-12-29 09:39:04,VEHICLE_00422,LOCATION_0206,SURVEILLANCE,ANPR_CAMERA,0.95
VEVENT_007322,2025-08-21 03:01:03,VEHICLE_00114,LOCATION_0178,ANPR,ANPR_CAMERA,0.92
VEVENT_007323,2024-08-12 13:50:34,VEHICLE_00239,LOCATION_0204,SURVEILLANCE,POLICE_CHECKPOINT,0.96
VEVENT_007324,2025-10-25 00:44:56,VEHICLE_00102,LOCATION_0007,CHECKPOINT,TOLL_PLAZA,0.91
VEVENT_007325,2024-08-11 16:56:32,VEHICLE_00238,LOCATION_0151,SURVEILLANCE,POLICE_CHECKPOINT,0.94
VEVENT_007326,2026-03-12 18:29:29,VEHICLE_00162,LOCATION_0081,TOLL,FIELD_SURVEILLANCE,0.87
VEVENT_007327,2024-10-18 11:17:48,VEHICLE_00539,LOCATION_0081,CHECKPOINT,FIELD_SURVEILLANCE,0.8
VEVENT_007328,2025-12-26 11:36:48,VEHICLE_00659,LOCATION_0100,ANPR,POLICE_CHECKPOINT,0.87
VEVENT_007329,2025-04-09 16:03:27,VEHICLE_00627,LOCATION_0012,SURVEILLANCE,ANPR_CAMERA,0.97
VEVENT_007330,2025-11-29 07:34:09,VEHICLE_00719,LOCATION_0032,ANPR,ANPR_CAMERA,0.81
VEVENT_007331,2025-09-19 12:17:48,VEHICLE_00254,LOCATION_0136,TOLL,POLICE_CHECKPOINT,0.97
VEVENT_007332,2024-02-08 09:54:55,VEHICLE_00450,LOCATION_0285,CHECKPOINT,TOLL_PLAZA,0.9
VEVENT_007333,2025-05-23 15:50:43,VEHICLE_00560,LOCATION_0121,ANPR,FIELD_SURVEILLANCE,0.91
VEVENT_007334,2024-05-10 20:35:27,VEHICLE_00048,LOCATION_0106,TOLL,POLICE_CHECKPOINT,0.91
VEVENT_007335,2026-03-05 04:23:53,VEHICLE_00029,LOCATION_0233,ANPR,TOLL_PLAZA,0.95
VEVENT_007336,2025-06-17 01:22:15,VEHICLE_00750,LOCATION_0104,CHECKPOINT,ANPR_CAMERA,0.96
VEVENT_007337,2026-04-16 18:54:09,VEHICLE_00715,LOCATION_0028,ANPR,ANPR_CAMERA,0.86
VEVENT_007338,2025-12-05 20:36:04,VEHICLE_00088,LOCATION_0160,ANPR,TOLL_PLAZA,0.93
VEVENT_007339,2025-01-07 18:22:15,VEHICLE_00099,LOCATION_0110,ANPR,FIELD_SURVEILLANCE,0.86
VEVENT_007340,2026-05-16 13:01:59,VEHICLE_00003,LOCATION_0015,ANPR,POLICE_CHECKPOINT,0.93
VEVENT_007341,2024-06-19 20:12:35,VEHICLE_00349,LOCATION_0049,SURVEILLANCE,POLICE_CHECKPOINT,0.96
VEVENT_007342,2024-10-03 19:40:11,VEHICLE_00737,LOCATION_0016,SURVEILLANCE,POLICE_CHECKPOINT,0.96
VEVENT_007343,2025-12-28 20:13:59,VEHICLE_00042,LOCATION_0151,CHECKPOINT,FIELD_SURVEILLANCE,0.93
VEVENT_007344,2024-12-13 13:50:56,VEHICLE_00744,LOCATION_0132,TOLL,TOLL_PLAZA,0.91
VEVENT_007345,2024-09-26 07:20:03,VEHICLE_00280,LOCATION_0061,TOLL,TOLL_PLAZA,0.94
VEVENT_007346,2024-01-31 16:44:54,VEHICLE_00035,LOCATION_0027,CHECKPOINT,FIELD_SURVEILLANCE,0.91
VEVENT_007347,2024-01-29 02:10:10,VEHICLE_00698,LOCATION_0074,SURVEILLANCE,FIELD_SURVEILLANCE,0.93
VEVENT_007348,2025-09-20 11:48:50,VEHICLE_00440,LOCATION_0238,SURVEILLANCE,ANPR_CAMERA,0.85
VEVENT_007349,2025-11-15 00:57:28,VEHICLE_00142,LOCATION_0005,ANPR,FIELD_SURVEILLANCE,0.96
VEVENT_007350,2025-12-09 06:24:42,VEHICLE_00471,LOCATION_0059,CHECKPOINT,TOLL_PLAZA,0.89
VEVENT_007351,2024-04-21 11:59:03,VEHICLE_00166,LOCATION_0200,TOLL,ANPR_CAMERA,0.86
VEVENT_007352,2026-02-24 15:21:47,VEHICLE_00547,LOCATION_0181,CHECKPOINT,ANPR_CAMERA,0.88
VEVENT_007353,2025-08-20 16:46:40,VEHICLE_00106,LOCATION_0191,TOLL,ANPR_CAMERA,0.95
VEVENT_007354,2026-03-09 21:28:16,VEHICLE_00619,LOCATION_0202,CHECKPOINT,FIELD_SURVEILLANCE,0.88
VEVENT_007355,2024-06-10 04:16:00,VEHICLE_00221,LOCATION_0217,CHECKPOINT,FIELD_SURVEILLANCE,0.88
VEVENT_007356,2024-01-04 13:26:20,VEHICLE_00640,LOCATION_0115,ANPR,TOLL_PLAZA,0.96
VEVENT_007357,2024-04-08 14:28:11,VEHICLE_00718,LOCATION_0051,SURVEILLANCE,FIELD_SURVEILLANCE,0.91
VEVENT_007358,2026-06-04 01:05:50,VEHICLE_00171,LOCATION_0178,ANPR,ANPR_CAMERA,0.96
VEVENT_007359,2024-10-23 23:37:44,VEHICLE_00503,LOCATION_0129,TOLL,TOLL_PLAZA,0.82
VEVENT_007360,2026-06-11 15:21:14,VEHICLE_00370,LOCATION_0201,ANPR,FIELD_SURVEILLANCE,0.94
VEVENT_007361,2026-06-08 10:18:27,VEHICLE_00496,LOCATION_0128,TOLL,POLICE_CHECKPOINT,0.97
VEVENT_007362,2024-05-25 06:35:13,VEHICLE_00408,LOCATION_0228,ANPR,POLICE_CHECKPOINT,0.89
VEVENT_007363,2025-05-11 06:27:19,VEHICLE_00210,LOCATION_0193,ANPR,POLICE_CHECKPOINT,0.97
VEVENT_007364,2026-04-13 20:33:54,VEHICLE_00033,LOCATION_0273,ANPR,ANPR_CAMERA,0.8
VEVENT_007365,2025-07-25 18:36:24,VEHICLE_00252,LOCATION_0278,ANPR,FIELD_SURVEILLANCE,0.87
VEVENT_007366,2026-02-01 17:25:33,VEHICLE_00011,LOCATION_0261,TOLL,POLICE_CHECKPOINT,0.87
VEVENT_007367,2025-03-23 10:15:16,VEHICLE_00017,LOCATION_0033,SURVEILLANCE,ANPR_CAMERA,0.84
VEVENT_007368,2025-06-06 17:49:10,VEHICLE_00543,LOCATION_0200,ANPR,ANPR_CAMERA,0.9
VEVENT_007369,2025-06-24 16:18:02,VEHICLE_00529,LOCATION_0007,TOLL,TOLL_PLAZA,0.96
VEVENT_007370,2025-08-15 23:50:57,VEHICLE_00497,LOCATION_0009,SURVEILLANCE,TOLL_PLAZA,0.89
VEVENT_007371,2024-09-25 07:00:00,VEHICLE_00345,LOCATION_0113,SURVEILLANCE,ANPR_CAMERA,0.87
VEVENT_007372,2024-03-27 00:10:20,VEHICLE_00653,LOCATION_0204,SURVEILLANCE,POLICE_CHECKPOINT,0.86
VEVENT_007373,2024-08-31 06:24:09,VEHICLE_00066,LOCATION_0201,SURVEILLANCE,POLICE_CHECKPOINT,0.86
VEVENT_007374,2025-04-10 16:44:43,VEHICLE_00231,LOCATION_0102,TOLL,FIELD_SURVEILLANCE,0.84
VEVENT_007375,2024-03-14 02:12:18,VEHICLE_00496,LOCATION_0018,CHECKPOINT,TOLL_PLAZA,0.82
VEVENT_007376,2024-05-14 15:17:17,VEHICLE_00576,LOCATION_0160,SURVEILLANCE,POLICE_CHECKPOINT,0.88
VEVENT_007377,2024-06-08 11:51:13,VEHICLE_00192,LOCATION_0205,CHECKPOINT,FIELD_SURVEILLANCE,0.88
VEVENT_007378,2025-04-24 06:14:54,VEHICLE_00539,LOCATION_0211,TOLL,POLICE_CHECKPOINT,0.89
VEVENT_007379,2024-06-19 10:42:54,VEHICLE_00686,LOCATION_0113,SURVEILLANCE,FIELD_SURVEILLANCE,0.93
VEVENT_007380,2025-04-15 09:20:42,VEHICLE_00376,LOCATION_0285,ANPR,TOLL_PLAZA,0.88
VEVENT_007381,2025-09-28 19:20:58,VEHICLE_00404,LOCATION_0067,SURVEILLANCE,TOLL_PLAZA,0.94
VEVENT_007382,2025-02-08 14:49:55,VEHICLE_00065,LOCATION_0018,TOLL,POLICE_CHECKPOINT,0.8
VEVENT_007383,2025-01-04 02:38:44,VEHICLE_00305,LOCATION_0006,SURVEILLANCE,FIELD_SURVEILLANCE,0.93
VEVENT_007384,2025-01-20 02:46:07,VEHICLE_00441,LOCATION_0174,SURVEILLANCE,POLICE_CHECKPOINT,0.96
VEVENT_007385,2025-11-05 01:03:53,VEHICLE_00461,LOCATION_0220,CHECKPOINT,FIELD_SURVEILLANCE,0.81
VEVENT_007386,2025-04-24 05:52:58,VEHICLE_00078,LOCATION_0277,CHECKPOINT,TOLL_PLAZA,0.88
VEVENT_007387,2025-06-04 23:53:28,VEHICLE_00474,LOCATION_0147,ANPR,TOLL_PLAZA,0.84
VEVENT_007388,2026-02-11 20:14:43,VEHICLE_00675,LOCATION_0171,SURVEILLANCE,TOLL_PLAZA,0.91
VEVENT_007389,2025-10-15 05:04:14,VEHICLE_00649,LOCATION_0094,ANPR,POLICE_CHECKPOINT,0.9
VEVENT_007390,2025-01-04 14:25:57,VEHICLE_00337,LOCATION_0223,CHECKPOINT,ANPR_CAMERA,0.96
VEVENT_007391,2026-01-26 19:49:46,VEHICLE_00280,LOCATION_0021,CHECKPOINT,TOLL_PLAZA,0.94
VEVENT_007392,2024-02-23 17:24:50,VEHICLE_00642,LOCATION_0112,SURVEILLANCE,FIELD_SURVEILLANCE,0.91
VEVENT_007393,2025-06-03 14:52:15,VEHICLE_00014,LOCATION_0187,ANPR,ANPR_CAMERA,0.85
VEVENT_007394,2024-07-20 10:48:17,VEHICLE_00619,LOCATION_0112,SURVEILLANCE,POLICE_CHECKPOINT,0.87
VEVENT_007395,2025-08-16 12:06:39,VEHICLE_00186,LOCATION_0106,TOLL,FIELD_SURVEILLANCE,0.83
VEVENT_007396,2026-06-14 05:43:58,VEHICLE_00560,LOCATION_0031,CHECKPOINT,ANPR_CAMERA,0.89
VEVENT_007397,2026-05-15 00:16:04,VEHICLE_00350,LOCATION_0019,ANPR,FIELD_SURVEILLANCE,0.82
VEVENT_007398,2025-10-22 10:39:27,VEHICLE_00011,LOCATION_0261,TOLL,ANPR_CAMERA,0.91
VEVENT_007399,2025-07-30 00:44:05,VEHICLE_00213,LOCATION_0102,ANPR,TOLL_PLAZA,0.82
VEVENT_007400,2026-02-22 09:18:18,VEHICLE_00452,LOCATION_0241,TOLL,ANPR_CAMERA,0.86
VEVENT_007401,2024-05-19 18:41:51,VEHICLE_00240,LOCATION_0134,ANPR,TOLL_PLAZA,0.85
VEVENT_007402,2024-08-27 06:08:18,VEHICLE_00512,LOCATION_0033,CHECKPOINT,ANPR_CAMERA,0.94
VEVENT_007403,2025-12-15 17:21:13,VEHICLE_00611,LOCATION_0284,ANPR,ANPR_CAMERA,0.82
VEVENT_007404,2024-11-17 15:55:21,VEHICLE_00695,LOCATION_0160,CHECKPOINT,FIELD_SURVEILLANCE,0.82
VEVENT_007405,2025-03-20 00:59:54,VEHICLE_00482,LOCATION_0086,SURVEILLANCE,FIELD_SURVEILLANCE,0.94
VEVENT_007406,2024-07-03 19:56:40,VEHICLE_00645,LOCATION_0183,SURVEILLANCE,ANPR_CAMERA,0.9
VEVENT_007407,2025-05-18 05:37:41,VEHICLE_00660,LOCATION_0034,TOLL,ANPR_CAMERA,0.96
VEVENT_007408,2025-09-28 06:48:56,VEHICLE_00136,LOCATION_0207,CHECKPOINT,TOLL_PLAZA,0.88
VEVENT_007409,2024-01-22 19:50:06,VEHICLE_00576,LOCATION_0230,TOLL,FIELD_SURVEILLANCE,0.94
VEVENT_007410,2024-02-18 02:12:59,VEHICLE_00446,LOCATION_0238,ANPR,TOLL_PLAZA,0.86
VEVENT_007411,2026-02-05 15:36:17,VEHICLE_00690,LOCATION_0066,CHECKPOINT,FIELD_SURVEILLANCE,0.94
VEVENT_007412,2026-03-07 00:10:27,VEHICLE_00190,LOCATION_0218,ANPR,TOLL_PLAZA,0.81
VEVENT_007413,2024-03-17 18:34:58,VEHICLE_00160,LOCATION_0235,TOLL,FIELD_SURVEILLANCE,0.88
VEVENT_007414,2025-08-27 19:03:06,VEHICLE_00228,LOCATION_0082,TOLL,POLICE_CHECKPOINT,0.81
VEVENT_007415,2025-11-09 07:25:13,VEHICLE_00269,LOCATION_0299,TOLL,ANPR_CAMERA,0.84
VEVENT_007416,2025-02-24 04:18:53,VEHICLE_00291,LOCATION_0177,TOLL,POLICE_CHECKPOINT,0.9
VEVENT_007417,2025-02-14 19:38:18,VEHICLE_00558,LOCATION_0261,ANPR,ANPR_CAMERA,0.94
VEVENT_007418,2025-10-06 14:31:45,VEHICLE_00656,LOCATION_0296,ANPR,ANPR_CAMERA,0.89
VEVENT_007419,2024-11-15 05:16:01,VEHICLE_00415,LOCATION_0136,TOLL,POLICE_CHECKPOINT,0.84
VEVENT_007420,2026-03-07 14:32:28,VEHICLE_00537,LOCATION_0051,ANPR,TOLL_PLAZA,0.81
VEVENT_007421,2024-03-13 21:19:45,VEHICLE_00122,LOCATION_0260,CHECKPOINT,TOLL_PLAZA,0.82
VEVENT_007422,2024-08-24 07:13:19,VEHICLE_00207,LOCATION_0109,SURVEILLANCE,ANPR_CAMERA,0.8
VEVENT_007423,2026-03-09 02:22:52,VEHICLE_00645,LOCATION_0253,CHECKPOINT,ANPR_CAMERA,0.89
VEVENT_007424,2025-02-12 06:36:03,VEHICLE_00026,LOCATION_0084,CHECKPOINT,ANPR_CAMERA,0.96
VEVENT_007425,2025-03-10 12:02:26,VEHICLE_00570,LOCATION_0051,CHECKPOINT,TOLL_PLAZA,0.83
VEVENT_007426,2024-08-10 10:10:56,VEHICLE_00330,LOCATION_0191,SURVEILLANCE,TOLL_PLAZA,0.9
VEVENT_007427,2024-07-24 21:03:26,VEHICLE_00271,LOCATION_0289,TOLL,FIELD_SURVEILLANCE,0.84
VEVENT_007428,2024-01-12 10:35:25,VEHICLE_00431,LOCATION_0075,SURVEILLANCE,POLICE_CHECKPOINT,0.92
VEVENT_007429,2025-04-28 08:24:17,VEHICLE_00486,LOCATION_0261,CHECKPOINT,POLICE_CHECKPOINT,0.93
VEVENT_007430,2024-04-17 20:19:07,VEHICLE_00169,LOCATION_0011,CHECKPOINT,TOLL_PLAZA,0.94
VEVENT_007431,2024-05-05 16:16:59,VEHICLE_00232,LOCATION_0122,TOLL,TOLL_PLAZA,0.9
VEVENT_007432,2025-05-11 14:53:02,VEHICLE_00118,LOCATION_0209,TOLL,TOLL_PLAZA,0.91
VEVENT_007433,2024-09-03 08:10:09,VEHICLE_00356,LOCATION_0216,CHECKPOINT,POLICE_CHECKPOINT,0.86
VEVENT_007434,2024-05-12 06:24:30,VEHICLE_00120,LOCATION_0156,ANPR,TOLL_PLAZA,0.81
VEVENT_007435,2025-11-15 12:34:50,VEHICLE_00523,LOCATION_0028,ANPR,ANPR_CAMERA,0.82
VEVENT_007436,2024-04-01 09:30:33,VEHICLE_00755,LOCATION_0219,ANPR,FIELD_SURVEILLANCE,0.96
VEVENT_007437,2024-01-15 06:33:59,VEHICLE_00589,LOCATION_0026,SURVEILLANCE,POLICE_CHECKPOINT,0.87
VEVENT_007438,2025-02-19 00:41:26,VEHICLE_00666,LOCATION_0081,CHECKPOINT,TOLL_PLAZA,0.83
VEVENT_007439,2025-04-18 19:41:40,VEHICLE_00468,LOCATION_0267,SURVEILLANCE,ANPR_CAMERA,0.93
VEVENT_007440,2024-03-21 17:43:41,VEHICLE_00527,LOCATION_0110,SURVEILLANCE,FIELD_SURVEILLANCE,0.9
VEVENT_007441,2024-02-22 05:27:25,VEHICLE_00646,LOCATION_0044,TOLL,TOLL_PLAZA,0.87
VEVENT_007442,2026-05-07 17:22:41,VEHICLE_00066,LOCATION_0191,CHECKPOINT,POLICE_CHECKPOINT,0.89
VEVENT_007443,2025-09-14 04:32:26,VEHICLE_00691,LOCATION_0231,CHECKPOINT,FIELD_SURVEILLANCE,0.92
VEVENT_007444,2024-09-12 01:24:48,VEHICLE_00563,LOCATION_0062,TOLL,ANPR_CAMERA,0.88
VEVENT_007445,2025-12-08 23:13:25,VEHICLE_00364,LOCATION_0132,TOLL,FIELD_SURVEILLANCE,0.9
VEVENT_007446,2024-02-01 02:23:32,VEHICLE_00422,LOCATION_0016,TOLL,ANPR_CAMERA,0.91
VEVENT_007447,2024-08-09 01:42:49,VEHICLE_00440,LOCATION_0218,SURVEILLANCE,TOLL_PLAZA,0.85
VEVENT_007448,2024-07-17 21:27:37,VEHICLE_00055,LOCATION_0066,SURVEILLANCE,POLICE_CHECKPOINT,0.91
VEVENT_007449,2025-12-02 20:24:28,VEHICLE_00615,LOCATION_0008,SURVEILLANCE,POLICE_CHECKPOINT,0.83
VEVENT_007450,2026-02-04 01:59:27,VEHICLE_00199,LOCATION_0005,CHECKPOINT,FIELD_SURVEILLANCE,0.86
VEVENT_007451,2025-08-22 21:29:39,VEHICLE_00489,LOCATION_0224,ANPR,FIELD_SURVEILLANCE,0.86
VEVENT_007452,2026-01-10 16:11:13,VEHICLE_00240,LOCATION_0004,ANPR,POLICE_CHECKPOINT,0.88
VEVENT_007453,2024-03-10 10:40:51,VEHICLE_00539,LOCATION_0011,ANPR,POLICE_CHECKPOINT,0.89
VEVENT_007454,2025-03-26 07:32:09,VEHICLE_00698,LOCATION_0264,ANPR,ANPR_CAMERA,0.86
VEVENT_007455,2025-09-20 21:37:09,VEHICLE_00157,LOCATION_0146,SURVEILLANCE,POLICE_CHECKPOINT,0.87
VEVENT_007456,2024-05-10 04:30:49,VEHICLE_00758,LOCATION_0039,ANPR,ANPR_CAMERA,0.91
VEVENT_007457,2025-10-04 03:11:34,VEHICLE_00140,LOCATION_0123,SURVEILLANCE,ANPR_CAMERA,0.81
VEVENT_007458,2024-06-27 11:36:40,VEHICLE_00136,LOCATION_0007,ANPR,ANPR_CAMERA,0.84
VEVENT_007459,2025-09-27 17:41:03,VEHICLE_00045,LOCATION_0039,SURVEILLANCE,POLICE_CHECKPOINT,0.88
VEVENT_007460,2026-05-06 04:47:46,VEHICLE_00500,LOCATION_0010,ANPR,POLICE_CHECKPOINT,0.91
VEVENT_007461,2024-10-11 02:27:52,VEHICLE_00325,LOCATION_0175,SURVEILLANCE,TOLL_PLAZA,0.93
VEVENT_007462,2025-10-05 12:04:23,VEHICLE_00651,LOCATION_0129,TOLL,FIELD_SURVEILLANCE,0.87
VEVENT_007463,2025-04-18 19:11:07,VEHICLE_00030,LOCATION_0049,CHECKPOINT,FIELD_SURVEILLANCE,0.85
VEVENT_007464,2025-08-11 05:52:27,VEHICLE_00027,LOCATION_0016,TOLL,ANPR_CAMERA,0.92
VEVENT_007465,2025-07-02 03:40:04,VEHICLE_00126,LOCATION_0249,ANPR,FIELD_SURVEILLANCE,0.85
VEVENT_007466,2024-10-29 13:40:14,VEHICLE_00340,LOCATION_0186,SURVEILLANCE,POLICE_CHECKPOINT,0.83
VEVENT_007467,2024-02-08 15:55:19,VEHICLE_00729,LOCATION_0125,SURVEILLANCE,ANPR_CAMERA,0.87
VEVENT_007468,2025-08-19 16:02:38,VEHICLE_00440,LOCATION_0048,SURVEILLANCE,TOLL_PLAZA,0.9
VEVENT_007469,2024-11-20 16:07:13,VEHICLE_00181,LOCATION_0076,SURVEILLANCE,ANPR_CAMERA,0.92
VEVENT_007470,2024-07-08 16:47:53,VEHICLE_00395,LOCATION_0236,ANPR,ANPR_CAMERA,0.85
VEVENT_007471,2024-08-29 19:22:40,VEHICLE_00736,LOCATION_0295,TOLL,FIELD_SURVEILLANCE,0.86
VEVENT_007472,2025-01-20 06:12:08,VEHICLE_00049,LOCATION_0269,CHECKPOINT,POLICE_CHECKPOINT,0.88
VEVENT_007473,2025-11-05 02:42:52,VEHICLE_00535,LOCATION_0048,SURVEILLANCE,FIELD_SURVEILLANCE,0.93
VEVENT_007474,2024-11-16 23:41:01,VEHICLE_00400,LOCATION_0213,CHECKPOINT,ANPR_CAMERA,0.86
VEVENT_007475,2026-06-09 08:42:21,VEHICLE_00002,LOCATION_0115,SURVEILLANCE,ANPR_CAMERA,0.87
VEVENT_007476,2026-05-16 03:22:45,VEHICLE_00118,LOCATION_0159,SURVEILLANCE,FIELD_SURVEILLANCE,0.93
VEVENT_007477,2025-02-23 23:17:30,VEHICLE_00236,LOCATION_0114,ANPR,POLICE_CHECKPOINT,0.96
VEVENT_007478,2025-02-24 00:22:31,VEHICLE_00156,LOCATION_0022,ANPR,FIELD_SURVEILLANCE,0.94
VEVENT_007479,2024-04-25 02:54:00,VEHICLE_00605,LOCATION_0275,SURVEILLANCE,POLICE_CHECKPOINT,0.83
VEVENT_007480,2025-09-03 11:52:04,VEHICLE_00516,LOCATION_0143,TOLL,POLICE_CHECKPOINT,0.87
VEVENT_007481,2024-05-20 17:26:59,VEHICLE_00166,LOCATION_0060,TOLL,TOLL_PLAZA,0.83
VEVENT_007482,2025-05-01 11:36:02,VEHICLE_00459,LOCATION_0117,ANPR,TOLL_PLAZA,0.95
VEVENT_007483,2024-09-14 17:20:41,VEHICLE_00678,LOCATION_0172,SURVEILLANCE,FIELD_SURVEILLANCE,0.96
VEVENT_007484,2024-01-29 14:31:06,VEHICLE_00494,LOCATION_0113,ANPR,FIELD_SURVEILLANCE,0.85
VEVENT_007485,2024-12-30 09:53:35,VEHICLE_00472,LOCATION_0029,CHECKPOINT,ANPR_CAMERA,0.94
VEVENT_007486,2025-04-15 11:42:00,VEHICLE_00572,LOCATION_0011,TOLL,POLICE_CHECKPOINT,0.87
VEVENT_007487,2024-12-08 18:12:10,VEHICLE_00040,LOCATION_0039,SURVEILLANCE,ANPR_CAMERA,0.83
VEVENT_007488,2024-05-20 08:42:34,VEHICLE_00742,LOCATION_0017,ANPR,ANPR_CAMERA,0.95
VEVENT_007489,2026-03-24 20:14:43,VEHICLE_00214,LOCATION_0220,TOLL,FIELD_SURVEILLANCE,0.85
VEVENT_007490,2024-02-19 10:16:25,VEHICLE_00253,LOCATION_0164,SURVEILLANCE,POLICE_CHECKPOINT,0.82
VEVENT_007491,2026-04-23 10:09:37,VEHICLE_00697,LOCATION_0276,TOLL,TOLL_PLAZA,0.85
VEVENT_007492,2026-04-02 08:14:11,VEHICLE_00357,LOCATION_0147,CHECKPOINT,TOLL_PLAZA,0.94
VEVENT_007493,2025-05-05 20:24:28,VEHICLE_00684,LOCATION_0111,ANPR,TOLL_PLAZA,0.94
VEVENT_007494,2024-06-11 05:14:47,VEHICLE_00225,LOCATION_0176,CHECKPOINT,ANPR_CAMERA,0.88
VEVENT_007495,2024-01-18 18:35:53,VEHICLE_00575,LOCATION_0170,CHECKPOINT,FIELD_SURVEILLANCE,0.9
VEVENT_007496,2025-05-13 23:36:04,VEHICLE_00172,LOCATION_0052,ANPR,TOLL_PLAZA,0.88
VEVENT_007497,2024-10-02 09:36:12,VEHICLE_00052,LOCATION_0246,CHECKPOINT,POLICE_CHECKPOINT,0.83
VEVENT_007498,2024-05-24 05:56:17,VEHICLE_00593,LOCATION_0241,SURVEILLANCE,TOLL_PLAZA,0.86
VEVENT_007499,2024-01-08 23:00:22,VEHICLE_00632,LOCATION_0150,SURVEILLANCE,TOLL_PLAZA,0.93
VEVENT_007500,2024-05-06 03:06:57,VEHICLE_00619,LOCATION_0122,SURVEILLANCE,FIELD_SURVEILLANCE,0.87
VEVENT_007501,2026-03-28 04:44:44,VEHICLE_00126,LOCATION_0129,TOLL,POLICE_CHECKPOINT,0.86
VEVENT_007502,2026-02-25 00:13:37,VEHICLE_00084,LOCATION_0180,SURVEILLANCE,TOLL_PLAZA,0.8
VEVENT_007503,2025-07-22 02:28:01,VEHICLE_00226,LOCATION_0195,ANPR,ANPR_CAMERA,0.93
VEVENT_007504,2025-12-12 04:57:42,VEHICLE_00580,LOCATION_0120,TOLL,ANPR_CAMERA,0.82
VEVENT_007505,2024-05-14 00:36:57,VEHICLE_00512,LOCATION_0213,ANPR,TOLL_PLAZA,0.94
VEVENT_007506,2025-10-01 19:10:59,VEHICLE_00218,LOCATION_0214,ANPR,TOLL_PLAZA,0.8
VEVENT_007507,2024-06-18 04:35:20,VEHICLE_00072,LOCATION_0123,CHECKPOINT,TOLL_PLAZA,0.9
VEVENT_007508,2025-11-08 06:30:42,VEHICLE_00489,LOCATION_0124,CHECKPOINT,TOLL_PLAZA,0.96
VEVENT_007509,2025-02-04 08:31:23,VEHICLE_00601,LOCATION_0081,ANPR,POLICE_CHECKPOINT,0.87
VEVENT_007510,2025-07-19 21:21:03,VEHICLE_00690,LOCATION_0196,ANPR,TOLL_PLAZA,0.82
VEVENT_007511,2024-03-23 12:53:48,VEHICLE_00577,LOCATION_0106,SURVEILLANCE,FIELD_SURVEILLANCE,0.82
VEVENT_007512,2025-02-01 06:27:30,VEHICLE_00635,LOCATION_0158,SURVEILLANCE,ANPR_CAMERA,0.93
VEVENT_007513,2025-08-07 13:00:56,VEHICLE_00582,LOCATION_0016,SURVEILLANCE,ANPR_CAMERA,0.93
VEVENT_007514,2025-09-28 23:15:09,VEHICLE_00392,LOCATION_0167,TOLL,POLICE_CHECKPOINT,0.87
VEVENT_007515,2025-06-08 13:40:39,VEHICLE_00431,LOCATION_0105,CHECKPOINT,TOLL_PLAZA,0.87
VEVENT_007516,2025-09-27 15:29:21,VEHICLE_00661,LOCATION_0288,ANPR,ANPR_CAMERA,0.89
VEVENT_007517,2024-07-13 00:31:21,VEHICLE_00255,LOCATION_0041,ANPR,FIELD_SURVEILLANCE,0.81
VEVENT_007518,2026-02-02 22:42:01,VEHICLE_00705,LOCATION_0030,TOLL,FIELD_SURVEILLANCE,0.94
VEVENT_007519,2024-12-21 16:13:46,VEHICLE_00483,LOCATION_0005,ANPR,TOLL_PLAZA,0.9
VEVENT_007520,2026-04-23 07:08:07,VEHICLE_00490,LOCATION_0158,ANPR,ANPR_CAMERA,0.95
VEVENT_007521,2026-03-20 16:18:44,VEHICLE_00693,LOCATION_0245,SURVEILLANCE,TOLL_PLAZA,0.89
VEVENT_007522,2025-06-11 01:06:27,VEHICLE_00723,LOCATION_0121,CHECKPOINT,ANPR_CAMERA,0.81
VEVENT_007523,2024-01-20 00:26:05,VEHICLE_00497,LOCATION_0209,SURVEILLANCE,POLICE_CHECKPOINT,0.89
VEVENT_007524,2026-05-29 20:04:49,VEHICLE_00028,LOCATION_0138,TOLL,TOLL_PLAZA,0.96
VEVENT_007525,2025-07-26 07:58:54,VEHICLE_00193,LOCATION_0281,CHECKPOINT,TOLL_PLAZA,0.94
VEVENT_007526,2024-06-09 06:37:24,VEHICLE_00002,LOCATION_0085,SURVEILLANCE,FIELD_SURVEILLANCE,0.89
VEVENT_007527,2026-03-21 06:44:06,VEHICLE_00062,LOCATION_0152,SURVEILLANCE,ANPR_CAMERA,0.81
VEVENT_007528,2026-05-16 12:54:16,VEHICLE_00690,LOCATION_0106,SURVEILLANCE,ANPR_CAMERA,0.87
VEVENT_007529,2025-09-25 11:00:19,VEHICLE_00142,LOCATION_0005,SURVEILLANCE,ANPR_CAMERA,0.95
VEVENT_007530,2025-07-17 22:12:35,VEHICLE_00680,LOCATION_0228,TOLL,ANPR_CAMERA,0.95
VEVENT_007531,2025-10-25 19:14:49,VEHICLE_00321,LOCATION_0171,ANPR,FIELD_SURVEILLANCE,0.88
VEVENT_007532,2024-11-11 10:39:35,VEHICLE_00335,LOCATION_0152,TOLL,POLICE_CHECKPOINT,0.96
VEVENT_007533,2024-11-02 21:19:52,VEHICLE_00531,LOCATION_0112,TOLL,TOLL_PLAZA,0.82
VEVENT_007534,2024-03-10 15:18:31,VEHICLE_00017,LOCATION_0003,CHECKPOINT,ANPR_CAMERA,0.97
VEVENT_007535,2025-09-03 01:10:38,VEHICLE_00752,LOCATION_0128,TOLL,POLICE_CHECKPOINT,0.84
VEVENT_007536,2025-07-20 17:55:22,VEHICLE_00383,LOCATION_0137,CHECKPOINT,FIELD_SURVEILLANCE,0.94
VEVENT_007537,2024-03-17 19:10:50,VEHICLE_00475,LOCATION_0144,ANPR,POLICE_CHECKPOINT,0.94
VEVENT_007538,2026-05-11 12:31:03,VEHICLE_00668,LOCATION_0162,CHECKPOINT,POLICE_CHECKPOINT,0.88
VEVENT_007539,2025-05-30 09:07:49,VEHICLE_00351,LOCATION_0050,TOLL,ANPR_CAMERA,0.96
VEVENT_007540,2026-02-28 01:40:39,VEHICLE_00594,LOCATION_0028,SURVEILLANCE,FIELD_SURVEILLANCE,0.81
VEVENT_007541,2025-10-30 22:31:14,VEHICLE_00174,LOCATION_0245,ANPR,POLICE_CHECKPOINT,0.95
VEVENT_007542,2024-07-15 13:35:46,VEHICLE_00598,LOCATION_0031,TOLL,FIELD_SURVEILLANCE,0.89
VEVENT_007543,2025-02-17 15:50:01,VEHICLE_00693,LOCATION_0105,ANPR,TOLL_PLAZA,0.87
VEVENT_007544,2025-01-13 00:52:22,VEHICLE_00382,LOCATION_0253,SURVEILLANCE,ANPR_CAMERA,0.96
VEVENT_007545,2025-01-24 19:25:58,VEHICLE_00744,LOCATION_0022,CHECKPOINT,ANPR_CAMERA,0.87
VEVENT_007546,2024-04-03 14:05:48,VEHICLE_00564,LOCATION_0234,ANPR,POLICE_CHECKPOINT,0.97
VEVENT_007547,2025-08-28 07:50:21,VEHICLE_00099,LOCATION_0220,CHECKPOINT,TOLL_PLAZA,0.89
VEVENT_007548,2024-07-13 03:08:45,VEHICLE_00487,LOCATION_0010,ANPR,TOLL_PLAZA,0.81
VEVENT_007549,2025-08-21 21:39:53,VEHICLE_00309,LOCATION_0204,CHECKPOINT,FIELD_SURVEILLANCE,0.89
VEVENT_007550,2024-06-03 16:16:52,VEHICLE_00379,LOCATION_0005,TOLL,FIELD_SURVEILLANCE,0.88
VEVENT_007551,2025-12-25 06:20:23,VEHICLE_00154,LOCATION_0285,TOLL,FIELD_SURVEILLANCE,0.94
VEVENT_007552,2025-11-07 10:05:54,VEHICLE_00049,LOCATION_0249,CHECKPOINT,POLICE_CHECKPOINT,0.82
VEVENT_007553,2024-04-07 14:40:15,VEHICLE_00756,LOCATION_0219,CHECKPOINT,FIELD_SURVEILLANCE,0.87
VEVENT_007554,2024-12-25 17:27:53,VEHICLE_00218,LOCATION_0184,ANPR,POLICE_CHECKPOINT,0.9
VEVENT_007555,2024-06-12 04:01:52,VEHICLE_00759,LOCATION_0163,ANPR,TOLL_PLAZA,0.95
VEVENT_007556,2024-09-18 13:28:43,VEHICLE_00048,LOCATION_0156,TOLL,TOLL_PLAZA,0.95
VEVENT_007557,2024-08-07 07:21:49,VEHICLE_00653,LOCATION_0004,TOLL,POLICE_CHECKPOINT,0.85
VEVENT_007558,2026-02-27 06:22:57,VEHICLE_00100,LOCATION_0175,CHECKPOINT,ANPR_CAMERA,0.83
VEVENT_007559,2025-06-27 06:14:12,VEHICLE_00729,LOCATION_0225,CHECKPOINT,ANPR_CAMERA,0.83
VEVENT_007560,2024-03-23 15:39:46,VEHICLE_00226,LOCATION_0285,ANPR,POLICE_CHECKPOINT,0.89
VEVENT_007561,2024-10-17 22:47:50,VEHICLE_00479,LOCATION_0288,CHECKPOINT,TOLL_PLAZA,0.89
VEVENT_007562,2026-02-04 16:00:36,VEHICLE_00443,LOCATION_0275,ANPR,ANPR_CAMERA,0.82
VEVENT_007563,2026-01-08 10:14:01,VEHICLE_00685,LOCATION_0137,ANPR,FIELD_SURVEILLANCE,0.82
VEVENT_007564,2025-08-25 04:41:11,VEHICLE_00292,LOCATION_0023,CHECKPOINT,ANPR_CAMERA,0.91
VEVENT_007565,2025-08-18 04:06:28,VEHICLE_00579,LOCATION_0069,TOLL,POLICE_CHECKPOINT,0.9
VEVENT_007566,2025-07-06 05:53:50,VEHICLE_00224,LOCATION_0065,SURVEILLANCE,TOLL_PLAZA,0.81
VEVENT_007567,2025-08-01 14:09:34,VEHICLE_00507,LOCATION_0008,ANPR,ANPR_CAMERA,0.81
VEVENT_007568,2024-11-21 06:38:02,VEHICLE_00188,LOCATION_0120,ANPR,ANPR_CAMERA,0.87
VEVENT_007569,2024-12-09 12:51:29,VEHICLE_00604,LOCATION_0053,ANPR,POLICE_CHECKPOINT,0.83
VEVENT_007570,2025-08-30 01:50:38,VEHICLE_00476,LOCATION_0029,CHECKPOINT,FIELD_SURVEILLANCE,0.92
VEVENT_007571,2025-01-24 19:15:54,VEHICLE_00387,LOCATION_0241,TOLL,POLICE_CHECKPOINT,0.92
VEVENT_007572,2024-01-03 02:35:29,VEHICLE_00059,LOCATION_0169,ANPR,TOLL_PLAZA,0.92
VEVENT_007573,2024-10-29 02:44:33,VEHICLE_00213,LOCATION_0132,CHECKPOINT,FIELD_SURVEILLANCE,0.96
VEVENT_007574,2026-02-21 15:50:20,VEHICLE_00239,LOCATION_0054,TOLL,POLICE_CHECKPOINT,0.96
VEVENT_007575,2026-06-12 05:56:12,VEHICLE_00734,LOCATION_0056,SURVEILLANCE,ANPR_CAMERA,0.96
VEVENT_007576,2025-03-25 05:28:49,VEHICLE_00092,LOCATION_0036,CHECKPOINT,TOLL_PLAZA,0.89
VEVENT_007577,2024-06-17 15:03:59,VEHICLE_00453,LOCATION_0174,SURVEILLANCE,FIELD_SURVEILLANCE,0.83
VEVENT_007578,2024-01-31 08:22:32,VEHICLE_00219,LOCATION_0045,ANPR,TOLL_PLAZA,0.91
VEVENT_007579,2026-05-30 23:18:56,VEHICLE_00453,LOCATION_0074,SURVEILLANCE,FIELD_SURVEILLANCE,0.83
VEVENT_007580,2024-12-03 01:12:31,VEHICLE_00359,LOCATION_0240,SURVEILLANCE,TOLL_PLAZA,0.83
VEVENT_007581,2024-10-15 12:26:01,VEHICLE_00233,LOCATION_0199,SURVEILLANCE,FIELD_SURVEILLANCE,0.87
VEVENT_007582,2025-10-09 05:15:32,VEHICLE_00083,LOCATION_0078,CHECKPOINT,POLICE_CHECKPOINT,0.9
VEVENT_007583,2024-04-20 17:07:09,VEHICLE_00447,LOCATION_0229,TOLL,POLICE_CHECKPOINT,0.88
VEVENT_007584,2026-02-23 06:22:59,VEHICLE_00044,LOCATION_0127,TOLL,ANPR_CAMERA,0.92
VEVENT_007585,2024-06-21 01:51:54,VEHICLE_00401,LOCATION_0196,TOLL,TOLL_PLAZA,0.85
VEVENT_007586,2024-10-26 03:37:00,VEHICLE_00261,LOCATION_0141,SURVEILLANCE,POLICE_CHECKPOINT,0.95
VEVENT_007587,2025-11-10 03:24:59,VEHICLE_00465,LOCATION_0052,ANPR,POLICE_CHECKPOINT,0.9
VEVENT_007588,2026-06-17 09:21:38,VEHICLE_00197,LOCATION_0055,SURVEILLANCE,ANPR_CAMERA,0.86
VEVENT_007589,2026-05-27 14:48:10,VEHICLE_00715,LOCATION_0128,TOLL,TOLL_PLAZA,0.85
VEVENT_007590,2024-11-22 13:49:00,VEHICLE_00702,LOCATION_0256,SURVEILLANCE,TOLL_PLAZA,0.93
VEVENT_007591,2025-05-27 23:36:50,VEHICLE_00139,LOCATION_0031,CHECKPOINT,FIELD_SURVEILLANCE,0.88
VEVENT_007592,2024-09-29 00:52:56,VEHICLE_00378,LOCATION_0210,CHECKPOINT,FIELD_SURVEILLANCE,0.92
VEVENT_007593,2025-11-09 12:11:07,VEHICLE_00233,LOCATION_0079,TOLL,TOLL_PLAZA,0.89
VEVENT_007594,2025-02-14 14:02:34,VEHICLE_00750,LOCATION_0184,CHECKPOINT,ANPR_CAMERA,0.94
VEVENT_007595,2026-03-02 04:12:20,VEHICLE_00690,LOCATION_0056,CHECKPOINT,FIELD_SURVEILLANCE,0.94
VEVENT_007596,2026-04-21 19:58:38,VEHICLE_00313,LOCATION_0176,SURVEILLANCE,POLICE_CHECKPOINT,0.84
VEVENT_007597,2024-06-29 08:30:18,VEHICLE_00405,LOCATION_0244,TOLL,TOLL_PLAZA,0.9
VEVENT_007598,2025-07-05 17:12:37,VEHICLE_00431,LOCATION_0195,SURVEILLANCE,POLICE_CHECKPOINT,0.81
VEVENT_007599,2024-10-01 18:01:00,VEHICLE_00024,LOCATION_0194,TOLL,FIELD_SURVEILLANCE,0.96
VEVENT_007600,2025-02-19 22:39:05,VEHICLE_00069,LOCATION_0252,SURVEILLANCE,ANPR_CAMERA,0.89
VEVENT_007601,2024-05-10 05:01:46,VEHICLE_00208,LOCATION_0085,TOLL,POLICE_CHECKPOINT,0.84
VEVENT_007602,2024-06-26 19:34:53,VEHICLE_00485,LOCATION_0136,CHECKPOINT,ANPR_CAMERA,0.87
VEVENT_007603,2024-08-20 11:47:32,VEHICLE_00403,LOCATION_0034,TOLL,ANPR_CAMERA,0.82
VEVENT_007604,2024-05-30 03:19:00,VEHICLE_00426,LOCATION_0130,SURVEILLANCE,FIELD_SURVEILLANCE,0.92
VEVENT_007605,2025-04-17 10:16:47,VEHICLE_00560,LOCATION_0231,ANPR,TOLL_PLAZA,0.82
VEVENT_007606,2024-10-09 05:51:55,VEHICLE_00254,LOCATION_0246,CHECKPOINT,POLICE_CHECKPOINT,0.94
VEVENT_007607,2024-02-20 16:42:38,VEHICLE_00291,LOCATION_0027,ANPR,TOLL_PLAZA,0.82
VEVENT_007608,2024-03-31 22:23:36,VEHICLE_00616,LOCATION_0122,TOLL,TOLL_PLAZA,0.88
VEVENT_007609,2025-05-07 03:43:51,VEHICLE_00026,LOCATION_0114,CHECKPOINT,POLICE_CHECKPOINT,0.82
VEVENT_007610,2025-11-19 13:44:44,VEHICLE_00248,LOCATION_0089,TOLL,FIELD_SURVEILLANCE,0.87
VEVENT_007611,2025-07-11 02:22:53,VEHICLE_00092,LOCATION_0046,CHECKPOINT,POLICE_CHECKPOINT,0.92
VEVENT_007612,2024-04-25 07:02:26,VEHICLE_00276,LOCATION_0135,ANPR,POLICE_CHECKPOINT,0.82
VEVENT_007613,2024-10-02 17:55:45,VEHICLE_00494,LOCATION_0053,ANPR,TOLL_PLAZA,0.83
VEVENT_007614,2024-08-01 22:12:11,VEHICLE_00753,LOCATION_0219,SURVEILLANCE,ANPR_CAMERA,0.86
VEVENT_007615,2024-03-08 18:59:19,VEHICLE_00213,LOCATION_0102,CHECKPOINT,POLICE_CHECKPOINT,0.8
VEVENT_007616,2025-03-27 04:51:20,VEHICLE_00238,LOCATION_0031,CHECKPOINT,TOLL_PLAZA,0.82
VEVENT_007617,2025-09-23 20:34:05,VEHICLE_00529,LOCATION_0217,TOLL,ANPR_CAMERA,0.8
VEVENT_007618,2026-05-22 00:25:21,VEHICLE_00401,LOCATION_0126,SURVEILLANCE,POLICE_CHECKPOINT,0.89
VEVENT_007619,2026-04-04 05:54:20,VEHICLE_00011,LOCATION_0091,SURVEILLANCE,TOLL_PLAZA,0.87
VEVENT_007620,2024-02-03 12:16:03,VEHICLE_00610,LOCATION_0276,ANPR,FIELD_SURVEILLANCE,0.97
VEVENT_007621,2024-09-11 22:26:29,VEHICLE_00578,LOCATION_0063,TOLL,POLICE_CHECKPOINT,0.85
VEVENT_007622,2026-02-23 07:40:32,VEHICLE_00289,LOCATION_0198,ANPR,ANPR_CAMERA,0.9
VEVENT_007623,2025-03-26 19:07:07,VEHICLE_00515,LOCATION_0142,SURVEILLANCE,FIELD_SURVEILLANCE,0.87
VEVENT_007624,2025-12-20 22:56:59,VEHICLE_00164,LOCATION_0154,CHECKPOINT,FIELD_SURVEILLANCE,0.94
VEVENT_007625,2026-05-26 13:46:00,VEHICLE_00101,LOCATION_0064,ANPR,POLICE_CHECKPOINT,0.87
VEVENT_007626,2024-05-17 13:29:20,VEHICLE_00714,LOCATION_0038,TOLL,TOLL_PLAZA,0.93
VEVENT_007627,2025-04-23 20:07:33,VEHICLE_00460,LOCATION_0060,SURVEILLANCE,POLICE_CHECKPOINT,0.91
VEVENT_007628,2024-12-25 07:13:28,VEHICLE_00461,LOCATION_0140,ANPR,FIELD_SURVEILLANCE,0.84
VEVENT_007629,2024-09-18 20:20:00,VEHICLE_00236,LOCATION_0214,TOLL,FIELD_SURVEILLANCE,0.82
VEVENT_007630,2024-08-11 20:56:05,VEHICLE_00096,LOCATION_0012,ANPR,POLICE_CHECKPOINT,0.86
VEVENT_007631,2026-04-02 16:02:16,VEHICLE_00124,LOCATION_0021,CHECKPOINT,ANPR_CAMERA,0.91
VEVENT_007632,2024-02-01 03:25:39,VEHICLE_00255,LOCATION_0261,TOLL,ANPR_CAMERA,0.95
VEVENT_007633,2025-02-08 04:37:29,VEHICLE_00756,LOCATION_0009,ANPR,POLICE_CHECKPOINT,0.86
VEVENT_007634,2025-06-13 15:32:42,VEHICLE_00584,LOCATION_0272,CHECKPOINT,ANPR_CAMERA,0.87
VEVENT_007635,2025-08-05 03:12:12,VEHICLE_00332,LOCATION_0160,TOLL,FIELD_SURVEILLANCE,0.96
VEVENT_007636,2025-11-20 17:00:55,VEHICLE_00558,LOCATION_0091,TOLL,POLICE_CHECKPOINT,0.86
VEVENT_007637,2025-03-09 22:34:25,VEHICLE_00601,LOCATION_0061,CHECKPOINT,ANPR_CAMERA,0.9
VEVENT_007638,2025-05-14 06:23:00,VEHICLE_00616,LOCATION_0182,CHECKPOINT,POLICE_CHECKPOINT,0.91
VEVENT_007639,2024-03-03 10:02:30,VEHICLE_00056,LOCATION_0190,SURVEILLANCE,FIELD_SURVEILLANCE,0.95
VEVENT_007640,2025-10-24 12:58:45,VEHICLE_00662,LOCATION_0208,SURVEILLANCE,TOLL_PLAZA,0.85
VEVENT_007641,2024-03-12 02:17:55,VEHICLE_00635,LOCATION_0108,CHECKPOINT,TOLL_PLAZA,0.94
VEVENT_007642,2026-01-08 19:58:20,VEHICLE_00277,LOCATION_0109,ANPR,POLICE_CHECKPOINT,0.96
VEVENT_007643,2025-08-25 09:23:27,VEHICLE_00724,LOCATION_0215,SURVEILLANCE,POLICE_CHECKPOINT,0.85
VEVENT_007644,2025-09-24 15:02:38,VEHICLE_00420,LOCATION_0229,TOLL,FIELD_SURVEILLANCE,0.94
VEVENT_007645,2024-11-12 07:39:27,VEHICLE_00682,LOCATION_0139,ANPR,ANPR_CAMERA,0.94
VEVENT_007646,2026-03-16 20:16:09,VEHICLE_00128,LOCATION_0088,ANPR,POLICE_CHECKPOINT,0.97
VEVENT_007647,2024-10-17 04:48:05,VEHICLE_00587,LOCATION_0110,SURVEILLANCE,FIELD_SURVEILLANCE,0.8
VEVENT_007648,2024-11-11 15:12:46,VEHICLE_00004,LOCATION_0182,SURVEILLANCE,ANPR_CAMERA,0.94
VEVENT_007649,2025-12-08 18:35:10,VEHICLE_00094,LOCATION_0244,SURVEILLANCE,POLICE_CHECKPOINT,0.84
VEVENT_007650,2025-08-05 04:57:52,VEHICLE_00259,LOCATION_0028,ANPR,POLICE_CHECKPOINT,0.88
VEVENT_007651,2025-08-25 18:21:38,VEHICLE_00033,LOCATION_0163,CHECKPOINT,TOLL_PLAZA,0.87
VEVENT_007652,2024-11-04 20:01:23,VEHICLE_00200,LOCATION_0247,CHECKPOINT,POLICE_CHECKPOINT,0.87
VEVENT_007653,2024-09-19 09:13:51,VEHICLE_00487,LOCATION_0080,CHECKPOINT,POLICE_CHECKPOINT,0.83
VEVENT_007654,2024-02-28 16:24:55,VEHICLE_00208,LOCATION_0165,SURVEILLANCE,POLICE_CHECKPOINT,0.8
VEVENT_007655,2025-05-03 01:43:01,VEHICLE_00385,LOCATION_0274,SURVEILLANCE,FIELD_SURVEILLANCE,0.91
VEVENT_007656,2025-10-26 15:31:35,VEHICLE_00165,LOCATION_0106,CHECKPOINT,TOLL_PLAZA,0.88
VEVENT_007657,2024-04-12 21:02:49,VEHICLE_00523,LOCATION_0118,SURVEILLANCE,ANPR_CAMERA,0.85
VEVENT_007658,2025-09-30 10:46:40,VEHICLE_00427,LOCATION_0297,ANPR,FIELD_SURVEILLANCE,0.81
VEVENT_007659,2024-12-14 12:32:38,VEHICLE_00037,LOCATION_0191,TOLL,POLICE_CHECKPOINT,0.81
VEVENT_007660,2025-08-30 13:18:11,VEHICLE_00449,LOCATION_0091,TOLL,TOLL_PLAZA,0.88
VEVENT_007661,2024-05-10 12:01:35,VEHICLE_00345,LOCATION_0103,TOLL,POLICE_CHECKPOINT,0.82
VEVENT_007662,2024-12-16 07:38:29,VEHICLE_00303,LOCATION_0206,SURVEILLANCE,ANPR_CAMERA,0.87
VEVENT_007663,2024-10-24 18:57:36,VEHICLE_00150,LOCATION_0258,TOLL,TOLL_PLAZA,0.96
VEVENT_007664,2026-05-04 01:21:07,VEHICLE_00052,LOCATION_0226,CHECKPOINT,ANPR_CAMERA,0.83
VEVENT_007665,2025-03-16 15:26:25,VEHICLE_00754,LOCATION_0037,CHECKPOINT,TOLL_PLAZA,0.84
VEVENT_007666,2024-12-30 23:52:41,VEHICLE_00227,LOCATION_0292,SURVEILLANCE,FIELD_SURVEILLANCE,0.86
VEVENT_007667,2024-09-17 01:26:15,VEHICLE_00706,LOCATION_0109,CHECKPOINT,POLICE_CHECKPOINT,0.84
VEVENT_007668,2025-01-12 07:09:05,VEHICLE_00538,LOCATION_0212,ANPR,TOLL_PLAZA,0.83
VEVENT_007669,2025-09-30 00:05:07,VEHICLE_00620,LOCATION_0286,CHECKPOINT,FIELD_SURVEILLANCE,0.86
VEVENT_007670,2024-06-29 08:44:28,VEHICLE_00733,LOCATION_0215,ANPR,TOLL_PLAZA,0.92
VEVENT_007671,2026-04-30 05:46:55,VEHICLE_00077,LOCATION_0113,TOLL,ANPR_CAMERA,0.93
VEVENT_007672,2025-06-25 22:16:48,VEHICLE_00541,LOCATION_0200,ANPR,POLICE_CHECKPOINT,0.88
VEVENT_007673,2024-11-09 02:07:43,VEHICLE_00560,LOCATION_0191,CHECKPOINT,FIELD_SURVEILLANCE,0.93
VEVENT_007674,2024-12-07 19:17:47,VEHICLE_00043,LOCATION_0160,TOLL,POLICE_CHECKPOINT,0.96
VEVENT_007675,2025-08-30 14:17:36,VEHICLE_00078,LOCATION_0257,TOLL,ANPR_CAMERA,0.92
VEVENT_007676,2026-01-03 14:24:18,VEHICLE_00498,LOCATION_0201,ANPR,ANPR_CAMERA,0.9
VEVENT_007677,2025-02-12 10:27:19,VEHICLE_00634,LOCATION_0174,ANPR,FIELD_SURVEILLANCE,0.85
VEVENT_007678,2026-03-16 12:59:57,VEHICLE_00654,LOCATION_0066,TOLL,FIELD_SURVEILLANCE,0.92
VEVENT_007679,2025-08-23 02:49:38,VEHICLE_00033,LOCATION_0003,CHECKPOINT,POLICE_CHECKPOINT,0.94
VEVENT_007680,2024-04-05 04:18:45,VEHICLE_00466,LOCATION_0242,TOLL,ANPR_CAMERA,0.94
VEVENT_007681,2025-10-13 15:34:57,VEHICLE_00010,LOCATION_0245,CHECKPOINT,ANPR_CAMERA,0.9
VEVENT_007682,2025-01-28 08:28:52,VEHICLE_00512,LOCATION_0193,CHECKPOINT,POLICE_CHECKPOINT,0.81
VEVENT_007683,2025-04-17 14:01:01,VEHICLE_00080,LOCATION_0125,CHECKPOINT,POLICE_CHECKPOINT,0.97
VEVENT_007684,2024-04-04 17:16:52,VEHICLE_00467,LOCATION_0254,ANPR,ANPR_CAMERA,0.8
VEVENT_007685,2024-01-13 16:31:54,VEHICLE_00174,LOCATION_0165,SURVEILLANCE,TOLL_PLAZA,0.8
VEVENT_007686,2025-06-04 15:22:16,VEHICLE_00356,LOCATION_0056,CHECKPOINT,ANPR_CAMERA,0.85
VEVENT_007687,2024-01-30 17:01:29,VEHICLE_00205,LOCATION_0145,CHECKPOINT,FIELD_SURVEILLANCE,0.95
VEVENT_007688,2026-02-22 00:19:20,VEHICLE_00400,LOCATION_0213,ANPR,POLICE_CHECKPOINT,0.93
VEVENT_007689,2025-03-01 06:47:23,VEHICLE_00213,LOCATION_0182,ANPR,FIELD_SURVEILLANCE,0.87
VEVENT_007690,2026-04-26 16:18:10,VEHICLE_00658,LOCATION_0023,ANPR,TOLL_PLAZA,0.82
VEVENT_007691,2024-02-22 15:35:28,VEHICLE_00332,LOCATION_0060,ANPR,TOLL_PLAZA,0.83
VEVENT_007692,2024-05-16 05:29:54,VEHICLE_00209,LOCATION_0014,SURVEILLANCE,FIELD_SURVEILLANCE,0.82
VEVENT_007693,2026-06-12 01:25:06,VEHICLE_00061,LOCATION_0033,ANPR,FIELD_SURVEILLANCE,0.81
VEVENT_007694,2026-06-01 22:23:11,VEHICLE_00218,LOCATION_0264,ANPR,POLICE_CHECKPOINT,0.96
VEVENT_007695,2024-11-16 12:53:48,VEHICLE_00234,LOCATION_0007,TOLL,FIELD_SURVEILLANCE,0.83
VEVENT_007696,2024-11-01 08:13:08,VEHICLE_00313,LOCATION_0026,SURVEILLANCE,TOLL_PLAZA,0.92
VEVENT_007697,2025-10-15 16:57:15,VEHICLE_00254,LOCATION_0186,CHECKPOINT,FIELD_SURVEILLANCE,0.88
VEVENT_007698,2026-06-15 08:19:24,VEHICLE_00203,LOCATION_0236,SURVEILLANCE,FIELD_SURVEILLANCE,0.81
VEVENT_007699,2026-02-15 11:47:05,VEHICLE_00302,LOCATION_0174,TOLL,ANPR_CAMERA,0.86
VEVENT_007700,2024-04-20 13:12:09,VEHICLE_00320,LOCATION_0103,TOLL,FIELD_SURVEILLANCE,0.88
VEVENT_007701,2025-01-31 15:22:45,VEHICLE_00749,LOCATION_0026,TOLL,TOLL_PLAZA,0.83
VEVENT_007702,2024-04-13 11:13:59,VEHICLE_00292,LOCATION_0053,SURVEILLANCE,ANPR_CAMERA,0.96
VEVENT_007703,2024-11-05 09:42:58,VEHICLE_00697,LOCATION_0176,CHECKPOINT,FIELD_SURVEILLANCE,0.94
VEVENT_007704,2026-01-09 11:43:25,VEHICLE_00621,LOCATION_0138,SURVEILLANCE,ANPR_CAMERA,0.88
VEVENT_007705,2024-04-21 14:46:00,VEHICLE_00619,LOCATION_0102,ANPR,POLICE_CHECKPOINT,0.87
VEVENT_007706,2026-02-21 11:53:26,VEHICLE_00704,LOCATION_0055,TOLL,FIELD_SURVEILLANCE,0.84
VEVENT_007707,2024-12-13 08:48:53,VEHICLE_00122,LOCATION_0040,CHECKPOINT,POLICE_CHECKPOINT,0.85
VEVENT_007708,2025-03-31 16:06:55,VEHICLE_00390,LOCATION_0120,SURVEILLANCE,POLICE_CHECKPOINT,0.91
VEVENT_007709,2026-02-01 21:02:51,VEHICLE_00634,LOCATION_0004,CHECKPOINT,ANPR_CAMERA,0.94
VEVENT_007710,2026-01-03 17:25:13,VEHICLE_00238,LOCATION_0171,CHECKPOINT,POLICE_CHECKPOINT,0.9
VEVENT_007711,2025-04-23 19:53:35,VEHICLE_00627,LOCATION_0072,SURVEILLANCE,ANPR_CAMERA,0.93
VEVENT_007712,2025-12-18 20:56:24,VEHICLE_00133,LOCATION_0173,TOLL,FIELD_SURVEILLANCE,0.86
VEVENT_007713,2024-12-02 16:01:14,VEHICLE_00707,LOCATION_0014,SURVEILLANCE,TOLL_PLAZA,0.81
VEVENT_007714,2025-01-29 14:15:30,VEHICLE_00671,LOCATION_0090,CHECKPOINT,POLICE_CHECKPOINT,0.91
VEVENT_007715,2024-12-09 22:23:44,VEHICLE_00743,LOCATION_0064,ANPR,FIELD_SURVEILLANCE,0.91
VEVENT_007716,2024-06-21 17:18:10,VEHICLE_00427,LOCATION_0227,ANPR,ANPR_CAMERA,0.86
VEVENT_007717,2025-12-30 09:13:46,VEHICLE_00636,LOCATION_0258,SURVEILLANCE,FIELD_SURVEILLANCE,0.86
VEVENT_007718,2024-04-08 17:33:19,VEHICLE_00748,LOCATION_0065,CHECKPOINT,POLICE_CHECKPOINT,0.95
VEVENT_007719,2024-03-17 03:18:13,VEHICLE_00591,LOCATION_0014,TOLL,ANPR_CAMERA,0.81
VEVENT_007720,2024-06-25 19:47:15,VEHICLE_00241,LOCATION_0266,ANPR,ANPR_CAMERA,0.84
VEVENT_007721,2025-08-17 08:04:00,VEHICLE_00593,LOCATION_0281,TOLL,ANPR_CAMERA,0.82
VEVENT_007722,2024-09-19 03:49:31,VEHICLE_00350,LOCATION_0119,ANPR,ANPR_CAMERA,0.94
VEVENT_007723,2024-11-06 09:16:23,VEHICLE_00320,LOCATION_0113,ANPR,POLICE_CHECKPOINT,0.93
VEVENT_007724,2025-01-08 14:00:16,VEHICLE_00627,LOCATION_0092,TOLL,POLICE_CHECKPOINT,0.8
VEVENT_007725,2024-05-19 17:52:16,VEHICLE_00374,LOCATION_0256,SURVEILLANCE,ANPR_CAMERA,0.88
VEVENT_007726,2025-06-19 11:32:18,VEHICLE_00004,LOCATION_0192,TOLL,FIELD_SURVEILLANCE,0.87
VEVENT_007727,2026-05-25 23:08:14,VEHICLE_00014,LOCATION_0047,TOLL,ANPR_CAMERA,0.87
VEVENT_007728,2024-02-01 01:15:21,VEHICLE_00693,LOCATION_0075,TOLL,TOLL_PLAZA,0.94
VEVENT_007729,2025-05-22 14:05:10,VEHICLE_00347,LOCATION_0288,ANPR,ANPR_CAMERA,0.9
VEVENT_007730,2025-11-05 23:59:37,VEHICLE_00200,LOCATION_0107,TOLL,TOLL_PLAZA,0.82
VEVENT_007731,2024-10-16 09:28:43,VEHICLE_00732,LOCATION_0010,SURVEILLANCE,POLICE_CHECKPOINT,0.91
VEVENT_007732,2025-01-14 17:20:31,VEHICLE_00493,LOCATION_0004,ANPR,POLICE_CHECKPOINT,0.89
VEVENT_007733,2025-07-17 08:38:51,VEHICLE_00638,LOCATION_0068,TOLL,TOLL_PLAZA,0.89
VEVENT_007734,2025-01-22 16:17:09,VEHICLE_00346,LOCATION_0229,TOLL,ANPR_CAMERA,0.94
VEVENT_007735,2026-05-17 23:50:38,VEHICLE_00506,LOCATION_0268,SURVEILLANCE,TOLL_PLAZA,0.96
VEVENT_007736,2025-05-11 06:40:09,VEHICLE_00637,LOCATION_0022,CHECKPOINT,POLICE_CHECKPOINT,0.88
VEVENT_007737,2024-08-26 15:38:52,VEHICLE_00366,LOCATION_0174,ANPR,FIELD_SURVEILLANCE,0.96
VEVENT_007738,2024-09-19 18:43:48,VEHICLE_00317,LOCATION_0004,SURVEILLANCE,TOLL_PLAZA,0.81
VEVENT_007739,2025-04-15 14:15:09,VEHICLE_00032,LOCATION_0137,ANPR,FIELD_SURVEILLANCE,0.96
VEVENT_007740,2026-02-01 23:22:18,VEHICLE_00267,LOCATION_0096,SURVEILLANCE,TOLL_PLAZA,0.86
VEVENT_007741,2025-05-13 10:29:40,VEHICLE_00671,LOCATION_0300,ANPR,ANPR_CAMERA,0.95
VEVENT_007742,2025-06-10 16:15:39,VEHICLE_00180,LOCATION_0230,ANPR,ANPR_CAMERA,0.84
VEVENT_007743,2024-12-26 12:09:46,VEHICLE_00108,LOCATION_0057,ANPR,POLICE_CHECKPOINT,0.87
VEVENT_007744,2025-07-06 20:50:11,VEHICLE_00384,LOCATION_0016,ANPR,FIELD_SURVEILLANCE,0.85
VEVENT_007745,2024-11-19 21:04:07,VEHICLE_00500,LOCATION_0300,TOLL,POLICE_CHECKPOINT,0.85
VEVENT_007746,2025-03-20 19:17:20,VEHICLE_00561,LOCATION_0292,TOLL,POLICE_CHECKPOINT,0.9
VEVENT_007747,2025-07-10 21:33:08,VEHICLE_00736,LOCATION_0005,TOLL,TOLL_PLAZA,0.89
VEVENT_007748,2025-08-06 10:45:29,VEHICLE_00161,LOCATION_0270,CHECKPOINT,FIELD_SURVEILLANCE,0.92
VEVENT_007749,2026-03-04 20:35:45,VEHICLE_00242,LOCATION_0047,CHECKPOINT,TOLL_PLAZA,0.84
VEVENT_007750,2026-06-24 00:44:58,VEHICLE_00239,LOCATION_0204,CHECKPOINT,POLICE_CHECKPOINT,0.93
VEVENT_007751,2026-04-24 15:39:51,VEHICLE_00222,LOCATION_0180,ANPR,FIELD_SURVEILLANCE,0.93
VEVENT_007752,2024-12-12 04:35:41,VEHICLE_00367,LOCATION_0069,SURVEILLANCE,TOLL_PLAZA,0.96
VEVENT_007753,2025-07-22 13:36:06,VEHICLE_00744,LOCATION_0072,CHECKPOINT,FIELD_SURVEILLANCE,0.88
VEVENT_007754,2025-05-16 04:55:02,VEHICLE_00603,LOCATION_0048,ANPR,POLICE_CHECKPOINT,0.97
VEVENT_007755,2024-03-10 19:47:07,VEHICLE_00592,LOCATION_0009,TOLL,FIELD_SURVEILLANCE,0.83
VEVENT_007756,2025-01-30 00:30:17,VEHICLE_00585,LOCATION_0219,ANPR,POLICE_CHECKPOINT,0.84
VEVENT_007757,2024-01-16 07:59:09,VEHICLE_00270,LOCATION_0297,ANPR,ANPR_CAMERA,0.83
VEVENT_007758,2025-04-23 03:21:37,VEHICLE_00605,LOCATION_0075,ANPR,ANPR_CAMERA,0.83
VEVENT_007759,2025-02-18 18:17:20,VEHICLE_00446,LOCATION_0248,ANPR,FIELD_SURVEILLANCE,0.93
VEVENT_007760,2025-10-16 19:06:17,VEHICLE_00730,LOCATION_0144,SURVEILLANCE,TOLL_PLAZA,0.93
VEVENT_007761,2026-05-12 11:03:20,VEHICLE_00152,LOCATION_0059,TOLL,ANPR_CAMERA,0.84
VEVENT_007762,2024-09-16 23:29:57,VEHICLE_00232,LOCATION_0252,SURVEILLANCE,POLICE_CHECKPOINT,0.89
VEVENT_007763,2025-03-28 23:50:49,VEHICLE_00439,LOCATION_0029,SURVEILLANCE,ANPR_CAMERA,0.85
VEVENT_007764,2025-05-29 14:04:28,VEHICLE_00020,LOCATION_0250,ANPR,FIELD_SURVEILLANCE,0.85
VEVENT_007765,2024-09-21 05:50:24,VEHICLE_00457,LOCATION_0174,ANPR,ANPR_CAMERA,0.96
VEVENT_007766,2025-04-05 11:49:44,VEHICLE_00539,LOCATION_0191,CHECKPOINT,FIELD_SURVEILLANCE,0.8
VEVENT_007767,2024-03-03 17:14:23,VEHICLE_00049,LOCATION_0169,ANPR,POLICE_CHECKPOINT,0.88
VEVENT_007768,2024-09-08 16:25:17,VEHICLE_00565,LOCATION_0147,CHECKPOINT,ANPR_CAMERA,0.8
VEVENT_007769,2024-05-15 09:23:22,VEHICLE_00076,LOCATION_0083,CHECKPOINT,POLICE_CHECKPOINT,0.84
VEVENT_007770,2025-07-27 14:03:18,VEHICLE_00682,LOCATION_0139,ANPR,POLICE_CHECKPOINT,0.93
VEVENT_007771,2024-03-02 13:17:30,VEHICLE_00370,LOCATION_0021,ANPR,POLICE_CHECKPOINT,0.87
VEVENT_007772,2024-12-11 21:10:06,VEHICLE_00613,LOCATION_0227,CHECKPOINT,POLICE_CHECKPOINT,0.85
VEVENT_007773,2025-04-18 18:12:43,VEHICLE_00544,LOCATION_0297,CHECKPOINT,TOLL_PLAZA,0.88
VEVENT_007774,2025-01-25 19:22:48,VEHICLE_00481,LOCATION_0210,ANPR,FIELD_SURVEILLANCE,0.84
VEVENT_007775,2025-11-20 22:48:09,VEHICLE_00336,LOCATION_0289,TOLL,ANPR_CAMERA,0.82
VEVENT_007776,2024-07-20 22:11:13,VEHICLE_00420,LOCATION_0259,ANPR,POLICE_CHECKPOINT,0.85
VEVENT_007777,2025-05-06 02:36:57,VEHICLE_00313,LOCATION_0176,TOLL,TOLL_PLAZA,0.87
VEVENT_007778,2024-12-01 16:09:34,VEHICLE_00521,LOCATION_0015,TOLL,ANPR_CAMERA,0.97
VEVENT_007779,2024-07-27 15:02:03,VEHICLE_00477,LOCATION_0288,CHECKPOINT,FIELD_SURVEILLANCE,0.88
VEVENT_007780,2024-04-30 14:37:50,VEHICLE_00271,LOCATION_0039,TOLL,TOLL_PLAZA,0.84
VEVENT_007781,2025-04-16 23:23:17,VEHICLE_00552,LOCATION_0285,SURVEILLANCE,TOLL_PLAZA,0.91
VEVENT_007782,2026-04-23 02:08:31,VEHICLE_00757,LOCATION_0234,TOLL,FIELD_SURVEILLANCE,0.89
VEVENT_007783,2024-10-31 09:45:35,VEHICLE_00095,LOCATION_0126,CHECKPOINT,FIELD_SURVEILLANCE,0.9
VEVENT_007784,2024-11-24 12:30:27,VEHICLE_00485,LOCATION_0186,SURVEILLANCE,POLICE_CHECKPOINT,0.92
VEVENT_007785,2025-06-22 17:43:13,VEHICLE_00018,LOCATION_0070,TOLL,ANPR_CAMERA,0.83
VEVENT_007786,2025-04-07 22:47:30,VEHICLE_00284,LOCATION_0025,ANPR,TOLL_PLAZA,0.85
VEVENT_007787,2024-07-06 09:32:38,VEHICLE_00607,LOCATION_0131,TOLL,ANPR_CAMERA,0.85
VEVENT_007788,2025-12-30 02:14:32,VEHICLE_00100,LOCATION_0045,ANPR,TOLL_PLAZA,0.84
VEVENT_007789,2026-03-23 17:37:10,VEHICLE_00022,LOCATION_0092,CHECKPOINT,POLICE_CHECKPOINT,0.96
VEVENT_007790,2024-04-15 21:47:48,VEHICLE_00647,LOCATION_0069,ANPR,POLICE_CHECKPOINT,0.81
VEVENT_007791,2024-02-26 23:54:28,VEHICLE_00040,LOCATION_0279,ANPR,POLICE_CHECKPOINT,0.92
VEVENT_007792,2024-07-24 00:45:56,VEHICLE_00140,LOCATION_0163,ANPR,FIELD_SURVEILLANCE,0.93
VEVENT_007793,2025-06-12 17:38:00,VEHICLE_00106,LOCATION_0261,SURVEILLANCE,POLICE_CHECKPOINT,0.8
VEVENT_007794,2025-02-07 09:47:56,VEHICLE_00123,LOCATION_0049,TOLL,TOLL_PLAZA,0.89
VEVENT_007795,2024-03-05 20:16:32,VEHICLE_00330,LOCATION_0201,CHECKPOINT,TOLL_PLAZA,0.95
VEVENT_007796,2025-06-13 17:48:51,VEHICLE_00611,LOCATION_0014,SURVEILLANCE,ANPR_CAMERA,0.81
VEVENT_007797,2025-06-15 07:30:46,VEHICLE_00746,LOCATION_0299,CHECKPOINT,FIELD_SURVEILLANCE,0.95
VEVENT_007798,2024-08-13 01:07:04,VEHICLE_00632,LOCATION_0010,TOLL,POLICE_CHECKPOINT,0.85
VEVENT_007799,2024-07-14 17:58:40,VEHICLE_00190,LOCATION_0148,SURVEILLANCE,ANPR_CAMERA,0.86
VEVENT_007800,2024-12-22 10:53:35,VEHICLE_00386,LOCATION_0098,SURVEILLANCE,TOLL_PLAZA,0.93
VEVENT_007801,2025-01-06 16:39:46,VEHICLE_00228,LOCATION_0072,SURVEILLANCE,POLICE_CHECKPOINT,0.84
VEVENT_007802,2024-07-20 14:35:15,VEHICLE_00189,LOCATION_0023,SURVEILLANCE,ANPR_CAMERA,0.86
VEVENT_007803,2025-07-15 11:25:43,VEHICLE_00351,LOCATION_0170,ANPR,ANPR_CAMERA,0.8
VEVENT_007804,2025-07-06 13:55:43,VEHICLE_00022,LOCATION_0162,ANPR,ANPR_CAMERA,0.85
VEVENT_007805,2024-08-05 22:41:46,VEHICLE_00293,LOCATION_0017,SURVEILLANCE,ANPR_CAMERA,0.84
VEVENT_007806,2025-09-27 02:21:34,VEHICLE_00539,LOCATION_0051,ANPR,FIELD_SURVEILLANCE,0.93
VEVENT_007807,2025-08-26 18:20:52,VEHICLE_00386,LOCATION_0258,CHECKPOINT,TOLL_PLAZA,0.81
VEVENT_007808,2024-05-10 05:06:03,VEHICLE_00265,LOCATION_0127,CHECKPOINT,FIELD_SURVEILLANCE,0.88
VEVENT_007809,2025-08-19 03:43:56,VEHICLE_00397,LOCATION_0151,ANPR,TOLL_PLAZA,0.93
VEVENT_007810,2024-01-15 09:18:09,VEHICLE_00116,LOCATION_0164,ANPR,TOLL_PLAZA,0.88
VEVENT_007811,2026-05-01 06:57:45,VEHICLE_00404,LOCATION_0237,CHECKPOINT,POLICE_CHECKPOINT,0.89
VEVENT_007812,2026-05-31 17:13:02,VEHICLE_00715,LOCATION_0018,CHECKPOINT,FIELD_SURVEILLANCE,0.8
VEVENT_007813,2024-09-10 01:09:28,VEHICLE_00107,LOCATION_0019,SURVEILLANCE,FIELD_SURVEILLANCE,0.89
VEVENT_007814,2024-09-27 11:19:30,VEHICLE_00307,LOCATION_0269,CHECKPOINT,FIELD_SURVEILLANCE,0.96
VEVENT_007815,2024-01-21 09:38:39,VEHICLE_00418,LOCATION_0224,ANPR,POLICE_CHECKPOINT,0.82
VEVENT_007816,2026-04-22 19:00:50,VEHICLE_00665,LOCATION_0240,SURVEILLANCE,TOLL_PLAZA,0.81
VEVENT_007817,2024-09-13 08:08:49,VEHICLE_00609,LOCATION_0118,SURVEILLANCE,TOLL_PLAZA,0.87
VEVENT_007818,2026-04-01 11:08:11,VEHICLE_00712,LOCATION_0300,CHECKPOINT,FIELD_SURVEILLANCE,0.92
VEVENT_007819,2025-09-23 01:52:14,VEHICLE_00544,LOCATION_0007,TOLL,TOLL_PLAZA,0.92
VEVENT_007820,2024-04-17 19:14:33,VEHICLE_00088,LOCATION_0010,ANPR,FIELD_SURVEILLANCE,0.92
VEVENT_007821,2026-06-18 23:19:36,VEHICLE_00211,LOCATION_0240,CHECKPOINT,TOLL_PLAZA,0.81
VEVENT_007822,2026-05-05 18:08:24,VEHICLE_00078,LOCATION_0077,ANPR,TOLL_PLAZA,0.92
VEVENT_007823,2025-12-14 09:34:36,VEHICLE_00717,LOCATION_0011,CHECKPOINT,ANPR_CAMERA,0.94
VEVENT_007824,2026-06-02 14:16:09,VEHICLE_00472,LOCATION_0009,CHECKPOINT,TOLL_PLAZA,0.86
VEVENT_007825,2024-12-21 04:55:03,VEHICLE_00710,LOCATION_0179,SURVEILLANCE,TOLL_PLAZA,0.89
VEVENT_007826,2024-01-05 01:20:53,VEHICLE_00651,LOCATION_0079,CHECKPOINT,ANPR_CAMERA,0.94
VEVENT_007827,2024-02-23 09:31:31,VEHICLE_00761,LOCATION_0196,SURVEILLANCE,FIELD_SURVEILLANCE,0.93
VEVENT_007828,2025-07-13 06:27:42,VEHICLE_00340,LOCATION_0236,SURVEILLANCE,POLICE_CHECKPOINT,0.8
VEVENT_007829,2024-11-25 13:25:18,VEHICLE_00756,LOCATION_0099,ANPR,FIELD_SURVEILLANCE,0.95
VEVENT_007830,2024-01-20 09:11:39,VEHICLE_00728,LOCATION_0145,CHECKPOINT,POLICE_CHECKPOINT,0.97
VEVENT_007831,2026-06-21 00:48:20,VEHICLE_00445,LOCATION_0144,SURVEILLANCE,ANPR_CAMERA,0.81
VEVENT_007832,2024-08-02 03:58:42,VEHICLE_00616,LOCATION_0212,SURVEILLANCE,FIELD_SURVEILLANCE,0.91
VEVENT_007833,2026-03-14 10:15:05,VEHICLE_00198,LOCATION_0282,ANPR,ANPR_CAMERA,0.82
VEVENT_007834,2024-12-24 22:12:32,VEHICLE_00230,LOCATION_0191,ANPR,ANPR_CAMERA,0.96
VEVENT_007835,2025-10-11 08:43:55,VEHICLE_00702,LOCATION_0266,ANPR,POLICE_CHECKPOINT,0.9
VEVENT_007836,2026-05-03 23:43:15,VEHICLE_00308,LOCATION_0299,SURVEILLANCE,POLICE_CHECKPOINT,0.85
VEVENT_007837,2024-05-14 21:29:03,VEHICLE_00114,LOCATION_0228,CHECKPOINT,ANPR_CAMERA,0.92
VEVENT_007838,2025-07-13 03:58:47,VEHICLE_00604,LOCATION_0083,ANPR,ANPR_CAMERA,0.81
VEVENT_007839,2026-06-14 15:53:33,VEHICLE_00398,LOCATION_0084,SURVEILLANCE,TOLL_PLAZA,0.86
VEVENT_007840,2025-06-18 05:20:44,VEHICLE_00050,LOCATION_0047,ANPR,ANPR_CAMERA,0.81
VEVENT_007841,2026-02-01 13:04:43,VEHICLE_00658,LOCATION_0073,SURVEILLANCE,POLICE_CHECKPOINT,0.92
VEVENT_007842,2025-08-23 08:27:26,VEHICLE_00133,LOCATION_0223,ANPR,FIELD_SURVEILLANCE,0.82
VEVENT_007843,2024-05-21 12:06:04,VEHICLE_00154,LOCATION_0275,CHECKPOINT,TOLL_PLAZA,0.87
VEVENT_007844,2024-03-02 07:41:19,VEHICLE_00258,LOCATION_0036,SURVEILLANCE,POLICE_CHECKPOINT,0.95
VEVENT_007845,2025-09-16 04:23:00,VEHICLE_00547,LOCATION_0091,TOLL,FIELD_SURVEILLANCE,0.86
VEVENT_007846,2026-03-30 13:49:36,VEHICLE_00679,LOCATION_0012,CHECKPOINT,FIELD_SURVEILLANCE,0.88
VEVENT_007847,2026-04-09 22:42:43,VEHICLE_00153,LOCATION_0136,TOLL,POLICE_CHECKPOINT,0.83
VEVENT_007848,2024-07-26 11:42:00,VEHICLE_00138,LOCATION_0125,CHECKPOINT,ANPR_CAMERA,0.87
VEVENT_007849,2026-04-03 07:49:24,VEHICLE_00310,LOCATION_0090,ANPR,FIELD_SURVEILLANCE,0.85
VEVENT_007850,2024-10-09 08:09:53,VEHICLE_00408,LOCATION_0208,SURVEILLANCE,ANPR_CAMERA,0.87
VEVENT_007851,2024-01-20 22:01:20,VEHICLE_00388,LOCATION_0110,CHECKPOINT,TOLL_PLAZA,0.87
VEVENT_007852,2025-05-12 07:39:10,VEHICLE_00024,LOCATION_0094,SURVEILLANCE,POLICE_CHECKPOINT,0.86
VEVENT_007853,2024-06-21 16:55:59,VEHICLE_00450,LOCATION_0005,SURVEILLANCE,FIELD_SURVEILLANCE,0.83
VEVENT_007854,2026-01-17 11:11:34,VEHICLE_00152,LOCATION_0129,CHECKPOINT,TOLL_PLAZA,0.83
VEVENT_007855,2026-03-28 23:35:43,VEHICLE_00530,LOCATION_0294,TOLL,POLICE_CHECKPOINT,0.92
VEVENT_007856,2025-10-09 21:36:59,VEHICLE_00504,LOCATION_0064,SURVEILLANCE,ANPR_CAMERA,0.84
VEVENT_007857,2026-05-01 21:03:19,VEHICLE_00120,LOCATION_0236,SURVEILLANCE,TOLL_PLAZA,0.96
VEVENT_007858,2024-07-02 07:45:42,VEHICLE_00663,LOCATION_0277,TOLL,ANPR_CAMERA,0.94
VEVENT_007859,2024-03-09 12:23:45,VEHICLE_00231,LOCATION_0202,SURVEILLANCE,POLICE_CHECKPOINT,0.82
VEVENT_007860,2025-07-31 16:30:23,VEHICLE_00463,LOCATION_0214,SURVEILLANCE,ANPR_CAMERA,0.95
VEVENT_007861,2025-12-06 02:26:23,VEHICLE_00682,LOCATION_0239,SURVEILLANCE,ANPR_CAMERA,0.83
VEVENT_007862,2024-12-13 11:05:30,VEHICLE_00041,LOCATION_0277,SURVEILLANCE,POLICE_CHECKPOINT,0.84
VEVENT_007863,2025-07-30 15:42:27,VEHICLE_00759,LOCATION_0233,CHECKPOINT,FIELD_SURVEILLANCE,0.92
VEVENT_007864,2025-09-27 03:34:21,VEHICLE_00247,LOCATION_0218,ANPR,FIELD_SURVEILLANCE,0.94
VEVENT_007865,2026-05-04 10:12:48,VEHICLE_00126,LOCATION_0099,CHECKPOINT,ANPR_CAMERA,0.95
VEVENT_007866,2024-09-25 06:16:20,VEHICLE_00110,LOCATION_0178,SURVEILLANCE,POLICE_CHECKPOINT,0.95
VEVENT_007867,2024-12-24 01:30:43,VEHICLE_00036,LOCATION_0152,CHECKPOINT,ANPR_CAMERA,0.96
VEVENT_007868,2026-02-23 10:37:19,VEHICLE_00128,LOCATION_0218,ANPR,TOLL_PLAZA,0.86
VEVENT_007869,2025-11-05 20:23:27,VEHICLE_00111,LOCATION_0083,SURVEILLANCE,FIELD_SURVEILLANCE,0.83
VEVENT_007870,2024-03-28 20:20:41,VEHICLE_00165,LOCATION_0146,SURVEILLANCE,ANPR_CAMERA,0.95
VEVENT_007871,2024-08-13 11:55:46,VEHICLE_00419,LOCATION_0294,TOLL,ANPR_CAMERA,0.96
VEVENT_007872,2026-02-11 08:05:56,VEHICLE_00722,LOCATION_0093,SURVEILLANCE,TOLL_PLAZA,0.87
VEVENT_007873,2024-06-10 01:21:47,VEHICLE_00462,LOCATION_0003,TOLL,FIELD_SURVEILLANCE,0.85
VEVENT_007874,2025-10-29 23:30:46,VEHICLE_00130,LOCATION_0048,TOLL,TOLL_PLAZA,0.9
VEVENT_007875,2026-04-22 01:06:10,VEHICLE_00248,LOCATION_0239,TOLL,POLICE_CHECKPOINT,0.8
VEVENT_007876,2025-07-19 02:38:29,VEHICLE_00346,LOCATION_0019,CHECKPOINT,TOLL_PLAZA,0.87
VEVENT_007877,2025-07-25 23:08:09,VEHICLE_00129,LOCATION_0277,ANPR,TOLL_PLAZA,0.82
VEVENT_007878,2025-03-23 07:00:50,VEHICLE_00095,LOCATION_0106,TOLL,ANPR_CAMERA,0.82
VEVENT_007879,2025-12-11 04:19:12,VEHICLE_00387,LOCATION_0131,CHECKPOINT,POLICE_CHECKPOINT,0.92
VEVENT_007880,2024-02-20 20:30:46,VEHICLE_00135,LOCATION_0237,ANPR,FIELD_SURVEILLANCE,0.84
VEVENT_007881,2025-11-10 22:14:00,VEHICLE_00045,LOCATION_0009,ANPR,ANPR_CAMERA,0.96
VEVENT_007882,2025-04-02 08:24:55,VEHICLE_00117,LOCATION_0291,SURVEILLANCE,POLICE_CHECKPOINT,0.9
VEVENT_007883,2026-05-09 01:30:40,VEHICLE_00357,LOCATION_0227,ANPR,FIELD_SURVEILLANCE,0.94
VEVENT_007884,2025-01-19 04:00:23,VEHICLE_00562,LOCATION_0200,CHECKPOINT,ANPR_CAMERA,0.84
VEVENT_007885,2024-12-25 06:05:05,VEHICLE_00117,LOCATION_0231,CHECKPOINT,TOLL_PLAZA,0.87
VEVENT_007886,2024-07-23 09:08:02,VEHICLE_00099,LOCATION_0160,TOLL,TOLL_PLAZA,0.88
VEVENT_007887,2024-09-01 02:55:07,VEHICLE_00391,LOCATION_0196,CHECKPOINT,FIELD_SURVEILLANCE,0.93
VEVENT_007888,2025-09-24 17:46:12,VEHICLE_00527,LOCATION_0050,TOLL,TOLL_PLAZA,0.96
VEVENT_007889,2026-03-28 02:26:32,VEHICLE_00430,LOCATION_0181,SURVEILLANCE,POLICE_CHECKPOINT,0.89
VEVENT_007890,2025-07-03 19:36:27,VEHICLE_00150,LOCATION_0158,TOLL,ANPR_CAMERA,0.83
VEVENT_007891,2024-05-19 19:10:58,VEHICLE_00354,LOCATION_0200,SURVEILLANCE,TOLL_PLAZA,0.87
VEVENT_007892,2026-04-14 20:45:31,VEHICLE_00121,LOCATION_0277,CHECKPOINT,ANPR_CAMERA,0.88
VEVENT_007893,2024-06-24 05:48:09,VEHICLE_00656,LOCATION_0206,ANPR,FIELD_SURVEILLANCE,0.92
VEVENT_007894,2026-03-27 16:32:43,VEHICLE_00015,LOCATION_0074,SURVEILLANCE,ANPR_CAMERA,0.82
VEVENT_007895,2026-02-05 14:20:52,VEHICLE_00606,LOCATION_0278,TOLL,TOLL_PLAZA,0.92
VEVENT_007896,2025-06-15 22:25:35,VEHICLE_00305,LOCATION_0106,TOLL,TOLL_PLAZA,0.93
VEVENT_007897,2024-10-14 04:13:30,VEHICLE_00142,LOCATION_0175,ANPR,POLICE_CHECKPOINT,0.95
VEVENT_007898,2024-07-11 15:32:27,VEHICLE_00377,LOCATION_0201,ANPR,FIELD_SURVEILLANCE,0.89
VEVENT_007899,2025-06-21 04:38:22,VEHICLE_00170,LOCATION_0121,ANPR,POLICE_CHECKPOINT,0.82
VEVENT_007900,2025-09-14 19:50:18,VEHICLE_00627,LOCATION_0102,TOLL,TOLL_PLAZA,0.97
VEVENT_007901,2025-09-25 15:27:44,VEHICLE_00603,LOCATION_0178,ANPR,FIELD_SURVEILLANCE,0.94
VEVENT_007902,2024-02-18 21:59:44,VEHICLE_00493,LOCATION_0164,SURVEILLANCE,FIELD_SURVEILLANCE,0.96
VEVENT_007903,2024-05-24 06:54:35,VEHICLE_00094,LOCATION_0274,TOLL,POLICE_CHECKPOINT,0.89
VEVENT_007904,2025-07-02 02:45:10,VEHICLE_00305,LOCATION_0106,ANPR,FIELD_SURVEILLANCE,0.84
VEVENT_007905,2025-12-17 13:36:09,VEHICLE_00034,LOCATION_0036,CHECKPOINT,POLICE_CHECKPOINT,0.95
VEVENT_007906,2025-03-05 20:21:37,VEHICLE_00557,LOCATION_0111,SURVEILLANCE,FIELD_SURVEILLANCE,0.86
VEVENT_007907,2025-06-06 08:47:21,VEHICLE_00392,LOCATION_0197,SURVEILLANCE,TOLL_PLAZA,0.86
VEVENT_007908,2024-01-03 23:06:18,VEHICLE_00446,LOCATION_0238,SURVEILLANCE,POLICE_CHECKPOINT,0.93
VEVENT_007909,2024-12-02 12:41:27,VEHICLE_00474,LOCATION_0007,TOLL,TOLL_PLAZA,0.91
VEVENT_007910,2025-02-17 00:52:38,VEHICLE_00382,LOCATION_0243,TOLL,ANPR_CAMERA,0.91
VEVENT_007911,2024-12-02 05:51:42,VEHICLE_00674,LOCATION_0268,ANPR,ANPR_CAMERA,0.82
VEVENT_007912,2024-04-09 19:45:16,VEHICLE_00726,LOCATION_0243,ANPR,TOLL_PLAZA,0.96
VEVENT_007913,2026-02-04 06:26:22,VEHICLE_00212,LOCATION_0188,TOLL,FIELD_SURVEILLANCE,0.95
VEVENT_007914,2024-04-01 09:22:08,VEHICLE_00362,LOCATION_0009,TOLL,FIELD_SURVEILLANCE,0.82
VEVENT_007915,2024-03-13 08:53:56,VEHICLE_00198,LOCATION_0012,TOLL,POLICE_CHECKPOINT,0.95
VEVENT_007916,2025-08-27 11:30:29,VEHICLE_00584,LOCATION_0012,CHECKPOINT,TOLL_PLAZA,0.85
VEVENT_007917,2024-12-07 21:55:25,VEHICLE_00430,LOCATION_0021,TOLL,TOLL_PLAZA,0.85
VEVENT_007918,2024-09-21 07:28:06,VEHICLE_00519,LOCATION_0092,CHECKPOINT,TOLL_PLAZA,0.81
VEVENT_007919,2025-02-25 04:38:54,VEHICLE_00561,LOCATION_0182,ANPR,TOLL_PLAZA,0.83
VEVENT_007920,2025-09-15 23:59:52,VEHICLE_00650,LOCATION_0046,SURVEILLANCE,ANPR_CAMERA,0.96
VEVENT_007921,2025-02-24 06:32:08,VEHICLE_00110,LOCATION_0148,TOLL,ANPR_CAMERA,0.95
VEVENT_007922,2026-02-12 01:35:58,VEHICLE_00624,LOCATION_0152,TOLL,ANPR_CAMERA,0.85
VEVENT_007923,2026-05-31 10:28:46,VEHICLE_00296,LOCATION_0140,SURVEILLANCE,ANPR_CAMERA,0.95
VEVENT_007924,2024-10-07 16:15:57,VEHICLE_00273,LOCATION_0260,SURVEILLANCE,POLICE_CHECKPOINT,0.82
VEVENT_007925,2024-08-30 01:52:01,VEHICLE_00196,LOCATION_0233,TOLL,ANPR_CAMERA,0.8
VEVENT_007926,2026-02-18 22:09:31,VEHICLE_00176,LOCATION_0072,ANPR,FIELD_SURVEILLANCE,0.92
VEVENT_007927,2026-03-21 15:00:52,VEHICLE_00514,LOCATION_0190,ANPR,FIELD_SURVEILLANCE,0.96
VEVENT_007928,2024-01-05 22:39:17,VEHICLE_00615,LOCATION_0018,CHECKPOINT,FIELD_SURVEILLANCE,0.91
VEVENT_007929,2024-06-30 21:27:06,VEHICLE_00310,LOCATION_0100,SURVEILLANCE,POLICE_CHECKPOINT,0.88
VEVENT_007930,2025-03-12 00:12:57,VEHICLE_00589,LOCATION_0136,SURVEILLANCE,ANPR_CAMERA,0.96
VEVENT_007931,2025-11-18 11:09:19,VEHICLE_00247,LOCATION_0128,TOLL,POLICE_CHECKPOINT,0.93
VEVENT_007932,2024-12-19 18:29:57,VEHICLE_00524,LOCATION_0296,SURVEILLANCE,FIELD_SURVEILLANCE,0.89
VEVENT_007933,2026-05-29 00:30:35,VEHICLE_00694,LOCATION_0145,ANPR,POLICE_CHECKPOINT,0.89
VEVENT_007934,2024-09-11 04:46:49,VEHICLE_00419,LOCATION_0264,CHECKPOINT,FIELD_SURVEILLANCE,0.85
VEVENT_007935,2025-03-17 14:25:44,VEHICLE_00663,LOCATION_0097,ANPR,POLICE_CHECKPOINT,0.85
VEVENT_007936,2024-12-15 04:16:25,VEHICLE_00612,LOCATION_0088,ANPR,FIELD_SURVEILLANCE,0.87
VEVENT_007937,2024-07-28 12:11:24,VEHICLE_00417,LOCATION_0230,SURVEILLANCE,POLICE_CHECKPOINT,0.92
VEVENT_007938,2025-12-09 16:28:42,VEHICLE_00087,LOCATION_0178,ANPR,ANPR_CAMERA,0.94
VEVENT_007939,2025-11-04 08:24:45,VEHICLE_00485,LOCATION_0266,CHECKPOINT,ANPR_CAMERA,0.94
VEVENT_007940,2025-12-22 17:21:43,VEHICLE_00184,LOCATION_0274,ANPR,ANPR_CAMERA,0.84
VEVENT_007941,2025-03-31 22:00:25,VEHICLE_00172,LOCATION_0222,CHECKPOINT,POLICE_CHECKPOINT,0.97
VEVENT_007942,2026-03-05 05:18:40,VEHICLE_00047,LOCATION_0119,CHECKPOINT,FIELD_SURVEILLANCE,0.9
VEVENT_007943,2025-09-09 04:46:06,VEHICLE_00233,LOCATION_0209,SURVEILLANCE,POLICE_CHECKPOINT,0.89
VEVENT_007944,2026-04-05 15:52:16,VEHICLE_00715,LOCATION_0168,ANPR,FIELD_SURVEILLANCE,0.82
VEVENT_007945,2024-10-31 13:27:35,VEHICLE_00171,LOCATION_0208,CHECKPOINT,FIELD_SURVEILLANCE,0.82
VEVENT_007946,2026-01-17 19:52:15,VEHICLE_00145,LOCATION_0037,CHECKPOINT,TOLL_PLAZA,0.87
VEVENT_007947,2026-05-24 18:53:36,VEHICLE_00467,LOCATION_0034,SURVEILLANCE,ANPR_CAMERA,0.84
VEVENT_007948,2024-12-12 18:25:37,VEHICLE_00524,LOCATION_0096,ANPR,POLICE_CHECKPOINT,0.96
VEVENT_007949,2026-06-24 02:23:08,VEHICLE_00053,LOCATION_0208,CHECKPOINT,POLICE_CHECKPOINT,0.84
VEVENT_007950,2025-10-06 19:25:53,VEHICLE_00759,LOCATION_0103,TOLL,FIELD_SURVEILLANCE,0.82
VEVENT_007951,2026-04-13 10:47:21,VEHICLE_00218,LOCATION_0174,TOLL,ANPR_CAMERA,0.93
VEVENT_007952,2025-10-18 20:42:38,VEHICLE_00682,LOCATION_0099,ANPR,POLICE_CHECKPOINT,0.82
VEVENT_007953,2026-01-01 11:28:25,VEHICLE_00411,LOCATION_0111,SURVEILLANCE,TOLL_PLAZA,0.95
VEVENT_007954,2026-01-22 15:09:09,VEHICLE_00176,LOCATION_0242,CHECKPOINT,TOLL_PLAZA,0.83
VEVENT_007955,2025-12-17 23:50:27,VEHICLE_00463,LOCATION_0184,TOLL,TOLL_PLAZA,0.93
VEVENT_007956,2025-08-01 07:02:00,VEHICLE_00067,LOCATION_0080,CHECKPOINT,ANPR_CAMERA,0.84
VEVENT_007957,2026-01-11 09:39:09,VEHICLE_00220,LOCATION_0177,CHECKPOINT,FIELD_SURVEILLANCE,0.86
VEVENT_007958,2025-09-13 22:18:43,VEHICLE_00348,LOCATION_0149,CHECKPOINT,POLICE_CHECKPOINT,0.92
VEVENT_007959,2026-06-04 14:43:44,VEHICLE_00276,LOCATION_0265,ANPR,ANPR_CAMERA,0.82
VEVENT_007960,2026-03-02 15:13:09,VEHICLE_00047,LOCATION_0079,CHECKPOINT,FIELD_SURVEILLANCE,0.96
VEVENT_007961,2025-04-15 12:37:34,VEHICLE_00247,LOCATION_0098,SURVEILLANCE,POLICE_CHECKPOINT,0.94
VEVENT_007962,2025-08-03 00:28:55,VEHICLE_00318,LOCATION_0128,CHECKPOINT,ANPR_CAMERA,0.95
VEVENT_007963,2026-02-04 22:21:13,VEHICLE_00355,LOCATION_0099,TOLL,ANPR_CAMERA,0.91
VEVENT_007964,2026-06-18 04:40:59,VEHICLE_00461,LOCATION_0050,ANPR,TOLL_PLAZA,0.96
VEVENT_007965,2024-09-27 11:25:34,VEHICLE_00565,LOCATION_0127,ANPR,ANPR_CAMERA,0.87
VEVENT_007966,2025-09-09 09:09:35,VEHICLE_00701,LOCATION_0117,TOLL,POLICE_CHECKPOINT,0.88
VEVENT_007967,2026-02-09 10:38:45,VEHICLE_00323,LOCATION_0097,CHECKPOINT,TOLL_PLAZA,0.96
VEVENT_007968,2025-08-03 06:51:39,VEHICLE_00424,LOCATION_0133,SURVEILLANCE,POLICE_CHECKPOINT,0.86
VEVENT_007969,2025-08-26 21:36:16,VEHICLE_00305,LOCATION_0246,SURVEILLANCE,FIELD_SURVEILLANCE,0.8
VEVENT_007970,2024-07-05 10:12:30,VEHICLE_00045,LOCATION_0219,TOLL,ANPR_CAMERA,0.83
VEVENT_007971,2024-03-23 01:15:09,VEHICLE_00576,LOCATION_0020,ANPR,POLICE_CHECKPOINT,0.95
VEVENT_007972,2025-11-15 02:44:10,VEHICLE_00341,LOCATION_0130,TOLL,FIELD_SURVEILLANCE,0.89
VEVENT_007973,2024-11-11 03:16:54,VEHICLE_00070,LOCATION_0289,CHECKPOINT,FIELD_SURVEILLANCE,0.87
VEVENT_007974,2026-01-13 14:48:07,VEHICLE_00353,LOCATION_0004,ANPR,TOLL_PLAZA,0.93
VEVENT_007975,2026-06-10 17:39:16,VEHICLE_00274,LOCATION_0273,CHECKPOINT,ANPR_CAMERA,0.95
VEVENT_007976,2024-05-12 04:28:05,VEHICLE_00284,LOCATION_0275,ANPR,FIELD_SURVEILLANCE,0.84
VEVENT_007977,2024-11-19 08:42:00,VEHICLE_00721,LOCATION_0030,CHECKPOINT,POLICE_CHECKPOINT,0.96
VEVENT_007978,2025-08-11 23:10:56,VEHICLE_00443,LOCATION_0035,ANPR,FIELD_SURVEILLANCE,0.85
VEVENT_007979,2024-10-26 09:10:30,VEHICLE_00674,LOCATION_0238,CHECKPOINT,ANPR_CAMERA,0.87
VEVENT_007980,2025-06-10 00:10:44,VEHICLE_00209,LOCATION_0294,CHECKPOINT,FIELD_SURVEILLANCE,0.8
VEVENT_007981,2024-07-06 17:30:07,VEHICLE_00260,LOCATION_0063,CHECKPOINT,TOLL_PLAZA,0.96
VEVENT_007982,2024-12-01 18:51:10,VEHICLE_00614,LOCATION_0140,CHECKPOINT,FIELD_SURVEILLANCE,0.86
VEVENT_007983,2026-01-22 00:05:20,VEHICLE_00260,LOCATION_0183,CHECKPOINT,ANPR_CAMERA,0.84
VEVENT_007984,2024-05-03 10:09:44,VEHICLE_00640,LOCATION_0025,SURVEILLANCE,POLICE_CHECKPOINT,0.95
VEVENT_007985,2025-06-16 21:52:13,VEHICLE_00187,LOCATION_0155,TOLL,FIELD_SURVEILLANCE,0.86
VEVENT_007986,2024-02-20 21:32:47,VEHICLE_00746,LOCATION_0059,TOLL,POLICE_CHECKPOINT,0.87
VEVENT_007987,2026-05-08 20:56:12,VEHICLE_00295,LOCATION_0089,CHECKPOINT,ANPR_CAMERA,0.85
VEVENT_007988,2024-11-25 23:09:34,VEHICLE_00235,LOCATION_0132,ANPR,TOLL_PLAZA,0.82
VEVENT_007989,2026-05-10 15:11:03,VEHICLE_00145,LOCATION_0287,ANPR,TOLL_PLAZA,0.92
VEVENT_007990,2025-05-08 07:27:44,VEHICLE_00704,LOCATION_0265,SURVEILLANCE,TOLL_PLAZA,0.95
VEVENT_007991,2026-04-17 17:23:12,VEHICLE_00402,LOCATION_0082,SURVEILLANCE,POLICE_CHECKPOINT,0.82
VEVENT_007992,2025-07-02 01:36:57,VEHICLE_00573,LOCATION_0132,ANPR,TOLL_PLAZA,0.9
VEVENT_007993,2024-02-15 20:19:36,VEHICLE_00225,LOCATION_0116,SURVEILLANCE,POLICE_CHECKPOINT,0.93
VEVENT_007994,2026-03-31 14:25:24,VEHICLE_00375,LOCATION_0093,SURVEILLANCE,FIELD_SURVEILLANCE,0.89
VEVENT_007995,2025-03-30 21:35:24,VEHICLE_00214,LOCATION_0100,CHECKPOINT,ANPR_CAMERA,0.91
VEVENT_007996,2026-03-09 20:48:42,VEHICLE_00099,LOCATION_0170,ANPR,POLICE_CHECKPOINT,0.85
VEVENT_007997,2025-07-16 20:11:04,VEHICLE_00399,LOCATION_0265,CHECKPOINT,FIELD_SURVEILLANCE,0.84
VEVENT_007998,2025-10-13 17:25:55,VEHICLE_00563,LOCATION_0052,CHECKPOINT,FIELD_SURVEILLANCE,0.95
VEVENT_007999,2025-08-16 11:50:52,VEHICLE_00402,LOCATION_0162,SURVEILLANCE,POLICE_CHECKPOINT,0.95
VEVENT_008000,2025-03-16 18:48:03,VEHICLE_00271,LOCATION_0239,TOLL,TOLL_PLAZA,0.9
VEVENT_008001,2025-08-29 03:58:15,VEHICLE_00438,LOCATION_0127,CHECKPOINT,FIELD_SURVEILLANCE,0.86
VEVENT_008002,2025-09-14 16:11:45,VEHICLE_00188,LOCATION_0290,SURVEILLANCE,POLICE_CHECKPOINT,0.85
VEVENT_008003,2025-07-21 18:44:03,VEHICLE_00122,LOCATION_0090,ANPR,ANPR_CAMERA,0.88
VEVENT_008004,2024-08-12 11:20:17,VEHICLE_00633,LOCATION_0063,TOLL,TOLL_PLAZA,0.87
VEVENT_008005,2025-08-03 14:40:00,VEHICLE_00598,LOCATION_0121,TOLL,ANPR_CAMERA,0.91
VEVENT_008006,2025-04-27 07:23:15,VEHICLE_00715,LOCATION_0228,ANPR,FIELD_SURVEILLANCE,0.83
VEVENT_008007,2025-02-18 08:46:07,VEHICLE_00249,LOCATION_0014,ANPR,FIELD_SURVEILLANCE,0.84
VEVENT_008008,2025-12-23 18:17:38,VEHICLE_00745,LOCATION_0275,SURVEILLANCE,ANPR_CAMERA,0.94
VEVENT_008009,2025-02-02 16:10:42,VEHICLE_00208,LOCATION_0285,ANPR,TOLL_PLAZA,0.92
VEVENT_008010,2025-11-27 03:30:17,VEHICLE_00601,LOCATION_0051,SURVEILLANCE,POLICE_CHECKPOINT,0.94
VEVENT_008011,2026-04-17 09:11:21,VEHICLE_00730,LOCATION_0224,SURVEILLANCE,POLICE_CHECKPOINT,0.97
VEVENT_008012,2025-01-17 05:04:32,VEHICLE_00581,LOCATION_0186,SURVEILLANCE,POLICE_CHECKPOINT,0.9
VEVENT_008013,2026-03-23 05:33:55,VEHICLE_00577,LOCATION_0166,CHECKPOINT,ANPR_CAMERA,0.89
VEVENT_008014,2025-06-09 07:49:18,VEHICLE_00419,LOCATION_0274,SURVEILLANCE,FIELD_SURVEILLANCE,0.86
VEVENT_008015,2024-12-23 16:54:05,VEHICLE_00412,LOCATION_0047,SURVEILLANCE,ANPR_CAMERA,0.92
VEVENT_008016,2025-10-09 05:44:05,VEHICLE_00565,LOCATION_0237,CHECKPOINT,POLICE_CHECKPOINT,0.94
VEVENT_008017,2024-10-18 15:21:25,VEHICLE_00301,LOCATION_0201,CHECKPOINT,FIELD_SURVEILLANCE,0.85
VEVENT_008018,2026-05-28 16:36:23,VEHICLE_00574,LOCATION_0214,CHECKPOINT,ANPR_CAMERA,0.89
VEVENT_008019,2025-11-30 15:46:16,VEHICLE_00344,LOCATION_0242,ANPR,FIELD_SURVEILLANCE,0.83
VEVENT_008020,2026-05-09 16:24:22,VEHICLE_00589,LOCATION_0196,ANPR,POLICE_CHECKPOINT,0.94
VEVENT_008021,2026-05-24 05:16:46,VEHICLE_00726,LOCATION_0253,TOLL,POLICE_CHECKPOINT,0.86
VEVENT_008022,2024-09-18 22:16:58,VEHICLE_00634,LOCATION_0094,CHECKPOINT,POLICE_CHECKPOINT,0.86
VEVENT_008023,2025-03-19 21:43:42,VEHICLE_00285,LOCATION_0085,TOLL,ANPR_CAMERA,0.94
VEVENT_008024,2024-03-06 21:46:24,VEHICLE_00600,LOCATION_0091,CHECKPOINT,ANPR_CAMERA,0.81
VEVENT_008025,2026-01-20 19:00:39,VEHICLE_00259,LOCATION_0228,CHECKPOINT,POLICE_CHECKPOINT,0.88
VEVENT_008026,2024-08-26 20:27:52,VEHICLE_00555,LOCATION_0079,SURVEILLANCE,POLICE_CHECKPOINT,0.96
VEVENT_008027,2025-05-27 21:02:46,VEHICLE_00395,LOCATION_0096,ANPR,TOLL_PLAZA,0.85
VEVENT_008028,2026-06-18 22:15:43,VEHICLE_00473,LOCATION_0246,CHECKPOINT,FIELD_SURVEILLANCE,0.93
VEVENT_008029,2025-11-17 20:58:41,VEHICLE_00754,LOCATION_0287,TOLL,POLICE_CHECKPOINT,0.81
VEVENT_008030,2026-06-17 20:02:37,VEHICLE_00255,LOCATION_0221,ANPR,POLICE_CHECKPOINT,0.91
VEVENT_008031,2026-05-26 04:06:19,VEHICLE_00583,LOCATION_0152,TOLL,POLICE_CHECKPOINT,0.92
VEVENT_008032,2025-02-18 08:49:49,VEHICLE_00385,LOCATION_0154,TOLL,ANPR_CAMERA,0.82
VEVENT_008033,2024-02-28 11:44:46,VEHICLE_00095,LOCATION_0236,TOLL,FIELD_SURVEILLANCE,0.87
VEVENT_008034,2024-08-08 08:44:09,VEHICLE_00616,LOCATION_0052,ANPR,POLICE_CHECKPOINT,0.84
VEVENT_008035,2025-07-12 02:21:20,VEHICLE_00140,LOCATION_0193,SURVEILLANCE,FIELD_SURVEILLANCE,0.83
VEVENT_008036,2026-05-06 07:19:49,VEHICLE_00540,LOCATION_0269,ANPR,FIELD_SURVEILLANCE,0.94
VEVENT_008037,2025-01-02 12:10:24,VEHICLE_00661,LOCATION_0118,TOLL,POLICE_CHECKPOINT,0.91
VEVENT_008038,2026-01-20 19:19:37,VEHICLE_00479,LOCATION_0118,TOLL,TOLL_PLAZA,0.91
VEVENT_008039,2025-07-06 05:34:53,VEHICLE_00497,LOCATION_0019,TOLL,FIELD_SURVEILLANCE,0.86
VEVENT_008040,2024-01-10 17:27:59,VEHICLE_00209,LOCATION_0234,CHECKPOINT,TOLL_PLAZA,0.94
VEVENT_008041,2026-03-17 00:48:43,VEHICLE_00634,LOCATION_0224,ANPR,ANPR_CAMERA,0.89
VEVENT_008042,2026-04-28 04:01:35,VEHICLE_00337,LOCATION_0123,SURVEILLANCE,FIELD_SURVEILLANCE,0.85
VEVENT_008043,2025-07-05 02:39:28,VEHICLE_00292,LOCATION_0163,TOLL,TOLL_PLAZA,0.85
VEVENT_008044,2024-06-10 19:23:03,VEHICLE_00625,LOCATION_0124,ANPR,ANPR_CAMERA,0.86
VEVENT_008045,2025-06-15 15:39:19,VEHICLE_00108,LOCATION_0127,SURVEILLANCE,FIELD_SURVEILLANCE,0.82
VEVENT_008046,2025-04-15 22:04:39,VEHICLE_00210,LOCATION_0113,SURVEILLANCE,ANPR_CAMERA,0.91
VEVENT_008047,2025-11-20 21:36:30,VEHICLE_00042,LOCATION_0031,SURVEILLANCE,TOLL_PLAZA,0.92
VEVENT_008048,2025-12-25 22:18:16,VEHICLE_00433,LOCATION_0037,SURVEILLANCE,POLICE_CHECKPOINT,0.85
VEVENT_008049,2026-04-30 16:23:48,VEHICLE_00033,LOCATION_0133,CHECKPOINT,TOLL_PLAZA,0.85
VEVENT_008050,2024-09-17 06:49:53,VEHICLE_00474,LOCATION_0127,TOLL,FIELD_SURVEILLANCE,0.93
VEVENT_008051,2026-03-26 15:36:37,VEHICLE_00200,LOCATION_0107,ANPR,POLICE_CHECKPOINT,0.97
VEVENT_008052,2024-03-29 20:20:31,VEHICLE_00602,LOCATION_0244,ANPR,TOLL_PLAZA,0.94
VEVENT_008053,2026-02-01 12:55:12,VEHICLE_00001,LOCATION_0018,ANPR,TOLL_PLAZA,0.83
VEVENT_008054,2024-11-02 03:09:03,VEHICLE_00010,LOCATION_0145,ANPR,ANPR_CAMERA,0.89
VEVENT_008055,2024-03-29 21:09:56,VEHICLE_00320,LOCATION_0103,CHECKPOINT,ANPR_CAMERA,0.89
VEVENT_008056,2024-06-05 04:46:56,VEHICLE_00550,LOCATION_0162,CHECKPOINT,ANPR_CAMERA,0.91
VEVENT_008057,2025-03-09 13:07:45,VEHICLE_00675,LOCATION_0171,CHECKPOINT,POLICE_CHECKPOINT,0.93
VEVENT_008058,2024-05-12 19:30:52,VEHICLE_00435,LOCATION_0012,CHECKPOINT,FIELD_SURVEILLANCE,0.84
VEVENT_008059,2025-12-13 04:41:04,VEHICLE_00421,LOCATION_0118,CHECKPOINT,FIELD_SURVEILLANCE,0.85
VEVENT_008060,2026-04-12 08:54:05,VEHICLE_00159,LOCATION_0199,ANPR,ANPR_CAMERA,0.93
VEVENT_008061,2025-08-20 02:59:43,VEHICLE_00618,LOCATION_0004,ANPR,TOLL_PLAZA,0.88
VEVENT_008062,2025-05-04 10:30:08,VEHICLE_00736,LOCATION_0225,SURVEILLANCE,FIELD_SURVEILLANCE,0.85
VEVENT_008063,2026-03-17 08:22:39,VEHICLE_00493,LOCATION_0074,ANPR,TOLL_PLAZA,0.86
VEVENT_008064,2025-12-24 14:53:15,VEHICLE_00691,LOCATION_0221,SURVEILLANCE,POLICE_CHECKPOINT,0.81
VEVENT_008065,2025-04-07 12:51:56,VEHICLE_00112,LOCATION_0174,CHECKPOINT,ANPR_CAMERA,0.94
VEVENT_008066,2024-07-13 05:13:59,VEHICLE_00172,LOCATION_0282,SURVEILLANCE,ANPR_CAMERA,0.9
VEVENT_008067,2024-05-27 18:15:12,VEHICLE_00392,LOCATION_0247,SURVEILLANCE,FIELD_SURVEILLANCE,0.94
VEVENT_008068,2024-10-24 05:59:26,VEHICLE_00552,LOCATION_0165,TOLL,TOLL_PLAZA,0.94
VEVENT_008069,2024-03-01 03:51:59,VEHICLE_00328,LOCATION_0241,CHECKPOINT,TOLL_PLAZA,0.85
VEVENT_008070,2026-01-12 16:52:59,VEHICLE_00174,LOCATION_0195,ANPR,TOLL_PLAZA,0.81
VEVENT_008071,2024-12-28 02:55:49,VEHICLE_00685,LOCATION_0177,TOLL,FIELD_SURVEILLANCE,0.92
VEVENT_008072,2025-07-14 13:33:19,VEHICLE_00703,LOCATION_0294,TOLL,TOLL_PLAZA,0.87
VEVENT_008073,2026-03-31 14:05:10,VEHICLE_00253,LOCATION_0294,SURVEILLANCE,FIELD_SURVEILLANCE,0.82
VEVENT_008074,2024-10-29 05:45:25,VEHICLE_00552,LOCATION_0085,ANPR,FIELD_SURVEILLANCE,0.83
VEVENT_008075,2024-08-27 09:12:40,VEHICLE_00442,LOCATION_0042,TOLL,ANPR_CAMERA,0.94
VEVENT_008076,2024-04-20 13:37:51,VEHICLE_00157,LOCATION_0056,TOLL,ANPR_CAMERA,0.87
VEVENT_008077,2024-05-20 09:38:47,VEHICLE_00450,LOCATION_0075,CHECKPOINT,TOLL_PLAZA,0.91
VEVENT_008078,2025-01-07 02:02:36,VEHICLE_00609,LOCATION_0158,CHECKPOINT,TOLL_PLAZA,0.81
VEVENT_008079,2025-01-14 14:52:53,VEHICLE_00336,LOCATION_0069,ANPR,POLICE_CHECKPOINT,0.84
VEVENT_008080,2025-11-13 09:45:45,VEHICLE_00594,LOCATION_0048,SURVEILLANCE,POLICE_CHECKPOINT,0.95
VEVENT_008081,2024-05-09 20:09:29,VEHICLE_00018,LOCATION_0010,ANPR,ANPR_CAMERA,0.97
VEVENT_008082,2025-09-01 08:16:02,VEHICLE_00095,LOCATION_0056,CHECKPOINT,FIELD_SURVEILLANCE,0.84
VEVENT_008083,2026-06-16 18:17:41,VEHICLE_00241,LOCATION_0106,CHECKPOINT,FIELD_SURVEILLANCE,0.91
VEVENT_008084,2024-10-11 22:35:25,VEHICLE_00507,LOCATION_0168,CHECKPOINT,POLICE_CHECKPOINT,0.88
VEVENT_008085,2025-01-06 01:46:03,VEHICLE_00327,LOCATION_0234,TOLL,FIELD_SURVEILLANCE,0.94
VEVENT_008086,2026-05-16 14:27:19,VEHICLE_00710,LOCATION_0289,TOLL,POLICE_CHECKPOINT,0.93
VEVENT_008087,2025-11-12 17:00:38,VEHICLE_00034,LOCATION_0256,SURVEILLANCE,POLICE_CHECKPOINT,0.94
VEVENT_008088,2026-04-07 04:17:04,VEHICLE_00554,LOCATION_0015,TOLL,FIELD_SURVEILLANCE,0.83
VEVENT_008089,2024-08-01 15:34:29,VEHICLE_00019,LOCATION_0032,ANPR,POLICE_CHECKPOINT,0.94
VEVENT_008090,2024-01-20 10:46:52,VEHICLE_00671,LOCATION_0220,SURVEILLANCE,TOLL_PLAZA,0.93
VEVENT_008091,2024-06-03 01:47:57,VEHICLE_00758,LOCATION_0239,TOLL,ANPR_CAMERA,0.81
VEVENT_008092,2025-01-10 16:58:59,VEHICLE_00651,LOCATION_0179,CHECKPOINT,TOLL_PLAZA,0.84
VEVENT_008093,2026-01-18 02:31:24,VEHICLE_00106,LOCATION_0131,TOLL,TOLL_PLAZA,0.87
VEVENT_008094,2025-08-08 07:14:07,VEHICLE_00511,LOCATION_0288,ANPR,TOLL_PLAZA,0.96
VEVENT_008095,2026-05-24 04:09:49,VEHICLE_00163,LOCATION_0210,ANPR,FIELD_SURVEILLANCE,0.93
VEVENT_008096,2024-09-14 12:35:10,VEHICLE_00570,LOCATION_0051,ANPR,FIELD_SURVEILLANCE,0.95
VEVENT_008097,2024-07-06 05:03:10,VEHICLE_00468,LOCATION_0197,SURVEILLANCE,POLICE_CHECKPOINT,0.85
VEVENT_008098,2025-05-26 07:48:54,VEHICLE_00755,LOCATION_0249,SURVEILLANCE,FIELD_SURVEILLANCE,0.87
VEVENT_008099,2024-04-12 14:42:05,VEHICLE_00002,LOCATION_0095,SURVEILLANCE,TOLL_PLAZA,0.96
VEVENT_008100,2026-03-07 16:12:20,VEHICLE_00233,LOCATION_0029,CHECKPOINT,TOLL_PLAZA,0.89
VEVENT_008101,2024-02-14 02:59:36,VEHICLE_00752,LOCATION_0288,TOLL,TOLL_PLAZA,0.9
VEVENT_008102,2025-10-08 00:40:00,VEHICLE_00661,LOCATION_0248,TOLL,ANPR_CAMERA,0.81
VEVENT_008103,2025-01-21 14:08:22,VEHICLE_00634,LOCATION_0014,CHECKPOINT,ANPR_CAMERA,0.93
VEVENT_008104,2025-05-16 03:24:31,VEHICLE_00065,LOCATION_0048,SURVEILLANCE,POLICE_CHECKPOINT,0.9
VEVENT_008105,2025-06-12 00:34:08,VEHICLE_00379,LOCATION_0135,ANPR,TOLL_PLAZA,0.8
VEVENT_008106,2024-03-30 18:42:02,VEHICLE_00619,LOCATION_0062,CHECKPOINT,ANPR_CAMERA,0.81
VEVENT_008107,2025-09-05 21:52:06,VEHICLE_00429,LOCATION_0244,CHECKPOINT,TOLL_PLAZA,0.81
VEVENT_008108,2025-02-25 05:59:56,VEHICLE_00175,LOCATION_0073,TOLL,TOLL_PLAZA,0.84
VEVENT_008109,2024-04-27 09:14:11,VEHICLE_00397,LOCATION_0191,CHECKPOINT,TOLL_PLAZA,0.89
VEVENT_008110,2025-11-03 23:56:47,VEHICLE_00146,LOCATION_0016,SURVEILLANCE,TOLL_PLAZA,0.96
VEVENT_008111,2026-02-14 03:07:14,VEHICLE_00669,LOCATION_0228,CHECKPOINT,TOLL_PLAZA,0.87
VEVENT_008112,2026-06-13 11:08:29,VEHICLE_00386,LOCATION_0198,ANPR,FIELD_SURVEILLANCE,0.94
VEVENT_008113,2026-05-12 04:00:19,VEHICLE_00537,LOCATION_0281,SURVEILLANCE,ANPR_CAMERA,0.83
VEVENT_008114,2025-03-17 09:25:28,VEHICLE_00562,LOCATION_0160,SURVEILLANCE,POLICE_CHECKPOINT,0.89
VEVENT_008115,2024-03-03 10:21:22,VEHICLE_00377,LOCATION_0201,TOLL,TOLL_PLAZA,0.94
VEVENT_008116,2025-04-12 23:34:33,VEHICLE_00225,LOCATION_0186,TOLL,FIELD_SURVEILLANCE,0.91
VEVENT_008117,2025-07-21 09:32:01,VEHICLE_00058,LOCATION_0232,ANPR,POLICE_CHECKPOINT,0.83
VEVENT_008118,2024-04-20 04:34:56,VEHICLE_00036,LOCATION_0112,ANPR,TOLL_PLAZA,0.91
VEVENT_008119,2026-03-28 22:05:55,VEHICLE_00243,LOCATION_0094,ANPR,TOLL_PLAZA,0.87
VEVENT_008120,2025-03-22 08:04:11,VEHICLE_00610,LOCATION_0206,ANPR,TOLL_PLAZA,0.91
VEVENT_008121,2025-05-19 02:29:08,VEHICLE_00647,LOCATION_0059,ANPR,TOLL_PLAZA,0.94
VEVENT_008122,2024-11-21 23:45:53,VEHICLE_00697,LOCATION_0136,SURVEILLANCE,POLICE_CHECKPOINT,0.87
VEVENT_008123,2025-03-28 19:14:21,VEHICLE_00713,LOCATION_0257,CHECKPOINT,TOLL_PLAZA,0.83
VEVENT_008124,2024-04-25 01:14:20,VEHICLE_00014,LOCATION_0087,SURVEILLANCE,TOLL_PLAZA,0.94
VEVENT_008125,2024-12-23 11:57:19,VEHICLE_00296,LOCATION_0120,TOLL,POLICE_CHECKPOINT,0.91
VEVENT_008126,2024-06-22 15:49:49,VEHICLE_00366,LOCATION_0284,SURVEILLANCE,FIELD_SURVEILLANCE,0.91
VEVENT_008127,2026-01-29 19:15:13,VEHICLE_00318,LOCATION_0098,CHECKPOINT,FIELD_SURVEILLANCE,0.83
VEVENT_008128,2025-03-19 21:32:26,VEHICLE_00247,LOCATION_0118,SURVEILLANCE,POLICE_CHECKPOINT,0.9
VEVENT_008129,2025-07-07 08:58:11,VEHICLE_00052,LOCATION_0036,SURVEILLANCE,ANPR_CAMERA,0.83
VEVENT_008130,2024-03-21 01:36:34,VEHICLE_00142,LOCATION_0095,CHECKPOINT,POLICE_CHECKPOINT,0.86
VEVENT_008131,2026-04-09 03:51:04,VEHICLE_00576,LOCATION_0260,TOLL,ANPR_CAMERA,0.87
VEVENT_008132,2024-05-12 16:19:41,VEHICLE_00046,LOCATION_0142,CHECKPOINT,ANPR_CAMERA,0.86
VEVENT_008133,2026-05-13 07:19:35,VEHICLE_00210,LOCATION_0163,ANPR,POLICE_CHECKPOINT,0.91
VEVENT_008134,2024-05-02 04:20:33,VEHICLE_00760,LOCATION_0271,ANPR,TOLL_PLAZA,0.93
VEVENT_008135,2026-06-21 05:18:16,VEHICLE_00662,LOCATION_0288,SURVEILLANCE,TOLL_PLAZA,0.82
VEVENT_008136,2025-11-17 19:26:27,VEHICLE_00745,LOCATION_0035,ANPR,FIELD_SURVEILLANCE,0.91
VEVENT_008137,2025-05-17 00:17:00,VEHICLE_00377,LOCATION_0211,SURVEILLANCE,TOLL_PLAZA,0.96
VEVENT_008138,2024-03-28 18:49:56,VEHICLE_00532,LOCATION_0155,CHECKPOINT,ANPR_CAMERA,0.82
VEVENT_008139,2024-05-04 03:40:43,VEHICLE_00703,LOCATION_0204,CHECKPOINT,TOLL_PLAZA,0.93
VEVENT_008140,2024-11-18 20:40:22,VEHICLE_00178,LOCATION_0106,CHECKPOINT,FIELD_SURVEILLANCE,0.86
VEVENT_008141,2025-02-25 09:35:26,VEHICLE_00104,LOCATION_0075,ANPR,FIELD_SURVEILLANCE,0.84
VEVENT_008142,2025-10-23 00:32:39,VEHICLE_00121,LOCATION_0247,SURVEILLANCE,FIELD_SURVEILLANCE,0.81
VEVENT_008143,2026-01-23 06:20:08,VEHICLE_00103,LOCATION_0035,ANPR,FIELD_SURVEILLANCE,0.89
VEVENT_008144,2024-01-06 19:37:09,VEHICLE_00193,LOCATION_0021,SURVEILLANCE,FIELD_SURVEILLANCE,0.92
VEVENT_008145,2024-09-10 19:22:29,VEHICLE_00613,LOCATION_0267,SURVEILLANCE,FIELD_SURVEILLANCE,0.85
VEVENT_008146,2024-12-26 04:09:10,VEHICLE_00013,LOCATION_0290,SURVEILLANCE,FIELD_SURVEILLANCE,0.9
VEVENT_008147,2024-07-26 11:46:19,VEHICLE_00092,LOCATION_0006,ANPR,POLICE_CHECKPOINT,0.88
VEVENT_008148,2025-10-30 00:42:00,VEHICLE_00580,LOCATION_0160,SURVEILLANCE,FIELD_SURVEILLANCE,0.89
VEVENT_008149,2026-03-19 22:08:45,VEHICLE_00221,LOCATION_0267,CHECKPOINT,ANPR_CAMERA,0.92
VEVENT_008150,2025-04-05 06:26:53,VEHICLE_00267,LOCATION_0006,ANPR,FIELD_SURVEILLANCE,0.92
VEVENT_008151,2024-02-22 03:18:29,VEHICLE_00379,LOCATION_0085,SURVEILLANCE,POLICE_CHECKPOINT,0.95
VEVENT_008152,2026-02-13 14:22:50,VEHICLE_00180,LOCATION_0220,SURVEILLANCE,POLICE_CHECKPOINT,0.89
VEVENT_008153,2025-03-16 18:46:44,VEHICLE_00513,LOCATION_0050,CHECKPOINT,POLICE_CHECKPOINT,0.9
VEVENT_008154,2024-09-05 08:09:34,VEHICLE_00531,LOCATION_0162,SURVEILLANCE,TOLL_PLAZA,0.81
VEVENT_008155,2025-03-27 11:23:55,VEHICLE_00579,LOCATION_0069,CHECKPOINT,TOLL_PLAZA,0.9
VEVENT_008156,2024-07-29 21:30:35,VEHICLE_00728,LOCATION_0155,TOLL,FIELD_SURVEILLANCE,0.92
VEVENT_008157,2025-09-21 06:04:36,VEHICLE_00228,LOCATION_0042,SURVEILLANCE,ANPR_CAMERA,0.96
VEVENT_008158,2024-08-22 14:45:07,VEHICLE_00421,LOCATION_0158,CHECKPOINT,POLICE_CHECKPOINT,0.93
VEVENT_008159,2026-06-15 10:46:29,VEHICLE_00142,LOCATION_0125,SURVEILLANCE,FIELD_SURVEILLANCE,0.9
VEVENT_008160,2026-04-20 17:22:04,VEHICLE_00169,LOCATION_0171,TOLL,ANPR_CAMERA,0.86
VEVENT_008161,2025-12-10 18:44:32,VEHICLE_00677,LOCATION_0201,ANPR,POLICE_CHECKPOINT,0.87
VEVENT_008162,2025-07-16 19:28:44,VEHICLE_00752,LOCATION_0278,ANPR,TOLL_PLAZA,0.97
VEVENT_008163,2026-06-20 23:58:18,VEHICLE_00685,LOCATION_0097,ANPR,POLICE_CHECKPOINT,0.86
VEVENT_008164,2025-06-02 15:34:44,VEHICLE_00356,LOCATION_0076,TOLL,TOLL_PLAZA,0.89
VEVENT_008165,2025-09-09 07:00:09,VEHICLE_00143,LOCATION_0207,ANPR,FIELD_SURVEILLANCE,0.97
VEVENT_008166,2024-03-01 08:32:23,VEHICLE_00325,LOCATION_0005,SURVEILLANCE,POLICE_CHECKPOINT,0.95
VEVENT_008167,2024-09-17 11:49:08,VEHICLE_00373,LOCATION_0187,ANPR,TOLL_PLAZA,0.83
VEVENT_008168,2024-04-02 13:58:31,VEHICLE_00052,LOCATION_0076,SURVEILLANCE,TOLL_PLAZA,0.88
VEVENT_008169,2025-10-07 15:21:27,VEHICLE_00639,LOCATION_0295,ANPR,ANPR_CAMERA,0.95
VEVENT_008170,2026-01-10 11:37:17,VEHICLE_00066,LOCATION_0141,TOLL,POLICE_CHECKPOINT,0.97
VEVENT_008171,2024-12-06 08:05:06,VEHICLE_00092,LOCATION_0216,SURVEILLANCE,ANPR_CAMERA,0.93
VEVENT_008172,2025-11-24 19:31:48,VEHICLE_00192,LOCATION_0155,SURVEILLANCE,ANPR_CAMERA,0.8
VEVENT_008173,2024-08-09 06:43:08,VEHICLE_00092,LOCATION_0296,SURVEILLANCE,ANPR_CAMERA,0.92
VEVENT_008174,2024-03-23 01:54:54,VEHICLE_00117,LOCATION_0201,CHECKPOINT,FIELD_SURVEILLANCE,0.94
VEVENT_008175,2025-08-05 21:19:10,VEHICLE_00060,LOCATION_0105,CHECKPOINT,POLICE_CHECKPOINT,0.81
VEVENT_008176,2025-02-12 21:01:01,VEHICLE_00343,LOCATION_0256,SURVEILLANCE,POLICE_CHECKPOINT,0.91
VEVENT_008177,2024-08-28 09:17:42,VEHICLE_00061,LOCATION_0283,SURVEILLANCE,FIELD_SURVEILLANCE,0.92
VEVENT_008178,2025-01-26 01:34:40,VEHICLE_00694,LOCATION_0255,ANPR,TOLL_PLAZA,0.94
VEVENT_008179,2024-11-20 18:37:27,VEHICLE_00311,LOCATION_0114,ANPR,FIELD_SURVEILLANCE,0.85
VEVENT_008180,2025-07-26 10:02:36,VEHICLE_00181,LOCATION_0296,TOLL,FIELD_SURVEILLANCE,0.96
VEVENT_008181,2025-04-07 05:53:37,VEHICLE_00520,LOCATION_0051,TOLL,POLICE_CHECKPOINT,0.8
VEVENT_008182,2025-12-24 08:44:28,VEHICLE_00702,LOCATION_0286,TOLL,FIELD_SURVEILLANCE,0.9
VEVENT_008183,2024-08-09 13:47:03,VEHICLE_00003,LOCATION_0255,CHECKPOINT,POLICE_CHECKPOINT,0.91
VEVENT_008184,2025-07-09 20:44:42,VEHICLE_00363,LOCATION_0120,SURVEILLANCE,POLICE_CHECKPOINT,0.82
VEVENT_008185,2026-06-09 18:14:38,VEHICLE_00150,LOCATION_0038,ANPR,ANPR_CAMERA,0.97
VEVENT_008186,2024-04-08 18:20:06,VEHICLE_00734,LOCATION_0196,CHECKPOINT,FIELD_SURVEILLANCE,0.96
VEVENT_008187,2024-07-22 12:18:43,VEHICLE_00224,LOCATION_0065,ANPR,ANPR_CAMERA,0.92
VEVENT_008188,2025-05-07 20:47:11,VEHICLE_00095,LOCATION_0016,CHECKPOINT,FIELD_SURVEILLANCE,0.8
VEVENT_008189,2026-01-06 23:22:06,VEHICLE_00649,LOCATION_0154,SURVEILLANCE,ANPR_CAMERA,0.97
VEVENT_008190,2024-08-17 06:31:26,VEHICLE_00254,LOCATION_0296,CHECKPOINT,TOLL_PLAZA,0.94
VEVENT_008191,2025-01-27 21:51:50,VEHICLE_00692,LOCATION_0290,CHECKPOINT,POLICE_CHECKPOINT,0.88
VEVENT_008192,2025-10-26 11:47:00,VEHICLE_00327,LOCATION_0244,SURVEILLANCE,TOLL_PLAZA,0.89
VEVENT_008193,2024-11-21 19:31:10,VEHICLE_00069,LOCATION_0212,SURVEILLANCE,POLICE_CHECKPOINT,0.86
VEVENT_008194,2025-07-12 05:44:38,VEHICLE_00324,LOCATION_0262,SURVEILLANCE,POLICE_CHECKPOINT,0.9
VEVENT_008195,2025-11-19 06:48:12,VEHICLE_00406,LOCATION_0018,ANPR,TOLL_PLAZA,0.81
VEVENT_008196,2026-02-10 23:45:18,VEHICLE_00456,LOCATION_0248,ANPR,ANPR_CAMERA,0.82
VEVENT_008197,2024-01-20 20:49:26,VEHICLE_00520,LOCATION_0221,ANPR,FIELD_SURVEILLANCE,0.89
VEVENT_008198,2026-04-03 14:56:31,VEHICLE_00569,LOCATION_0204,SURVEILLANCE,ANPR_CAMERA,0.89
VEVENT_008199,2026-03-12 20:59:27,VEHICLE_00159,LOCATION_0239,CHECKPOINT,FIELD_SURVEILLANCE,0.93
VEVENT_008200,2025-10-11 14:44:22,VEHICLE_00404,LOCATION_0107,SURVEILLANCE,ANPR_CAMERA,0.82
VEVENT_008201,2025-05-23 11:20:07,VEHICLE_00247,LOCATION_0248,SURVEILLANCE,POLICE_CHECKPOINT,0.96
VEVENT_008202,2024-12-15 04:54:41,VEHICLE_00073,LOCATION_0039,CHECKPOINT,TOLL_PLAZA,0.84
VEVENT_008203,2025-09-02 21:07:34,VEHICLE_00136,LOCATION_0227,SURVEILLANCE,FIELD_SURVEILLANCE,0.85
VEVENT_008204,2025-06-17 15:47:51,VEHICLE_00538,LOCATION_0262,CHECKPOINT,TOLL_PLAZA,0.83
VEVENT_008205,2024-02-03 15:51:35,VEHICLE_00758,LOCATION_0089,SURVEILLANCE,POLICE_CHECKPOINT,0.89
VEVENT_008206,2025-04-10 08:40:38,VEHICLE_00745,LOCATION_0105,TOLL,POLICE_CHECKPOINT,0.91
VEVENT_008207,2025-02-26 22:08:53,VEHICLE_00323,LOCATION_0097,ANPR,ANPR_CAMERA,0.89
VEVENT_008208,2026-01-08 17:21:35,VEHICLE_00501,LOCATION_0213,CHECKPOINT,TOLL_PLAZA,0.81
VEVENT_008209,2025-04-24 00:39:20,VEHICLE_00697,LOCATION_0056,SURVEILLANCE,TOLL_PLAZA,0.92
VEVENT_008210,2024-01-09 11:05:18,VEHICLE_00491,LOCATION_0180,SURVEILLANCE,ANPR_CAMERA,0.94
VEVENT_008211,2024-06-18 00:45:46,VEHICLE_00308,LOCATION_0119,CHECKPOINT,TOLL_PLAZA,0.95
VEVENT_008212,2026-05-27 02:37:09,VEHICLE_00351,LOCATION_0140,ANPR,ANPR_CAMERA,0.93
VEVENT_008213,2025-07-23 10:54:00,VEHICLE_00663,LOCATION_0117,ANPR,POLICE_CHECKPOINT,0.85
VEVENT_008214,2024-11-20 00:06:24,VEHICLE_00299,LOCATION_0191,ANPR,POLICE_CHECKPOINT,0.95
VEVENT_008215,2024-03-13 06:42:21,VEHICLE_00350,LOCATION_0179,SURVEILLANCE,TOLL_PLAZA,0.83
VEVENT_008216,2025-04-13 23:45:52,VEHICLE_00065,LOCATION_0208,SURVEILLANCE,TOLL_PLAZA,0.93
VEVENT_008217,2024-08-13 12:23:45,VEHICLE_00065,LOCATION_0138,CHECKPOINT,POLICE_CHECKPOINT,0.88
VEVENT_008218,2025-06-05 04:01:51,VEHICLE_00186,LOCATION_0016,TOLL,ANPR_CAMERA,0.91
VEVENT_008219,2026-06-25 20:03:07,VEHICLE_00520,LOCATION_0181,SURVEILLANCE,ANPR_CAMERA,0.92
VEVENT_008220,2024-08-21 23:05:35,VEHICLE_00512,LOCATION_0273,CHECKPOINT,TOLL_PLAZA,0.84
VEVENT_008221,2024-08-17 07:55:26,VEHICLE_00403,LOCATION_0284,CHECKPOINT,TOLL_PLAZA,0.93
VEVENT_008222,2024-11-16 02:44:30,VEHICLE_00491,LOCATION_0210,TOLL,TOLL_PLAZA,0.92
VEVENT_008223,2026-06-20 16:30:48,VEHICLE_00721,LOCATION_0200,SURVEILLANCE,ANPR_CAMERA,0.88
VEVENT_008224,2024-10-12 05:51:41,VEHICLE_00647,LOCATION_0179,TOLL,ANPR_CAMERA,0.88
VEVENT_008225,2026-06-28 13:52:04,VEHICLE_00017,LOCATION_0143,ANPR,TOLL_PLAZA,0.82
VEVENT_008226,2024-08-20 17:37:39,VEHICLE_00583,LOCATION_0142,ANPR,POLICE_CHECKPOINT,0.88
VEVENT_008227,2025-09-19 05:01:25,VEHICLE_00521,LOCATION_0085,CHECKPOINT,POLICE_CHECKPOINT,0.82
VEVENT_008228,2025-05-15 12:53:08,VEHICLE_00210,LOCATION_0243,CHECKPOINT,POLICE_CHECKPOINT,0.84
VEVENT_008229,2024-10-01 04:47:41,VEHICLE_00238,LOCATION_0271,TOLL,TOLL_PLAZA,0.85
VEVENT_008230,2026-05-30 02:22:44,VEHICLE_00081,LOCATION_0255,SURVEILLANCE,POLICE_CHECKPOINT,0.9
VEVENT_008231,2025-03-10 00:42:27,VEHICLE_00296,LOCATION_0070,CHECKPOINT,POLICE_CHECKPOINT,0.89
VEVENT_008232,2024-05-25 01:40:31,VEHICLE_00467,LOCATION_0024,TOLL,POLICE_CHECKPOINT,0.88
VEVENT_008233,2026-04-16 10:38:35,VEHICLE_00698,LOCATION_0134,CHECKPOINT,POLICE_CHECKPOINT,0.88
VEVENT_008234,2025-04-07 20:50:18,VEHICLE_00707,LOCATION_0074,TOLL,FIELD_SURVEILLANCE,0.91
VEVENT_008235,2024-10-23 23:10:15,VEHICLE_00543,LOCATION_0050,TOLL,POLICE_CHECKPOINT,0.88
VEVENT_008236,2024-07-23 00:20:34,VEHICLE_00053,LOCATION_0168,CHECKPOINT,TOLL_PLAZA,0.96
VEVENT_008237,2024-08-22 18:54:15,VEHICLE_00271,LOCATION_0229,SURVEILLANCE,FIELD_SURVEILLANCE,0.9
VEVENT_008238,2025-09-25 15:41:07,VEHICLE_00324,LOCATION_0142,ANPR,TOLL_PLAZA,0.87
VEVENT_008239,2025-07-12 01:22:28,VEHICLE_00121,LOCATION_0217,SURVEILLANCE,TOLL_PLAZA,0.91
VEVENT_008240,2025-06-21 22:15:10,VEHICLE_00535,LOCATION_0088,SURVEILLANCE,FIELD_SURVEILLANCE,0.87
VEVENT_008241,2024-06-03 15:27:53,VEHICLE_00107,LOCATION_0019,SURVEILLANCE,FIELD_SURVEILLANCE,0.94
VEVENT_008242,2024-06-29 08:43:57,VEHICLE_00111,LOCATION_0163,CHECKPOINT,TOLL_PLAZA,0.9
VEVENT_008243,2026-04-26 15:29:43,VEHICLE_00500,LOCATION_0250,ANPR,ANPR_CAMERA,0.83
VEVENT_008244,2024-04-02 17:04:31,VEHICLE_00137,LOCATION_0258,ANPR,POLICE_CHECKPOINT,0.96
VEVENT_008245,2026-02-14 10:07:40,VEHICLE_00123,LOCATION_0159,SURVEILLANCE,TOLL_PLAZA,0.94
VEVENT_008246,2025-02-19 21:01:12,VEHICLE_00469,LOCATION_0082,CHECKPOINT,TOLL_PLAZA,0.84
VEVENT_008247,2024-08-18 08:02:15,VEHICLE_00149,LOCATION_0208,SURVEILLANCE,TOLL_PLAZA,0.83
VEVENT_008248,2025-12-23 16:02:10,VEHICLE_00569,LOCATION_0164,TOLL,ANPR_CAMERA,0.95
VEVENT_008249,2025-08-05 03:01:01,VEHICLE_00754,LOCATION_0257,SURVEILLANCE,POLICE_CHECKPOINT,0.96
VEVENT_008250,2024-05-17 00:58:39,VEHICLE_00094,LOCATION_0114,TOLL,TOLL_PLAZA,0.82
VEVENT_008251,2024-07-13 04:15:44,VEHICLE_00077,LOCATION_0093,SURVEILLANCE,TOLL_PLAZA,0.93
VEVENT_008252,2025-04-11 19:32:07,VEHICLE_00533,LOCATION_0208,SURVEILLANCE,ANPR_CAMERA,0.88
VEVENT_008253,2024-04-19 06:47:07,VEHICLE_00558,LOCATION_0271,TOLL,FIELD_SURVEILLANCE,0.85
VEVENT_008254,2026-06-25 03:40:45,VEHICLE_00442,LOCATION_0102,SURVEILLANCE,POLICE_CHECKPOINT,0.82
VEVENT_008255,2025-03-03 03:28:45,VEHICLE_00554,LOCATION_0275,SURVEILLANCE,TOLL_PLAZA,0.86
VEVENT_008256,2025-06-08 01:18:01,VEHICLE_00007,LOCATION_0020,TOLL,POLICE_CHECKPOINT,0.85
VEVENT_008257,2024-09-16 05:42:13,VEHICLE_00489,LOCATION_0144,ANPR,FIELD_SURVEILLANCE,0.9
VEVENT_008258,2024-09-03 00:08:55,VEHICLE_00432,LOCATION_0249,ANPR,POLICE_CHECKPOINT,0.9
VEVENT_008259,2024-05-30 05:42:32,VEHICLE_00600,LOCATION_0251,CHECKPOINT,TOLL_PLAZA,0.84
VEVENT_008260,2025-09-08 11:05:23,VEHICLE_00309,LOCATION_0104,CHECKPOINT,TOLL_PLAZA,0.81
VEVENT_008261,2024-12-21 16:02:41,VEHICLE_00719,LOCATION_0192,ANPR,POLICE_CHECKPOINT,0.93
VEVENT_008262,2025-11-07 10:35:14,VEHICLE_00084,LOCATION_0210,CHECKPOINT,FIELD_SURVEILLANCE,0.85
VEVENT_008263,2024-01-02 18:03:15,VEHICLE_00234,LOCATION_0037,SURVEILLANCE,POLICE_CHECKPOINT,0.93
VEVENT_008264,2024-02-04 04:39:34,VEHICLE_00761,LOCATION_0266,TOLL,TOLL_PLAZA,0.94
VEVENT_008265,2024-07-31 10:40:11,VEHICLE_00313,LOCATION_0246,CHECKPOINT,FIELD_SURVEILLANCE,0.9
VEVENT_008266,2024-01-02 06:43:38,VEHICLE_00292,LOCATION_0133,SURVEILLANCE,ANPR_CAMERA,0.89
VEVENT_008267,2026-02-24 20:08:32,VEHICLE_00255,LOCATION_0191,CHECKPOINT,POLICE_CHECKPOINT,0.85
VEVENT_008268,2026-03-05 12:09:18,VEHICLE_00271,LOCATION_0279,TOLL,FIELD_SURVEILLANCE,0.9
VEVENT_008269,2026-01-30 18:59:05,VEHICLE_00117,LOCATION_0081,SURVEILLANCE,ANPR_CAMERA,0.89
VEVENT_008270,2024-05-03 02:23:27,VEHICLE_00053,LOCATION_0098,ANPR,ANPR_CAMERA,0.84
VEVENT_008271,2024-11-09 23:43:28,VEHICLE_00304,LOCATION_0259,ANPR,POLICE_CHECKPOINT,0.85
VEVENT_008272,2026-01-24 13:47:20,VEHICLE_00530,LOCATION_0034,CHECKPOINT,POLICE_CHECKPOINT,0.93
VEVENT_008273,2025-09-22 18:35:16,VEHICLE_00061,LOCATION_0043,SURVEILLANCE,FIELD_SURVEILLANCE,0.84
VEVENT_008274,2026-05-20 09:27:40,VEHICLE_00277,LOCATION_0049,SURVEILLANCE,FIELD_SURVEILLANCE,0.82
VEVENT_008275,2025-01-07 13:02:29,VEHICLE_00214,LOCATION_0300,TOLL,ANPR_CAMERA,0.85
VEVENT_008276,2025-04-07 12:55:21,VEHICLE_00012,LOCATION_0076,SURVEILLANCE,POLICE_CHECKPOINT,0.94
VEVENT_008277,2025-02-18 13:39:01,VEHICLE_00724,LOCATION_0275,ANPR,FIELD_SURVEILLANCE,0.9
VEVENT_008278,2024-02-25 07:49:42,VEHICLE_00320,LOCATION_0203,ANPR,ANPR_CAMERA,0.89
VEVENT_008279,2025-11-18 07:33:22,VEHICLE_00671,LOCATION_0060,SURVEILLANCE,ANPR_CAMERA,0.82
VEVENT_008280,2024-12-01 08:04:04,VEHICLE_00445,LOCATION_0094,SURVEILLANCE,FIELD_SURVEILLANCE,0.87
VEVENT_008281,2025-11-23 03:46:02,VEHICLE_00557,LOCATION_0191,SURVEILLANCE,POLICE_CHECKPOINT,0.85
VEVENT_008282,2025-04-10 21:13:14,VEHICLE_00475,LOCATION_0074,TOLL,FIELD_SURVEILLANCE,0.89
VEVENT_008283,2025-07-10 03:09:46,VEHICLE_00731,LOCATION_0258,TOLL,TOLL_PLAZA,0.89
VEVENT_008284,2024-06-17 09:34:04,VEHICLE_00095,LOCATION_0016,ANPR,POLICE_CHECKPOINT,0.89
VEVENT_008285,2024-05-13 04:11:14,VEHICLE_00225,LOCATION_0126,ANPR,TOLL_PLAZA,0.87
VEVENT_008286,2025-03-21 04:41:26,VEHICLE_00298,LOCATION_0287,SURVEILLANCE,ANPR_CAMERA,0.83
VEVENT_008287,2024-10-22 21:03:53,VEHICLE_00633,LOCATION_0223,CHECKPOINT,POLICE_CHECKPOINT,0.95
VEVENT_008288,2024-02-01 18:18:43,VEHICLE_00087,LOCATION_0098,SURVEILLANCE,ANPR_CAMERA,0.86
VEVENT_008289,2025-11-18 17:51:13,VEHICLE_00637,LOCATION_0032,TOLL,TOLL_PLAZA,0.81
VEVENT_008290,2025-09-01 03:29:07,VEHICLE_00002,LOCATION_0265,TOLL,FIELD_SURVEILLANCE,0.88
VEVENT_008291,2024-06-30 07:14:33,VEHICLE_00554,LOCATION_0115,TOLL,FIELD_SURVEILLANCE,0.89
VEVENT_008292,2026-05-10 22:17:32,VEHICLE_00556,LOCATION_0109,TOLL,ANPR_CAMERA,0.82
VEVENT_008293,2025-10-11 01:15:23,VEHICLE_00740,LOCATION_0022,ANPR,TOLL_PLAZA,0.86
VEVENT_008294,2025-04-19 04:04:32,VEHICLE_00203,LOCATION_0096,TOLL,POLICE_CHECKPOINT,0.85
VEVENT_008295,2025-06-25 16:42:49,VEHICLE_00155,LOCATION_0175,ANPR,POLICE_CHECKPOINT,0.9
VEVENT_008296,2024-07-25 01:58:50,VEHICLE_00464,LOCATION_0087,SURVEILLANCE,TOLL_PLAZA,0.9
VEVENT_008297,2024-08-23 23:02:03,VEHICLE_00073,LOCATION_0079,ANPR,TOLL_PLAZA,0.82
VEVENT_008298,2024-10-30 09:09:12,VEHICLE_00632,LOCATION_0170,SURVEILLANCE,POLICE_CHECKPOINT,0.95
VEVENT_008299,2025-10-14 08:52:06,VEHICLE_00483,LOCATION_0175,ANPR,POLICE_CHECKPOINT,0.83
VEVENT_008300,2025-02-15 12:49:40,VEHICLE_00332,LOCATION_0210,TOLL,POLICE_CHECKPOINT,0.81
VEVENT_008301,2024-10-30 21:38:10,VEHICLE_00666,LOCATION_0041,SURVEILLANCE,TOLL_PLAZA,0.88
VEVENT_008302,2025-10-05 17:23:09,VEHICLE_00084,LOCATION_0280,ANPR,TOLL_PLAZA,0.91
VEVENT_008303,2024-02-09 08:49:23,VEHICLE_00396,LOCATION_0149,ANPR,ANPR_CAMERA,0.91
VEVENT_008304,2024-08-07 16:03:55,VEHICLE_00193,LOCATION_0131,SURVEILLANCE,FIELD_SURVEILLANCE,0.85
VEVENT_008305,2025-06-08 22:39:54,VEHICLE_00503,LOCATION_0049,ANPR,ANPR_CAMERA,0.86
VEVENT_008306,2026-05-11 15:20:29,VEHICLE_00012,LOCATION_0066,ANPR,FIELD_SURVEILLANCE,0.96
VEVENT_008307,2025-01-14 22:49:26,VEHICLE_00122,LOCATION_0140,TOLL,TOLL_PLAZA,0.92
VEVENT_008308,2025-11-05 06:20:53,VEHICLE_00013,LOCATION_0010,TOLL,ANPR_CAMERA,0.85
VEVENT_008309,2025-04-21 23:00:04,VEHICLE_00037,LOCATION_0191,SURVEILLANCE,POLICE_CHECKPOINT,0.84
VEVENT_008310,2024-09-02 04:28:37,VEHICLE_00228,LOCATION_0262,SURVEILLANCE,TOLL_PLAZA,0.94
VEVENT_008311,2026-05-01 13:38:10,VEHICLE_00575,LOCATION_0090,CHECKPOINT,POLICE_CHECKPOINT,0.86
VEVENT_008312,2025-06-25 06:45:24,VEHICLE_00740,LOCATION_0182,SURVEILLANCE,POLICE_CHECKPOINT,0.9
VEVENT_008313,2025-01-30 16:20:50,VEHICLE_00036,LOCATION_0292,ANPR,FIELD_SURVEILLANCE,0.82
VEVENT_008314,2025-12-24 18:42:59,VEHICLE_00590,LOCATION_0083,SURVEILLANCE,FIELD_SURVEILLANCE,0.87
VEVENT_008315,2025-10-28 12:17:39,VEHICLE_00517,LOCATION_0159,ANPR,TOLL_PLAZA,0.89
VEVENT_008316,2025-04-12 17:50:08,VEHICLE_00760,LOCATION_0161,ANPR,FIELD_SURVEILLANCE,0.87
VEVENT_008317,2024-06-18 15:17:01,VEHICLE_00015,LOCATION_0224,ANPR,TOLL_PLAZA,0.84
VEVENT_008318,2024-03-11 05:36:11,VEHICLE_00124,LOCATION_0221,ANPR,FIELD_SURVEILLANCE,0.86
VEVENT_008319,2025-07-28 20:03:32,VEHICLE_00006,LOCATION_0210,ANPR,ANPR_CAMERA,0.86
VEVENT_008320,2024-09-23 12:10:07,VEHICLE_00654,LOCATION_0056,CHECKPOINT,FIELD_SURVEILLANCE,0.87
VEVENT_008321,2024-10-09 07:18:55,VEHICLE_00054,LOCATION_0150,TOLL,FIELD_SURVEILLANCE,0.92
VEVENT_008322,2025-04-28 00:35:28,VEHICLE_00332,LOCATION_0160,TOLL,POLICE_CHECKPOINT,0.82
VEVENT_008323,2025-05-11 08:48:00,VEHICLE_00698,LOCATION_0114,SURVEILLANCE,FIELD_SURVEILLANCE,0.93
VEVENT_008324,2026-01-04 23:14:07,VEHICLE_00243,LOCATION_0124,SURVEILLANCE,ANPR_CAMERA,0.81
VEVENT_008325,2026-04-13 08:33:15,VEHICLE_00700,LOCATION_0168,CHECKPOINT,FIELD_SURVEILLANCE,0.94
VEVENT_008326,2024-08-18 23:59:53,VEHICLE_00683,LOCATION_0187,CHECKPOINT,ANPR_CAMERA,0.81
VEVENT_008327,2024-09-23 13:02:20,VEHICLE_00357,LOCATION_0047,ANPR,POLICE_CHECKPOINT,0.81
VEVENT_008328,2025-02-24 22:12:37,VEHICLE_00102,LOCATION_0077,TOLL,POLICE_CHECKPOINT,0.89
VEVENT_008329,2026-04-23 21:05:52,VEHICLE_00663,LOCATION_0287,SURVEILLANCE,FIELD_SURVEILLANCE,0.9
VEVENT_008330,2024-01-23 03:56:13,VEHICLE_00152,LOCATION_0099,SURVEILLANCE,TOLL_PLAZA,0.83
VEVENT_008331,2024-09-17 06:31:58,VEHICLE_00218,LOCATION_0164,ANPR,TOLL_PLAZA,0.93
VEVENT_008332,2025-10-14 22:25:47,VEHICLE_00465,LOCATION_0192,CHECKPOINT,ANPR_CAMERA,0.81
VEVENT_008333,2026-01-16 00:09:36,VEHICLE_00567,LOCATION_0114,SURVEILLANCE,FIELD_SURVEILLANCE,0.88
VEVENT_008334,2024-06-18 20:16:08,VEHICLE_00233,LOCATION_0119,CHECKPOINT,FIELD_SURVEILLANCE,0.94
VEVENT_008335,2024-08-09 03:09:27,VEHICLE_00754,LOCATION_0067,ANPR,POLICE_CHECKPOINT,0.83
VEVENT_008336,2024-07-24 21:34:00,VEHICLE_00142,LOCATION_0045,SURVEILLANCE,POLICE_CHECKPOINT,0.89
VEVENT_008337,2025-11-23 19:52:50,VEHICLE_00395,LOCATION_0116,TOLL,POLICE_CHECKPOINT,0.87
VEVENT_008338,2024-10-16 17:57:27,VEHICLE_00453,LOCATION_0214,SURVEILLANCE,TOLL_PLAZA,0.84
VEVENT_008339,2024-10-26 19:20:26,VEHICLE_00757,LOCATION_0284,CHECKPOINT,ANPR_CAMERA,0.85
VEVENT_008340,2025-03-16 03:24:46,VEHICLE_00124,LOCATION_0141,ANPR,POLICE_CHECKPOINT,0.96
VEVENT_008341,2026-04-24 03:50:32,VEHICLE_00137,LOCATION_0268,SURVEILLANCE,TOLL_PLAZA,0.88
VEVENT_008342,2025-06-07 23:18:13,VEHICLE_00674,LOCATION_0268,SURVEILLANCE,TOLL_PLAZA,0.93
VEVENT_008343,2025-07-03 10:09:37,VEHICLE_00155,LOCATION_0235,ANPR,FIELD_SURVEILLANCE,0.84
VEVENT_008344,2024-04-03 08:45:04,VEHICLE_00592,LOCATION_0279,ANPR,POLICE_CHECKPOINT,0.82
VEVENT_008345,2024-03-02 15:13:46,VEHICLE_00028,LOCATION_0158,SURVEILLANCE,ANPR_CAMERA,0.83
VEVENT_008346,2025-10-14 21:05:52,VEHICLE_00549,LOCATION_0276,ANPR,FIELD_SURVEILLANCE,0.89
VEVENT_008347,2025-01-22 23:38:19,VEHICLE_00625,LOCATION_0244,SURVEILLANCE,POLICE_CHECKPOINT,0.87
VEVENT_008348,2025-03-19 02:12:42,VEHICLE_00669,LOCATION_0038,CHECKPOINT,ANPR_CAMERA,0.85
VEVENT_008349,2024-02-14 06:55:21,VEHICLE_00302,LOCATION_0084,ANPR,TOLL_PLAZA,0.89
VEVENT_008350,2024-08-01 01:56:50,VEHICLE_00173,LOCATION_0294,ANPR,FIELD_SURVEILLANCE,0.92
VEVENT_008351,2024-03-15 07:56:52,VEHICLE_00436,LOCATION_0001,TOLL,TOLL_PLAZA,0.89
VEVENT_008352,2025-12-08 23:48:38,VEHICLE_00051,LOCATION_0221,SURVEILLANCE,TOLL_PLAZA,0.85
VEVENT_008353,2024-10-13 06:48:53,VEHICLE_00585,LOCATION_0189,TOLL,FIELD_SURVEILLANCE,0.9
VEVENT_008354,2025-02-25 17:00:15,VEHICLE_00183,LOCATION_0209,CHECKPOINT,TOLL_PLAZA,0.82
VEVENT_008355,2025-03-27 18:02:44,VEHICLE_00031,LOCATION_0083,ANPR,POLICE_CHECKPOINT,0.84
VEVENT_008356,2026-04-17 20:24:50,VEHICLE_00273,LOCATION_0070,SURVEILLANCE,FIELD_SURVEILLANCE,0.91
VEVENT_008357,2024-11-23 10:33:14,VEHICLE_00231,LOCATION_0112,CHECKPOINT,ANPR_CAMERA,0.95
VEVENT_008358,2024-10-02 00:58:18,VEHICLE_00375,LOCATION_0163,ANPR,POLICE_CHECKPOINT,0.87
VEVENT_008359,2025-12-16 16:42:42,VEHICLE_00300,LOCATION_0198,CHECKPOINT,ANPR_CAMERA,0.94
VEVENT_008360,2025-02-16 14:07:29,VEHICLE_00535,LOCATION_0148,TOLL,POLICE_CHECKPOINT,0.86
VEVENT_008361,2026-01-05 13:18:37,VEHICLE_00097,LOCATION_0295,CHECKPOINT,ANPR_CAMERA,0.88
VEVENT_008362,2026-03-24 10:41:11,VEHICLE_00706,LOCATION_0159,CHECKPOINT,TOLL_PLAZA,0.82
VEVENT_008363,2024-11-02 05:46:41,VEHICLE_00059,LOCATION_0279,TOLL,TOLL_PLAZA,0.9
VEVENT_008364,2024-07-24 21:56:26,VEHICLE_00590,LOCATION_0133,SURVEILLANCE,FIELD_SURVEILLANCE,0.97
VEVENT_008365,2024-11-08 06:35:53,VEHICLE_00671,LOCATION_0120,SURVEILLANCE,TOLL_PLAZA,0.92
VEVENT_008366,2026-06-08 00:26:12,VEHICLE_00058,LOCATION_0032,TOLL,POLICE_CHECKPOINT,0.84
VEVENT_008367,2025-01-26 22:53:22,VEHICLE_00401,LOCATION_0246,CHECKPOINT,POLICE_CHECKPOINT,0.88
VEVENT_008368,2025-07-03 08:03:58,VEHICLE_00633,LOCATION_0213,SURVEILLANCE,FIELD_SURVEILLANCE,0.87
VEVENT_008369,2025-11-17 21:49:46,VEHICLE_00217,LOCATION_0221,SURVEILLANCE,TOLL_PLAZA,0.83
VEVENT_008370,2024-06-13 00:26:18,VEHICLE_00170,LOCATION_0001,CHECKPOINT,FIELD_SURVEILLANCE,0.97
VEVENT_008371,2025-10-18 00:13:34,VEHICLE_00094,LOCATION_0144,TOLL,ANPR_CAMERA,0.89
VEVENT_008372,2024-11-11 04:25:05,VEHICLE_00528,LOCATION_0116,ANPR,FIELD_SURVEILLANCE,0.94
VEVENT_008373,2024-07-31 21:09:35,VEHICLE_00446,LOCATION_0088,SURVEILLANCE,POLICE_CHECKPOINT,0.94
VEVENT_008374,2026-04-13 17:26:30,VEHICLE_00501,LOCATION_0133,CHECKPOINT,ANPR_CAMERA,0.92
VEVENT_008375,2024-02-04 17:48:10,VEHICLE_00179,LOCATION_0177,ANPR,TOLL_PLAZA,0.95
VEVENT_008376,2024-11-20 02:01:59,VEHICLE_00085,LOCATION_0177,SURVEILLANCE,TOLL_PLAZA,0.89
VEVENT_008377,2026-03-18 15:31:06,VEHICLE_00437,LOCATION_0205,SURVEILLANCE,TOLL_PLAZA,0.88
VEVENT_008378,2026-05-17 23:17:21,VEHICLE_00527,LOCATION_0110,CHECKPOINT,POLICE_CHECKPOINT,0.88
VEVENT_008379,2024-07-26 15:25:01,VEHICLE_00005,LOCATION_0115,CHECKPOINT,ANPR_CAMERA,0.89
VEVENT_008380,2025-07-21 01:35:47,VEHICLE_00738,LOCATION_0031,CHECKPOINT,TOLL_PLAZA,0.82
VEVENT_008381,2024-05-21 12:41:12,VEHICLE_00446,LOCATION_0118,SURVEILLANCE,TOLL_PLAZA,0.87
VEVENT_008382,2025-06-18 16:44:03,VEHICLE_00675,LOCATION_0111,TOLL,TOLL_PLAZA,0.94
VEVENT_008383,2024-12-18 21:48:19,VEHICLE_00714,LOCATION_0008,ANPR,FIELD_SURVEILLANCE,0.89
VEVENT_008384,2026-04-16 18:56:39,VEHICLE_00693,LOCATION_0135,ANPR,FIELD_SURVEILLANCE,0.86
VEVENT_008385,2024-08-06 09:04:32,VEHICLE_00716,LOCATION_0298,CHECKPOINT,FIELD_SURVEILLANCE,0.81
VEVENT_008386,2024-03-13 11:12:08,VEHICLE_00323,LOCATION_0037,ANPR,ANPR_CAMERA,0.88
VEVENT_008387,2024-07-04 21:10:02,VEHICLE_00032,LOCATION_0287,SURVEILLANCE,POLICE_CHECKPOINT,0.89
VEVENT_008388,2024-10-16 10:20:58,VEHICLE_00283,LOCATION_0096,TOLL,POLICE_CHECKPOINT,0.85
VEVENT_008389,2025-09-02 04:26:28,VEHICLE_00545,LOCATION_0216,ANPR,FIELD_SURVEILLANCE,0.95
VEVENT_008390,2026-03-03 17:16:43,VEHICLE_00115,LOCATION_0154,ANPR,TOLL_PLAZA,0.87
VEVENT_008391,2024-03-22 07:45:45,VEHICLE_00464,LOCATION_0067,ANPR,POLICE_CHECKPOINT,0.87
VEVENT_008392,2024-03-07 12:08:48,VEHICLE_00029,LOCATION_0163,ANPR,FIELD_SURVEILLANCE,0.81
VEVENT_008393,2024-10-04 06:22:53,VEHICLE_00717,LOCATION_0081,TOLL,TOLL_PLAZA,0.93
VEVENT_008394,2025-07-10 02:17:16,VEHICLE_00451,LOCATION_0036,CHECKPOINT,POLICE_CHECKPOINT,0.95
VEVENT_008395,2024-03-25 09:31:37,VEHICLE_00161,LOCATION_0070,ANPR,POLICE_CHECKPOINT,0.92
VEVENT_008396,2024-05-30 04:05:53,VEHICLE_00503,LOCATION_0219,TOLL,POLICE_CHECKPOINT,0.9
VEVENT_008397,2025-05-23 17:18:58,VEHICLE_00683,LOCATION_0017,ANPR,FIELD_SURVEILLANCE,0.81
VEVENT_008398,2025-01-01 22:10:23,VEHICLE_00030,LOCATION_0129,TOLL,POLICE_CHECKPOINT,0.92
VEVENT_008399,2024-05-20 21:58:05,VEHICLE_00095,LOCATION_0176,TOLL,ANPR_CAMERA,0.94
VEVENT_008400,2024-11-03 17:04:10,VEHICLE_00448,LOCATION_0012,CHECKPOINT,ANPR_CAMERA,0.93
VEVENT_008401,2026-01-09 06:09:43,VEHICLE_00168,LOCATION_0049,TOLL,TOLL_PLAZA,0.85
VEVENT_008402,2024-04-01 18:46:46,VEHICLE_00611,LOCATION_0054,SURVEILLANCE,FIELD_SURVEILLANCE,0.92
VEVENT_008403,2026-01-21 01:29:32,VEHICLE_00093,LOCATION_0266,CHECKPOINT,FIELD_SURVEILLANCE,0.97
VEVENT_008404,2024-12-25 13:01:26,VEHICLE_00092,LOCATION_0246,TOLL,ANPR_CAMERA,0.95
VEVENT_008405,2024-03-31 21:26:31,VEHICLE_00042,LOCATION_0171,ANPR,ANPR_CAMERA,0.84
VEVENT_008406,2025-11-12 06:50:31,VEHICLE_00420,LOCATION_0049,CHECKPOINT,ANPR_CAMERA,0.92
VEVENT_008407,2024-07-19 14:20:42,VEHICLE_00736,LOCATION_0035,SURVEILLANCE,TOLL_PLAZA,0.95
VEVENT_008408,2025-01-31 13:26:59,VEHICLE_00279,LOCATION_0067,ANPR,TOLL_PLAZA,0.86
VEVENT_008409,2026-05-22 20:51:46,VEHICLE_00071,LOCATION_0245,CHECKPOINT,FIELD_SURVEILLANCE,0.81
VEVENT_008410,2024-05-01 23:55:02,VEHICLE_00554,LOCATION_0025,TOLL,ANPR_CAMERA,0.84
VEVENT_008411,2026-06-17 00:15:10,VEHICLE_00577,LOCATION_0116,SURVEILLANCE,TOLL_PLAZA,0.94
VEVENT_008412,2025-03-04 18:33:18,VEHICLE_00137,LOCATION_0148,TOLL,TOLL_PLAZA,0.92
VEVENT_008413,2025-08-23 16:32:49,VEHICLE_00313,LOCATION_0216,ANPR,POLICE_CHECKPOINT,0.89
VEVENT_008414,2025-09-20 05:05:46,VEHICLE_00439,LOCATION_0279,SURVEILLANCE,POLICE_CHECKPOINT,0.83
VEVENT_008415,2024-10-17 18:13:01,VEHICLE_00682,LOCATION_0099,TOLL,FIELD_SURVEILLANCE,0.97
VEVENT_008416,2025-02-16 00:22:13,VEHICLE_00635,LOCATION_0068,TOLL,TOLL_PLAZA,0.94
VEVENT_008417,2026-05-01 10:38:19,VEHICLE_00443,LOCATION_0175,ANPR,POLICE_CHECKPOINT,0.81
VEVENT_008418,2024-10-03 17:36:03,VEHICLE_00696,LOCATION_0151,SURVEILLANCE,ANPR_CAMERA,0.8
VEVENT_008419,2024-07-16 00:18:30,VEHICLE_00571,LOCATION_0295,SURVEILLANCE,FIELD_SURVEILLANCE,0.95
VEVENT_008420,2024-04-13 08:18:24,VEHICLE_00646,LOCATION_0234,CHECKPOINT,TOLL_PLAZA,0.84
VEVENT_008421,2025-09-20 21:04:36,VEHICLE_00693,LOCATION_0195,TOLL,FIELD_SURVEILLANCE,0.83
VEVENT_008422,2026-06-29 07:39:47,VEHICLE_00718,LOCATION_0061,ANPR,POLICE_CHECKPOINT,0.93
VEVENT_008423,2024-07-05 17:26:25,VEHICLE_00279,LOCATION_0087,ANPR,FIELD_SURVEILLANCE,0.85
VEVENT_008424,2024-10-29 01:54:56,VEHICLE_00342,LOCATION_0052,TOLL,FIELD_SURVEILLANCE,0.8
VEVENT_008425,2025-12-12 13:47:10,VEHICLE_00037,LOCATION_0201,SURVEILLANCE,POLICE_CHECKPOINT,0.97
VEVENT_008426,2024-08-25 21:17:37,VEHICLE_00281,LOCATION_0038,SURVEILLANCE,TOLL_PLAZA,0.97
VEVENT_008427,2024-09-30 08:57:14,VEHICLE_00742,LOCATION_0177,CHECKPOINT,ANPR_CAMERA,0.85
VEVENT_008428,2025-01-20 16:41:14,VEHICLE_00036,LOCATION_0192,ANPR,ANPR_CAMERA,0.88
VEVENT_008429,2024-11-01 16:10:35,VEHICLE_00501,LOCATION_0253,TOLL,TOLL_PLAZA,0.87
VEVENT_008430,2024-08-27 16:32:11,VEHICLE_00681,LOCATION_0090,SURVEILLANCE,FIELD_SURVEILLANCE,0.84
VEVENT_008431,2025-03-13 19:12:29,VEHICLE_00050,LOCATION_0257,ANPR,POLICE_CHECKPOINT,0.8
VEVENT_008432,2025-12-26 10:59:06,VEHICLE_00467,LOCATION_0194,CHECKPOINT,POLICE_CHECKPOINT,0.83
VEVENT_008433,2024-10-11 03:09:29,VEHICLE_00408,LOCATION_0188,TOLL,TOLL_PLAZA,0.93
VEVENT_008434,2024-11-22 18:45:50,VEHICLE_00318,LOCATION_0108,TOLL,ANPR_CAMERA,0.84
VEVENT_008435,2026-04-09 18:53:50,VEHICLE_00429,LOCATION_0194,CHECKPOINT,TOLL_PLAZA,0.93
VEVENT_008436,2024-11-26 10:39:23,VEHICLE_00376,LOCATION_0165,TOLL,POLICE_CHECKPOINT,0.97
VEVENT_008437,2024-08-17 14:52:15,VEHICLE_00344,LOCATION_0242,TOLL,TOLL_PLAZA,0.93
VEVENT_008438,2024-09-25 12:15:46,VEHICLE_00130,LOCATION_0138,SURVEILLANCE,TOLL_PLAZA,0.92
VEVENT_008439,2024-06-17 05:05:44,VEHICLE_00226,LOCATION_0035,SURVEILLANCE,ANPR_CAMERA,0.96
VEVENT_008440,2026-06-14 08:14:15,VEHICLE_00031,LOCATION_0013,SURVEILLANCE,FIELD_SURVEILLANCE,0.84
VEVENT_008441,2025-08-05 01:36:07,VEHICLE_00161,LOCATION_0240,TOLL,ANPR_CAMERA,0.85
VEVENT_008442,2025-07-29 01:34:43,VEHICLE_00618,LOCATION_0134,TOLL,POLICE_CHECKPOINT,0.89
VEVENT_008443,2024-01-16 22:59:48,VEHICLE_00471,LOCATION_0209,SURVEILLANCE,TOLL_PLAZA,0.95
VEVENT_008444,2024-06-11 02:09:34,VEHICLE_00542,LOCATION_0056,ANPR,FIELD_SURVEILLANCE,0.95
VEVENT_008445,2025-03-17 11:04:47,VEHICLE_00742,LOCATION_0007,CHECKPOINT,POLICE_CHECKPOINT,0.89
VEVENT_008446,2024-01-27 22:12:19,VEHICLE_00614,LOCATION_0200,SURVEILLANCE,POLICE_CHECKPOINT,0.89
VEVENT_008447,2024-04-09 23:35:54,VEHICLE_00665,LOCATION_0150,ANPR,POLICE_CHECKPOINT,0.87
VEVENT_008448,2026-02-06 18:11:16,VEHICLE_00395,LOCATION_0116,TOLL,POLICE_CHECKPOINT,0.82
VEVENT_008449,2026-03-09 09:24:45,VEHICLE_00235,LOCATION_0242,ANPR,ANPR_CAMERA,0.91
VEVENT_008450,2026-06-13 00:58:59,VEHICLE_00147,LOCATION_0258,ANPR,TOLL_PLAZA,0.83
VEVENT_008451,2024-05-10 09:41:53,VEHICLE_00007,LOCATION_0170,CHECKPOINT,POLICE_CHECKPOINT,0.94
VEVENT_008452,2024-07-29 09:23:21,VEHICLE_00400,LOCATION_0013,TOLL,POLICE_CHECKPOINT,0.93
VEVENT_008453,2024-04-28 11:07:00,VEHICLE_00239,LOCATION_0284,SURVEILLANCE,FIELD_SURVEILLANCE,0.87
VEVENT_008454,2024-07-25 17:19:43,VEHICLE_00302,LOCATION_0164,TOLL,TOLL_PLAZA,0.82
VEVENT_008455,2025-03-25 02:52:23,VEHICLE_00030,LOCATION_0299,TOLL,ANPR_CAMERA,0.91
VEVENT_008456,2024-01-15 05:37:50,VEHICLE_00513,LOCATION_0230,ANPR,ANPR_CAMERA,0.9
VEVENT_008457,2025-10-04 22:37:42,VEHICLE_00069,LOCATION_0132,ANPR,ANPR_CAMERA,0.87
VEVENT_008458,2024-07-23 21:34:35,VEHICLE_00485,LOCATION_0256,ANPR,TOLL_PLAZA,0.88
VEVENT_008459,2024-03-16 11:14:15,VEHICLE_00231,LOCATION_0062,CHECKPOINT,POLICE_CHECKPOINT,0.8
VEVENT_008460,2025-07-13 14:59:26,VEHICLE_00637,LOCATION_0032,CHECKPOINT,ANPR_CAMERA,0.88
VEVENT_008461,2025-05-09 06:25:58,VEHICLE_00666,LOCATION_0131,ANPR,TOLL_PLAZA,0.88
VEVENT_008462,2026-01-13 00:27:29,VEHICLE_00014,LOCATION_0107,CHECKPOINT,ANPR_CAMERA,0.91
VEVENT_008463,2025-02-20 03:40:11,VEHICLE_00723,LOCATION_0011,ANPR,ANPR_CAMERA,0.85
VEVENT_008464,2026-05-06 04:21:19,VEHICLE_00285,LOCATION_0235,TOLL,FIELD_SURVEILLANCE,0.87
VEVENT_008465,2026-03-27 13:04:30,VEHICLE_00658,LOCATION_0083,TOLL,POLICE_CHECKPOINT,0.96
VEVENT_008466,2024-10-23 15:30:20,VEHICLE_00163,LOCATION_0210,CHECKPOINT,ANPR_CAMERA,0.88
VEVENT_008467,2024-12-11 13:09:45,VEHICLE_00078,LOCATION_0087,ANPR,POLICE_CHECKPOINT,0.81
VEVENT_008468,2024-01-29 05:41:53,VEHICLE_00231,LOCATION_0152,TOLL,ANPR_CAMERA,0.94
VEVENT_008469,2025-01-08 14:32:16,VEHICLE_00449,LOCATION_0171,TOLL,ANPR_CAMERA,0.82
VEVENT_008470,2025-11-08 19:10:52,VEHICLE_00144,LOCATION_0229,SURVEILLANCE,POLICE_CHECKPOINT,0.8
VEVENT_008471,2025-02-26 15:10:28,VEHICLE_00399,LOCATION_0015,SURVEILLANCE,TOLL_PLAZA,0.81
VEVENT_008472,2024-02-03 15:45:43,VEHICLE_00443,LOCATION_0055,CHECKPOINT,TOLL_PLAZA,0.97
VEVENT_008473,2026-06-27 23:56:40,VEHICLE_00640,LOCATION_0085,CHECKPOINT,POLICE_CHECKPOINT,0.85
VEVENT_008474,2024-07-05 11:06:41,VEHICLE_00614,LOCATION_0280,SURVEILLANCE,FIELD_SURVEILLANCE,0.97
VEVENT_008475,2026-06-10 14:55:24,VEHICLE_00321,LOCATION_0241,SURVEILLANCE,POLICE_CHECKPOINT,0.86
VEVENT_008476,2024-04-15 06:57:34,VEHICLE_00502,LOCATION_0233,TOLL,POLICE_CHECKPOINT,0.82
VEVENT_008477,2025-03-05 09:40:47,VEHICLE_00456,LOCATION_0028,SURVEILLANCE,TOLL_PLAZA,0.88
VEVENT_008478,2025-07-27 14:50:43,VEHICLE_00643,LOCATION_0074,TOLL,FIELD_SURVEILLANCE,0.91
VEVENT_008479,2024-01-01 14:13:51,VEHICLE_00224,LOCATION_0045,CHECKPOINT,POLICE_CHECKPOINT,0.81
VEVENT_008480,2024-10-19 18:38:24,VEHICLE_00224,LOCATION_0165,ANPR,FIELD_SURVEILLANCE,0.91
VEVENT_008481,2026-03-26 15:51:24,VEHICLE_00258,LOCATION_0216,TOLL,TOLL_PLAZA,0.84
VEVENT_008482,2025-02-14 05:55:59,VEHICLE_00584,LOCATION_0102,TOLL,POLICE_CHECKPOINT,0.82
VEVENT_008483,2025-01-28 11:38:16,VEHICLE_00605,LOCATION_0235,CHECKPOINT,TOLL_PLAZA,0.85
VEVENT_008484,2026-06-05 03:11:29,VEHICLE_00464,LOCATION_0057,SURVEILLANCE,TOLL_PLAZA,0.94
VEVENT_008485,2025-09-02 04:37:49,VEHICLE_00059,LOCATION_0059,SURVEILLANCE,ANPR_CAMERA,0.86
VEVENT_008486,2026-05-06 01:32:29,VEHICLE_00507,LOCATION_0188,CHECKPOINT,TOLL_PLAZA,0.9
VEVENT_008487,2024-06-23 14:03:53,VEHICLE_00141,LOCATION_0152,SURVEILLANCE,POLICE_CHECKPOINT,0.91
VEVENT_008488,2026-03-12 23:13:44,VEHICLE_00289,LOCATION_0298,TOLL,POLICE_CHECKPOINT,0.93
VEVENT_008489,2024-09-08 17:54:27,VEHICLE_00569,LOCATION_0104,ANPR,TOLL_PLAZA,0.86
VEVENT_008490,2025-03-10 18:50:30,VEHICLE_00441,LOCATION_0174,SURVEILLANCE,POLICE_CHECKPOINT,0.82
VEVENT_008491,2025-05-17 05:43:07,VEHICLE_00275,LOCATION_0227,ANPR,FIELD_SURVEILLANCE,0.94
VEVENT_008492,2025-09-19 02:37:10,VEHICLE_00199,LOCATION_0185,TOLL,TOLL_PLAZA,0.95
VEVENT_008493,2025-11-18 22:45:37,VEHICLE_00748,LOCATION_0105,SURVEILLANCE,FIELD_SURVEILLANCE,0.82
VEVENT_008494,2024-09-28 16:30:17,VEHICLE_00746,LOCATION_0039,SURVEILLANCE,TOLL_PLAZA,0.8
VEVENT_008495,2026-04-09 05:28:59,VEHICLE_00068,LOCATION_0281,ANPR,TOLL_PLAZA,0.94
VEVENT_008496,2024-01-25 17:36:20,VEHICLE_00655,LOCATION_0159,SURVEILLANCE,ANPR_CAMERA,0.91
VEVENT_008497,2024-03-16 23:51:55,VEHICLE_00024,LOCATION_0094,ANPR,TOLL_PLAZA,0.97
VEVENT_008498,2025-11-28 02:49:23,VEHICLE_00259,LOCATION_0268,SURVEILLANCE,POLICE_CHECKPOINT,0.82
VEVENT_008499,2025-09-17 07:18:07,VEHICLE_00117,LOCATION_0051,CHECKPOINT,TOLL_PLAZA,0.84
VEVENT_008500,2026-06-29 00:11:42,VEHICLE_00350,LOCATION_0219,ANPR,FIELD_SURVEILLANCE,0.87
VEVENT_008501,2025-08-18 11:59:54,VEHICLE_00653,LOCATION_0274,ANPR,FIELD_SURVEILLANCE,0.9
VEVENT_008502,2024-03-27 23:26:32,VEHICLE_00151,LOCATION_0077,ANPR,ANPR_CAMERA,0.97
VEVENT_008503,2025-04-01 02:38:27,VEHICLE_00531,LOCATION_0102,TOLL,ANPR_CAMERA,0.88
VEVENT_008504,2024-07-09 22:46:36,VEHICLE_00358,LOCATION_0140,SURVEILLANCE,TOLL_PLAZA,0.92
VEVENT_008505,2024-03-20 07:41:30,VEHICLE_00457,LOCATION_0074,CHECKPOINT,TOLL_PLAZA,0.95
VEVENT_008506,2024-01-14 08:06:25,VEHICLE_00608,LOCATION_0160,TOLL,POLICE_CHECKPOINT,0.87
VEVENT_008507,2024-07-21 19:11:42,VEHICLE_00589,LOCATION_0276,CHECKPOINT,TOLL_PLAZA,0.86
VEVENT_008508,2025-07-27 10:35:55,VEHICLE_00636,LOCATION_0238,CHECKPOINT,FIELD_SURVEILLANCE,0.86
VEVENT_008509,2025-06-09 10:32:33,VEHICLE_00628,LOCATION_0179,SURVEILLANCE,TOLL_PLAZA,0.92
VEVENT_008510,2025-08-25 11:34:33,VEHICLE_00124,LOCATION_0231,SURVEILLANCE,POLICE_CHECKPOINT,0.8
VEVENT_008511,2026-06-08 17:45:29,VEHICLE_00545,LOCATION_0286,ANPR,FIELD_SURVEILLANCE,0.8
VEVENT_008512,2025-05-15 07:34:56,VEHICLE_00581,LOCATION_0286,CHECKPOINT,ANPR_CAMERA,0.85
VEVENT_008513,2025-11-02 09:39:54,VEHICLE_00733,LOCATION_0015,TOLL,POLICE_CHECKPOINT,0.82
VEVENT_008514,2026-02-23 21:52:25,VEHICLE_00296,LOCATION_0290,CHECKPOINT,ANPR_CAMERA,0.93
VEVENT_008515,2025-06-05 20:21:20,VEHICLE_00099,LOCATION_0110,CHECKPOINT,POLICE_CHECKPOINT,0.89
VEVENT_008516,2025-03-15 01:34:00,VEHICLE_00237,LOCATION_0282,TOLL,FIELD_SURVEILLANCE,0.84
VEVENT_008517,2025-07-07 18:52:02,VEHICLE_00607,LOCATION_0261,ANPR,ANPR_CAMERA,0.82
VEVENT_008518,2024-02-04 23:18:34,VEHICLE_00547,LOCATION_0281,ANPR,POLICE_CHECKPOINT,0.82
VEVENT_008519,2024-12-18 14:52:20,VEHICLE_00207,LOCATION_0299,ANPR,TOLL_PLAZA,0.92
VEVENT_008520,2025-03-08 08:36:55,VEHICLE_00419,LOCATION_0234,ANPR,ANPR_CAMERA,0.94
VEVENT_008521,2025-01-03 22:47:06,VEHICLE_00421,LOCATION_0218,TOLL,POLICE_CHECKPOINT,0.89
VEVENT_008522,2025-07-19 03:44:04,VEHICLE_00517,LOCATION_0129,SURVEILLANCE,TOLL_PLAZA,0.95
VEVENT_008523,2024-06-06 01:00:58,VEHICLE_00270,LOCATION_0197,SURVEILLANCE,TOLL_PLAZA,0.93
VEVENT_008524,2024-09-19 20:18:47,VEHICLE_00603,LOCATION_0288,SURVEILLANCE,ANPR_CAMERA,0.84
VEVENT_008525,2025-03-12 18:14:34,VEHICLE_00214,LOCATION_0290,ANPR,ANPR_CAMERA,0.93
VEVENT_008526,2024-06-26 18:07:12,VEHICLE_00615,LOCATION_0138,TOLL,POLICE_CHECKPOINT,0.94
VEVENT_008527,2025-06-08 00:14:31,VEHICLE_00033,LOCATION_0183,SURVEILLANCE,FIELD_SURVEILLANCE,0.92
VEVENT_008528,2024-10-14 10:24:56,VEHICLE_00695,LOCATION_0240,CHECKPOINT,POLICE_CHECKPOINT,0.86
VEVENT_008529,2026-01-19 23:53:06,VEHICLE_00289,LOCATION_0228,CHECKPOINT,FIELD_SURVEILLANCE,0.88
VEVENT_008530,2025-11-28 10:53:46,VEHICLE_00369,LOCATION_0259,TOLL,TOLL_PLAZA,0.97
VEVENT_008531,2025-06-29 19:36:54,VEHICLE_00414,LOCATION_0094,CHECKPOINT,ANPR_CAMERA,0.9
VEVENT_008532,2024-05-13 09:36:30,VEHICLE_00424,LOCATION_0263,SURVEILLANCE,POLICE_CHECKPOINT,0.89
VEVENT_008533,2024-12-29 17:32:15,VEHICLE_00490,LOCATION_0238,TOLL,TOLL_PLAZA,0.9
VEVENT_008534,2024-10-15 10:07:30,VEHICLE_00171,LOCATION_0248,CHECKPOINT,FIELD_SURVEILLANCE,0.93
VEVENT_008535,2024-12-08 19:22:09,VEHICLE_00574,LOCATION_0254,TOLL,TOLL_PLAZA,0.97
VEVENT_008536,2025-07-28 01:41:32,VEHICLE_00225,LOCATION_0066,CHECKPOINT,TOLL_PLAZA,0.92
VEVENT_008537,2024-03-18 03:30:24,VEHICLE_00522,LOCATION_0018,CHECKPOINT,TOLL_PLAZA,0.85
VEVENT_008538,2025-03-29 06:13:06,VEHICLE_00294,LOCATION_0124,CHECKPOINT,TOLL_PLAZA,0.92
VEVENT_008539,2025-08-05 15:06:29,VEHICLE_00028,LOCATION_0278,CHECKPOINT,TOLL_PLAZA,0.83
VEVENT_008540,2025-05-28 03:37:31,VEHICLE_00648,LOCATION_0272,CHECKPOINT,ANPR_CAMERA,0.82
VEVENT_008541,2024-12-29 21:33:38,VEHICLE_00369,LOCATION_0029,CHECKPOINT,ANPR_CAMERA,0.84
VEVENT_008542,2025-12-28 19:03:53,VEHICLE_00160,LOCATION_0075,TOLL,FIELD_SURVEILLANCE,0.93
VEVENT_008543,2024-02-06 11:54:35,VEHICLE_00301,LOCATION_0021,CHECKPOINT,TOLL_PLAZA,0.94
VEVENT_008544,2025-11-02 09:39:52,VEHICLE_00656,LOCATION_0106,SURVEILLANCE,FIELD_SURVEILLANCE,0.81
VEVENT_008545,2025-06-10 04:32:16,VEHICLE_00694,LOCATION_0235,SURVEILLANCE,FIELD_SURVEILLANCE,0.81
VEVENT_008546,2024-07-27 01:34:25,VEHICLE_00037,LOCATION_0011,CHECKPOINT,TOLL_PLAZA,0.96
VEVENT_008547,2024-11-11 02:03:41,VEHICLE_00373,LOCATION_0107,SURVEILLANCE,POLICE_CHECKPOINT,0.86
VEVENT_008548,2024-05-25 19:46:56,VEHICLE_00756,LOCATION_0169,ANPR,POLICE_CHECKPOINT,0.87
VEVENT_008549,2024-06-22 09:55:47,VEHICLE_00118,LOCATION_0039,TOLL,ANPR_CAMERA,0.9
VEVENT_008550,2024-01-19 02:55:47,VEHICLE_00223,LOCATION_0002,CHECKPOINT,FIELD_SURVEILLANCE,0.92
VEVENT_008551,2024-02-03 21:44:21,VEHICLE_00611,LOCATION_0194,TOLL,TOLL_PLAZA,0.88
VEVENT_008552,2024-04-29 05:57:07,VEHICLE_00273,LOCATION_0150,TOLL,FIELD_SURVEILLANCE,0.96
VEVENT_008553,2025-11-13 17:23:52,VEHICLE_00168,LOCATION_0289,CHECKPOINT,TOLL_PLAZA,0.83
VEVENT_008554,2024-07-19 05:33:34,VEHICLE_00348,LOCATION_0139,TOLL,FIELD_SURVEILLANCE,0.9
VEVENT_008555,2024-03-05 14:37:32,VEHICLE_00305,LOCATION_0096,TOLL,TOLL_PLAZA,0.96
VEVENT_008556,2025-10-19 17:42:51,VEHICLE_00001,LOCATION_0078,SURVEILLANCE,FIELD_SURVEILLANCE,0.82
VEVENT_008557,2024-03-27 06:14:11,VEHICLE_00014,LOCATION_0057,CHECKPOINT,POLICE_CHECKPOINT,0.93
VEVENT_008558,2025-06-16 10:35:21,VEHICLE_00405,LOCATION_0034,CHECKPOINT,TOLL_PLAZA,0.9
VEVENT_008559,2024-06-25 09:46:13,VEHICLE_00494,LOCATION_0173,ANPR,FIELD_SURVEILLANCE,0.89
VEVENT_008560,2024-06-08 11:15:45,VEHICLE_00265,LOCATION_0067,CHECKPOINT,ANPR_CAMERA,0.86
VEVENT_008561,2026-06-16 19:40:04,VEHICLE_00598,LOCATION_0251,TOLL,ANPR_CAMERA,0.86
VEVENT_008562,2025-07-02 12:29:38,VEHICLE_00235,LOCATION_0032,ANPR,FIELD_SURVEILLANCE,0.93
VEVENT_008563,2025-04-18 17:14:07,VEHICLE_00341,LOCATION_0260,CHECKPOINT,ANPR_CAMERA,0.94
VEVENT_008564,2025-10-06 02:01:40,VEHICLE_00168,LOCATION_0179,ANPR,TOLL_PLAZA,0.85
VEVENT_008565,2026-04-07 07:18:31,VEHICLE_00190,LOCATION_0178,ANPR,POLICE_CHECKPOINT,0.81
VEVENT_008566,2026-02-03 20:14:01,VEHICLE_00393,LOCATION_0255,SURVEILLANCE,TOLL_PLAZA,0.92
VEVENT_008567,2025-07-27 03:26:12,VEHICLE_00030,LOCATION_0169,SURVEILLANCE,FIELD_SURVEILLANCE,0.84
VEVENT_008568,2025-09-29 17:34:07,VEHICLE_00225,LOCATION_0236,CHECKPOINT,POLICE_CHECKPOINT,0.97
VEVENT_008569,2024-08-31 16:58:15,VEHICLE_00689,LOCATION_0130,ANPR,POLICE_CHECKPOINT,0.81
VEVENT_008570,2024-09-01 08:04:36,VEHICLE_00222,LOCATION_0150,TOLL,FIELD_SURVEILLANCE,0.95
VEVENT_008571,2025-04-21 13:25:43,VEHICLE_00260,LOCATION_0203,TOLL,ANPR_CAMERA,0.8
VEVENT_008572,2025-11-24 09:46:44,VEHICLE_00313,LOCATION_0106,SURVEILLANCE,POLICE_CHECKPOINT,0.92
VEVENT_008573,2026-04-24 09:11:12,VEHICLE_00030,LOCATION_0059,TOLL,FIELD_SURVEILLANCE,0.84
VEVENT_008574,2024-08-30 04:45:00,VEHICLE_00328,LOCATION_0171,TOLL,POLICE_CHECKPOINT,0.94
VEVENT_008575,2025-03-26 04:39:36,VEHICLE_00563,LOCATION_0172,ANPR,TOLL_PLAZA,0.83
VEVENT_008576,2026-02-01 14:31:52,VEHICLE_00391,LOCATION_0206,ANPR,POLICE_CHECKPOINT,0.88
VEVENT_008577,2024-06-01 19:09:40,VEHICLE_00631,LOCATION_0154,TOLL,TOLL_PLAZA,0.94
VEVENT_008578,2024-01-06 18:52:26,VEHICLE_00273,LOCATION_0060,CHECKPOINT,POLICE_CHECKPOINT,0.9
VEVENT_008579,2025-06-14 11:34:03,VEHICLE_00530,LOCATION_0104,CHECKPOINT,POLICE_CHECKPOINT,0.81
VEVENT_008580,2025-06-24 00:55:22,VEHICLE_00173,LOCATION_0244,SURVEILLANCE,POLICE_CHECKPOINT,0.92
VEVENT_008581,2025-04-25 06:29:57,VEHICLE_00482,LOCATION_0186,TOLL,TOLL_PLAZA,0.96
VEVENT_008582,2026-02-12 03:45:58,VEHICLE_00076,LOCATION_0173,CHECKPOINT,TOLL_PLAZA,0.85
VEVENT_008583,2024-01-29 23:03:13,VEHICLE_00553,LOCATION_0060,TOLL,POLICE_CHECKPOINT,0.82
VEVENT_008584,2025-02-22 20:04:58,VEHICLE_00518,LOCATION_0275,CHECKPOINT,FIELD_SURVEILLANCE,0.88
VEVENT_008585,2025-12-01 05:38:01,VEHICLE_00645,LOCATION_0143,CHECKPOINT,FIELD_SURVEILLANCE,0.95
VEVENT_008586,2026-03-13 14:00:47,VEHICLE_00252,LOCATION_0228,CHECKPOINT,ANPR_CAMERA,0.84
VEVENT_008587,2025-01-12 16:26:46,VEHICLE_00229,LOCATION_0133,ANPR,TOLL_PLAZA,0.88
VEVENT_008588,2026-01-04 05:57:06,VEHICLE_00157,LOCATION_0136,TOLL,TOLL_PLAZA,0.97
VEVENT_008589,2025-09-11 01:23:31,VEHICLE_00078,LOCATION_0257,CHECKPOINT,POLICE_CHECKPOINT,0.86
VEVENT_008590,2026-06-16 04:52:35,VEHICLE_00259,LOCATION_0128,TOLL,POLICE_CHECKPOINT,0.82
VEVENT_008591,2026-05-04 18:53:45,VEHICLE_00359,LOCATION_0030,CHECKPOINT,FIELD_SURVEILLANCE,0.87
VEVENT_008592,2024-01-11 06:04:22,VEHICLE_00759,LOCATION_0113,CHECKPOINT,FIELD_SURVEILLANCE,0.91
VEVENT_008593,2025-03-06 22:11:20,VEHICLE_00604,LOCATION_0163,TOLL,POLICE_CHECKPOINT,0.88
VEVENT_008594,2025-04-29 13:08:13,VEHICLE_00398,LOCATION_0174,TOLL,TOLL_PLAZA,0.88
VEVENT_008595,2024-12-01 11:45:54,VEHICLE_00042,LOCATION_0221,SURVEILLANCE,ANPR_CAMERA,0.92
VEVENT_008596,2024-09-01 12:58:33,VEHICLE_00505,LOCATION_0044,TOLL,FIELD_SURVEILLANCE,0.93
VEVENT_008597,2025-10-30 07:18:36,VEHICLE_00500,LOCATION_0040,CHECKPOINT,ANPR_CAMERA,0.96
VEVENT_008598,2024-05-18 17:58:06,VEHICLE_00585,LOCATION_0009,ANPR,FIELD_SURVEILLANCE,0.82
VEVENT_008599,2024-01-20 22:05:08,VEHICLE_00717,LOCATION_0191,TOLL,ANPR_CAMERA,0.85
VEVENT_008600,2026-04-17 20:36:55,VEHICLE_00221,LOCATION_0177,CHECKPOINT,POLICE_CHECKPOINT,0.88
VEVENT_008601,2025-01-16 15:22:55,VEHICLE_00739,LOCATION_0154,SURVEILLANCE,POLICE_CHECKPOINT,0.87
VEVENT_008602,2024-10-10 07:16:55,VEHICLE_00216,LOCATION_0216,ANPR,POLICE_CHECKPOINT,0.83
VEVENT_008603,2025-02-03 00:33:03,VEHICLE_00271,LOCATION_0259,ANPR,ANPR_CAMERA,0.94
VEVENT_008604,2025-08-24 07:55:27,VEHICLE_00321,LOCATION_0171,ANPR,TOLL_PLAZA,0.97
VEVENT_008605,2024-07-13 16:16:48,VEHICLE_00210,LOCATION_0283,CHECKPOINT,POLICE_CHECKPOINT,0.94
VEVENT_008606,2026-02-25 07:47:29,VEHICLE_00408,LOCATION_0168,TOLL,POLICE_CHECKPOINT,0.87
VEVENT_008607,2025-01-03 19:50:20,VEHICLE_00092,LOCATION_0186,CHECKPOINT,TOLL_PLAZA,0.91
VEVENT_008608,2025-09-15 21:00:18,VEHICLE_00154,LOCATION_0035,TOLL,ANPR_CAMERA,0.91
VEVENT_008609,2025-12-17 13:17:04,VEHICLE_00167,LOCATION_0147,CHECKPOINT,TOLL_PLAZA,0.82
VEVENT_008610,2025-11-14 23:20:51,VEHICLE_00056,LOCATION_0140,TOLL,FIELD_SURVEILLANCE,0.88
VEVENT_008611,2025-05-31 07:01:30,VEHICLE_00356,LOCATION_0066,CHECKPOINT,TOLL_PLAZA,0.88
VEVENT_008612,2026-03-28 10:30:29,VEHICLE_00378,LOCATION_0080,ANPR,FIELD_SURVEILLANCE,0.9
VEVENT_008613,2024-03-19 07:10:21,VEHICLE_00199,LOCATION_0225,ANPR,POLICE_CHECKPOINT,0.82
VEVENT_008614,2024-11-11 22:55:34,VEHICLE_00304,LOCATION_0199,SURVEILLANCE,ANPR_CAMERA,0.89
VEVENT_008615,2026-02-11 18:16:01,VEHICLE_00706,LOCATION_0169,SURVEILLANCE,POLICE_CHECKPOINT,0.94
VEVENT_008616,2025-04-25 04:31:55,VEHICLE_00015,LOCATION_0154,ANPR,TOLL_PLAZA,0.92
VEVENT_008617,2025-06-07 22:42:26,VEHICLE_00342,LOCATION_0122,TOLL,TOLL_PLAZA,0.93
VEVENT_008618,2026-01-15 16:41:12,VEHICLE_00606,LOCATION_0208,SURVEILLANCE,ANPR_CAMERA,0.96
VEVENT_008619,2024-10-18 05:12:29,VEHICLE_00678,LOCATION_0092,ANPR,FIELD_SURVEILLANCE,0.97
VEVENT_008620,2024-01-23 03:38:45,VEHICLE_00438,LOCATION_0227,SURVEILLANCE,TOLL_PLAZA,0.84
VEVENT_008621,2025-05-21 22:17:49,VEHICLE_00632,LOCATION_0220,TOLL,FIELD_SURVEILLANCE,0.82
VEVENT_008622,2024-11-03 05:24:39,VEHICLE_00395,LOCATION_0136,SURVEILLANCE,ANPR_CAMERA,0.91
VEVENT_008623,2024-06-03 23:24:15,VEHICLE_00582,LOCATION_0216,TOLL,FIELD_SURVEILLANCE,0.95
VEVENT_008624,2024-01-16 09:12:41,VEHICLE_00124,LOCATION_0201,CHECKPOINT,POLICE_CHECKPOINT,0.81
VEVENT_008625,2024-12-13 10:07:22,VEHICLE_00222,LOCATION_0110,CHECKPOINT,FIELD_SURVEILLANCE,0.81
VEVENT_008626,2025-07-14 11:25:19,VEHICLE_00329,LOCATION_0261,CHECKPOINT,POLICE_CHECKPOINT,0.91
VEVENT_008627,2026-05-15 03:56:02,VEHICLE_00117,LOCATION_0271,SURVEILLANCE,ANPR_CAMERA,0.86
VEVENT_008628,2024-04-14 13:34:12,VEHICLE_00717,LOCATION_0271,CHECKPOINT,POLICE_CHECKPOINT,0.91
VEVENT_008629,2025-12-09 20:38:41,VEHICLE_00630,LOCATION_0231,TOLL,FIELD_SURVEILLANCE,0.82
VEVENT_008630,2026-04-09 11:22:32,VEHICLE_00424,LOCATION_0023,TOLL,FIELD_SURVEILLANCE,0.87
VEVENT_008631,2026-05-04 06:23:25,VEHICLE_00677,LOCATION_0251,SURVEILLANCE,POLICE_CHECKPOINT,0.83
VEVENT_008632,2024-03-20 10:25:29,VEHICLE_00154,LOCATION_0165,ANPR,TOLL_PLAZA,0.95
VEVENT_008633,2024-07-29 08:51:54,VEHICLE_00241,LOCATION_0046,CHECKPOINT,TOLL_PLAZA,0.88
VEVENT_008634,2026-05-26 16:28:04,VEHICLE_00452,LOCATION_0191,SURVEILLANCE,ANPR_CAMERA,0.82
VEVENT_008635,2024-06-27 10:46:37,VEHICLE_00397,LOCATION_0191,CHECKPOINT,ANPR_CAMERA,0.82
VEVENT_008636,2025-03-03 18:45:52,VEHICLE_00051,LOCATION_0111,ANPR,ANPR_CAMERA,0.89
VEVENT_008637,2024-12-13 08:04:04,VEHICLE_00490,LOCATION_0278,SURVEILLANCE,ANPR_CAMERA,0.96
VEVENT_008638,2025-12-08 07:28:35,VEHICLE_00447,LOCATION_0119,CHECKPOINT,POLICE_CHECKPOINT,0.83
VEVENT_008639,2026-02-18 18:01:48,VEHICLE_00762,LOCATION_0142,CHECKPOINT,FIELD_SURVEILLANCE,0.89
VEVENT_008640,2026-02-02 19:59:13,VEHICLE_00053,LOCATION_0278,TOLL,TOLL_PLAZA,0.96
VEVENT_008641,2026-02-14 04:07:41,VEHICLE_00044,LOCATION_0297,ANPR,ANPR_CAMERA,0.86
VEVENT_008642,2026-01-19 03:54:15,VEHICLE_00620,LOCATION_0016,ANPR,POLICE_CHECKPOINT,0.86
VEVENT_008643,2026-04-23 20:18:04,VEHICLE_00107,LOCATION_0119,CHECKPOINT,POLICE_CHECKPOINT,0.82
VEVENT_008644,2025-04-12 05:31:26,VEHICLE_00356,LOCATION_0146,ANPR,FIELD_SURVEILLANCE,0.84
VEVENT_008645,2024-12-01 09:55:55,VEHICLE_00612,LOCATION_0088,TOLL,FIELD_SURVEILLANCE,0.95
VEVENT_008646,2024-10-21 14:51:52,VEHICLE_00096,LOCATION_0292,TOLL,ANPR_CAMERA,0.97
VEVENT_008647,2025-11-29 23:02:05,VEHICLE_00286,LOCATION_0113,ANPR,POLICE_CHECKPOINT,0.95
VEVENT_008648,2025-02-06 08:16:05,VEHICLE_00652,LOCATION_0179,CHECKPOINT,TOLL_PLAZA,0.92
VEVENT_008649,2026-03-17 03:36:15,VEHICLE_00471,LOCATION_0069,SURVEILLANCE,TOLL_PLAZA,0.97
VEVENT_008650,2024-06-08 07:01:46,VEHICLE_00717,LOCATION_0081,ANPR,ANPR_CAMERA,0.88
VEVENT_008651,2025-09-30 21:17:50,VEHICLE_00735,LOCATION_0026,CHECKPOINT,ANPR_CAMERA,0.89
VEVENT_008652,2025-12-02 16:07:05,VEHICLE_00020,LOCATION_0070,SURVEILLANCE,FIELD_SURVEILLANCE,0.9
VEVENT_008653,2024-05-30 19:02:35,VEHICLE_00686,LOCATION_0143,ANPR,ANPR_CAMERA,0.87
VEVENT_008654,2026-03-17 19:36:02,VEHICLE_00694,LOCATION_0015,TOLL,ANPR_CAMERA,0.95
VEVENT_008655,2025-09-13 04:53:36,VEHICLE_00366,LOCATION_0294,CHECKPOINT,ANPR_CAMERA,0.81
VEVENT_008656,2024-01-05 15:42:11,VEHICLE_00725,LOCATION_0129,CHECKPOINT,ANPR_CAMERA,0.86
VEVENT_008657,2025-11-08 04:22:03,VEHICLE_00757,LOCATION_0154,SURVEILLANCE,ANPR_CAMERA,0.82
VEVENT_008658,2025-06-05 00:52:11,VEHICLE_00085,LOCATION_0227,ANPR,ANPR_CAMERA,0.84
VEVENT_008659,2025-08-17 13:39:58,VEHICLE_00137,LOCATION_0078,SURVEILLANCE,POLICE_CHECKPOINT,0.89
VEVENT_008660,2025-03-17 00:06:34,VEHICLE_00219,LOCATION_0055,TOLL,ANPR_CAMERA,0.88
VEVENT_008661,2026-04-02 20:52:58,VEHICLE_00621,LOCATION_0258,ANPR,TOLL_PLAZA,0.91
VEVENT_008662,2025-06-08 11:08:24,VEHICLE_00193,LOCATION_0291,ANPR,POLICE_CHECKPOINT,0.87
VEVENT_008663,2025-10-24 10:41:22,VEHICLE_00435,LOCATION_0022,ANPR,POLICE_CHECKPOINT,0.85
VEVENT_008664,2025-08-17 05:04:22,VEHICLE_00342,LOCATION_0052,TOLL,FIELD_SURVEILLANCE,0.9
VEVENT_008665,2026-04-23 20:08:55,VEHICLE_00093,LOCATION_0026,ANPR,TOLL_PLAZA,0.93
VEVENT_008666,2024-10-23 06:21:18,VEHICLE_00179,LOCATION_0237,CHECKPOINT,FIELD_SURVEILLANCE,0.88
VEVENT_008667,2024-11-29 10:34:33,VEHICLE_00614,LOCATION_0130,SURVEILLANCE,FIELD_SURVEILLANCE,0.91
VEVENT_008668,2025-05-09 08:21:52,VEHICLE_00525,LOCATION_0073,TOLL,ANPR_CAMERA,0.96
VEVENT_008669,2024-10-30 08:27:41,VEHICLE_00070,LOCATION_0039,SURVEILLANCE,POLICE_CHECKPOINT,0.93
VEVENT_008670,2025-12-08 14:53:18,VEHICLE_00067,LOCATION_0180,SURVEILLANCE,TOLL_PLAZA,0.87
VEVENT_008671,2026-05-03 09:50:33,VEHICLE_00060,LOCATION_0065,CHECKPOINT,FIELD_SURVEILLANCE,0.93
VEVENT_008672,2024-02-17 12:21:43,VEHICLE_00511,LOCATION_0018,ANPR,POLICE_CHECKPOINT,0.83
VEVENT_008673,2025-12-28 23:57:18,VEHICLE_00620,LOCATION_0056,SURVEILLANCE,FIELD_SURVEILLANCE,0.81
VEVENT_008674,2025-12-09 02:57:46,VEHICLE_00458,LOCATION_0259,CHECKPOINT,FIELD_SURVEILLANCE,0.9
VEVENT_008675,2025-03-16 23:54:35,VEHICLE_00436,LOCATION_0161,TOLL,FIELD_SURVEILLANCE,0.92
VEVENT_008676,2024-11-07 16:17:58,VEHICLE_00149,LOCATION_0208,ANPR,TOLL_PLAZA,0.94
VEVENT_008677,2025-06-13 20:44:59,VEHICLE_00256,LOCATION_0171,SURVEILLANCE,TOLL_PLAZA,0.87
VEVENT_008678,2024-12-27 06:42:48,VEHICLE_00318,LOCATION_0098,TOLL,ANPR_CAMERA,0.81
VEVENT_008679,2024-04-23 14:01:30,VEHICLE_00184,LOCATION_0264,TOLL,ANPR_CAMERA,0.83
VEVENT_008680,2024-12-05 16:57:23,VEHICLE_00142,LOCATION_0265,ANPR,TOLL_PLAZA,0.82
VEVENT_008681,2026-03-21 18:20:08,VEHICLE_00247,LOCATION_0118,TOLL,TOLL_PLAZA,0.95
VEVENT_008682,2025-05-07 08:04:22,VEHICLE_00313,LOCATION_0266,ANPR,FIELD_SURVEILLANCE,0.83
VEVENT_008683,2025-04-23 04:53:22,VEHICLE_00422,LOCATION_0056,TOLL,TOLL_PLAZA,0.95
VEVENT_008684,2025-01-05 16:11:33,VEHICLE_00282,LOCATION_0211,ANPR,TOLL_PLAZA,0.93
VEVENT_008685,2026-01-05 00:21:50,VEHICLE_00115,LOCATION_0254,CHECKPOINT,TOLL_PLAZA,0.92
VEVENT_008686,2025-06-16 22:08:16,VEHICLE_00520,LOCATION_0271,ANPR,FIELD_SURVEILLANCE,0.91
VEVENT_008687,2025-09-23 11:23:39,VEHICLE_00256,LOCATION_0101,ANPR,FIELD_SURVEILLANCE,0.92
VEVENT_008688,2024-06-03 02:09:14,VEHICLE_00447,LOCATION_0219,CHECKPOINT,ANPR_CAMERA,0.82
VEVENT_008689,2026-04-09 07:19:29,VEHICLE_00008,LOCATION_0138,SURVEILLANCE,POLICE_CHECKPOINT,0.82
VEVENT_008690,2024-12-07 04:12:17,VEHICLE_00147,LOCATION_0178,SURVEILLANCE,ANPR_CAMERA,0.91
VEVENT_008691,2024-02-14 11:49:12,VEHICLE_00036,LOCATION_0162,CHECKPOINT,FIELD_SURVEILLANCE,0.9
VEVENT_008692,2026-01-08 18:19:29,VEHICLE_00136,LOCATION_0147,SURVEILLANCE,ANPR_CAMERA,0.82
VEVENT_008693,2025-11-29 22:29:58,VEHICLE_00629,LOCATION_0273,SURVEILLANCE,ANPR_CAMERA,0.94
VEVENT_008694,2024-10-26 03:25:20,VEHICLE_00750,LOCATION_0004,SURVEILLANCE,ANPR_CAMERA,0.97
VEVENT_008695,2025-04-05 07:40:35,VEHICLE_00197,LOCATION_0295,TOLL,FIELD_SURVEILLANCE,0.82
VEVENT_008696,2024-08-07 06:19:50,VEHICLE_00743,LOCATION_0214,SURVEILLANCE,TOLL_PLAZA,0.81
VEVENT_008697,2024-09-04 18:23:18,VEHICLE_00558,LOCATION_0081,ANPR,POLICE_CHECKPOINT,0.84
VEVENT_008698,2024-11-09 11:38:43,VEHICLE_00244,LOCATION_0189,TOLL,POLICE_CHECKPOINT,0.88
VEVENT_008699,2026-03-01 22:18:42,VEHICLE_00242,LOCATION_0087,SURVEILLANCE,FIELD_SURVEILLANCE,0.81
VEVENT_008700,2024-04-03 16:42:15,VEHICLE_00322,LOCATION_0011,TOLL,POLICE_CHECKPOINT,0.88
VEVENT_008701,2026-02-12 02:37:37,VEHICLE_00254,LOCATION_0166,TOLL,FIELD_SURVEILLANCE,0.87
VEVENT_008702,2024-01-09 21:27:16,VEHICLE_00544,LOCATION_0117,ANPR,FIELD_SURVEILLANCE,0.81
VEVENT_008703,2024-11-13 01:12:34,VEHICLE_00759,LOCATION_0163,ANPR,FIELD_SURVEILLANCE,0.95
VEVENT_008704,2024-10-27 10:32:05,VEHICLE_00265,LOCATION_0177,ANPR,ANPR_CAMERA,0.89
VEVENT_008705,2025-07-08 19:04:02,VEHICLE_00433,LOCATION_0237,TOLL,FIELD_SURVEILLANCE,0.95
VEVENT_008706,2024-07-16 03:12:23,VEHICLE_00477,LOCATION_0198,TOLL,TOLL_PLAZA,0.93
VEVENT_008707,2024-05-03 06:34:19,VEHICLE_00404,LOCATION_0117,ANPR,FIELD_SURVEILLANCE,0.81
VEVENT_008708,2024-04-23 01:59:31,VEHICLE_00206,LOCATION_0297,ANPR,POLICE_CHECKPOINT,0.96
VEVENT_008709,2025-08-17 05:14:01,VEHICLE_00388,LOCATION_0030,ANPR,ANPR_CAMERA,0.83
VEVENT_008710,2024-09-19 06:10:37,VEHICLE_00019,LOCATION_0232,ANPR,FIELD_SURVEILLANCE,0.81
VEVENT_008711,2024-02-20 15:07:31,VEHICLE_00586,LOCATION_0029,ANPR,ANPR_CAMERA,0.89
VEVENT_008712,2024-08-26 03:46:35,VEHICLE_00476,LOCATION_0299,TOLL,ANPR_CAMERA,0.9
VEVENT_008713,2026-06-02 16:40:56,VEHICLE_00230,LOCATION_0031,TOLL,TOLL_PLAZA,0.85
VEVENT_008714,2026-03-15 04:40:59,VEHICLE_00106,LOCATION_0221,CHECKPOINT,ANPR_CAMERA,0.91
VEVENT_008715,2026-03-30 17:45:32,VEHICLE_00194,LOCATION_0289,CHECKPOINT,ANPR_CAMERA,0.96
VEVENT_008716,2026-02-21 22:23:10,VEHICLE_00229,LOCATION_0223,SURVEILLANCE,ANPR_CAMERA,0.81
VEVENT_008717,2026-04-21 00:05:17,VEHICLE_00009,LOCATION_0239,SURVEILLANCE,TOLL_PLAZA,0.92
VEVENT_008718,2025-12-01 11:57:41,VEHICLE_00243,LOCATION_0234,SURVEILLANCE,ANPR_CAMERA,0.91
VEVENT_008719,2025-11-24 03:19:22,VEHICLE_00490,LOCATION_0198,SURVEILLANCE,TOLL_PLAZA,0.81
VEVENT_008720,2024-08-30 09:37:08,VEHICLE_00111,LOCATION_0283,CHECKPOINT,POLICE_CHECKPOINT,0.81
VEVENT_008721,2025-01-01 05:31:44,VEHICLE_00156,LOCATION_0172,SURVEILLANCE,TOLL_PLAZA,0.9
VEVENT_008722,2025-05-01 02:01:51,VEHICLE_00655,LOCATION_0019,TOLL,ANPR_CAMERA,0.82
VEVENT_008723,2026-05-13 03:26:02,VEHICLE_00614,LOCATION_0080,CHECKPOINT,TOLL_PLAZA,0.83
VEVENT_008724,2024-08-13 08:35:48,VEHICLE_00558,LOCATION_0181,SURVEILLANCE,ANPR_CAMERA,0.82
VEVENT_008725,2024-01-09 23:46:18,VEHICLE_00069,LOCATION_0272,CHECKPOINT,TOLL_PLAZA,0.93
VEVENT_008726,2024-10-13 04:25:44,VEHICLE_00669,LOCATION_0128,ANPR,FIELD_SURVEILLANCE,0.89
VEVENT_008727,2026-04-17 14:44:19,VEHICLE_00582,LOCATION_0026,SURVEILLANCE,POLICE_CHECKPOINT,0.94
VEVENT_008728,2025-09-22 13:19:27,VEHICLE_00119,LOCATION_0032,ANPR,TOLL_PLAZA,0.97
VEVENT_008729,2025-07-24 08:53:15,VEHICLE_00274,LOCATION_0113,TOLL,ANPR_CAMERA,0.93
VEVENT_008730,2025-01-05 00:37:34,VEHICLE_00099,LOCATION_0300,CHECKPOINT,ANPR_CAMERA,0.93
VEVENT_008731,2024-05-12 19:20:50,VEHICLE_00736,LOCATION_0275,SURVEILLANCE,POLICE_CHECKPOINT,0.83
VEVENT_008732,2025-06-27 12:10:48,VEHICLE_00104,LOCATION_0105,SURVEILLANCE,ANPR_CAMERA,0.82
VEVENT_008733,2025-10-28 15:05:16,VEHICLE_00505,LOCATION_0124,TOLL,TOLL_PLAZA,0.81
VEVENT_008734,2026-05-07 09:29:03,VEHICLE_00659,LOCATION_0100,CHECKPOINT,ANPR_CAMERA,0.97
VEVENT_008735,2025-10-03 15:11:01,VEHICLE_00434,LOCATION_0139,CHECKPOINT,POLICE_CHECKPOINT,0.88
VEVENT_008736,2025-08-20 02:54:24,VEHICLE_00479,LOCATION_0018,SURVEILLANCE,POLICE_CHECKPOINT,0.87
VEVENT_008737,2024-10-17 06:43:19,VEHICLE_00746,LOCATION_0069,ANPR,FIELD_SURVEILLANCE,0.94
VEVENT_008738,2024-07-16 23:51:01,VEHICLE_00614,LOCATION_0130,CHECKPOINT,ANPR_CAMERA,0.91
VEVENT_008739,2025-10-30 16:13:58,VEHICLE_00596,LOCATION_0187,TOLL,POLICE_CHECKPOINT,0.96
VEVENT_008740,2025-06-13 14:52:51,VEHICLE_00424,LOCATION_0203,SURVEILLANCE,FIELD_SURVEILLANCE,0.92
VEVENT_008741,2024-04-18 17:18:03,VEHICLE_00701,LOCATION_0007,TOLL,FIELD_SURVEILLANCE,0.82
VEVENT_008742,2025-08-22 16:59:32,VEHICLE_00147,LOCATION_0248,SURVEILLANCE,ANPR_CAMERA,0.88
VEVENT_008743,2024-03-17 06:58:10,VEHICLE_00749,LOCATION_0256,ANPR,ANPR_CAMERA,0.95
VEVENT_008744,2025-10-08 18:30:57,VEHICLE_00734,LOCATION_0226,CHECKPOINT,ANPR_CAMERA,0.91
VEVENT_008745,2025-09-05 06:28:18,VEHICLE_00385,LOCATION_0124,SURVEILLANCE,TOLL_PLAZA,0.86
VEVENT_008746,2026-02-21 01:38:30,VEHICLE_00453,LOCATION_0074,ANPR,TOLL_PLAZA,0.87
VEVENT_008747,2024-09-15 01:28:35,VEHICLE_00208,LOCATION_0175,TOLL,TOLL_PLAZA,0.89
VEVENT_008748,2025-11-16 13:51:07,VEHICLE_00626,LOCATION_0036,CHECKPOINT,ANPR_CAMERA,0.86
VEVENT_008749,2025-05-17 23:57:15,VEHICLE_00176,LOCATION_0282,SURVEILLANCE,POLICE_CHECKPOINT,0.85
VEVENT_008750,2026-05-27 23:57:59,VEHICLE_00365,LOCATION_0137,SURVEILLANCE,TOLL_PLAZA,0.91
VEVENT_008751,2025-06-26 23:59:05,VEHICLE_00127,LOCATION_0109,CHECKPOINT,ANPR_CAMERA,0.83
VEVENT_008752,2024-10-27 08:55:06,VEHICLE_00478,LOCATION_0023,SURVEILLANCE,FIELD_SURVEILLANCE,0.87
VEVENT_008753,2025-02-04 00:57:44,VEHICLE_00159,LOCATION_0139,CHECKPOINT,ANPR_CAMERA,0.91
VEVENT_008754,2026-03-29 09:54:15,VEHICLE_00316,LOCATION_0253,ANPR,POLICE_CHECKPOINT,0.92
VEVENT_008755,2024-06-22 10:11:47,VEHICLE_00436,LOCATION_0171,SURVEILLANCE,FIELD_SURVEILLANCE,0.89
VEVENT_008756,2024-02-05 06:23:07,VEHICLE_00368,LOCATION_0223,SURVEILLANCE,FIELD_SURVEILLANCE,0.82
VEVENT_008757,2024-01-13 08:19:46,VEHICLE_00589,LOCATION_0246,SURVEILLANCE,TOLL_PLAZA,0.87
VEVENT_008758,2025-05-17 15:47:21,VEHICLE_00364,LOCATION_0052,SURVEILLANCE,TOLL_PLAZA,0.9
VEVENT_008759,2024-03-07 06:06:31,VEHICLE_00458,LOCATION_0129,CHECKPOINT,POLICE_CHECKPOINT,0.9
VEVENT_008760,2025-08-19 16:28:12,VEHICLE_00673,LOCATION_0146,ANPR,FIELD_SURVEILLANCE,0.9
VEVENT_008761,2025-05-07 14:29:27,VEHICLE_00334,LOCATION_0241,CHECKPOINT,TOLL_PLAZA,0.94
VEVENT_008762,2024-12-07 19:27:42,VEHICLE_00015,LOCATION_0154,TOLL,POLICE_CHECKPOINT,0.83
VEVENT_008763,2024-05-31 14:45:37,VEHICLE_00497,LOCATION_0179,CHECKPOINT,TOLL_PLAZA,0.89
VEVENT_008764,2024-01-16 09:16:30,VEHICLE_00703,LOCATION_0164,ANPR,ANPR_CAMERA,0.9
VEVENT_008765,2026-06-26 17:05:20,VEHICLE_00325,LOCATION_0225,SURVEILLANCE,TOLL_PLAZA,0.82
VEVENT_008766,2024-07-17 08:25:44,VEHICLE_00140,LOCATION_0263,ANPR,FIELD_SURVEILLANCE,0.9
VEVENT_008767,2025-12-04 18:12:38,VEHICLE_00539,LOCATION_0241,SURVEILLANCE,POLICE_CHECKPOINT,0.95
VEVENT_008768,2025-10-12 23:30:39,VEHICLE_00652,LOCATION_0229,SURVEILLANCE,FIELD_SURVEILLANCE,0.83
VEVENT_008769,2024-07-12 21:44:01,VEHICLE_00363,LOCATION_0200,ANPR,TOLL_PLAZA,0.97
VEVENT_008770,2025-09-29 02:00:09,VEHICLE_00138,LOCATION_0135,ANPR,POLICE_CHECKPOINT,0.81
VEVENT_008771,2025-12-18 15:07:21,VEHICLE_00152,LOCATION_0229,CHECKPOINT,TOLL_PLAZA,0.84
VEVENT_008772,2024-03-28 19:54:37,VEHICLE_00567,LOCATION_0154,TOLL,TOLL_PLAZA,0.82
VEVENT_008773,2026-05-23 21:48:57,VEHICLE_00301,LOCATION_0121,ANPR,FIELD_SURVEILLANCE,0.82
VEVENT_008774,2024-10-29 07:34:46,VEHICLE_00166,LOCATION_0070,TOLL,ANPR_CAMERA,0.92
VEVENT_008775,2025-02-04 03:04:00,VEHICLE_00105,LOCATION_0156,CHECKPOINT,FIELD_SURVEILLANCE,0.85
VEVENT_008776,2024-10-28 23:53:26,VEHICLE_00361,LOCATION_0091,SURVEILLANCE,ANPR_CAMERA,0.84
VEVENT_008777,2024-04-22 12:45:00,VEHICLE_00624,LOCATION_0092,ANPR,TOLL_PLAZA,0.84
VEVENT_008778,2024-11-21 13:11:48,VEHICLE_00141,LOCATION_0202,CHECKPOINT,ANPR_CAMERA,0.84
VEVENT_008779,2025-12-02 23:03:31,VEHICLE_00306,LOCATION_0137,SURVEILLANCE,ANPR_CAMERA,0.97
VEVENT_008780,2026-04-23 03:53:32,VEHICLE_00723,LOCATION_0201,CHECKPOINT,ANPR_CAMERA,0.84
VEVENT_008781,2026-02-15 04:42:23,VEHICLE_00120,LOCATION_0046,TOLL,FIELD_SURVEILLANCE,0.88
VEVENT_008782,2024-05-25 23:22:13,VEHICLE_00539,LOCATION_0141,TOLL,TOLL_PLAZA,0.86
VEVENT_008783,2024-12-24 11:52:01,VEHICLE_00013,LOCATION_0030,TOLL,ANPR_CAMERA,0.82
VEVENT_008784,2025-06-09 15:37:39,VEHICLE_00446,LOCATION_0298,TOLL,TOLL_PLAZA,0.84
VEVENT_008785,2024-11-12 21:55:42,VEHICLE_00643,LOCATION_0194,SURVEILLANCE,ANPR_CAMERA,0.91
VEVENT_008786,2026-01-17 04:38:15,VEHICLE_00237,LOCATION_0202,ANPR,ANPR_CAMERA,0.84
VEVENT_008787,2024-06-04 08:11:15,VEHICLE_00329,LOCATION_0011,CHECKPOINT,FIELD_SURVEILLANCE,0.89
VEVENT_008788,2024-11-08 19:46:47,VEHICLE_00452,LOCATION_0291,TOLL,ANPR_CAMERA,0.92
VEVENT_008789,2024-11-17 08:02:40,VEHICLE_00265,LOCATION_0247,TOLL,POLICE_CHECKPOINT,0.86
VEVENT_008790,2024-04-11 21:48:51,VEHICLE_00519,LOCATION_0072,ANPR,FIELD_SURVEILLANCE,0.97
VEVENT_008791,2024-01-01 02:09:12,VEHICLE_00083,LOCATION_0068,SURVEILLANCE,POLICE_CHECKPOINT,0.84
VEVENT_008792,2024-07-13 12:59:47,VEHICLE_00728,LOCATION_0205,TOLL,FIELD_SURVEILLANCE,0.9
VEVENT_008793,2025-08-10 22:58:11,VEHICLE_00356,LOCATION_0156,SURVEILLANCE,ANPR_CAMERA,0.96
VEVENT_008794,2024-04-02 09:28:59,VEHICLE_00153,LOCATION_0176,ANPR,TOLL_PLAZA,0.83
VEVENT_008795,2026-05-28 01:12:58,VEHICLE_00381,LOCATION_0032,ANPR,POLICE_CHECKPOINT,0.9
VEVENT_008796,2024-10-17 19:39:30,VEHICLE_00654,LOCATION_0026,SURVEILLANCE,TOLL_PLAZA,0.93
VEVENT_008797,2025-08-17 23:16:10,VEHICLE_00693,LOCATION_0065,ANPR,FIELD_SURVEILLANCE,0.87
VEVENT_008798,2025-05-27 00:15:37,VEHICLE_00274,LOCATION_0053,CHECKPOINT,ANPR_CAMERA,0.87
VEVENT_008799,2025-08-25 15:26:57,VEHICLE_00594,LOCATION_0298,TOLL,ANPR_CAMERA,0.85
VEVENT_008800,2025-09-26 23:47:10,VEHICLE_00146,LOCATION_0026,TOLL,FIELD_SURVEILLANCE,0.93
VEVENT_008801,2024-03-01 04:48:59,VEHICLE_00169,LOCATION_0231,ANPR,TOLL_PLAZA,0.92
VEVENT_008802,2026-02-12 21:36:43,VEHICLE_00532,LOCATION_0115,TOLL,POLICE_CHECKPOINT,0.82
VEVENT_008803,2024-09-15 17:00:30,VEHICLE_00637,LOCATION_0242,SURVEILLANCE,TOLL_PLAZA,0.83
VEVENT_008804,2026-06-06 11:13:22,VEHICLE_00583,LOCATION_0272,ANPR,TOLL_PLAZA,0.89
VEVENT_008805,2024-11-11 22:14:15,VEHICLE_00724,LOCATION_0055,SURVEILLANCE,FIELD_SURVEILLANCE,0.95
VEVENT_008806,2025-04-14 20:49:43,VEHICLE_00628,LOCATION_0029,SURVEILLANCE,FIELD_SURVEILLANCE,0.88
VEVENT_008807,2024-06-27 09:55:04,VEHICLE_00718,LOCATION_0231,TOLL,FIELD_SURVEILLANCE,0.81
VEVENT_008808,2025-03-14 08:53:20,VEHICLE_00291,LOCATION_0007,ANPR,TOLL_PLAZA,0.93
VEVENT_008809,2024-07-28 23:08:45,VEHICLE_00619,LOCATION_0162,ANPR,FIELD_SURVEILLANCE,0.84
VEVENT_008810,2025-03-03 19:00:26,VEHICLE_00598,LOCATION_0251,CHECKPOINT,FIELD_SURVEILLANCE,0.87
VEVENT_008811,2026-03-04 14:02:50,VEHICLE_00617,LOCATION_0222,ANPR,POLICE_CHECKPOINT,0.89
VEVENT_008812,2026-04-25 23:26:42,VEHICLE_00172,LOCATION_0272,CHECKPOINT,POLICE_CHECKPOINT,0.86
VEVENT_008813,2025-09-13 03:08:21,VEHICLE_00474,LOCATION_0217,CHECKPOINT,TOLL_PLAZA,0.87
VEVENT_008814,2024-07-17 08:48:55,VEHICLE_00279,LOCATION_0227,CHECKPOINT,ANPR_CAMERA,0.86
VEVENT_008815,2026-03-10 15:13:10,VEHICLE_00441,LOCATION_0234,SURVEILLANCE,POLICE_CHECKPOINT,0.82
VEVENT_008816,2025-08-05 17:09:49,VEHICLE_00616,LOCATION_0122,SURVEILLANCE,TOLL_PLAZA,0.82
VEVENT_008817,2024-03-07 05:24:22,VEHICLE_00239,LOCATION_0204,SURVEILLANCE,ANPR_CAMERA,0.9
VEVENT_008818,2025-09-12 02:43:22,VEHICLE_00088,LOCATION_0190,TOLL,ANPR_CAMERA,0.95
VEVENT_008819,2025-01-18 17:36:13,VEHICLE_00484,LOCATION_0259,TOLL,POLICE_CHECKPOINT,0.89
VEVENT_008820,2024-12-16 08:10:42,VEHICLE_00576,LOCATION_0140,TOLL,ANPR_CAMERA,0.81
VEVENT_008821,2024-09-11 23:14:06,VEHICLE_00331,LOCATION_0015,TOLL,FIELD_SURVEILLANCE,0.92
VEVENT_008822,2025-01-09 18:53:30,VEHICLE_00181,LOCATION_0106,ANPR,TOLL_PLAZA,0.96
VEVENT_008823,2025-11-05 10:23:59,VEHICLE_00187,LOCATION_0185,TOLL,TOLL_PLAZA,0.91
VEVENT_008824,2025-04-23 18:58:04,VEHICLE_00680,LOCATION_0138,ANPR,TOLL_PLAZA,0.81
VEVENT_008825,2024-07-29 18:17:51,VEHICLE_00518,LOCATION_0225,TOLL,ANPR_CAMERA,0.96
VEVENT_008826,2024-01-01 01:44:11,VEHICLE_00320,LOCATION_0253,TOLL,TOLL_PLAZA,0.86
VEVENT_008827,2026-03-16 03:20:11,VEHICLE_00612,LOCATION_0078,CHECKPOINT,ANPR_CAMERA,0.94
VEVENT_008828,2026-05-02 07:33:31,VEHICLE_00054,LOCATION_0210,ANPR,TOLL_PLAZA,0.93
VEVENT_008829,2024-12-01 12:03:08,VEHICLE_00537,LOCATION_0101,SURVEILLANCE,FIELD_SURVEILLANCE,0.92
VEVENT_008830,2026-04-14 17:14:51,VEHICLE_00696,LOCATION_0041,ANPR,FIELD_SURVEILLANCE,0.84
VEVENT_008831,2026-05-17 07:14:19,VEHICLE_00743,LOCATION_0064,TOLL,TOLL_PLAZA,0.87
VEVENT_008832,2025-10-26 07:19:49,VEHICLE_00731,LOCATION_0198,TOLL,ANPR_CAMERA,0.82
VEVENT_008833,2025-07-25 06:47:08,VEHICLE_00036,LOCATION_0202,SURVEILLANCE,FIELD_SURVEILLANCE,0.95
VEVENT_008834,2025-06-08 17:45:33,VEHICLE_00024,LOCATION_0044,TOLL,ANPR_CAMERA,0.9
VEVENT_008835,2024-04-25 02:18:53,VEHICLE_00268,LOCATION_0056,ANPR,TOLL_PLAZA,0.94
VEVENT_008836,2026-06-13 00:28:51,VEHICLE_00683,LOCATION_0167,CHECKPOINT,FIELD_SURVEILLANCE,0.83
VEVENT_008837,2024-01-30 05:40:15,VEHICLE_00092,LOCATION_0246,CHECKPOINT,ANPR_CAMERA,0.82
VEVENT_008838,2025-02-15 20:36:08,VEHICLE_00604,LOCATION_0183,CHECKPOINT,FIELD_SURVEILLANCE,0.85
VEVENT_008839,2024-05-21 13:25:35,VEHICLE_00266,LOCATION_0196,CHECKPOINT,TOLL_PLAZA,0.81
VEVENT_008840,2025-11-13 13:14:16,VEHICLE_00203,LOCATION_0006,SURVEILLANCE,TOLL_PLAZA,0.89
VEVENT_008841,2024-04-26 10:15:53,VEHICLE_00364,LOCATION_0002,CHECKPOINT,TOLL_PLAZA,0.81
VEVENT_008842,2024-06-05 01:44:52,VEHICLE_00224,LOCATION_0105,SURVEILLANCE,TOLL_PLAZA,0.96
VEVENT_008843,2025-08-25 21:31:10,VEHICLE_00475,LOCATION_0234,ANPR,ANPR_CAMERA,0.84
VEVENT_008844,2026-01-11 00:48:46,VEHICLE_00699,LOCATION_0122,TOLL,FIELD_SURVEILLANCE,0.95
VEVENT_008845,2025-10-05 17:56:59,VEHICLE_00290,LOCATION_0246,TOLL,FIELD_SURVEILLANCE,0.91
VEVENT_008846,2026-02-27 17:14:32,VEHICLE_00327,LOCATION_0084,SURVEILLANCE,POLICE_CHECKPOINT,0.89
VEVENT_008847,2024-01-30 18:18:02,VEHICLE_00740,LOCATION_0022,SURVEILLANCE,TOLL_PLAZA,0.89
VEVENT_008848,2024-05-25 11:33:29,VEHICLE_00177,LOCATION_0294,TOLL,ANPR_CAMERA,0.97
VEVENT_008849,2025-10-20 14:03:22,VEHICLE_00559,LOCATION_0126,TOLL,TOLL_PLAZA,0.88
VEVENT_008850,2025-06-02 11:46:59,VEHICLE_00197,LOCATION_0165,TOLL,POLICE_CHECKPOINT,0.84
VEVENT_008851,2025-07-30 19:10:59,VEHICLE_00496,LOCATION_0098,TOLL,ANPR_CAMERA,0.86
VEVENT_008852,2024-01-15 22:15:48,VEHICLE_00391,LOCATION_0196,ANPR,TOLL_PLAZA,0.95
VEVENT_008853,2024-09-26 00:23:06,VEHICLE_00339,LOCATION_0258,TOLL,ANPR_CAMERA,0.95
VEVENT_008854,2024-10-06 13:22:20,VEHICLE_00712,LOCATION_0180,TOLL,TOLL_PLAZA,0.96
VEVENT_008855,2026-01-12 07:15:16,VEHICLE_00225,LOCATION_0276,TOLL,FIELD_SURVEILLANCE,0.83
VEVENT_008856,2024-07-09 21:33:05,VEHICLE_00096,LOCATION_0152,SURVEILLANCE,TOLL_PLAZA,0.91
VEVENT_008857,2024-05-18 17:59:12,VEHICLE_00547,LOCATION_0061,SURVEILLANCE,TOLL_PLAZA,0.84
VEVENT_008858,2024-06-07 20:12:41,VEHICLE_00435,LOCATION_0112,CHECKPOINT,ANPR_CAMERA,0.81
VEVENT_008859,2024-05-21 19:48:40,VEHICLE_00605,LOCATION_0205,SURVEILLANCE,ANPR_CAMERA,0.86
VEVENT_008860,2025-01-23 03:02:56,VEHICLE_00070,LOCATION_0189,CHECKPOINT,ANPR_CAMERA,0.86
VEVENT_008861,2026-03-01 14:51:22,VEHICLE_00286,LOCATION_0113,CHECKPOINT,TOLL_PLAZA,0.81
VEVENT_008862,2024-05-30 00:11:49,VEHICLE_00028,LOCATION_0148,SURVEILLANCE,POLICE_CHECKPOINT,0.9
VEVENT_008863,2025-11-02 04:43:28,VEHICLE_00069,LOCATION_0122,CHECKPOINT,FIELD_SURVEILLANCE,0.92
VEVENT_008864,2025-07-16 10:54:37,VEHICLE_00658,LOCATION_0043,ANPR,FIELD_SURVEILLANCE,0.94
VEVENT_008865,2024-03-27 11:43:19,VEHICLE_00555,LOCATION_0179,SURVEILLANCE,ANPR_CAMERA,0.96
VEVENT_008866,2024-01-21 23:05:26,VEHICLE_00476,LOCATION_0289,CHECKPOINT,TOLL_PLAZA,0.84
VEVENT_008867,2024-03-30 22:56:55,VEHICLE_00004,LOCATION_0192,TOLL,TOLL_PLAZA,0.83
VEVENT_008868,2025-05-05 01:23:56,VEHICLE_00042,LOCATION_0021,ANPR,TOLL_PLAZA,0.95
VEVENT_008869,2024-10-17 00:47:30,VEHICLE_00003,LOCATION_0235,CHECKPOINT,FIELD_SURVEILLANCE,0.82
VEVENT_008870,2024-05-18 14:13:50,VEHICLE_00735,LOCATION_0136,TOLL,POLICE_CHECKPOINT,0.92
VEVENT_008871,2024-12-07 19:18:57,VEHICLE_00019,LOCATION_0032,SURVEILLANCE,ANPR_CAMERA,0.83
VEVENT_008872,2024-10-04 12:48:52,VEHICLE_00548,LOCATION_0219,ANPR,POLICE_CHECKPOINT,0.93
VEVENT_008873,2025-06-24 12:52:34,VEHICLE_00563,LOCATION_0212,TOLL,ANPR_CAMERA,0.87
VEVENT_008874,2025-12-11 04:49:40,VEHICLE_00111,LOCATION_0273,SURVEILLANCE,TOLL_PLAZA,0.92
VEVENT_008875,2025-10-07 22:07:42,VEHICLE_00637,LOCATION_0272,ANPR,TOLL_PLAZA,0.88
VEVENT_008876,2025-10-19 16:50:50,VEHICLE_00465,LOCATION_0072,SURVEILLANCE,FIELD_SURVEILLANCE,0.88
VEVENT_008877,2025-05-08 11:44:17,VEHICLE_00635,LOCATION_0018,CHECKPOINT,FIELD_SURVEILLANCE,0.86
VEVENT_008878,2025-09-11 23:05:04,VEHICLE_00489,LOCATION_0264,ANPR,ANPR_CAMERA,0.95
VEVENT_008879,2025-05-01 11:50:22,VEHICLE_00668,LOCATION_0072,CHECKPOINT,FIELD_SURVEILLANCE,0.84
VEVENT_008880,2024-07-26 06:59:31,VEHICLE_00265,LOCATION_0117,CHECKPOINT,FIELD_SURVEILLANCE,0.85
VEVENT_008881,2025-12-30 03:18:56,VEHICLE_00200,LOCATION_0027,TOLL,POLICE_CHECKPOINT,0.95
VEVENT_008882,2025-04-20 04:37:22,VEHICLE_00313,LOCATION_0126,SURVEILLANCE,TOLL_PLAZA,0.91
VEVENT_008883,2024-01-30 09:31:47,VEHICLE_00006,LOCATION_0110,ANPR,FIELD_SURVEILLANCE,0.84
VEVENT_008884,2024-02-19 04:00:51,VEHICLE_00563,LOCATION_0212,SURVEILLANCE,FIELD_SURVEILLANCE,0.91
VEVENT_008885,2025-08-11 06:50:59,VEHICLE_00331,LOCATION_0135,CHECKPOINT,FIELD_SURVEILLANCE,0.93
VEVENT_008886,2024-03-06 22:51:43,VEHICLE_00391,LOCATION_0296,SURVEILLANCE,ANPR_CAMERA,0.97
VEVENT_008887,2024-09-07 19:18:24,VEHICLE_00717,LOCATION_0011,SURVEILLANCE,ANPR_CAMERA,0.95
VEVENT_008888,2024-07-04 17:50:38,VEHICLE_00524,LOCATION_0276,CHECKPOINT,ANPR_CAMERA,0.8
VEVENT_008889,2025-02-05 03:25:53,VEHICLE_00198,LOCATION_0042,TOLL,TOLL_PLAZA,0.95
VEVENT_008890,2025-10-12 11:28:43,VEHICLE_00381,LOCATION_0132,CHECKPOINT,POLICE_CHECKPOINT,0.92
VEVENT_008891,2024-02-21 16:03:21,VEHICLE_00193,LOCATION_0131,CHECKPOINT,FIELD_SURVEILLANCE,0.94
VEVENT_008892,2026-05-29 09:47:49,VEHICLE_00144,LOCATION_0009,CHECKPOINT,FIELD_SURVEILLANCE,0.83
VEVENT_008893,2025-03-23 16:22:09,VEHICLE_00508,LOCATION_0182,CHECKPOINT,POLICE_CHECKPOINT,0.95
VEVENT_008894,2025-10-31 00:13:20,VEHICLE_00363,LOCATION_0200,SURVEILLANCE,FIELD_SURVEILLANCE,0.88
VEVENT_008895,2024-11-21 16:07:42,VEHICLE_00687,LOCATION_0186,SURVEILLANCE,TOLL_PLAZA,0.95
VEVENT_008896,2024-10-02 05:21:35,VEHICLE_00390,LOCATION_0160,SURVEILLANCE,POLICE_CHECKPOINT,0.95
VEVENT_008897,2024-04-27 13:08:42,VEHICLE_00388,LOCATION_0250,ANPR,POLICE_CHECKPOINT,0.82
VEVENT_008898,2026-02-19 00:58:18,VEHICLE_00640,LOCATION_0095,CHECKPOINT,POLICE_CHECKPOINT,0.85
VEVENT_008899,2024-01-15 02:26:50,VEHICLE_00573,LOCATION_0042,TOLL,FIELD_SURVEILLANCE,0.97
VEVENT_008900,2024-07-07 17:13:10,VEHICLE_00339,LOCATION_0118,ANPR,POLICE_CHECKPOINT,0.95
VEVENT_008901,2025-02-13 12:38:03,VEHICLE_00428,LOCATION_0004,CHECKPOINT,FIELD_SURVEILLANCE,0.8
VEVENT_008902,2024-03-08 01:01:37,VEHICLE_00576,LOCATION_0270,SURVEILLANCE,POLICE_CHECKPOINT,0.88
VEVENT_008903,2026-02-28 09:03:36,VEHICLE_00697,LOCATION_0106,CHECKPOINT,FIELD_SURVEILLANCE,0.95
VEVENT_008904,2025-10-25 23:20:17,VEHICLE_00124,LOCATION_0291,SURVEILLANCE,FIELD_SURVEILLANCE,0.95
VEVENT_008905,2024-04-22 01:59:24,VEHICLE_00593,LOCATION_0171,ANPR,POLICE_CHECKPOINT,0.87
VEVENT_008906,2026-05-13 02:55:05,VEHICLE_00753,LOCATION_0289,TOLL,TOLL_PLAZA,0.83
VEVENT_008907,2025-02-01 05:05:20,VEHICLE_00581,LOCATION_0006,TOLL,POLICE_CHECKPOINT,0.81
VEVENT_008908,2026-06-28 11:53:06,VEHICLE_00464,LOCATION_0127,ANPR,POLICE_CHECKPOINT,0.86
VEVENT_008909,2024-10-02 23:32:05,VEHICLE_00250,LOCATION_0140,TOLL,TOLL_PLAZA,0.9
VEVENT_008910,2024-03-11 03:39:18,VEHICLE_00270,LOCATION_0187,CHECKPOINT,ANPR_CAMERA,0.85
VEVENT_008911,2026-03-17 03:32:00,VEHICLE_00506,LOCATION_0138,CHECKPOINT,ANPR_CAMERA,0.85
VEVENT_008912,2025-05-27 15:50:44,VEHICLE_00241,LOCATION_0266,CHECKPOINT,ANPR_CAMERA,0.84
VEVENT_008913,2024-05-15 16:05:21,VEHICLE_00189,LOCATION_0193,CHECKPOINT,FIELD_SURVEILLANCE,0.83
VEVENT_008914,2025-09-02 10:53:35,VEHICLE_00668,LOCATION_0222,CHECKPOINT,POLICE_CHECKPOINT,0.8
VEVENT_008915,2024-01-25 05:24:45,VEHICLE_00269,LOCATION_0129,ANPR,TOLL_PLAZA,0.97
VEVENT_008916,2024-11-22 22:52:16,VEHICLE_00249,LOCATION_0004,TOLL,POLICE_CHECKPOINT,0.82
VEVENT_008917,2024-01-01 08:43:42,VEHICLE_00664,LOCATION_0035,ANPR,TOLL_PLAZA,0.81
VEVENT_008918,2024-04-18 03:46:02,VEHICLE_00044,LOCATION_0267,SURVEILLANCE,TOLL_PLAZA,0.84
VEVENT_008919,2024-04-27 08:26:45,VEHICLE_00168,LOCATION_0259,TOLL,ANPR_CAMERA,0.86
VEVENT_008920,2026-03-17 13:18:01,VEHICLE_00096,LOCATION_0092,SURVEILLANCE,TOLL_PLAZA,0.87
VEVENT_008921,2024-06-06 09:34:39,VEHICLE_00296,LOCATION_0110,SURVEILLANCE,TOLL_PLAZA,0.96
VEVENT_008922,2025-03-10 18:56:46,VEHICLE_00303,LOCATION_0186,CHECKPOINT,FIELD_SURVEILLANCE,0.86
VEVENT_008923,2024-09-30 20:06:41,VEHICLE_00375,LOCATION_0133,SURVEILLANCE,TOLL_PLAZA,0.86
VEVENT_008924,2026-03-02 22:02:56,VEHICLE_00739,LOCATION_0154,CHECKPOINT,TOLL_PLAZA,0.81
VEVENT_008925,2026-02-04 17:35:57,VEHICLE_00567,LOCATION_0254,SURVEILLANCE,FIELD_SURVEILLANCE,0.83
VEVENT_008926,2025-01-20 17:49:32,VEHICLE_00396,LOCATION_0089,SURVEILLANCE,FIELD_SURVEILLANCE,0.89
VEVENT_008927,2025-05-22 13:44:08,VEHICLE_00174,LOCATION_0195,ANPR,POLICE_CHECKPOINT,0.94
VEVENT_008928,2025-01-30 02:55:45,VEHICLE_00529,LOCATION_0207,ANPR,TOLL_PLAZA,0.81
VEVENT_008929,2024-06-20 08:34:41,VEHICLE_00603,LOCATION_0078,TOLL,POLICE_CHECKPOINT,0.86
VEVENT_008930,2026-05-02 18:57:00,VEHICLE_00757,LOCATION_0114,TOLL,TOLL_PLAZA,0.92
VEVENT_008931,2025-08-27 00:09:06,VEHICLE_00530,LOCATION_0154,SURVEILLANCE,TOLL_PLAZA,0.92
VEVENT_008932,2025-03-22 13:48:39,VEHICLE_00183,LOCATION_0299,CHECKPOINT,TOLL_PLAZA,0.86
VEVENT_008933,2024-02-29 18:58:03,VEHICLE_00403,LOCATION_0034,SURVEILLANCE,TOLL_PLAZA,0.91
VEVENT_008934,2025-03-21 13:48:00,VEHICLE_00512,LOCATION_0023,CHECKPOINT,ANPR_CAMERA,0.93
VEVENT_008935,2024-05-11 10:15:49,VEHICLE_00284,LOCATION_0165,CHECKPOINT,POLICE_CHECKPOINT,0.83
VEVENT_008936,2024-04-14 16:57:00,VEHICLE_00553,LOCATION_0200,ANPR,FIELD_SURVEILLANCE,0.82
VEVENT_008937,2026-01-06 21:04:16,VEHICLE_00121,LOCATION_0297,CHECKPOINT,ANPR_CAMERA,0.96
VEVENT_008938,2025-05-27 21:54:42,VEHICLE_00484,LOCATION_0059,CHECKPOINT,POLICE_CHECKPOINT,0.91
VEVENT_008939,2025-07-20 11:54:51,VEHICLE_00200,LOCATION_0197,TOLL,POLICE_CHECKPOINT,0.83
VEVENT_008940,2025-08-27 13:15:40,VEHICLE_00244,LOCATION_0139,SURVEILLANCE,POLICE_CHECKPOINT,0.94
VEVENT_008941,2024-04-28 23:58:48,VEHICLE_00399,LOCATION_0215,TOLL,ANPR_CAMERA,0.89
VEVENT_008942,2025-08-28 19:41:20,VEHICLE_00311,LOCATION_0094,SURVEILLANCE,POLICE_CHECKPOINT,0.83
VEVENT_008943,2025-12-26 12:12:00,VEHICLE_00598,LOCATION_0221,ANPR,ANPR_CAMERA,0.94
VEVENT_008944,2025-07-01 21:14:18,VEHICLE_00301,LOCATION_0041,CHECKPOINT,ANPR_CAMERA,0.82
VEVENT_008945,2025-10-18 18:58:49,VEHICLE_00088,LOCATION_0210,CHECKPOINT,FIELD_SURVEILLANCE,0.87
VEVENT_008946,2026-03-26 21:30:16,VEHICLE_00635,LOCATION_0018,TOLL,ANPR_CAMERA,0.88
VEVENT_008947,2024-05-06 19:51:45,VEHICLE_00721,LOCATION_0300,ANPR,TOLL_PLAZA,0.95
VEVENT_008948,2025-01-04 04:00:00,VEHICLE_00483,LOCATION_0075,SURVEILLANCE,TOLL_PLAZA,0.92
VEVENT_008949,2024-03-02 22:39:36,VEHICLE_00407,LOCATION_0139,TOLL,FIELD_SURVEILLANCE,0.86
VEVENT_008950,2024-05-18 22:30:53,VEHICLE_00146,LOCATION_0136,ANPR,FIELD_SURVEILLANCE,0.84
VEVENT_008951,2025-09-09 20:43:59,VEHICLE_00465,LOCATION_0002,SURVEILLANCE,ANPR_CAMERA,0.94
VEVENT_008952,2026-01-16 11:49:35,VEHICLE_00475,LOCATION_0154,CHECKPOINT,TOLL_PLAZA,0.95
VEVENT_008953,2024-02-04 22:54:55,VEHICLE_00415,LOCATION_0296,CHECKPOINT,TOLL_PLAZA,0.89
VEVENT_008954,2025-05-26 18:47:20,VEHICLE_00002,LOCATION_0005,CHECKPOINT,FIELD_SURVEILLANCE,0.8
VEVENT_008955,2025-12-05 05:15:25,VEHICLE_00305,LOCATION_0276,CHECKPOINT,POLICE_CHECKPOINT,0.85
VEVENT_008956,2024-07-11 09:45:19,VEHICLE_00152,LOCATION_0269,CHECKPOINT,POLICE_CHECKPOINT,0.95
VEVENT_008957,2026-05-19 20:00:39,VEHICLE_00690,LOCATION_0096,ANPR,FIELD_SURVEILLANCE,0.9
VEVENT_008958,2026-05-30 05:54:41,VEHICLE_00102,LOCATION_0167,SURVEILLANCE,ANPR_CAMERA,0.84
VEVENT_008959,2025-07-10 00:07:02,VEHICLE_00595,LOCATION_0081,ANPR,FIELD_SURVEILLANCE,0.85
VEVENT_008960,2026-05-05 10:25:10,VEHICLE_00471,LOCATION_0249,CHECKPOINT,ANPR_CAMERA,0.95
VEVENT_008961,2026-01-18 15:17:26,VEHICLE_00052,LOCATION_0206,TOLL,FIELD_SURVEILLANCE,0.94
VEVENT_008962,2025-07-29 09:33:01,VEHICLE_00532,LOCATION_0065,ANPR,TOLL_PLAZA,0.86
VEVENT_008963,2026-02-06 01:47:50,VEHICLE_00333,LOCATION_0202,ANPR,FIELD_SURVEILLANCE,0.81
VEVENT_008964,2026-03-18 22:10:06,VEHICLE_00150,LOCATION_0128,ANPR,POLICE_CHECKPOINT,0.9
VEVENT_008965,2024-12-14 15:55:38,VEHICLE_00176,LOCATION_0012,TOLL,POLICE_CHECKPOINT,0.9
VEVENT_008966,2024-10-27 10:16:16,VEHICLE_00748,LOCATION_0025,SURVEILLANCE,FIELD_SURVEILLANCE,0.95
VEVENT_008967,2024-02-22 10:43:00,VEHICLE_00197,LOCATION_0165,CHECKPOINT,ANPR_CAMERA,0.93
VEVENT_008968,2024-06-11 19:12:04,VEHICLE_00698,LOCATION_0044,SURVEILLANCE,FIELD_SURVEILLANCE,0.95
VEVENT_008969,2024-03-09 17:41:38,VEHICLE_00710,LOCATION_0139,ANPR,TOLL_PLAZA,0.94
VEVENT_008970,2025-05-04 13:35:08,VEHICLE_00335,LOCATION_0272,CHECKPOINT,FIELD_SURVEILLANCE,0.94
VEVENT_008971,2025-10-12 09:07:50,VEHICLE_00577,LOCATION_0146,CHECKPOINT,ANPR_CAMERA,0.95
VEVENT_008972,2026-04-26 05:26:35,VEHICLE_00120,LOCATION_0146,ANPR,FIELD_SURVEILLANCE,0.84
VEVENT_008973,2025-11-21 18:31:26,VEHICLE_00179,LOCATION_0107,CHECKPOINT,TOLL_PLAZA,0.85
VEVENT_008974,2026-06-11 14:52:47,VEHICLE_00321,LOCATION_0101,SURVEILLANCE,POLICE_CHECKPOINT,0.91
VEVENT_008975,2025-01-02 21:44:54,VEHICLE_00181,LOCATION_0056,TOLL,TOLL_PLAZA,0.88
VEVENT_008976,2025-06-07 07:45:30,VEHICLE_00643,LOCATION_0214,ANPR,POLICE_CHECKPOINT,0.91
VEVENT_008977,2026-06-12 05:39:51,VEHICLE_00660,LOCATION_0064,SURVEILLANCE,TOLL_PLAZA,0.9
VEVENT_008978,2024-12-15 10:25:20,VEHICLE_00374,LOCATION_0286,ANPR,ANPR_CAMERA,0.91
VEVENT_008979,2024-10-04 06:51:01,VEHICLE_00602,LOCATION_0064,CHECKPOINT,TOLL_PLAZA,0.82
VEVENT_008980,2025-05-30 23:08:32,VEHICLE_00053,LOCATION_0088,CHECKPOINT,POLICE_CHECKPOINT,0.83
VEVENT_008981,2025-09-28 04:00:41,VEHICLE_00533,LOCATION_0128,TOLL,POLICE_CHECKPOINT,0.86
VEVENT_008982,2026-02-28 16:52:48,VEHICLE_00177,LOCATION_0224,CHECKPOINT,ANPR_CAMERA,0.84
VEVENT_008983,2024-08-28 19:19:04,VEHICLE_00465,LOCATION_0282,TOLL,FIELD_SURVEILLANCE,0.96
VEVENT_008984,2024-08-29 08:56:44,VEHICLE_00130,LOCATION_0228,SURVEILLANCE,TOLL_PLAZA,0.96
VEVENT_008985,2025-08-04 03:23:00,VEHICLE_00550,LOCATION_0202,TOLL,FIELD_SURVEILLANCE,0.8
VEVENT_008986,2025-08-24 08:45:34,VEHICLE_00712,LOCATION_0030,ANPR,TOLL_PLAZA,0.89
VEVENT_008987,2024-03-29 18:06:25,VEHICLE_00179,LOCATION_0147,SURVEILLANCE,TOLL_PLAZA,0.85
VEVENT_008988,2025-07-20 17:37:33,VEHICLE_00464,LOCATION_0017,ANPR,POLICE_CHECKPOINT,0.86
VEVENT_008989,2025-10-18 16:20:19,VEHICLE_00312,LOCATION_0045,CHECKPOINT,POLICE_CHECKPOINT,0.91
VEVENT_008990,2024-04-26 10:35:53,VEHICLE_00260,LOCATION_0183,CHECKPOINT,ANPR_CAMERA,0.93
VEVENT_008991,2024-08-28 15:04:38,VEHICLE_00318,LOCATION_0198,SURVEILLANCE,FIELD_SURVEILLANCE,0.89
VEVENT_008992,2025-09-12 16:51:10,VEHICLE_00350,LOCATION_0239,SURVEILLANCE,POLICE_CHECKPOINT,0.91
VEVENT_008993,2025-04-21 05:02:34,VEHICLE_00046,LOCATION_0192,SURVEILLANCE,FIELD_SURVEILLANCE,0.93
VEVENT_008994,2026-05-30 22:21:36,VEHICLE_00017,LOCATION_0053,SURVEILLANCE,POLICE_CHECKPOINT,0.89
VEVENT_008995,2024-09-20 10:48:45,VEHICLE_00458,LOCATION_0199,TOLL,POLICE_CHECKPOINT,0.88
VEVENT_008996,2025-06-30 22:25:31,VEHICLE_00216,LOCATION_0166,TOLL,POLICE_CHECKPOINT,0.96
VEVENT_008997,2026-02-27 22:17:14,VEHICLE_00585,LOCATION_0069,ANPR,ANPR_CAMERA,0.92
VEVENT_008998,2024-10-23 03:39:42,VEHICLE_00705,LOCATION_0160,TOLL,FIELD_SURVEILLANCE,0.95
VEVENT_008999,2025-09-09 01:15:25,VEHICLE_00205,LOCATION_0085,SURVEILLANCE,ANPR_CAMERA,0.8
VEVENT_009000,2024-09-14 04:41:52,VEHICLE_00391,LOCATION_0236,ANPR,TOLL_PLAZA,0.89
VEVENT_009001,2024-07-27 05:43:14,VEHICLE_00498,LOCATION_0061,ANPR,TOLL_PLAZA,0.81
VEVENT_009002,2025-03-12 09:25:04,VEHICLE_00530,LOCATION_0024,CHECKPOINT,POLICE_CHECKPOINT,0.92
VEVENT_009003,2024-03-31 20:25:16,VEHICLE_00345,LOCATION_0093,TOLL,TOLL_PLAZA,0.92
VEVENT_009004,2026-04-22 21:34:34,VEHICLE_00413,LOCATION_0199,ANPR,FIELD_SURVEILLANCE,0.91
VEVENT_009005,2025-07-29 23:36:15,VEHICLE_00635,LOCATION_0148,SURVEILLANCE,TOLL_PLAZA,0.93
VEVENT_009006,2024-04-30 08:50:01,VEHICLE_00588,LOCATION_0260,CHECKPOINT,POLICE_CHECKPOINT,0.82
VEVENT_009007,2025-02-27 20:19:44,VEHICLE_00206,LOCATION_0187,SURVEILLANCE,ANPR_CAMERA,0.83
VEVENT_009008,2025-07-11 02:48:00,VEHICLE_00569,LOCATION_0094,TOLL,ANPR_CAMERA,0.87
VEVENT_009009,2026-03-21 02:43:36,VEHICLE_00077,LOCATION_0293,CHECKPOINT,FIELD_SURVEILLANCE,0.96
VEVENT_009010,2024-10-19 12:44:47,VEHICLE_00377,LOCATION_0181,TOLL,ANPR_CAMERA,0.8
VEVENT_009011,2025-08-05 12:27:55,VEHICLE_00435,LOCATION_0122,CHECKPOINT,FIELD_SURVEILLANCE,0.85
VEVENT_009012,2024-01-26 05:51:54,VEHICLE_00408,LOCATION_0298,TOLL,TOLL_PLAZA,0.95
VEVENT_009013,2026-06-15 20:00:07,VEHICLE_00548,LOCATION_0249,ANPR,FIELD_SURVEILLANCE,0.95
VEVENT_009014,2026-05-19 12:19:18,VEHICLE_00096,LOCATION_0112,TOLL,TOLL_PLAZA,0.87
VEVENT_009015,2025-12-07 08:42:21,VEHICLE_00062,LOCATION_0052,SURVEILLANCE,TOLL_PLAZA,0.81
VEVENT_009016,2024-11-30 07:24:20,VEHICLE_00128,LOCATION_0258,SURVEILLANCE,FIELD_SURVEILLANCE,0.84
VEVENT_009017,2026-01-15 19:17:54,VEHICLE_00281,LOCATION_0158,SURVEILLANCE,ANPR_CAMERA,0.84
VEVENT_009018,2026-06-06 21:38:02,VEHICLE_00598,LOCATION_0001,TOLL,FIELD_SURVEILLANCE,0.88
VEVENT_009019,2025-02-06 08:26:45,VEHICLE_00099,LOCATION_0210,SURVEILLANCE,TOLL_PLAZA,0.89
VEVENT_009020,2024-08-16 00:27:51,VEHICLE_00633,LOCATION_0203,ANPR,TOLL_PLAZA,0.85
VEVENT_009021,2025-07-30 04:23:29,VEHICLE_00386,LOCATION_0088,TOLL,FIELD_SURVEILLANCE,0.89
VEVENT_009022,2025-03-08 14:52:50,VEHICLE_00109,LOCATION_0045,ANPR,TOLL_PLAZA,0.81
VEVENT_009023,2024-04-01 13:28:51,VEHICLE_00586,LOCATION_0289,SURVEILLANCE,POLICE_CHECKPOINT,0.81
VEVENT_009024,2026-03-26 10:23:26,VEHICLE_00548,LOCATION_0289,ANPR,TOLL_PLAZA,0.81
VEVENT_009025,2025-05-21 17:16:28,VEHICLE_00470,LOCATION_0216,SURVEILLANCE,TOLL_PLAZA,0.93
VEVENT_009026,2025-11-29 07:51:26,VEHICLE_00080,LOCATION_0155,SURVEILLANCE,ANPR_CAMERA,0.92
VEVENT_009027,2025-09-23 15:18:05,VEHICLE_00388,LOCATION_0270,SURVEILLANCE,TOLL_PLAZA,0.84
VEVENT_009028,2024-09-25 02:45:51,VEHICLE_00186,LOCATION_0066,TOLL,ANPR_CAMERA,0.88
VEVENT_009029,2024-02-18 11:18:18,VEHICLE_00557,LOCATION_0221,TOLL,ANPR_CAMERA,0.81
VEVENT_009030,2025-07-16 17:06:23,VEHICLE_00278,LOCATION_0290,CHECKPOINT,FIELD_SURVEILLANCE,0.93
VEVENT_009031,2024-02-17 17:00:31,VEHICLE_00326,LOCATION_0183,ANPR,TOLL_PLAZA,0.88
VEVENT_009032,2025-06-10 11:31:07,VEHICLE_00755,LOCATION_0039,SURVEILLANCE,POLICE_CHECKPOINT,0.86
VEVENT_009033,2025-01-23 20:51:14,VEHICLE_00671,LOCATION_0170,TOLL,FIELD_SURVEILLANCE,0.94
VEVENT_009034,2025-07-19 07:42:06,VEHICLE_00666,LOCATION_0091,ANPR,FIELD_SURVEILLANCE,0.82
VEVENT_009035,2025-08-19 08:07:27,VEHICLE_00655,LOCATION_0109,ANPR,FIELD_SURVEILLANCE,0.85
VEVENT_009036,2024-10-06 02:44:28,VEHICLE_00055,LOCATION_0246,TOLL,TOLL_PLAZA,0.91
VEVENT_009037,2024-09-01 15:53:49,VEHICLE_00456,LOCATION_0088,TOLL,FIELD_SURVEILLANCE,0.85
VEVENT_009038,2025-08-12 19:45:33,VEHICLE_00579,LOCATION_0159,CHECKPOINT,POLICE_CHECKPOINT,0.82
VEVENT_009039,2025-06-03 11:38:07,VEHICLE_00355,LOCATION_0189,ANPR,FIELD_SURVEILLANCE,0.82
VEVENT_009040,2025-07-29 20:31:54,VEHICLE_00294,LOCATION_0014,ANPR,FIELD_SURVEILLANCE,0.82
VEVENT_009041,2024-01-27 02:58:45,VEHICLE_00551,LOCATION_0280,TOLL,TOLL_PLAZA,0.97
VEVENT_009042,2024-02-28 21:23:42,VEHICLE_00306,LOCATION_0277,CHECKPOINT,FIELD_SURVEILLANCE,0.87
VEVENT_009043,2025-04-20 23:03:13,VEHICLE_00719,LOCATION_0242,SURVEILLANCE,ANPR_CAMERA,0.86
VEVENT_009044,2025-07-02 00:15:53,VEHICLE_00522,LOCATION_0078,TOLL,TOLL_PLAZA,0.95
VEVENT_009045,2024-03-08 07:29:34,VEHICLE_00507,LOCATION_0058,ANPR,TOLL_PLAZA,0.81
VEVENT_009046,2024-10-03 03:57:26,VEHICLE_00314,LOCATION_0141,ANPR,TOLL_PLAZA,0.83
VEVENT_009047,2024-01-29 12:36:47,VEHICLE_00439,LOCATION_0299,ANPR,ANPR_CAMERA,0.83
VEVENT_009048,2025-08-23 16:39:42,VEHICLE_00326,LOCATION_0263,TOLL,TOLL_PLAZA,0.87
VEVENT_009049,2025-10-31 08:12:52,VEHICLE_00683,LOCATION_0167,TOLL,FIELD_SURVEILLANCE,0.94
VEVENT_009050,2024-04-05 16:08:36,VEHICLE_00392,LOCATION_0247,TOLL,TOLL_PLAZA,0.97
VEVENT_009051,2025-03-16 19:34:35,VEHICLE_00592,LOCATION_0039,ANPR,TOLL_PLAZA,0.96
VEVENT_009052,2025-05-17 01:54:46,VEHICLE_00590,LOCATION_0173,TOLL,TOLL_PLAZA,0.83
VEVENT_009053,2025-12-11 00:18:41,VEHICLE_00240,LOCATION_0114,CHECKPOINT,TOLL_PLAZA,0.81
VEVENT_009054,2025-11-15 06:40:16,VEHICLE_00701,LOCATION_0127,TOLL,POLICE_CHECKPOINT,0.86
VEVENT_009055,2026-05-20 20:34:00,VEHICLE_00637,LOCATION_0272,CHECKPOINT,FIELD_SURVEILLANCE,0.84
VEVENT_009056,2025-10-07 00:48:27,VEHICLE_00669,LOCATION_0068,CHECKPOINT,TOLL_PLAZA,0.91
VEVENT_009057,2025-10-23 19:21:35,VEHICLE_00749,LOCATION_0156,TOLL,FIELD_SURVEILLANCE,0.9
VEVENT_009058,2025-01-15 19:35:25,VEHICLE_00302,LOCATION_0164,ANPR,FIELD_SURVEILLANCE,0.87
VEVENT_009059,2025-01-13 05:06:38,VEHICLE_00608,LOCATION_0290,TOLL,POLICE_CHECKPOINT,0.88
VEVENT_009060,2025-09-21 14:48:45,VEHICLE_00263,LOCATION_0202,SURVEILLANCE,ANPR_CAMERA,0.84
VEVENT_009061,2024-04-10 10:13:07,VEHICLE_00227,LOCATION_0272,TOLL,FIELD_SURVEILLANCE,0.86
VEVENT_009062,2025-10-28 04:07:25,VEHICLE_00608,LOCATION_0190,SURVEILLANCE,POLICE_CHECKPOINT,0.89
VEVENT_009063,2024-10-20 14:24:39,VEHICLE_00371,LOCATION_0159,CHECKPOINT,TOLL_PLAZA,0.84
VEVENT_009064,2024-06-01 11:03:06,VEHICLE_00333,LOCATION_0032,ANPR,TOLL_PLAZA,0.81
VEVENT_009065,2026-04-29 12:03:58,VEHICLE_00103,LOCATION_0165,CHECKPOINT,ANPR_CAMERA,0.92
VEVENT_009066,2024-12-29 03:35:47,VEHICLE_00467,LOCATION_0294,ANPR,POLICE_CHECKPOINT,0.82
VEVENT_009067,2026-04-06 23:31:16,VEHICLE_00761,LOCATION_0116,TOLL,POLICE_CHECKPOINT,0.95
VEVENT_009068,2025-02-23 07:54:19,VEHICLE_00367,LOCATION_0069,TOLL,ANPR_CAMERA,0.84
VEVENT_009069,2025-08-12 07:51:54,VEHICLE_00032,LOCATION_0007,CHECKPOINT,TOLL_PLAZA,0.94
VEVENT_009070,2025-11-15 08:48:38,VEHICLE_00454,LOCATION_0041,SURVEILLANCE,POLICE_CHECKPOINT,0.81
VEVENT_009071,2025-02-27 02:19:13,VEHICLE_00587,LOCATION_0100,TOLL,FIELD_SURVEILLANCE,0.86
VEVENT_009072,2024-08-29 14:48:15,VEHICLE_00058,LOCATION_0082,ANPR,POLICE_CHECKPOINT,0.83
VEVENT_009073,2024-08-29 08:07:12,VEHICLE_00038,LOCATION_0013,SURVEILLANCE,POLICE_CHECKPOINT,0.8
VEVENT_009074,2024-03-21 04:40:37,VEHICLE_00674,LOCATION_0108,TOLL,POLICE_CHECKPOINT,0.96
VEVENT_009075,2024-05-04 09:17:44,VEHICLE_00443,LOCATION_0225,CHECKPOINT,ANPR_CAMERA,0.91
VEVENT_009076,2025-08-18 11:03:50,VEHICLE_00594,LOCATION_0288,CHECKPOINT,POLICE_CHECKPOINT,0.96
VEVENT_009077,2024-04-14 17:58:23,VEHICLE_00189,LOCATION_0273,CHECKPOINT,ANPR_CAMERA,0.94
VEVENT_009078,2024-05-24 14:14:27,VEHICLE_00662,LOCATION_0068,SURVEILLANCE,TOLL_PLAZA,0.95
VEVENT_009079,2024-01-21 15:17:27,VEHICLE_00336,LOCATION_0129,ANPR,POLICE_CHECKPOINT,0.9
VEVENT_009080,2024-04-11 09:09:40,VEHICLE_00209,LOCATION_0114,ANPR,POLICE_CHECKPOINT,0.85
VEVENT_009081,2025-01-15 12:26:15,VEHICLE_00159,LOCATION_0089,TOLL,POLICE_CHECKPOINT,0.89
VEVENT_009082,2024-01-13 02:37:33,VEHICLE_00240,LOCATION_0174,SURVEILLANCE,ANPR_CAMERA,0.91
VEVENT_009083,2024-04-11 05:07:34,VEHICLE_00115,LOCATION_0134,SURVEILLANCE,POLICE_CHECKPOINT,0.94
VEVENT_009084,2025-12-31 14:39:50,VEHICLE_00030,LOCATION_0249,TOLL,TOLL_PLAZA,0.92
VEVENT_009085,2024-03-21 21:51:04,VEHICLE_00605,LOCATION_0135,ANPR,TOLL_PLAZA,0.86
VEVENT_009086,2025-07-03 22:42:46,VEHICLE_00562,LOCATION_0130,CHECKPOINT,TOLL_PLAZA,0.96
VEVENT_009087,2026-02-23 16:53:06,VEHICLE_00082,LOCATION_0149,TOLL,POLICE_CHECKPOINT,0.94
VEVENT_009088,2024-07-21 16:12:46,VEHICLE_00113,LOCATION_0136,TOLL,ANPR_CAMERA,0.84
VEVENT_009089,2025-10-05 16:07:41,VEHICLE_00262,LOCATION_0007,SURVEILLANCE,TOLL_PLAZA,0.83
VEVENT_009090,2025-07-07 17:23:40,VEHICLE_00079,LOCATION_0024,CHECKPOINT,TOLL_PLAZA,0.83
VEVENT_009091,2024-07-25 20:23:54,VEHICLE_00208,LOCATION_0035,SURVEILLANCE,FIELD_SURVEILLANCE,0.85
VEVENT_009092,2024-01-08 20:54:16,VEHICLE_00729,LOCATION_0235,ANPR,FIELD_SURVEILLANCE,0.84
VEVENT_009093,2024-04-28 21:39:57,VEHICLE_00370,LOCATION_0021,CHECKPOINT,TOLL_PLAZA,0.95
VEVENT_009094,2024-12-08 12:58:21,VEHICLE_00312,LOCATION_0015,SURVEILLANCE,POLICE_CHECKPOINT,0.84
VEVENT_009095,2025-05-19 14:23:19,VEHICLE_00238,LOCATION_0021,ANPR,ANPR_CAMERA,0.85
VEVENT_009096,2024-12-24 23:01:01,VEHICLE_00221,LOCATION_0257,TOLL,ANPR_CAMERA,0.88
VEVENT_009097,2024-09-02 23:39:26,VEHICLE_00402,LOCATION_0082,TOLL,TOLL_PLAZA,0.93
VEVENT_009098,2024-08-10 18:58:05,VEHICLE_00259,LOCATION_0218,SURVEILLANCE,TOLL_PLAZA,0.86
VEVENT_009099,2025-04-03 07:04:14,VEHICLE_00512,LOCATION_0063,TOLL,ANPR_CAMERA,0.81
VEVENT_009100,2024-02-03 08:22:13,VEHICLE_00387,LOCATION_0211,ANPR,POLICE_CHECKPOINT,0.93
VEVENT_009101,2024-02-06 07:44:48,VEHICLE_00198,LOCATION_0172,CHECKPOINT,ANPR_CAMERA,0.9
VEVENT_009102,2024-06-26 02:10:59,VEHICLE_00013,LOCATION_0220,CHECKPOINT,TOLL_PLAZA,0.82
VEVENT_009103,2025-07-09 06:08:16,VEHICLE_00463,LOCATION_0284,CHECKPOINT,FIELD_SURVEILLANCE,0.91
VEVENT_009104,2025-05-04 12:43:06,VEHICLE_00023,LOCATION_0198,SURVEILLANCE,TOLL_PLAZA,0.95
VEVENT_009105,2025-12-02 17:40:47,VEHICLE_00579,LOCATION_0089,CHECKPOINT,FIELD_SURVEILLANCE,0.84
VEVENT_009106,2025-09-17 01:57:00,VEHICLE_00740,LOCATION_0202,SURVEILLANCE,FIELD_SURVEILLANCE,0.95
VEVENT_009107,2026-01-16 03:37:46,VEHICLE_00721,LOCATION_0080,TOLL,FIELD_SURVEILLANCE,0.94
VEVENT_009108,2024-03-17 10:07:22,VEHICLE_00607,LOCATION_0211,CHECKPOINT,FIELD_SURVEILLANCE,0.82
VEVENT_009109,2024-05-04 17:59:02,VEHICLE_00398,LOCATION_0264,TOLL,FIELD_SURVEILLANCE,0.85
VEVENT_009110,2024-01-19 05:57:43,VEHICLE_00085,LOCATION_0017,TOLL,POLICE_CHECKPOINT,0.85
VEVENT_009111,2025-02-13 12:19:37,VEHICLE_00709,LOCATION_0265,ANPR,TOLL_PLAZA,0.87
VEVENT_009112,2026-04-12 03:50:52,VEHICLE_00121,LOCATION_0117,CHECKPOINT,TOLL_PLAZA,0.86
VEVENT_009113,2024-05-19 21:30:52,VEHICLE_00014,LOCATION_0047,TOLL,FIELD_SURVEILLANCE,0.89
VEVENT_009114,2025-04-21 06:41:17,VEHICLE_00580,LOCATION_0100,SURVEILLANCE,POLICE_CHECKPOINT,0.89
VEVENT_009115,2025-07-11 19:59:19,VEHICLE_00458,LOCATION_0159,ANPR,FIELD_SURVEILLANCE,0.94
VEVENT_009116,2024-12-08 08:54:59,VEHICLE_00593,LOCATION_0111,TOLL,FIELD_SURVEILLANCE,0.84
VEVENT_009117,2024-01-13 11:55:23,VEHICLE_00086,LOCATION_0177,ANPR,TOLL_PLAZA,0.97
VEVENT_009118,2025-09-17 15:10:36,VEHICLE_00474,LOCATION_0027,CHECKPOINT,FIELD_SURVEILLANCE,0.82
VEVENT_009119,2025-10-12 22:54:20,VEHICLE_00475,LOCATION_0164,CHECKPOINT,POLICE_CHECKPOINT,0.95
VEVENT_009120,2025-04-09 01:00:31,VEHICLE_00019,LOCATION_0042,CHECKPOINT,TOLL_PLAZA,0.93
VEVENT_009121,2026-01-22 16:10:05,VEHICLE_00336,LOCATION_0269,ANPR,FIELD_SURVEILLANCE,0.8
VEVENT_009122,2025-06-01 17:02:50,VEHICLE_00580,LOCATION_0020,SURVEILLANCE,FIELD_SURVEILLANCE,0.86
VEVENT_009123,2025-01-29 14:30:10,VEHICLE_00415,LOCATION_0236,ANPR,ANPR_CAMERA,0.95
VEVENT_009124,2026-06-24 04:02:10,VEHICLE_00741,LOCATION_0238,TOLL,FIELD_SURVEILLANCE,0.96
VEVENT_009125,2024-06-07 06:30:43,VEHICLE_00568,LOCATION_0216,CHECKPOINT,POLICE_CHECKPOINT,0.87
VEVENT_009126,2024-08-23 06:22:21,VEHICLE_00450,LOCATION_0265,SURVEILLANCE,ANPR_CAMERA,0.85
VEVENT_009127,2025-02-09 20:50:53,VEHICLE_00587,LOCATION_0020,SURVEILLANCE,TOLL_PLAZA,0.86
VEVENT_009128,2026-01-02 08:37:07,VEHICLE_00410,LOCATION_0278,ANPR,TOLL_PLAZA,0.93
VEVENT_009129,2024-01-13 08:59:20,VEHICLE_00207,LOCATION_0199,SURVEILLANCE,POLICE_CHECKPOINT,0.93
VEVENT_009130,2025-02-10 23:27:35,VEHICLE_00414,LOCATION_0014,TOLL,ANPR_CAMERA,0.93
VEVENT_009131,2025-07-12 14:55:19,VEHICLE_00236,LOCATION_0274,CHECKPOINT,FIELD_SURVEILLANCE,0.87
VEVENT_009132,2026-03-10 20:26:41,VEHICLE_00237,LOCATION_0252,CHECKPOINT,FIELD_SURVEILLANCE,0.87
VEVENT_009133,2024-05-26 09:10:11,VEHICLE_00406,LOCATION_0018,CHECKPOINT,TOLL_PLAZA,0.83
VEVENT_009134,2024-08-25 20:23:23,VEHICLE_00569,LOCATION_0034,SURVEILLANCE,FIELD_SURVEILLANCE,0.9
VEVENT_009135,2025-10-17 07:20:02,VEHICLE_00070,LOCATION_0269,ANPR,TOLL_PLAZA,0.92
VEVENT_009136,2024-02-01 22:01:35,VEHICLE_00150,LOCATION_0228,TOLL,TOLL_PLAZA,0.81
VEVENT_009137,2024-03-12 02:50:38,VEHICLE_00173,LOCATION_0114,TOLL,POLICE_CHECKPOINT,0.93
VEVENT_009138,2026-06-15 03:32:47,VEHICLE_00751,LOCATION_0128,ANPR,TOLL_PLAZA,0.88
VEVENT_009139,2024-11-12 16:59:06,VEHICLE_00722,LOCATION_0123,ANPR,POLICE_CHECKPOINT,0.95
VEVENT_009140,2024-05-13 01:16:28,VEHICLE_00556,LOCATION_0089,TOLL,TOLL_PLAZA,0.95
VEVENT_009141,2026-01-13 15:29:38,VEHICLE_00736,LOCATION_0145,TOLL,POLICE_CHECKPOINT,0.95
VEVENT_009142,2025-09-10 05:01:39,VEHICLE_00635,LOCATION_0198,ANPR,TOLL_PLAZA,0.88
VEVENT_009143,2024-05-31 02:37:44,VEHICLE_00314,LOCATION_0131,TOLL,TOLL_PLAZA,0.84
VEVENT_009144,2026-06-02 11:33:21,VEHICLE_00365,LOCATION_0157,ANPR,POLICE_CHECKPOINT,0.94
VEVENT_009145,2026-05-08 06:46:25,VEHICLE_00089,LOCATION_0107,TOLL,TOLL_PLAZA,0.91
VEVENT_009146,2024-07-12 06:11:22,VEHICLE_00198,LOCATION_0112,TOLL,ANPR_CAMERA,0.96
VEVENT_009147,2024-07-24 05:00:14,VEHICLE_00282,LOCATION_0271,SURVEILLANCE,FIELD_SURVEILLANCE,0.94
VEVENT_009148,2025-07-10 21:54:10,VEHICLE_00098,LOCATION_0247,TOLL,FIELD_SURVEILLANCE,0.96
VEVENT_009149,2025-06-19 06:52:56,VEHICLE_00096,LOCATION_0092,SURVEILLANCE,TOLL_PLAZA,0.96
VEVENT_009150,2025-07-27 19:34:51,VEHICLE_00297,LOCATION_0217,TOLL,ANPR_CAMERA,0.88
VEVENT_009151,2026-03-07 17:52:00,VEHICLE_00291,LOCATION_0197,CHECKPOINT,ANPR_CAMERA,0.87
VEVENT_009152,2024-08-11 23:18:45,VEHICLE_00681,LOCATION_0120,ANPR,FIELD_SURVEILLANCE,0.87
VEVENT_009153,2024-04-13 16:24:48,VEHICLE_00136,LOCATION_0007,TOLL,POLICE_CHECKPOINT,0.86
VEVENT_009154,2024-01-04 23:16:40,VEHICLE_00433,LOCATION_0157,SURVEILLANCE,TOLL_PLAZA,0.85
VEVENT_009155,2025-11-01 20:23:05,VEHICLE_00258,LOCATION_0116,CHECKPOINT,ANPR_CAMERA,0.88
VEVENT_009156,2025-12-12 08:19:02,VEHICLE_00570,LOCATION_0011,TOLL,POLICE_CHECKPOINT,0.83
VEVENT_009157,2024-10-30 15:17:04,VEHICLE_00092,LOCATION_0146,TOLL,FIELD_SURVEILLANCE,0.83
VEVENT_009158,2024-02-11 18:55:07,VEHICLE_00692,LOCATION_0120,TOLL,ANPR_CAMERA,0.9
VEVENT_009159,2025-04-28 02:31:25,VEHICLE_00536,LOCATION_0197,TOLL,POLICE_CHECKPOINT,0.85
VEVENT_009160,2026-04-04 20:42:03,VEHICLE_00154,LOCATION_0265,TOLL,POLICE_CHECKPOINT,0.89
VEVENT_009161,2026-05-24 19:16:03,VEHICLE_00357,LOCATION_0107,ANPR,ANPR_CAMERA,0.81
VEVENT_009162,2025-10-21 15:05:30,VEHICLE_00577,LOCATION_0296,ANPR,POLICE_CHECKPOINT,0.81
VEVENT_009163,2026-06-25 13:22:26,VEHICLE_00430,LOCATION_0141,CHECKPOINT,POLICE_CHECKPOINT,0.94
VEVENT_009164,2025-05-27 09:16:36,VEHICLE_00701,LOCATION_0227,CHECKPOINT,POLICE_CHECKPOINT,0.97
VEVENT_009165,2025-12-26 04:38:42,VEHICLE_00031,LOCATION_0163,CHECKPOINT,ANPR_CAMERA,0.93
VEVENT_009166,2024-05-30 13:48:33,VEHICLE_00119,LOCATION_0242,SURVEILLANCE,ANPR_CAMERA,0.9
VEVENT_009167,2025-09-06 23:30:57,VEHICLE_00209,LOCATION_0114,SURVEILLANCE,ANPR_CAMERA,0.85
VEVENT_009168,2025-04-26 23:38:24,VEHICLE_00664,LOCATION_0165,TOLL,FIELD_SURVEILLANCE,0.92
VEVENT_009169,2025-04-04 14:55:02,VEHICLE_00744,LOCATION_0222,CHECKPOINT,POLICE_CHECKPOINT,0.85
VEVENT_009170,2026-05-05 07:08:02,VEHICLE_00645,LOCATION_0053,SURVEILLANCE,POLICE_CHECKPOINT,0.96
VEVENT_009171,2025-03-27 21:50:43,VEHICLE_00413,LOCATION_0109,SURVEILLANCE,POLICE_CHECKPOINT,0.89
VEVENT_009172,2026-03-18 08:57:52,VEHICLE_00564,LOCATION_0114,TOLL,ANPR_CAMERA,0.93
VEVENT_009173,2025-04-18 15:14:41,VEHICLE_00603,LOCATION_0068,ANPR,FIELD_SURVEILLANCE,0.96
VEVENT_009174,2024-10-23 22:45:56,VEHICLE_00727,LOCATION_0013,SURVEILLANCE,ANPR_CAMERA,0.97
VEVENT_009175,2024-02-09 07:11:53,VEHICLE_00501,LOCATION_0213,ANPR,POLICE_CHECKPOINT,0.9
VEVENT_009176,2024-08-05 21:27:07,VEHICLE_00587,LOCATION_0230,SURVEILLANCE,ANPR_CAMERA,0.89
VEVENT_009177,2024-07-21 23:51:18,VEHICLE_00450,LOCATION_0125,ANPR,TOLL_PLAZA,0.87
VEVENT_009178,2025-11-15 08:03:15,VEHICLE_00520,LOCATION_0241,ANPR,POLICE_CHECKPOINT,0.88
VEVENT_009179,2025-07-17 03:43:20,VEHICLE_00587,LOCATION_0120,ANPR,TOLL_PLAZA,0.96
VEVENT_009180,2026-03-30 19:09:31,VEHICLE_00198,LOCATION_0042,SURVEILLANCE,FIELD_SURVEILLANCE,0.88
VEVENT_009181,2024-12-21 23:28:36,VEHICLE_00265,LOCATION_0007,TOLL,POLICE_CHECKPOINT,0.82
VEVENT_009182,2024-06-19 14:37:52,VEHICLE_00666,LOCATION_0271,ANPR,POLICE_CHECKPOINT,0.95
VEVENT_009183,2024-02-06 01:25:05,VEHICLE_00549,LOCATION_0166,TOLL,TOLL_PLAZA,0.86
VEVENT_009184,2024-04-28 02:44:10,VEHICLE_00519,LOCATION_0182,ANPR,FIELD_SURVEILLANCE,0.87
VEVENT_009185,2024-02-20 05:54:19,VEHICLE_00555,LOCATION_0029,ANPR,TOLL_PLAZA,0.86
VEVENT_009186,2025-03-03 02:36:23,VEHICLE_00054,LOCATION_0260,TOLL,FIELD_SURVEILLANCE,0.85
VEVENT_009187,2025-06-30 23:11:06,VEHICLE_00113,LOCATION_0146,TOLL,ANPR_CAMERA,0.87
VEVENT_009188,2025-06-07 01:59:23,VEHICLE_00136,LOCATION_0197,SURVEILLANCE,ANPR_CAMERA,0.94
VEVENT_009189,2025-01-31 06:51:55,VEHICLE_00138,LOCATION_0245,CHECKPOINT,FIELD_SURVEILLANCE,0.91
VEVENT_009190,2025-07-02 12:38:02,VEHICLE_00731,LOCATION_0258,ANPR,POLICE_CHECKPOINT,0.87
VEVENT_009191,2024-02-17 18:18:37,VEHICLE_00705,LOCATION_0210,ANPR,TOLL_PLAZA,0.83
VEVENT_009192,2025-08-10 01:12:03,VEHICLE_00304,LOCATION_0019,CHECKPOINT,FIELD_SURVEILLANCE,0.88
VEVENT_009193,2025-05-21 17:30:32,VEHICLE_00282,LOCATION_0171,CHECKPOINT,POLICE_CHECKPOINT,0.81
VEVENT_009194,2025-06-26 01:38:30,VEHICLE_00228,LOCATION_0272,SURVEILLANCE,TOLL_PLAZA,0.9
VEVENT_009195,2026-05-22 07:55:09,VEHICLE_00540,LOCATION_0299,TOLL,ANPR_CAMERA,0.93
VEVENT_009196,2025-10-06 04:52:48,VEHICLE_00017,LOCATION_0043,SURVEILLANCE,FIELD_SURVEILLANCE,0.93
VEVENT_009197,2025-12-14 12:19:22,VEHICLE_00616,LOCATION_0112,SURVEILLANCE,FIELD_SURVEILLANCE,0.86
VEVENT_009198,2024-03-12 13:46:20,VEHICLE_00220,LOCATION_0147,ANPR,ANPR_CAMERA,0.82
VEVENT_009199,2026-03-31 17:09:07,VEHICLE_00494,LOCATION_0243,ANPR,FIELD_SURVEILLANCE,0.88
VEVENT_009200,2024-04-04 23:08:39,VEHICLE_00110,LOCATION_0158,SURVEILLANCE,POLICE_CHECKPOINT,0.81
VEVENT_009201,2024-06-26 22:24:49,VEHICLE_00308,LOCATION_0169,SURVEILLANCE,TOLL_PLAZA,0.86
VEVENT_009202,2025-08-10 09:56:15,VEHICLE_00405,LOCATION_0254,TOLL,POLICE_CHECKPOINT,0.84
VEVENT_009203,2024-06-02 21:54:30,VEHICLE_00743,LOCATION_0284,CHECKPOINT,POLICE_CHECKPOINT,0.95
VEVENT_009204,2024-10-16 11:03:29,VEHICLE_00132,LOCATION_0002,SURVEILLANCE,ANPR_CAMERA,0.88
VEVENT_009205,2026-01-06 15:00:19,VEHICLE_00314,LOCATION_0231,CHECKPOINT,ANPR_CAMERA,0.97
VEVENT_009206,2025-08-04 12:07:21,VEHICLE_00086,LOCATION_0177,ANPR,ANPR_CAMERA,0.87
VEVENT_009207,2026-03-13 08:25:52,VEHICLE_00154,LOCATION_0135,ANPR,TOLL_PLAZA,0.93
VEVENT_009208,2025-05-07 13:01:01,VEHICLE_00374,LOCATION_0136,SURVEILLANCE,POLICE_CHECKPOINT,0.81
VEVENT_009209,2026-03-03 13:06:40,VEHICLE_00126,LOCATION_0039,ANPR,POLICE_CHECKPOINT,0.93
VEVENT_009210,2026-04-24 15:52:29,VEHICLE_00056,LOCATION_0070,TOLL,POLICE_CHECKPOINT,0.83
VEVENT_009211,2025-02-23 15:02:55,VEHICLE_00022,LOCATION_0142,SURVEILLANCE,TOLL_PLAZA,0.88
VEVENT_009212,2025-10-28 08:09:58,VEHICLE_00137,LOCATION_0178,ANPR,POLICE_CHECKPOINT,0.85
VEVENT_009213,2026-03-03 07:52:16,VEHICLE_00494,LOCATION_0143,TOLL,TOLL_PLAZA,0.89
VEVENT_009214,2025-08-31 20:44:55,VEHICLE_00661,LOCATION_0288,TOLL,TOLL_PLAZA,0.95
VEVENT_009215,2024-08-15 06:21:01,VEHICLE_00612,LOCATION_0168,CHECKPOINT,TOLL_PLAZA,0.88
VEVENT_009216,2025-03-15 13:35:56,VEHICLE_00689,LOCATION_0190,ANPR,FIELD_SURVEILLANCE,0.91
VEVENT_009217,2024-06-03 15:23:18,VEHICLE_00656,LOCATION_0286,TOLL,ANPR_CAMERA,0.86
VEVENT_009218,2025-12-07 15:13:57,VEHICLE_00187,LOCATION_0215,SURVEILLANCE,TOLL_PLAZA,0.86
VEVENT_009219,2025-05-26 11:11:33,VEHICLE_00612,LOCATION_0008,ANPR,POLICE_CHECKPOINT,0.87
VEVENT_009220,2024-03-10 12:51:43,VEHICLE_00245,LOCATION_0215,ANPR,TOLL_PLAZA,0.95
VEVENT_009221,2026-01-03 11:32:59,VEHICLE_00347,LOCATION_0008,SURVEILLANCE,TOLL_PLAZA,0.92
VEVENT_009222,2025-05-29 19:52:52,VEHICLE_00410,LOCATION_0158,TOLL,TOLL_PLAZA,0.84
VEVENT_009223,2025-07-16 08:44:14,VEHICLE_00717,LOCATION_0151,ANPR,ANPR_CAMERA,0.91
VEVENT_009224,2026-01-28 18:55:22,VEHICLE_00737,LOCATION_0296,TOLL,TOLL_PLAZA,0.86
VEVENT_009225,2025-11-06 00:09:19,VEHICLE_00282,LOCATION_0131,CHECKPOINT,TOLL_PLAZA,0.9
VEVENT_009226,2024-02-09 20:20:12,VEHICLE_00312,LOCATION_0195,ANPR,TOLL_PLAZA,0.96
VEVENT_009227,2025-10-25 03:53:24,VEHICLE_00649,LOCATION_0004,SURVEILLANCE,FIELD_SURVEILLANCE,0.91
VEVENT_009228,2026-02-26 14:25:28,VEHICLE_00525,LOCATION_0073,TOLL,FIELD_SURVEILLANCE,0.94
VEVENT_009229,2025-12-20 05:18:20,VEHICLE_00205,LOCATION_0285,ANPR,POLICE_CHECKPOINT,0.9
VEVENT_009230,2026-04-10 09:52:41,VEHICLE_00572,LOCATION_0131,TOLL,FIELD_SURVEILLANCE,0.97
VEVENT_009231,2024-10-14 12:50:36,VEHICLE_00174,LOCATION_0165,ANPR,POLICE_CHECKPOINT,0.87
VEVENT_009232,2025-10-11 01:13:17,VEHICLE_00246,LOCATION_0167,TOLL,TOLL_PLAZA,0.85
VEVENT_009233,2024-09-14 07:26:05,VEHICLE_00625,LOCATION_0054,SURVEILLANCE,ANPR_CAMERA,0.96
VEVENT_009234,2024-10-09 18:37:57,VEHICLE_00735,LOCATION_0156,TOLL,TOLL_PLAZA,0.92
VEVENT_009235,2025-03-06 15:55:14,VEHICLE_00350,LOCATION_0029,ANPR,ANPR_CAMERA,0.8
VEVENT_009236,2026-03-23 00:40:42,VEHICLE_00329,LOCATION_0051,ANPR,ANPR_CAMERA,0.87
VEVENT_009237,2025-04-12 05:45:44,VEHICLE_00674,LOCATION_0258,TOLL,ANPR_CAMERA,0.92
VEVENT_009238,2025-03-19 18:23:25,VEHICLE_00482,LOCATION_0216,SURVEILLANCE,ANPR_CAMERA,0.82
VEVENT_009239,2024-10-18 07:50:42,VEHICLE_00625,LOCATION_0194,TOLL,POLICE_CHECKPOINT,0.83
VEVENT_009240,2024-12-17 07:55:11,VEHICLE_00403,LOCATION_0194,SURVEILLANCE,FIELD_SURVEILLANCE,0.86
VEVENT_009241,2025-06-13 02:30:13,VEHICLE_00192,LOCATION_0215,TOLL,FIELD_SURVEILLANCE,0.94
VEVENT_009242,2025-01-13 10:36:37,VEHICLE_00651,LOCATION_0089,TOLL,POLICE_CHECKPOINT,0.86
VEVENT_009243,2025-04-19 21:06:02,VEHICLE_00212,LOCATION_0228,CHECKPOINT,ANPR_CAMERA,0.83
VEVENT_009244,2024-04-25 21:18:33,VEHICLE_00233,LOCATION_0259,SURVEILLANCE,POLICE_CHECKPOINT,0.83
VEVENT_009245,2025-10-24 01:26:57,VEHICLE_00479,LOCATION_0158,TOLL,POLICE_CHECKPOINT,0.95
VEVENT_009246,2025-01-26 16:05:32,VEHICLE_00082,LOCATION_0249,TOLL,ANPR_CAMERA,0.93
VEVENT_009247,2026-03-04 15:34:49,VEHICLE_00164,LOCATION_0214,CHECKPOINT,ANPR_CAMERA,0.81
VEVENT_009248,2025-06-24 05:57:11,VEHICLE_00382,LOCATION_0193,SURVEILLANCE,FIELD_SURVEILLANCE,0.83
VEVENT_009249,2025-01-08 09:48:40,VEHICLE_00696,LOCATION_0281,CHECKPOINT,TOLL_PLAZA,0.91
VEVENT_009250,2024-01-23 12:41:05,VEHICLE_00533,LOCATION_0008,CHECKPOINT,POLICE_CHECKPOINT,0.82
VEVENT_009251,2024-10-01 20:32:49,VEHICLE_00378,LOCATION_0280,ANPR,POLICE_CHECKPOINT,0.85
VEVENT_009252,2024-09-30 02:26:31,VEHICLE_00159,LOCATION_0289,SURVEILLANCE,FIELD_SURVEILLANCE,0.93
VEVENT_009253,2026-06-07 02:01:02,VEHICLE_00006,LOCATION_0080,ANPR,POLICE_CHECKPOINT,0.95
VEVENT_009254,2024-01-09 15:44:49,VEHICLE_00367,LOCATION_0049,CHECKPOINT,TOLL_PLAZA,0.93
VEVENT_009255,2025-12-27 04:11:06,VEHICLE_00671,LOCATION_0130,TOLL,FIELD_SURVEILLANCE,0.8
VEVENT_009256,2025-04-28 20:30:02,VEHICLE_00027,LOCATION_0146,CHECKPOINT,POLICE_CHECKPOINT,0.95
VEVENT_009257,2025-03-13 23:11:38,VEHICLE_00628,LOCATION_0089,ANPR,ANPR_CAMERA,0.87
VEVENT_009258,2026-03-15 16:52:38,VEHICLE_00755,LOCATION_0219,ANPR,ANPR_CAMERA,0.94
VEVENT_009259,2025-09-19 00:20:58,VEHICLE_00414,LOCATION_0124,SURVEILLANCE,POLICE_CHECKPOINT,0.95
VEVENT_009260,2024-05-25 11:10:44,VEHICLE_00528,LOCATION_0226,CHECKPOINT,ANPR_CAMERA,0.87
VEVENT_009261,2025-09-23 19:22:58,VEHICLE_00345,LOCATION_0033,TOLL,TOLL_PLAZA,0.8
VEVENT_009262,2026-03-30 20:03:04,VEHICLE_00663,LOCATION_0277,TOLL,POLICE_CHECKPOINT,0.82
VEVENT_009263,2026-02-21 15:17:30,VEHICLE_00011,LOCATION_0121,CHECKPOINT,TOLL_PLAZA,0.92
VEVENT_009264,2026-03-23 15:50:33,VEHICLE_00368,LOCATION_0273,CHECKPOINT,ANPR_CAMERA,0.82
VEVENT_009265,2024-06-26 19:20:17,VEHICLE_00372,LOCATION_0284,CHECKPOINT,POLICE_CHECKPOINT,0.82
VEVENT_009266,2025-10-03 14:31:43,VEHICLE_00751,LOCATION_0118,TOLL,POLICE_CHECKPOINT,0.81
VEVENT_009267,2025-11-25 05:48:40,VEHICLE_00496,LOCATION_0208,SURVEILLANCE,TOLL_PLAZA,0.8
VEVENT_009268,2024-03-13 07:45:34,VEHICLE_00365,LOCATION_0207,CHECKPOINT,FIELD_SURVEILLANCE,0.93
VEVENT_009269,2025-10-17 20:01:07,VEHICLE_00285,LOCATION_0285,SURVEILLANCE,TOLL_PLAZA,0.83
VEVENT_009270,2025-11-08 04:54:18,VEHICLE_00386,LOCATION_0238,CHECKPOINT,POLICE_CHECKPOINT,0.96
VEVENT_009271,2024-08-16 07:30:31,VEHICLE_00674,LOCATION_0018,ANPR,TOLL_PLAZA,0.9
VEVENT_009272,2025-09-12 16:29:38,VEHICLE_00728,LOCATION_0035,CHECKPOINT,FIELD_SURVEILLANCE,0.96
VEVENT_009273,2024-07-05 05:26:29,VEHICLE_00093,LOCATION_0046,CHECKPOINT,ANPR_CAMERA,0.84
VEVENT_009274,2024-04-23 15:57:18,VEHICLE_00531,LOCATION_0212,SURVEILLANCE,POLICE_CHECKPOINT,0.86
VEVENT_009275,2026-05-24 15:47:42,VEHICLE_00368,LOCATION_0083,TOLL,TOLL_PLAZA,0.86
VEVENT_009276,2025-04-22 04:34:33,VEHICLE_00131,LOCATION_0273,SURVEILLANCE,FIELD_SURVEILLANCE,0.87
VEVENT_009277,2025-06-15 00:27:09,VEHICLE_00144,LOCATION_0039,CHECKPOINT,TOLL_PLAZA,0.87
VEVENT_009278,2026-05-05 02:36:42,VEHICLE_00501,LOCATION_0093,TOLL,FIELD_SURVEILLANCE,0.92
VEVENT_009279,2024-07-02 21:07:50,VEHICLE_00370,LOCATION_0181,ANPR,TOLL_PLAZA,0.85
VEVENT_009280,2026-05-12 07:07:54,VEHICLE_00736,LOCATION_0275,ANPR,POLICE_CHECKPOINT,0.84
VEVENT_009281,2024-04-30 06:42:36,VEHICLE_00261,LOCATION_0251,ANPR,POLICE_CHECKPOINT,0.89
VEVENT_009282,2024-08-08 01:40:58,VEHICLE_00315,LOCATION_0193,ANPR,POLICE_CHECKPOINT,0.97
VEVENT_009283,2024-04-01 18:57:08,VEHICLE_00237,LOCATION_0112,CHECKPOINT,FIELD_SURVEILLANCE,0.82
VEVENT_009284,2024-10-25 13:24:09,VEHICLE_00693,LOCATION_0035,ANPR,POLICE_CHECKPOINT,0.94
VEVENT_009285,2024-11-07 02:32:46,VEHICLE_00430,LOCATION_0201,SURVEILLANCE,POLICE_CHECKPOINT,0.87
VEVENT_009286,2026-06-04 15:33:25,VEHICLE_00224,LOCATION_0015,SURVEILLANCE,FIELD_SURVEILLANCE,0.85
VEVENT_009287,2026-04-06 11:08:44,VEHICLE_00413,LOCATION_0019,ANPR,ANPR_CAMERA,0.85
VEVENT_009288,2025-08-04 09:52:43,VEHICLE_00121,LOCATION_0167,TOLL,TOLL_PLAZA,0.84
VEVENT_009289,2024-05-16 12:39:23,VEHICLE_00290,LOCATION_0046,ANPR,FIELD_SURVEILLANCE,0.91
VEVENT_009290,2024-12-12 01:22:04,VEHICLE_00602,LOCATION_0174,ANPR,TOLL_PLAZA,0.93
VEVENT_009291,2025-02-08 15:31:50,VEHICLE_00527,LOCATION_0030,SURVEILLANCE,POLICE_CHECKPOINT,0.85
VEVENT_009292,2025-03-18 03:46:38,VEHICLE_00697,LOCATION_0206,SURVEILLANCE,FIELD_SURVEILLANCE,0.82
VEVENT_009293,2026-02-19 04:08:16,VEHICLE_00313,LOCATION_0136,ANPR,POLICE_CHECKPOINT,0.94
VEVENT_009294,2024-10-10 01:14:18,VEHICLE_00760,LOCATION_0231,ANPR,ANPR_CAMERA,0.92
VEVENT_009295,2025-12-20 05:39:08,VEHICLE_00069,LOCATION_0072,CHECKPOINT,POLICE_CHECKPOINT,0.9
VEVENT_009296,2024-06-30 22:48:07,VEHICLE_00150,LOCATION_0048,TOLL,ANPR_CAMERA,0.81
VEVENT_009297,2025-04-04 21:32:25,VEHICLE_00473,LOCATION_0106,SURVEILLANCE,ANPR_CAMERA,0.87
VEVENT_009298,2026-06-03 18:23:18,VEHICLE_00702,LOCATION_0276,ANPR,TOLL_PLAZA,0.84
VEVENT_009299,2026-04-08 05:25:42,VEHICLE_00692,LOCATION_0010,ANPR,TOLL_PLAZA,0.91
VEVENT_009300,2025-07-23 09:52:25,VEHICLE_00227,LOCATION_0192,TOLL,TOLL_PLAZA,0.93
VEVENT_009301,2024-10-02 20:30:28,VEHICLE_00333,LOCATION_0042,TOLL,POLICE_CHECKPOINT,0.92
VEVENT_009302,2026-04-01 08:55:21,VEHICLE_00247,LOCATION_0258,TOLL,FIELD_SURVEILLANCE,0.96
VEVENT_009303,2024-12-17 17:28:36,VEHICLE_00371,LOCATION_0149,SURVEILLANCE,POLICE_CHECKPOINT,0.83
VEVENT_009304,2025-06-02 09:51:00,VEHICLE_00118,LOCATION_0149,TOLL,ANPR_CAMERA,0.93
VEVENT_009305,2024-06-14 04:02:48,VEHICLE_00611,LOCATION_0014,CHECKPOINT,POLICE_CHECKPOINT,0.91
VEVENT_009306,2025-12-30 04:12:36,VEHICLE_00263,LOCATION_0152,CHECKPOINT,TOLL_PLAZA,0.84
VEVENT_009307,2026-01-28 04:08:23,VEHICLE_00713,LOCATION_0137,CHECKPOINT,FIELD_SURVEILLANCE,0.88
VEVENT_009308,2026-05-11 01:15:25,VEHICLE_00749,LOCATION_0116,ANPR,POLICE_CHECKPOINT,0.84
VEVENT_009309,2026-06-26 13:04:26,VEHICLE_00262,LOCATION_0187,TOLL,ANPR_CAMERA,0.9
VEVENT_009310,2024-03-08 07:45:28,VEHICLE_00411,LOCATION_0241,SURVEILLANCE,TOLL_PLAZA,0.89
VEVENT_009311,2024-05-11 18:44:25,VEHICLE_00073,LOCATION_0119,SURVEILLANCE,POLICE_CHECKPOINT,0.87
VEVENT_009312,2024-01-04 20:45:21,VEHICLE_00190,LOCATION_0178,CHECKPOINT,FIELD_SURVEILLANCE,0.92
VEVENT_009313,2025-11-25 07:47:41,VEHICLE_00443,LOCATION_0015,SURVEILLANCE,TOLL_PLAZA,0.93
VEVENT_009314,2024-08-04 03:44:48,VEHICLE_00490,LOCATION_0288,TOLL,TOLL_PLAZA,0.95
VEVENT_009315,2026-04-13 23:29:07,VEHICLE_00175,LOCATION_0003,SURVEILLANCE,ANPR_CAMERA,0.95
VEVENT_009316,2025-09-15 12:23:37,VEHICLE_00334,LOCATION_0011,SURVEILLANCE,ANPR_CAMERA,0.85
VEVENT_009317,2024-12-22 20:47:24,VEHICLE_00605,LOCATION_0065,ANPR,ANPR_CAMERA,0.91
VEVENT_009318,2025-01-24 12:40:28,VEHICLE_00469,LOCATION_0262,ANPR,ANPR_CAMERA,0.96
VEVENT_009319,2025-01-05 12:42:42,VEHICLE_00360,LOCATION_0254,SURVEILLANCE,POLICE_CHECKPOINT,0.9
VEVENT_009320,2024-05-16 07:39:03,VEHICLE_00567,LOCATION_0024,SURVEILLANCE,FIELD_SURVEILLANCE,0.83
VEVENT_009321,2024-07-17 06:39:25,VEHICLE_00196,LOCATION_0293,SURVEILLANCE,POLICE_CHECKPOINT,0.83
VEVENT_009322,2024-11-10 09:49:35,VEHICLE_00372,LOCATION_0094,ANPR,FIELD_SURVEILLANCE,0.91
VEVENT_009323,2026-02-07 16:10:04,VEHICLE_00104,LOCATION_0185,CHECKPOINT,ANPR_CAMERA,0.96
VEVENT_009324,2024-11-29 19:56:02,VEHICLE_00129,LOCATION_0097,SURVEILLANCE,FIELD_SURVEILLANCE,0.89
VEVENT_009325,2025-05-11 21:06:40,VEHICLE_00602,LOCATION_0044,TOLL,FIELD_SURVEILLANCE,0.9
VEVENT_009326,2024-07-07 12:52:59,VEHICLE_00172,LOCATION_0122,SURVEILLANCE,POLICE_CHECKPOINT,0.88
VEVENT_009327,2025-09-28 18:52:40,VEHICLE_00211,LOCATION_0140,SURVEILLANCE,TOLL_PLAZA,0.85
VEVENT_009328,2024-06-04 17:04:42,VEHICLE_00006,LOCATION_0210,ANPR,POLICE_CHECKPOINT,0.97
VEVENT_009329,2025-02-10 22:25:14,VEHICLE_00482,LOCATION_0136,SURVEILLANCE,FIELD_SURVEILLANCE,0.83
VEVENT_009330,2025-12-08 00:52:21,VEHICLE_00201,LOCATION_0241,CHECKPOINT,ANPR_CAMERA,0.95
VEVENT_009331,2024-12-11 19:03:16,VEHICLE_00687,LOCATION_0126,CHECKPOINT,ANPR_CAMERA,0.85
VEVENT_009332,2024-09-26 05:24:19,VEHICLE_00339,LOCATION_0018,TOLL,POLICE_CHECKPOINT,0.93
VEVENT_009333,2026-03-06 09:55:45,VEHICLE_00211,LOCATION_0040,CHECKPOINT,POLICE_CHECKPOINT,0.82
VEVENT_009334,2025-06-16 22:37:33,VEHICLE_00175,LOCATION_0173,SURVEILLANCE,FIELD_SURVEILLANCE,0.82
VEVENT_009335,2026-04-05 05:57:19,VEHICLE_00101,LOCATION_0184,CHECKPOINT,ANPR_CAMERA,0.96
VEVENT_009336,2025-04-28 13:15:36,VEHICLE_00513,LOCATION_0100,SURVEILLANCE,FIELD_SURVEILLANCE,0.89
VEVENT_009337,2024-10-16 08:28:38,VEHICLE_00636,LOCATION_0018,CHECKPOINT,POLICE_CHECKPOINT,0.9
VEVENT_009338,2024-05-04 09:44:03,VEHICLE_00220,LOCATION_0097,TOLL,FIELD_SURVEILLANCE,0.97
VEVENT_009339,2025-09-10 15:39:04,VEHICLE_00743,LOCATION_0144,ANPR,POLICE_CHECKPOINT,0.8
VEVENT_009340,2024-03-23 07:30:05,VEHICLE_00387,LOCATION_0141,SURVEILLANCE,FIELD_SURVEILLANCE,0.95
VEVENT_009341,2025-12-22 00:01:55,VEHICLE_00390,LOCATION_0120,CHECKPOINT,POLICE_CHECKPOINT,0.85
VEVENT_009342,2026-01-15 10:24:59,VEHICLE_00477,LOCATION_0138,ANPR,FIELD_SURVEILLANCE,0.82
VEVENT_009343,2025-05-08 20:07:16,VEHICLE_00556,LOCATION_0189,TOLL,TOLL_PLAZA,0.85
VEVENT_009344,2025-04-23 03:58:20,VEHICLE_00358,LOCATION_0280,ANPR,ANPR_CAMERA,0.96
VEVENT_009345,2024-02-23 13:17:27,VEHICLE_00228,LOCATION_0102,SURVEILLANCE,ANPR_CAMERA,0.86
VEVENT_009346,2025-07-18 01:35:03,VEHICLE_00309,LOCATION_0274,ANPR,FIELD_SURVEILLANCE,0.92
VEVENT_009347,2026-03-21 11:44:05,VEHICLE_00713,LOCATION_0287,TOLL,POLICE_CHECKPOINT,0.91
VEVENT_009348,2024-11-29 14:55:08,VEHICLE_00127,LOCATION_0189,SURVEILLANCE,ANPR_CAMERA,0.91
VEVENT_009349,2024-04-20 15:58:07,VEHICLE_00056,LOCATION_0090,TOLL,FIELD_SURVEILLANCE,0.94
VEVENT_009350,2025-07-09 12:01:32,VEHICLE_00737,LOCATION_0086,SURVEILLANCE,TOLL_PLAZA,0.91
VEVENT_009351,2025-06-13 06:12:59,VEHICLE_00488,LOCATION_0068,ANPR,POLICE_CHECKPOINT,0.81
VEVENT_009352,2026-05-21 17:49:22,VEHICLE_00360,LOCATION_0134,SURVEILLANCE,ANPR_CAMERA,0.97
VEVENT_009353,2026-06-11 12:54:43,VEHICLE_00356,LOCATION_0066,ANPR,TOLL_PLAZA,0.95
VEVENT_009354,2025-10-25 21:13:06,VEHICLE_00353,LOCATION_0054,SURVEILLANCE,FIELD_SURVEILLANCE,0.91
VEVENT_009355,2024-04-19 00:50:59,VEHICLE_00475,LOCATION_0174,TOLL,ANPR_CAMERA,0.87
VEVENT_009356,2024-09-17 10:01:29,VEHICLE_00591,LOCATION_0144,ANPR,ANPR_CAMERA,0.94
VEVENT_009357,2024-07-30 17:10:55,VEHICLE_00211,LOCATION_0110,ANPR,FIELD_SURVEILLANCE,0.92
VEVENT_009358,2026-03-19 21:46:10,VEHICLE_00664,LOCATION_0035,CHECKPOINT,FIELD_SURVEILLANCE,0.84
VEVENT_009359,2025-07-16 06:34:42,VEHICLE_00602,LOCATION_0134,CHECKPOINT,TOLL_PLAZA,0.87
VEVENT_009360,2025-05-09 23:43:31,VEHICLE_00092,LOCATION_0096,CHECKPOINT,FIELD_SURVEILLANCE,0.88
VEVENT_009361,2026-04-03 00:47:12,VEHICLE_00267,LOCATION_0096,TOLL,POLICE_CHECKPOINT,0.86
VEVENT_009362,2025-04-08 02:33:30,VEHICLE_00354,LOCATION_0160,TOLL,ANPR_CAMERA,0.87
VEVENT_009363,2024-08-11 03:54:18,VEHICLE_00246,LOCATION_0097,CHECKPOINT,POLICE_CHECKPOINT,0.92
VEVENT_009364,2025-10-12 13:23:00,VEHICLE_00106,LOCATION_0061,ANPR,TOLL_PLAZA,0.8
VEVENT_009365,2026-03-15 03:47:41,VEHICLE_00428,LOCATION_0264,CHECKPOINT,POLICE_CHECKPOINT,0.84
VEVENT_009366,2026-05-16 21:37:38,VEHICLE_00170,LOCATION_0061,CHECKPOINT,ANPR_CAMERA,0.85
VEVENT_009367,2025-08-19 03:31:14,VEHICLE_00585,LOCATION_0119,CHECKPOINT,POLICE_CHECKPOINT,0.9
VEVENT_009368,2024-02-14 00:23:17,VEHICLE_00473,LOCATION_0006,ANPR,ANPR_CAMERA,0.81
VEVENT_009369,2025-03-09 15:07:10,VEHICLE_00342,LOCATION_0052,CHECKPOINT,FIELD_SURVEILLANCE,0.96
VEVENT_009370,2024-01-18 02:17:46,VEHICLE_00749,LOCATION_0006,TOLL,POLICE_CHECKPOINT,0.85
VEVENT_009371,2024-12-07 11:03:58,VEHICLE_00648,LOCATION_0012,TOLL,POLICE_CHECKPOINT,0.91
VEVENT_009372,2024-01-13 06:57:45,VEHICLE_00172,LOCATION_0142,SURVEILLANCE,TOLL_PLAZA,0.9
VEVENT_009373,2026-05-20 08:04:02,VEHICLE_00443,LOCATION_0115,SURVEILLANCE,FIELD_SURVEILLANCE,0.97
VEVENT_009374,2025-09-16 22:57:25,VEHICLE_00001,LOCATION_0038,TOLL,ANPR_CAMERA,0.96
VEVENT_009375,2025-05-08 19:05:18,VEHICLE_00316,LOCATION_0003,TOLL,ANPR_CAMERA,0.92
VEVENT_009376,2024-03-04 08:00:56,VEHICLE_00566,LOCATION_0149,TOLL,FIELD_SURVEILLANCE,0.93
VEVENT_009377,2024-12-14 12:53:32,VEHICLE_00754,LOCATION_0267,ANPR,POLICE_CHECKPOINT,0.83
VEVENT_009378,2025-06-27 04:25:30,VEHICLE_00026,LOCATION_0234,TOLL,POLICE_CHECKPOINT,0.82
VEVENT_009379,2024-11-06 14:14:05,VEHICLE_00521,LOCATION_0115,CHECKPOINT,FIELD_SURVEILLANCE,0.86
VEVENT_009380,2024-09-12 13:32:10,VEHICLE_00332,LOCATION_0280,SURVEILLANCE,POLICE_CHECKPOINT,0.9
VEVENT_009381,2025-05-02 08:34:39,VEHICLE_00225,LOCATION_0056,ANPR,TOLL_PLAZA,0.88
VEVENT_009382,2025-07-05 04:00:19,VEHICLE_00412,LOCATION_0007,TOLL,POLICE_CHECKPOINT,0.82
VEVENT_009383,2025-12-02 09:25:45,VEHICLE_00098,LOCATION_0277,TOLL,POLICE_CHECKPOINT,0.86
VEVENT_009384,2025-10-23 11:45:21,VEHICLE_00262,LOCATION_0237,CHECKPOINT,ANPR_CAMERA,0.92
VEVENT_009385,2025-08-19 05:07:45,VEHICLE_00003,LOCATION_0115,SURVEILLANCE,POLICE_CHECKPOINT,0.83
VEVENT_009386,2026-01-05 16:02:58,VEHICLE_00028,LOCATION_0138,TOLL,ANPR_CAMERA,0.97
VEVENT_009387,2026-02-28 02:13:44,VEHICLE_00617,LOCATION_0242,CHECKPOINT,ANPR_CAMERA,0.83
VEVENT_009388,2025-07-26 04:24:49,VEHICLE_00586,LOCATION_0139,CHECKPOINT,POLICE_CHECKPOINT,0.93
VEVENT_009389,2024-12-02 15:42:26,VEHICLE_00514,LOCATION_0270,SURVEILLANCE,TOLL_PLAZA,0.95
VEVENT_009390,2025-06-18 12:59:28,VEHICLE_00159,LOCATION_0039,CHECKPOINT,TOLL_PLAZA,0.92
VEVENT_009391,2025-10-14 09:31:30,VEHICLE_00625,LOCATION_0144,SURVEILLANCE,ANPR_CAMERA,0.84
VEVENT_009392,2024-04-09 04:40:27,VEHICLE_00171,LOCATION_0088,TOLL,POLICE_CHECKPOINT,0.89
VEVENT_009393,2025-07-17 02:51:27,VEHICLE_00559,LOCATION_0126,SURVEILLANCE,ANPR_CAMERA,0.93
VEVENT_009394,2025-08-09 22:30:21,VEHICLE_00756,LOCATION_0209,SURVEILLANCE,TOLL_PLAZA,0.93
VEVENT_009395,2024-05-26 18:10:28,VEHICLE_00434,LOCATION_0109,TOLL,FIELD_SURVEILLANCE,0.81
VEVENT_009396,2025-06-25 06:44:56,VEHICLE_00267,LOCATION_0196,TOLL,FIELD_SURVEILLANCE,0.91
VEVENT_009397,2024-09-13 12:45:04,VEHICLE_00551,LOCATION_0050,ANPR,ANPR_CAMERA,0.89
VEVENT_009398,2025-05-16 08:00:13,VEHICLE_00059,LOCATION_0019,ANPR,FIELD_SURVEILLANCE,0.93
VEVENT_009399,2025-08-18 09:04:15,VEHICLE_00415,LOCATION_0156,CHECKPOINT,FIELD_SURVEILLANCE,0.91
VEVENT_009400,2025-06-13 17:56:18,VEHICLE_00691,LOCATION_0091,ANPR,FIELD_SURVEILLANCE,0.83
VEVENT_009401,2024-12-07 16:48:25,VEHICLE_00592,LOCATION_0149,TOLL,POLICE_CHECKPOINT,0.85
VEVENT_009402,2024-09-26 02:18:23,VEHICLE_00537,LOCATION_0081,SURVEILLANCE,ANPR_CAMERA,0.9
VEVENT_009403,2024-11-08 00:56:37,VEHICLE_00509,LOCATION_0052,ANPR,TOLL_PLAZA,0.82
VEVENT_009404,2025-09-02 17:15:26,VEHICLE_00546,LOCATION_0249,CHECKPOINT,ANPR_CAMERA,0.91
VEVENT_009405,2024-05-28 17:48:54,VEHICLE_00684,LOCATION_0151,TOLL,POLICE_CHECKPOINT,0.9
VEVENT_009406,2026-01-15 03:59:36,VEHICLE_00102,LOCATION_0247,CHECKPOINT,FIELD_SURVEILLANCE,0.92
VEVENT_009407,2025-10-18 21:15:19,VEHICLE_00139,LOCATION_0241,CHECKPOINT,TOLL_PLAZA,0.96
VEVENT_009408,2026-04-27 22:59:42,VEHICLE_00743,LOCATION_0124,ANPR,TOLL_PLAZA,0.84
VEVENT_009409,2024-01-28 05:47:59,VEHICLE_00703,LOCATION_0194,TOLL,FIELD_SURVEILLANCE,0.83
VEVENT_009410,2024-09-06 07:04:14,VEHICLE_00617,LOCATION_0042,SURVEILLANCE,TOLL_PLAZA,0.81
VEVENT_009411,2024-03-23 01:02:08,VEHICLE_00621,LOCATION_0158,ANPR,ANPR_CAMERA,0.83
VEVENT_009412,2025-07-03 17:11:07,VEHICLE_00503,LOCATION_0039,TOLL,FIELD_SURVEILLANCE,0.82
VEVENT_009413,2025-06-06 06:32:48,VEHICLE_00186,LOCATION_0266,ANPR,TOLL_PLAZA,0.86
VEVENT_009414,2024-11-10 11:02:26,VEHICLE_00544,LOCATION_0007,TOLL,ANPR_CAMERA,0.89
VEVENT_009415,2025-09-04 12:05:00,VEHICLE_00398,LOCATION_0014,ANPR,FIELD_SURVEILLANCE,0.88
VEVENT_009416,2024-08-13 10:28:01,VEHICLE_00075,LOCATION_0106,CHECKPOINT,ANPR_CAMERA,0.88
VEVENT_009417,2024-12-27 00:18:18,VEHICLE_00126,LOCATION_0199,CHECKPOINT,TOLL_PLAZA,0.84
VEVENT_009418,2025-04-25 08:40:13,VEHICLE_00384,LOCATION_0286,ANPR,FIELD_SURVEILLANCE,0.92
VEVENT_009419,2026-05-10 12:12:21,VEHICLE_00145,LOCATION_0237,CHECKPOINT,POLICE_CHECKPOINT,0.93
VEVENT_009420,2025-12-15 13:32:13,VEHICLE_00395,LOCATION_0136,SURVEILLANCE,TOLL_PLAZA,0.81
VEVENT_009421,2025-10-22 05:15:44,VEHICLE_00658,LOCATION_0053,ANPR,ANPR_CAMERA,0.86
VEVENT_009422,2024-11-12 11:13:23,VEHICLE_00761,LOCATION_0266,TOLL,TOLL_PLAZA,0.96
VEVENT_009423,2026-04-15 02:54:15,VEHICLE_00595,LOCATION_0121,SURVEILLANCE,TOLL_PLAZA,0.95
VEVENT_009424,2025-03-26 19:31:49,VEHICLE_00076,LOCATION_0233,ANPR,POLICE_CHECKPOINT,0.91
VEVENT_009425,2024-10-25 01:54:36,VEHICLE_00648,LOCATION_0072,SURVEILLANCE,TOLL_PLAZA,0.86
VEVENT_009426,2024-01-08 12:56:00,VEHICLE_00268,LOCATION_0006,CHECKPOINT,POLICE_CHECKPOINT,0.82
VEVENT_009427,2024-08-06 21:11:57,VEHICLE_00444,LOCATION_0269,CHECKPOINT,TOLL_PLAZA,0.86
VEVENT_009428,2024-07-03 12:17:00,VEHICLE_00148,LOCATION_0206,SURVEILLANCE,TOLL_PLAZA,0.94
VEVENT_009429,2024-04-09 12:28:50,VEHICLE_00296,LOCATION_0130,TOLL,ANPR_CAMERA,0.85
VEVENT_009430,2025-10-07 21:27:18,VEHICLE_00009,LOCATION_0119,CHECKPOINT,TOLL_PLAZA,0.91
VEVENT_009431,2024-05-05 22:35:09,VEHICLE_00391,LOCATION_0266,TOLL,ANPR_CAMERA,0.82
VEVENT_009432,2025-04-02 06:26:26,VEHICLE_00299,LOCATION_0101,TOLL,FIELD_SURVEILLANCE,0.89
VEVENT_009433,2026-03-10 03:26:53,VEHICLE_00720,LOCATION_0077,ANPR,ANPR_CAMERA,0.88
VEVENT_009434,2025-05-26 12:38:53,VEHICLE_00029,LOCATION_0173,TOLL,TOLL_PLAZA,0.88
VEVENT_009435,2024-09-12 18:41:00,VEHICLE_00360,LOCATION_0164,TOLL,FIELD_SURVEILLANCE,0.96
VEVENT_009436,2024-03-17 03:24:44,VEHICLE_00648,LOCATION_0112,ANPR,TOLL_PLAZA,0.85
VEVENT_009437,2025-03-06 16:44:26,VEHICLE_00180,LOCATION_0090,CHECKPOINT,POLICE_CHECKPOINT,0.89
VEVENT_009438,2025-01-30 14:07:48,VEHICLE_00624,LOCATION_0042,SURVEILLANCE,POLICE_CHECKPOINT,0.8
VEVENT_009439,2024-06-12 14:33:28,VEHICLE_00107,LOCATION_0199,CHECKPOINT,POLICE_CHECKPOINT,0.94
VEVENT_009440,2024-08-30 02:21:47,VEHICLE_00168,LOCATION_0129,ANPR,TOLL_PLAZA,0.89
VEVENT_009441,2025-11-06 01:44:09,VEHICLE_00177,LOCATION_0234,ANPR,TOLL_PLAZA,0.95
VEVENT_009442,2025-02-07 12:11:03,VEHICLE_00625,LOCATION_0244,TOLL,ANPR_CAMERA,0.92
VEVENT_009443,2025-05-14 16:04:33,VEHICLE_00353,LOCATION_0184,SURVEILLANCE,POLICE_CHECKPOINT,0.89
VEVENT_009444,2026-05-04 12:05:17,VEHICLE_00022,LOCATION_0242,ANPR,FIELD_SURVEILLANCE,0.83
VEVENT_009445,2024-08-11 09:49:26,VEHICLE_00663,LOCATION_0287,CHECKPOINT,ANPR_CAMERA,0.89
VEVENT_009446,2024-05-11 17:59:42,VEHICLE_00374,LOCATION_0156,TOLL,POLICE_CHECKPOINT,0.81
VEVENT_009447,2024-07-23 14:02:12,VEHICLE_00482,LOCATION_0196,CHECKPOINT,FIELD_SURVEILLANCE,0.82
VEVENT_009448,2024-12-11 00:23:08,VEHICLE_00269,LOCATION_0119,SURVEILLANCE,POLICE_CHECKPOINT,0.9
VEVENT_009449,2025-04-21 07:32:25,VEHICLE_00607,LOCATION_0191,CHECKPOINT,POLICE_CHECKPOINT,0.95
VEVENT_009450,2025-04-12 03:30:02,VEHICLE_00089,LOCATION_0177,TOLL,TOLL_PLAZA,0.85
VEVENT_009451,2026-05-12 10:02:08,VEHICLE_00389,LOCATION_0197,TOLL,ANPR_CAMERA,0.89
VEVENT_009452,2025-12-16 11:57:10,VEHICLE_00116,LOCATION_0064,ANPR,TOLL_PLAZA,0.86
VEVENT_009453,2025-01-10 08:55:42,VEHICLE_00592,LOCATION_0109,ANPR,FIELD_SURVEILLANCE,0.86
VEVENT_009454,2025-12-29 14:33:18,VEHICLE_00373,LOCATION_0167,CHECKPOINT,ANPR_CAMERA,0.86
VEVENT_009455,2025-10-18 03:45:24,VEHICLE_00343,LOCATION_0286,SURVEILLANCE,ANPR_CAMERA,0.94
VEVENT_009456,2026-06-21 18:51:56,VEHICLE_00479,LOCATION_0228,TOLL,ANPR_CAMERA,0.96
VEVENT_009457,2025-02-03 14:08:44,VEHICLE_00662,LOCATION_0288,TOLL,FIELD_SURVEILLANCE,0.82
VEVENT_009458,2025-12-06 10:54:58,VEHICLE_00662,LOCATION_0148,CHECKPOINT,FIELD_SURVEILLANCE,0.92
VEVENT_009459,2024-10-13 18:35:41,VEHICLE_00404,LOCATION_0287,TOLL,TOLL_PLAZA,0.86
VEVENT_009460,2025-03-05 07:44:11,VEHICLE_00010,LOCATION_0245,CHECKPOINT,FIELD_SURVEILLANCE,0.86
VEVENT_009461,2025-11-03 14:34:54,VEHICLE_00245,LOCATION_0095,ANPR,FIELD_SURVEILLANCE,0.9
VEVENT_009462,2025-04-07 06:22:12,VEHICLE_00029,LOCATION_0213,TOLL,ANPR_CAMERA,0.82
VEVENT_009463,2024-04-02 16:48:44,VEHICLE_00404,LOCATION_0067,CHECKPOINT,FIELD_SURVEILLANCE,0.97
VEVENT_009464,2026-03-26 00:49:36,VEHICLE_00236,LOCATION_0224,CHECKPOINT,POLICE_CHECKPOINT,0.87
VEVENT_009465,2025-06-07 19:31:52,VEHICLE_00746,LOCATION_0299,ANPR,TOLL_PLAZA,0.92
VEVENT_009466,2024-03-14 12:08:44,VEHICLE_00629,LOCATION_0273,ANPR,FIELD_SURVEILLANCE,0.9
VEVENT_009467,2024-01-07 12:26:11,VEHICLE_00405,LOCATION_0124,SURVEILLANCE,TOLL_PLAZA,0.9
VEVENT_009468,2025-07-05 04:46:41,VEHICLE_00205,LOCATION_0055,SURVEILLANCE,TOLL_PLAZA,0.96
VEVENT_009469,2025-08-31 13:07:11,VEHICLE_00664,LOCATION_0235,SURVEILLANCE,TOLL_PLAZA,0.88
VEVENT_009470,2024-04-11 12:48:14,VEHICLE_00224,LOCATION_0115,ANPR,TOLL_PLAZA,0.95
VEVENT_009471,2026-06-26 08:13:30,VEHICLE_00463,LOCATION_0004,TOLL,TOLL_PLAZA,0.91
VEVENT_009472,2024-06-02 06:13:02,VEHICLE_00690,LOCATION_0046,CHECKPOINT,TOLL_PLAZA,0.93
VEVENT_009473,2024-09-11 15:11:24,VEHICLE_00544,LOCATION_0187,SURVEILLANCE,ANPR_CAMERA,0.91
VEVENT_009474,2026-03-31 11:15:16,VEHICLE_00388,LOCATION_0140,TOLL,TOLL_PLAZA,0.95
VEVENT_009475,2024-07-13 03:41:04,VEHICLE_00186,LOCATION_0156,TOLL,ANPR_CAMERA,0.97
VEVENT_009476,2026-06-15 17:06:52,VEHICLE_00708,LOCATION_0249,CHECKPOINT,TOLL_PLAZA,0.84
VEVENT_009477,2025-01-04 16:12:17,VEHICLE_00753,LOCATION_0289,CHECKPOINT,FIELD_SURVEILLANCE,0.96
VEVENT_009478,2025-02-08 10:57:02,VEHICLE_00020,LOCATION_0290,ANPR,TOLL_PLAZA,0.86
VEVENT_009479,2024-07-27 11:31:24,VEHICLE_00052,LOCATION_0136,SURVEILLANCE,FIELD_SURVEILLANCE,0.81
VEVENT_009480,2025-10-24 19:14:19,VEHICLE_00203,LOCATION_0166,ANPR,ANPR_CAMERA,0.96
VEVENT_009481,2025-01-20 05:55:17,VEHICLE_00006,LOCATION_0240,TOLL,POLICE_CHECKPOINT,0.91
VEVENT_009482,2026-05-21 16:08:31,VEHICLE_00611,LOCATION_0294,CHECKPOINT,TOLL_PLAZA,0.94
VEVENT_009483,2024-01-07 01:04:48,VEHICLE_00407,LOCATION_0009,SURVEILLANCE,FIELD_SURVEILLANCE,0.83
VEVENT_009484,2024-04-20 10:02:02,VEHICLE_00666,LOCATION_0231,SURVEILLANCE,FIELD_SURVEILLANCE,0.88
VEVENT_009485,2026-02-12 22:55:52,VEHICLE_00516,LOCATION_0133,ANPR,POLICE_CHECKPOINT,0.96
VEVENT_009486,2024-02-22 14:37:17,VEHICLE_00533,LOCATION_0048,CHECKPOINT,POLICE_CHECKPOINT,0.8
VEVENT_009487,2024-05-01 13:01:53,VEHICLE_00265,LOCATION_0197,TOLL,TOLL_PLAZA,0.97
VEVENT_009488,2026-02-25 18:19:03,VEHICLE_00341,LOCATION_0160,SURVEILLANCE,TOLL_PLAZA,0.94
VEVENT_009489,2025-04-29 23:16:40,VEHICLE_00294,LOCATION_0274,TOLL,ANPR_CAMERA,0.82
VEVENT_009490,2024-03-20 17:29:39,VEHICLE_00687,LOCATION_0296,ANPR,ANPR_CAMERA,0.86
VEVENT_009491,2024-12-13 01:56:08,VEHICLE_00720,LOCATION_0137,CHECKPOINT,POLICE_CHECKPOINT,0.93
VEVENT_009492,2025-06-29 02:12:37,VEHICLE_00633,LOCATION_0213,SURVEILLANCE,POLICE_CHECKPOINT,0.81
VEVENT_009493,2024-06-02 14:46:10,VEHICLE_00611,LOCATION_0134,SURVEILLANCE,TOLL_PLAZA,0.87
VEVENT_009494,2025-02-03 05:11:12,VEHICLE_00219,LOCATION_0065,SURVEILLANCE,FIELD_SURVEILLANCE,0.9
VEVENT_009495,2025-04-23 10:11:20,VEHICLE_00032,LOCATION_0107,SURVEILLANCE,POLICE_CHECKPOINT,0.82
VEVENT_009496,2024-06-12 03:47:04,VEHICLE_00735,LOCATION_0266,CHECKPOINT,TOLL_PLAZA,0.81
VEVENT_009497,2025-05-08 13:38:55,VEHICLE_00509,LOCATION_0022,CHECKPOINT,POLICE_CHECKPOINT,0.83
VEVENT_009498,2025-03-11 15:25:06,VEHICLE_00419,LOCATION_0174,SURVEILLANCE,ANPR_CAMERA,0.92
VEVENT_009499,2024-04-03 21:27:29,VEHICLE_00679,LOCATION_0112,CHECKPOINT,FIELD_SURVEILLANCE,0.91
VEVENT_009500,2026-05-26 12:05:30,VEHICLE_00278,LOCATION_0190,ANPR,POLICE_CHECKPOINT,0.83
VEVENT_009501,2025-04-20 02:35:13,VEHICLE_00637,LOCATION_0202,CHECKPOINT,ANPR_CAMERA,0.83
VEVENT_009502,2025-06-07 12:28:43,VEHICLE_00580,LOCATION_0280,ANPR,FIELD_SURVEILLANCE,0.85
VEVENT_009503,2024-10-11 20:55:16,VEHICLE_00092,LOCATION_0096,CHECKPOINT,TOLL_PLAZA,0.87
VEVENT_009504,2025-02-27 12:10:37,VEHICLE_00097,LOCATION_0175,TOLL,FIELD_SURVEILLANCE,0.87
VEVENT_009505,2026-03-11 07:13:41,VEHICLE_00140,LOCATION_0283,SURVEILLANCE,TOLL_PLAZA,0.94
VEVENT_009506,2024-11-08 21:36:08,VEHICLE_00749,LOCATION_0256,CHECKPOINT,FIELD_SURVEILLANCE,0.86
VEVENT_009507,2025-06-11 09:30:31,VEHICLE_00518,LOCATION_0225,SURVEILLANCE,POLICE_CHECKPOINT,0.81
VEVENT_009508,2025-03-02 00:34:41,VEHICLE_00307,LOCATION_0019,CHECKPOINT,ANPR_CAMERA,0.93
VEVENT_009509,2026-06-06 23:17:34,VEHICLE_00452,LOCATION_0071,TOLL,POLICE_CHECKPOINT,0.93
VEVENT_009510,2025-08-27 14:52:19,VEHICLE_00579,LOCATION_0009,ANPR,FIELD_SURVEILLANCE,0.93
VEVENT_009511,2026-05-27 15:39:14,VEHICLE_00464,LOCATION_0237,ANPR,FIELD_SURVEILLANCE,0.89
VEVENT_009512,2026-05-05 02:55:14,VEHICLE_00349,LOCATION_0109,CHECKPOINT,TOLL_PLAZA,0.91
VEVENT_009513,2024-04-26 17:28:59,VEHICLE_00029,LOCATION_0273,ANPR,TOLL_PLAZA,0.94
VEVENT_009514,2024-01-21 10:17:23,VEHICLE_00706,LOCATION_0029,SURVEILLANCE,POLICE_CHECKPOINT,0.92
VEVENT_009515,2024-12-02 05:32:43,VEHICLE_00437,LOCATION_0155,ANPR,ANPR_CAMERA,0.87
VEVENT_009516,2024-01-15 15:35:14,VEHICLE_00406,LOCATION_0078,TOLL,ANPR_CAMERA,0.85
VEVENT_009517,2026-05-07 05:58:21,VEHICLE_00412,LOCATION_0237,TOLL,POLICE_CHECKPOINT,0.82
VEVENT_009518,2026-02-24 19:01:37,VEHICLE_00337,LOCATION_0053,SURVEILLANCE,TOLL_PLAZA,0.86
VEVENT_009519,2024-08-08 06:03:48,VEHICLE_00714,LOCATION_0208,ANPR,POLICE_CHECKPOINT,0.97
VEVENT_009520,2024-10-02 07:48:41,VEHICLE_00513,LOCATION_0140,SURVEILLANCE,POLICE_CHECKPOINT,0.82
VEVENT_009521,2026-03-30 01:04:17,VEHICLE_00109,LOCATION_0235,CHECKPOINT,FIELD_SURVEILLANCE,0.91
VEVENT_009522,2025-09-13 17:16:53,VEHICLE_00524,LOCATION_0256,ANPR,FIELD_SURVEILLANCE,0.92
VEVENT_009523,2025-03-17 15:53:59,VEHICLE_00379,LOCATION_0095,ANPR,FIELD_SURVEILLANCE,0.96
VEVENT_009524,2026-03-24 09:38:27,VEHICLE_00714,LOCATION_0228,CHECKPOINT,TOLL_PLAZA,0.85
VEVENT_009525,2026-03-26 10:20:03,VEHICLE_00619,LOCATION_0042,SURVEILLANCE,FIELD_SURVEILLANCE,0.89
VEVENT_009526,2024-10-03 19:23:25,VEHICLE_00230,LOCATION_0191,CHECKPOINT,ANPR_CAMERA,0.92
VEVENT_009527,2026-06-14 18:32:54,VEHICLE_00755,LOCATION_0079,SURVEILLANCE,TOLL_PLAZA,0.84
VEVENT_009528,2024-10-09 11:39:54,VEHICLE_00590,LOCATION_0103,ANPR,FIELD_SURVEILLANCE,0.84
VEVENT_009529,2024-01-22 14:41:43,VEHICLE_00082,LOCATION_0019,SURVEILLANCE,FIELD_SURVEILLANCE,0.88
VEVENT_009530,2025-08-03 13:38:31,VEHICLE_00122,LOCATION_0280,ANPR,POLICE_CHECKPOINT,0.83
VEVENT_009531,2024-10-26 03:10:45,VEHICLE_00339,LOCATION_0228,SURVEILLANCE,FIELD_SURVEILLANCE,0.91
VEVENT_009532,2024-11-26 13:03:21,VEHICLE_00678,LOCATION_0012,SURVEILLANCE,FIELD_SURVEILLANCE,0.83
VEVENT_009533,2026-03-14 14:43:13,VEHICLE_00432,LOCATION_0209,SURVEILLANCE,ANPR_CAMERA,0.94
VEVENT_009534,2025-02-13 16:14:57,VEHICLE_00256,LOCATION_0101,TOLL,FIELD_SURVEILLANCE,0.81
VEVENT_009535,2024-09-29 18:55:24,VEHICLE_00624,LOCATION_0162,ANPR,ANPR_CAMERA,0.81
VEVENT_009536,2024-08-06 08:54:07,VEHICLE_00520,LOCATION_0041,CHECKPOINT,TOLL_PLAZA,0.87
VEVENT_009537,2025-07-05 09:00:42,VEHICLE_00181,LOCATION_0266,CHECKPOINT,FIELD_SURVEILLANCE,0.95
VEVENT_009538,2024-07-06 18:27:43,VEHICLE_00477,LOCATION_0038,SURVEILLANCE,POLICE_CHECKPOINT,0.9
VEVENT_009539,2024-10-12 05:58:20,VEHICLE_00405,LOCATION_0144,ANPR,TOLL_PLAZA,0.91
VEVENT_009540,2025-03-27 08:03:49,VEHICLE_00322,LOCATION_0031,ANPR,FIELD_SURVEILLANCE,0.9
VEVENT_009541,2026-02-06 23:18:29,VEHICLE_00127,LOCATION_0149,CHECKPOINT,POLICE_CHECKPOINT,0.8
VEVENT_009542,2024-02-27 04:10:31,VEHICLE_00345,LOCATION_0053,ANPR,ANPR_CAMERA,0.89
VEVENT_009543,2025-07-02 22:55:15,VEHICLE_00742,LOCATION_0217,ANPR,ANPR_CAMERA,0.96
VEVENT_009544,2024-07-21 14:15:49,VEHICLE_00466,LOCATION_0242,TOLL,ANPR_CAMERA,0.88
VEVENT_009545,2025-04-24 23:19:40,VEHICLE_00312,LOCATION_0185,TOLL,ANPR_CAMERA,0.86
VEVENT_009546,2025-03-10 17:44:35,VEHICLE_00091,LOCATION_0155,TOLL,POLICE_CHECKPOINT,0.85
VEVENT_009547,2025-02-05 14:35:03,VEHICLE_00510,LOCATION_0112,CHECKPOINT,TOLL_PLAZA,0.82
VEVENT_009548,2026-01-26 13:49:02,VEHICLE_00342,LOCATION_0212,TOLL,POLICE_CHECKPOINT,0.95
VEVENT_009549,2024-10-05 04:20:05,VEHICLE_00709,LOCATION_0135,CHECKPOINT,FIELD_SURVEILLANCE,0.9
VEVENT_009550,2025-06-08 08:16:16,VEHICLE_00418,LOCATION_0294,CHECKPOINT,FIELD_SURVEILLANCE,0.86
VEVENT_009551,2024-12-24 03:55:25,VEHICLE_00619,LOCATION_0172,CHECKPOINT,FIELD_SURVEILLANCE,0.81
VEVENT_009552,2025-12-10 04:57:11,VEHICLE_00618,LOCATION_0004,SURVEILLANCE,POLICE_CHECKPOINT,0.9
VEVENT_009553,2025-02-27 12:11:53,VEHICLE_00204,LOCATION_0115,TOLL,ANPR_CAMERA,0.95
VEVENT_009554,2024-09-30 12:28:07,VEHICLE_00378,LOCATION_0150,SURVEILLANCE,FIELD_SURVEILLANCE,0.9
VEVENT_009555,2024-04-03 08:14:38,VEHICLE_00605,LOCATION_0265,TOLL,POLICE_CHECKPOINT,0.96
VEVENT_009556,2024-03-14 10:55:22,VEHICLE_00672,LOCATION_0057,ANPR,ANPR_CAMERA,0.94
VEVENT_009557,2024-07-26 13:51:38,VEHICLE_00552,LOCATION_0245,SURVEILLANCE,FIELD_SURVEILLANCE,0.86
VEVENT_009558,2026-06-29 07:39:26,VEHICLE_00340,LOCATION_0196,TOLL,ANPR_CAMERA,0.82
VEVENT_009559,2025-10-07 02:44:04,VEHICLE_00201,LOCATION_0211,TOLL,TOLL_PLAZA,0.85
VEVENT_009560,2025-01-31 19:38:28,VEHICLE_00644,LOCATION_0174,TOLL,ANPR_CAMERA,0.83
VEVENT_009561,2024-07-11 00:59:48,VEHICLE_00542,LOCATION_0156,TOLL,POLICE_CHECKPOINT,0.91
VEVENT_009562,2025-03-24 21:02:43,VEHICLE_00660,LOCATION_0104,ANPR,POLICE_CHECKPOINT,0.84
VEVENT_009563,2026-05-01 19:43:16,VEHICLE_00565,LOCATION_0127,ANPR,TOLL_PLAZA,0.89
VEVENT_009564,2025-06-02 18:13:30,VEHICLE_00730,LOCATION_0144,CHECKPOINT,ANPR_CAMERA,0.83
VEVENT_009565,2026-01-30 02:18:12,VEHICLE_00429,LOCATION_0094,ANPR,FIELD_SURVEILLANCE,0.93
VEVENT_009566,2025-10-22 12:34:36,VEHICLE_00378,LOCATION_0290,CHECKPOINT,TOLL_PLAZA,0.89
VEVENT_009567,2025-01-14 19:38:01,VEHICLE_00212,LOCATION_0258,ANPR,POLICE_CHECKPOINT,0.96
VEVENT_009568,2024-05-26 20:25:16,VEHICLE_00174,LOCATION_0025,SURVEILLANCE,TOLL_PLAZA,0.86
VEVENT_009569,2025-06-29 11:44:30,VEHICLE_00201,LOCATION_0081,SURVEILLANCE,FIELD_SURVEILLANCE,0.91
VEVENT_009570,2025-03-14 20:13:13,VEHICLE_00495,LOCATION_0222,ANPR,POLICE_CHECKPOINT,0.87
VEVENT_009571,2026-03-18 10:28:07,VEHICLE_00319,LOCATION_0039,SURVEILLANCE,ANPR_CAMERA,0.94
VEVENT_009572,2025-07-05 06:10:12,VEHICLE_00554,LOCATION_0005,ANPR,POLICE_CHECKPOINT,0.89
VEVENT_009573,2026-04-21 22:07:44,VEHICLE_00150,LOCATION_0138,CHECKPOINT,POLICE_CHECKPOINT,0.81
VEVENT_009574,2024-02-09 14:19:03,VEHICLE_00720,LOCATION_0007,TOLL,POLICE_CHECKPOINT,0.8
VEVENT_009575,2025-11-21 15:08:36,VEHICLE_00323,LOCATION_0147,CHECKPOINT,ANPR_CAMERA,0.89
VEVENT_009576,2024-04-07 13:27:51,VEHICLE_00404,LOCATION_0217,TOLL,FIELD_SURVEILLANCE,0.91
VEVENT_009577,2025-01-22 17:24:53,VEHICLE_00134,LOCATION_0254,TOLL,POLICE_CHECKPOINT,0.87
VEVENT_009578,2024-12-28 00:54:30,VEHICLE_00134,LOCATION_0024,CHECKPOINT,TOLL_PLAZA,0.87
VEVENT_009579,2025-08-30 23:24:07,VEHICLE_00490,LOCATION_0028,SURVEILLANCE,ANPR_CAMERA,0.93
VEVENT_009580,2024-10-29 12:38:16,VEHICLE_00504,LOCATION_0034,CHECKPOINT,TOLL_PLAZA,0.94
VEVENT_009581,2024-07-04 07:50:02,VEHICLE_00081,LOCATION_0075,SURVEILLANCE,POLICE_CHECKPOINT,0.82
VEVENT_009582,2025-05-26 11:44:13,VEHICLE_00227,LOCATION_0042,TOLL,FIELD_SURVEILLANCE,0.83
VEVENT_009583,2024-03-10 07:15:53,VEHICLE_00063,LOCATION_0169,ANPR,TOLL_PLAZA,0.87
VEVENT_009584,2025-11-30 13:56:21,VEHICLE_00282,LOCATION_0211,CHECKPOINT,TOLL_PLAZA,0.9
VEVENT_009585,2025-01-25 22:45:11,VEHICLE_00652,LOCATION_0249,ANPR,ANPR_CAMERA,0.85
VEVENT_009586,2025-04-29 20:28:08,VEHICLE_00005,LOCATION_0245,SURVEILLANCE,FIELD_SURVEILLANCE,0.91
VEVENT_009587,2024-03-06 01:38:23,VEHICLE_00407,LOCATION_0189,TOLL,FIELD_SURVEILLANCE,0.89
VEVENT_009588,2025-06-23 08:30:44,VEHICLE_00207,LOCATION_0059,ANPR,FIELD_SURVEILLANCE,0.86
VEVENT_009589,2024-05-24 22:44:46,VEHICLE_00018,LOCATION_0270,TOLL,POLICE_CHECKPOINT,0.85
VEVENT_009590,2024-03-03 01:19:06,VEHICLE_00206,LOCATION_0237,CHECKPOINT,TOLL_PLAZA,0.86
VEVENT_009591,2026-05-12 21:52:43,VEHICLE_00416,LOCATION_0237,CHECKPOINT,FIELD_SURVEILLANCE,0.84
VEVENT_009592,2026-05-21 23:15:10,VEHICLE_00060,LOCATION_0265,TOLL,POLICE_CHECKPOINT,0.93
VEVENT_009593,2025-04-17 13:54:30,VEHICLE_00268,LOCATION_0146,SURVEILLANCE,TOLL_PLAZA,0.88
VEVENT_009594,2025-12-14 00:26:03,VEHICLE_00725,LOCATION_0209,SURVEILLANCE,ANPR_CAMERA,0.83
VEVENT_009595,2025-08-06 17:31:57,VEHICLE_00204,LOCATION_0205,ANPR,ANPR_CAMERA,0.86
VEVENT_009596,2024-04-10 01:23:42,VEHICLE_00029,LOCATION_0003,ANPR,TOLL_PLAZA,0.94
VEVENT_009597,2026-03-20 10:59:52,VEHICLE_00228,LOCATION_0082,CHECKPOINT,FIELD_SURVEILLANCE,0.89
VEVENT_009598,2024-11-11 09:54:30,VEHICLE_00268,LOCATION_0136,CHECKPOINT,ANPR_CAMERA,0.87
VEVENT_009599,2025-09-28 02:54:19,VEHICLE_00125,LOCATION_0143,CHECKPOINT,TOLL_PLAZA,0.84
VEVENT_009600,2026-05-23 23:58:03,VEHICLE_00456,LOCATION_0138,SURVEILLANCE,FIELD_SURVEILLANCE,0.92
VEVENT_009601,2025-10-03 04:19:39,VEHICLE_00034,LOCATION_0016,TOLL,TOLL_PLAZA,0.8
VEVENT_009602,2025-06-27 17:21:34,VEHICLE_00118,LOCATION_0039,CHECKPOINT,TOLL_PLAZA,0.89
VEVENT_009603,2024-09-15 18:58:51,VEHICLE_00073,LOCATION_0259,TOLL,TOLL_PLAZA,0.92
VEVENT_009604,2024-10-29 11:16:41,VEHICLE_00060,LOCATION_0085,TOLL,TOLL_PLAZA,0.87
VEVENT_009605,2024-01-23 02:47:45,VEHICLE_00667,LOCATION_0161,CHECKPOINT,FIELD_SURVEILLANCE,0.85
VEVENT_009606,2025-06-18 15:26:14,VEHICLE_00688,LOCATION_0189,ANPR,TOLL_PLAZA,0.96
VEVENT_009607,2025-03-12 22:18:01,VEHICLE_00233,LOCATION_0179,ANPR,ANPR_CAMERA,0.96
VEVENT_009608,2026-03-15 16:37:04,VEHICLE_00045,LOCATION_0279,TOLL,TOLL_PLAZA,0.84
VEVENT_009609,2024-02-03 08:25:43,VEHICLE_00040,LOCATION_0239,TOLL,TOLL_PLAZA,0.82
VEVENT_009610,2025-02-20 19:04:19,VEHICLE_00017,LOCATION_0033,CHECKPOINT,ANPR_CAMERA,0.91
VEVENT_009611,2025-10-31 14:03:54,VEHICLE_00268,LOCATION_0256,TOLL,POLICE_CHECKPOINT,0.96
VEVENT_009612,2025-02-17 03:33:28,VEHICLE_00499,LOCATION_0142,SURVEILLANCE,FIELD_SURVEILLANCE,0.88
VEVENT_009613,2025-12-07 14:25:23,VEHICLE_00056,LOCATION_0170,CHECKPOINT,POLICE_CHECKPOINT,0.82
VEVENT_009614,2024-05-12 16:16:04,VEHICLE_00285,LOCATION_0175,CHECKPOINT,POLICE_CHECKPOINT,0.83
VEVENT_009615,2026-06-05 11:35:03,VEHICLE_00750,LOCATION_0214,ANPR,FIELD_SURVEILLANCE,0.85
VEVENT_009616,2025-03-14 00:37:35,VEHICLE_00517,LOCATION_0009,ANPR,FIELD_SURVEILLANCE,0.93
VEVENT_009617,2025-06-19 04:54:02,VEHICLE_00220,LOCATION_0047,CHECKPOINT,POLICE_CHECKPOINT,0.81
VEVENT_009618,2024-04-26 14:09:06,VEHICLE_00178,LOCATION_0146,CHECKPOINT,ANPR_CAMERA,0.91
VEVENT_009619,2024-10-18 19:52:14,VEHICLE_00321,LOCATION_0001,CHECKPOINT,TOLL_PLAZA,0.81
VEVENT_009620,2026-02-15 05:32:44,VEHICLE_00738,LOCATION_0081,SURVEILLANCE,ANPR_CAMERA,0.92
VEVENT_009621,2026-04-24 20:07:15,VEHICLE_00391,LOCATION_0036,TOLL,ANPR_CAMERA,0.89
VEVENT_009622,2024-06-15 04:13:56,VEHICLE_00092,LOCATION_0006,SURVEILLANCE,TOLL_PLAZA,0.88
VEVENT_009623,2024-10-11 10:47:53,VEHICLE_00745,LOCATION_0255,SURVEILLANCE,FIELD_SURVEILLANCE,0.87
VEVENT_009624,2025-05-29 13:13:54,VEHICLE_00616,LOCATION_0072,CHECKPOINT,ANPR_CAMERA,0.94
VEVENT_009625,2025-07-20 06:29:20,VEHICLE_00143,LOCATION_0057,SURVEILLANCE,ANPR_CAMERA,0.9
VEVENT_009626,2025-12-17 22:23:57,VEHICLE_00760,LOCATION_0111,CHECKPOINT,FIELD_SURVEILLANCE,0.86
VEVENT_009627,2026-04-29 00:13:02,VEHICLE_00670,LOCATION_0159,TOLL,POLICE_CHECKPOINT,0.95
VEVENT_009628,2025-11-03 20:58:45,VEHICLE_00169,LOCATION_0241,ANPR,POLICE_CHECKPOINT,0.95
VEVENT_009629,2026-03-06 03:34:02,VEHICLE_00351,LOCATION_0180,ANPR,TOLL_PLAZA,0.83
VEVENT_009630,2024-11-15 10:09:40,VEHICLE_00070,LOCATION_0169,ANPR,TOLL_PLAZA,0.84
VEVENT_009631,2024-06-23 04:19:58,VEHICLE_00054,LOCATION_0090,SURVEILLANCE,POLICE_CHECKPOINT,0.91
VEVENT_009632,2026-06-20 01:20:06,VEHICLE_00302,LOCATION_0274,TOLL,TOLL_PLAZA,0.87
VEVENT_009633,2025-08-08 09:09:34,VEHICLE_00545,LOCATION_0146,CHECKPOINT,ANPR_CAMERA,0.83
VEVENT_009634,2024-01-10 21:50:29,VEHICLE_00458,LOCATION_0009,SURVEILLANCE,TOLL_PLAZA,0.93
VEVENT_009635,2024-12-27 22:28:51,VEHICLE_00154,LOCATION_0055,ANPR,FIELD_SURVEILLANCE,0.85
VEVENT_009636,2025-04-06 11:45:31,VEHICLE_00568,LOCATION_0236,ANPR,FIELD_SURVEILLANCE,0.88
VEVENT_009637,2026-04-02 23:50:14,VEHICLE_00298,LOCATION_0087,SURVEILLANCE,ANPR_CAMERA,0.81
VEVENT_009638,2024-01-28 17:28:13,VEHICLE_00077,LOCATION_0203,TOLL,POLICE_CHECKPOINT,0.83
VEVENT_009639,2025-06-27 05:20:05,VEHICLE_00554,LOCATION_0285,TOLL,POLICE_CHECKPOINT,0.89
VEVENT_009640,2024-10-16 04:34:49,VEHICLE_00698,LOCATION_0014,TOLL,FIELD_SURVEILLANCE,0.93
VEVENT_009641,2024-10-30 20:43:09,VEHICLE_00385,LOCATION_0064,ANPR,FIELD_SURVEILLANCE,0.84
VEVENT_009642,2026-06-05 20:29:55,VEHICLE_00316,LOCATION_0163,CHECKPOINT,POLICE_CHECKPOINT,0.94
VEVENT_009643,2025-09-14 00:51:03,VEHICLE_00715,LOCATION_0158,TOLL,POLICE_CHECKPOINT,0.82
VEVENT_009644,2026-04-16 22:46:03,VEHICLE_00296,LOCATION_0050,TOLL,TOLL_PLAZA,0.87
VEVENT_009645,2024-05-17 03:53:59,VEHICLE_00199,LOCATION_0005,SURVEILLANCE,ANPR_CAMERA,0.88
VEVENT_009646,2025-12-06 20:22:13,VEHICLE_00044,LOCATION_0287,TOLL,FIELD_SURVEILLANCE,0.95
VEVENT_009647,2024-09-24 07:33:15,VEHICLE_00398,LOCATION_0224,SURVEILLANCE,ANPR_CAMERA,0.84
VEVENT_009648,2026-05-23 11:17:02,VEHICLE_00449,LOCATION_0141,SURVEILLANCE,TOLL_PLAZA,0.94
VEVENT_009649,2026-04-02 00:30:17,VEHICLE_00723,LOCATION_0121,SURVEILLANCE,ANPR_CAMERA,0.91
VEVENT_009650,2024-06-19 22:41:30,VEHICLE_00677,LOCATION_0081,TOLL,ANPR_CAMERA,0.95
VEVENT_009651,2025-02-19 15:30:20,VEHICLE_00556,LOCATION_0149,TOLL,FIELD_SURVEILLANCE,0.94
VEVENT_009652,2024-12-11 13:08:34,VEHICLE_00426,LOCATION_0100,TOLL,FIELD_SURVEILLANCE,0.96
VEVENT_009653,2025-08-14 22:14:14,VEHICLE_00410,LOCATION_0198,CHECKPOINT,ANPR_CAMERA,0.9
VEVENT_009654,2024-11-01 15:41:18,VEHICLE_00642,LOCATION_0052,CHECKPOINT,POLICE_CHECKPOINT,0.96
VEVENT_009655,2025-11-18 21:28:19,VEHICLE_00415,LOCATION_0266,CHECKPOINT,ANPR_CAMERA,0.82
VEVENT_009656,2024-10-25 20:53:36,VEHICLE_00687,LOCATION_0246,CHECKPOINT,ANPR_CAMERA,0.86
VEVENT_009657,2026-03-16 17:42:46,VEHICLE_00490,LOCATION_0198,ANPR,POLICE_CHECKPOINT,0.88
VEVENT_009658,2024-09-10 01:40:48,VEHICLE_00710,LOCATION_0039,CHECKPOINT,FIELD_SURVEILLANCE,0.86
VEVENT_009659,2025-04-04 02:55:45,VEHICLE_00471,LOCATION_0009,ANPR,TOLL_PLAZA,0.91
VEVENT_009660,2025-02-16 14:19:47,VEHICLE_00165,LOCATION_0006,SURVEILLANCE,TOLL_PLAZA,0.95
VEVENT_009661,2025-09-09 20:55:19,VEHICLE_00721,LOCATION_0030,CHECKPOINT,TOLL_PLAZA,0.83
VEVENT_009662,2026-03-05 18:29:26,VEHICLE_00676,LOCATION_0031,TOLL,POLICE_CHECKPOINT,0.86
VEVENT_009663,2025-10-10 00:48:02,VEHICLE_00627,LOCATION_0282,SURVEILLANCE,FIELD_SURVEILLANCE,0.91
VEVENT_009664,2025-05-26 11:47:29,VEHICLE_00086,LOCATION_0197,ANPR,ANPR_CAMERA,0.81
VEVENT_009665,2024-06-06 09:10:57,VEHICLE_00755,LOCATION_0219,SURVEILLANCE,POLICE_CHECKPOINT,0.93
VEVENT_009666,2025-05-21 07:09:08,VEHICLE_00470,LOCATION_0016,ANPR,TOLL_PLAZA,0.87
VEVENT_009667,2024-02-07 07:15:27,VEHICLE_00325,LOCATION_0115,CHECKPOINT,ANPR_CAMERA,0.85
VEVENT_009668,2025-02-12 19:16:41,VEHICLE_00754,LOCATION_0057,SURVEILLANCE,FIELD_SURVEILLANCE,0.8
VEVENT_009669,2024-02-16 20:59:03,VEHICLE_00421,LOCATION_0068,ANPR,FIELD_SURVEILLANCE,0.88
VEVENT_009670,2026-04-14 17:27:14,VEHICLE_00647,LOCATION_0059,TOLL,ANPR_CAMERA,0.94
VEVENT_009671,2026-05-17 03:09:45,VEHICLE_00607,LOCATION_0071,ANPR,FIELD_SURVEILLANCE,0.82
VEVENT_009672,2025-10-12 19:21:36,VEHICLE_00710,LOCATION_0199,ANPR,FIELD_SURVEILLANCE,0.92
VEVENT_009673,2024-02-10 10:25:39,VEHICLE_00496,LOCATION_0178,SURVEILLANCE,FIELD_SURVEILLANCE,0.84
VEVENT_009674,2026-05-27 02:33:14,VEHICLE_00331,LOCATION_0105,SURVEILLANCE,TOLL_PLAZA,0.81
VEVENT_009675,2024-11-21 10:56:19,VEHICLE_00250,LOCATION_0150,CHECKPOINT,TOLL_PLAZA,0.9
VEVENT_009676,2024-12-14 11:28:10,VEHICLE_00132,LOCATION_0252,TOLL,ANPR_CAMERA,0.81
VEVENT_009677,2025-08-27 23:46:50,VEHICLE_00266,LOCATION_0126,CHECKPOINT,POLICE_CHECKPOINT,0.92
VEVENT_009678,2024-04-07 00:51:19,VEHICLE_00707,LOCATION_0224,CHECKPOINT,POLICE_CHECKPOINT,0.92
VEVENT_009679,2024-09-12 21:01:55,VEHICLE_00085,LOCATION_0107,SURVEILLANCE,FIELD_SURVEILLANCE,0.81
VEVENT_009680,2024-06-08 10:57:56,VEHICLE_00562,LOCATION_0030,TOLL,ANPR_CAMERA,0.89
VEVENT_009681,2024-05-02 01:34:13,VEHICLE_00471,LOCATION_0119,CHECKPOINT,TOLL_PLAZA,0.81
VEVENT_009682,2025-07-24 01:19:38,VEHICLE_00211,LOCATION_0270,CHECKPOINT,TOLL_PLAZA,0.97
VEVENT_009683,2026-02-04 07:04:41,VEHICLE_00721,LOCATION_0210,CHECKPOINT,POLICE_CHECKPOINT,0.94
VEVENT_009684,2024-02-26 02:57:33,VEHICLE_00676,LOCATION_0021,CHECKPOINT,TOLL_PLAZA,0.82
VEVENT_009685,2024-12-20 16:39:15,VEHICLE_00077,LOCATION_0243,TOLL,ANPR_CAMERA,0.87
VEVENT_009686,2025-03-27 21:54:43,VEHICLE_00477,LOCATION_0158,SURVEILLANCE,ANPR_CAMERA,0.95
VEVENT_009687,2025-02-16 15:14:48,VEHICLE_00035,LOCATION_0237,SURVEILLANCE,POLICE_CHECKPOINT,0.96
VEVENT_009688,2024-11-22 16:10:38,VEHICLE_00376,LOCATION_0125,SURVEILLANCE,TOLL_PLAZA,0.9
VEVENT_009689,2025-12-12 08:07:11,VEHICLE_00223,LOCATION_0262,CHECKPOINT,ANPR_CAMERA,0.86
VEVENT_009690,2025-05-17 21:48:12,VEHICLE_00469,LOCATION_0242,SURVEILLANCE,ANPR_CAMERA,0.96
VEVENT_009691,2024-11-23 01:47:29,VEHICLE_00053,LOCATION_0058,CHECKPOINT,TOLL_PLAZA,0.81
VEVENT_009692,2025-01-30 05:34:10,VEHICLE_00307,LOCATION_0049,SURVEILLANCE,POLICE_CHECKPOINT,0.85
VEVENT_009693,2024-11-10 14:11:07,VEHICLE_00425,LOCATION_0138,CHECKPOINT,POLICE_CHECKPOINT,0.84
VEVENT_009694,2026-04-01 00:46:14,VEHICLE_00320,LOCATION_0053,ANPR,ANPR_CAMERA,0.94
VEVENT_009695,2026-03-29 05:26:50,VEHICLE_00084,LOCATION_0170,ANPR,ANPR_CAMERA,0.92
VEVENT_009696,2024-04-10 00:35:23,VEHICLE_00214,LOCATION_0170,TOLL,FIELD_SURVEILLANCE,0.86
VEVENT_009697,2024-10-23 08:55:52,VEHICLE_00115,LOCATION_0254,SURVEILLANCE,FIELD_SURVEILLANCE,0.88
VEVENT_009698,2024-05-31 00:02:23,VEHICLE_00732,LOCATION_0040,SURVEILLANCE,ANPR_CAMERA,0.95
VEVENT_009699,2024-01-21 14:00:16,VEHICLE_00396,LOCATION_0289,TOLL,FIELD_SURVEILLANCE,0.89
VEVENT_009700,2024-07-11 10:35:16,VEHICLE_00390,LOCATION_0250,SURVEILLANCE,TOLL_PLAZA,0.92
VEVENT_009701,2025-12-01 22:17:43,VEHICLE_00727,LOCATION_0293,CHECKPOINT,FIELD_SURVEILLANCE,0.8
VEVENT_009702,2024-11-20 23:13:05,VEHICLE_00758,LOCATION_0189,TOLL,POLICE_CHECKPOINT,0.89
VEVENT_009703,2025-04-03 23:12:25,VEHICLE_00626,LOCATION_0006,SURVEILLANCE,ANPR_CAMERA,0.9
VEVENT_009704,2026-03-09 11:44:21,VEHICLE_00438,LOCATION_0167,SURVEILLANCE,FIELD_SURVEILLANCE,0.85
VEVENT_009705,2026-04-11 13:05:02,VEHICLE_00447,LOCATION_0289,SURVEILLANCE,POLICE_CHECKPOINT,0.82
VEVENT_009706,2024-12-31 11:22:55,VEHICLE_00442,LOCATION_0052,TOLL,ANPR_CAMERA,0.97
VEVENT_009707,2024-03-01 16:57:44,VEHICLE_00370,LOCATION_0101,CHECKPOINT,POLICE_CHECKPOINT,0.85
VEVENT_009708,2025-08-31 22:43:01,VEHICLE_00519,LOCATION_0022,ANPR,FIELD_SURVEILLANCE,0.84
VEVENT_009709,2025-02-19 21:54:30,VEHICLE_00430,LOCATION_0151,CHECKPOINT,ANPR_CAMERA,0.97
VEVENT_009710,2024-08-01 11:00:51,VEHICLE_00032,LOCATION_0007,SURVEILLANCE,ANPR_CAMERA,0.96
VEVENT_009711,2025-03-19 18:49:58,VEHICLE_00218,LOCATION_0274,ANPR,ANPR_CAMERA,0.83
VEVENT_009712,2025-07-09 16:00:06,VEHICLE_00146,LOCATION_0036,SURVEILLANCE,ANPR_CAMERA,0.81
VEVENT_009713,2025-11-23 09:04:08,VEHICLE_00393,LOCATION_0035,CHECKPOINT,POLICE_CHECKPOINT,0.87
VEVENT_009714,2024-09-02 12:26:50,VEHICLE_00609,LOCATION_0168,ANPR,ANPR_CAMERA,0.89
VEVENT_009715,2024-03-02 21:54:38,VEHICLE_00086,LOCATION_0287,SURVEILLANCE,ANPR_CAMERA,0.89
VEVENT_009716,2025-07-08 03:02:22,VEHICLE_00270,LOCATION_0237,ANPR,FIELD_SURVEILLANCE,0.93
VEVENT_009717,2024-01-10 00:12:30,VEHICLE_00508,LOCATION_0202,SURVEILLANCE,FIELD_SURVEILLANCE,0.92
VEVENT_009718,2024-07-21 04:08:47,VEHICLE_00238,LOCATION_0081,ANPR,FIELD_SURVEILLANCE,0.82
VEVENT_009719,2026-04-04 19:02:24,VEHICLE_00751,LOCATION_0178,SURVEILLANCE,TOLL_PLAZA,0.83
VEVENT_009720,2025-01-24 11:54:59,VEHICLE_00194,LOCATION_0089,ANPR,FIELD_SURVEILLANCE,0.89
VEVENT_009721,2026-06-01 08:51:58,VEHICLE_00104,LOCATION_0165,ANPR,FIELD_SURVEILLANCE,0.84
VEVENT_009722,2026-01-12 23:51:47,VEHICLE_00156,LOCATION_0282,ANPR,ANPR_CAMERA,0.94
VEVENT_009723,2025-06-14 13:26:55,VEHICLE_00038,LOCATION_0193,CHECKPOINT,TOLL_PLAZA,0.89
VEVENT_009724,2024-12-12 10:58:17,VEHICLE_00335,LOCATION_0122,SURVEILLANCE,FIELD_SURVEILLANCE,0.95
VEVENT_009725,2024-05-15 14:39:28,VEHICLE_00253,LOCATION_0104,SURVEILLANCE,POLICE_CHECKPOINT,0.88
VEVENT_009726,2025-12-05 20:10:50,VEHICLE_00121,LOCATION_0167,CHECKPOINT,FIELD_SURVEILLANCE,0.87
VEVENT_009727,2024-08-12 11:36:29,VEHICLE_00222,LOCATION_0140,TOLL,TOLL_PLAZA,0.92
VEVENT_009728,2025-05-08 00:33:54,VEHICLE_00386,LOCATION_0078,TOLL,TOLL_PLAZA,0.95
VEVENT_009729,2024-10-04 03:11:07,VEHICLE_00559,LOCATION_0156,CHECKPOINT,POLICE_CHECKPOINT,0.85
VEVENT_009730,2024-11-30 03:33:34,VEHICLE_00708,LOCATION_0289,SURVEILLANCE,POLICE_CHECKPOINT,0.88
VEVENT_009731,2026-05-23 13:43:51,VEHICLE_00651,LOCATION_0169,ANPR,POLICE_CHECKPOINT,0.96
VEVENT_009732,2026-01-24 19:33:29,VEHICLE_00074,LOCATION_0220,CHECKPOINT,TOLL_PLAZA,0.87
VEVENT_009733,2025-02-09 14:44:32,VEHICLE_00219,LOCATION_0055,SURVEILLANCE,ANPR_CAMERA,0.81
VEVENT_009734,2025-09-19 12:33:13,VEHICLE_00187,LOCATION_0075,CHECKPOINT,FIELD_SURVEILLANCE,0.89
VEVENT_009735,2024-02-08 23:23:06,VEHICLE_00032,LOCATION_0097,CHECKPOINT,TOLL_PLAZA,0.95
VEVENT_009736,2025-02-10 23:56:39,VEHICLE_00289,LOCATION_0008,SURVEILLANCE,TOLL_PLAZA,0.97
VEVENT_009737,2026-06-27 20:19:20,VEHICLE_00237,LOCATION_0052,TOLL,POLICE_CHECKPOINT,0.81
VEVENT_009738,2025-11-16 23:44:21,VEHICLE_00493,LOCATION_0164,SURVEILLANCE,FIELD_SURVEILLANCE,0.96
VEVENT_009739,2026-06-17 17:26:07,VEHICLE_00125,LOCATION_0163,ANPR,POLICE_CHECKPOINT,0.83
VEVENT_009740,2024-12-17 20:09:57,VEHICLE_00586,LOCATION_0239,CHECKPOINT,ANPR_CAMERA,0.83
VEVENT_009741,2024-07-07 14:31:15,VEHICLE_00712,LOCATION_0150,SURVEILLANCE,FIELD_SURVEILLANCE,0.81
VEVENT_009742,2025-11-13 18:24:53,VEHICLE_00419,LOCATION_0184,CHECKPOINT,ANPR_CAMERA,0.87
VEVENT_009743,2025-04-15 01:12:04,VEHICLE_00098,LOCATION_0257,SURVEILLANCE,ANPR_CAMERA,0.93
VEVENT_009744,2025-02-06 12:47:36,VEHICLE_00532,LOCATION_0085,TOLL,POLICE_CHECKPOINT,0.85
VEVENT_009745,2024-03-13 19:59:21,VEHICLE_00743,LOCATION_0034,ANPR,TOLL_PLAZA,0.97
VEVENT_009746,2025-05-31 08:30:49,VEHICLE_00003,LOCATION_0055,CHECKPOINT,ANPR_CAMERA,0.88
VEVENT_009747,2026-01-12 21:16:58,VEHICLE_00537,LOCATION_0141,TOLL,FIELD_SURVEILLANCE,0.93
VEVENT_009748,2026-02-03 08:13:08,VEHICLE_00070,LOCATION_0189,CHECKPOINT,POLICE_CHECKPOINT,0.9
VEVENT_009749,2024-10-02 01:09:21,VEHICLE_00687,LOCATION_0106,ANPR,FIELD_SURVEILLANCE,0.84
VEVENT_009750,2024-03-09 22:53:41,VEHICLE_00365,LOCATION_0037,CHECKPOINT,TOLL_PLAZA,0.96
VEVENT_009751,2025-05-02 03:21:02,VEHICLE_00535,LOCATION_0098,CHECKPOINT,TOLL_PLAZA,0.86
VEVENT_009752,2024-01-10 15:00:48,VEHICLE_00214,LOCATION_0260,SURVEILLANCE,POLICE_CHECKPOINT,0.83
VEVENT_009753,2025-10-19 12:48:52,VEHICLE_00596,LOCATION_0157,ANPR,FIELD_SURVEILLANCE,0.87
VEVENT_009754,2026-04-14 14:37:56,VEHICLE_00668,LOCATION_0002,SURVEILLANCE,TOLL_PLAZA,0.93
VEVENT_009755,2025-05-10 03:06:56,VEHICLE_00151,LOCATION_0137,TOLL,POLICE_CHECKPOINT,0.93
VEVENT_009756,2026-02-18 16:56:06,VEHICLE_00516,LOCATION_0173,SURVEILLANCE,ANPR_CAMERA,0.82
VEVENT_009757,2025-12-15 02:09:57,VEHICLE_00152,LOCATION_0179,CHECKPOINT,ANPR_CAMERA,0.83
VEVENT_009758,2025-06-25 00:04:31,VEHICLE_00396,LOCATION_0019,TOLL,POLICE_CHECKPOINT,0.91
VEVENT_009759,2026-06-10 01:20:42,VEHICLE_00723,LOCATION_0201,TOLL,ANPR_CAMERA,0.97
VEVENT_009760,2025-07-07 21:11:53,VEHICLE_00162,LOCATION_0081,CHECKPOINT,FIELD_SURVEILLANCE,0.85
VEVENT_009761,2025-04-01 15:28:04,VEHICLE_00026,LOCATION_0264,ANPR,FIELD_SURVEILLANCE,0.8
VEVENT_009762,2026-05-20 08:17:37,VEHICLE_00393,LOCATION_0295,TOLL,TOLL_PLAZA,0.85
VEVENT_009763,2024-01-04 23:03:33,VEHICLE_00158,LOCATION_0110,TOLL,POLICE_CHECKPOINT,0.86
VEVENT_009764,2026-05-02 18:13:33,VEHICLE_00377,LOCATION_0111,TOLL,TOLL_PLAZA,0.95
VEVENT_009765,2024-12-31 17:39:54,VEHICLE_00251,LOCATION_0035,ANPR,POLICE_CHECKPOINT,0.87
VEVENT_009766,2025-05-10 16:15:32,VEHICLE_00400,LOCATION_0073,ANPR,FIELD_SURVEILLANCE,0.85
VEVENT_009767,2025-10-10 08:23:26,VEHICLE_00586,LOCATION_0269,SURVEILLANCE,TOLL_PLAZA,0.95
VEVENT_009768,2026-02-22 16:57:27,VEHICLE_00122,LOCATION_0060,ANPR,POLICE_CHECKPOINT,0.93
VEVENT_009769,2025-01-20 20:22:52,VEHICLE_00602,LOCATION_0194,TOLL,ANPR_CAMERA,0.96
VEVENT_009770,2026-04-10 22:36:38,VEHICLE_00732,LOCATION_0250,CHECKPOINT,TOLL_PLAZA,0.89
VEVENT_009771,2025-03-22 10:59:32,VEHICLE_00711,LOCATION_0269,SURVEILLANCE,FIELD_SURVEILLANCE,0.93
VEVENT_009772,2025-07-27 16:40:16,VEHICLE_00162,LOCATION_0231,ANPR,ANPR_CAMERA,0.84
VEVENT_009773,2024-08-11 12:25:44,VEHICLE_00281,LOCATION_0058,SURVEILLANCE,ANPR_CAMERA,0.97
VEVENT_009774,2025-07-16 18:12:04,VEHICLE_00309,LOCATION_0234,CHECKPOINT,ANPR_CAMERA,0.9
VEVENT_009775,2024-02-21 00:14:06,VEHICLE_00192,LOCATION_0125,TOLL,FIELD_SURVEILLANCE,0.86
VEVENT_009776,2026-05-19 18:45:49,VEHICLE_00759,LOCATION_0103,TOLL,TOLL_PLAZA,0.86
VEVENT_009777,2025-10-20 18:21:49,VEHICLE_00422,LOCATION_0286,ANPR,ANPR_CAMERA,0.93
VEVENT_009778,2025-05-08 04:58:01,VEHICLE_00114,LOCATION_0118,TOLL,TOLL_PLAZA,0.92
VEVENT_009779,2025-08-30 15:35:55,VEHICLE_00284,LOCATION_0025,TOLL,POLICE_CHECKPOINT,0.82
VEVENT_009780,2025-04-24 23:55:57,VEHICLE_00137,LOCATION_0138,CHECKPOINT,TOLL_PLAZA,0.83
VEVENT_009781,2025-10-12 02:50:41,VEHICLE_00578,LOCATION_0083,CHECKPOINT,TOLL_PLAZA,0.9
VEVENT_009782,2025-10-17 22:40:21,VEHICLE_00290,LOCATION_0226,CHECKPOINT,TOLL_PLAZA,0.84
VEVENT_009783,2025-12-27 10:45:17,VEHICLE_00428,LOCATION_0134,ANPR,POLICE_CHECKPOINT,0.97
VEVENT_009784,2026-04-01 05:03:51,VEHICLE_00666,LOCATION_0161,TOLL,ANPR_CAMERA,0.87
VEVENT_009785,2025-02-16 06:28:14,VEHICLE_00617,LOCATION_0042,TOLL,POLICE_CHECKPOINT,0.87
VEVENT_009786,2025-11-28 17:23:06,VEHICLE_00739,LOCATION_0014,SURVEILLANCE,FIELD_SURVEILLANCE,0.93
VEVENT_009787,2025-11-30 07:27:10,VEHICLE_00041,LOCATION_0007,ANPR,ANPR_CAMERA,0.83
VEVENT_009788,2025-08-29 22:49:26,VEHICLE_00700,LOCATION_0068,ANPR,POLICE_CHECKPOINT,0.9
VEVENT_009789,2024-03-22 03:32:32,VEHICLE_00579,LOCATION_0089,TOLL,POLICE_CHECKPOINT,0.92
VEVENT_009790,2024-02-19 18:22:16,VEHICLE_00619,LOCATION_0002,SURVEILLANCE,TOLL_PLAZA,0.96
VEVENT_009791,2025-05-17 16:00:03,VEHICLE_00152,LOCATION_0009,TOLL,POLICE_CHECKPOINT,0.81
VEVENT_009792,2025-06-03 02:03:25,VEHICLE_00142,LOCATION_0185,ANPR,TOLL_PLAZA,0.94
VEVENT_009793,2025-02-18 00:37:59,VEHICLE_00595,LOCATION_0271,SURVEILLANCE,ANPR_CAMERA,0.85
VEVENT_009794,2024-01-18 13:57:06,VEHICLE_00186,LOCATION_0246,TOLL,POLICE_CHECKPOINT,0.9
VEVENT_009795,2024-01-14 22:06:48,VEHICLE_00293,LOCATION_0047,SURVEILLANCE,TOLL_PLAZA,0.82
VEVENT_009796,2025-08-04 11:58:16,VEHICLE_00360,LOCATION_0064,TOLL,ANPR_CAMERA,0.95
VEVENT_009797,2025-06-06 02:51:54,VEHICLE_00340,LOCATION_0216,ANPR,ANPR_CAMERA,0.92
VEVENT_009798,2025-01-17 01:05:17,VEHICLE_00422,LOCATION_0226,SURVEILLANCE,ANPR_CAMERA,0.82
VEVENT_009799,2025-04-17 12:26:17,VEHICLE_00554,LOCATION_0075,CHECKPOINT,FIELD_SURVEILLANCE,0.82
VEVENT_009800,2024-03-27 20:47:53,VEHICLE_00388,LOCATION_0200,TOLL,TOLL_PLAZA,0.97
VEVENT_009801,2026-05-06 02:13:11,VEHICLE_00165,LOCATION_0036,ANPR,ANPR_CAMERA,0.86
VEVENT_009802,2025-12-07 21:58:00,VEHICLE_00655,LOCATION_0049,CHECKPOINT,POLICE_CHECKPOINT,0.95
VEVENT_009803,2024-02-25 23:15:20,VEHICLE_00594,LOCATION_0238,TOLL,ANPR_CAMERA,0.95
VEVENT_009804,2024-10-05 15:32:03,VEHICLE_00621,LOCATION_0258,CHECKPOINT,TOLL_PLAZA,0.89
VEVENT_009805,2025-10-05 20:43:38,VEHICLE_00028,LOCATION_0288,SURVEILLANCE,ANPR_CAMERA,0.91
VEVENT_009806,2025-08-09 04:29:34,VEHICLE_00649,LOCATION_0224,SURVEILLANCE,TOLL_PLAZA,0.86
VEVENT_009807,2024-06-25 08:56:18,VEHICLE_00420,LOCATION_0139,SURVEILLANCE,TOLL_PLAZA,0.81
VEVENT_009808,2024-04-05 17:08:15,VEHICLE_00347,LOCATION_0098,ANPR,FIELD_SURVEILLANCE,0.94
VEVENT_009809,2025-02-19 18:59:07,VEHICLE_00197,LOCATION_0245,CHECKPOINT,ANPR_CAMERA,0.94
VEVENT_009810,2024-04-16 13:15:36,VEHICLE_00713,LOCATION_0177,ANPR,ANPR_CAMERA,0.96
VEVENT_009811,2024-07-18 13:30:38,VEHICLE_00640,LOCATION_0285,CHECKPOINT,TOLL_PLAZA,0.87
VEVENT_009812,2024-05-06 06:56:56,VEHICLE_00054,LOCATION_0060,ANPR,POLICE_CHECKPOINT,0.83
VEVENT_009813,2025-10-15 11:11:28,VEHICLE_00576,LOCATION_0160,CHECKPOINT,FIELD_SURVEILLANCE,0.81
VEVENT_009814,2024-04-01 07:19:47,VEHICLE_00199,LOCATION_0145,CHECKPOINT,ANPR_CAMERA,0.85
VEVENT_009815,2026-06-06 06:50:45,VEHICLE_00346,LOCATION_0139,CHECKPOINT,TOLL_PLAZA,0.9
VEVENT_009816,2024-12-16 04:33:05,VEHICLE_00571,LOCATION_0215,CHECKPOINT,TOLL_PLAZA,0.83
VEVENT_009817,2026-04-10 19:07:39,VEHICLE_00171,LOCATION_0028,TOLL,FIELD_SURVEILLANCE,0.81
VEVENT_009818,2025-06-15 13:50:28,VEHICLE_00075,LOCATION_0046,CHECKPOINT,POLICE_CHECKPOINT,0.88
VEVENT_009819,2025-12-04 01:40:35,VEHICLE_00390,LOCATION_0170,TOLL,ANPR_CAMERA,0.83
VEVENT_009820,2026-01-30 21:10:56,VEHICLE_00062,LOCATION_0182,CHECKPOINT,ANPR_CAMERA,0.95
VEVENT_009821,2024-05-10 15:01:51,VEHICLE_00584,LOCATION_0152,CHECKPOINT,TOLL_PLAZA,0.83
VEVENT_009822,2025-03-12 01:44:15,VEHICLE_00106,LOCATION_0081,SURVEILLANCE,POLICE_CHECKPOINT,0.97
VEVENT_009823,2025-03-02 00:08:19,VEHICLE_00155,LOCATION_0025,ANPR,POLICE_CHECKPOINT,0.81
VEVENT_009824,2026-06-29 20:20:17,VEHICLE_00422,LOCATION_0236,TOLL,FIELD_SURVEILLANCE,0.85
VEVENT_009825,2025-04-17 01:54:34,VEHICLE_00719,LOCATION_0212,SURVEILLANCE,POLICE_CHECKPOINT,0.96
VEVENT_009826,2025-04-22 07:19:34,VEHICLE_00009,LOCATION_0049,TOLL,TOLL_PLAZA,0.92
VEVENT_009827,2024-09-17 09:11:00,VEHICLE_00651,LOCATION_0219,ANPR,ANPR_CAMERA,0.9
VEVENT_009828,2024-05-19 11:44:42,VEHICLE_00220,LOCATION_0147,CHECKPOINT,POLICE_CHECKPOINT,0.87
VEVENT_009829,2024-02-08 04:00:41,VEHICLE_00254,LOCATION_0226,CHECKPOINT,POLICE_CHECKPOINT,0.85
VEVENT_009830,2024-02-27 16:14:18,VEHICLE_00469,LOCATION_0232,CHECKPOINT,FIELD_SURVEILLANCE,0.83
VEVENT_009831,2026-06-03 23:43:18,VEHICLE_00064,LOCATION_0223,TOLL,POLICE_CHECKPOINT,0.9
VEVENT_009832,2025-11-04 11:12:19,VEHICLE_00709,LOCATION_0045,SURVEILLANCE,FIELD_SURVEILLANCE,0.88
VEVENT_009833,2025-11-01 09:28:46,VEHICLE_00143,LOCATION_0117,SURVEILLANCE,TOLL_PLAZA,0.95
VEVENT_009834,2024-07-03 09:26:48,VEHICLE_00721,LOCATION_0180,CHECKPOINT,TOLL_PLAZA,0.92
VEVENT_009835,2025-07-01 00:37:57,VEHICLE_00277,LOCATION_0279,TOLL,FIELD_SURVEILLANCE,0.92
VEVENT_009836,2025-09-23 12:10:26,VEHICLE_00019,LOCATION_0102,CHECKPOINT,POLICE_CHECKPOINT,0.92
VEVENT_009837,2024-05-06 00:18:03,VEHICLE_00650,LOCATION_0036,CHECKPOINT,TOLL_PLAZA,0.94
VEVENT_009838,2024-06-22 16:41:05,VEHICLE_00104,LOCATION_0295,TOLL,FIELD_SURVEILLANCE,0.92
VEVENT_009839,2026-06-07 01:42:31,VEHICLE_00214,LOCATION_0250,SURVEILLANCE,ANPR_CAMERA,0.85
VEVENT_009840,2025-05-04 18:24:45,VEHICLE_00545,LOCATION_0186,TOLL,TOLL_PLAZA,0.85
VEVENT_009841,2025-05-08 20:10:14,VEHICLE_00582,LOCATION_0046,SURVEILLANCE,FIELD_SURVEILLANCE,0.91
VEVENT_009842,2024-09-13 14:05:19,VEHICLE_00673,LOCATION_0296,ANPR,POLICE_CHECKPOINT,0.96
VEVENT_009843,2026-01-11 17:51:04,VEHICLE_00170,LOCATION_0261,TOLL,POLICE_CHECKPOINT,0.95
VEVENT_009844,2025-07-20 09:38:01,VEHICLE_00184,LOCATION_0114,TOLL,FIELD_SURVEILLANCE,0.8
VEVENT_009845,2025-08-21 23:25:53,VEHICLE_00012,LOCATION_0296,SURVEILLANCE,POLICE_CHECKPOINT,0.89
VEVENT_009846,2024-10-30 17:17:53,VEHICLE_00191,LOCATION_0193,SURVEILLANCE,ANPR_CAMERA,0.85
VEVENT_009847,2025-10-27 06:42:13,VEHICLE_00213,LOCATION_0252,TOLL,TOLL_PLAZA,0.89
VEVENT_009848,2024-11-29 06:40:33,VEHICLE_00265,LOCATION_0107,SURVEILLANCE,TOLL_PLAZA,0.89
VEVENT_009849,2024-03-30 16:54:55,VEHICLE_00033,LOCATION_0263,SURVEILLANCE,TOLL_PLAZA,0.91
VEVENT_009850,2024-07-29 10:00:20,VEHICLE_00472,LOCATION_0279,TOLL,POLICE_CHECKPOINT,0.83
VEVENT_009851,2026-01-08 15:07:39,VEHICLE_00234,LOCATION_0117,SURVEILLANCE,TOLL_PLAZA,0.94
VEVENT_009852,2025-10-10 18:25:26,VEHICLE_00536,LOCATION_0257,ANPR,FIELD_SURVEILLANCE,0.96
VEVENT_009853,2025-06-10 05:12:58,VEHICLE_00659,LOCATION_0220,SURVEILLANCE,POLICE_CHECKPOINT,0.94
VEVENT_009854,2025-10-13 22:45:55,VEHICLE_00533,LOCATION_0288,ANPR,ANPR_CAMERA,0.87
VEVENT_009855,2025-09-17 14:08:15,VEHICLE_00146,LOCATION_0076,SURVEILLANCE,TOLL_PLAZA,0.83
VEVENT_009856,2024-02-03 00:26:52,VEHICLE_00425,LOCATION_0118,SURVEILLANCE,FIELD_SURVEILLANCE,0.83
VEVENT_009857,2024-09-14 03:28:22,VEHICLE_00249,LOCATION_0064,SURVEILLANCE,TOLL_PLAZA,0.89
VEVENT_009858,2025-03-27 12:51:42,VEHICLE_00404,LOCATION_0037,SURVEILLANCE,POLICE_CHECKPOINT,0.95
VEVENT_009859,2024-09-29 10:37:19,VEHICLE_00628,LOCATION_0259,TOLL,TOLL_PLAZA,0.95
VEVENT_009860,2026-02-28 18:28:15,VEHICLE_00085,LOCATION_0077,ANPR,FIELD_SURVEILLANCE,0.84
VEVENT_009861,2025-11-18 08:19:22,VEHICLE_00670,LOCATION_0089,TOLL,ANPR_CAMERA,0.95
VEVENT_009862,2024-03-31 07:05:37,VEHICLE_00405,LOCATION_0114,TOLL,POLICE_CHECKPOINT,0.9
VEVENT_009863,2025-02-26 21:30:28,VEHICLE_00227,LOCATION_0142,SURVEILLANCE,TOLL_PLAZA,0.94
VEVENT_009864,2024-03-03 06:47:40,VEHICLE_00386,LOCATION_0208,SURVEILLANCE,FIELD_SURVEILLANCE,0.96
VEVENT_009865,2024-10-02 12:48:12,VEHICLE_00272,LOCATION_0078,ANPR,FIELD_SURVEILLANCE,0.96
VEVENT_009866,2024-02-16 05:13:09,VEHICLE_00471,LOCATION_0029,ANPR,POLICE_CHECKPOINT,0.97
VEVENT_009867,2024-03-07 15:42:19,VEHICLE_00676,LOCATION_0111,CHECKPOINT,POLICE_CHECKPOINT,0.87
VEVENT_009868,2025-05-28 10:17:08,VEHICLE_00503,LOCATION_0129,CHECKPOINT,ANPR_CAMERA,0.91
VEVENT_009869,2024-05-26 15:31:59,VEHICLE_00133,LOCATION_0023,TOLL,POLICE_CHECKPOINT,0.88
VEVENT_009870,2024-03-09 06:24:52,VEHICLE_00547,LOCATION_0091,ANPR,POLICE_CHECKPOINT,0.81
VEVENT_009871,2024-06-25 22:47:50,VEHICLE_00741,LOCATION_0198,TOLL,ANPR_CAMERA,0.93
VEVENT_009872,2024-11-13 22:50:59,VEHICLE_00320,LOCATION_0033,ANPR,TOLL_PLAZA,0.93
VEVENT_009873,2026-03-13 05:33:00,VEHICLE_00413,LOCATION_0269,SURVEILLANCE,POLICE_CHECKPOINT,0.88
VEVENT_009874,2025-08-09 10:36:30,VEHICLE_00127,LOCATION_0199,ANPR,TOLL_PLAZA,0.86
VEVENT_009875,2024-01-14 22:57:58,VEHICLE_00330,LOCATION_0261,ANPR,TOLL_PLAZA,0.87
VEVENT_009876,2025-08-11 10:55:44,VEHICLE_00460,LOCATION_0110,CHECKPOINT,TOLL_PLAZA,0.89
VEVENT_009877,2024-10-11 17:36:14,VEHICLE_00177,LOCATION_0274,ANPR,FIELD_SURVEILLANCE,0.85
VEVENT_009878,2025-03-13 13:51:44,VEHICLE_00139,LOCATION_0271,ANPR,POLICE_CHECKPOINT,0.95
VEVENT_009879,2024-08-13 17:16:13,VEHICLE_00411,LOCATION_0261,SURVEILLANCE,ANPR_CAMERA,0.81
VEVENT_009880,2026-01-13 23:25:20,VEHICLE_00401,LOCATION_0186,TOLL,TOLL_PLAZA,0.86
VEVENT_009881,2024-02-08 00:22:57,VEHICLE_00636,LOCATION_0238,ANPR,FIELD_SURVEILLANCE,0.93
VEVENT_009882,2026-01-03 15:50:25,VEHICLE_00135,LOCATION_0017,CHECKPOINT,ANPR_CAMERA,0.9
VEVENT_009883,2024-10-21 08:23:45,VEHICLE_00387,LOCATION_0141,TOLL,FIELD_SURVEILLANCE,0.88
VEVENT_009884,2024-10-27 11:55:41,VEHICLE_00443,LOCATION_0125,CHECKPOINT,ANPR_CAMERA,0.92
VEVENT_009885,2025-07-04 03:33:38,VEHICLE_00306,LOCATION_0067,TOLL,FIELD_SURVEILLANCE,0.95
VEVENT_009886,2026-06-11 05:39:50,VEHICLE_00279,LOCATION_0227,CHECKPOINT,FIELD_SURVEILLANCE,0.97
VEVENT_009887,2025-07-28 06:59:15,VEHICLE_00723,LOCATION_0151,ANPR,POLICE_CHECKPOINT,0.95
VEVENT_009888,2025-10-25 09:02:28,VEHICLE_00424,LOCATION_0143,CHECKPOINT,ANPR_CAMERA,0.96
VEVENT_009889,2024-10-08 23:46:59,VEHICLE_00280,LOCATION_0141,SURVEILLANCE,ANPR_CAMERA,0.84
VEVENT_009890,2024-02-07 10:46:25,VEHICLE_00349,LOCATION_0169,TOLL,ANPR_CAMERA,0.93
VEVENT_009891,2024-12-04 00:45:31,VEHICLE_00651,LOCATION_0279,CHECKPOINT,ANPR_CAMERA,0.94
VEVENT_009892,2025-10-13 23:03:22,VEHICLE_00686,LOCATION_0073,SURVEILLANCE,POLICE_CHECKPOINT,0.94
VEVENT_009893,2026-01-04 01:53:26,VEHICLE_00731,LOCATION_0058,ANPR,POLICE_CHECKPOINT,0.87
VEVENT_009894,2025-10-14 17:25:04,VEHICLE_00460,LOCATION_0210,CHECKPOINT,TOLL_PLAZA,0.83
VEVENT_009895,2025-09-24 04:57:28,VEHICLE_00239,LOCATION_0154,TOLL,TOLL_PLAZA,0.91
VEVENT_009896,2025-10-26 14:56:42,VEHICLE_00386,LOCATION_0148,CHECKPOINT,TOLL_PLAZA,0.84
VEVENT_009897,2025-06-22 17:42:00,VEHICLE_00736,LOCATION_0075,ANPR,ANPR_CAMERA,0.93
VEVENT_009898,2025-08-11 00:27:37,VEHICLE_00759,LOCATION_0153,CHECKPOINT,ANPR_CAMERA,0.83
VEVENT_009899,2024-08-02 12:04:45,VEHICLE_00313,LOCATION_0296,ANPR,POLICE_CHECKPOINT,0.9
VEVENT_009900,2024-10-22 06:13:15,VEHICLE_00688,LOCATION_0099,SURVEILLANCE,TOLL_PLAZA,0.96
VEVENT_009901,2024-05-04 16:30:19,VEHICLE_00226,LOCATION_0005,TOLL,POLICE_CHECKPOINT,0.83
VEVENT_009902,2026-06-13 20:00:24,VEHICLE_00128,LOCATION_0018,ANPR,FIELD_SURVEILLANCE,0.85
VEVENT_009903,2024-12-22 07:31:18,VEHICLE_00063,LOCATION_0149,TOLL,FIELD_SURVEILLANCE,0.85
VEVENT_009904,2025-05-08 23:39:31,VEHICLE_00243,LOCATION_0204,TOLL,POLICE_CHECKPOINT,0.83
VEVENT_009905,2025-09-08 07:33:17,VEHICLE_00206,LOCATION_0197,CHECKPOINT,ANPR_CAMERA,0.92
VEVENT_009906,2024-01-25 21:22:09,VEHICLE_00289,LOCATION_0188,CHECKPOINT,TOLL_PLAZA,0.96
VEVENT_009907,2026-06-14 08:30:00,VEHICLE_00726,LOCATION_0113,ANPR,FIELD_SURVEILLANCE,0.85
VEVENT_009908,2026-04-03 10:09:26,VEHICLE_00542,LOCATION_0026,TOLL,TOLL_PLAZA,0.88
VEVENT_009909,2024-09-18 07:11:52,VEHICLE_00594,LOCATION_0298,CHECKPOINT,FIELD_SURVEILLANCE,0.95
VEVENT_009910,2025-03-19 21:15:16,VEHICLE_00751,LOCATION_0098,ANPR,FIELD_SURVEILLANCE,0.85
VEVENT_009911,2024-02-29 11:04:15,VEHICLE_00693,LOCATION_0185,SURVEILLANCE,TOLL_PLAZA,0.88
VEVENT_009912,2024-07-02 15:59:34,VEHICLE_00173,LOCATION_0124,CHECKPOINT,ANPR_CAMERA,0.89
VEVENT_009913,2026-03-09 20:54:16,VEHICLE_00385,LOCATION_0154,CHECKPOINT,FIELD_SURVEILLANCE,0.85
VEVENT_009914,2025-04-18 00:23:06,VEHICLE_00088,LOCATION_0160,TOLL,ANPR_CAMERA,0.91
VEVENT_009915,2024-03-24 01:56:38,VEHICLE_00551,LOCATION_0200,CHECKPOINT,POLICE_CHECKPOINT,0.95
VEVENT_009916,2024-04-26 18:09:49,VEHICLE_00451,LOCATION_0166,CHECKPOINT,ANPR_CAMERA,0.9
VEVENT_009917,2025-03-06 07:49:22,VEHICLE_00051,LOCATION_0271,CHECKPOINT,POLICE_CHECKPOINT,0.81
VEVENT_009918,2025-04-03 16:18:41,VEHICLE_00219,LOCATION_0165,CHECKPOINT,ANPR_CAMERA,0.97
VEVENT_009919,2026-06-01 06:11:46,VEHICLE_00417,LOCATION_0270,SURVEILLANCE,ANPR_CAMERA,0.83
VEVENT_009920,2026-01-13 04:56:33,VEHICLE_00452,LOCATION_0201,ANPR,POLICE_CHECKPOINT,0.8
VEVENT_009921,2024-11-01 00:29:40,VEHICLE_00083,LOCATION_0278,SURVEILLANCE,FIELD_SURVEILLANCE,0.82
VEVENT_009922,2024-12-05 16:48:37,VEHICLE_00041,LOCATION_0027,ANPR,POLICE_CHECKPOINT,0.81
VEVENT_009923,2026-04-06 06:41:22,VEHICLE_00257,LOCATION_0263,TOLL,ANPR_CAMERA,0.93
VEVENT_009924,2024-11-24 00:15:48,VEHICLE_00284,LOCATION_0045,TOLL,POLICE_CHECKPOINT,0.93
VEVENT_009925,2024-07-28 20:48:38,VEHICLE_00742,LOCATION_0037,CHECKPOINT,TOLL_PLAZA,0.93
VEVENT_009926,2024-09-03 06:45:35,VEHICLE_00382,LOCATION_0173,TOLL,FIELD_SURVEILLANCE,0.85
VEVENT_009927,2024-04-06 04:59:16,VEHICLE_00282,LOCATION_0001,TOLL,FIELD_SURVEILLANCE,0.85
VEVENT_009928,2024-05-25 21:38:00,VEHICLE_00169,LOCATION_0091,ANPR,POLICE_CHECKPOINT,0.88
VEVENT_009929,2026-04-18 22:40:08,VEHICLE_00235,LOCATION_0122,SURVEILLANCE,POLICE_CHECKPOINT,0.89
VEVENT_009930,2026-04-06 05:16:33,VEHICLE_00310,LOCATION_0080,CHECKPOINT,FIELD_SURVEILLANCE,0.81
VEVENT_009931,2025-04-22 18:54:56,VEHICLE_00075,LOCATION_0186,SURVEILLANCE,FIELD_SURVEILLANCE,0.94
VEVENT_009932,2024-05-16 02:18:41,VEHICLE_00370,LOCATION_0291,TOLL,FIELD_SURVEILLANCE,0.88
VEVENT_009933,2026-02-14 19:18:59,VEHICLE_00623,LOCATION_0164,ANPR,ANPR_CAMERA,0.9
VEVENT_009934,2024-09-20 15:05:59,VEHICLE_00067,LOCATION_0100,CHECKPOINT,FIELD_SURVEILLANCE,0.94
VEVENT_009935,2026-05-15 23:19:37,VEHICLE_00655,LOCATION_0189,TOLL,FIELD_SURVEILLANCE,0.89
VEVENT_009936,2026-03-04 05:30:43,VEHICLE_00389,LOCATION_0117,ANPR,FIELD_SURVEILLANCE,0.82
VEVENT_009937,2024-10-02 18:59:27,VEHICLE_00655,LOCATION_0129,CHECKPOINT,FIELD_SURVEILLANCE,0.9
VEVENT_009938,2025-03-11 19:25:51,VEHICLE_00034,LOCATION_0276,SURVEILLANCE,FIELD_SURVEILLANCE,0.97
VEVENT_009939,2025-05-07 13:02:52,VEHICLE_00353,LOCATION_0264,TOLL,POLICE_CHECKPOINT,0.9
VEVENT_009940,2024-10-30 18:21:43,VEHICLE_00107,LOCATION_0069,SURVEILLANCE,TOLL_PLAZA,0.97
VEVENT_009941,2025-02-05 18:07:49,VEHICLE_00517,LOCATION_0229,TOLL,POLICE_CHECKPOINT,0.96
VEVENT_009942,2024-12-20 02:41:17,VEHICLE_00745,LOCATION_0265,SURVEILLANCE,FIELD_SURVEILLANCE,0.86
VEVENT_009943,2025-12-07 17:43:47,VEHICLE_00672,LOCATION_0277,TOLL,POLICE_CHECKPOINT,0.93
VEVENT_009944,2026-03-19 21:13:26,VEHICLE_00387,LOCATION_0251,ANPR,FIELD_SURVEILLANCE,0.94
VEVENT_009945,2025-05-14 01:04:34,VEHICLE_00424,LOCATION_0203,ANPR,POLICE_CHECKPOINT,0.93
VEVENT_009946,2024-11-11 19:07:44,VEHICLE_00556,LOCATION_0219,CHECKPOINT,FIELD_SURVEILLANCE,0.81
VEVENT_009947,2025-02-21 13:11:18,VEHICLE_00321,LOCATION_0051,TOLL,ANPR_CAMERA,0.89
VEVENT_009948,2024-11-10 01:21:23,VEHICLE_00416,LOCATION_0267,TOLL,TOLL_PLAZA,0.96
VEVENT_009949,2024-08-15 09:09:04,VEHICLE_00026,LOCATION_0164,CHECKPOINT,ANPR_CAMERA,0.93
VEVENT_009950,2026-05-08 23:52:45,VEHICLE_00581,LOCATION_0056,TOLL,POLICE_CHECKPOINT,0.9
VEVENT_009951,2026-01-11 20:08:38,VEHICLE_00687,LOCATION_0066,SURVEILLANCE,TOLL_PLAZA,0.84
VEVENT_009952,2025-01-06 00:17:39,VEHICLE_00356,LOCATION_0286,CHECKPOINT,FIELD_SURVEILLANCE,0.86
VEVENT_009953,2024-08-10 14:32:14,VEHICLE_00431,LOCATION_0055,SURVEILLANCE,TOLL_PLAZA,0.86
VEVENT_009954,2026-02-21 05:16:39,VEHICLE_00406,LOCATION_0158,SURVEILLANCE,TOLL_PLAZA,0.88
VEVENT_009955,2024-06-21 17:14:55,VEHICLE_00205,LOCATION_0035,ANPR,POLICE_CHECKPOINT,0.95
VEVENT_009956,2024-10-15 21:29:57,VEHICLE_00058,LOCATION_0022,CHECKPOINT,FIELD_SURVEILLANCE,0.92
VEVENT_009957,2025-11-18 09:16:38,VEHICLE_00083,LOCATION_0188,SURVEILLANCE,TOLL_PLAZA,0.92
VEVENT_009958,2025-05-31 05:09:24,VEHICLE_00309,LOCATION_0244,SURVEILLANCE,FIELD_SURVEILLANCE,0.8
VEVENT_009959,2025-07-13 19:05:55,VEHICLE_00096,LOCATION_0032,CHECKPOINT,ANPR_CAMERA,0.91
VEVENT_009960,2025-04-15 22:25:38,VEHICLE_00590,LOCATION_0013,ANPR,FIELD_SURVEILLANCE,0.86
VEVENT_009961,2025-10-14 14:58:37,VEHICLE_00238,LOCATION_0051,ANPR,FIELD_SURVEILLANCE,0.81
VEVENT_009962,2025-08-13 17:59:17,VEHICLE_00561,LOCATION_0082,SURVEILLANCE,TOLL_PLAZA,0.87
VEVENT_009963,2026-02-12 15:06:29,VEHICLE_00246,LOCATION_0267,SURVEILLANCE,FIELD_SURVEILLANCE,0.83
VEVENT_009964,2025-11-17 10:36:37,VEHICLE_00119,LOCATION_0242,CHECKPOINT,FIELD_SURVEILLANCE,0.91
VEVENT_009965,2025-09-01 19:41:15,VEHICLE_00439,LOCATION_0059,CHECKPOINT,TOLL_PLAZA,0.9
VEVENT_009966,2025-04-02 19:58:52,VEHICLE_00550,LOCATION_0282,CHECKPOINT,FIELD_SURVEILLANCE,0.81
VEVENT_009967,2024-01-24 02:44:32,VEHICLE_00292,LOCATION_0183,SURVEILLANCE,ANPR_CAMERA,0.88
VEVENT_009968,2026-01-25 00:18:18,VEHICLE_00662,LOCATION_0258,CHECKPOINT,ANPR_CAMERA,0.84
VEVENT_009969,2026-05-26 01:49:32,VEHICLE_00302,LOCATION_0194,ANPR,TOLL_PLAZA,0.88
VEVENT_009970,2026-02-26 13:03:18,VEHICLE_00554,LOCATION_0195,ANPR,ANPR_CAMERA,0.89
VEVENT_009971,2024-06-23 09:43:15,VEHICLE_00307,LOCATION_0219,SURVEILLANCE,ANPR_CAMERA,0.8
VEVENT_009972,2026-06-15 06:07:59,VEHICLE_00128,LOCATION_0128,TOLL,POLICE_CHECKPOINT,0.85
VEVENT_009973,2025-02-01 14:05:13,VEHICLE_00570,LOCATION_0151,CHECKPOINT,FIELD_SURVEILLANCE,0.86
VEVENT_009974,2024-11-14 20:56:28,VEHICLE_00377,LOCATION_0071,SURVEILLANCE,FIELD_SURVEILLANCE,0.84
VEVENT_009975,2025-04-05 08:49:06,VEHICLE_00722,LOCATION_0163,TOLL,ANPR_CAMERA,0.96
VEVENT_009976,2024-05-06 08:21:33,VEHICLE_00587,LOCATION_0220,TOLL,POLICE_CHECKPOINT,0.85
VEVENT_009977,2024-02-18 09:53:04,VEHICLE_00352,LOCATION_0119,TOLL,POLICE_CHECKPOINT,0.95
VEVENT_009978,2025-06-25 22:30:51,VEHICLE_00003,LOCATION_0125,TOLL,POLICE_CHECKPOINT,0.8
VEVENT_009979,2025-05-26 20:38:36,VEHICLE_00690,LOCATION_0276,ANPR,ANPR_CAMERA,0.89
VEVENT_009980,2024-07-16 22:30:11,VEHICLE_00293,LOCATION_0067,ANPR,TOLL_PLAZA,0.96
VEVENT_009981,2024-03-27 13:38:20,VEHICLE_00541,LOCATION_0060,CHECKPOINT,ANPR_CAMERA,0.81
VEVENT_009982,2025-08-16 03:54:13,VEHICLE_00534,LOCATION_0097,CHECKPOINT,POLICE_CHECKPOINT,0.97
VEVENT_009983,2026-01-13 06:30:54,VEHICLE_00394,LOCATION_0002,ANPR,TOLL_PLAZA,0.93
VEVENT_009984,2026-04-14 03:32:57,VEHICLE_00490,LOCATION_0198,TOLL,ANPR_CAMERA,0.86
VEVENT_009985,2025-09-10 00:13:24,VEHICLE_00346,LOCATION_0069,ANPR,POLICE_CHECKPOINT,0.96
VEVENT_009986,2025-06-16 16:38:38,VEHICLE_00024,LOCATION_0244,SURVEILLANCE,TOLL_PLAZA,0.86
VEVENT_009987,2024-04-21 23:13:59,VEHICLE_00566,LOCATION_0159,SURVEILLANCE,POLICE_CHECKPOINT,0.87
VEVENT_009988,2026-02-11 02:25:01,VEHICLE_00350,LOCATION_0129,ANPR,POLICE_CHECKPOINT,0.88
VEVENT_009989,2024-12-19 22:32:25,VEHICLE_00720,LOCATION_0177,SURVEILLANCE,FIELD_SURVEILLANCE,0.83
VEVENT_009990,2025-10-08 16:51:44,VEHICLE_00306,LOCATION_0017,TOLL,POLICE_CHECKPOINT,0.92
VEVENT_009991,2024-05-05 16:18:34,VEHICLE_00060,LOCATION_0035,SURVEILLANCE,FIELD_SURVEILLANCE,0.93
VEVENT_009992,2025-04-07 09:28:44,VEHICLE_00653,LOCATION_0224,TOLL,POLICE_CHECKPOINT,0.86
VEVENT_009993,2025-01-09 19:52:36,VEHICLE_00055,LOCATION_0266,ANPR,POLICE_CHECKPOINT,0.82
VEVENT_009994,2024-09-23 15:19:32,VEHICLE_00212,LOCATION_0258,SURVEILLANCE,POLICE_CHECKPOINT,0.88
VEVENT_009995,2025-02-13 02:23:24,VEHICLE_00572,LOCATION_0201,TOLL,FIELD_SURVEILLANCE,0.97
VEVENT_009996,2024-08-25 20:14:50,VEHICLE_00441,LOCATION_0274,SURVEILLANCE,POLICE_CHECKPOINT,0.97
VEVENT_009997,2025-07-21 06:26:12,VEHICLE_00195,LOCATION_0003,CHECKPOINT,ANPR_CAMERA,0.87
VEVENT_009998,2025-04-28 12:55:21,VEHICLE_00604,LOCATION_0013,CHECKPOINT,ANPR_CAMERA,0.81
VEVENT_009999,2025-08-24 17:17:19,VEHICLE_00176,LOCATION_0212,SURVEILLANCE,POLICE_CHECKPOINT,0.9
VEVENT_010000,2024-10-03 10:16:23,VEHICLE_00182,LOCATION_0074,SURVEILLANCE,TOLL_PLAZA,0.82
