relationship_id,source_entity_id,target_entity_id,relationship_type,ground_truth_status
REL_000001,PERSON_0004,PERSON_1191,ASSOCIATED_WITH,FALSE_POSITIVE
REL_000002,PERSON_0010,PERSON_1214,ASSOCIATED_WITH,FALSE_POSITIVE
REL_000003,PERSON_0026,PERSON_0397,POTENTIAL_OPERATIONAL_LINK,CONFIRMED
REL_000004,PERSON_1476,PERSON_0026,POTENTIAL_OPERATIONAL_LINK,CONFIRMED
REL_000005,PERSON_0027,PERSON_0248,ASSOCIATED_WITH,FALSE_POSITIVE
REL_000006,PERSON_0030,PERSON_0180,POTENTIAL_OPERATIONAL_LINK,CONFIRMED
REL_000007,PERSON_0037,PERSON_1449,POTENTIAL_OPERATIONAL_LINK,CONFIRMED
REL_000008,PERSON_0037,PERSON_1499,POTENTIAL_OPERATIONAL_LINK,CONFIRMED
REL_000009,PERSON_0055,PERSON_0867,ASSOCIATED_WITH,FALSE_POSITIVE
REL_000010,PERSON_0077,PERSON_1318,ASSOCIATED_WITH,FALSE_POSITIVE
REL_000011,PERSON_0096,PERSON_0950,POTENTIAL_OPERATIONAL_LINK,CONFIRMED
REL_000012,PERSON_0098,PERSON_0177,ASSOCIATED_WITH,INNOCENT
REL_000013,PERSON_0104,PERSON_1433,POTENTIAL_OPERATIONAL_LINK,CONFIRMED
REL_000014,PERSON_0105,PERSON_1002,POTENTIAL_OPERATIONAL_LINK,CONFIRMED
REL_000015,PERSON_0105,PERSON_1008,POTENTIAL_OPERATIONAL_LINK,CONFIRMED
REL_000016,PERSON_0138,PERSON_0871,ASSOCIATED_WITH,FALSE_POSITIVE
REL_000017,PERSON_0173,PERSON_0369,ASSOCIATED_WITH,FALSE_POSITIVE
REL_000018,PERSON_0180,PERSON_0551,POTENTIAL_OPERATIONAL_LINK,CONFIRMED
REL_000019,PERSON_0216,PERSON_1329,ASSOCIATED_WITH,FALSE_POSITIVE
REL_000020,PERSON_0217,PERSON_1217,ASSOCIATED_WITH,FALSE_POSITIVE
REL_000021,PERSON_0225,PERSON_0806,ASSOCIATED_WITH,INNOCENT
REL_000022,PERSON_0243,PERSON_0559,ASSOCIATED_WITH,INNOCENT
REL_000023,PERSON_0256,PERSON_1046,POTENTIAL_OPERATIONAL_LINK,CONFIRMED
REL_000024,PERSON_0256,PERSON_1376,POTENTIAL_OPERATIONAL_LINK,CONFIRMED
REL_000025,PERSON_0261,PERSON_0534,ASSOCIATED_WITH,FALSE_POSITIVE
REL_000026,PERSON_0265,PERSON_0730,ASSOCIATED_WITH,FALSE_POSITIVE
REL_000027,PERSON_0266,PERSON_1170,POTENTIAL_OPERATIONAL_LINK,CONFIRMED
REL_000028,PERSON_0294,PERSON_0440,ASSOCIATED_WITH,FALSE_POSITIVE
REL_000029,PERSON_0339,PERSON_1432,ASSOCIATED_WITH,FALSE_POSITIVE
REL_000030,PERSON_0367,PERSON_0413,ASSOCIATED_WITH,FALSE_POSITIVE
REL_000031,PERSON_0371,PERSON_0611,ASSOCIATED_WITH,INNOCENT
REL_000032,PERSON_0373,PERSON_0411,ASSOCIATED_WITH,INNOCENT
REL_000033,PERSON_0397,PERSON_0405,POTENTIAL_OPERATIONAL_LINK,CONFIRMED
REL_000034,PERSON_0398,PERSON_0736,POTENTIAL_OPERATIONAL_LINK,CONFIRMED
REL_000035,PERSON_0403,PERSON_0743,ASSOCIATED_WITH,FALSE_POSITIVE
REL_000036,PERSON_0405,PERSON_1459,POTENTIAL_OPERATIONAL_LINK,CONFIRMED
REL_000037,PERSON_0417,PERSON_1447,ASSOCIATED_WITH,INNOCENT
REL_000038,PERSON_0423,PERSON_0784,POTENTIAL_OPERATIONAL_LINK,CONFIRMED
REL_000039,PERSON_0445,PERSON_0673,ASSOCIATED_WITH,INNOCENT
REL_000040,PERSON_0452,PERSON_1131,ASSOCIATED_WITH,FALSE_POSITIVE
REL_000041,PERSON_0478,PERSON_1369,ASSOCIATED_WITH,FALSE_POSITIVE
REL_000042,PERSON_0486,PERSON_1343,POTENTIAL_OPERATIONAL_LINK,CONFIRMED
REL_000043,PERSON_0509,PERSON_1184,ASSOCIATED_WITH,FALSE_POSITIVE
REL_000044,PERSON_0522,PERSON_1026,ASSOCIATED_WITH,INNOCENT
REL_000045,PERSON_0527,PERSON_1163,ASSOCIATED_WITH,FALSE_POSITIVE
REL_000046,PERSON_0539,PERSON_1358,ASSOCIATED_WITH,FALSE_POSITIVE
REL_000047,PERSON_0551,PERSON_1433,POTENTIAL_OPERATIONAL_LINK,CONFIRMED
REL_000048,PERSON_0560,PERSON_1441,ASSOCIATED_WITH,INNOCENT
REL_000049,PERSON_0565,PERSON_1272,ASSOCIATED_WITH,FALSE_POSITIVE
REL_000050,PERSON_0570,PERSON_1132,ASSOCIATED_WITH,INNOCENT
REL_000051,PERSON_0580,PERSON_0784,POTENTIAL_OPERATIONAL_LINK,CONFIRMED
REL_000052,PERSON_0580,PERSON_0903,POTENTIAL_OPERATIONAL_LINK,CONFIRMED
REL_000053,PERSON_0582,PERSON_1241,ASSOCIATED_WITH,FALSE_POSITIVE
REL_000054,PERSON_0603,PERSON_1385,ASSOCIATED_WITH,FALSE_POSITIVE
REL_000055,PERSON_0639,PERSON_0671,POTENTIAL_OPERATIONAL_LINK,CONFIRMED
REL_000056,PERSON_0639,PERSON_1203,POTENTIAL_OPERATIONAL_LINK,CONFIRMED
REL_000057,PERSON_0669,PERSON_0789,ASSOCIATED_WITH,INNOCENT
REL_000058,PERSON_0710,PERSON_1322,ASSOCIATED_WITH,FALSE_POSITIVE
REL_000059,PERSON_0720,PERSON_0950,POTENTIAL_OPERATIONAL_LINK,CONFIRMED
REL_000060,PERSON_0720,PERSON_1060,POTENTIAL_OPERATIONAL_LINK,CONFIRMED
REL_000061,PERSON_0725,PERSON_0903,POTENTIAL_OPERATIONAL_LINK,CONFIRMED
REL_000062,PERSON_0736,PERSON_0785,POTENTIAL_OPERATIONAL_LINK,CONFIRMED
REL_000063,PERSON_0794,PERSON_1327,ASSOCIATED_WITH,INNOCENT
REL_000064,PERSON_0809,PERSON_0969,POTENTIAL_OPERATIONAL_LINK,CONFIRMED
REL_000065,PERSON_0833,PERSON_1232,POTENTIAL_OPERATIONAL_LINK,CONFIRMED
REL_000066,PERSON_0833,PERSON_1343,POTENTIAL_OPERATIONAL_LINK,CONFIRMED
REL_000067,PERSON_0884,PERSON_1446,ASSOCIATED_WITH,FALSE_POSITIVE
REL_000068,PERSON_0892,PERSON_1159,ASSOCIATED_WITH,FALSE_POSITIVE
REL_000069,PERSON_0894,PERSON_1383,ASSOCIATED_WITH,FALSE_POSITIVE
REL_000070,PERSON_0945,PERSON_1203,POTENTIAL_OPERATIONAL_LINK,CONFIRMED
REL_000071,PERSON_0966,PERSON_0981,ASSOCIATED_WITH,FALSE_POSITIVE
REL_000072,PERSON_0969,PERSON_1226,POTENTIAL_OPERATIONAL_LINK,CONFIRMED
REL_000073,PERSON_0991,PERSON_1166,ASSOCIATED_WITH,FALSE_POSITIVE
REL_000074,PERSON_1002,PERSON_1269,POTENTIAL_OPERATIONAL_LINK,CONFIRMED
REL_000075,PERSON_1046,PERSON_1242,POTENTIAL_OPERATIONAL_LINK,CONFIRMED
REL_000076,PERSON_1079,PERSON_1278,ASSOCIATED_WITH,FALSE_POSITIVE
REL_000077,PERSON_1104,PERSON_1226,POTENTIAL_OPERATIONAL_LINK,CONFIRMED
REL_000078,PERSON_1114,PERSON_1421,ASSOCIATED_WITH,FALSE_POSITIVE
REL_000079,PERSON_1170,PERSON_1190,POTENTIAL_OPERATIONAL_LINK,CONFIRMED
REL_000080,PERSON_1303,PERSON_1449,POTENTIAL_OPERATIONAL_LINK,CONFIRMED
REL_000081,PERSON_1332,PERSON_1390,ASSOCIATED_WITH,INNOCENT
REL_000082,PERSON_1350,PERSON_1380,ASSOCIATED_WITH,FALSE_POSITIVE
REL_000083,PERSON_1049,PERSON_1236,CALLED,WEAK
REL_000084,PERSON_0631,PERSON_1432,CALLED,UNKNOWN
REL_000085,PERSON_0521,PERSON_1249,CALLED,WEAK
REL_000086,PERSON_0191,PERSON_0456,CALLED,LIKELY
REL_000087,PERSON_0342,PERSON_1256,CALLED,LIKELY
REL_000088,PERSON_0266,PERSON_1400,CALLED,UNKNOWN
REL_000089,PERSON_1081,PERSON_1112,CALLED,LIKELY
REL_000090,PERSON_0141,PERSON_0909,CALLED,LIKELY
REL_000091,PERSON_0023,PERSON_0063,CALLED,LIKELY
REL_000092,PERSON_0074,PERSON_0419,CALLED,WEAK
REL_000093,PERSON_1232,PERSON_1469,CALLED,UNKNOWN
REL_000094,PERSON_0221,PERSON_0908,CALLED,UNKNOWN
REL_000095,PERSON_0174,PERSON_1166,CALLED,WEAK
REL_000096,PERSON_0421,PERSON_1273,CALLED,LIKELY
REL_000097,PERSON_0177,PERSON_1002,CALLED,WEAK
REL_000098,PERSON_0538,PERSON_0923,CALLED,UNKNOWN
REL_000099,PERSON_0008,PERSON_1311,CALLED,UNKNOWN
REL_000100,PERSON_0051,PERSON_0291,CALLED,LIKELY
REL_000101,PERSON_1238,PERSON_1251,CALLED,LIKELY
REL_000102,PERSON_0362,PERSON_0564,CALLED,WEAK
REL_000103,PERSON_0543,PERSON_1391,CALLED,LIKELY
REL_000104,PERSON_0483,PERSON_1014,CALLED,WEAK
REL_000105,PERSON_0995,PERSON_1161,CALLED,UNKNOWN
REL_000106,PERSON_0780,PERSON_0836,CALLED,LIKELY
REL_000107,PERSON_0725,PERSON_1408,CALLED,WEAK
REL_000108,PERSON_0356,PERSON_1413,CALLED,LIKELY
REL_000109,PERSON_1482,PERSON_1498,CALLED,LIKELY
REL_000110,PERSON_0488,PERSON_1354,CALLED,WEAK
REL_000111,PERSON_0027,PERSON_0603,CALLED,LIKELY
REL_000112,PERSON_0584,PERSON_0591,CALLED,WEAK
REL_000113,PERSON_0197,PERSON_0868,CALLED,UNKNOWN
REL_000114,PERSON_0788,PERSON_0917,CALLED,WEAK
REL_000115,PERSON_0700,PERSON_1458,CALLED,WEAK
REL_000116,PERSON_0682,PERSON_0871,CALLED,UNKNOWN
REL_000117,PERSON_0070,PERSON_0259,CALLED,UNKNOWN
REL_000118,PERSON_0171,PERSON_0506,CALLED,WEAK
REL_000119,PERSON_0348,PERSON_1201,CALLED,UNKNOWN
REL_000120,PERSON_0102,PERSON_0395,CALLED,LIKELY
REL_000121,PERSON_0066,PERSON_1366,CALLED,WEAK
REL_000122,PERSON_0387,PERSON_0847,CALLED,UNKNOWN
REL_000123,PERSON_0690,PERSON_0993,CALLED,WEAK
REL_000124,PERSON_0303,PERSON_1111,CALLED,UNKNOWN
REL_000125,PERSON_0454,PERSON_0561,CALLED,UNKNOWN
REL_000126,PERSON_1183,PERSON_1246,CALLED,LIKELY
REL_000127,PERSON_0092,PERSON_0172,CALLED,UNKNOWN
REL_000128,PERSON_0424,PERSON_1042,CALLED,UNKNOWN
REL_000129,PERSON_0283,PERSON_0641,CALLED,WEAK
REL_000130,PERSON_0128,PERSON_0961,CALLED,LIKELY
REL_000131,PERSON_0631,PERSON_0807,CALLED,LIKELY
REL_000132,PERSON_0484,PERSON_0965,CALLED,LIKELY
REL_000133,PERSON_0890,PERSON_1033,CALLED,UNKNOWN
REL_000134,PERSON_0964,PERSON_1097,CALLED,LIKELY
REL_000135,PERSON_1228,PERSON_1482,CALLED,UNKNOWN
REL_000136,PERSON_0538,PERSON_0620,CALLED,LIKELY
REL_000137,PERSON_1261,PERSON_1449,CALLED,UNKNOWN
REL_000138,PERSON_1384,PERSON_1484,CALLED,WEAK
REL_000139,PERSON_0456,PERSON_0867,CALLED,UNKNOWN
REL_000140,PERSON_0287,PERSON_1132,CALLED,UNKNOWN
REL_000141,PERSON_0519,PERSON_1408,CALLED,WEAK
REL_000142,PERSON_0646,PERSON_0780,CALLED,WEAK
REL_000143,PERSON_0397,PERSON_1367,CALLED,WEAK
REL_000144,PERSON_1050,PERSON_1356,CALLED,LIKELY
REL_000145,PERSON_0076,PERSON_1112,CALLED,LIKELY
REL_000146,PERSON_1085,PERSON_1326,CALLED,UNKNOWN
REL_000147,PERSON_0638,PERSON_0824,CALLED,WEAK
REL_000148,PERSON_0280,PERSON_1454,CALLED,LIKELY
REL_000149,PERSON_0748,PERSON_1485,CALLED,WEAK
REL_000150,PERSON_0610,PERSON_0634,CALLED,WEAK
REL_000151,PERSON_0323,PERSON_1367,CALLED,LIKELY
REL_000152,PERSON_0272,PERSON_0556,CALLED,UNKNOWN
REL_000153,PERSON_0210,PERSON_1351,CALLED,LIKELY
REL_000154,PERSON_0294,PERSON_1474,CALLED,LIKELY
REL_000155,PERSON_1171,PERSON_1484,CALLED,UNKNOWN
REL_000156,PERSON_0809,PERSON_1464,CALLED,WEAK
REL_000157,PERSON_0222,PERSON_1499,CALLED,UNKNOWN
REL_000158,PERSON_0601,PERSON_1477,CALLED,WEAK
REL_000159,PERSON_0076,PERSON_1088,CALLED,LIKELY
REL_000160,PERSON_0054,PERSON_1234,CALLED,LIKELY
REL_000161,PERSON_0193,PERSON_1186,CALLED,WEAK
REL_000162,PERSON_0163,PERSON_1034,CALLED,LIKELY
REL_000163,PERSON_0052,PERSON_0488,CALLED,WEAK
REL_000164,PERSON_0461,PERSON_1318,CALLED,UNKNOWN
REL_000165,PERSON_0602,PERSON_1112,CALLED,WEAK
REL_000166,PERSON_1149,PERSON_1441,CALLED,WEAK
REL_000167,PERSON_0172,PERSON_1136,CALLED,UNKNOWN
REL_000168,PERSON_0372,PERSON_0437,CALLED,WEAK
REL_000169,PERSON_0029,PERSON_0601,CALLED,WEAK
REL_000170,PERSON_0903,PERSON_1025,CALLED,UNKNOWN
REL_000171,PERSON_0679,PERSON_1004,CALLED,LIKELY
REL_000172,PERSON_0989,PERSON_1065,CALLED,WEAK
REL_000173,PERSON_0186,PERSON_1328,CALLED,WEAK
REL_000174,PERSON_0546,PERSON_0905,CALLED,WEAK
REL_000175,PERSON_0023,PERSON_0604,CALLED,UNKNOWN
REL_000176,PERSON_0117,PERSON_0673,CALLED,WEAK
REL_000177,PERSON_0340,PERSON_1390,CALLED,UNKNOWN
REL_000178,PERSON_1383,PERSON_1438,CALLED,LIKELY
REL_000179,PERSON_0727,PERSON_1017,CALLED,LIKELY
REL_000180,PERSON_0386,PERSON_1438,CALLED,UNKNOWN
REL_000181,PERSON_0809,PERSON_0958,CALLED,WEAK
REL_000182,PERSON_0041,PERSON_1210,CALLED,LIKELY
REL_000183,PERSON_0625,PERSON_0902,CALLED,WEAK
REL_000184,PERSON_0152,PERSON_0538,CALLED,LIKELY
REL_000185,PERSON_0093,PERSON_0839,CALLED,LIKELY
REL_000186,PERSON_0101,PERSON_0372,CALLED,WEAK
REL_000187,PERSON_0771,PERSON_1255,CALLED,UNKNOWN
REL_000188,PERSON_0464,PERSON_0688,CALLED,LIKELY
REL_000189,PERSON_0731,PERSON_1074,CALLED,WEAK
REL_000190,PERSON_0344,PERSON_0449,CALLED,WEAK
REL_000191,PERSON_0697,PERSON_0994,CALLED,LIKELY
REL_000192,PERSON_0003,PERSON_0962,CALLED,WEAK
REL_000193,PERSON_0598,PERSON_1140,CALLED,WEAK
REL_000194,PERSON_0049,PERSON_0512,CALLED,WEAK
REL_000195,PERSON_0241,PERSON_0846,CALLED,UNKNOWN
REL_000196,PERSON_0313,PERSON_1355,CALLED,UNKNOWN
REL_000197,PERSON_0706,PERSON_0727,CALLED,WEAK
REL_000198,PERSON_1360,PERSON_1407,CALLED,WEAK
REL_000199,PERSON_0517,PERSON_0938,CALLED,WEAK
REL_000200,PERSON_0519,PERSON_0920,CALLED,LIKELY
REL_000201,PERSON_1294,PERSON_1482,CALLED,WEAK
REL_000202,PERSON_0351,PERSON_0365,CALLED,WEAK
REL_000203,PERSON_0673,PERSON_1026,CALLED,WEAK
REL_000204,PERSON_1367,PERSON_1413,CALLED,WEAK
REL_000205,PERSON_0094,PERSON_0538,CALLED,WEAK
REL_000206,PERSON_0214,PERSON_1221,CALLED,WEAK
REL_000207,PERSON_0050,PERSON_1336,CALLED,LIKELY
REL_000208,PERSON_0713,PERSON_0812,CALLED,UNKNOWN
REL_000209,PERSON_0588,PERSON_1445,CALLED,WEAK
REL_000210,PERSON_0032,PERSON_0595,CALLED,UNKNOWN
REL_000211,PERSON_0185,PERSON_1390,CALLED,WEAK
REL_000212,PERSON_0072,PERSON_0437,CALLED,UNKNOWN
REL_000213,PERSON_0502,PERSON_1166,CALLED,WEAK
REL_000214,PERSON_0138,PERSON_0445,CALLED,WEAK
REL_000215,PERSON_1110,PERSON_1122,CALLED,LIKELY
REL_000216,PERSON_0174,PERSON_1266,CALLED,LIKELY
REL_000217,PERSON_1014,PERSON_1386,CALLED,UNKNOWN
REL_000218,PERSON_0535,PERSON_0630,CALLED,LIKELY
REL_000219,PERSON_0076,PERSON_0759,CALLED,UNKNOWN
REL_000220,PERSON_0817,PERSON_1216,CALLED,LIKELY
REL_000221,PERSON_0271,PERSON_1432,CALLED,WEAK
REL_000222,PERSON_0068,PERSON_0185,CALLED,WEAK
REL_000223,PERSON_0199,PERSON_0889,CALLED,LIKELY
REL_000224,PERSON_0922,PERSON_1085,CALLED,WEAK
REL_000225,PERSON_0565,PERSON_0827,CALLED,WEAK
REL_000226,PERSON_0514,PERSON_1403,CALLED,WEAK
REL_000227,PERSON_0800,PERSON_1140,CALLED,LIKELY
REL_000228,PERSON_0460,PERSON_1068,CALLED,LIKELY
REL_000229,PERSON_0193,PERSON_0582,CALLED,UNKNOWN
REL_000230,PERSON_0887,PERSON_1315,CALLED,LIKELY
REL_000231,PERSON_0216,PERSON_1047,CALLED,UNKNOWN
REL_000232,PERSON_0127,PERSON_1179,CALLED,LIKELY
REL_000233,PERSON_0049,PERSON_0198,CALLED,WEAK
REL_000234,PERSON_0415,PERSON_0593,CALLED,UNKNOWN
REL_000235,PERSON_0520,PERSON_1369,CALLED,WEAK
REL_000236,PERSON_0790,PERSON_0839,CALLED,LIKELY
REL_000237,PERSON_0076,PERSON_0706,CALLED,UNKNOWN
REL_000238,PERSON_0343,PERSON_0731,CALLED,UNKNOWN
REL_000239,PERSON_0475,PERSON_0839,CALLED,WEAK
REL_000240,PERSON_0831,PERSON_1101,CALLED,WEAK
REL_000241,PERSON_0099,PERSON_0246,CALLED,WEAK
REL_000242,PERSON_0118,PERSON_1090,CALLED,LIKELY
REL_000243,PERSON_0611,PERSON_1425,CALLED,WEAK
REL_000244,PERSON_0456,PERSON_1166,CALLED,LIKELY
REL_000245,PERSON_0280,PERSON_1323,CALLED,UNKNOWN
REL_000246,PERSON_1029,PERSON_1243,CALLED,WEAK
REL_000247,PERSON_1126,PERSON_1335,CALLED,LIKELY
REL_000248,PERSON_0898,PERSON_1095,CALLED,WEAK
REL_000249,PERSON_0741,PERSON_0817,CALLED,WEAK
REL_000250,PERSON_0385,PERSON_1005,CALLED,WEAK
REL_000251,PERSON_0954,PERSON_1316,CALLED,LIKELY
REL_000252,PERSON_0339,PERSON_0538,CALLED,UNKNOWN
REL_000253,PERSON_0173,PERSON_0767,CALLED,UNKNOWN
REL_000254,PERSON_0410,PERSON_0759,CALLED,LIKELY
REL_000255,PERSON_1171,PERSON_1291,CALLED,LIKELY
REL_000256,PERSON_0438,PERSON_1256,CALLED,UNKNOWN
REL_000257,PERSON_0443,PERSON_1097,CALLED,LIKELY
REL_000258,PERSON_1127,PERSON_1474,CALLED,UNKNOWN
REL_000259,PERSON_1097,PERSON_1476,CALLED,UNKNOWN
REL_000260,PERSON_0490,PERSON_1284,CALLED,UNKNOWN
REL_000261,PERSON_0060,PERSON_0173,CALLED,UNKNOWN
REL_000262,PERSON_0764,PERSON_0821,CALLED,LIKELY
REL_000263,PERSON_0311,PERSON_1388,CALLED,UNKNOWN
REL_000264,PERSON_0267,PERSON_0742,CALLED,WEAK
REL_000265,PERSON_0938,PERSON_1274,CALLED,UNKNOWN
REL_000266,PERSON_0453,PERSON_1051,CALLED,UNKNOWN
REL_000267,PERSON_0103,PERSON_0724,CALLED,LIKELY
REL_000268,PERSON_0561,PERSON_1031,CALLED,WEAK
REL_000269,PERSON_0279,PERSON_0753,CALLED,LIKELY
REL_000270,PERSON_0878,PERSON_1236,CALLED,LIKELY
REL_000271,PERSON_0235,PERSON_0357,CALLED,WEAK
REL_000272,PERSON_0709,PERSON_0931,CALLED,UNKNOWN
REL_000273,PERSON_0206,PERSON_0455,CALLED,WEAK
REL_000274,PERSON_0199,PERSON_0305,CALLED,WEAK
REL_000275,PERSON_0203,PERSON_0257,CALLED,WEAK
REL_000276,PERSON_0528,PERSON_1340,CALLED,WEAK
REL_000277,PERSON_1068,PERSON_1396,CALLED,LIKELY
REL_000278,PERSON_0314,PERSON_1202,CALLED,WEAK
REL_000279,PERSON_0184,PERSON_1495,CALLED,UNKNOWN
REL_000280,PERSON_0797,PERSON_1359,CALLED,LIKELY
REL_000281,PERSON_0155,PERSON_0951,CALLED,UNKNOWN
REL_000282,PERSON_1349,PERSON_1467,CALLED,WEAK
REL_000283,PERSON_0588,PERSON_0678,CALLED,UNKNOWN
REL_000284,PERSON_1105,PERSON_1358,CALLED,UNKNOWN
REL_000285,PERSON_0164,PERSON_0596,CALLED,UNKNOWN
REL_000286,PERSON_0353,PERSON_1149,CALLED,WEAK
REL_000287,PERSON_0740,PERSON_1206,CALLED,WEAK
REL_000288,PERSON_0147,PERSON_0820,CALLED,WEAK
REL_000289,PERSON_0046,PERSON_0103,CALLED,LIKELY
REL_000290,PERSON_0565,PERSON_1364,CALLED,LIKELY
REL_000291,PERSON_0297,PERSON_0641,CALLED,LIKELY
REL_000292,PERSON_1153,PERSON_1323,CALLED,UNKNOWN
REL_000293,PERSON_0646,PERSON_1234,CALLED,UNKNOWN
REL_000294,PERSON_0265,PERSON_0408,CALLED,WEAK
REL_000295,PERSON_0007,PERSON_1433,CALLED,WEAK
REL_000296,PERSON_0481,PERSON_1269,CALLED,UNKNOWN
REL_000297,PERSON_0034,PERSON_0151,CALLED,LIKELY
REL_000298,PERSON_1037,PERSON_1042,CALLED,UNKNOWN
REL_000299,PERSON_0512,PERSON_1241,CALLED,UNKNOWN
REL_000300,PERSON_0559,PERSON_0641,CALLED,WEAK
REL_000301,PERSON_0707,PERSON_0827,CALLED,UNKNOWN
REL_000302,PERSON_0530,PERSON_0847,CALLED,UNKNOWN
REL_000303,PERSON_0307,PERSON_0912,CALLED,WEAK
REL_000304,PERSON_0857,PERSON_1399,CALLED,LIKELY
REL_000305,PERSON_0323,PERSON_1445,CALLED,WEAK
REL_000306,PERSON_0411,PERSON_1063,CALLED,WEAK
REL_000307,PERSON_0918,PERSON_1423,CALLED,LIKELY
REL_000308,PERSON_0961,PERSON_1367,CALLED,WEAK
REL_000309,PERSON_0153,PERSON_1290,CALLED,LIKELY
REL_000310,PERSON_1103,PERSON_1291,CALLED,WEAK
REL_000311,PERSON_0356,PERSON_1015,CALLED,WEAK
REL_000312,PERSON_0598,PERSON_0930,CALLED,LIKELY
REL_000313,PERSON_0128,PERSON_0203,CALLED,LIKELY
REL_000314,PERSON_0731,PERSON_1414,CALLED,UNKNOWN
REL_000315,PERSON_0837,PERSON_0992,CALLED,LIKELY
REL_000316,PERSON_0217,PERSON_0911,CALLED,UNKNOWN
REL_000317,PERSON_0984,PERSON_1375,CALLED,UNKNOWN
REL_000318,PERSON_0437,PERSON_1110,CALLED,LIKELY
REL_000319,PERSON_0074,PERSON_0474,CALLED,UNKNOWN
REL_000320,PERSON_0122,PERSON_0148,CALLED,UNKNOWN
REL_000321,PERSON_0086,PERSON_1379,CALLED,WEAK
REL_000322,PERSON_0773,PERSON_1155,CALLED,LIKELY
REL_000323,PERSON_0550,PERSON_0900,CALLED,WEAK
REL_000324,PERSON_0177,PERSON_1040,CALLED,WEAK
REL_000325,PERSON_0019,PERSON_0053,CALLED,UNKNOWN
REL_000326,PERSON_0528,PERSON_0962,CALLED,WEAK
REL_000327,PERSON_0352,PERSON_1409,CALLED,LIKELY
REL_000328,PERSON_0912,PERSON_1337,CALLED,UNKNOWN
REL_000329,PERSON_0593,PERSON_1319,CALLED,WEAK
REL_000330,PERSON_0413,PERSON_0935,CALLED,UNKNOWN
REL_000331,PERSON_0049,PERSON_1495,CALLED,LIKELY
REL_000332,PERSON_0341,PERSON_0622,CALLED,UNKNOWN
REL_000333,PERSON_0300,PERSON_1231,CALLED,WEAK
REL_000334,PERSON_1134,PERSON_1193,CALLED,UNKNOWN
REL_000335,PERSON_0066,PERSON_0958,CALLED,WEAK
REL_000336,PERSON_1053,PERSON_1175,CALLED,UNKNOWN
REL_000337,PERSON_0662,PERSON_1037,CALLED,WEAK
REL_000338,PERSON_0039,PERSON_0394,CALLED,WEAK
REL_000339,PERSON_0936,PERSON_0998,CALLED,WEAK
REL_000340,PERSON_0188,PERSON_1223,CALLED,WEAK
REL_000341,PERSON_0139,PERSON_1227,CALLED,WEAK
REL_000342,PERSON_1129,PERSON_1271,CALLED,UNKNOWN
REL_000343,PERSON_1153,PERSON_1269,CALLED,UNKNOWN
REL_000344,PERSON_0205,PERSON_0532,CALLED,UNKNOWN
REL_000345,PERSON_0702,PERSON_1160,CALLED,LIKELY
REL_000346,PERSON_0402,PERSON_1250,CALLED,WEAK
REL_000347,PERSON_0207,PERSON_1038,CALLED,WEAK
REL_000348,PERSON_0686,PERSON_1327,CALLED,UNKNOWN
REL_000349,PERSON_0603,PERSON_0920,CALLED,WEAK
REL_000350,PERSON_0148,PERSON_0204,CALLED,LIKELY
REL_000351,PERSON_0305,PERSON_0607,CALLED,UNKNOWN
REL_000352,PERSON_0480,PERSON_0876,CALLED,WEAK
REL_000353,PERSON_0199,PERSON_0954,CALLED,UNKNOWN
REL_000354,PERSON_0908,PERSON_0963,CALLED,UNKNOWN
REL_000355,PERSON_0893,PERSON_1177,CALLED,LIKELY
REL_000356,PERSON_0876,PERSON_1272,CALLED,UNKNOWN
REL_000357,PERSON_0303,PERSON_1293,CALLED,WEAK
REL_000358,PERSON_0275,PERSON_1248,CALLED,LIKELY
REL_000359,PERSON_0424,PERSON_0596,CALLED,UNKNOWN
REL_000360,PERSON_0127,PERSON_1404,CALLED,LIKELY
REL_000361,PERSON_0388,PERSON_0512,CALLED,WEAK
REL_000362,PERSON_0244,PERSON_0929,CALLED,LIKELY
REL_000363,PERSON_0891,PERSON_1163,CALLED,LIKELY
REL_000364,PERSON_0024,PERSON_0483,CALLED,UNKNOWN
REL_000365,PERSON_0243,PERSON_0923,CALLED,WEAK
REL_000366,PERSON_0060,PERSON_0907,CALLED,UNKNOWN
REL_000367,PERSON_0121,PERSON_0841,CALLED,UNKNOWN
REL_000368,PERSON_1439,PERSON_1443,CALLED,LIKELY
REL_000369,PERSON_0721,PERSON_0811,CALLED,WEAK
REL_000370,PERSON_0384,PERSON_0729,CALLED,WEAK
REL_000371,PERSON_0844,PERSON_1100,CALLED,WEAK
REL_000372,PERSON_0387,PERSON_1396,CALLED,WEAK
REL_000373,PERSON_0875,PERSON_1340,CALLED,WEAK
REL_000374,PERSON_0471,PERSON_0549,CALLED,WEAK
REL_000375,PERSON_0162,PERSON_0194,CALLED,WEAK
REL_000376,PERSON_0707,PERSON_0796,CALLED,LIKELY
REL_000377,PERSON_0603,PERSON_0945,CALLED,UNKNOWN
REL_000378,PERSON_0670,PERSON_1307,CALLED,WEAK
REL_000379,PERSON_0036,PERSON_1253,CALLED,UNKNOWN
REL_000380,PERSON_0340,PERSON_0370,CALLED,WEAK
REL_000381,PERSON_0426,PERSON_0640,CALLED,WEAK
REL_000382,PERSON_1363,PERSON_1490,CALLED,UNKNOWN
REL_000383,PERSON_0185,PERSON_0625,CALLED,UNKNOWN
REL_000384,PERSON_0408,PERSON_0883,CALLED,UNKNOWN
REL_000385,PERSON_0044,PERSON_0678,CALLED,WEAK
REL_000386,PERSON_0092,PERSON_0220,CALLED,LIKELY
REL_000387,PERSON_0788,PERSON_1373,CALLED,LIKELY
REL_000388,PERSON_1325,PERSON_1407,CALLED,UNKNOWN
REL_000389,PERSON_0615,PERSON_1139,CALLED,UNKNOWN
REL_000390,PERSON_0861,PERSON_1155,CALLED,UNKNOWN
REL_000391,PERSON_0206,PERSON_0543,CALLED,LIKELY
REL_000392,PERSON_1049,PERSON_1164,CALLED,WEAK
REL_000393,PERSON_1161,PERSON_1249,CALLED,UNKNOWN
REL_000394,PERSON_0293,PERSON_0913,CALLED,WEAK
REL_000395,PERSON_0726,PERSON_1081,CALLED,UNKNOWN
REL_000396,PERSON_0175,PERSON_0878,CALLED,UNKNOWN
REL_000397,PERSON_0196,PERSON_1113,CALLED,LIKELY
REL_000398,PERSON_0707,PERSON_1009,CALLED,WEAK
REL_000399,PERSON_1160,PERSON_1320,CALLED,LIKELY
REL_000400,PERSON_0741,PERSON_1377,CALLED,WEAK
REL_000401,PERSON_0443,PERSON_1211,CALLED,UNKNOWN
REL_000402,PERSON_0358,PERSON_1051,CALLED,WEAK
REL_000403,PERSON_0679,PERSON_0789,CALLED,UNKNOWN
REL_000404,PERSON_0910,PERSON_1097,CALLED,UNKNOWN
REL_000405,PERSON_0709,PERSON_1149,CALLED,WEAK
REL_000406,PERSON_0706,PERSON_1082,CALLED,WEAK
REL_000407,PERSON_0233,PERSON_0526,CALLED,WEAK
REL_000408,PERSON_0224,PERSON_0234,CALLED,LIKELY
REL_000409,PERSON_0309,PERSON_1359,CALLED,WEAK
REL_000410,PERSON_0414,PERSON_1459,CALLED,WEAK
REL_000411,PERSON_0669,PERSON_1202,CALLED,WEAK
REL_000412,PERSON_0550,PERSON_0625,CALLED,UNKNOWN
REL_000413,PERSON_0220,PERSON_1088,CALLED,LIKELY
REL_000414,PERSON_0583,PERSON_1379,CALLED,WEAK
REL_000415,PERSON_0340,PERSON_0870,CALLED,LIKELY
REL_000416,PERSON_0641,PERSON_1231,CALLED,LIKELY
REL_000417,PERSON_0469,PERSON_0631,CALLED,LIKELY
REL_000418,PERSON_0175,PERSON_1161,CALLED,UNKNOWN
REL_000419,PERSON_0027,PERSON_0840,CALLED,LIKELY
REL_000420,PERSON_0004,PERSON_0474,CALLED,WEAK
REL_000421,PERSON_0048,PERSON_0145,CALLED,WEAK
REL_000422,PERSON_0325,PERSON_1334,CALLED,UNKNOWN
REL_000423,PERSON_0216,PERSON_0561,CALLED,LIKELY
REL_000424,PERSON_0841,PERSON_1219,CALLED,UNKNOWN
REL_000425,PERSON_0477,PERSON_1491,CALLED,UNKNOWN
REL_000426,PERSON_0335,PERSON_0731,CALLED,LIKELY
REL_000427,PERSON_0038,PERSON_0623,CALLED,LIKELY
REL_000428,PERSON_0568,PERSON_0894,CALLED,LIKELY
REL_000429,PERSON_0008,PERSON_0338,CALLED,UNKNOWN
REL_000430,PERSON_0004,PERSON_1201,CALLED,UNKNOWN
REL_000431,PERSON_0063,PERSON_1437,CALLED,UNKNOWN
REL_000432,PERSON_0640,PERSON_1151,CALLED,LIKELY
REL_000433,PERSON_0949,PERSON_1327,CALLED,LIKELY
REL_000434,PERSON_0681,PERSON_1047,CALLED,WEAK
REL_000435,PERSON_0418,PERSON_0873,CALLED,WEAK
REL_000436,PERSON_0258,PERSON_1392,CALLED,UNKNOWN
REL_000437,PERSON_1020,PERSON_1027,CALLED,WEAK
REL_000438,PERSON_1330,PERSON_1414,CALLED,WEAK
REL_000439,PERSON_0782,PERSON_1119,CALLED,UNKNOWN
REL_000440,PERSON_0758,PERSON_0852,CALLED,WEAK
REL_000441,PERSON_0127,PERSON_0786,CALLED,WEAK
REL_000442,PERSON_0457,PERSON_1116,CALLED,UNKNOWN
REL_000443,PERSON_0805,PERSON_0824,CALLED,WEAK
REL_000444,PERSON_1144,PERSON_1390,CALLED,WEAK
REL_000445,PERSON_0599,PERSON_1221,CALLED,UNKNOWN
REL_000446,PERSON_0346,PERSON_1363,CALLED,LIKELY
REL_000447,PERSON_0906,PERSON_1242,CALLED,UNKNOWN
REL_000448,PERSON_0858,PERSON_1377,CALLED,WEAK
REL_000449,PERSON_1177,PERSON_1398,CALLED,WEAK
REL_000450,PERSON_1121,PERSON_1194,CALLED,LIKELY
REL_000451,PERSON_0151,PERSON_0270,CALLED,UNKNOWN
REL_000452,PERSON_0355,PERSON_0643,CALLED,WEAK
REL_000453,PERSON_1129,PERSON_1203,CALLED,WEAK
REL_000454,PERSON_1347,PERSON_1368,CALLED,WEAK
REL_000455,PERSON_0010,PERSON_0720,CALLED,UNKNOWN
REL_000456,PERSON_0145,PERSON_0597,CALLED,LIKELY
REL_000457,PERSON_0028,PERSON_1141,CALLED,UNKNOWN
REL_000458,PERSON_0434,PERSON_1395,CALLED,WEAK
REL_000459,PERSON_0956,PERSON_1376,CALLED,WEAK
REL_000460,PERSON_0429,PERSON_1475,CALLED,UNKNOWN
REL_000461,PERSON_0468,PERSON_1014,CALLED,LIKELY
REL_000462,PERSON_0404,PERSON_1274,CALLED,UNKNOWN
REL_000463,PERSON_0240,PERSON_1325,CALLED,WEAK
REL_000464,PERSON_0692,PERSON_1241,CALLED,WEAK
REL_000465,PERSON_0458,PERSON_0558,CALLED,LIKELY
REL_000466,PERSON_0202,PERSON_1415,CALLED,LIKELY
REL_000467,PERSON_0611,PERSON_1344,CALLED,WEAK
REL_000468,PERSON_0732,PERSON_1107,CALLED,WEAK
REL_000469,PERSON_0976,PERSON_1445,CALLED,LIKELY
REL_000470,PERSON_0330,PERSON_0996,CALLED,WEAK
REL_000471,PERSON_0727,PERSON_1193,CALLED,WEAK
REL_000472,PERSON_0202,PERSON_0599,CALLED,UNKNOWN
REL_000473,PERSON_0162,PERSON_1209,CALLED,WEAK
REL_000474,PERSON_0807,PERSON_0970,CALLED,WEAK
REL_000475,PERSON_0304,PERSON_0512,CALLED,LIKELY
REL_000476,PERSON_0309,PERSON_0617,CALLED,LIKELY
REL_000477,PERSON_0428,PERSON_1378,CALLED,UNKNOWN
REL_000478,PERSON_0713,PERSON_0714,CALLED,LIKELY
REL_000479,PERSON_0160,PERSON_0311,CALLED,LIKELY
REL_000480,PERSON_0876,PERSON_1124,CALLED,LIKELY
REL_000481,PERSON_0619,PERSON_1335,CALLED,WEAK
REL_000482,PERSON_0070,PERSON_0768,CALLED,LIKELY
REL_000483,PERSON_0380,PERSON_0893,CALLED,WEAK
REL_000484,PERSON_0372,PERSON_1141,CALLED,WEAK
REL_000485,PERSON_0199,PERSON_0743,CALLED,UNKNOWN
REL_000486,PERSON_0651,PERSON_1404,CALLED,LIKELY
REL_000487,PERSON_0297,PERSON_1134,CALLED,LIKELY
REL_000488,PERSON_0341,PERSON_0790,CALLED,UNKNOWN
REL_000489,PERSON_0509,PERSON_0972,CALLED,WEAK
REL_000490,PERSON_0976,PERSON_1116,CALLED,UNKNOWN
REL_000491,PERSON_0125,PERSON_0227,CALLED,UNKNOWN
REL_000492,PERSON_0177,PERSON_1162,CALLED,UNKNOWN
REL_000493,PERSON_0989,PERSON_1290,CALLED,WEAK
REL_000494,PERSON_0601,PERSON_1262,CALLED,WEAK
REL_000495,PERSON_0648,PERSON_0719,CALLED,UNKNOWN
REL_000496,PERSON_0146,PERSON_0873,CALLED,LIKELY
REL_000497,PERSON_0520,PERSON_0930,CALLED,WEAK
REL_000498,PERSON_1027,PERSON_1366,CALLED,WEAK
REL_000499,PERSON_0389,PERSON_0410,CALLED,LIKELY
REL_000500,PERSON_0334,PERSON_1243,CALLED,WEAK
REL_000501,PERSON_0186,PERSON_0735,CALLED,LIKELY
REL_000502,PERSON_0876,PERSON_1390,CALLED,WEAK
REL_000503,PERSON_0052,PERSON_0930,CALLED,WEAK
REL_000504,PERSON_0483,PERSON_1397,CALLED,WEAK
REL_000505,PERSON_1297,PERSON_1344,CALLED,WEAK
REL_000506,PERSON_1046,PERSON_1409,CALLED,UNKNOWN
REL_000507,PERSON_1272,PERSON_1407,CALLED,WEAK
REL_000508,PERSON_0168,PERSON_1357,CALLED,LIKELY
REL_000509,PERSON_0382,PERSON_1318,CALLED,UNKNOWN
REL_000510,PERSON_1280,PERSON_1316,CALLED,LIKELY
REL_000511,PERSON_0139,PERSON_0962,CALLED,UNKNOWN
REL_000512,PERSON_1320,PERSON_1478,CALLED,UNKNOWN
REL_000513,PERSON_0353,PERSON_0543,CALLED,WEAK
REL_000514,PERSON_0484,PERSON_1097,CALLED,LIKELY
REL_000515,PERSON_0765,PERSON_1051,CALLED,LIKELY
REL_000516,PERSON_1078,PERSON_1141,CALLED,UNKNOWN
REL_000517,PERSON_0851,PERSON_1488,CALLED,WEAK
REL_000518,PERSON_0809,PERSON_1465,CALLED,UNKNOWN
REL_000519,PERSON_0204,PERSON_0207,CALLED,WEAK
REL_000520,PERSON_0697,PERSON_0863,CALLED,UNKNOWN
REL_000521,PERSON_0314,PERSON_0983,CALLED,WEAK
REL_000522,PERSON_1045,PERSON_1216,CALLED,LIKELY
REL_000523,PERSON_1207,PERSON_1344,CALLED,UNKNOWN
REL_000524,PERSON_0863,PERSON_0941,CALLED,UNKNOWN
REL_000525,PERSON_0125,PERSON_0428,CALLED,LIKELY
REL_000526,PERSON_0371,PERSON_1098,CALLED,WEAK
REL_000527,PERSON_0018,PERSON_0072,CALLED,UNKNOWN
REL_000528,PERSON_0798,PERSON_1149,CALLED,LIKELY
REL_000529,PERSON_0608,PERSON_1499,CALLED,LIKELY
REL_000530,PERSON_0263,PERSON_1417,CALLED,WEAK
REL_000531,PERSON_0365,PERSON_1391,CALLED,UNKNOWN
REL_000532,PERSON_0977,PERSON_1500,CALLED,UNKNOWN
REL_000533,PERSON_0942,PERSON_1259,CALLED,WEAK
REL_000534,PERSON_0307,PERSON_0597,CALLED,WEAK
REL_000535,PERSON_0842,PERSON_1266,CALLED,WEAK
REL_000536,PERSON_0722,PERSON_0876,CALLED,WEAK
REL_000537,PERSON_0358,PERSON_0445,CALLED,WEAK
REL_000538,PERSON_0050,PERSON_0281,CALLED,WEAK
REL_000539,PERSON_0374,PERSON_1340,CALLED,WEAK
REL_000540,PERSON_0609,PERSON_1311,CALLED,WEAK
REL_000541,PERSON_0604,PERSON_1455,CALLED,UNKNOWN
REL_000542,PERSON_0699,PERSON_1340,CALLED,LIKELY
REL_000543,PERSON_0559,PERSON_1324,CALLED,WEAK
REL_000544,PERSON_0664,PERSON_0867,CALLED,WEAK
REL_000545,PERSON_0506,PERSON_0790,CALLED,LIKELY
REL_000546,PERSON_1207,PERSON_1355,CALLED,UNKNOWN
REL_000547,PERSON_0323,PERSON_1263,CALLED,WEAK
REL_000548,PERSON_0706,PERSON_1311,CALLED,UNKNOWN
REL_000549,PERSON_0420,PERSON_0707,CALLED,WEAK
REL_000550,PERSON_0427,PERSON_1175,CALLED,UNKNOWN
REL_000551,PERSON_1266,PERSON_1367,CALLED,LIKELY
REL_000552,PERSON_0149,PERSON_1222,CALLED,UNKNOWN
REL_000553,PERSON_0127,PERSON_0679,CALLED,LIKELY
REL_000554,PERSON_0081,PERSON_1460,CALLED,UNKNOWN
REL_000555,PERSON_0107,PERSON_1326,CALLED,WEAK
REL_000556,PERSON_1235,PERSON_1367,CALLED,LIKELY
REL_000557,PERSON_0191,PERSON_0239,CALLED,WEAK
REL_000558,PERSON_0225,PERSON_0325,CALLED,WEAK
REL_000559,PERSON_0044,PERSON_0946,CALLED,UNKNOWN
REL_000560,PERSON_0380,PERSON_1475,CALLED,WEAK
REL_000561,PERSON_1258,PERSON_1435,CALLED,WEAK
REL_000562,PERSON_0276,PERSON_0358,CALLED,WEAK
REL_000563,PERSON_1317,PERSON_1414,CALLED,WEAK
REL_000564,PERSON_0517,PERSON_1463,CALLED,WEAK
REL_000565,PERSON_0322,PERSON_0863,CALLED,WEAK
REL_000566,PERSON_0215,PERSON_0530,CALLED,LIKELY
REL_000567,PERSON_0315,PERSON_0707,CALLED,LIKELY
REL_000568,PERSON_0335,PERSON_0395,CALLED,WEAK
REL_000569,PERSON_0178,PERSON_0746,CALLED,WEAK
REL_000570,PERSON_0059,PERSON_0615,CALLED,WEAK
REL_000571,PERSON_0740,PERSON_1152,CALLED,WEAK
REL_000572,PERSON_0884,PERSON_1293,CALLED,WEAK
REL_000573,PERSON_0987,PERSON_1093,CALLED,WEAK
REL_000574,PERSON_1352,PERSON_1409,CALLED,UNKNOWN
REL_000575,PERSON_0096,PERSON_0375,CALLED,WEAK
REL_000576,PERSON_0386,PERSON_0600,CALLED,UNKNOWN
REL_000577,PERSON_0527,PERSON_0567,CALLED,WEAK
REL_000578,PERSON_0369,PERSON_1193,CALLED,WEAK
REL_000579,PERSON_0287,PERSON_1057,CALLED,LIKELY
REL_000580,PERSON_0426,PERSON_0890,CALLED,UNKNOWN
REL_000581,PERSON_0100,PERSON_0757,CALLED,WEAK
REL_000582,PERSON_0109,PERSON_0123,CALLED,LIKELY
REL_000583,PERSON_0025,PERSON_0028,CALLED,LIKELY
REL_000584,PERSON_0097,PERSON_0817,CALLED,UNKNOWN
REL_000585,PERSON_0961,PERSON_1327,CALLED,WEAK
REL_000586,PERSON_0221,PERSON_1224,CALLED,UNKNOWN
REL_000587,PERSON_0172,PERSON_0380,CALLED,UNKNOWN
REL_000588,PERSON_0379,PERSON_1143,CALLED,WEAK
REL_000589,PERSON_0011,PERSON_0175,CALLED,WEAK
REL_000590,PERSON_0246,PERSON_0688,CALLED,UNKNOWN
REL_000591,PERSON_0086,PERSON_1081,CALLED,WEAK
REL_000592,PERSON_0596,PERSON_1131,CALLED,LIKELY
REL_000593,PERSON_0902,PERSON_1408,CALLED,UNKNOWN
REL_000594,PERSON_0077,PERSON_0638,CALLED,LIKELY
REL_000595,PERSON_0393,PERSON_1392,CALLED,WEAK
REL_000596,PERSON_0001,PERSON_1359,CALLED,LIKELY
REL_000597,PERSON_0277,PERSON_1037,CALLED,WEAK
REL_000598,PERSON_0737,PERSON_1078,CALLED,WEAK
REL_000599,PERSON_0752,PERSON_1343,CALLED,UNKNOWN
REL_000600,PERSON_1028,PERSON_1205,CALLED,UNKNOWN
REL_000601,PERSON_0424,PERSON_1226,CALLED,LIKELY
REL_000602,PERSON_1198,PERSON_1311,CALLED,WEAK
REL_000603,PERSON_0402,PERSON_0573,CALLED,LIKELY
REL_000604,PERSON_0534,PERSON_0603,CALLED,WEAK
REL_000605,PERSON_0200,PERSON_1382,CALLED,UNKNOWN
REL_000606,PERSON_0049,PERSON_0373,CALLED,LIKELY
REL_000607,PERSON_0347,PERSON_1372,CALLED,WEAK
REL_000608,PERSON_0311,PERSON_0706,CALLED,LIKELY
REL_000609,PERSON_0304,PERSON_0431,CALLED,LIKELY
REL_000610,PERSON_0087,PERSON_1083,CALLED,LIKELY
REL_000611,PERSON_0773,PERSON_1222,CALLED,WEAK
REL_000612,PERSON_0299,PERSON_1001,CALLED,WEAK
REL_000613,PERSON_0322,PERSON_1018,CALLED,LIKELY
REL_000614,PERSON_0677,PERSON_1034,CALLED,WEAK
REL_000615,PERSON_0174,PERSON_1070,CALLED,WEAK
REL_000616,PERSON_0615,PERSON_1483,CALLED,WEAK
REL_000617,PERSON_0758,PERSON_0792,CALLED,WEAK
REL_000618,PERSON_0116,PERSON_1202,CALLED,WEAK
REL_000619,PERSON_0068,PERSON_0425,CALLED,LIKELY
REL_000620,PERSON_1188,PERSON_1391,CALLED,LIKELY
REL_000621,PERSON_0156,PERSON_1369,CALLED,UNKNOWN
REL_000622,PERSON_0479,PERSON_1188,CALLED,WEAK
REL_000623,PERSON_0474,PERSON_0791,CALLED,WEAK
REL_000624,PERSON_0943,PERSON_1460,CALLED,WEAK
REL_000625,PERSON_0342,PERSON_1211,CALLED,LIKELY
REL_000626,PERSON_0432,PERSON_1484,CALLED,WEAK
REL_000627,PERSON_0166,PERSON_1142,CALLED,UNKNOWN
REL_000628,PERSON_1065,PERSON_1180,CALLED,WEAK
REL_000629,PERSON_1031,PERSON_1180,CALLED,WEAK
REL_000630,PERSON_0145,PERSON_0320,CALLED,UNKNOWN
REL_000631,PERSON_0968,PERSON_1143,CALLED,LIKELY
REL_000632,PERSON_0105,PERSON_1269,CALLED,WEAK
REL_000633,PERSON_0648,PERSON_1201,CALLED,WEAK
REL_000634,PERSON_0226,PERSON_0858,CALLED,LIKELY
REL_000635,PERSON_0125,PERSON_1229,CALLED,WEAK
REL_000636,PERSON_0387,PERSON_1234,CALLED,WEAK
REL_000637,PERSON_0679,PERSON_1409,CALLED,WEAK
REL_000638,PERSON_0080,PERSON_1434,CALLED,UNKNOWN
REL_000639,PERSON_0052,PERSON_0541,CALLED,UNKNOWN
REL_000640,PERSON_0644,PERSON_1272,CALLED,LIKELY
REL_000641,PERSON_0270,PERSON_0725,CALLED,UNKNOWN
REL_000642,PERSON_0258,PERSON_0994,CALLED,LIKELY
REL_000643,PERSON_0336,PERSON_0932,CALLED,UNKNOWN
REL_000644,PERSON_0483,PERSON_0874,CALLED,WEAK
REL_000645,PERSON_1359,PERSON_1462,CALLED,WEAK
REL_000646,PERSON_0189,PERSON_0766,CALLED,WEAK
REL_000647,PERSON_0560,PERSON_1097,CALLED,WEAK
REL_000648,PERSON_0013,PERSON_0632,CALLED,UNKNOWN
REL_000649,PERSON_0219,PERSON_0856,CALLED,WEAK
REL_000650,PERSON_0042,PERSON_0850,CALLED,UNKNOWN
REL_000651,PERSON_0994,PERSON_1303,CALLED,WEAK
REL_000652,PERSON_0437,PERSON_1046,CALLED,LIKELY
REL_000653,PERSON_0174,PERSON_0981,CALLED,UNKNOWN
REL_000654,PERSON_0328,PERSON_0798,CALLED,WEAK
REL_000655,PERSON_0503,PERSON_1110,CALLED,UNKNOWN
REL_000656,PERSON_0072,PERSON_0162,CALLED,LIKELY
REL_000657,PERSON_0284,PERSON_0959,CALLED,WEAK
REL_000658,PERSON_0703,PERSON_1358,CALLED,LIKELY
REL_000659,PERSON_0443,PERSON_1180,CALLED,UNKNOWN
REL_000660,PERSON_0435,PERSON_1383,CALLED,LIKELY
REL_000661,PERSON_0288,PERSON_0568,CALLED,UNKNOWN
REL_000662,PERSON_0453,PERSON_0613,CALLED,UNKNOWN
REL_000663,PERSON_0311,PERSON_0408,CALLED,WEAK
REL_000664,PERSON_0695,PERSON_1254,CALLED,LIKELY
REL_000665,PERSON_0072,PERSON_0683,CALLED,UNKNOWN
REL_000666,PERSON_0225,PERSON_0851,CALLED,WEAK
REL_000667,PERSON_0274,PERSON_1260,CALLED,UNKNOWN
REL_000668,PERSON_1284,PERSON_1434,CALLED,WEAK
REL_000669,PERSON_0068,PERSON_0573,CALLED,WEAK
REL_000670,PERSON_0320,PERSON_0447,CALLED,LIKELY
REL_000671,PERSON_0512,PERSON_1048,CALLED,WEAK
REL_000672,PERSON_0707,PERSON_1062,CALLED,WEAK
REL_000673,PERSON_0669,PERSON_1076,CALLED,WEAK
REL_000674,PERSON_0551,PERSON_1260,CALLED,LIKELY
REL_000675,PERSON_0346,PERSON_0499,CALLED,UNKNOWN
REL_000676,PERSON_0085,PERSON_0940,CALLED,LIKELY
REL_000677,PERSON_0555,PERSON_0729,CALLED,WEAK
REL_000678,PERSON_0510,PERSON_1349,CALLED,LIKELY
REL_000679,PERSON_0109,PERSON_1276,CALLED,UNKNOWN
REL_000680,PERSON_1089,PERSON_1093,CALLED,LIKELY
REL_000681,PERSON_0053,PERSON_1177,CALLED,WEAK
REL_000682,PERSON_0208,PERSON_1473,CALLED,UNKNOWN
REL_000683,PERSON_0963,PERSON_1140,CALLED,WEAK
REL_000684,PERSON_0036,PERSON_0790,CALLED,WEAK
REL_000685,PERSON_0047,PERSON_1291,CALLED,LIKELY
REL_000686,PERSON_0256,PERSON_0888,CALLED,UNKNOWN
REL_000687,PERSON_0738,PERSON_1415,CALLED,WEAK
REL_000688,PERSON_0033,PERSON_0444,CALLED,UNKNOWN
REL_000689,PERSON_0231,PERSON_0873,CALLED,WEAK
REL_000690,PERSON_0940,PERSON_1290,CALLED,UNKNOWN
REL_000691,PERSON_1259,PERSON_1468,CALLED,WEAK
REL_000692,PERSON_0572,PERSON_1134,CALLED,LIKELY
REL_000693,PERSON_0054,PERSON_0347,CALLED,LIKELY
REL_000694,PERSON_0628,PERSON_0863,CALLED,UNKNOWN
REL_000695,PERSON_0746,PERSON_0941,CALLED,WEAK
REL_000696,PERSON_0420,PERSON_1438,CALLED,WEAK
REL_000697,PERSON_0354,PERSON_1355,CALLED,LIKELY
REL_000698,PERSON_0878,PERSON_1410,CALLED,WEAK
REL_000699,PERSON_0124,PERSON_1198,CALLED,WEAK
REL_000700,PERSON_0753,PERSON_0973,CALLED,WEAK
REL_000701,PERSON_0919,PERSON_1451,CALLED,LIKELY
REL_000702,PERSON_0125,PERSON_1106,CALLED,WEAK
REL_000703,PERSON_0721,PERSON_0782,CALLED,WEAK
REL_000704,PERSON_0176,PERSON_1318,CALLED,LIKELY
REL_000705,PERSON_0270,PERSON_1055,CALLED,LIKELY
REL_000706,PERSON_0287,PERSON_1412,CALLED,WEAK
REL_000707,PERSON_0620,PERSON_0672,CALLED,WEAK
REL_000708,PERSON_1335,PERSON_1476,CALLED,WEAK
REL_000709,PERSON_1006,PERSON_1495,CALLED,WEAK
REL_000710,PERSON_0340,PERSON_1232,CALLED,WEAK
REL_000711,PERSON_0847,PERSON_1438,CALLED,UNKNOWN
REL_000712,PERSON_0303,PERSON_0872,CALLED,WEAK
REL_000713,PERSON_0661,PERSON_1146,CALLED,UNKNOWN
REL_000714,PERSON_0050,PERSON_1058,CALLED,WEAK
REL_000715,PERSON_0320,PERSON_0869,CALLED,UNKNOWN
REL_000716,PERSON_0004,PERSON_0822,CALLED,LIKELY
REL_000717,PERSON_0621,PERSON_1094,CALLED,WEAK
REL_000718,PERSON_0442,PERSON_0466,CALLED,LIKELY
REL_000719,PERSON_0253,PERSON_0964,CALLED,UNKNOWN
REL_000720,PERSON_0100,PERSON_0914,CALLED,LIKELY
REL_000721,PERSON_0313,PERSON_0995,CALLED,UNKNOWN
REL_000722,PERSON_0246,PERSON_0322,CALLED,WEAK
REL_000723,PERSON_0844,PERSON_1141,CALLED,UNKNOWN
REL_000724,PERSON_1388,PERSON_1450,CALLED,LIKELY
REL_000725,PERSON_0561,PERSON_1343,CALLED,UNKNOWN
REL_000726,PERSON_0265,PERSON_0968,CALLED,LIKELY
REL_000727,PERSON_0251,PERSON_0886,CALLED,WEAK
REL_000728,PERSON_0679,PERSON_0809,CALLED,LIKELY
REL_000729,PERSON_1204,PERSON_1336,CALLED,WEAK
REL_000730,PERSON_0012,PERSON_1180,CALLED,UNKNOWN
REL_000731,PERSON_0735,PERSON_1272,CALLED,UNKNOWN
REL_000732,PERSON_0124,PERSON_1214,CALLED,LIKELY
REL_000733,PERSON_0138,PERSON_0631,CALLED,WEAK
REL_000734,PERSON_0247,PERSON_0672,CALLED,WEAK
REL_000735,PERSON_0519,PERSON_1063,CALLED,UNKNOWN
REL_000736,PERSON_0234,PERSON_0753,CALLED,WEAK
REL_000737,PERSON_0043,PERSON_0961,CALLED,WEAK
REL_000738,PERSON_0747,PERSON_1414,CALLED,WEAK
REL_000739,PERSON_0485,PERSON_0730,CALLED,LIKELY
REL_000740,PERSON_0223,PERSON_0760,CALLED,UNKNOWN
REL_000741,PERSON_0338,PERSON_1409,CALLED,WEAK
REL_000742,PERSON_1126,PERSON_1130,CALLED,LIKELY
REL_000743,PERSON_0306,PERSON_0519,CALLED,UNKNOWN
REL_000744,PERSON_0339,PERSON_0437,CALLED,LIKELY
REL_000745,PERSON_0036,PERSON_0891,CALLED,LIKELY
REL_000746,PERSON_0048,PERSON_1080,CALLED,WEAK
REL_000747,PERSON_0326,PERSON_0899,CALLED,WEAK
REL_000748,PERSON_0390,PERSON_0621,CALLED,WEAK
REL_000749,PERSON_0769,PERSON_1120,CALLED,LIKELY
REL_000750,PERSON_0732,PERSON_0944,CALLED,LIKELY
REL_000751,PERSON_0043,PERSON_0515,CALLED,WEAK
REL_000752,PERSON_0889,PERSON_1161,CALLED,UNKNOWN
REL_000753,PERSON_0561,PERSON_0958,CALLED,WEAK
REL_000754,PERSON_1219,PERSON_1277,CALLED,WEAK
REL_000755,PERSON_0014,PERSON_1002,CALLED,WEAK
REL_000756,PERSON_0179,PERSON_0638,CALLED,UNKNOWN
REL_000757,PERSON_1177,PERSON_1263,CALLED,UNKNOWN
REL_000758,PERSON_0823,PERSON_1154,CALLED,WEAK
REL_000759,PERSON_0182,PERSON_1081,CALLED,UNKNOWN
REL_000760,PERSON_0102,PERSON_0881,CALLED,UNKNOWN
REL_000761,PERSON_0684,PERSON_1154,CALLED,LIKELY
REL_000762,PERSON_0199,PERSON_0750,CALLED,WEAK
REL_000763,PERSON_0856,PERSON_1085,CALLED,UNKNOWN
REL_000764,PERSON_0178,PERSON_1421,CALLED,WEAK
REL_000765,PERSON_0939,PERSON_1418,CALLED,UNKNOWN
REL_000766,PERSON_0165,PERSON_0866,CALLED,WEAK
REL_000767,PERSON_0595,PERSON_1415,CALLED,UNKNOWN
REL_000768,PERSON_0929,PERSON_1386,CALLED,LIKELY
REL_000769,PERSON_0523,PERSON_1188,CALLED,LIKELY
REL_000770,PERSON_0456,PERSON_0594,CALLED,LIKELY
REL_000771,PERSON_0190,PERSON_0440,CALLED,LIKELY
REL_000772,PERSON_0543,PERSON_1048,CALLED,WEAK
REL_000773,PERSON_1288,PERSON_1439,CALLED,WEAK
REL_000774,PERSON_0407,PERSON_0562,CALLED,LIKELY
REL_000775,PERSON_0005,PERSON_0426,CALLED,UNKNOWN
REL_000776,PERSON_0874,PERSON_1234,CALLED,LIKELY
REL_000777,PERSON_0750,PERSON_0815,CALLED,WEAK
REL_000778,PERSON_0741,PERSON_1384,CALLED,UNKNOWN
REL_000779,PERSON_0649,PERSON_0691,CALLED,LIKELY
REL_000780,PERSON_1110,PERSON_1111,CALLED,WEAK
REL_000781,PERSON_0588,PERSON_0749,CALLED,WEAK
REL_000782,PERSON_0139,PERSON_1373,CALLED,WEAK
REL_000783,PERSON_0700,PERSON_0841,CALLED,UNKNOWN
REL_000784,PERSON_0363,PERSON_0594,CALLED,LIKELY
REL_000785,PERSON_0694,PERSON_1296,CALLED,WEAK
REL_000786,PERSON_0343,PERSON_0646,CALLED,WEAK
REL_000787,PERSON_0868,PERSON_0943,CALLED,UNKNOWN
REL_000788,PERSON_0104,PERSON_0869,CALLED,WEAK
REL_000789,PERSON_0439,PERSON_0599,CALLED,UNKNOWN
REL_000790,PERSON_1267,PERSON_1353,CALLED,WEAK
REL_000791,PERSON_0463,PERSON_0476,CALLED,WEAK
REL_000792,PERSON_0565,PERSON_1107,CALLED,WEAK
REL_000793,PERSON_0753,PERSON_1433,CALLED,LIKELY
REL_000794,PERSON_0045,PERSON_1370,CALLED,UNKNOWN
REL_000795,PERSON_0292,PERSON_0820,CALLED,WEAK
REL_000796,PERSON_0432,PERSON_1217,CALLED,LIKELY
REL_000797,PERSON_0178,PERSON_1175,CALLED,UNKNOWN
REL_000798,PERSON_0623,PERSON_0626,CALLED,UNKNOWN
REL_000799,PERSON_0164,PERSON_0933,CALLED,WEAK
REL_000800,PERSON_0008,PERSON_0424,CALLED,UNKNOWN
REL_000801,PERSON_0134,PERSON_1095,CALLED,LIKELY
REL_000802,PERSON_0070,PERSON_0723,CALLED,WEAK
REL_000803,PERSON_0229,PERSON_0514,CALLED,WEAK
REL_000804,PERSON_0349,PERSON_0697,CALLED,UNKNOWN
REL_000805,PERSON_0520,PERSON_1014,CALLED,LIKELY
REL_000806,PERSON_0435,PERSON_1162,CALLED,UNKNOWN
REL_000807,PERSON_0109,PERSON_1409,CALLED,UNKNOWN
REL_000808,PERSON_0561,PERSON_0753,CALLED,LIKELY
REL_000809,PERSON_0703,PERSON_1405,CALLED,UNKNOWN
REL_000810,PERSON_0414,PERSON_1190,CALLED,WEAK
REL_000811,PERSON_0418,PERSON_0732,CALLED,LIKELY
REL_000812,PERSON_0100,PERSON_1174,CALLED,WEAK
REL_000813,PERSON_1065,PERSON_1396,CALLED,WEAK
REL_000814,PERSON_0766,PERSON_1173,CALLED,WEAK
REL_000815,PERSON_0364,PERSON_0416,CALLED,UNKNOWN
REL_000816,PERSON_0078,PERSON_0150,CALLED,WEAK
REL_000817,PERSON_0539,PERSON_0847,CALLED,WEAK
REL_000818,PERSON_0489,PERSON_0735,CALLED,WEAK
REL_000819,PERSON_0753,PERSON_1161,CALLED,WEAK
REL_000820,PERSON_1318,PERSON_1383,CALLED,WEAK
REL_000821,PERSON_0870,PERSON_1209,CALLED,WEAK
REL_000822,PERSON_0653,PERSON_1414,CALLED,UNKNOWN
REL_000823,PERSON_1418,PERSON_1436,CALLED,UNKNOWN
REL_000824,PERSON_0754,PERSON_1280,CALLED,WEAK
REL_000825,PERSON_0678,PERSON_0934,CALLED,LIKELY
REL_000826,PERSON_1097,PERSON_1434,CALLED,WEAK
REL_000827,PERSON_0446,PERSON_0961,CALLED,WEAK
REL_000828,PERSON_0703,PERSON_0727,CALLED,WEAK
REL_000829,PERSON_0910,PERSON_1255,CALLED,WEAK
REL_000830,PERSON_1367,PERSON_1384,CALLED,UNKNOWN
REL_000831,PERSON_0354,PERSON_0414,CALLED,UNKNOWN
REL_000832,PERSON_0060,PERSON_0075,CALLED,LIKELY
REL_000833,PERSON_0253,PERSON_1290,CALLED,WEAK
REL_000834,PERSON_0783,PERSON_0930,CALLED,WEAK
REL_000835,PERSON_0667,PERSON_1493,CALLED,UNKNOWN
REL_000836,PERSON_0325,PERSON_0733,CALLED,WEAK
REL_000837,PERSON_0416,PERSON_0961,CALLED,WEAK
REL_000838,PERSON_0469,PERSON_0831,CALLED,WEAK
REL_000839,PERSON_0780,PERSON_0963,CALLED,UNKNOWN
REL_000840,PERSON_0397,PERSON_0627,CALLED,WEAK
REL_000841,PERSON_0731,PERSON_1444,CALLED,WEAK
REL_000842,PERSON_1162,PERSON_1396,CALLED,WEAK
REL_000843,PERSON_0184,PERSON_0927,CALLED,UNKNOWN
REL_000844,PERSON_0314,PERSON_1350,CALLED,UNKNOWN
REL_000845,PERSON_0956,PERSON_1215,CALLED,LIKELY
REL_000846,PERSON_0998,PERSON_1195,CALLED,LIKELY
REL_000847,PERSON_0935,PERSON_1250,CALLED,WEAK
REL_000848,PERSON_0030,PERSON_0229,CALLED,UNKNOWN
REL_000849,PERSON_0679,PERSON_1262,CALLED,WEAK
REL_000850,PERSON_0726,PERSON_1068,CALLED,LIKELY
REL_000851,PERSON_1122,PERSON_1380,CALLED,UNKNOWN
REL_000852,PERSON_0626,PERSON_1027,CALLED,WEAK
REL_000853,PERSON_0678,PERSON_1316,CALLED,LIKELY
REL_000854,PERSON_0074,PERSON_0864,CALLED,WEAK
REL_000855,PERSON_0679,PERSON_1329,CALLED,UNKNOWN
REL_000856,PERSON_0454,PERSON_0817,CALLED,WEAK
REL_000857,PERSON_0081,PERSON_1285,CALLED,UNKNOWN
REL_000858,PERSON_0640,PERSON_0955,CALLED,WEAK
REL_000859,PERSON_0164,PERSON_0354,CALLED,WEAK
REL_000860,PERSON_0070,PERSON_0879,CALLED,WEAK
REL_000861,PERSON_0504,PERSON_0561,CALLED,LIKELY
REL_000862,PERSON_0558,PERSON_0787,CALLED,UNKNOWN
REL_000863,PERSON_0486,PERSON_0709,CALLED,WEAK
REL_000864,PERSON_1030,PERSON_1422,CALLED,LIKELY
REL_000865,PERSON_0399,PERSON_0969,CALLED,WEAK
REL_000866,PERSON_0240,PERSON_0625,CALLED,LIKELY
REL_000867,PERSON_0919,PERSON_0923,CALLED,UNKNOWN
REL_000868,PERSON_0289,PERSON_1469,CALLED,LIKELY
REL_000869,PERSON_0160,PERSON_1415,CALLED,WEAK
REL_000870,PERSON_1425,PERSON_1450,CALLED,WEAK
REL_000871,PERSON_0099,PERSON_0865,CALLED,WEAK
REL_000872,PERSON_0763,PERSON_0791,CALLED,WEAK
REL_000873,PERSON_0939,PERSON_1319,CALLED,LIKELY
REL_000874,PERSON_0792,PERSON_1212,CALLED,LIKELY
REL_000875,PERSON_0126,PERSON_0956,CALLED,UNKNOWN
REL_000876,PERSON_0451,PERSON_0599,CALLED,WEAK
REL_000877,PERSON_0916,PERSON_0991,CALLED,LIKELY
REL_000878,PERSON_0669,PERSON_1049,CALLED,UNKNOWN
REL_000879,PERSON_0989,PERSON_1115,CALLED,WEAK
REL_000880,PERSON_0555,PERSON_0784,CALLED,LIKELY
REL_000881,PERSON_0315,PERSON_1198,CALLED,UNKNOWN
REL_000882,PERSON_0035,PERSON_1384,CALLED,WEAK
REL_000883,PERSON_0171,PERSON_0697,CALLED,LIKELY
REL_000884,PERSON_0610,PERSON_1135,CALLED,LIKELY
REL_000885,PERSON_0943,PERSON_1306,CALLED,WEAK
REL_000886,PERSON_0678,PERSON_0823,CALLED,UNKNOWN
REL_000887,PERSON_0221,PERSON_0946,CALLED,UNKNOWN
REL_000888,PERSON_0059,PERSON_1143,CALLED,LIKELY
REL_000889,PERSON_0897,PERSON_1208,CALLED,UNKNOWN
REL_000890,PERSON_0220,PERSON_1308,CALLED,UNKNOWN
REL_000891,PERSON_0457,PERSON_0651,CALLED,WEAK
REL_000892,PERSON_0641,PERSON_0875,CALLED,WEAK
REL_000893,PERSON_0498,PERSON_1479,CALLED,WEAK
REL_000894,PERSON_0610,PERSON_1216,CALLED,UNKNOWN
REL_000895,PERSON_0297,PERSON_0544,CALLED,WEAK
REL_000896,PERSON_0056,PERSON_0140,CALLED,WEAK
REL_000897,PERSON_0002,PERSON_1305,CALLED,WEAK
REL_000898,PERSON_0646,PERSON_0858,CALLED,LIKELY
REL_000899,PERSON_0727,PERSON_1446,CALLED,WEAK
REL_000900,PERSON_0745,PERSON_0879,CALLED,WEAK
REL_000901,PERSON_0535,PERSON_1234,CALLED,WEAK
REL_000902,PERSON_0435,PERSON_0758,CALLED,WEAK
REL_000903,PERSON_0154,PERSON_0401,CALLED,UNKNOWN
REL_000904,PERSON_0347,PERSON_1009,CALLED,LIKELY
REL_000905,PERSON_0216,PERSON_1430,CALLED,WEAK
REL_000906,PERSON_0775,PERSON_0935,CALLED,LIKELY
REL_000907,PERSON_0385,PERSON_0568,CALLED,WEAK
REL_000908,PERSON_0602,PERSON_0961,CALLED,WEAK
REL_000909,PERSON_1037,PERSON_1081,CALLED,WEAK
REL_000910,PERSON_0164,PERSON_0729,CALLED,LIKELY
REL_000911,PERSON_0068,PERSON_0338,CALLED,LIKELY
REL_000912,PERSON_0703,PERSON_0823,CALLED,WEAK
REL_000913,PERSON_0020,PERSON_0768,CALLED,WEAK
REL_000914,PERSON_0024,PERSON_0199,CALLED,UNKNOWN
REL_000915,PERSON_0891,PERSON_1005,CALLED,WEAK
REL_000916,PERSON_0549,PERSON_0989,CALLED,WEAK
REL_000917,PERSON_0615,PERSON_1396,CALLED,WEAK
REL_000918,PERSON_0573,PERSON_0855,CALLED,LIKELY
REL_000919,PERSON_1228,PERSON_1400,CALLED,WEAK
REL_000920,PERSON_0284,PERSON_1150,CALLED,WEAK
REL_000921,PERSON_1235,PERSON_1253,CALLED,LIKELY
REL_000922,PERSON_0174,PERSON_1405,CALLED,LIKELY
REL_000923,PERSON_1107,PERSON_1141,CALLED,LIKELY
REL_000924,PERSON_0164,PERSON_0564,CALLED,WEAK
REL_000925,PERSON_0567,PERSON_0935,CALLED,UNKNOWN
REL_000926,PERSON_0772,PERSON_1222,CALLED,LIKELY
REL_000927,PERSON_0450,PERSON_0640,CALLED,UNKNOWN
REL_000928,PERSON_0295,PERSON_0524,CALLED,WEAK
REL_000929,PERSON_0562,PERSON_1090,CALLED,WEAK
REL_000930,PERSON_0856,PERSON_1288,CALLED,LIKELY
REL_000931,PERSON_0875,PERSON_1000,CALLED,LIKELY
REL_000932,PERSON_0090,PERSON_1135,CALLED,WEAK
REL_000933,PERSON_0386,PERSON_0460,CALLED,WEAK
REL_000934,PERSON_0103,PERSON_0467,CALLED,WEAK
REL_000935,PERSON_0995,PERSON_1110,CALLED,WEAK
REL_000936,PERSON_0507,PERSON_0679,CALLED,UNKNOWN
REL_000937,PERSON_0313,PERSON_1043,CALLED,UNKNOWN
REL_000938,PERSON_0467,PERSON_1097,CALLED,UNKNOWN
REL_000939,PERSON_0281,PERSON_1099,CALLED,UNKNOWN
REL_000940,PERSON_0054,PERSON_0991,CALLED,WEAK
REL_000941,PERSON_0788,PERSON_1097,CALLED,WEAK
REL_000942,PERSON_0854,PERSON_1446,CALLED,LIKELY
REL_000943,PERSON_0981,PERSON_1101,CALLED,UNKNOWN
REL_000944,PERSON_0287,PERSON_0808,CALLED,WEAK
REL_000945,PERSON_0109,PERSON_0347,CALLED,UNKNOWN
REL_000946,PERSON_0994,PERSON_1011,CALLED,LIKELY
REL_000947,PERSON_0100,PERSON_0152,CALLED,WEAK
REL_000948,PERSON_0133,PERSON_1096,CALLED,WEAK
REL_000949,PERSON_0683,PERSON_1071,CALLED,WEAK
REL_000950,PERSON_0731,PERSON_0830,CALLED,UNKNOWN
REL_000951,PERSON_0891,PERSON_1365,CALLED,LIKELY
REL_000952,PERSON_0538,PERSON_0751,CALLED,LIKELY
REL_000953,PERSON_0429,PERSON_1496,CALLED,WEAK
REL_000954,PERSON_0754,PERSON_0989,CALLED,UNKNOWN
REL_000955,PERSON_0767,PERSON_1496,CALLED,UNKNOWN
REL_000956,PERSON_0267,PERSON_1276,CALLED,UNKNOWN
REL_000957,PERSON_0375,PERSON_1239,CALLED,LIKELY
REL_000958,PERSON_0463,PERSON_0542,CALLED,LIKELY
REL_000959,PERSON_0421,PERSON_1341,CALLED,UNKNOWN
REL_000960,PERSON_0804,PERSON_1424,CALLED,WEAK
REL_000961,PERSON_0671,PERSON_1151,CALLED,UNKNOWN
REL_000962,PERSON_0118,PERSON_0249,CALLED,LIKELY
REL_000963,PERSON_0165,PERSON_0691,CALLED,UNKNOWN
REL_000964,PERSON_0552,PERSON_0881,CALLED,WEAK
REL_000965,PERSON_0369,PERSON_1151,CALLED,LIKELY
REL_000966,PERSON_0388,PERSON_0824,CALLED,UNKNOWN
REL_000967,PERSON_0649,PERSON_0682,CALLED,WEAK
REL_000968,PERSON_0097,PERSON_0808,CALLED,WEAK
REL_000969,PERSON_0865,PERSON_1129,CALLED,WEAK
REL_000970,PERSON_0514,PERSON_1285,CALLED,LIKELY
REL_000971,PERSON_0279,PERSON_1417,CALLED,LIKELY
REL_000972,PERSON_0220,PERSON_0620,CALLED,UNKNOWN
REL_000973,PERSON_0669,PERSON_0962,CALLED,WEAK
REL_000974,PERSON_0546,PERSON_0729,CALLED,WEAK
REL_000975,PERSON_0340,PERSON_0575,CALLED,WEAK
REL_000976,PERSON_0451,PERSON_0903,CALLED,UNKNOWN
REL_000977,PERSON_0682,PERSON_1233,CALLED,UNKNOWN
REL_000978,PERSON_0453,PERSON_1143,CALLED,WEAK
REL_000979,PERSON_0053,PERSON_1351,CALLED,UNKNOWN
REL_000980,PERSON_0255,PERSON_0832,CALLED,LIKELY
REL_000981,PERSON_0332,PERSON_1454,CALLED,UNKNOWN
REL_000982,PERSON_0607,PERSON_1220,CALLED,LIKELY
REL_000983,PERSON_0421,PERSON_0841,CALLED,WEAK
REL_000984,PERSON_0117,PERSON_0643,CALLED,WEAK
REL_000985,PERSON_1002,PERSON_1461,CALLED,WEAK
REL_000986,PERSON_0076,PERSON_1413,CALLED,WEAK
REL_000987,PERSON_0086,PERSON_0504,CALLED,UNKNOWN
REL_000988,PERSON_0372,PERSON_1424,CALLED,WEAK
REL_000989,PERSON_0341,PERSON_1212,CALLED,WEAK
REL_000990,PERSON_0205,PERSON_0876,CALLED,WEAK
REL_000991,PERSON_0033,PERSON_1377,CALLED,UNKNOWN
REL_000992,PERSON_1112,PERSON_1439,CALLED,WEAK
REL_000993,PERSON_0159,PERSON_1014,CALLED,WEAK
REL_000994,PERSON_0905,PERSON_1268,CALLED,UNKNOWN
REL_000995,PERSON_0063,PERSON_0337,CALLED,UNKNOWN
REL_000996,PERSON_0963,PERSON_1417,CALLED,WEAK
REL_000997,PERSON_0129,PERSON_0607,CALLED,UNKNOWN
REL_000998,PERSON_0043,PERSON_0062,CALLED,LIKELY
REL_000999,PERSON_0354,PERSON_1484,CALLED,UNKNOWN
REL_001000,PERSON_0111,PERSON_1077,CALLED,WEAK
REL_001001,PERSON_0135,PERSON_1187,CALLED,WEAK
REL_001002,PERSON_0581,PERSON_1331,CALLED,WEAK
REL_001003,PERSON_0174,PERSON_0247,CALLED,WEAK
REL_001004,PERSON_0829,PERSON_0922,CALLED,UNKNOWN
REL_001005,PERSON_0629,PERSON_1426,CALLED,LIKELY
REL_001006,PERSON_0935,PERSON_0944,CALLED,WEAK
REL_001007,PERSON_0366,PERSON_1068,CALLED,WEAK
REL_001008,PERSON_0027,PERSON_0154,CALLED,UNKNOWN
REL_001009,PERSON_0360,PERSON_1011,CALLED,WEAK
REL_001010,PERSON_0334,PERSON_1485,CALLED,WEAK
REL_001011,PERSON_0484,PERSON_0597,CALLED,UNKNOWN
REL_001012,PERSON_0630,PERSON_1224,CALLED,LIKELY
REL_001013,PERSON_0232,PERSON_1435,CALLED,WEAK
REL_001014,PERSON_0629,PERSON_0715,CALLED,LIKELY
REL_001015,PERSON_1433,PERSON_1445,CALLED,WEAK
REL_001016,PERSON_0636,PERSON_0813,CALLED,WEAK
REL_001017,PERSON_0145,PERSON_0648,CALLED,LIKELY
REL_001018,PERSON_0147,PERSON_1040,CALLED,UNKNOWN
REL_001019,PERSON_0030,PERSON_0104,CALLED,WEAK
REL_001020,PERSON_0509,PERSON_0624,CALLED,LIKELY
REL_001021,PERSON_0074,PERSON_0293,CALLED,WEAK
REL_001022,PERSON_0382,PERSON_1008,CALLED,LIKELY
REL_001023,PERSON_0342,PERSON_0477,CALLED,UNKNOWN
REL_001024,PERSON_0053,PERSON_0430,CALLED,WEAK
REL_001025,PERSON_0908,PERSON_1123,CALLED,UNKNOWN
REL_001026,PERSON_0454,PERSON_1458,CALLED,LIKELY
REL_001027,PERSON_0502,PERSON_0566,CALLED,UNKNOWN
REL_001028,PERSON_0075,PERSON_0647,CALLED,WEAK
REL_001029,PERSON_0393,PERSON_0555,CALLED,UNKNOWN
REL_001030,PERSON_0983,PERSON_1110,CALLED,LIKELY
REL_001031,PERSON_0621,PERSON_0826,CALLED,WEAK
REL_001032,PERSON_0528,PERSON_0951,CALLED,UNKNOWN
REL_001033,PERSON_0050,PERSON_1269,CALLED,LIKELY
REL_001034,PERSON_0220,PERSON_1185,CALLED,LIKELY
REL_001035,PERSON_0164,PERSON_1449,CALLED,UNKNOWN
REL_001036,PERSON_0435,PERSON_1158,CALLED,LIKELY
REL_001037,PERSON_0109,PERSON_0164,CALLED,WEAK
REL_001038,PERSON_0398,PERSON_0811,CALLED,LIKELY
REL_001039,PERSON_0423,PERSON_0580,CALLED,UNKNOWN
REL_001040,PERSON_0747,PERSON_1041,CALLED,WEAK
REL_001041,PERSON_1029,PERSON_1329,CALLED,UNKNOWN
REL_001042,PERSON_0435,PERSON_0501,CALLED,LIKELY
REL_001043,PERSON_0511,PERSON_1488,CALLED,WEAK
REL_001044,PERSON_0092,PERSON_0927,CALLED,LIKELY
REL_001045,PERSON_0806,PERSON_1245,CALLED,UNKNOWN
REL_001046,PERSON_1071,PERSON_1186,CALLED,UNKNOWN
REL_001047,PERSON_1168,PERSON_1194,CALLED,LIKELY
REL_001048,PERSON_0338,PERSON_0604,CALLED,UNKNOWN
REL_001049,PERSON_0307,PERSON_0743,CALLED,LIKELY
REL_001050,PERSON_0326,PERSON_1391,CALLED,UNKNOWN
REL_001051,PERSON_0025,PERSON_1352,CALLED,UNKNOWN
REL_001052,PERSON_1156,PERSON_1348,CALLED,WEAK
REL_001053,PERSON_0168,PERSON_0455,CALLED,WEAK
REL_001054,PERSON_0830,PERSON_0985,CALLED,UNKNOWN
REL_001055,PERSON_0385,PERSON_1417,CALLED,LIKELY
REL_001056,PERSON_0272,PERSON_0341,CALLED,LIKELY
REL_001057,PERSON_0142,PERSON_0630,CALLED,WEAK
REL_001058,PERSON_0239,PERSON_1403,CALLED,LIKELY
REL_001059,PERSON_0722,PERSON_0746,CALLED,UNKNOWN
REL_001060,PERSON_0284,PERSON_1272,CALLED,LIKELY
REL_001061,PERSON_0701,PERSON_0954,CALLED,WEAK
REL_001062,PERSON_0375,PERSON_1404,CALLED,LIKELY
REL_001063,PERSON_0747,PERSON_1422,CALLED,WEAK
REL_001064,PERSON_0169,PERSON_0888,CALLED,WEAK
REL_001065,PERSON_0466,PERSON_0501,CALLED,WEAK
REL_001066,PERSON_0495,PERSON_1368,CALLED,WEAK
REL_001067,PERSON_0081,PERSON_0282,CALLED,WEAK
REL_001068,PERSON_0761,PERSON_1275,CALLED,WEAK
REL_001069,PERSON_0120,PERSON_0189,CALLED,WEAK
REL_001070,PERSON_0649,PERSON_0709,CALLED,UNKNOWN
REL_001071,PERSON_0837,PERSON_0907,CALLED,LIKELY
REL_001072,PERSON_0187,PERSON_1279,CALLED,WEAK
REL_001073,PERSON_1032,PERSON_1181,CALLED,UNKNOWN
REL_001074,PERSON_0007,PERSON_0627,CALLED,WEAK
REL_001075,PERSON_0160,PERSON_0481,CALLED,UNKNOWN
REL_001076,PERSON_0060,PERSON_0703,CALLED,WEAK
REL_001077,PERSON_0131,PERSON_1326,CALLED,UNKNOWN
REL_001078,PERSON_0526,PERSON_0787,CALLED,UNKNOWN
REL_001079,PERSON_0582,PERSON_0681,CALLED,LIKELY
REL_001080,PERSON_0310,PERSON_0962,CALLED,UNKNOWN
REL_001081,PERSON_0386,PERSON_1246,CALLED,WEAK
REL_001082,PERSON_0478,PERSON_0908,CALLED,WEAK
REL_001083,PERSON_0175,PERSON_0338,CALLED,WEAK
REL_001084,PERSON_0551,PERSON_0932,CALLED,WEAK
REL_001085,PERSON_0057,PERSON_1376,CALLED,LIKELY
REL_001086,PERSON_0565,PERSON_1250,CALLED,WEAK
REL_001087,PERSON_0306,PERSON_0621,CALLED,WEAK
REL_001088,PERSON_0948,PERSON_1497,CALLED,LIKELY
REL_001089,PERSON_1272,PERSON_1414,CALLED,UNKNOWN
REL_001090,PERSON_0114,PERSON_0857,CALLED,UNKNOWN
REL_001091,PERSON_0415,PERSON_0790,CALLED,WEAK
REL_001092,PERSON_0514,PERSON_0745,CALLED,UNKNOWN
REL_001093,PERSON_1055,PERSON_1087,CALLED,UNKNOWN
REL_001094,PERSON_0707,PERSON_1483,CALLED,LIKELY
REL_001095,PERSON_0152,PERSON_1455,CALLED,UNKNOWN
REL_001096,PERSON_0294,PERSON_0647,CALLED,WEAK
REL_001097,PERSON_0046,PERSON_0707,CALLED,WEAK
REL_001098,PERSON_0379,PERSON_1416,CALLED,UNKNOWN
REL_001099,PERSON_0400,PERSON_1166,CALLED,WEAK
REL_001100,PERSON_0828,PERSON_1087,CALLED,UNKNOWN
REL_001101,PERSON_1401,PERSON_1493,CALLED,UNKNOWN
REL_001102,PERSON_0295,PERSON_0518,CALLED,WEAK
REL_001103,PERSON_0357,PERSON_0453,CALLED,UNKNOWN
REL_001104,PERSON_0949,PERSON_0969,CALLED,UNKNOWN
REL_001105,PERSON_0270,PERSON_0525,CALLED,WEAK
REL_001106,PERSON_0693,PERSON_1107,CALLED,UNKNOWN
REL_001107,PERSON_0678,PERSON_1333,CALLED,WEAK
REL_001108,PERSON_0025,PERSON_0771,CALLED,UNKNOWN
REL_001109,PERSON_0972,PERSON_1139,CALLED,LIKELY
REL_001110,PERSON_0335,PERSON_1158,CALLED,UNKNOWN
REL_001111,PERSON_0697,PERSON_0981,CALLED,UNKNOWN
REL_001112,PERSON_0670,PERSON_0983,CALLED,WEAK
REL_001113,PERSON_0375,PERSON_0684,CALLED,WEAK
REL_001114,PERSON_0341,PERSON_0775,CALLED,LIKELY
REL_001115,PERSON_0119,PERSON_0330,CALLED,WEAK
REL_001116,PERSON_0196,PERSON_0268,CALLED,LIKELY
REL_001117,PERSON_0595,PERSON_1256,CALLED,UNKNOWN
REL_001118,PERSON_0259,PERSON_0447,CALLED,LIKELY
REL_001119,PERSON_0425,PERSON_0990,CALLED,LIKELY
REL_001120,PERSON_0144,PERSON_0938,CALLED,WEAK
REL_001121,PERSON_0305,PERSON_1301,CALLED,WEAK
REL_001122,PERSON_0991,PERSON_1059,CALLED,UNKNOWN
REL_001123,PERSON_0180,PERSON_0810,CALLED,WEAK
REL_001124,PERSON_1260,PERSON_1396,CALLED,UNKNOWN
REL_001125,PERSON_1209,PERSON_1239,CALLED,WEAK
REL_001126,PERSON_0194,PERSON_0282,CALLED,WEAK
REL_001127,PERSON_0247,PERSON_1201,CALLED,WEAK
REL_001128,PERSON_0214,PERSON_0752,CALLED,WEAK
REL_001129,PERSON_0643,PERSON_0919,CALLED,WEAK
REL_001130,PERSON_0718,PERSON_1305,CALLED,WEAK
REL_001131,PERSON_0260,PERSON_0943,CALLED,WEAK
REL_001132,PERSON_0571,PERSON_1043,CALLED,WEAK
REL_001133,PERSON_0500,PERSON_1217,CALLED,WEAK
REL_001134,PERSON_0190,PERSON_0630,CALLED,WEAK
REL_001135,PERSON_0916,PERSON_1105,CALLED,LIKELY
REL_001136,PERSON_0500,PERSON_1169,CALLED,WEAK
REL_001137,PERSON_1140,PERSON_1479,CALLED,WEAK
REL_001138,PERSON_0426,PERSON_1322,CALLED,UNKNOWN
REL_001139,PERSON_0147,PERSON_1099,CALLED,LIKELY
REL_001140,PERSON_0203,PERSON_0913,CALLED,WEAK
REL_001141,PERSON_0224,PERSON_0344,CALLED,LIKELY
REL_001142,PERSON_0287,PERSON_0864,CALLED,WEAK
REL_001143,PERSON_0367,PERSON_1386,CALLED,WEAK
REL_001144,PERSON_0406,PERSON_1164,CALLED,UNKNOWN
REL_001145,PERSON_0211,PERSON_1365,CALLED,LIKELY
REL_001146,PERSON_0169,PERSON_0265,CALLED,WEAK
REL_001147,PERSON_0518,PERSON_0782,CALLED,UNKNOWN
REL_001148,PERSON_0544,PERSON_1181,CALLED,UNKNOWN
REL_001149,PERSON_0248,PERSON_0561,CALLED,UNKNOWN
REL_001150,PERSON_0220,PERSON_1291,CALLED,WEAK
REL_001151,PERSON_0024,PERSON_0947,CALLED,UNKNOWN
REL_001152,PERSON_0564,PERSON_0871,CALLED,WEAK
REL_001153,PERSON_0499,PERSON_1203,CALLED,WEAK
REL_001154,PERSON_0011,PERSON_0243,CALLED,LIKELY
REL_001155,PERSON_0556,PERSON_1249,CALLED,UNKNOWN
REL_001156,PERSON_0272,PERSON_1198,CALLED,UNKNOWN
REL_001157,PERSON_0001,PERSON_0859,CALLED,WEAK
REL_001158,PERSON_0775,PERSON_1129,CALLED,WEAK
REL_001159,PERSON_0605,PERSON_0943,CALLED,WEAK
REL_001160,PERSON_0596,PERSON_0881,CALLED,WEAK
REL_001161,PERSON_0667,PERSON_0669,CALLED,WEAK
REL_001162,PERSON_0259,PERSON_0904,CALLED,LIKELY
REL_001163,PERSON_0601,PERSON_0759,CALLED,UNKNOWN
REL_001164,PERSON_0688,PERSON_0787,CALLED,WEAK
REL_001165,PERSON_1391,PERSON_1409,CALLED,WEAK
REL_001166,PERSON_0266,PERSON_0437,CALLED,WEAK
REL_001167,PERSON_0709,PERSON_1029,CALLED,WEAK
REL_001168,PERSON_1027,PERSON_1309,CALLED,UNKNOWN
REL_001169,PERSON_0205,PERSON_1166,CALLED,WEAK
REL_001170,PERSON_0039,PERSON_0247,CALLED,WEAK
REL_001171,PERSON_0581,PERSON_0646,CALLED,LIKELY
REL_001172,PERSON_0039,PERSON_0919,CALLED,UNKNOWN
REL_001173,PERSON_0121,PERSON_1002,CALLED,WEAK
REL_001174,PERSON_0476,PERSON_0695,CALLED,LIKELY
REL_001175,PERSON_0862,PERSON_1194,CALLED,LIKELY
REL_001176,PERSON_0450,PERSON_1421,CALLED,UNKNOWN
REL_001177,PERSON_1235,PERSON_1267,CALLED,UNKNOWN
REL_001178,PERSON_0316,PERSON_0544,CALLED,LIKELY
REL_001179,PERSON_0672,PERSON_1175,CALLED,WEAK
REL_001180,PERSON_0095,PERSON_0229,CALLED,WEAK
REL_001181,PERSON_0105,PERSON_0413,CALLED,LIKELY
REL_001182,PERSON_0116,PERSON_1097,CALLED,UNKNOWN
REL_001183,PERSON_0359,PERSON_0724,CALLED,UNKNOWN
REL_001184,PERSON_0067,PERSON_0210,CALLED,WEAK
REL_001185,PERSON_0995,PERSON_1255,CALLED,WEAK
REL_001186,PERSON_0045,PERSON_1476,CALLED,LIKELY
REL_001187,PERSON_0388,PERSON_0936,CALLED,WEAK
REL_001188,PERSON_0019,PERSON_0827,CALLED,WEAK
REL_001189,PERSON_0847,PERSON_1225,CALLED,UNKNOWN
REL_001190,PERSON_1003,PERSON_1059,CALLED,UNKNOWN
REL_001191,PERSON_0630,PERSON_0929,CALLED,UNKNOWN
REL_001192,PERSON_0929,PERSON_1130,CALLED,WEAK
REL_001193,PERSON_0758,PERSON_1011,CALLED,WEAK
REL_001194,PERSON_0749,PERSON_1198,CALLED,WEAK
REL_001195,PERSON_0263,PERSON_1142,CALLED,WEAK
REL_001196,PERSON_0601,PERSON_1335,CALLED,WEAK
REL_001197,PERSON_0195,PERSON_1121,CALLED,LIKELY
REL_001198,PERSON_0037,PERSON_0664,CALLED,LIKELY
REL_001199,PERSON_0649,PERSON_1490,CALLED,UNKNOWN
REL_001200,PERSON_0349,PERSON_0793,CALLED,UNKNOWN
REL_001201,PERSON_0686,PERSON_1151,CALLED,UNKNOWN
REL_001202,PERSON_0223,PERSON_1337,CALLED,WEAK
REL_001203,PERSON_1046,PERSON_1049,CALLED,UNKNOWN
REL_001204,PERSON_0704,PERSON_0960,CALLED,LIKELY
REL_001205,PERSON_0995,PERSON_1097,CALLED,LIKELY
REL_001206,PERSON_0097,PERSON_0223,CALLED,WEAK
REL_001207,PERSON_0092,PERSON_0603,CALLED,WEAK
REL_001208,PERSON_0067,PERSON_0317,CALLED,WEAK
REL_001209,PERSON_0570,PERSON_0838,CALLED,WEAK
REL_001210,PERSON_0375,PERSON_1168,CALLED,LIKELY
REL_001211,PERSON_0714,PERSON_0728,CALLED,UNKNOWN
REL_001212,PERSON_0078,PERSON_1489,CALLED,UNKNOWN
REL_001213,PERSON_0113,PERSON_1406,CALLED,LIKELY
REL_001214,PERSON_0212,PERSON_1177,CALLED,UNKNOWN
REL_001215,PERSON_0119,PERSON_0407,CALLED,WEAK
REL_001216,PERSON_0791,PERSON_0808,CALLED,WEAK
REL_001217,PERSON_0317,PERSON_0570,CALLED,LIKELY
REL_001218,PERSON_0330,PERSON_0737,CALLED,WEAK
REL_001219,PERSON_0382,PERSON_1055,CALLED,UNKNOWN
REL_001220,PERSON_0010,PERSON_0772,CALLED,LIKELY
REL_001221,PERSON_0023,PERSON_0675,CALLED,LIKELY
REL_001222,PERSON_0131,PERSON_0693,CALLED,UNKNOWN
REL_001223,PERSON_0028,PERSON_1495,CALLED,UNKNOWN
REL_001224,PERSON_1391,PERSON_1484,CALLED,LIKELY
REL_001225,PERSON_0164,PERSON_0714,CALLED,LIKELY
REL_001226,PERSON_0031,PERSON_1061,CALLED,LIKELY
REL_001227,PERSON_0805,PERSON_1307,CALLED,WEAK
REL_001228,PERSON_1124,PERSON_1131,CALLED,WEAK
REL_001229,PERSON_0841,PERSON_1405,CALLED,WEAK
REL_001230,PERSON_1013,PERSON_1098,CALLED,LIKELY
REL_001231,PERSON_0658,PERSON_1270,CALLED,LIKELY
REL_001232,PERSON_0962,PERSON_0963,CALLED,UNKNOWN
REL_001233,PERSON_0958,PERSON_1035,CALLED,LIKELY
REL_001234,PERSON_0074,PERSON_1369,CALLED,UNKNOWN
REL_001235,PERSON_0107,PERSON_0967,CALLED,WEAK
REL_001236,PERSON_0069,PERSON_1344,CALLED,WEAK
REL_001237,PERSON_0859,PERSON_1198,CALLED,UNKNOWN
REL_001238,PERSON_0480,PERSON_0849,CALLED,LIKELY
REL_001239,PERSON_0423,PERSON_1366,CALLED,LIKELY
REL_001240,PERSON_1150,PERSON_1384,CALLED,UNKNOWN
REL_001241,PERSON_0744,PERSON_0862,CALLED,LIKELY
REL_001242,PERSON_0237,PERSON_1127,CALLED,WEAK
REL_001243,PERSON_0766,PERSON_1288,CALLED,UNKNOWN
REL_001244,PERSON_0777,PERSON_1399,CALLED,UNKNOWN
REL_001245,PERSON_1102,PERSON_1161,CALLED,LIKELY
REL_001246,PERSON_0643,PERSON_1235,CALLED,WEAK
REL_001247,PERSON_0025,PERSON_1011,CALLED,WEAK
REL_001248,PERSON_0458,PERSON_1390,CALLED,WEAK
REL_001249,PERSON_0464,PERSON_0676,CALLED,WEAK
REL_001250,PERSON_0242,PERSON_0654,CALLED,WEAK
REL_001251,PERSON_0014,PERSON_0337,CALLED,LIKELY
REL_001252,PERSON_1194,PERSON_1408,CALLED,UNKNOWN
REL_001253,PERSON_0748,PERSON_1444,CALLED,WEAK
REL_001254,PERSON_0260,PERSON_0304,CALLED,LIKELY
REL_001255,PERSON_0255,PERSON_1382,CALLED,LIKELY
REL_001256,PERSON_1201,PERSON_1376,CALLED,LIKELY
REL_001257,PERSON_0627,PERSON_1241,CALLED,WEAK
REL_001258,PERSON_0196,PERSON_0598,CALLED,WEAK
REL_001259,PERSON_0668,PERSON_0892,CALLED,WEAK
REL_001260,PERSON_0195,PERSON_0245,CALLED,LIKELY
REL_001261,PERSON_0546,PERSON_1266,CALLED,WEAK
REL_001262,PERSON_0425,PERSON_0539,CALLED,UNKNOWN
REL_001263,PERSON_0315,PERSON_1055,CALLED,LIKELY
REL_001264,PERSON_0329,PERSON_0804,CALLED,WEAK
REL_001265,PERSON_1086,PERSON_1367,CALLED,WEAK
REL_001266,PERSON_0442,PERSON_0849,CALLED,UNKNOWN
REL_001267,PERSON_0330,PERSON_0960,CALLED,UNKNOWN
REL_001268,PERSON_0147,PERSON_0178,CALLED,WEAK
REL_001269,PERSON_0044,PERSON_0259,CALLED,WEAK
REL_001270,PERSON_0878,PERSON_0948,CALLED,UNKNOWN
REL_001271,PERSON_0656,PERSON_0884,CALLED,WEAK
REL_001272,PERSON_0174,PERSON_1396,CALLED,LIKELY
REL_001273,PERSON_0762,PERSON_1087,CALLED,LIKELY
REL_001274,PERSON_0906,PERSON_1359,CALLED,LIKELY
REL_001275,PERSON_0640,PERSON_1457,CALLED,WEAK
REL_001276,PERSON_0062,PERSON_0988,CALLED,UNKNOWN
REL_001277,PERSON_0163,PERSON_1378,CALLED,LIKELY
REL_001278,PERSON_1119,PERSON_1211,CALLED,UNKNOWN
REL_001279,PERSON_1282,PERSON_1488,CALLED,UNKNOWN
REL_001280,PERSON_0330,PERSON_0362,CALLED,UNKNOWN
REL_001281,PERSON_0445,PERSON_1299,CALLED,UNKNOWN
REL_001282,PERSON_0491,PERSON_1070,CALLED,WEAK
REL_001283,PERSON_0420,PERSON_0965,CALLED,WEAK
REL_001284,PERSON_0160,PERSON_0528,CALLED,LIKELY
REL_001285,PERSON_0627,PERSON_1384,CALLED,WEAK
REL_001286,PERSON_0557,PERSON_0567,CALLED,WEAK
REL_001287,PERSON_0683,PERSON_0725,CALLED,LIKELY
REL_001288,PERSON_0147,PERSON_0153,CALLED,WEAK
REL_001289,PERSON_1135,PERSON_1340,CALLED,WEAK
REL_001290,PERSON_0679,PERSON_1224,CALLED,UNKNOWN
REL_001291,PERSON_0209,PERSON_0281,CALLED,LIKELY
REL_001292,PERSON_1277,PERSON_1344,CALLED,LIKELY
REL_001293,PERSON_0347,PERSON_0918,CALLED,LIKELY
REL_001294,PERSON_0898,PERSON_1109,CALLED,UNKNOWN
REL_001295,PERSON_0655,PERSON_0665,CALLED,UNKNOWN
REL_001296,PERSON_0060,PERSON_0406,CALLED,WEAK
REL_001297,PERSON_0731,PERSON_0847,CALLED,LIKELY
REL_001298,PERSON_0333,PERSON_0894,CALLED,UNKNOWN
REL_001299,PERSON_0851,PERSON_0886,CALLED,LIKELY
REL_001300,PERSON_1042,PERSON_1413,CALLED,WEAK
REL_001301,PERSON_0606,PERSON_1200,CALLED,LIKELY
REL_001302,PERSON_0193,PERSON_1010,CALLED,UNKNOWN
REL_001303,PERSON_0409,PERSON_0616,CALLED,UNKNOWN
REL_001304,PERSON_0072,PERSON_1093,CALLED,WEAK
REL_001305,PERSON_0537,PERSON_0863,CALLED,LIKELY
REL_001306,PERSON_0139,PERSON_1384,CALLED,UNKNOWN
REL_001307,PERSON_0174,PERSON_1013,CALLED,WEAK
REL_001308,PERSON_1026,PERSON_1316,CALLED,WEAK
REL_001309,PERSON_1237,PERSON_1409,CALLED,UNKNOWN
REL_001310,PERSON_0039,PERSON_0767,CALLED,WEAK
REL_001311,PERSON_0761,PERSON_1045,CALLED,UNKNOWN
REL_001312,PERSON_0323,PERSON_1168,CALLED,LIKELY
REL_001313,PERSON_0442,PERSON_1232,CALLED,LIKELY
REL_001314,PERSON_0407,PERSON_1331,CALLED,WEAK
REL_001315,PERSON_0869,PERSON_1141,CALLED,WEAK
REL_001316,PERSON_0715,PERSON_1322,CALLED,WEAK
REL_001317,PERSON_0913,PERSON_1467,CALLED,UNKNOWN
REL_001318,PERSON_0153,PERSON_0828,CALLED,WEAK
REL_001319,PERSON_1126,PERSON_1316,CALLED,LIKELY
REL_001320,PERSON_0643,PERSON_1316,CALLED,LIKELY
REL_001321,PERSON_0149,PERSON_0347,CALLED,WEAK
REL_001322,PERSON_0203,PERSON_1192,CALLED,UNKNOWN
REL_001323,PERSON_0265,PERSON_0959,CALLED,LIKELY
REL_001324,PERSON_0790,PERSON_0920,CALLED,WEAK
REL_001325,PERSON_0154,PERSON_0297,CALLED,WEAK
REL_001326,PERSON_0006,PERSON_0545,CALLED,WEAK
REL_001327,PERSON_0410,PERSON_0693,CALLED,WEAK
REL_001328,PERSON_0258,PERSON_0332,CALLED,WEAK
REL_001329,PERSON_0848,PERSON_1415,CALLED,UNKNOWN
REL_001330,PERSON_0288,PERSON_0690,CALLED,LIKELY
REL_001331,PERSON_0926,PERSON_1192,CALLED,WEAK
REL_001332,PERSON_0646,PERSON_0667,CALLED,UNKNOWN
REL_001333,PERSON_0793,PERSON_1108,CALLED,LIKELY
REL_001334,PERSON_0091,PERSON_1188,CALLED,LIKELY
REL_001335,PERSON_1288,PERSON_1356,CALLED,WEAK
REL_001336,PERSON_0068,PERSON_1440,CALLED,UNKNOWN
REL_001337,PERSON_1341,PERSON_1415,CALLED,LIKELY
REL_001338,PERSON_0735,PERSON_0839,CALLED,LIKELY
REL_001339,PERSON_0835,PERSON_0847,CALLED,WEAK
REL_001340,PERSON_0607,PERSON_1224,CALLED,UNKNOWN
REL_001341,PERSON_0161,PERSON_0823,CALLED,WEAK
REL_001342,PERSON_0440,PERSON_1256,CALLED,WEAK
REL_001343,PERSON_0174,PERSON_0873,CALLED,LIKELY
REL_001344,PERSON_0451,PERSON_1363,CALLED,UNKNOWN
REL_001345,PERSON_0113,PERSON_0277,CALLED,WEAK
REL_001346,PERSON_0468,PERSON_0646,CALLED,UNKNOWN
REL_001347,PERSON_1121,PERSON_1159,CALLED,WEAK
REL_001348,PERSON_0005,PERSON_0946,CALLED,LIKELY
REL_001349,PERSON_0388,PERSON_0797,CALLED,LIKELY
REL_001350,PERSON_0174,PERSON_0850,CALLED,WEAK
REL_001351,PERSON_0275,PERSON_1459,CALLED,UNKNOWN
REL_001352,PERSON_0450,PERSON_1347,CALLED,WEAK
REL_001353,PERSON_0286,PERSON_0780,CALLED,WEAK
REL_001354,PERSON_0303,PERSON_1259,CALLED,LIKELY
REL_001355,PERSON_0168,PERSON_1318,CALLED,WEAK
REL_001356,PERSON_0446,PERSON_0517,CALLED,WEAK
REL_001357,PERSON_1232,PERSON_1450,CALLED,WEAK
REL_001358,PERSON_0851,PERSON_1021,CALLED,WEAK
REL_001359,PERSON_0024,PERSON_0187,CALLED,WEAK
REL_001360,PERSON_1140,PERSON_1194,CALLED,WEAK
REL_001361,PERSON_0721,PERSON_1422,CALLED,UNKNOWN
REL_001362,PERSON_0707,PERSON_1032,CALLED,UNKNOWN
REL_001363,PERSON_0709,PERSON_1161,CALLED,UNKNOWN
REL_001364,PERSON_1214,PERSON_1485,CALLED,WEAK
REL_001365,PERSON_0040,PERSON_0185,CALLED,UNKNOWN
REL_001366,PERSON_0143,PERSON_0338,CALLED,UNKNOWN
REL_001367,PERSON_0300,PERSON_1129,CALLED,WEAK
REL_001368,PERSON_0839,PERSON_1345,CALLED,WEAK
REL_001369,PERSON_0165,PERSON_0476,CALLED,WEAK
REL_001370,PERSON_1234,PERSON_1286,CALLED,LIKELY
REL_001371,PERSON_0702,PERSON_1161,CALLED,LIKELY
REL_001372,PERSON_0605,PERSON_0774,CALLED,WEAK
REL_001373,PERSON_0847,PERSON_1461,CALLED,LIKELY
REL_001374,PERSON_0962,PERSON_1396,CALLED,LIKELY
REL_001375,PERSON_0120,PERSON_0203,CALLED,LIKELY
REL_001376,PERSON_0903,PERSON_1097,CALLED,WEAK
REL_001377,PERSON_0595,PERSON_0978,CALLED,UNKNOWN
REL_001378,PERSON_0095,PERSON_0942,CALLED,WEAK
REL_001379,PERSON_0374,PERSON_0388,CALLED,WEAK
REL_001380,PERSON_0605,PERSON_0617,CALLED,WEAK
REL_001381,PERSON_0017,PERSON_1442,CALLED,WEAK
REL_001382,PERSON_0152,PERSON_0525,CALLED,WEAK
REL_001383,PERSON_0007,PERSON_0748,CALLED,WEAK
REL_001384,PERSON_0831,PERSON_1245,CALLED,LIKELY
REL_001385,PERSON_1040,PERSON_1058,CALLED,WEAK
REL_001386,PERSON_0108,PERSON_1001,CALLED,WEAK
REL_001387,PERSON_0004,PERSON_1368,CALLED,LIKELY
REL_001388,PERSON_0342,PERSON_0527,CALLED,UNKNOWN
REL_001389,PERSON_0021,PERSON_0037,CALLED,UNKNOWN
REL_001390,PERSON_0474,PERSON_1264,CALLED,WEAK
REL_001391,PERSON_0462,PERSON_0653,CALLED,UNKNOWN
REL_001392,PERSON_1161,PERSON_1268,CALLED,UNKNOWN
REL_001393,PERSON_0621,PERSON_0964,CALLED,WEAK
REL_001394,PERSON_1028,PERSON_1140,CALLED,UNKNOWN
REL_001395,PERSON_0065,PERSON_0727,CALLED,WEAK
REL_001396,PERSON_0720,PERSON_1111,CALLED,LIKELY
REL_001397,PERSON_0092,PERSON_1194,CALLED,LIKELY
REL_001398,PERSON_0076,PERSON_1337,CALLED,LIKELY
REL_001399,PERSON_0289,PERSON_0890,CALLED,WEAK
REL_001400,PERSON_0316,PERSON_0431,CALLED,WEAK
REL_001401,PERSON_0110,PERSON_1216,CALLED,WEAK
REL_001402,PERSON_0216,PERSON_1110,CALLED,WEAK
REL_001403,PERSON_0402,PERSON_1086,CALLED,LIKELY
REL_001404,PERSON_0647,PERSON_1281,CALLED,UNKNOWN
REL_001405,PERSON_0492,PERSON_0726,CALLED,WEAK
REL_001406,PERSON_0534,PERSON_1334,CALLED,WEAK
REL_001407,PERSON_0637,PERSON_1470,CALLED,UNKNOWN
REL_001408,PERSON_0060,PERSON_1143,CALLED,WEAK
REL_001409,PERSON_0294,PERSON_0923,CALLED,LIKELY
REL_001410,PERSON_0494,PERSON_1208,CALLED,UNKNOWN
REL_001411,PERSON_0940,PERSON_1423,CALLED,UNKNOWN
REL_001412,PERSON_0678,PERSON_0980,CALLED,WEAK
REL_001413,PERSON_0171,PERSON_0766,CALLED,UNKNOWN
REL_001414,PERSON_0697,PERSON_1475,CALLED,WEAK
REL_001415,PERSON_1175,PERSON_1232,CALLED,LIKELY
REL_001416,PERSON_0559,PERSON_1256,CALLED,WEAK
REL_001417,PERSON_0945,PERSON_1046,CALLED,WEAK
REL_001418,PERSON_0897,PERSON_0950,CALLED,WEAK
REL_001419,PERSON_0564,PERSON_0912,CALLED,UNKNOWN
REL_001420,PERSON_1143,PERSON_1372,CALLED,UNKNOWN
REL_001421,PERSON_0842,PERSON_1052,CALLED,WEAK
REL_001422,PERSON_0087,PERSON_1473,CALLED,WEAK
REL_001423,PERSON_1205,PERSON_1267,CALLED,LIKELY
REL_001424,PERSON_0539,PERSON_1473,CALLED,WEAK
REL_001425,PERSON_0041,PERSON_1184,CALLED,UNKNOWN
REL_001426,PERSON_0135,PERSON_0920,CALLED,WEAK
REL_001427,PERSON_0260,PERSON_0627,CALLED,UNKNOWN
REL_001428,PERSON_0791,PERSON_1225,CALLED,WEAK
REL_001429,PERSON_0365,PERSON_1180,CALLED,WEAK
REL_001430,PERSON_0480,PERSON_1129,CALLED,UNKNOWN
REL_001431,PERSON_0596,PERSON_0703,CALLED,WEAK
REL_001432,PERSON_0843,PERSON_1131,CALLED,WEAK
REL_001433,PERSON_0027,PERSON_1435,CALLED,LIKELY
REL_001434,PERSON_0634,PERSON_1187,CALLED,LIKELY
REL_001435,PERSON_0693,PERSON_1110,CALLED,UNKNOWN
REL_001436,PERSON_0172,PERSON_1296,CALLED,UNKNOWN
REL_001437,PERSON_1081,PERSON_1096,CALLED,WEAK
REL_001438,PERSON_0408,PERSON_1284,CALLED,WEAK
REL_001439,PERSON_1046,PERSON_1112,CALLED,UNKNOWN
REL_001440,PERSON_0067,PERSON_1016,CALLED,LIKELY
REL_001441,PERSON_0138,PERSON_0594,CALLED,WEAK
REL_001442,PERSON_1045,PERSON_1353,CALLED,UNKNOWN
REL_001443,PERSON_0608,PERSON_0895,CALLED,UNKNOWN
REL_001444,PERSON_0339,PERSON_1353,CALLED,WEAK
REL_001445,PERSON_0378,PERSON_1159,CALLED,WEAK
REL_001446,PERSON_0143,PERSON_1262,CALLED,UNKNOWN
REL_001447,PERSON_0283,PERSON_1349,CALLED,LIKELY
REL_001448,PERSON_0198,PERSON_1426,CALLED,WEAK
REL_001449,PERSON_0720,PERSON_0806,CALLED,WEAK
REL_001450,PERSON_0978,PERSON_1046,CALLED,WEAK
REL_001451,PERSON_0962,PERSON_1499,CALLED,UNKNOWN
REL_001452,PERSON_0067,PERSON_1122,CALLED,WEAK
REL_001453,PERSON_0133,PERSON_0895,CALLED,LIKELY
REL_001454,PERSON_0103,PERSON_0335,CALLED,WEAK
REL_001455,PERSON_0329,PERSON_0514,CALLED,LIKELY
REL_001456,PERSON_0094,PERSON_0917,CALLED,WEAK
REL_001457,PERSON_0033,PERSON_1372,CALLED,LIKELY
REL_001458,PERSON_0665,PERSON_0686,CALLED,WEAK
REL_001459,PERSON_0428,PERSON_1014,CALLED,WEAK
REL_001460,PERSON_1166,PERSON_1424,CALLED,UNKNOWN
REL_001461,PERSON_0288,PERSON_1311,CALLED,WEAK
REL_001462,PERSON_0626,PERSON_1453,CALLED,UNKNOWN
REL_001463,PERSON_0683,PERSON_1268,CALLED,LIKELY
REL_001464,PERSON_0226,PERSON_1246,CALLED,WEAK
REL_001465,PERSON_0202,PERSON_0871,CALLED,WEAK
REL_001466,PERSON_1269,PERSON_1279,CALLED,WEAK
REL_001467,PERSON_0907,PERSON_1141,CALLED,LIKELY
REL_001468,PERSON_0304,PERSON_1185,CALLED,UNKNOWN
REL_001469,PERSON_0815,PERSON_1202,CALLED,WEAK
REL_001470,PERSON_0917,PERSON_1199,CALLED,WEAK
REL_001471,PERSON_0647,PERSON_0790,CALLED,WEAK
REL_001472,PERSON_1194,PERSON_1289,CALLED,WEAK
REL_001473,PERSON_0304,PERSON_0725,CALLED,UNKNOWN
REL_001474,PERSON_0836,PERSON_1363,CALLED,UNKNOWN
REL_001475,PERSON_1263,PERSON_1386,CALLED,UNKNOWN
REL_001476,PERSON_0259,PERSON_1070,CALLED,UNKNOWN
REL_001477,PERSON_0350,PERSON_0703,CALLED,LIKELY
REL_001478,PERSON_0392,PERSON_1337,CALLED,WEAK
REL_001479,PERSON_0618,PERSON_0862,CALLED,WEAK
REL_001480,PERSON_0972,PERSON_1276,CALLED,WEAK
REL_001481,PERSON_0625,PERSON_1329,CALLED,UNKNOWN
REL_001482,PERSON_0786,PERSON_1129,CALLED,LIKELY
REL_001483,PERSON_0241,PERSON_1046,CALLED,WEAK
REL_001484,PERSON_0610,PERSON_0661,CALLED,UNKNOWN
REL_001485,PERSON_0538,PERSON_1282,CALLED,UNKNOWN
REL_001486,PERSON_0975,PERSON_1031,CALLED,UNKNOWN
REL_001487,PERSON_0573,PERSON_1046,CALLED,WEAK
REL_001488,PERSON_0780,PERSON_0824,CALLED,LIKELY
REL_001489,PERSON_0055,PERSON_0910,CALLED,WEAK
REL_001490,PERSON_0822,PERSON_1124,CALLED,LIKELY
REL_001491,PERSON_0739,PERSON_0881,CALLED,LIKELY
REL_001492,PERSON_0299,PERSON_0610,CALLED,WEAK
REL_001493,PERSON_0217,PERSON_1196,CALLED,UNKNOWN
REL_001494,PERSON_0114,PERSON_0941,CALLED,LIKELY
REL_001495,PERSON_0266,PERSON_0564,CALLED,LIKELY
REL_001496,PERSON_1117,PERSON_1273,CALLED,WEAK
REL_001497,PERSON_0862,PERSON_0954,CALLED,LIKELY
REL_001498,PERSON_0471,PERSON_0553,CALLED,UNKNOWN
REL_001499,PERSON_0528,PERSON_0999,CALLED,LIKELY
REL_001500,PERSON_0140,PERSON_0706,CALLED,LIKELY
REL_001501,PERSON_0241,PERSON_0578,CALLED,WEAK
REL_001502,PERSON_0237,PERSON_0434,CALLED,WEAK
REL_001503,PERSON_0421,PERSON_0575,CALLED,LIKELY
REL_001504,PERSON_0555,PERSON_0590,CALLED,WEAK
REL_001505,PERSON_0105,PERSON_1434,CALLED,WEAK
REL_001506,PERSON_0047,PERSON_0549,CALLED,UNKNOWN
REL_001507,PERSON_0179,PERSON_0755,CALLED,WEAK
REL_001508,PERSON_0137,PERSON_0654,CALLED,LIKELY
REL_001509,PERSON_0665,PERSON_1339,CALLED,LIKELY
REL_001510,PERSON_0882,PERSON_1291,CALLED,UNKNOWN
REL_001511,PERSON_0499,PERSON_1490,CALLED,WEAK
REL_001512,PERSON_0111,PERSON_1334,CALLED,UNKNOWN
REL_001513,PERSON_0244,PERSON_0582,CALLED,UNKNOWN
REL_001514,PERSON_0087,PERSON_0136,CALLED,WEAK
REL_001515,PERSON_0507,PERSON_0948,CALLED,LIKELY
REL_001516,PERSON_0221,PERSON_1214,CALLED,WEAK
REL_001517,PERSON_0335,PERSON_0879,CALLED,UNKNOWN
REL_001518,PERSON_0404,PERSON_1284,CALLED,WEAK
REL_001519,PERSON_0314,PERSON_0731,CALLED,WEAK
REL_001520,PERSON_0508,PERSON_0888,CALLED,UNKNOWN
REL_001521,PERSON_1026,PERSON_1451,CALLED,WEAK
REL_001522,PERSON_0621,PERSON_0706,CALLED,LIKELY
REL_001523,PERSON_0390,PERSON_1246,CALLED,LIKELY
REL_001524,PERSON_0001,PERSON_1304,CALLED,UNKNOWN
REL_001525,PERSON_1143,PERSON_1323,CALLED,WEAK
REL_001526,PERSON_0891,PERSON_1490,CALLED,LIKELY
REL_001527,PERSON_0165,PERSON_0173,CALLED,UNKNOWN
REL_001528,PERSON_0961,PERSON_1134,CALLED,WEAK
REL_001529,PERSON_0038,PERSON_0561,CALLED,LIKELY
REL_001530,PERSON_0644,PERSON_0953,CALLED,LIKELY
REL_001531,PERSON_0274,PERSON_0280,CALLED,LIKELY
REL_001532,PERSON_0009,PERSON_0591,CALLED,UNKNOWN
REL_001533,PERSON_0236,PERSON_0448,CALLED,LIKELY
REL_001534,PERSON_1030,PERSON_1496,CALLED,WEAK
REL_001535,PERSON_1166,PERSON_1300,CALLED,LIKELY
REL_001536,PERSON_0062,PERSON_0633,CALLED,WEAK
REL_001537,PERSON_0969,PERSON_1112,CALLED,WEAK
REL_001538,PERSON_1047,PERSON_1300,CALLED,WEAK
REL_001539,PERSON_0010,PERSON_0589,CALLED,LIKELY
REL_001540,PERSON_0224,PERSON_1206,CALLED,WEAK
REL_001541,PERSON_0412,PERSON_0601,CALLED,UNKNOWN
REL_001542,PERSON_1139,PERSON_1319,CALLED,WEAK
REL_001543,PERSON_0044,PERSON_1411,CALLED,LIKELY
REL_001544,PERSON_0741,PERSON_0760,CALLED,WEAK
REL_001545,PERSON_0544,PERSON_1296,CALLED,WEAK
REL_001546,PERSON_0453,PERSON_1214,CALLED,UNKNOWN
REL_001547,PERSON_0785,PERSON_0916,CALLED,WEAK
REL_001548,PERSON_0720,PERSON_1291,CALLED,LIKELY
REL_001549,PERSON_0531,PERSON_1327,CALLED,WEAK
REL_001550,PERSON_0200,PERSON_0348,CALLED,WEAK
REL_001551,PERSON_0335,PERSON_0372,CALLED,LIKELY
REL_001552,PERSON_0602,PERSON_0705,CALLED,WEAK
REL_001553,PERSON_0200,PERSON_0858,CALLED,UNKNOWN
REL_001554,PERSON_0134,PERSON_0250,CALLED,LIKELY
REL_001555,PERSON_0861,PERSON_1335,CALLED,UNKNOWN
REL_001556,PERSON_0262,PERSON_1039,CALLED,UNKNOWN
REL_001557,PERSON_0930,PERSON_1354,CALLED,WEAK
REL_001558,PERSON_0588,PERSON_0905,CALLED,UNKNOWN
REL_001559,PERSON_0601,PERSON_0697,CALLED,UNKNOWN
REL_001560,PERSON_0039,PERSON_0200,CALLED,LIKELY
REL_001561,PERSON_0767,PERSON_1309,CALLED,LIKELY
REL_001562,PERSON_0315,PERSON_1194,CALLED,LIKELY
REL_001563,PERSON_0604,PERSON_0808,CALLED,UNKNOWN
REL_001564,PERSON_1314,PERSON_1498,CALLED,LIKELY
REL_001565,PERSON_0227,PERSON_0306,CALLED,LIKELY
REL_001566,PERSON_0819,PERSON_0935,CALLED,UNKNOWN
REL_001567,PERSON_0829,PERSON_0900,CALLED,UNKNOWN
REL_001568,PERSON_0429,PERSON_1159,CALLED,UNKNOWN
REL_001569,PERSON_0979,PERSON_1122,CALLED,WEAK
REL_001570,PERSON_0109,PERSON_0765,CALLED,UNKNOWN
REL_001571,PERSON_0409,PERSON_1425,CALLED,LIKELY
REL_001572,PERSON_0440,PERSON_1382,CALLED,UNKNOWN
REL_001573,PERSON_0149,PERSON_0404,CALLED,WEAK
REL_001574,PERSON_0339,PERSON_1300,CALLED,LIKELY
REL_001575,PERSON_0310,PERSON_1232,CALLED,LIKELY
REL_001576,PERSON_1109,PERSON_1321,CALLED,WEAK
REL_001577,PERSON_0031,PERSON_0588,CALLED,UNKNOWN
REL_001578,PERSON_0100,PERSON_0142,CALLED,UNKNOWN
REL_001579,PERSON_0162,PERSON_0876,CALLED,UNKNOWN
REL_001580,PERSON_0185,PERSON_0295,CALLED,LIKELY
REL_001581,PERSON_0949,PERSON_1368,CALLED,UNKNOWN
REL_001582,PERSON_0841,PERSON_0851,CALLED,WEAK
REL_001583,PERSON_0655,PERSON_1149,CALLED,UNKNOWN
REL_001584,PERSON_0427,PERSON_1103,CALLED,WEAK
REL_001585,PERSON_0066,PERSON_0160,CALLED,LIKELY
REL_001586,PERSON_0488,PERSON_0575,CALLED,LIKELY
REL_001587,PERSON_0584,PERSON_1287,CALLED,WEAK
REL_001588,PERSON_0262,PERSON_1050,CALLED,WEAK
REL_001589,PERSON_1141,PERSON_1147,CALLED,LIKELY
REL_001590,PERSON_0108,PERSON_0668,CALLED,UNKNOWN
REL_001591,PERSON_1039,PERSON_1122,CALLED,LIKELY
REL_001592,PERSON_0079,PERSON_0468,CALLED,WEAK
REL_001593,PERSON_0007,PERSON_1089,CALLED,LIKELY
REL_001594,PERSON_0871,PERSON_1499,CALLED,UNKNOWN
REL_001595,PERSON_0706,PERSON_0960,CALLED,WEAK
REL_001596,PERSON_0237,PERSON_0773,CALLED,WEAK
REL_001597,PERSON_1055,PERSON_1356,CALLED,WEAK
REL_001598,PERSON_0155,PERSON_0467,CALLED,LIKELY
REL_001599,PERSON_0231,PERSON_0469,CALLED,LIKELY
REL_001600,PERSON_0038,PERSON_0847,CALLED,WEAK
REL_001601,PERSON_0264,PERSON_0383,CALLED,LIKELY
REL_001602,PERSON_0440,PERSON_0640,CALLED,LIKELY
REL_001603,PERSON_0412,PERSON_1191,CALLED,LIKELY
REL_001604,PERSON_0858,PERSON_1300,CALLED,WEAK
REL_001605,PERSON_0603,PERSON_0794,CALLED,LIKELY
REL_001606,PERSON_0804,PERSON_1484,CALLED,WEAK
REL_001607,PERSON_1343,PERSON_1436,CALLED,UNKNOWN
REL_001608,PERSON_0437,PERSON_1210,CALLED,WEAK
REL_001609,PERSON_0076,PERSON_1335,CALLED,WEAK
REL_001610,PERSON_0401,PERSON_0800,CALLED,LIKELY
REL_001611,PERSON_0039,PERSON_0413,CALLED,WEAK
REL_001612,PERSON_0033,PERSON_0747,CALLED,WEAK
REL_001613,PERSON_0818,PERSON_1200,CALLED,LIKELY
REL_001614,PERSON_0321,PERSON_0681,CALLED,WEAK
REL_001615,PERSON_0385,PERSON_0954,CALLED,LIKELY
REL_001616,PERSON_0095,PERSON_1472,CALLED,WEAK
REL_001617,PERSON_0580,PERSON_0817,CALLED,UNKNOWN
REL_001618,PERSON_0582,PERSON_0924,CALLED,UNKNOWN
REL_001619,PERSON_0295,PERSON_0780,CALLED,WEAK
REL_001620,PERSON_0339,PERSON_1032,CALLED,UNKNOWN
REL_001621,PERSON_0078,PERSON_1463,CALLED,UNKNOWN
REL_001622,PERSON_0295,PERSON_0730,CALLED,WEAK
REL_001623,PERSON_1313,PERSON_1325,CALLED,LIKELY
REL_001624,PERSON_0185,PERSON_1398,CALLED,LIKELY
REL_001625,PERSON_0270,PERSON_0968,CALLED,UNKNOWN
REL_001626,PERSON_0579,PERSON_1287,CALLED,WEAK
REL_001627,PERSON_0220,PERSON_0414,CALLED,UNKNOWN
REL_001628,PERSON_0948,PERSON_1138,CALLED,WEAK
REL_001629,PERSON_1380,PERSON_1474,CALLED,WEAK
REL_001630,PERSON_0541,PERSON_1052,CALLED,WEAK
REL_001631,PERSON_0813,PERSON_1467,CALLED,UNKNOWN
REL_001632,PERSON_0678,PERSON_1004,CALLED,LIKELY
REL_001633,PERSON_0402,PERSON_0864,CALLED,LIKELY
REL_001634,PERSON_0618,PERSON_1232,CALLED,LIKELY
REL_001635,PERSON_0855,PERSON_1154,CALLED,UNKNOWN
REL_001636,PERSON_0763,PERSON_1450,CALLED,WEAK
REL_001637,PERSON_0150,PERSON_1249,CALLED,UNKNOWN
REL_001638,PERSON_0589,PERSON_1307,CALLED,WEAK
REL_001639,PERSON_0088,PERSON_0135,CALLED,LIKELY
REL_001640,PERSON_0496,PERSON_0650,CALLED,LIKELY
REL_001641,PERSON_0099,PERSON_1068,CALLED,LIKELY
REL_001642,PERSON_0191,PERSON_0336,CALLED,LIKELY
REL_001643,PERSON_0544,PERSON_0551,CALLED,WEAK
REL_001644,PERSON_0735,PERSON_1173,CALLED,WEAK
REL_001645,PERSON_1093,PERSON_1441,CALLED,WEAK
REL_001646,PERSON_0493,PERSON_0820,CALLED,WEAK
REL_001647,PERSON_0646,PERSON_1280,CALLED,WEAK
REL_001648,PERSON_0972,PERSON_1051,CALLED,WEAK
REL_001649,PERSON_0220,PERSON_0902,CALLED,WEAK
REL_001650,PERSON_0098,PERSON_0626,CALLED,LIKELY
REL_001651,PERSON_0620,PERSON_1288,CALLED,WEAK
REL_001652,PERSON_0012,PERSON_0140,CALLED,WEAK
REL_001653,PERSON_0647,PERSON_1320,CALLED,WEAK
REL_001654,PERSON_0134,PERSON_0808,CALLED,UNKNOWN
REL_001655,PERSON_1017,PERSON_1474,CALLED,WEAK
REL_001656,PERSON_0371,PERSON_1216,CALLED,WEAK
REL_001657,PERSON_0183,PERSON_1052,CALLED,UNKNOWN
REL_001658,PERSON_0590,PERSON_1012,CALLED,WEAK
REL_001659,PERSON_0168,PERSON_0935,CALLED,WEAK
REL_001660,PERSON_0596,PERSON_1460,CALLED,WEAK
REL_001661,PERSON_1020,PERSON_1061,CALLED,LIKELY
REL_001662,PERSON_0929,PERSON_0969,CALLED,LIKELY
REL_001663,PERSON_0348,PERSON_0655,CALLED,LIKELY
REL_001664,PERSON_0808,PERSON_1325,CALLED,WEAK
REL_001665,PERSON_0553,PERSON_0575,CALLED,LIKELY
REL_001666,PERSON_1242,PERSON_1451,CALLED,WEAK
REL_001667,PERSON_0535,PERSON_0663,CALLED,WEAK
REL_001668,PERSON_0749,PERSON_0915,CALLED,UNKNOWN
REL_001669,PERSON_0351,PERSON_0764,CALLED,WEAK
REL_001670,PERSON_1179,PERSON_1489,CALLED,LIKELY
REL_001671,PERSON_0106,PERSON_1140,CALLED,LIKELY
REL_001672,PERSON_0682,PERSON_1409,CALLED,WEAK
REL_001673,PERSON_0946,PERSON_1380,CALLED,UNKNOWN
REL_001674,PERSON_0146,PERSON_1314,CALLED,UNKNOWN
REL_001675,PERSON_0534,PERSON_0794,CALLED,UNKNOWN
REL_001676,PERSON_1012,PERSON_1046,CALLED,LIKELY
REL_001677,PERSON_0207,PERSON_1416,CALLED,LIKELY
REL_001678,PERSON_0569,PERSON_0921,CALLED,WEAK
REL_001679,PERSON_0023,PERSON_1446,CALLED,WEAK
REL_001680,PERSON_1259,PERSON_1278,CALLED,WEAK
REL_001681,PERSON_0272,PERSON_0353,CALLED,WEAK
REL_001682,PERSON_0055,PERSON_1316,CALLED,LIKELY
REL_001683,PERSON_0827,PERSON_1195,CALLED,LIKELY
REL_001684,PERSON_0111,PERSON_0891,CALLED,WEAK
REL_001685,PERSON_0147,PERSON_0482,CALLED,UNKNOWN
REL_001686,PERSON_0482,PERSON_0961,CALLED,UNKNOWN
REL_001687,PERSON_0607,PERSON_0828,CALLED,UNKNOWN
REL_001688,PERSON_1031,PERSON_1359,CALLED,UNKNOWN
REL_001689,PERSON_0415,PERSON_0747,CALLED,WEAK
REL_001690,PERSON_0795,PERSON_1194,CALLED,LIKELY
REL_001691,PERSON_0991,PERSON_1488,CALLED,LIKELY
REL_001692,PERSON_0600,PERSON_1357,CALLED,UNKNOWN
REL_001693,PERSON_0658,PERSON_1166,CALLED,WEAK
REL_001694,PERSON_0859,PERSON_1118,CALLED,WEAK
REL_001695,PERSON_0628,PERSON_1408,CALLED,WEAK
REL_001696,PERSON_0432,PERSON_0847,CALLED,LIKELY
REL_001697,PERSON_0507,PERSON_0963,CALLED,LIKELY
REL_001698,PERSON_0917,PERSON_0966,CALLED,UNKNOWN
REL_001699,PERSON_0283,PERSON_0427,CALLED,LIKELY
REL_001700,PERSON_0796,PERSON_1123,CALLED,UNKNOWN
REL_001701,PERSON_0248,PERSON_1378,CALLED,UNKNOWN
REL_001702,PERSON_0121,PERSON_0858,CALLED,WEAK
REL_001703,PERSON_0105,PERSON_0276,CALLED,LIKELY
REL_001704,PERSON_0412,PERSON_1253,CALLED,WEAK
REL_001705,PERSON_0100,PERSON_1169,CALLED,UNKNOWN
REL_001706,PERSON_0708,PERSON_0779,CALLED,WEAK
REL_001707,PERSON_0194,PERSON_1252,CALLED,LIKELY
REL_001708,PERSON_0320,PERSON_0948,CALLED,LIKELY
REL_001709,PERSON_0132,PERSON_0689,CALLED,LIKELY
REL_001710,PERSON_0529,PERSON_1333,CALLED,UNKNOWN
REL_001711,PERSON_0240,PERSON_0582,CALLED,WEAK
REL_001712,PERSON_0398,PERSON_0738,CALLED,WEAK
REL_001713,PERSON_0265,PERSON_1305,CALLED,WEAK
REL_001714,PERSON_1367,PERSON_1368,CALLED,WEAK
REL_001715,PERSON_0135,PERSON_0640,CALLED,UNKNOWN
REL_001716,PERSON_0695,PERSON_1414,CALLED,LIKELY
REL_001717,PERSON_0540,PERSON_0647,CALLED,UNKNOWN
REL_001718,PERSON_0297,PERSON_0450,CALLED,UNKNOWN
REL_001719,PERSON_0283,PERSON_0667,CALLED,WEAK
REL_001720,PERSON_0466,PERSON_1289,CALLED,WEAK
REL_001721,PERSON_0357,PERSON_1166,CALLED,WEAK
REL_001722,PERSON_0253,PERSON_0342,CALLED,LIKELY
REL_001723,PERSON_0673,PERSON_0961,CALLED,UNKNOWN
REL_001724,PERSON_1083,PERSON_1231,CALLED,WEAK
REL_001725,PERSON_0231,PERSON_0916,CALLED,UNKNOWN
REL_001726,PERSON_0900,PERSON_1017,CALLED,UNKNOWN
REL_001727,PERSON_0005,PERSON_0637,CALLED,UNKNOWN
REL_001728,PERSON_0426,PERSON_0925,CALLED,UNKNOWN
REL_001729,PERSON_0202,PERSON_0774,CALLED,WEAK
REL_001730,PERSON_0461,PERSON_1463,CALLED,WEAK
REL_001731,PERSON_0294,PERSON_1430,CALLED,LIKELY
REL_001732,PERSON_0722,PERSON_1354,CALLED,LIKELY
REL_001733,PERSON_0024,PERSON_0325,CALLED,UNKNOWN
REL_001734,PERSON_0436,PERSON_1368,CALLED,LIKELY
REL_001735,PERSON_0931,PERSON_1462,CALLED,LIKELY
REL_001736,PERSON_0096,PERSON_0277,CALLED,LIKELY
REL_001737,PERSON_0441,PERSON_1425,CALLED,UNKNOWN
REL_001738,PERSON_0598,PERSON_1199,CALLED,LIKELY
REL_001739,PERSON_0750,PERSON_0847,CALLED,LIKELY
REL_001740,PERSON_0070,PERSON_0869,CALLED,WEAK
REL_001741,PERSON_0417,PERSON_0621,CALLED,LIKELY
REL_001742,PERSON_0856,PERSON_1255,CALLED,WEAK
REL_001743,PERSON_1144,PERSON_1260,CALLED,WEAK
REL_001744,PERSON_0388,PERSON_0828,CALLED,WEAK
REL_001745,PERSON_0501,PERSON_0763,CALLED,LIKELY
REL_001746,PERSON_0588,PERSON_1176,CALLED,LIKELY
REL_001747,PERSON_0210,PERSON_0780,CALLED,UNKNOWN
REL_001748,PERSON_0590,PERSON_0682,CALLED,LIKELY
REL_001749,PERSON_0241,PERSON_0680,CALLED,UNKNOWN
REL_001750,PERSON_0061,PERSON_0625,CALLED,UNKNOWN
REL_001751,PERSON_0961,PERSON_1393,CALLED,WEAK
REL_001752,PERSON_0528,PERSON_0886,CALLED,LIKELY
REL_001753,PERSON_1300,PERSON_1353,CALLED,WEAK
REL_001754,PERSON_0481,PERSON_1205,CALLED,UNKNOWN
REL_001755,PERSON_0598,PERSON_0791,CALLED,WEAK
REL_001756,PERSON_0463,PERSON_1029,CALLED,WEAK
REL_001757,PERSON_0215,PERSON_0390,CALLED,WEAK
REL_001758,PERSON_1320,PERSON_1428,CALLED,WEAK
REL_001759,PERSON_0117,PERSON_1360,CALLED,WEAK
REL_001760,PERSON_0944,PERSON_0999,CALLED,WEAK
REL_001761,PERSON_0866,PERSON_1373,CALLED,UNKNOWN
REL_001762,PERSON_0709,PERSON_0857,CALLED,LIKELY
REL_001763,PERSON_0643,PERSON_0668,CALLED,LIKELY
REL_001764,PERSON_0382,PERSON_0721,CALLED,LIKELY
REL_001765,PERSON_0127,PERSON_1139,CALLED,UNKNOWN
REL_001766,PERSON_1100,PERSON_1184,CALLED,UNKNOWN
REL_001767,PERSON_0353,PERSON_1232,CALLED,WEAK
REL_001768,PERSON_0283,PERSON_0655,CALLED,WEAK
REL_001769,PERSON_0283,PERSON_0751,CALLED,LIKELY
REL_001770,PERSON_0400,PERSON_1108,CALLED,UNKNOWN
REL_001771,PERSON_0858,PERSON_1382,CALLED,LIKELY
REL_001772,PERSON_0442,PERSON_0919,CALLED,UNKNOWN
REL_001773,PERSON_0462,PERSON_1273,CALLED,UNKNOWN
REL_001774,PERSON_0054,PERSON_0076,CALLED,WEAK
REL_001775,PERSON_0454,PERSON_0788,CALLED,LIKELY
REL_001776,PERSON_0857,PERSON_0945,CALLED,WEAK
REL_001777,PERSON_0306,PERSON_1370,CALLED,UNKNOWN
REL_001778,PERSON_0340,PERSON_0694,CALLED,UNKNOWN
REL_001779,PERSON_0258,PERSON_0707,CALLED,UNKNOWN
REL_001780,PERSON_0304,PERSON_1341,CALLED,LIKELY
REL_001781,PERSON_0203,PERSON_1487,CALLED,UNKNOWN
REL_001782,PERSON_0176,PERSON_0515,CALLED,WEAK
REL_001783,PERSON_0758,PERSON_1172,CALLED,WEAK
REL_001784,PERSON_0231,PERSON_1030,CALLED,WEAK
REL_001785,PERSON_0273,PERSON_1063,CALLED,UNKNOWN
REL_001786,PERSON_0388,PERSON_0854,CALLED,LIKELY
REL_001787,PERSON_0852,PERSON_1268,CALLED,UNKNOWN
REL_001788,PERSON_0993,PERSON_1131,CALLED,LIKELY
REL_001789,PERSON_1189,PERSON_1194,CALLED,UNKNOWN
REL_001790,PERSON_0910,PERSON_1359,CALLED,WEAK
REL_001791,PERSON_1065,PERSON_1411,CALLED,UNKNOWN
REL_001792,PERSON_0231,PERSON_1471,CALLED,UNKNOWN
REL_001793,PERSON_0020,PERSON_0174,CALLED,UNKNOWN
REL_001794,PERSON_0519,PERSON_1038,CALLED,WEAK
REL_001795,PERSON_0111,PERSON_1231,CALLED,WEAK
REL_001796,PERSON_0721,PERSON_0768,CALLED,WEAK
REL_001797,PERSON_0535,PERSON_1269,CALLED,WEAK
REL_001798,PERSON_0071,PERSON_1202,CALLED,UNKNOWN
REL_001799,PERSON_1227,PERSON_1364,CALLED,WEAK
REL_001800,PERSON_0763,PERSON_1325,CALLED,WEAK
REL_001801,PERSON_1042,PERSON_1271,CALLED,UNKNOWN
REL_001802,PERSON_0018,PERSON_0145,CALLED,WEAK
REL_001803,PERSON_0024,PERSON_1005,CALLED,WEAK
REL_001804,PERSON_0062,PERSON_1344,CALLED,LIKELY
REL_001805,PERSON_0552,PERSON_1027,CALLED,LIKELY
REL_001806,PERSON_0355,PERSON_1125,CALLED,UNKNOWN
REL_001807,PERSON_0418,PERSON_0470,CALLED,WEAK
REL_001808,PERSON_0434,PERSON_0871,CALLED,UNKNOWN
REL_001809,PERSON_0263,PERSON_1093,CALLED,WEAK
REL_001810,PERSON_0203,PERSON_0956,CALLED,WEAK
REL_001811,PERSON_0206,PERSON_0611,CALLED,LIKELY
REL_001812,PERSON_1076,PERSON_1149,CALLED,LIKELY
REL_001813,PERSON_0582,PERSON_1453,CALLED,WEAK
REL_001814,PERSON_0165,PERSON_0732,CALLED,UNKNOWN
REL_001815,PERSON_0132,PERSON_0144,CALLED,UNKNOWN
REL_001816,PERSON_0312,PERSON_0415,CALLED,UNKNOWN
REL_001817,PERSON_0889,PERSON_1345,CALLED,UNKNOWN
REL_001818,PERSON_0192,PERSON_1449,CALLED,UNKNOWN
REL_001819,PERSON_0825,PERSON_1253,CALLED,UNKNOWN
REL_001820,PERSON_1227,PERSON_1368,CALLED,WEAK
REL_001821,PERSON_0013,PERSON_0109,CALLED,WEAK
REL_001822,PERSON_0382,PERSON_1107,CALLED,LIKELY
REL_001823,PERSON_0125,PERSON_0346,CALLED,WEAK
REL_001824,PERSON_0470,PERSON_1175,CALLED,LIKELY
REL_001825,PERSON_0199,PERSON_0264,CALLED,WEAK
REL_001826,PERSON_0706,PERSON_1211,CALLED,WEAK
REL_001827,PERSON_0324,PERSON_0903,CALLED,LIKELY
REL_001828,PERSON_0601,PERSON_0995,CALLED,UNKNOWN
REL_001829,PERSON_0539,PERSON_1438,CALLED,LIKELY
REL_001830,PERSON_0052,PERSON_0215,CALLED,UNKNOWN
REL_001831,PERSON_0748,PERSON_1213,CALLED,WEAK
REL_001832,PERSON_0927,PERSON_1120,CALLED,UNKNOWN
REL_001833,PERSON_0833,PERSON_1066,CALLED,LIKELY
REL_001834,PERSON_0164,PERSON_0875,CALLED,LIKELY
REL_001835,PERSON_0550,PERSON_1433,CALLED,LIKELY
REL_001836,PERSON_0555,PERSON_0792,CALLED,UNKNOWN
REL_001837,PERSON_0440,PERSON_0824,CALLED,UNKNOWN
REL_001838,PERSON_0400,PERSON_1461,CALLED,LIKELY
REL_001839,PERSON_0967,PERSON_1031,CALLED,UNKNOWN
REL_001840,PERSON_1107,PERSON_1374,CALLED,WEAK
REL_001841,PERSON_0447,PERSON_1316,CALLED,UNKNOWN
REL_001842,PERSON_0327,PERSON_0782,CALLED,LIKELY
REL_001843,PERSON_1011,PERSON_1187,CALLED,WEAK
REL_001844,PERSON_0551,PERSON_1323,CALLED,UNKNOWN
REL_001845,PERSON_0137,PERSON_0375,CALLED,WEAK
REL_001846,PERSON_0004,PERSON_0191,CALLED,WEAK
REL_001847,PERSON_0183,PERSON_1139,CALLED,WEAK
REL_001848,PERSON_0777,PERSON_1391,CALLED,UNKNOWN
REL_001849,PERSON_0266,PERSON_0662,CALLED,UNKNOWN
REL_001850,PERSON_0482,PERSON_1197,CALLED,WEAK
REL_001851,PERSON_0805,PERSON_1395,CALLED,WEAK
REL_001852,PERSON_0172,PERSON_0530,CALLED,LIKELY
REL_001853,PERSON_0033,PERSON_0172,CALLED,UNKNOWN
REL_001854,PERSON_0568,PERSON_1151,CALLED,UNKNOWN
REL_001855,PERSON_1033,PERSON_1280,CALLED,UNKNOWN
REL_001856,PERSON_0787,PERSON_1409,CALLED,UNKNOWN
REL_001857,PERSON_0453,PERSON_0633,CALLED,UNKNOWN
REL_001858,PERSON_0098,PERSON_1143,CALLED,UNKNOWN
REL_001859,PERSON_0190,PERSON_1106,CALLED,UNKNOWN
REL_001860,PERSON_0172,PERSON_1165,CALLED,LIKELY
REL_001861,PERSON_0019,PERSON_1189,CALLED,WEAK
REL_001862,PERSON_1024,PERSON_1279,CALLED,WEAK
REL_001863,PERSON_0045,PERSON_0580,CALLED,WEAK
REL_001864,PERSON_0920,PERSON_1297,CALLED,WEAK
REL_001865,PERSON_0565,PERSON_0636,CALLED,UNKNOWN
REL_001866,PERSON_0241,PERSON_0270,CALLED,WEAK
REL_001867,PERSON_0963,PERSON_1452,CALLED,UNKNOWN
REL_001868,PERSON_0191,PERSON_1063,CALLED,WEAK
REL_001869,PERSON_0174,PERSON_0824,CALLED,LIKELY
REL_001870,PERSON_0812,PERSON_0970,CALLED,WEAK
REL_001871,PERSON_0484,PERSON_0751,CALLED,WEAK
REL_001872,PERSON_0640,PERSON_0982,CALLED,WEAK
REL_001873,PERSON_0518,PERSON_1028,CALLED,WEAK
REL_001874,PERSON_0654,PERSON_1331,CALLED,LIKELY
REL_001875,PERSON_0727,PERSON_1363,CALLED,LIKELY
REL_001876,PERSON_0151,PERSON_0484,CALLED,UNKNOWN
REL_001877,PERSON_0629,PERSON_0765,CALLED,UNKNOWN
REL_001878,PERSON_0454,PERSON_1062,CALLED,WEAK
REL_001879,PERSON_0203,PERSON_0361,CALLED,UNKNOWN
REL_001880,PERSON_0423,PERSON_0490,CALLED,UNKNOWN
REL_001881,PERSON_0730,PERSON_1345,CALLED,LIKELY
REL_001882,PERSON_0673,PERSON_0891,CALLED,LIKELY
REL_001883,PERSON_0170,PERSON_0262,CALLED,UNKNOWN
REL_001884,PERSON_0047,PERSON_1122,CALLED,UNKNOWN
REL_001885,PERSON_1021,PERSON_1193,CALLED,UNKNOWN
REL_001886,PERSON_0486,PERSON_0610,CALLED,UNKNOWN
REL_001887,PERSON_0417,PERSON_1490,CALLED,WEAK
REL_001888,PERSON_0999,PERSON_1279,CALLED,LIKELY
REL_001889,PERSON_0344,PERSON_0748,CALLED,WEAK
REL_001890,PERSON_0877,PERSON_1498,CALLED,WEAK
REL_001891,PERSON_0593,PERSON_0714,CALLED,WEAK
REL_001892,PERSON_0626,PERSON_1199,CALLED,LIKELY
REL_001893,PERSON_0168,PERSON_0944,CALLED,WEAK
REL_001894,PERSON_0735,PERSON_1470,CALLED,WEAK
REL_001895,PERSON_0383,PERSON_1376,CALLED,LIKELY
REL_001896,PERSON_0715,PERSON_1203,CALLED,UNKNOWN
REL_001897,PERSON_0921,PERSON_1391,CALLED,WEAK
REL_001898,PERSON_0628,PERSON_0731,CALLED,WEAK
REL_001899,PERSON_0111,PERSON_0205,CALLED,LIKELY
REL_001900,PERSON_0177,PERSON_1373,CALLED,LIKELY
REL_001901,PERSON_0776,PERSON_1492,CALLED,LIKELY
REL_001902,PERSON_0027,PERSON_0923,CALLED,WEAK
REL_001903,PERSON_0394,PERSON_0557,CALLED,WEAK
REL_001904,PERSON_0403,PERSON_1320,CALLED,UNKNOWN
REL_001905,PERSON_0070,PERSON_1154,CALLED,UNKNOWN
REL_001906,PERSON_0012,PERSON_0887,CALLED,LIKELY
REL_001907,PERSON_0164,PERSON_0189,CALLED,UNKNOWN
REL_001908,PERSON_0158,PERSON_1450,CALLED,WEAK
REL_001909,PERSON_0300,PERSON_1092,CALLED,LIKELY
REL_001910,PERSON_0963,PERSON_1449,CALLED,UNKNOWN
REL_001911,PERSON_0192,PERSON_0409,CALLED,WEAK
REL_001912,PERSON_0381,PERSON_1130,CALLED,LIKELY
REL_001913,PERSON_0647,PERSON_1340,CALLED,WEAK
REL_001914,PERSON_1338,PERSON_1405,CALLED,WEAK
REL_001915,PERSON_0456,PERSON_1222,CALLED,WEAK
REL_001916,PERSON_1249,PERSON_1446,CALLED,LIKELY
REL_001917,PERSON_0459,PERSON_1043,CALLED,WEAK
REL_001918,PERSON_0954,PERSON_1032,CALLED,LIKELY
REL_001919,PERSON_0045,PERSON_1072,CALLED,UNKNOWN
REL_001920,PERSON_0143,PERSON_0348,CALLED,UNKNOWN
REL_001921,PERSON_0269,PERSON_1275,CALLED,UNKNOWN
REL_001922,PERSON_0643,PERSON_1343,CALLED,WEAK
REL_001923,PERSON_0252,PERSON_0455,CALLED,LIKELY
REL_001924,PERSON_0540,PERSON_1019,CALLED,LIKELY
REL_001925,PERSON_0259,PERSON_1192,CALLED,WEAK
REL_001926,PERSON_0050,PERSON_0248,CALLED,WEAK
REL_001927,PERSON_0333,PERSON_1364,CALLED,WEAK
REL_001928,PERSON_0997,PERSON_1308,CALLED,LIKELY
REL_001929,PERSON_0701,PERSON_1069,CALLED,UNKNOWN
REL_001930,PERSON_0781,PERSON_1122,CALLED,UNKNOWN
REL_001931,PERSON_1096,PERSON_1347,CALLED,UNKNOWN
REL_001932,PERSON_0693,PERSON_1298,CALLED,WEAK
REL_001933,PERSON_0924,PERSON_1100,CALLED,WEAK
REL_001934,PERSON_0076,PERSON_1078,CALLED,WEAK
REL_001935,PERSON_0330,PERSON_0681,CALLED,UNKNOWN
REL_001936,PERSON_0567,PERSON_1107,CALLED,WEAK
REL_001937,PERSON_0515,PERSON_1374,CALLED,LIKELY
REL_001938,PERSON_0293,PERSON_1266,CALLED,LIKELY
REL_001939,PERSON_0622,PERSON_1336,CALLED,UNKNOWN
REL_001940,PERSON_0277,PERSON_1086,CALLED,UNKNOWN
REL_001941,PERSON_0408,PERSON_1270,CALLED,WEAK
REL_001942,PERSON_0157,PERSON_0992,CALLED,UNKNOWN
REL_001943,PERSON_0932,PERSON_1307,CALLED,WEAK
REL_001944,PERSON_1004,PERSON_1141,CALLED,WEAK
REL_001945,PERSON_0500,PERSON_0779,CALLED,UNKNOWN
REL_001946,PERSON_0016,PERSON_0327,CALLED,UNKNOWN
REL_001947,PERSON_0189,PERSON_0217,CALLED,UNKNOWN
REL_001948,PERSON_0001,PERSON_1286,CALLED,WEAK
REL_001949,PERSON_0415,PERSON_1028,CALLED,WEAK
REL_001950,PERSON_0544,PERSON_1162,CALLED,LIKELY
REL_001951,PERSON_0311,PERSON_0835,CALLED,WEAK
REL_001952,PERSON_0408,PERSON_0961,CALLED,LIKELY
REL_001953,PERSON_0096,PERSON_0386,CALLED,LIKELY
REL_001954,PERSON_1003,PERSON_1257,CALLED,WEAK
REL_001955,PERSON_0026,PERSON_0164,CALLED,UNKNOWN
REL_001956,PERSON_0546,PERSON_0718,CALLED,WEAK
REL_001957,PERSON_0582,PERSON_1088,CALLED,LIKELY
REL_001958,PERSON_0968,PERSON_1046,CALLED,WEAK
REL_001959,PERSON_0845,PERSON_1147,CALLED,UNKNOWN
REL_001960,PERSON_0026,PERSON_0952,CALLED,UNKNOWN
REL_001961,PERSON_0318,PERSON_1346,CALLED,WEAK
REL_001962,PERSON_1141,PERSON_1267,CALLED,WEAK
REL_001963,PERSON_0588,PERSON_1118,CALLED,WEAK
REL_001964,PERSON_0867,PERSON_0872,CALLED,LIKELY
REL_001965,PERSON_1275,PERSON_1468,CALLED,WEAK
REL_001966,PERSON_0220,PERSON_0225,CALLED,LIKELY
REL_001967,PERSON_0430,PERSON_1166,CALLED,WEAK
REL_001968,PERSON_0402,PERSON_1029,CALLED,WEAK
REL_001969,PERSON_0541,PERSON_0877,CALLED,LIKELY
REL_001970,PERSON_0756,PERSON_0954,CALLED,UNKNOWN
REL_001971,PERSON_0590,PERSON_0714,CALLED,WEAK
REL_001972,PERSON_0232,PERSON_0814,CALLED,WEAK
REL_001973,PERSON_0164,PERSON_1395,CALLED,WEAK
REL_001974,PERSON_0162,PERSON_1207,CALLED,UNKNOWN
REL_001975,PERSON_0573,PERSON_1156,CALLED,UNKNOWN
REL_001976,PERSON_1100,PERSON_1279,CALLED,LIKELY
REL_001977,PERSON_0663,PERSON_0759,CALLED,UNKNOWN
REL_001978,PERSON_0024,PERSON_0594,CALLED,WEAK
REL_001979,PERSON_1378,PERSON_1449,CALLED,WEAK
REL_001980,PERSON_0145,PERSON_0772,CALLED,WEAK
REL_001981,PERSON_1001,PERSON_1416,CALLED,WEAK
REL_001982,PERSON_0264,PERSON_0355,CALLED,UNKNOWN
REL_001983,PERSON_0989,PERSON_1121,CALLED,LIKELY
REL_001984,PERSON_0080,PERSON_0823,CALLED,UNKNOWN
REL_001985,PERSON_0246,PERSON_1354,CALLED,LIKELY
REL_001986,PERSON_0406,PERSON_1089,CALLED,WEAK
REL_001987,PERSON_0015,PERSON_0960,CALLED,LIKELY
REL_001988,PERSON_0582,PERSON_1263,CALLED,UNKNOWN
REL_001989,PERSON_0035,PERSON_1179,CALLED,LIKELY
REL_001990,PERSON_0484,PERSON_0893,CALLED,LIKELY
REL_001991,PERSON_0045,PERSON_0673,CALLED,LIKELY
REL_001992,PERSON_0010,PERSON_0330,CALLED,LIKELY
REL_001993,PERSON_1291,PERSON_1444,CALLED,LIKELY
REL_001994,PERSON_0045,PERSON_1450,CALLED,WEAK
REL_001995,PERSON_0660,PERSON_0973,CALLED,WEAK
REL_001996,PERSON_1261,PERSON_1287,CALLED,UNKNOWN
REL_001997,PERSON_0839,PERSON_1237,CALLED,WEAK
REL_001998,PERSON_0421,PERSON_0935,CALLED,WEAK
REL_001999,PERSON_0101,PERSON_0879,CALLED,LIKELY
REL_002000,PERSON_0528,PERSON_0989,CALLED,LIKELY
REL_002001,PERSON_0652,PERSON_1402,CALLED,LIKELY
REL_002002,PERSON_0220,PERSON_0293,CALLED,UNKNOWN
REL_002003,PERSON_0780,PERSON_1005,CALLED,WEAK
REL_002004,PERSON_0623,PERSON_0891,CALLED,LIKELY
REL_002005,PERSON_0256,PERSON_1242,COMMUNICATED_WITH,UNKNOWN
REL_002006,PERSON_0560,PERSON_0909,CALLED,UNKNOWN
REL_002007,PERSON_0250,PERSON_1300,CALLED,LIKELY
REL_002008,PERSON_0346,PERSON_1331,CALLED,UNKNOWN
REL_002009,PERSON_0033,PERSON_0173,CALLED,WEAK
REL_002010,PERSON_0761,PERSON_0817,CALLED,LIKELY
REL_002011,PERSON_0941,PERSON_1118,CALLED,WEAK
REL_002012,PERSON_0417,PERSON_1383,CALLED,LIKELY
REL_002013,PERSON_0279,PERSON_0336,CALLED,LIKELY
REL_002014,PERSON_0820,PERSON_1290,CALLED,LIKELY
REL_002015,PERSON_0208,PERSON_0388,CALLED,WEAK
REL_002016,PERSON_0845,PERSON_1012,CALLED,WEAK
REL_002017,PERSON_1283,PERSON_1307,CALLED,UNKNOWN
REL_002018,PERSON_0477,PERSON_0734,CALLED,UNKNOWN
REL_002019,PERSON_0058,PERSON_1265,CALLED,LIKELY
REL_002020,PERSON_0618,PERSON_0893,CALLED,LIKELY
REL_002021,PERSON_0410,PERSON_1193,CALLED,WEAK
REL_002022,PERSON_0767,PERSON_1145,CALLED,UNKNOWN
REL_002023,PERSON_0033,PERSON_0046,CALLED,WEAK
REL_002024,PERSON_0693,PERSON_1133,CALLED,UNKNOWN
REL_002025,PERSON_0039,PERSON_1461,CALLED,UNKNOWN
REL_002026,PERSON_0155,PERSON_0554,CALLED,LIKELY
REL_002027,PERSON_0697,PERSON_1380,CALLED,LIKELY
REL_002028,PERSON_0164,PERSON_1020,CALLED,WEAK
REL_002029,PERSON_0539,PERSON_0900,CALLED,WEAK
REL_002030,PERSON_0203,PERSON_0205,CALLED,UNKNOWN
REL_002031,PERSON_0425,PERSON_1254,CALLED,LIKELY
REL_002032,PERSON_0458,PERSON_0688,CALLED,UNKNOWN
REL_002033,PERSON_0070,PERSON_1037,CALLED,UNKNOWN
REL_002034,PERSON_0797,PERSON_0933,CALLED,UNKNOWN
REL_002035,PERSON_0335,PERSON_1179,CALLED,WEAK
REL_002036,PERSON_0220,PERSON_0741,CALLED,UNKNOWN
REL_002037,PERSON_0953,PERSON_1138,CALLED,UNKNOWN
REL_002038,PERSON_0015,PERSON_0254,CALLED,WEAK
REL_002039,PERSON_0157,PERSON_0962,CALLED,WEAK
REL_002040,PERSON_0982,PERSON_1407,CALLED,UNKNOWN
REL_002041,PERSON_0904,PERSON_1108,CALLED,UNKNOWN
REL_002042,PERSON_0126,PERSON_0706,CALLED,UNKNOWN
REL_002043,PERSON_0804,PERSON_1076,CALLED,LIKELY
REL_002044,PERSON_0272,PERSON_0730,CALLED,WEAK
REL_002045,PERSON_0334,PERSON_1314,CALLED,UNKNOWN
REL_002046,PERSON_0949,PERSON_1055,CALLED,LIKELY
REL_002047,PERSON_0456,PERSON_1172,CALLED,WEAK
REL_002048,PERSON_0278,PERSON_0756,CALLED,UNKNOWN
REL_002049,PERSON_1159,PERSON_1269,CALLED,WEAK
REL_002050,PERSON_0712,PERSON_1204,CALLED,WEAK
REL_002051,PERSON_0161,PERSON_0567,CALLED,WEAK
REL_002052,PERSON_0456,PERSON_1097,CALLED,UNKNOWN
REL_002053,PERSON_0338,PERSON_1273,CALLED,LIKELY
REL_002054,PERSON_0118,PERSON_1268,CALLED,WEAK
REL_002055,PERSON_0310,PERSON_1255,CALLED,WEAK
REL_002056,PERSON_0279,PERSON_0887,CALLED,WEAK
REL_002057,PERSON_0553,PERSON_0647,CALLED,UNKNOWN
REL_002058,PERSON_0123,PERSON_1008,CALLED,UNKNOWN
REL_002059,PERSON_0180,PERSON_0264,CALLED,WEAK
REL_002060,PERSON_0066,PERSON_0228,CALLED,WEAK
REL_002061,PERSON_0073,PERSON_0876,CALLED,UNKNOWN
REL_002062,PERSON_0256,PERSON_0499,CALLED,WEAK
REL_002063,PERSON_1331,PERSON_1463,CALLED,UNKNOWN
REL_002064,PERSON_0811,PERSON_0944,CALLED,UNKNOWN
REL_002065,PERSON_0054,PERSON_0547,CALLED,WEAK
REL_002066,PERSON_0069,PERSON_0805,CALLED,UNKNOWN
REL_002067,PERSON_0280,PERSON_1078,CALLED,LIKELY
REL_002068,PERSON_0333,PERSON_0745,CALLED,WEAK
REL_002069,PERSON_0194,PERSON_1343,CALLED,WEAK
REL_002070,PERSON_0240,PERSON_1335,CALLED,WEAK
REL_002071,PERSON_0530,PERSON_0897,CALLED,LIKELY
REL_002072,PERSON_0132,PERSON_0232,CALLED,WEAK
REL_002073,PERSON_0165,PERSON_0749,CALLED,WEAK
REL_002074,PERSON_0057,PERSON_1110,CALLED,WEAK
REL_002075,PERSON_0338,PERSON_0768,CALLED,WEAK
REL_002076,PERSON_0948,PERSON_1310,CALLED,WEAK
REL_002077,PERSON_0932,PERSON_1500,CALLED,LIKELY
REL_002078,PERSON_0260,PERSON_1274,CALLED,WEAK
REL_002079,PERSON_0687,PERSON_0956,CALLED,WEAK
REL_002080,PERSON_0918,PERSON_1465,CALLED,LIKELY
REL_002081,PERSON_1173,PERSON_1334,CALLED,WEAK
REL_002082,PERSON_1110,PERSON_1484,CALLED,UNKNOWN
REL_002083,PERSON_0713,PERSON_1474,CALLED,UNKNOWN
REL_002084,PERSON_1142,PERSON_1294,CALLED,UNKNOWN
REL_002085,PERSON_0366,PERSON_1086,CALLED,UNKNOWN
REL_002086,PERSON_0371,PERSON_0441,CALLED,LIKELY
REL_002087,PERSON_0766,PERSON_0865,CALLED,WEAK
REL_002088,PERSON_0714,PERSON_1458,CALLED,WEAK
REL_002089,PERSON_0313,PERSON_0782,CALLED,LIKELY
REL_002090,PERSON_0311,PERSON_0466,CALLED,UNKNOWN
REL_002091,PERSON_0790,PERSON_1468,CALLED,LIKELY
REL_002092,PERSON_0691,PERSON_1054,CALLED,UNKNOWN
REL_002093,PERSON_0263,PERSON_1110,CALLED,UNKNOWN
REL_002094,PERSON_0324,PERSON_1430,CALLED,LIKELY
REL_002095,PERSON_0019,PERSON_1490,CALLED,WEAK
REL_002096,PERSON_0392,PERSON_0759,CALLED,WEAK
REL_002097,PERSON_0578,PERSON_0926,CALLED,UNKNOWN
REL_002098,PERSON_0464,PERSON_1284,CALLED,WEAK
REL_002099,PERSON_0199,PERSON_1439,CALLED,WEAK
REL_002100,PERSON_0646,PERSON_1202,CALLED,LIKELY
REL_002101,PERSON_0096,PERSON_1009,CALLED,WEAK
REL_002102,PERSON_0653,PERSON_1235,CALLED,UNKNOWN
REL_002103,PERSON_0496,PERSON_0851,CALLED,UNKNOWN
REL_002104,PERSON_0283,PERSON_0401,CALLED,WEAK
REL_002105,PERSON_0422,PERSON_0482,CALLED,UNKNOWN
REL_002106,PERSON_0626,PERSON_1250,CALLED,LIKELY
REL_002107,PERSON_0862,PERSON_1130,CALLED,WEAK
REL_002108,PERSON_1426,PERSON_1451,CALLED,WEAK
REL_002109,PERSON_0573,PERSON_1107,CALLED,UNKNOWN
REL_002110,PERSON_0431,PERSON_1082,CALLED,WEAK
REL_002111,PERSON_0598,PERSON_0640,CALLED,WEAK
REL_002112,PERSON_0905,PERSON_1089,CALLED,UNKNOWN
REL_002113,PERSON_0535,PERSON_1339,CALLED,UNKNOWN
REL_002114,PERSON_0443,PERSON_1300,CALLED,LIKELY
REL_002115,PERSON_0562,PERSON_1201,CALLED,LIKELY
REL_002116,PERSON_0100,PERSON_0204,CALLED,WEAK
REL_002117,PERSON_0346,PERSON_0885,CALLED,UNKNOWN
REL_002118,PERSON_0129,PERSON_0820,CALLED,WEAK
REL_002119,PERSON_0147,PERSON_1229,CALLED,LIKELY
REL_002120,PERSON_0550,PERSON_0636,CALLED,WEAK
REL_002121,PERSON_0347,PERSON_1385,CALLED,LIKELY
REL_002122,PERSON_0952,PERSON_0991,CALLED,LIKELY
REL_002123,PERSON_0146,PERSON_1382,CALLED,LIKELY
REL_002124,PERSON_0655,PERSON_1422,CALLED,UNKNOWN
REL_002125,PERSON_0601,PERSON_1117,CALLED,WEAK
REL_002126,PERSON_0703,PERSON_1130,CALLED,LIKELY
REL_002127,PERSON_0312,PERSON_1297,CALLED,UNKNOWN
REL_002128,PERSON_0024,PERSON_0432,CALLED,UNKNOWN
REL_002129,PERSON_0790,PERSON_1230,CALLED,LIKELY
REL_002130,PERSON_0943,PERSON_1107,CALLED,UNKNOWN
REL_002131,PERSON_0229,PERSON_0608,CALLED,UNKNOWN
REL_002132,PERSON_0455,PERSON_0875,CALLED,LIKELY
REL_002133,PERSON_0215,PERSON_1028,CALLED,LIKELY
REL_002134,PERSON_0375,PERSON_0942,CALLED,UNKNOWN
REL_002135,PERSON_0267,PERSON_1095,CALLED,UNKNOWN
REL_002136,PERSON_0312,PERSON_1355,CALLED,WEAK
REL_002137,PERSON_0514,PERSON_0851,CALLED,UNKNOWN
REL_002138,PERSON_1051,PERSON_1457,CALLED,LIKELY
REL_002139,PERSON_0455,PERSON_1427,CALLED,WEAK
REL_002140,PERSON_0474,PERSON_1309,CALLED,LIKELY
REL_002141,PERSON_0636,PERSON_0876,CALLED,LIKELY
REL_002142,PERSON_0223,PERSON_0289,CALLED,LIKELY
REL_002143,PERSON_0954,PERSON_1395,CALLED,WEAK
REL_002144,PERSON_0585,PERSON_0862,CALLED,LIKELY
REL_002145,PERSON_0500,PERSON_0944,CALLED,WEAK
REL_002146,PERSON_0768,PERSON_0787,CALLED,UNKNOWN
REL_002147,PERSON_0685,PERSON_0713,CALLED,WEAK
REL_002148,PERSON_0174,PERSON_0698,CALLED,UNKNOWN
REL_002149,PERSON_0921,PERSON_0941,CALLED,LIKELY
REL_002150,PERSON_0241,PERSON_0703,CALLED,LIKELY
REL_002151,PERSON_0684,PERSON_1152,CALLED,UNKNOWN
REL_002152,PERSON_1016,PERSON_1112,CALLED,WEAK
REL_002153,PERSON_0054,PERSON_1177,CALLED,UNKNOWN
REL_002154,PERSON_0706,PERSON_1409,CALLED,UNKNOWN
REL_002155,PERSON_0370,PERSON_0989,CALLED,WEAK
REL_002156,PERSON_0756,PERSON_0850,CALLED,LIKELY
REL_002157,PERSON_0861,PERSON_1011,CALLED,UNKNOWN
REL_002158,PERSON_0255,PERSON_1039,CALLED,WEAK
REL_002159,PERSON_0834,PERSON_1382,CALLED,WEAK
REL_002160,PERSON_0050,PERSON_0651,CALLED,LIKELY
REL_002161,PERSON_0327,PERSON_0614,CALLED,UNKNOWN
REL_002162,PERSON_1222,PERSON_1362,CALLED,LIKELY
REL_002163,PERSON_1056,PERSON_1109,CALLED,WEAK
REL_002164,PERSON_0051,PERSON_0198,CALLED,UNKNOWN
REL_002165,PERSON_0042,PERSON_1037,CALLED,UNKNOWN
REL_002166,PERSON_0888,PERSON_0944,CALLED,UNKNOWN
REL_002167,PERSON_1093,PERSON_1261,CALLED,WEAK
REL_002168,PERSON_0678,PERSON_1254,CALLED,WEAK
REL_002169,PERSON_0847,PERSON_1346,CALLED,LIKELY
REL_002170,PERSON_0583,PERSON_1468,CALLED,LIKELY
REL_002171,PERSON_0550,PERSON_0647,CALLED,UNKNOWN
REL_002172,PERSON_0509,PERSON_0743,CALLED,LIKELY
REL_002173,PERSON_0196,PERSON_1209,CALLED,WEAK
REL_002174,PERSON_0795,PERSON_1028,CALLED,UNKNOWN
REL_002175,PERSON_0127,PERSON_0341,CALLED,WEAK
REL_002176,PERSON_0366,PERSON_0655,CALLED,WEAK
REL_002177,PERSON_1097,PERSON_1249,CALLED,LIKELY
REL_002178,PERSON_0549,PERSON_0625,CALLED,UNKNOWN
REL_002179,PERSON_0258,PERSON_0559,CALLED,WEAK
REL_002180,PERSON_0080,PERSON_1273,CALLED,WEAK
REL_002181,PERSON_0661,PERSON_0749,CALLED,LIKELY
REL_002182,PERSON_0619,PERSON_0830,CALLED,UNKNOWN
REL_002183,PERSON_0874,PERSON_0955,CALLED,LIKELY
REL_002184,PERSON_0154,PERSON_0573,CALLED,WEAK
REL_002185,PERSON_0128,PERSON_0792,CALLED,LIKELY
REL_002186,PERSON_0057,PERSON_1230,CALLED,LIKELY
REL_002187,PERSON_1107,PERSON_1482,CALLED,UNKNOWN
REL_002188,PERSON_0811,PERSON_0922,CALLED,WEAK
REL_002189,PERSON_0499,PERSON_1345,CALLED,UNKNOWN
REL_002190,PERSON_0393,PERSON_0835,CALLED,WEAK
REL_002191,PERSON_1183,PERSON_1217,CALLED,UNKNOWN
REL_002192,PERSON_0245,PERSON_0323,CALLED,WEAK
REL_002193,PERSON_0049,PERSON_0439,CALLED,WEAK
REL_002194,PERSON_0633,PERSON_1122,CALLED,WEAK
REL_002195,PERSON_0173,PERSON_1211,CALLED,LIKELY
REL_002196,PERSON_0732,PERSON_1014,CALLED,WEAK
REL_002197,PERSON_0944,PERSON_0989,CALLED,LIKELY
REL_002198,PERSON_0432,PERSON_0549,CALLED,WEAK
REL_002199,PERSON_0495,PERSON_1319,CALLED,WEAK
REL_002200,PERSON_0689,PERSON_0918,CALLED,UNKNOWN
REL_002201,PERSON_0634,PERSON_1360,CALLED,WEAK
REL_002202,PERSON_0387,PERSON_1366,CALLED,UNKNOWN
REL_002203,PERSON_0476,PERSON_1096,CALLED,LIKELY
REL_002204,PERSON_0286,PERSON_0368,CALLED,LIKELY
REL_002205,PERSON_0122,PERSON_0753,CALLED,UNKNOWN
REL_002206,PERSON_0286,PERSON_1225,CALLED,UNKNOWN
REL_002207,PERSON_0336,PERSON_0934,CALLED,LIKELY
REL_002208,PERSON_0759,PERSON_1283,CALLED,LIKELY
REL_002209,PERSON_0216,PERSON_1293,CALLED,UNKNOWN
REL_002210,PERSON_0097,PERSON_1469,CALLED,WEAK
REL_002211,PERSON_0090,PERSON_1275,CALLED,UNKNOWN
REL_002212,PERSON_0481,PERSON_0646,CALLED,UNKNOWN
REL_002213,PERSON_0814,PERSON_1335,CALLED,UNKNOWN
REL_002214,PERSON_0091,PERSON_1418,CALLED,UNKNOWN
REL_002215,PERSON_0039,PERSON_0679,CALLED,UNKNOWN
REL_002216,PERSON_0758,PERSON_0799,CALLED,WEAK
REL_002217,PERSON_0203,PERSON_1202,CALLED,UNKNOWN
REL_002218,PERSON_0310,PERSON_1119,CALLED,WEAK
REL_002219,PERSON_0197,PERSON_0329,CALLED,UNKNOWN
REL_002220,PERSON_1230,PERSON_1407,CALLED,WEAK
REL_002221,PERSON_0528,PERSON_1116,CALLED,WEAK
REL_002222,PERSON_0564,PERSON_0816,CALLED,LIKELY
REL_002223,PERSON_0597,PERSON_0744,CALLED,LIKELY
REL_002224,PERSON_0382,PERSON_0518,CALLED,LIKELY
REL_002225,PERSON_0199,PERSON_0647,CALLED,WEAK
REL_002226,PERSON_0539,PERSON_1398,CALLED,UNKNOWN
REL_002227,PERSON_0834,PERSON_1010,CALLED,UNKNOWN
REL_002228,PERSON_0165,PERSON_1170,CALLED,UNKNOWN
REL_002229,PERSON_0457,PERSON_1433,CALLED,UNKNOWN
REL_002230,PERSON_0033,PERSON_0944,CALLED,UNKNOWN
REL_002231,PERSON_0245,PERSON_0528,CALLED,WEAK
REL_002232,PERSON_0457,PERSON_1071,CALLED,WEAK
REL_002233,PERSON_0331,PERSON_1328,CALLED,LIKELY
REL_002234,PERSON_0054,PERSON_1398,CALLED,UNKNOWN
REL_002235,PERSON_1230,PERSON_1313,CALLED,UNKNOWN
REL_002236,PERSON_0164,PERSON_0635,CALLED,WEAK
REL_002237,PERSON_0939,PERSON_1007,CALLED,WEAK
REL_002238,PERSON_0103,PERSON_1463,CALLED,LIKELY
REL_002239,PERSON_0637,PERSON_0791,CALLED,WEAK
REL_002240,PERSON_0244,PERSON_1305,CALLED,WEAK
REL_002241,PERSON_1288,PERSON_1459,CALLED,LIKELY
REL_002242,PERSON_0470,PERSON_1062,CALLED,LIKELY
REL_002243,PERSON_1018,PERSON_1394,CALLED,WEAK
REL_002244,PERSON_0056,PERSON_1250,CALLED,LIKELY
REL_002245,PERSON_0790,PERSON_1077,CALLED,UNKNOWN
REL_002246,PERSON_0990,PERSON_1142,CALLED,UNKNOWN
REL_002247,PERSON_0384,PERSON_0650,CALLED,UNKNOWN
REL_002248,PERSON_0938,PERSON_1382,CALLED,UNKNOWN
REL_002249,PERSON_0610,PERSON_0722,CALLED,LIKELY
REL_002250,PERSON_0216,PERSON_1280,CALLED,WEAK
REL_002251,PERSON_0804,PERSON_1159,CALLED,WEAK
REL_002252,PERSON_0661,PERSON_1472,CALLED,WEAK
REL_002253,PERSON_0366,PERSON_0578,CALLED,WEAK
REL_002254,PERSON_1336,PERSON_1382,CALLED,UNKNOWN
REL_002255,PERSON_0126,PERSON_0275,CALLED,LIKELY
REL_002256,PERSON_0304,PERSON_0568,CALLED,LIKELY
REL_002257,PERSON_0447,PERSON_1255,CALLED,UNKNOWN
REL_002258,PERSON_0375,PERSON_1160,CALLED,UNKNOWN
REL_002259,PERSON_0641,PERSON_1014,CALLED,WEAK
REL_002260,PERSON_0764,PERSON_1477,CALLED,LIKELY
REL_002261,PERSON_0221,PERSON_0704,CALLED,WEAK
REL_002262,PERSON_0398,PERSON_1354,CALLED,LIKELY
REL_002263,PERSON_0131,PERSON_0575,CALLED,UNKNOWN
REL_002264,PERSON_0356,PERSON_1388,CALLED,LIKELY
REL_002265,PERSON_0950,PERSON_1440,CALLED,UNKNOWN
REL_002266,PERSON_0663,PERSON_1316,CALLED,LIKELY
REL_002267,PERSON_1468,PERSON_1474,CALLED,WEAK
REL_002268,PERSON_0040,PERSON_0913,CALLED,WEAK
REL_002269,PERSON_0034,PERSON_0265,CALLED,WEAK
REL_002270,PERSON_0132,PERSON_1109,CALLED,WEAK
REL_002271,PERSON_0682,PERSON_1133,CALLED,LIKELY
REL_002272,PERSON_0311,PERSON_0657,CALLED,UNKNOWN
REL_002273,PERSON_0849,PERSON_1387,CALLED,UNKNOWN
REL_002274,PERSON_0488,PERSON_0835,CALLED,LIKELY
REL_002275,PERSON_0046,PERSON_0401,CALLED,UNKNOWN
REL_002276,PERSON_0745,PERSON_0809,CALLED,LIKELY
REL_002277,PERSON_0356,PERSON_0360,CALLED,LIKELY
REL_002278,PERSON_0355,PERSON_1030,CALLED,WEAK
REL_002279,PERSON_0032,PERSON_0891,CALLED,UNKNOWN
REL_002280,PERSON_0310,PERSON_1129,CALLED,UNKNOWN
REL_002281,PERSON_1034,PERSON_1440,CALLED,UNKNOWN
REL_002282,PERSON_0168,PERSON_1368,CALLED,LIKELY
REL_002283,PERSON_0401,PERSON_0720,CALLED,UNKNOWN
REL_002284,PERSON_0757,PERSON_0998,CALLED,UNKNOWN
REL_002285,PERSON_0844,PERSON_1412,CALLED,WEAK
REL_002286,PERSON_1249,PERSON_1291,CALLED,WEAK
REL_002287,PERSON_0597,PERSON_0923,CALLED,WEAK
REL_002288,PERSON_0329,PERSON_1139,CALLED,UNKNOWN
REL_002289,PERSON_0934,PERSON_1461,CALLED,LIKELY
REL_002290,PERSON_0287,PERSON_0766,CALLED,WEAK
REL_002291,PERSON_0756,PERSON_1011,CALLED,UNKNOWN
REL_002292,PERSON_1185,PERSON_1347,CALLED,LIKELY
REL_002293,PERSON_0961,PERSON_1083,CALLED,WEAK
REL_002294,PERSON_0566,PERSON_0896,CALLED,WEAK
REL_002295,PERSON_0592,PERSON_0634,CALLED,UNKNOWN
REL_002296,PERSON_0666,PERSON_1296,CALLED,UNKNOWN
REL_002297,PERSON_1255,PERSON_1498,CALLED,WEAK
REL_002298,PERSON_0028,PERSON_0982,CALLED,LIKELY
REL_002299,PERSON_0899,PERSON_0980,CALLED,LIKELY
REL_002300,PERSON_0922,PERSON_0933,CALLED,WEAK
REL_002301,PERSON_0066,PERSON_0948,CALLED,LIKELY
REL_002302,PERSON_0681,PERSON_1175,CALLED,LIKELY
REL_002303,PERSON_0139,PERSON_0722,CALLED,UNKNOWN
REL_002304,PERSON_0175,PERSON_0295,CALLED,LIKELY
REL_002305,PERSON_0010,PERSON_1258,CALLED,LIKELY
REL_002306,PERSON_0421,PERSON_1469,CALLED,UNKNOWN
REL_002307,PERSON_0529,PERSON_0741,CALLED,UNKNOWN
REL_002308,PERSON_0681,PERSON_1078,CALLED,WEAK
REL_002309,PERSON_0692,PERSON_0808,CALLED,UNKNOWN
REL_002310,PERSON_0098,PERSON_0607,CALLED,WEAK
REL_002311,PERSON_0127,PERSON_0382,CALLED,WEAK
REL_002312,PERSON_0220,PERSON_0694,CALLED,UNKNOWN
REL_002313,PERSON_0262,PERSON_1131,CALLED,WEAK
REL_002314,PERSON_0686,PERSON_1274,CALLED,WEAK
REL_002315,PERSON_0658,PERSON_0960,CALLED,UNKNOWN
REL_002316,PERSON_0086,PERSON_0237,CALLED,LIKELY
REL_002317,PERSON_0174,PERSON_1347,CALLED,LIKELY
REL_002318,PERSON_0164,PERSON_0590,CALLED,WEAK
REL_002319,PERSON_0544,PERSON_0814,CALLED,WEAK
REL_002320,PERSON_0473,PERSON_0958,CALLED,UNKNOWN
REL_002321,PERSON_0901,PERSON_1497,CALLED,UNKNOWN
REL_002322,PERSON_0343,PERSON_1119,CALLED,LIKELY
REL_002323,PERSON_0159,PERSON_1135,CALLED,WEAK
REL_002324,PERSON_0297,PERSON_0372,CALLED,UNKNOWN
REL_002325,PERSON_0632,PERSON_1480,CALLED,UNKNOWN
REL_002326,PERSON_0989,PERSON_1097,CALLED,WEAK
REL_002327,PERSON_0539,PERSON_0747,CALLED,WEAK
REL_002328,PERSON_0249,PERSON_0496,CALLED,WEAK
REL_002329,PERSON_0743,PERSON_0921,CALLED,WEAK
REL_002330,PERSON_0266,PERSON_0853,CALLED,UNKNOWN
REL_002331,PERSON_0008,PERSON_0158,CALLED,UNKNOWN
REL_002332,PERSON_0689,PERSON_1420,CALLED,LIKELY
REL_002333,PERSON_1149,PERSON_1500,CALLED,LIKELY
REL_002334,PERSON_0632,PERSON_1040,CALLED,WEAK
REL_002335,PERSON_0782,PERSON_0967,CALLED,UNKNOWN
REL_002336,PERSON_0247,PERSON_1238,CALLED,UNKNOWN
REL_002337,PERSON_0057,PERSON_0480,CALLED,LIKELY
REL_002338,PERSON_0591,PERSON_0974,CALLED,UNKNOWN
REL_002339,PERSON_0634,PERSON_0993,CALLED,WEAK
REL_002340,PERSON_0108,PERSON_1444,CALLED,WEAK
REL_002341,PERSON_0352,PERSON_1198,CALLED,WEAK
REL_002342,PERSON_0142,PERSON_0872,CALLED,UNKNOWN
REL_002343,PERSON_0977,PERSON_1036,CALLED,LIKELY
REL_002344,PERSON_0717,PERSON_1339,CALLED,UNKNOWN
REL_002345,PERSON_0072,PERSON_1418,CALLED,LIKELY
REL_002346,PERSON_0604,PERSON_0651,CALLED,UNKNOWN
REL_002347,PERSON_0316,PERSON_1407,CALLED,UNKNOWN
REL_002348,PERSON_0033,PERSON_1088,CALLED,UNKNOWN
REL_002349,PERSON_0234,PERSON_0850,CALLED,LIKELY
REL_002350,PERSON_0506,PERSON_0847,CALLED,UNKNOWN
REL_002351,PERSON_0328,PERSON_0897,CALLED,WEAK
REL_002352,PERSON_0266,PERSON_1026,CALLED,UNKNOWN
REL_002353,PERSON_0841,PERSON_1411,CALLED,LIKELY
REL_002354,PERSON_0858,PERSON_1067,CALLED,UNKNOWN
REL_002355,PERSON_0815,PERSON_1183,CALLED,UNKNOWN
REL_002356,PERSON_0963,PERSON_1161,CALLED,UNKNOWN
REL_002357,PERSON_0669,PERSON_0955,CALLED,LIKELY
REL_002358,PERSON_0478,PERSON_1187,CALLED,WEAK
REL_002359,PERSON_0280,PERSON_0963,CALLED,WEAK
REL_002360,PERSON_0501,PERSON_0931,CALLED,LIKELY
REL_002361,PERSON_0320,PERSON_1451,CALLED,WEAK
REL_002362,PERSON_0346,PERSON_0678,CALLED,WEAK
REL_002363,PERSON_1206,PERSON_1325,CALLED,LIKELY
REL_002364,PERSON_0540,PERSON_0722,CALLED,LIKELY
REL_002365,PERSON_1153,PERSON_1194,CALLED,UNKNOWN
REL_002366,PERSON_0200,PERSON_0955,CALLED,WEAK
REL_002367,PERSON_0167,PERSON_1161,CALLED,WEAK
REL_002368,PERSON_0149,PERSON_1162,CALLED,UNKNOWN
REL_002369,PERSON_0606,PERSON_1309,CALLED,LIKELY
REL_002370,PERSON_0821,PERSON_1081,CALLED,WEAK
REL_002371,PERSON_0500,PERSON_1240,CALLED,UNKNOWN
REL_002372,PERSON_0027,PERSON_1460,CALLED,WEAK
REL_002373,PERSON_0831,PERSON_1446,CALLED,UNKNOWN
REL_002374,PERSON_0449,PERSON_0666,CALLED,WEAK
REL_002375,PERSON_0542,PERSON_1457,CALLED,LIKELY
REL_002376,PERSON_0357,PERSON_1257,CALLED,WEAK
REL_002377,PERSON_1368,PERSON_1474,CALLED,LIKELY
REL_002378,PERSON_0723,PERSON_0979,CALLED,WEAK
REL_002379,PERSON_0830,PERSON_1468,CALLED,UNKNOWN
REL_002380,PERSON_0016,PERSON_0178,CALLED,LIKELY
REL_002381,PERSON_0049,PERSON_1426,CALLED,WEAK
REL_002382,PERSON_0441,PERSON_1377,CALLED,WEAK
REL_002383,PERSON_0096,PERSON_1024,CALLED,LIKELY
REL_002384,PERSON_0172,PERSON_1112,CALLED,UNKNOWN
REL_002385,PERSON_0906,PERSON_1332,CALLED,WEAK
REL_002386,PERSON_0802,PERSON_1188,CALLED,WEAK
REL_002387,PERSON_0774,PERSON_1113,CALLED,LIKELY
REL_002388,PERSON_0777,PERSON_1184,CALLED,WEAK
REL_002389,PERSON_0326,PERSON_1067,CALLED,WEAK
REL_002390,PERSON_0194,PERSON_0397,CALLED,LIKELY
REL_002391,PERSON_0203,PERSON_0819,CALLED,LIKELY
REL_002392,PERSON_0189,PERSON_1149,CALLED,UNKNOWN
REL_002393,PERSON_0058,PERSON_0625,CALLED,LIKELY
REL_002394,PERSON_0033,PERSON_1456,CALLED,WEAK
REL_002395,PERSON_0934,PERSON_1446,CALLED,UNKNOWN
REL_002396,PERSON_0207,PERSON_0227,CALLED,WEAK
REL_002397,PERSON_0125,PERSON_1099,CALLED,UNKNOWN
REL_002398,PERSON_0234,PERSON_1201,CALLED,LIKELY
REL_002399,PERSON_1119,PERSON_1243,CALLED,LIKELY
REL_002400,PERSON_0300,PERSON_1487,CALLED,WEAK
REL_002401,PERSON_0918,PERSON_1481,CALLED,UNKNOWN
REL_002402,PERSON_1078,PERSON_1361,CALLED,UNKNOWN
REL_002403,PERSON_0532,PERSON_1237,CALLED,WEAK
REL_002404,PERSON_0178,PERSON_1337,CALLED,UNKNOWN
REL_002405,PERSON_0728,PERSON_1384,CALLED,LIKELY
REL_002406,PERSON_0814,PERSON_0924,CALLED,UNKNOWN
REL_002407,PERSON_0031,PERSON_0546,CALLED,LIKELY
REL_002408,PERSON_0601,PERSON_1364,CALLED,UNKNOWN
REL_002409,PERSON_0572,PERSON_0699,CALLED,WEAK
REL_002410,PERSON_0718,PERSON_1456,CALLED,LIKELY
REL_002411,PERSON_0687,PERSON_1016,CALLED,UNKNOWN
REL_002412,PERSON_0483,PERSON_1261,CALLED,WEAK
REL_002413,PERSON_0063,PERSON_0786,CALLED,WEAK
REL_002414,PERSON_1122,PERSON_1188,CALLED,WEAK
REL_002415,PERSON_0808,PERSON_1490,CALLED,LIKELY
REL_002416,PERSON_0420,PERSON_1398,CALLED,LIKELY
REL_002417,PERSON_0287,PERSON_1459,CALLED,WEAK
REL_002418,PERSON_0154,PERSON_0941,CALLED,WEAK
REL_002419,PERSON_0641,PERSON_1233,CALLED,WEAK
REL_002420,PERSON_0482,PERSON_1265,CALLED,LIKELY
REL_002421,PERSON_0682,PERSON_1383,CALLED,UNKNOWN
REL_002422,PERSON_0132,PERSON_0669,CALLED,WEAK
REL_002423,PERSON_0272,PERSON_0616,CALLED,WEAK
REL_002424,PERSON_0376,PERSON_0733,CALLED,UNKNOWN
REL_002425,PERSON_0418,PERSON_1054,CALLED,WEAK
REL_002426,PERSON_0315,PERSON_1229,CALLED,WEAK
REL_002427,PERSON_0327,PERSON_0342,CALLED,UNKNOWN
REL_002428,PERSON_0040,PERSON_1480,CALLED,LIKELY
REL_002429,PERSON_0173,PERSON_0960,CALLED,LIKELY
REL_002430,PERSON_1458,PERSON_1488,CALLED,LIKELY
REL_002431,PERSON_0049,PERSON_0541,CALLED,UNKNOWN
REL_002432,PERSON_0041,PERSON_1395,CALLED,LIKELY
REL_002433,PERSON_0598,PERSON_1127,CALLED,WEAK
REL_002434,PERSON_0517,PERSON_1097,CALLED,WEAK
REL_002435,PERSON_0251,PERSON_1186,CALLED,WEAK
REL_002436,PERSON_0442,PERSON_1396,CALLED,WEAK
REL_002437,PERSON_0314,PERSON_1097,CALLED,UNKNOWN
REL_002438,PERSON_0499,PERSON_0681,CALLED,UNKNOWN
REL_002439,PERSON_1129,PERSON_1468,CALLED,WEAK
REL_002440,PERSON_0109,PERSON_0429,CALLED,UNKNOWN
REL_002441,PERSON_1283,PERSON_1318,CALLED,LIKELY
REL_002442,PERSON_0124,PERSON_1382,CALLED,UNKNOWN
REL_002443,PERSON_0225,PERSON_1394,CALLED,LIKELY
REL_002444,PERSON_1014,PERSON_1463,CALLED,WEAK
REL_002445,PERSON_0715,PERSON_0946,CALLED,UNKNOWN
REL_002446,PERSON_0575,PERSON_0689,CALLED,UNKNOWN
REL_002447,PERSON_0511,PERSON_1007,CALLED,LIKELY
REL_002448,PERSON_1066,PERSON_1310,CALLED,LIKELY
REL_002449,PERSON_0041,PERSON_0274,CALLED,WEAK
REL_002450,PERSON_0134,PERSON_0428,CALLED,LIKELY
REL_002451,PERSON_0145,PERSON_0642,CALLED,WEAK
REL_002452,PERSON_0336,PERSON_0352,CALLED,WEAK
REL_002453,PERSON_0662,PERSON_1188,CALLED,WEAK
REL_002454,PERSON_0426,PERSON_1443,CALLED,LIKELY
REL_002455,PERSON_0295,PERSON_0441,CALLED,UNKNOWN
REL_002456,PERSON_0304,PERSON_0808,CALLED,LIKELY
REL_002457,PERSON_0132,PERSON_0329,CALLED,LIKELY
REL_002458,PERSON_0621,PERSON_0943,CALLED,WEAK
REL_002459,PERSON_0337,PERSON_1377,CALLED,UNKNOWN
REL_002460,PERSON_0540,PERSON_1395,CALLED,WEAK
REL_002461,PERSON_0018,PERSON_0124,CALLED,LIKELY
REL_002462,PERSON_0782,PERSON_0792,CALLED,LIKELY
REL_002463,PERSON_0593,PERSON_0981,CALLED,WEAK
REL_002464,PERSON_1137,PERSON_1171,CALLED,UNKNOWN
REL_002465,PERSON_0830,PERSON_1063,CALLED,LIKELY
REL_002466,PERSON_0392,PERSON_0456,CALLED,UNKNOWN
REL_002467,PERSON_0214,PERSON_1194,CALLED,LIKELY
REL_002468,PERSON_1128,PERSON_1166,CALLED,LIKELY
REL_002469,PERSON_0741,PERSON_0832,CALLED,UNKNOWN
REL_002470,PERSON_0230,PERSON_0540,CALLED,WEAK
REL_002471,PERSON_0995,PERSON_1166,CALLED,WEAK
REL_002472,PERSON_0107,PERSON_0514,CALLED,UNKNOWN
REL_002473,PERSON_1373,PERSON_1429,CALLED,WEAK
REL_002474,PERSON_0456,PERSON_0935,CALLED,LIKELY
REL_002475,PERSON_0168,PERSON_0295,CALLED,WEAK
REL_002476,PERSON_0683,PERSON_1469,CALLED,LIKELY
REL_002477,PERSON_0778,PERSON_1199,CALLED,UNKNOWN
REL_002478,PERSON_0857,PERSON_1409,CALLED,UNKNOWN
REL_002479,PERSON_0808,PERSON_1287,CALLED,WEAK
REL_002480,PERSON_0976,PERSON_1394,CALLED,WEAK
REL_002481,PERSON_0028,PERSON_0336,CALLED,WEAK
REL_002482,PERSON_0469,PERSON_1412,CALLED,WEAK
REL_002483,PERSON_1028,PERSON_1161,CALLED,UNKNOWN
REL_002484,PERSON_1072,PERSON_1385,CALLED,WEAK
REL_002485,PERSON_0807,PERSON_0856,CALLED,WEAK
REL_002486,PERSON_0776,PERSON_1479,CALLED,UNKNOWN
REL_002487,PERSON_0024,PERSON_0280,CALLED,UNKNOWN
REL_002488,PERSON_0451,PERSON_1471,CALLED,WEAK
REL_002489,PERSON_0516,PERSON_1414,CALLED,WEAK
REL_002490,PERSON_0156,PERSON_0938,CALLED,UNKNOWN
REL_002491,PERSON_0875,PERSON_1482,CALLED,WEAK
REL_002492,PERSON_0431,PERSON_1031,CALLED,UNKNOWN
REL_002493,PERSON_0521,PERSON_0650,CALLED,WEAK
REL_002494,PERSON_1276,PERSON_1466,CALLED,UNKNOWN
REL_002495,PERSON_0535,PERSON_1340,CALLED,UNKNOWN
REL_002496,PERSON_0154,PERSON_1166,CALLED,WEAK
REL_002497,PERSON_0701,PERSON_1110,CALLED,UNKNOWN
REL_002498,PERSON_0824,PERSON_0964,CALLED,WEAK
REL_002499,PERSON_0853,PERSON_1328,CALLED,UNKNOWN
REL_002500,PERSON_0318,PERSON_1249,CALLED,LIKELY
REL_002501,PERSON_0679,PERSON_1109,CALLED,UNKNOWN
REL_002502,PERSON_0646,PERSON_0697,CALLED,UNKNOWN
REL_002503,PERSON_0512,PERSON_0641,CALLED,WEAK
REL_002504,PERSON_0966,PERSON_1227,CALLED,WEAK
REL_002505,PERSON_0020,PERSON_1386,CALLED,LIKELY
REL_002506,PERSON_0164,PERSON_1201,CALLED,WEAK
REL_002507,PERSON_0244,PERSON_0747,CALLED,WEAK
REL_002508,PERSON_0314,PERSON_0329,CALLED,UNKNOWN
REL_002509,PERSON_0544,PERSON_1358,CALLED,UNKNOWN
REL_002510,PERSON_0380,PERSON_1389,CALLED,UNKNOWN
REL_002511,PERSON_0550,PERSON_0790,CALLED,LIKELY
REL_002512,PERSON_0185,PERSON_1401,CALLED,UNKNOWN
REL_002513,PERSON_0809,PERSON_0820,CALLED,LIKELY
REL_002514,PERSON_0100,PERSON_1309,CALLED,WEAK
REL_002515,PERSON_0798,PERSON_1052,CALLED,LIKELY
REL_002516,PERSON_0083,PERSON_0329,CALLED,WEAK
REL_002517,PERSON_0342,PERSON_1398,CALLED,UNKNOWN
REL_002518,PERSON_0292,PERSON_0777,CALLED,UNKNOWN
REL_002519,PERSON_0432,PERSON_1494,CALLED,UNKNOWN
REL_002520,PERSON_0229,PERSON_0877,CALLED,WEAK
REL_002521,PERSON_0903,PERSON_1120,CALLED,UNKNOWN
REL_002522,PERSON_0144,PERSON_0198,CALLED,UNKNOWN
REL_002523,PERSON_0767,PERSON_1451,CALLED,UNKNOWN
REL_002524,PERSON_0124,PERSON_0809,CALLED,LIKELY
REL_002525,PERSON_0143,PERSON_1426,CALLED,WEAK
REL_002526,PERSON_0463,PERSON_1244,CALLED,UNKNOWN
REL_002527,PERSON_0677,PERSON_0826,CALLED,LIKELY
REL_002528,PERSON_0207,PERSON_0886,CALLED,UNKNOWN
REL_002529,PERSON_1085,PERSON_1429,CALLED,LIKELY
REL_002530,PERSON_0216,PERSON_0784,CALLED,WEAK
REL_002531,PERSON_1121,PERSON_1472,CALLED,WEAK
REL_002532,PERSON_0494,PERSON_0889,CALLED,LIKELY
REL_002533,PERSON_0752,PERSON_1499,CALLED,UNKNOWN
REL_002534,PERSON_0148,PERSON_1256,CALLED,UNKNOWN
REL_002535,PERSON_0998,PERSON_1451,CALLED,LIKELY
REL_002536,PERSON_0917,PERSON_0960,CALLED,UNKNOWN
REL_002537,PERSON_0325,PERSON_0386,CALLED,WEAK
REL_002538,PERSON_0869,PERSON_1271,CALLED,UNKNOWN
REL_002539,PERSON_0594,PERSON_1303,CALLED,LIKELY
REL_002540,PERSON_0316,PERSON_1254,CALLED,UNKNOWN
REL_002541,PERSON_0252,PERSON_1019,CALLED,WEAK
REL_002542,PERSON_0974,PERSON_1492,CALLED,LIKELY
REL_002543,PERSON_0586,PERSON_1311,CALLED,UNKNOWN
REL_002544,PERSON_0088,PERSON_0907,CALLED,LIKELY
REL_002545,PERSON_0275,PERSON_1122,CALLED,WEAK
REL_002546,PERSON_0859,PERSON_0973,CALLED,WEAK
REL_002547,PERSON_0495,PERSON_1053,CALLED,WEAK
REL_002548,PERSON_0426,PERSON_1318,CALLED,LIKELY
REL_002549,PERSON_0495,PERSON_1418,CALLED,UNKNOWN
REL_002550,PERSON_0056,PERSON_1262,CALLED,LIKELY
REL_002551,PERSON_0402,PERSON_1142,CALLED,UNKNOWN
REL_002552,PERSON_0442,PERSON_1398,CALLED,WEAK
REL_002553,PERSON_0343,PERSON_0436,CALLED,WEAK
REL_002554,PERSON_0712,PERSON_1205,CALLED,WEAK
REL_002555,PERSON_0169,PERSON_0517,CALLED,LIKELY
REL_002556,PERSON_0626,PERSON_1028,CALLED,WEAK
REL_002557,PERSON_1067,PERSON_1209,CALLED,UNKNOWN
REL_002558,PERSON_0857,PERSON_1269,CALLED,UNKNOWN
REL_002559,PERSON_0121,PERSON_1430,CALLED,LIKELY
REL_002560,PERSON_0046,PERSON_0634,CALLED,UNKNOWN
REL_002561,PERSON_0810,PERSON_1058,CALLED,LIKELY
REL_002562,PERSON_0394,PERSON_0523,CALLED,UNKNOWN
REL_002563,PERSON_0675,PERSON_0846,CALLED,LIKELY
REL_002564,PERSON_0086,PERSON_1256,CALLED,WEAK
REL_002565,PERSON_0335,PERSON_1405,CALLED,LIKELY
REL_002566,PERSON_0751,PERSON_0897,CALLED,WEAK
REL_002567,PERSON_0847,PERSON_1360,CALLED,WEAK
REL_002568,PERSON_0599,PERSON_0792,CALLED,LIKELY
REL_002569,PERSON_0033,PERSON_0542,CALLED,UNKNOWN
REL_002570,PERSON_0479,PERSON_0961,CALLED,WEAK
REL_002571,PERSON_0017,PERSON_1208,CALLED,WEAK
REL_002572,PERSON_0018,PERSON_0341,CALLED,UNKNOWN
REL_002573,PERSON_1180,PERSON_1193,CALLED,WEAK
REL_002574,PERSON_0513,PERSON_1216,CALLED,WEAK
REL_002575,PERSON_0295,PERSON_0641,CALLED,LIKELY
REL_002576,PERSON_0259,PERSON_1133,CALLED,WEAK
REL_002577,PERSON_1298,PERSON_1377,CALLED,LIKELY
REL_002578,PERSON_0209,PERSON_0220,CALLED,UNKNOWN
REL_002579,PERSON_0735,PERSON_1472,CALLED,WEAK
REL_002580,PERSON_0139,PERSON_0424,CALLED,WEAK
REL_002581,PERSON_0391,PERSON_0826,CALLED,UNKNOWN
REL_002582,PERSON_1218,PERSON_1242,CALLED,WEAK
REL_002583,PERSON_0186,PERSON_0500,CALLED,WEAK
REL_002584,PERSON_0642,PERSON_1107,CALLED,WEAK
REL_002585,PERSON_0593,PERSON_0671,CALLED,WEAK
REL_002586,PERSON_1111,PERSON_1196,CALLED,LIKELY
REL_002587,PERSON_0258,PERSON_1293,CALLED,LIKELY
REL_002588,PERSON_1026,PERSON_1222,CALLED,WEAK
REL_002589,PERSON_1134,PERSON_1449,CALLED,UNKNOWN
REL_002590,PERSON_0312,PERSON_1276,CALLED,UNKNOWN
REL_002591,PERSON_0862,PERSON_1043,CALLED,LIKELY
REL_002592,PERSON_0340,PERSON_0635,CALLED,WEAK
REL_002593,PERSON_0336,PERSON_1046,CALLED,LIKELY
REL_002594,PERSON_0968,PERSON_1433,CALLED,LIKELY
REL_002595,PERSON_0341,PERSON_0981,CALLED,UNKNOWN
REL_002596,PERSON_0741,PERSON_0919,CALLED,UNKNOWN
REL_002597,PERSON_0395,PERSON_0692,CALLED,WEAK
REL_002598,PERSON_0391,PERSON_0657,CALLED,LIKELY
REL_002599,PERSON_0727,PERSON_0739,CALLED,WEAK
REL_002600,PERSON_0258,PERSON_0969,CALLED,UNKNOWN
REL_002601,PERSON_0325,PERSON_0532,CALLED,WEAK
REL_002602,PERSON_0150,PERSON_1030,CALLED,WEAK
REL_002603,PERSON_0255,PERSON_1166,CALLED,UNKNOWN
REL_002604,PERSON_1179,PERSON_1361,CALLED,WEAK
REL_002605,PERSON_0100,PERSON_0759,CALLED,WEAK
REL_002606,PERSON_0402,PERSON_1363,CALLED,LIKELY
REL_002607,PERSON_0812,PERSON_1007,CALLED,UNKNOWN
REL_002608,PERSON_0369,PERSON_0555,CALLED,LIKELY
REL_002609,PERSON_0328,PERSON_1371,CALLED,LIKELY
REL_002610,PERSON_0353,PERSON_1119,CALLED,UNKNOWN
REL_002611,PERSON_0118,PERSON_0124,CALLED,UNKNOWN
REL_002612,PERSON_0150,PERSON_0707,CALLED,LIKELY
REL_002613,PERSON_0976,PERSON_1158,CALLED,UNKNOWN
REL_002614,PERSON_0039,PERSON_0458,CALLED,WEAK
REL_002615,PERSON_0931,PERSON_1344,CALLED,UNKNOWN
REL_002616,PERSON_0135,PERSON_0989,CALLED,WEAK
REL_002617,PERSON_0265,PERSON_0322,CALLED,UNKNOWN
REL_002618,PERSON_0169,PERSON_0779,CALLED,LIKELY
REL_002619,PERSON_0268,PERSON_0854,CALLED,LIKELY
REL_002620,PERSON_0560,PERSON_0801,CALLED,LIKELY
REL_002621,PERSON_0091,PERSON_0793,CALLED,LIKELY
REL_002622,PERSON_0600,PERSON_0791,CALLED,WEAK
REL_002623,PERSON_0474,PERSON_0619,CALLED,WEAK
REL_002624,PERSON_1326,PERSON_1382,CALLED,UNKNOWN
REL_002625,PERSON_0080,PERSON_0158,CALLED,LIKELY
REL_002626,PERSON_0107,PERSON_0553,CALLED,WEAK
REL_002627,PERSON_0404,PERSON_1368,CALLED,UNKNOWN
REL_002628,PERSON_0649,PERSON_1285,CALLED,WEAK
REL_002629,PERSON_0991,PERSON_1254,CALLED,WEAK
REL_002630,PERSON_1227,PERSON_1340,CALLED,WEAK
REL_002631,PERSON_1028,PERSON_1498,CALLED,UNKNOWN
REL_002632,PERSON_0526,PERSON_0720,CALLED,LIKELY
REL_002633,PERSON_0378,PERSON_1026,CALLED,UNKNOWN
REL_002634,PERSON_0310,PERSON_1286,CALLED,WEAK
REL_002635,PERSON_0198,PERSON_0919,CALLED,WEAK
REL_002636,PERSON_1184,PERSON_1457,CALLED,LIKELY
REL_002637,PERSON_0652,PERSON_1128,CALLED,LIKELY
REL_002638,PERSON_0140,PERSON_1428,CALLED,WEAK
REL_002639,PERSON_0410,PERSON_1482,CALLED,UNKNOWN
REL_002640,PERSON_0423,PERSON_1329,CALLED,WEAK
REL_002641,PERSON_0902,PERSON_1465,CALLED,UNKNOWN
REL_002642,PERSON_0527,PERSON_1257,CALLED,LIKELY
REL_002643,PERSON_0216,PERSON_0679,CALLED,WEAK
REL_002644,PERSON_0800,PERSON_1420,CALLED,UNKNOWN
REL_002645,PERSON_0860,PERSON_1384,CALLED,LIKELY
REL_002646,PERSON_0309,PERSON_1054,CALLED,UNKNOWN
REL_002647,PERSON_1077,PERSON_1279,CALLED,UNKNOWN
REL_002648,PERSON_1431,PERSON_1458,CALLED,WEAK
REL_002649,PERSON_0786,PERSON_0904,CALLED,UNKNOWN
REL_002650,PERSON_0896,PERSON_1209,CALLED,UNKNOWN
REL_002651,PERSON_0646,PERSON_1335,CALLED,UNKNOWN
REL_002652,PERSON_0636,PERSON_0858,CALLED,WEAK
REL_002653,PERSON_0381,PERSON_1218,CALLED,LIKELY
REL_002654,PERSON_0569,PERSON_0731,CALLED,UNKNOWN
REL_002655,PERSON_0666,PERSON_1254,CALLED,UNKNOWN
REL_002656,PERSON_0822,PERSON_1026,CALLED,WEAK
REL_002657,PERSON_1265,PERSON_1309,CALLED,WEAK
REL_002658,PERSON_0920,PERSON_0935,CALLED,WEAK
REL_002659,PERSON_0969,PERSON_1398,CALLED,UNKNOWN
REL_002660,PERSON_0219,PERSON_1414,CALLED,WEAK
REL_002661,PERSON_0706,PERSON_0958,CALLED,WEAK
REL_002662,PERSON_0147,PERSON_0791,CALLED,LIKELY
REL_002663,PERSON_1064,PERSON_1470,CALLED,LIKELY
REL_002664,PERSON_0445,PERSON_1159,CALLED,UNKNOWN
REL_002665,PERSON_0737,PERSON_0805,CALLED,LIKELY
REL_002666,PERSON_0577,PERSON_0741,CALLED,WEAK
REL_002667,PERSON_0205,PERSON_1136,CALLED,UNKNOWN
REL_002668,PERSON_0063,PERSON_1135,CALLED,UNKNOWN
REL_002669,PERSON_0174,PERSON_0939,CALLED,WEAK
REL_002670,PERSON_0362,PERSON_1168,CALLED,WEAK
REL_002671,PERSON_0280,PERSON_1472,CALLED,WEAK
REL_002672,PERSON_0609,PERSON_0756,CALLED,LIKELY
REL_002673,PERSON_0306,PERSON_0808,CALLED,UNKNOWN
REL_002674,PERSON_1015,PERSON_1231,CALLED,LIKELY
REL_002675,PERSON_0722,PERSON_0946,CALLED,WEAK
REL_002676,PERSON_1269,PERSON_1396,CALLED,UNKNOWN
REL_002677,PERSON_0555,PERSON_0765,CALLED,WEAK
REL_002678,PERSON_0188,PERSON_1216,CALLED,WEAK
REL_002679,PERSON_0635,PERSON_0782,CALLED,LIKELY
REL_002680,PERSON_0098,PERSON_0778,CALLED,LIKELY
REL_002681,PERSON_0608,PERSON_0752,CALLED,UNKNOWN
REL_002682,PERSON_1036,PERSON_1386,CALLED,LIKELY
REL_002683,PERSON_0116,PERSON_1064,CALLED,UNKNOWN
REL_002684,PERSON_0920,PERSON_1110,CALLED,UNKNOWN
REL_002685,PERSON_0759,PERSON_1261,CALLED,LIKELY
REL_002686,PERSON_0178,PERSON_1297,CALLED,UNKNOWN
REL_002687,PERSON_0531,PERSON_0730,CALLED,WEAK
REL_002688,PERSON_0075,PERSON_0891,CALLED,WEAK
REL_002689,PERSON_0045,PERSON_1225,CALLED,LIKELY
REL_002690,PERSON_0771,PERSON_1273,CALLED,UNKNOWN
REL_002691,PERSON_0540,PERSON_1231,CALLED,WEAK
REL_002692,PERSON_0238,PERSON_0539,CALLED,WEAK
REL_002693,PERSON_0724,PERSON_1011,CALLED,UNKNOWN
REL_002694,PERSON_0465,PERSON_0990,CALLED,WEAK
REL_002695,PERSON_0488,PERSON_1405,CALLED,UNKNOWN
REL_002696,PERSON_0432,PERSON_0508,CALLED,UNKNOWN
REL_002697,PERSON_0258,PERSON_0765,CALLED,UNKNOWN
REL_002698,PERSON_0235,PERSON_0369,CALLED,WEAK
REL_002699,PERSON_0145,PERSON_0706,CALLED,UNKNOWN
REL_002700,PERSON_0032,PERSON_0209,CALLED,WEAK
REL_002701,PERSON_0145,PERSON_0879,CALLED,LIKELY
REL_002702,PERSON_1129,PERSON_1138,CALLED,LIKELY
REL_002703,PERSON_0725,PERSON_1167,CALLED,UNKNOWN
REL_002704,PERSON_1011,PERSON_1137,CALLED,WEAK
REL_002705,PERSON_0311,PERSON_1328,CALLED,UNKNOWN
REL_002706,PERSON_1359,PERSON_1396,CALLED,UNKNOWN
REL_002707,PERSON_0287,PERSON_0967,CALLED,LIKELY
REL_002708,PERSON_0102,PERSON_0821,CALLED,LIKELY
REL_002709,PERSON_1206,PERSON_1221,CALLED,WEAK
REL_002710,PERSON_0013,PERSON_1000,CALLED,UNKNOWN
REL_002711,PERSON_0072,PERSON_1225,CALLED,WEAK
REL_002712,PERSON_1247,PERSON_1398,CALLED,WEAK
REL_002713,PERSON_0174,PERSON_1307,CALLED,LIKELY
REL_002714,PERSON_1366,PERSON_1439,CALLED,WEAK
REL_002715,PERSON_0485,PERSON_1216,CALLED,WEAK
REL_002716,PERSON_0187,PERSON_0741,CALLED,UNKNOWN
REL_002717,PERSON_0997,PERSON_1456,CALLED,WEAK
REL_002718,PERSON_0105,PERSON_1005,CALLED,UNKNOWN
REL_002719,PERSON_0498,PERSON_0763,CALLED,WEAK
REL_002720,PERSON_0089,PERSON_1398,CALLED,UNKNOWN
REL_002721,PERSON_1134,PERSON_1296,CALLED,UNKNOWN
REL_002722,PERSON_0057,PERSON_0939,CALLED,WEAK
REL_002723,PERSON_1307,PERSON_1379,CALLED,WEAK
REL_002724,PERSON_0053,PERSON_0344,CALLED,WEAK
REL_002725,PERSON_0453,PERSON_1445,CALLED,LIKELY
REL_002726,PERSON_0232,PERSON_0699,CALLED,LIKELY
REL_002727,PERSON_0047,PERSON_0267,CALLED,UNKNOWN
REL_002728,PERSON_0712,PERSON_1317,CALLED,WEAK
REL_002729,PERSON_0437,PERSON_1143,CALLED,LIKELY
REL_002730,PERSON_0165,PERSON_0529,CALLED,WEAK
REL_002731,PERSON_0104,PERSON_0912,CALLED,UNKNOWN
REL_002732,PERSON_0196,PERSON_1358,CALLED,UNKNOWN
REL_002733,PERSON_0265,PERSON_0776,CALLED,UNKNOWN
REL_002734,PERSON_1181,PERSON_1202,CALLED,WEAK
REL_002735,PERSON_0432,PERSON_0563,CALLED,WEAK
REL_002736,PERSON_0372,PERSON_1104,CALLED,UNKNOWN
REL_002737,PERSON_0477,PERSON_1008,CALLED,WEAK
REL_002738,PERSON_1388,PERSON_1396,CALLED,UNKNOWN
REL_002739,PERSON_0352,PERSON_0469,CALLED,UNKNOWN
REL_002740,PERSON_0443,PERSON_0923,CALLED,WEAK
REL_002741,PERSON_0477,PERSON_0995,CALLED,LIKELY
REL_002742,PERSON_0613,PERSON_0890,CALLED,WEAK
REL_002743,PERSON_0418,PERSON_0886,CALLED,UNKNOWN
REL_002744,PERSON_0868,PERSON_1248,CALLED,LIKELY
REL_002745,PERSON_0270,PERSON_1377,CALLED,WEAK
REL_002746,PERSON_1336,PERSON_1368,CALLED,LIKELY
REL_002747,PERSON_0466,PERSON_1026,CALLED,WEAK
REL_002748,PERSON_0720,PERSON_1016,CALLED,WEAK
REL_002749,PERSON_0527,PERSON_1335,CALLED,LIKELY
REL_002750,PERSON_0222,PERSON_0794,CALLED,LIKELY
REL_002751,PERSON_0734,PERSON_0899,CALLED,LIKELY
REL_002752,PERSON_0233,PERSON_1246,CALLED,WEAK
REL_002753,PERSON_1048,PERSON_1321,CALLED,WEAK
REL_002754,PERSON_0380,PERSON_1493,CALLED,LIKELY
REL_002755,PERSON_0003,PERSON_0943,CALLED,WEAK
REL_002756,PERSON_0287,PERSON_1177,CALLED,WEAK
REL_002757,PERSON_0315,PERSON_0706,CALLED,LIKELY
REL_002758,PERSON_0308,PERSON_0954,CALLED,UNKNOWN
REL_002759,PERSON_0214,PERSON_1031,CALLED,UNKNOWN
REL_002760,PERSON_0280,PERSON_0281,CALLED,LIKELY
REL_002761,PERSON_0491,PERSON_1135,CALLED,LIKELY
REL_002762,PERSON_0276,PERSON_0437,CALLED,WEAK
REL_002763,PERSON_0464,PERSON_1148,CALLED,WEAK
REL_002764,PERSON_0181,PERSON_0756,CALLED,WEAK
REL_002765,PERSON_1065,PERSON_1461,CALLED,WEAK
REL_002766,PERSON_0934,PERSON_1295,CALLED,UNKNOWN
REL_002767,PERSON_0199,PERSON_0487,CALLED,WEAK
REL_002768,PERSON_0096,PERSON_0761,CALLED,UNKNOWN
REL_002769,PERSON_0222,PERSON_1231,CALLED,WEAK
REL_002770,PERSON_0044,PERSON_0378,CALLED,WEAK
REL_002771,PERSON_0420,PERSON_0962,CALLED,LIKELY
REL_002772,PERSON_0062,PERSON_0147,CALLED,WEAK
REL_002773,PERSON_0655,PERSON_1128,CALLED,WEAK
REL_002774,PERSON_0641,PERSON_0698,CALLED,LIKELY
REL_002775,PERSON_0377,PERSON_1108,CALLED,UNKNOWN
REL_002776,PERSON_1109,PERSON_1337,CALLED,WEAK
REL_002777,PERSON_0390,PERSON_0809,CALLED,LIKELY
REL_002778,PERSON_0468,PERSON_1140,CALLED,LIKELY
REL_002779,PERSON_1302,PERSON_1422,CALLED,UNKNOWN
REL_002780,PERSON_0954,PERSON_1108,CALLED,UNKNOWN
REL_002781,PERSON_0628,PERSON_1462,CALLED,UNKNOWN
REL_002782,PERSON_0139,PERSON_0812,CALLED,LIKELY
REL_002783,PERSON_0883,PERSON_1362,CALLED,WEAK
REL_002784,PERSON_0319,PERSON_0439,CALLED,UNKNOWN
REL_002785,PERSON_0241,PERSON_0500,CALLED,WEAK
REL_002786,PERSON_0265,PERSON_0357,CALLED,UNKNOWN
REL_002787,PERSON_1020,PERSON_1395,CALLED,UNKNOWN
REL_002788,PERSON_0094,PERSON_0915,CALLED,UNKNOWN
REL_002789,PERSON_0007,PERSON_0921,CALLED,WEAK
REL_002790,PERSON_0603,PERSON_1191,CALLED,WEAK
REL_002791,PERSON_1076,PERSON_1150,CALLED,UNKNOWN
REL_002792,PERSON_0222,PERSON_0279,CALLED,WEAK
REL_002793,PERSON_0322,PERSON_0693,CALLED,LIKELY
REL_002794,PERSON_0960,PERSON_1308,CALLED,LIKELY
REL_002795,PERSON_0079,PERSON_1414,CALLED,WEAK
REL_002796,PERSON_1451,PERSON_1499,CALLED,UNKNOWN
REL_002797,PERSON_0456,PERSON_1059,CALLED,LIKELY
REL_002798,PERSON_0246,PERSON_0826,CALLED,LIKELY
REL_002799,PERSON_1032,PERSON_1180,CALLED,LIKELY
REL_002800,PERSON_0111,PERSON_0216,CALLED,UNKNOWN
REL_002801,PERSON_1176,PERSON_1290,CALLED,WEAK
REL_002802,PERSON_1039,PERSON_1112,CALLED,WEAK
REL_002803,PERSON_0421,PERSON_0977,CALLED,UNKNOWN
REL_002804,PERSON_0241,PERSON_1198,CALLED,WEAK
REL_002805,PERSON_0580,PERSON_0608,CALLED,UNKNOWN
REL_002806,PERSON_0439,PERSON_1396,CALLED,UNKNOWN
REL_002807,PERSON_0008,PERSON_0347,CALLED,UNKNOWN
REL_002808,PERSON_0311,PERSON_1411,CALLED,WEAK
REL_002809,PERSON_0647,PERSON_0911,CALLED,UNKNOWN
REL_002810,PERSON_1175,PERSON_1245,CALLED,LIKELY
REL_002811,PERSON_0601,PERSON_1258,CALLED,WEAK
REL_002812,PERSON_0109,PERSON_0752,CALLED,UNKNOWN
REL_002813,PERSON_0244,PERSON_0758,CALLED,WEAK
REL_002814,PERSON_0465,PERSON_1014,CALLED,WEAK
REL_002815,PERSON_0178,PERSON_0549,CALLED,UNKNOWN
REL_002816,PERSON_0514,PERSON_1044,CALLED,UNKNOWN
REL_002817,PERSON_1081,PERSON_1229,CALLED,LIKELY
REL_002818,PERSON_0988,PERSON_1106,CALLED,LIKELY
REL_002819,PERSON_1204,PERSON_1414,CALLED,UNKNOWN
REL_002820,PERSON_1143,PERSON_1235,CALLED,WEAK
REL_002821,PERSON_0609,PERSON_0787,CALLED,UNKNOWN
REL_002822,PERSON_0774,PERSON_1145,CALLED,WEAK
REL_002823,PERSON_0630,PERSON_1223,CALLED,LIKELY
REL_002824,PERSON_0288,PERSON_0293,CALLED,WEAK
REL_002825,PERSON_1159,PERSON_1311,CALLED,UNKNOWN
REL_002826,PERSON_0359,PERSON_1143,CALLED,WEAK
REL_002827,PERSON_0246,PERSON_1378,CALLED,UNKNOWN
REL_002828,PERSON_0321,PERSON_1045,CALLED,LIKELY
REL_002829,PERSON_0851,PERSON_1243,CALLED,LIKELY
REL_002830,PERSON_0804,PERSON_0891,CALLED,LIKELY
REL_002831,PERSON_0225,PERSON_1350,CALLED,LIKELY
REL_002832,PERSON_0418,PERSON_1215,CALLED,LIKELY
REL_002833,PERSON_0358,PERSON_0864,CALLED,LIKELY
REL_002834,PERSON_0399,PERSON_1307,CALLED,WEAK
REL_002835,PERSON_0549,PERSON_0768,CALLED,WEAK
REL_002836,PERSON_0640,PERSON_1288,CALLED,LIKELY
REL_002837,PERSON_0547,PERSON_1361,CALLED,UNKNOWN
REL_002838,PERSON_1120,PERSON_1176,CALLED,WEAK
REL_002839,PERSON_0335,PERSON_1060,CALLED,WEAK
REL_002840,PERSON_0076,PERSON_1492,CALLED,UNKNOWN
REL_002841,PERSON_1052,PERSON_1350,CALLED,WEAK
REL_002842,PERSON_0867,PERSON_1448,CALLED,WEAK
REL_002843,PERSON_0246,PERSON_1107,CALLED,WEAK
REL_002844,PERSON_0375,PERSON_0588,CALLED,WEAK
REL_002845,PERSON_0033,PERSON_0544,CALLED,WEAK
REL_002846,PERSON_0047,PERSON_1417,CALLED,LIKELY
REL_002847,PERSON_0935,PERSON_0951,CALLED,UNKNOWN
REL_002848,PERSON_0764,PERSON_0988,CALLED,LIKELY
REL_002849,PERSON_0744,PERSON_1257,CALLED,LIKELY
REL_002850,PERSON_0397,PERSON_0703,CALLED,UNKNOWN
REL_002851,PERSON_0859,PERSON_1275,CALLED,LIKELY
REL_002852,PERSON_0035,PERSON_1256,CALLED,WEAK
REL_002853,PERSON_0640,PERSON_0808,CALLED,WEAK
REL_002854,PERSON_0564,PERSON_1178,CALLED,UNKNOWN
REL_002855,PERSON_0370,PERSON_0868,CALLED,WEAK
REL_002856,PERSON_0662,PERSON_0686,CALLED,UNKNOWN
REL_002857,PERSON_0470,PERSON_0792,CALLED,WEAK
REL_002858,PERSON_0216,PERSON_0350,CALLED,WEAK
REL_002859,PERSON_0395,PERSON_1208,CALLED,LIKELY
REL_002860,PERSON_0309,PERSON_0787,CALLED,WEAK
REL_002861,PERSON_0472,PERSON_1138,CALLED,WEAK
REL_002862,PERSON_0422,PERSON_1453,CALLED,LIKELY
REL_002863,PERSON_0928,PERSON_1120,CALLED,LIKELY
REL_002864,PERSON_0174,PERSON_0235,CALLED,UNKNOWN
REL_002865,PERSON_0833,PERSON_1139,CALLED,WEAK
REL_002866,PERSON_0737,PERSON_1116,CALLED,WEAK
REL_002867,PERSON_0577,PERSON_1413,CALLED,LIKELY
REL_002868,PERSON_0858,PERSON_1380,CALLED,LIKELY
REL_002869,PERSON_1231,PERSON_1409,CALLED,LIKELY
REL_002870,PERSON_0942,PERSON_0989,CALLED,UNKNOWN
REL_002871,PERSON_0150,PERSON_1347,CALLED,LIKELY
REL_002872,PERSON_0209,PERSON_1079,CALLED,WEAK
REL_002873,PERSON_0424,PERSON_0817,CALLED,WEAK
REL_002874,PERSON_0752,PERSON_1282,CALLED,WEAK
REL_002875,PERSON_1178,PERSON_1252,CALLED,LIKELY
REL_002876,PERSON_0608,PERSON_1354,CALLED,LIKELY
REL_002877,PERSON_0582,PERSON_0690,CALLED,WEAK
REL_002878,PERSON_0424,PERSON_0541,CALLED,UNKNOWN
REL_002879,PERSON_0792,PERSON_0819,CALLED,UNKNOWN
REL_002880,PERSON_0603,PERSON_1158,CALLED,LIKELY
REL_002881,PERSON_0667,PERSON_1255,CALLED,UNKNOWN
REL_002882,PERSON_0986,PERSON_1291,CALLED,WEAK
REL_002883,PERSON_0134,PERSON_0283,CALLED,WEAK
REL_002884,PERSON_0446,PERSON_1184,CALLED,WEAK
REL_002885,PERSON_1158,PERSON_1242,CALLED,UNKNOWN
REL_002886,PERSON_0783,PERSON_1229,CALLED,LIKELY
REL_002887,PERSON_0127,PERSON_0790,CALLED,LIKELY
REL_002888,PERSON_0098,PERSON_1074,CALLED,UNKNOWN
REL_002889,PERSON_0272,PERSON_1413,CALLED,UNKNOWN
REL_002890,PERSON_1006,PERSON_1112,CALLED,UNKNOWN
REL_002891,PERSON_0030,PERSON_0309,CALLED,UNKNOWN
REL_002892,PERSON_0164,PERSON_0808,CALLED,UNKNOWN
REL_002893,PERSON_0026,PERSON_1344,CALLED,WEAK
REL_002894,PERSON_0331,PERSON_0721,CALLED,WEAK
REL_002895,PERSON_0681,PERSON_1357,CALLED,UNKNOWN
REL_002896,PERSON_0113,PERSON_1461,CALLED,LIKELY
REL_002897,PERSON_0024,PERSON_0091,CALLED,LIKELY
REL_002898,PERSON_0620,PERSON_1166,CALLED,WEAK
REL_002899,PERSON_0187,PERSON_1077,CALLED,WEAK
REL_002900,PERSON_0681,PERSON_1016,CALLED,UNKNOWN
REL_002901,PERSON_0991,PERSON_1466,CALLED,WEAK
REL_002902,PERSON_0376,PERSON_1348,CALLED,LIKELY
REL_002903,PERSON_0323,PERSON_0410,CALLED,WEAK
REL_002904,PERSON_1331,PERSON_1439,CALLED,UNKNOWN
REL_002905,PERSON_0922,PERSON_1141,CALLED,LIKELY
REL_002906,PERSON_0188,PERSON_1440,CALLED,LIKELY
REL_002907,PERSON_0103,PERSON_0682,CALLED,LIKELY
REL_002908,PERSON_0169,PERSON_0741,CALLED,WEAK
REL_002909,PERSON_0212,PERSON_0996,CALLED,UNKNOWN
REL_002910,PERSON_0207,PERSON_0876,CALLED,WEAK
REL_002911,PERSON_0626,PERSON_0775,CALLED,LIKELY
REL_002912,PERSON_0369,PERSON_1490,CALLED,WEAK
REL_002913,PERSON_0027,PERSON_0811,CALLED,WEAK
REL_002914,PERSON_0581,PERSON_1064,CALLED,WEAK
REL_002915,PERSON_0179,PERSON_0210,CALLED,WEAK
REL_002916,PERSON_0189,PERSON_0557,CALLED,WEAK
REL_002917,PERSON_0824,PERSON_1140,CALLED,LIKELY
REL_002918,PERSON_0472,PERSON_0821,CALLED,WEAK
REL_002919,PERSON_0003,PERSON_0250,CALLED,LIKELY
REL_002920,PERSON_1074,PERSON_1105,CALLED,WEAK
REL_002921,PERSON_0161,PERSON_0994,CALLED,UNKNOWN
REL_002922,PERSON_0555,PERSON_0786,CALLED,WEAK
REL_002923,PERSON_0072,PERSON_0611,CALLED,UNKNOWN
REL_002924,PERSON_0335,PERSON_0408,CALLED,LIKELY
REL_002925,PERSON_0034,PERSON_0133,CALLED,WEAK
REL_002926,PERSON_0425,PERSON_1136,CALLED,UNKNOWN
REL_002927,PERSON_0197,PERSON_0866,CALLED,WEAK
REL_002928,PERSON_0870,PERSON_1280,CALLED,WEAK
REL_002929,PERSON_0662,PERSON_1348,CALLED,WEAK
REL_002930,PERSON_0568,PERSON_1072,CALLED,UNKNOWN
REL_002931,PERSON_0844,PERSON_0917,CALLED,WEAK
REL_002932,PERSON_0490,PERSON_1296,CALLED,UNKNOWN
REL_002933,PERSON_1286,PERSON_1462,CALLED,WEAK
REL_002934,PERSON_0102,PERSON_0724,CALLED,UNKNOWN
REL_002935,PERSON_0137,PERSON_0601,CALLED,WEAK
REL_002936,PERSON_0354,PERSON_0803,CALLED,WEAK
REL_002937,PERSON_0999,PERSON_1236,CALLED,WEAK
REL_002938,PERSON_0638,PERSON_0715,CALLED,WEAK
REL_002939,PERSON_0254,PERSON_0285,CALLED,LIKELY
REL_002940,PERSON_0630,PERSON_0741,CALLED,UNKNOWN
REL_002941,PERSON_1124,PERSON_1407,CALLED,WEAK
REL_002942,PERSON_0246,PERSON_0543,CALLED,LIKELY
REL_002943,PERSON_0200,PERSON_0837,CALLED,UNKNOWN
REL_002944,PERSON_0094,PERSON_0875,CALLED,WEAK
REL_002945,PERSON_0705,PERSON_0828,CALLED,UNKNOWN
REL_002946,PERSON_1337,PERSON_1426,CALLED,WEAK
REL_002947,PERSON_1161,PERSON_1349,CALLED,UNKNOWN
REL_002948,PERSON_0337,PERSON_0766,CALLED,WEAK
REL_002949,PERSON_0323,PERSON_1460,CALLED,WEAK
REL_002950,PERSON_1073,PERSON_1374,CALLED,LIKELY
REL_002951,PERSON_0733,PERSON_1368,CALLED,WEAK
REL_002952,PERSON_0148,PERSON_0203,CALLED,WEAK
REL_002953,PERSON_0827,PERSON_0869,CALLED,WEAK
REL_002954,PERSON_0080,PERSON_0923,CALLED,LIKELY
REL_002955,PERSON_0681,PERSON_1241,CALLED,LIKELY
REL_002956,PERSON_0109,PERSON_1208,CALLED,UNKNOWN
REL_002957,PERSON_0284,PERSON_0569,CALLED,LIKELY
REL_002958,PERSON_0153,PERSON_0596,CALLED,LIKELY
REL_002959,PERSON_1320,PERSON_1372,CALLED,UNKNOWN
REL_002960,PERSON_0237,PERSON_1440,CALLED,LIKELY
REL_002961,PERSON_0643,PERSON_1171,CALLED,UNKNOWN
REL_002962,PERSON_0299,PERSON_1355,CALLED,UNKNOWN
REL_002963,PERSON_0224,PERSON_0300,CALLED,WEAK
REL_002964,PERSON_0261,PERSON_1350,CALLED,UNKNOWN
REL_002965,PERSON_0118,PERSON_1149,CALLED,LIKELY
REL_002966,PERSON_0291,PERSON_0299,CALLED,LIKELY
REL_002967,PERSON_0332,PERSON_0356,CALLED,UNKNOWN
REL_002968,PERSON_1268,PERSON_1481,CALLED,WEAK
REL_002969,PERSON_0168,PERSON_0190,CALLED,UNKNOWN
REL_002970,PERSON_0834,PERSON_0894,CALLED,WEAK
REL_002971,PERSON_0038,PERSON_1106,CALLED,LIKELY
REL_002972,PERSON_1395,PERSON_1443,CALLED,UNKNOWN
REL_002973,PERSON_1041,PERSON_1200,CALLED,WEAK
REL_002974,PERSON_0354,PERSON_1394,CALLED,UNKNOWN
REL_002975,PERSON_0447,PERSON_0481,CALLED,LIKELY
REL_002976,PERSON_0353,PERSON_0847,CALLED,LIKELY
REL_002977,PERSON_0291,PERSON_1345,CALLED,WEAK
REL_002978,PERSON_0072,PERSON_1396,CALLED,WEAK
REL_002979,PERSON_0537,PERSON_1344,CALLED,WEAK
REL_002980,PERSON_0669,PERSON_0731,CALLED,WEAK
REL_002981,PERSON_0121,PERSON_0487,CALLED,WEAK
REL_002982,PERSON_0246,PERSON_1141,CALLED,LIKELY
REL_002983,PERSON_0563,PERSON_0846,CALLED,UNKNOWN
REL_002984,PERSON_0564,PERSON_1348,CALLED,LIKELY
REL_002985,PERSON_0178,PERSON_0466,CALLED,LIKELY
REL_002986,PERSON_0989,PERSON_1383,CALLED,WEAK
REL_002987,PERSON_0966,PERSON_1416,CALLED,WEAK
REL_002988,PERSON_0307,PERSON_1234,CALLED,WEAK
REL_002989,PERSON_1093,PERSON_1452,CALLED,UNKNOWN
REL_002990,PERSON_0564,PERSON_0644,CALLED,UNKNOWN
REL_002991,PERSON_0184,PERSON_0212,CALLED,WEAK
REL_002992,PERSON_1170,PERSON_1399,CALLED,WEAK
REL_002993,PERSON_0380,PERSON_0790,CALLED,LIKELY
REL_002994,PERSON_0920,PERSON_1288,CALLED,UNKNOWN
REL_002995,PERSON_0067,PERSON_0934,CALLED,WEAK
REL_002996,PERSON_0280,PERSON_0931,CALLED,UNKNOWN
REL_002997,PERSON_0073,PERSON_0118,CALLED,WEAK
REL_002998,PERSON_0753,PERSON_1078,CALLED,LIKELY
REL_002999,PERSON_0642,PERSON_0708,CALLED,UNKNOWN
REL_003000,PERSON_0280,PERSON_0943,CALLED,WEAK
REL_003001,PERSON_0806,PERSON_1140,CALLED,UNKNOWN
REL_003002,PERSON_0470,PERSON_0746,CALLED,WEAK
REL_003003,PERSON_0862,PERSON_1160,CALLED,UNKNOWN
REL_003004,PERSON_0431,PERSON_1473,CALLED,WEAK
REL_003005,PERSON_0011,PERSON_0722,CALLED,LIKELY
REL_003006,PERSON_0430,PERSON_0814,CALLED,UNKNOWN
REL_003007,PERSON_0731,PERSON_1033,CALLED,WEAK
REL_003008,PERSON_0185,PERSON_1428,CALLED,LIKELY
REL_003009,PERSON_0127,PERSON_0962,CALLED,UNKNOWN
REL_003010,PERSON_0979,PERSON_1391,CALLED,WEAK
REL_003011,PERSON_0672,PERSON_1140,CALLED,UNKNOWN
REL_003012,PERSON_0818,PERSON_1185,CALLED,UNKNOWN
REL_003013,PERSON_0508,PERSON_0516,CALLED,LIKELY
REL_003014,PERSON_0445,PERSON_0663,CALLED,LIKELY
REL_003015,PERSON_0059,PERSON_0496,CALLED,LIKELY
REL_003016,PERSON_0918,PERSON_1121,CALLED,WEAK
REL_003017,PERSON_0241,PERSON_0372,CALLED,WEAK
REL_003018,PERSON_0166,PERSON_0192,CALLED,UNKNOWN
REL_003019,PERSON_0070,PERSON_0463,CALLED,UNKNOWN
REL_003020,PERSON_0555,PERSON_0935,CALLED,UNKNOWN
REL_003021,PERSON_0339,PERSON_0793,CALLED,WEAK
REL_003022,PERSON_0347,PERSON_1435,CALLED,UNKNOWN
REL_003023,PERSON_0819,PERSON_1349,CALLED,UNKNOWN
REL_003024,PERSON_0603,PERSON_1408,CALLED,UNKNOWN
REL_003025,PERSON_0273,PERSON_0508,CALLED,UNKNOWN
REL_003026,PERSON_0561,PERSON_0695,CALLED,LIKELY
REL_003027,PERSON_0710,PERSON_1194,CALLED,UNKNOWN
REL_003028,PERSON_0289,PERSON_0638,CALLED,LIKELY
REL_003029,PERSON_0766,PERSON_1252,CALLED,UNKNOWN
REL_003030,PERSON_0252,PERSON_1259,CALLED,WEAK
REL_003031,PERSON_0804,PERSON_1498,CALLED,WEAK
REL_003032,PERSON_0542,PERSON_1488,CALLED,WEAK
REL_003033,PERSON_0085,PERSON_0990,CALLED,UNKNOWN
REL_003034,PERSON_0331,PERSON_0336,CALLED,LIKELY
REL_003035,PERSON_0514,PERSON_0747,CALLED,LIKELY
REL_003036,PERSON_0490,PERSON_1162,CALLED,LIKELY
REL_003037,PERSON_1180,PERSON_1349,CALLED,WEAK
REL_003038,PERSON_0160,PERSON_0228,CALLED,WEAK
REL_003039,PERSON_0283,PERSON_0821,CALLED,UNKNOWN
REL_003040,PERSON_1028,PERSON_1187,CALLED,WEAK
REL_003041,PERSON_0367,PERSON_1353,CALLED,UNKNOWN
REL_003042,PERSON_0083,PERSON_0461,CALLED,LIKELY
REL_003043,PERSON_0544,PERSON_1299,CALLED,WEAK
REL_003044,PERSON_0097,PERSON_0098,CALLED,LIKELY
REL_003045,PERSON_0549,PERSON_1225,CALLED,UNKNOWN
REL_003046,PERSON_0681,PERSON_1315,CALLED,LIKELY
REL_003047,PERSON_0102,PERSON_0203,CALLED,WEAK
REL_003048,PERSON_0858,PERSON_1107,CALLED,LIKELY
REL_003049,PERSON_0711,PERSON_1387,CALLED,WEAK
REL_003050,PERSON_1038,PERSON_1263,CALLED,LIKELY
REL_003051,PERSON_0029,PERSON_1253,CALLED,WEAK
REL_003052,PERSON_1024,PERSON_1055,CALLED,LIKELY
REL_003053,PERSON_0320,PERSON_1106,CALLED,LIKELY
REL_003054,PERSON_1257,PERSON_1331,CALLED,WEAK
REL_003055,PERSON_0200,PERSON_1256,CALLED,WEAK
REL_003056,PERSON_0203,PERSON_1167,CALLED,UNKNOWN
REL_003057,PERSON_0423,PERSON_1220,CALLED,WEAK
REL_003058,PERSON_1068,PERSON_1110,CALLED,UNKNOWN
REL_003059,PERSON_1140,PERSON_1289,CALLED,UNKNOWN
REL_003060,PERSON_0107,PERSON_0237,CALLED,UNKNOWN
REL_003061,PERSON_0637,PERSON_0957,CALLED,WEAK
REL_003062,PERSON_0165,PERSON_1370,CALLED,UNKNOWN
REL_003063,PERSON_1261,PERSON_1468,CALLED,UNKNOWN
REL_003064,PERSON_0049,PERSON_1195,CALLED,UNKNOWN
REL_003065,PERSON_1135,PERSON_1208,CALLED,LIKELY
REL_003066,PERSON_0432,PERSON_0456,CALLED,UNKNOWN
REL_003067,PERSON_0424,PERSON_0678,CALLED,WEAK
REL_003068,PERSON_0320,PERSON_0321,CALLED,LIKELY
REL_003069,PERSON_0341,PERSON_1162,CALLED,WEAK
REL_003070,PERSON_0640,PERSON_0980,CALLED,WEAK
REL_003071,PERSON_0748,PERSON_0912,CALLED,LIKELY
REL_003072,PERSON_0540,PERSON_0620,CALLED,WEAK
REL_003073,PERSON_0014,PERSON_0542,CALLED,LIKELY
REL_003074,PERSON_0295,PERSON_1166,CALLED,LIKELY
REL_003075,PERSON_0685,PERSON_1210,CALLED,UNKNOWN
REL_003076,PERSON_0796,PERSON_0994,CALLED,WEAK
REL_003077,PERSON_0598,PERSON_0642,CALLED,WEAK
REL_003078,PERSON_0453,PERSON_0810,CALLED,WEAK
REL_003079,PERSON_0105,PERSON_1380,CALLED,WEAK
REL_003080,PERSON_0506,PERSON_1253,CALLED,LIKELY
REL_003081,PERSON_0063,PERSON_0100,CALLED,LIKELY
REL_003082,PERSON_0448,PERSON_0998,CALLED,LIKELY
REL_003083,PERSON_0811,PERSON_1194,CALLED,WEAK
REL_003084,PERSON_0805,PERSON_1187,CALLED,LIKELY
REL_003085,PERSON_0124,PERSON_1079,CALLED,UNKNOWN
REL_003086,PERSON_0596,PERSON_0863,CALLED,UNKNOWN
REL_003087,PERSON_0790,PERSON_1362,CALLED,UNKNOWN
REL_003088,PERSON_0055,PERSON_1251,CALLED,LIKELY
REL_003089,PERSON_0009,PERSON_1017,CALLED,WEAK
REL_003090,PERSON_1032,PERSON_1347,CALLED,WEAK
REL_003091,PERSON_0777,PERSON_0779,CALLED,UNKNOWN
REL_003092,PERSON_0669,PERSON_1485,CALLED,LIKELY
REL_003093,PERSON_0046,PERSON_0827,CALLED,WEAK
REL_003094,PERSON_0431,PERSON_0849,CALLED,LIKELY
REL_003095,PERSON_0410,PERSON_0888,CALLED,LIKELY
REL_003096,PERSON_0110,PERSON_1450,CALLED,UNKNOWN
REL_003097,PERSON_0805,PERSON_0881,CALLED,WEAK
REL_003098,PERSON_0012,PERSON_0156,CALLED,WEAK
REL_003099,PERSON_0010,PERSON_0147,CALLED,UNKNOWN
REL_003100,PERSON_0257,PERSON_1446,CALLED,WEAK
REL_003101,PERSON_0267,PERSON_0408,CALLED,WEAK
REL_003102,PERSON_1135,PERSON_1281,CALLED,UNKNOWN
REL_003103,PERSON_0588,PERSON_0714,CALLED,UNKNOWN
REL_003104,PERSON_0453,PERSON_1095,CALLED,WEAK
REL_003105,PERSON_1115,PERSON_1175,CALLED,LIKELY
REL_003106,PERSON_0221,PERSON_1316,CALLED,LIKELY
REL_003107,PERSON_0582,PERSON_0621,CALLED,LIKELY
REL_003108,PERSON_1131,PERSON_1443,CALLED,UNKNOWN
REL_003109,PERSON_0356,PERSON_1415,CALLED,WEAK
REL_003110,PERSON_0997,PERSON_1158,CALLED,UNKNOWN
REL_003111,PERSON_0692,PERSON_0946,CALLED,WEAK
REL_003112,PERSON_0113,PERSON_0346,CALLED,LIKELY
REL_003113,PERSON_0219,PERSON_1345,CALLED,WEAK
REL_003114,PERSON_0070,PERSON_0755,CALLED,WEAK
REL_003115,PERSON_0917,PERSON_1490,CALLED,LIKELY
REL_003116,PERSON_0636,PERSON_1217,CALLED,WEAK
REL_003117,PERSON_1043,PERSON_1276,CALLED,WEAK
REL_003118,PERSON_0456,PERSON_0952,CALLED,WEAK
REL_003119,PERSON_0185,PERSON_1256,CALLED,WEAK
REL_003120,PERSON_0414,PERSON_1162,CALLED,LIKELY
REL_003121,PERSON_0145,PERSON_0164,CALLED,UNKNOWN
REL_003122,PERSON_1186,PERSON_1430,CALLED,LIKELY
REL_003123,PERSON_0282,PERSON_0321,CALLED,LIKELY
REL_003124,PERSON_0206,PERSON_0890,CALLED,LIKELY
REL_003125,PERSON_0893,PERSON_1483,CALLED,UNKNOWN
REL_003126,PERSON_0695,PERSON_1090,CALLED,UNKNOWN
REL_003127,PERSON_1329,PERSON_1436,CALLED,UNKNOWN
REL_003128,PERSON_0682,PERSON_0821,CALLED,WEAK
REL_003129,PERSON_0707,PERSON_1057,CALLED,WEAK
REL_003130,PERSON_0375,PERSON_0543,CALLED,WEAK
REL_003131,PERSON_0582,PERSON_1059,CALLED,WEAK
REL_003132,PERSON_0168,PERSON_0172,CALLED,WEAK
REL_003133,PERSON_0795,PERSON_1253,CALLED,UNKNOWN
REL_003134,PERSON_1163,PERSON_1189,CALLED,LIKELY
REL_003135,PERSON_0954,PERSON_1210,CALLED,WEAK
REL_003136,PERSON_0636,PERSON_0862,CALLED,WEAK
REL_003137,PERSON_0433,PERSON_0950,CALLED,WEAK
REL_003138,PERSON_0602,PERSON_1016,CALLED,LIKELY
REL_003139,PERSON_0783,PERSON_1380,CALLED,WEAK
REL_003140,PERSON_0194,PERSON_0229,CALLED,WEAK
REL_003141,PERSON_0422,PERSON_1469,CALLED,UNKNOWN
REL_003142,PERSON_0095,PERSON_0635,CALLED,LIKELY
REL_003143,PERSON_0534,PERSON_1195,CALLED,UNKNOWN
REL_003144,PERSON_0717,PERSON_1000,CALLED,WEAK
REL_003145,PERSON_0190,PERSON_0583,CALLED,LIKELY
REL_003146,PERSON_0118,PERSON_0760,CALLED,UNKNOWN
REL_003147,PERSON_0790,PERSON_1358,CALLED,UNKNOWN
REL_003148,PERSON_0257,PERSON_0298,CALLED,WEAK
REL_003149,PERSON_0203,PERSON_0422,CALLED,WEAK
REL_003150,PERSON_0335,PERSON_0589,CALLED,LIKELY
REL_003151,PERSON_0636,PERSON_0928,CALLED,UNKNOWN
REL_003152,PERSON_1202,PERSON_1446,CALLED,UNKNOWN
REL_003153,PERSON_0539,PERSON_1024,CALLED,WEAK
REL_003154,PERSON_0937,PERSON_1314,CALLED,WEAK
REL_003155,PERSON_0098,PERSON_0740,CALLED,WEAK
REL_003156,PERSON_0163,PERSON_1453,CALLED,WEAK
REL_003157,PERSON_0413,PERSON_0643,CALLED,UNKNOWN
REL_003158,PERSON_0093,PERSON_0350,CALLED,LIKELY
REL_003159,PERSON_0572,PERSON_0963,CALLED,WEAK
REL_003160,PERSON_1318,PERSON_1451,CALLED,UNKNOWN
REL_003161,PERSON_0159,PERSON_0858,CALLED,UNKNOWN
REL_003162,PERSON_0179,PERSON_0671,CALLED,WEAK
REL_003163,PERSON_0305,PERSON_0830,CALLED,UNKNOWN
REL_003164,PERSON_1143,PERSON_1473,CALLED,LIKELY
REL_003165,PERSON_0023,PERSON_0258,CALLED,LIKELY
REL_003166,PERSON_0066,PERSON_0759,CALLED,LIKELY
REL_003167,PERSON_0101,PERSON_0935,CALLED,UNKNOWN
REL_003168,PERSON_0532,PERSON_0685,CALLED,LIKELY
REL_003169,PERSON_0073,PERSON_1379,CALLED,UNKNOWN
REL_003170,PERSON_0206,PERSON_1454,CALLED,LIKELY
REL_003171,PERSON_1258,PERSON_1261,CALLED,WEAK
REL_003172,PERSON_0500,PERSON_0995,CALLED,LIKELY
REL_003173,PERSON_0896,PERSON_1457,CALLED,UNKNOWN
REL_003174,PERSON_0428,PERSON_0679,CALLED,WEAK
REL_003175,PERSON_0320,PERSON_1130,CALLED,LIKELY
REL_003176,PERSON_0354,PERSON_1332,CALLED,WEAK
REL_003177,PERSON_0594,PERSON_0750,CALLED,LIKELY
REL_003178,PERSON_1261,PERSON_1271,CALLED,LIKELY
REL_003179,PERSON_0050,PERSON_0124,CALLED,WEAK
REL_003180,PERSON_0858,PERSON_1498,CALLED,WEAK
REL_003181,PERSON_0046,PERSON_1305,CALLED,LIKELY
REL_003182,PERSON_0353,PERSON_1169,CALLED,WEAK
REL_003183,PERSON_0710,PERSON_1340,CALLED,WEAK
REL_003184,PERSON_0154,PERSON_0753,CALLED,WEAK
REL_003185,PERSON_0353,PERSON_0700,CALLED,LIKELY
REL_003186,PERSON_0257,PERSON_1161,CALLED,LIKELY
REL_003187,PERSON_0845,PERSON_1139,CALLED,UNKNOWN
REL_003188,PERSON_0707,PERSON_1249,CALLED,WEAK
REL_003189,PERSON_0077,PERSON_1138,CALLED,UNKNOWN
REL_003190,PERSON_1086,PERSON_1248,CALLED,LIKELY
REL_003191,PERSON_0362,PERSON_0909,CALLED,UNKNOWN
REL_003192,PERSON_0328,PERSON_0956,CALLED,WEAK
REL_003193,PERSON_0723,PERSON_1035,CALLED,UNKNOWN
REL_003194,PERSON_0103,PERSON_1206,CALLED,WEAK
REL_003195,PERSON_0073,PERSON_0433,CALLED,UNKNOWN
REL_003196,PERSON_0582,PERSON_0847,CALLED,LIKELY
REL_003197,PERSON_0502,PERSON_0597,CALLED,UNKNOWN
REL_003198,PERSON_0742,PERSON_0860,CALLED,WEAK
REL_003199,PERSON_0027,PERSON_0929,CALLED,WEAK
REL_003200,PERSON_0192,PERSON_1038,CALLED,WEAK
REL_003201,PERSON_0100,PERSON_1357,CALLED,WEAK
REL_003202,PERSON_0696,PERSON_0879,CALLED,LIKELY
REL_003203,PERSON_0173,PERSON_0352,CALLED,WEAK
REL_003204,PERSON_0035,PERSON_1215,CALLED,LIKELY
REL_003205,PERSON_0670,PERSON_1475,CALLED,LIKELY
REL_003206,PERSON_0725,PERSON_1214,CALLED,LIKELY
REL_003207,PERSON_0060,PERSON_0722,CALLED,UNKNOWN
REL_003208,PERSON_0307,PERSON_0423,CALLED,LIKELY
REL_003209,PERSON_0582,PERSON_1416,CALLED,LIKELY
REL_003210,PERSON_0471,PERSON_0653,CALLED,UNKNOWN
REL_003211,PERSON_0181,PERSON_1468,CALLED,WEAK
REL_003212,PERSON_0123,PERSON_0641,CALLED,WEAK
REL_003213,PERSON_0907,PERSON_1420,CALLED,WEAK
REL_003214,PERSON_0916,PERSON_1242,CALLED,LIKELY
REL_003215,PERSON_1169,PERSON_1413,CALLED,LIKELY
REL_003216,PERSON_0378,PERSON_0976,CALLED,LIKELY
REL_003217,PERSON_1040,PERSON_1414,CALLED,UNKNOWN
REL_003218,PERSON_1451,PERSON_1493,CALLED,WEAK
REL_003219,PERSON_0783,PERSON_1099,CALLED,WEAK
REL_003220,PERSON_0172,PERSON_0841,CALLED,WEAK
REL_003221,PERSON_0411,PERSON_0564,CALLED,WEAK
REL_003222,PERSON_0681,PERSON_0961,CALLED,LIKELY
REL_003223,PERSON_0328,PERSON_1059,CALLED,UNKNOWN
REL_003224,PERSON_0314,PERSON_1300,CALLED,LIKELY
REL_003225,PERSON_1207,PERSON_1405,CALLED,LIKELY
REL_003226,PERSON_0538,PERSON_0747,CALLED,LIKELY
REL_003227,PERSON_0151,PERSON_0876,CALLED,WEAK
REL_003228,PERSON_0159,PERSON_0746,CALLED,LIKELY
REL_003229,PERSON_0436,PERSON_1083,CALLED,UNKNOWN
REL_003230,PERSON_0344,PERSON_1143,CALLED,UNKNOWN
REL_003231,PERSON_0148,PERSON_0544,CALLED,UNKNOWN
REL_003232,PERSON_0122,PERSON_1450,CALLED,UNKNOWN
REL_003233,PERSON_1300,PERSON_1490,CALLED,WEAK
REL_003234,PERSON_0211,PERSON_0552,CALLED,LIKELY
REL_003235,PERSON_0521,PERSON_0820,CALLED,UNKNOWN
REL_003236,PERSON_0147,PERSON_0819,CALLED,UNKNOWN
REL_003237,PERSON_0229,PERSON_0966,CALLED,LIKELY
REL_003238,PERSON_0093,PERSON_1366,CALLED,UNKNOWN
REL_003239,PERSON_0017,PERSON_0650,CALLED,WEAK
REL_003240,PERSON_1048,PERSON_1479,CALLED,WEAK
REL_003241,PERSON_1004,PERSON_1048,CALLED,WEAK
REL_003242,PERSON_0051,PERSON_1111,CALLED,UNKNOWN
REL_003243,PERSON_0319,PERSON_0357,CALLED,UNKNOWN
REL_003244,PERSON_0215,PERSON_0976,CALLED,WEAK
REL_003245,PERSON_1130,PERSON_1230,CALLED,UNKNOWN
REL_003246,PERSON_0198,PERSON_1048,CALLED,LIKELY
REL_003247,PERSON_0007,PERSON_0923,CALLED,UNKNOWN
REL_003248,PERSON_0724,PERSON_1047,CALLED,LIKELY
REL_003249,PERSON_0819,PERSON_1078,CALLED,UNKNOWN
REL_003250,PERSON_0076,PERSON_1461,CALLED,UNKNOWN
REL_003251,PERSON_0238,PERSON_0422,CALLED,WEAK
REL_003252,PERSON_0378,PERSON_0436,CALLED,WEAK
REL_003253,PERSON_0354,PERSON_0444,CALLED,WEAK
REL_003254,PERSON_0962,PERSON_1303,CALLED,LIKELY
REL_003255,PERSON_0118,PERSON_0466,CALLED,WEAK
REL_003256,PERSON_0892,PERSON_1323,CALLED,WEAK
REL_003257,PERSON_0714,PERSON_0931,CALLED,UNKNOWN
REL_003258,PERSON_0068,PERSON_0565,CALLED,LIKELY
REL_003259,PERSON_0006,PERSON_1100,CALLED,UNKNOWN
REL_003260,PERSON_0156,PERSON_0662,CALLED,WEAK
REL_003261,PERSON_0169,PERSON_1250,CALLED,LIKELY
REL_003262,PERSON_0048,PERSON_1171,CALLED,WEAK
REL_003263,PERSON_0754,PERSON_1473,CALLED,UNKNOWN
REL_003264,PERSON_0401,PERSON_0651,CALLED,WEAK
REL_003265,PERSON_0307,PERSON_1353,CALLED,UNKNOWN
REL_003266,PERSON_0158,PERSON_0671,CALLED,UNKNOWN
REL_003267,PERSON_0330,PERSON_0406,CALLED,UNKNOWN
REL_003268,PERSON_0344,PERSON_1314,CALLED,WEAK
REL_003269,PERSON_0920,PERSON_1413,CALLED,WEAK
REL_003270,PERSON_1149,PERSON_1231,CALLED,WEAK
REL_003271,PERSON_0274,PERSON_0570,CALLED,UNKNOWN
REL_003272,PERSON_0299,PERSON_0833,CALLED,WEAK
REL_003273,PERSON_1093,PERSON_1162,CALLED,WEAK
REL_003274,PERSON_0118,PERSON_0744,CALLED,UNKNOWN
REL_003275,PERSON_0948,PERSON_1255,CALLED,WEAK
REL_003276,PERSON_0336,PERSON_0741,CALLED,LIKELY
REL_003277,PERSON_0140,PERSON_0680,CALLED,UNKNOWN
REL_003278,PERSON_0629,PERSON_1078,CALLED,LIKELY
REL_003279,PERSON_0812,PERSON_1327,CALLED,WEAK
REL_003280,PERSON_0342,PERSON_0600,CALLED,LIKELY
REL_003281,PERSON_1112,PERSON_1378,CALLED,LIKELY
REL_003282,PERSON_0399,PERSON_0768,CALLED,UNKNOWN
REL_003283,PERSON_0026,PERSON_0627,CALLED,UNKNOWN
REL_003284,PERSON_0051,PERSON_0681,CALLED,UNKNOWN
REL_003285,PERSON_0134,PERSON_0647,CALLED,LIKELY
REL_003286,PERSON_0795,PERSON_1064,CALLED,UNKNOWN
REL_003287,PERSON_0847,PERSON_0888,CALLED,UNKNOWN
REL_003288,PERSON_0196,PERSON_1499,CALLED,UNKNOWN
REL_003289,PERSON_0717,PERSON_0829,CALLED,UNKNOWN
REL_003290,PERSON_1044,PERSON_1125,CALLED,WEAK
REL_003291,PERSON_0414,PERSON_0706,CALLED,UNKNOWN
REL_003292,PERSON_0098,PERSON_1316,CALLED,WEAK
REL_003293,PERSON_1003,PERSON_1474,CALLED,UNKNOWN
REL_003294,PERSON_1004,PERSON_1019,CALLED,LIKELY
REL_003295,PERSON_0441,PERSON_0962,CALLED,UNKNOWN
REL_003296,PERSON_0533,PERSON_1382,CALLED,LIKELY
REL_003297,PERSON_0679,PERSON_1135,CALLED,LIKELY
REL_003298,PERSON_0564,PERSON_0677,CALLED,WEAK
REL_003299,PERSON_1105,PERSON_1291,CALLED,WEAK
REL_003300,PERSON_0873,PERSON_0894,CALLED,UNKNOWN
REL_003301,PERSON_0677,PERSON_1389,CALLED,UNKNOWN
REL_003302,PERSON_0469,PERSON_0962,CALLED,WEAK
REL_003303,PERSON_0536,PERSON_1117,CALLED,UNKNOWN
REL_003304,PERSON_0165,PERSON_0640,CALLED,UNKNOWN
REL_003305,PERSON_1257,PERSON_1373,CALLED,WEAK
REL_003306,PERSON_0124,PERSON_0649,CALLED,WEAK
REL_003307,PERSON_0876,PERSON_1192,CALLED,WEAK
REL_003308,PERSON_0016,PERSON_1082,CALLED,UNKNOWN
REL_003309,PERSON_0367,PERSON_1194,CALLED,UNKNOWN
REL_003310,PERSON_0234,PERSON_0928,CALLED,UNKNOWN
REL_003311,PERSON_0309,PERSON_1134,CALLED,WEAK
REL_003312,PERSON_0704,PERSON_0776,CALLED,UNKNOWN
REL_003313,PERSON_0493,PERSON_0766,CALLED,UNKNOWN
REL_003314,PERSON_0067,PERSON_0355,CALLED,WEAK
REL_003315,PERSON_1159,PERSON_1317,CALLED,WEAK
REL_003316,PERSON_0820,PERSON_0893,CALLED,WEAK
REL_003317,PERSON_1043,PERSON_1390,CALLED,WEAK
REL_003318,PERSON_0434,PERSON_0575,CALLED,LIKELY
REL_003319,PERSON_0534,PERSON_1296,CALLED,LIKELY
REL_003320,PERSON_1005,PERSON_1018,CALLED,UNKNOWN
REL_003321,PERSON_0186,PERSON_0208,CALLED,LIKELY
REL_003322,PERSON_0335,PERSON_1218,CALLED,UNKNOWN
REL_003323,PERSON_0847,PERSON_0911,CALLED,UNKNOWN
REL_003324,PERSON_1260,PERSON_1447,CALLED,UNKNOWN
REL_003325,PERSON_0178,PERSON_1418,CALLED,WEAK
REL_003326,PERSON_0054,PERSON_0312,CALLED,LIKELY
REL_003327,PERSON_1166,PERSON_1187,CALLED,WEAK
REL_003328,PERSON_0517,PERSON_1254,CALLED,UNKNOWN
REL_003329,PERSON_0090,PERSON_1269,CALLED,LIKELY
REL_003330,PERSON_0458,PERSON_0711,CALLED,UNKNOWN
REL_003331,PERSON_0615,PERSON_0816,CALLED,LIKELY
REL_003332,PERSON_0318,PERSON_0438,CALLED,UNKNOWN
REL_003333,PERSON_1273,PERSON_1480,CALLED,LIKELY
REL_003334,PERSON_0857,PERSON_0866,CALLED,UNKNOWN
REL_003335,PERSON_0347,PERSON_1122,CALLED,WEAK
REL_003336,PERSON_1296,PERSON_1474,CALLED,WEAK
REL_003337,PERSON_0723,PERSON_1051,CALLED,LIKELY
REL_003338,PERSON_0580,PERSON_0890,CALLED,UNKNOWN
REL_003339,PERSON_0459,PERSON_1419,CALLED,LIKELY
REL_003340,PERSON_0865,PERSON_0901,CALLED,UNKNOWN
REL_003341,PERSON_0486,PERSON_1281,CALLED,WEAK
REL_003342,PERSON_0299,PERSON_1222,CALLED,UNKNOWN
REL_003343,PERSON_0215,PERSON_0483,CALLED,UNKNOWN
REL_003344,PERSON_0199,PERSON_0986,CALLED,WEAK
REL_003345,PERSON_0822,PERSON_1109,CALLED,WEAK
REL_003346,PERSON_0375,PERSON_1142,CALLED,UNKNOWN
REL_003347,PERSON_1057,PERSON_1348,CALLED,LIKELY
REL_003348,PERSON_0158,PERSON_0420,CALLED,UNKNOWN
REL_003349,PERSON_0743,PERSON_0791,CALLED,UNKNOWN
REL_003350,PERSON_0033,PERSON_1367,CALLED,LIKELY
REL_003351,PERSON_0635,PERSON_0723,CALLED,UNKNOWN
REL_003352,PERSON_0048,PERSON_1241,CALLED,LIKELY
REL_003353,PERSON_0284,PERSON_1363,CALLED,LIKELY
REL_003354,PERSON_0680,PERSON_1223,CALLED,WEAK
REL_003355,PERSON_0717,PERSON_1044,CALLED,LIKELY
REL_003356,PERSON_0057,PERSON_0156,CALLED,WEAK
REL_003357,PERSON_0790,PERSON_1052,CALLED,LIKELY
REL_003358,PERSON_0361,PERSON_1200,CALLED,WEAK
REL_003359,PERSON_0033,PERSON_1033,CALLED,WEAK
REL_003360,PERSON_0259,PERSON_0799,CALLED,WEAK
REL_003361,PERSON_0009,PERSON_1069,CALLED,LIKELY
REL_003362,PERSON_0939,PERSON_0996,CALLED,LIKELY
REL_003363,PERSON_0263,PERSON_0270,CALLED,LIKELY
REL_003364,PERSON_0564,PERSON_1266,CALLED,LIKELY
REL_003365,PERSON_0306,PERSON_0963,CALLED,WEAK
REL_003366,PERSON_0168,PERSON_1309,CALLED,LIKELY
REL_003367,PERSON_1256,PERSON_1392,CALLED,LIKELY
REL_003368,PERSON_0531,PERSON_1315,CALLED,WEAK
REL_003369,PERSON_0021,PERSON_0718,CALLED,WEAK
REL_003370,PERSON_0047,PERSON_1306,CALLED,WEAK
REL_003371,PERSON_0661,PERSON_0894,CALLED,UNKNOWN
REL_003372,PERSON_0920,PERSON_1154,CALLED,LIKELY
REL_003373,PERSON_0732,PERSON_1030,CALLED,WEAK
REL_003374,PERSON_1270,PERSON_1299,CALLED,LIKELY
REL_003375,PERSON_0024,PERSON_1252,CALLED,WEAK
REL_003376,PERSON_0636,PERSON_0725,CALLED,UNKNOWN
REL_003377,PERSON_0725,PERSON_1207,CALLED,WEAK
REL_003378,PERSON_0196,PERSON_1184,CALLED,WEAK
REL_003379,PERSON_0185,PERSON_0499,CALLED,WEAK
REL_003380,PERSON_0825,PERSON_1208,CALLED,UNKNOWN
REL_003381,PERSON_0935,PERSON_1363,CALLED,LIKELY
REL_003382,PERSON_0483,PERSON_1046,CALLED,WEAK
REL_003383,PERSON_0059,PERSON_0243,CALLED,LIKELY
REL_003384,PERSON_0577,PERSON_1052,CALLED,UNKNOWN
REL_003385,PERSON_0208,PERSON_0444,CALLED,WEAK
REL_003386,PERSON_1040,PERSON_1237,CALLED,UNKNOWN
REL_003387,PERSON_0816,PERSON_1450,CALLED,WEAK
REL_003388,PERSON_1011,PERSON_1015,CALLED,WEAK
REL_003389,PERSON_0375,PERSON_0780,CALLED,LIKELY
REL_003390,PERSON_0106,PERSON_0265,CALLED,WEAK
REL_003391,PERSON_0170,PERSON_0981,CALLED,WEAK
REL_003392,PERSON_0699,PERSON_1451,CALLED,WEAK
REL_003393,PERSON_0787,PERSON_0864,CALLED,WEAK
REL_003394,PERSON_0860,PERSON_1329,CALLED,LIKELY
REL_003395,PERSON_0423,PERSON_0614,CALLED,UNKNOWN
REL_003396,PERSON_0601,PERSON_0687,CALLED,WEAK
REL_003397,PERSON_0325,PERSON_1321,CALLED,UNKNOWN
REL_003398,PERSON_0477,PERSON_1071,CALLED,LIKELY
REL_003399,PERSON_1306,PERSON_1441,CALLED,UNKNOWN
REL_003400,PERSON_0651,PERSON_1094,CALLED,UNKNOWN
REL_003401,PERSON_0740,PERSON_0967,CALLED,UNKNOWN
REL_003402,PERSON_0068,PERSON_1188,CALLED,LIKELY
REL_003403,PERSON_0033,PERSON_0369,CALLED,LIKELY
REL_003404,PERSON_0456,PERSON_0685,CALLED,UNKNOWN
REL_003405,PERSON_0711,PERSON_1384,CALLED,LIKELY
REL_003406,PERSON_0717,PERSON_1392,CALLED,UNKNOWN
REL_003407,PERSON_0404,PERSON_1353,CALLED,WEAK
REL_003408,PERSON_0243,PERSON_0654,CALLED,WEAK
REL_003409,PERSON_0466,PERSON_0491,CALLED,UNKNOWN
REL_003410,PERSON_0479,PERSON_1141,CALLED,UNKNOWN
REL_003411,PERSON_0293,PERSON_1279,CALLED,WEAK
REL_003412,PERSON_0331,PERSON_0714,CALLED,LIKELY
REL_003413,PERSON_0147,PERSON_0645,CALLED,UNKNOWN
REL_003414,PERSON_0083,PERSON_0191,CALLED,WEAK
REL_003415,PERSON_0280,PERSON_0950,CALLED,LIKELY
REL_003416,PERSON_0206,PERSON_1194,CALLED,WEAK
REL_003417,PERSON_0313,PERSON_0759,CALLED,UNKNOWN
REL_003418,PERSON_0876,PERSON_1276,CALLED,LIKELY
REL_003419,PERSON_0336,PERSON_0535,CALLED,WEAK
REL_003420,PERSON_0497,PERSON_1110,CALLED,WEAK
REL_003421,PERSON_0604,PERSON_1088,CALLED,WEAK
REL_003422,PERSON_1300,PERSON_1425,CALLED,LIKELY
REL_003423,PERSON_0219,PERSON_0944,CALLED,UNKNOWN
REL_003424,PERSON_0481,PERSON_1193,CALLED,LIKELY
REL_003425,PERSON_0571,PERSON_0628,CALLED,WEAK
REL_003426,PERSON_0427,PERSON_0889,CALLED,WEAK
REL_003427,PERSON_1142,PERSON_1181,CALLED,UNKNOWN
REL_003428,PERSON_0587,PERSON_1014,CALLED,WEAK
REL_003429,PERSON_0578,PERSON_1276,CALLED,LIKELY
REL_003430,PERSON_0588,PERSON_1205,CALLED,UNKNOWN
REL_003431,PERSON_0592,PERSON_1049,CALLED,WEAK
REL_003432,PERSON_0639,PERSON_1397,CALLED,LIKELY
REL_003433,PERSON_0118,PERSON_0848,CALLED,WEAK
REL_003434,PERSON_0341,PERSON_1401,CALLED,LIKELY
REL_003435,PERSON_0022,PERSON_1205,CALLED,LIKELY
REL_003436,PERSON_0825,PERSON_1143,CALLED,LIKELY
REL_003437,PERSON_0612,PERSON_1075,CALLED,WEAK
REL_003438,PERSON_0748,PERSON_1074,CALLED,LIKELY
REL_003439,PERSON_0385,PERSON_0697,CALLED,WEAK
REL_003440,PERSON_0098,PERSON_0164,CALLED,UNKNOWN
REL_003441,PERSON_0824,PERSON_1071,CALLED,LIKELY
REL_003442,PERSON_1064,PERSON_1426,CALLED,WEAK
REL_003443,PERSON_0033,PERSON_0047,CALLED,UNKNOWN
REL_003444,PERSON_0129,PERSON_0863,CALLED,LIKELY
REL_003445,PERSON_0875,PERSON_1255,CALLED,LIKELY
REL_003446,PERSON_0428,PERSON_0500,CALLED,UNKNOWN
REL_003447,PERSON_0906,PERSON_1412,CALLED,LIKELY
REL_003448,PERSON_1374,PERSON_1395,CALLED,LIKELY
REL_003449,PERSON_0182,PERSON_1291,CALLED,LIKELY
REL_003450,PERSON_0603,PERSON_1340,CALLED,UNKNOWN
REL_003451,PERSON_0204,PERSON_0406,CALLED,LIKELY
REL_003452,PERSON_1206,PERSON_1309,CALLED,LIKELY
REL_003453,PERSON_0050,PERSON_1256,CALLED,UNKNOWN
REL_003454,PERSON_0797,PERSON_0828,CALLED,WEAK
REL_003455,PERSON_0287,PERSON_0915,CALLED,WEAK
REL_003456,PERSON_0049,PERSON_0728,CALLED,UNKNOWN
REL_003457,PERSON_0642,PERSON_0664,CALLED,LIKELY
REL_003458,PERSON_0259,PERSON_1261,CALLED,WEAK
REL_003459,PERSON_0046,PERSON_1228,CALLED,WEAK
REL_003460,PERSON_0455,PERSON_1051,CALLED,LIKELY
REL_003461,PERSON_0571,PERSON_1433,CALLED,LIKELY
REL_003462,PERSON_0439,PERSON_0493,CALLED,UNKNOWN
REL_003463,PERSON_0813,PERSON_1443,CALLED,WEAK
REL_003464,PERSON_0231,PERSON_1473,CALLED,WEAK
REL_003465,PERSON_0024,PERSON_1452,CALLED,LIKELY
REL_003466,PERSON_0349,PERSON_0516,CALLED,UNKNOWN
REL_003467,PERSON_1212,PERSON_1264,CALLED,WEAK
REL_003468,PERSON_0295,PERSON_1009,CALLED,LIKELY
REL_003469,PERSON_0721,PERSON_1010,CALLED,WEAK
REL_003470,PERSON_0586,PERSON_1043,CALLED,WEAK
REL_003471,PERSON_0322,PERSON_1183,CALLED,UNKNOWN
REL_003472,PERSON_0508,PERSON_1294,CALLED,LIKELY
REL_003473,PERSON_0344,PERSON_0935,CALLED,UNKNOWN
REL_003474,PERSON_1038,PERSON_1098,CALLED,UNKNOWN
REL_003475,PERSON_0040,PERSON_0663,CALLED,UNKNOWN
REL_003476,PERSON_0405,PERSON_0428,CALLED,LIKELY
REL_003477,PERSON_0750,PERSON_1202,CALLED,UNKNOWN
REL_003478,PERSON_0165,PERSON_0790,CALLED,UNKNOWN
REL_003479,PERSON_0118,PERSON_0234,CALLED,LIKELY
REL_003480,PERSON_0897,PERSON_1186,CALLED,LIKELY
REL_003481,PERSON_0731,PERSON_1199,CALLED,UNKNOWN
REL_003482,PERSON_0422,PERSON_1166,CALLED,UNKNOWN
REL_003483,PERSON_0522,PERSON_1368,CALLED,WEAK
REL_003484,PERSON_0598,PERSON_1010,CALLED,UNKNOWN
REL_003485,PERSON_0929,PERSON_1302,CALLED,WEAK
REL_003486,PERSON_1248,PERSON_1480,CALLED,WEAK
REL_003487,PERSON_0316,PERSON_1426,CALLED,WEAK
REL_003488,PERSON_0397,PERSON_0594,CALLED,LIKELY
REL_003489,PERSON_0414,PERSON_0765,CALLED,LIKELY
REL_003490,PERSON_0992,PERSON_1421,CALLED,UNKNOWN
REL_003491,PERSON_0912,PERSON_1064,CALLED,UNKNOWN
REL_003492,PERSON_0100,PERSON_0531,CALLED,UNKNOWN
REL_003493,PERSON_0417,PERSON_0525,CALLED,WEAK
REL_003494,PERSON_0083,PERSON_0594,CALLED,LIKELY
REL_003495,PERSON_0145,PERSON_0893,CALLED,WEAK
REL_003496,PERSON_0124,PERSON_0234,CALLED,WEAK
REL_003497,PERSON_0005,PERSON_0759,CALLED,UNKNOWN
REL_003498,PERSON_1335,PERSON_1347,CALLED,WEAK
REL_003499,PERSON_0098,PERSON_0814,CALLED,WEAK
REL_003500,PERSON_1105,PERSON_1207,CALLED,LIKELY
REL_003501,PERSON_0217,PERSON_1050,CALLED,WEAK
REL_003502,PERSON_0524,PERSON_1022,CALLED,WEAK
REL_003503,PERSON_0720,PERSON_1175,CALLED,UNKNOWN
REL_003504,PERSON_0218,PERSON_0994,CALLED,LIKELY
REL_003505,PERSON_0098,PERSON_0918,CALLED,WEAK
REL_003506,PERSON_0309,PERSON_0775,CALLED,WEAK
REL_003507,PERSON_0250,PERSON_0715,CALLED,UNKNOWN
REL_003508,PERSON_0005,PERSON_1308,CALLED,WEAK
REL_003509,PERSON_0124,PERSON_0252,CALLED,LIKELY
REL_003510,PERSON_0405,PERSON_0976,CALLED,UNKNOWN
REL_003511,PERSON_0283,PERSON_1344,CALLED,LIKELY
REL_003512,PERSON_0009,PERSON_0530,CALLED,UNKNOWN
REL_003513,PERSON_0104,PERSON_0337,CALLED,LIKELY
REL_003514,PERSON_0340,PERSON_0696,CALLED,WEAK
REL_003515,PERSON_0390,PERSON_0841,CALLED,LIKELY
REL_003516,PERSON_1143,PERSON_1452,CALLED,WEAK
REL_003517,PERSON_0726,PERSON_0887,CALLED,LIKELY
REL_003518,PERSON_0729,PERSON_1233,CALLED,LIKELY
REL_003519,PERSON_0058,PERSON_0344,CALLED,WEAK
REL_003520,PERSON_0121,PERSON_0662,CALLED,WEAK
REL_003521,PERSON_0713,PERSON_0912,CALLED,LIKELY
REL_003522,PERSON_0655,PERSON_0875,CALLED,WEAK
REL_003523,PERSON_0876,PERSON_0923,CALLED,WEAK
REL_003524,PERSON_0294,PERSON_0799,CALLED,WEAK
REL_003525,PERSON_0438,PERSON_1157,CALLED,LIKELY
REL_003526,PERSON_1028,PERSON_1201,CALLED,UNKNOWN
REL_003527,PERSON_0278,PERSON_0573,CALLED,WEAK
REL_003528,PERSON_0296,PERSON_0333,CALLED,LIKELY
REL_003529,PERSON_0194,PERSON_0457,CALLED,UNKNOWN
REL_003530,PERSON_0780,PERSON_0938,CALLED,WEAK
REL_003531,PERSON_0196,PERSON_0751,CALLED,LIKELY
REL_003532,PERSON_0154,PERSON_0576,CALLED,WEAK
REL_003533,PERSON_0330,PERSON_0649,CALLED,LIKELY
REL_003534,PERSON_0113,PERSON_1231,CALLED,UNKNOWN
REL_003535,PERSON_0038,PERSON_0971,CALLED,UNKNOWN
REL_003536,PERSON_0985,PERSON_1373,CALLED,WEAK
REL_003537,PERSON_0433,PERSON_1426,CALLED,WEAK
REL_003538,PERSON_0212,PERSON_0870,CALLED,LIKELY
REL_003539,PERSON_0238,PERSON_0921,CALLED,WEAK
REL_003540,PERSON_0080,PERSON_1453,CALLED,WEAK
REL_003541,PERSON_0168,PERSON_1134,CALLED,WEAK
REL_003542,PERSON_0129,PERSON_0694,CALLED,WEAK
REL_003543,PERSON_1249,PERSON_1378,CALLED,UNKNOWN
REL_003544,PERSON_0577,PERSON_1222,CALLED,WEAK
REL_003545,PERSON_0395,PERSON_1424,CALLED,UNKNOWN
REL_003546,PERSON_0082,PERSON_1347,CALLED,UNKNOWN
REL_003547,PERSON_0603,PERSON_1064,CALLED,UNKNOWN
REL_003548,PERSON_0651,PERSON_0961,CALLED,LIKELY
REL_003549,PERSON_0538,PERSON_0983,CALLED,LIKELY
REL_003550,PERSON_0241,PERSON_1347,CALLED,LIKELY
REL_003551,PERSON_0220,PERSON_1256,CALLED,UNKNOWN
REL_003552,PERSON_0464,PERSON_1232,CALLED,UNKNOWN
REL_003553,PERSON_0650,PERSON_1247,CALLED,LIKELY
REL_003554,PERSON_1033,PERSON_1127,CALLED,UNKNOWN
REL_003555,PERSON_0197,PERSON_0874,CALLED,LIKELY
REL_003556,PERSON_0381,PERSON_1140,CALLED,UNKNOWN
REL_003557,PERSON_0154,PERSON_0944,CALLED,UNKNOWN
REL_003558,PERSON_1046,PERSON_1062,CALLED,UNKNOWN
REL_003559,PERSON_0801,PERSON_1252,CALLED,LIKELY
REL_003560,PERSON_0890,PERSON_1058,CALLED,WEAK
REL_003561,PERSON_0272,PERSON_0592,CALLED,UNKNOWN
REL_003562,PERSON_0312,PERSON_1225,CALLED,UNKNOWN
REL_003563,PERSON_1194,PERSON_1212,CALLED,WEAK
REL_003564,PERSON_0923,PERSON_0980,CALLED,WEAK
REL_003565,PERSON_0545,PERSON_1330,CALLED,WEAK
REL_003566,PERSON_0174,PERSON_1195,CALLED,WEAK
REL_003567,PERSON_1028,PERSON_1134,CALLED,LIKELY
REL_003568,PERSON_0067,PERSON_0174,CALLED,LIKELY
REL_003569,PERSON_0706,PERSON_1337,CALLED,LIKELY
REL_003570,PERSON_1113,PERSON_1273,CALLED,LIKELY
REL_003571,PERSON_0706,PERSON_0860,CALLED,WEAK
REL_003572,PERSON_0047,PERSON_1327,CALLED,UNKNOWN
REL_003573,PERSON_0054,PERSON_0270,CALLED,WEAK
REL_003574,PERSON_0950,PERSON_1107,CALLED,LIKELY
REL_003575,PERSON_0288,PERSON_1140,CALLED,UNKNOWN
REL_003576,PERSON_0774,PERSON_1187,CALLED,LIKELY
REL_003577,PERSON_0192,PERSON_0625,CALLED,WEAK
REL_003578,PERSON_0123,PERSON_1408,CALLED,UNKNOWN
REL_003579,PERSON_0895,PERSON_1151,CALLED,WEAK
REL_003580,PERSON_0908,PERSON_0981,CALLED,LIKELY
REL_003581,PERSON_0699,PERSON_0846,CALLED,WEAK
REL_003582,PERSON_0267,PERSON_0478,CALLED,UNKNOWN
REL_003583,PERSON_0781,PERSON_1420,CALLED,WEAK
REL_003584,PERSON_0668,PERSON_0972,CALLED,LIKELY
REL_003585,PERSON_0948,PERSON_1265,CALLED,WEAK
REL_003586,PERSON_0877,PERSON_1188,CALLED,WEAK
REL_003587,PERSON_0205,PERSON_0679,CALLED,WEAK
REL_003588,PERSON_0747,PERSON_0962,CALLED,WEAK
REL_003589,PERSON_0756,PERSON_1309,CALLED,WEAK
REL_003590,PERSON_0933,PERSON_1437,CALLED,UNKNOWN
REL_003591,PERSON_0665,PERSON_1187,CALLED,WEAK
REL_003592,PERSON_0889,PERSON_0925,CALLED,WEAK
REL_003593,PERSON_0822,PERSON_1440,CALLED,WEAK
REL_003594,PERSON_0424,PERSON_1465,CALLED,WEAK
REL_003595,PERSON_0393,PERSON_1093,CALLED,WEAK
REL_003596,PERSON_0062,PERSON_0630,CALLED,UNKNOWN
REL_003597,PERSON_0871,PERSON_1020,CALLED,UNKNOWN
REL_003598,PERSON_0613,PERSON_0829,CALLED,WEAK
REL_003599,PERSON_1081,PERSON_1242,CALLED,UNKNOWN
REL_003600,PERSON_0206,PERSON_0822,CALLED,UNKNOWN
REL_003601,PERSON_0004,PERSON_0741,CALLED,WEAK
REL_003602,PERSON_0468,PERSON_1403,CALLED,WEAK
REL_003603,PERSON_0450,PERSON_0995,CALLED,UNKNOWN
REL_003604,PERSON_0158,PERSON_1379,CALLED,WEAK
REL_003605,PERSON_1074,PERSON_1179,CALLED,WEAK
REL_003606,PERSON_0783,PERSON_0795,CALLED,WEAK
REL_003607,PERSON_0566,PERSON_1237,CALLED,UNKNOWN
REL_003608,PERSON_0934,PERSON_1491,CALLED,LIKELY
REL_003609,PERSON_0024,PERSON_0165,CALLED,LIKELY
REL_003610,PERSON_0444,PERSON_1295,CALLED,WEAK
REL_003611,PERSON_0132,PERSON_0696,CALLED,UNKNOWN
REL_003612,PERSON_0197,PERSON_1187,CALLED,UNKNOWN
REL_003613,PERSON_0168,PERSON_1068,CALLED,LIKELY
REL_003614,PERSON_0143,PERSON_0845,CALLED,UNKNOWN
REL_003615,PERSON_0266,PERSON_0939,CALLED,LIKELY
REL_003616,PERSON_0033,PERSON_0670,CALLED,LIKELY
REL_003617,PERSON_0792,PERSON_1216,CALLED,UNKNOWN
REL_003618,PERSON_0549,PERSON_1116,CALLED,LIKELY
REL_003619,PERSON_0199,PERSON_0746,CALLED,LIKELY
REL_003620,PERSON_0200,PERSON_0673,CALLED,LIKELY
REL_003621,PERSON_1252,PERSON_1383,CALLED,UNKNOWN
REL_003622,PERSON_0641,PERSON_1395,CALLED,UNKNOWN
REL_003623,PERSON_0293,PERSON_1291,CALLED,WEAK
REL_003624,PERSON_0156,PERSON_0371,CALLED,LIKELY
REL_003625,PERSON_0457,PERSON_1097,CALLED,LIKELY
REL_003626,PERSON_0609,PERSON_1358,CALLED,WEAK
REL_003627,PERSON_0572,PERSON_0981,CALLED,UNKNOWN
REL_003628,PERSON_0626,PERSON_1156,CALLED,LIKELY
REL_003629,PERSON_0522,PERSON_1333,CALLED,UNKNOWN
REL_003630,PERSON_0482,PERSON_1125,CALLED,LIKELY
REL_003631,PERSON_0125,PERSON_1063,CALLED,UNKNOWN
REL_003632,PERSON_0547,PERSON_0714,CALLED,UNKNOWN
REL_003633,PERSON_1022,PERSON_1387,CALLED,LIKELY
REL_003634,PERSON_0236,PERSON_1028,CALLED,WEAK
REL_003635,PERSON_0165,PERSON_1105,CALLED,WEAK
REL_003636,PERSON_0302,PERSON_1218,CALLED,WEAK
REL_003637,PERSON_0342,PERSON_0930,CALLED,UNKNOWN
REL_003638,PERSON_0330,PERSON_0631,CALLED,UNKNOWN
REL_003639,PERSON_1161,PERSON_1379,CALLED,LIKELY
REL_003640,PERSON_1235,PERSON_1240,CALLED,LIKELY
REL_003641,PERSON_0167,PERSON_1327,CALLED,LIKELY
REL_003642,PERSON_0444,PERSON_1072,CALLED,WEAK
REL_003643,PERSON_0876,PERSON_1312,CALLED,WEAK
REL_003644,PERSON_0906,PERSON_1453,CALLED,LIKELY
REL_003645,PERSON_0457,PERSON_0809,CALLED,WEAK
REL_003646,PERSON_0630,PERSON_0827,CALLED,WEAK
REL_003647,PERSON_1012,PERSON_1496,CALLED,UNKNOWN
REL_003648,PERSON_0278,PERSON_0364,CALLED,LIKELY
REL_003649,PERSON_0192,PERSON_1440,CALLED,LIKELY
REL_003650,PERSON_1032,PERSON_1046,CALLED,LIKELY
REL_003651,PERSON_0979,PERSON_1171,CALLED,WEAK
REL_003652,PERSON_0068,PERSON_0266,CALLED,WEAK
REL_003653,PERSON_0725,PERSON_0792,CALLED,LIKELY
REL_003654,PERSON_0306,PERSON_1314,CALLED,WEAK
REL_003655,PERSON_0880,PERSON_1111,CALLED,UNKNOWN
REL_003656,PERSON_1135,PERSON_1171,CALLED,WEAK
REL_003657,PERSON_0332,PERSON_0514,CALLED,LIKELY
REL_003658,PERSON_0353,PERSON_1468,CALLED,WEAK
REL_003659,PERSON_0879,PERSON_1010,CALLED,LIKELY
REL_003660,PERSON_0829,PERSON_1055,CALLED,UNKNOWN
REL_003661,PERSON_0336,PERSON_0881,CALLED,WEAK
REL_003662,PERSON_0182,PERSON_1454,CALLED,LIKELY
REL_003663,PERSON_0446,PERSON_0630,CALLED,WEAK
REL_003664,PERSON_0746,PERSON_1149,CALLED,WEAK
REL_003665,PERSON_0553,PERSON_1162,CALLED,LIKELY
REL_003666,PERSON_0336,PERSON_0995,CALLED,LIKELY
REL_003667,PERSON_0251,PERSON_0879,CALLED,WEAK
REL_003668,PERSON_0044,PERSON_0186,CALLED,WEAK
REL_003669,PERSON_0432,PERSON_1397,CALLED,WEAK
REL_003670,PERSON_0395,PERSON_1131,CALLED,LIKELY
REL_003671,PERSON_0059,PERSON_1458,CALLED,WEAK
REL_003672,PERSON_1110,PERSON_1414,CALLED,LIKELY
REL_003673,PERSON_0265,PERSON_1269,CALLED,LIKELY
REL_003674,PERSON_0409,PERSON_1162,CALLED,LIKELY
REL_003675,PERSON_0154,PERSON_1185,CALLED,UNKNOWN
REL_003676,PERSON_0139,PERSON_1206,CALLED,UNKNOWN
REL_003677,PERSON_0753,PERSON_0940,CALLED,UNKNOWN
REL_003678,PERSON_0150,PERSON_1411,CALLED,UNKNOWN
REL_003679,PERSON_0075,PERSON_0431,CALLED,LIKELY
REL_003680,PERSON_0519,PERSON_0730,CALLED,WEAK
REL_003681,PERSON_0135,PERSON_0555,CALLED,UNKNOWN
REL_003682,PERSON_0284,PERSON_1469,CALLED,WEAK
REL_003683,PERSON_0279,PERSON_1366,CALLED,WEAK
REL_003684,PERSON_0454,PERSON_0866,CALLED,WEAK
REL_003685,PERSON_0984,PERSON_1468,CALLED,UNKNOWN
REL_003686,PERSON_0663,PERSON_1442,CALLED,WEAK
REL_003687,PERSON_0310,PERSON_1465,CALLED,UNKNOWN
REL_003688,PERSON_0529,PERSON_0851,CALLED,WEAK
REL_003689,PERSON_0588,PERSON_1113,CALLED,WEAK
REL_003690,PERSON_0229,PERSON_0747,CALLED,WEAK
REL_003691,PERSON_0255,PERSON_0975,CALLED,LIKELY
REL_003692,PERSON_0935,PERSON_1344,CALLED,LIKELY
REL_003693,PERSON_0224,PERSON_0393,CALLED,UNKNOWN
REL_003694,PERSON_0377,PERSON_0780,CALLED,UNKNOWN
REL_003695,PERSON_0243,PERSON_1208,CALLED,WEAK
REL_003696,PERSON_0759,PERSON_0958,CALLED,LIKELY
REL_003697,PERSON_0286,PERSON_1418,CALLED,UNKNOWN
REL_003698,PERSON_0137,PERSON_0805,CALLED,UNKNOWN
REL_003699,PERSON_0007,PERSON_0443,CALLED,UNKNOWN
REL_003700,PERSON_0799,PERSON_1244,CALLED,WEAK
REL_003701,PERSON_0036,PERSON_0049,CALLED,LIKELY
REL_003702,PERSON_0671,PERSON_1093,CALLED,WEAK
REL_003703,PERSON_0252,PERSON_0369,CALLED,LIKELY
REL_003704,PERSON_0401,PERSON_1001,CALLED,WEAK
REL_003705,PERSON_0790,PERSON_0935,CALLED,LIKELY
REL_003706,PERSON_0723,PERSON_0724,CALLED,UNKNOWN
REL_003707,PERSON_0099,PERSON_1367,CALLED,UNKNOWN
REL_003708,PERSON_1037,PERSON_1069,CALLED,WEAK
REL_003709,PERSON_0196,PERSON_1265,CALLED,WEAK
REL_003710,PERSON_0336,PERSON_0527,CALLED,LIKELY
REL_003711,PERSON_0029,PERSON_0944,CALLED,LIKELY
REL_003712,PERSON_0050,PERSON_0068,CALLED,WEAK
REL_003713,PERSON_0362,PERSON_0368,CALLED,WEAK
REL_003714,PERSON_0907,PERSON_1469,CALLED,LIKELY
REL_003715,PERSON_0955,PERSON_1367,CALLED,WEAK
REL_003716,PERSON_0068,PERSON_1254,CALLED,WEAK
REL_003717,PERSON_0466,PERSON_0851,CALLED,LIKELY
REL_003718,PERSON_0879,PERSON_1488,CALLED,LIKELY
REL_003719,PERSON_0415,PERSON_0761,CALLED,LIKELY
REL_003720,PERSON_0116,PERSON_0123,CALLED,LIKELY
REL_003721,PERSON_1237,PERSON_1311,CALLED,UNKNOWN
REL_003722,PERSON_0698,PERSON_0838,CALLED,WEAK
REL_003723,PERSON_0423,PERSON_1358,CALLED,UNKNOWN
REL_003724,PERSON_0173,PERSON_0898,CALLED,LIKELY
REL_003725,PERSON_0426,PERSON_1094,CALLED,LIKELY
REL_003726,PERSON_0700,PERSON_1055,CALLED,WEAK
REL_003727,PERSON_0808,PERSON_0913,CALLED,LIKELY
REL_003728,PERSON_0966,PERSON_1032,CALLED,WEAK
REL_003729,PERSON_0879,PERSON_1368,CALLED,UNKNOWN
REL_003730,PERSON_1051,PERSON_1307,CALLED,WEAK
REL_003731,PERSON_1425,PERSON_1460,CALLED,UNKNOWN
REL_003732,PERSON_0341,PERSON_1217,CALLED,WEAK
REL_003733,PERSON_0603,PERSON_1394,CALLED,UNKNOWN
REL_003734,PERSON_0062,PERSON_0357,CALLED,UNKNOWN
REL_003735,PERSON_0309,PERSON_0382,CALLED,UNKNOWN
REL_003736,PERSON_0513,PERSON_1195,CALLED,UNKNOWN
REL_003737,PERSON_0136,PERSON_0947,CALLED,LIKELY
REL_003738,PERSON_0505,PERSON_1272,CALLED,UNKNOWN
REL_003739,PERSON_0610,PERSON_0912,CALLED,LIKELY
REL_003740,PERSON_0426,PERSON_1030,CALLED,UNKNOWN
REL_003741,PERSON_0317,PERSON_1310,CALLED,LIKELY
REL_003742,PERSON_0343,PERSON_1472,CALLED,WEAK
REL_003743,PERSON_0150,PERSON_1422,CALLED,WEAK
REL_003744,PERSON_0641,PERSON_0681,CALLED,UNKNOWN
REL_003745,PERSON_0119,PERSON_1113,CALLED,WEAK
REL_003746,PERSON_0281,PERSON_1021,CALLED,WEAK
REL_003747,PERSON_0865,PERSON_0875,CALLED,LIKELY
REL_003748,PERSON_0265,PERSON_0331,CALLED,UNKNOWN
REL_003749,PERSON_0473,PERSON_1443,CALLED,WEAK
REL_003750,PERSON_0386,PERSON_1080,CALLED,UNKNOWN
REL_003751,PERSON_0209,PERSON_0589,CALLED,UNKNOWN
REL_003752,PERSON_0543,PERSON_0573,CALLED,LIKELY
REL_003753,PERSON_0100,PERSON_0979,CALLED,LIKELY
REL_003754,PERSON_0428,PERSON_1199,CALLED,LIKELY
REL_003755,PERSON_0555,PERSON_1119,CALLED,UNKNOWN
REL_003756,PERSON_0066,PERSON_0518,CALLED,UNKNOWN
REL_003757,PERSON_0794,PERSON_1038,CALLED,UNKNOWN
REL_003758,PERSON_0406,PERSON_1300,CALLED,WEAK
REL_003759,PERSON_0169,PERSON_0749,CALLED,WEAK
REL_003760,PERSON_0858,PERSON_0912,CALLED,WEAK
REL_003761,PERSON_0039,PERSON_0154,CALLED,UNKNOWN
REL_003762,PERSON_0657,PERSON_0722,CALLED,WEAK
REL_003763,PERSON_0492,PERSON_1101,CALLED,UNKNOWN
REL_003764,PERSON_1018,PERSON_1411,CALLED,LIKELY
REL_003765,PERSON_0592,PERSON_0596,CALLED,WEAK
REL_003766,PERSON_0394,PERSON_1110,CALLED,WEAK
REL_003767,PERSON_1125,PERSON_1132,CALLED,WEAK
REL_003768,PERSON_0766,PERSON_1147,CALLED,UNKNOWN
REL_003769,PERSON_0044,PERSON_0206,CALLED,LIKELY
REL_003770,PERSON_0236,PERSON_0950,CALLED,WEAK
REL_003771,PERSON_0655,PERSON_0895,CALLED,WEAK
REL_003772,PERSON_0200,PERSON_0790,CALLED,WEAK
REL_003773,PERSON_0392,PERSON_1408,CALLED,WEAK
REL_003774,PERSON_0397,PERSON_1063,CALLED,LIKELY
REL_003775,PERSON_0125,PERSON_0508,CALLED,LIKELY
REL_003776,PERSON_0048,PERSON_1115,CALLED,UNKNOWN
REL_003777,PERSON_0653,PERSON_1500,CALLED,UNKNOWN
REL_003778,PERSON_0328,PERSON_0954,CALLED,UNKNOWN
REL_003779,PERSON_0846,PERSON_1125,CALLED,LIKELY
REL_003780,PERSON_0570,PERSON_0964,CALLED,LIKELY
REL_003781,PERSON_0708,PERSON_0934,CALLED,LIKELY
REL_003782,PERSON_0646,PERSON_1431,CALLED,WEAK
REL_003783,PERSON_1051,PERSON_1396,CALLED,WEAK
REL_003784,PERSON_0119,PERSON_0276,CALLED,WEAK
REL_003785,PERSON_0803,PERSON_1184,CALLED,UNKNOWN
REL_003786,PERSON_0244,PERSON_0461,CALLED,WEAK
REL_003787,PERSON_0333,PERSON_0566,CALLED,UNKNOWN
REL_003788,PERSON_0873,PERSON_1452,CALLED,UNKNOWN
REL_003789,PERSON_1235,PERSON_1482,CALLED,LIKELY
REL_003790,PERSON_1113,PERSON_1153,CALLED,UNKNOWN
REL_003791,PERSON_0470,PERSON_0749,CALLED,UNKNOWN
REL_003792,PERSON_0480,PERSON_1250,CALLED,WEAK
REL_003793,PERSON_1089,PERSON_1272,CALLED,WEAK
REL_003794,PERSON_0166,PERSON_0750,CALLED,WEAK
REL_003795,PERSON_0221,PERSON_1220,CALLED,WEAK
REL_003796,PERSON_0278,PERSON_1494,CALLED,UNKNOWN
REL_003797,PERSON_0272,PERSON_0903,CALLED,LIKELY
REL_003798,PERSON_0753,PERSON_1014,CALLED,WEAK
REL_003799,PERSON_0744,PERSON_1077,CALLED,WEAK
REL_003800,PERSON_0683,PERSON_1079,CALLED,UNKNOWN
REL_003801,PERSON_1231,PERSON_1464,CALLED,WEAK
REL_003802,PERSON_0231,PERSON_1121,CALLED,UNKNOWN
REL_003803,PERSON_0234,PERSON_0493,CALLED,UNKNOWN
REL_003804,PERSON_0772,PERSON_1036,CALLED,LIKELY
REL_003805,PERSON_0258,PERSON_1409,CALLED,WEAK
REL_003806,PERSON_1121,PERSON_1460,CALLED,WEAK
REL_003807,PERSON_0540,PERSON_0995,CALLED,UNKNOWN
REL_003808,PERSON_0334,PERSON_0613,CALLED,UNKNOWN
REL_003809,PERSON_0218,PERSON_0791,CALLED,LIKELY
REL_003810,PERSON_0748,PERSON_0987,CALLED,WEAK
REL_003811,PERSON_0060,PERSON_1279,CALLED,WEAK
REL_003812,PERSON_0140,PERSON_0769,CALLED,LIKELY
REL_003813,PERSON_0593,PERSON_1189,CALLED,LIKELY
REL_003814,PERSON_0342,PERSON_1313,CALLED,WEAK
REL_003815,PERSON_1141,PERSON_1184,CALLED,UNKNOWN
REL_003816,PERSON_0107,PERSON_0697,CALLED,LIKELY
REL_003817,PERSON_0549,PERSON_1350,CALLED,LIKELY
REL_003818,PERSON_0477,PERSON_0854,CALLED,WEAK
REL_003819,PERSON_0113,PERSON_1496,CALLED,LIKELY
REL_003820,PERSON_0002,PERSON_0875,CALLED,UNKNOWN
REL_003821,PERSON_0647,PERSON_1149,CALLED,UNKNOWN
REL_003822,PERSON_0678,PERSON_0892,CALLED,UNKNOWN
REL_003823,PERSON_0191,PERSON_0777,CALLED,WEAK
REL_003824,PERSON_0087,PERSON_0522,CALLED,WEAK
REL_003825,PERSON_0653,PERSON_1042,CALLED,UNKNOWN
REL_003826,PERSON_0031,PERSON_0777,CALLED,LIKELY
REL_003827,PERSON_0265,PERSON_0634,CALLED,UNKNOWN
REL_003828,PERSON_0454,PERSON_0946,CALLED,LIKELY
REL_003829,PERSON_0260,PERSON_0707,CALLED,UNKNOWN
REL_003830,PERSON_1173,PERSON_1327,CALLED,LIKELY
REL_003831,PERSON_0869,PERSON_1256,CALLED,LIKELY
REL_003832,PERSON_1336,PERSON_1374,CALLED,LIKELY
REL_003833,PERSON_0453,PERSON_0644,CALLED,UNKNOWN
REL_003834,PERSON_0306,PERSON_1007,CALLED,WEAK
REL_003835,PERSON_1168,PERSON_1314,CALLED,WEAK
REL_003836,PERSON_0066,PERSON_0188,CALLED,LIKELY
REL_003837,PERSON_0056,PERSON_0263,CALLED,UNKNOWN
REL_003838,PERSON_1161,PERSON_1413,CALLED,UNKNOWN
REL_003839,PERSON_0714,PERSON_0891,CALLED,UNKNOWN
REL_003840,PERSON_0372,PERSON_1359,CALLED,LIKELY
REL_003841,PERSON_0601,PERSON_1030,CALLED,UNKNOWN
REL_003842,PERSON_0013,PERSON_0160,CALLED,WEAK
REL_003843,PERSON_0337,PERSON_1411,CALLED,UNKNOWN
REL_003844,PERSON_0556,PERSON_1205,CALLED,LIKELY
REL_003845,PERSON_0382,PERSON_1368,CALLED,LIKELY
REL_003846,PERSON_1232,PERSON_1354,CALLED,LIKELY
REL_003847,PERSON_0045,PERSON_0905,CALLED,LIKELY
REL_003848,PERSON_0539,PERSON_0984,CALLED,UNKNOWN
REL_003849,PERSON_0003,PERSON_1442,CALLED,WEAK
REL_003850,PERSON_0513,PERSON_0532,CALLED,UNKNOWN
REL_003851,PERSON_0019,PERSON_0075,CALLED,WEAK
REL_003852,PERSON_0220,PERSON_1324,CALLED,WEAK
REL_003853,PERSON_0562,PERSON_1179,CALLED,UNKNOWN
REL_003854,PERSON_0127,PERSON_0409,CALLED,WEAK
REL_003855,PERSON_0213,PERSON_0790,CALLED,UNKNOWN
REL_003856,PERSON_0306,PERSON_0618,CALLED,LIKELY
REL_003857,PERSON_0009,PERSON_1091,CALLED,UNKNOWN
REL_003858,PERSON_0333,PERSON_0346,CALLED,UNKNOWN
REL_003859,PERSON_0077,PERSON_0753,CALLED,LIKELY
REL_003860,PERSON_0137,PERSON_0902,CALLED,LIKELY
REL_003861,PERSON_0783,PERSON_0789,CALLED,UNKNOWN
REL_003862,PERSON_0714,PERSON_1412,CALLED,WEAK
REL_003863,PERSON_0703,PERSON_0722,CALLED,UNKNOWN
REL_003864,PERSON_0027,PERSON_0295,CALLED,WEAK
REL_003865,PERSON_0955,PERSON_1235,CALLED,WEAK
REL_003866,PERSON_0503,PERSON_0813,CALLED,WEAK
REL_003867,PERSON_0066,PERSON_0370,CALLED,WEAK
REL_003868,PERSON_0139,PERSON_1311,CALLED,WEAK
REL_003869,PERSON_0410,PERSON_0432,CALLED,LIKELY
REL_003870,PERSON_0963,PERSON_1348,CALLED,LIKELY
REL_003871,PERSON_0042,PERSON_1353,CALLED,UNKNOWN
REL_003872,PERSON_0512,PERSON_1326,CALLED,WEAK
REL_003873,PERSON_0120,PERSON_1495,CALLED,UNKNOWN
REL_003874,PERSON_1114,PERSON_1203,CALLED,WEAK
REL_003875,PERSON_0432,PERSON_0483,CALLED,WEAK
REL_003876,PERSON_0432,PERSON_0677,CALLED,WEAK
REL_003877,PERSON_0492,PERSON_0961,CALLED,WEAK
REL_003878,PERSON_0874,PERSON_1304,CALLED,WEAK
REL_003879,PERSON_0204,PERSON_0711,CALLED,WEAK
REL_003880,PERSON_1110,PERSON_1227,CALLED,UNKNOWN
REL_003881,PERSON_0499,PERSON_1039,CALLED,WEAK
REL_003882,PERSON_0988,PERSON_1022,CALLED,UNKNOWN
REL_003883,PERSON_0164,PERSON_0969,CALLED,LIKELY
REL_003884,PERSON_0685,PERSON_1185,CALLED,WEAK
REL_003885,PERSON_0782,PERSON_1211,CALLED,WEAK
REL_003886,PERSON_0132,PERSON_0770,CALLED,LIKELY
REL_003887,PERSON_0044,PERSON_0557,CALLED,WEAK
REL_003888,PERSON_0925,PERSON_1383,CALLED,WEAK
REL_003889,PERSON_0472,PERSON_1329,CALLED,WEAK
REL_003890,PERSON_0268,PERSON_0301,CALLED,WEAK
REL_003891,PERSON_0033,PERSON_1357,CALLED,LIKELY
REL_003892,PERSON_1287,PERSON_1480,CALLED,UNKNOWN
REL_003893,PERSON_0336,PERSON_0577,CALLED,UNKNOWN
REL_003894,PERSON_0746,PERSON_1287,CALLED,WEAK
REL_003895,PERSON_0553,PERSON_1485,CALLED,LIKELY
REL_003896,PERSON_0140,PERSON_0475,CALLED,LIKELY
REL_003897,PERSON_1106,PERSON_1459,CALLED,WEAK
REL_003898,PERSON_0050,PERSON_0992,CALLED,WEAK
REL_003899,PERSON_0935,PERSON_1376,CALLED,UNKNOWN
REL_003900,PERSON_0470,PERSON_0626,CALLED,WEAK
REL_003901,PERSON_0420,PERSON_1251,CALLED,LIKELY
REL_003902,PERSON_0763,PERSON_0833,CALLED,WEAK
REL_003903,PERSON_0019,PERSON_0841,CALLED,WEAK
REL_003904,PERSON_0772,PERSON_0876,CALLED,WEAK
REL_003905,PERSON_0436,PERSON_0662,CALLED,UNKNOWN
REL_003906,PERSON_0168,PERSON_0362,CALLED,WEAK
REL_003907,PERSON_0775,PERSON_1359,CALLED,WEAK
REL_003908,PERSON_0606,PERSON_1480,CALLED,UNKNOWN
REL_003909,PERSON_1098,PERSON_1471,CALLED,LIKELY
REL_003910,PERSON_0834,PERSON_0932,CALLED,UNKNOWN
REL_003911,PERSON_1246,PERSON_1311,CALLED,LIKELY
REL_003912,PERSON_0121,PERSON_1472,CALLED,LIKELY
REL_003913,PERSON_1438,PERSON_1451,CALLED,WEAK
REL_003914,PERSON_0001,PERSON_0345,CALLED,UNKNOWN
REL_003915,PERSON_1336,PERSON_1409,CALLED,LIKELY
REL_003916,PERSON_0303,PERSON_0681,CALLED,WEAK
REL_003917,PERSON_1235,PERSON_1254,CALLED,LIKELY
REL_003918,PERSON_0451,PERSON_0952,CALLED,LIKELY
REL_003919,PERSON_0372,PERSON_0678,CALLED,UNKNOWN
REL_003920,PERSON_0184,PERSON_0520,CALLED,UNKNOWN
REL_003921,PERSON_0131,PERSON_0630,CALLED,UNKNOWN
REL_003922,PERSON_0794,PERSON_1077,CALLED,LIKELY
REL_003923,PERSON_1225,PERSON_1241,CALLED,UNKNOWN
REL_003924,PERSON_0152,PERSON_1391,CALLED,WEAK
REL_003925,PERSON_0067,PERSON_0722,CALLED,WEAK
REL_003926,PERSON_0623,PERSON_0657,CALLED,WEAK
REL_003927,PERSON_1311,PERSON_1404,CALLED,LIKELY
REL_003928,PERSON_0763,PERSON_1418,CALLED,UNKNOWN
REL_003929,PERSON_0549,PERSON_1205,CALLED,WEAK
REL_003930,PERSON_0079,PERSON_0885,CALLED,WEAK
REL_003931,PERSON_0179,PERSON_0679,CALLED,UNKNOWN
REL_003932,PERSON_0112,PERSON_1409,CALLED,UNKNOWN
REL_003933,PERSON_1128,PERSON_1383,CALLED,WEAK
REL_003934,PERSON_0763,PERSON_1005,CALLED,UNKNOWN
REL_003935,PERSON_0517,PERSON_0925,CALLED,UNKNOWN
REL_003936,PERSON_0833,PERSON_1379,CALLED,WEAK
REL_003937,PERSON_0848,PERSON_1376,CALLED,WEAK
REL_003938,PERSON_1081,PERSON_1245,CALLED,LIKELY
REL_003939,PERSON_0370,PERSON_1432,CALLED,WEAK
REL_003940,PERSON_0134,PERSON_0975,CALLED,UNKNOWN
REL_003941,PERSON_0862,PERSON_0956,CALLED,LIKELY
REL_003942,PERSON_0245,PERSON_1130,CALLED,WEAK
REL_003943,PERSON_0630,PERSON_0635,CALLED,LIKELY
REL_003944,PERSON_0952,PERSON_1397,CALLED,UNKNOWN
REL_003945,PERSON_0195,PERSON_0987,CALLED,WEAK
REL_003946,PERSON_0021,PERSON_0827,CALLED,LIKELY
REL_003947,PERSON_0502,PERSON_1151,CALLED,LIKELY
REL_003948,PERSON_0286,PERSON_0350,CALLED,WEAK
REL_003949,PERSON_0055,PERSON_0827,CALLED,UNKNOWN
REL_003950,PERSON_0064,PERSON_0672,CALLED,LIKELY
REL_003951,PERSON_0068,PERSON_0334,CALLED,LIKELY
REL_003952,PERSON_0070,PERSON_1105,CALLED,WEAK
REL_003953,PERSON_0384,PERSON_0433,CALLED,WEAK
REL_003954,PERSON_0122,PERSON_0656,CALLED,LIKELY
REL_003955,PERSON_0080,PERSON_0751,CALLED,UNKNOWN
REL_003956,PERSON_0708,PERSON_1139,CALLED,LIKELY
REL_003957,PERSON_0546,PERSON_1194,CALLED,UNKNOWN
REL_003958,PERSON_0535,PERSON_1413,CALLED,WEAK
REL_003959,PERSON_0366,PERSON_0653,CALLED,WEAK
REL_003960,PERSON_0763,PERSON_1141,CALLED,WEAK
REL_003961,PERSON_0481,PERSON_0963,CALLED,LIKELY
REL_003962,PERSON_1444,PERSON_1498,CALLED,WEAK
REL_003963,PERSON_0980,PERSON_1047,CALLED,LIKELY
REL_003964,PERSON_0427,PERSON_0804,CALLED,LIKELY
REL_003965,PERSON_0061,PERSON_1449,CALLED,UNKNOWN
REL_003966,PERSON_0880,PERSON_0912,CALLED,WEAK
REL_003967,PERSON_0919,PERSON_1122,CALLED,LIKELY
REL_003968,PERSON_0570,PERSON_0747,CALLED,LIKELY
REL_003969,PERSON_0154,PERSON_1368,CALLED,LIKELY
REL_003970,PERSON_0580,PERSON_1180,CALLED,UNKNOWN
REL_003971,PERSON_1139,PERSON_1381,CALLED,WEAK
REL_003972,PERSON_1361,PERSON_1477,CALLED,LIKELY
REL_003973,PERSON_0621,PERSON_1011,CALLED,WEAK
REL_003974,PERSON_0234,PERSON_1050,CALLED,LIKELY
REL_003975,PERSON_0534,PERSON_0842,CALLED,LIKELY
REL_003976,PERSON_0167,PERSON_1149,CALLED,WEAK
REL_003977,PERSON_0797,PERSON_1246,CALLED,LIKELY
REL_003978,PERSON_0297,PERSON_0784,CALLED,UNKNOWN
REL_003979,PERSON_0525,PERSON_0754,CALLED,WEAK
REL_003980,PERSON_0746,PERSON_0938,CALLED,UNKNOWN
REL_003981,PERSON_0274,PERSON_1014,CALLED,LIKELY
REL_003982,PERSON_0366,PERSON_1423,CALLED,LIKELY
REL_003983,PERSON_1209,PERSON_1444,CALLED,WEAK
REL_003984,PERSON_0467,PERSON_1033,CALLED,LIKELY
REL_003985,PERSON_0336,PERSON_0409,CALLED,LIKELY
REL_003986,PERSON_0920,PERSON_1498,CALLED,WEAK
REL_003987,PERSON_0196,PERSON_0510,CALLED,LIKELY
REL_003988,PERSON_1358,PERSON_1465,CALLED,WEAK
REL_003989,PERSON_0461,PERSON_0824,CALLED,LIKELY
REL_003990,PERSON_0645,PERSON_1126,CALLED,LIKELY
REL_003991,PERSON_0385,PERSON_1174,CALLED,UNKNOWN
REL_003992,PERSON_0012,PERSON_0072,CALLED,WEAK
REL_003993,PERSON_0875,PERSON_1093,CALLED,WEAK
REL_003994,PERSON_0773,PERSON_1315,CALLED,WEAK
REL_003995,PERSON_0197,PERSON_0775,CALLED,WEAK
REL_003996,PERSON_0934,PERSON_1286,CALLED,WEAK
REL_003997,PERSON_0917,PERSON_1497,CALLED,UNKNOWN
REL_003998,PERSON_0056,PERSON_0491,CALLED,LIKELY
REL_003999,PERSON_0500,PERSON_1113,CALLED,LIKELY
REL_004000,PERSON_0493,PERSON_0695,CALLED,WEAK
REL_004001,PERSON_0039,PERSON_0196,CALLED,LIKELY
REL_004002,PERSON_0125,PERSON_0836,CALLED,WEAK
REL_004003,PERSON_0108,PERSON_1307,CALLED,WEAK
REL_004004,PERSON_0174,PERSON_0923,CALLED,UNKNOWN
REL_004005,PERSON_0117,PERSON_0143,CALLED,WEAK
REL_004006,PERSON_0549,PERSON_1111,CALLED,LIKELY
REL_004007,PERSON_0798,PERSON_1269,CALLED,LIKELY
REL_004008,PERSON_1172,PERSON_1194,CALLED,LIKELY
REL_004009,PERSON_0559,PERSON_0716,CALLED,WEAK
REL_004010,PERSON_0732,PERSON_1471,CALLED,WEAK
REL_004011,PERSON_0027,PERSON_1390,CALLED,LIKELY
REL_004012,PERSON_0028,PERSON_0732,CALLED,WEAK
REL_004013,PERSON_0392,PERSON_0575,CALLED,UNKNOWN
REL_004014,PERSON_0212,PERSON_1062,CALLED,WEAK
REL_004015,PERSON_0354,PERSON_0769,CALLED,UNKNOWN
REL_004016,PERSON_1046,PERSON_1100,CALLED,LIKELY
REL_004017,PERSON_0025,PERSON_0569,CALLED,LIKELY
REL_004018,PERSON_1086,PERSON_1459,CALLED,LIKELY
REL_004019,PERSON_0285,PERSON_1228,CALLED,LIKELY
REL_004020,PERSON_0049,PERSON_1497,CALLED,UNKNOWN
REL_004021,PERSON_0043,PERSON_0110,CALLED,LIKELY
REL_004022,PERSON_0308,PERSON_0534,CALLED,LIKELY
REL_004023,PERSON_0763,PERSON_1330,CALLED,UNKNOWN
REL_004024,PERSON_0147,PERSON_0283,CALLED,UNKNOWN
REL_004025,PERSON_0660,PERSON_1111,CALLED,LIKELY
REL_004026,PERSON_0277,PERSON_1091,CALLED,WEAK
REL_004027,PERSON_0279,PERSON_1220,CALLED,WEAK
REL_004028,PERSON_0843,PERSON_1269,CALLED,WEAK
REL_004029,PERSON_0934,PERSON_1225,CALLED,UNKNOWN
REL_004030,PERSON_0064,PERSON_0791,CALLED,LIKELY
REL_004031,PERSON_0145,PERSON_0198,CALLED,WEAK
REL_004032,PERSON_0396,PERSON_1327,CALLED,WEAK
REL_004033,PERSON_0884,PERSON_1440,CALLED,WEAK
REL_004034,PERSON_0052,PERSON_0213,CALLED,WEAK
REL_004035,PERSON_0281,PERSON_0665,CALLED,WEAK
REL_004036,PERSON_0045,PERSON_0934,CALLED,WEAK
REL_004037,PERSON_0646,PERSON_0753,CALLED,UNKNOWN
REL_004038,PERSON_0081,PERSON_0437,CALLED,WEAK
REL_004039,PERSON_0006,PERSON_0068,CALLED,LIKELY
REL_004040,PERSON_0270,PERSON_0932,CALLED,LIKELY
REL_004041,PERSON_1166,PERSON_1438,CALLED,UNKNOWN
REL_004042,PERSON_0093,PERSON_0276,CALLED,UNKNOWN
REL_004043,PERSON_0524,PERSON_1330,CALLED,LIKELY
REL_004044,PERSON_1131,PERSON_1418,CALLED,WEAK
REL_004045,PERSON_1107,PERSON_1169,CALLED,LIKELY
REL_004046,PERSON_0267,PERSON_1172,CALLED,LIKELY
REL_004047,PERSON_0931,PERSON_1449,CALLED,UNKNOWN
REL_004048,PERSON_1386,PERSON_1464,CALLED,UNKNOWN
REL_004049,PERSON_0212,PERSON_1458,CALLED,WEAK
REL_004050,PERSON_0089,PERSON_0564,CALLED,WEAK
REL_004051,PERSON_0223,PERSON_0608,CALLED,WEAK
REL_004052,PERSON_1178,PERSON_1407,CALLED,UNKNOWN
REL_004053,PERSON_0726,PERSON_1321,CALLED,LIKELY
REL_004054,PERSON_0698,PERSON_1333,CALLED,WEAK
REL_004055,PERSON_0816,PERSON_1448,CALLED,WEAK
REL_004056,PERSON_0780,PERSON_0826,CALLED,LIKELY
REL_004057,PERSON_0804,PERSON_1294,CALLED,UNKNOWN
REL_004058,PERSON_0439,PERSON_1060,CALLED,LIKELY
REL_004059,PERSON_0745,PERSON_1174,CALLED,UNKNOWN
REL_004060,PERSON_0829,PERSON_1415,CALLED,WEAK
REL_004061,PERSON_0187,PERSON_0655,CALLED,WEAK
REL_004062,PERSON_0748,PERSON_1335,CALLED,UNKNOWN
REL_004063,PERSON_0465,PERSON_0535,CALLED,UNKNOWN
REL_004064,PERSON_1321,PERSON_1490,CALLED,LIKELY
REL_004065,PERSON_1166,PERSON_1239,CALLED,WEAK
REL_004066,PERSON_0371,PERSON_1147,CALLED,UNKNOWN
REL_004067,PERSON_0318,PERSON_0803,CALLED,WEAK
REL_004068,PERSON_0621,PERSON_1052,CALLED,LIKELY
REL_004069,PERSON_0168,PERSON_1067,CALLED,UNKNOWN
REL_004070,PERSON_0341,PERSON_1232,CALLED,WEAK
REL_004071,PERSON_0712,PERSON_1198,CALLED,WEAK
REL_004072,PERSON_1024,PERSON_1179,CALLED,LIKELY
REL_004073,PERSON_1144,PERSON_1436,CALLED,WEAK
REL_004074,PERSON_0727,PERSON_0827,CALLED,LIKELY
REL_004075,PERSON_0844,PERSON_0890,CALLED,UNKNOWN
REL_004076,PERSON_0274,PERSON_0783,CALLED,WEAK
REL_004077,PERSON_0466,PERSON_0562,CALLED,UNKNOWN
REL_004078,PERSON_0134,PERSON_0397,CALLED,WEAK
REL_004079,PERSON_0950,PERSON_1399,CALLED,UNKNOWN
REL_004080,PERSON_0824,PERSON_0825,CALLED,WEAK
REL_004081,PERSON_0001,PERSON_0794,CALLED,LIKELY
REL_004082,PERSON_0709,PERSON_1216,CALLED,UNKNOWN
REL_004083,PERSON_0981,PERSON_1032,CALLED,UNKNOWN
REL_004084,PERSON_0056,PERSON_1243,CALLED,UNKNOWN
REL_004085,PERSON_0540,PERSON_0603,CALLED,WEAK
REL_004086,PERSON_0375,PERSON_0859,CALLED,WEAK
REL_004087,PERSON_0440,PERSON_1245,CALLED,LIKELY
REL_004088,PERSON_0097,PERSON_0311,CALLED,LIKELY
REL_004089,PERSON_0327,PERSON_0797,CALLED,WEAK
REL_004090,PERSON_0474,PERSON_1358,CALLED,WEAK
REL_004091,PERSON_0529,PERSON_1161,CALLED,UNKNOWN
REL_004092,PERSON_0386,PERSON_1425,CALLED,LIKELY
REL_004093,PERSON_0408,PERSON_0995,CALLED,WEAK
REL_004094,PERSON_0525,PERSON_1130,CALLED,UNKNOWN
REL_004095,PERSON_0081,PERSON_0631,CALLED,UNKNOWN
REL_004096,PERSON_0165,PERSON_0220,CALLED,UNKNOWN
REL_004097,PERSON_0039,PERSON_0329,CALLED,WEAK
REL_004098,PERSON_0627,PERSON_0893,CALLED,WEAK
REL_004099,PERSON_0685,PERSON_0783,CALLED,WEAK
REL_004100,PERSON_0448,PERSON_1000,CALLED,WEAK
REL_004101,PERSON_0005,PERSON_0083,CALLED,UNKNOWN
REL_004102,PERSON_0961,PERSON_1049,CALLED,UNKNOWN
REL_004103,PERSON_0416,PERSON_0818,CALLED,LIKELY
REL_004104,PERSON_0767,PERSON_1297,CALLED,WEAK
REL_004105,PERSON_0989,PERSON_1324,CALLED,LIKELY
REL_004106,PERSON_0366,PERSON_0746,CALLED,LIKELY
REL_004107,PERSON_1027,PERSON_1318,CALLED,LIKELY
REL_004108,PERSON_0628,PERSON_1300,CALLED,LIKELY
REL_004109,PERSON_0249,PERSON_0352,CALLED,WEAK
REL_004110,PERSON_1343,PERSON_1410,CALLED,UNKNOWN
REL_004111,PERSON_0262,PERSON_0311,CALLED,UNKNOWN
REL_004112,PERSON_0513,PERSON_1050,CALLED,LIKELY
REL_004113,PERSON_1365,PERSON_1469,CALLED,WEAK
REL_004114,PERSON_0027,PERSON_0721,CALLED,WEAK
REL_004115,PERSON_0335,PERSON_1117,CALLED,LIKELY
REL_004116,PERSON_0668,PERSON_0826,CALLED,LIKELY
REL_004117,PERSON_0510,PERSON_0946,CALLED,WEAK
REL_004118,PERSON_0898,PERSON_1126,CALLED,WEAK
REL_004119,PERSON_0068,PERSON_1409,CALLED,LIKELY
REL_004120,PERSON_0731,PERSON_1344,CALLED,UNKNOWN
REL_004121,PERSON_0060,PERSON_1331,CALLED,LIKELY
REL_004122,PERSON_0516,PERSON_0944,CALLED,UNKNOWN
REL_004123,PERSON_0220,PERSON_0360,CALLED,LIKELY
REL_004124,PERSON_0457,PERSON_0884,CALLED,WEAK
REL_004125,PERSON_0876,PERSON_1480,CALLED,WEAK
REL_004126,PERSON_1255,PERSON_1482,CALLED,WEAK
REL_004127,PERSON_1258,PERSON_1489,CALLED,WEAK
REL_004128,PERSON_0120,PERSON_1166,CALLED,WEAK
REL_004129,PERSON_0887,PERSON_1336,CALLED,UNKNOWN
REL_004130,PERSON_0218,PERSON_1011,CALLED,UNKNOWN
REL_004131,PERSON_1070,PERSON_1187,COMMUNICATED_WITH,WEAK
REL_004132,PERSON_1378,PERSON_1456,CALLED,WEAK
REL_004133,PERSON_0247,PERSON_0486,CALLED,WEAK
REL_004134,PERSON_1231,PERSON_1260,CALLED,UNKNOWN
REL_004135,PERSON_0759,PERSON_1065,CALLED,WEAK
REL_004136,PERSON_0421,PERSON_0918,CALLED,UNKNOWN
REL_004137,PERSON_0670,PERSON_1081,CALLED,WEAK
REL_004138,PERSON_0778,PERSON_1153,CALLED,LIKELY
REL_004139,PERSON_0681,PERSON_1002,CALLED,UNKNOWN
REL_004140,PERSON_0815,PERSON_0885,CALLED,UNKNOWN
REL_004141,PERSON_0610,PERSON_1411,CALLED,LIKELY
REL_004142,PERSON_0812,PERSON_1492,CALLED,LIKELY
REL_004143,PERSON_0338,PERSON_0902,CALLED,UNKNOWN
REL_004144,PERSON_1145,PERSON_1282,CALLED,LIKELY
REL_004145,PERSON_0740,PERSON_1209,CALLED,UNKNOWN
REL_004146,PERSON_0018,PERSON_0371,CALLED,UNKNOWN
REL_004147,PERSON_0280,PERSON_0529,CALLED,UNKNOWN
REL_004148,PERSON_1205,PERSON_1249,CALLED,LIKELY
REL_004149,PERSON_0500,PERSON_1419,CALLED,UNKNOWN
REL_004150,PERSON_1494,PERSON_1496,CALLED,UNKNOWN
REL_004151,PERSON_0769,PERSON_1189,CALLED,UNKNOWN
REL_004152,PERSON_0524,PERSON_1017,CALLED,WEAK
REL_004153,PERSON_0031,PERSON_0238,CALLED,LIKELY
REL_004154,PERSON_0075,PERSON_1107,CALLED,LIKELY
REL_004155,PERSON_1187,PERSON_1199,CALLED,WEAK
REL_004156,PERSON_0734,PERSON_1047,CALLED,WEAK
REL_004157,PERSON_0610,PERSON_0920,CALLED,UNKNOWN
REL_004158,PERSON_0355,PERSON_0542,CALLED,LIKELY
REL_004159,PERSON_0007,PERSON_0522,CALLED,UNKNOWN
REL_004160,PERSON_0897,PERSON_1338,CALLED,UNKNOWN
REL_004161,PERSON_0288,PERSON_0809,CALLED,WEAK
REL_004162,PERSON_0343,PERSON_0649,CALLED,WEAK
REL_004163,PERSON_0283,PERSON_1311,CALLED,UNKNOWN
REL_004164,PERSON_0962,PERSON_1207,CALLED,LIKELY
REL_004165,PERSON_0288,PERSON_1407,CALLED,LIKELY
REL_004166,PERSON_0529,PERSON_1441,CALLED,WEAK
REL_004167,PERSON_0335,PERSON_0404,CALLED,LIKELY
REL_004168,PERSON_0603,PERSON_0649,CALLED,LIKELY
REL_004169,PERSON_0132,PERSON_0949,CALLED,LIKELY
REL_004170,PERSON_0672,PERSON_1295,CALLED,LIKELY
REL_004171,PERSON_0537,PERSON_0830,CALLED,WEAK
REL_004172,PERSON_0024,PERSON_0404,CALLED,UNKNOWN
REL_004173,PERSON_0703,PERSON_0871,CALLED,LIKELY
REL_004174,PERSON_0674,PERSON_1255,CALLED,UNKNOWN
REL_004175,PERSON_1004,PERSON_1435,CALLED,WEAK
REL_004176,PERSON_0014,PERSON_0372,CALLED,WEAK
REL_004177,PERSON_0696,PERSON_1392,CALLED,WEAK
REL_004178,PERSON_0221,PERSON_0371,CALLED,WEAK
REL_004179,PERSON_0254,PERSON_0641,CALLED,WEAK
REL_004180,PERSON_0113,PERSON_1097,CALLED,UNKNOWN
REL_004181,PERSON_0630,PERSON_0640,CALLED,WEAK
REL_004182,PERSON_0622,PERSON_0736,CALLED,WEAK
REL_004183,PERSON_1346,PERSON_1450,CALLED,UNKNOWN
REL_004184,PERSON_1278,PERSON_1359,CALLED,WEAK
REL_004185,PERSON_0007,PERSON_0482,CALLED,UNKNOWN
REL_004186,PERSON_0204,PERSON_0638,CALLED,WEAK
REL_004187,PERSON_0412,PERSON_1384,CALLED,WEAK
REL_004188,PERSON_1103,PERSON_1104,CALLED,UNKNOWN
REL_004189,PERSON_0253,PERSON_0830,CALLED,UNKNOWN
REL_004190,PERSON_1313,PERSON_1378,CALLED,WEAK
REL_004191,PERSON_1135,PERSON_1391,CALLED,WEAK
REL_004192,PERSON_0156,PERSON_0401,CALLED,UNKNOWN
REL_004193,PERSON_0198,PERSON_0563,CALLED,LIKELY
REL_004194,PERSON_0962,PERSON_1105,CALLED,UNKNOWN
REL_004195,PERSON_0367,PERSON_1414,CALLED,UNKNOWN
REL_004196,PERSON_1052,PERSON_1373,CALLED,WEAK
REL_004197,PERSON_0216,PERSON_1295,CALLED,UNKNOWN
REL_004198,PERSON_1272,PERSON_1364,CALLED,UNKNOWN
REL_004199,PERSON_0328,PERSON_1202,CALLED,LIKELY
REL_004200,PERSON_0593,PERSON_1332,CALLED,WEAK
REL_004201,PERSON_0026,PERSON_0397,TRANSFERRED_MONEY,CONFIRMED
REL_004202,PERSON_1476,PERSON_0026,TRANSFERRED_MONEY,CONFIRMED
REL_004203,PERSON_0030,PERSON_0180,TRANSFERRED_MONEY,CONFIRMED
REL_004204,PERSON_0037,PERSON_1449,TRANSFERRED_MONEY,CONFIRMED
REL_004205,PERSON_0037,PERSON_1499,TRANSFERRED_MONEY,CONFIRMED
REL_004206,PERSON_0096,PERSON_0950,TRANSFERRED_MONEY,CONFIRMED
REL_004207,PERSON_0104,PERSON_1433,TRANSFERRED_MONEY,CONFIRMED
REL_004208,PERSON_0105,PERSON_1002,TRANSFERRED_MONEY,CONFIRMED
REL_004209,PERSON_0105,PERSON_1008,TRANSFERRED_MONEY,CONFIRMED
REL_004210,PERSON_0180,PERSON_0551,TRANSFERRED_MONEY,CONFIRMED
REL_004211,PERSON_0256,PERSON_1046,TRANSFERRED_MONEY,CONFIRMED
REL_004212,PERSON_0256,PERSON_1376,TRANSFERRED_MONEY,CONFIRMED
REL_004213,PERSON_0266,PERSON_1170,TRANSFERRED_MONEY,CONFIRMED
REL_004214,PERSON_0397,PERSON_0405,TRANSFERRED_MONEY,CONFIRMED
REL_004215,PERSON_0398,PERSON_0736,TRANSFERRED_MONEY,CONFIRMED
REL_004216,PERSON_0405,PERSON_1459,TRANSFERRED_MONEY,CONFIRMED
REL_004217,PERSON_0423,PERSON_0784,TRANSFERRED_MONEY,CONFIRMED
REL_004218,PERSON_0486,PERSON_1343,TRANSFERRED_MONEY,CONFIRMED
REL_004219,PERSON_0551,PERSON_1433,TRANSFERRED_MONEY,CONFIRMED
REL_004220,PERSON_0580,PERSON_0784,TRANSFERRED_MONEY,CONFIRMED
REL_004221,PERSON_0580,PERSON_0903,TRANSFERRED_MONEY,CONFIRMED
REL_004222,PERSON_0639,PERSON_0671,TRANSFERRED_MONEY,CONFIRMED
REL_004223,PERSON_0639,PERSON_1203,TRANSFERRED_MONEY,CONFIRMED
REL_004224,PERSON_0720,PERSON_0950,TRANSFERRED_MONEY,CONFIRMED
REL_004225,PERSON_0720,PERSON_1060,TRANSFERRED_MONEY,CONFIRMED
REL_004226,PERSON_0725,PERSON_0903,TRANSFERRED_MONEY,CONFIRMED
REL_004227,PERSON_0736,PERSON_0785,TRANSFERRED_MONEY,CONFIRMED
REL_004228,PERSON_0809,PERSON_0969,TRANSFERRED_MONEY,CONFIRMED
REL_004229,PERSON_0833,PERSON_1232,TRANSFERRED_MONEY,CONFIRMED
REL_004230,PERSON_0833,PERSON_1343,TRANSFERRED_MONEY,CONFIRMED
REL_004231,PERSON_0894,PERSON_1383,TRANSFERRED_MONEY,LIKELY
REL_004232,PERSON_0945,PERSON_1203,TRANSFERRED_MONEY,CONFIRMED
REL_004233,PERSON_0969,PERSON_1226,TRANSFERRED_MONEY,CONFIRMED
REL_004234,PERSON_1002,PERSON_1269,TRANSFERRED_MONEY,CONFIRMED
REL_004235,PERSON_1046,PERSON_1242,TRANSFERRED_MONEY,CONFIRMED
REL_004236,PERSON_1104,PERSON_1226,TRANSFERRED_MONEY,CONFIRMED
REL_004237,PERSON_1170,PERSON_1190,TRANSFERRED_MONEY,CONFIRMED
REL_004238,PERSON_1303,PERSON_1449,TRANSFERRED_MONEY,CONFIRMED
REL_004239,PERSON_0014,PERSON_0720,TRANSFERRED_MONEY,LIKELY
REL_004240,PERSON_0582,PERSON_1333,TRANSFERRED_MONEY,LIKELY
REL_004241,PERSON_0681,PERSON_0689,TRANSFERRED_MONEY,UNKNOWN
REL_004242,PERSON_0376,PERSON_0570,TRANSFERRED_MONEY,LIKELY
REL_004243,PERSON_0836,PERSON_1282,TRANSFERRED_MONEY,UNKNOWN
REL_004244,PERSON_0692,PERSON_1452,TRANSFERRED_MONEY,WEAK
REL_004245,PERSON_0242,PERSON_1417,TRANSFERRED_MONEY,LIKELY
REL_004246,PERSON_0499,PERSON_0934,TRANSFERRED_MONEY,UNKNOWN
REL_004247,PERSON_1024,PERSON_1300,TRANSFERRED_MONEY,UNKNOWN
REL_004248,PERSON_0064,PERSON_1157,TRANSFERRED_MONEY,WEAK
REL_004249,PERSON_0787,PERSON_1012,TRANSFERRED_MONEY,LIKELY
REL_004250,PERSON_0349,PERSON_0979,TRANSFERRED_MONEY,UNKNOWN
REL_004251,PERSON_0650,PERSON_1460,TRANSFERRED_MONEY,UNKNOWN
REL_004252,PERSON_0416,PERSON_0603,TRANSFERRED_MONEY,WEAK
REL_004253,PERSON_0732,PERSON_0838,TRANSFERRED_MONEY,WEAK
REL_004254,PERSON_0657,PERSON_1495,TRANSFERRED_MONEY,WEAK
REL_004255,PERSON_0050,PERSON_0929,TRANSFERRED_MONEY,UNKNOWN
REL_004256,PERSON_0694,PERSON_1115,TRANSFERRED_MONEY,UNKNOWN
REL_004257,PERSON_0104,PERSON_0159,TRANSFERRED_MONEY,WEAK
REL_004258,PERSON_0345,PERSON_0956,TRANSFERRED_MONEY,WEAK
REL_004259,PERSON_0900,PERSON_1203,TRANSFERRED_MONEY,WEAK
REL_004260,PERSON_0217,PERSON_1411,TRANSFERRED_MONEY,WEAK
REL_004261,PERSON_0111,PERSON_1189,TRANSFERRED_MONEY,UNKNOWN
REL_004262,PERSON_0269,PERSON_0360,TRANSFERRED_MONEY,UNKNOWN
REL_004263,PERSON_0178,PERSON_0957,TRANSFERRED_MONEY,UNKNOWN
REL_004264,PERSON_0532,PERSON_0714,TRANSFERRED_MONEY,UNKNOWN
REL_004265,PERSON_0308,PERSON_0500,TRANSFERRED_MONEY,UNKNOWN
REL_004266,PERSON_0089,PERSON_0514,TRANSFERRED_MONEY,UNKNOWN
REL_004267,PERSON_0049,PERSON_0574,TRANSFERRED_MONEY,UNKNOWN
REL_004268,PERSON_0364,PERSON_0914,TRANSFERRED_MONEY,UNKNOWN
REL_004269,PERSON_0158,PERSON_0408,TRANSFERRED_MONEY,LIKELY
REL_004270,PERSON_0571,PERSON_1127,TRANSFERRED_MONEY,LIKELY
REL_004271,PERSON_0505,PERSON_1420,TRANSFERRED_MONEY,LIKELY
REL_004272,PERSON_0020,PERSON_1371,TRANSFERRED_MONEY,UNKNOWN
REL_004273,PERSON_0432,PERSON_0468,TRANSFERRED_MONEY,UNKNOWN
REL_004274,PERSON_0100,PERSON_0657,TRANSFERRED_MONEY,WEAK
REL_004275,PERSON_0834,PERSON_1428,TRANSFERRED_MONEY,UNKNOWN
REL_004276,PERSON_1082,PERSON_1226,TRANSFERRED_MONEY,WEAK
REL_004277,PERSON_0771,PERSON_1146,TRANSFERRED_MONEY,LIKELY
REL_004278,PERSON_0332,PERSON_1247,TRANSFERRED_MONEY,LIKELY
REL_004279,PERSON_0650,PERSON_0970,TRANSFERRED_MONEY,LIKELY
REL_004280,PERSON_0022,PERSON_0375,TRANSFERRED_MONEY,WEAK
REL_004281,PERSON_1044,PERSON_1150,TRANSFERRED_MONEY,WEAK
REL_004282,PERSON_1302,PERSON_1476,TRANSFERRED_MONEY,UNKNOWN
REL_004283,PERSON_0393,PERSON_1364,TRANSFERRED_MONEY,UNKNOWN
REL_004284,PERSON_0419,PERSON_1308,TRANSFERRED_MONEY,UNKNOWN
REL_004285,PERSON_0062,PERSON_0725,TRANSFERRED_MONEY,WEAK
REL_004286,PERSON_1243,PERSON_1429,TRANSFERRED_MONEY,UNKNOWN
REL_004287,PERSON_0594,PERSON_0737,TRANSFERRED_MONEY,WEAK
REL_004288,PERSON_0284,PERSON_1243,TRANSFERRED_MONEY,WEAK
REL_004289,PERSON_0076,PERSON_0757,TRANSFERRED_MONEY,UNKNOWN
REL_004290,PERSON_0714,PERSON_1337,TRANSFERRED_MONEY,WEAK
REL_004291,PERSON_1078,PERSON_1406,TRANSFERRED_MONEY,LIKELY
REL_004292,PERSON_1319,PERSON_1436,TRANSFERRED_MONEY,LIKELY
REL_004293,PERSON_0073,PERSON_1273,TRANSFERRED_MONEY,UNKNOWN
REL_004294,PERSON_0842,PERSON_1128,TRANSFERRED_MONEY,WEAK
REL_004295,PERSON_1051,PERSON_1187,TRANSFERRED_MONEY,UNKNOWN
REL_004296,PERSON_0395,PERSON_0446,TRANSFERRED_MONEY,LIKELY
REL_004297,PERSON_0682,PERSON_0740,TRANSFERRED_MONEY,UNKNOWN
REL_004298,PERSON_0484,PERSON_0514,TRANSFERRED_MONEY,WEAK
REL_004299,PERSON_0129,PERSON_1334,TRANSFERRED_MONEY,LIKELY
REL_004300,PERSON_1133,PERSON_1346,TRANSFERRED_MONEY,LIKELY
REL_004301,PERSON_0021,PERSON_0875,TRANSFERRED_MONEY,WEAK
REL_004302,PERSON_0265,PERSON_1310,TRANSFERRED_MONEY,LIKELY
REL_004303,PERSON_0158,PERSON_0200,TRANSFERRED_MONEY,LIKELY
REL_004304,PERSON_0021,PERSON_0693,TRANSFERRED_MONEY,UNKNOWN
REL_004305,PERSON_0725,PERSON_1267,TRANSFERRED_MONEY,WEAK
REL_004306,PERSON_0276,PERSON_0817,TRANSFERRED_MONEY,WEAK
REL_004307,PERSON_1142,PERSON_1372,TRANSFERRED_MONEY,UNKNOWN
REL_004308,PERSON_0507,PERSON_0956,TRANSFERRED_MONEY,UNKNOWN
REL_004309,PERSON_0588,PERSON_1378,TRANSFERRED_MONEY,WEAK
REL_004310,PERSON_0245,PERSON_1296,TRANSFERRED_MONEY,UNKNOWN
REL_004311,PERSON_0020,PERSON_1315,TRANSFERRED_MONEY,UNKNOWN
REL_004312,PERSON_0065,PERSON_1323,TRANSFERRED_MONEY,WEAK
REL_004313,PERSON_0328,PERSON_0636,TRANSFERRED_MONEY,WEAK
REL_004314,PERSON_0057,PERSON_0295,TRANSFERRED_MONEY,LIKELY
REL_004315,PERSON_0368,PERSON_0985,TRANSFERRED_MONEY,UNKNOWN
REL_004316,PERSON_0464,PERSON_1133,TRANSFERRED_MONEY,LIKELY
REL_004317,PERSON_0126,PERSON_0469,TRANSFERRED_MONEY,UNKNOWN
REL_004318,PERSON_0380,PERSON_0716,TRANSFERRED_MONEY,UNKNOWN
REL_004319,PERSON_0780,PERSON_1158,TRANSFERRED_MONEY,LIKELY
REL_004320,PERSON_0126,PERSON_0132,TRANSFERRED_MONEY,UNKNOWN
REL_004321,PERSON_1252,PERSON_1485,TRANSFERRED_MONEY,WEAK
REL_004322,PERSON_0007,PERSON_1095,TRANSFERRED_MONEY,WEAK
REL_004323,PERSON_0109,PERSON_0419,TRANSFERRED_MONEY,LIKELY
REL_004324,PERSON_0539,PERSON_0805,TRANSFERRED_MONEY,UNKNOWN
REL_004325,PERSON_0281,PERSON_1398,TRANSFERRED_MONEY,LIKELY
REL_004326,PERSON_0607,PERSON_1213,TRANSFERRED_MONEY,LIKELY
REL_004327,PERSON_0417,PERSON_0801,TRANSFERRED_MONEY,LIKELY
REL_004328,PERSON_0460,PERSON_1196,TRANSFERRED_MONEY,UNKNOWN
REL_004329,PERSON_0126,PERSON_0959,TRANSFERRED_MONEY,LIKELY
REL_004330,PERSON_0830,PERSON_0875,TRANSFERRED_MONEY,UNKNOWN
REL_004331,PERSON_0089,PERSON_0364,TRANSFERRED_MONEY,WEAK
REL_004332,PERSON_0427,PERSON_1091,TRANSFERRED_MONEY,LIKELY
REL_004333,PERSON_0368,PERSON_0858,TRANSFERRED_MONEY,UNKNOWN
REL_004334,PERSON_0719,PERSON_1280,TRANSFERRED_MONEY,UNKNOWN
REL_004335,PERSON_0356,PERSON_1072,TRANSFERRED_MONEY,WEAK
REL_004336,PERSON_0352,PERSON_0369,TRANSFERRED_MONEY,WEAK
REL_004337,PERSON_0817,PERSON_1023,TRANSFERRED_MONEY,WEAK
REL_004338,PERSON_0598,PERSON_0859,TRANSFERRED_MONEY,UNKNOWN
REL_004339,PERSON_0009,PERSON_0129,TRANSFERRED_MONEY,WEAK
REL_004340,PERSON_0029,PERSON_1174,TRANSFERRED_MONEY,UNKNOWN
REL_004341,PERSON_0307,PERSON_1129,TRANSFERRED_MONEY,LIKELY
REL_004342,PERSON_0754,PERSON_1289,TRANSFERRED_MONEY,LIKELY
REL_004343,PERSON_1404,PERSON_1409,TRANSFERRED_MONEY,WEAK
REL_004344,PERSON_0598,PERSON_0678,TRANSFERRED_MONEY,WEAK
REL_004345,PERSON_1068,PERSON_1420,TRANSFERRED_MONEY,UNKNOWN
REL_004346,PERSON_0026,PERSON_1448,TRANSFERRED_MONEY,UNKNOWN
REL_004347,PERSON_1366,PERSON_1498,TRANSFERRED_MONEY,WEAK
REL_004348,PERSON_1078,PERSON_1419,TRANSFERRED_MONEY,WEAK
REL_004349,PERSON_0198,PERSON_0685,TRANSFERRED_MONEY,UNKNOWN
REL_004350,PERSON_1087,PERSON_1114,TRANSFERRED_MONEY,UNKNOWN
REL_004351,PERSON_0880,PERSON_1233,TRANSFERRED_MONEY,UNKNOWN
REL_004352,PERSON_0877,PERSON_1012,TRANSFERRED_MONEY,LIKELY
REL_004353,PERSON_1331,PERSON_1498,TRANSFERRED_MONEY,WEAK
REL_004354,PERSON_0211,PERSON_0445,TRANSFERRED_MONEY,LIKELY
REL_004355,PERSON_0256,PERSON_1337,TRANSFERRED_MONEY,UNKNOWN
REL_004356,PERSON_1047,PERSON_1074,TRANSFERRED_MONEY,WEAK
REL_004357,PERSON_0993,PERSON_1169,TRANSFERRED_MONEY,WEAK
REL_004358,PERSON_0298,PERSON_0502,TRANSFERRED_MONEY,LIKELY
REL_004359,PERSON_0126,PERSON_0331,TRANSFERRED_MONEY,UNKNOWN
REL_004360,PERSON_0360,PERSON_0586,TRANSFERRED_MONEY,LIKELY
REL_004361,PERSON_0639,PERSON_0780,TRANSFERRED_MONEY,WEAK
REL_004362,PERSON_0392,PERSON_1448,TRANSFERRED_MONEY,LIKELY
REL_004363,PERSON_0158,PERSON_1166,TRANSFERRED_MONEY,LIKELY
REL_004364,PERSON_0306,PERSON_1165,TRANSFERRED_MONEY,WEAK
REL_004365,PERSON_0669,PERSON_1463,TRANSFERRED_MONEY,LIKELY
REL_004366,PERSON_0160,PERSON_0803,TRANSFERRED_MONEY,WEAK
REL_004367,PERSON_0030,PERSON_0448,TRANSFERRED_MONEY,WEAK
REL_004368,PERSON_0663,PERSON_1344,TRANSFERRED_MONEY,UNKNOWN
REL_004369,PERSON_0413,PERSON_1237,TRANSFERRED_MONEY,UNKNOWN
REL_004370,PERSON_0566,PERSON_1499,TRANSFERRED_MONEY,WEAK
REL_004371,PERSON_0604,PERSON_1251,TRANSFERRED_MONEY,WEAK
REL_004372,PERSON_0054,PERSON_0510,TRANSFERRED_MONEY,WEAK
REL_004373,PERSON_0849,PERSON_0852,TRANSFERRED_MONEY,UNKNOWN
REL_004374,PERSON_0398,PERSON_0535,TRANSFERRED_MONEY,LIKELY
REL_004375,PERSON_0232,PERSON_0896,TRANSFERRED_MONEY,UNKNOWN
REL_004376,PERSON_0766,PERSON_1128,TRANSFERRED_MONEY,WEAK
REL_004377,PERSON_0587,PERSON_0698,TRANSFERRED_MONEY,LIKELY
REL_004378,PERSON_0222,PERSON_1180,TRANSFERRED_MONEY,WEAK
REL_004379,PERSON_0652,PERSON_1083,TRANSFERRED_MONEY,UNKNOWN
REL_004380,PERSON_0565,PERSON_0886,TRANSFERRED_MONEY,UNKNOWN
REL_004381,PERSON_0119,PERSON_0317,TRANSFERRED_MONEY,WEAK
REL_004382,PERSON_0858,PERSON_1071,TRANSFERRED_MONEY,LIKELY
REL_004383,PERSON_0025,PERSON_0660,TRANSFERRED_MONEY,LIKELY
REL_004384,PERSON_1131,PERSON_1460,TRANSFERRED_MONEY,WEAK
REL_004385,PERSON_1035,PERSON_1119,TRANSFERRED_MONEY,UNKNOWN
REL_004386,PERSON_0698,PERSON_1405,TRANSFERRED_MONEY,UNKNOWN
REL_004387,PERSON_0124,PERSON_1310,TRANSFERRED_MONEY,UNKNOWN
REL_004388,PERSON_0427,PERSON_0582,TRANSFERRED_MONEY,WEAK
REL_004389,PERSON_0542,PERSON_1207,TRANSFERRED_MONEY,WEAK
REL_004390,PERSON_0187,PERSON_0949,TRANSFERRED_MONEY,LIKELY
REL_004391,PERSON_0341,PERSON_0478,TRANSFERRED_MONEY,LIKELY
REL_004392,PERSON_0526,PERSON_1344,TRANSFERRED_MONEY,WEAK
REL_004393,PERSON_0747,PERSON_1008,TRANSFERRED_MONEY,UNKNOWN
REL_004394,PERSON_0178,PERSON_0919,TRANSFERRED_MONEY,WEAK
REL_004395,PERSON_0453,PERSON_0684,TRANSFERRED_MONEY,LIKELY
REL_004396,PERSON_0316,PERSON_0985,TRANSFERRED_MONEY,UNKNOWN
REL_004397,PERSON_0306,PERSON_0738,TRANSFERRED_MONEY,WEAK
REL_004398,PERSON_0387,PERSON_0849,TRANSFERRED_MONEY,LIKELY
REL_004399,PERSON_0076,PERSON_0979,TRANSFERRED_MONEY,UNKNOWN
REL_004400,PERSON_0921,PERSON_1119,TRANSFERRED_MONEY,UNKNOWN
REL_004401,PERSON_0100,PERSON_1411,TRANSFERRED_MONEY,UNKNOWN
REL_004402,PERSON_0964,PERSON_1128,TRANSFERRED_MONEY,LIKELY
REL_004403,PERSON_0446,PERSON_0594,TRANSFERRED_MONEY,UNKNOWN
REL_004404,PERSON_0263,PERSON_0831,TRANSFERRED_MONEY,UNKNOWN
REL_004405,PERSON_0526,PERSON_1212,TRANSFERRED_MONEY,LIKELY
REL_004406,PERSON_0188,PERSON_1217,TRANSFERRED_MONEY,WEAK
REL_004407,PERSON_0164,PERSON_1400,TRANSFERRED_MONEY,LIKELY
REL_004408,PERSON_0229,PERSON_0694,TRANSFERRED_MONEY,LIKELY
REL_004409,PERSON_0328,PERSON_1091,TRANSFERRED_MONEY,LIKELY
REL_004410,PERSON_0027,PERSON_0903,TRANSFERRED_MONEY,LIKELY
REL_004411,PERSON_1105,PERSON_1204,TRANSFERRED_MONEY,WEAK
REL_004412,PERSON_0308,PERSON_0938,TRANSFERRED_MONEY,LIKELY
REL_004413,PERSON_0095,PERSON_0994,TRANSFERRED_MONEY,LIKELY
REL_004414,PERSON_0273,PERSON_1480,TRANSFERRED_MONEY,WEAK
REL_004415,PERSON_0502,PERSON_0551,TRANSFERRED_MONEY,UNKNOWN
REL_004416,PERSON_0126,PERSON_1325,TRANSFERRED_MONEY,UNKNOWN
REL_004417,PERSON_0978,PERSON_1038,TRANSFERRED_MONEY,LIKELY
REL_004418,PERSON_0410,PERSON_0678,TRANSFERRED_MONEY,UNKNOWN
REL_004419,PERSON_0273,PERSON_0509,TRANSFERRED_MONEY,LIKELY
REL_004420,PERSON_0874,PERSON_1119,TRANSFERRED_MONEY,LIKELY
REL_004421,PERSON_1285,PERSON_1447,TRANSFERRED_MONEY,WEAK
REL_004422,PERSON_0694,PERSON_1140,TRANSFERRED_MONEY,WEAK
REL_004423,PERSON_0455,PERSON_1063,TRANSFERRED_MONEY,UNKNOWN
REL_004424,PERSON_0994,PERSON_1308,TRANSFERRED_MONEY,WEAK
REL_004425,PERSON_0671,PERSON_1054,TRANSFERRED_MONEY,WEAK
REL_004426,PERSON_0458,PERSON_0858,TRANSFERRED_MONEY,WEAK
REL_004427,PERSON_1042,PERSON_1247,TRANSFERRED_MONEY,WEAK
REL_004428,PERSON_0336,PERSON_0621,TRANSFERRED_MONEY,WEAK
REL_004429,PERSON_0198,PERSON_0456,TRANSFERRED_MONEY,LIKELY
REL_004430,PERSON_0064,PERSON_0796,TRANSFERRED_MONEY,LIKELY
REL_004431,PERSON_0076,PERSON_0484,TRANSFERRED_MONEY,UNKNOWN
REL_004432,PERSON_0084,PERSON_1294,TRANSFERRED_MONEY,WEAK
REL_004433,PERSON_0272,PERSON_0484,TRANSFERRED_MONEY,UNKNOWN
REL_004434,PERSON_0814,PERSON_1064,TRANSFERRED_MONEY,LIKELY
REL_004435,PERSON_0998,PERSON_1410,TRANSFERRED_MONEY,WEAK
REL_004436,PERSON_0194,PERSON_0944,TRANSFERRED_MONEY,WEAK
REL_004437,PERSON_0110,PERSON_0411,TRANSFERRED_MONEY,LIKELY
REL_004438,PERSON_0266,PERSON_0913,TRANSFERRED_MONEY,LIKELY
REL_004439,PERSON_0545,PERSON_0603,TRANSFERRED_MONEY,UNKNOWN
REL_004440,PERSON_0339,PERSON_0359,TRANSFERRED_MONEY,UNKNOWN
REL_004441,PERSON_0900,PERSON_1313,TRANSFERRED_MONEY,LIKELY
REL_004442,PERSON_0821,PERSON_0839,TRANSFERRED_MONEY,LIKELY
REL_004443,PERSON_1165,PERSON_1246,TRANSFERRED_MONEY,WEAK
REL_004444,PERSON_0369,PERSON_1283,TRANSFERRED_MONEY,LIKELY
REL_004445,PERSON_0360,PERSON_0869,TRANSFERRED_MONEY,WEAK
REL_004446,PERSON_0451,PERSON_0636,TRANSFERRED_MONEY,WEAK
REL_004447,PERSON_0043,PERSON_0720,TRANSFERRED_MONEY,LIKELY
REL_004448,PERSON_0232,PERSON_0316,TRANSFERRED_MONEY,UNKNOWN
REL_004449,PERSON_0068,PERSON_1087,TRANSFERRED_MONEY,UNKNOWN
REL_004450,PERSON_0320,PERSON_0634,TRANSFERRED_MONEY,WEAK
REL_004451,PERSON_0810,PERSON_1159,TRANSFERRED_MONEY,WEAK
REL_004452,PERSON_1140,PERSON_1300,TRANSFERRED_MONEY,WEAK
REL_004453,PERSON_0104,PERSON_1065,TRANSFERRED_MONEY,LIKELY
REL_004454,PERSON_0030,PERSON_1251,TRANSFERRED_MONEY,WEAK
REL_004455,PERSON_0307,PERSON_1401,TRANSFERRED_MONEY,WEAK
REL_004456,PERSON_0379,PERSON_1050,TRANSFERRED_MONEY,UNKNOWN
REL_004457,PERSON_0317,PERSON_1178,TRANSFERRED_MONEY,UNKNOWN
REL_004458,PERSON_1190,PERSON_1237,TRANSFERRED_MONEY,UNKNOWN
REL_004459,PERSON_0950,PERSON_1122,TRANSFERRED_MONEY,UNKNOWN
REL_004460,PERSON_0721,PERSON_1323,TRANSFERRED_MONEY,LIKELY
REL_004461,PERSON_0232,PERSON_0456,TRANSFERRED_MONEY,UNKNOWN
REL_004462,PERSON_0971,PERSON_1419,TRANSFERRED_MONEY,UNKNOWN
REL_004463,PERSON_0359,PERSON_1318,TRANSFERRED_MONEY,UNKNOWN
REL_004464,PERSON_0490,PERSON_1150,TRANSFERRED_MONEY,WEAK
REL_004465,PERSON_0879,PERSON_0947,TRANSFERRED_MONEY,UNKNOWN
REL_004466,PERSON_0663,PERSON_1347,TRANSFERRED_MONEY,LIKELY
REL_004467,PERSON_0862,PERSON_1317,TRANSFERRED_MONEY,LIKELY
REL_004468,PERSON_0639,PERSON_0946,TRANSFERRED_MONEY,UNKNOWN
REL_004469,PERSON_0557,PERSON_1341,TRANSFERRED_MONEY,WEAK
REL_004470,PERSON_0564,PERSON_0698,TRANSFERRED_MONEY,LIKELY
REL_004471,PERSON_0266,PERSON_0754,TRANSFERRED_MONEY,UNKNOWN
REL_004472,PERSON_0211,PERSON_1428,TRANSFERRED_MONEY,WEAK
REL_004473,PERSON_0757,PERSON_0842,TRANSFERRED_MONEY,WEAK
REL_004474,PERSON_0889,PERSON_0956,TRANSFERRED_MONEY,WEAK
REL_004475,PERSON_0831,PERSON_1364,TRANSFERRED_MONEY,LIKELY
REL_004476,PERSON_0131,PERSON_1364,TRANSFERRED_MONEY,LIKELY
REL_004477,PERSON_0046,PERSON_1126,TRANSFERRED_MONEY,UNKNOWN
REL_004478,PERSON_0337,PERSON_0678,TRANSFERRED_MONEY,LIKELY
REL_004479,PERSON_0479,PERSON_0566,TRANSFERRED_MONEY,WEAK
REL_004480,PERSON_0352,PERSON_0677,TRANSFERRED_MONEY,WEAK
REL_004481,PERSON_0110,PERSON_1251,TRANSFERRED_MONEY,LIKELY
REL_004482,PERSON_0455,PERSON_0638,TRANSFERRED_MONEY,UNKNOWN
REL_004483,PERSON_0160,PERSON_0906,TRANSFERRED_MONEY,UNKNOWN
REL_004484,PERSON_0455,PERSON_1335,TRANSFERRED_MONEY,UNKNOWN
REL_004485,PERSON_0380,PERSON_1012,TRANSFERRED_MONEY,WEAK
REL_004486,PERSON_1308,PERSON_1390,TRANSFERRED_MONEY,LIKELY
REL_004487,PERSON_1180,PERSON_1307,TRANSFERRED_MONEY,UNKNOWN
REL_004488,PERSON_0507,PERSON_0599,TRANSFERRED_MONEY,WEAK
REL_004489,PERSON_0284,PERSON_0757,TRANSFERRED_MONEY,UNKNOWN
REL_004490,PERSON_0743,PERSON_1175,TRANSFERRED_MONEY,LIKELY
REL_004491,PERSON_0109,PERSON_0957,TRANSFERRED_MONEY,WEAK
REL_004492,PERSON_1227,PERSON_1400,TRANSFERRED_MONEY,LIKELY
REL_004493,PERSON_0725,PERSON_0973,TRANSFERRED_MONEY,WEAK
REL_004494,PERSON_1151,PERSON_1366,TRANSFERRED_MONEY,LIKELY
REL_004495,PERSON_0467,PERSON_0977,TRANSFERRED_MONEY,UNKNOWN
REL_004496,PERSON_0164,PERSON_0358,TRANSFERRED_MONEY,WEAK
REL_004497,PERSON_0341,PERSON_0729,TRANSFERRED_MONEY,LIKELY
REL_004498,PERSON_0634,PERSON_1308,TRANSFERRED_MONEY,LIKELY
REL_004499,PERSON_0062,PERSON_0709,TRANSFERRED_MONEY,UNKNOWN
REL_004500,PERSON_0132,PERSON_0464,TRANSFERRED_MONEY,WEAK
REL_004501,PERSON_1131,PERSON_1183,TRANSFERRED_MONEY,LIKELY
REL_004502,PERSON_0504,PERSON_1181,TRANSFERRED_MONEY,UNKNOWN
REL_004503,PERSON_1198,PERSON_1499,TRANSFERRED_MONEY,UNKNOWN
REL_004504,PERSON_0238,PERSON_1190,TRANSFERRED_MONEY,UNKNOWN
REL_004505,PERSON_0339,PERSON_0747,TRANSFERRED_MONEY,LIKELY
REL_004506,PERSON_0316,PERSON_1027,TRANSFERRED_MONEY,LIKELY
REL_004507,PERSON_0024,PERSON_0314,TRANSFERRED_MONEY,UNKNOWN
REL_004508,PERSON_0075,PERSON_0464,TRANSFERRED_MONEY,WEAK
REL_004509,PERSON_0023,PERSON_1209,TRANSFERRED_MONEY,UNKNOWN
REL_004510,PERSON_0945,PERSON_1337,TRANSFERRED_MONEY,UNKNOWN
REL_004511,PERSON_0852,PERSON_1330,TRANSFERRED_MONEY,WEAK
REL_004512,PERSON_0421,PERSON_1328,TRANSFERRED_MONEY,UNKNOWN
REL_004513,PERSON_0043,PERSON_1050,TRANSFERRED_MONEY,UNKNOWN
REL_004514,PERSON_0979,PERSON_1160,TRANSFERRED_MONEY,WEAK
REL_004515,PERSON_0218,PERSON_1464,TRANSFERRED_MONEY,WEAK
REL_004516,PERSON_0466,PERSON_0604,TRANSFERRED_MONEY,UNKNOWN
REL_004517,PERSON_0621,PERSON_0936,TRANSFERRED_MONEY,LIKELY
REL_004518,PERSON_0216,PERSON_1431,TRANSFERRED_MONEY,LIKELY
REL_004519,PERSON_0171,PERSON_0936,TRANSFERRED_MONEY,LIKELY
REL_004520,PERSON_0158,PERSON_0349,TRANSFERRED_MONEY,UNKNOWN
REL_004521,PERSON_1017,PERSON_1273,TRANSFERRED_MONEY,LIKELY
REL_004522,PERSON_0475,PERSON_0846,TRANSFERRED_MONEY,WEAK
REL_004523,PERSON_0502,PERSON_1169,TRANSFERRED_MONEY,UNKNOWN
REL_004524,PERSON_0356,PERSON_0799,TRANSFERRED_MONEY,WEAK
REL_004525,PERSON_0039,PERSON_0783,TRANSFERRED_MONEY,UNKNOWN
REL_004526,PERSON_0205,PERSON_0873,TRANSFERRED_MONEY,UNKNOWN
REL_004527,PERSON_0926,PERSON_1012,TRANSFERRED_MONEY,UNKNOWN
REL_004528,PERSON_0126,PERSON_1087,TRANSFERRED_MONEY,LIKELY
REL_004529,PERSON_0279,PERSON_1406,TRANSFERRED_MONEY,WEAK
REL_004530,PERSON_0088,PERSON_1187,TRANSFERRED_MONEY,LIKELY
REL_004531,PERSON_0871,PERSON_1115,TRANSFERRED_MONEY,UNKNOWN
REL_004532,PERSON_1302,PERSON_1422,TRANSFERRED_MONEY,LIKELY
REL_004533,PERSON_0024,PERSON_0706,TRANSFERRED_MONEY,UNKNOWN
REL_004534,PERSON_0557,PERSON_1440,TRANSFERRED_MONEY,WEAK
REL_004535,PERSON_0842,PERSON_1066,TRANSFERRED_MONEY,WEAK
REL_004536,PERSON_0696,PERSON_0955,TRANSFERRED_MONEY,UNKNOWN
REL_004537,PERSON_1096,PERSON_1426,TRANSFERRED_MONEY,WEAK
REL_004538,PERSON_0996,PERSON_1133,TRANSFERRED_MONEY,UNKNOWN
REL_004539,PERSON_0229,PERSON_1267,TRANSFERRED_MONEY,UNKNOWN
REL_004540,PERSON_0298,PERSON_0978,TRANSFERRED_MONEY,UNKNOWN
REL_004541,PERSON_0281,PERSON_1264,TRANSFERRED_MONEY,LIKELY
REL_004542,PERSON_0222,PERSON_0507,TRANSFERRED_MONEY,WEAK
REL_004543,PERSON_0453,PERSON_1178,TRANSFERRED_MONEY,UNKNOWN
REL_004544,PERSON_0661,PERSON_0922,TRANSFERRED_MONEY,WEAK
REL_004545,PERSON_0882,PERSON_0993,TRANSFERRED_MONEY,WEAK
REL_004546,PERSON_0874,PERSON_1266,TRANSFERRED_MONEY,WEAK
REL_004547,PERSON_0944,PERSON_1242,TRANSFERRED_MONEY,UNKNOWN
REL_004548,PERSON_1083,PERSON_1186,TRANSFERRED_MONEY,WEAK
REL_004549,PERSON_0705,PERSON_0888,TRANSFERRED_MONEY,WEAK
REL_004550,PERSON_1083,PERSON_1483,TRANSFERRED_MONEY,WEAK
REL_004551,PERSON_0178,PERSON_1300,TRANSFERRED_MONEY,LIKELY
REL_004552,PERSON_0663,PERSON_1438,TRANSFERRED_MONEY,UNKNOWN
REL_004553,PERSON_0946,PERSON_0987,TRANSFERRED_MONEY,WEAK
REL_004554,PERSON_0494,PERSON_0758,TRANSFERRED_MONEY,LIKELY
REL_004555,PERSON_0114,PERSON_0790,TRANSFERRED_MONEY,LIKELY
REL_004556,PERSON_0969,PERSON_1251,TRANSFERRED_MONEY,LIKELY
REL_004557,PERSON_0484,PERSON_0894,TRANSFERRED_MONEY,WEAK
REL_004558,PERSON_0104,PERSON_0315,TRANSFERRED_MONEY,LIKELY
REL_004559,PERSON_0864,PERSON_1145,TRANSFERRED_MONEY,WEAK
REL_004560,PERSON_0805,PERSON_0896,TRANSFERRED_MONEY,LIKELY
REL_004561,PERSON_1219,PERSON_1251,TRANSFERRED_MONEY,WEAK
REL_004562,PERSON_1395,PERSON_1482,TRANSFERRED_MONEY,LIKELY
REL_004563,PERSON_0306,PERSON_0385,TRANSFERRED_MONEY,UNKNOWN
REL_004564,PERSON_0726,PERSON_0745,TRANSFERRED_MONEY,WEAK
REL_004565,PERSON_0456,PERSON_1449,TRANSFERRED_MONEY,WEAK
REL_004566,PERSON_0328,PERSON_1221,TRANSFERRED_MONEY,WEAK
REL_004567,PERSON_0717,PERSON_0955,TRANSFERRED_MONEY,LIKELY
REL_004568,PERSON_1163,PERSON_1245,TRANSFERRED_MONEY,UNKNOWN
REL_004569,PERSON_0052,PERSON_0276,TRANSFERRED_MONEY,WEAK
REL_004570,PERSON_0725,PERSON_0900,TRANSFERRED_MONEY,WEAK
REL_004571,PERSON_0409,PERSON_0652,TRANSFERRED_MONEY,UNKNOWN
REL_004572,PERSON_0025,PERSON_1050,TRANSFERRED_MONEY,UNKNOWN
REL_004573,PERSON_0971,PERSON_1440,TRANSFERRED_MONEY,UNKNOWN
REL_004574,PERSON_0055,PERSON_1303,TRANSFERRED_MONEY,UNKNOWN
REL_004575,PERSON_0397,PERSON_0682,TRANSFERRED_MONEY,LIKELY
REL_004576,PERSON_0846,PERSON_1415,TRANSFERRED_MONEY,WEAK
REL_004577,PERSON_0318,PERSON_1448,TRANSFERRED_MONEY,WEAK
REL_004578,PERSON_0423,PERSON_1173,TRANSFERRED_MONEY,UNKNOWN
REL_004579,PERSON_0314,PERSON_0880,TRANSFERRED_MONEY,WEAK
REL_004580,PERSON_0039,PERSON_1294,TRANSFERRED_MONEY,WEAK
REL_004581,PERSON_0317,PERSON_1419,TRANSFERRED_MONEY,LIKELY
REL_004582,PERSON_0172,PERSON_0733,TRANSFERRED_MONEY,LIKELY
REL_004583,PERSON_1077,PERSON_1184,TRANSFERRED_MONEY,LIKELY
REL_004584,PERSON_1242,PERSON_1365,TRANSFERRED_MONEY,WEAK
REL_004585,PERSON_0067,PERSON_1088,TRANSFERRED_MONEY,LIKELY
REL_004586,PERSON_0946,PERSON_1352,TRANSFERRED_MONEY,LIKELY
REL_004587,PERSON_0906,PERSON_1169,TRANSFERRED_MONEY,UNKNOWN
REL_004588,PERSON_0653,PERSON_1090,TRANSFERRED_MONEY,WEAK
REL_004589,PERSON_0727,PERSON_1434,TRANSFERRED_MONEY,WEAK
REL_004590,PERSON_0302,PERSON_0631,TRANSFERRED_MONEY,WEAK
REL_004591,PERSON_0205,PERSON_0716,TRANSFERRED_MONEY,LIKELY
REL_004592,PERSON_0010,PERSON_0598,TRANSFERRED_MONEY,UNKNOWN
REL_004593,PERSON_0300,PERSON_0579,TRANSFERRED_MONEY,LIKELY
REL_004594,PERSON_0165,PERSON_0206,TRANSFERRED_MONEY,WEAK
REL_004595,PERSON_1237,PERSON_1401,TRANSFERRED_MONEY,UNKNOWN
REL_004596,PERSON_0141,PERSON_0319,TRANSFERRED_MONEY,UNKNOWN
REL_004597,PERSON_1140,PERSON_1209,TRANSFERRED_MONEY,LIKELY
REL_004598,PERSON_0198,PERSON_0964,TRANSFERRED_MONEY,WEAK
REL_004599,PERSON_0154,PERSON_0325,TRANSFERRED_MONEY,UNKNOWN
REL_004600,PERSON_0027,PERSON_0218,TRANSFERRED_MONEY,LIKELY
REL_004601,PERSON_0197,PERSON_1052,TRANSFERRED_MONEY,WEAK
REL_004602,PERSON_0575,PERSON_1490,TRANSFERRED_MONEY,LIKELY
REL_004603,PERSON_1298,PERSON_1496,TRANSFERRED_MONEY,WEAK
REL_004604,PERSON_0250,PERSON_1251,TRANSFERRED_MONEY,WEAK
REL_004605,PERSON_0526,PERSON_1356,TRANSFERRED_MONEY,UNKNOWN
REL_004606,PERSON_0022,PERSON_0452,TRANSFERRED_MONEY,UNKNOWN
REL_004607,PERSON_0371,PERSON_0534,TRANSFERRED_MONEY,UNKNOWN
REL_004608,PERSON_0639,PERSON_0789,TRANSFERRED_MONEY,LIKELY
REL_004609,PERSON_0548,PERSON_0689,TRANSFERRED_MONEY,LIKELY
REL_004610,PERSON_1068,PERSON_1206,TRANSFERRED_MONEY,WEAK
REL_004611,PERSON_0463,PERSON_1296,TRANSFERRED_MONEY,UNKNOWN
REL_004612,PERSON_0133,PERSON_0527,TRANSFERRED_MONEY,LIKELY
REL_004613,PERSON_0109,PERSON_0347,TRANSFERRED_MONEY,UNKNOWN
REL_004614,PERSON_0383,PERSON_0907,TRANSFERRED_MONEY,UNKNOWN
REL_004615,PERSON_0594,PERSON_1125,TRANSFERRED_MONEY,WEAK
REL_004616,PERSON_0677,PERSON_1117,TRANSFERRED_MONEY,WEAK
REL_004617,PERSON_0938,PERSON_1274,TRANSFERRED_MONEY,WEAK
REL_004618,PERSON_0523,PERSON_1252,TRANSFERRED_MONEY,UNKNOWN
REL_004619,PERSON_0519,PERSON_1336,TRANSFERRED_MONEY,LIKELY
REL_004620,PERSON_0167,PERSON_0366,TRANSFERRED_MONEY,WEAK
REL_004621,PERSON_0064,PERSON_0983,TRANSFERRED_MONEY,LIKELY
REL_004622,PERSON_0807,PERSON_1091,TRANSFERRED_MONEY,WEAK
REL_004623,PERSON_0023,PERSON_0301,TRANSFERRED_MONEY,UNKNOWN
REL_004624,PERSON_0395,PERSON_1221,TRANSFERRED_MONEY,WEAK
REL_004625,PERSON_0849,PERSON_0987,TRANSFERRED_MONEY,LIKELY
REL_004626,PERSON_0025,PERSON_1459,TRANSFERRED_MONEY,WEAK
REL_004627,PERSON_0677,PERSON_1334,TRANSFERRED_MONEY,UNKNOWN
REL_004628,PERSON_0141,PERSON_1336,TRANSFERRED_MONEY,WEAK
REL_004629,PERSON_0199,PERSON_1428,TRANSFERRED_MONEY,WEAK
REL_004630,PERSON_0109,PERSON_1172,TRANSFERRED_MONEY,LIKELY
REL_004631,PERSON_0682,PERSON_0709,TRANSFERRED_MONEY,LIKELY
REL_004632,PERSON_0535,PERSON_1104,TRANSFERRED_MONEY,WEAK
REL_004633,PERSON_1181,PERSON_1343,TRANSFERRED_MONEY,LIKELY
REL_004634,PERSON_0327,PERSON_1293,TRANSFERRED_MONEY,LIKELY
REL_004635,PERSON_0064,PERSON_0652,TRANSFERRED_MONEY,UNKNOWN
REL_004636,PERSON_0131,PERSON_0369,TRANSFERRED_MONEY,WEAK
REL_004637,PERSON_0366,PERSON_0914,TRANSFERRED_MONEY,UNKNOWN
REL_004638,PERSON_0416,PERSON_1498,TRANSFERRED_MONEY,UNKNOWN
REL_004639,PERSON_0131,PERSON_1317,TRANSFERRED_MONEY,UNKNOWN
REL_004640,PERSON_0081,PERSON_0149,TRANSFERRED_MONEY,LIKELY
REL_004641,PERSON_0301,PERSON_0547,TRANSFERRED_MONEY,UNKNOWN
REL_004642,PERSON_0241,PERSON_1384,TRANSFERRED_MONEY,UNKNOWN
REL_004643,PERSON_0332,PERSON_0805,TRANSFERRED_MONEY,LIKELY
REL_004644,PERSON_0879,PERSON_1174,TRANSFERRED_MONEY,WEAK
REL_004645,PERSON_1166,PERSON_1313,TRANSFERRED_MONEY,WEAK
REL_004646,PERSON_0111,PERSON_1271,TRANSFERRED_MONEY,UNKNOWN
REL_004647,PERSON_0454,PERSON_0689,TRANSFERRED_MONEY,UNKNOWN
REL_004648,PERSON_0023,PERSON_1335,TRANSFERRED_MONEY,UNKNOWN
REL_004649,PERSON_0370,PERSON_1300,TRANSFERRED_MONEY,UNKNOWN
REL_004650,PERSON_0139,PERSON_0408,TRANSFERRED_MONEY,WEAK
REL_004651,PERSON_0857,PERSON_1003,TRANSFERRED_MONEY,LIKELY
REL_004652,PERSON_1074,PERSON_1105,TRANSFERRED_MONEY,WEAK
REL_004653,PERSON_0526,PERSON_1468,TRANSFERRED_MONEY,UNKNOWN
REL_004654,PERSON_0948,PERSON_1262,TRANSFERRED_MONEY,WEAK
REL_004655,PERSON_0207,PERSON_0266,TRANSFERRED_MONEY,LIKELY
REL_004656,PERSON_0736,PERSON_0779,TRANSFERRED_MONEY,UNKNOWN
REL_004657,PERSON_0858,PERSON_1009,TRANSFERRED_MONEY,WEAK
REL_004658,PERSON_1007,PERSON_1207,TRANSFERRED_MONEY,LIKELY
REL_004659,PERSON_0433,PERSON_0788,TRANSFERRED_MONEY,LIKELY
REL_004660,PERSON_0047,PERSON_1283,TRANSFERRED_MONEY,UNKNOWN
REL_004661,PERSON_0229,PERSON_0587,TRANSFERRED_MONEY,LIKELY
REL_004662,PERSON_0111,PERSON_0256,TRANSFERRED_MONEY,UNKNOWN
REL_004663,PERSON_0979,PERSON_1307,TRANSFERRED_MONEY,UNKNOWN
REL_004664,PERSON_0563,PERSON_0839,TRANSFERRED_MONEY,UNKNOWN
REL_004665,PERSON_0306,PERSON_1248,TRANSFERRED_MONEY,UNKNOWN
REL_004666,PERSON_0326,PERSON_0982,TRANSFERRED_MONEY,WEAK
REL_004667,PERSON_0427,PERSON_1347,TRANSFERRED_MONEY,WEAK
REL_004668,PERSON_0527,PERSON_1129,TRANSFERRED_MONEY,WEAK
REL_004669,PERSON_0949,PERSON_1196,TRANSFERRED_MONEY,UNKNOWN
REL_004670,PERSON_0021,PERSON_1409,TRANSFERRED_MONEY,WEAK
REL_004671,PERSON_0564,PERSON_0883,TRANSFERRED_MONEY,UNKNOWN
REL_004672,PERSON_0753,PERSON_0909,TRANSFERRED_MONEY,WEAK
REL_004673,PERSON_0073,PERSON_0314,TRANSFERRED_MONEY,WEAK
REL_004674,PERSON_0018,PERSON_1317,TRANSFERRED_MONEY,WEAK
REL_004675,PERSON_0610,PERSON_0706,TRANSFERRED_MONEY,LIKELY
REL_004676,PERSON_0021,PERSON_0411,TRANSFERRED_MONEY,WEAK
REL_004677,PERSON_0135,PERSON_0944,TRANSFERRED_MONEY,LIKELY
REL_004678,PERSON_0545,PERSON_1237,TRANSFERRED_MONEY,UNKNOWN
REL_004679,PERSON_0551,PERSON_1104,TRANSFERRED_MONEY,UNKNOWN
REL_004680,PERSON_0705,PERSON_1024,TRANSFERRED_MONEY,WEAK
REL_004681,PERSON_0612,PERSON_1286,TRANSFERRED_MONEY,LIKELY
REL_004682,PERSON_1222,PERSON_1398,TRANSFERRED_MONEY,LIKELY
REL_004683,PERSON_0649,PERSON_1367,TRANSFERRED_MONEY,WEAK
REL_004684,PERSON_0061,PERSON_1280,TRANSFERRED_MONEY,WEAK
REL_004685,PERSON_0574,PERSON_1328,TRANSFERRED_MONEY,UNKNOWN
REL_004686,PERSON_0871,PERSON_0974,TRANSFERRED_MONEY,UNKNOWN
REL_004687,PERSON_0973,PERSON_1170,TRANSFERRED_MONEY,WEAK
REL_004688,PERSON_0042,PERSON_0416,TRANSFERRED_MONEY,UNKNOWN
REL_004689,PERSON_0541,PERSON_0867,TRANSFERRED_MONEY,UNKNOWN
REL_004690,PERSON_0913,PERSON_1375,TRANSFERRED_MONEY,WEAK
REL_004691,PERSON_0689,PERSON_1009,TRANSFERRED_MONEY,UNKNOWN
REL_004692,PERSON_0512,PERSON_1228,TRANSFERRED_MONEY,WEAK
REL_004693,PERSON_0100,PERSON_1346,TRANSFERRED_MONEY,WEAK
REL_004694,PERSON_0217,PERSON_0389,TRANSFERRED_MONEY,LIKELY
REL_004695,PERSON_0131,PERSON_1188,TRANSFERRED_MONEY,UNKNOWN
REL_004696,PERSON_1084,PERSON_1490,TRANSFERRED_MONEY,WEAK
REL_004697,PERSON_0451,PERSON_0811,TRANSFERRED_MONEY,WEAK
REL_004698,PERSON_0097,PERSON_1201,TRANSFERRED_MONEY,WEAK
REL_004699,PERSON_0046,PERSON_1011,TRANSFERRED_MONEY,WEAK
REL_004700,PERSON_0198,PERSON_0398,TRANSFERRED_MONEY,UNKNOWN
REL_004701,PERSON_0563,PERSON_1126,TRANSFERRED_MONEY,UNKNOWN
REL_004702,PERSON_0676,PERSON_0799,TRANSFERRED_MONEY,WEAK
REL_004703,PERSON_0203,PERSON_0225,TRANSFERRED_MONEY,LIKELY
REL_004704,PERSON_0089,PERSON_0238,TRANSFERRED_MONEY,LIKELY
REL_004705,PERSON_1056,PERSON_1104,TRANSFERRED_MONEY,UNKNOWN
REL_004706,PERSON_0743,PERSON_1266,TRANSFERRED_MONEY,WEAK
REL_004707,PERSON_0427,PERSON_1328,TRANSFERRED_MONEY,UNKNOWN
REL_004708,PERSON_0068,PERSON_1181,TRANSFERRED_MONEY,LIKELY
REL_004709,PERSON_0961,PERSON_1133,TRANSFERRED_MONEY,UNKNOWN
REL_004710,PERSON_0998,PERSON_1105,TRANSFERRED_MONEY,LIKELY
REL_004711,PERSON_0010,PERSON_0135,TRANSFERRED_MONEY,WEAK
REL_004712,PERSON_0423,PERSON_0562,TRANSFERRED_MONEY,UNKNOWN
REL_004713,PERSON_0102,PERSON_0260,TRANSFERRED_MONEY,WEAK
REL_004714,PERSON_1160,PERSON_1398,TRANSFERRED_MONEY,UNKNOWN
REL_004715,PERSON_0027,PERSON_0841,TRANSFERRED_MONEY,LIKELY
REL_004716,PERSON_0232,PERSON_1133,TRANSFERRED_MONEY,UNKNOWN
REL_004717,PERSON_0771,PERSON_1229,TRANSFERRED_MONEY,WEAK
REL_004718,PERSON_0460,PERSON_0701,TRANSFERRED_MONEY,WEAK
REL_004719,PERSON_0529,PERSON_0718,TRANSFERRED_MONEY,UNKNOWN
REL_004720,PERSON_0631,PERSON_1338,TRANSFERRED_MONEY,WEAK
REL_004721,PERSON_0087,PERSON_1083,TRANSFERRED_MONEY,UNKNOWN
REL_004722,PERSON_0149,PERSON_0685,TRANSFERRED_MONEY,UNKNOWN
REL_004723,PERSON_0458,PERSON_1011,TRANSFERRED_MONEY,WEAK
REL_004724,PERSON_0674,PERSON_1410,TRANSFERRED_MONEY,UNKNOWN
REL_004725,PERSON_0916,PERSON_1262,TRANSFERRED_MONEY,LIKELY
REL_004726,PERSON_0595,PERSON_0952,TRANSFERRED_MONEY,WEAK
REL_004727,PERSON_0190,PERSON_1202,TRANSFERRED_MONEY,UNKNOWN
REL_004728,PERSON_0869,PERSON_0977,TRANSFERRED_MONEY,UNKNOWN
REL_004729,PERSON_0528,PERSON_0678,TRANSFERRED_MONEY,LIKELY
REL_004730,PERSON_0531,PERSON_1090,TRANSFERRED_MONEY,WEAK
REL_004731,PERSON_1060,PERSON_1264,TRANSFERRED_MONEY,WEAK
REL_004732,PERSON_0071,PERSON_1398,TRANSFERRED_MONEY,LIKELY
REL_004733,PERSON_0599,PERSON_1065,TRANSFERRED_MONEY,UNKNOWN
REL_004734,PERSON_0321,PERSON_0667,TRANSFERRED_MONEY,WEAK
REL_004735,PERSON_0443,PERSON_1426,TRANSFERRED_MONEY,UNKNOWN
REL_004736,PERSON_0265,PERSON_0673,TRANSFERRED_MONEY,UNKNOWN
REL_004737,PERSON_0272,PERSON_0456,TRANSFERRED_MONEY,UNKNOWN
REL_004738,PERSON_0423,PERSON_1204,TRANSFERRED_MONEY,WEAK
REL_004739,PERSON_1196,PERSON_1307,TRANSFERRED_MONEY,WEAK
REL_004740,PERSON_0699,PERSON_1400,TRANSFERRED_MONEY,UNKNOWN
REL_004741,PERSON_0100,PERSON_1286,TRANSFERRED_MONEY,UNKNOWN
REL_004742,PERSON_0097,PERSON_0316,TRANSFERRED_MONEY,LIKELY
REL_004743,PERSON_0413,PERSON_1334,TRANSFERRED_MONEY,WEAK
REL_004744,PERSON_0674,PERSON_0705,TRANSFERRED_MONEY,WEAK
REL_004745,PERSON_1213,PERSON_1273,TRANSFERRED_MONEY,WEAK
REL_004746,PERSON_0526,PERSON_0563,TRANSFERRED_MONEY,WEAK
REL_004747,PERSON_1133,PERSON_1419,TRANSFERRED_MONEY,WEAK
REL_004748,PERSON_0701,PERSON_0938,TRANSFERRED_MONEY,LIKELY
REL_004749,PERSON_0207,PERSON_1316,TRANSFERRED_MONEY,UNKNOWN
REL_004750,PERSON_0379,PERSON_1203,TRANSFERRED_MONEY,UNKNOWN
REL_004751,PERSON_0211,PERSON_0908,TRANSFERRED_MONEY,WEAK
REL_004752,PERSON_0651,PERSON_0745,TRANSFERRED_MONEY,UNKNOWN
REL_004753,PERSON_1308,PERSON_1322,TRANSFERRED_MONEY,LIKELY
REL_004754,PERSON_1129,PERSON_1346,TRANSFERRED_MONEY,LIKELY
REL_004755,PERSON_0547,PERSON_1175,TRANSFERRED_MONEY,WEAK
REL_004756,PERSON_0708,PERSON_0931,TRANSFERRED_MONEY,UNKNOWN
REL_004757,PERSON_1365,PERSON_1476,TRANSFERRED_MONEY,UNKNOWN
REL_004758,PERSON_0102,PERSON_1119,TRANSFERRED_MONEY,WEAK
REL_004759,PERSON_0709,PERSON_1186,TRANSFERRED_MONEY,WEAK
REL_004760,PERSON_0106,PERSON_0141,TRANSFERRED_MONEY,WEAK
REL_004761,PERSON_0113,PERSON_0405,TRANSFERRED_MONEY,LIKELY
REL_004762,PERSON_0099,PERSON_0670,TRANSFERRED_MONEY,UNKNOWN
REL_004763,PERSON_0332,PERSON_0681,TRANSFERRED_MONEY,UNKNOWN
REL_004764,PERSON_0018,PERSON_0830,TRANSFERRED_MONEY,WEAK
REL_004765,PERSON_1118,PERSON_1231,TRANSFERRED_MONEY,UNKNOWN
REL_004766,PERSON_0598,PERSON_1127,TRANSFERRED_MONEY,LIKELY
REL_004767,PERSON_0110,PERSON_1179,TRANSFERRED_MONEY,UNKNOWN
REL_004768,PERSON_0469,PERSON_1349,TRANSFERRED_MONEY,LIKELY
REL_004769,PERSON_0318,PERSON_0405,TRANSFERRED_MONEY,WEAK
REL_004770,PERSON_0727,PERSON_1330,TRANSFERRED_MONEY,UNKNOWN
REL_004771,PERSON_0299,PERSON_0341,TRANSFERRED_MONEY,UNKNOWN
REL_004772,PERSON_0266,PERSON_1365,TRANSFERRED_MONEY,WEAK
REL_004773,PERSON_1047,PERSON_1318,TRANSFERRED_MONEY,WEAK
REL_004774,PERSON_0152,PERSON_1281,TRANSFERRED_MONEY,LIKELY
REL_004775,PERSON_0542,PERSON_1132,TRANSFERRED_MONEY,WEAK
REL_004776,PERSON_0770,PERSON_0914,TRANSFERRED_MONEY,UNKNOWN
REL_004777,PERSON_0161,PERSON_0393,TRANSFERRED_MONEY,UNKNOWN
REL_004778,PERSON_0046,PERSON_0052,TRANSFERRED_MONEY,WEAK
REL_004779,PERSON_0670,PERSON_1330,TRANSFERRED_MONEY,UNKNOWN
REL_004780,PERSON_0148,PERSON_1072,TRANSFERRED_MONEY,UNKNOWN
REL_004781,PERSON_0558,PERSON_1223,TRANSFERRED_MONEY,LIKELY
REL_004782,PERSON_0770,PERSON_1376,TRANSFERRED_MONEY,WEAK
REL_004783,PERSON_0206,PERSON_0333,TRANSFERRED_MONEY,WEAK
REL_004784,PERSON_0373,PERSON_0514,TRANSFERRED_MONEY,LIKELY
REL_004785,PERSON_0542,PERSON_0685,TRANSFERRED_MONEY,WEAK
REL_004786,PERSON_0047,PERSON_0562,TRANSFERRED_MONEY,LIKELY
REL_004787,PERSON_0233,PERSON_1466,TRANSFERRED_MONEY,LIKELY
REL_004788,PERSON_0718,PERSON_0757,TRANSFERRED_MONEY,WEAK
REL_004789,PERSON_0055,PERSON_1163,TRANSFERRED_MONEY,WEAK
REL_004790,PERSON_0699,PERSON_1412,TRANSFERRED_MONEY,LIKELY
REL_004791,PERSON_0974,PERSON_1082,TRANSFERRED_MONEY,LIKELY
REL_004792,PERSON_0210,PERSON_1460,TRANSFERRED_MONEY,WEAK
REL_004793,PERSON_1325,PERSON_1464,TRANSFERRED_MONEY,WEAK
REL_004794,PERSON_0484,PERSON_1327,TRANSFERRED_MONEY,LIKELY
REL_004795,PERSON_0119,PERSON_1034,TRANSFERRED_MONEY,UNKNOWN
REL_004796,PERSON_0725,PERSON_1266,TRANSFERRED_MONEY,WEAK
REL_004797,PERSON_0331,PERSON_1190,TRANSFERRED_MONEY,LIKELY
REL_004798,PERSON_0064,PERSON_1479,TRANSFERRED_MONEY,LIKELY
REL_004799,PERSON_0360,PERSON_1443,TRANSFERRED_MONEY,LIKELY
REL_004800,PERSON_0164,PERSON_0290,TRANSFERRED_MONEY,LIKELY
REL_004801,PERSON_0348,PERSON_0944,TRANSFERRED_MONEY,LIKELY
REL_004802,PERSON_0027,PERSON_0286,TRANSFERRED_MONEY,UNKNOWN
REL_004803,PERSON_0458,PERSON_0830,TRANSFERRED_MONEY,WEAK
REL_004804,PERSON_0423,PERSON_1106,TRANSFERRED_MONEY,WEAK
REL_004805,PERSON_0410,PERSON_0510,TRANSFERRED_MONEY,WEAK
REL_004806,PERSON_0021,PERSON_0962,TRANSFERRED_MONEY,LIKELY
REL_004807,PERSON_0713,PERSON_1250,TRANSFERRED_MONEY,WEAK
REL_004808,PERSON_1266,PERSON_1347,TRANSFERRED_MONEY,WEAK
REL_004809,PERSON_0300,PERSON_0975,TRANSFERRED_MONEY,UNKNOWN
REL_004810,PERSON_0347,PERSON_0490,TRANSFERRED_MONEY,WEAK
REL_004811,PERSON_0688,PERSON_1460,TRANSFERRED_MONEY,UNKNOWN
REL_004812,PERSON_1104,PERSON_1175,TRANSFERRED_MONEY,UNKNOWN
REL_004813,PERSON_0267,PERSON_0620,TRANSFERRED_MONEY,WEAK
REL_004814,PERSON_0987,PERSON_0993,TRANSFERRED_MONEY,LIKELY
REL_004815,PERSON_0783,PERSON_0907,TRANSFERRED_MONEY,WEAK
REL_004816,PERSON_0029,PERSON_1295,TRANSFERRED_MONEY,UNKNOWN
REL_004817,PERSON_0018,PERSON_0128,TRANSFERRED_MONEY,WEAK
REL_004818,PERSON_1059,PERSON_1485,TRANSFERRED_MONEY,UNKNOWN
REL_004819,PERSON_0548,PERSON_1369,TRANSFERRED_MONEY,LIKELY
REL_004820,PERSON_0945,PERSON_1417,TRANSFERRED_MONEY,UNKNOWN
REL_004821,PERSON_0549,PERSON_1498,TRANSFERRED_MONEY,LIKELY
REL_004822,PERSON_0333,PERSON_1031,TRANSFERRED_MONEY,LIKELY
REL_004823,PERSON_0264,PERSON_0700,TRANSFERRED_MONEY,UNKNOWN
REL_004824,PERSON_0106,PERSON_0922,TRANSFERRED_MONEY,UNKNOWN
REL_004825,PERSON_0047,PERSON_0649,TRANSFERRED_MONEY,UNKNOWN
REL_004826,PERSON_0998,PERSON_1223,TRANSFERRED_MONEY,LIKELY
REL_004827,PERSON_0803,PERSON_1367,TRANSFERRED_MONEY,WEAK
REL_004828,PERSON_1116,PERSON_1356,TRANSFERRED_MONEY,WEAK
REL_004829,PERSON_0904,PERSON_1129,TRANSFERRED_MONEY,WEAK
REL_004830,PERSON_0043,PERSON_0869,TRANSFERRED_MONEY,WEAK
REL_004831,PERSON_0879,PERSON_1459,TRANSFERRED_MONEY,WEAK
REL_004832,PERSON_0316,PERSON_0962,TRANSFERRED_MONEY,WEAK
REL_004833,PERSON_1116,PERSON_1389,TRANSFERRED_MONEY,UNKNOWN
REL_004834,PERSON_0269,PERSON_0882,TRANSFERRED_MONEY,LIKELY
REL_004835,PERSON_0153,PERSON_0900,TRANSFERRED_MONEY,UNKNOWN
REL_004836,PERSON_0725,PERSON_0852,TRANSFERRED_MONEY,LIKELY
REL_004837,PERSON_1202,PERSON_1483,TRANSFERRED_MONEY,LIKELY
REL_004838,PERSON_0050,PERSON_1110,TRANSFERRED_MONEY,LIKELY
REL_004839,PERSON_0400,PERSON_0993,TRANSFERRED_MONEY,LIKELY
REL_004840,PERSON_0107,PERSON_0180,TRANSFERRED_MONEY,WEAK
REL_004841,PERSON_0389,PERSON_1034,TRANSFERRED_MONEY,UNKNOWN
REL_004842,PERSON_0081,PERSON_1436,TRANSFERRED_MONEY,LIKELY
REL_004843,PERSON_0986,PERSON_1333,TRANSFERRED_MONEY,WEAK
REL_004844,PERSON_0355,PERSON_0880,TRANSFERRED_MONEY,WEAK
REL_004845,PERSON_0874,PERSON_1468,TRANSFERRED_MONEY,WEAK
REL_004846,PERSON_0956,PERSON_1125,TRANSFERRED_MONEY,UNKNOWN
REL_004847,PERSON_0983,PERSON_1262,TRANSFERRED_MONEY,UNKNOWN
REL_004848,PERSON_0164,PERSON_0467,TRANSFERRED_MONEY,UNKNOWN
REL_004849,PERSON_0219,PERSON_0756,TRANSFERRED_MONEY,UNKNOWN
REL_004850,PERSON_0142,PERSON_1380,TRANSFERRED_MONEY,LIKELY
REL_004851,PERSON_0061,PERSON_1175,TRANSFERRED_MONEY,LIKELY
REL_004852,PERSON_0146,PERSON_0766,TRANSFERRED_MONEY,UNKNOWN
REL_004853,PERSON_0285,PERSON_0337,TRANSFERRED_MONEY,LIKELY
REL_004854,PERSON_0023,PERSON_0299,TRANSFERRED_MONEY,WEAK
REL_004855,PERSON_0612,PERSON_1343,TRANSFERRED_MONEY,UNKNOWN
REL_004856,PERSON_0378,PERSON_0973,TRANSFERRED_MONEY,UNKNOWN
REL_004857,PERSON_0339,PERSON_0351,TRANSFERRED_MONEY,UNKNOWN
REL_004858,PERSON_0669,PERSON_1461,TRANSFERRED_MONEY,LIKELY
REL_004859,PERSON_0443,PERSON_1088,TRANSFERRED_MONEY,UNKNOWN
REL_004860,PERSON_0494,PERSON_1012,TRANSFERRED_MONEY,UNKNOWN
REL_004861,PERSON_0588,PERSON_1253,TRANSFERRED_MONEY,UNKNOWN
REL_004862,PERSON_0528,PERSON_1091,TRANSFERRED_MONEY,LIKELY
REL_004863,PERSON_0026,PERSON_0859,TRANSFERRED_MONEY,WEAK
REL_004864,PERSON_0658,PERSON_1264,TRANSFERRED_MONEY,LIKELY
REL_004865,PERSON_0780,PERSON_1076,TRANSFERRED_MONEY,WEAK
REL_004866,PERSON_0416,PERSON_0862,TRANSFERRED_MONEY,WEAK
REL_004867,PERSON_1426,PERSON_1431,TRANSFERRED_MONEY,UNKNOWN
REL_004868,PERSON_0311,PERSON_0894,TRANSFERRED_MONEY,UNKNOWN
REL_004869,PERSON_0446,PERSON_0842,TRANSFERRED_MONEY,UNKNOWN
REL_004870,PERSON_0673,PERSON_0752,TRANSFERRED_MONEY,LIKELY
REL_004871,PERSON_0829,PERSON_1110,TRANSFERRED_MONEY,UNKNOWN
REL_004872,PERSON_1106,PERSON_1352,TRANSFERRED_MONEY,LIKELY
REL_004873,PERSON_0548,PERSON_1174,TRANSFERRED_MONEY,WEAK
REL_004874,PERSON_1262,PERSON_1465,TRANSFERRED_MONEY,UNKNOWN
REL_004875,PERSON_0076,PERSON_0971,TRANSFERRED_MONEY,WEAK
REL_004876,PERSON_0801,PERSON_1233,TRANSFERRED_MONEY,LIKELY
REL_004877,PERSON_0072,PERSON_0468,TRANSFERRED_MONEY,LIKELY
REL_004878,PERSON_0982,PERSON_1071,TRANSFERRED_MONEY,UNKNOWN
REL_004879,PERSON_0689,PERSON_1227,TRANSFERRED_MONEY,UNKNOWN
REL_004880,PERSON_0379,PERSON_0549,TRANSFERRED_MONEY,UNKNOWN
REL_004881,PERSON_0219,PERSON_0894,TRANSFERRED_MONEY,UNKNOWN
REL_004882,PERSON_0814,PERSON_0880,TRANSFERRED_MONEY,UNKNOWN
REL_004883,PERSON_0721,PERSON_0914,TRANSFERRED_MONEY,LIKELY
REL_004884,PERSON_0084,PERSON_0800,TRANSFERRED_MONEY,WEAK
REL_004885,PERSON_0048,PERSON_0719,TRANSFERRED_MONEY,UNKNOWN
REL_004886,PERSON_1365,PERSON_1436,TRANSFERRED_MONEY,WEAK
REL_004887,PERSON_0203,PERSON_1169,TRANSFERRED_MONEY,WEAK
REL_004888,PERSON_0096,PERSON_0273,TRANSFERRED_MONEY,UNKNOWN
REL_004889,PERSON_0909,PERSON_1327,TRANSFERRED_MONEY,WEAK
REL_004890,PERSON_0046,PERSON_0512,TRANSFERRED_MONEY,LIKELY
REL_004891,PERSON_0163,PERSON_0445,TRANSFERRED_MONEY,UNKNOWN
REL_004892,PERSON_0052,PERSON_0316,TRANSFERRED_MONEY,UNKNOWN
REL_004893,PERSON_0203,PERSON_1364,TRANSFERRED_MONEY,WEAK
REL_004894,PERSON_1188,PERSON_1464,TRANSFERRED_MONEY,LIKELY
REL_004895,PERSON_0805,PERSON_1380,TRANSFERRED_MONEY,WEAK
REL_004896,PERSON_0946,PERSON_0973,TRANSFERRED_MONEY,UNKNOWN
REL_004897,PERSON_0032,PERSON_0864,TRANSFERRED_MONEY,WEAK
REL_004898,PERSON_0065,PERSON_0331,TRANSFERRED_MONEY,LIKELY
REL_004899,PERSON_0463,PERSON_1422,TRANSFERRED_MONEY,WEAK
REL_004900,PERSON_0005,PERSON_0132,TRANSFERRED_MONEY,WEAK
REL_004901,PERSON_0057,PERSON_1009,TRANSFERRED_MONEY,LIKELY
REL_004902,PERSON_0072,PERSON_0385,TRANSFERRED_MONEY,LIKELY
REL_004903,PERSON_0386,PERSON_1310,TRANSFERRED_MONEY,WEAK
REL_004904,PERSON_0250,PERSON_0442,TRANSFERRED_MONEY,WEAK
REL_004905,PERSON_0068,PERSON_0740,TRANSFERRED_MONEY,UNKNOWN
REL_004906,PERSON_0634,PERSON_1131,TRANSFERRED_MONEY,UNKNOWN
REL_004907,PERSON_1146,PERSON_1335,TRANSFERRED_MONEY,UNKNOWN
REL_004908,PERSON_0694,PERSON_0849,TRANSFERRED_MONEY,UNKNOWN
REL_004909,PERSON_0643,PERSON_0838,TRANSFERRED_MONEY,WEAK
REL_004910,PERSON_0123,PERSON_0295,TRANSFERRED_MONEY,LIKELY
REL_004911,PERSON_0916,PERSON_1118,TRANSFERRED_MONEY,WEAK
REL_004912,PERSON_0307,PERSON_1196,TRANSFERRED_MONEY,LIKELY
REL_004913,PERSON_1334,PERSON_1369,TRANSFERRED_MONEY,WEAK
REL_004914,PERSON_1219,PERSON_1310,TRANSFERRED_MONEY,WEAK
REL_004915,PERSON_0072,PERSON_0095,TRANSFERRED_MONEY,WEAK
REL_004916,PERSON_0456,PERSON_1060,TRANSFERRED_MONEY,LIKELY
REL_004917,PERSON_0306,PERSON_1231,TRANSFERRED_MONEY,UNKNOWN
REL_004918,PERSON_0247,PERSON_1461,TRANSFERRED_MONEY,LIKELY
REL_004919,PERSON_0172,PERSON_0674,TRANSFERRED_MONEY,WEAK
REL_004920,PERSON_0064,PERSON_0278,TRANSFERRED_MONEY,LIKELY
REL_004921,PERSON_1264,PERSON_1325,TRANSFERRED_MONEY,UNKNOWN
REL_004922,PERSON_1140,PERSON_1238,TRANSFERRED_MONEY,LIKELY
REL_004923,PERSON_0345,PERSON_1196,TRANSFERRED_MONEY,UNKNOWN
REL_004924,PERSON_0233,PERSON_1349,TRANSFERRED_MONEY,WEAK
REL_004925,PERSON_0361,PERSON_0735,TRANSFERRED_MONEY,UNKNOWN
REL_004926,PERSON_0081,PERSON_0527,TRANSFERRED_MONEY,UNKNOWN
REL_004927,PERSON_0378,PERSON_0500,TRANSFERRED_MONEY,UNKNOWN
REL_004928,PERSON_0371,PERSON_1082,TRANSFERRED_MONEY,UNKNOWN
REL_004929,PERSON_0908,PERSON_1229,TRANSFERRED_MONEY,LIKELY
REL_004930,PERSON_0974,PERSON_1231,TRANSFERRED_MONEY,WEAK
REL_004931,PERSON_0562,PERSON_1046,TRANSFERRED_MONEY,WEAK
REL_004932,PERSON_0748,PERSON_0913,TRANSFERRED_MONEY,LIKELY
REL_004933,PERSON_0864,PERSON_1449,TRANSFERRED_MONEY,WEAK
REL_004934,PERSON_0618,PERSON_1268,TRANSFERRED_MONEY,WEAK
REL_004935,PERSON_1412,PERSON_1420,TRANSFERRED_MONEY,UNKNOWN
REL_004936,PERSON_1269,PERSON_1335,TRANSFERRED_MONEY,WEAK
REL_004937,PERSON_0314,PERSON_1107,TRANSFERRED_MONEY,LIKELY
REL_004938,PERSON_0218,PERSON_1353,TRANSFERRED_MONEY,UNKNOWN
REL_004939,PERSON_1267,PERSON_1367,TRANSFERRED_MONEY,UNKNOWN
REL_004940,PERSON_0308,PERSON_1345,TRANSFERRED_MONEY,LIKELY
REL_004941,PERSON_0807,PERSON_1322,TRANSFERRED_MONEY,WEAK
REL_004942,PERSON_0906,PERSON_1358,TRANSFERRED_MONEY,LIKELY
REL_004943,PERSON_0716,PERSON_1125,TRANSFERRED_MONEY,UNKNOWN
REL_004944,PERSON_0084,PERSON_1219,TRANSFERRED_MONEY,LIKELY
REL_004945,PERSON_1080,PERSON_1459,TRANSFERRED_MONEY,WEAK
REL_004946,PERSON_0386,PERSON_1012,TRANSFERRED_MONEY,WEAK
REL_004947,PERSON_0886,PERSON_1008,TRANSFERRED_MONEY,LIKELY
REL_004948,PERSON_0279,PERSON_0650,TRANSFERRED_MONEY,LIKELY
REL_004949,PERSON_0397,PERSON_1319,TRANSFERRED_MONEY,WEAK
REL_004950,PERSON_0748,PERSON_1060,TRANSFERRED_MONEY,WEAK
REL_004951,PERSON_0373,PERSON_1160,TRANSFERRED_MONEY,WEAK
REL_004952,PERSON_1091,PERSON_1243,TRANSFERRED_MONEY,UNKNOWN
REL_004953,PERSON_0295,PERSON_1096,TRANSFERRED_MONEY,WEAK
REL_004954,PERSON_0747,PERSON_1027,TRANSFERRED_MONEY,UNKNOWN
REL_004955,PERSON_0073,PERSON_0814,TRANSFERRED_MONEY,WEAK
REL_004956,PERSON_1184,PERSON_1193,TRANSFERRED_MONEY,LIKELY
REL_004957,PERSON_0013,PERSON_1024,TRANSFERRED_MONEY,LIKELY
REL_004958,PERSON_0298,PERSON_0511,TRANSFERRED_MONEY,WEAK
REL_004959,PERSON_0714,PERSON_1095,TRANSFERRED_MONEY,LIKELY
REL_004960,PERSON_0714,PERSON_0842,TRANSFERRED_MONEY,WEAK
REL_004961,PERSON_0133,PERSON_0784,TRANSFERRED_MONEY,WEAK
REL_004962,PERSON_0250,PERSON_0348,TRANSFERRED_MONEY,UNKNOWN
REL_004963,PERSON_0025,PERSON_0371,TRANSFERRED_MONEY,LIKELY
REL_004964,PERSON_0756,PERSON_1219,TRANSFERRED_MONEY,WEAK
REL_004965,PERSON_0341,PERSON_0611,TRANSFERRED_MONEY,LIKELY
REL_004966,PERSON_0119,PERSON_1172,TRANSFERRED_MONEY,LIKELY
REL_004967,PERSON_0067,PERSON_0469,TRANSFERRED_MONEY,WEAK
REL_004968,PERSON_0050,PERSON_1027,TRANSFERRED_MONEY,WEAK
REL_004969,PERSON_0210,PERSON_0562,TRANSFERRED_MONEY,UNKNOWN
REL_004970,PERSON_0336,PERSON_1209,TRANSFERRED_MONEY,WEAK
REL_004971,PERSON_0849,PERSON_0894,TRANSFERRED_MONEY,WEAK
REL_004972,PERSON_0364,PERSON_1045,TRANSFERRED_MONEY,WEAK
REL_004973,PERSON_0386,PERSON_0994,TRANSFERRED_MONEY,WEAK
REL_004974,PERSON_1349,PERSON_1353,TRANSFERRED_MONEY,WEAK
REL_004975,PERSON_0314,PERSON_1273,TRANSFERRED_MONEY,UNKNOWN
REL_004976,PERSON_0705,PERSON_1269,TRANSFERRED_MONEY,UNKNOWN
REL_004977,PERSON_0485,PERSON_1064,TRANSFERRED_MONEY,LIKELY
REL_004978,PERSON_0769,PERSON_1428,TRANSFERRED_MONEY,UNKNOWN
REL_004979,PERSON_0363,PERSON_0534,TRANSFERRED_MONEY,UNKNOWN
REL_004980,PERSON_0961,PERSON_1158,TRANSFERRED_MONEY,LIKELY
REL_004981,PERSON_0316,PERSON_0557,TRANSFERRED_MONEY,UNKNOWN
REL_004982,PERSON_0906,PERSON_1193,TRANSFERRED_MONEY,UNKNOWN
REL_004983,PERSON_0050,PERSON_0636,TRANSFERRED_MONEY,WEAK
REL_004984,PERSON_0049,PERSON_0139,TRANSFERRED_MONEY,LIKELY
REL_004985,PERSON_0469,PERSON_0899,TRANSFERRED_MONEY,WEAK
REL_004986,PERSON_0347,PERSON_1490,TRANSFERRED_MONEY,UNKNOWN
REL_004987,PERSON_0572,PERSON_0759,TRANSFERRED_MONEY,WEAK
REL_004988,PERSON_0883,PERSON_1496,TRANSFERRED_MONEY,WEAK
REL_004989,PERSON_0088,PERSON_0337,TRANSFERRED_MONEY,UNKNOWN
REL_004990,PERSON_0946,PERSON_1316,TRANSFERRED_MONEY,WEAK
REL_004991,PERSON_0769,PERSON_1035,TRANSFERRED_MONEY,LIKELY
REL_004992,PERSON_0067,PERSON_0531,TRANSFERRED_MONEY,WEAK
REL_004993,PERSON_0994,PERSON_1412,TRANSFERRED_MONEY,WEAK
REL_004994,PERSON_0380,PERSON_0756,TRANSFERRED_MONEY,WEAK
REL_004995,PERSON_0325,PERSON_0355,TRANSFERRED_MONEY,WEAK
REL_004996,PERSON_0378,PERSON_0807,TRANSFERRED_MONEY,UNKNOWN
REL_004997,PERSON_1008,PERSON_1160,TRANSFERRED_MONEY,WEAK
REL_004998,PERSON_0766,PERSON_1401,TRANSFERRED_MONEY,WEAK
REL_004999,PERSON_0743,PERSON_1226,TRANSFERRED_MONEY,UNKNOWN
REL_005000,PERSON_0049,PERSON_0195,TRANSFERRED_MONEY,UNKNOWN
REL_005001,PERSON_0106,PERSON_0392,TRANSFERRED_MONEY,UNKNOWN
REL_005002,PERSON_0307,PERSON_0916,TRANSFERRED_MONEY,UNKNOWN
REL_005003,PERSON_0376,PERSON_0862,TRANSFERRED_MONEY,WEAK
REL_005004,PERSON_0456,PERSON_1184,TRANSFERRED_MONEY,WEAK
REL_005005,PERSON_0882,PERSON_1217,TRANSFERRED_MONEY,UNKNOWN
REL_005006,PERSON_0132,PERSON_0698,TRANSFERRED_MONEY,WEAK
REL_005007,PERSON_0083,PERSON_0607,TRANSFERRED_MONEY,UNKNOWN
REL_005008,PERSON_0874,PERSON_1157,TRANSFERRED_MONEY,LIKELY
REL_005009,PERSON_0326,PERSON_1334,TRANSFERRED_MONEY,UNKNOWN
REL_005010,PERSON_0557,PERSON_0741,TRANSFERRED_MONEY,UNKNOWN
REL_005011,PERSON_0241,PERSON_0466,TRANSFERRED_MONEY,UNKNOWN
REL_005012,PERSON_0763,PERSON_1384,TRANSFERRED_MONEY,LIKELY
REL_005013,PERSON_0201,PERSON_0684,TRANSFERRED_MONEY,WEAK
REL_005014,PERSON_1263,PERSON_1356,TRANSFERRED_MONEY,UNKNOWN
REL_005015,PERSON_0748,PERSON_0903,TRANSFERRED_MONEY,UNKNOWN
REL_005016,PERSON_0048,PERSON_0069,TRANSFERRED_MONEY,LIKELY
REL_005017,PERSON_0208,PERSON_0709,TRANSFERRED_MONEY,LIKELY
REL_005018,PERSON_0356,PERSON_0507,TRANSFERRED_MONEY,WEAK
REL_005019,PERSON_0084,PERSON_0993,TRANSFERRED_MONEY,LIKELY
REL_005020,PERSON_0944,PERSON_1339,TRANSFERRED_MONEY,WEAK
REL_005021,PERSON_0123,PERSON_1264,TRANSFERRED_MONEY,LIKELY
REL_005022,PERSON_0405,PERSON_0726,TRANSFERRED_MONEY,UNKNOWN
REL_005023,PERSON_0242,PERSON_0839,TRANSFERRED_MONEY,WEAK
REL_005024,PERSON_0716,PERSON_1271,TRANSFERRED_MONEY,UNKNOWN
REL_005025,PERSON_0831,PERSON_1125,TRANSFERRED_MONEY,UNKNOWN
REL_005026,PERSON_1188,PERSON_1204,TRANSFERRED_MONEY,WEAK
REL_005027,PERSON_0460,PERSON_0511,TRANSFERRED_MONEY,WEAK
REL_005028,PERSON_0619,PERSON_0861,TRANSFERRED_MONEY,WEAK
REL_005029,PERSON_0531,PERSON_1207,TRANSFERRED_MONEY,LIKELY
REL_005030,PERSON_0067,PERSON_1261,TRANSFERRED_MONEY,WEAK
REL_005031,PERSON_0110,PERSON_1146,TRANSFERRED_MONEY,WEAK
REL_005032,PERSON_0854,PERSON_1268,TRANSFERRED_MONEY,WEAK
REL_005033,PERSON_0047,PERSON_0384,TRANSFERRED_MONEY,LIKELY
REL_005034,PERSON_0811,PERSON_1429,TRANSFERRED_MONEY,LIKELY
REL_005035,PERSON_0677,PERSON_1500,TRANSFERRED_MONEY,UNKNOWN
REL_005036,PERSON_0214,PERSON_0745,TRANSFERRED_MONEY,LIKELY
REL_005037,PERSON_0622,PERSON_0641,TRANSFERRED_MONEY,LIKELY
REL_005038,PERSON_0076,PERSON_0097,TRANSFERRED_MONEY,UNKNOWN
REL_005039,PERSON_1363,PERSON_1476,TRANSFERRED_MONEY,LIKELY
REL_005040,PERSON_0563,PERSON_1476,TRANSFERRED_MONEY,WEAK
REL_005041,PERSON_1151,PERSON_1228,TRANSFERRED_MONEY,WEAK
REL_005042,PERSON_0456,PERSON_0904,TRANSFERRED_MONEY,WEAK
REL_005043,PERSON_0518,PERSON_1274,TRANSFERRED_MONEY,WEAK
REL_005044,PERSON_0174,PERSON_0620,TRANSFERRED_MONEY,LIKELY
REL_005045,PERSON_0119,PERSON_0735,TRANSFERRED_MONEY,UNKNOWN
REL_005046,PERSON_1460,PERSON_1482,TRANSFERRED_MONEY,UNKNOWN
REL_005047,PERSON_0205,PERSON_0934,TRANSFERRED_MONEY,UNKNOWN
REL_005048,PERSON_0552,PERSON_1469,TRANSFERRED_MONEY,WEAK
REL_005049,PERSON_0938,PERSON_0985,TRANSFERRED_MONEY,LIKELY
REL_005050,PERSON_0039,PERSON_1261,TRANSFERRED_MONEY,LIKELY
REL_005051,PERSON_0427,PERSON_1366,TRANSFERRED_MONEY,WEAK
REL_005052,PERSON_0465,PERSON_0796,TRANSFERRED_MONEY,WEAK
REL_005053,PERSON_0871,PERSON_0975,TRANSFERRED_MONEY,UNKNOWN
REL_005054,PERSON_0631,PERSON_0656,TRANSFERRED_MONEY,UNKNOWN
REL_005055,PERSON_0510,PERSON_0726,TRANSFERRED_MONEY,WEAK
REL_005056,PERSON_0316,PERSON_1222,TRANSFERRED_MONEY,WEAK
REL_005057,PERSON_1181,PERSON_1376,TRANSFERRED_MONEY,UNKNOWN
REL_005058,PERSON_0785,PERSON_0874,TRANSFERRED_MONEY,LIKELY
REL_005059,PERSON_0114,PERSON_0660,TRANSFERRED_MONEY,LIKELY
REL_005060,PERSON_0022,PERSON_0900,TRANSFERRED_MONEY,LIKELY
REL_005061,PERSON_0340,PERSON_0726,TRANSFERRED_MONEY,UNKNOWN
REL_005062,PERSON_0095,PERSON_1252,TRANSFERRED_MONEY,WEAK
REL_005063,PERSON_0423,PERSON_0957,TRANSFERRED_MONEY,UNKNOWN
REL_005064,PERSON_0284,PERSON_0803,TRANSFERRED_MONEY,UNKNOWN
REL_005065,PERSON_0458,PERSON_0701,TRANSFERRED_MONEY,LIKELY
REL_005066,PERSON_0027,PERSON_0914,TRANSFERRED_MONEY,WEAK
REL_005067,PERSON_0667,PERSON_0986,TRANSFERRED_MONEY,UNKNOWN
REL_005068,PERSON_0671,PERSON_0725,TRANSFERRED_MONEY,UNKNOWN
REL_005069,PERSON_0211,PERSON_0301,TRANSFERRED_MONEY,WEAK
REL_005070,PERSON_1022,PERSON_1225,TRANSFERRED_MONEY,UNKNOWN
REL_005071,PERSON_0814,PERSON_0908,TRANSFERRED_MONEY,LIKELY
REL_005072,PERSON_0049,PERSON_1464,TRANSFERRED_MONEY,LIKELY
REL_005073,PERSON_0299,PERSON_1360,TRANSFERRED_MONEY,UNKNOWN
REL_005074,PERSON_0846,PERSON_0869,TRANSFERRED_MONEY,LIKELY
REL_005075,PERSON_0349,PERSON_1196,TRANSFERRED_MONEY,WEAK
REL_005076,PERSON_0009,PERSON_1268,TRANSFERRED_MONEY,LIKELY
REL_005077,PERSON_0842,PERSON_1054,TRANSFERRED_MONEY,LIKELY
REL_005078,PERSON_0148,PERSON_1434,TRANSFERRED_MONEY,LIKELY
REL_005079,PERSON_0168,PERSON_1322,TRANSFERRED_MONEY,WEAK
REL_005080,PERSON_0811,PERSON_1190,TRANSFERRED_MONEY,UNKNOWN
REL_005081,PERSON_0126,PERSON_0405,TRANSFERRED_MONEY,LIKELY
REL_005082,PERSON_0534,PERSON_0725,TRANSFERRED_MONEY,UNKNOWN
REL_005083,PERSON_1295,PERSON_1463,TRANSFERRED_MONEY,UNKNOWN
REL_005084,PERSON_0961,PERSON_0978,TRANSFERRED_MONEY,WEAK
REL_005085,PERSON_0886,PERSON_1352,TRANSFERRED_MONEY,LIKELY
REL_005086,PERSON_0636,PERSON_0639,TRANSFERRED_MONEY,WEAK
REL_005087,PERSON_0612,PERSON_1261,TRANSFERRED_MONEY,WEAK
REL_005088,PERSON_0975,PERSON_1212,TRANSFERRED_MONEY,LIKELY
REL_005089,PERSON_0417,PERSON_1461,TRANSFERRED_MONEY,UNKNOWN
REL_005090,PERSON_0022,PERSON_0770,TRANSFERRED_MONEY,LIKELY
REL_005091,PERSON_0041,PERSON_1401,TRANSFERRED_MONEY,UNKNOWN
REL_005092,PERSON_0328,PERSON_1054,TRANSFERRED_MONEY,LIKELY
REL_005093,PERSON_0871,PERSON_1196,TRANSFERRED_MONEY,UNKNOWN
REL_005094,PERSON_0047,PERSON_0379,TRANSFERRED_MONEY,LIKELY
REL_005095,PERSON_0340,PERSON_0620,TRANSFERRED_MONEY,WEAK
REL_005096,PERSON_0569,PERSON_1347,TRANSFERRED_MONEY,UNKNOWN
REL_005097,PERSON_0164,PERSON_0751,TRANSFERRED_MONEY,UNKNOWN
REL_005098,PERSON_0790,PERSON_1296,TRANSFERRED_MONEY,LIKELY
REL_005099,PERSON_0129,PERSON_1335,TRANSFERRED_MONEY,LIKELY
REL_005100,PERSON_0054,PERSON_0307,TRANSFERRED_MONEY,WEAK
REL_005101,PERSON_0223,PERSON_0468,TRANSFERRED_MONEY,UNKNOWN
REL_005102,PERSON_0273,PERSON_0718,TRANSFERRED_MONEY,UNKNOWN
REL_005103,PERSON_0783,PERSON_1118,TRANSFERRED_MONEY,UNKNOWN
REL_005104,PERSON_0906,PERSON_1184,TRANSFERRED_MONEY,UNKNOWN
REL_005105,PERSON_0698,PERSON_1327,TRANSFERRED_MONEY,LIKELY
REL_005106,PERSON_1044,PERSON_1146,TRANSFERRED_MONEY,LIKELY
REL_005107,PERSON_0446,PERSON_1398,TRANSFERRED_MONEY,UNKNOWN
REL_005108,PERSON_0571,PERSON_0604,TRANSFERRED_MONEY,WEAK
REL_005109,PERSON_0067,PERSON_1268,TRANSFERRED_MONEY,WEAK
REL_005110,PERSON_0507,PERSON_1131,TRANSFERRED_MONEY,LIKELY
REL_005111,PERSON_0005,PERSON_0982,TRANSFERRED_MONEY,LIKELY
REL_005112,PERSON_0276,PERSON_1479,TRANSFERRED_MONEY,WEAK
REL_005113,PERSON_0867,PERSON_1333,TRANSFERRED_MONEY,UNKNOWN
REL_005114,PERSON_1246,PERSON_1330,TRANSFERRED_MONEY,UNKNOWN
REL_005115,PERSON_0378,PERSON_0475,TRANSFERRED_MONEY,UNKNOWN
REL_005116,PERSON_0634,PERSON_1400,TRANSFERRED_MONEY,LIKELY
REL_005117,PERSON_0359,PERSON_1330,TRANSFERRED_MONEY,UNKNOWN
REL_005118,PERSON_0368,PERSON_0851,TRANSFERRED_MONEY,UNKNOWN
REL_005119,PERSON_0486,PERSON_0869,TRANSFERRED_MONEY,WEAK
REL_005120,PERSON_0153,PERSON_0761,TRANSFERRED_MONEY,LIKELY
REL_005121,PERSON_0206,PERSON_0854,TRANSFERRED_MONEY,UNKNOWN
REL_005122,PERSON_0740,PERSON_0807,TRANSFERRED_MONEY,WEAK
REL_005123,PERSON_0095,PERSON_1018,TRANSFERRED_MONEY,LIKELY
REL_005124,PERSON_0351,PERSON_0831,TRANSFERRED_MONEY,LIKELY
REL_005125,PERSON_0216,PERSON_1076,TRANSFERRED_MONEY,UNKNOWN
REL_005126,PERSON_0814,PERSON_1016,TRANSFERRED_MONEY,UNKNOWN
REL_005127,PERSON_0541,PERSON_1264,TRANSFERRED_MONEY,WEAK
REL_005128,PERSON_0118,PERSON_1088,TRANSFERRED_MONEY,UNKNOWN
REL_005129,PERSON_1317,PERSON_1453,TRANSFERRED_MONEY,UNKNOWN
REL_005130,PERSON_0264,PERSON_1047,TRANSFERRED_MONEY,WEAK
REL_005131,PERSON_1196,PERSON_1281,TRANSFERRED_MONEY,LIKELY
REL_005132,PERSON_0896,PERSON_1333,TRANSFERRED_MONEY,LIKELY
REL_005133,PERSON_0392,PERSON_1368,TRANSFERRED_MONEY,UNKNOWN
REL_005134,PERSON_0337,PERSON_1012,TRANSFERRED_MONEY,LIKELY
REL_005135,PERSON_0306,PERSON_1368,TRANSFERRED_MONEY,WEAK
REL_005136,PERSON_1039,PERSON_1078,TRANSFERRED_MONEY,WEAK
REL_005137,PERSON_0229,PERSON_0557,TRANSFERRED_MONEY,LIKELY
REL_005138,PERSON_0266,PERSON_1335,TRANSFERRED_MONEY,LIKELY
REL_005139,PERSON_0071,PERSON_0759,TRANSFERRED_MONEY,LIKELY
REL_005140,PERSON_0364,PERSON_1337,TRANSFERRED_MONEY,LIKELY
REL_005141,PERSON_0684,PERSON_1346,TRANSFERRED_MONEY,WEAK
REL_005142,PERSON_0751,PERSON_1341,TRANSFERRED_MONEY,UNKNOWN
REL_005143,PERSON_1204,PERSON_1358,TRANSFERRED_MONEY,WEAK
REL_005144,PERSON_0872,PERSON_1344,TRANSFERRED_MONEY,UNKNOWN
REL_005145,PERSON_0025,PERSON_0636,TRANSFERRED_MONEY,WEAK
REL_005146,PERSON_0801,PERSON_1103,TRANSFERRED_MONEY,WEAK
REL_005147,PERSON_0046,PERSON_1498,TRANSFERRED_MONEY,WEAK
REL_005148,PERSON_0113,PERSON_0445,TRANSFERRED_MONEY,LIKELY
REL_005149,PERSON_0770,PERSON_1264,TRANSFERRED_MONEY,LIKELY
REL_005150,PERSON_0938,PERSON_1413,TRANSFERRED_MONEY,UNKNOWN
REL_005151,PERSON_0299,PERSON_1027,TRANSFERRED_MONEY,WEAK
REL_005152,PERSON_0390,PERSON_1047,TRANSFERRED_MONEY,WEAK
REL_005153,PERSON_0597,PERSON_0751,TRANSFERRED_MONEY,WEAK
REL_005154,PERSON_0675,PERSON_0732,TRANSFERRED_MONEY,LIKELY
REL_005155,PERSON_1198,PERSON_1328,TRANSFERRED_MONEY,UNKNOWN
REL_005156,PERSON_0395,PERSON_0659,TRANSFERRED_MONEY,UNKNOWN
REL_005157,PERSON_0004,PERSON_0404,TRANSFERRED_MONEY,WEAK
REL_005158,PERSON_0169,PERSON_1074,TRANSFERRED_MONEY,WEAK
REL_005159,PERSON_0507,PERSON_0787,TRANSFERRED_MONEY,UNKNOWN
REL_005160,PERSON_0171,PERSON_0779,TRANSFERRED_MONEY,UNKNOWN
REL_005161,PERSON_0014,PERSON_1116,TRANSFERRED_MONEY,UNKNOWN
REL_005162,PERSON_0351,PERSON_0408,TRANSFERRED_MONEY,LIKELY
REL_005163,PERSON_0421,PERSON_0660,TRANSFERRED_MONEY,UNKNOWN
REL_005164,PERSON_0329,PERSON_0681,TRANSFERRED_MONEY,UNKNOWN
REL_005165,PERSON_0341,PERSON_0757,TRANSFERRED_MONEY,WEAK
REL_005166,PERSON_0489,PERSON_0694,TRANSFERRED_MONEY,UNKNOWN
REL_005167,PERSON_0260,PERSON_0880,TRANSFERRED_MONEY,WEAK
REL_005168,PERSON_0218,PERSON_0607,TRANSFERRED_MONEY,UNKNOWN
REL_005169,PERSON_0336,PERSON_0719,TRANSFERRED_MONEY,WEAK
REL_005170,PERSON_0043,PERSON_0541,TRANSFERRED_MONEY,LIKELY
REL_005171,PERSON_0562,PERSON_0582,TRANSFERRED_MONEY,LIKELY
REL_005172,PERSON_0460,PERSON_1406,TRANSFERRED_MONEY,LIKELY
REL_005173,PERSON_0524,PERSON_1436,TRANSFERRED_MONEY,LIKELY
REL_005174,PERSON_0009,PERSON_0149,TRANSFERRED_MONEY,LIKELY
REL_005175,PERSON_0149,PERSON_0586,TRANSFERRED_MONEY,LIKELY
REL_005176,PERSON_0114,PERSON_0880,TRANSFERRED_MONEY,WEAK
REL_005177,PERSON_1203,PERSON_1243,TRANSFERRED_MONEY,LIKELY
REL_005178,PERSON_0022,PERSON_0217,TRANSFERRED_MONEY,WEAK
REL_005179,PERSON_0133,PERSON_0469,TRANSFERRED_MONEY,WEAK
REL_005180,PERSON_0013,PERSON_0571,TRANSFERRED_MONEY,UNKNOWN
REL_005181,PERSON_0448,PERSON_0591,TRANSFERRED_MONEY,WEAK
REL_005182,PERSON_0693,PERSON_1242,TRANSFERRED_MONEY,WEAK
REL_005183,PERSON_0565,PERSON_0922,TRANSFERRED_MONEY,WEAK
REL_005184,PERSON_0067,PERSON_1288,TRANSFERRED_MONEY,WEAK
REL_005185,PERSON_0022,PERSON_0454,TRANSFERRED_MONEY,LIKELY
REL_005186,PERSON_0088,PERSON_0288,TRANSFERRED_MONEY,UNKNOWN
REL_005187,PERSON_0114,PERSON_0494,TRANSFERRED_MONEY,UNKNOWN
REL_005188,PERSON_0300,PERSON_0607,TRANSFERRED_MONEY,WEAK
REL_005189,PERSON_0285,PERSON_1104,TRANSFERRED_MONEY,LIKELY
REL_005190,PERSON_0010,PERSON_1008,TRANSFERRED_MONEY,UNKNOWN
REL_005191,PERSON_0131,PERSON_0528,TRANSFERRED_MONEY,UNKNOWN
REL_005192,PERSON_0339,PERSON_0948,TRANSFERRED_MONEY,LIKELY
REL_005193,PERSON_0112,PERSON_0873,TRANSFERRED_MONEY,WEAK
REL_005194,PERSON_0519,PERSON_0977,TRANSFERRED_MONEY,LIKELY
REL_005195,PERSON_0114,PERSON_0965,TRANSFERRED_MONEY,WEAK
REL_005196,PERSON_0008,PERSON_0306,TRANSFERRED_MONEY,LIKELY
REL_005197,PERSON_0854,PERSON_1405,TRANSFERRED_MONEY,WEAK
REL_005198,PERSON_0460,PERSON_1038,TRANSFERRED_MONEY,LIKELY
REL_005199,PERSON_0363,PERSON_0745,TRANSFERRED_MONEY,LIKELY
REL_005200,PERSON_0757,PERSON_1459,TRANSFERRED_MONEY,LIKELY
REL_005201,PERSON_0948,PERSON_1022,TRANSFERRED_MONEY,LIKELY
REL_005202,PERSON_0139,PERSON_0307,TRANSFERRED_MONEY,UNKNOWN
REL_005203,PERSON_0518,PERSON_0705,TRANSFERRED_MONEY,UNKNOWN
REL_005204,PERSON_0363,PERSON_1261,TRANSFERRED_MONEY,LIKELY
REL_005205,PERSON_0360,PERSON_1404,TRANSFERRED_MONEY,WEAK
REL_005206,PERSON_0087,PERSON_1495,TRANSFERRED_MONEY,WEAK
REL_005207,PERSON_0347,PERSON_0792,TRANSFERRED_MONEY,UNKNOWN
REL_005208,PERSON_1160,PERSON_1331,TRANSFERRED_MONEY,UNKNOWN
REL_005209,PERSON_1140,PERSON_1337,TRANSFERRED_MONEY,WEAK
REL_005210,PERSON_0445,PERSON_0669,TRANSFERRED_MONEY,UNKNOWN
REL_005211,PERSON_0446,PERSON_1251,TRANSFERRED_MONEY,WEAK
REL_005212,PERSON_0416,PERSON_1369,TRANSFERRED_MONEY,LIKELY
REL_005213,PERSON_1026,PERSON_1044,TRANSFERRED_MONEY,UNKNOWN
REL_005214,PERSON_0109,PERSON_1225,TRANSFERRED_MONEY,LIKELY
REL_005215,PERSON_0065,PERSON_0591,TRANSFERRED_MONEY,WEAK
REL_005216,PERSON_0956,PERSON_1169,TRANSFERRED_MONEY,UNKNOWN
REL_005217,PERSON_0514,PERSON_0599,TRANSFERRED_MONEY,LIKELY
REL_005218,PERSON_0729,PERSON_0763,TRANSFERRED_MONEY,UNKNOWN
REL_005219,PERSON_0706,PERSON_1263,TRANSFERRED_MONEY,UNKNOWN
REL_005220,PERSON_0057,PERSON_1436,TRANSFERRED_MONEY,LIKELY
REL_005221,PERSON_0841,PERSON_1323,TRANSFERRED_MONEY,LIKELY
REL_005222,PERSON_0456,PERSON_0468,TRANSFERRED_MONEY,WEAK
REL_005223,PERSON_0389,PERSON_0754,TRANSFERRED_MONEY,LIKELY
REL_005224,PERSON_0517,PERSON_1175,TRANSFERRED_MONEY,LIKELY
REL_005225,PERSON_0383,PERSON_1219,TRANSFERRED_MONEY,LIKELY
REL_005226,PERSON_0160,PERSON_0417,TRANSFERRED_MONEY,LIKELY
REL_005227,PERSON_0680,PERSON_0761,TRANSFERRED_MONEY,LIKELY
REL_005228,PERSON_0065,PERSON_0315,TRANSFERRED_MONEY,WEAK
REL_005229,PERSON_0285,PERSON_0524,TRANSFERRED_MONEY,UNKNOWN
REL_005230,PERSON_1221,PERSON_1228,TRANSFERRED_MONEY,UNKNOWN
REL_005231,PERSON_0644,PERSON_1196,TRANSFERRED_MONEY,UNKNOWN
REL_005232,PERSON_0800,PERSON_0952,TRANSFERRED_MONEY,UNKNOWN
REL_005233,PERSON_0069,PERSON_0867,TRANSFERRED_MONEY,WEAK
REL_005234,PERSON_0854,PERSON_1296,TRANSFERRED_MONEY,WEAK
REL_005235,PERSON_0453,PERSON_1202,TRANSFERRED_MONEY,WEAK
REL_005236,PERSON_0544,PERSON_0721,TRANSFERRED_MONEY,UNKNOWN
REL_005237,PERSON_0105,PERSON_0502,TRANSFERRED_MONEY,UNKNOWN
REL_005238,PERSON_0042,PERSON_1490,TRANSFERRED_MONEY,WEAK
REL_005239,PERSON_0065,PERSON_0611,TRANSFERRED_MONEY,UNKNOWN
REL_005240,PERSON_0358,PERSON_0650,TRANSFERRED_MONEY,WEAK
REL_005241,PERSON_1303,PERSON_1478,TRANSFERRED_MONEY,WEAK
REL_005242,PERSON_0660,PERSON_1490,TRANSFERRED_MONEY,LIKELY
REL_005243,PERSON_0071,PERSON_1207,TRANSFERRED_MONEY,LIKELY
REL_005244,PERSON_0936,PERSON_1201,TRANSFERRED_MONEY,UNKNOWN
REL_005245,PERSON_0751,PERSON_1248,TRANSFERRED_MONEY,WEAK
REL_005246,PERSON_0190,PERSON_1158,TRANSFERRED_MONEY,UNKNOWN
REL_005247,PERSON_0504,PERSON_1206,TRANSFERRED_MONEY,UNKNOWN
REL_005248,PERSON_1133,PERSON_1243,TRANSFERRED_MONEY,UNKNOWN
REL_005249,PERSON_0089,PERSON_1000,TRANSFERRED_MONEY,UNKNOWN
REL_005250,PERSON_0348,PERSON_0358,TRANSFERRED_MONEY,UNKNOWN
REL_005251,PERSON_0211,PERSON_0732,TRANSFERRED_MONEY,LIKELY
REL_005252,PERSON_1190,PERSON_1413,TRANSFERRED_MONEY,WEAK
REL_005253,PERSON_0727,PERSON_0857,TRANSFERRED_MONEY,UNKNOWN
REL_005254,PERSON_0882,PERSON_1372,TRANSFERRED_MONEY,LIKELY
REL_005255,PERSON_0097,PERSON_0673,TRANSFERRED_MONEY,WEAK
REL_005256,PERSON_0896,PERSON_0931,TRANSFERRED_MONEY,UNKNOWN
REL_005257,PERSON_1106,PERSON_1300,TRANSFERRED_MONEY,UNKNOWN
REL_005258,PERSON_0676,PERSON_0692,TRANSFERRED_MONEY,LIKELY
REL_005259,PERSON_0264,PERSON_0405,TRANSFERRED_MONEY,LIKELY
REL_005260,PERSON_0031,PERSON_0587,TRANSFERRED_MONEY,WEAK
REL_005261,PERSON_0340,PERSON_0661,TRANSFERRED_MONEY,WEAK
REL_005262,PERSON_0200,PERSON_0427,TRANSFERRED_MONEY,WEAK
REL_005263,PERSON_0071,PERSON_1183,TRANSFERRED_MONEY,UNKNOWN
REL_005264,PERSON_0210,PERSON_0841,TRANSFERRED_MONEY,UNKNOWN
REL_005265,PERSON_0699,PERSON_0839,TRANSFERRED_MONEY,WEAK
REL_005266,PERSON_1219,PERSON_1479,TRANSFERRED_MONEY,LIKELY
REL_005267,PERSON_0442,PERSON_0971,TRANSFERRED_MONEY,UNKNOWN
REL_005268,PERSON_0539,PERSON_0665,TRANSFERRED_MONEY,LIKELY
REL_005269,PERSON_0785,PERSON_1337,TRANSFERRED_MONEY,WEAK
REL_005270,PERSON_0068,PERSON_1166,TRANSFERRED_MONEY,LIKELY
REL_005271,PERSON_0701,PERSON_1227,TRANSFERRED_MONEY,UNKNOWN
REL_005272,PERSON_0020,PERSON_0937,TRANSFERRED_MONEY,WEAK
REL_005273,PERSON_0469,PERSON_0595,TRANSFERRED_MONEY,LIKELY
REL_005274,PERSON_0290,PERSON_0558,TRANSFERRED_MONEY,UNKNOWN
REL_005275,PERSON_0432,PERSON_1334,TRANSFERRED_MONEY,WEAK
REL_005276,PERSON_0573,PERSON_1352,TRANSFERRED_MONEY,WEAK
REL_005277,PERSON_0716,PERSON_1142,TRANSFERRED_MONEY,UNKNOWN
REL_005278,PERSON_0281,PERSON_0894,TRANSFERRED_MONEY,LIKELY
REL_005279,PERSON_0883,PERSON_1424,TRANSFERRED_MONEY,UNKNOWN
REL_005280,PERSON_0737,PERSON_1313,TRANSFERRED_MONEY,UNKNOWN
REL_005281,PERSON_0141,PERSON_1007,TRANSFERRED_MONEY,LIKELY
REL_005282,PERSON_0908,PERSON_1273,TRANSFERRED_MONEY,LIKELY
REL_005283,PERSON_0046,PERSON_0214,TRANSFERRED_MONEY,UNKNOWN
REL_005284,PERSON_0982,PERSON_1281,TRANSFERRED_MONEY,UNKNOWN
REL_005285,PERSON_0065,PERSON_0285,TRANSFERRED_MONEY,WEAK
REL_005286,PERSON_0200,PERSON_1363,TRANSFERRED_MONEY,WEAK
REL_005287,PERSON_0345,PERSON_1217,TRANSFERRED_MONEY,WEAK
REL_005288,PERSON_0661,PERSON_0986,TRANSFERRED_MONEY,UNKNOWN
REL_005289,PERSON_0709,PERSON_0749,TRANSFERRED_MONEY,UNKNOWN
REL_005290,PERSON_0110,PERSON_1345,TRANSFERRED_MONEY,UNKNOWN
REL_005291,PERSON_0539,PERSON_1363,TRANSFERRED_MONEY,LIKELY
REL_005292,PERSON_1127,PERSON_1213,TRANSFERRED_MONEY,UNKNOWN
REL_005293,PERSON_0809,PERSON_1140,TRANSFERRED_MONEY,UNKNOWN
REL_005294,PERSON_0785,PERSON_0876,TRANSFERRED_MONEY,UNKNOWN
REL_005295,PERSON_0693,PERSON_1448,TRANSFERRED_MONEY,UNKNOWN
REL_005296,PERSON_0411,PERSON_1229,TRANSFERRED_MONEY,UNKNOWN
REL_005297,PERSON_0107,PERSON_0651,TRANSFERRED_MONEY,UNKNOWN
REL_005298,PERSON_0044,PERSON_1129,TRANSFERRED_MONEY,WEAK
REL_005299,PERSON_1128,PERSON_1352,TRANSFERRED_MONEY,UNKNOWN
REL_005300,PERSON_0253,PERSON_1078,TRANSFERRED_MONEY,LIKELY
REL_005301,PERSON_0197,PERSON_1140,TRANSFERRED_MONEY,UNKNOWN
REL_005302,PERSON_0748,PERSON_0839,TRANSFERRED_MONEY,UNKNOWN
REL_005303,PERSON_0799,PERSON_0886,TRANSFERRED_MONEY,WEAK
REL_005304,PERSON_0152,PERSON_1440,TRANSFERRED_MONEY,WEAK
REL_005305,PERSON_0971,PERSON_1105,TRANSFERRED_MONEY,WEAK
REL_005306,PERSON_0755,PERSON_1206,TRANSFERRED_MONEY,UNKNOWN
REL_005307,PERSON_0631,PERSON_0976,TRANSFERRED_MONEY,WEAK
REL_005308,PERSON_0962,PERSON_1104,TRANSFERRED_MONEY,WEAK
REL_005309,PERSON_0139,PERSON_0417,TRANSFERRED_MONEY,WEAK
REL_005310,PERSON_0431,PERSON_1077,TRANSFERRED_MONEY,UNKNOWN
REL_005311,PERSON_0620,PERSON_0780,TRANSFERRED_MONEY,LIKELY
REL_005312,PERSON_0221,PERSON_0238,TRANSFERRED_MONEY,UNKNOWN
REL_005313,PERSON_0225,PERSON_1050,TRANSFERRED_MONEY,LIKELY
REL_005314,PERSON_0233,PERSON_1071,TRANSFERRED_MONEY,LIKELY
REL_005315,PERSON_0597,PERSON_0772,TRANSFERRED_MONEY,LIKELY
REL_005316,PERSON_0375,PERSON_1217,TRANSFERRED_MONEY,LIKELY
REL_005317,PERSON_0755,PERSON_0814,TRANSFERRED_MONEY,WEAK
REL_005318,PERSON_1140,PERSON_1443,TRANSFERRED_MONEY,LIKELY
REL_005319,PERSON_0221,PERSON_0551,TRANSFERRED_MONEY,LIKELY
REL_005320,PERSON_0621,PERSON_1228,TRANSFERRED_MONEY,WEAK
REL_005321,PERSON_1307,PERSON_1331,TRANSFERRED_MONEY,WEAK
REL_005322,PERSON_0558,PERSON_0621,TRANSFERRED_MONEY,LIKELY
REL_005323,PERSON_0599,PERSON_0733,TRANSFERRED_MONEY,UNKNOWN
REL_005324,PERSON_0652,PERSON_0948,TRANSFERRED_MONEY,WEAK
REL_005325,PERSON_0174,PERSON_1179,TRANSFERRED_MONEY,WEAK
REL_005326,PERSON_0899,PERSON_1231,TRANSFERRED_MONEY,LIKELY
REL_005327,PERSON_0663,PERSON_0900,TRANSFERRED_MONEY,UNKNOWN
REL_005328,PERSON_0238,PERSON_0243,TRANSFERRED_MONEY,UNKNOWN
REL_005329,PERSON_0713,PERSON_1009,TRANSFERRED_MONEY,UNKNOWN
REL_005330,PERSON_0716,PERSON_1331,TRANSFERRED_MONEY,WEAK
REL_005331,PERSON_0854,PERSON_1469,TRANSFERRED_MONEY,LIKELY
REL_005332,PERSON_0701,PERSON_1026,TRANSFERRED_MONEY,LIKELY
REL_005333,PERSON_0311,PERSON_0490,TRANSFERRED_MONEY,UNKNOWN
REL_005334,PERSON_0253,PERSON_0644,TRANSFERRED_MONEY,UNKNOWN
REL_005335,PERSON_0671,PERSON_0914,TRANSFERRED_MONEY,LIKELY
REL_005336,PERSON_0349,PERSON_1238,TRANSFERRED_MONEY,LIKELY
REL_005337,PERSON_0436,PERSON_0570,TRANSFERRED_MONEY,WEAK
REL_005338,PERSON_0719,PERSON_0796,TRANSFERRED_MONEY,UNKNOWN
REL_005339,PERSON_0319,PERSON_1050,TRANSFERRED_MONEY,WEAK
REL_005340,PERSON_0532,PERSON_1318,TRANSFERRED_MONEY,LIKELY
REL_005341,PERSON_1024,PERSON_1251,TRANSFERRED_MONEY,WEAK
REL_005342,PERSON_0534,PERSON_0611,TRANSFERRED_MONEY,LIKELY
REL_005343,PERSON_0052,PERSON_1040,TRANSFERRED_MONEY,WEAK
REL_005344,PERSON_0126,PERSON_0557,TRANSFERRED_MONEY,UNKNOWN
REL_005345,PERSON_1064,PERSON_1245,TRANSFERRED_MONEY,WEAK
REL_005346,PERSON_0810,PERSON_1026,TRANSFERRED_MONEY,LIKELY
REL_005347,PERSON_0766,PERSON_0787,TRANSFERRED_MONEY,LIKELY
REL_005348,PERSON_0081,PERSON_0851,TRANSFERRED_MONEY,UNKNOWN
REL_005349,PERSON_0315,PERSON_1243,TRANSFERRED_MONEY,UNKNOWN
REL_005350,PERSON_0594,PERSON_1068,TRANSFERRED_MONEY,UNKNOWN
REL_005351,PERSON_0320,PERSON_1238,TRANSFERRED_MONEY,UNKNOWN
REL_005352,PERSON_0081,PERSON_0864,TRANSFERRED_MONEY,LIKELY
REL_005353,PERSON_0211,PERSON_0404,TRANSFERRED_MONEY,UNKNOWN
REL_005354,PERSON_0666,PERSON_1496,TRANSFERRED_MONEY,LIKELY
REL_005355,PERSON_0105,PERSON_1317,TRANSFERRED_MONEY,WEAK
REL_005356,PERSON_0386,PERSON_0705,TRANSFERRED_MONEY,UNKNOWN
REL_005357,PERSON_0141,PERSON_0195,TRANSFERRED_MONEY,WEAK
REL_005358,PERSON_1380,PERSON_1485,TRANSFERRED_MONEY,WEAK
REL_005359,PERSON_0877,PERSON_1233,TRANSFERRED_MONEY,WEAK
REL_005360,PERSON_0333,PERSON_1468,TRANSFERRED_MONEY,UNKNOWN
REL_005361,PERSON_0660,PERSON_1300,TRANSFERRED_MONEY,UNKNOWN
REL_005362,PERSON_0696,PERSON_1114,TRANSFERRED_MONEY,WEAK
REL_005363,PERSON_0692,PERSON_1290,TRANSFERRED_MONEY,LIKELY
REL_005364,PERSON_0466,PERSON_0545,TRANSFERRED_MONEY,LIKELY
REL_005365,PERSON_1096,PERSON_1209,TRANSFERRED_MONEY,UNKNOWN
REL_005366,PERSON_0675,PERSON_1122,TRANSFERRED_MONEY,LIKELY
REL_005367,PERSON_0436,PERSON_0903,TRANSFERRED_MONEY,WEAK
REL_005368,PERSON_1201,PERSON_1331,TRANSFERRED_MONEY,UNKNOWN
REL_005369,PERSON_0544,PERSON_1022,TRANSFERRED_MONEY,LIKELY
REL_005370,PERSON_0474,PERSON_1336,TRANSFERRED_MONEY,LIKELY
REL_005371,PERSON_0551,PERSON_0798,TRANSFERRED_MONEY,LIKELY
REL_005372,PERSON_0311,PERSON_1482,TRANSFERRED_MONEY,WEAK
REL_005373,PERSON_0427,PERSON_1496,TRANSFERRED_MONEY,UNKNOWN
REL_005374,PERSON_0889,PERSON_1012,TRANSFERRED_MONEY,UNKNOWN
REL_005375,PERSON_0345,PERSON_1206,TRANSFERRED_MONEY,WEAK
REL_005376,PERSON_0005,PERSON_0348,TRANSFERRED_MONEY,WEAK
REL_005377,PERSON_0676,PERSON_0863,TRANSFERRED_MONEY,UNKNOWN
REL_005378,PERSON_0524,PERSON_0547,TRANSFERRED_MONEY,UNKNOWN
REL_005379,PERSON_0025,PERSON_0705,TRANSFERRED_MONEY,LIKELY
REL_005380,PERSON_0950,PERSON_1479,TRANSFERRED_MONEY,LIKELY
REL_005381,PERSON_0201,PERSON_1042,TRANSFERRED_MONEY,LIKELY
REL_005382,PERSON_0089,PERSON_1264,TRANSFERRED_MONEY,LIKELY
REL_005383,PERSON_0622,PERSON_0769,TRANSFERRED_MONEY,WEAK
REL_005384,PERSON_0124,PERSON_1482,TRANSFERRED_MONEY,UNKNOWN
REL_005385,PERSON_0007,PERSON_0451,TRANSFERRED_MONEY,WEAK
REL_005386,PERSON_0881,PERSON_1146,TRANSFERRED_MONEY,UNKNOWN
REL_005387,PERSON_0153,PERSON_0319,TRANSFERRED_MONEY,UNKNOWN
REL_005388,PERSON_0064,PERSON_1159,TRANSFERRED_MONEY,WEAK
REL_005389,PERSON_0579,PERSON_1151,TRANSFERRED_MONEY,WEAK
REL_005390,PERSON_1318,PERSON_1499,TRANSFERRED_MONEY,UNKNOWN
REL_005391,PERSON_0904,PERSON_0950,TRANSFERRED_MONEY,UNKNOWN
REL_005392,PERSON_0839,PERSON_1107,TRANSFERRED_MONEY,WEAK
REL_005393,PERSON_0650,PERSON_1331,TRANSFERRED_MONEY,UNKNOWN
REL_005394,PERSON_0167,PERSON_0758,TRANSFERRED_MONEY,UNKNOWN
REL_005395,PERSON_1029,PERSON_1127,TRANSFERRED_MONEY,WEAK
REL_005396,PERSON_0809,PERSON_1209,TRANSFERRED_MONEY,WEAK
REL_005397,PERSON_0347,PERSON_0465,TRANSFERRED_MONEY,LIKELY
REL_005398,PERSON_0634,PERSON_0909,TRANSFERRED_MONEY,WEAK
REL_005399,PERSON_1248,PERSON_1396,TRANSFERRED_MONEY,UNKNOWN
REL_005400,PERSON_0535,PERSON_1003,TRANSFERRED_MONEY,UNKNOWN
REL_005401,PERSON_0452,PERSON_1105,TRANSFERRED_MONEY,UNKNOWN
REL_005402,PERSON_0551,PERSON_1152,TRANSFERRED_MONEY,WEAK
REL_005403,PERSON_0692,PERSON_1303,TRANSFERRED_MONEY,UNKNOWN
REL_005404,PERSON_0945,PERSON_1048,TRANSFERRED_MONEY,WEAK
REL_005405,PERSON_0320,PERSON_0796,TRANSFERRED_MONEY,LIKELY
REL_005406,PERSON_1178,PERSON_1459,TRANSFERRED_MONEY,UNKNOWN
REL_005407,PERSON_0109,PERSON_0965,TRANSFERRED_MONEY,LIKELY
REL_005408,PERSON_0486,PERSON_0851,TRANSFERRED_MONEY,WEAK
REL_005409,PERSON_0974,PERSON_1133,TRANSFERRED_MONEY,WEAK
REL_005410,PERSON_0455,PERSON_0509,TRANSFERRED_MONEY,LIKELY
REL_005411,PERSON_0250,PERSON_0961,TRANSFERRED_MONEY,LIKELY
REL_005412,PERSON_0748,PERSON_0790,TRANSFERRED_MONEY,UNKNOWN
REL_005413,PERSON_0900,PERSON_1105,TRANSFERRED_MONEY,LIKELY
REL_005414,PERSON_1046,PERSON_1104,TRANSFERRED_MONEY,UNKNOWN
REL_005415,PERSON_0083,PERSON_0528,TRANSFERRED_MONEY,UNKNOWN
REL_005416,PERSON_0141,PERSON_0945,TRANSFERRED_MONEY,WEAK
REL_005417,PERSON_0049,PERSON_0328,TRANSFERRED_MONEY,UNKNOWN
REL_005418,PERSON_0271,PERSON_0410,TRANSFERRED_MONEY,UNKNOWN
REL_005419,PERSON_0899,PERSON_0900,TRANSFERRED_MONEY,UNKNOWN
REL_005420,PERSON_0594,PERSON_0817,TRANSFERRED_MONEY,WEAK
REL_005421,PERSON_0903,PERSON_1356,TRANSFERRED_MONEY,UNKNOWN
REL_005422,PERSON_0253,PERSON_1402,TRANSFERRED_MONEY,WEAK
REL_005423,PERSON_0281,PERSON_0352,TRANSFERRED_MONEY,UNKNOWN
REL_005424,PERSON_0041,PERSON_0914,TRANSFERRED_MONEY,WEAK
REL_005425,PERSON_0755,PERSON_1500,TRANSFERRED_MONEY,UNKNOWN
REL_005426,PERSON_0113,PERSON_0665,TRANSFERRED_MONEY,LIKELY
REL_005427,PERSON_0298,PERSON_0675,TRANSFERRED_MONEY,UNKNOWN
REL_005428,PERSON_0504,PERSON_1495,TRANSFERRED_MONEY,UNKNOWN
REL_005429,PERSON_0965,PERSON_1307,TRANSFERRED_MONEY,LIKELY
REL_005430,PERSON_0061,PERSON_0076,TRANSFERRED_MONEY,WEAK
REL_005431,PERSON_0271,PERSON_0682,TRANSFERRED_MONEY,WEAK
REL_005432,PERSON_1072,PERSON_1459,TRANSFERRED_MONEY,LIKELY
REL_005433,PERSON_0962,PERSON_1288,TRANSFERRED_MONEY,LIKELY
REL_005434,PERSON_0562,PERSON_0975,TRANSFERRED_MONEY,LIKELY
REL_005435,PERSON_1002,PERSON_1443,TRANSFERRED_MONEY,WEAK
REL_005436,PERSON_0135,PERSON_1056,TRANSFERRED_MONEY,WEAK
REL_005437,PERSON_0186,PERSON_0300,TRANSFERRED_MONEY,LIKELY
REL_005438,PERSON_0587,PERSON_0800,TRANSFERRED_MONEY,WEAK
REL_005439,PERSON_0651,PERSON_1440,TRANSFERRED_MONEY,WEAK
REL_005440,PERSON_0067,PERSON_0408,TRANSFERRED_MONEY,UNKNOWN
REL_005441,PERSON_0260,PERSON_0451,TRANSFERRED_MONEY,UNKNOWN
REL_005442,PERSON_0771,PERSON_1422,TRANSFERRED_MONEY,WEAK
REL_005443,PERSON_0404,PERSON_1271,TRANSFERRED_MONEY,UNKNOWN
REL_005444,PERSON_0387,PERSON_0745,TRANSFERRED_MONEY,LIKELY
REL_005445,PERSON_0834,PERSON_1173,TRANSFERRED_MONEY,UNKNOWN
REL_005446,PERSON_0326,PERSON_0894,TRANSFERRED_MONEY,WEAK
REL_005447,PERSON_0458,PERSON_0673,TRANSFERRED_MONEY,LIKELY
REL_005448,PERSON_1116,PERSON_1310,TRANSFERRED_MONEY,UNKNOWN
REL_005449,PERSON_0469,PERSON_1401,TRANSFERRED_MONEY,WEAK
REL_005450,PERSON_0694,PERSON_1383,TRANSFERRED_MONEY,UNKNOWN
REL_005451,PERSON_0329,PERSON_1202,TRANSFERRED_MONEY,LIKELY
REL_005452,PERSON_0223,PERSON_0269,TRANSFERRED_MONEY,WEAK
REL_005453,PERSON_0747,PERSON_1207,TRANSFERRED_MONEY,UNKNOWN
REL_005454,PERSON_0512,PERSON_1466,TRANSFERRED_MONEY,UNKNOWN
REL_005455,PERSON_0468,PERSON_1119,TRANSFERRED_MONEY,WEAK
REL_005456,PERSON_1046,PERSON_1206,TRANSFERRED_MONEY,UNKNOWN
REL_005457,PERSON_0879,PERSON_1133,TRANSFERRED_MONEY,WEAK
REL_005458,PERSON_0049,PERSON_1228,TRANSFERRED_MONEY,WEAK
REL_005459,PERSON_0671,PERSON_0929,TRANSFERRED_MONEY,UNKNOWN
REL_005460,PERSON_0165,PERSON_0484,TRANSFERRED_MONEY,WEAK
REL_005461,PERSON_0119,PERSON_0993,TRANSFERRED_MONEY,LIKELY
REL_005462,PERSON_0563,PERSON_1078,TRANSFERRED_MONEY,LIKELY
REL_005463,PERSON_0025,PERSON_0784,TRANSFERRED_MONEY,WEAK
REL_005464,PERSON_0884,PERSON_1371,TRANSFERRED_MONEY,WEAK
REL_005465,PERSON_0665,PERSON_0736,TRANSFERRED_MONEY,WEAK
REL_005466,PERSON_0579,PERSON_1126,TRANSFERRED_MONEY,WEAK
REL_005467,PERSON_0950,PERSON_1024,TRANSFERRED_MONEY,LIKELY
REL_005468,PERSON_0041,PERSON_0709,TRANSFERRED_MONEY,LIKELY
REL_005469,PERSON_0931,PERSON_1054,TRANSFERRED_MONEY,UNKNOWN
REL_005470,PERSON_0299,PERSON_1366,TRANSFERRED_MONEY,WEAK
REL_005471,PERSON_0046,PERSON_0111,TRANSFERRED_MONEY,LIKELY
REL_005472,PERSON_0169,PERSON_0579,TRANSFERRED_MONEY,WEAK
REL_005473,PERSON_0719,PERSON_1091,TRANSFERRED_MONEY,LIKELY
REL_005474,PERSON_0396,PERSON_1428,TRANSFERRED_MONEY,UNKNOWN
REL_005475,PERSON_0620,PERSON_1450,TRANSFERRED_MONEY,UNKNOWN
REL_005476,PERSON_0254,PERSON_0706,TRANSFERRED_MONEY,UNKNOWN
REL_005477,PERSON_0588,PERSON_0717,TRANSFERRED_MONEY,UNKNOWN
REL_005478,PERSON_1082,PERSON_1302,TRANSFERRED_MONEY,WEAK
REL_005479,PERSON_0790,PERSON_0903,TRANSFERRED_MONEY,WEAK
REL_005480,PERSON_0087,PERSON_0913,TRANSFERRED_MONEY,WEAK
REL_005481,PERSON_0359,PERSON_1245,TRANSFERRED_MONEY,WEAK
REL_005482,PERSON_0867,PERSON_1188,TRANSFERRED_MONEY,WEAK
REL_005483,PERSON_0158,PERSON_0507,TRANSFERRED_MONEY,UNKNOWN
REL_005484,PERSON_0028,PERSON_0095,TRANSFERRED_MONEY,UNKNOWN
REL_005485,PERSON_0214,PERSON_0936,TRANSFERRED_MONEY,LIKELY
REL_005486,PERSON_0068,PERSON_0409,TRANSFERRED_MONEY,UNKNOWN
REL_005487,PERSON_0436,PERSON_1252,TRANSFERRED_MONEY,WEAK
REL_005488,PERSON_0881,PERSON_1415,TRANSFERRED_MONEY,WEAK
REL_005489,PERSON_0541,PERSON_1000,TRANSFERRED_MONEY,WEAK
REL_005490,PERSON_0370,PERSON_1461,TRANSFERRED_MONEY,WEAK
REL_005491,PERSON_0295,PERSON_0588,TRANSFERRED_MONEY,UNKNOWN
REL_005492,PERSON_0582,PERSON_0964,TRANSFERRED_MONEY,LIKELY
REL_005493,PERSON_0069,PERSON_0152,TRANSFERRED_MONEY,WEAK
REL_005494,PERSON_0839,PERSON_0858,TRANSFERRED_MONEY,UNKNOWN
REL_005495,PERSON_0211,PERSON_1229,TRANSFERRED_MONEY,UNKNOWN
REL_005496,PERSON_0970,PERSON_1298,TRANSFERRED_MONEY,WEAK
REL_005497,PERSON_0889,PERSON_1002,TRANSFERRED_MONEY,UNKNOWN
REL_005498,PERSON_0505,PERSON_1207,TRANSFERRED_MONEY,WEAK
REL_005499,PERSON_0884,PERSON_1328,TRANSFERRED_MONEY,WEAK
REL_005500,PERSON_0454,PERSON_1499,TRANSFERRED_MONEY,WEAK
REL_005501,PERSON_0490,PERSON_1219,TRANSFERRED_MONEY,UNKNOWN
REL_005502,PERSON_0861,PERSON_1122,TRANSFERRED_MONEY,LIKELY
REL_005503,PERSON_0384,PERSON_1476,TRANSFERRED_MONEY,WEAK
REL_005504,PERSON_0100,PERSON_0899,TRANSFERRED_MONEY,WEAK
REL_005505,PERSON_0099,PERSON_0766,TRANSFERRED_MONEY,UNKNOWN
REL_005506,PERSON_0024,PERSON_1440,TRANSFERRED_MONEY,UNKNOWN
REL_005507,PERSON_0952,PERSON_1438,TRANSFERRED_MONEY,WEAK
REL_005508,PERSON_0054,PERSON_1229,TRANSFERRED_MONEY,WEAK
REL_005509,PERSON_0232,PERSON_1114,TRANSFERRED_MONEY,UNKNOWN
REL_005510,PERSON_0020,PERSON_0721,TRANSFERRED_MONEY,UNKNOWN
REL_005511,PERSON_0410,PERSON_0591,TRANSFERRED_MONEY,WEAK
REL_005512,PERSON_0290,PERSON_1188,TRANSFERRED_MONEY,UNKNOWN
REL_005513,PERSON_0317,PERSON_1003,TRANSFERRED_MONEY,WEAK
REL_005514,PERSON_0674,PERSON_1498,TRANSFERRED_MONEY,UNKNOWN
REL_005515,PERSON_0089,PERSON_0753,TRANSFERRED_MONEY,UNKNOWN
REL_005516,PERSON_0888,PERSON_1296,TRANSFERRED_MONEY,WEAK
REL_005517,PERSON_0452,PERSON_1477,TRANSFERRED_MONEY,WEAK
REL_005518,PERSON_0659,PERSON_0974,TRANSFERRED_MONEY,WEAK
REL_005519,PERSON_0390,PERSON_1404,TRANSFERRED_MONEY,WEAK
REL_005520,PERSON_1008,PERSON_1298,TRANSFERRED_MONEY,WEAK
REL_005521,PERSON_0154,PERSON_1201,TRANSFERRED_MONEY,LIKELY
REL_005522,PERSON_1189,PERSON_1248,TRANSFERRED_MONEY,LIKELY
REL_005523,PERSON_0790,PERSON_1322,TRANSFERRED_MONEY,WEAK
REL_005524,PERSON_0041,PERSON_0087,TRANSFERRED_MONEY,UNKNOWN
REL_005525,PERSON_0158,PERSON_0308,TRANSFERRED_MONEY,WEAK
REL_005526,PERSON_0378,PERSON_1023,TRANSFERRED_MONEY,UNKNOWN
REL_005527,PERSON_0826,PERSON_1084,TRANSFERRED_MONEY,UNKNOWN
REL_005528,PERSON_0020,PERSON_0172,TRANSFERRED_MONEY,LIKELY
REL_005529,PERSON_0984,PERSON_1011,TRANSFERRED_MONEY,UNKNOWN
REL_005530,PERSON_0029,PERSON_0057,TRANSFERRED_MONEY,LIKELY
REL_005531,PERSON_0858,PERSON_1119,TRANSFERRED_MONEY,UNKNOWN
REL_005532,PERSON_0858,PERSON_1411,TRANSFERRED_MONEY,LIKELY
REL_005533,PERSON_1027,PERSON_1029,TRANSFERRED_MONEY,WEAK
REL_005534,PERSON_0754,PERSON_0870,TRANSFERRED_MONEY,WEAK
REL_005535,PERSON_0586,PERSON_1466,TRANSFERRED_MONEY,WEAK
REL_005536,PERSON_1056,PERSON_1327,TRANSFERRED_MONEY,WEAK
REL_005537,PERSON_0049,PERSON_0558,TRANSFERRED_MONEY,LIKELY
REL_005538,PERSON_0055,PERSON_1158,TRANSFERRED_MONEY,UNKNOWN
REL_005539,PERSON_0649,PERSON_0841,TRANSFERRED_MONEY,LIKELY
REL_005540,PERSON_0044,PERSON_0269,TRANSFERRED_MONEY,UNKNOWN
REL_005541,PERSON_0542,PERSON_0952,TRANSFERRED_MONEY,WEAK
REL_005542,PERSON_0771,PERSON_1116,TRANSFERRED_MONEY,UNKNOWN
REL_005543,PERSON_0232,PERSON_0241,TRANSFERRED_MONEY,UNKNOWN
REL_005544,PERSON_0013,PERSON_1018,TRANSFERRED_MONEY,WEAK
REL_005545,PERSON_0757,PERSON_1434,TRANSFERRED_MONEY,UNKNOWN
REL_005546,PERSON_0514,PERSON_0834,TRANSFERRED_MONEY,WEAK
REL_005547,PERSON_0071,PERSON_0113,TRANSFERRED_MONEY,UNKNOWN
REL_005548,PERSON_0018,PERSON_1264,TRANSFERRED_MONEY,LIKELY
REL_005549,PERSON_0494,PERSON_1378,TRANSFERRED_MONEY,LIKELY
REL_005550,PERSON_1018,PERSON_1115,TRANSFERRED_MONEY,LIKELY
REL_005551,PERSON_0159,PERSON_0754,TRANSFERRED_MONEY,WEAK
REL_005552,PERSON_0507,PERSON_1432,TRANSFERRED_MONEY,LIKELY
REL_005553,PERSON_0301,PERSON_1485,TRANSFERRED_MONEY,LIKELY
REL_005554,PERSON_0639,PERSON_0849,TRANSFERRED_MONEY,UNKNOWN
REL_005555,PERSON_0716,PERSON_0976,TRANSFERRED_MONEY,UNKNOWN
REL_005556,PERSON_0574,PERSON_1047,TRANSFERRED_MONEY,UNKNOWN
REL_005557,PERSON_0027,PERSON_0447,TRANSFERRED_MONEY,UNKNOWN
REL_005558,PERSON_0780,PERSON_1007,TRANSFERRED_MONEY,WEAK
REL_005559,PERSON_0512,PERSON_1103,TRANSFERRED_MONEY,UNKNOWN
REL_005560,PERSON_0009,PERSON_0446,TRANSFERRED_MONEY,UNKNOWN
REL_005561,PERSON_0919,PERSON_0983,TRANSFERRED_MONEY,WEAK
REL_005562,PERSON_0067,PERSON_0537,TRANSFERRED_MONEY,LIKELY
REL_005563,PERSON_1179,PERSON_1339,TRANSFERRED_MONEY,LIKELY
REL_005564,PERSON_0233,PERSON_0328,TRANSFERRED_MONEY,WEAK
REL_005565,PERSON_0111,PERSON_0718,TRANSFERRED_MONEY,UNKNOWN
REL_005566,PERSON_0510,PERSON_1194,TRANSFERRED_MONEY,UNKNOWN
REL_005567,PERSON_0187,PERSON_0479,TRANSFERRED_MONEY,WEAK
REL_005568,PERSON_0359,PERSON_1334,TRANSFERRED_MONEY,WEAK
REL_005569,PERSON_0463,PERSON_0669,TRANSFERRED_MONEY,UNKNOWN
REL_005570,PERSON_0663,PERSON_1367,TRANSFERRED_MONEY,LIKELY
REL_005571,PERSON_0072,PERSON_1252,TRANSFERRED_MONEY,UNKNOWN
REL_005572,PERSON_0021,PERSON_0607,TRANSFERRED_MONEY,WEAK
REL_005573,PERSON_0102,PERSON_0669,TRANSFERRED_MONEY,LIKELY
REL_005574,PERSON_0023,PERSON_0694,TRANSFERRED_MONEY,UNKNOWN
REL_005575,PERSON_0539,PERSON_1476,TRANSFERRED_MONEY,LIKELY
REL_005576,PERSON_0872,PERSON_1178,TRANSFERRED_MONEY,WEAK
REL_005577,PERSON_1000,PERSON_1052,TRANSFERRED_MONEY,LIKELY
REL_005578,PERSON_0955,PERSON_1231,TRANSFERRED_MONEY,LIKELY
REL_005579,PERSON_1088,PERSON_1219,TRANSFERRED_MONEY,LIKELY
REL_005580,PERSON_0705,PERSON_1460,TRANSFERRED_MONEY,LIKELY
REL_005581,PERSON_0008,PERSON_1080,TRANSFERRED_MONEY,WEAK
REL_005582,PERSON_0903,PERSON_1469,TRANSFERRED_MONEY,WEAK
REL_005583,PERSON_0507,PERSON_1368,TRANSFERRED_MONEY,UNKNOWN
REL_005584,PERSON_0026,PERSON_0814,TRANSFERRED_MONEY,UNKNOWN
REL_005585,PERSON_0126,PERSON_1297,TRANSFERRED_MONEY,WEAK
REL_005586,PERSON_0408,PERSON_1360,TRANSFERRED_MONEY,LIKELY
REL_005587,PERSON_0611,PERSON_1150,TRANSFERRED_MONEY,LIKELY
REL_005588,PERSON_0499,PERSON_1269,TRANSFERRED_MONEY,LIKELY
REL_005589,PERSON_0348,PERSON_1281,TRANSFERRED_MONEY,UNKNOWN
REL_005590,PERSON_0218,PERSON_0580,TRANSFERRED_MONEY,UNKNOWN
REL_005591,PERSON_0452,PERSON_0594,TRANSFERRED_MONEY,UNKNOWN
REL_005592,PERSON_0564,PERSON_0946,TRANSFERRED_MONEY,LIKELY
REL_005593,PERSON_0370,PERSON_0682,TRANSFERRED_MONEY,LIKELY
REL_005594,PERSON_1194,PERSON_1290,TRANSFERRED_MONEY,UNKNOWN
REL_005595,PERSON_0362,PERSON_1062,TRANSFERRED_MONEY,LIKELY
REL_005596,PERSON_0245,PERSON_0597,TRANSFERRED_MONEY,LIKELY
REL_005597,PERSON_0751,PERSON_0964,TRANSFERRED_MONEY,WEAK
REL_005598,PERSON_0643,PERSON_0830,TRANSFERRED_MONEY,UNKNOWN
REL_005599,PERSON_0106,PERSON_0472,TRANSFERRED_MONEY,UNKNOWN
REL_005600,PERSON_0195,PERSON_0336,TRANSFERRED_MONEY,UNKNOWN
REL_005601,PERSON_0013,PERSON_0651,TRANSFERRED_MONEY,UNKNOWN
REL_005602,PERSON_0511,PERSON_0552,TRANSFERRED_MONEY,LIKELY
REL_005603,PERSON_0558,PERSON_1170,TRANSFERRED_MONEY,WEAK
REL_005604,PERSON_0057,PERSON_0201,TRANSFERRED_MONEY,WEAK
REL_005605,PERSON_0206,PERSON_0719,TRANSFERRED_MONEY,UNKNOWN
REL_005606,PERSON_0142,PERSON_0271,TRANSFERRED_MONEY,LIKELY
REL_005607,PERSON_0443,PERSON_1190,TRANSFERRED_MONEY,UNKNOWN
REL_005608,PERSON_0666,PERSON_1003,TRANSFERRED_MONEY,LIKELY
REL_005609,PERSON_0861,PERSON_1389,TRANSFERRED_MONEY,WEAK
REL_005610,PERSON_0229,PERSON_0667,TRANSFERRED_MONEY,WEAK
REL_005611,PERSON_0575,PERSON_1295,TRANSFERRED_MONEY,WEAK
REL_005612,PERSON_0031,PERSON_0083,TRANSFERRED_MONEY,WEAK
REL_005613,PERSON_0519,PERSON_0693,TRANSFERRED_MONEY,LIKELY
REL_005614,PERSON_0448,PERSON_1128,TRANSFERRED_MONEY,LIKELY
REL_005615,PERSON_0474,PERSON_0667,TRANSFERRED_MONEY,LIKELY
REL_005616,PERSON_0527,PERSON_1281,TRANSFERRED_MONEY,LIKELY
REL_005617,PERSON_0124,PERSON_0805,TRANSFERRED_MONEY,WEAK
REL_005618,PERSON_0321,PERSON_0455,TRANSFERRED_MONEY,LIKELY
REL_005619,PERSON_1189,PERSON_1198,TRANSFERRED_MONEY,WEAK
REL_005620,PERSON_0569,PERSON_1436,TRANSFERRED_MONEY,LIKELY
REL_005621,PERSON_0792,PERSON_1092,TRANSFERRED_MONEY,UNKNOWN
REL_005622,PERSON_0405,PERSON_0606,TRANSFERRED_MONEY,UNKNOWN
REL_005623,PERSON_0907,PERSON_1261,TRANSFERRED_MONEY,WEAK
REL_005624,PERSON_0451,PERSON_1056,TRANSFERRED_MONEY,UNKNOWN
REL_005625,PERSON_0451,PERSON_1198,TRANSFERRED_MONEY,UNKNOWN
REL_005626,PERSON_0072,PERSON_1469,TRANSFERRED_MONEY,WEAK
REL_005627,PERSON_0858,PERSON_1007,TRANSFERRED_MONEY,WEAK
REL_005628,PERSON_0729,PERSON_1080,TRANSFERRED_MONEY,UNKNOWN
REL_005629,PERSON_0278,PERSON_0531,TRANSFERRED_MONEY,WEAK
REL_005630,PERSON_0692,PERSON_1031,TRANSFERRED_MONEY,WEAK
REL_005631,PERSON_1190,PERSON_1405,TRANSFERRED_MONEY,WEAK
REL_005632,PERSON_0738,PERSON_0926,TRANSFERRED_MONEY,UNKNOWN
REL_005633,PERSON_0201,PERSON_1366,TRANSFERRED_MONEY,LIKELY
REL_005634,PERSON_0187,PERSON_0752,TRANSFERRED_MONEY,LIKELY
REL_005635,PERSON_0857,PERSON_1276,TRANSFERRED_MONEY,UNKNOWN
REL_005636,PERSON_0211,PERSON_1023,TRANSFERRED_MONEY,LIKELY
REL_005637,PERSON_0896,PERSON_1459,TRANSFERRED_MONEY,UNKNOWN
REL_005638,PERSON_0508,PERSON_0700,TRANSFERRED_MONEY,LIKELY
REL_005639,PERSON_0404,PERSON_1261,TRANSFERRED_MONEY,UNKNOWN
REL_005640,PERSON_0994,PERSON_1150,TRANSFERRED_MONEY,UNKNOWN
REL_005641,PERSON_0588,PERSON_1380,TRANSFERRED_MONEY,UNKNOWN
REL_005642,PERSON_0332,PERSON_0368,TRANSFERRED_MONEY,WEAK
REL_005643,PERSON_0549,PERSON_0826,TRANSFERRED_MONEY,WEAK
REL_005644,PERSON_0385,PERSON_1495,TRANSFERRED_MONEY,UNKNOWN
REL_005645,PERSON_0735,PERSON_1382,TRANSFERRED_MONEY,WEAK
REL_005646,PERSON_0474,PERSON_0858,TRANSFERRED_MONEY,WEAK
REL_005647,PERSON_0096,PERSON_1310,TRANSFERRED_MONEY,UNKNOWN
REL_005648,PERSON_0677,PERSON_1132,TRANSFERRED_MONEY,UNKNOWN
REL_005649,PERSON_0680,PERSON_1217,TRANSFERRED_MONEY,LIKELY
REL_005650,PERSON_0756,PERSON_1008,TRANSFERRED_MONEY,LIKELY
REL_005651,PERSON_1116,PERSON_1498,TRANSFERRED_MONEY,LIKELY
REL_005652,PERSON_0285,PERSON_0880,TRANSFERRED_MONEY,LIKELY
REL_005653,PERSON_0129,PERSON_0821,TRANSFERRED_MONEY,WEAK
REL_005654,PERSON_1048,PERSON_1166,TRANSFERRED_MONEY,UNKNOWN
REL_005655,PERSON_0366,PERSON_1447,TRANSFERRED_MONEY,UNKNOWN
REL_005656,PERSON_0392,PERSON_1338,TRANSFERRED_MONEY,UNKNOWN
REL_005657,PERSON_0341,PERSON_0535,TRANSFERRED_MONEY,UNKNOWN
REL_005658,PERSON_0263,PERSON_0909,TRANSFERRED_MONEY,LIKELY
REL_005659,PERSON_1128,PERSON_1345,TRANSFERRED_MONEY,LIKELY
REL_005660,PERSON_0141,PERSON_1133,TRANSFERRED_MONEY,LIKELY
REL_005661,PERSON_0254,PERSON_0571,TRANSFERRED_MONEY,UNKNOWN
REL_005662,PERSON_0652,PERSON_1476,TRANSFERRED_MONEY,LIKELY
REL_005663,PERSON_0247,PERSON_0919,TRANSFERRED_MONEY,UNKNOWN
REL_005664,PERSON_0858,PERSON_1145,TRANSFERRED_MONEY,UNKNOWN
REL_005665,PERSON_0009,PERSON_0641,TRANSFERRED_MONEY,UNKNOWN
REL_005666,PERSON_0469,PERSON_0970,TRANSFERRED_MONEY,LIKELY
REL_005667,PERSON_0348,PERSON_0598,TRANSFERRED_MONEY,UNKNOWN
REL_005668,PERSON_0468,PERSON_0769,TRANSFERRED_MONEY,WEAK
REL_005669,PERSON_0128,PERSON_0818,TRANSFERRED_MONEY,UNKNOWN
REL_005670,PERSON_0061,PERSON_0161,TRANSFERRED_MONEY,LIKELY
REL_005671,PERSON_0257,PERSON_0285,TRANSFERRED_MONEY,UNKNOWN
REL_005672,PERSON_0317,PERSON_0931,TRANSFERRED_MONEY,UNKNOWN
REL_005673,PERSON_0410,PERSON_0983,TRANSFERRED_MONEY,UNKNOWN
REL_005674,PERSON_0397,PERSON_1222,TRANSFERRED_MONEY,LIKELY
REL_005675,PERSON_0726,PERSON_1450,TRANSFERRED_MONEY,UNKNOWN
REL_005676,PERSON_0180,PERSON_0405,TRANSFERRED_MONEY,UNKNOWN
REL_005677,PERSON_0909,PERSON_1133,TRANSFERRED_MONEY,LIKELY
REL_005678,PERSON_0916,PERSON_0971,TRANSFERRED_MONEY,WEAK
REL_005679,PERSON_0327,PERSON_1064,TRANSFERRED_MONEY,WEAK
REL_005680,PERSON_0046,PERSON_1459,TRANSFERRED_MONEY,UNKNOWN
REL_005681,PERSON_0242,PERSON_0417,TRANSFERRED_MONEY,LIKELY
REL_005682,PERSON_0717,PERSON_1376,TRANSFERRED_MONEY,WEAK
REL_005683,PERSON_0071,PERSON_0306,TRANSFERRED_MONEY,LIKELY
REL_005684,PERSON_0689,PERSON_0983,TRANSFERRED_MONEY,UNKNOWN
REL_005685,PERSON_0447,PERSON_0811,TRANSFERRED_MONEY,UNKNOWN
REL_005686,PERSON_1087,PERSON_1363,TRANSFERRED_MONEY,LIKELY
REL_005687,PERSON_0692,PERSON_1398,TRANSFERRED_MONEY,UNKNOWN
REL_005688,PERSON_0594,PERSON_0984,TRANSFERRED_MONEY,UNKNOWN
REL_005689,PERSON_0456,PERSON_0571,TRANSFERRED_MONEY,WEAK
REL_005690,PERSON_0008,PERSON_0713,TRANSFERRED_MONEY,UNKNOWN
REL_005691,PERSON_0254,PERSON_0355,TRANSFERRED_MONEY,UNKNOWN
REL_005692,PERSON_0088,PERSON_1107,TRANSFERRED_MONEY,WEAK
REL_005693,PERSON_0039,PERSON_1398,TRANSFERRED_MONEY,UNKNOWN
REL_005694,PERSON_0044,PERSON_0936,TRANSFERRED_MONEY,UNKNOWN
REL_005695,PERSON_0612,PERSON_1313,TRANSFERRED_MONEY,WEAK
REL_005696,PERSON_0165,PERSON_0360,TRANSFERRED_MONEY,LIKELY
REL_005697,PERSON_0500,PERSON_1228,TRANSFERRED_MONEY,UNKNOWN
REL_005698,PERSON_0400,PERSON_1146,TRANSFERRED_MONEY,WEAK
REL_005699,PERSON_0027,PERSON_0174,TRANSFERRED_MONEY,UNKNOWN
REL_005700,PERSON_1170,PERSON_1498,TRANSFERRED_MONEY,UNKNOWN
REL_005701,PERSON_0811,PERSON_1251,TRANSFERRED_MONEY,UNKNOWN
REL_005702,PERSON_0694,PERSON_1304,TRANSFERRED_MONEY,LIKELY
REL_005703,PERSON_0448,PERSON_1482,TRANSFERRED_MONEY,WEAK
REL_005704,PERSON_0205,PERSON_0745,TRANSFERRED_MONEY,UNKNOWN
REL_005705,PERSON_0043,PERSON_0684,TRANSFERRED_MONEY,WEAK
REL_005706,PERSON_0821,PERSON_1246,TRANSFERRED_MONEY,WEAK
REL_005707,PERSON_0549,PERSON_1012,TRANSFERRED_MONEY,UNKNOWN
REL_005708,PERSON_0138,PERSON_0451,TRANSFERRED_MONEY,UNKNOWN
REL_005709,PERSON_0729,PERSON_1414,TRANSFERRED_MONEY,LIKELY
REL_005710,PERSON_0376,PERSON_1461,TRANSFERRED_MONEY,UNKNOWN
REL_005711,PERSON_0265,PERSON_0493,TRANSFERRED_MONEY,WEAK
REL_005712,PERSON_1331,PERSON_1474,TRANSFERRED_MONEY,LIKELY
REL_005713,PERSON_0465,PERSON_1316,TRANSFERRED_MONEY,WEAK
REL_005714,PERSON_0165,PERSON_0385,TRANSFERRED_MONEY,WEAK
REL_005715,PERSON_0708,PERSON_1483,TRANSFERRED_MONEY,WEAK
REL_005716,PERSON_0761,PERSON_1219,TRANSFERRED_MONEY,WEAK
REL_005717,PERSON_0380,PERSON_1273,TRANSFERRED_MONEY,WEAK
REL_005718,PERSON_0916,PERSON_1016,TRANSFERRED_MONEY,LIKELY
REL_005719,PERSON_0738,PERSON_1308,TRANSFERRED_MONEY,UNKNOWN
REL_005720,PERSON_0747,PERSON_1232,TRANSFERRED_MONEY,UNKNOWN
REL_005721,PERSON_0919,PERSON_1118,TRANSFERRED_MONEY,WEAK
REL_005722,PERSON_0054,PERSON_0978,TRANSFERRED_MONEY,UNKNOWN
REL_005723,PERSON_0021,PERSON_0936,TRANSFERRED_MONEY,WEAK
REL_005724,PERSON_0260,PERSON_1012,TRANSFERRED_MONEY,WEAK
REL_005725,PERSON_0340,PERSON_0741,TRANSFERRED_MONEY,WEAK
REL_005726,PERSON_0801,PERSON_1384,TRANSFERRED_MONEY,UNKNOWN
REL_005727,PERSON_0537,PERSON_1271,TRANSFERRED_MONEY,UNKNOWN
REL_005728,PERSON_0194,PERSON_0199,TRANSFERRED_MONEY,UNKNOWN
REL_005729,PERSON_0154,PERSON_0916,TRANSFERRED_MONEY,WEAK
REL_005730,PERSON_0735,PERSON_1228,TRANSFERRED_MONEY,WEAK
REL_005731,PERSON_0501,PERSON_1463,TRANSFERRED_MONEY,WEAK
REL_005732,PERSON_0474,PERSON_0872,TRANSFERRED_MONEY,LIKELY
REL_005733,PERSON_0978,PERSON_1088,TRANSFERRED_MONEY,WEAK
REL_005734,PERSON_0468,PERSON_1160,TRANSFERRED_MONEY,WEAK
REL_005735,PERSON_1034,PERSON_1447,TRANSFERRED_MONEY,WEAK
REL_005736,PERSON_0938,PERSON_1414,TRANSFERRED_MONEY,LIKELY
REL_005737,PERSON_0575,PERSON_0888,TRANSFERRED_MONEY,WEAK
REL_005738,PERSON_0693,PERSON_1018,TRANSFERRED_MONEY,UNKNOWN
REL_005739,PERSON_0250,PERSON_0559,TRANSFERRED_MONEY,LIKELY
REL_005740,PERSON_0352,PERSON_1016,TRANSFERRED_MONEY,LIKELY
REL_005741,PERSON_0725,PERSON_0771,TRANSFERRED_MONEY,UNKNOWN
REL_005742,PERSON_0466,PERSON_0725,TRANSFERRED_MONEY,LIKELY
REL_005743,PERSON_0717,PERSON_1171,TRANSFERRED_MONEY,WEAK
REL_005744,PERSON_0352,PERSON_0362,TRANSFERRED_MONEY,UNKNOWN
REL_005745,PERSON_0113,PERSON_0302,TRANSFERRED_MONEY,UNKNOWN
REL_005746,PERSON_0838,PERSON_0978,TRANSFERRED_MONEY,LIKELY
REL_005747,PERSON_0347,PERSON_0405,TRANSFERRED_MONEY,UNKNOWN
REL_005748,PERSON_1129,PERSON_1447,TRANSFERRED_MONEY,WEAK
REL_005749,PERSON_1264,PERSON_1296,TRANSFERRED_MONEY,LIKELY
REL_005750,PERSON_0041,PERSON_0732,TRANSFERRED_MONEY,UNKNOWN
REL_005751,PERSON_0390,PERSON_1044,TRANSFERRED_MONEY,WEAK
REL_005752,PERSON_0410,PERSON_0549,TRANSFERRED_MONEY,LIKELY
REL_005753,PERSON_0257,PERSON_0681,TRANSFERRED_MONEY,LIKELY
REL_005754,PERSON_0696,PERSON_1477,TRANSFERRED_MONEY,LIKELY
REL_005755,PERSON_0284,PERSON_1499,TRANSFERRED_MONEY,LIKELY
REL_005756,PERSON_0472,PERSON_0502,TRANSFERRED_MONEY,LIKELY
REL_005757,PERSON_0380,PERSON_1247,TRANSFERRED_MONEY,UNKNOWN
REL_005758,PERSON_0689,PERSON_0937,TRANSFERRED_MONEY,LIKELY
REL_005759,PERSON_0607,PERSON_1163,TRANSFERRED_MONEY,WEAK
REL_005760,PERSON_1127,PERSON_1159,TRANSFERRED_MONEY,UNKNOWN
REL_005761,PERSON_0569,PERSON_1414,TRANSFERRED_MONEY,UNKNOWN
REL_005762,PERSON_0139,PERSON_0188,TRANSFERRED_MONEY,WEAK
REL_005763,PERSON_0172,PERSON_1204,TRANSFERRED_MONEY,UNKNOWN
REL_005764,PERSON_0031,PERSON_0089,TRANSFERRED_MONEY,UNKNOWN
REL_005765,PERSON_0188,PERSON_0642,TRANSFERRED_MONEY,UNKNOWN
REL_005766,PERSON_0138,PERSON_1369,TRANSFERRED_MONEY,LIKELY
REL_005767,PERSON_0201,PERSON_0965,TRANSFERRED_MONEY,WEAK
REL_005768,PERSON_0685,PERSON_0727,TRANSFERRED_MONEY,WEAK
REL_005769,PERSON_0386,PERSON_1334,TRANSFERRED_MONEY,UNKNOWN
REL_005770,PERSON_0591,PERSON_0665,TRANSFERRED_MONEY,LIKELY
REL_005771,PERSON_0486,PERSON_1459,TRANSFERRED_MONEY,WEAK
REL_005772,PERSON_0194,PERSON_1424,TRANSFERRED_MONEY,LIKELY
REL_005773,PERSON_0048,PERSON_0636,TRANSFERRED_MONEY,UNKNOWN
REL_005774,PERSON_0726,PERSON_0799,TRANSFERRED_MONEY,UNKNOWN
REL_005775,PERSON_1226,PERSON_1448,TRANSFERRED_MONEY,UNKNOWN
REL_005776,PERSON_0326,PERSON_0603,TRANSFERRED_MONEY,WEAK
REL_005777,PERSON_0232,PERSON_0325,TRANSFERRED_MONEY,WEAK
REL_005778,PERSON_0964,PERSON_1207,TRANSFERRED_MONEY,LIKELY
REL_005779,PERSON_0512,PERSON_0838,TRANSFERRED_MONEY,WEAK
REL_005780,PERSON_0539,PERSON_1288,TRANSFERRED_MONEY,WEAK
REL_005781,PERSON_0894,PERSON_1280,TRANSFERRED_MONEY,UNKNOWN
REL_005782,PERSON_0473,PERSON_0977,TRANSFERRED_MONEY,LIKELY
REL_005783,PERSON_0870,PERSON_1166,TRANSFERRED_MONEY,LIKELY
REL_005784,PERSON_0532,PERSON_0727,TRANSFERRED_MONEY,UNKNOWN
REL_005785,PERSON_0782,PERSON_1163,TRANSFERRED_MONEY,LIKELY
REL_005786,PERSON_0241,PERSON_1461,TRANSFERRED_MONEY,WEAK
REL_005787,PERSON_0899,PERSON_1048,TRANSFERRED_MONEY,WEAK
REL_005788,PERSON_0064,PERSON_0950,TRANSFERRED_MONEY,WEAK
REL_005789,PERSON_0582,PERSON_0789,TRANSFERRED_MONEY,UNKNOWN
REL_005790,PERSON_0906,PERSON_1303,TRANSFERRED_MONEY,WEAK
REL_005791,PERSON_0597,PERSON_1056,TRANSFERRED_MONEY,WEAK
REL_005792,PERSON_0238,PERSON_0490,TRANSFERRED_MONEY,WEAK
REL_005793,PERSON_0411,PERSON_0511,TRANSFERRED_MONEY,WEAK
REL_005794,PERSON_0256,PERSON_0597,TRANSFERRED_MONEY,UNKNOWN
REL_005795,PERSON_0526,PERSON_1369,TRANSFERRED_MONEY,UNKNOWN
REL_005796,PERSON_0059,PERSON_0894,TRANSFERRED_MONEY,UNKNOWN
REL_005797,PERSON_0290,PERSON_1431,TRANSFERRED_MONEY,UNKNOWN
REL_005798,PERSON_0005,PERSON_1319,TRANSFERRED_MONEY,LIKELY
REL_005799,PERSON_0084,PERSON_0131,TRANSFERRED_MONEY,LIKELY
REL_005800,PERSON_0317,PERSON_1395,TRANSFERRED_MONEY,UNKNOWN
REL_005801,PERSON_0421,PERSON_0486,TRANSFERRED_MONEY,UNKNOWN
REL_005802,PERSON_0974,PERSON_1495,TRANSFERRED_MONEY,UNKNOWN
REL_005803,PERSON_0558,PERSON_1341,TRANSFERRED_MONEY,LIKELY
REL_005804,PERSON_0978,PERSON_1353,TRANSFERRED_MONEY,LIKELY
REL_005805,PERSON_0857,PERSON_1433,TRANSFERRED_MONEY,WEAK
REL_005806,PERSON_0621,PERSON_0881,TRANSFERRED_MONEY,WEAK
REL_005807,PERSON_0174,PERSON_0208,TRANSFERRED_MONEY,LIKELY
REL_005808,PERSON_0603,PERSON_1285,TRANSFERRED_MONEY,WEAK
REL_005809,PERSON_1490,PERSON_1493,TRANSFERRED_MONEY,LIKELY
REL_005810,PERSON_0190,PERSON_0464,TRANSFERRED_MONEY,WEAK
REL_005811,PERSON_0013,PERSON_0164,TRANSFERRED_MONEY,UNKNOWN
REL_005812,PERSON_0652,PERSON_1300,TRANSFERRED_MONEY,WEAK
REL_005813,PERSON_0446,PERSON_0886,TRANSFERRED_MONEY,UNKNOWN
REL_005814,PERSON_0864,PERSON_1116,TRANSFERRED_MONEY,WEAK
REL_005815,PERSON_1045,PERSON_1319,TRANSFERRED_MONEY,LIKELY
REL_005816,PERSON_0257,PERSON_1242,TRANSFERRED_MONEY,UNKNOWN
REL_005817,PERSON_0118,PERSON_0351,TRANSFERRED_MONEY,WEAK
REL_005818,PERSON_0842,PERSON_0886,TRANSFERRED_MONEY,WEAK
REL_005819,PERSON_0139,PERSON_0675,TRANSFERRED_MONEY,UNKNOWN
REL_005820,PERSON_0579,PERSON_1429,TRANSFERRED_MONEY,UNKNOWN
REL_005821,PERSON_0881,PERSON_1365,TRANSFERRED_MONEY,UNKNOWN
REL_005822,PERSON_0214,PERSON_1119,TRANSFERRED_MONEY,WEAK
REL_005823,PERSON_0020,PERSON_1213,TRANSFERRED_MONEY,LIKELY
REL_005824,PERSON_0524,PERSON_0755,TRANSFERRED_MONEY,UNKNOWN
REL_005825,PERSON_0328,PERSON_0510,TRANSFERRED_MONEY,WEAK
REL_005826,PERSON_0370,PERSON_1262,TRANSFERRED_MONEY,UNKNOWN
REL_005827,PERSON_0187,PERSON_1059,TRANSFERRED_MONEY,UNKNOWN
REL_005828,PERSON_0830,PERSON_1463,TRANSFERRED_MONEY,UNKNOWN
REL_005829,PERSON_0708,PERSON_0975,TRANSFERRED_MONEY,LIKELY
REL_005830,PERSON_0657,PERSON_0780,TRANSFERRED_MONEY,UNKNOWN
REL_005831,PERSON_0392,PERSON_1233,TRANSFERRED_MONEY,UNKNOWN
REL_005832,PERSON_0888,PERSON_1128,TRANSFERRED_MONEY,UNKNOWN
REL_005833,PERSON_0398,PERSON_0705,TRANSFERRED_MONEY,UNKNOWN
REL_005834,PERSON_0260,PERSON_1044,TRANSFERRED_MONEY,UNKNOWN
REL_005835,PERSON_0315,PERSON_1396,TRANSFERRED_MONEY,WEAK
REL_005836,PERSON_0778,PERSON_1189,TRANSFERRED_MONEY,LIKELY
REL_005837,PERSON_1188,PERSON_1417,TRANSFERRED_MONEY,LIKELY
REL_005838,PERSON_0243,PERSON_0335,TRANSFERRED_MONEY,LIKELY
REL_005839,PERSON_0041,PERSON_1088,TRANSFERRED_MONEY,LIKELY
REL_005840,PERSON_0309,PERSON_1084,TRANSFERRED_MONEY,WEAK
REL_005841,PERSON_0708,PERSON_0752,TRANSFERRED_MONEY,WEAK
REL_005842,PERSON_0460,PERSON_0948,TRANSFERRED_MONEY,LIKELY
REL_005843,PERSON_0758,PERSON_1154,TRANSFERRED_MONEY,UNKNOWN
REL_005844,PERSON_0373,PERSON_1493,TRANSFERRED_MONEY,UNKNOWN
REL_005845,PERSON_0888,PERSON_1482,TRANSFERRED_MONEY,WEAK
REL_005846,PERSON_1329,PERSON_1396,TRANSFERRED_MONEY,LIKELY
REL_005847,PERSON_0977,PERSON_1203,TRANSFERRED_MONEY,WEAK
REL_005848,PERSON_0738,PERSON_1186,TRANSFERRED_MONEY,LIKELY
REL_005849,PERSON_0936,PERSON_1268,TRANSFERRED_MONEY,WEAK
REL_005850,PERSON_0392,PERSON_0486,TRANSFERRED_MONEY,LIKELY
REL_005851,PERSON_0013,PERSON_1188,TRANSFERRED_MONEY,WEAK
REL_005852,PERSON_0199,PERSON_0692,TRANSFERRED_MONEY,WEAK
REL_005853,PERSON_0083,PERSON_1413,TRANSFERRED_MONEY,UNKNOWN
REL_005854,PERSON_0517,PERSON_0833,TRANSFERRED_MONEY,WEAK
REL_005855,PERSON_1068,PERSON_1396,TRANSFERRED_MONEY,LIKELY
REL_005856,PERSON_0263,PERSON_1229,TRANSFERRED_MONEY,WEAK
REL_005857,PERSON_0138,PERSON_1183,TRANSFERRED_MONEY,WEAK
REL_005858,PERSON_0587,PERSON_1132,TRANSFERRED_MONEY,UNKNOWN
REL_005859,PERSON_0376,PERSON_1039,TRANSFERRED_MONEY,WEAK
REL_005860,PERSON_0138,PERSON_1016,TRANSFERRED_MONEY,WEAK
REL_005861,PERSON_0099,PERSON_0672,TRANSFERRED_MONEY,WEAK
REL_005862,PERSON_0084,PERSON_0537,TRANSFERRED_MONEY,UNKNOWN
REL_005863,PERSON_0007,PERSON_1071,TRANSFERRED_MONEY,UNKNOWN
REL_005864,PERSON_0588,PERSON_0716,TRANSFERRED_MONEY,UNKNOWN
REL_005865,PERSON_1187,PERSON_1372,TRANSFERRED_MONEY,WEAK
REL_005866,PERSON_0409,PERSON_0743,TRANSFERRED_MONEY,UNKNOWN
REL_005867,PERSON_0465,PERSON_1337,TRANSFERRED_MONEY,UNKNOWN
REL_005868,PERSON_0169,PERSON_1310,TRANSFERRED_MONEY,UNKNOWN
REL_005869,PERSON_0678,PERSON_1428,TRANSFERRED_MONEY,UNKNOWN
REL_005870,PERSON_0075,PERSON_0717,TRANSFERRED_MONEY,LIKELY
REL_005871,PERSON_1252,PERSON_1353,TRANSFERRED_MONEY,UNKNOWN
REL_005872,PERSON_0485,PERSON_0787,TRANSFERRED_MONEY,WEAK
REL_005873,PERSON_0884,PERSON_1266,TRANSFERRED_MONEY,WEAK
REL_005874,PERSON_0888,PERSON_0896,TRANSFERRED_MONEY,LIKELY
REL_005875,PERSON_0273,PERSON_1088,TRANSFERRED_MONEY,UNKNOWN
REL_005876,PERSON_0537,PERSON_1252,TRANSFERRED_MONEY,UNKNOWN
REL_005877,PERSON_0919,PERSON_1044,TRANSFERRED_MONEY,UNKNOWN
REL_005878,PERSON_0416,PERSON_1024,TRANSFERRED_MONEY,WEAK
REL_005879,PERSON_0817,PERSON_1452,TRANSFERRED_MONEY,UNKNOWN
REL_005880,PERSON_1106,PERSON_1485,TRANSFERRED_MONEY,WEAK
REL_005881,PERSON_0916,PERSON_1440,TRANSFERRED_MONEY,LIKELY
REL_005882,PERSON_0961,PERSON_1202,TRANSFERRED_MONEY,UNKNOWN
REL_005883,PERSON_1009,PERSON_1453,TRANSFERRED_MONEY,WEAK
REL_005884,PERSON_0071,PERSON_0964,TRANSFERRED_MONEY,WEAK
REL_005885,PERSON_0699,PERSON_1077,TRANSFERRED_MONEY,UNKNOWN
REL_005886,PERSON_1076,PERSON_1313,TRANSFERRED_MONEY,WEAK
REL_005887,PERSON_0089,PERSON_0594,TRANSFERRED_MONEY,LIKELY
REL_005888,PERSON_0032,PERSON_0493,TRANSFERRED_MONEY,LIKELY
REL_005889,PERSON_0705,PERSON_1226,TRANSFERRED_MONEY,UNKNOWN
REL_005890,PERSON_0510,PERSON_1412,TRANSFERRED_MONEY,UNKNOWN
REL_005891,PERSON_0631,PERSON_1228,TRANSFERRED_MONEY,UNKNOWN
REL_005892,PERSON_0039,PERSON_1480,TRANSFERRED_MONEY,WEAK
REL_005893,PERSON_1174,PERSON_1353,TRANSFERRED_MONEY,UNKNOWN
REL_005894,PERSON_1341,PERSON_1384,TRANSFERRED_MONEY,UNKNOWN
REL_005895,PERSON_0523,PERSON_0755,TRANSFERRED_MONEY,UNKNOWN
REL_005896,PERSON_0502,PERSON_1356,TRANSFERRED_MONEY,WEAK
REL_005897,PERSON_0595,PERSON_0968,TRANSFERRED_MONEY,UNKNOWN
REL_005898,PERSON_0877,PERSON_0978,TRANSFERRED_MONEY,UNKNOWN
REL_005899,PERSON_0725,PERSON_1330,TRANSFERRED_MONEY,UNKNOWN
REL_005900,PERSON_0514,PERSON_0591,TRANSFERRED_MONEY,WEAK
REL_005901,PERSON_0489,PERSON_1273,TRANSFERRED_MONEY,UNKNOWN
REL_005902,PERSON_0410,PERSON_0876,TRANSFERRED_MONEY,WEAK
REL_005903,PERSON_0167,PERSON_1479,TRANSFERRED_MONEY,LIKELY
REL_005904,PERSON_0029,PERSON_0759,TRANSFERRED_MONEY,LIKELY
REL_005905,PERSON_0164,PERSON_0680,TRANSFERRED_MONEY,LIKELY
REL_005906,PERSON_1344,PERSON_1466,TRANSFERRED_MONEY,WEAK
REL_005907,PERSON_0247,PERSON_0921,TRANSFERRED_MONEY,UNKNOWN
REL_005908,PERSON_0949,PERSON_0962,TRANSFERRED_MONEY,WEAK
REL_005909,PERSON_0263,PERSON_0389,TRANSFERRED_MONEY,LIKELY
REL_005910,PERSON_0273,PERSON_1158,TRANSFERRED_MONEY,UNKNOWN
REL_005911,PERSON_0022,PERSON_0286,TRANSFERRED_MONEY,UNKNOWN
REL_005912,PERSON_0396,PERSON_0720,TRANSFERRED_MONEY,LIKELY
REL_005913,PERSON_0512,PERSON_1223,TRANSFERRED_MONEY,UNKNOWN
REL_005914,PERSON_0720,PERSON_1493,TRANSFERRED_MONEY,LIKELY
REL_005915,PERSON_0148,PERSON_0720,TRANSFERRED_MONEY,WEAK
REL_005916,PERSON_0446,PERSON_1443,TRANSFERRED_MONEY,UNKNOWN
REL_005917,PERSON_0769,PERSON_1436,TRANSFERRED_MONEY,LIKELY
REL_005918,PERSON_0161,PERSON_1269,TRANSFERRED_MONEY,WEAK
REL_005919,PERSON_0339,PERSON_0349,TRANSFERRED_MONEY,WEAK
REL_005920,PERSON_0009,PERSON_1042,TRANSFERRED_MONEY,WEAK
REL_005921,PERSON_0411,PERSON_0566,TRANSFERRED_MONEY,UNKNOWN
REL_005922,PERSON_0718,PERSON_1158,TRANSFERRED_MONEY,LIKELY
REL_005923,PERSON_0326,PERSON_0542,TRANSFERRED_MONEY,WEAK
REL_005924,PERSON_0659,PERSON_0829,TRANSFERRED_MONEY,UNKNOWN
REL_005925,PERSON_1115,PERSON_1432,TRANSFERRED_MONEY,UNKNOWN
REL_005926,PERSON_0050,PERSON_0571,TRANSFERRED_MONEY,WEAK
REL_005927,PERSON_0067,PERSON_0972,TRANSFERRED_MONEY,LIKELY
REL_005928,PERSON_0243,PERSON_0554,TRANSFERRED_MONEY,WEAK
REL_005929,PERSON_0368,PERSON_1347,TRANSFERRED_MONEY,UNKNOWN
REL_005930,PERSON_0049,PERSON_1180,TRANSFERRED_MONEY,LIKELY
REL_005931,PERSON_0368,PERSON_0739,TRANSFERRED_MONEY,UNKNOWN
REL_005932,PERSON_0020,PERSON_1103,TRANSFERRED_MONEY,LIKELY
REL_005933,PERSON_0638,PERSON_1369,TRANSFERRED_MONEY,WEAK
REL_005934,PERSON_0309,PERSON_0875,TRANSFERRED_MONEY,UNKNOWN
REL_005935,PERSON_0713,PERSON_0779,TRANSFERRED_MONEY,UNKNOWN
REL_005936,PERSON_1127,PERSON_1293,TRANSFERRED_MONEY,LIKELY
REL_005937,PERSON_0250,PERSON_0680,TRANSFERRED_MONEY,LIKELY
REL_005938,PERSON_0539,PERSON_1283,TRANSFERRED_MONEY,UNKNOWN
REL_005939,PERSON_0877,PERSON_1165,TRANSFERRED_MONEY,LIKELY
REL_005940,PERSON_0950,PERSON_1398,TRANSFERRED_MONEY,WEAK
REL_005941,PERSON_0022,PERSON_0669,TRANSFERRED_MONEY,UNKNOWN
REL_005942,PERSON_1188,PERSON_1333,TRANSFERRED_MONEY,UNKNOWN
REL_005943,PERSON_0838,PERSON_1117,TRANSFERRED_MONEY,WEAK
REL_005944,PERSON_0311,PERSON_0651,TRANSFERRED_MONEY,WEAK
REL_005945,PERSON_0025,PERSON_0316,TRANSFERRED_MONEY,WEAK
REL_005946,PERSON_0169,PERSON_0700,TRANSFERRED_MONEY,WEAK
REL_005947,PERSON_0415,PERSON_1060,TRANSFERRED_MONEY,LIKELY
REL_005948,PERSON_0022,PERSON_0443,TRANSFERRED_MONEY,WEAK
REL_005949,PERSON_0811,PERSON_1341,TRANSFERRED_MONEY,UNKNOWN
REL_005950,PERSON_0789,PERSON_1237,TRANSFERRED_MONEY,UNKNOWN
REL_005951,PERSON_0758,PERSON_1207,TRANSFERRED_MONEY,UNKNOWN
REL_005952,PERSON_1103,PERSON_1173,TRANSFERRED_MONEY,LIKELY
REL_005953,PERSON_0058,PERSON_0657,TRANSFERRED_MONEY,LIKELY
REL_005954,PERSON_0431,PERSON_0573,TRANSFERRED_MONEY,UNKNOWN
REL_005955,PERSON_0396,PERSON_1319,TRANSFERRED_MONEY,WEAK
REL_005956,PERSON_0306,PERSON_1369,TRANSFERRED_MONEY,LIKELY
REL_005957,PERSON_1072,PERSON_1474,TRANSFERRED_MONEY,WEAK
REL_005958,PERSON_0588,PERSON_1198,TRANSFERRED_MONEY,WEAK
REL_005959,PERSON_0410,PERSON_0562,TRANSFERRED_MONEY,LIKELY
REL_005960,PERSON_0486,PERSON_0689,TRANSFERRED_MONEY,LIKELY
REL_005961,PERSON_0142,PERSON_0792,TRANSFERRED_MONEY,LIKELY
REL_005962,PERSON_0057,PERSON_1206,TRANSFERRED_MONEY,LIKELY
REL_005963,PERSON_1131,PERSON_1237,TRANSFERRED_MONEY,WEAK
REL_005964,PERSON_0934,PERSON_1064,TRANSFERRED_MONEY,UNKNOWN
REL_005965,PERSON_0454,PERSON_1289,TRANSFERRED_MONEY,WEAK
REL_005966,PERSON_0378,PERSON_0881,TRANSFERRED_MONEY,UNKNOWN
REL_005967,PERSON_0341,PERSON_1178,TRANSFERRED_MONEY,WEAK
REL_005968,PERSON_0387,PERSON_0558,TRANSFERRED_MONEY,LIKELY
REL_005969,PERSON_0379,PERSON_0517,TRANSFERRED_MONEY,UNKNOWN
REL_005970,PERSON_0044,PERSON_0114,TRANSFERRED_MONEY,UNKNOWN
REL_005971,PERSON_0446,PERSON_0469,TRANSFERRED_MONEY,LIKELY
REL_005972,PERSON_0210,PERSON_0788,TRANSFERRED_MONEY,LIKELY
REL_005973,PERSON_0081,PERSON_1131,TRANSFERRED_MONEY,WEAK
REL_005974,PERSON_1428,PERSON_1447,TRANSFERRED_MONEY,WEAK
REL_005975,PERSON_0456,PERSON_0737,TRANSFERRED_MONEY,UNKNOWN
REL_005976,PERSON_0336,PERSON_1412,TRANSFERRED_MONEY,WEAK
REL_005977,PERSON_1127,PERSON_1222,TRANSFERRED_MONEY,UNKNOWN
REL_005978,PERSON_0490,PERSON_0784,TRANSFERRED_MONEY,LIKELY
REL_005979,PERSON_0081,PERSON_0190,TRANSFERRED_MONEY,LIKELY
REL_005980,PERSON_0472,PERSON_0801,TRANSFERRED_MONEY,WEAK
REL_005981,PERSON_0719,PERSON_1273,TRANSFERRED_MONEY,WEAK
REL_005982,PERSON_0008,PERSON_0207,TRANSFERRED_MONEY,UNKNOWN
REL_005983,PERSON_0023,PERSON_0174,TRANSFERRED_MONEY,WEAK
REL_005984,PERSON_0097,PERSON_0395,TRANSFERRED_MONEY,UNKNOWN
REL_005985,PERSON_1003,PERSON_1431,TRANSFERRED_MONEY,WEAK
REL_005986,PERSON_0265,PERSON_0909,TRANSFERRED_MONEY,LIKELY
REL_005987,PERSON_1074,PERSON_1459,TRANSFERRED_MONEY,LIKELY
REL_005988,PERSON_0112,PERSON_0320,TRANSFERRED_MONEY,WEAK
REL_005989,PERSON_0349,PERSON_0810,TRANSFERRED_MONEY,LIKELY
REL_005990,PERSON_0083,PERSON_0752,TRANSFERRED_MONEY,WEAK
REL_005991,PERSON_0097,PERSON_0142,TRANSFERRED_MONEY,UNKNOWN
REL_005992,PERSON_0362,PERSON_0573,TRANSFERRED_MONEY,UNKNOWN
REL_005993,PERSON_0026,PERSON_0436,TRANSFERRED_MONEY,UNKNOWN
REL_005994,PERSON_0265,PERSON_0688,TRANSFERRED_MONEY,LIKELY
REL_005995,PERSON_0149,PERSON_1264,TRANSFERRED_MONEY,WEAK
REL_005996,PERSON_0208,PERSON_0701,TRANSFERRED_MONEY,WEAK
REL_005997,PERSON_0672,PERSON_0880,TRANSFERRED_MONEY,UNKNOWN
REL_005998,PERSON_0300,PERSON_0753,TRANSFERRED_MONEY,UNKNOWN
REL_005999,PERSON_0465,PERSON_1422,TRANSFERRED_MONEY,WEAK
REL_006000,PERSON_0211,PERSON_0475,TRANSFERRED_MONEY,LIKELY
REL_006001,PERSON_0557,PERSON_0603,CONNECTED_TO,LIKELY
REL_006002,PERSON_1285,PERSON_1005,CONNECTED_TO,LIKELY
REL_006003,PERSON_1052,PERSON_0169,CONNECTED_TO,LIKELY
REL_006004,PERSON_1092,PERSON_0372,CONNECTED_TO,LIKELY
REL_006005,PERSON_1331,PERSON_1273,CONNECTED_TO,LIKELY
REL_006006,PERSON_0125,PERSON_0939,CONNECTED_TO,LIKELY
REL_006007,PERSON_0134,PERSON_0019,CONNECTED_TO,LIKELY
REL_006008,PERSON_1463,PERSON_1030,CONNECTED_TO,LIKELY
REL_006009,PERSON_1194,PERSON_1353,CONNECTED_TO,LIKELY
REL_006010,PERSON_1267,PERSON_0211,CONNECTED_TO,LIKELY
REL_006011,PERSON_0858,PERSON_1317,CONNECTED_TO,LIKELY
REL_006012,PERSON_1461,PERSON_0306,CONNECTED_TO,LIKELY
REL_006013,PERSON_0415,PERSON_0669,CONNECTED_TO,LIKELY
REL_006014,PERSON_1287,PERSON_1276,CONNECTED_TO,LIKELY
REL_006015,PERSON_0145,PERSON_0118,CONNECTED_TO,LIKELY
REL_006016,PERSON_0626,PERSON_0164,CONNECTED_TO,LIKELY
REL_006017,PERSON_1125,PERSON_0220,CONNECTED_TO,LIKELY
REL_006018,PERSON_0378,PERSON_0165,CONNECTED_TO,LIKELY
REL_006019,PERSON_0418,PERSON_0378,CONNECTED_TO,LIKELY
REL_006020,PERSON_1370,PERSON_0782,CONNECTED_TO,LIKELY
REL_006021,PERSON_0056,PERSON_1472,CONNECTED_TO,LIKELY
REL_006022,PERSON_1141,PERSON_0049,CONNECTED_TO,LIKELY
REL_006023,PERSON_0695,PERSON_1046,CONNECTED_TO,LIKELY
REL_006024,PERSON_0913,PERSON_0335,CONNECTED_TO,LIKELY
REL_006025,PERSON_1271,PERSON_1335,CONNECTED_TO,LIKELY
REL_006026,PERSON_0444,PERSON_0892,ASSOCIATED_WITH,INNOCENT
REL_006027,PERSON_0042,PERSON_0361,ASSOCIATED_WITH,LIKELY
REL_006028,PERSON_0361,PERSON_0390,ASSOCIATED_WITH,LIKELY
REL_006029,PERSON_0390,PERSON_1187,ASSOCIATED_WITH,LIKELY
REL_006030,PERSON_1187,PERSON_1222,ASSOCIATED_WITH,INNOCENT
REL_006031,PERSON_1222,PERSON_1378,ASSOCIATED_WITH,INNOCENT
REL_006032,PERSON_0032,PERSON_0333,ASSOCIATED_WITH,LIKELY
REL_006033,PERSON_0333,PERSON_0423,ASSOCIATED_WITH,INNOCENT
REL_006034,PERSON_0423,PERSON_0549,ASSOCIATED_WITH,INNOCENT
REL_006035,PERSON_0549,PERSON_0833,ASSOCIATED_WITH,INNOCENT
REL_006036,PERSON_0833,PERSON_1091,ASSOCIATED_WITH,LIKELY
REL_006037,PERSON_1091,PERSON_1096,ASSOCIATED_WITH,INNOCENT
REL_006038,PERSON_1096,PERSON_1472,ASSOCIATED_WITH,LIKELY
REL_006039,PERSON_0096,PERSON_0260,ASSOCIATED_WITH,LIKELY
REL_006040,PERSON_0260,PERSON_0425,ASSOCIATED_WITH,INNOCENT
REL_006041,PERSON_0425,PERSON_0727,ASSOCIATED_WITH,INNOCENT
REL_006042,PERSON_0727,PERSON_0887,ASSOCIATED_WITH,LIKELY
REL_006043,PERSON_0887,PERSON_1166,ASSOCIATED_WITH,LIKELY
REL_006044,PERSON_1166,PERSON_1375,ASSOCIATED_WITH,INNOCENT
REL_006045,PERSON_1375,PERSON_1429,ASSOCIATED_WITH,LIKELY
REL_006046,PERSON_0076,PERSON_0098,ASSOCIATED_WITH,LIKELY
REL_006047,PERSON_0098,PERSON_0691,ASSOCIATED_WITH,LIKELY
REL_006048,PERSON_0367,PERSON_0983,ASSOCIATED_WITH,LIKELY
REL_006049,PERSON_0983,PERSON_1227,ASSOCIATED_WITH,LIKELY
REL_006050,PERSON_1227,PERSON_1254,ASSOCIATED_WITH,INNOCENT
REL_006051,PERSON_1254,PERSON_1408,ASSOCIATED_WITH,INNOCENT
REL_006052,PERSON_1408,PERSON_1497,ASSOCIATED_WITH,INNOCENT
REL_006053,PERSON_0455,PERSON_0907,ASSOCIATED_WITH,INNOCENT
REL_006054,PERSON_0907,PERSON_1206,ASSOCIATED_WITH,LIKELY
REL_006055,PERSON_1206,PERSON_1247,ASSOCIATED_WITH,LIKELY
REL_006056,PERSON_0145,PERSON_0685,ASSOCIATED_WITH,INNOCENT
REL_006057,PERSON_0685,PERSON_0700,ASSOCIATED_WITH,INNOCENT
REL_006058,PERSON_0700,PERSON_0736,ASSOCIATED_WITH,INNOCENT
REL_006059,PERSON_0736,PERSON_1279,ASSOCIATED_WITH,LIKELY
REL_006060,PERSON_0119,PERSON_0439,ASSOCIATED_WITH,INNOCENT
REL_006061,PERSON_0439,PERSON_0532,ASSOCIATED_WITH,LIKELY
REL_006062,PERSON_0532,PERSON_1164,ASSOCIATED_WITH,INNOCENT
REL_006063,PERSON_1164,PERSON_1329,ASSOCIATED_WITH,INNOCENT
REL_006064,PERSON_1329,PERSON_1418,ASSOCIATED_WITH,LIKELY
REL_006065,PERSON_0009,PERSON_0089,ASSOCIATED_WITH,LIKELY
REL_006066,PERSON_0089,PERSON_0225,ASSOCIATED_WITH,LIKELY
REL_006067,PERSON_0225,PERSON_0474,ASSOCIATED_WITH,LIKELY
REL_006068,PERSON_0474,PERSON_0787,ASSOCIATED_WITH,LIKELY
REL_006069,PERSON_0787,PERSON_1240,ASSOCIATED_WITH,INNOCENT
REL_006070,PERSON_0067,PERSON_0988,ASSOCIATED_WITH,INNOCENT
REL_006071,PERSON_0988,PERSON_1179,ASSOCIATED_WITH,LIKELY
REL_006072,PERSON_0520,PERSON_1263,ASSOCIATED_WITH,INNOCENT
REL_006073,PERSON_0132,PERSON_0343,ASSOCIATED_WITH,LIKELY
REL_006074,PERSON_0343,PERSON_1229,ASSOCIATED_WITH,INNOCENT
REL_006075,PERSON_1229,PERSON_1260,ASSOCIATED_WITH,INNOCENT
REL_006076,PERSON_1260,PERSON_1403,ASSOCIATED_WITH,LIKELY
REL_006077,PERSON_0150,PERSON_0262,ASSOCIATED_WITH,INNOCENT
REL_006078,PERSON_0262,PERSON_0290,ASSOCIATED_WITH,INNOCENT
REL_006079,PERSON_0290,PERSON_0381,ASSOCIATED_WITH,LIKELY
REL_006080,PERSON_0381,PERSON_0506,ASSOCIATED_WITH,INNOCENT
REL_006081,PERSON_0506,PERSON_0578,ASSOCIATED_WITH,LIKELY
REL_006082,PERSON_0578,PERSON_0624,ASSOCIATED_WITH,LIKELY
REL_006083,PERSON_0624,PERSON_0699,ASSOCIATED_WITH,INNOCENT
REL_006084,PERSON_0699,PERSON_0996,ASSOCIATED_WITH,LIKELY
REL_006085,PERSON_0996,PERSON_1074,ASSOCIATED_WITH,LIKELY
REL_006086,PERSON_1074,PERSON_1204,ASSOCIATED_WITH,INNOCENT
REL_006087,PERSON_1204,PERSON_1272,ASSOCIATED_WITH,INNOCENT
REL_006088,PERSON_0134,PERSON_0198,ASSOCIATED_WITH,LIKELY
REL_006089,PERSON_0198,PERSON_1149,ASSOCIATED_WITH,LIKELY
REL_006090,PERSON_0139,PERSON_0169,ASSOCIATED_WITH,LIKELY
REL_006091,PERSON_0169,PERSON_0215,ASSOCIATED_WITH,INNOCENT
REL_006092,PERSON_0215,PERSON_0481,ASSOCIATED_WITH,LIKELY
REL_006093,PERSON_0481,PERSON_0647,ASSOCIATED_WITH,LIKELY
REL_006094,PERSON_0647,PERSON_0815,ASSOCIATED_WITH,LIKELY
REL_006095,PERSON_0815,PERSON_1320,ASSOCIATED_WITH,INNOCENT
REL_006096,PERSON_0599,PERSON_0841,ASSOCIATED_WITH,LIKELY
REL_006097,PERSON_0841,PERSON_1128,ASSOCIATED_WITH,INNOCENT
REL_006098,PERSON_1128,PERSON_1231,ASSOCIATED_WITH,LIKELY
REL_006099,PERSON_1231,PERSON_1440,ASSOCIATED_WITH,INNOCENT
REL_006100,PERSON_1440,PERSON_1476,ASSOCIATED_WITH,INNOCENT
REL_006101,PERSON_0221,PERSON_0371,ASSOCIATED_WITH,INNOCENT
REL_006102,PERSON_0371,PERSON_1033,ASSOCIATED_WITH,LIKELY
REL_006103,PERSON_1033,PERSON_1100,ASSOCIATED_WITH,LIKELY
REL_006104,PERSON_1100,PERSON_1150,ASSOCIATED_WITH,LIKELY
REL_006105,PERSON_1150,PERSON_1230,ASSOCIATED_WITH,INNOCENT
REL_006106,PERSON_1230,PERSON_1397,ASSOCIATED_WITH,INNOCENT
REL_006107,PERSON_0189,PERSON_0391,ASSOCIATED_WITH,LIKELY
REL_006108,PERSON_0391,PERSON_0848,ASSOCIATED_WITH,LIKELY
REL_006109,PERSON_0848,PERSON_1488,ASSOCIATED_WITH,INNOCENT
REL_006110,PERSON_0651,PERSON_0771,ASSOCIATED_WITH,INNOCENT
REL_006111,PERSON_0771,PERSON_1116,ASSOCIATED_WITH,INNOCENT
REL_006112,PERSON_1116,PERSON_1239,ASSOCIATED_WITH,INNOCENT
REL_006113,PERSON_1239,PERSON_1301,ASSOCIATED_WITH,INNOCENT
REL_006114,PERSON_0077,PERSON_0104,ASSOCIATED_WITH,LIKELY
REL_006115,PERSON_0104,PERSON_0116,ASSOCIATED_WITH,INNOCENT
REL_006116,PERSON_0116,PERSON_0204,ASSOCIATED_WITH,LIKELY
REL_006117,PERSON_0204,PERSON_0324,ASSOCIATED_WITH,INNOCENT
REL_006118,PERSON_0324,PERSON_0326,ASSOCIATED_WITH,LIKELY
REL_006119,PERSON_0326,PERSON_0856,ASSOCIATED_WITH,LIKELY
REL_006120,PERSON_0856,PERSON_0890,ASSOCIATED_WITH,LIKELY
REL_006121,PERSON_0890,PERSON_1135,ASSOCIATED_WITH,LIKELY
REL_006122,PERSON_1135,PERSON_1478,ASSOCIATED_WITH,LIKELY
REL_006123,PERSON_1217,PERSON_1369,ASSOCIATED_WITH,LIKELY
REL_006124,PERSON_0263,PERSON_0744,ASSOCIATED_WITH,LIKELY
REL_006125,PERSON_0744,PERSON_1211,ASSOCIATED_WITH,LIKELY
REL_006126,PERSON_0170,PERSON_0677,ASSOCIATED_WITH,INNOCENT
REL_006127,PERSON_0677,PERSON_0786,ASSOCIATED_WITH,INNOCENT
REL_006128,PERSON_0786,PERSON_0829,ASSOCIATED_WITH,INNOCENT
REL_006129,PERSON_0829,PERSON_1020,ASSOCIATED_WITH,LIKELY
REL_006130,PERSON_1020,PERSON_1317,ASSOCIATED_WITH,INNOCENT
REL_006131,PERSON_1317,PERSON_1360,ASSOCIATED_WITH,LIKELY
REL_006132,PERSON_0732,PERSON_0880,ASSOCIATED_WITH,LIKELY
REL_006133,PERSON_0880,PERSON_0901,ASSOCIATED_WITH,INNOCENT
REL_006134,PERSON_0140,PERSON_0915,ASSOCIATED_WITH,LIKELY
REL_006135,PERSON_0915,PERSON_1256,ASSOCIATED_WITH,INNOCENT
REL_006136,PERSON_0124,PERSON_0318,ASSOCIATED_WITH,LIKELY
REL_006137,PERSON_0318,PERSON_0950,ASSOCIATED_WITH,LIKELY
REL_006138,PERSON_0950,PERSON_1007,ASSOCIATED_WITH,INNOCENT
REL_006139,PERSON_1007,PERSON_1252,ASSOCIATED_WITH,INNOCENT
REL_006140,PERSON_1252,PERSON_1271,ASSOCIATED_WITH,INNOCENT
REL_006141,PERSON_1271,PERSON_1483,ASSOCIATED_WITH,INNOCENT
REL_006142,PERSON_0011,PERSON_0480,ASSOCIATED_WITH,LIKELY
REL_006143,PERSON_0480,PERSON_0680,ASSOCIATED_WITH,LIKELY
REL_006144,PERSON_0680,PERSON_0682,ASSOCIATED_WITH,INNOCENT
REL_006145,PERSON_0682,PERSON_0757,ASSOCIATED_WITH,INNOCENT
REL_006146,PERSON_0757,PERSON_1117,ASSOCIATED_WITH,INNOCENT
REL_006147,PERSON_1117,PERSON_1144,ASSOCIATED_WITH,LIKELY
REL_006148,PERSON_1144,PERSON_1500,ASSOCIATED_WITH,LIKELY
REL_006149,PERSON_0069,PERSON_0242,ASSOCIATED_WITH,INNOCENT
REL_006150,PERSON_0242,PERSON_0427,ASSOCIATED_WITH,LIKELY
REL_006151,PERSON_0427,PERSON_0442,ASSOCIATED_WITH,LIKELY
REL_006152,PERSON_0442,PERSON_0465,ASSOCIATED_WITH,INNOCENT
REL_006153,PERSON_0465,PERSON_0759,ASSOCIATED_WITH,INNOCENT
REL_006154,PERSON_0759,PERSON_1043,ASSOCIATED_WITH,INNOCENT
REL_006155,PERSON_1043,PERSON_1370,ASSOCIATED_WITH,LIKELY
REL_006156,PERSON_0056,PERSON_0123,ASSOCIATED_WITH,INNOCENT
REL_006157,PERSON_0123,PERSON_0143,ASSOCIATED_WITH,INNOCENT
REL_006158,PERSON_0143,PERSON_0149,ASSOCIATED_WITH,LIKELY
REL_006159,PERSON_0149,PERSON_0352,ASSOCIATED_WITH,INNOCENT
REL_006160,PERSON_0352,PERSON_1037,ASSOCIATED_WITH,LIKELY
REL_006161,PERSON_0190,PERSON_0920,ASSOCIATED_WITH,LIKELY
REL_006162,PERSON_0920,PERSON_0952,ASSOCIATED_WITH,LIKELY
REL_006163,PERSON_0952,PERSON_1052,ASSOCIATED_WITH,LIKELY
REL_006164,PERSON_0097,PERSON_0261,ASSOCIATED_WITH,INNOCENT
REL_006165,PERSON_0261,PERSON_0689,ASSOCIATED_WITH,LIKELY
REL_006166,PERSON_0689,PERSON_0740,ASSOCIATED_WITH,LIKELY
REL_006167,PERSON_0740,PERSON_0847,ASSOCIATED_WITH,LIKELY
REL_006168,PERSON_0847,PERSON_0916,ASSOCIATED_WITH,INNOCENT
REL_006169,PERSON_0916,PERSON_1073,ASSOCIATED_WITH,INNOCENT
REL_006170,PERSON_1073,PERSON_1401,ASSOCIATED_WITH,INNOCENT
REL_006171,PERSON_1401,PERSON_1406,ASSOCIATED_WITH,INNOCENT
REL_006172,PERSON_0025,PERSON_0412,ASSOCIATED_WITH,INNOCENT
REL_006173,PERSON_0412,PERSON_0725,ASSOCIATED_WITH,INNOCENT
REL_006174,PERSON_0344,PERSON_0554,ASSOCIATED_WITH,INNOCENT
REL_006175,PERSON_0554,PERSON_0728,ASSOCIATED_WITH,LIKELY
REL_006176,PERSON_0728,PERSON_1275,ASSOCIATED_WITH,INNOCENT
REL_006177,PERSON_1275,PERSON_1326,ASSOCIATED_WITH,LIKELY
REL_006178,PERSON_1326,PERSON_1356,ASSOCIATED_WITH,LIKELY
REL_006179,PERSON_0129,PERSON_0569,ASSOCIATED_WITH,LIKELY
REL_006180,PERSON_0569,PERSON_0601,ASSOCIATED_WITH,LIKELY
REL_006181,PERSON_0601,PERSON_0666,ASSOCIATED_WITH,INNOCENT
REL_006182,PERSON_0666,PERSON_0748,ASSOCIATED_WITH,INNOCENT
REL_006183,PERSON_0748,PERSON_0912,ASSOCIATED_WITH,LIKELY
REL_006184,PERSON_0912,PERSON_1313,ASSOCIATED_WITH,INNOCENT
REL_006185,PERSON_1313,PERSON_1467,ASSOCIATED_WITH,LIKELY
REL_006186,PERSON_1073,PERSON_1196,TRAVELLED_WITH,LIKELY
REL_006187,PERSON_0106,PERSON_0677,TRAVELLED_WITH,LIKELY
REL_006188,PERSON_0915,PERSON_0236,TRAVELLED_WITH,LIKELY
REL_006189,PERSON_0772,PERSON_0058,TRAVELLED_WITH,LIKELY
REL_006190,PERSON_0144,PERSON_1465,TRAVELLED_WITH,LIKELY
REL_006191,PERSON_0084,PERSON_0937,TRAVELLED_WITH,LIKELY
REL_006192,PERSON_0248,PERSON_1434,TRAVELLED_WITH,LIKELY
REL_006193,PERSON_1119,PERSON_0289,TRAVELLED_WITH,LIKELY
REL_006194,PERSON_0671,PERSON_1302,TRAVELLED_WITH,LIKELY
REL_006195,PERSON_0080,PERSON_1107,TRAVELLED_WITH,LIKELY
REL_006196,PERSON_1276,PERSON_1450,TRAVELLED_WITH,LIKELY
REL_006197,PERSON_0607,PERSON_1244,TRAVELLED_WITH,LIKELY
REL_006198,PERSON_0942,PERSON_1111,TRAVELLED_WITH,LIKELY
REL_006199,PERSON_1433,PERSON_0621,TRAVELLED_WITH,LIKELY
REL_006200,PERSON_1004,PERSON_0836,TRAVELLED_WITH,LIKELY
REL_006201,PERSON_0950,PERSON_1295,TRAVELLED_WITH,LIKELY
REL_006202,PERSON_1140,PERSON_1082,TRAVELLED_WITH,LIKELY
REL_006203,PERSON_0178,PERSON_0934,TRAVELLED_WITH,LIKELY
REL_006204,PERSON_0978,PERSON_0830,TRAVELLED_WITH,LIKELY
REL_006205,PERSON_0279,PERSON_1446,TRAVELLED_WITH,LIKELY
REL_006206,PERSON_0222,PERSON_0377,TRAVELLED_WITH,LIKELY
REL_006207,PERSON_0914,PERSON_0217,TRAVELLED_WITH,LIKELY
REL_006208,PERSON_1130,PERSON_0047,TRAVELLED_WITH,LIKELY
REL_006209,PERSON_0297,PERSON_0960,TRAVELLED_WITH,LIKELY
REL_006210,PERSON_0842,PERSON_0570,TRAVELLED_WITH,LIKELY
REL_006211,PERSON_0087,PERSON_1003,TRAVELLED_WITH,LIKELY
REL_006212,PERSON_1387,PERSON_1479,TRAVELLED_WITH,LIKELY
REL_006213,PERSON_0401,PERSON_0933,TRAVELLED_WITH,LIKELY
REL_006214,PERSON_0628,PERSON_1115,TRAVELLED_WITH,LIKELY
REL_006215,PERSON_1447,PERSON_0693,TRAVELLED_WITH,LIKELY
REL_006216,PERSON_0900,PERSON_0042,TRAVELLED_WITH,LIKELY
REL_006217,PERSON_0973,PERSON_0626,TRAVELLED_WITH,LIKELY
REL_006218,PERSON_1443,PERSON_0711,TRAVELLED_WITH,LIKELY
REL_006219,PERSON_1437,PERSON_0549,TRAVELLED_WITH,LIKELY
REL_006220,PERSON_0176,PERSON_0149,TRAVELLED_WITH,LIKELY
REL_006221,PERSON_0996,PERSON_0129,TRAVELLED_WITH,LIKELY
REL_006222,PERSON_0821,PERSON_1141,TRAVELLED_WITH,LIKELY
REL_006223,PERSON_0751,PERSON_0613,TRAVELLED_WITH,LIKELY
REL_006224,PERSON_0686,PERSON_0816,TRAVELLED_WITH,LIKELY
REL_006225,PERSON_0874,PERSON_0923,TRAVELLED_WITH,LIKELY
REL_006226,PERSON_0737,PERSON_1370,TRAVELLED_WITH,LIKELY
REL_006227,PERSON_0789,PERSON_0334,TRAVELLED_WITH,LIKELY
REL_006228,PERSON_0438,PERSON_0373,TRAVELLED_WITH,LIKELY
REL_006229,PERSON_0201,PERSON_0164,TRAVELLED_WITH,LIKELY
REL_006230,PERSON_0061,PERSON_1341,TRAVELLED_WITH,LIKELY
REL_006231,PERSON_0477,PERSON_0431,TRAVELLED_WITH,LIKELY
REL_006232,PERSON_0792,PERSON_1436,TRAVELLED_WITH,LIKELY
REL_006233,PERSON_1435,PERSON_0833,TRAVELLED_WITH,LIKELY
REL_006234,PERSON_0177,PERSON_0861,TRAVELLED_WITH,LIKELY
REL_006235,PERSON_0370,PERSON_0040,TRAVELLED_WITH,LIKELY
REL_006236,PERSON_0486,PERSON_0280,TRAVELLED_WITH,LIKELY
REL_006237,PERSON_0406,PERSON_0659,TRAVELLED_WITH,LIKELY
REL_006238,PERSON_0889,PERSON_0929,TRAVELLED_WITH,LIKELY
REL_006239,PERSON_0558,PERSON_0489,TRAVELLED_WITH,LIKELY
REL_006240,PERSON_0017,PERSON_0220,TRAVELLED_WITH,LIKELY
REL_006241,PERSON_0503,PERSON_1291,CO_LOCATED,UNKNOWN
REL_006242,PERSON_0104,PERSON_0082,CO_LOCATED,UNKNOWN
REL_006243,PERSON_0450,PERSON_0715,CO_LOCATED,UNKNOWN
REL_006244,PERSON_0600,PERSON_0771,CO_LOCATED,UNKNOWN
REL_006245,PERSON_0093,PERSON_1206,CO_LOCATED,UNKNOWN
REL_006246,PERSON_1410,PERSON_0256,CO_LOCATED,UNKNOWN
REL_006247,PERSON_0743,PERSON_1198,CO_LOCATED,UNKNOWN
REL_006248,PERSON_1033,PERSON_0283,CO_LOCATED,UNKNOWN
REL_006249,PERSON_0616,PERSON_0829,CO_LOCATED,UNKNOWN
REL_006250,PERSON_0083,PERSON_0278,CO_LOCATED,UNKNOWN
REL_006251,PERSON_1396,PERSON_0894,CO_LOCATED,UNKNOWN
REL_006252,PERSON_1296,PERSON_0796,CO_LOCATED,UNKNOWN
REL_006253,PERSON_0698,PERSON_0173,CO_LOCATED,UNKNOWN
REL_006254,PERSON_0352,PERSON_1376,CO_LOCATED,UNKNOWN
REL_006255,PERSON_0107,PERSON_1139,CO_LOCATED,UNKNOWN
REL_006256,PERSON_0318,PERSON_1364,CO_LOCATED,UNKNOWN
REL_006257,PERSON_1303,PERSON_0679,CO_LOCATED,UNKNOWN
REL_006258,PERSON_0221,PERSON_0295,CO_LOCATED,UNKNOWN
REL_006259,PERSON_0317,PERSON_1212,CO_LOCATED,UNKNOWN
REL_006260,PERSON_0592,PERSON_0802,CO_LOCATED,UNKNOWN
REL_006261,PERSON_0702,PERSON_0410,CO_LOCATED,UNKNOWN
REL_006262,PERSON_1438,PERSON_0768,CO_LOCATED,UNKNOWN
REL_006263,PERSON_0062,PERSON_1321,CO_LOCATED,UNKNOWN
REL_006264,PERSON_0470,PERSON_0067,CO_LOCATED,UNKNOWN
REL_006265,PERSON_0264,PERSON_0268,CO_LOCATED,UNKNOWN
REL_006266,PERSON_0981,PERSON_1154,CO_LOCATED,UNKNOWN
REL_006267,PERSON_0452,PERSON_0057,CO_LOCATED,UNKNOWN
REL_006268,PERSON_0404,PERSON_1386,CO_LOCATED,UNKNOWN
REL_006269,PERSON_1054,PERSON_1472,CO_LOCATED,UNKNOWN
REL_006270,PERSON_1069,PERSON_1243,CO_LOCATED,UNKNOWN
REL_006271,PERSON_0922,PERSON_1227,CO_LOCATED,UNKNOWN
REL_006272,PERSON_1449,PERSON_1135,CO_LOCATED,UNKNOWN
REL_006273,PERSON_0050,PERSON_1267,CO_LOCATED,UNKNOWN
REL_006274,PERSON_0215,PERSON_0448,CO_LOCATED,UNKNOWN
REL_006275,PERSON_0865,PERSON_0294,CO_LOCATED,UNKNOWN
REL_006276,PERSON_0559,PERSON_0319,CO_LOCATED,UNKNOWN
REL_006277,PERSON_0454,PERSON_0537,CO_LOCATED,UNKNOWN
REL_006278,PERSON_1153,PERSON_0263,CO_LOCATED,UNKNOWN
REL_006279,PERSON_1161,PERSON_0270,CO_LOCATED,UNKNOWN
REL_006280,PERSON_1060,PERSON_1312,CO_LOCATED,UNKNOWN
REL_006281,PERSON_1002,PERSON_1383,CO_LOCATED,UNKNOWN
REL_006282,PERSON_0524,PERSON_0029,CO_LOCATED,UNKNOWN
REL_006283,PERSON_0269,PERSON_0908,CO_LOCATED,UNKNOWN
REL_006284,PERSON_1103,PERSON_0938,CO_LOCATED,UNKNOWN
REL_006285,PERSON_0266,PERSON_1497,CO_LOCATED,UNKNOWN
REL_006286,PERSON_0775,PERSON_0275,CO_LOCATED,UNKNOWN
REL_006287,PERSON_1408,PERSON_0593,CO_LOCATED,UNKNOWN
REL_006288,PERSON_1330,PERSON_1400,CO_LOCATED,UNKNOWN
REL_006289,PERSON_0864,PERSON_0755,CO_LOCATED,UNKNOWN
REL_006290,PERSON_1019,PERSON_0697,CO_LOCATED,UNKNOWN
REL_006291,PERSON_0795,PERSON_0984,CO_LOCATED,UNKNOWN
REL_006292,PERSON_0615,PERSON_0636,CO_LOCATED,UNKNOWN
REL_006293,PERSON_1099,PERSON_1338,CO_LOCATED,UNKNOWN
REL_006294,PERSON_0760,PERSON_1016,CO_LOCATED,UNKNOWN
REL_006295,PERSON_0238,PERSON_0391,CO_LOCATED,UNKNOWN
REL_006296,PERSON_1185,PERSON_0345,CO_LOCATED,UNKNOWN
REL_006297,PERSON_0793,PERSON_1240,CO_LOCATED,UNKNOWN
REL_006298,PERSON_0562,PERSON_0290,CO_LOCATED,UNKNOWN
REL_006299,PERSON_0039,PERSON_1166,CO_LOCATED,UNKNOWN
REL_006300,PERSON_0975,PERSON_0976,CO_LOCATED,UNKNOWN
REL_006301,PERSON_0692,PERSON_1360,CO_LOCATED,UNKNOWN
REL_006302,PERSON_0962,PERSON_1290,CO_LOCATED,UNKNOWN
REL_006303,PERSON_0603,PERSON_0752,CO_LOCATED,UNKNOWN
REL_006304,PERSON_1262,PERSON_0650,CO_LOCATED,UNKNOWN
REL_006305,PERSON_0288,PERSON_1323,CO_LOCATED,UNKNOWN
REL_006306,PERSON_0329,PERSON_0955,CO_LOCATED,UNKNOWN
REL_006307,PERSON_1342,PERSON_0203,CO_LOCATED,UNKNOWN
REL_006308,PERSON_0302,PERSON_1265,CO_LOCATED,UNKNOWN
REL_006309,PERSON_0872,PERSON_1248,CO_LOCATED,UNKNOWN
REL_006310,PERSON_1398,PERSON_1349,CO_LOCATED,UNKNOWN
REL_006311,PERSON_0732,PERSON_1211,CO_LOCATED,UNKNOWN
REL_006312,PERSON_1469,PERSON_1170,CO_LOCATED,UNKNOWN
REL_006313,PERSON_1336,PERSON_1026,CO_LOCATED,UNKNOWN
REL_006314,PERSON_0564,PERSON_1499,CO_LOCATED,UNKNOWN
REL_006315,PERSON_0208,PERSON_0554,CO_LOCATED,UNKNOWN
REL_006316,PERSON_0023,PERSON_0428,CO_LOCATED,UNKNOWN
REL_006317,PERSON_1313,PERSON_0041,CO_LOCATED,UNKNOWN
REL_006318,PERSON_0296,PERSON_0500,CO_LOCATED,UNKNOWN
REL_006319,PERSON_0117,PERSON_0301,CO_LOCATED,UNKNOWN
REL_006320,PERSON_0920,PERSON_0951,CO_LOCATED,UNKNOWN
REL_006321,PERSON_0573,PERSON_0633,CO_LOCATED,UNKNOWN
REL_006322,PERSON_1102,PERSON_1418,CO_LOCATED,UNKNOWN
REL_006323,PERSON_1412,PERSON_0974,CO_LOCATED,UNKNOWN
REL_006324,PERSON_0354,PERSON_0608,CO_LOCATED,UNKNOWN
REL_006325,PERSON_1404,PERSON_0657,CO_LOCATED,UNKNOWN
REL_006326,PERSON_0661,PERSON_0941,CO_LOCATED,UNKNOWN
REL_006327,PERSON_1245,PERSON_0516,CO_LOCATED,UNKNOWN
REL_006328,PERSON_0814,PERSON_0660,CO_LOCATED,UNKNOWN
REL_006329,PERSON_0063,PERSON_0577,CO_LOCATED,UNKNOWN
REL_006330,PERSON_0308,PERSON_0748,CO_LOCATED,UNKNOWN
REL_006331,PERSON_0605,PERSON_0736,CO_LOCATED,UNKNOWN
REL_006332,PERSON_0501,PERSON_0578,CO_LOCATED,UNKNOWN
REL_006333,PERSON_1452,PERSON_1047,CO_LOCATED,UNKNOWN
REL_006334,PERSON_0990,PERSON_1236,CO_LOCATED,UNKNOWN
REL_006335,PERSON_0032,PERSON_0423,CO_LOCATED,UNKNOWN
REL_006336,PERSON_0204,PERSON_1216,CO_LOCATED,UNKNOWN
REL_006337,PERSON_0353,PERSON_0972,CO_LOCATED,UNKNOWN
REL_006338,PERSON_0468,PERSON_0458,CO_LOCATED,UNKNOWN
REL_006339,PERSON_1460,PERSON_1358,CO_LOCATED,UNKNOWN
REL_006340,PERSON_0888,PERSON_0412,CO_LOCATED,UNKNOWN
REL_006341,PERSON_0904,PERSON_1292,CO_LOCATED,UNKNOWN
REL_006342,PERSON_0824,PERSON_0260,CO_LOCATED,UNKNOWN
REL_006343,PERSON_0427,PERSON_0863,CO_LOCATED,UNKNOWN
REL_006344,PERSON_0196,PERSON_0089,CO_LOCATED,UNKNOWN
REL_006345,PERSON_1280,PERSON_1333,CO_LOCATED,UNKNOWN
REL_006346,PERSON_0071,PERSON_0868,CO_LOCATED,UNKNOWN
REL_006347,PERSON_1137,PERSON_0545,CO_LOCATED,UNKNOWN
REL_006348,PERSON_1221,PERSON_0906,CO_LOCATED,UNKNOWN
REL_006349,PERSON_0137,PERSON_0262,CO_LOCATED,UNKNOWN
REL_006350,PERSON_0723,PERSON_0646,CO_LOCATED,UNKNOWN
REL_006351,PERSON_1009,PERSON_0316,CO_LOCATED,INNOCENT
REL_006352,PERSON_0898,PERSON_0456,CO_LOCATED,INNOCENT
REL_006353,PERSON_1381,PERSON_0105,CO_LOCATED,INNOCENT
REL_006354,PERSON_0794,PERSON_1353,CO_LOCATED,INNOCENT
REL_006355,PERSON_1253,PERSON_0342,CO_LOCATED,INNOCENT
REL_006356,PERSON_1380,PERSON_0389,CO_LOCATED,INNOCENT
REL_006357,PERSON_1453,PERSON_0647,CO_LOCATED,INNOCENT
REL_006358,PERSON_1080,PERSON_0903,CO_LOCATED,INNOCENT
REL_006359,PERSON_0350,PERSON_1344,CO_LOCATED,INNOCENT
REL_006360,PERSON_0552,PERSON_0383,CO_LOCATED,INNOCENT
REL_006361,PERSON_0560,PERSON_1494,CO_LOCATED,INNOCENT
REL_006362,PERSON_0399,PERSON_0811,CO_LOCATED,INNOCENT
REL_006363,PERSON_0734,PERSON_0027,CO_LOCATED,INNOCENT
REL_006364,PERSON_0827,PERSON_1300,CO_LOCATED,INNOCENT
REL_006365,PERSON_0094,PERSON_0538,CO_LOCATED,INNOCENT
REL_006366,PERSON_0474,PERSON_1373,CO_LOCATED,INNOCENT
REL_006367,PERSON_0130,PERSON_1491,CO_LOCATED,INNOCENT
REL_006368,PERSON_0443,PERSON_0666,CO_LOCATED,INNOCENT
REL_006369,PERSON_1332,PERSON_0398,CO_LOCATED,INNOCENT
REL_006370,PERSON_1229,PERSON_0403,CO_LOCATED,INNOCENT
REL_006371,PERSON_1257,PERSON_0085,CO_LOCATED,INNOCENT
REL_006372,PERSON_0101,PERSON_0026,CO_LOCATED,INNOCENT
REL_006373,PERSON_0124,PERSON_0376,CO_LOCATED,INNOCENT
REL_006374,PERSON_1487,PERSON_1309,CO_LOCATED,INNOCENT
REL_006375,PERSON_1039,PERSON_1355,CO_LOCATED,INNOCENT
REL_006376,PERSON_0003,PERSON_0726,CO_LOCATED,INNOCENT
REL_006377,PERSON_0756,PERSON_0513,CO_LOCATED,INNOCENT
REL_006378,PERSON_0531,PERSON_1113,CO_LOCATED,INNOCENT
REL_006379,PERSON_0642,PERSON_0763,CO_LOCATED,INNOCENT
REL_006380,PERSON_1007,PERSON_0897,CO_LOCATED,INNOCENT
REL_006381,PERSON_0310,PERSON_0320,CO_LOCATED,INNOCENT
REL_006382,PERSON_1017,PERSON_0240,CO_LOCATED,INNOCENT
REL_006383,PERSON_0799,PERSON_1151,CO_LOCATED,INNOCENT
REL_006384,PERSON_1279,PERSON_1466,CO_LOCATED,INNOCENT
REL_006385,PERSON_0426,PERSON_0114,CO_LOCATED,INNOCENT
REL_006386,PERSON_0663,PERSON_1123,CO_LOCATED,INNOCENT
REL_006387,PERSON_0192,PERSON_0364,CO_LOCATED,INNOCENT
REL_006388,PERSON_1104,PERSON_0591,CO_LOCATED,INNOCENT
REL_006389,PERSON_0580,PERSON_0211,CO_LOCATED,INNOCENT
REL_006390,PERSON_0617,PERSON_1162,CO_LOCATED,INNOCENT
REL_006391,PERSON_1088,PERSON_1374,CO_LOCATED,INNOCENT
REL_006392,PERSON_1087,PERSON_0498,CO_LOCATED,INNOCENT
REL_006393,PERSON_1091,PERSON_1169,CO_LOCATED,INNOCENT
REL_006394,PERSON_0825,PERSON_0717,CO_LOCATED,INNOCENT
REL_006395,PERSON_1006,PERSON_0882,CO_LOCATED,INNOCENT
REL_006396,PERSON_1297,PERSON_1134,CO_LOCATED,INNOCENT
REL_006397,PERSON_0536,PERSON_0213,CO_LOCATED,INNOCENT
REL_006398,PERSON_0435,PERSON_0926,CO_LOCATED,INNOCENT
REL_006399,PERSON_0072,PERSON_0892,CO_LOCATED,INNOCENT
REL_006400,PERSON_1132,PERSON_0180,CO_LOCATED,INNOCENT
REL_006401,PERSON_1459,CASE_0001,APPEARED_IN_CASE,CONFIRMED
REL_006402,PERSON_1237,CASE_0001,APPEARED_IN_CASE,CONFIRMED
REL_006403,PERSON_1104,CASE_0002,APPEARED_IN_CASE,CONFIRMED
REL_006404,PERSON_0837,CASE_0002,APPEARED_IN_CASE,CONFIRMED
REL_006405,PERSON_0833,CASE_0003,APPEARED_IN_CASE,CONFIRMED
REL_006406,PERSON_0840,CASE_0003,APPEARED_IN_CASE,CONFIRMED
REL_006407,PERSON_1060,CASE_0004,APPEARED_IN_CASE,CONFIRMED
REL_006408,PERSON_0853,CASE_0004,APPEARED_IN_CASE,CONFIRMED
REL_006409,PERSON_1468,CASE_0005,APPEARED_IN_CASE,CONFIRMED
REL_006410,PERSON_0275,CASE_0005,APPEARED_IN_CASE,CONFIRMED
REL_006411,PERSON_0266,CASE_0006,APPEARED_IN_CASE,CONFIRMED
REL_006412,PERSON_0297,CASE_0006,APPEARED_IN_CASE,CONFIRMED
REL_006413,PERSON_1303,CASE_0007,APPEARED_IN_CASE,CONFIRMED
REL_006414,PERSON_0568,CASE_0007,APPEARED_IN_CASE,CONFIRMED
REL_006415,PERSON_0398,CASE_0008,APPEARED_IN_CASE,CONFIRMED
REL_006416,PERSON_0234,CASE_0008,APPEARED_IN_CASE,CONFIRMED
REL_006417,PERSON_0945,CASE_0009,APPEARED_IN_CASE,CONFIRMED
REL_006418,PERSON_1227,CASE_0009,APPEARED_IN_CASE,CONFIRMED
REL_006419,PERSON_0030,CASE_0010,APPEARED_IN_CASE,CONFIRMED
REL_006420,PERSON_0028,CASE_0010,APPEARED_IN_CASE,CONFIRMED
REL_006421,PERSON_1007,CASE_0011,APPEARED_IN_CASE,CONFIRMED
REL_006422,PERSON_0041,CASE_0011,APPEARED_IN_CASE,CONFIRMED
REL_006423,PERSON_0580,CASE_0012,APPEARED_IN_CASE,CONFIRMED
REL_006424,PERSON_0678,CASE_0012,APPEARED_IN_CASE,CONFIRMED
REL_006425,PERSON_0804,CASE_0013,APPEARED_IN_CASE,CONFIRMED
REL_006426,PERSON_0101,CASE_0014,APPEARED_IN_CASE,CONFIRMED
REL_006427,PERSON_1140,CASE_0015,APPEARED_IN_CASE,CONFIRMED
REL_006428,PERSON_0976,CASE_0016,APPEARED_IN_CASE,CONFIRMED
REL_006429,PERSON_0518,CASE_0017,APPEARED_IN_CASE,CONFIRMED
REL_006430,PERSON_1023,CASE_0018,APPEARED_IN_CASE,CONFIRMED
REL_006431,PERSON_1033,CASE_0019,APPEARED_IN_CASE,CONFIRMED
REL_006432,PERSON_0006,CASE_0020,APPEARED_IN_CASE,CONFIRMED
REL_006433,PERSON_1312,CASE_0021,APPEARED_IN_CASE,CONFIRMED
REL_006434,PERSON_0633,CASE_0022,APPEARED_IN_CASE,CONFIRMED
REL_006435,PERSON_1381,CASE_0023,APPEARED_IN_CASE,CONFIRMED
REL_006436,PERSON_0310,CASE_0024,APPEARED_IN_CASE,CONFIRMED
REL_006437,PERSON_0613,CASE_0025,APPEARED_IN_CASE,CONFIRMED
REL_006438,PERSON_0817,CASE_0026,APPEARED_IN_CASE,CONFIRMED
REL_006439,PERSON_1172,CASE_0027,APPEARED_IN_CASE,CONFIRMED
REL_006440,PERSON_1321,CASE_0028,APPEARED_IN_CASE,CONFIRMED
REL_006441,PERSON_0386,CASE_0029,APPEARED_IN_CASE,CONFIRMED
REL_006442,PERSON_1302,CASE_0030,APPEARED_IN_CASE,CONFIRMED
REL_006443,PERSON_0744,CASE_0031,APPEARED_IN_CASE,CONFIRMED
REL_006444,PERSON_1045,CASE_0032,APPEARED_IN_CASE,CONFIRMED
REL_006445,PERSON_1498,CASE_0033,APPEARED_IN_CASE,CONFIRMED
REL_006446,PERSON_0948,CASE_0034,APPEARED_IN_CASE,CONFIRMED
REL_006447,PERSON_0958,CASE_0035,APPEARED_IN_CASE,CONFIRMED
REL_006448,PERSON_1028,CASE_0036,APPEARED_IN_CASE,CONFIRMED
REL_006449,PERSON_0395,CASE_0037,APPEARED_IN_CASE,CONFIRMED
REL_006450,PERSON_0308,CASE_0038,APPEARED_IN_CASE,CONFIRMED
REL_006451,PERSON_0374,CASE_0039,APPEARED_IN_CASE,CONFIRMED
REL_006452,PERSON_0947,CASE_0040,APPEARED_IN_CASE,CONFIRMED
REL_006453,PERSON_1179,CASE_0041,APPEARED_IN_CASE,CONFIRMED
REL_006454,PERSON_1150,CASE_0042,APPEARED_IN_CASE,CONFIRMED
REL_006455,PERSON_0379,CASE_0043,APPEARED_IN_CASE,CONFIRMED
REL_006456,PERSON_0023,CASE_0044,APPEARED_IN_CASE,CONFIRMED
REL_006457,PERSON_0514,CASE_0045,APPEARED_IN_CASE,CONFIRMED
REL_006458,PERSON_0814,CASE_0046,APPEARED_IN_CASE,CONFIRMED
REL_006459,PERSON_0075,CASE_0047,APPEARED_IN_CASE,CONFIRMED
REL_006460,PERSON_0015,CASE_0048,APPEARED_IN_CASE,CONFIRMED
REL_006461,PERSON_0366,CASE_0049,APPEARED_IN_CASE,CONFIRMED
REL_006462,PERSON_0704,CASE_0050,APPEARED_IN_CASE,CONFIRMED
REL_006463,PERSON_0399,CASE_0051,APPEARED_IN_CASE,CONFIRMED
REL_006464,PERSON_0975,CASE_0052,APPEARED_IN_CASE,CONFIRMED
REL_006465,PERSON_0441,CASE_0053,APPEARED_IN_CASE,CONFIRMED
REL_006466,PERSON_0801,CASE_0054,APPEARED_IN_CASE,CONFIRMED
REL_006467,PERSON_1266,CASE_0055,APPEARED_IN_CASE,CONFIRMED
REL_006468,PERSON_0014,CASE_0056,APPEARED_IN_CASE,CONFIRMED
REL_006469,PERSON_0185,CASE_0057,APPEARED_IN_CASE,CONFIRMED
REL_006470,PERSON_0388,CASE_0058,APPEARED_IN_CASE,CONFIRMED
REL_006471,PERSON_0175,CASE_0059,APPEARED_IN_CASE,CONFIRMED
REL_006472,PERSON_0862,CASE_0060,APPEARED_IN_CASE,CONFIRMED
REL_006473,PERSON_0477,CASE_0061,APPEARED_IN_CASE,CONFIRMED
REL_006474,PERSON_0699,CASE_0062,APPEARED_IN_CASE,CONFIRMED
REL_006475,PERSON_0262,CASE_0063,APPEARED_IN_CASE,CONFIRMED
REL_006476,PERSON_0767,CASE_0064,APPEARED_IN_CASE,CONFIRMED
REL_006477,PERSON_1196,CASE_0065,APPEARED_IN_CASE,CONFIRMED
REL_006478,PERSON_1457,CASE_0066,APPEARED_IN_CASE,CONFIRMED
REL_006479,PERSON_0902,CASE_0067,APPEARED_IN_CASE,CONFIRMED
REL_006480,PERSON_1298,CASE_0068,APPEARED_IN_CASE,CONFIRMED
REL_006481,PERSON_0274,CASE_0069,APPEARED_IN_CASE,CONFIRMED
REL_006482,PERSON_0581,CASE_0070,APPEARED_IN_CASE,CONFIRMED
REL_006483,PERSON_1239,CASE_0071,APPEARED_IN_CASE,CONFIRMED
REL_006484,PERSON_0988,CASE_0072,APPEARED_IN_CASE,CONFIRMED
REL_006485,PERSON_1482,CASE_0073,APPEARED_IN_CASE,CONFIRMED
REL_006486,PERSON_1064,CASE_0074,APPEARED_IN_CASE,CONFIRMED
REL_006487,PERSON_0128,CASE_0075,APPEARED_IN_CASE,CONFIRMED
REL_006488,PERSON_1017,CASE_0076,APPEARED_IN_CASE,CONFIRMED
REL_006489,PERSON_0260,CASE_0077,APPEARED_IN_CASE,CONFIRMED
REL_006490,PERSON_0982,CASE_0078,APPEARED_IN_CASE,CONFIRMED
REL_006491,PERSON_1382,CASE_0079,APPEARED_IN_CASE,CONFIRMED
REL_006492,PERSON_1474,CASE_0080,APPEARED_IN_CASE,CONFIRMED
REL_006493,PERSON_0777,CASE_0081,APPEARED_IN_CASE,CONFIRMED
REL_006494,PERSON_0715,CASE_0082,APPEARED_IN_CASE,CONFIRMED
REL_006495,PERSON_0232,CASE_0083,APPEARED_IN_CASE,CONFIRMED
REL_006496,PERSON_0285,CASE_0084,APPEARED_IN_CASE,CONFIRMED
REL_006497,PERSON_1154,CASE_0085,APPEARED_IN_CASE,CONFIRMED
REL_006498,PERSON_1417,CASE_0086,APPEARED_IN_CASE,CONFIRMED
REL_006499,PERSON_1009,CASE_0087,APPEARED_IN_CASE,CONFIRMED
REL_006500,PERSON_0079,CASE_0088,APPEARED_IN_CASE,CONFIRMED
REL_006501,PERSON_0507,CASE_0089,APPEARED_IN_CASE,CONFIRMED
REL_006502,PERSON_0362,CASE_0090,APPEARED_IN_CASE,CONFIRMED
REL_006503,PERSON_0739,CASE_0091,APPEARED_IN_CASE,CONFIRMED
REL_006504,PERSON_0821,CASE_0092,APPEARED_IN_CASE,CONFIRMED
REL_006505,PERSON_0476,CASE_0093,APPEARED_IN_CASE,CONFIRMED
REL_006506,PERSON_0383,CASE_0094,APPEARED_IN_CASE,CONFIRMED
REL_006507,PERSON_1176,CASE_0095,APPEARED_IN_CASE,CONFIRMED
REL_006508,PERSON_1013,CASE_0096,APPEARED_IN_CASE,CONFIRMED
REL_006509,PERSON_0111,CASE_0097,APPEARED_IN_CASE,CONFIRMED
REL_006510,PERSON_0873,CASE_0098,APPEARED_IN_CASE,CONFIRMED
REL_006511,PERSON_0675,CASE_0099,APPEARED_IN_CASE,CONFIRMED
REL_006512,PERSON_0230,CASE_0100,APPEARED_IN_CASE,CONFIRMED
REL_006513,PERSON_0523,CASE_0101,APPEARED_IN_CASE,CONFIRMED
REL_006514,PERSON_1042,CASE_0102,APPEARED_IN_CASE,CONFIRMED
REL_006515,PERSON_0097,CASE_0103,APPEARED_IN_CASE,CONFIRMED
REL_006516,PERSON_0816,CASE_0104,APPEARED_IN_CASE,CONFIRMED
REL_006517,PERSON_1372,CASE_0105,APPEARED_IN_CASE,CONFIRMED
REL_006518,PERSON_0573,CASE_0106,APPEARED_IN_CASE,CONFIRMED
REL_006519,PERSON_0778,CASE_0107,APPEARED_IN_CASE,CONFIRMED
REL_006520,PERSON_1448,CASE_0108,APPEARED_IN_CASE,CONFIRMED
REL_006521,PERSON_0086,CASE_0109,APPEARED_IN_CASE,CONFIRMED
REL_006522,PERSON_1111,CASE_0110,APPEARED_IN_CASE,CONFIRMED
REL_006523,PERSON_1463,CASE_0111,APPEARED_IN_CASE,CONFIRMED
REL_006524,PERSON_1110,CASE_0112,APPEARED_IN_CASE,CONFIRMED
REL_006525,PERSON_1308,CASE_0113,APPEARED_IN_CASE,CONFIRMED
REL_006526,PERSON_1048,CASE_0114,APPEARED_IN_CASE,CONFIRMED
REL_006527,PERSON_1189,CASE_0115,APPEARED_IN_CASE,CONFIRMED
REL_006528,PERSON_1260,CASE_0116,APPEARED_IN_CASE,CONFIRMED
REL_006529,PERSON_1394,CASE_0117,APPEARED_IN_CASE,CONFIRMED
REL_006530,PERSON_0181,CASE_0118,APPEARED_IN_CASE,CONFIRMED
REL_006531,PERSON_0446,CASE_0119,APPEARED_IN_CASE,CONFIRMED
REL_006532,PERSON_1425,CASE_0120,APPEARED_IN_CASE,CONFIRMED
REL_006533,PERSON_0564,CASE_0121,APPEARED_IN_CASE,CONFIRMED
REL_006534,PERSON_1367,CASE_0122,APPEARED_IN_CASE,CONFIRMED
REL_006535,PERSON_0656,CASE_0123,APPEARED_IN_CASE,CONFIRMED
REL_006536,PERSON_0063,CASE_0124,APPEARED_IN_CASE,CONFIRMED
REL_006537,PERSON_0492,CASE_0125,APPEARED_IN_CASE,CONFIRMED
REL_006538,PERSON_0115,CASE_0126,APPEARED_IN_CASE,CONFIRMED
REL_006539,PERSON_0528,CASE_0127,APPEARED_IN_CASE,CONFIRMED
REL_006540,PERSON_0439,CASE_0128,APPEARED_IN_CASE,CONFIRMED
REL_006541,PERSON_0005,CASE_0129,APPEARED_IN_CASE,CONFIRMED
REL_006542,PERSON_0737,CASE_0130,APPEARED_IN_CASE,CONFIRMED
REL_006543,PERSON_0103,CASE_0131,APPEARED_IN_CASE,CONFIRMED
REL_006544,PERSON_1454,CASE_0132,APPEARED_IN_CASE,CONFIRMED
REL_006545,PERSON_0208,CASE_0133,APPEARED_IN_CASE,CONFIRMED
REL_006546,PERSON_0322,CASE_0134,APPEARED_IN_CASE,CONFIRMED
REL_006547,PERSON_0597,CASE_0135,APPEARED_IN_CASE,CONFIRMED
REL_006548,PERSON_1141,CASE_0136,APPEARED_IN_CASE,CONFIRMED
REL_006549,PERSON_0271,CASE_0137,APPEARED_IN_CASE,CONFIRMED
REL_006550,PERSON_0944,CASE_0138,APPEARED_IN_CASE,CONFIRMED
REL_006551,PERSON_0305,CASE_0139,APPEARED_IN_CASE,CONFIRMED
REL_006552,PERSON_0045,CASE_0140,APPEARED_IN_CASE,CONFIRMED
REL_006553,PERSON_1180,CASE_0141,APPEARED_IN_CASE,CONFIRMED
REL_006554,PERSON_0255,CASE_0142,APPEARED_IN_CASE,CONFIRMED
REL_006555,PERSON_0795,CASE_0143,APPEARED_IN_CASE,CONFIRMED
REL_006556,PERSON_1085,CASE_0144,APPEARED_IN_CASE,CONFIRMED
REL_006557,PERSON_1254,CASE_0145,APPEARED_IN_CASE,CONFIRMED
REL_006558,PERSON_1052,CASE_0146,APPEARED_IN_CASE,CONFIRMED
REL_006559,PERSON_0546,CASE_0147,APPEARED_IN_CASE,CONFIRMED
REL_006560,PERSON_1404,CASE_0148,APPEARED_IN_CASE,CONFIRMED
REL_006561,PERSON_0520,CASE_0149,APPEARED_IN_CASE,CONFIRMED
REL_006562,PERSON_0989,CASE_0150,APPEARED_IN_CASE,CONFIRMED
REL_006563,PERSON_1481,CASE_0151,APPEARED_IN_CASE,CONFIRMED
REL_006564,PERSON_0076,CASE_0152,APPEARED_IN_CASE,CONFIRMED
REL_006565,PERSON_0487,CASE_0153,APPEARED_IN_CASE,CONFIRMED
REL_006566,PERSON_1086,CASE_0154,APPEARED_IN_CASE,CONFIRMED
REL_006567,PERSON_0578,CASE_0155,APPEARED_IN_CASE,CONFIRMED
REL_006568,PERSON_0791,CASE_0156,APPEARED_IN_CASE,CONFIRMED
REL_006569,PERSON_1228,CASE_0157,APPEARED_IN_CASE,CONFIRMED
REL_006570,PERSON_0296,CASE_0158,APPEARED_IN_CASE,CONFIRMED
REL_006571,PERSON_0051,CASE_0159,APPEARED_IN_CASE,CONFIRMED
REL_006572,PERSON_0131,CASE_0160,APPEARED_IN_CASE,CONFIRMED
REL_006573,PERSON_0474,CASE_0161,APPEARED_IN_CASE,CONFIRMED
REL_006574,PERSON_1129,CASE_0162,APPEARED_IN_CASE,CONFIRMED
REL_006575,PERSON_0499,CASE_0163,APPEARED_IN_CASE,CONFIRMED
REL_006576,PERSON_0215,CASE_0164,APPEARED_IN_CASE,CONFIRMED
REL_006577,PERSON_0418,CASE_0165,APPEARED_IN_CASE,CONFIRMED
REL_006578,PERSON_0036,CASE_0166,APPEARED_IN_CASE,CONFIRMED
REL_006579,PERSON_0584,CASE_0167,APPEARED_IN_CASE,CONFIRMED
REL_006580,PERSON_1399,CASE_0168,APPEARED_IN_CASE,CONFIRMED
REL_006581,PERSON_1400,CASE_0169,APPEARED_IN_CASE,CONFIRMED
REL_006582,PERSON_0776,CASE_0170,APPEARED_IN_CASE,CONFIRMED
REL_006583,PERSON_0421,CASE_0171,APPEARED_IN_CASE,CONFIRMED
REL_006584,PERSON_0084,CASE_0172,APPEARED_IN_CASE,CONFIRMED
REL_006585,PERSON_1032,CASE_0173,APPEARED_IN_CASE,CONFIRMED
REL_006586,PERSON_0496,CASE_0174,APPEARED_IN_CASE,CONFIRMED
REL_006587,PERSON_1392,CASE_0175,APPEARED_IN_CASE,CONFIRMED
REL_006588,PERSON_1364,CASE_0176,APPEARED_IN_CASE,CONFIRMED
REL_006589,PERSON_0575,CASE_0177,APPEARED_IN_CASE,CONFIRMED
REL_006590,PERSON_0663,CASE_0178,APPEARED_IN_CASE,CONFIRMED
REL_006591,PERSON_0661,CASE_0179,APPEARED_IN_CASE,CONFIRMED
REL_006592,PERSON_0858,CASE_0180,APPEARED_IN_CASE,CONFIRMED
REL_006593,PERSON_0508,CASE_0181,APPEARED_IN_CASE,CONFIRMED
REL_006594,PERSON_1187,CASE_0182,APPEARED_IN_CASE,CONFIRMED
REL_006595,PERSON_1178,CASE_0183,APPEARED_IN_CASE,CONFIRMED
REL_006596,PERSON_0566,CASE_0184,APPEARED_IN_CASE,CONFIRMED
REL_006597,PERSON_0239,CASE_0185,APPEARED_IN_CASE,CONFIRMED
REL_006598,PERSON_1313,CASE_0186,APPEARED_IN_CASE,CONFIRMED
REL_006599,PERSON_0153,CASE_0187,APPEARED_IN_CASE,CONFIRMED
REL_006600,PERSON_0535,CASE_0188,APPEARED_IN_CASE,CONFIRMED
REL_006601,PERSON_0662,CASE_0189,APPEARED_IN_CASE,CONFIRMED
REL_006602,PERSON_0049,CASE_0190,APPEARED_IN_CASE,CONFIRMED
REL_006603,PERSON_0033,CASE_0191,APPEARED_IN_CASE,CONFIRMED
REL_006604,PERSON_1397,CASE_0192,APPEARED_IN_CASE,CONFIRMED
REL_006605,PERSON_1152,CASE_0193,APPEARED_IN_CASE,CONFIRMED
REL_006606,PERSON_1398,CASE_0194,APPEARED_IN_CASE,CONFIRMED
REL_006607,PERSON_0786,CASE_0195,APPEARED_IN_CASE,CONFIRMED
REL_006608,PERSON_0359,CASE_0196,APPEARED_IN_CASE,CONFIRMED
REL_006609,PERSON_1071,CASE_0197,APPEARED_IN_CASE,CONFIRMED
REL_006610,PERSON_0306,CASE_0198,APPEARED_IN_CASE,CONFIRMED
REL_006611,PERSON_1465,CASE_0199,APPEARED_IN_CASE,CONFIRMED
REL_006612,PERSON_0667,CASE_0200,APPEARED_IN_CASE,CONFIRMED
REL_006613,PERSON_0420,CASE_0201,APPEARED_IN_CASE,CONFIRMED
REL_006614,PERSON_1090,CASE_0202,APPEARED_IN_CASE,CONFIRMED
REL_006615,PERSON_0942,CASE_0203,APPEARED_IN_CASE,CONFIRMED
REL_006616,PERSON_0961,CASE_0204,APPEARED_IN_CASE,CONFIRMED
REL_006617,PERSON_0973,CASE_0205,APPEARED_IN_CASE,CONFIRMED
REL_006618,PERSON_0273,CASE_0206,APPEARED_IN_CASE,CONFIRMED
REL_006619,PERSON_0465,CASE_0207,APPEARED_IN_CASE,CONFIRMED
REL_006620,PERSON_1157,CASE_0208,APPEARED_IN_CASE,CONFIRMED
REL_006621,PERSON_0664,CASE_0209,APPEARED_IN_CASE,CONFIRMED
REL_006622,PERSON_0571,CASE_0210,APPEARED_IN_CASE,CONFIRMED
REL_006623,PERSON_1244,CASE_0211,APPEARED_IN_CASE,CONFIRMED
REL_006624,PERSON_1137,CASE_0212,APPEARED_IN_CASE,CONFIRMED
REL_006625,PERSON_1494,CASE_0213,APPEARED_IN_CASE,CONFIRMED
REL_006626,PERSON_0529,CASE_0214,APPEARED_IN_CASE,CONFIRMED
REL_006627,PERSON_0435,CASE_0215,APPEARED_IN_CASE,CONFIRMED
REL_006628,PERSON_0510,CASE_0216,APPEARED_IN_CASE,CONFIRMED
REL_006629,PERSON_1326,CASE_0217,APPEARED_IN_CASE,CONFIRMED
REL_006630,PERSON_0604,CASE_0218,APPEARED_IN_CASE,CONFIRMED
REL_006631,PERSON_0114,CASE_0219,APPEARED_IN_CASE,CONFIRMED
REL_006632,PERSON_0344,CASE_0220,APPEARED_IN_CASE,CONFIRMED
REL_006633,PERSON_0841,CASE_0221,APPEARED_IN_CASE,CONFIRMED
REL_006634,PERSON_0984,CASE_0222,APPEARED_IN_CASE,CONFIRMED
REL_006635,PERSON_0024,CASE_0223,APPEARED_IN_CASE,CONFIRMED
REL_006636,PERSON_0165,CASE_0224,APPEARED_IN_CASE,CONFIRMED
REL_006637,PERSON_1408,CASE_0225,APPEARED_IN_CASE,CONFIRMED
REL_006638,PERSON_0589,CASE_0226,APPEARED_IN_CASE,CONFIRMED
REL_006639,PERSON_1083,CASE_0227,APPEARED_IN_CASE,CONFIRMED
REL_006640,PERSON_0133,CASE_0228,APPEARED_IN_CASE,CONFIRMED
REL_006641,PERSON_0054,CASE_0229,APPEARED_IN_CASE,CONFIRMED
REL_006642,PERSON_1315,CASE_0230,APPEARED_IN_CASE,CONFIRMED
REL_006643,PERSON_0318,CASE_0231,APPEARED_IN_CASE,CONFIRMED
REL_006644,PERSON_0709,CASE_0232,APPEARED_IN_CASE,CONFIRMED
REL_006645,PERSON_0312,CASE_0233,APPEARED_IN_CASE,CONFIRMED
REL_006646,PERSON_0457,CASE_0234,APPEARED_IN_CASE,CONFIRMED
REL_006647,PERSON_0218,CASE_0235,APPEARED_IN_CASE,CONFIRMED
REL_006648,PERSON_0094,CASE_0236,APPEARED_IN_CASE,CONFIRMED
REL_006649,PERSON_0020,CASE_0237,APPEARED_IN_CASE,CONFIRMED
REL_006650,PERSON_0039,CASE_0238,APPEARED_IN_CASE,CONFIRMED
REL_006651,PERSON_0186,CASE_0239,APPEARED_IN_CASE,CONFIRMED
REL_006652,PERSON_1100,CASE_0240,APPEARED_IN_CASE,CONFIRMED
REL_006653,PERSON_0272,CASE_0241,APPEARED_IN_CASE,CONFIRMED
REL_006654,PERSON_0293,CASE_0242,APPEARED_IN_CASE,CONFIRMED
REL_006655,PERSON_1004,CASE_0243,APPEARED_IN_CASE,CONFIRMED
REL_006656,PERSON_0333,CASE_0244,APPEARED_IN_CASE,CONFIRMED
REL_006657,PERSON_0393,CASE_0245,APPEARED_IN_CASE,CONFIRMED
REL_006658,PERSON_0536,CASE_0246,APPEARED_IN_CASE,CONFIRMED
REL_006659,PERSON_0815,CASE_0247,APPEARED_IN_CASE,CONFIRMED
REL_006660,PERSON_0497,CASE_0248,APPEARED_IN_CASE,CONFIRMED
REL_006661,PERSON_0337,CASE_0249,APPEARED_IN_CASE,CONFIRMED
REL_006662,PERSON_1059,CASE_0250,APPEARED_IN_CASE,CONFIRMED
REL_006663,PERSON_0141,CASE_0251,APPEARED_IN_CASE,CONFIRMED
REL_006664,PERSON_1430,CASE_0252,APPEARED_IN_CASE,CONFIRMED
REL_006665,PERSON_0176,CASE_0253,APPEARED_IN_CASE,CONFIRMED
REL_006666,PERSON_0303,CASE_0254,APPEARED_IN_CASE,CONFIRMED
REL_006667,PERSON_1409,CASE_0255,APPEARED_IN_CASE,CONFIRMED
REL_006668,PERSON_0638,CASE_0256,APPEARED_IN_CASE,CONFIRMED
REL_006669,PERSON_0350,CASE_0257,APPEARED_IN_CASE,CONFIRMED
REL_006670,PERSON_0813,CASE_0258,APPEARED_IN_CASE,CONFIRMED
REL_006671,PERSON_1147,CASE_0259,APPEARED_IN_CASE,CONFIRMED
REL_006672,PERSON_1128,CASE_0260,APPEARED_IN_CASE,CONFIRMED
REL_006673,PERSON_0654,CASE_0261,APPEARED_IN_CASE,CONFIRMED
REL_006674,PERSON_0390,CASE_0262,APPEARED_IN_CASE,CONFIRMED
REL_006675,PERSON_0354,CASE_0263,APPEARED_IN_CASE,CONFIRMED
REL_006676,PERSON_0377,CASE_0264,APPEARED_IN_CASE,CONFIRMED
REL_006677,PERSON_0936,CASE_0265,APPEARED_IN_CASE,CONFIRMED
REL_006678,PERSON_0434,CASE_0266,APPEARED_IN_CASE,CONFIRMED
REL_006679,PERSON_0693,CASE_0267,APPEARED_IN_CASE,CONFIRMED
REL_006680,PERSON_0053,CASE_0268,APPEARED_IN_CASE,CONFIRMED
REL_006681,PERSON_0755,CASE_0269,APPEARED_IN_CASE,CONFIRMED
REL_006682,PERSON_0827,CASE_0270,APPEARED_IN_CASE,CONFIRMED
REL_006683,PERSON_0625,CASE_0271,APPEARED_IN_CASE,CONFIRMED
REL_006684,PERSON_1220,CASE_0272,APPEARED_IN_CASE,CONFIRMED
REL_006685,PERSON_0034,CASE_0273,APPEARED_IN_CASE,CONFIRMED
REL_006686,PERSON_0247,CASE_0274,APPEARED_IN_CASE,CONFIRMED
REL_006687,PERSON_0635,CASE_0275,APPEARED_IN_CASE,CONFIRMED
REL_006688,PERSON_1297,CASE_0276,APPEARED_IN_CASE,CONFIRMED
REL_006689,PERSON_0074,CASE_0277,APPEARED_IN_CASE,CONFIRMED
REL_006690,PERSON_1123,CASE_0278,APPEARED_IN_CASE,CONFIRMED
REL_006691,PERSON_0691,CASE_0279,APPEARED_IN_CASE,CONFIRMED
REL_006692,PERSON_0341,CASE_0280,APPEARED_IN_CASE,CONFIRMED
REL_006693,PERSON_0450,CASE_0281,APPEARED_IN_CASE,CONFIRMED
REL_006694,PERSON_0233,CASE_0282,APPEARED_IN_CASE,CONFIRMED
REL_006695,PERSON_1093,CASE_0283,APPEARED_IN_CASE,CONFIRMED
REL_006696,PERSON_0438,CASE_0284,APPEARED_IN_CASE,CONFIRMED
REL_006697,PERSON_1245,CASE_0285,APPEARED_IN_CASE,CONFIRMED
REL_006698,PERSON_1121,CASE_0286,APPEARED_IN_CASE,CONFIRMED
REL_006699,PERSON_0346,CASE_0287,APPEARED_IN_CASE,CONFIRMED
REL_006700,PERSON_0680,CASE_0288,APPEARED_IN_CASE,CONFIRMED
REL_006701,PERSON_1395,CASE_0289,APPEARED_IN_CASE,CONFIRMED
REL_006702,PERSON_0917,CASE_0290,APPEARED_IN_CASE,CONFIRMED
REL_006703,PERSON_1040,CASE_0291,APPEARED_IN_CASE,CONFIRMED
REL_006704,PERSON_0855,CASE_0292,APPEARED_IN_CASE,CONFIRMED
REL_006705,PERSON_1246,CASE_0293,APPEARED_IN_CASE,CONFIRMED
REL_006706,PERSON_1373,CASE_0294,APPEARED_IN_CASE,CONFIRMED
REL_006707,PERSON_1274,CASE_0295,APPEARED_IN_CASE,CONFIRMED
REL_006708,PERSON_0330,CASE_0296,APPEARED_IN_CASE,CONFIRMED
REL_006709,PERSON_1431,CASE_0297,APPEARED_IN_CASE,CONFIRMED
REL_006710,PERSON_1493,CASE_0298,APPEARED_IN_CASE,CONFIRMED
REL_006711,PERSON_0155,CASE_0299,APPEARED_IN_CASE,CONFIRMED
REL_006712,PERSON_1365,CASE_0300,APPEARED_IN_CASE,CONFIRMED
REL_006713,PERSON_1476,ORG_0054,MEMBER_OF,LIKELY
REL_006714,PERSON_0026,ORG_0054,MEMBER_OF,LIKELY
REL_006715,PERSON_0397,ORG_0054,MEMBER_OF,LIKELY
REL_006716,PERSON_0721,ORG_0054,MEMBER_OF,LIKELY
REL_006717,PERSON_0547,ORG_0054,MEMBER_OF,LIKELY
REL_006718,PERSON_1104,ORG_0204,MEMBER_OF,LIKELY
REL_006719,PERSON_1226,ORG_0204,MEMBER_OF,LIKELY
REL_006720,PERSON_0969,ORG_0204,MEMBER_OF,LIKELY
REL_006721,PERSON_0463,ORG_0204,MEMBER_OF,LIKELY
REL_006722,PERSON_0829,ORG_0204,MEMBER_OF,LIKELY
REL_006723,PERSON_0486,ORG_0028,MEMBER_OF,LIKELY
REL_006724,PERSON_0833,ORG_0028,MEMBER_OF,LIKELY
REL_006725,PERSON_0851,ORG_0028,MEMBER_OF,LIKELY
REL_006726,PERSON_1031,ORG_0028,MEMBER_OF,LIKELY
REL_006727,PERSON_0705,ORG_0028,MEMBER_OF,LIKELY
REL_006728,PERSON_1060,ORG_0289,MEMBER_OF,LIKELY
REL_006729,PERSON_0720,ORG_0289,MEMBER_OF,LIKELY
REL_006730,PERSON_0950,ORG_0289,MEMBER_OF,LIKELY
REL_006731,PERSON_0606,ORG_0289,MEMBER_OF,LIKELY
REL_006732,PERSON_1008,ORG_0017,MEMBER_OF,LIKELY
REL_006733,PERSON_1002,ORG_0017,MEMBER_OF,LIKELY
REL_006734,PERSON_0807,ORG_0017,MEMBER_OF,LIKELY
REL_006735,PERSON_0591,ORG_0017,MEMBER_OF,LIKELY
REL_006736,PERSON_1190,ORG_0003,MEMBER_OF,LIKELY
REL_006737,PERSON_1170,ORG_0003,MEMBER_OF,LIKELY
REL_006738,PERSON_0266,ORG_0003,MEMBER_OF,LIKELY
REL_006739,PERSON_0660,ORG_0003,MEMBER_OF,LIKELY
REL_006740,PERSON_1352,ORG_0003,MEMBER_OF,LIKELY
REL_006741,PERSON_0219,ORG_0003,MEMBER_OF,LIKELY
REL_006742,PERSON_0854,ORG_0003,MEMBER_OF,LIKELY
REL_006743,PERSON_1282,ORG_0003,MEMBER_OF,LIKELY
REL_006744,PERSON_1056,ORG_0003,MEMBER_OF,LIKELY
REL_006745,PERSON_1186,ORG_0003,MEMBER_OF,LIKELY
REL_006746,PERSON_0790,ORG_0003,MEMBER_OF,LIKELY
REL_006747,PERSON_1499,ORG_0183,MEMBER_OF,LIKELY
REL_006748,PERSON_0037,ORG_0183,MEMBER_OF,LIKELY
REL_006749,PERSON_1449,ORG_0183,MEMBER_OF,LIKELY
REL_006750,PERSON_1303,ORG_0183,MEMBER_OF,LIKELY
REL_006751,PERSON_0766,ORG_0183,MEMBER_OF,LIKELY
REL_006752,PERSON_0171,ORG_0183,MEMBER_OF,LIKELY
REL_006753,PERSON_0298,ORG_0183,MEMBER_OF,LIKELY
REL_006754,PERSON_1250,ORG_0183,MEMBER_OF,LIKELY
REL_006755,PERSON_0554,ORG_0183,MEMBER_OF,LIKELY
REL_006756,PERSON_1353,ORG_0183,MEMBER_OF,LIKELY
REL_006757,PERSON_0398,ORG_0182,MEMBER_OF,LIKELY
REL_006758,PERSON_0736,ORG_0182,MEMBER_OF,LIKELY
REL_006759,PERSON_0198,ORG_0182,MEMBER_OF,LIKELY
REL_006760,PERSON_0970,ORG_0182,MEMBER_OF,LIKELY
REL_006761,PERSON_0050,ORG_0182,MEMBER_OF,LIKELY
REL_006762,PERSON_1438,ORG_0182,MEMBER_OF,LIKELY
REL_006763,PERSON_0779,ORG_0182,MEMBER_OF,LIKELY
REL_006764,PERSON_0517,ORG_0182,MEMBER_OF,LIKELY
REL_006765,PERSON_0671,ORG_0255,MEMBER_OF,LIKELY
REL_006766,PERSON_0639,ORG_0255,MEMBER_OF,LIKELY
REL_006767,PERSON_1203,ORG_0255,MEMBER_OF,LIKELY
REL_006768,PERSON_0302,ORG_0255,MEMBER_OF,LIKELY
REL_006769,PERSON_0727,ORG_0255,MEMBER_OF,LIKELY
REL_006770,PERSON_0032,ORG_0255,MEMBER_OF,LIKELY
REL_006771,PERSON_0104,ORG_0119,MEMBER_OF,LIKELY
REL_006772,PERSON_1433,ORG_0119,MEMBER_OF,LIKELY
REL_006773,PERSON_1483,ORG_0119,MEMBER_OF,LIKELY
REL_006774,PERSON_0974,ORG_0119,MEMBER_OF,LIKELY
REL_006775,PERSON_0985,ORG_0119,MEMBER_OF,LIKELY
REL_006776,PERSON_0467,ORG_0119,MEMBER_OF,LIKELY
REL_006777,PERSON_1171,ORG_0119,MEMBER_OF,LIKELY
REL_006778,PERSON_0713,ORG_0119,MEMBER_OF,LIKELY
REL_006779,PERSON_1242,ORG_0015,MEMBER_OF,LIKELY
REL_006780,PERSON_0256,ORG_0015,MEMBER_OF,LIKELY
REL_006781,PERSON_1376,ORG_0015,MEMBER_OF,LIKELY
REL_006782,PERSON_1412,ORG_0015,MEMBER_OF,LIKELY
REL_006783,PERSON_1464,ORG_0015,MEMBER_OF,LIKELY
REL_006784,PERSON_0423,ORG_0116,MEMBER_OF,LIKELY
REL_006785,PERSON_0784,ORG_0116,MEMBER_OF,LIKELY
REL_006786,PERSON_0580,ORG_0116,MEMBER_OF,LIKELY
REL_006787,PERSON_1204,ORG_0116,MEMBER_OF,LIKELY
REL_006788,PERSON_0269,ORG_0116,MEMBER_OF,LIKELY
REL_006789,PERSON_1213,ORG_0091,MEMBER_OF,LIKELY
REL_006790,PERSON_0955,ORG_0116,MEMBER_OF,LIKELY
REL_006791,PERSON_1208,ORG_0008,MEMBER_OF,LIKELY
REL_006792,PERSON_0922,ORG_0142,MEMBER_OF,LIKELY
REL_006793,PERSON_0090,ORG_0295,MEMBER_OF,LIKELY
REL_006794,PERSON_0988,ORG_0070,MEMBER_OF,LIKELY
REL_006795,PERSON_0991,ORG_0231,MEMBER_OF,LIKELY
REL_006796,PERSON_1496,ORG_0204,MEMBER_OF,LIKELY
REL_006797,PERSON_0435,ORG_0241,MEMBER_OF,LIKELY
REL_006798,PERSON_0061,ORG_0139,MEMBER_OF,LIKELY
REL_006799,PERSON_0317,ORG_0058,MEMBER_OF,LIKELY
REL_006800,PERSON_0783,ORG_0134,MEMBER_OF,LIKELY
REL_006801,PERSON_1426,ORG_0196,MEMBER_OF,LIKELY
REL_006802,PERSON_1360,ORG_0015,MEMBER_OF,LIKELY
REL_006803,PERSON_0214,ORG_0023,MEMBER_OF,LIKELY
REL_006804,PERSON_0637,ORG_0266,MEMBER_OF,LIKELY
REL_006805,PERSON_0680,ORG_0148,MEMBER_OF,LIKELY
REL_006806,PERSON_1323,ORG_0023,MEMBER_OF,LIKELY
REL_006807,PERSON_0262,ORG_0182,MEMBER_OF,LIKELY
REL_006808,PERSON_0808,ORG_0240,MEMBER_OF,LIKELY
REL_006809,PERSON_0306,ORG_0270,MEMBER_OF,LIKELY
REL_006810,PERSON_0816,ORG_0074,MEMBER_OF,LIKELY
REL_006811,PERSON_0469,ORG_0164,MEMBER_OF,LIKELY
REL_006812,PERSON_0685,ORG_0133,MEMBER_OF,LIKELY
REL_006813,PERSON_0015,ORG_0210,MEMBER_OF,LIKELY
REL_006814,PERSON_1181,ORG_0089,MEMBER_OF,LIKELY
REL_006815,PERSON_0395,ORG_0008,MEMBER_OF,LIKELY
REL_006816,PERSON_1019,ORG_0093,MEMBER_OF,LIKELY
REL_006817,PERSON_0022,ORG_0031,MEMBER_OF,LIKELY
REL_006818,PERSON_1178,ORG_0100,MEMBER_OF,LIKELY
REL_006819,PERSON_0832,ORG_0034,MEMBER_OF,LIKELY
REL_006820,PERSON_0919,ORG_0262,MEMBER_OF,LIKELY
REL_006821,PERSON_1334,ORG_0006,MEMBER_OF,LIKELY
REL_006822,PERSON_0433,ORG_0078,MEMBER_OF,LIKELY
REL_006823,PERSON_0546,ORG_0039,MEMBER_OF,LIKELY
REL_006824,PERSON_1110,ORG_0145,MEMBER_OF,LIKELY
REL_006825,PERSON_0453,ORG_0131,MEMBER_OF,LIKELY
REL_006826,PERSON_0568,ORG_0097,MEMBER_OF,LIKELY
REL_006827,PERSON_1257,ORG_0160,MEMBER_OF,LIKELY
REL_006828,PERSON_1093,ORG_0298,MEMBER_OF,LIKELY
REL_006829,PERSON_1215,ORG_0297,MEMBER_OF,LIKELY
REL_006830,PERSON_1147,ORG_0112,MEMBER_OF,LIKELY
REL_006831,PERSON_0424,ORG_0220,MEMBER_OF,LIKELY
REL_006832,PERSON_1439,ORG_0060,MEMBER_OF,LIKELY
REL_006833,PERSON_0070,ORG_0052,MEMBER_OF,LIKELY
REL_006834,PERSON_0868,ORG_0087,MEMBER_OF,LIKELY
REL_006835,PERSON_0914,ORG_0081,MEMBER_OF,LIKELY
REL_006836,PERSON_0314,ORG_0050,MEMBER_OF,LIKELY
REL_006837,PERSON_0333,ORG_0111,MEMBER_OF,LIKELY
REL_006838,PERSON_0390,ORG_0262,MEMBER_OF,LIKELY
REL_006839,PERSON_1028,ORG_0019,MEMBER_OF,LIKELY
REL_006840,PERSON_1337,ORG_0283,MEMBER_OF,LIKELY
REL_006841,PERSON_1309,ORG_0297,MEMBER_OF,LIKELY
REL_006842,PERSON_0750,ORG_0297,MEMBER_OF,LIKELY
REL_006843,PERSON_0460,ORG_0147,MEMBER_OF,LIKELY
REL_006844,PERSON_1330,ORG_0275,MEMBER_OF,LIKELY
REL_006845,PERSON_0321,ORG_0012,MEMBER_OF,LIKELY
REL_006846,PERSON_1298,ORG_0143,MEMBER_OF,LIKELY
REL_006847,PERSON_1465,ORG_0243,MEMBER_OF,LIKELY
REL_006848,PERSON_0208,ORG_0177,MEMBER_OF,LIKELY
REL_006849,PERSON_1044,ORG_0206,MEMBER_OF,LIKELY
REL_006850,PERSON_0716,ORG_0176,MEMBER_OF,LIKELY
REL_006851,PERSON_0543,ORG_0167,MEMBER_OF,LIKELY
REL_006852,PERSON_0280,ORG_0267,MEMBER_OF,LIKELY
REL_006853,PERSON_0894,ORG_0073,MEMBER_OF,LIKELY
REL_006854,PERSON_1286,ORG_0172,MEMBER_OF,LIKELY
REL_006855,PERSON_0923,ORG_0107,MEMBER_OF,LIKELY
REL_006856,PERSON_1450,ORG_0086,MEMBER_OF,LIKELY
REL_006857,PERSON_0624,ORG_0031,MEMBER_OF,LIKELY
REL_006858,PERSON_0798,ORG_0100,MEMBER_OF,LIKELY
REL_006859,PERSON_1038,ORG_0074,MEMBER_OF,LIKELY
REL_006860,PERSON_1009,ORG_0251,MEMBER_OF,LIKELY
REL_006861,PERSON_0842,ORG_0008,MEMBER_OF,LIKELY
REL_006862,PERSON_1032,ORG_0289,MEMBER_OF,LIKELY
REL_006863,PERSON_0735,ORG_0255,MEMBER_OF,LIKELY
REL_006864,PERSON_0787,ORG_0087,MEMBER_OF,LIKELY
REL_006865,PERSON_0663,ORG_0200,MEMBER_OF,LIKELY
REL_006866,PERSON_0223,ORG_0225,MEMBER_OF,LIKELY
REL_006867,PERSON_0793,ORG_0185,MEMBER_OF,LIKELY
REL_006868,PERSON_0694,ORG_0115,MEMBER_OF,LIKELY
REL_006869,PERSON_0254,ORG_0234,MEMBER_OF,LIKELY
REL_006870,PERSON_0098,ORG_0283,MEMBER_OF,LIKELY
REL_006871,PERSON_0206,ORG_0066,MEMBER_OF,LIKELY
REL_006872,PERSON_0780,ORG_0009,MEMBER_OF,LIKELY
REL_006873,PERSON_0331,ORG_0268,MEMBER_OF,LIKELY
REL_006874,PERSON_0008,ORG_0121,MEMBER_OF,LIKELY
REL_006875,PERSON_1173,ORG_0203,MEMBER_OF,LIKELY
REL_006876,PERSON_0409,ORG_0242,MEMBER_OF,LIKELY
REL_006877,PERSON_0442,ORG_0091,MEMBER_OF,LIKELY
REL_006878,PERSON_0168,ORG_0133,MEMBER_OF,LIKELY
REL_006879,PERSON_1062,ORG_0181,MEMBER_OF,LIKELY
REL_006880,PERSON_0989,ORG_0268,MEMBER_OF,LIKELY
REL_006881,PERSON_0590,ORG_0224,MEMBER_OF,LIKELY
REL_006882,PERSON_0245,ORG_0165,MEMBER_OF,LIKELY
REL_006883,PERSON_0796,ORG_0107,MEMBER_OF,LIKELY
REL_006884,PERSON_0359,ORG_0074,MEMBER_OF,LIKELY
REL_006885,PERSON_0535,ORG_0243,MEMBER_OF,LIKELY
REL_006886,PERSON_0053,ORG_0048,MEMBER_OF,LIKELY
REL_006887,PERSON_1216,ORG_0191,MEMBER_OF,LIKELY
REL_006888,PERSON_1195,ORG_0094,MEMBER_OF,LIKELY
REL_006889,PERSON_0342,ORG_0043,MEMBER_OF,LIKELY
REL_006890,PERSON_0560,ORG_0104,MEMBER_OF,LIKELY
REL_006891,PERSON_0320,ORG_0094,MEMBER_OF,LIKELY
REL_006892,PERSON_0362,ORG_0174,MEMBER_OF,LIKELY
REL_006893,PERSON_1143,ORG_0279,MEMBER_OF,LIKELY
REL_006894,PERSON_0189,ORG_0252,MEMBER_OF,LIKELY
REL_006895,PERSON_1232,ORG_0152,MEMBER_OF,LIKELY
REL_006896,PERSON_1307,ORG_0035,MEMBER_OF,LIKELY
REL_006897,PERSON_0196,ORG_0093,MEMBER_OF,LIKELY
REL_006898,PERSON_0686,ORG_0255,MEMBER_OF,LIKELY
REL_006899,PERSON_0890,ORG_0277,MEMBER_OF,LIKELY
REL_006900,PERSON_0129,ORG_0032,MEMBER_OF,LIKELY
REL_006901,PERSON_0791,ORG_0174,MEMBER_OF,LIKELY
REL_006902,PERSON_0264,ORG_0270,MEMBER_OF,LIKELY
REL_006903,PERSON_0528,ORG_0075,MEMBER_OF,LIKELY
REL_006904,PERSON_0958,ORG_0276,MEMBER_OF,LIKELY
REL_006905,PERSON_0653,ORG_0061,MEMBER_OF,LIKELY
REL_006906,PERSON_0420,ORG_0067,MEMBER_OF,LIKELY
REL_006907,PERSON_1492,ORG_0127,MEMBER_OF,LIKELY
REL_006908,PERSON_0979,ORG_0181,MEMBER_OF,LIKELY
REL_006909,PERSON_1434,ORG_0122,MEMBER_OF,LIKELY
REL_006910,PERSON_0404,ORG_0190,MEMBER_OF,LIKELY
REL_006911,PERSON_0107,ORG_0267,MEMBER_OF,LIKELY
REL_006912,PERSON_0103,ORG_0289,MEMBER_OF,LIKELY
REL_006913,PERSON_0178,ORG_0228,MEMBER_OF,LIKELY
REL_006914,PERSON_1361,ORG_0019,MEMBER_OF,LIKELY
REL_006915,PERSON_1308,ORG_0001,MEMBER_OF,LIKELY
REL_006916,PERSON_0036,ORG_0104,MEMBER_OF,LIKELY
REL_006917,PERSON_0482,ORG_0051,MEMBER_OF,LIKELY
REL_006918,PERSON_0952,ORG_0031,MEMBER_OF,LIKELY
REL_006919,PERSON_0391,ORG_0100,MEMBER_OF,LIKELY
REL_006920,PERSON_0940,ORG_0172,MEMBER_OF,LIKELY
REL_006921,PERSON_1074,ORG_0227,MEMBER_OF,LIKELY
REL_006922,PERSON_0936,ORG_0042,MEMBER_OF,LIKELY
REL_006923,PERSON_1364,ORG_0241,MEMBER_OF,LIKELY
REL_006924,PERSON_0889,ORG_0078,MEMBER_OF,LIKELY
REL_006925,PERSON_1423,ORG_0182,MEMBER_OF,LIKELY
REL_006926,PERSON_0725,ORG_0261,MEMBER_OF,LIKELY
REL_006927,PERSON_0593,ORG_0018,MEMBER_OF,LIKELY
REL_006928,PERSON_0059,ORG_0216,MEMBER_OF,LIKELY
REL_006929,PERSON_0106,ORG_0294,MEMBER_OF,LIKELY
REL_006930,PERSON_0020,ORG_0236,MEMBER_OF,LIKELY
REL_006931,PERSON_0350,ORG_0108,MEMBER_OF,LIKELY
REL_006932,PERSON_1040,ORG_0026,MEMBER_OF,LIKELY
REL_006933,PERSON_1346,ORG_0276,MEMBER_OF,LIKELY
REL_006934,PERSON_0187,ORG_0186,MEMBER_OF,LIKELY
REL_006935,PERSON_0892,ORG_0162,MEMBER_OF,LIKELY
REL_006936,PERSON_1454,ORG_0273,MEMBER_OF,LIKELY
REL_006937,PERSON_0216,ORG_0141,MEMBER_OF,LIKELY
REL_006938,PERSON_0893,ORG_0173,MEMBER_OF,LIKELY
REL_006939,PERSON_0539,ORG_0016,MEMBER_OF,LIKELY
REL_006940,PERSON_0477,ORG_0017,MEMBER_OF,LIKELY
REL_006941,PERSON_1417,ORG_0205,MEMBER_OF,LIKELY
REL_006942,PERSON_0458,ORG_0112,MEMBER_OF,LIKELY
REL_006943,PERSON_0054,ORG_0203,MEMBER_OF,LIKELY
REL_006944,PERSON_0722,ORG_0273,MEMBER_OF,LIKELY
REL_006945,PERSON_0416,ORG_0082,MEMBER_OF,LIKELY
REL_006946,PERSON_0325,ORG_0246,MEMBER_OF,LIKELY
REL_006947,PERSON_1277,ORG_0274,MEMBER_OF,LIKELY
REL_006948,PERSON_0146,ORG_0251,MEMBER_OF,LIKELY
REL_006949,PERSON_0367,ORG_0231,MEMBER_OF,LIKELY
REL_006950,PERSON_1150,ORG_0138,MEMBER_OF,LIKELY
REL_006951,PERSON_1205,ORG_0232,MEMBER_OF,LIKELY
REL_006952,PERSON_1394,ORG_0111,MEMBER_OF,LIKELY
REL_006953,PERSON_1248,ORG_0078,MEMBER_OF,LIKELY
REL_006954,PERSON_0127,ORG_0163,MEMBER_OF,LIKELY
REL_006955,PERSON_1179,ORG_0259,MEMBER_OF,LIKELY
REL_006956,PERSON_1320,ORG_0187,MEMBER_OF,LIKELY
REL_006957,PERSON_1359,ORG_0022,MEMBER_OF,LIKELY
REL_006958,PERSON_0987,ORG_0069,MEMBER_OF,LIKELY
REL_006959,PERSON_1414,ORG_0120,MEMBER_OF,LIKELY
REL_006960,PERSON_0165,ORG_0041,MEMBER_OF,LIKELY
REL_006961,PERSON_0581,ORG_0125,MEMBER_OF,LIKELY
REL_006962,PERSON_0073,ORG_0268,MEMBER_OF,LIKELY
REL_006963,PERSON_0473,ORG_0101,MEMBER_OF,LIKELY
REL_006964,PERSON_0057,ORG_0296,MEMBER_OF,LIKELY
REL_006965,PERSON_0241,ORG_0008,MEMBER_OF,LIKELY
REL_006966,PERSON_1035,ORG_0151,MEMBER_OF,LIKELY
REL_006967,PERSON_1474,ORG_0262,MEMBER_OF,LIKELY
REL_006968,PERSON_0757,ORG_0261,MEMBER_OF,LIKELY
REL_006969,PERSON_0675,ORG_0243,MEMBER_OF,LIKELY
REL_006970,PERSON_0385,ORG_0238,MEMBER_OF,LIKELY
REL_006971,PERSON_0185,ORG_0122,MEMBER_OF,LIKELY
REL_006972,PERSON_0941,ORG_0037,MEMBER_OF,LIKELY
REL_006973,PERSON_0891,ORG_0275,MEMBER_OF,LIKELY
REL_006974,PERSON_0762,ORG_0025,MEMBER_OF,LIKELY
REL_006975,PERSON_1055,ORG_0068,MEMBER_OF,LIKELY
REL_006976,PERSON_0278,ORG_0218,MEMBER_OF,LIKELY
REL_006977,PERSON_0704,ORG_0074,MEMBER_OF,LIKELY
REL_006978,PERSON_1418,ORG_0251,MEMBER_OF,LIKELY
REL_006979,PERSON_0192,ORG_0290,MEMBER_OF,LIKELY
REL_006980,PERSON_1460,ORG_0265,MEMBER_OF,LIKELY
REL_006981,PERSON_0293,ORG_0022,MEMBER_OF,LIKELY
REL_006982,PERSON_1363,ORG_0079,MEMBER_OF,LIKELY
REL_006983,PERSON_0943,ORG_0082,MEMBER_OF,LIKELY
REL_006984,PERSON_0901,ORG_0273,MEMBER_OF,LIKELY
REL_006985,PERSON_1124,ORG_0027,MEMBER_OF,LIKELY
REL_006986,PERSON_1096,ORG_0114,MEMBER_OF,LIKELY
REL_006987,PERSON_1183,ORG_0156,MEMBER_OF,LIKELY
REL_006988,PERSON_0844,ORG_0019,MEMBER_OF,LIKELY
REL_006989,PERSON_0016,ORG_0187,MEMBER_OF,LIKELY
REL_006990,PERSON_0290,ORG_0071,MEMBER_OF,LIKELY
REL_006991,PERSON_1095,ORG_0139,MEMBER_OF,LIKELY
REL_006992,PERSON_0494,ORG_0213,MEMBER_OF,LIKELY
REL_006993,PERSON_0188,ORG_0008,MEMBER_OF,LIKELY
REL_006994,PERSON_0014,ORG_0034,MEMBER_OF,LIKELY
REL_006995,PERSON_0194,ORG_0229,MEMBER_OF,LIKELY
REL_006996,PERSON_1149,ORG_0210,MEMBER_OF,LIKELY
REL_006997,PERSON_1025,ORG_0180,MEMBER_OF,LIKELY
REL_006998,PERSON_0573,ORG_0163,MEMBER_OF,LIKELY
REL_006999,PERSON_0649,ORG_0292,MEMBER_OF,LIKELY
REL_007000,PERSON_1174,ORG_0015,MEMBER_OF,LIKELY
REL_007001,PERSON_1373,ORG_0008,MEMBER_OF,LIKELY
REL_007002,PERSON_0612,ORG_0212,MEMBER_OF,LIKELY
REL_007003,PERSON_1276,ORG_0019,MEMBER_OF,LIKELY
REL_007004,PERSON_1098,ORG_0017,MEMBER_OF,LIKELY
REL_007005,PERSON_0488,ORG_0287,MEMBER_OF,LIKELY
REL_007006,PERSON_0975,ORG_0131,MEMBER_OF,LIKELY
REL_007007,PERSON_1487,ORG_0249,MEMBER_OF,LIKELY
REL_007008,PERSON_0377,ORG_0102,MEMBER_OF,LIKELY
REL_007009,PERSON_0301,ORG_0213,MEMBER_OF,LIKELY
REL_007010,PERSON_1115,ORG_0095,MEMBER_OF,LIKELY
REL_007011,PERSON_0045,ORG_0174,MEMBER_OF,LIKELY
REL_007012,PERSON_0917,ORG_0022,MEMBER_OF,LIKELY
REL_007013,PERSON_0110,ORG_0072,MEMBER_OF,LIKELY
REL_007014,PERSON_1239,ORG_0143,MEMBER_OF,LIKELY
REL_007015,PERSON_0003,ORG_0182,MEMBER_OF,LIKELY
REL_007016,PERSON_0734,ORG_0128,MEMBER_OF,LIKELY
REL_007017,PERSON_1279,ORG_0037,MEMBER_OF,LIKELY
REL_007018,PERSON_0376,ORG_0034,MEMBER_OF,LIKELY
REL_007019,PERSON_0840,ORG_0072,MEMBER_OF,LIKELY
REL_007020,PERSON_0263,ORG_0266,MEMBER_OF,LIKELY
REL_007021,PERSON_0030,ORG_0198,MEMBER_OF,LIKELY
REL_007022,PERSON_1430,ORG_0085,MEMBER_OF,LIKELY
REL_007023,PERSON_0361,ORG_0267,MEMBER_OF,LIKELY
REL_007024,PERSON_0233,ORG_0048,MEMBER_OF,LIKELY
REL_007025,PERSON_1495,ORG_0169,MEMBER_OF,LIKELY
REL_007026,PERSON_1299,ORG_0089,MEMBER_OF,LIKELY
REL_007027,PERSON_0954,ORG_0199,MEMBER_OF,LIKELY
REL_007028,PERSON_0565,ORG_0069,MEMBER_OF,LIKELY
REL_007029,PERSON_0662,ORG_0051,MEMBER_OF,LIKELY
REL_007030,PERSON_1455,ORG_0168,MEMBER_OF,LIKELY
REL_007031,PERSON_1341,ORG_0100,MEMBER_OF,LIKELY
REL_007032,PERSON_0841,ORG_0116,MEMBER_OF,LIKELY
REL_007033,PERSON_1135,ORG_0145,MEMBER_OF,LIKELY
REL_007034,PERSON_0031,ORG_0290,MEMBER_OF,LIKELY
REL_007035,PERSON_0797,ORG_0083,MEMBER_OF,LIKELY
REL_007036,PERSON_0775,ORG_0113,MEMBER_OF,LIKELY
REL_007037,PERSON_1224,ORG_0019,MEMBER_OF,LIKELY
REL_007038,PERSON_1172,ORG_0259,MEMBER_OF,LIKELY
REL_007039,PERSON_0730,ORG_0175,MEMBER_OF,LIKELY
REL_007040,PERSON_1441,ORG_0049,MEMBER_OF,LIKELY
REL_007041,PERSON_0667,ORG_0270,MEMBER_OF,LIKELY
REL_007042,PERSON_0672,ORG_0241,MEMBER_OF,LIKELY
REL_007043,PERSON_0545,ORG_0159,MEMBER_OF,LIKELY
REL_007044,PERSON_0921,ORG_0288,MEMBER_OF,LIKELY
REL_007045,PERSON_0569,ORG_0027,MEMBER_OF,LIKELY
REL_007046,PERSON_0094,ORG_0208,MEMBER_OF,LIKELY
REL_007047,PERSON_1168,ORG_0271,MEMBER_OF,LIKELY
REL_007048,PERSON_0340,ORG_0245,MEMBER_OF,LIKELY
REL_007049,PERSON_0137,ORG_0018,MEMBER_OF,LIKELY
REL_007050,PERSON_0286,ORG_0017,MEMBER_OF,LIKELY
REL_007051,PERSON_0839,ORG_0099,MEMBER_OF,LIKELY
REL_007052,PERSON_1302,ORG_0035,MEMBER_OF,LIKELY
REL_007053,PERSON_0028,ORG_0229,MEMBER_OF,LIKELY
REL_007054,PERSON_1026,ORG_0138,MEMBER_OF,LIKELY
REL_007055,PERSON_0135,ORG_0188,MEMBER_OF,LIKELY
REL_007056,PERSON_1261,ORG_0042,MEMBER_OF,LIKELY
REL_007057,PERSON_0574,ORG_0291,MEMBER_OF,LIKELY
REL_007058,PERSON_0344,ORG_0255,MEMBER_OF,LIKELY
REL_007059,PERSON_0093,ORG_0102,MEMBER_OF,LIKELY
REL_007060,PERSON_0247,ORG_0124,MEMBER_OF,LIKELY
REL_007061,PERSON_0276,ORG_0038,MEMBER_OF,LIKELY
REL_007062,PERSON_1451,ORG_0015,MEMBER_OF,LIKELY
REL_007063,PERSON_0152,ORG_0186,MEMBER_OF,LIKELY
REL_007064,PERSON_0369,ORG_0117,MEMBER_OF,LIKELY
REL_007065,PERSON_0465,ORG_0087,MEMBER_OF,LIKELY
REL_007066,PERSON_0849,ORG_0223,MEMBER_OF,LIKELY
REL_007067,PERSON_0830,ORG_0153,MEMBER_OF,LIKELY
REL_007068,PERSON_1425,ORG_0210,MEMBER_OF,LIKELY
REL_007069,PERSON_0618,ORG_0288,MEMBER_OF,LIKELY
REL_007070,PERSON_0638,ORG_0258,MEMBER_OF,LIKELY
REL_007071,PERSON_0179,ORG_0279,MEMBER_OF,LIKELY
REL_007072,PERSON_0410,ORG_0296,MEMBER_OF,LIKELY
REL_007073,PERSON_0510,ORG_0139,MEMBER_OF,LIKELY
REL_007074,PERSON_0004,ORG_0120,MEMBER_OF,LIKELY
REL_007075,PERSON_1182,ORG_0071,MEMBER_OF,LIKELY
REL_007076,PERSON_1127,ORG_0149,MEMBER_OF,LIKELY
REL_007077,PERSON_1101,ORG_0119,MEMBER_OF,LIKELY
REL_007078,PERSON_0415,ORG_0083,MEMBER_OF,LIKELY
REL_007079,PERSON_1415,ORG_0283,MEMBER_OF,LIKELY
REL_007080,PERSON_0174,ORG_0213,MEMBER_OF,LIKELY
REL_007081,PERSON_1057,ORG_0059,MEMBER_OF,LIKELY
REL_007082,PERSON_0357,ORG_0293,MEMBER_OF,LIKELY
REL_007083,PERSON_0514,ORG_0227,MEMBER_OF,LIKELY
REL_007084,PERSON_0561,ORG_0106,MEMBER_OF,LIKELY
REL_007085,PERSON_0728,ORG_0261,MEMBER_OF,LIKELY
REL_007086,PERSON_0128,ORG_0068,MEMBER_OF,LIKELY
REL_007087,PERSON_1007,ORG_0192,MEMBER_OF,LIKELY
REL_007088,PERSON_0481,ORG_0164,MEMBER_OF,LIKELY
REL_007089,PERSON_1191,ORG_0200,MEMBER_OF,LIKELY
REL_007090,PERSON_0698,ORG_0221,MEMBER_OF,LIKELY
REL_007091,PERSON_0596,ORG_0149,MEMBER_OF,LIKELY
REL_007092,PERSON_1339,ORG_0268,MEMBER_OF,LIKELY
REL_007093,PERSON_0221,ORG_0290,MEMBER_OF,LIKELY
REL_007094,PERSON_0963,ORG_0119,MEMBER_OF,LIKELY
REL_007095,PERSON_0575,ORG_0297,MEMBER_OF,LIKELY
REL_007096,PERSON_0417,ORG_0016,MEMBER_OF,LIKELY
REL_007097,PERSON_0083,ORG_0041,MEMBER_OF,LIKELY
REL_007098,PERSON_0825,ORG_0233,MEMBER_OF,LIKELY
REL_007099,PERSON_0820,ORG_0030,MEMBER_OF,LIKELY
REL_007100,PERSON_0329,ORG_0127,MEMBER_OF,LIKELY
REL_007101,PERSON_1435,ORG_0291,MEMBER_OF,LIKELY
REL_007102,PERSON_1155,ORG_0109,MEMBER_OF,LIKELY
REL_007103,PERSON_0069,ORG_0211,MEMBER_OF,LIKELY
REL_007104,PERSON_0411,ORG_0291,MEMBER_OF,LIKELY
REL_007105,PERSON_0052,ORG_0209,MEMBER_OF,LIKELY
REL_007106,PERSON_0466,ORG_0139,MEMBER_OF,LIKELY
REL_007107,PERSON_0108,ORG_0187,MEMBER_OF,LIKELY
REL_007108,PERSON_0487,ORG_0244,MEMBER_OF,LIKELY
REL_007109,PERSON_0961,ORG_0193,MEMBER_OF,LIKELY
REL_007110,PERSON_1342,ORG_0285,MEMBER_OF,LIKELY
REL_007111,PERSON_1184,ORG_0009,MEMBER_OF,LIKELY
REL_007112,PERSON_0195,ORG_0096,MEMBER_OF,LIKELY
REL_007113,PERSON_1443,ORG_0207,MEMBER_OF,LIKELY
REL_007114,PERSON_1327,ORG_0178,MEMBER_OF,LIKELY
REL_007115,PERSON_1254,ORG_0141,MEMBER_OF,LIKELY
REL_007116,PERSON_0199,ORG_0069,MEMBER_OF,LIKELY
REL_007117,PERSON_0752,ORG_0281,MEMBER_OF,LIKELY
REL_007118,PERSON_0853,ORG_0263,MEMBER_OF,LIKELY
REL_007119,PERSON_0741,ORG_0191,MEMBER_OF,LIKELY
REL_007120,PERSON_0068,ORG_0201,MEMBER_OF,LIKELY
REL_007121,PERSON_1333,ORG_0067,MEMBER_OF,LIKELY
REL_007122,PERSON_0414,ORG_0221,MEMBER_OF,LIKELY
REL_007123,PERSON_1004,ORG_0217,MEMBER_OF,LIKELY
REL_007124,PERSON_1193,ORG_0016,MEMBER_OF,LIKELY
REL_007125,PERSON_0312,ORG_0198,MEMBER_OF,LIKELY
REL_007126,PERSON_0492,ORG_0069,MEMBER_OF,LIKELY
REL_007127,PERSON_0657,ORG_0166,MEMBER_OF,LIKELY
REL_007128,PERSON_1016,ORG_0251,MEMBER_OF,LIKELY
REL_007129,PERSON_0789,ORG_0027,MEMBER_OF,LIKELY
REL_007130,PERSON_0025,ORG_0120,MEMBER_OF,LIKELY
REL_007131,PERSON_1157,ORG_0037,MEMBER_OF,LIKELY
REL_007132,PERSON_0134,ORG_0105,MEMBER_OF,LIKELY
REL_007133,PERSON_0088,ORG_0291,MEMBER_OF,LIKELY
REL_007134,PERSON_0498,ORG_0185,MEMBER_OF,LIKELY
REL_007135,PERSON_1445,ORG_0122,MEMBER_OF,LIKELY
REL_007136,PERSON_1092,ORG_0288,MEMBER_OF,LIKELY
REL_007137,PERSON_0600,ORG_0299,MEMBER_OF,LIKELY
REL_007138,PERSON_1129,ORG_0232,MEMBER_OF,LIKELY
REL_007139,PERSON_0259,ORG_0242,MEMBER_OF,LIKELY
REL_007140,PERSON_0464,ORG_0121,MEMBER_OF,LIKELY
REL_007141,PERSON_0744,ORG_0261,MEMBER_OF,LIKELY
REL_007142,PERSON_1053,ORG_0172,MEMBER_OF,LIKELY
REL_007143,PERSON_0079,ORG_0065,MEMBER_OF,LIKELY
REL_007144,PERSON_0804,ORG_0180,MEMBER_OF,LIKELY
REL_007145,PERSON_0252,ORG_0257,MEMBER_OF,LIKELY
REL_007146,PERSON_0372,ORG_0128,MEMBER_OF,LIKELY
REL_007147,PERSON_0399,ORG_0233,MEMBER_OF,LIKELY
REL_007148,PERSON_1264,ORG_0040,MEMBER_OF,LIKELY
REL_007149,PERSON_1329,ORG_0195,MEMBER_OF,LIKELY
REL_007150,PERSON_0520,ORG_0103,MEMBER_OF,LIKELY
REL_007151,PERSON_0802,ORG_0093,MEMBER_OF,LIKELY
REL_007152,PERSON_0509,ORG_0014,MEMBER_OF,LIKELY
REL_007153,PERSON_0123,ORG_0105,MEMBER_OF,LIKELY
REL_007154,PERSON_1086,ORG_0248,MEMBER_OF,LIKELY
REL_007155,PERSON_0856,ORG_0234,MEMBER_OF,LIKELY
REL_007156,PERSON_0310,ORG_0193,MEMBER_OF,LIKELY
REL_007157,PERSON_0875,ORG_0277,MEMBER_OF,LIKELY
REL_007158,PERSON_0860,ORG_0134,MEMBER_OF,LIKELY
REL_007159,PERSON_0934,ORG_0216,MEMBER_OF,LIKELY
REL_007160,PERSON_1397,ORG_0053,MEMBER_OF,LIKELY
REL_007161,PERSON_0120,ORG_0134,MEMBER_OF,LIKELY
REL_007162,PERSON_0598,ORG_0067,MEMBER_OF,LIKELY
REL_007163,PERSON_0935,ORG_0284,MEMBER_OF,LIKELY
REL_007164,PERSON_1493,ORG_0241,MEMBER_OF,LIKELY
REL_007165,PERSON_1306,ORG_0073,MEMBER_OF,LIKELY
REL_007166,PERSON_0438,ORG_0072,MEMBER_OF,LIKELY
REL_007167,PERSON_0496,ORG_0037,MEMBER_OF,LIKELY
REL_007168,PERSON_1278,ORG_0054,MEMBER_OF,LIKELY
REL_007169,PERSON_1267,ORG_0164,MEMBER_OF,LIKELY
REL_007170,PERSON_1088,ORG_0230,MEMBER_OF,LIKELY
REL_007171,PERSON_0880,ORG_0073,MEMBER_OF,LIKELY
REL_007172,PERSON_0353,ORG_0076,MEMBER_OF,LIKELY
REL_007173,PERSON_0298,PHONE_00298,USED,CONFIRMED
REL_007174,PERSON_0010,PHONE_00010,USED,CONFIRMED
REL_007175,PERSON_0685,PHONE_01931,USED,CONFIRMED
REL_007176,PERSON_0242,PHONE_00242,USED,CONFIRMED
REL_007177,PERSON_0061,PHONE_00061,USED,CONFIRMED
REL_007178,PERSON_1318,PHONE_01318,USED,CONFIRMED
REL_007179,PERSON_0286,PHONE_00286,USED,CONFIRMED
REL_007180,PERSON_0355,PHONE_00355,USED,CONFIRMED
REL_007181,PERSON_1253,PHONE_01253,USED,CONFIRMED
REL_007182,PERSON_0601,PHONE_01633,USED,CONFIRMED
REL_007183,PERSON_1164,PHONE_01164,USED,CONFIRMED
REL_007184,PERSON_1319,PHONE_01319,USED,CONFIRMED
REL_007185,PERSON_1344,PHONE_01579,USED,CONFIRMED
REL_007186,PERSON_0341,PHONE_01505,USED,CONFIRMED
REL_007187,PERSON_0632,PHONE_00632,USED,CONFIRMED
REL_007188,PERSON_0392,PHONE_01754,USED,CONFIRMED
REL_007189,PERSON_0599,PHONE_00599,USED,CONFIRMED
REL_007190,PERSON_1232,PHONE_01843,USED,CONFIRMED
REL_007191,PERSON_0038,PHONE_01728,USED,CONFIRMED
REL_007192,PERSON_1120,PHONE_01120,USED,CONFIRMED
REL_007193,PERSON_0751,PHONE_00751,USED,CONFIRMED
REL_007194,PERSON_0647,PHONE_01804,USED,CONFIRMED
REL_007195,PERSON_0727,PHONE_00727,USED,CONFIRMED
REL_007196,PERSON_0417,PHONE_00417,USED,CONFIRMED
REL_007197,PERSON_0344,PHONE_00344,USED,CONFIRMED
REL_007198,PERSON_0862,PHONE_00862,USED,CONFIRMED
REL_007199,PERSON_1351,PHONE_01351,USED,CONFIRMED
REL_007200,PERSON_0541,PHONE_00541,USED,CONFIRMED
REL_007201,PERSON_0356,PHONE_01590,USED,CONFIRMED
REL_007202,PERSON_0306,PHONE_02012,USED,CONFIRMED
REL_007203,PERSON_0220,PHONE_02017,USED,CONFIRMED
REL_007204,PERSON_1023,PHONE_01023,USED,CONFIRMED
REL_007205,PERSON_1392,PHONE_01392,USED,CONFIRMED
REL_007206,PERSON_0194,PHONE_00194,USED,CONFIRMED
REL_007207,PERSON_1097,PHONE_01940,USED,CONFIRMED
REL_007208,PERSON_0643,PHONE_00643,USED,CONFIRMED
REL_007209,PERSON_0876,PHONE_01605,USED,CONFIRMED
REL_007210,PERSON_1397,PHONE_01397,USED,CONFIRMED
REL_007211,PERSON_0640,PHONE_00640,USED,CONFIRMED
REL_007212,PERSON_0358,PHONE_01750,USED,CONFIRMED
REL_007213,PERSON_0565,PHONE_01989,USED,CONFIRMED
REL_007214,PERSON_0902,PHONE_01727,USED,CONFIRMED
REL_007215,PERSON_0869,PHONE_01958,USED,CONFIRMED
REL_007216,PERSON_0732,PHONE_00732,USED,CONFIRMED
REL_007217,PERSON_0965,PHONE_00965,USED,CONFIRMED
REL_007218,PERSON_0574,PHONE_00574,USED,CONFIRMED
REL_007219,PERSON_1356,PHONE_01356,USED,CONFIRMED
REL_007220,PERSON_0554,PHONE_00554,USED,CONFIRMED
REL_007221,PERSON_1463,PHONE_01836,USED,CONFIRMED
REL_007222,PERSON_0495,PHONE_00495,USED,CONFIRMED
REL_007223,PERSON_1056,PHONE_01056,USED,CONFIRMED
REL_007224,PERSON_0509,PHONE_00509,USED,CONFIRMED
REL_007225,PERSON_0388,PHONE_00388,USED,CONFIRMED
REL_007226,PERSON_0051,PHONE_00051,USED,CONFIRMED
REL_007227,PERSON_1427,PHONE_01427,USED,CONFIRMED
REL_007228,PERSON_1224,PHONE_01224,USED,CONFIRMED
REL_007229,PERSON_1194,PHONE_01194,USED,CONFIRMED
REL_007230,PERSON_0648,PHONE_00648,USED,CONFIRMED
REL_007231,PERSON_1391,PHONE_01540,USED,CONFIRMED
REL_007232,PERSON_0336,PHONE_00336,USED,CONFIRMED
REL_007233,PERSON_0281,PHONE_00281,USED,CONFIRMED
REL_007234,PERSON_0912,PHONE_01946,USED,CONFIRMED
REL_007235,PERSON_0591,PHONE_00591,USED,CONFIRMED
REL_007236,PERSON_1393,PHONE_01393,USED,CONFIRMED
REL_007237,PERSON_1235,PHONE_01235,USED,CONFIRMED
REL_007238,PERSON_1375,PHONE_01375,USED,CONFIRMED
REL_007239,PERSON_0742,PHONE_00742,USED,CONFIRMED
REL_007240,PERSON_0311,PHONE_00311,USED,CONFIRMED
REL_007241,PERSON_0147,PHONE_00147,USED,CONFIRMED
REL_007242,PERSON_0164,PHONE_02016,USED,CONFIRMED
REL_007243,PERSON_0066,PHONE_00066,USED,CONFIRMED
REL_007244,PERSON_0283,PHONE_01860,USED,CONFIRMED
REL_007245,PERSON_0967,PHONE_00967,USED,CONFIRMED
REL_007246,PERSON_0634,PHONE_01977,USED,CONFIRMED
REL_007247,PERSON_1212,PHONE_01212,USED,CONFIRMED
REL_007248,PERSON_0698,PHONE_00698,USED,CONFIRMED
REL_007249,PERSON_0846,PHONE_00846,USED,CONFIRMED
REL_007250,PERSON_0379,PHONE_00379,USED,CONFIRMED
REL_007251,PERSON_1122,PHONE_01790,USED,CONFIRMED
REL_007252,PERSON_1112,PHONE_01583,USED,CONFIRMED
REL_007253,PERSON_1265,PHONE_01265,USED,CONFIRMED
REL_007254,PERSON_1357,PHONE_01357,USED,CONFIRMED
REL_007255,PERSON_0260,PHONE_00260,USED,CONFIRMED
REL_007256,PERSON_0906,PHONE_00906,USED,CONFIRMED
REL_007257,PERSON_1141,PHONE_01141,USED,CONFIRMED
REL_007258,PERSON_0954,PHONE_00954,USED,CONFIRMED
REL_007259,PERSON_0761,PHONE_00761,USED,CONFIRMED
REL_007260,PERSON_1230,PHONE_01230,USED,CONFIRMED
REL_007261,PERSON_1221,PHONE_01221,USED,CONFIRMED
REL_007262,PERSON_1100,PHONE_01100,USED,CONFIRMED
REL_007263,PERSON_0581,PHONE_00581,USED,CONFIRMED
REL_007264,PERSON_1179,PHONE_01179,USED,CONFIRMED
REL_007265,PERSON_1438,PHONE_01438,USED,CONFIRMED
REL_007266,PERSON_0135,PHONE_00135,USED,CONFIRMED
REL_007267,PERSON_0557,PHONE_00557,USED,CONFIRMED
REL_007268,PERSON_0207,PHONE_00207,USED,CONFIRMED
REL_007269,PERSON_0713,PHONE_00713,USED,CONFIRMED
REL_007270,PERSON_1107,PHONE_01107,USED,CONFIRMED
REL_007271,PERSON_0003,PHONE_00003,USED,CONFIRMED
REL_007272,PERSON_0428,PHONE_00428,USED,CONFIRMED
REL_007273,PERSON_0252,PHONE_01942,USED,CONFIRMED
REL_007274,PERSON_0165,PHONE_02018,USED,CONFIRMED
REL_007275,PERSON_0457,PHONE_01932,USED,CONFIRMED
REL_007276,PERSON_1288,PHONE_01288,USED,CONFIRMED
REL_007277,PERSON_0646,PHONE_01751,USED,CONFIRMED
REL_007278,PERSON_1386,PHONE_01826,USED,CONFIRMED
REL_007279,PERSON_0283,PHONE_01876,USED,CONFIRMED
REL_007280,PERSON_0946,PHONE_00946,USED,CONFIRMED
REL_007281,PERSON_1181,PHONE_01181,USED,CONFIRMED
REL_007282,PERSON_0750,PHONE_00750,USED,CONFIRMED
REL_007283,PERSON_1478,PHONE_01478,USED,CONFIRMED
REL_007284,PERSON_1347,PHONE_01347,USED,CONFIRMED
REL_007285,PERSON_1453,PHONE_01453,USED,CONFIRMED
REL_007286,PERSON_0209,PHONE_00209,USED,CONFIRMED
REL_007287,PERSON_0622,PHONE_00622,USED,CONFIRMED
REL_007288,PERSON_0605,PHONE_00605,USED,CONFIRMED
REL_007289,PERSON_0560,PHONE_00560,USED,CONFIRMED
REL_007290,PERSON_1193,PHONE_01824,USED,CONFIRMED
REL_007291,PERSON_0425,PHONE_00425,USED,CONFIRMED
REL_007292,PERSON_0961,PHONE_01655,USED,CONFIRMED
REL_007293,PERSON_1093,PHONE_01093,USED,CONFIRMED
REL_007294,PERSON_1439,PHONE_01439,USED,CONFIRMED
REL_007295,PERSON_0606,PHONE_00606,USED,CONFIRMED
REL_007296,PERSON_1250,PHONE_01250,USED,CONFIRMED
REL_007297,PERSON_1160,PHONE_01160,USED,CONFIRMED
REL_007298,PERSON_0842,PHONE_01963,USED,CONFIRMED
REL_007299,PERSON_1048,PHONE_01938,USED,CONFIRMED
REL_007300,PERSON_0948,PHONE_00948,USED,CONFIRMED
REL_007301,PERSON_0404,PHONE_01887,USED,CONFIRMED
REL_007302,PERSON_1307,PHONE_01701,USED,CONFIRMED
REL_007303,PERSON_1233,PHONE_01233,USED,CONFIRMED
REL_007304,PERSON_1289,PHONE_01289,USED,CONFIRMED
REL_007305,PERSON_0831,PHONE_00831,USED,CONFIRMED
REL_007306,PERSON_0493,PHONE_00493,USED,CONFIRMED
REL_007307,PERSON_0113,PHONE_00113,USED,CONFIRMED
REL_007308,PERSON_1121,PHONE_01121,USED,CONFIRMED
REL_007309,PERSON_1005,PHONE_01005,USED,CONFIRMED
REL_007310,PERSON_0352,PHONE_00352,USED,CONFIRMED
REL_007311,PERSON_0008,PHONE_01993,USED,CONFIRMED
REL_007312,PERSON_0086,PHONE_00086,USED,CONFIRMED
REL_007313,PERSON_1391,PHONE_01391,USED,CONFIRMED
REL_007314,PERSON_1440,PHONE_01564,USED,CONFIRMED
REL_007315,PERSON_0512,PHONE_01894,USED,CONFIRMED
REL_007316,PERSON_0858,PHONE_02000,USED,CONFIRMED
REL_007317,PERSON_0784,PHONE_00784,USED,CONFIRMED
REL_007318,PERSON_0156,PHONE_01921,USED,CONFIRMED
REL_007319,PERSON_1149,PHONE_01923,USED,CONFIRMED
REL_007320,PERSON_1214,PHONE_01214,USED,CONFIRMED
REL_007321,PERSON_0636,PHONE_00636,USED,CONFIRMED
REL_007322,PERSON_0991,PHONE_01878,USED,CONFIRMED
REL_007323,PERSON_0963,PHONE_01551,USED,CONFIRMED
REL_007324,PERSON_0128,PHONE_00128,USED,CONFIRMED
REL_007325,PERSON_0159,PHONE_01705,USED,CONFIRMED
REL_007326,PERSON_0858,PHONE_01955,USED,CONFIRMED
REL_007327,PERSON_0837,PHONE_00837,USED,CONFIRMED
REL_007328,PERSON_0989,PHONE_01774,USED,CONFIRMED
REL_007329,PERSON_0961,PHONE_00961,USED,CONFIRMED
REL_007330,PERSON_0297,PHONE_00297,USED,CONFIRMED
REL_007331,PERSON_0847,PHONE_01920,USED,CONFIRMED
REL_007332,PERSON_0032,PHONE_00032,USED,CONFIRMED
REL_007333,PERSON_0327,PHONE_01580,USED,CONFIRMED
REL_007334,PERSON_0243,PHONE_00243,USED,CONFIRMED
REL_007335,PERSON_0771,PHONE_00771,USED,CONFIRMED
REL_007336,PERSON_0601,PHONE_00601,USED,CONFIRMED
REL_007337,PERSON_0315,PHONE_00315,USED,CONFIRMED
REL_007338,PERSON_0779,PHONE_00779,USED,CONFIRMED
REL_007339,PERSON_0994,PHONE_00994,USED,CONFIRMED
REL_007340,PERSON_0613,PHONE_00613,USED,CONFIRMED
REL_007341,PERSON_1202,PHONE_01992,USED,CONFIRMED
REL_007342,PERSON_0500,PHONE_01954,USED,CONFIRMED
REL_007343,PERSON_1316,PHONE_01316,USED,CONFIRMED
REL_007344,PERSON_0036,PHONE_00036,USED,CONFIRMED
REL_007345,PERSON_0863,PHONE_00863,USED,CONFIRMED
REL_007346,PERSON_0026,PHONE_00026,USED,CONFIRMED
REL_007347,PERSON_1245,PHONE_01245,USED,CONFIRMED
REL_007348,PERSON_0519,PHONE_00519,USED,CONFIRMED
REL_007349,PERSON_0409,PHONE_01674,USED,CONFIRMED
REL_007350,PERSON_1337,PHONE_01337,USED,CONFIRMED
REL_007351,PERSON_1215,PHONE_01215,USED,CONFIRMED
REL_007352,PERSON_0703,PHONE_01835,USED,CONFIRMED
REL_007353,PERSON_0826,PHONE_00826,USED,CONFIRMED
REL_007354,PERSON_0453,PHONE_01545,USED,CONFIRMED
REL_007355,PERSON_1050,PHONE_01050,USED,CONFIRMED
REL_007356,PERSON_0587,PHONE_00587,USED,CONFIRMED
REL_007357,PERSON_1095,PHONE_01095,USED,CONFIRMED
REL_007358,PERSON_1428,PHONE_01428,USED,CONFIRMED
REL_007359,PERSON_0680,PHONE_00680,USED,CONFIRMED
REL_007360,PERSON_0558,PHONE_00558,USED,CONFIRMED
REL_007361,PERSON_0620,PHONE_01694,USED,CONFIRMED
REL_007362,PERSON_1331,PHONE_01731,USED,CONFIRMED
REL_007363,PERSON_0630,PHONE_01978,USED,CONFIRMED
REL_007364,PERSON_0853,PHONE_00853,USED,CONFIRMED
REL_007365,PERSON_0185,PHONE_01927,USED,CONFIRMED
REL_007366,PERSON_1377,PHONE_01377,USED,CONFIRMED
REL_007367,PERSON_0132,PHONE_01600,USED,CONFIRMED
REL_007368,PERSON_1324,PHONE_01324,USED,CONFIRMED
REL_007369,PERSON_1338,PHONE_01338,USED,CONFIRMED
REL_007370,PERSON_0174,PHONE_01575,USED,CONFIRMED
REL_007371,PERSON_1353,PHONE_01353,USED,CONFIRMED
REL_007372,PERSON_1158,PHONE_01517,USED,CONFIRMED
REL_007373,PERSON_0002,PHONE_00002,USED,CONFIRMED
REL_007374,PERSON_0068,PHONE_01892,USED,CONFIRMED
REL_007375,PERSON_1396,PHONE_01396,USED,CONFIRMED
REL_007376,PERSON_1182,PHONE_01182,USED,CONFIRMED
REL_007377,PERSON_0665,PHONE_00665,USED,CONFIRMED
REL_007378,PERSON_0526,PHONE_00526,USED,CONFIRMED
REL_007379,PERSON_0902,PHONE_00902,USED,CONFIRMED
REL_007380,PERSON_0792,PHONE_01782,USED,CONFIRMED
REL_007381,PERSON_0032,PHONE_01682,USED,CONFIRMED
REL_007382,PERSON_1166,PHONE_01519,USED,CONFIRMED
REL_007383,PERSON_0623,PHONE_00623,USED,CONFIRMED
REL_007384,PERSON_0535,PHONE_00535,USED,CONFIRMED
REL_007385,PERSON_1280,PHONE_01280,USED,CONFIRMED
REL_007386,PERSON_0174,PHONE_01514,USED,CONFIRMED
REL_007387,PERSON_1383,PHONE_01760,USED,CONFIRMED
REL_007388,PERSON_0216,PHONE_00216,USED,CONFIRMED
REL_007389,PERSON_0917,PHONE_00917,USED,CONFIRMED
REL_007390,PERSON_1065,PHONE_01065,USED,CONFIRMED
REL_007391,PERSON_0917,PHONE_01611,USED,CONFIRMED
REL_007392,PERSON_0880,PHONE_00880,USED,CONFIRMED
REL_007393,PERSON_0009,PHONE_00009,USED,CONFIRMED
REL_007394,PERSON_1410,PHONE_01410,USED,CONFIRMED
REL_007395,PERSON_1316,PHONE_01898,USED,CONFIRMED
REL_007396,PERSON_0718,PHONE_00718,USED,CONFIRMED
REL_007397,PERSON_0944,PHONE_01936,USED,CONFIRMED
REL_007398,PERSON_0020,PHONE_00020,USED,CONFIRMED
REL_007399,PERSON_1297,PHONE_01297,USED,CONFIRMED
REL_007400,PERSON_1395,PHONE_01573,USED,CONFIRMED
REL_007401,PERSON_0023,PHONE_00023,USED,CONFIRMED
REL_007402,PERSON_0924,PHONE_00924,USED,CONFIRMED
REL_007403,PERSON_1466,PHONE_01466,USED,CONFIRMED
REL_007404,PERSON_1043,PHONE_01043,USED,CONFIRMED
REL_007405,PERSON_1429,PHONE_01429,USED,CONFIRMED
REL_007406,PERSON_0199,PHONE_01756,USED,CONFIRMED
REL_007407,PERSON_0712,PHONE_00712,USED,CONFIRMED
REL_007408,PERSON_0080,PHONE_00080,USED,CONFIRMED
REL_007409,PERSON_0216,PHONE_01918,USED,CONFIRMED
REL_007410,PERSON_1153,PHONE_01153,USED,CONFIRMED
REL_007411,PERSON_0609,PHONE_00609,USED,CONFIRMED
REL_007412,PERSON_1174,PHONE_01711,USED,CONFIRMED
REL_007413,PERSON_1196,PHONE_01196,USED,CONFIRMED
REL_007414,PERSON_1141,PHONE_01780,USED,CONFIRMED
REL_007415,PERSON_0320,PHONE_00320,USED,CONFIRMED
REL_007416,PERSON_0811,PHONE_01873,USED,CONFIRMED
REL_007417,PERSON_0165,PHONE_01822,USED,CONFIRMED
REL_007418,PERSON_0030,PHONE_00030,USED,CONFIRMED
REL_007419,PERSON_0354,PHONE_01890,USED,CONFIRMED
REL_007420,PERSON_0389,PHONE_00389,USED,CONFIRMED
REL_007421,PERSON_0523,PHONE_00523,USED,CONFIRMED
REL_007422,PERSON_1474,PHONE_01474,USED,CONFIRMED
REL_007423,PERSON_0049,PHONE_00049,USED,CONFIRMED
REL_007424,PERSON_0123,PHONE_01982,USED,CONFIRMED
REL_007425,PERSON_0981,PHONE_01819,USED,CONFIRMED
REL_007426,PERSON_1321,PHONE_01321,USED,CONFIRMED
REL_007427,PERSON_0016,PHONE_00016,USED,CONFIRMED
REL_007428,PERSON_1334,PHONE_01334,USED,CONFIRMED
REL_007429,PERSON_0066,PHONE_01949,USED,CONFIRMED
REL_007430,PERSON_0938,PHONE_00938,USED,CONFIRMED
REL_007431,PERSON_1470,PHONE_01470,USED,CONFIRMED
REL_007432,PERSON_0287,PHONE_00287,USED,CONFIRMED
REL_007433,PERSON_0650,PHONE_01763,USED,CONFIRMED
REL_007434,PERSON_0582,PHONE_00582,USED,CONFIRMED
REL_007435,PERSON_0267,PHONE_00267,USED,CONFIRMED
REL_007436,PERSON_0703,PHONE_01508,USED,CONFIRMED
REL_007437,PERSON_0127,PHONE_00127,USED,CONFIRMED
REL_007438,PERSON_0191,PHONE_00191,USED,CONFIRMED
REL_007439,PERSON_0653,PHONE_01507,USED,CONFIRMED
REL_007440,PERSON_1250,PHONE_01726,USED,CONFIRMED
REL_007441,PERSON_1121,PHONE_01675,USED,CONFIRMED
REL_007442,PERSON_0409,PHONE_00409,USED,CONFIRMED
REL_007443,PERSON_1029,PHONE_01029,USED,CONFIRMED
REL_007444,PERSON_1202,PHONE_01202,USED,CONFIRMED
REL_007445,PERSON_0812,PHONE_00812,USED,CONFIRMED
REL_007446,PERSON_1175,PHONE_01175,USED,CONFIRMED
REL_007447,PERSON_0650,PHONE_00650,USED,CONFIRMED
REL_007448,PERSON_1209,PHONE_01827,USED,CONFIRMED
REL_007449,PERSON_0261,PHONE_00261,USED,CONFIRMED
REL_007450,PERSON_0110,PHONE_00110,USED,CONFIRMED
REL_007451,PERSON_0603,PHONE_02001,USED,CONFIRMED
REL_007452,PERSON_0405,PHONE_00405,USED,CONFIRMED
REL_007453,PERSON_0994,PHONE_01553,USED,CONFIRMED
REL_007454,PERSON_0918,PHONE_01538,USED,CONFIRMED
REL_007455,PERSON_0525,PHONE_00525,USED,CONFIRMED
REL_007456,PERSON_0935,PHONE_00935,USED,CONFIRMED
REL_007457,PERSON_0483,PHONE_00483,USED,CONFIRMED
REL_007458,PERSON_0230,PHONE_00230,USED,CONFIRMED
REL_007459,PERSON_0227,PHONE_01632,USED,CONFIRMED
REL_007460,PERSON_0272,PHONE_01856,USED,CONFIRMED
REL_007461,PERSON_1208,PHONE_01621,USED,CONFIRMED
REL_007462,PERSON_0082,PHONE_00082,USED,CONFIRMED
REL_007463,PERSON_1396,PHONE_01559,USED,CONFIRMED
REL_007464,PERSON_0397,PHONE_00397,USED,CONFIRMED
REL_007465,PERSON_1496,PHONE_01496,USED,CONFIRMED
REL_007466,PERSON_0011,PHONE_00011,USED,CONFIRMED
REL_007467,PERSON_1140,PHONE_01140,USED,CONFIRMED
REL_007468,PERSON_0931,PHONE_00931,USED,CONFIRMED
REL_007469,PERSON_1450,PHONE_01450,USED,CONFIRMED
REL_007470,PERSON_1304,PHONE_01304,USED,CONFIRMED
REL_007471,PERSON_0012,PHONE_00012,USED,CONFIRMED
REL_007472,PERSON_1187,PHONE_01771,USED,CONFIRMED
REL_007473,PERSON_0492,PHONE_00492,USED,CONFIRMED
REL_007474,PERSON_0378,PHONE_00378,USED,CONFIRMED
REL_007475,PERSON_0038,PHONE_00038,USED,CONFIRMED
REL_007476,PERSON_0533,PHONE_00533,USED,CONFIRMED
REL_007477,PERSON_1188,PHONE_01501,USED,CONFIRMED
REL_007478,PERSON_0592,PHONE_00592,USED,CONFIRMED
REL_007479,PERSON_1354,PHONE_01354,USED,CONFIRMED
REL_007480,PERSON_0109,PHONE_01914,USED,CONFIRMED
REL_007481,PERSON_1028,PHONE_01968,USED,CONFIRMED
REL_007482,PERSON_0670,PHONE_00670,USED,CONFIRMED
REL_007483,PERSON_0057,PHONE_00057,USED,CONFIRMED
REL_007484,PERSON_1255,PHONE_01589,USED,CONFIRMED
REL_007485,PERSON_0973,PHONE_00973,USED,CONFIRMED
REL_007486,PERSON_1346,PHONE_01346,USED,CONFIRMED
REL_007487,PERSON_0203,PHONE_01913,USED,CONFIRMED
REL_007488,PERSON_1066,PHONE_01066,USED,CONFIRMED
REL_007489,PERSON_0555,PHONE_01729,USED,CONFIRMED
REL_007490,PERSON_1125,PHONE_01125,USED,CONFIRMED
REL_007491,PERSON_0341,PHONE_00341,USED,CONFIRMED
REL_007492,PERSON_0150,PHONE_00150,USED,CONFIRMED
REL_007493,PERSON_1383,PHONE_01383,USED,CONFIRMED
REL_007494,PERSON_1097,PHONE_01917,USED,CONFIRMED
REL_007495,PERSON_0654,PHONE_00654,USED,CONFIRMED
REL_007496,PERSON_0510,PHONE_00510,USED,CONFIRMED
REL_007497,PERSON_0416,PHONE_00416,USED,CONFIRMED
REL_007498,PERSON_0635,PHONE_01937,USED,CONFIRMED
REL_007499,PERSON_0598,PHONE_00598,USED,CONFIRMED
REL_007500,PERSON_1300,PHONE_01300,USED,CONFIRMED
REL_007501,PERSON_1446,PHONE_01446,USED,CONFIRMED
REL_007502,PERSON_0490,PHONE_00490,USED,CONFIRMED
REL_007503,PERSON_0538,PHONE_01851,USED,CONFIRMED
REL_007504,PERSON_0215,PHONE_00215,USED,CONFIRMED
REL_007505,PERSON_0365,PHONE_00365,USED,CONFIRMED
REL_007506,PERSON_1446,PHONE_01598,USED,CONFIRMED
REL_007507,PERSON_0107,PHONE_00107,USED,CONFIRMED
REL_007508,PERSON_1161,PHONE_01744,USED,CONFIRMED
REL_007509,PERSON_1165,PHONE_01165,USED,CONFIRMED
REL_007510,PERSON_1414,PHONE_01683,USED,CONFIRMED
REL_007511,PERSON_0400,PHONE_00400,USED,CONFIRMED
REL_007512,PERSON_0890,PHONE_00890,USED,CONFIRMED
REL_007513,PERSON_0096,PHONE_01734,USED,CONFIRMED
REL_007514,PERSON_0366,PHONE_00366,USED,CONFIRMED
REL_007515,PERSON_1323,PHONE_01323,USED,CONFIRMED
REL_007516,PERSON_1369,PHONE_01369,USED,CONFIRMED
REL_007517,PERSON_1373,PHONE_01539,USED,CONFIRMED
REL_007518,PERSON_1335,PHONE_01534,USED,CONFIRMED
REL_007519,PERSON_0226,PHONE_00226,USED,CONFIRMED
REL_007520,PERSON_0707,PHONE_01692,USED,CONFIRMED
REL_007521,PERSON_0724,PHONE_00724,USED,CONFIRMED
REL_007522,PERSON_0173,PHONE_00173,USED,CONFIRMED
REL_007523,PERSON_1108,PHONE_01795,USED,CONFIRMED
REL_007524,PERSON_0202,PHONE_00202,USED,CONFIRMED
REL_007525,PERSON_1495,PHONE_01495,USED,CONFIRMED
REL_007526,PERSON_1156,PHONE_01156,USED,CONFIRMED
REL_007527,PERSON_1317,PHONE_01317,USED,CONFIRMED
REL_007528,PERSON_0548,PHONE_00548,USED,CONFIRMED
REL_007529,PERSON_1242,PHONE_01242,USED,CONFIRMED
REL_007530,PERSON_1415,PHONE_01415,USED,CONFIRMED
REL_007531,PERSON_1057,PHONE_01057,USED,CONFIRMED
REL_007532,PERSON_1384,PHONE_01384,USED,CONFIRMED
REL_007533,PERSON_1450,PHONE_01850,USED,CONFIRMED
REL_007534,PERSON_0188,PHONE_00188,USED,CONFIRMED
REL_007535,PERSON_0001,PHONE_01773,USED,CONFIRMED
REL_007536,PERSON_0661,PHONE_01623,USED,CONFIRMED
REL_007537,PERSON_0711,PHONE_00711,USED,CONFIRMED
REL_007538,PERSON_0427,PHONE_01971,USED,CONFIRMED
REL_007539,PERSON_1370,PHONE_01370,USED,CONFIRMED
REL_007540,PERSON_0334,PHONE_00334,USED,CONFIRMED
REL_007541,PERSON_1407,PHONE_01998,USED,CONFIRMED
REL_007542,PERSON_0923,PHONE_00923,USED,CONFIRMED
REL_007543,PERSON_1387,PHONE_01387,USED,CONFIRMED
REL_007544,PERSON_1418,PHONE_01821,USED,CONFIRMED
REL_007545,PERSON_0349,PHONE_00349,USED,CONFIRMED
REL_007546,PERSON_0204,PHONE_00204,USED,CONFIRMED
REL_007547,PERSON_1308,PHONE_01308,USED,CONFIRMED
REL_007548,PERSON_1013,PHONE_01013,USED,CONFIRMED
REL_007549,PERSON_0869,PHONE_00869,USED,CONFIRMED
REL_007550,PERSON_0118,PHONE_01704,USED,CONFIRMED
REL_007551,PERSON_0999,PHONE_00999,USED,CONFIRMED
REL_007552,PERSON_1098,PHONE_01098,USED,CONFIRMED
REL_007553,PERSON_0172,PHONE_01562,USED,CONFIRMED
REL_007554,PERSON_1296,PHONE_01941,USED,CONFIRMED
REL_007555,PERSON_1479,PHONE_01479,USED,CONFIRMED
REL_007556,PERSON_0695,PHONE_00695,USED,CONFIRMED
REL_007557,PERSON_0962,PHONE_01518,USED,CONFIRMED
REL_007558,PERSON_0289,PHONE_00289,USED,CONFIRMED
REL_007559,PERSON_0424,PHONE_01536,USED,CONFIRMED
REL_007560,PERSON_1021,PHONE_01021,USED,CONFIRMED
REL_007561,PERSON_0579,PHONE_00579,USED,CONFIRMED
REL_007562,PERSON_0071,PHONE_00071,USED,CONFIRMED
REL_007563,PERSON_1376,PHONE_01376,USED,CONFIRMED
REL_007564,PERSON_1079,PHONE_01079,USED,CONFIRMED
REL_007565,PERSON_1011,PHONE_01011,USED,CONFIRMED
REL_007566,PERSON_0974,PHONE_00974,USED,CONFIRMED
REL_007567,PERSON_0958,PHONE_01736,USED,CONFIRMED
REL_007568,PERSON_0617,PHONE_00617,USED,CONFIRMED
REL_007569,PERSON_1232,PHONE_01232,USED,CONFIRMED
REL_007570,PERSON_1292,PHONE_01292,USED,CONFIRMED
REL_007571,PERSON_0962,PHONE_01543,USED,CONFIRMED
REL_007572,PERSON_0934,PHONE_00934,USED,CONFIRMED
REL_007573,PERSON_0443,PHONE_00443,USED,CONFIRMED
REL_007574,PERSON_0980,PHONE_00980,USED,CONFIRMED
REL_007575,PERSON_0022,PHONE_00022,USED,CONFIRMED
REL_007576,PERSON_0458,PHONE_00458,USED,CONFIRMED
REL_007577,PERSON_0285,PHONE_00285,USED,CONFIRMED
REL_007578,PERSON_1093,PHONE_01812,USED,CONFIRMED
REL_007579,PERSON_1275,PHONE_01275,USED,CONFIRMED
REL_007580,PERSON_0296,PHONE_00296,USED,CONFIRMED
REL_007581,PERSON_1469,PHONE_01469,USED,CONFIRMED
REL_007582,PERSON_0223,PHONE_00223,USED,CONFIRMED
REL_007583,PERSON_1055,PHONE_01512,USED,CONFIRMED
REL_007584,PERSON_1216,PHONE_01630,USED,CONFIRMED
REL_007585,PERSON_0040,PHONE_00040,USED,CONFIRMED
REL_007586,PERSON_1286,PHONE_01874,USED,CONFIRMED
REL_007587,PERSON_0212,PHONE_01768,USED,CONFIRMED
REL_007588,PERSON_1206,PHONE_01966,USED,CONFIRMED
REL_007589,PERSON_1482,PHONE_01482,USED,CONFIRMED
REL_007590,PERSON_0033,PHONE_01537,USED,CONFIRMED
REL_007591,PERSON_0484,PHONE_00484,USED,CONFIRMED
REL_007592,PERSON_1003,PHONE_01003,USED,CONFIRMED
REL_007593,PERSON_0220,PHONE_01813,USED,CONFIRMED
REL_007594,PERSON_1067,PHONE_01067,USED,CONFIRMED
REL_007595,PERSON_1433,PHONE_01935,USED,CONFIRMED
REL_007596,PERSON_0941,PHONE_00941,USED,CONFIRMED
REL_007597,PERSON_1200,PHONE_01200,USED,CONFIRMED
REL_007598,PERSON_0538,PHONE_00538,USED,CONFIRMED
REL_007599,PERSON_0909,PHONE_00909,USED,CONFIRMED
REL_007600,PERSON_1274,PHONE_01274,USED,CONFIRMED
REL_007601,PERSON_0640,PHONE_01889,USED,CONFIRMED
REL_007602,PERSON_0386,PHONE_01844,USED,CONFIRMED
REL_007603,PERSON_1163,PHONE_01163,USED,CONFIRMED
REL_007604,PERSON_1476,PHONE_01476,USED,CONFIRMED
REL_007605,PERSON_0309,PHONE_00309,USED,CONFIRMED
REL_007606,PERSON_0921,PHONE_00921,USED,CONFIRMED
REL_007607,PERSON_0790,PHONE_01549,USED,CONFIRMED
REL_007608,PERSON_0708,PHONE_00708,USED,CONFIRMED
REL_007609,PERSON_0720,PHONE_00720,USED,CONFIRMED
REL_007610,PERSON_0053,PHONE_00053,USED,CONFIRMED
REL_007611,PERSON_0482,PHONE_01607,USED,CONFIRMED
REL_007612,PERSON_1408,PHONE_01408,USED,CONFIRMED
REL_007613,PERSON_1430,PHONE_01430,USED,CONFIRMED
REL_007614,PERSON_0781,PHONE_00781,USED,CONFIRMED
REL_007615,PERSON_1078,PHONE_01078,USED,CONFIRMED
REL_007616,PERSON_0316,PHONE_00316,USED,CONFIRMED
REL_007617,PERSON_0351,PHONE_00351,USED,CONFIRMED
REL_007618,PERSON_0817,PHONE_00817,USED,CONFIRMED
REL_007619,PERSON_1251,PHONE_01251,USED,CONFIRMED
REL_007620,PERSON_0529,PHONE_00529,USED,CONFIRMED
REL_007621,PERSON_1110,PHONE_01110,USED,CONFIRMED
REL_007622,PERSON_0731,PHONE_00731,USED,CONFIRMED
REL_007623,PERSON_0988,PHONE_00988,USED,CONFIRMED
REL_007624,PERSON_0706,PHONE_01806,USED,CONFIRMED
REL_007625,PERSON_1269,PHONE_01637,USED,CONFIRMED
REL_007626,PERSON_1051,PHONE_01570,USED,CONFIRMED
REL_007627,PERSON_0576,PHONE_00576,USED,CONFIRMED
REL_007628,PERSON_0961,PHONE_01661,USED,CONFIRMED
REL_007629,PERSON_1484,PHONE_01820,USED,CONFIRMED
REL_007630,PERSON_0729,PHONE_00729,USED,CONFIRMED
REL_007631,PERSON_0294,PHONE_00294,USED,CONFIRMED
REL_007632,PERSON_0304,PHONE_01948,USED,CONFIRMED
REL_007633,PERSON_0939,PHONE_00939,USED,CONFIRMED
REL_007634,PERSON_0633,PHONE_00633,USED,CONFIRMED
REL_007635,PERSON_0314,PHONE_00314,USED,CONFIRMED
REL_007636,PERSON_0262,PHONE_00262,USED,CONFIRMED
REL_007637,PERSON_1111,PHONE_01636,USED,CONFIRMED
REL_007638,PERSON_0346,PHONE_00346,USED,CONFIRMED
REL_007639,PERSON_0956,PHONE_01762,USED,CONFIRMED
REL_007640,PERSON_0506,PHONE_00506,USED,CONFIRMED
REL_007641,PERSON_0660,PHONE_00660,USED,CONFIRMED
REL_007642,PERSON_0669,PHONE_01893,USED,CONFIRMED
REL_007643,PERSON_1199,PHONE_01199,USED,CONFIRMED
REL_007644,PERSON_0859,PHONE_00859,USED,CONFIRMED
REL_007645,PERSON_1340,PHONE_01340,USED,CONFIRMED
REL_007646,PERSON_0752,PHONE_01561,USED,CONFIRMED
REL_007647,PERSON_1064,PHONE_01613,USED,CONFIRMED
REL_007648,PERSON_1240,PHONE_01240,USED,CONFIRMED
REL_007649,PERSON_0738,PHONE_00738,USED,CONFIRMED
REL_007650,PERSON_0655,PHONE_01863,USED,CONFIRMED
REL_007651,PERSON_0951,PHONE_00951,USED,CONFIRMED
REL_007652,PERSON_1268,PHONE_01268,USED,CONFIRMED
REL_007653,PERSON_0709,PHONE_01858,USED,CONFIRMED
REL_007654,PERSON_1359,PHONE_01849,USED,CONFIRMED
REL_007655,PERSON_0922,PHONE_00922,USED,CONFIRMED
REL_007656,PERSON_0898,PHONE_00898,USED,CONFIRMED
REL_007657,PERSON_0415,PHONE_00415,USED,CONFIRMED
REL_007658,PERSON_0556,PHONE_00556,USED,CONFIRMED
REL_007659,PERSON_0553,PHONE_00553,USED,CONFIRMED
REL_007660,PERSON_0820,PHONE_01800,USED,CONFIRMED
REL_007661,PERSON_1411,PHONE_01411,USED,CONFIRMED
REL_007662,PERSON_1469,PHONE_01792,USED,CONFIRMED
REL_007663,PERSON_1241,PHONE_01241,USED,CONFIRMED
REL_007664,PERSON_1409,PHONE_01511,USED,CONFIRMED
REL_007665,PERSON_0142,PHONE_00142,USED,CONFIRMED
REL_007666,PERSON_1061,PHONE_01784,USED,CONFIRMED
REL_007667,PERSON_0802,PHONE_00802,USED,CONFIRMED
REL_007668,PERSON_0377,PHONE_00377,USED,CONFIRMED
REL_007669,PERSON_0269,PHONE_00269,USED,CONFIRMED
REL_007670,PERSON_0828,PHONE_01617,USED,CONFIRMED
REL_007671,PERSON_0540,PHONE_00540,USED,CONFIRMED
REL_007672,PERSON_0284,PHONE_00284,USED,CONFIRMED
REL_007673,PERSON_1457,PHONE_01457,USED,CONFIRMED
REL_007674,PERSON_0426,PHONE_00426,USED,CONFIRMED
REL_007675,PERSON_0004,PHONE_01591,USED,CONFIRMED
REL_007676,PERSON_1097,PHONE_01805,USED,CONFIRMED
REL_007677,PERSON_1447,PHONE_01447,USED,CONFIRMED
REL_007678,PERSON_1349,PHONE_01349,USED,CONFIRMED
REL_007679,PERSON_0433,PHONE_00433,USED,CONFIRMED
REL_007680,PERSON_0567,PHONE_00567,USED,CONFIRMED
REL_007681,PERSON_0521,PHONE_00521,USED,CONFIRMED
REL_007682,PERSON_1201,PHONE_01520,USED,CONFIRMED
REL_007683,PERSON_0620,PHONE_00620,USED,CONFIRMED
REL_007684,PERSON_0610,PHONE_00610,USED,CONFIRMED
REL_007685,PERSON_0300,PHONE_00300,USED,CONFIRMED
REL_007686,PERSON_0017,PHONE_00017,USED,CONFIRMED
REL_007687,PERSON_0811,PHONE_00811,USED,CONFIRMED
REL_007688,PERSON_0058,PHONE_00058,USED,CONFIRMED
REL_007689,PERSON_0669,PHONE_02013,USED,CONFIRMED
REL_007690,PERSON_1143,PHONE_01143,USED,CONFIRMED
REL_007691,PERSON_0081,PHONE_00081,USED,CONFIRMED
REL_007692,PERSON_1008,PHONE_01008,USED,CONFIRMED
REL_007693,PERSON_0446,PHONE_00446,USED,CONFIRMED
REL_007694,PERSON_1454,PHONE_01454,USED,CONFIRMED
REL_007695,PERSON_0887,PHONE_00887,USED,CONFIRMED
REL_007696,PERSON_0794,PHONE_00794,USED,CONFIRMED
REL_007697,PERSON_0681,PHONE_01753,USED,CONFIRMED
REL_007698,PERSON_0583,PHONE_00583,USED,CONFIRMED
REL_007699,PERSON_0948,PHONE_01786,USED,CONFIRMED
REL_007700,PERSON_0153,PHONE_00153,USED,CONFIRMED
REL_007701,PERSON_0733,PHONE_00733,USED,CONFIRMED
REL_007702,PERSON_0124,PHONE_01950,USED,CONFIRMED
REL_007703,PERSON_1362,PHONE_01362,USED,CONFIRMED
REL_007704,PERSON_1283,PHONE_01788,USED,CONFIRMED
REL_007705,PERSON_0600,PHONE_00600,USED,CONFIRMED
REL_007706,PERSON_0759,PHONE_00759,USED,CONFIRMED
REL_007707,PERSON_0498,PHONE_00498,USED,CONFIRMED
REL_007708,PERSON_0536,PHONE_00536,USED,CONFIRMED
REL_007709,PERSON_0333,PHONE_00333,USED,CONFIRMED
REL_007710,PERSON_0758,PHONE_01828,USED,CONFIRMED
REL_007711,PERSON_0752,PHONE_00752,USED,CONFIRMED
REL_007712,PERSON_0322,PHONE_01703,USED,CONFIRMED
REL_007713,PERSON_1016,PHONE_01016,USED,CONFIRMED
REL_007714,PERSON_0848,PHONE_01656,USED,CONFIRMED
REL_007715,PERSON_0985,PHONE_00985,USED,CONFIRMED
REL_007716,PERSON_1461,PHONE_01461,USED,CONFIRMED
REL_007717,PERSON_1184,PHONE_01653,USED,CONFIRMED
REL_007718,PERSON_1498,PHONE_01498,USED,CONFIRMED
REL_007719,PERSON_0912,PHONE_01509,USED,CONFIRMED
REL_007720,PERSON_0046,PHONE_00046,USED,CONFIRMED
REL_007721,PERSON_0955,PHONE_00955,USED,CONFIRMED
REL_007722,PERSON_1492,PHONE_01492,USED,CONFIRMED
REL_007723,PERSON_1190,PHONE_01190,USED,CONFIRMED
REL_007724,PERSON_0871,PHONE_00871,USED,CONFIRMED
REL_007725,PERSON_0542,PHONE_00542,USED,CONFIRMED
REL_007726,PERSON_0976,PHONE_00976,USED,CONFIRMED
REL_007727,PERSON_1444,PHONE_01680,USED,CONFIRMED
REL_007728,PERSON_0027,PHONE_00027,USED,CONFIRMED
REL_007729,PERSON_1185,PHONE_01185,USED,CONFIRMED
REL_007730,PERSON_0637,PHONE_00637,USED,CONFIRMED
REL_007731,PERSON_0926,PHONE_00926,USED,CONFIRMED
REL_007732,PERSON_0722,PHONE_01714,USED,CONFIRMED
REL_007733,PERSON_1046,PHONE_02023,USED,CONFIRMED
REL_007734,PERSON_1094,PHONE_01094,USED,CONFIRMED
REL_007735,PERSON_0893,PHONE_01737,USED,CONFIRMED
REL_007736,PERSON_0943,PHONE_01891,USED,CONFIRMED
REL_007737,PERSON_1339,PHONE_01339,USED,CONFIRMED
REL_007738,PERSON_0663,PHONE_00663,USED,CONFIRMED
REL_007739,PERSON_0864,PHONE_00864,USED,CONFIRMED
REL_007740,PERSON_0500,PHONE_00500,USED,CONFIRMED
REL_007741,PERSON_0799,PHONE_01664,USED,CONFIRMED
REL_007742,PERSON_0897,PHONE_00897,USED,CONFIRMED
REL_007743,PERSON_1135,PHONE_01541,USED,CONFIRMED
REL_007744,PERSON_0453,PHONE_00453,USED,CONFIRMED
REL_007745,PERSON_0335,PHONE_00335,USED,CONFIRMED
REL_007746,PERSON_0106,PHONE_00106,USED,CONFIRMED
REL_007747,PERSON_0496,PHONE_00496,USED,CONFIRMED
REL_007748,PERSON_0369,PHONE_01924,USED,CONFIRMED
REL_007749,PERSON_0386,PHONE_00386,USED,CONFIRMED
REL_007750,PERSON_0272,PHONE_00272,USED,CONFIRMED
REL_007751,PERSON_1219,PHONE_01219,USED,CONFIRMED
REL_007752,PERSON_0167,PHONE_00167,USED,CONFIRMED
REL_007753,PERSON_0908,PHONE_00908,USED,CONFIRMED
REL_007754,PERSON_0155,PHONE_00155,USED,CONFIRMED
REL_007755,PERSON_1155,PHONE_01155,USED,CONFIRMED
REL_007756,PERSON_1011,PHONE_01761,USED,CONFIRMED
REL_007757,PERSON_0045,PHONE_00045,USED,CONFIRMED
REL_007758,PERSON_1313,PHONE_01313,USED,CONFIRMED
REL_007759,PERSON_0843,PHONE_00843,USED,CONFIRMED
REL_007760,PERSON_0778,PHONE_00778,USED,CONFIRMED
REL_007761,PERSON_0121,PHONE_00121,USED,CONFIRMED
REL_007762,PERSON_0475,PHONE_00475,USED,CONFIRMED
REL_007763,PERSON_1231,PHONE_01739,USED,CONFIRMED
REL_007764,PERSON_1465,PHONE_01465,USED,CONFIRMED
REL_007765,PERSON_1096,PHONE_01096,USED,CONFIRMED
REL_007766,PERSON_1416,PHONE_01416,USED,CONFIRMED
REL_007767,PERSON_1459,PHONE_01459,USED,CONFIRMED
REL_007768,PERSON_1142,PHONE_01142,USED,CONFIRMED
REL_007769,PERSON_0186,PHONE_00186,USED,CONFIRMED
REL_007770,PERSON_1113,PHONE_01113,USED,CONFIRMED
REL_007771,PERSON_1377,PHONE_01594,USED,CONFIRMED
REL_007772,PERSON_0668,PHONE_00668,USED,CONFIRMED
REL_007773,PERSON_0563,VEHICLE_00197,OWNED,CONFIRMED
REL_007774,PERSON_1112,VEHICLE_00261,OWNED,CONFIRMED
REL_007775,PERSON_1190,VEHICLE_00040,OWNED,CONFIRMED
REL_007776,PERSON_0626,VEHICLE_00450,OWNED,CONFIRMED
REL_007777,PERSON_0914,VEHICLE_00596,OWNED,CONFIRMED
REL_007778,PERSON_0395,VEHICLE_00406,OWNED,CONFIRMED
REL_007779,PERSON_1460,VEHICLE_00672,OWNED,CONFIRMED
REL_007780,PERSON_0355,VEHICLE_00119,OWNED,CONFIRMED
REL_007781,PERSON_1073,VEHICLE_00625,OWNED,CONFIRMED
REL_007782,PERSON_0428,VEHICLE_00110,OWNED,CONFIRMED
REL_007783,PERSON_0180,VEHICLE_00067,OWNED,CONFIRMED
REL_007784,PERSON_0353,VEHICLE_00507,OWNED,CONFIRMED
REL_007785,PERSON_0190,VEHICLE_00320,OWNED,CONFIRMED
REL_007786,PERSON_0305,VEHICLE_00300,OWNED,CONFIRMED
REL_007787,PERSON_0865,VEHICLE_00663,OWNED,CONFIRMED
REL_007788,PERSON_0763,VEHICLE_00216,OWNED,CONFIRMED
REL_007789,PERSON_1364,VEHICLE_00265,OWNED,CONFIRMED
REL_007790,PERSON_0726,VEHICLE_00293,OWNED,CONFIRMED
REL_007791,PERSON_0272,VEHICLE_00426,OWNED,CONFIRMED
REL_007792,PERSON_0452,VEHICLE_00583,OWNED,CONFIRMED
REL_007793,PERSON_0254,VEHICLE_00358,OWNED,CONFIRMED
REL_007794,PERSON_1381,VEHICLE_00585,OWNED,CONFIRMED
REL_007795,PERSON_1313,VEHICLE_00685,OWNED,CONFIRMED
REL_007796,PERSON_1003,VEHICLE_00480,OWNED,CONFIRMED
REL_007797,PERSON_0983,VEHICLE_00451,OWNED,CONFIRMED
REL_007798,PERSON_1332,VEHICLE_00495,OWNED,CONFIRMED
REL_007799,PERSON_1373,VEHICLE_00624,OWNED,CONFIRMED
REL_007800,PERSON_0047,VEHICLE_00333,OWNED,CONFIRMED
REL_007801,PERSON_0789,VEHICLE_00447,OWNED,CONFIRMED
REL_007802,PERSON_1358,VEHICLE_00569,OWNED,CONFIRMED
REL_007803,PERSON_0537,VEHICLE_00425,OWNED,CONFIRMED
REL_007804,PERSON_0900,VEHICLE_00577,OWNED,CONFIRMED
REL_007805,PERSON_0784,VEHICLE_00078,OWNED,CONFIRMED
REL_007806,PERSON_0711,VEHICLE_00481,OWNED,CONFIRMED
REL_007807,PERSON_1008,VEHICLE_00032,OWNED,CONFIRMED
REL_007808,PERSON_0149,VEHICLE_00324,OWNED,CONFIRMED
REL_007809,PERSON_0318,VEHICLE_00295,OWNED,CONFIRMED
REL_007810,PERSON_1139,VEHICLE_00749,OWNED,CONFIRMED
REL_007811,PERSON_1196,VEHICLE_00681,OWNED,CONFIRMED
REL_007812,PERSON_1004,VEHICLE_00228,OWNED,CONFIRMED
REL_007813,PERSON_0898,VEHICLE_00343,OWNED,CONFIRMED
REL_007814,PERSON_0349,VEHICLE_00232,OWNED,CONFIRMED
REL_007815,PERSON_0093,VEHICLE_00370,OWNED,CONFIRMED
REL_007816,PERSON_1369,VEHICLE_00757,OWNED,CONFIRMED
REL_007817,PERSON_0070,VEHICLE_00397,OWNED,CONFIRMED
REL_007818,PERSON_0580,VEHICLE_00079,OWNED,CONFIRMED
REL_007819,PERSON_0030,VEHICLE_00068,OWNED,CONFIRMED
REL_007820,PERSON_0296,VEHICLE_00730,OWNED,CONFIRMED
REL_007821,PERSON_1085,VEHICLE_00276,OWNED,CONFIRMED
REL_007822,PERSON_0673,VEHICLE_00526,OWNED,CONFIRMED
REL_007823,PERSON_0693,VEHICLE_00741,OWNED,CONFIRMED
REL_007824,PERSON_1033,VEHICLE_00711,OWNED,CONFIRMED
REL_007825,PERSON_0777,VEHICLE_00362,OWNED,CONFIRMED
REL_007826,PERSON_0985,VEHICLE_00213,OWNED,CONFIRMED
REL_007827,PERSON_0145,VEHICLE_00410,OWNED,CONFIRMED
REL_007828,PERSON_0825,VEHICLE_00618,OWNED,CONFIRMED
REL_007829,PERSON_0908,VEHICLE_00085,OWNED,CONFIRMED
REL_007830,PERSON_0671,VEHICLE_00055,OWNED,CONFIRMED
REL_007831,PERSON_1188,VEHICLE_00334,OWNED,CONFIRMED
REL_007832,PERSON_0079,VEHICLE_00715,OWNED,CONFIRMED
REL_007833,PERSON_0627,VEHICLE_00570,OWNED,CONFIRMED
REL_007834,PERSON_0796,VEHICLE_00719,OWNED,CONFIRMED
REL_007835,PERSON_0864,VEHICLE_00098,OWNED,CONFIRMED
REL_007836,PERSON_1269,VEHICLE_00034,OWNED,CONFIRMED
REL_007837,PERSON_1074,VEHICLE_00205,OWNED,CONFIRMED
REL_007838,PERSON_0341,VEHICLE_00194,OWNED,CONFIRMED
REL_007839,PERSON_1323,VEHICLE_00486,OWNED,CONFIRMED
REL_007840,PERSON_0517,VEHICLE_00729,OWNED,CONFIRMED
REL_007841,PERSON_1162,VEHICLE_00483,OWNED,CONFIRMED
REL_007842,PERSON_0598,VEHICLE_00478,OWNED,CONFIRMED
REL_007843,PERSON_0427,VEHICLE_00011,OWNED,CONFIRMED
REL_007844,PERSON_0034,VEHICLE_00632,OWNED,CONFIRMED
REL_007845,PERSON_1453,VEHICLE_00744,OWNED,CONFIRMED
REL_007846,PERSON_1227,VEHICLE_00589,OWNED,CONFIRMED
REL_007847,PERSON_0916,VEHICLE_00209,OWNED,CONFIRMED
REL_007848,PERSON_1102,VEHICLE_00175,OWNED,CONFIRMED
REL_007849,PERSON_1240,VEHICLE_00332,OWNED,CONFIRMED
REL_007850,PERSON_1141,VEHICLE_00622,OWNED,CONFIRMED
REL_007851,PERSON_1221,VEHICLE_00382,OWNED,CONFIRMED
REL_007852,PERSON_0551,VEHICLE_00066,OWNED,CONFIRMED
REL_007853,PERSON_0690,VEHICLE_00636,OWNED,CONFIRMED
REL_007854,PERSON_0560,VEHICLE_00686,OWNED,CONFIRMED
REL_007855,PERSON_0697,VEHICLE_00743,OWNED,CONFIRMED
REL_007856,PERSON_1123,VEHICLE_00082,OWNED,CONFIRMED
REL_007857,PERSON_0261,VEHICLE_00463,OWNED,CONFIRMED
REL_007858,PERSON_1206,VEHICLE_00713,OWNED,CONFIRMED
REL_007859,PERSON_1215,VEHICLE_00465,OWNED,CONFIRMED
REL_007860,PERSON_1329,VEHICLE_00352,OWNED,CONFIRMED
REL_007861,PERSON_0648,VEHICLE_00620,OWNED,CONFIRMED
REL_007862,PERSON_0423,VEHICLE_00077,OWNED,CONFIRMED
REL_007863,PERSON_1290,VEHICLE_00500,OWNED,CONFIRMED
REL_007864,PERSON_0501,VEHICLE_00482,OWNED,CONFIRMED
REL_007865,PERSON_1007,VEHICLE_00073,OWNED,CONFIRMED
REL_007866,PERSON_0562,VEHICLE_00236,OWNED,CONFIRMED
REL_007867,PERSON_0659,VEHICLE_00389,OWNED,CONFIRMED
REL_007868,PERSON_1230,VEHICLE_00484,OWNED,CONFIRMED
REL_007869,PERSON_0104,VEHICLE_00064,OWNED,CONFIRMED
REL_007870,PERSON_1356,VEHICLE_00654,OWNED,CONFIRMED
REL_007871,PERSON_0561,VEHICLE_00759,OWNED,CONFIRMED
REL_007872,PERSON_0664,VEHICLE_00169,OWNED,CONFIRMED
REL_007873,PERSON_0666,VEHICLE_00050,OWNED,CONFIRMED
REL_007874,PERSON_0041,VEHICLE_00617,OWNED,CONFIRMED
REL_007875,PERSON_1443,VEHICLE_00138,OWNED,CONFIRMED
REL_007876,PERSON_1016,VEHICLE_00357,OWNED,CONFIRMED
REL_007877,PERSON_1107,VEHICLE_00156,OWNED,CONFIRMED
REL_007878,PERSON_0153,VEHICLE_00723,OWNED,CONFIRMED
REL_007879,PERSON_1211,VEHICLE_00399,OWNED,CONFIRMED
REL_007880,PERSON_0969,VEHICLE_00008,OWNED,CONFIRMED
REL_007881,PERSON_0297,VEHICLE_00412,OWNED,CONFIRMED
REL_007882,PERSON_0720,VEHICLE_00024,OWNED,CONFIRMED
REL_007883,PERSON_1342,VEHICLE_00452,OWNED,CONFIRMED
REL_007884,PERSON_0215,VEHICLE_00102,OWNED,CONFIRMED
REL_007885,PERSON_1039,VEHICLE_00758,OWNED,CONFIRMED
REL_007886,PERSON_0273,VEHICLE_00121,OWNED,CONFIRMED
REL_007887,PERSON_0389,VEHICLE_00251,OWNED,CONFIRMED
REL_007888,PERSON_0500,VEHICLE_00266,OWNED,CONFIRMED
REL_007889,PERSON_0290,VEHICLE_00245,OWNED,CONFIRMED
REL_007890,PERSON_0973,VEHICLE_00248,OWNED,CONFIRMED
REL_007891,PERSON_1279,VEHICLE_00731,OWNED,CONFIRMED
REL_007892,PERSON_0822,VEHICLE_00087,OWNED,CONFIRMED
REL_007893,PERSON_0177,VEHICLE_00579,OWNED,CONFIRMED
REL_007894,PERSON_0397,VEHICLE_00003,OWNED,CONFIRMED
REL_007895,PERSON_0952,VEHICLE_00260,OWNED,CONFIRMED
REL_007896,PERSON_0549,VEHICLE_00604,OWNED,CONFIRMED
REL_007897,PERSON_0192,VEHICLE_00532,OWNED,CONFIRMED
REL_007898,PERSON_0569,VEHICLE_00468,OWNED,CONFIRMED
REL_007899,PERSON_0194,VEHICLE_00031,OWNED,CONFIRMED
REL_007900,PERSON_0493,VEHICLE_00635,OWNED,CONFIRMED
REL_007901,PERSON_0342,VEHICLE_00709,OWNED,CONFIRMED
REL_007902,PERSON_0404,VEHICLE_00591,OWNED,CONFIRMED
REL_007903,PERSON_1166,VEHICLE_00611,OWNED,CONFIRMED
REL_007904,PERSON_0299,VEHICLE_00405,OWNED,CONFIRMED
REL_007905,PERSON_1019,VEHICLE_00335,OWNED,CONFIRMED
REL_007906,PERSON_0903,VEHICLE_00080,OWNED,CONFIRMED
REL_007907,PERSON_0826,VEHICLE_00726,OWNED,CONFIRMED
REL_007908,PERSON_0321,VEHICLE_00149,OWNED,CONFIRMED
REL_007909,PERSON_1355,VEHICLE_00345,OWNED,CONFIRMED
REL_007910,PERSON_1036,VEHICLE_00427,OWNED,CONFIRMED
REL_007911,PERSON_1253,VEHICLE_00134,OWNED,CONFIRMED
REL_007912,PERSON_0632,VEHICLE_00211,OWNED,CONFIRMED
REL_007913,PERSON_0639,VEHICLE_00056,OWNED,CONFIRMED
REL_007914,PERSON_0240,VEHICLE_00235,OWNED,CONFIRMED
REL_007915,PERSON_0539,VEHICLE_00351,OWNED,CONFIRMED
REL_007916,PERSON_1213,VEHICLE_00531,OWNED,CONFIRMED
REL_007917,PERSON_0614,VEHICLE_00643,OWNED,CONFIRMED
REL_007918,PERSON_1333,VEHICLE_00315,OWNED,CONFIRMED
REL_007919,PERSON_0990,VEHICLE_00668,OWNED,CONFIRMED
REL_007920,PERSON_0032,VEHICLE_00061,OWNED,CONFIRMED
REL_007921,PERSON_0171,VEHICLE_00551,OWNED,CONFIRMED
REL_007922,PERSON_0039,VEHICLE_00383,OWNED,CONFIRMED
REL_007923,PERSON_1205,VEHICLE_00413,OWNED,CONFIRMED
REL_007924,PERSON_1069,VEHICLE_00182,OWNED,CONFIRMED
REL_007925,PERSON_0443,VEHICLE_00336,OWNED,CONFIRMED
REL_007926,PERSON_0861,VEHICLE_00200,OWNED,CONFIRMED
REL_007927,PERSON_0470,VEHICLE_00600,OWNED,CONFIRMED
REL_007928,PERSON_0578,VEHICLE_00437,OWNED,CONFIRMED
REL_007929,PERSON_0412,VEHICLE_00091,OWNED,CONFIRMED
REL_007930,PERSON_1081,VEHICLE_00372,OWNED,CONFIRMED
REL_007931,PERSON_0939,VEHICLE_00602,OWNED,CONFIRMED
REL_007932,PERSON_0636,VEHICLE_00159,OWNED,CONFIRMED
REL_007933,PERSON_0256,VEHICLE_00070,OWNED,CONFIRMED
REL_007934,PERSON_1458,VEHICLE_00255,OWNED,CONFIRMED
REL_007935,PERSON_0218,VEHICLE_00132,OWNED,CONFIRMED
REL_007936,PERSON_1449,VEHICLE_00045,OWNED,CONFIRMED
REL_007937,PERSON_1376,VEHICLE_00071,OWNED,CONFIRMED
REL_007938,PERSON_1179,VEHICLE_00520,OWNED,CONFIRMED
REL_007939,PERSON_1189,VEHICLE_00491,OWNED,CONFIRMED
REL_007940,PERSON_1027,VEHICLE_00282,OWNED,CONFIRMED
REL_007941,PERSON_0044,VEHICLE_00219,OWNED,CONFIRMED
REL_007942,PERSON_0379,VEHICLE_00136,OWNED,CONFIRMED
REL_007943,PERSON_0320,VEHICLE_00214,OWNED,CONFIRMED
REL_007944,PERSON_0755,VEHICLE_00166,OWNED,CONFIRMED
REL_007945,PERSON_1032,VEHICLE_00165,OWNED,CONFIRMED
REL_007946,PERSON_0962,VEHICLE_00029,OWNED,CONFIRMED
REL_007947,PERSON_0050,VEHICLE_00689,OWNED,CONFIRMED
REL_007948,PERSON_0892,VEHICLE_00193,OWNED,CONFIRMED
REL_007949,PERSON_0972,VEHICLE_00628,OWNED,CONFIRMED
REL_007950,PERSON_0173,VEHICLE_00395,OWNED,CONFIRMED
REL_007951,PERSON_0062,VEHICLE_00137,OWNED,CONFIRMED
REL_007952,PERSON_0889,VEHICLE_00633,OWNED,CONFIRMED
REL_007953,PERSON_0438,VEHICLE_00590,OWNED,CONFIRMED
REL_007954,PERSON_1040,VEHICLE_00610,OWNED,CONFIRMED
REL_007955,PERSON_1212,VEHICLE_00761,OWNED,CONFIRMED
REL_007956,PERSON_1226,VEHICLE_00007,OWNED,CONFIRMED
REL_007957,PERSON_1017,VEHICLE_00364,OWNED,CONFIRMED
REL_007958,PERSON_0048,VEHICLE_00074,OWNED,CONFIRMED
REL_007959,PERSON_0246,VEHICLE_00353,OWNED,CONFIRMED
REL_007960,PERSON_1309,VEHICLE_00221,OWNED,CONFIRMED
REL_007961,PERSON_0108,VEHICLE_00146,OWNED,CONFIRMED
REL_007962,PERSON_0061,VEHICLE_00378,OWNED,CONFIRMED
REL_007963,PERSON_0715,VEHICLE_00287,OWNED,CONFIRMED
REL_007964,PERSON_1091,VEHICLE_00133,OWNED,CONFIRMED
REL_007965,PERSON_0738,VEHICLE_00341,OWNED,CONFIRMED
REL_007966,PERSON_0897,VEHICLE_00725,OWNED,CONFIRMED
REL_007967,PERSON_1209,VEHICLE_00714,OWNED,CONFIRMED
REL_007968,PERSON_0702,VEHICLE_00693,OWNED,CONFIRMED
REL_007969,PERSON_0266,VEHICLE_00042,OWNED,CONFIRMED
REL_007970,PERSON_1481,VEHICLE_00702,OWNED,CONFIRMED
REL_007971,PERSON_0131,VEHICLE_00109,OWNED,CONFIRMED
REL_007972,PERSON_0927,VEHICLE_00312,OWNED,CONFIRMED
REL_007973,PERSON_1203,VEHICLE_00057,OWNED,CONFIRMED
REL_007974,PERSON_0661,VEHICLE_00212,OWNED,CONFIRMED
REL_007975,PERSON_1296,VEHICLE_00368,OWNED,CONFIRMED
REL_007976,PERSON_0301,VEHICLE_00595,OWNED,CONFIRMED
REL_007977,PERSON_0974,VEHICLE_00568,OWNED,CONFIRMED
REL_007978,PERSON_0456,VEHICLE_00301,OWNED,CONFIRMED
REL_007979,PERSON_0950,VEHICLE_00025,OWNED,CONFIRMED
REL_007980,PERSON_1472,VEHICLE_00292,OWNED,CONFIRMED
REL_007981,PERSON_1380,VEHICLE_00339,OWNED,CONFIRMED
REL_007982,PERSON_1005,VEHICLE_00457,OWNED,CONFIRMED
REL_007983,PERSON_1450,VEHICLE_00347,OWNED,CONFIRMED
REL_007984,PERSON_0366,VEHICLE_00488,OWNED,CONFIRMED
REL_007985,PERSON_0745,VEHICLE_00111,OWNED,CONFIRMED
REL_007986,PERSON_0577,VEHICLE_00083,OWNED,CONFIRMED
REL_007987,PERSON_0398,VEHICLE_00052,OWNED,CONFIRMED
REL_007988,PERSON_1145,VEHICLE_00444,OWNED,CONFIRMED
REL_007989,PERSON_1447,VEHICLE_00698,OWNED,CONFIRMED
REL_007990,PERSON_0774,VEHICLE_00755,OWNED,CONFIRMED
REL_007991,PERSON_0263,VEHICLE_00199,OWNED,CONFIRMED
REL_007992,PERSON_0233,VEHICLE_00535,OWNED,CONFIRMED
REL_007993,PERSON_0642,VEHICLE_00325,OWNED,CONFIRMED
REL_007994,PERSON_0164,VEHICLE_00545,OWNED,CONFIRMED
REL_007995,PERSON_0067,VEHICLE_00330,OWNED,CONFIRMED
REL_007996,PERSON_1135,VEHICLE_00140,OWNED,CONFIRMED
REL_007997,PERSON_0703,VEHICLE_00303,OWNED,CONFIRMED
REL_007998,PERSON_0879,VEHICLE_00291,OWNED,CONFIRMED
REL_007999,PERSON_0818,VEHICLE_00019,OWNED,CONFIRMED
REL_008000,PERSON_0686,VEHICLE_00559,OWNED,CONFIRMED
REL_008001,PERSON_0136,VEHICLE_00141,OWNED,CONFIRMED
REL_008002,PERSON_1386,VEHICLE_00396,OWNED,CONFIRMED
REL_008003,PERSON_0915,VEHICLE_00446,OWNED,CONFIRMED
REL_008004,PERSON_0201,VEHICLE_00669,OWNED,CONFIRMED
REL_008005,PERSON_0089,VEHICLE_00084,OWNED,CONFIRMED
REL_008006,PERSON_0938,VEHICLE_00062,OWNED,CONFIRMED
REL_008007,PERSON_1419,VEHICLE_00720,OWNED,CONFIRMED
REL_008008,PERSON_1473,VEHICLE_00469,OWNED,CONFIRMED
REL_008009,PERSON_0998,VEHICLE_00030,OWNED,CONFIRMED
REL_008010,PERSON_0663,VEHICLE_00267,OWNED,CONFIRMED
REL_008011,PERSON_1231,VEHICLE_00680,OWNED,CONFIRMED
REL_008012,PERSON_0732,VEHICLE_00544,OWNED,CONFIRMED
REL_008013,PERSON_0312,VEHICLE_00307,OWNED,CONFIRMED
REL_008014,PERSON_0811,VEHICLE_00599,OWNED,CONFIRMED
REL_008015,PERSON_0124,VEHICLE_00183,OWNED,CONFIRMED
REL_008016,PERSON_0829,VEHICLE_00582,OWNED,CONFIRMED
REL_008017,PERSON_0280,VEHICLE_00327,OWNED,CONFIRMED
REL_008018,PERSON_0698,VEHICLE_00750,OWNED,CONFIRMED
REL_008019,PERSON_0758,VEHICLE_00224,OWNED,CONFIRMED
REL_008020,PERSON_1446,VEHICLE_00695,OWNED,CONFIRMED
REL_008021,PERSON_0769,VEHICLE_00430,OWNED,CONFIRMED
REL_008022,PERSON_0904,VEHICLE_00310,OWNED,CONFIRMED
REL_008023,PERSON_0354,VEHICLE_00297,OWNED,CONFIRMED
REL_008024,PERSON_0106,VEHICLE_00608,OWNED,CONFIRMED
REL_008025,PERSON_0919,VEHICLE_00631,OWNED,CONFIRMED
REL_008026,PERSON_0326,VEHICLE_00210,OWNED,CONFIRMED
REL_008027,PERSON_0352,VEHICLE_00627,OWNED,CONFIRMED
REL_008028,PERSON_0247,VEHICLE_00240,OWNED,CONFIRMED
REL_008029,PERSON_1463,VEHICLE_00690,OWNED,CONFIRMED
REL_008030,PERSON_0483,VEHICLE_00177,OWNED,CONFIRMED
REL_008031,PERSON_1153,VEHICLE_00522,OWNED,CONFIRMED
REL_008032,PERSON_1099,VEHICLE_00329,OWNED,CONFIRMED
REL_008033,PERSON_0772,VEHICLE_00164,OWNED,CONFIRMED
REL_008034,PERSON_0137,VEHICLE_00249,OWNED,CONFIRMED
REL_008035,PERSON_0307,VEHICLE_00677,OWNED,CONFIRMED
REL_008036,PERSON_0376,VEHICLE_00075,OWNED,CONFIRMED
REL_008037,PERSON_1418,VEHICLE_00434,OWNED,CONFIRMED
REL_008038,PERSON_1042,VEHICLE_00369,OWNED,CONFIRMED
REL_008039,PERSON_0471,VEHICLE_00105,OWNED,CONFIRMED
REL_008040,PERSON_0924,VEHICLE_00115,OWNED,CONFIRMED
REL_008041,PERSON_1010,VEHICLE_00612,OWNED,CONFIRMED
REL_008042,PERSON_0170,VEHICLE_00093,OWNED,CONFIRMED
REL_008043,PERSON_0373,VEHICLE_00496,OWNED,CONFIRMED
REL_008044,PERSON_1360,VEHICLE_00090,OWNED,CONFIRMED
REL_008045,PERSON_0910,VEHICLE_00394,OWNED,CONFIRMED
REL_008046,PERSON_0803,VEHICLE_00594,OWNED,CONFIRMED
REL_008047,PERSON_1474,VEHICLE_00708,OWNED,CONFIRMED
REL_008048,PERSON_0426,VEHICLE_00449,OWNED,CONFIRMED
REL_008049,PERSON_0105,VEHICLE_00454,OWNED,CONFIRMED
REL_008050,PERSON_0107,VEHICLE_00012,OWNED,CONFIRMED
REL_008051,PERSON_0037,VEHICLE_00044,OWNED,CONFIRMED
REL_008052,PERSON_1499,VEHICLE_00043,OWNED,CONFIRMED
REL_008053,PERSON_1216,VEHICLE_00168,OWNED,CONFIRMED
REL_008054,PERSON_0966,VEHICLE_00670,OWNED,CONFIRMED
REL_008055,PERSON_0191,VEHICLE_00588,OWNED,CONFIRMED
REL_008056,PERSON_0295,VEHICLE_00376,OWNED,CONFIRMED
REL_008057,PERSON_0094,VEHICLE_00179,OWNED,CONFIRMED
REL_008058,PERSON_1113,VEHICLE_00502,OWNED,CONFIRMED
REL_008059,PERSON_1024,VEHICLE_00515,OWNED,CONFIRMED
REL_008060,PERSON_0054,VEHICLE_00178,OWNED,CONFIRMED
REL_008061,PERSON_0603,VEHICLE_00529,OWNED,CONFIRMED
REL_008062,PERSON_1006,VEHICLE_00536,OWNED,CONFIRMED
REL_008063,PERSON_1082,VEHICLE_00258,OWNED,CONFIRMED
REL_008064,PERSON_0516,VEHICLE_00657,OWNED,CONFIRMED
REL_008065,PERSON_1120,VEHICLE_00435,OWNED,CONFIRMED
REL_008066,PERSON_0833,VEHICLE_00016,OWNED,CONFIRMED
REL_008067,PERSON_1424,VEHICLE_00519,OWNED,CONFIRMED
REL_008068,PERSON_0731,VEHICLE_00257,OWNED,CONFIRMED
REL_008069,PERSON_1439,VEHICLE_00337,OWNED,CONFIRMED
REL_008070,PERSON_1292,VEHICLE_00356,OWNED,CONFIRMED
REL_008071,PERSON_0072,VEHICLE_00740,OWNED,CONFIRMED
REL_008072,PERSON_0122,VEHICLE_00441,OWNED,CONFIRMED
REL_008073,PERSON_0278,VEHICLE_00381,OWNED,CONFIRMED
REL_008074,PERSON_0605,VEHICLE_00516,OWNED,CONFIRMED
REL_008075,PERSON_0559,VEHICLE_00363,OWNED,CONFIRMED
REL_008076,PERSON_0760,VEHICLE_00421,OWNED,CONFIRMED
REL_008077,PERSON_0971,VEHICLE_00010,OWNED,CONFIRMED
REL_008078,PERSON_0899,VEHICLE_00250,OWNED,CONFIRMED
REL_008079,PERSON_1060,VEHICLE_00023,OWNED,CONFIRMED
REL_008080,PERSON_0896,VEHICLE_00222,OWNED,CONFIRMED
REL_008081,PERSON_0570,VEHICLE_00523,OWNED,CONFIRMED
REL_008082,PERSON_0264,VEHICLE_00658,OWNED,CONFIRMED
REL_008083,PERSON_0827,VEHICLE_00747,OWNED,CONFIRMED
REL_008084,PERSON_1435,VEHICLE_00659,OWNED,CONFIRMED
REL_008085,PERSON_1487,VEHICLE_00640,OWNED,CONFIRMED
REL_008086,PERSON_0550,VEHICLE_00204,OWNED,CONFIRMED
REL_008087,PERSON_0378,VEHICLE_00494,OWNED,CONFIRMED
REL_008088,PERSON_0310,VEHICLE_00094,OWNED,CONFIRMED
REL_008089,PERSON_1183,VEHICLE_00479,OWNED,CONFIRMED
REL_008090,PERSON_1396,VEHICLE_00328,OWNED,CONFIRMED
REL_008091,PERSON_0371,VEHICLE_00753,OWNED,CONFIRMED
REL_008092,PERSON_0195,VEHICLE_00285,OWNED,CONFIRMED
REL_008093,PERSON_1169,VEHICLE_00185,OWNED,CONFIRMED
REL_008094,PERSON_0082,VEHICLE_00619,OWNED,CONFIRMED
REL_008095,PERSON_1132,VEHICLE_00361,OWNED,CONFIRMED
REL_008096,PERSON_1122,VEHICLE_00154,OWNED,CONFIRMED
REL_008097,PERSON_1464,VEHICLE_00076,OWNED,CONFIRMED
REL_008098,PERSON_0942,VEHICLE_00424,OWNED,CONFIRMED
REL_008099,PERSON_0802,VEHICLE_00278,OWNED,CONFIRMED
REL_008100,PERSON_1242,VEHICLE_00069,OWNED,CONFIRMED
REL_008101,PERSON_1262,VEHICLE_00471,OWNED,CONFIRMED
REL_008102,PERSON_0545,VEHICLE_00189,OWNED,CONFIRMED
REL_008103,PERSON_0176,VEHICLE_00272,OWNED,CONFIRMED
REL_008104,PERSON_0074,VEHICLE_00237,OWNED,CONFIRMED
REL_008105,PERSON_0752,VEHICLE_00089,OWNED,CONFIRMED
REL_008106,PERSON_0514,VEHICLE_00649,OWNED,CONFIRMED
REL_008107,PERSON_1130,VEHICLE_00118,OWNED,CONFIRMED
REL_008108,PERSON_0947,VEHICLE_00126,OWNED,CONFIRMED
REL_008109,PERSON_0454,VEHICLE_00629,OWNED,CONFIRMED
REL_008110,PERSON_1297,VEHICLE_00290,OWNED,CONFIRMED
REL_008111,PERSON_1400,VEHICLE_00239,OWNED,CONFIRMED
REL_008112,PERSON_1476,VEHICLE_00001,OWNED,CONFIRMED
REL_008113,PERSON_0135,VEHICLE_00754,OWNED,CONFIRMED
REL_008114,PERSON_0260,VEHICLE_00366,OWNED,CONFIRMED
REL_008115,PERSON_1393,VEHICLE_00667,OWNED,CONFIRMED
REL_008116,PERSON_1047,VEHICLE_00429,OWNED,CONFIRMED
REL_008117,PERSON_0481,VEHICLE_00279,OWNED,CONFIRMED
REL_008118,PERSON_1404,VEHICLE_00598,OWNED,CONFIRMED
REL_008119,PERSON_0842,VEHICLE_00117,OWNED,CONFIRMED
REL_008120,PERSON_0920,VEHICLE_00229,OWNED,CONFIRMED
REL_008121,PERSON_0633,VEHICLE_00542,OWNED,CONFIRMED
REL_008122,PERSON_1182,VEHICLE_00508,OWNED,CONFIRMED
REL_008123,PERSON_0450,VEHICLE_00513,OWNED,CONFIRMED
REL_008124,PERSON_0129,VEHICLE_00275,OWNED,CONFIRMED
REL_008125,PERSON_0634,VEHICLE_00319,OWNED,CONFIRMED
REL_008126,PERSON_0213,VEHICLE_00527,OWNED,CONFIRMED
REL_008127,PERSON_1267,VEHICLE_00145,OWNED,CONFIRMED
REL_008128,PERSON_1235,VEHICLE_00474,OWNED,CONFIRMED
REL_008129,PERSON_0572,VEHICLE_00466,OWNED,CONFIRMED
REL_008130,PERSON_0845,VEHICLE_00691,OWNED,CONFIRMED
REL_008131,PERSON_0268,VEHICLE_00560,OWNED,CONFIRMED
REL_008132,PERSON_0027,VEHICLE_00269,OWNED,CONFIRMED
REL_008133,PERSON_1384,VEHICLE_00543,OWNED,CONFIRMED
REL_008134,PERSON_0489,VEHICLE_00308,OWNED,CONFIRMED
REL_008135,PERSON_0403,VEHICLE_00311,OWNED,CONFIRMED
REL_008136,PERSON_1245,VEHICLE_00546,OWNED,CONFIRMED
REL_008137,PERSON_1250,VEHICLE_00047,OWNED,CONFIRMED
REL_008138,PERSON_0917,VEHICLE_00350,OWNED,CONFIRMED
REL_008139,PERSON_0786,VEHICLE_00656,OWNED,CONFIRMED
REL_008140,PERSON_0692,VEHICLE_00262,OWNED,CONFIRMED
REL_008141,PERSON_1436,VEHICLE_00196,OWNED,CONFIRMED
REL_008142,PERSON_0117,VEHICLE_00762,OWNED,CONFIRMED
REL_008143,PERSON_0660,VEHICLE_00641,OWNED,CONFIRMED
REL_008144,PERSON_0455,VEHICLE_00108,OWNED,CONFIRMED
REL_008145,PERSON_0319,VEHICLE_00060,OWNED,CONFIRMED
REL_008146,PERSON_0362,VEHICLE_00616,OWNED,CONFIRMED
REL_008147,PERSON_0708,VEHICLE_00555,OWNED,CONFIRMED
REL_008148,PERSON_0462,VEHICLE_00101,OWNED,CONFIRMED
REL_008149,PERSON_1251,VEHICLE_00440,OWNED,CONFIRMED
REL_008150,PERSON_0199,VEHICLE_00684,OWNED,CONFIRMED
REL_008151,PERSON_0431,VEHICLE_00558,OWNED,CONFIRMED
REL_008152,PERSON_1407,VEHICLE_00418,OWNED,CONFIRMED
REL_008153,PERSON_0863,VEHICLE_00180,OWNED,CONFIRMED
REL_008154,PERSON_0350,VEHICLE_00305,OWNED,CONFIRMED
REL_008155,PERSON_0612,VEHICLE_00423,OWNED,CONFIRMED
REL_008156,PERSON_0236,VEHICLE_00571,OWNED,CONFIRMED
REL_008157,PERSON_0130,VEHICLE_00734,OWNED,CONFIRMED
REL_008158,PERSON_0196,VEHICLE_00150,OWNED,CONFIRMED
REL_008159,PERSON_0679,VEHICLE_00125,OWNED,CONFIRMED
REL_008160,PERSON_0188,VEHICLE_00607,OWNED,CONFIRMED
REL_008161,PERSON_0503,VEHICLE_00746,OWNED,CONFIRMED
REL_008162,PERSON_0955,VEHICLE_00186,OWNED,CONFIRMED
REL_008163,PERSON_0573,VEHICLE_00517,OWNED,CONFIRMED
REL_008164,PERSON_1289,VEHICLE_00550,OWNED,CONFIRMED
REL_008165,PERSON_0866,VEHICLE_00432,OWNED,CONFIRMED
REL_008166,PERSON_1046,VEHICLE_00752,OWNED,CONFIRMED
REL_008167,PERSON_0792,VEHICLE_00433,OWNED,CONFIRMED
REL_008168,PERSON_0369,VEHICLE_00322,OWNED,CONFIRMED
REL_008169,PERSON_0222,VEHICLE_00354,OWNED,CONFIRMED
REL_008170,PERSON_0085,VEHICLE_00704,OWNED,CONFIRMED
REL_008171,PERSON_0317,VEHICLE_00143,OWNED,CONFIRMED
REL_008172,PERSON_0764,VEHICLE_00498,OWNED,CONFIRMED
REL_008173,PERSON_1244,VEHICLE_00142,OWNED,CONFIRMED
REL_008174,PERSON_0448,VEHICLE_00400,OWNED,CONFIRMED
REL_008175,PERSON_0923,VEHICLE_00487,OWNED,CONFIRMED
REL_008176,PERSON_0270,VEHICLE_00321,OWNED,CONFIRMED
REL_008177,PERSON_0147,VEHICLE_00020,OWNED,CONFIRMED
REL_008178,PERSON_0871,VEHICLE_00173,OWNED,CONFIRMED
REL_008179,PERSON_0329,VEHICLE_00623,OWNED,CONFIRMED
REL_008180,PERSON_1277,VEHICLE_00313,OWNED,CONFIRMED
REL_008181,PERSON_0656,VEHICLE_00391,OWNED,CONFIRMED
REL_008182,PERSON_0621,VEHICLE_00710,OWNED,CONFIRMED
REL_008183,PERSON_0332,VEHICLE_00013,OWNED,CONFIRMED
REL_008184,PERSON_0357,VEHICLE_00408,OWNED,CONFIRMED
REL_008185,PERSON_0674,VEHICLE_00409,OWNED,CONFIRMED
REL_008186,PERSON_1467,VEHICLE_00306,OWNED,CONFIRMED
REL_008187,PERSON_0743,VEHICLE_00355,OWNED,CONFIRMED
REL_008188,PERSON_0096,VEHICLE_00026,OWNED,CONFIRMED
REL_008189,PERSON_1191,VEHICLE_00572,OWNED,CONFIRMED
REL_008190,PERSON_1300,VEHICLE_00170,OWNED,CONFIRMED
REL_008191,PERSON_0591,VEHICLE_00039,OWNED,CONFIRMED
REL_008192,PERSON_0688,VEHICLE_00501,OWNED,CONFIRMED
REL_008193,PERSON_0912,VEHICLE_00246,OWNED,CONFIRMED
REL_008194,PERSON_1092,VEHICLE_00299,OWNED,CONFIRMED
REL_008195,PERSON_0524,VEHICLE_00637,OWNED,CONFIRMED
REL_008196,PERSON_0474,VEHICLE_00417,OWNED,CONFIRMED
REL_008197,PERSON_1254,VEHICLE_00524,OWNED,CONFIRMED
REL_008198,PERSON_0003,VEHICLE_00273,OWNED,CONFIRMED
REL_008199,PERSON_0533,VEHICLE_00586,OWNED,CONFIRMED
REL_008200,PERSON_0023,VEHICLE_00155,OWNED,CONFIRMED
REL_008201,PERSON_1336,VEHICLE_00127,OWNED,CONFIRMED
REL_008202,PERSON_0208,VEHICLE_00644,OWNED,CONFIRMED
REL_008203,PERSON_1174,VEHICLE_00342,OWNED,CONFIRMED
REL_008204,PERSON_1334,VEHICLE_00431,OWNED,CONFIRMED
REL_008205,PERSON_0820,VEHICLE_00288,OWNED,CONFIRMED
REL_008206,PERSON_0611,VEHICLE_00114,OWNED,CONFIRMED
REL_008207,PERSON_0922,VEHICLE_00458,OWNED,CONFIRMED
REL_008208,PERSON_0081,VEHICLE_00174,OWNED,CONFIRMED
REL_008209,PERSON_0226,VEHICLE_00360,OWNED,CONFIRMED
REL_008210,PERSON_0768,VEHICLE_00445,OWNED,CONFIRMED
REL_008211,PERSON_0945,VEHICLE_00058,OWNED,CONFIRMED
REL_008212,PERSON_0615,VEHICLE_00528,OWNED,CONFIRMED
REL_008213,PERSON_0960,VEHICLE_00223,OWNED,CONFIRMED
REL_008214,PERSON_0984,VEHICLE_00281,OWNED,CONFIRMED
REL_008215,PERSON_0754,VEHICLE_00018,OWNED,CONFIRMED
REL_008216,PERSON_1272,VEHICLE_00639,OWNED,CONFIRMED
REL_008217,PERSON_0045,VEHICLE_00323,OWNED,CONFIRMED
REL_008218,PERSON_1059,VEHICLE_00256,OWNED,CONFIRMED
REL_008219,PERSON_0564,VEHICLE_00514,OWNED,CONFIRMED
REL_008220,PERSON_0678,VEHICLE_00573,OWNED,CONFIRMED
REL_008221,PERSON_0383,VEHICLE_00732,OWNED,CONFIRMED
REL_008222,PERSON_1465,VEHICLE_00191,OWNED,CONFIRMED
REL_008223,PERSON_1485,ACCOUNT_00277,OWNED,CONFIRMED
REL_008224,PERSON_0096,ACCOUNT_00092,OWNED,CONFIRMED
REL_008225,PERSON_0206,ACCOUNT_00598,OWNED,CONFIRMED
REL_008226,PERSON_0582,ACCOUNT_00652,OWNED,CONFIRMED
REL_008227,PERSON_0716,ACCOUNT_00222,OWNED,CONFIRMED
REL_008228,PERSON_1404,ACCOUNT_00615,OWNED,CONFIRMED
REL_008229,PERSON_1330,ACCOUNT_00320,OWNED,CONFIRMED
REL_008230,PERSON_0199,ACCOUNT_00814,OWNED,CONFIRMED
REL_008231,PERSON_0612,ACCOUNT_00651,OWNED,CONFIRMED
REL_008232,PERSON_0368,ACCOUNT_00343,OWNED,CONFIRMED
REL_008233,PERSON_0052,ACCOUNT_00354,OWNED,CONFIRMED
REL_008234,PERSON_0225,ACCOUNT_00634,OWNED,CONFIRMED
REL_008235,PERSON_0706,ACCOUNT_00471,OWNED,CONFIRMED
REL_008236,PERSON_0634,ACCOUNT_00781,OWNED,CONFIRMED
REL_008237,PERSON_0884,ACCOUNT_00845,OWNED,CONFIRMED
REL_008238,PERSON_0286,ACCOUNT_00285,OWNED,CONFIRMED
REL_008239,PERSON_0741,ACCOUNT_00287,OWNED,CONFIRMED
REL_008240,PERSON_1499,ACCOUNT_00016,OWNED,CONFIRMED
REL_008241,PERSON_0361,ACCOUNT_00839,OWNED,CONFIRMED
REL_008242,PERSON_0594,ACCOUNT_00524,OWNED,CONFIRMED
REL_008243,PERSON_1289,ACCOUNT_00303,OWNED,CONFIRMED
REL_008244,PERSON_1151,ACCOUNT_00898,OWNED,CONFIRMED
REL_008245,PERSON_0737,ACCOUNT_00386,OWNED,CONFIRMED
REL_008246,PERSON_0839,ACCOUNT_00847,OWNED,CONFIRMED
REL_008247,PERSON_0726,ACCOUNT_00129,OWNED,CONFIRMED
REL_008248,PERSON_1082,ACCOUNT_00242,OWNED,CONFIRMED
REL_008249,PERSON_0048,ACCOUNT_00012,OWNED,CONFIRMED
REL_008250,PERSON_0983,ACCOUNT_00905,OWNED,CONFIRMED
REL_008251,PERSON_0299,ACCOUNT_00828,OWNED,CONFIRMED
REL_008252,PERSON_0698,ACCOUNT_00070,OWNED,CONFIRMED
REL_008253,PERSON_1315,ACCOUNT_00455,OWNED,CONFIRMED
REL_008254,PERSON_0653,ACCOUNT_00447,OWNED,CONFIRMED
REL_008255,PERSON_0172,ACCOUNT_00659,OWNED,CONFIRMED
REL_008256,PERSON_0351,ACCOUNT_00362,OWNED,CONFIRMED
REL_008257,PERSON_0945,ACCOUNT_00177,OWNED,CONFIRMED
REL_008258,PERSON_0957,ACCOUNT_00345,OWNED,CONFIRMED
REL_008259,PERSON_0883,ACCOUNT_00614,OWNED,CONFIRMED
REL_008260,PERSON_1252,ACCOUNT_00836,OWNED,CONFIRMED
REL_008261,PERSON_1017,ACCOUNT_00667,OWNED,CONFIRMED
REL_008262,PERSON_1229,ACCOUNT_00417,OWNED,CONFIRMED
REL_008263,PERSON_0733,ACCOUNT_00501,OWNED,CONFIRMED
REL_008264,PERSON_0029,ACCOUNT_00120,OWNED,CONFIRMED
REL_008265,PERSON_0846,ACCOUNT_00776,OWNED,CONFIRMED
REL_008266,PERSON_0531,ACCOUNT_00284,OWNED,CONFIRMED
REL_008267,PERSON_0326,ACCOUNT_00229,OWNED,CONFIRMED
REL_008268,PERSON_0264,ACCOUNT_00294,OWNED,CONFIRMED
REL_008269,PERSON_0443,ACCOUNT_00899,OWNED,CONFIRMED
REL_008270,PERSON_0222,ACCOUNT_00760,OWNED,CONFIRMED
REL_008271,PERSON_1440,ACCOUNT_00742,OWNED,CONFIRMED
REL_008272,PERSON_0566,ACCOUNT_00613,OWNED,CONFIRMED
REL_008273,PERSON_0298,ACCOUNT_00080,OWNED,CONFIRMED
REL_008274,PERSON_0311,ACCOUNT_00083,OWNED,CONFIRMED
REL_008275,PERSON_0009,ACCOUNT_00744,OWNED,CONFIRMED
REL_008276,PERSON_0979,ACCOUNT_00190,OWNED,CONFIRMED
REL_008277,PERSON_1078,ACCOUNT_00490,OWNED,CONFIRMED
REL_008278,PERSON_0607,ACCOUNT_00205,OWNED,CONFIRMED
REL_008279,PERSON_0641,ACCOUNT_00383,OWNED,CONFIRMED
REL_008280,PERSON_0173,ACCOUNT_00324,OWNED,CONFIRMED
REL_008281,PERSON_1308,ACCOUNT_00693,OWNED,CONFIRMED
REL_008282,PERSON_1323,ACCOUNT_00581,OWNED,CONFIRMED
REL_008283,PERSON_0301,ACCOUNT_00464,OWNED,CONFIRMED
REL_008284,PERSON_0271,ACCOUNT_00540,OWNED,CONFIRMED
REL_008285,PERSON_1302,ACCOUNT_00481,OWNED,CONFIRMED
REL_008286,PERSON_0319,ACCOUNT_00106,OWNED,CONFIRMED
REL_008287,PERSON_0780,ACCOUNT_00767,OWNED,CONFIRMED
REL_008288,PERSON_1068,ACCOUNT_00318,OWNED,CONFIRMED
REL_008289,PERSON_1106,ACCOUNT_00306,OWNED,CONFIRMED
REL_008290,PERSON_0785,ACCOUNT_00068,OWNED,CONFIRMED
REL_008291,PERSON_1043,ACCOUNT_00881,OWNED,CONFIRMED
REL_008292,PERSON_0035,ACCOUNT_00313,OWNED,CONFIRMED
REL_008293,PERSON_0670,ACCOUNT_00655,OWNED,CONFIRMED
REL_008294,PERSON_0639,ACCOUNT_00035,OWNED,CONFIRMED
REL_008295,PERSON_0370,ACCOUNT_00123,OWNED,CONFIRMED
REL_008296,PERSON_1461,ACCOUNT_00126,OWNED,CONFIRMED
REL_008297,PERSON_1369,ACCOUNT_00909,OWNED,CONFIRMED
REL_008298,PERSON_0187,ACCOUNT_00180,OWNED,CONFIRMED
REL_008299,PERSON_0675,ACCOUNT_00401,OWNED,CONFIRMED
REL_008300,PERSON_1307,ACCOUNT_00861,OWNED,CONFIRMED
REL_008301,PERSON_1132,ACCOUNT_00514,OWNED,CONFIRMED
REL_008302,PERSON_1360,ACCOUNT_00384,OWNED,CONFIRMED
REL_008303,PERSON_1474,ACCOUNT_00833,OWNED,CONFIRMED
REL_008304,PERSON_0880,ACCOUNT_00339,OWNED,CONFIRMED
REL_008305,PERSON_1140,ACCOUNT_00798,OWNED,CONFIRMED
REL_008306,PERSON_1347,ACCOUNT_00855,OWNED,CONFIRMED
REL_008307,PERSON_0099,ACCOUNT_00315,OWNED,CONFIRMED
REL_008308,PERSON_0869,ACCOUNT_00298,OWNED,CONFIRMED
REL_008309,PERSON_0347,ACCOUNT_00452,OWNED,CONFIRMED
REL_008310,PERSON_0519,ACCOUNT_00442,OWNED,CONFIRMED
REL_008311,PERSON_0445,ACCOUNT_00704,OWNED,CONFIRMED
REL_008312,PERSON_0682,ACCOUNT_00332,OWNED,CONFIRMED
REL_008313,PERSON_0944,ACCOUNT_00520,OWNED,CONFIRMED
REL_008314,PERSON_0888,ACCOUNT_00609,OWNED,CONFIRMED
REL_008315,PERSON_1125,ACCOUNT_00623,OWNED,CONFIRMED
REL_008316,PERSON_1194,ACCOUNT_00669,OWNED,CONFIRMED
REL_008317,PERSON_0203,ACCOUNT_00841,OWNED,CONFIRMED
REL_008318,PERSON_0611,ACCOUNT_00584,OWNED,CONFIRMED
REL_008319,PERSON_0105,ACCOUNT_00002,OWNED,CONFIRMED
REL_008320,PERSON_0658,ACCOUNT_00806,OWNED,CONFIRMED
REL_008321,PERSON_0836,ACCOUNT_00191,OWNED,CONFIRMED
REL_008322,PERSON_1271,ACCOUNT_00469,OWNED,CONFIRMED
REL_008323,PERSON_0254,ACCOUNT_00456,OWNED,CONFIRMED
REL_008324,PERSON_1405,ACCOUNT_00148,OWNED,CONFIRMED
REL_008325,PERSON_0800,ACCOUNT_00498,OWNED,CONFIRMED
REL_008326,PERSON_1246,ACCOUNT_00430,OWNED,CONFIRMED
REL_008327,PERSON_0018,ACCOUNT_00269,OWNED,CONFIRMED
REL_008328,PERSON_1076,ACCOUNT_00262,OWNED,CONFIRMED
REL_008329,PERSON_1349,ACCOUNT_00112,OWNED,CONFIRMED
REL_008330,PERSON_0763,ACCOUNT_00360,OWNED,CONFIRMED
REL_008331,PERSON_0210,ACCOUNT_00871,OWNED,CONFIRMED
REL_008332,PERSON_0320,ACCOUNT_00761,OWNED,CONFIRMED
REL_008333,PERSON_0058,ACCOUNT_00710,OWNED,CONFIRMED
REL_008334,PERSON_0998,ACCOUNT_00025,OWNED,CONFIRMED
REL_008335,PERSON_0200,ACCOUNT_00145,OWNED,CONFIRMED
REL_008336,PERSON_0281,ACCOUNT_00484,OWNED,CONFIRMED
REL_008337,PERSON_0004,ACCOUNT_00599,OWNED,CONFIRMED
REL_008338,PERSON_1062,ACCOUNT_00504,OWNED,CONFIRMED
REL_008339,PERSON_0469,ACCOUNT_00467,OWNED,CONFIRMED
REL_008340,PERSON_0673,ACCOUNT_00448,OWNED,CONFIRMED
REL_008341,PERSON_0842,ACCOUNT_00396,OWNED,CONFIRMED
REL_008342,PERSON_1299,ACCOUNT_00566,OWNED,CONFIRMED
REL_008343,PERSON_0864,ACCOUNT_00429,OWNED,CONFIRMED
REL_008344,PERSON_0818,ACCOUNT_00018,OWNED,CONFIRMED
REL_008345,PERSON_0463,ACCOUNT_00135,OWNED,CONFIRMED
REL_008346,PERSON_0873,ACCOUNT_00215,OWNED,CONFIRMED
REL_008347,PERSON_0569,ACCOUNT_00575,OWNED,CONFIRMED
REL_008348,PERSON_0318,ACCOUNT_00797,OWNED,CONFIRMED
REL_008349,PERSON_1250,ACCOUNT_00164,OWNED,CONFIRMED
REL_008350,PERSON_0385,ACCOUNT_00823,OWNED,CONFIRMED
REL_008351,PERSON_0916,ACCOUNT_00451,OWNED,CONFIRMED
REL_008352,PERSON_0321,ACCOUNT_00142,OWNED,CONFIRMED
REL_008353,PERSON_1343,ACCOUNT_00089,OWNED,CONFIRMED
REL_008354,PERSON_0718,ACCOUNT_00189,OWNED,CONFIRMED
REL_008355,PERSON_1468,ACCOUNT_00037,OWNED,CONFIRMED
REL_008356,PERSON_0909,ACCOUNT_00095,OWNED,CONFIRMED
REL_008357,PERSON_0028,ACCOUNT_00291,OWNED,CONFIRMED
REL_008358,PERSON_0656,ACCOUNT_00785,OWNED,CONFIRMED
REL_008359,PERSON_1050,ACCOUNT_00882,OWNED,CONFIRMED
REL_008360,PERSON_0088,ACCOUNT_00802,OWNED,CONFIRMED
REL_008361,PERSON_1016,ACCOUNT_00696,OWNED,CONFIRMED
REL_008362,PERSON_0665,ACCOUNT_00539,OWNED,CONFIRMED
REL_008363,PERSON_0562,ACCOUNT_00718,OWNED,CONFIRMED
REL_008364,PERSON_0247,ACCOUNT_00810,OWNED,CONFIRMED
REL_008365,PERSON_0739,ACCOUNT_00663,OWNED,CONFIRMED
REL_008366,PERSON_0631,ACCOUNT_00594,OWNED,CONFIRMED
REL_008367,PERSON_1110,ACCOUNT_00521,OWNED,CONFIRMED
REL_008368,PERSON_0501,ACCOUNT_00445,OWNED,CONFIRMED
REL_008369,PERSON_1419,ACCOUNT_00371,OWNED,CONFIRMED
REL_008370,PERSON_1281,ACCOUNT_00510,OWNED,CONFIRMED
REL_008371,PERSON_0671,ACCOUNT_00048,OWNED,CONFIRMED
REL_008372,PERSON_1238,ACCOUNT_00712,OWNED,CONFIRMED
REL_008373,PERSON_0216,ACCOUNT_00864,OWNED,CONFIRMED
REL_008374,PERSON_1117,ACCOUNT_00491,OWNED,CONFIRMED
REL_008375,PERSON_0317,ACCOUNT_00680,OWNED,CONFIRMED
REL_008376,PERSON_0553,ACCOUNT_00058,OWNED,CONFIRMED
REL_008377,PERSON_1396,ACCOUNT_00372,OWNED,CONFIRMED
REL_008378,PERSON_0789,ACCOUNT_00499,OWNED,CONFIRMED
REL_008379,PERSON_0871,ACCOUNT_00543,OWNED,CONFIRMED
REL_008380,PERSON_1367,ACCOUNT_00862,OWNED,CONFIRMED
REL_008381,PERSON_0985,ACCOUNT_00141,OWNED,CONFIRMED
REL_008382,PERSON_0217,ACCOUNT_00454,OWNED,CONFIRMED
REL_008383,PERSON_0875,ACCOUNT_00439,OWNED,CONFIRMED
REL_008384,PERSON_0484,ACCOUNT_00817,OWNED,CONFIRMED
REL_008385,PERSON_0697,ACCOUNT_00870,OWNED,CONFIRMED
REL_008386,PERSON_0559,ACCOUNT_00276,OWNED,CONFIRMED
REL_008387,PERSON_0972,ACCOUNT_00638,OWNED,CONFIRMED
REL_008388,PERSON_0950,ACCOUNT_00104,OWNED,CONFIRMED
REL_008389,PERSON_0524,ACCOUNT_00775,OWNED,CONFIRMED
REL_008390,PERSON_0779,ACCOUNT_00036,OWNED,CONFIRMED
REL_008391,PERSON_0732,ACCOUNT_00537,OWNED,CONFIRMED
REL_008392,PERSON_0393,ACCOUNT_00184,OWNED,CONFIRMED
REL_008393,PERSON_0978,ACCOUNT_00868,OWNED,CONFIRMED
REL_008394,PERSON_1119,ACCOUNT_00903,OWNED,CONFIRMED
REL_008395,PERSON_1424,ACCOUNT_00774,OWNED,CONFIRMED
REL_008396,PERSON_0197,ACCOUNT_00711,OWNED,CONFIRMED
REL_008397,PERSON_0124,ACCOUNT_00559,OWNED,CONFIRMED
REL_008398,PERSON_1480,ACCOUNT_00889,OWNED,CONFIRMED
REL_008399,PERSON_1490,ACCOUNT_00611,OWNED,CONFIRMED
REL_008400,PERSON_0356,ACCOUNT_00560,OWNED,CONFIRMED
REL_008401,PERSON_1146,ACCOUNT_00270,OWNED,CONFIRMED
REL_008402,PERSON_1046,ACCOUNT_00144,OWNED,CONFIRMED
REL_008403,PERSON_0714,ACCOUNT_00508,OWNED,CONFIRMED
REL_008404,PERSON_1060,ACCOUNT_00128,OWNED,CONFIRMED
REL_008405,PERSON_1433,ACCOUNT_00072,OWNED,CONFIRMED
REL_008406,PERSON_0622,ACCOUNT_00679,OWNED,CONFIRMED
REL_008407,PERSON_0114,ACCOUNT_00352,OWNED,CONFIRMED
REL_008408,PERSON_1133,ACCOUNT_00187,OWNED,CONFIRMED
REL_008409,PERSON_0684,ACCOUNT_00597,OWNED,CONFIRMED
REL_008410,PERSON_1384,ACCOUNT_00644,OWNED,CONFIRMED
REL_008411,PERSON_1181,ACCOUNT_00859,OWNED,CONFIRMED
REL_008412,PERSON_0889,ACCOUNT_00271,OWNED,CONFIRMED
REL_008413,PERSON_1293,ACCOUNT_00853,OWNED,CONFIRMED
REL_008414,PERSON_0591,ACCOUNT_00110,OWNED,CONFIRMED
REL_008415,PERSON_1163,ACCOUNT_00519,OWNED,CONFIRMED
REL_008416,PERSON_0881,ACCOUNT_00387,OWNED,CONFIRMED
REL_008417,PERSON_0831,ACCOUNT_00069,OWNED,CONFIRMED
REL_008418,PERSON_0862,ACCOUNT_00676,OWNED,CONFIRMED
REL_008419,PERSON_0098,ACCOUNT_00563,OWNED,CONFIRMED
REL_008420,PERSON_1071,ACCOUNT_00358,OWNED,CONFIRMED
REL_008421,PERSON_0069,ACCOUNT_00461,OWNED,CONFIRMED
REL_008422,PERSON_0392,ACCOUNT_00039,OWNED,CONFIRMED
REL_008423,PERSON_0031,ACCOUNT_00866,OWNED,CONFIRMED
REL_008424,PERSON_0801,ACCOUNT_00399,OWNED,CONFIRMED
REL_008425,PERSON_0511,ACCOUNT_00432,OWNED,CONFIRMED
REL_008426,PERSON_1169,ACCOUNT_00850,OWNED,CONFIRMED
REL_008427,PERSON_0604,ACCOUNT_00477,OWNED,CONFIRMED
REL_008428,PERSON_0766,ACCOUNT_00062,OWNED,CONFIRMED
REL_008429,PERSON_1339,ACCOUNT_00603,OWNED,CONFIRMED
REL_008430,PERSON_0432,ACCOUNT_00309,OWNED,CONFIRMED
REL_008431,PERSON_0563,ACCOUNT_00251,OWNED,CONFIRMED
REL_008432,PERSON_0610,ACCOUNT_00645,OWNED,CONFIRMED
REL_008433,PERSON_0307,ACCOUNT_00672,OWNED,CONFIRMED
REL_008434,PERSON_1452,ACCOUNT_00405,OWNED,CONFIRMED
REL_008435,PERSON_1429,ACCOUNT_00787,OWNED,CONFIRMED
REL_008436,PERSON_1105,ACCOUNT_00799,OWNED,CONFIRMED
REL_008437,PERSON_0284,ACCOUNT_00476,OWNED,CONFIRMED
REL_008438,PERSON_0595,ACCOUNT_00770,OWNED,CONFIRMED
REL_008439,PERSON_1171,ACCOUNT_00020,OWNED,CONFIRMED
REL_008440,PERSON_0489,ACCOUNT_00346,OWNED,CONFIRMED
REL_008441,PERSON_0030,ACCOUNT_00160,OWNED,CONFIRMED
REL_008442,PERSON_1365,ACCOUNT_00877,OWNED,CONFIRMED
REL_008443,PERSON_0973,ACCOUNT_00852,OWNED,CONFIRMED
REL_008444,PERSON_0383,ACCOUNT_00654,OWNED,CONFIRMED
REL_008445,PERSON_0708,ACCOUNT_00713,OWNED,CONFIRMED
REL_008446,PERSON_0474,ACCOUNT_00333,OWNED,CONFIRMED
REL_008447,PERSON_0596,ACCOUNT_00206,OWNED,CONFIRMED
REL_008448,PERSON_0548,ACCOUNT_00181,OWNED,CONFIRMED
REL_008449,PERSON_1313,ACCOUNT_00630,OWNED,CONFIRMED
REL_008450,PERSON_0147,ACCOUNT_00010,OWNED,CONFIRMED
REL_008451,PERSON_0913,ACCOUNT_00580,OWNED,CONFIRMED
REL_008452,PERSON_1034,ACCOUNT_00538,OWNED,CONFIRMED
REL_008453,PERSON_0329,ACCOUNT_00375,OWNED,CONFIRMED
REL_008454,PERSON_0678,ACCOUNT_00670,OWNED,CONFIRMED
REL_008455,PERSON_1297,ACCOUNT_00250,OWNED,CONFIRMED
REL_008456,PERSON_0565,ACCOUNT_00503,OWNED,CONFIRMED
REL_008457,PERSON_0572,ACCOUNT_00542,OWNED,CONFIRMED
REL_008458,PERSON_0735,ACCOUNT_00512,OWNED,CONFIRMED
REL_008459,PERSON_0129,ACCOUNT_00395,OWNED,CONFIRMED
REL_008460,PERSON_0133,ACCOUNT_00505,OWNED,CONFIRMED
REL_008461,PERSON_0700,ACCOUNT_00424,OWNED,CONFIRMED
REL_008462,PERSON_1074,ACCOUNT_00507,OWNED,CONFIRMED
REL_008463,PERSON_0475,ACCOUNT_00486,OWNED,CONFIRMED
REL_008464,PERSON_0926,ACCOUNT_00197,OWNED,CONFIRMED
REL_008465,PERSON_1383,ACCOUNT_00809,OWNED,CONFIRMED
REL_008466,PERSON_0253,ACCOUNT_00245,OWNED,CONFIRMED
REL_008467,PERSON_1465,ACCOUNT_00625,OWNED,CONFIRMED
REL_008468,PERSON_0327,ACCOUNT_00427,OWNED,CONFIRMED
REL_008469,PERSON_1295,ACCOUNT_00607,OWNED,CONFIRMED
REL_008470,PERSON_0598,ACCOUNT_00221,OWNED,CONFIRMED
REL_008471,PERSON_0478,ACCOUNT_00716,OWNED,CONFIRMED
REL_008472,PERSON_0013,ACCOUNT_00573,OWNED,CONFIRMED
REL_008473,PERSON_1051,ACCOUNT_00209,OWNED,CONFIRMED
REL_008474,PERSON_1331,ACCOUNT_00596,OWNED,CONFIRMED
REL_008475,PERSON_0974,ACCOUNT_00121,OWNED,CONFIRMED
REL_008476,PERSON_0557,ACCOUNT_00550,OWNED,CONFIRMED
REL_008477,PERSON_0720,ACCOUNT_00091,OWNED,CONFIRMED
REL_008478,PERSON_1280,ACCOUNT_00678,OWNED,CONFIRMED
REL_008479,PERSON_0174,ACCOUNT_00758,OWNED,CONFIRMED
REL_008480,PERSON_1262,ACCOUNT_00440,OWNED,CONFIRMED
REL_008481,PERSON_0502,ACCOUNT_00569,OWNED,CONFIRMED
REL_008482,PERSON_0218,ACCOUNT_00756,OWNED,CONFIRMED
REL_008483,PERSON_0468,ACCOUNT_00390,OWNED,CONFIRMED
REL_008484,PERSON_0153,ACCOUNT_00457,OWNED,CONFIRMED
REL_008485,PERSON_0049,ACCOUNT_00551,OWNED,CONFIRMED
REL_008486,PERSON_0446,ACCOUNT_00392,OWNED,CONFIRMED
REL_008487,PERSON_1333,ACCOUNT_00892,OWNED,CONFIRMED
REL_008488,PERSON_1372,ACCOUNT_00757,OWNED,CONFIRMED
REL_008489,PERSON_1165,ACCOUNT_00724,OWNED,CONFIRMED
REL_008490,PERSON_0242,ACCOUNT_00211,OWNED,CONFIRMED
REL_008491,PERSON_1202,ACCOUNT_00350,OWNED,CONFIRMED
REL_008492,PERSON_0352,ACCOUNT_00237,OWNED,CONFIRMED
REL_008493,PERSON_0465,ACCOUNT_00337,OWNED,CONFIRMED
REL_008494,PERSON_0139,ACCOUNT_00768,OWNED,CONFIRMED
REL_008495,PERSON_0619,ACCOUNT_00783,OWNED,CONFIRMED
REL_008496,PERSON_1084,ACCOUNT_00465,OWNED,CONFIRMED
REL_008497,PERSON_1483,ACCOUNT_00001,OWNED,CONFIRMED
REL_008498,PERSON_1157,ACCOUNT_00610,OWNED,CONFIRMED
REL_008499,PERSON_0659,ACCOUNT_00682,OWNED,CONFIRMED
REL_008500,PERSON_1127,ACCOUNT_00813,OWNED,CONFIRMED
REL_008501,PERSON_1438,ACCOUNT_00103,OWNED,CONFIRMED
REL_008502,PERSON_1335,ACCOUNT_00888,OWNED,CONFIRMED
REL_008503,PERSON_1064,ACCOUNT_00231,OWNED,CONFIRMED
REL_008504,PERSON_0597,ACCOUNT_00832,OWNED,CONFIRMED
REL_008505,PERSON_0964,ACCOUNT_00419,OWNED,CONFIRMED
REL_008506,PERSON_1029,ACCOUNT_00434,OWNED,CONFIRMED
REL_008507,PERSON_0232,ACCOUNT_00653,OWNED,CONFIRMED
REL_008508,PERSON_0753,ACCOUNT_00874,OWNED,CONFIRMED
REL_008509,PERSON_0111,ACCOUNT_00326,OWNED,CONFIRMED
REL_008510,PERSON_0456,ACCOUNT_00829,OWNED,CONFIRMED
REL_008511,PERSON_0961,ACCOUNT_00612,OWNED,CONFIRMED
REL_008512,PERSON_1227,ACCOUNT_00410,OWNED,CONFIRMED
REL_008513,PERSON_1500,ACCOUNT_00441,OWNED,CONFIRMED
REL_008514,PERSON_0302,ACCOUNT_00151,OWNED,CONFIRMED
REL_008515,PERSON_1477,ACCOUNT_00904,OWNED,CONFIRMED
REL_008516,PERSON_1114,ACCOUNT_00311,OWNED,CONFIRMED
REL_008517,PERSON_0579,ACCOUNT_00778,OWNED,CONFIRMED
REL_008518,PERSON_1436,ACCOUNT_00449,OWNED,CONFIRMED
REL_008519,PERSON_0376,ACCOUNT_00131,OWNED,CONFIRMED
REL_008520,PERSON_0518,ACCOUNT_00567,OWNED,CONFIRMED
REL_008521,PERSON_0861,ACCOUNT_00568,OWNED,CONFIRMED
REL_008522,PERSON_0238,ACCOUNT_00556,OWNED,CONFIRMED
REL_008523,PERSON_1428,ACCOUNT_00124,OWNED,CONFIRMED
REL_008524,PERSON_0442,ACCOUNT_00895,OWNED,CONFIRMED
REL_008525,PERSON_0649,ACCOUNT_00238,OWNED,CONFIRMED
REL_008526,PERSON_0458,ACCOUNT_00640,OWNED,CONFIRMED
REL_008527,PERSON_0397,ACCOUNT_00143,OWNED,CONFIRMED
REL_008528,PERSON_1083,ACCOUNT_00349,OWNED,CONFIRMED
REL_008529,PERSON_1378,ACCOUNT_00759,OWNED,CONFIRMED
REL_008530,PERSON_0934,ACCOUNT_00901,OWNED,CONFIRMED
REL_008531,PERSON_1090,ACCOUNT_00515,OWNED,CONFIRMED
REL_008532,PERSON_0571,ACCOUNT_00690,OWNED,CONFIRMED
REL_008533,PERSON_0554,ACCOUNT_00064,OWNED,CONFIRMED
REL_008534,PERSON_0205,ACCOUNT_00314,OWNED,CONFIRMED
REL_008535,PERSON_0337,ACCOUNT_00589,OWNED,CONFIRMED
REL_008536,PERSON_1267,ACCOUNT_00591,OWNED,CONFIRMED
REL_008537,PERSON_0788,ACCOUNT_00065,OWNED,CONFIRMED
REL_008538,PERSON_0938,ACCOUNT_00013,OWNED,CONFIRMED
REL_008539,PERSON_1026,ACCOUNT_00391,OWNED,CONFIRMED
REL_008540,PERSON_1128,ACCOUNT_00257,OWNED,CONFIRMED
REL_008541,PERSON_1261,ACCOUNT_00402,OWNED,CONFIRMED
REL_008542,PERSON_0405,ACCOUNT_00050,OWNED,CONFIRMED
REL_008543,PERSON_1401,ACCOUNT_00535,OWNED,CONFIRMED
REL_008544,PERSON_1282,ACCOUNT_00122,OWNED,CONFIRMED
REL_008545,PERSON_1065,ACCOUNT_00842,OWNED,CONFIRMED
REL_008546,PERSON_0719,ACCOUNT_00516,OWNED,CONFIRMED
REL_008547,PERSON_0169,ACCOUNT_00660,OWNED,CONFIRMED
REL_008548,PERSON_1264,ACCOUNT_00203,OWNED,CONFIRMED
REL_008549,PERSON_0400,ACCOUNT_00628,OWNED,CONFIRMED
REL_008550,PERSON_0636,ACCOUNT_00732,OWNED,CONFIRMED
REL_008551,PERSON_1184,ACCOUNT_00292,OWNED,CONFIRMED
REL_008552,PERSON_0065,ACCOUNT_00094,OWNED,CONFIRMED
REL_008553,PERSON_0759,ACCOUNT_00506,OWNED,CONFIRMED
REL_008554,PERSON_0621,ACCOUNT_00495,OWNED,CONFIRMED
REL_008555,PERSON_1022,ACCOUNT_00186,OWNED,CONFIRMED
REL_008556,PERSON_0936,ACCOUNT_00428,OWNED,CONFIRMED
REL_008557,PERSON_0083,ACCOUNT_00137,OWNED,CONFIRMED
REL_008558,PERSON_0466,ACCOUNT_00283,OWNED,CONFIRMED
REL_008559,PERSON_1221,ACCOUNT_00179,OWNED,CONFIRMED
REL_008560,PERSON_1469,ACCOUNT_00175,OWNED,CONFIRMED
REL_008561,PERSON_0526,ACCOUNT_00389,OWNED,CONFIRMED
REL_008562,PERSON_0161,ACCOUNT_00621,OWNED,CONFIRMED
REL_008563,PERSON_1231,ACCOUNT_00602,OWNED,CONFIRMED
REL_008564,PERSON_0729,ACCOUNT_00755,OWNED,CONFIRMED
REL_008565,PERSON_0603,ACCOUNT_00274,OWNED,CONFIRMED
REL_008566,PERSON_0882,ACCOUNT_00577,OWNED,CONFIRMED
REL_008567,PERSON_1077,ACCOUNT_00235,OWNED,CONFIRMED
REL_008568,PERSON_1243,ACCOUNT_00246,OWNED,CONFIRMED
REL_008569,PERSON_0747,ACCOUNT_00825,OWNED,CONFIRMED
REL_008570,PERSON_0573,ACCOUNT_00627,OWNED,CONFIRMED
REL_008571,PERSON_1209,ACCOUNT_00741,OWNED,CONFIRMED
REL_008572,PERSON_0453,ACCOUNT_00548,OWNED,CONFIRMED
REL_008573,PERSON_0408,ACCOUNT_00381,OWNED,CONFIRMED
REL_008574,PERSON_0042,ACCOUNT_00565,OWNED,CONFIRMED
REL_008575,PERSON_0073,ACCOUNT_00656,OWNED,CONFIRMED
REL_008576,PERSON_1024,ACCOUNT_00422,OWNED,CONFIRMED
REL_008577,PERSON_0061,ACCOUNT_00219,OWNED,CONFIRMED
REL_008578,PERSON_1345,ACCOUNT_00400,OWNED,CONFIRMED
REL_008579,PERSON_0316,ACCOUNT_00819,OWNED,CONFIRMED
REL_008580,PERSON_1129,ACCOUNT_00662,OWNED,CONFIRMED
REL_008581,PERSON_1189,ACCOUNT_00632,OWNED,CONFIRMED
REL_008582,PERSON_0100,ACCOUNT_00335,OWNED,CONFIRMED
REL_008583,PERSON_0059,ACCOUNT_00234,OWNED,CONFIRMED
REL_008584,PERSON_0857,ACCOUNT_00166,OWNED,CONFIRMED
REL_008585,PERSON_0233,ACCOUNT_00590,OWNED,CONFIRMED
REL_008586,PERSON_0811,ACCOUNT_00786,OWNED,CONFIRMED
REL_008587,PERSON_1459,ACCOUNT_00146,OWNED,CONFIRMED
REL_008588,PERSON_0929,ACCOUNT_00393,OWNED,CONFIRMED
REL_008589,PERSON_1415,ACCOUNT_00243,OWNED,CONFIRMED
REL_008590,PERSON_0701,ACCOUNT_00673,OWNED,CONFIRMED
REL_008591,PERSON_0523,ACCOUNT_00751,OWNED,CONFIRMED
REL_008592,PERSON_0863,ACCOUNT_00247,OWNED,CONFIRMED
REL_008593,PERSON_1434,ACCOUNT_00463,OWNED,CONFIRMED
REL_008594,PERSON_0870,ACCOUNT_00530,OWNED,CONFIRMED
REL_008595,PERSON_1052,ACCOUNT_00217,OWNED,CONFIRMED
REL_008596,PERSON_0340,ACCOUNT_00528,OWNED,CONFIRMED
REL_008597,PERSON_0532,ACCOUNT_00370,OWNED,CONFIRMED
REL_008598,PERSON_1353,ACCOUNT_00004,OWNED,CONFIRMED
REL_008599,PERSON_1175,ACCOUNT_00643,OWNED,CONFIRMED
REL_008600,PERSON_0782,ACCOUNT_00780,OWNED,CONFIRMED
REL_008601,PERSON_1170,ACCOUNT_00043,OWNED,CONFIRMED
REL_008602,PERSON_0987,ACCOUNT_00730,OWNED,CONFIRMED
REL_008603,PERSON_1273,ACCOUNT_00478,OWNED,CONFIRMED
REL_008604,PERSON_0336,ACCOUNT_00752,OWNED,CONFIRMED
REL_008605,PERSON_0395,ACCOUNT_00558,OWNED,CONFIRMED
REL_008606,PERSON_0201,ACCOUNT_00218,OWNED,CONFIRMED
REL_008607,PERSON_1059,ACCOUNT_00570,OWNED,CONFIRMED
REL_008608,PERSON_1364,ACCOUNT_00740,OWNED,CONFIRMED
REL_008609,PERSON_0419,ACCOUNT_00727,OWNED,CONFIRMED
REL_008610,PERSON_0005,ACCOUNT_00336,OWNED,CONFIRMED
REL_008611,PERSON_0727,ACCOUNT_00173,OWNED,CONFIRMED
REL_008612,PERSON_1087,ACCOUNT_00773,OWNED,CONFIRMED
REL_008613,PERSON_0803,ACCOUNT_00138,OWNED,CONFIRMED
REL_008614,PERSON_0026,ACCOUNT_00114,OWNED,CONFIRMED
REL_008615,PERSON_1027,ACCOUNT_00633,OWNED,CONFIRMED
REL_008616,PERSON_1237,ACCOUNT_00588,OWNED,CONFIRMED
REL_008617,PERSON_0112,ACCOUNT_00207,OWNED,CONFIRMED
REL_008618,PERSON_1222,ACCOUNT_00646,OWNED,CONFIRMED
REL_008619,PERSON_1325,ACCOUNT_00795,OWNED,CONFIRMED
REL_008620,PERSON_0359,ACCOUNT_00288,OWNED,CONFIRMED
REL_008621,PERSON_0300,ACCOUNT_00900,OWNED,CONFIRMED
REL_008622,PERSON_0415,ACCOUNT_00319,OWNED,CONFIRMED
REL_008623,PERSON_0178,ACCOUNT_00824,OWNED,CONFIRMED
REL_008624,PERSON_0055,ACCOUNT_00557,OWNED,CONFIRMED
REL_008625,PERSON_0666,ACCOUNT_00097,OWNED,CONFIRMED
REL_008626,PERSON_0165,ACCOUNT_00366,OWNED,CONFIRMED
REL_008627,PERSON_0118,ACCOUNT_00239,OWNED,CONFIRMED
REL_008628,PERSON_1266,ACCOUNT_00691,OWNED,CONFIRMED
REL_008629,PERSON_0512,ACCOUNT_00397,OWNED,CONFIRMED
REL_008630,PERSON_1107,ACCOUNT_00545,OWNED,CONFIRMED
REL_008631,PERSON_1328,ACCOUNT_00531,OWNED,CONFIRMED
REL_008632,PERSON_0214,ACCOUNT_00443,OWNED,CONFIRMED
REL_008633,PERSON_0841,ACCOUNT_00261,OWNED,CONFIRMED
REL_008634,PERSON_0534,ACCOUNT_00683,OWNED,CONFIRMED
REL_008635,PERSON_0696,ACCOUNT_00140,OWNED,CONFIRMED
REL_008636,PERSON_0128,ACCOUNT_00236,OWNED,CONFIRMED
REL_008637,PERSON_1088,ACCOUNT_00720,OWNED,CONFIRMED
REL_008638,PERSON_0638,ACCOUNT_00579,OWNED,CONFIRMED
REL_008639,PERSON_0410,ACCOUNT_00374,OWNED,CONFIRMED
REL_008640,PERSON_1341,ACCOUNT_00045,OWNED,CONFIRMED
REL_008641,PERSON_1092,ACCOUNT_00056,OWNED,CONFIRMED
REL_008642,PERSON_0168,ACCOUNT_00299,OWNED,CONFIRMED
REL_008643,PERSON_0564,ACCOUNT_00908,OWNED,CONFIRMED
REL_008644,PERSON_1327,ACCOUNT_00585,OWNED,CONFIRMED
REL_008645,PERSON_0084,ACCOUNT_00533,OWNED,CONFIRMED
REL_008646,PERSON_0535,ACCOUNT_00675,OWNED,CONFIRMED
REL_008647,PERSON_0807,ACCOUNT_00139,OWNED,CONFIRMED
REL_008648,PERSON_0152,ACCOUNT_00407,OWNED,CONFIRMED
REL_008649,PERSON_1174,ACCOUNT_00595,OWNED,CONFIRMED
REL_008650,PERSON_0308,ACCOUNT_00846,OWNED,CONFIRMED
REL_008651,PERSON_0854,ACCOUNT_00167,OWNED,CONFIRMED
REL_008652,PERSON_0976,ACCOUNT_00361,OWNED,CONFIRMED
REL_008653,PERSON_1395,ACCOUNT_00331,OWNED,CONFIRMED
REL_008654,PERSON_0749,ACCOUNT_00348,OWNED,CONFIRMED
REL_008655,PERSON_1371,ACCOUNT_00848,OWNED,CONFIRMED
REL_008656,PERSON_0669,ACCOUNT_00289,OWNED,CONFIRMED
REL_008657,PERSON_0748,ACCOUNT_00049,OWNED,CONFIRMED
REL_008658,PERSON_1158,ACCOUNT_00496,OWNED,CONFIRMED
REL_008659,PERSON_0805,ACCOUNT_00192,OWNED,CONFIRMED
REL_008660,PERSON_0874,ACCOUNT_00118,OWNED,CONFIRMED
REL_008661,PERSON_0362,ACCOUNT_00316,OWNED,CONFIRMED
REL_008662,PERSON_0076,ACCOUNT_00708,OWNED,CONFIRMED
REL_008663,PERSON_1180,ACCOUNT_00600,OWNED,CONFIRMED
REL_008664,PERSON_0702,ACCOUNT_00529,OWNED,CONFIRMED
REL_008665,PERSON_0072,ACCOUNT_00193,OWNED,CONFIRMED
REL_008666,PERSON_0798,ACCOUNT_00525,OWNED,CONFIRMED
REL_008667,PERSON_0509,ACCOUNT_00706,OWNED,CONFIRMED
REL_008668,PERSON_0886,ACCOUNT_00252,OWNED,CONFIRMED
REL_008669,PERSON_1183,ACCOUNT_00224,OWNED,CONFIRMED
REL_008670,PERSON_1179,ACCOUNT_00426,OWNED,CONFIRMED
REL_008671,PERSON_1334,ACCOUNT_00272,OWNED,CONFIRMED
REL_008672,PERSON_0027,ACCOUNT_00385,OWNED,CONFIRMED
