source_id,source_type,target_id,target_type,edge_type,timestamp,weight,confidence,source_record_id
PERSON_0004,PERSON,PERSON_1191,PERSON,ASSOCIATED_WITH,2026-05-11 22:03:50,1.0,0.73,CDR_AGG_PERSON_0004_PERSON_1191
PERSON_0010,PERSON,PERSON_1214,PERSON,ASSOCIATED_WITH,2025-12-18 07:08:03,0.9,0.79,CDR_AGG_PERSON_0010_PERSON_1214
PERSON_0026,PERSON,PERSON_0397,PERSON,POTENTIAL_OPERATIONAL_LINK,2025-08-29 21:20:50,0.1,0.82,CDR_AGG_PERSON_0026_PERSON_0397
PERSON_1476,PERSON,PERSON_0026,PERSON,POTENTIAL_OPERATIONAL_LINK,2025-08-29 21:36:50,0.15,0.93,CDR_AGG_PERSON_1476_PERSON_0026
PERSON_0027,PERSON,PERSON_0248,PERSON,ASSOCIATED_WITH,2026-02-23 12:38:11,1.0,0.57,CDR_AGG_PERSON_0027_PERSON_0248
PERSON_0030,PERSON,PERSON_0180,PERSON,POTENTIAL_OPERATIONAL_LINK,2025-10-20 15:35:44,0.15,0.87,CDR_AGG_PERSON_0030_PERSON_0180
PERSON_0037,PERSON,PERSON_1449,PERSON,POTENTIAL_OPERATIONAL_LINK,2025-01-19 20:47:00,0.15,0.88,CDR_AGG_PERSON_0037_PERSON_1449
PERSON_0037,PERSON,PERSON_1499,PERSON,POTENTIAL_OPERATIONAL_LINK,2025-01-19 20:55:00,0.15,0.83,CDR_AGG_PERSON_0037_PERSON_1499
PERSON_0055,PERSON,PERSON_0867,PERSON,ASSOCIATED_WITH,2026-06-28 07:36:59,1.0,0.66,CDR_AGG_PERSON_0055_PERSON_0867
PERSON_0077,PERSON,PERSON_1318,PERSON,ASSOCIATED_WITH,2026-06-12 07:39:54,1.0,0.67,CDR_AGG_PERSON_0077_PERSON_1318
PERSON_0096,PERSON,PERSON_0950,PERSON,POTENTIAL_OPERATIONAL_LINK,2025-11-18 16:28:44,0.2,0.94,CDR_AGG_PERSON_0096_PERSON_0950
PERSON_0098,PERSON,PERSON_0177,PERSON,ASSOCIATED_WITH,2026-06-02 21:08:40,1.0,0.75,CDR_AGG_PERSON_0098_PERSON_0177
PERSON_0104,PERSON,PERSON_1433,PERSON,POTENTIAL_OPERATIONAL_LINK,2025-10-20 16:19:44,0.25,0.82,CDR_AGG_PERSON_0104_PERSON_1433
PERSON_0105,PERSON,PERSON_1002,PERSON,POTENTIAL_OPERATIONAL_LINK,2025-05-14 16:33:21,0.25,0.79,CDR_AGG_PERSON_0105_PERSON_1002
PERSON_0105,PERSON,PERSON_1008,PERSON,POTENTIAL_OPERATIONAL_LINK,2025-05-14 16:53:21,0.1,0.85,CDR_AGG_PERSON_0105_PERSON_1008
PERSON_0138,PERSON,PERSON_0871,PERSON,ASSOCIATED_WITH,2026-06-22 19:31:24,1.0,0.57,CDR_AGG_PERSON_0138_PERSON_0871
PERSON_0173,PERSON,PERSON_0369,PERSON,ASSOCIATED_WITH,2026-06-29 20:48:04,1.0,0.58,CDR_AGG_PERSON_0173_PERSON_0369
PERSON_0180,PERSON,PERSON_0551,PERSON,POTENTIAL_OPERATIONAL_LINK,2025-10-20 15:53:44,0.1,0.87,CDR_AGG_PERSON_0180_PERSON_0551
PERSON_0216,PERSON,PERSON_1329,PERSON,ASSOCIATED_WITH,2026-06-27 08:04:20,1.0,0.71,CDR_AGG_PERSON_0216_PERSON_1329
PERSON_0217,PERSON,PERSON_1217,PERSON,ASSOCIATED_WITH,2026-05-04 03:53:35,1.0,0.65,CDR_AGG_PERSON_0217_PERSON_1217
PERSON_0225,PERSON,PERSON_0806,PERSON,ASSOCIATED_WITH,2026-05-21 07:55:05,1.0,0.66,CDR_AGG_PERSON_0225_PERSON_0806
PERSON_0243,PERSON,PERSON_0559,PERSON,ASSOCIATED_WITH,2026-06-27 21:12:04,1.0,0.78,CDR_AGG_PERSON_0243_PERSON_0559
PERSON_0256,PERSON,PERSON_1046,PERSON,POTENTIAL_OPERATIONAL_LINK,2025-06-17 19:39:20,0.1,0.93,CDR_AGG_PERSON_0256_PERSON_1046
PERSON_0256,PERSON,PERSON_1376,PERSON,POTENTIAL_OPERATIONAL_LINK,2025-06-17 19:31:20,0.1,0.84,CDR_AGG_PERSON_0256_PERSON_1376
PERSON_0261,PERSON,PERSON_0534,PERSON,ASSOCIATED_WITH,2026-04-30 04:35:28,1.0,0.66,CDR_AGG_PERSON_0261_PERSON_0534
PERSON_0265,PERSON,PERSON_0730,PERSON,ASSOCIATED_WITH,2026-03-26 09:52:11,1.0,0.69,CDR_AGG_PERSON_0265_PERSON_0730
PERSON_0266,PERSON,PERSON_1170,PERSON,POTENTIAL_OPERATIONAL_LINK,2025-12-31 21:07:31,0.25,0.75,CDR_AGG_PERSON_0266_PERSON_1170
PERSON_0294,PERSON,PERSON_0440,PERSON,ASSOCIATED_WITH,2026-06-27 05:34:10,1.0,0.78,CDR_AGG_PERSON_0294_PERSON_0440
PERSON_0339,PERSON,PERSON_1432,PERSON,ASSOCIATED_WITH,2026-05-08 01:39:21,1.0,0.76,CDR_AGG_PERSON_0339_PERSON_1432
PERSON_0367,PERSON,PERSON_0413,PERSON,ASSOCIATED_WITH,2026-06-25 04:33:44,1.0,0.75,CDR_AGG_PERSON_0367_PERSON_0413
PERSON_0371,PERSON,PERSON_0611,PERSON,ASSOCIATED_WITH,2026-06-08 15:16:07,1.0,0.62,CDR_AGG_PERSON_0371_PERSON_0611
PERSON_0373,PERSON,PERSON_0411,PERSON,ASSOCIATED_WITH,2026-05-15 04:58:12,1.0,0.75,CDR_AGG_PERSON_0373_PERSON_0411
PERSON_0397,PERSON,PERSON_0405,PERSON,POTENTIAL_OPERATIONAL_LINK,2025-08-29 21:00:50,0.1,0.81,CDR_AGG_PERSON_0397_PERSON_0405
PERSON_0398,PERSON,PERSON_0736,PERSON,POTENTIAL_OPERATIONAL_LINK,2025-05-12 06:46:40,0.15,0.77,CDR_AGG_PERSON_0398_PERSON_0736
PERSON_0403,PERSON,PERSON_0743,PERSON,ASSOCIATED_WITH,2026-06-12 12:46:37,1.0,0.72,CDR_AGG_PERSON_0403_PERSON_0743
PERSON_0405,PERSON,PERSON_1459,PERSON,POTENTIAL_OPERATIONAL_LINK,2025-08-29 20:35:50,0.1,0.93,CDR_AGG_PERSON_0405_PERSON_1459
PERSON_0417,PERSON,PERSON_1447,PERSON,ASSOCIATED_WITH,2026-04-26 12:30:29,1.0,0.71,CDR_AGG_PERSON_0417_PERSON_1447
PERSON_0423,PERSON,PERSON_0784,PERSON,POTENTIAL_OPERATIONAL_LINK,2025-04-05 14:10:43,0.1,0.76,CDR_AGG_PERSON_0423_PERSON_0784
PERSON_0445,PERSON,PERSON_0673,PERSON,ASSOCIATED_WITH,2026-05-13 05:29:18,0.9,0.76,CDR_AGG_PERSON_0445_PERSON_0673
PERSON_0452,PERSON,PERSON_1131,PERSON,ASSOCIATED_WITH,2026-05-22 06:01:16,0.9,0.63,CDR_AGG_PERSON_0452_PERSON_1131
PERSON_0478,PERSON,PERSON_1369,PERSON,ASSOCIATED_WITH,2026-05-29 15:51:28,1.0,0.59,CDR_AGG_PERSON_0478_PERSON_1369
PERSON_0486,PERSON,PERSON_1343,PERSON,POTENTIAL_OPERATIONAL_LINK,2025-10-15 10:29:43,0.15,0.76,CDR_AGG_PERSON_0486_PERSON_1343
PERSON_0509,PERSON,PERSON_1184,PERSON,ASSOCIATED_WITH,2026-03-08 10:38:47,1.0,0.71,CDR_AGG_PERSON_0509_PERSON_1184
PERSON_0522,PERSON,PERSON_1026,PERSON,ASSOCIATED_WITH,2026-06-07 02:09:33,1.0,0.8,CDR_AGG_PERSON_0522_PERSON_1026
PERSON_0527,PERSON,PERSON_1163,PERSON,ASSOCIATED_WITH,2026-04-26 16:22:40,1.0,0.64,CDR_AGG_PERSON_0527_PERSON_1163
PERSON_0539,PERSON,PERSON_1358,PERSON,ASSOCIATED_WITH,2026-05-27 11:20:31,1.0,0.57,CDR_AGG_PERSON_0539_PERSON_1358
PERSON_0551,PERSON,PERSON_1433,PERSON,POTENTIAL_OPERATIONAL_LINK,2025-10-20 16:03:44,0.15,0.87,CDR_AGG_PERSON_0551_PERSON_1433
PERSON_0560,PERSON,PERSON_1441,PERSON,ASSOCIATED_WITH,2026-05-01 12:16:54,0.85,0.73,CDR_AGG_PERSON_0560_PERSON_1441
PERSON_0565,PERSON,PERSON_1272,PERSON,ASSOCIATED_WITH,2026-06-07 01:04:11,1.0,0.66,CDR_AGG_PERSON_0565_PERSON_1272
PERSON_0570,PERSON,PERSON_1132,PERSON,ASSOCIATED_WITH,2026-04-13 01:01:24,1.0,0.7,CDR_AGG_PERSON_0570_PERSON_1132
PERSON_0580,PERSON,PERSON_0784,PERSON,POTENTIAL_OPERATIONAL_LINK,2025-04-05 13:59:43,0.15,0.9,CDR_AGG_PERSON_0580_PERSON_0784
PERSON_0580,PERSON,PERSON_0903,PERSON,POTENTIAL_OPERATIONAL_LINK,2025-04-05 13:47:43,0.15,0.87,CDR_AGG_PERSON_0580_PERSON_0903
PERSON_0582,PERSON,PERSON_1241,PERSON,ASSOCIATED_WITH,2026-05-27 18:21:54,1.0,0.76,CDR_AGG_PERSON_0582_PERSON_1241
PERSON_0603,PERSON,PERSON_1385,PERSON,ASSOCIATED_WITH,2026-06-27 10:18:06,1.0,0.68,CDR_AGG_PERSON_0603_PERSON_1385
PERSON_0639,PERSON,PERSON_0671,PERSON,POTENTIAL_OPERATIONAL_LINK,2025-12-02 17:28:34,0.1,0.85,CDR_AGG_PERSON_0639_PERSON_0671
PERSON_0639,PERSON,PERSON_1203,PERSON,POTENTIAL_OPERATIONAL_LINK,2025-12-02 17:13:34,0.25,0.84,CDR_AGG_PERSON_0639_PERSON_1203
PERSON_0669,PERSON,PERSON_0789,PERSON,ASSOCIATED_WITH,2026-06-26 02:02:33,1.0,0.69,CDR_AGG_PERSON_0669_PERSON_0789
PERSON_0710,PERSON,PERSON_1322,PERSON,ASSOCIATED_WITH,2026-05-19 03:19:41,1.0,0.62,CDR_AGG_PERSON_0710_PERSON_1322
PERSON_0720,PERSON,PERSON_0950,PERSON,POTENTIAL_OPERATIONAL_LINK,2025-11-18 16:41:44,0.1,0.91,CDR_AGG_PERSON_0720_PERSON_0950
PERSON_0720,PERSON,PERSON_1060,PERSON,POTENTIAL_OPERATIONAL_LINK,2025-11-18 17:04:44,0.15,0.91,CDR_AGG_PERSON_0720_PERSON_1060
PERSON_0725,PERSON,PERSON_0903,PERSON,POTENTIAL_OPERATIONAL_LINK,2025-04-05 13:33:43,0.1,0.88,CDR_AGG_PERSON_0725_PERSON_0903
PERSON_0736,PERSON,PERSON_0785,PERSON,POTENTIAL_OPERATIONAL_LINK,2025-05-12 06:24:40,0.15,0.89,CDR_AGG_PERSON_0736_PERSON_0785
PERSON_0794,PERSON,PERSON_1327,PERSON,ASSOCIATED_WITH,2026-06-02 06:38:40,1.0,0.72,CDR_AGG_PERSON_0794_PERSON_1327
PERSON_0809,PERSON,PERSON_0969,PERSON,POTENTIAL_OPERATIONAL_LINK,2025-07-31 02:35:23,0.15,0.78,CDR_AGG_PERSON_0809_PERSON_0969
PERSON_0833,PERSON,PERSON_1232,PERSON,POTENTIAL_OPERATIONAL_LINK,2025-10-15 09:50:43,0.1,0.89,CDR_AGG_PERSON_0833_PERSON_1232
PERSON_0833,PERSON,PERSON_1343,PERSON,POTENTIAL_OPERATIONAL_LINK,2025-10-15 10:12:43,0.15,0.82,CDR_AGG_PERSON_0833_PERSON_1343
PERSON_0884,PERSON,PERSON_1446,PERSON,ASSOCIATED_WITH,2026-05-28 22:48:18,1.0,0.7,CDR_AGG_PERSON_0884_PERSON_1446
PERSON_0892,PERSON,PERSON_1159,PERSON,ASSOCIATED_WITH,2026-06-25 10:52:54,1.0,0.72,CDR_AGG_PERSON_0892_PERSON_1159
PERSON_0894,PERSON,PERSON_1383,PERSON,ASSOCIATED_WITH,2026-05-30 10:43:50,1.0,0.57,CDR_AGG_PERSON_0894_PERSON_1383
PERSON_0945,PERSON,PERSON_1203,PERSON,POTENTIAL_OPERATIONAL_LINK,2025-12-02 17:02:34,0.1,0.84,CDR_AGG_PERSON_0945_PERSON_1203
PERSON_0966,PERSON,PERSON_0981,PERSON,ASSOCIATED_WITH,2026-06-08 12:04:39,1.0,0.66,CDR_AGG_PERSON_0966_PERSON_0981
PERSON_0969,PERSON,PERSON_1226,PERSON,POTENTIAL_OPERATIONAL_LINK,2025-07-31 02:44:23,0.15,0.81,CDR_AGG_PERSON_0969_PERSON_1226
PERSON_0991,PERSON,PERSON_1166,PERSON,ASSOCIATED_WITH,2026-02-08 12:16:58,0.95,0.69,CDR_AGG_PERSON_0991_PERSON_1166
PERSON_1002,PERSON,PERSON_1269,PERSON,POTENTIAL_OPERATIONAL_LINK,2025-05-14 16:23:21,0.2,0.84,CDR_AGG_PERSON_1002_PERSON_1269
PERSON_1046,PERSON,PERSON_1242,PERSON,POTENTIAL_OPERATIONAL_LINK,2025-06-17 19:58:20,0.1,0.94,CDR_AGG_PERSON_1046_PERSON_1242
PERSON_1079,PERSON,PERSON_1278,PERSON,ASSOCIATED_WITH,2026-03-28 13:44:40,0.9,0.76,CDR_AGG_PERSON_1079_PERSON_1278
PERSON_1104,PERSON,PERSON_1226,PERSON,POTENTIAL_OPERATIONAL_LINK,2025-07-31 02:57:23,0.1,0.84,CDR_AGG_PERSON_1104_PERSON_1226
PERSON_1114,PERSON,PERSON_1421,PERSON,ASSOCIATED_WITH,2026-05-09 11:01:08,1.0,0.63,CDR_AGG_PERSON_1114_PERSON_1421
PERSON_1170,PERSON,PERSON_1190,PERSON,POTENTIAL_OPERATIONAL_LINK,2025-12-31 21:20:31,0.15,0.87,CDR_AGG_PERSON_1170_PERSON_1190
PERSON_1303,PERSON,PERSON_1449,PERSON,POTENTIAL_OPERATIONAL_LINK,2025-01-19 20:24:00,0.1,0.92,CDR_AGG_PERSON_1303_PERSON_1449
PERSON_1332,PERSON,PERSON_1390,PERSON,ASSOCIATED_WITH,2026-06-15 22:31:18,1.0,0.61,CDR_AGG_PERSON_1332_PERSON_1390
PERSON_1350,PERSON,PERSON_1380,PERSON,ASSOCIATED_WITH,2026-06-19 06:39:51,0.9,0.73,CDR_AGG_PERSON_1350_PERSON_1380
PERSON_1049,PERSON,PERSON_1236,PERSON,CALLED,2026-02-05 07:24:14,0.05,0.58,CDR_AGG_PERSON_1049_PERSON_1236
PERSON_0631,PERSON,PERSON_1432,PERSON,CALLED,2025-05-05 18:35:02,0.05,0.78,CDR_AGG_PERSON_0631_PERSON_1432
PERSON_0521,PERSON,PERSON_1249,PERSON,CALLED,2025-12-09 15:59:17,0.05,0.57,CDR_AGG_PERSON_0521_PERSON_1249
PERSON_0191,PERSON,PERSON_0456,PERSON,CALLED,2025-03-15 15:02:41,0.05,0.72,CDR_AGG_PERSON_0191_PERSON_0456
PERSON_0342,PERSON,PERSON_1256,PERSON,CALLED,2026-04-04 03:15:39,0.05,0.68,CDR_AGG_PERSON_0342_PERSON_1256
PERSON_0266,PERSON,PERSON_1400,PERSON,CALLED,2025-06-20 22:43:07,0.05,0.73,CDR_AGG_PERSON_0266_PERSON_1400
PERSON_1081,PERSON,PERSON_1112,PERSON,CALLED,2026-06-21 16:18:30,0.05,0.57,CDR_AGG_PERSON_1081_PERSON_1112
PERSON_0141,PERSON,PERSON_0909,PERSON,CALLED,2025-04-16 07:54:12,0.05,0.43,CDR_AGG_PERSON_0141_PERSON_0909
PERSON_0023,PERSON,PERSON_0063,PERSON,CALLED,2025-05-27 11:22:23,0.05,0.46,CDR_AGG_PERSON_0023_PERSON_0063
PERSON_0074,PERSON,PERSON_0419,PERSON,CALLED,2024-09-11 07:58:10,0.05,0.49,CDR_AGG_PERSON_0074_PERSON_0419
PERSON_1232,PERSON,PERSON_1469,PERSON,CALLED,2026-05-28 05:55:50,0.05,0.77,CDR_AGG_PERSON_1232_PERSON_1469
PERSON_0221,PERSON,PERSON_0908,PERSON,CALLED,2024-08-14 21:45:28,0.05,0.54,CDR_AGG_PERSON_0221_PERSON_0908
PERSON_0174,PERSON,PERSON_1166,PERSON,CALLED,2024-03-05 06:55:10,0.05,0.7,CDR_AGG_PERSON_0174_PERSON_1166
PERSON_0421,PERSON,PERSON_1273,PERSON,CALLED,2024-11-26 07:22:34,0.05,0.51,CDR_AGG_PERSON_0421_PERSON_1273
PERSON_0177,PERSON,PERSON_1002,PERSON,CALLED,2025-05-28 06:28:44,0.05,0.74,CDR_AGG_PERSON_0177_PERSON_1002
PERSON_0538,PERSON,PERSON_0923,PERSON,CALLED,2025-12-31 20:43:29,0.1,0.76,CDR_AGG_PERSON_0538_PERSON_0923
PERSON_0008,PERSON,PERSON_1311,PERSON,CALLED,2025-07-31 23:17:24,0.05,0.55,CDR_AGG_PERSON_0008_PERSON_1311
PERSON_0051,PERSON,PERSON_0291,PERSON,CALLED,2025-10-07 05:03:12,0.05,0.59,CDR_AGG_PERSON_0051_PERSON_0291
PERSON_1238,PERSON,PERSON_1251,PERSON,CALLED,2026-01-31 14:09:32,0.05,0.52,CDR_AGG_PERSON_1238_PERSON_1251
PERSON_0362,PERSON,PERSON_0564,PERSON,CALLED,2025-07-31 22:12:00,0.05,0.5,CDR_AGG_PERSON_0362_PERSON_0564
PERSON_0543,PERSON,PERSON_1391,PERSON,CALLED,2025-09-12 11:11:26,0.05,0.79,CDR_AGG_PERSON_0543_PERSON_1391
PERSON_0483,PERSON,PERSON_1014,PERSON,CALLED,2025-10-19 03:10:53,0.05,0.8,CDR_AGG_PERSON_0483_PERSON_1014
PERSON_0995,PERSON,PERSON_1161,PERSON,CALLED,2024-04-26 22:56:21,0.05,0.5,CDR_AGG_PERSON_0995_PERSON_1161
PERSON_0780,PERSON,PERSON_0836,PERSON,CALLED,2025-01-13 13:31:08,0.05,0.43,CDR_AGG_PERSON_0780_PERSON_0836
PERSON_0725,PERSON,PERSON_1408,PERSON,CALLED,2025-06-08 03:23:27,0.05,0.62,CDR_AGG_PERSON_0725_PERSON_1408
PERSON_0356,PERSON,PERSON_1413,PERSON,CALLED,2026-06-14 23:45:59,0.05,0.73,CDR_AGG_PERSON_0356_PERSON_1413
PERSON_1482,PERSON,PERSON_1498,PERSON,CALLED,2026-03-05 03:25:28,0.05,0.61,CDR_AGG_PERSON_1482_PERSON_1498
PERSON_0488,PERSON,PERSON_1354,PERSON,CALLED,2024-08-08 19:32:36,0.05,0.79,CDR_AGG_PERSON_0488_PERSON_1354
PERSON_0027,PERSON,PERSON_0603,PERSON,CALLED,2024-12-24 00:59:09,0.05,0.68,CDR_AGG_PERSON_0027_PERSON_0603
PERSON_0584,PERSON,PERSON_0591,PERSON,CALLED,2025-08-29 18:14:40,0.05,0.5,CDR_AGG_PERSON_0584_PERSON_0591
PERSON_0197,PERSON,PERSON_0868,PERSON,CALLED,2024-07-11 17:17:32,0.05,0.45,CDR_AGG_PERSON_0197_PERSON_0868
PERSON_0788,PERSON,PERSON_0917,PERSON,CALLED,2025-04-02 18:11:15,0.05,0.61,CDR_AGG_PERSON_0788_PERSON_0917
PERSON_0700,PERSON,PERSON_1458,PERSON,CALLED,2024-03-16 03:41:20,0.05,0.76,CDR_AGG_PERSON_0700_PERSON_1458
PERSON_0682,PERSON,PERSON_0871,PERSON,CALLED,2026-04-30 18:39:14,0.05,0.52,CDR_AGG_PERSON_0682_PERSON_0871
PERSON_0070,PERSON,PERSON_0259,PERSON,CALLED,2024-04-29 08:42:49,0.05,0.62,CDR_AGG_PERSON_0070_PERSON_0259
PERSON_0171,PERSON,PERSON_0506,PERSON,CALLED,2026-04-11 14:56:01,0.05,0.7,CDR_AGG_PERSON_0171_PERSON_0506
PERSON_0348,PERSON,PERSON_1201,PERSON,CALLED,2026-06-23 05:23:07,0.05,0.77,CDR_AGG_PERSON_0348_PERSON_1201
PERSON_0102,PERSON,PERSON_0395,PERSON,CALLED,2024-01-01 19:27:41,0.05,0.43,CDR_AGG_PERSON_0102_PERSON_0395
PERSON_0066,PERSON,PERSON_1366,PERSON,CALLED,2025-02-03 17:22:05,0.05,0.83,CDR_AGG_PERSON_0066_PERSON_1366
PERSON_0387,PERSON,PERSON_0847,PERSON,CALLED,2024-02-21 07:32:20,0.05,0.59,CDR_AGG_PERSON_0387_PERSON_0847
PERSON_0690,PERSON,PERSON_0993,PERSON,CALLED,2025-01-27 22:17:58,0.05,0.61,CDR_AGG_PERSON_0690_PERSON_0993
PERSON_0303,PERSON,PERSON_1111,PERSON,CALLED,2026-03-21 09:55:17,0.05,0.57,CDR_AGG_PERSON_0303_PERSON_1111
PERSON_0454,PERSON,PERSON_0561,PERSON,CALLED,2024-07-13 19:57:35,0.05,0.72,CDR_AGG_PERSON_0454_PERSON_0561
PERSON_1183,PERSON,PERSON_1246,PERSON,CALLED,2026-06-22 16:07:35,0.05,0.76,CDR_AGG_PERSON_1183_PERSON_1246
PERSON_0092,PERSON,PERSON_0172,PERSON,CALLED,2025-08-16 15:16:07,0.05,0.73,CDR_AGG_PERSON_0092_PERSON_0172
PERSON_0424,PERSON,PERSON_1042,PERSON,CALLED,2025-02-01 17:23:15,0.05,0.47,CDR_AGG_PERSON_0424_PERSON_1042
PERSON_0283,PERSON,PERSON_0641,PERSON,CALLED,2026-03-04 13:57:48,0.05,0.72,CDR_AGG_PERSON_0283_PERSON_0641
PERSON_0128,PERSON,PERSON_0961,PERSON,CALLED,2024-08-25 07:13:21,0.05,0.46,CDR_AGG_PERSON_0128_PERSON_0961
PERSON_0631,PERSON,PERSON_0807,PERSON,CALLED,2024-06-15 11:48:10,0.05,0.5,CDR_AGG_PERSON_0631_PERSON_0807
PERSON_0484,PERSON,PERSON_0965,PERSON,CALLED,2024-03-16 16:15:43,0.05,0.48,CDR_AGG_PERSON_0484_PERSON_0965
PERSON_0890,PERSON,PERSON_1033,PERSON,CALLED,2025-08-24 00:28:43,0.05,0.58,CDR_AGG_PERSON_0890_PERSON_1033
PERSON_0964,PERSON,PERSON_1097,PERSON,CALLED,2024-09-25 15:26:53,0.05,0.74,CDR_AGG_PERSON_0964_PERSON_1097
PERSON_1228,PERSON,PERSON_1482,PERSON,CALLED,2024-09-29 01:34:34,0.05,0.81,CDR_AGG_PERSON_1228_PERSON_1482
PERSON_0538,PERSON,PERSON_0620,PERSON,CALLED,2024-06-16 14:03:40,0.05,0.63,CDR_AGG_PERSON_0538_PERSON_0620
PERSON_1261,PERSON,PERSON_1449,PERSON,CALLED,2024-02-24 22:26:33,0.05,0.58,CDR_AGG_PERSON_1261_PERSON_1449
PERSON_1384,PERSON,PERSON_1484,PERSON,CALLED,2024-10-15 13:43:54,0.1,0.84,CDR_AGG_PERSON_1384_PERSON_1484
PERSON_0456,PERSON,PERSON_0867,PERSON,CALLED,2024-02-26 08:16:18,0.05,0.78,CDR_AGG_PERSON_0456_PERSON_0867
PERSON_0287,PERSON,PERSON_1132,PERSON,CALLED,2024-12-21 12:19:05,0.05,0.61,CDR_AGG_PERSON_0287_PERSON_1132
PERSON_0519,PERSON,PERSON_1408,PERSON,CALLED,2024-04-07 01:43:45,0.05,0.82,CDR_AGG_PERSON_0519_PERSON_1408
PERSON_0646,PERSON,PERSON_0780,PERSON,CALLED,2025-04-13 09:38:01,0.05,0.49,CDR_AGG_PERSON_0646_PERSON_0780
PERSON_0397,PERSON,PERSON_1367,PERSON,CALLED,2024-04-14 16:08:39,0.05,0.6,CDR_AGG_PERSON_0397_PERSON_1367
PERSON_1050,PERSON,PERSON_1356,PERSON,CALLED,2024-03-18 08:27:40,0.05,0.64,CDR_AGG_PERSON_1050_PERSON_1356
PERSON_0076,PERSON,PERSON_1112,PERSON,CALLED,2025-03-31 07:28:44,0.05,0.62,CDR_AGG_PERSON_0076_PERSON_1112
PERSON_1085,PERSON,PERSON_1326,PERSON,CALLED,2025-03-21 08:06:25,0.05,0.41,CDR_AGG_PERSON_1085_PERSON_1326
PERSON_0638,PERSON,PERSON_0824,PERSON,CALLED,2024-09-09 02:22:05,0.05,0.53,CDR_AGG_PERSON_0638_PERSON_0824
PERSON_0280,PERSON,PERSON_1454,PERSON,CALLED,2025-08-08 16:11:24,0.05,0.57,CDR_AGG_PERSON_0280_PERSON_1454
PERSON_0748,PERSON,PERSON_1485,PERSON,CALLED,2026-03-02 17:17:38,0.05,0.57,CDR_AGG_PERSON_0748_PERSON_1485
PERSON_0610,PERSON,PERSON_0634,PERSON,CALLED,2025-11-05 15:20:48,0.05,0.54,CDR_AGG_PERSON_0610_PERSON_0634
PERSON_0323,PERSON,PERSON_1367,PERSON,CALLED,2025-08-17 03:59:10,0.05,0.77,CDR_AGG_PERSON_0323_PERSON_1367
PERSON_0272,PERSON,PERSON_0556,PERSON,CALLED,2025-09-06 15:22:11,0.05,0.51,CDR_AGG_PERSON_0272_PERSON_0556
PERSON_0210,PERSON,PERSON_1351,PERSON,CALLED,2025-05-07 09:25:00,0.05,0.84,CDR_AGG_PERSON_0210_PERSON_1351
PERSON_0294,PERSON,PERSON_1474,PERSON,CALLED,2025-03-02 02:12:43,0.05,0.41,CDR_AGG_PERSON_0294_PERSON_1474
PERSON_1171,PERSON,PERSON_1484,PERSON,CALLED,2024-11-06 17:59:20,0.05,0.61,CDR_AGG_PERSON_1171_PERSON_1484
PERSON_0809,PERSON,PERSON_1464,PERSON,CALLED,2025-10-26 17:55:49,0.05,0.68,CDR_AGG_PERSON_0809_PERSON_1464
PERSON_0222,PERSON,PERSON_1499,PERSON,CALLED,2025-01-15 07:34:30,0.05,0.57,CDR_AGG_PERSON_0222_PERSON_1499
PERSON_0601,PERSON,PERSON_1477,PERSON,CALLED,2025-05-30 03:55:12,0.05,0.53,CDR_AGG_PERSON_0601_PERSON_1477
PERSON_0076,PERSON,PERSON_1088,PERSON,CALLED,2026-01-19 04:16:22,0.05,0.8,CDR_AGG_PERSON_0076_PERSON_1088
PERSON_0054,PERSON,PERSON_1234,PERSON,CALLED,2025-09-01 10:58:43,0.05,0.82,CDR_AGG_PERSON_0054_PERSON_1234
PERSON_0193,PERSON,PERSON_1186,PERSON,CALLED,2025-10-28 02:40:53,0.05,0.52,CDR_AGG_PERSON_0193_PERSON_1186
PERSON_0163,PERSON,PERSON_1034,PERSON,CALLED,2024-11-17 10:24:59,0.05,0.72,CDR_AGG_PERSON_0163_PERSON_1034
PERSON_0052,PERSON,PERSON_0488,PERSON,CALLED,2026-01-05 20:24:14,0.05,0.72,CDR_AGG_PERSON_0052_PERSON_0488
PERSON_0461,PERSON,PERSON_1318,PERSON,CALLED,2026-03-15 09:59:30,0.1,0.57,CDR_AGG_PERSON_0461_PERSON_1318
PERSON_0602,PERSON,PERSON_1112,PERSON,CALLED,2024-08-11 03:59:29,0.05,0.77,CDR_AGG_PERSON_0602_PERSON_1112
PERSON_1149,PERSON,PERSON_1441,PERSON,CALLED,2026-04-01 04:02:23,0.05,0.43,CDR_AGG_PERSON_1149_PERSON_1441
PERSON_0172,PERSON,PERSON_1136,PERSON,CALLED,2024-02-15 18:32:19,0.05,0.49,CDR_AGG_PERSON_0172_PERSON_1136
PERSON_0372,PERSON,PERSON_0437,PERSON,CALLED,2024-05-09 18:52:05,0.05,0.82,CDR_AGG_PERSON_0372_PERSON_0437
PERSON_0029,PERSON,PERSON_0601,PERSON,CALLED,2026-01-17 03:59:42,0.05,0.42,CDR_AGG_PERSON_0029_PERSON_0601
PERSON_0903,PERSON,PERSON_1025,PERSON,CALLED,2024-12-17 14:38:32,0.05,0.44,CDR_AGG_PERSON_0903_PERSON_1025
PERSON_0679,PERSON,PERSON_1004,PERSON,CALLED,2025-05-31 04:14:41,0.05,0.69,CDR_AGG_PERSON_0679_PERSON_1004
PERSON_0989,PERSON,PERSON_1065,PERSON,CALLED,2026-03-05 10:51:21,0.1,0.4,CDR_AGG_PERSON_0989_PERSON_1065
PERSON_0186,PERSON,PERSON_1328,PERSON,CALLED,2025-01-08 03:17:56,0.05,0.41,CDR_AGG_PERSON_0186_PERSON_1328
PERSON_0546,PERSON,PERSON_0905,PERSON,CALLED,2026-05-11 13:59:46,0.1,0.59,CDR_AGG_PERSON_0546_PERSON_0905
PERSON_0023,PERSON,PERSON_0604,PERSON,CALLED,2024-08-31 08:46:16,0.05,0.4,CDR_AGG_PERSON_0023_PERSON_0604
PERSON_0117,PERSON,PERSON_0673,PERSON,CALLED,2024-05-29 12:10:27,0.05,0.43,CDR_AGG_PERSON_0117_PERSON_0673
PERSON_0340,PERSON,PERSON_1390,PERSON,CALLED,2025-07-25 09:52:45,0.05,0.67,CDR_AGG_PERSON_0340_PERSON_1390
PERSON_1383,PERSON,PERSON_1438,PERSON,CALLED,2024-09-22 15:45:14,0.05,0.5,CDR_AGG_PERSON_1383_PERSON_1438
PERSON_0727,PERSON,PERSON_1017,PERSON,CALLED,2024-08-31 11:56:52,0.1,0.63,CDR_AGG_PERSON_0727_PERSON_1017
PERSON_0386,PERSON,PERSON_1438,PERSON,CALLED,2024-10-08 16:30:07,0.05,0.62,CDR_AGG_PERSON_0386_PERSON_1438
PERSON_0809,PERSON,PERSON_0958,PERSON,CALLED,2025-12-14 20:04:45,0.05,0.53,CDR_AGG_PERSON_0809_PERSON_0958
PERSON_0041,PERSON,PERSON_1210,PERSON,CALLED,2024-05-26 18:18:58,0.05,0.47,CDR_AGG_PERSON_0041_PERSON_1210
PERSON_0625,PERSON,PERSON_0902,PERSON,CALLED,2024-01-30 20:35:47,0.05,0.81,CDR_AGG_PERSON_0625_PERSON_0902
PERSON_0152,PERSON,PERSON_0538,PERSON,CALLED,2025-10-06 15:23:02,0.05,0.52,CDR_AGG_PERSON_0152_PERSON_0538
PERSON_0093,PERSON,PERSON_0839,PERSON,CALLED,2026-02-16 01:51:49,0.05,0.67,CDR_AGG_PERSON_0093_PERSON_0839
PERSON_0101,PERSON,PERSON_0372,PERSON,CALLED,2025-09-16 13:01:23,0.05,0.73,CDR_AGG_PERSON_0101_PERSON_0372
PERSON_0771,PERSON,PERSON_1255,PERSON,CALLED,2024-01-20 00:19:30,0.05,0.65,CDR_AGG_PERSON_0771_PERSON_1255
PERSON_0464,PERSON,PERSON_0688,PERSON,CALLED,2025-05-28 11:30:31,0.05,0.64,CDR_AGG_PERSON_0464_PERSON_0688
PERSON_0731,PERSON,PERSON_1074,PERSON,CALLED,2024-02-13 23:08:33,0.05,0.62,CDR_AGG_PERSON_0731_PERSON_1074
PERSON_0344,PERSON,PERSON_0449,PERSON,CALLED,2026-04-04 04:20:10,0.05,0.7,CDR_AGG_PERSON_0344_PERSON_0449
PERSON_0697,PERSON,PERSON_0994,PERSON,CALLED,2025-02-12 12:38:06,0.05,0.69,CDR_AGG_PERSON_0697_PERSON_0994
PERSON_0003,PERSON,PERSON_0962,PERSON,CALLED,2026-04-25 00:54:04,0.05,0.5,CDR_AGG_PERSON_0003_PERSON_0962
PERSON_0598,PERSON,PERSON_1140,PERSON,CALLED,2025-03-10 13:34:21,0.05,0.7,CDR_AGG_PERSON_0598_PERSON_1140
PERSON_0049,PERSON,PERSON_0512,PERSON,CALLED,2026-03-28 15:36:06,0.05,0.49,CDR_AGG_PERSON_0049_PERSON_0512
PERSON_0241,PERSON,PERSON_0846,PERSON,CALLED,2025-06-24 03:49:47,0.05,0.6,CDR_AGG_PERSON_0241_PERSON_0846
PERSON_0313,PERSON,PERSON_1355,PERSON,CALLED,2026-01-26 06:18:02,0.05,0.78,CDR_AGG_PERSON_0313_PERSON_1355
PERSON_0706,PERSON,PERSON_0727,PERSON,CALLED,2025-06-11 06:10:03,0.05,0.84,CDR_AGG_PERSON_0706_PERSON_0727
PERSON_1360,PERSON,PERSON_1407,PERSON,CALLED,2025-08-02 15:39:15,0.05,0.42,CDR_AGG_PERSON_1360_PERSON_1407
PERSON_0517,PERSON,PERSON_0938,PERSON,CALLED,2024-04-10 17:41:54,0.05,0.59,CDR_AGG_PERSON_0517_PERSON_0938
PERSON_0519,PERSON,PERSON_0920,PERSON,CALLED,2026-06-01 14:04:10,0.05,0.57,CDR_AGG_PERSON_0519_PERSON_0920
PERSON_1294,PERSON,PERSON_1482,PERSON,CALLED,2024-08-13 09:25:24,0.05,0.79,CDR_AGG_PERSON_1294_PERSON_1482
PERSON_0351,PERSON,PERSON_0365,PERSON,CALLED,2025-02-22 04:24:45,0.05,0.47,CDR_AGG_PERSON_0351_PERSON_0365
PERSON_0673,PERSON,PERSON_1026,PERSON,CALLED,2024-06-06 06:27:51,0.05,0.72,CDR_AGG_PERSON_0673_PERSON_1026
PERSON_1367,PERSON,PERSON_1413,PERSON,CALLED,2024-11-22 11:18:28,0.05,0.52,CDR_AGG_PERSON_1367_PERSON_1413
PERSON_0094,PERSON,PERSON_0538,PERSON,CALLED,2025-01-28 15:25:29,0.05,0.49,CDR_AGG_PERSON_0094_PERSON_0538
PERSON_0214,PERSON,PERSON_1221,PERSON,CALLED,2026-03-28 18:20:26,0.05,0.77,CDR_AGG_PERSON_0214_PERSON_1221
PERSON_0050,PERSON,PERSON_1336,PERSON,CALLED,2025-10-30 06:31:33,0.05,0.8,CDR_AGG_PERSON_0050_PERSON_1336
PERSON_0713,PERSON,PERSON_0812,PERSON,CALLED,2025-10-27 23:35:28,0.05,0.75,CDR_AGG_PERSON_0713_PERSON_0812
PERSON_0588,PERSON,PERSON_1445,PERSON,CALLED,2024-12-11 05:41:25,0.05,0.7,CDR_AGG_PERSON_0588_PERSON_1445
PERSON_0032,PERSON,PERSON_0595,PERSON,CALLED,2024-07-13 20:20:28,0.05,0.52,CDR_AGG_PERSON_0032_PERSON_0595
PERSON_0185,PERSON,PERSON_1390,PERSON,CALLED,2026-03-11 19:07:57,0.05,0.62,CDR_AGG_PERSON_0185_PERSON_1390
PERSON_0072,PERSON,PERSON_0437,PERSON,CALLED,2025-05-16 23:17:06,0.05,0.7,CDR_AGG_PERSON_0072_PERSON_0437
PERSON_0502,PERSON,PERSON_1166,PERSON,CALLED,2025-11-15 01:26:30,0.05,0.49,CDR_AGG_PERSON_0502_PERSON_1166
PERSON_0138,PERSON,PERSON_0445,PERSON,CALLED,2024-06-24 18:40:49,0.05,0.5,CDR_AGG_PERSON_0138_PERSON_0445
PERSON_1110,PERSON,PERSON_1122,PERSON,CALLED,2025-05-03 11:02:57,0.05,0.83,CDR_AGG_PERSON_1110_PERSON_1122
PERSON_0174,PERSON,PERSON_1266,PERSON,CALLED,2024-03-12 22:04:58,0.05,0.7,CDR_AGG_PERSON_0174_PERSON_1266
PERSON_1014,PERSON,PERSON_1386,PERSON,CALLED,2025-09-21 14:24:36,0.05,0.5,CDR_AGG_PERSON_1014_PERSON_1386
PERSON_0535,PERSON,PERSON_0630,PERSON,CALLED,2024-04-23 18:13:56,0.05,0.67,CDR_AGG_PERSON_0535_PERSON_0630
PERSON_0076,PERSON,PERSON_0759,PERSON,CALLED,2025-08-14 12:49:57,0.05,0.51,CDR_AGG_PERSON_0076_PERSON_0759
PERSON_0817,PERSON,PERSON_1216,PERSON,CALLED,2025-03-27 05:22:24,0.05,0.45,CDR_AGG_PERSON_0817_PERSON_1216
PERSON_0271,PERSON,PERSON_1432,PERSON,CALLED,2024-04-04 08:12:00,0.05,0.81,CDR_AGG_PERSON_0271_PERSON_1432
PERSON_0068,PERSON,PERSON_0185,PERSON,CALLED,2026-06-02 14:42:57,0.05,0.68,CDR_AGG_PERSON_0068_PERSON_0185
PERSON_0199,PERSON,PERSON_0889,PERSON,CALLED,2024-10-30 03:14:39,0.05,0.45,CDR_AGG_PERSON_0199_PERSON_0889
PERSON_0922,PERSON,PERSON_1085,PERSON,CALLED,2025-01-23 18:18:20,0.05,0.62,CDR_AGG_PERSON_0922_PERSON_1085
PERSON_0565,PERSON,PERSON_0827,PERSON,CALLED,2026-04-03 07:39:18,0.05,0.83,CDR_AGG_PERSON_0565_PERSON_0827
PERSON_0514,PERSON,PERSON_1403,PERSON,CALLED,2025-06-13 05:35:21,0.05,0.5,CDR_AGG_PERSON_0514_PERSON_1403
PERSON_0800,PERSON,PERSON_1140,PERSON,CALLED,2025-02-15 12:25:49,0.05,0.41,CDR_AGG_PERSON_0800_PERSON_1140
PERSON_0460,PERSON,PERSON_1068,PERSON,CALLED,2024-05-02 18:42:38,0.05,0.61,CDR_AGG_PERSON_0460_PERSON_1068
PERSON_0193,PERSON,PERSON_0582,PERSON,CALLED,2026-04-17 18:10:06,0.05,0.66,CDR_AGG_PERSON_0193_PERSON_0582
PERSON_0887,PERSON,PERSON_1315,PERSON,CALLED,2025-03-10 09:16:27,0.05,0.47,CDR_AGG_PERSON_0887_PERSON_1315
PERSON_0216,PERSON,PERSON_1047,PERSON,CALLED,2025-06-29 21:13:45,0.05,0.52,CDR_AGG_PERSON_0216_PERSON_1047
PERSON_0127,PERSON,PERSON_1179,PERSON,CALLED,2025-06-09 11:13:55,0.05,0.79,CDR_AGG_PERSON_0127_PERSON_1179
PERSON_0049,PERSON,PERSON_0198,PERSON,CALLED,2026-06-03 02:29:21,0.05,0.62,CDR_AGG_PERSON_0049_PERSON_0198
PERSON_0415,PERSON,PERSON_0593,PERSON,CALLED,2025-08-14 04:27:54,0.05,0.41,CDR_AGG_PERSON_0415_PERSON_0593
PERSON_0520,PERSON,PERSON_1369,PERSON,CALLED,2024-09-24 01:43:32,0.05,0.42,CDR_AGG_PERSON_0520_PERSON_1369
PERSON_0790,PERSON,PERSON_0839,PERSON,CALLED,2025-05-07 22:58:52,0.05,0.84,CDR_AGG_PERSON_0790_PERSON_0839
PERSON_0076,PERSON,PERSON_0706,PERSON,CALLED,2026-05-23 19:32:50,0.05,0.48,CDR_AGG_PERSON_0076_PERSON_0706
PERSON_0343,PERSON,PERSON_0731,PERSON,CALLED,2025-12-23 03:50:19,0.05,0.62,CDR_AGG_PERSON_0343_PERSON_0731
PERSON_0475,PERSON,PERSON_0839,PERSON,CALLED,2025-02-26 15:23:36,0.05,0.68,CDR_AGG_PERSON_0475_PERSON_0839
PERSON_0831,PERSON,PERSON_1101,PERSON,CALLED,2024-12-12 12:59:54,0.05,0.45,CDR_AGG_PERSON_0831_PERSON_1101
PERSON_0099,PERSON,PERSON_0246,PERSON,CALLED,2026-06-19 21:05:27,0.05,0.5,CDR_AGG_PERSON_0099_PERSON_0246
PERSON_0118,PERSON,PERSON_1090,PERSON,CALLED,2026-01-27 01:51:22,0.05,0.82,CDR_AGG_PERSON_0118_PERSON_1090
PERSON_0611,PERSON,PERSON_1425,PERSON,CALLED,2025-06-24 06:45:56,0.05,0.8,CDR_AGG_PERSON_0611_PERSON_1425
PERSON_0456,PERSON,PERSON_1166,PERSON,CALLED,2025-04-23 16:45:28,0.05,0.48,CDR_AGG_PERSON_0456_PERSON_1166
PERSON_0280,PERSON,PERSON_1323,PERSON,CALLED,2025-06-28 03:50:54,0.05,0.8,CDR_AGG_PERSON_0280_PERSON_1323
PERSON_1029,PERSON,PERSON_1243,PERSON,CALLED,2024-09-25 00:11:01,0.05,0.75,CDR_AGG_PERSON_1029_PERSON_1243
PERSON_1126,PERSON,PERSON_1335,PERSON,CALLED,2024-11-28 13:28:50,0.05,0.74,CDR_AGG_PERSON_1126_PERSON_1335
PERSON_0898,PERSON,PERSON_1095,PERSON,CALLED,2025-07-20 13:53:33,0.05,0.7,CDR_AGG_PERSON_0898_PERSON_1095
PERSON_0741,PERSON,PERSON_0817,PERSON,CALLED,2024-02-26 09:19:38,0.05,0.41,CDR_AGG_PERSON_0741_PERSON_0817
PERSON_0385,PERSON,PERSON_1005,PERSON,CALLED,2024-08-09 09:10:19,0.05,0.73,CDR_AGG_PERSON_0385_PERSON_1005
PERSON_0954,PERSON,PERSON_1316,PERSON,CALLED,2026-06-17 09:48:16,0.05,0.41,CDR_AGG_PERSON_0954_PERSON_1316
PERSON_0339,PERSON,PERSON_0538,PERSON,CALLED,2025-05-02 00:20:39,0.05,0.54,CDR_AGG_PERSON_0339_PERSON_0538
PERSON_0173,PERSON,PERSON_0767,PERSON,CALLED,2025-12-29 04:48:55,0.05,0.7,CDR_AGG_PERSON_0173_PERSON_0767
PERSON_0410,PERSON,PERSON_0759,PERSON,CALLED,2025-07-14 00:34:42,0.05,0.74,CDR_AGG_PERSON_0410_PERSON_0759
PERSON_1171,PERSON,PERSON_1291,PERSON,CALLED,2026-04-14 15:36:07,0.05,0.59,CDR_AGG_PERSON_1171_PERSON_1291
PERSON_0438,PERSON,PERSON_1256,PERSON,CALLED,2024-11-09 03:27:40,0.05,0.76,CDR_AGG_PERSON_0438_PERSON_1256
PERSON_0443,PERSON,PERSON_1097,PERSON,CALLED,2024-04-13 13:50:42,0.05,0.53,CDR_AGG_PERSON_0443_PERSON_1097
PERSON_1127,PERSON,PERSON_1474,PERSON,CALLED,2025-02-28 19:05:48,0.05,0.8,CDR_AGG_PERSON_1127_PERSON_1474
PERSON_1097,PERSON,PERSON_1476,PERSON,CALLED,2025-01-12 06:08:30,0.05,0.83,CDR_AGG_PERSON_1097_PERSON_1476
PERSON_0490,PERSON,PERSON_1284,PERSON,CALLED,2025-09-17 08:56:14,0.05,0.73,CDR_AGG_PERSON_0490_PERSON_1284
PERSON_0060,PERSON,PERSON_0173,PERSON,CALLED,2026-03-20 06:11:53,0.05,0.44,CDR_AGG_PERSON_0060_PERSON_0173
PERSON_0764,PERSON,PERSON_0821,PERSON,CALLED,2026-06-15 01:17:55,0.05,0.7,CDR_AGG_PERSON_0764_PERSON_0821
PERSON_0311,PERSON,PERSON_1388,PERSON,CALLED,2025-09-02 19:00:36,0.05,0.45,CDR_AGG_PERSON_0311_PERSON_1388
PERSON_0267,PERSON,PERSON_0742,PERSON,CALLED,2024-02-03 23:30:23,0.05,0.67,CDR_AGG_PERSON_0267_PERSON_0742
PERSON_0938,PERSON,PERSON_1274,PERSON,CALLED,2025-04-24 16:02:25,0.05,0.53,CDR_AGG_PERSON_0938_PERSON_1274
PERSON_0453,PERSON,PERSON_1051,PERSON,CALLED,2026-01-11 10:10:22,0.05,0.78,CDR_AGG_PERSON_0453_PERSON_1051
PERSON_0103,PERSON,PERSON_0724,PERSON,CALLED,2025-08-23 20:49:16,0.05,0.76,CDR_AGG_PERSON_0103_PERSON_0724
PERSON_0561,PERSON,PERSON_1031,PERSON,CALLED,2025-05-15 23:56:29,0.05,0.46,CDR_AGG_PERSON_0561_PERSON_1031
PERSON_0279,PERSON,PERSON_0753,PERSON,CALLED,2025-05-24 12:16:02,0.05,0.57,CDR_AGG_PERSON_0279_PERSON_0753
PERSON_0878,PERSON,PERSON_1236,PERSON,CALLED,2024-09-26 05:51:38,0.05,0.64,CDR_AGG_PERSON_0878_PERSON_1236
PERSON_0235,PERSON,PERSON_0357,PERSON,CALLED,2025-07-28 06:25:06,0.05,0.64,CDR_AGG_PERSON_0235_PERSON_0357
PERSON_0709,PERSON,PERSON_0931,PERSON,CALLED,2026-06-05 20:59:11,0.05,0.83,CDR_AGG_PERSON_0709_PERSON_0931
PERSON_0206,PERSON,PERSON_0455,PERSON,CALLED,2025-12-23 03:27:47,0.05,0.41,CDR_AGG_PERSON_0206_PERSON_0455
PERSON_0199,PERSON,PERSON_0305,PERSON,CALLED,2025-07-25 10:24:40,0.05,0.51,CDR_AGG_PERSON_0199_PERSON_0305
PERSON_0203,PERSON,PERSON_0257,PERSON,CALLED,2025-08-10 13:33:35,0.05,0.69,CDR_AGG_PERSON_0203_PERSON_0257
PERSON_0528,PERSON,PERSON_1340,PERSON,CALLED,2026-06-28 07:29:35,0.05,0.78,CDR_AGG_PERSON_0528_PERSON_1340
PERSON_1068,PERSON,PERSON_1396,PERSON,CALLED,2024-01-11 07:33:19,0.05,0.82,CDR_AGG_PERSON_1068_PERSON_1396
PERSON_0314,PERSON,PERSON_1202,PERSON,CALLED,2025-07-11 11:43:42,0.05,0.42,CDR_AGG_PERSON_0314_PERSON_1202
PERSON_0184,PERSON,PERSON_1495,PERSON,CALLED,2024-10-17 20:36:13,0.05,0.4,CDR_AGG_PERSON_0184_PERSON_1495
PERSON_0797,PERSON,PERSON_1359,PERSON,CALLED,2025-10-23 14:55:55,0.05,0.82,CDR_AGG_PERSON_0797_PERSON_1359
PERSON_0155,PERSON,PERSON_0951,PERSON,CALLED,2024-03-12 06:16:43,0.05,0.5,CDR_AGG_PERSON_0155_PERSON_0951
PERSON_1349,PERSON,PERSON_1467,PERSON,CALLED,2025-04-06 17:20:42,0.05,0.82,CDR_AGG_PERSON_1349_PERSON_1467
PERSON_0588,PERSON,PERSON_0678,PERSON,CALLED,2024-05-21 07:15:31,0.05,0.77,CDR_AGG_PERSON_0588_PERSON_0678
PERSON_1105,PERSON,PERSON_1358,PERSON,CALLED,2026-05-25 01:37:23,0.05,0.51,CDR_AGG_PERSON_1105_PERSON_1358
PERSON_0164,PERSON,PERSON_0596,PERSON,CALLED,2025-02-18 18:38:18,0.05,0.64,CDR_AGG_PERSON_0164_PERSON_0596
PERSON_0353,PERSON,PERSON_1149,PERSON,CALLED,2024-11-01 20:18:22,0.1,0.53,CDR_AGG_PERSON_0353_PERSON_1149
PERSON_0740,PERSON,PERSON_1206,PERSON,CALLED,2024-02-09 20:01:27,0.05,0.57,CDR_AGG_PERSON_0740_PERSON_1206
PERSON_0147,PERSON,PERSON_0820,PERSON,CALLED,2025-11-08 23:42:13,0.05,0.63,CDR_AGG_PERSON_0147_PERSON_0820
PERSON_0046,PERSON,PERSON_0103,PERSON,CALLED,2025-02-26 00:35:40,0.05,0.66,CDR_AGG_PERSON_0046_PERSON_0103
PERSON_0565,PERSON,PERSON_1364,PERSON,CALLED,2024-08-27 16:42:55,0.05,0.75,CDR_AGG_PERSON_0565_PERSON_1364
PERSON_0297,PERSON,PERSON_0641,PERSON,CALLED,2025-10-06 10:33:46,0.05,0.59,CDR_AGG_PERSON_0297_PERSON_0641
PERSON_1153,PERSON,PERSON_1323,PERSON,CALLED,2026-05-05 07:57:05,0.05,0.7,CDR_AGG_PERSON_1153_PERSON_1323
PERSON_0646,PERSON,PERSON_1234,PERSON,CALLED,2024-06-09 04:37:30,0.05,0.46,CDR_AGG_PERSON_0646_PERSON_1234
PERSON_0265,PERSON,PERSON_0408,PERSON,CALLED,2026-02-26 21:47:42,0.05,0.49,CDR_AGG_PERSON_0265_PERSON_0408
PERSON_0007,PERSON,PERSON_1433,PERSON,CALLED,2025-12-13 10:11:32,0.05,0.78,CDR_AGG_PERSON_0007_PERSON_1433
PERSON_0481,PERSON,PERSON_1269,PERSON,CALLED,2025-01-14 07:09:36,0.05,0.58,CDR_AGG_PERSON_0481_PERSON_1269
PERSON_0034,PERSON,PERSON_0151,PERSON,CALLED,2025-04-25 06:27:04,0.05,0.76,CDR_AGG_PERSON_0034_PERSON_0151
PERSON_1037,PERSON,PERSON_1042,PERSON,CALLED,2025-10-14 04:36:42,0.05,0.43,CDR_AGG_PERSON_1037_PERSON_1042
PERSON_0512,PERSON,PERSON_1241,PERSON,CALLED,2025-02-16 19:16:35,0.05,0.75,CDR_AGG_PERSON_0512_PERSON_1241
PERSON_0559,PERSON,PERSON_0641,PERSON,CALLED,2025-11-10 06:20:03,0.05,0.66,CDR_AGG_PERSON_0559_PERSON_0641
PERSON_0707,PERSON,PERSON_0827,PERSON,CALLED,2025-10-19 00:41:48,0.05,0.5,CDR_AGG_PERSON_0707_PERSON_0827
PERSON_0530,PERSON,PERSON_0847,PERSON,CALLED,2024-07-29 18:10:14,0.05,0.82,CDR_AGG_PERSON_0530_PERSON_0847
PERSON_0307,PERSON,PERSON_0912,PERSON,CALLED,2025-12-16 17:40:51,0.05,0.68,CDR_AGG_PERSON_0307_PERSON_0912
PERSON_0857,PERSON,PERSON_1399,PERSON,CALLED,2024-05-01 02:11:53,0.05,0.56,CDR_AGG_PERSON_0857_PERSON_1399
PERSON_0323,PERSON,PERSON_1445,PERSON,CALLED,2024-03-31 21:25:01,0.05,0.5,CDR_AGG_PERSON_0323_PERSON_1445
PERSON_0411,PERSON,PERSON_1063,PERSON,CALLED,2025-08-26 07:59:56,0.05,0.52,CDR_AGG_PERSON_0411_PERSON_1063
PERSON_0918,PERSON,PERSON_1423,PERSON,CALLED,2024-02-10 16:41:05,0.05,0.79,CDR_AGG_PERSON_0918_PERSON_1423
PERSON_0961,PERSON,PERSON_1367,PERSON,CALLED,2026-03-20 13:09:43,0.05,0.62,CDR_AGG_PERSON_0961_PERSON_1367
PERSON_0153,PERSON,PERSON_1290,PERSON,CALLED,2025-10-25 06:41:04,0.05,0.85,CDR_AGG_PERSON_0153_PERSON_1290
PERSON_1103,PERSON,PERSON_1291,PERSON,CALLED,2024-10-02 16:12:19,0.05,0.55,CDR_AGG_PERSON_1103_PERSON_1291
PERSON_0356,PERSON,PERSON_1015,PERSON,CALLED,2024-02-23 19:28:01,0.05,0.53,CDR_AGG_PERSON_0356_PERSON_1015
PERSON_0598,PERSON,PERSON_0930,PERSON,CALLED,2024-08-26 01:33:00,0.05,0.66,CDR_AGG_PERSON_0598_PERSON_0930
PERSON_0128,PERSON,PERSON_0203,PERSON,CALLED,2025-04-26 21:26:04,0.05,0.55,CDR_AGG_PERSON_0128_PERSON_0203
PERSON_0731,PERSON,PERSON_1414,PERSON,CALLED,2025-08-20 16:05:15,0.05,0.71,CDR_AGG_PERSON_0731_PERSON_1414
PERSON_0837,PERSON,PERSON_0992,PERSON,CALLED,2026-02-01 11:00:06,0.05,0.67,CDR_AGG_PERSON_0837_PERSON_0992
PERSON_0217,PERSON,PERSON_0911,PERSON,CALLED,2025-03-16 04:28:13,0.05,0.8,CDR_AGG_PERSON_0217_PERSON_0911
PERSON_0984,PERSON,PERSON_1375,PERSON,CALLED,2024-05-05 22:44:38,0.05,0.76,CDR_AGG_PERSON_0984_PERSON_1375
PERSON_0437,PERSON,PERSON_1110,PERSON,CALLED,2024-04-07 22:51:38,0.05,0.63,CDR_AGG_PERSON_0437_PERSON_1110
PERSON_0074,PERSON,PERSON_0474,PERSON,CALLED,2026-02-11 00:03:06,0.05,0.72,CDR_AGG_PERSON_0074_PERSON_0474
PERSON_0122,PERSON,PERSON_0148,PERSON,CALLED,2024-03-25 00:00:57,0.05,0.59,CDR_AGG_PERSON_0122_PERSON_0148
PERSON_0086,PERSON,PERSON_1379,PERSON,CALLED,2026-02-19 04:32:35,0.05,0.43,CDR_AGG_PERSON_0086_PERSON_1379
PERSON_0773,PERSON,PERSON_1155,PERSON,CALLED,2025-05-27 13:02:50,0.05,0.47,CDR_AGG_PERSON_0773_PERSON_1155
PERSON_0550,PERSON,PERSON_0900,PERSON,CALLED,2024-11-29 00:43:51,0.05,0.4,CDR_AGG_PERSON_0550_PERSON_0900
PERSON_0177,PERSON,PERSON_1040,PERSON,CALLED,2024-12-22 14:25:32,0.05,0.8,CDR_AGG_PERSON_0177_PERSON_1040
PERSON_0019,PERSON,PERSON_0053,PERSON,CALLED,2024-04-18 22:04:22,0.05,0.51,CDR_AGG_PERSON_0019_PERSON_0053
PERSON_0528,PERSON,PERSON_0962,PERSON,CALLED,2025-12-01 14:52:51,0.05,0.69,CDR_AGG_PERSON_0528_PERSON_0962
PERSON_0352,PERSON,PERSON_1409,PERSON,CALLED,2026-02-12 13:40:27,0.05,0.56,CDR_AGG_PERSON_0352_PERSON_1409
PERSON_0912,PERSON,PERSON_1337,PERSON,CALLED,2024-11-02 14:52:40,0.05,0.54,CDR_AGG_PERSON_0912_PERSON_1337
PERSON_0593,PERSON,PERSON_1319,PERSON,CALLED,2024-05-18 01:09:59,0.05,0.44,CDR_AGG_PERSON_0593_PERSON_1319
PERSON_0413,PERSON,PERSON_0935,PERSON,CALLED,2024-12-28 19:09:14,0.05,0.51,CDR_AGG_PERSON_0413_PERSON_0935
PERSON_0049,PERSON,PERSON_1495,PERSON,CALLED,2026-04-07 01:02:22,0.05,0.72,CDR_AGG_PERSON_0049_PERSON_1495
PERSON_0341,PERSON,PERSON_0622,PERSON,CALLED,2024-04-20 23:38:48,0.05,0.67,CDR_AGG_PERSON_0341_PERSON_0622
PERSON_0300,PERSON,PERSON_1231,PERSON,CALLED,2026-01-09 01:27:14,0.05,0.72,CDR_AGG_PERSON_0300_PERSON_1231
PERSON_1134,PERSON,PERSON_1193,PERSON,CALLED,2025-01-26 18:32:54,0.05,0.46,CDR_AGG_PERSON_1134_PERSON_1193
PERSON_0066,PERSON,PERSON_0958,PERSON,CALLED,2025-12-09 16:57:36,0.05,0.64,CDR_AGG_PERSON_0066_PERSON_0958
PERSON_1053,PERSON,PERSON_1175,PERSON,CALLED,2026-04-20 16:05:43,0.05,0.82,CDR_AGG_PERSON_1053_PERSON_1175
PERSON_0662,PERSON,PERSON_1037,PERSON,CALLED,2024-02-06 15:17:37,0.05,0.41,CDR_AGG_PERSON_0662_PERSON_1037
PERSON_0039,PERSON,PERSON_0394,PERSON,CALLED,2025-05-31 22:25:32,0.05,0.81,CDR_AGG_PERSON_0039_PERSON_0394
PERSON_0936,PERSON,PERSON_0998,PERSON,CALLED,2026-06-05 15:38:03,0.05,0.82,CDR_AGG_PERSON_0936_PERSON_0998
PERSON_0188,PERSON,PERSON_1223,PERSON,CALLED,2025-05-12 04:54:03,0.05,0.57,CDR_AGG_PERSON_0188_PERSON_1223
PERSON_0139,PERSON,PERSON_1227,PERSON,CALLED,2024-04-10 12:15:31,0.05,0.59,CDR_AGG_PERSON_0139_PERSON_1227
PERSON_1129,PERSON,PERSON_1271,PERSON,CALLED,2025-05-19 12:01:57,0.05,0.73,CDR_AGG_PERSON_1129_PERSON_1271
PERSON_1153,PERSON,PERSON_1269,PERSON,CALLED,2025-01-08 23:52:10,0.05,0.69,CDR_AGG_PERSON_1153_PERSON_1269
PERSON_0205,PERSON,PERSON_0532,PERSON,CALLED,2025-09-20 14:18:54,0.05,0.61,CDR_AGG_PERSON_0205_PERSON_0532
PERSON_0702,PERSON,PERSON_1160,PERSON,CALLED,2024-08-18 06:53:03,0.05,0.66,CDR_AGG_PERSON_0702_PERSON_1160
PERSON_0402,PERSON,PERSON_1250,PERSON,CALLED,2024-10-15 14:06:41,0.05,0.67,CDR_AGG_PERSON_0402_PERSON_1250
PERSON_0207,PERSON,PERSON_1038,PERSON,CALLED,2024-10-28 22:07:06,0.05,0.49,CDR_AGG_PERSON_0207_PERSON_1038
PERSON_0686,PERSON,PERSON_1327,PERSON,CALLED,2025-10-07 21:15:13,0.05,0.44,CDR_AGG_PERSON_0686_PERSON_1327
PERSON_0603,PERSON,PERSON_0920,PERSON,CALLED,2024-05-09 05:33:14,0.05,0.5,CDR_AGG_PERSON_0603_PERSON_0920
PERSON_0148,PERSON,PERSON_0204,PERSON,CALLED,2026-04-28 02:29:12,0.05,0.66,CDR_AGG_PERSON_0148_PERSON_0204
PERSON_0305,PERSON,PERSON_0607,PERSON,CALLED,2026-02-07 05:52:00,0.05,0.52,CDR_AGG_PERSON_0305_PERSON_0607
PERSON_0480,PERSON,PERSON_0876,PERSON,CALLED,2026-03-07 16:51:22,0.05,0.64,CDR_AGG_PERSON_0480_PERSON_0876
PERSON_0199,PERSON,PERSON_0954,PERSON,CALLED,2024-07-25 20:15:28,0.05,0.47,CDR_AGG_PERSON_0199_PERSON_0954
PERSON_0908,PERSON,PERSON_0963,PERSON,CALLED,2024-03-24 10:53:14,0.05,0.68,CDR_AGG_PERSON_0908_PERSON_0963
PERSON_0893,PERSON,PERSON_1177,PERSON,CALLED,2025-01-03 02:57:04,0.05,0.48,CDR_AGG_PERSON_0893_PERSON_1177
PERSON_0876,PERSON,PERSON_1272,PERSON,CALLED,2026-06-10 20:41:49,0.05,0.53,CDR_AGG_PERSON_0876_PERSON_1272
PERSON_0303,PERSON,PERSON_1293,PERSON,CALLED,2024-05-20 07:51:31,0.05,0.81,CDR_AGG_PERSON_0303_PERSON_1293
PERSON_0275,PERSON,PERSON_1248,PERSON,CALLED,2024-12-17 16:29:31,0.05,0.77,CDR_AGG_PERSON_0275_PERSON_1248
PERSON_0424,PERSON,PERSON_0596,PERSON,CALLED,2025-03-06 16:32:50,0.05,0.46,CDR_AGG_PERSON_0424_PERSON_0596
PERSON_0127,PERSON,PERSON_1404,PERSON,CALLED,2024-09-03 11:16:20,0.05,0.53,CDR_AGG_PERSON_0127_PERSON_1404
PERSON_0388,PERSON,PERSON_0512,PERSON,CALLED,2024-07-18 00:38:45,0.05,0.41,CDR_AGG_PERSON_0388_PERSON_0512
PERSON_0244,PERSON,PERSON_0929,PERSON,CALLED,2026-05-19 23:11:25,0.05,0.84,CDR_AGG_PERSON_0244_PERSON_0929
PERSON_0891,PERSON,PERSON_1163,PERSON,CALLED,2025-05-04 16:19:06,0.05,0.52,CDR_AGG_PERSON_0891_PERSON_1163
PERSON_0024,PERSON,PERSON_0483,PERSON,CALLED,2024-07-03 23:09:54,0.05,0.7,CDR_AGG_PERSON_0024_PERSON_0483
PERSON_0243,PERSON,PERSON_0923,PERSON,CALLED,2025-01-15 13:23:26,0.05,0.5,CDR_AGG_PERSON_0243_PERSON_0923
PERSON_0060,PERSON,PERSON_0907,PERSON,CALLED,2024-02-09 10:32:56,0.05,0.49,CDR_AGG_PERSON_0060_PERSON_0907
PERSON_0121,PERSON,PERSON_0841,PERSON,CALLED,2024-10-23 19:35:36,0.05,0.56,CDR_AGG_PERSON_0121_PERSON_0841
PERSON_1439,PERSON,PERSON_1443,PERSON,CALLED,2026-02-06 18:23:07,0.05,0.73,CDR_AGG_PERSON_1439_PERSON_1443
PERSON_0721,PERSON,PERSON_0811,PERSON,CALLED,2024-09-09 02:46:18,0.05,0.59,CDR_AGG_PERSON_0721_PERSON_0811
PERSON_0384,PERSON,PERSON_0729,PERSON,CALLED,2024-03-14 04:24:07,0.05,0.83,CDR_AGG_PERSON_0384_PERSON_0729
PERSON_0844,PERSON,PERSON_1100,PERSON,CALLED,2025-07-21 00:48:10,0.05,0.79,CDR_AGG_PERSON_0844_PERSON_1100
PERSON_0387,PERSON,PERSON_1396,PERSON,CALLED,2025-01-07 12:46:46,0.05,0.63,CDR_AGG_PERSON_0387_PERSON_1396
PERSON_0875,PERSON,PERSON_1340,PERSON,CALLED,2026-02-13 18:59:08,0.05,0.7,CDR_AGG_PERSON_0875_PERSON_1340
PERSON_0471,PERSON,PERSON_0549,PERSON,CALLED,2025-02-04 13:51:32,0.05,0.82,CDR_AGG_PERSON_0471_PERSON_0549
PERSON_0162,PERSON,PERSON_0194,PERSON,CALLED,2026-04-29 18:56:58,0.05,0.57,CDR_AGG_PERSON_0162_PERSON_0194
PERSON_0707,PERSON,PERSON_0796,PERSON,CALLED,2025-09-23 23:39:21,0.05,0.81,CDR_AGG_PERSON_0707_PERSON_0796
PERSON_0603,PERSON,PERSON_0945,PERSON,CALLED,2026-04-03 10:33:50,0.05,0.65,CDR_AGG_PERSON_0603_PERSON_0945
PERSON_0670,PERSON,PERSON_1307,PERSON,CALLED,2025-04-11 19:41:02,0.05,0.85,CDR_AGG_PERSON_0670_PERSON_1307
PERSON_0036,PERSON,PERSON_1253,PERSON,CALLED,2025-01-11 23:57:21,0.05,0.74,CDR_AGG_PERSON_0036_PERSON_1253
PERSON_0340,PERSON,PERSON_0370,PERSON,CALLED,2024-03-29 07:45:00,0.05,0.74,CDR_AGG_PERSON_0340_PERSON_0370
PERSON_0426,PERSON,PERSON_0640,PERSON,CALLED,2025-05-20 08:06:15,0.05,0.74,CDR_AGG_PERSON_0426_PERSON_0640
PERSON_1363,PERSON,PERSON_1490,PERSON,CALLED,2025-02-13 10:05:58,0.05,0.69,CDR_AGG_PERSON_1363_PERSON_1490
PERSON_0185,PERSON,PERSON_0625,PERSON,CALLED,2025-08-13 19:57:40,0.05,0.64,CDR_AGG_PERSON_0185_PERSON_0625
PERSON_0408,PERSON,PERSON_0883,PERSON,CALLED,2025-07-02 09:12:13,0.05,0.76,CDR_AGG_PERSON_0408_PERSON_0883
PERSON_0044,PERSON,PERSON_0678,PERSON,CALLED,2024-12-14 16:49:36,0.05,0.57,CDR_AGG_PERSON_0044_PERSON_0678
PERSON_0092,PERSON,PERSON_0220,PERSON,CALLED,2024-07-14 11:45:48,0.05,0.71,CDR_AGG_PERSON_0092_PERSON_0220
PERSON_0788,PERSON,PERSON_1373,PERSON,CALLED,2026-03-18 05:49:36,0.05,0.51,CDR_AGG_PERSON_0788_PERSON_1373
PERSON_1325,PERSON,PERSON_1407,PERSON,CALLED,2025-07-28 22:54:10,0.05,0.44,CDR_AGG_PERSON_1325_PERSON_1407
PERSON_0615,PERSON,PERSON_1139,PERSON,CALLED,2026-03-06 06:15:49,0.05,0.71,CDR_AGG_PERSON_0615_PERSON_1139
PERSON_0861,PERSON,PERSON_1155,PERSON,CALLED,2024-10-05 23:14:28,0.05,0.43,CDR_AGG_PERSON_0861_PERSON_1155
PERSON_0206,PERSON,PERSON_0543,PERSON,CALLED,2025-05-27 00:50:06,0.05,0.58,CDR_AGG_PERSON_0206_PERSON_0543
PERSON_1049,PERSON,PERSON_1164,PERSON,CALLED,2024-07-31 12:08:28,0.05,0.62,CDR_AGG_PERSON_1049_PERSON_1164
PERSON_1161,PERSON,PERSON_1249,PERSON,CALLED,2025-07-23 04:21:20,0.05,0.67,CDR_AGG_PERSON_1161_PERSON_1249
PERSON_0293,PERSON,PERSON_0913,PERSON,CALLED,2024-11-27 11:37:52,0.05,0.6,CDR_AGG_PERSON_0293_PERSON_0913
PERSON_0726,PERSON,PERSON_1081,PERSON,CALLED,2026-01-07 11:39:57,0.05,0.76,CDR_AGG_PERSON_0726_PERSON_1081
PERSON_0175,PERSON,PERSON_0878,PERSON,CALLED,2026-04-01 05:17:50,0.05,0.57,CDR_AGG_PERSON_0175_PERSON_0878
PERSON_0196,PERSON,PERSON_1113,PERSON,CALLED,2026-02-19 12:51:07,0.05,0.56,CDR_AGG_PERSON_0196_PERSON_1113
PERSON_0707,PERSON,PERSON_1009,PERSON,CALLED,2025-10-29 21:42:16,0.1,0.57,CDR_AGG_PERSON_0707_PERSON_1009
PERSON_1160,PERSON,PERSON_1320,PERSON,CALLED,2025-07-01 09:23:45,0.05,0.65,CDR_AGG_PERSON_1160_PERSON_1320
PERSON_0741,PERSON,PERSON_1377,PERSON,CALLED,2024-07-28 07:43:30,0.05,0.73,CDR_AGG_PERSON_0741_PERSON_1377
PERSON_0443,PERSON,PERSON_1211,PERSON,CALLED,2026-03-06 13:16:32,0.05,0.52,CDR_AGG_PERSON_0443_PERSON_1211
PERSON_0358,PERSON,PERSON_1051,PERSON,CALLED,2025-10-10 10:25:56,0.05,0.52,CDR_AGG_PERSON_0358_PERSON_1051
PERSON_0679,PERSON,PERSON_0789,PERSON,CALLED,2026-05-02 01:53:09,0.05,0.72,CDR_AGG_PERSON_0679_PERSON_0789
PERSON_0910,PERSON,PERSON_1097,PERSON,CALLED,2024-04-02 00:37:49,0.05,0.51,CDR_AGG_PERSON_0910_PERSON_1097
PERSON_0709,PERSON,PERSON_1149,PERSON,CALLED,2024-06-03 08:15:20,0.05,0.84,CDR_AGG_PERSON_0709_PERSON_1149
PERSON_0706,PERSON,PERSON_1082,PERSON,CALLED,2025-11-14 09:52:10,0.05,0.73,CDR_AGG_PERSON_0706_PERSON_1082
PERSON_0233,PERSON,PERSON_0526,PERSON,CALLED,2024-01-21 15:37:25,0.05,0.59,CDR_AGG_PERSON_0233_PERSON_0526
PERSON_0224,PERSON,PERSON_0234,PERSON,CALLED,2025-01-14 03:28:01,0.05,0.74,CDR_AGG_PERSON_0224_PERSON_0234
PERSON_0309,PERSON,PERSON_1359,PERSON,CALLED,2025-02-08 02:49:06,0.05,0.73,CDR_AGG_PERSON_0309_PERSON_1359
PERSON_0414,PERSON,PERSON_1459,PERSON,CALLED,2024-10-06 14:36:04,0.05,0.79,CDR_AGG_PERSON_0414_PERSON_1459
PERSON_0669,PERSON,PERSON_1202,PERSON,CALLED,2026-06-19 16:22:44,0.05,0.7,CDR_AGG_PERSON_0669_PERSON_1202
PERSON_0550,PERSON,PERSON_0625,PERSON,CALLED,2025-09-17 20:31:10,0.05,0.63,CDR_AGG_PERSON_0550_PERSON_0625
PERSON_0220,PERSON,PERSON_1088,PERSON,CALLED,2026-02-11 01:51:47,0.05,0.73,CDR_AGG_PERSON_0220_PERSON_1088
PERSON_0583,PERSON,PERSON_1379,PERSON,CALLED,2024-04-29 21:21:30,0.05,0.62,CDR_AGG_PERSON_0583_PERSON_1379
PERSON_0340,PERSON,PERSON_0870,PERSON,CALLED,2024-05-25 03:10:41,0.05,0.55,CDR_AGG_PERSON_0340_PERSON_0870
PERSON_0641,PERSON,PERSON_1231,PERSON,CALLED,2024-12-26 16:28:35,0.05,0.5,CDR_AGG_PERSON_0641_PERSON_1231
PERSON_0469,PERSON,PERSON_0631,PERSON,CALLED,2024-07-26 15:55:59,0.05,0.53,CDR_AGG_PERSON_0469_PERSON_0631
PERSON_0175,PERSON,PERSON_1161,PERSON,CALLED,2025-08-11 19:05:48,0.05,0.4,CDR_AGG_PERSON_0175_PERSON_1161
PERSON_0027,PERSON,PERSON_0840,PERSON,CALLED,2025-06-13 12:39:52,0.05,0.75,CDR_AGG_PERSON_0027_PERSON_0840
PERSON_0004,PERSON,PERSON_0474,PERSON,CALLED,2024-03-23 15:22:04,0.05,0.69,CDR_AGG_PERSON_0004_PERSON_0474
PERSON_0048,PERSON,PERSON_0145,PERSON,CALLED,2024-05-26 07:21:00,0.05,0.69,CDR_AGG_PERSON_0048_PERSON_0145
PERSON_0325,PERSON,PERSON_1334,PERSON,CALLED,2025-02-12 15:03:08,0.05,0.6,CDR_AGG_PERSON_0325_PERSON_1334
PERSON_0216,PERSON,PERSON_0561,PERSON,CALLED,2024-07-29 05:04:57,0.05,0.73,CDR_AGG_PERSON_0216_PERSON_0561
PERSON_0841,PERSON,PERSON_1219,PERSON,CALLED,2025-03-07 16:58:48,0.05,0.45,CDR_AGG_PERSON_0841_PERSON_1219
PERSON_0477,PERSON,PERSON_1491,PERSON,CALLED,2026-04-30 15:26:17,0.05,0.85,CDR_AGG_PERSON_0477_PERSON_1491
PERSON_0335,PERSON,PERSON_0731,PERSON,CALLED,2024-04-18 04:47:06,0.05,0.64,CDR_AGG_PERSON_0335_PERSON_0731
PERSON_0038,PERSON,PERSON_0623,PERSON,CALLED,2025-03-02 10:16:39,0.05,0.46,CDR_AGG_PERSON_0038_PERSON_0623
PERSON_0568,PERSON,PERSON_0894,PERSON,CALLED,2025-11-24 10:45:38,0.05,0.54,CDR_AGG_PERSON_0568_PERSON_0894
PERSON_0008,PERSON,PERSON_0338,PERSON,CALLED,2024-03-09 18:50:52,0.05,0.69,CDR_AGG_PERSON_0008_PERSON_0338
PERSON_0004,PERSON,PERSON_1201,PERSON,CALLED,2026-05-17 17:54:25,0.05,0.81,CDR_AGG_PERSON_0004_PERSON_1201
PERSON_0063,PERSON,PERSON_1437,PERSON,CALLED,2024-03-04 15:14:39,0.05,0.51,CDR_AGG_PERSON_0063_PERSON_1437
PERSON_0640,PERSON,PERSON_1151,PERSON,CALLED,2025-02-24 08:38:12,0.05,0.48,CDR_AGG_PERSON_0640_PERSON_1151
PERSON_0949,PERSON,PERSON_1327,PERSON,CALLED,2024-01-22 16:42:46,0.05,0.6,CDR_AGG_PERSON_0949_PERSON_1327
PERSON_0681,PERSON,PERSON_1047,PERSON,CALLED,2025-01-18 08:38:12,0.05,0.72,CDR_AGG_PERSON_0681_PERSON_1047
PERSON_0418,PERSON,PERSON_0873,PERSON,CALLED,2025-01-15 11:51:11,0.05,0.8,CDR_AGG_PERSON_0418_PERSON_0873
PERSON_0258,PERSON,PERSON_1392,PERSON,CALLED,2024-05-22 04:55:36,0.05,0.42,CDR_AGG_PERSON_0258_PERSON_1392
PERSON_1020,PERSON,PERSON_1027,PERSON,CALLED,2025-09-05 13:45:28,0.05,0.64,CDR_AGG_PERSON_1020_PERSON_1027
PERSON_1330,PERSON,PERSON_1414,PERSON,CALLED,2024-04-15 16:33:13,0.05,0.71,CDR_AGG_PERSON_1330_PERSON_1414
PERSON_0782,PERSON,PERSON_1119,PERSON,CALLED,2025-09-01 20:39:45,0.05,0.5,CDR_AGG_PERSON_0782_PERSON_1119
PERSON_0758,PERSON,PERSON_0852,PERSON,CALLED,2025-02-03 18:45:49,0.05,0.56,CDR_AGG_PERSON_0758_PERSON_0852
PERSON_0127,PERSON,PERSON_0786,PERSON,CALLED,2025-08-23 18:15:21,0.05,0.75,CDR_AGG_PERSON_0127_PERSON_0786
PERSON_0457,PERSON,PERSON_1116,PERSON,CALLED,2026-04-11 12:41:40,0.05,0.4,CDR_AGG_PERSON_0457_PERSON_1116
PERSON_0805,PERSON,PERSON_0824,PERSON,CALLED,2026-02-25 14:38:16,0.05,0.53,CDR_AGG_PERSON_0805_PERSON_0824
PERSON_1144,PERSON,PERSON_1390,PERSON,CALLED,2026-01-16 06:06:15,0.05,0.69,CDR_AGG_PERSON_1144_PERSON_1390
PERSON_0599,PERSON,PERSON_1221,PERSON,CALLED,2026-01-06 05:25:20,0.05,0.8,CDR_AGG_PERSON_0599_PERSON_1221
PERSON_0346,PERSON,PERSON_1363,PERSON,CALLED,2025-10-09 18:07:19,0.05,0.74,CDR_AGG_PERSON_0346_PERSON_1363
PERSON_0906,PERSON,PERSON_1242,PERSON,CALLED,2024-08-06 19:49:49,0.05,0.58,CDR_AGG_PERSON_0906_PERSON_1242
PERSON_0858,PERSON,PERSON_1377,PERSON,CALLED,2026-04-17 03:23:00,0.05,0.51,CDR_AGG_PERSON_0858_PERSON_1377
PERSON_1177,PERSON,PERSON_1398,PERSON,CALLED,2024-09-22 05:44:40,0.05,0.46,CDR_AGG_PERSON_1177_PERSON_1398
PERSON_1121,PERSON,PERSON_1194,PERSON,CALLED,2026-03-31 07:55:59,0.05,0.59,CDR_AGG_PERSON_1121_PERSON_1194
PERSON_0151,PERSON,PERSON_0270,PERSON,CALLED,2026-04-10 04:33:50,0.05,0.8,CDR_AGG_PERSON_0151_PERSON_0270
PERSON_0355,PERSON,PERSON_0643,PERSON,CALLED,2024-12-12 00:07:54,0.05,0.55,CDR_AGG_PERSON_0355_PERSON_0643
PERSON_1129,PERSON,PERSON_1203,PERSON,CALLED,2025-08-27 06:03:31,0.05,0.41,CDR_AGG_PERSON_1129_PERSON_1203
PERSON_1347,PERSON,PERSON_1368,PERSON,CALLED,2025-07-21 22:58:19,0.1,0.57,CDR_AGG_PERSON_1347_PERSON_1368
PERSON_0010,PERSON,PERSON_0720,PERSON,CALLED,2024-11-03 07:12:02,0.05,0.61,CDR_AGG_PERSON_0010_PERSON_0720
PERSON_0145,PERSON,PERSON_0597,PERSON,CALLED,2024-04-17 10:00:53,0.05,0.48,CDR_AGG_PERSON_0145_PERSON_0597
PERSON_0028,PERSON,PERSON_1141,PERSON,CALLED,2025-09-29 21:01:15,0.05,0.48,CDR_AGG_PERSON_0028_PERSON_1141
PERSON_0434,PERSON,PERSON_1395,PERSON,CALLED,2026-06-23 23:30:00,0.05,0.49,CDR_AGG_PERSON_0434_PERSON_1395
PERSON_0956,PERSON,PERSON_1376,PERSON,CALLED,2024-02-05 20:58:11,0.05,0.63,CDR_AGG_PERSON_0956_PERSON_1376
PERSON_0429,PERSON,PERSON_1475,PERSON,CALLED,2025-08-09 08:13:05,0.05,0.58,CDR_AGG_PERSON_0429_PERSON_1475
PERSON_0468,PERSON,PERSON_1014,PERSON,CALLED,2025-04-10 16:00:42,0.05,0.6,CDR_AGG_PERSON_0468_PERSON_1014
PERSON_0404,PERSON,PERSON_1274,PERSON,CALLED,2024-06-17 19:34:57,0.05,0.49,CDR_AGG_PERSON_0404_PERSON_1274
PERSON_0240,PERSON,PERSON_1325,PERSON,CALLED,2024-03-12 09:34:54,0.05,0.59,CDR_AGG_PERSON_0240_PERSON_1325
PERSON_0692,PERSON,PERSON_1241,PERSON,CALLED,2025-05-06 09:33:51,0.05,0.61,CDR_AGG_PERSON_0692_PERSON_1241
PERSON_0458,PERSON,PERSON_0558,PERSON,CALLED,2024-07-12 18:05:51,0.05,0.62,CDR_AGG_PERSON_0458_PERSON_0558
PERSON_0202,PERSON,PERSON_1415,PERSON,CALLED,2025-08-03 20:17:15,0.05,0.79,CDR_AGG_PERSON_0202_PERSON_1415
PERSON_0611,PERSON,PERSON_1344,PERSON,CALLED,2026-03-03 03:27:54,0.05,0.62,CDR_AGG_PERSON_0611_PERSON_1344
PERSON_0732,PERSON,PERSON_1107,PERSON,CALLED,2025-05-28 14:44:55,0.05,0.55,CDR_AGG_PERSON_0732_PERSON_1107
PERSON_0976,PERSON,PERSON_1445,PERSON,CALLED,2025-10-10 11:31:51,0.05,0.62,CDR_AGG_PERSON_0976_PERSON_1445
PERSON_0330,PERSON,PERSON_0996,PERSON,CALLED,2024-12-14 13:44:50,0.05,0.81,CDR_AGG_PERSON_0330_PERSON_0996
PERSON_0727,PERSON,PERSON_1193,PERSON,CALLED,2024-11-19 07:13:45,0.05,0.8,CDR_AGG_PERSON_0727_PERSON_1193
PERSON_0202,PERSON,PERSON_0599,PERSON,CALLED,2025-06-18 06:41:57,0.05,0.8,CDR_AGG_PERSON_0202_PERSON_0599
PERSON_0162,PERSON,PERSON_1209,PERSON,CALLED,2025-10-31 11:14:05,0.05,0.58,CDR_AGG_PERSON_0162_PERSON_1209
PERSON_0807,PERSON,PERSON_0970,PERSON,CALLED,2024-01-12 08:56:23,0.05,0.83,CDR_AGG_PERSON_0807_PERSON_0970
PERSON_0304,PERSON,PERSON_0512,PERSON,CALLED,2025-03-09 14:34:14,0.05,0.83,CDR_AGG_PERSON_0304_PERSON_0512
PERSON_0309,PERSON,PERSON_0617,PERSON,CALLED,2024-09-24 22:41:12,0.05,0.84,CDR_AGG_PERSON_0309_PERSON_0617
PERSON_0428,PERSON,PERSON_1378,PERSON,CALLED,2024-12-26 08:26:54,0.05,0.53,CDR_AGG_PERSON_0428_PERSON_1378
PERSON_0713,PERSON,PERSON_0714,PERSON,CALLED,2024-05-24 05:20:45,0.05,0.5,CDR_AGG_PERSON_0713_PERSON_0714
PERSON_0160,PERSON,PERSON_0311,PERSON,CALLED,2025-08-26 23:11:51,0.1,0.85,CDR_AGG_PERSON_0160_PERSON_0311
PERSON_0876,PERSON,PERSON_1124,PERSON,CALLED,2025-12-07 08:25:27,0.05,0.5,CDR_AGG_PERSON_0876_PERSON_1124
PERSON_0619,PERSON,PERSON_1335,PERSON,CALLED,2024-03-20 11:51:22,0.05,0.8,CDR_AGG_PERSON_0619_PERSON_1335
PERSON_0070,PERSON,PERSON_0768,PERSON,CALLED,2024-06-14 03:05:01,0.05,0.75,CDR_AGG_PERSON_0070_PERSON_0768
PERSON_0380,PERSON,PERSON_0893,PERSON,CALLED,2024-12-16 14:43:54,0.05,0.41,CDR_AGG_PERSON_0380_PERSON_0893
PERSON_0372,PERSON,PERSON_1141,PERSON,CALLED,2024-06-09 20:51:40,0.05,0.67,CDR_AGG_PERSON_0372_PERSON_1141
PERSON_0199,PERSON,PERSON_0743,PERSON,CALLED,2024-05-25 20:51:26,0.05,0.81,CDR_AGG_PERSON_0199_PERSON_0743
PERSON_0651,PERSON,PERSON_1404,PERSON,CALLED,2024-11-14 16:51:41,0.05,0.47,CDR_AGG_PERSON_0651_PERSON_1404
PERSON_0297,PERSON,PERSON_1134,PERSON,CALLED,2024-06-03 12:29:19,0.05,0.48,CDR_AGG_PERSON_0297_PERSON_1134
PERSON_0341,PERSON,PERSON_0790,PERSON,CALLED,2026-03-06 00:09:56,0.05,0.43,CDR_AGG_PERSON_0341_PERSON_0790
PERSON_0509,PERSON,PERSON_0972,PERSON,CALLED,2024-06-01 22:50:23,0.05,0.72,CDR_AGG_PERSON_0509_PERSON_0972
PERSON_0976,PERSON,PERSON_1116,PERSON,CALLED,2025-08-12 13:08:40,0.05,0.79,CDR_AGG_PERSON_0976_PERSON_1116
PERSON_0125,PERSON,PERSON_0227,PERSON,CALLED,2025-11-20 10:11:46,0.05,0.45,CDR_AGG_PERSON_0125_PERSON_0227
PERSON_0177,PERSON,PERSON_1162,PERSON,CALLED,2025-10-24 08:51:43,0.05,0.84,CDR_AGG_PERSON_0177_PERSON_1162
PERSON_0989,PERSON,PERSON_1290,PERSON,CALLED,2025-07-31 17:36:04,0.05,0.68,CDR_AGG_PERSON_0989_PERSON_1290
PERSON_0601,PERSON,PERSON_1262,PERSON,CALLED,2026-06-21 08:42:50,0.05,0.56,CDR_AGG_PERSON_0601_PERSON_1262
PERSON_0648,PERSON,PERSON_0719,PERSON,CALLED,2024-03-13 07:24:43,0.05,0.78,CDR_AGG_PERSON_0648_PERSON_0719
PERSON_0146,PERSON,PERSON_0873,PERSON,CALLED,2025-05-09 11:57:33,0.05,0.7,CDR_AGG_PERSON_0146_PERSON_0873
PERSON_0520,PERSON,PERSON_0930,PERSON,CALLED,2025-05-04 02:55:06,0.05,0.56,CDR_AGG_PERSON_0520_PERSON_0930
PERSON_1027,PERSON,PERSON_1366,PERSON,CALLED,2024-04-12 17:36:50,0.05,0.81,CDR_AGG_PERSON_1027_PERSON_1366
PERSON_0389,PERSON,PERSON_0410,PERSON,CALLED,2026-01-02 22:00:46,0.05,0.72,CDR_AGG_PERSON_0389_PERSON_0410
PERSON_0334,PERSON,PERSON_1243,PERSON,CALLED,2024-10-19 02:59:21,0.05,0.45,CDR_AGG_PERSON_0334_PERSON_1243
PERSON_0186,PERSON,PERSON_0735,PERSON,CALLED,2024-10-26 13:32:37,0.05,0.48,CDR_AGG_PERSON_0186_PERSON_0735
PERSON_0876,PERSON,PERSON_1390,PERSON,CALLED,2024-09-16 05:19:24,0.05,0.73,CDR_AGG_PERSON_0876_PERSON_1390
PERSON_0052,PERSON,PERSON_0930,PERSON,CALLED,2026-05-02 17:30:41,0.05,0.77,CDR_AGG_PERSON_0052_PERSON_0930
PERSON_0483,PERSON,PERSON_1397,PERSON,CALLED,2024-04-02 23:56:22,0.05,0.65,CDR_AGG_PERSON_0483_PERSON_1397
PERSON_1297,PERSON,PERSON_1344,PERSON,CALLED,2025-09-07 03:26:27,0.05,0.67,CDR_AGG_PERSON_1297_PERSON_1344
PERSON_1046,PERSON,PERSON_1409,PERSON,CALLED,2025-09-25 06:29:36,0.05,0.74,CDR_AGG_PERSON_1046_PERSON_1409
PERSON_1272,PERSON,PERSON_1407,PERSON,CALLED,2024-09-21 08:03:41,0.05,0.54,CDR_AGG_PERSON_1272_PERSON_1407
PERSON_0168,PERSON,PERSON_1357,PERSON,CALLED,2026-06-09 01:27:54,0.05,0.41,CDR_AGG_PERSON_0168_PERSON_1357
PERSON_0382,PERSON,PERSON_1318,PERSON,CALLED,2024-11-02 14:36:47,0.05,0.49,CDR_AGG_PERSON_0382_PERSON_1318
PERSON_1280,PERSON,PERSON_1316,PERSON,CALLED,2026-03-18 12:51:23,0.05,0.46,CDR_AGG_PERSON_1280_PERSON_1316
PERSON_0139,PERSON,PERSON_0962,PERSON,CALLED,2026-04-05 03:16:03,0.05,0.45,CDR_AGG_PERSON_0139_PERSON_0962
PERSON_1320,PERSON,PERSON_1478,PERSON,CALLED,2026-06-02 15:53:36,0.05,0.7,CDR_AGG_PERSON_1320_PERSON_1478
PERSON_0353,PERSON,PERSON_0543,PERSON,CALLED,2026-05-07 10:43:41,0.05,0.79,CDR_AGG_PERSON_0353_PERSON_0543
PERSON_0484,PERSON,PERSON_1097,PERSON,CALLED,2024-02-20 04:30:17,0.05,0.77,CDR_AGG_PERSON_0484_PERSON_1097
PERSON_0765,PERSON,PERSON_1051,PERSON,CALLED,2024-01-02 12:40:22,0.05,0.64,CDR_AGG_PERSON_0765_PERSON_1051
PERSON_1078,PERSON,PERSON_1141,PERSON,CALLED,2025-04-19 01:17:13,0.05,0.51,CDR_AGG_PERSON_1078_PERSON_1141
PERSON_0851,PERSON,PERSON_1488,PERSON,CALLED,2024-01-28 00:05:08,0.05,0.57,CDR_AGG_PERSON_0851_PERSON_1488
PERSON_0809,PERSON,PERSON_1465,PERSON,CALLED,2025-01-11 03:38:06,0.05,0.74,CDR_AGG_PERSON_0809_PERSON_1465
PERSON_0204,PERSON,PERSON_0207,PERSON,CALLED,2024-04-02 13:33:08,0.05,0.47,CDR_AGG_PERSON_0204_PERSON_0207
PERSON_0697,PERSON,PERSON_0863,PERSON,CALLED,2024-01-14 03:14:42,0.05,0.68,CDR_AGG_PERSON_0697_PERSON_0863
PERSON_0314,PERSON,PERSON_0983,PERSON,CALLED,2025-03-23 07:27:13,0.05,0.45,CDR_AGG_PERSON_0314_PERSON_0983
PERSON_1045,PERSON,PERSON_1216,PERSON,CALLED,2026-05-16 12:47:52,0.1,0.46,CDR_AGG_PERSON_1045_PERSON_1216
PERSON_1207,PERSON,PERSON_1344,PERSON,CALLED,2024-08-25 02:41:51,0.05,0.45,CDR_AGG_PERSON_1207_PERSON_1344
PERSON_0863,PERSON,PERSON_0941,PERSON,CALLED,2026-03-10 16:47:54,0.05,0.51,CDR_AGG_PERSON_0863_PERSON_0941
PERSON_0125,PERSON,PERSON_0428,PERSON,CALLED,2025-02-03 15:14:26,0.05,0.51,CDR_AGG_PERSON_0125_PERSON_0428
PERSON_0371,PERSON,PERSON_1098,PERSON,CALLED,2024-01-15 17:39:17,0.05,0.57,CDR_AGG_PERSON_0371_PERSON_1098
PERSON_0018,PERSON,PERSON_0072,PERSON,CALLED,2025-10-31 05:23:39,0.05,0.54,CDR_AGG_PERSON_0018_PERSON_0072
PERSON_0798,PERSON,PERSON_1149,PERSON,CALLED,2024-08-13 11:56:00,0.05,0.84,CDR_AGG_PERSON_0798_PERSON_1149
PERSON_0608,PERSON,PERSON_1499,PERSON,CALLED,2024-08-23 09:33:27,0.05,0.46,CDR_AGG_PERSON_0608_PERSON_1499
PERSON_0263,PERSON,PERSON_1417,PERSON,CALLED,2025-07-30 02:45:39,0.05,0.52,CDR_AGG_PERSON_0263_PERSON_1417
PERSON_0365,PERSON,PERSON_1391,PERSON,CALLED,2025-09-01 19:37:17,0.05,0.62,CDR_AGG_PERSON_0365_PERSON_1391
PERSON_0977,PERSON,PERSON_1500,PERSON,CALLED,2025-08-18 22:41:46,0.05,0.67,CDR_AGG_PERSON_0977_PERSON_1500
PERSON_0942,PERSON,PERSON_1259,PERSON,CALLED,2024-01-31 23:36:54,0.05,0.48,CDR_AGG_PERSON_0942_PERSON_1259
PERSON_0307,PERSON,PERSON_0597,PERSON,CALLED,2024-05-11 17:36:08,0.05,0.58,CDR_AGG_PERSON_0307_PERSON_0597
PERSON_0842,PERSON,PERSON_1266,PERSON,CALLED,2025-06-28 02:04:31,0.05,0.67,CDR_AGG_PERSON_0842_PERSON_1266
PERSON_0722,PERSON,PERSON_0876,PERSON,CALLED,2024-12-01 17:59:01,0.05,0.43,CDR_AGG_PERSON_0722_PERSON_0876
PERSON_0358,PERSON,PERSON_0445,PERSON,CALLED,2026-02-13 09:43:30,0.05,0.81,CDR_AGG_PERSON_0358_PERSON_0445
PERSON_0050,PERSON,PERSON_0281,PERSON,CALLED,2026-06-10 03:25:59,0.05,0.77,CDR_AGG_PERSON_0050_PERSON_0281
PERSON_0374,PERSON,PERSON_1340,PERSON,CALLED,2024-08-21 14:48:01,0.05,0.58,CDR_AGG_PERSON_0374_PERSON_1340
PERSON_0609,PERSON,PERSON_1311,PERSON,CALLED,2024-11-27 14:56:32,0.05,0.44,CDR_AGG_PERSON_0609_PERSON_1311
PERSON_0604,PERSON,PERSON_1455,PERSON,CALLED,2025-10-30 05:24:30,0.05,0.72,CDR_AGG_PERSON_0604_PERSON_1455
PERSON_0699,PERSON,PERSON_1340,PERSON,CALLED,2026-02-02 06:49:23,0.05,0.8,CDR_AGG_PERSON_0699_PERSON_1340
PERSON_0559,PERSON,PERSON_1324,PERSON,CALLED,2024-02-25 15:21:56,0.05,0.62,CDR_AGG_PERSON_0559_PERSON_1324
PERSON_0664,PERSON,PERSON_0867,PERSON,CALLED,2026-05-17 12:47:18,0.05,0.76,CDR_AGG_PERSON_0664_PERSON_0867
PERSON_0506,PERSON,PERSON_0790,PERSON,CALLED,2026-03-04 21:06:54,0.05,0.7,CDR_AGG_PERSON_0506_PERSON_0790
PERSON_1207,PERSON,PERSON_1355,PERSON,CALLED,2025-01-29 01:59:55,0.05,0.56,CDR_AGG_PERSON_1207_PERSON_1355
PERSON_0323,PERSON,PERSON_1263,PERSON,CALLED,2025-11-14 02:57:03,0.05,0.51,CDR_AGG_PERSON_0323_PERSON_1263
PERSON_0706,PERSON,PERSON_1311,PERSON,CALLED,2024-12-09 17:11:01,0.05,0.73,CDR_AGG_PERSON_0706_PERSON_1311
PERSON_0420,PERSON,PERSON_0707,PERSON,CALLED,2026-05-12 03:05:58,0.05,0.56,CDR_AGG_PERSON_0420_PERSON_0707
PERSON_0427,PERSON,PERSON_1175,PERSON,CALLED,2026-04-15 00:18:25,0.05,0.82,CDR_AGG_PERSON_0427_PERSON_1175
PERSON_1266,PERSON,PERSON_1367,PERSON,CALLED,2026-06-20 19:01:52,0.05,0.53,CDR_AGG_PERSON_1266_PERSON_1367
PERSON_0149,PERSON,PERSON_1222,PERSON,CALLED,2026-01-17 15:02:40,0.05,0.72,CDR_AGG_PERSON_0149_PERSON_1222
PERSON_0127,PERSON,PERSON_0679,PERSON,CALLED,2026-04-20 12:14:43,0.05,0.7,CDR_AGG_PERSON_0127_PERSON_0679
PERSON_0081,PERSON,PERSON_1460,PERSON,CALLED,2025-09-17 11:29:23,0.05,0.64,CDR_AGG_PERSON_0081_PERSON_1460
PERSON_0107,PERSON,PERSON_1326,PERSON,CALLED,2025-12-28 15:05:54,0.05,0.78,CDR_AGG_PERSON_0107_PERSON_1326
PERSON_1235,PERSON,PERSON_1367,PERSON,CALLED,2024-04-03 10:19:01,0.05,0.77,CDR_AGG_PERSON_1235_PERSON_1367
PERSON_0191,PERSON,PERSON_0239,PERSON,CALLED,2026-03-23 15:23:56,0.05,0.84,CDR_AGG_PERSON_0191_PERSON_0239
PERSON_0225,PERSON,PERSON_0325,PERSON,CALLED,2025-06-17 12:52:56,0.05,0.76,CDR_AGG_PERSON_0225_PERSON_0325
PERSON_0044,PERSON,PERSON_0946,PERSON,CALLED,2025-03-11 12:48:19,0.05,0.65,CDR_AGG_PERSON_0044_PERSON_0946
PERSON_0380,PERSON,PERSON_1475,PERSON,CALLED,2025-02-12 01:59:44,0.05,0.85,CDR_AGG_PERSON_0380_PERSON_1475
PERSON_1258,PERSON,PERSON_1435,PERSON,CALLED,2025-06-01 18:05:08,0.05,0.48,CDR_AGG_PERSON_1258_PERSON_1435
PERSON_0276,PERSON,PERSON_0358,PERSON,CALLED,2025-02-13 17:56:35,0.05,0.47,CDR_AGG_PERSON_0276_PERSON_0358
PERSON_1317,PERSON,PERSON_1414,PERSON,CALLED,2025-06-22 05:39:01,0.05,0.64,CDR_AGG_PERSON_1317_PERSON_1414
PERSON_0517,PERSON,PERSON_1463,PERSON,CALLED,2025-09-22 22:06:24,0.05,0.62,CDR_AGG_PERSON_0517_PERSON_1463
PERSON_0322,PERSON,PERSON_0863,PERSON,CALLED,2025-05-26 18:35:18,0.05,0.43,CDR_AGG_PERSON_0322_PERSON_0863
PERSON_0215,PERSON,PERSON_0530,PERSON,CALLED,2026-05-05 10:07:32,0.05,0.74,CDR_AGG_PERSON_0215_PERSON_0530
PERSON_0315,PERSON,PERSON_0707,PERSON,CALLED,2024-06-18 05:08:26,0.05,0.74,CDR_AGG_PERSON_0315_PERSON_0707
PERSON_0335,PERSON,PERSON_0395,PERSON,CALLED,2024-07-16 18:37:15,0.05,0.62,CDR_AGG_PERSON_0335_PERSON_0395
PERSON_0178,PERSON,PERSON_0746,PERSON,CALLED,2026-06-15 15:02:55,0.05,0.7,CDR_AGG_PERSON_0178_PERSON_0746
PERSON_0059,PERSON,PERSON_0615,PERSON,CALLED,2025-05-08 00:14:27,0.05,0.56,CDR_AGG_PERSON_0059_PERSON_0615
PERSON_0740,PERSON,PERSON_1152,PERSON,CALLED,2025-01-28 03:18:13,0.05,0.47,CDR_AGG_PERSON_0740_PERSON_1152
PERSON_0884,PERSON,PERSON_1293,PERSON,CALLED,2025-03-22 09:21:54,0.05,0.53,CDR_AGG_PERSON_0884_PERSON_1293
PERSON_0987,PERSON,PERSON_1093,PERSON,CALLED,2024-05-20 18:20:03,0.05,0.5,CDR_AGG_PERSON_0987_PERSON_1093
PERSON_1352,PERSON,PERSON_1409,PERSON,CALLED,2025-05-19 06:48:39,0.05,0.8,CDR_AGG_PERSON_1352_PERSON_1409
PERSON_0096,PERSON,PERSON_0375,PERSON,CALLED,2026-04-15 12:53:07,0.05,0.48,CDR_AGG_PERSON_0096_PERSON_0375
PERSON_0386,PERSON,PERSON_0600,PERSON,CALLED,2025-09-11 10:24:31,0.05,0.48,CDR_AGG_PERSON_0386_PERSON_0600
PERSON_0527,PERSON,PERSON_0567,PERSON,CALLED,2025-01-31 04:53:11,0.05,0.63,CDR_AGG_PERSON_0527_PERSON_0567
PERSON_0369,PERSON,PERSON_1193,PERSON,CALLED,2024-10-24 17:23:20,0.05,0.69,CDR_AGG_PERSON_0369_PERSON_1193
PERSON_0287,PERSON,PERSON_1057,PERSON,CALLED,2024-09-16 02:52:18,0.05,0.43,CDR_AGG_PERSON_0287_PERSON_1057
PERSON_0426,PERSON,PERSON_0890,PERSON,CALLED,2024-05-11 21:48:43,0.05,0.43,CDR_AGG_PERSON_0426_PERSON_0890
PERSON_0100,PERSON,PERSON_0757,PERSON,CALLED,2026-06-21 02:52:52,0.05,0.66,CDR_AGG_PERSON_0100_PERSON_0757
PERSON_0109,PERSON,PERSON_0123,PERSON,CALLED,2026-03-13 08:21:39,0.05,0.69,CDR_AGG_PERSON_0109_PERSON_0123
PERSON_0025,PERSON,PERSON_0028,PERSON,CALLED,2024-04-20 12:36:05,0.05,0.54,CDR_AGG_PERSON_0025_PERSON_0028
PERSON_0097,PERSON,PERSON_0817,PERSON,CALLED,2025-04-05 04:50:42,0.05,0.54,CDR_AGG_PERSON_0097_PERSON_0817
PERSON_0961,PERSON,PERSON_1327,PERSON,CALLED,2025-05-29 23:44:08,0.05,0.52,CDR_AGG_PERSON_0961_PERSON_1327
PERSON_0221,PERSON,PERSON_1224,PERSON,CALLED,2026-05-18 01:59:39,0.05,0.54,CDR_AGG_PERSON_0221_PERSON_1224
PERSON_0172,PERSON,PERSON_0380,PERSON,CALLED,2025-01-20 04:45:09,0.05,0.41,CDR_AGG_PERSON_0172_PERSON_0380
PERSON_0379,PERSON,PERSON_1143,PERSON,CALLED,2025-03-22 15:51:50,0.05,0.76,CDR_AGG_PERSON_0379_PERSON_1143
PERSON_0011,PERSON,PERSON_0175,PERSON,CALLED,2024-08-13 14:57:11,0.05,0.55,CDR_AGG_PERSON_0011_PERSON_0175
PERSON_0246,PERSON,PERSON_0688,PERSON,CALLED,2024-01-31 18:52:34,0.05,0.84,CDR_AGG_PERSON_0246_PERSON_0688
PERSON_0086,PERSON,PERSON_1081,PERSON,CALLED,2024-09-28 18:43:38,0.05,0.57,CDR_AGG_PERSON_0086_PERSON_1081
PERSON_0596,PERSON,PERSON_1131,PERSON,CALLED,2026-03-23 11:52:01,0.05,0.47,CDR_AGG_PERSON_0596_PERSON_1131
PERSON_0902,PERSON,PERSON_1408,PERSON,CALLED,2025-05-11 03:31:08,0.05,0.54,CDR_AGG_PERSON_0902_PERSON_1408
PERSON_0077,PERSON,PERSON_0638,PERSON,CALLED,2024-01-07 18:41:09,0.05,0.57,CDR_AGG_PERSON_0077_PERSON_0638
PERSON_0393,PERSON,PERSON_1392,PERSON,CALLED,2025-11-12 00:47:24,0.05,0.67,CDR_AGG_PERSON_0393_PERSON_1392
PERSON_0001,PERSON,PERSON_1359,PERSON,CALLED,2025-10-08 11:46:12,0.05,0.6,CDR_AGG_PERSON_0001_PERSON_1359
PERSON_0277,PERSON,PERSON_1037,PERSON,CALLED,2024-11-06 08:01:19,0.05,0.65,CDR_AGG_PERSON_0277_PERSON_1037
PERSON_0737,PERSON,PERSON_1078,PERSON,CALLED,2026-02-21 08:54:45,0.05,0.58,CDR_AGG_PERSON_0737_PERSON_1078
PERSON_0752,PERSON,PERSON_1343,PERSON,CALLED,2024-12-07 16:53:31,0.05,0.41,CDR_AGG_PERSON_0752_PERSON_1343
PERSON_1028,PERSON,PERSON_1205,PERSON,CALLED,2025-08-31 22:13:30,0.05,0.56,CDR_AGG_PERSON_1028_PERSON_1205
PERSON_0424,PERSON,PERSON_1226,PERSON,CALLED,2025-08-01 09:10:09,0.05,0.63,CDR_AGG_PERSON_0424_PERSON_1226
PERSON_1198,PERSON,PERSON_1311,PERSON,CALLED,2025-02-26 12:07:10,0.05,0.6,CDR_AGG_PERSON_1198_PERSON_1311
PERSON_0402,PERSON,PERSON_0573,PERSON,CALLED,2025-02-02 19:39:11,0.05,0.5,CDR_AGG_PERSON_0402_PERSON_0573
PERSON_0534,PERSON,PERSON_0603,PERSON,CALLED,2025-10-19 15:14:02,0.05,0.44,CDR_AGG_PERSON_0534_PERSON_0603
PERSON_0200,PERSON,PERSON_1382,PERSON,CALLED,2024-05-29 21:42:40,0.05,0.43,CDR_AGG_PERSON_0200_PERSON_1382
PERSON_0049,PERSON,PERSON_0373,PERSON,CALLED,2026-03-02 23:18:16,0.05,0.81,CDR_AGG_PERSON_0049_PERSON_0373
PERSON_0347,PERSON,PERSON_1372,PERSON,CALLED,2026-02-22 18:04:07,0.05,0.42,CDR_AGG_PERSON_0347_PERSON_1372
PERSON_0311,PERSON,PERSON_0706,PERSON,CALLED,2024-08-19 18:23:19,0.05,0.58,CDR_AGG_PERSON_0311_PERSON_0706
PERSON_0304,PERSON,PERSON_0431,PERSON,CALLED,2024-05-30 04:54:19,0.05,0.65,CDR_AGG_PERSON_0304_PERSON_0431
PERSON_0087,PERSON,PERSON_1083,PERSON,CALLED,2026-05-03 01:07:50,0.05,0.61,CDR_AGG_PERSON_0087_PERSON_1083
PERSON_0773,PERSON,PERSON_1222,PERSON,CALLED,2025-08-23 00:56:28,0.05,0.83,CDR_AGG_PERSON_0773_PERSON_1222
PERSON_0299,PERSON,PERSON_1001,PERSON,CALLED,2025-06-07 14:47:35,0.05,0.56,CDR_AGG_PERSON_0299_PERSON_1001
PERSON_0322,PERSON,PERSON_1018,PERSON,CALLED,2026-02-07 10:56:23,0.05,0.7,CDR_AGG_PERSON_0322_PERSON_1018
PERSON_0677,PERSON,PERSON_1034,PERSON,CALLED,2026-01-11 14:36:01,0.05,0.54,CDR_AGG_PERSON_0677_PERSON_1034
PERSON_0174,PERSON,PERSON_1070,PERSON,CALLED,2025-02-17 17:57:17,0.05,0.53,CDR_AGG_PERSON_0174_PERSON_1070
PERSON_0615,PERSON,PERSON_1483,PERSON,CALLED,2025-07-13 03:07:32,0.05,0.45,CDR_AGG_PERSON_0615_PERSON_1483
PERSON_0758,PERSON,PERSON_0792,PERSON,CALLED,2024-06-25 14:07:46,0.05,0.66,CDR_AGG_PERSON_0758_PERSON_0792
PERSON_0116,PERSON,PERSON_1202,PERSON,CALLED,2024-03-22 10:47:15,0.05,0.49,CDR_AGG_PERSON_0116_PERSON_1202
PERSON_0068,PERSON,PERSON_0425,PERSON,CALLED,2025-09-07 16:02:54,0.05,0.45,CDR_AGG_PERSON_0068_PERSON_0425
PERSON_1188,PERSON,PERSON_1391,PERSON,CALLED,2024-10-14 11:26:40,0.05,0.74,CDR_AGG_PERSON_1188_PERSON_1391
PERSON_0156,PERSON,PERSON_1369,PERSON,CALLED,2025-11-05 08:06:06,0.05,0.71,CDR_AGG_PERSON_0156_PERSON_1369
PERSON_0479,PERSON,PERSON_1188,PERSON,CALLED,2026-06-02 09:38:25,0.05,0.47,CDR_AGG_PERSON_0479_PERSON_1188
PERSON_0474,PERSON,PERSON_0791,PERSON,CALLED,2026-01-21 15:41:06,0.05,0.67,CDR_AGG_PERSON_0474_PERSON_0791
PERSON_0943,PERSON,PERSON_1460,PERSON,CALLED,2025-09-02 16:03:07,0.05,0.42,CDR_AGG_PERSON_0943_PERSON_1460
PERSON_0342,PERSON,PERSON_1211,PERSON,CALLED,2026-05-26 17:21:55,0.05,0.47,CDR_AGG_PERSON_0342_PERSON_1211
PERSON_0432,PERSON,PERSON_1484,PERSON,CALLED,2024-08-15 02:15:14,0.05,0.55,CDR_AGG_PERSON_0432_PERSON_1484
PERSON_0166,PERSON,PERSON_1142,PERSON,CALLED,2025-02-24 16:48:04,0.05,0.77,CDR_AGG_PERSON_0166_PERSON_1142
PERSON_1065,PERSON,PERSON_1180,PERSON,CALLED,2024-12-30 02:19:13,0.05,0.74,CDR_AGG_PERSON_1065_PERSON_1180
PERSON_1031,PERSON,PERSON_1180,PERSON,CALLED,2026-05-03 04:10:27,0.05,0.64,CDR_AGG_PERSON_1031_PERSON_1180
PERSON_0145,PERSON,PERSON_0320,PERSON,CALLED,2024-06-28 02:24:13,0.05,0.79,CDR_AGG_PERSON_0145_PERSON_0320
PERSON_0968,PERSON,PERSON_1143,PERSON,CALLED,2024-03-27 18:01:06,0.05,0.69,CDR_AGG_PERSON_0968_PERSON_1143
PERSON_0105,PERSON,PERSON_1269,PERSON,CALLED,2025-05-11 10:02:21,0.1,0.52,CDR_AGG_PERSON_0105_PERSON_1269
PERSON_0648,PERSON,PERSON_1201,PERSON,CALLED,2025-09-18 11:49:22,0.05,0.58,CDR_AGG_PERSON_0648_PERSON_1201
PERSON_0226,PERSON,PERSON_0858,PERSON,CALLED,2024-04-12 02:16:24,0.05,0.4,CDR_AGG_PERSON_0226_PERSON_0858
PERSON_0125,PERSON,PERSON_1229,PERSON,CALLED,2026-03-02 04:59:44,0.05,0.53,CDR_AGG_PERSON_0125_PERSON_1229
PERSON_0387,PERSON,PERSON_1234,PERSON,CALLED,2024-05-22 02:32:43,0.05,0.83,CDR_AGG_PERSON_0387_PERSON_1234
PERSON_0679,PERSON,PERSON_1409,PERSON,CALLED,2024-08-22 22:16:11,0.05,0.51,CDR_AGG_PERSON_0679_PERSON_1409
PERSON_0080,PERSON,PERSON_1434,PERSON,CALLED,2024-08-09 23:01:04,0.05,0.47,CDR_AGG_PERSON_0080_PERSON_1434
PERSON_0052,PERSON,PERSON_0541,PERSON,CALLED,2024-06-03 10:09:07,0.05,0.83,CDR_AGG_PERSON_0052_PERSON_0541
PERSON_0644,PERSON,PERSON_1272,PERSON,CALLED,2024-11-27 08:08:15,0.05,0.65,CDR_AGG_PERSON_0644_PERSON_1272
PERSON_0270,PERSON,PERSON_0725,PERSON,CALLED,2024-07-25 04:22:51,0.05,0.45,CDR_AGG_PERSON_0270_PERSON_0725
PERSON_0258,PERSON,PERSON_0994,PERSON,CALLED,2025-03-13 21:09:34,0.05,0.55,CDR_AGG_PERSON_0258_PERSON_0994
PERSON_0336,PERSON,PERSON_0932,PERSON,CALLED,2024-12-02 08:49:08,0.05,0.52,CDR_AGG_PERSON_0336_PERSON_0932
PERSON_0483,PERSON,PERSON_0874,PERSON,CALLED,2024-07-25 14:09:57,0.05,0.78,CDR_AGG_PERSON_0483_PERSON_0874
PERSON_1359,PERSON,PERSON_1462,PERSON,CALLED,2024-03-28 12:35:16,0.05,0.46,CDR_AGG_PERSON_1359_PERSON_1462
PERSON_0189,PERSON,PERSON_0766,PERSON,CALLED,2024-02-09 11:15:14,0.05,0.45,CDR_AGG_PERSON_0189_PERSON_0766
PERSON_0560,PERSON,PERSON_1097,PERSON,CALLED,2026-01-02 05:01:19,0.05,0.7,CDR_AGG_PERSON_0560_PERSON_1097
PERSON_0013,PERSON,PERSON_0632,PERSON,CALLED,2025-01-15 03:56:40,0.05,0.82,CDR_AGG_PERSON_0013_PERSON_0632
PERSON_0219,PERSON,PERSON_0856,PERSON,CALLED,2025-05-26 04:59:16,0.05,0.7,CDR_AGG_PERSON_0219_PERSON_0856
PERSON_0042,PERSON,PERSON_0850,PERSON,CALLED,2025-11-27 02:59:25,0.05,0.84,CDR_AGG_PERSON_0042_PERSON_0850
PERSON_0994,PERSON,PERSON_1303,PERSON,CALLED,2024-02-15 13:18:13,0.05,0.66,CDR_AGG_PERSON_0994_PERSON_1303
PERSON_0437,PERSON,PERSON_1046,PERSON,CALLED,2026-01-15 14:20:42,0.05,0.77,CDR_AGG_PERSON_0437_PERSON_1046
PERSON_0174,PERSON,PERSON_0981,PERSON,CALLED,2024-10-06 10:01:45,0.05,0.5,CDR_AGG_PERSON_0174_PERSON_0981
PERSON_0328,PERSON,PERSON_0798,PERSON,CALLED,2024-02-13 20:49:11,0.05,0.7,CDR_AGG_PERSON_0328_PERSON_0798
PERSON_0503,PERSON,PERSON_1110,PERSON,CALLED,2024-11-28 01:08:10,0.05,0.84,CDR_AGG_PERSON_0503_PERSON_1110
PERSON_0072,PERSON,PERSON_0162,PERSON,CALLED,2025-08-21 04:59:48,0.05,0.48,CDR_AGG_PERSON_0072_PERSON_0162
PERSON_0284,PERSON,PERSON_0959,PERSON,CALLED,2025-08-15 07:02:30,0.1,0.73,CDR_AGG_PERSON_0284_PERSON_0959
PERSON_0703,PERSON,PERSON_1358,PERSON,CALLED,2026-03-20 08:28:46,0.05,0.69,CDR_AGG_PERSON_0703_PERSON_1358
PERSON_0443,PERSON,PERSON_1180,PERSON,CALLED,2025-07-20 19:58:26,0.05,0.82,CDR_AGG_PERSON_0443_PERSON_1180
PERSON_0435,PERSON,PERSON_1383,PERSON,CALLED,2024-08-06 21:29:02,0.05,0.64,CDR_AGG_PERSON_0435_PERSON_1383
PERSON_0288,PERSON,PERSON_0568,PERSON,CALLED,2026-02-19 12:01:28,0.05,0.68,CDR_AGG_PERSON_0288_PERSON_0568
PERSON_0453,PERSON,PERSON_0613,PERSON,CALLED,2025-01-31 19:17:28,0.05,0.41,CDR_AGG_PERSON_0453_PERSON_0613
PERSON_0311,PERSON,PERSON_0408,PERSON,CALLED,2024-10-11 17:11:27,0.05,0.51,CDR_AGG_PERSON_0311_PERSON_0408
PERSON_0695,PERSON,PERSON_1254,PERSON,CALLED,2025-10-22 07:48:10,0.05,0.71,CDR_AGG_PERSON_0695_PERSON_1254
PERSON_0072,PERSON,PERSON_0683,PERSON,CALLED,2026-05-10 12:48:29,0.05,0.64,CDR_AGG_PERSON_0072_PERSON_0683
PERSON_0225,PERSON,PERSON_0851,PERSON,CALLED,2025-04-24 19:30:00,0.05,0.63,CDR_AGG_PERSON_0225_PERSON_0851
PERSON_0274,PERSON,PERSON_1260,PERSON,CALLED,2026-06-04 14:25:33,0.05,0.63,CDR_AGG_PERSON_0274_PERSON_1260
PERSON_1284,PERSON,PERSON_1434,PERSON,CALLED,2025-05-05 15:43:44,0.05,0.43,CDR_AGG_PERSON_1284_PERSON_1434
PERSON_0068,PERSON,PERSON_0573,PERSON,CALLED,2026-04-23 00:57:17,0.05,0.67,CDR_AGG_PERSON_0068_PERSON_0573
PERSON_0320,PERSON,PERSON_0447,PERSON,CALLED,2025-05-18 14:29:48,0.05,0.72,CDR_AGG_PERSON_0320_PERSON_0447
PERSON_0512,PERSON,PERSON_1048,PERSON,CALLED,2025-12-11 03:54:23,0.05,0.82,CDR_AGG_PERSON_0512_PERSON_1048
PERSON_0707,PERSON,PERSON_1062,PERSON,CALLED,2024-11-24 18:12:42,0.05,0.61,CDR_AGG_PERSON_0707_PERSON_1062
PERSON_0669,PERSON,PERSON_1076,PERSON,CALLED,2025-06-23 18:36:26,0.1,0.57,CDR_AGG_PERSON_0669_PERSON_1076
PERSON_0551,PERSON,PERSON_1260,PERSON,CALLED,2025-06-09 17:35:33,0.05,0.57,CDR_AGG_PERSON_0551_PERSON_1260
PERSON_0346,PERSON,PERSON_0499,PERSON,CALLED,2025-07-17 09:02:36,0.05,0.78,CDR_AGG_PERSON_0346_PERSON_0499
PERSON_0085,PERSON,PERSON_0940,PERSON,CALLED,2025-12-03 02:09:10,0.05,0.81,CDR_AGG_PERSON_0085_PERSON_0940
PERSON_0555,PERSON,PERSON_0729,PERSON,CALLED,2026-05-19 13:24:07,0.05,0.66,CDR_AGG_PERSON_0555_PERSON_0729
PERSON_0510,PERSON,PERSON_1349,PERSON,CALLED,2024-05-01 08:54:09,0.05,0.57,CDR_AGG_PERSON_0510_PERSON_1349
PERSON_0109,PERSON,PERSON_1276,PERSON,CALLED,2026-03-07 01:56:36,0.05,0.77,CDR_AGG_PERSON_0109_PERSON_1276
PERSON_1089,PERSON,PERSON_1093,PERSON,CALLED,2025-01-13 02:31:55,0.05,0.55,CDR_AGG_PERSON_1089_PERSON_1093
PERSON_0053,PERSON,PERSON_1177,PERSON,CALLED,2025-10-05 02:06:24,0.05,0.46,CDR_AGG_PERSON_0053_PERSON_1177
PERSON_0208,PERSON,PERSON_1473,PERSON,CALLED,2026-02-22 18:39:49,0.05,0.58,CDR_AGG_PERSON_0208_PERSON_1473
PERSON_0963,PERSON,PERSON_1140,PERSON,CALLED,2024-12-02 03:15:23,0.05,0.65,CDR_AGG_PERSON_0963_PERSON_1140
PERSON_0036,PERSON,PERSON_0790,PERSON,CALLED,2026-01-05 07:42:05,0.05,0.44,CDR_AGG_PERSON_0036_PERSON_0790
PERSON_0047,PERSON,PERSON_1291,PERSON,CALLED,2026-04-13 15:34:45,0.05,0.73,CDR_AGG_PERSON_0047_PERSON_1291
PERSON_0256,PERSON,PERSON_0888,PERSON,CALLED,2024-12-29 00:39:49,0.05,0.58,CDR_AGG_PERSON_0256_PERSON_0888
PERSON_0738,PERSON,PERSON_1415,PERSON,CALLED,2024-08-18 17:20:18,0.05,0.59,CDR_AGG_PERSON_0738_PERSON_1415
PERSON_0033,PERSON,PERSON_0444,PERSON,CALLED,2026-03-14 18:54:39,0.05,0.85,CDR_AGG_PERSON_0033_PERSON_0444
PERSON_0231,PERSON,PERSON_0873,PERSON,CALLED,2026-01-13 17:03:52,0.05,0.69,CDR_AGG_PERSON_0231_PERSON_0873
PERSON_0940,PERSON,PERSON_1290,PERSON,CALLED,2024-09-29 07:06:03,0.05,0.46,CDR_AGG_PERSON_0940_PERSON_1290
PERSON_1259,PERSON,PERSON_1468,PERSON,CALLED,2025-12-18 19:27:42,0.05,0.49,CDR_AGG_PERSON_1259_PERSON_1468
PERSON_0572,PERSON,PERSON_1134,PERSON,CALLED,2026-04-05 19:52:20,0.05,0.66,CDR_AGG_PERSON_0572_PERSON_1134
PERSON_0054,PERSON,PERSON_0347,PERSON,CALLED,2026-01-03 22:17:32,0.05,0.51,CDR_AGG_PERSON_0054_PERSON_0347
PERSON_0628,PERSON,PERSON_0863,PERSON,CALLED,2024-01-13 01:59:49,0.05,0.55,CDR_AGG_PERSON_0628_PERSON_0863
PERSON_0746,PERSON,PERSON_0941,PERSON,CALLED,2025-07-01 14:24:00,0.05,0.57,CDR_AGG_PERSON_0746_PERSON_0941
PERSON_0420,PERSON,PERSON_1438,PERSON,CALLED,2025-07-06 10:16:11,0.05,0.55,CDR_AGG_PERSON_0420_PERSON_1438
PERSON_0354,PERSON,PERSON_1355,PERSON,CALLED,2025-04-11 06:26:03,0.05,0.6,CDR_AGG_PERSON_0354_PERSON_1355
PERSON_0878,PERSON,PERSON_1410,PERSON,CALLED,2025-08-31 07:08:00,0.05,0.77,CDR_AGG_PERSON_0878_PERSON_1410
PERSON_0124,PERSON,PERSON_1198,PERSON,CALLED,2026-05-29 12:48:09,0.05,0.66,CDR_AGG_PERSON_0124_PERSON_1198
PERSON_0753,PERSON,PERSON_0973,PERSON,CALLED,2026-05-24 22:50:38,0.05,0.58,CDR_AGG_PERSON_0753_PERSON_0973
PERSON_0919,PERSON,PERSON_1451,PERSON,CALLED,2025-05-22 12:28:58,0.05,0.69,CDR_AGG_PERSON_0919_PERSON_1451
PERSON_0125,PERSON,PERSON_1106,PERSON,CALLED,2025-08-08 06:00:09,0.05,0.77,CDR_AGG_PERSON_0125_PERSON_1106
PERSON_0721,PERSON,PERSON_0782,PERSON,CALLED,2025-08-07 04:18:19,0.05,0.64,CDR_AGG_PERSON_0721_PERSON_0782
PERSON_0176,PERSON,PERSON_1318,PERSON,CALLED,2025-05-19 06:11:36,0.05,0.56,CDR_AGG_PERSON_0176_PERSON_1318
PERSON_0270,PERSON,PERSON_1055,PERSON,CALLED,2025-06-26 10:31:22,0.05,0.82,CDR_AGG_PERSON_0270_PERSON_1055
PERSON_0287,PERSON,PERSON_1412,PERSON,CALLED,2026-06-17 18:40:12,0.05,0.71,CDR_AGG_PERSON_0287_PERSON_1412
PERSON_0620,PERSON,PERSON_0672,PERSON,CALLED,2024-07-03 00:27:27,0.05,0.49,CDR_AGG_PERSON_0620_PERSON_0672
PERSON_1335,PERSON,PERSON_1476,PERSON,CALLED,2024-07-05 23:54:00,0.05,0.53,CDR_AGG_PERSON_1335_PERSON_1476
PERSON_1006,PERSON,PERSON_1495,PERSON,CALLED,2025-11-07 16:54:44,0.05,0.75,CDR_AGG_PERSON_1006_PERSON_1495
PERSON_0340,PERSON,PERSON_1232,PERSON,CALLED,2026-02-17 04:48:03,0.05,0.51,CDR_AGG_PERSON_0340_PERSON_1232
PERSON_0847,PERSON,PERSON_1438,PERSON,CALLED,2024-06-15 22:18:36,0.05,0.47,CDR_AGG_PERSON_0847_PERSON_1438
PERSON_0303,PERSON,PERSON_0872,PERSON,CALLED,2026-03-03 15:29:06,0.05,0.77,CDR_AGG_PERSON_0303_PERSON_0872
PERSON_0661,PERSON,PERSON_1146,PERSON,CALLED,2024-11-07 10:38:01,0.05,0.49,CDR_AGG_PERSON_0661_PERSON_1146
PERSON_0050,PERSON,PERSON_1058,PERSON,CALLED,2025-02-07 20:34:53,0.05,0.47,CDR_AGG_PERSON_0050_PERSON_1058
PERSON_0320,PERSON,PERSON_0869,PERSON,CALLED,2024-03-14 02:01:54,0.05,0.68,CDR_AGG_PERSON_0320_PERSON_0869
PERSON_0004,PERSON,PERSON_0822,PERSON,CALLED,2025-05-30 23:14:28,0.05,0.49,CDR_AGG_PERSON_0004_PERSON_0822
PERSON_0621,PERSON,PERSON_1094,PERSON,CALLED,2026-05-25 10:13:31,0.1,0.72,CDR_AGG_PERSON_0621_PERSON_1094
PERSON_0442,PERSON,PERSON_0466,PERSON,CALLED,2024-08-31 15:20:09,0.05,0.62,CDR_AGG_PERSON_0442_PERSON_0466
PERSON_0253,PERSON,PERSON_0964,PERSON,CALLED,2024-11-19 03:58:02,0.05,0.71,CDR_AGG_PERSON_0253_PERSON_0964
PERSON_0100,PERSON,PERSON_0914,PERSON,CALLED,2026-01-17 00:19:26,0.05,0.84,CDR_AGG_PERSON_0100_PERSON_0914
PERSON_0313,PERSON,PERSON_0995,PERSON,CALLED,2025-10-22 02:15:24,0.05,0.68,CDR_AGG_PERSON_0313_PERSON_0995
PERSON_0246,PERSON,PERSON_0322,PERSON,CALLED,2025-06-07 09:50:21,0.05,0.84,CDR_AGG_PERSON_0246_PERSON_0322
PERSON_0844,PERSON,PERSON_1141,PERSON,CALLED,2026-05-12 16:55:21,0.05,0.6,CDR_AGG_PERSON_0844_PERSON_1141
PERSON_1388,PERSON,PERSON_1450,PERSON,CALLED,2025-11-02 03:44:10,0.05,0.66,CDR_AGG_PERSON_1388_PERSON_1450
PERSON_0561,PERSON,PERSON_1343,PERSON,CALLED,2025-09-25 15:43:30,0.05,0.5,CDR_AGG_PERSON_0561_PERSON_1343
PERSON_0265,PERSON,PERSON_0968,PERSON,CALLED,2025-02-26 07:27:21,0.05,0.49,CDR_AGG_PERSON_0265_PERSON_0968
PERSON_0251,PERSON,PERSON_0886,PERSON,CALLED,2025-11-17 09:44:06,0.05,0.58,CDR_AGG_PERSON_0251_PERSON_0886
PERSON_0679,PERSON,PERSON_0809,PERSON,CALLED,2025-12-03 18:29:44,0.05,0.48,CDR_AGG_PERSON_0679_PERSON_0809
PERSON_1204,PERSON,PERSON_1336,PERSON,CALLED,2024-10-31 00:21:05,0.05,0.57,CDR_AGG_PERSON_1204_PERSON_1336
PERSON_0012,PERSON,PERSON_1180,PERSON,CALLED,2026-04-08 08:59:05,0.05,0.81,CDR_AGG_PERSON_0012_PERSON_1180
PERSON_0735,PERSON,PERSON_1272,PERSON,CALLED,2025-03-18 14:16:03,0.05,0.64,CDR_AGG_PERSON_0735_PERSON_1272
PERSON_0124,PERSON,PERSON_1214,PERSON,CALLED,2025-06-06 05:10:23,0.05,0.71,CDR_AGG_PERSON_0124_PERSON_1214
PERSON_0138,PERSON,PERSON_0631,PERSON,CALLED,2025-01-06 09:48:11,0.05,0.64,CDR_AGG_PERSON_0138_PERSON_0631
PERSON_0247,PERSON,PERSON_0672,PERSON,CALLED,2025-01-23 12:42:06,0.05,0.51,CDR_AGG_PERSON_0247_PERSON_0672
PERSON_0519,PERSON,PERSON_1063,PERSON,CALLED,2024-05-07 01:51:27,0.05,0.74,CDR_AGG_PERSON_0519_PERSON_1063
PERSON_0234,PERSON,PERSON_0753,PERSON,CALLED,2025-03-12 06:31:52,0.05,0.8,CDR_AGG_PERSON_0234_PERSON_0753
PERSON_0043,PERSON,PERSON_0961,PERSON,CALLED,2026-06-28 20:27:54,0.05,0.57,CDR_AGG_PERSON_0043_PERSON_0961
PERSON_0747,PERSON,PERSON_1414,PERSON,CALLED,2024-04-26 16:28:14,0.05,0.81,CDR_AGG_PERSON_0747_PERSON_1414
PERSON_0485,PERSON,PERSON_0730,PERSON,CALLED,2025-04-16 12:38:40,0.05,0.43,CDR_AGG_PERSON_0485_PERSON_0730
PERSON_0223,PERSON,PERSON_0760,PERSON,CALLED,2026-02-14 22:19:44,0.05,0.7,CDR_AGG_PERSON_0223_PERSON_0760
PERSON_0338,PERSON,PERSON_1409,PERSON,CALLED,2025-12-26 06:18:53,0.1,0.49,CDR_AGG_PERSON_0338_PERSON_1409
PERSON_1126,PERSON,PERSON_1130,PERSON,CALLED,2025-02-06 11:38:54,0.05,0.83,CDR_AGG_PERSON_1126_PERSON_1130
PERSON_0306,PERSON,PERSON_0519,PERSON,CALLED,2024-08-14 09:14:22,0.05,0.46,CDR_AGG_PERSON_0306_PERSON_0519
PERSON_0339,PERSON,PERSON_0437,PERSON,CALLED,2026-02-19 20:32:04,0.05,0.49,CDR_AGG_PERSON_0339_PERSON_0437
PERSON_0036,PERSON,PERSON_0891,PERSON,CALLED,2024-02-18 00:06:51,0.05,0.69,CDR_AGG_PERSON_0036_PERSON_0891
PERSON_0048,PERSON,PERSON_1080,PERSON,CALLED,2024-04-15 08:28:52,0.05,0.65,CDR_AGG_PERSON_0048_PERSON_1080
PERSON_0326,PERSON,PERSON_0899,PERSON,CALLED,2025-01-09 17:33:20,0.05,0.68,CDR_AGG_PERSON_0326_PERSON_0899
PERSON_0390,PERSON,PERSON_0621,PERSON,CALLED,2024-10-22 15:00:56,0.05,0.72,CDR_AGG_PERSON_0390_PERSON_0621
PERSON_0769,PERSON,PERSON_1120,PERSON,CALLED,2025-07-18 18:34:54,0.05,0.57,CDR_AGG_PERSON_0769_PERSON_1120
PERSON_0732,PERSON,PERSON_0944,PERSON,CALLED,2026-04-03 12:00:49,0.05,0.44,CDR_AGG_PERSON_0732_PERSON_0944
PERSON_0043,PERSON,PERSON_0515,PERSON,CALLED,2024-06-21 09:38:51,0.05,0.8,CDR_AGG_PERSON_0043_PERSON_0515
PERSON_0889,PERSON,PERSON_1161,PERSON,CALLED,2024-05-06 02:03:52,0.05,0.49,CDR_AGG_PERSON_0889_PERSON_1161
PERSON_0561,PERSON,PERSON_0958,PERSON,CALLED,2025-04-27 17:22:03,0.05,0.58,CDR_AGG_PERSON_0561_PERSON_0958
PERSON_1219,PERSON,PERSON_1277,PERSON,CALLED,2025-04-06 01:26:15,0.05,0.64,CDR_AGG_PERSON_1219_PERSON_1277
PERSON_0014,PERSON,PERSON_1002,PERSON,CALLED,2024-10-07 04:05:40,0.05,0.68,CDR_AGG_PERSON_0014_PERSON_1002
PERSON_0179,PERSON,PERSON_0638,PERSON,CALLED,2025-04-07 06:39:43,0.05,0.66,CDR_AGG_PERSON_0179_PERSON_0638
PERSON_1177,PERSON,PERSON_1263,PERSON,CALLED,2024-09-28 06:53:46,0.05,0.65,CDR_AGG_PERSON_1177_PERSON_1263
PERSON_0823,PERSON,PERSON_1154,PERSON,CALLED,2024-01-29 03:48:30,0.05,0.69,CDR_AGG_PERSON_0823_PERSON_1154
PERSON_0182,PERSON,PERSON_1081,PERSON,CALLED,2024-08-14 01:32:36,0.05,0.41,CDR_AGG_PERSON_0182_PERSON_1081
PERSON_0102,PERSON,PERSON_0881,PERSON,CALLED,2025-05-03 07:14:42,0.05,0.62,CDR_AGG_PERSON_0102_PERSON_0881
PERSON_0684,PERSON,PERSON_1154,PERSON,CALLED,2024-03-08 20:38:57,0.05,0.53,CDR_AGG_PERSON_0684_PERSON_1154
PERSON_0199,PERSON,PERSON_0750,PERSON,CALLED,2025-03-09 14:09:22,0.05,0.45,CDR_AGG_PERSON_0199_PERSON_0750
PERSON_0856,PERSON,PERSON_1085,PERSON,CALLED,2026-02-21 05:27:57,0.05,0.78,CDR_AGG_PERSON_0856_PERSON_1085
PERSON_0178,PERSON,PERSON_1421,PERSON,CALLED,2024-12-26 18:14:17,0.05,0.49,CDR_AGG_PERSON_0178_PERSON_1421
PERSON_0939,PERSON,PERSON_1418,PERSON,CALLED,2024-06-30 17:46:08,0.05,0.76,CDR_AGG_PERSON_0939_PERSON_1418
PERSON_0165,PERSON,PERSON_0866,PERSON,CALLED,2025-02-27 01:18:36,0.05,0.55,CDR_AGG_PERSON_0165_PERSON_0866
PERSON_0595,PERSON,PERSON_1415,PERSON,CALLED,2024-05-06 02:57:23,0.05,0.52,CDR_AGG_PERSON_0595_PERSON_1415
PERSON_0929,PERSON,PERSON_1386,PERSON,CALLED,2024-09-29 01:45:20,0.05,0.57,CDR_AGG_PERSON_0929_PERSON_1386
PERSON_0523,PERSON,PERSON_1188,PERSON,CALLED,2026-04-23 11:30:44,0.05,0.71,CDR_AGG_PERSON_0523_PERSON_1188
PERSON_0456,PERSON,PERSON_0594,PERSON,CALLED,2026-03-10 01:22:23,0.05,0.61,CDR_AGG_PERSON_0456_PERSON_0594
PERSON_0190,PERSON,PERSON_0440,PERSON,CALLED,2026-03-12 08:51:36,0.05,0.69,CDR_AGG_PERSON_0190_PERSON_0440
PERSON_0543,PERSON,PERSON_1048,PERSON,CALLED,2024-03-04 19:36:51,0.05,0.68,CDR_AGG_PERSON_0543_PERSON_1048
PERSON_1288,PERSON,PERSON_1439,PERSON,CALLED,2024-05-09 18:36:39,0.05,0.52,CDR_AGG_PERSON_1288_PERSON_1439
PERSON_0407,PERSON,PERSON_0562,PERSON,CALLED,2025-12-09 15:52:24,0.05,0.69,CDR_AGG_PERSON_0407_PERSON_0562
PERSON_0005,PERSON,PERSON_0426,PERSON,CALLED,2025-03-31 20:39:48,0.05,0.46,CDR_AGG_PERSON_0005_PERSON_0426
PERSON_0874,PERSON,PERSON_1234,PERSON,CALLED,2025-04-27 07:49:57,0.05,0.51,CDR_AGG_PERSON_0874_PERSON_1234
PERSON_0750,PERSON,PERSON_0815,PERSON,CALLED,2026-03-30 16:15:29,0.05,0.69,CDR_AGG_PERSON_0750_PERSON_0815
PERSON_0741,PERSON,PERSON_1384,PERSON,CALLED,2026-06-15 19:29:30,0.05,0.53,CDR_AGG_PERSON_0741_PERSON_1384
PERSON_0649,PERSON,PERSON_0691,PERSON,CALLED,2024-01-02 12:45:02,0.05,0.41,CDR_AGG_PERSON_0649_PERSON_0691
PERSON_1110,PERSON,PERSON_1111,PERSON,CALLED,2026-04-27 11:50:10,0.05,0.4,CDR_AGG_PERSON_1110_PERSON_1111
PERSON_0588,PERSON,PERSON_0749,PERSON,CALLED,2025-08-24 22:37:05,0.05,0.59,CDR_AGG_PERSON_0588_PERSON_0749
PERSON_0139,PERSON,PERSON_1373,PERSON,CALLED,2024-01-07 18:13:49,0.05,0.57,CDR_AGG_PERSON_0139_PERSON_1373
PERSON_0700,PERSON,PERSON_0841,PERSON,CALLED,2026-02-25 11:36:05,0.05,0.78,CDR_AGG_PERSON_0700_PERSON_0841
PERSON_0363,PERSON,PERSON_0594,PERSON,CALLED,2024-03-02 10:19:46,0.05,0.84,CDR_AGG_PERSON_0363_PERSON_0594
PERSON_0694,PERSON,PERSON_1296,PERSON,CALLED,2024-05-10 14:25:07,0.1,0.68,CDR_AGG_PERSON_0694_PERSON_1296
PERSON_0343,PERSON,PERSON_0646,PERSON,CALLED,2024-11-26 19:12:12,0.05,0.84,CDR_AGG_PERSON_0343_PERSON_0646
PERSON_0868,PERSON,PERSON_0943,PERSON,CALLED,2025-02-06 08:43:28,0.05,0.71,CDR_AGG_PERSON_0868_PERSON_0943
PERSON_0104,PERSON,PERSON_0869,PERSON,CALLED,2026-05-12 12:15:28,0.05,0.6,CDR_AGG_PERSON_0104_PERSON_0869
PERSON_0439,PERSON,PERSON_0599,PERSON,CALLED,2025-03-30 19:03:17,0.05,0.79,CDR_AGG_PERSON_0439_PERSON_0599
PERSON_1267,PERSON,PERSON_1353,PERSON,CALLED,2024-04-06 00:53:08,0.05,0.45,CDR_AGG_PERSON_1267_PERSON_1353
PERSON_0463,PERSON,PERSON_0476,PERSON,CALLED,2024-01-27 07:42:51,0.05,0.53,CDR_AGG_PERSON_0463_PERSON_0476
PERSON_0565,PERSON,PERSON_1107,PERSON,CALLED,2025-02-16 15:29:38,0.05,0.82,CDR_AGG_PERSON_0565_PERSON_1107
PERSON_0753,PERSON,PERSON_1433,PERSON,CALLED,2024-10-21 14:27:20,0.05,0.6,CDR_AGG_PERSON_0753_PERSON_1433
PERSON_0045,PERSON,PERSON_1370,PERSON,CALLED,2024-09-22 01:07:58,0.05,0.8,CDR_AGG_PERSON_0045_PERSON_1370
PERSON_0292,PERSON,PERSON_0820,PERSON,CALLED,2025-01-12 03:33:25,0.05,0.67,CDR_AGG_PERSON_0292_PERSON_0820
PERSON_0432,PERSON,PERSON_1217,PERSON,CALLED,2025-05-24 01:52:16,0.05,0.43,CDR_AGG_PERSON_0432_PERSON_1217
PERSON_0178,PERSON,PERSON_1175,PERSON,CALLED,2025-12-01 20:52:41,0.05,0.47,CDR_AGG_PERSON_0178_PERSON_1175
PERSON_0623,PERSON,PERSON_0626,PERSON,CALLED,2026-06-14 04:00:34,0.05,0.81,CDR_AGG_PERSON_0623_PERSON_0626
PERSON_0164,PERSON,PERSON_0933,PERSON,CALLED,2025-02-09 00:47:09,0.05,0.74,CDR_AGG_PERSON_0164_PERSON_0933
PERSON_0008,PERSON,PERSON_0424,PERSON,CALLED,2024-08-30 12:52:04,0.05,0.7,CDR_AGG_PERSON_0008_PERSON_0424
PERSON_0134,PERSON,PERSON_1095,PERSON,CALLED,2025-01-25 18:51:45,0.05,0.6,CDR_AGG_PERSON_0134_PERSON_1095
PERSON_0070,PERSON,PERSON_0723,PERSON,CALLED,2024-01-16 06:31:40,0.05,0.84,CDR_AGG_PERSON_0070_PERSON_0723
PERSON_0229,PERSON,PERSON_0514,PERSON,CALLED,2026-06-10 13:31:34,0.05,0.84,CDR_AGG_PERSON_0229_PERSON_0514
PERSON_0349,PERSON,PERSON_0697,PERSON,CALLED,2024-10-03 19:47:45,0.05,0.42,CDR_AGG_PERSON_0349_PERSON_0697
PERSON_0520,PERSON,PERSON_1014,PERSON,CALLED,2025-02-23 14:33:21,0.05,0.53,CDR_AGG_PERSON_0520_PERSON_1014
PERSON_0435,PERSON,PERSON_1162,PERSON,CALLED,2026-02-11 12:45:46,0.05,0.5,CDR_AGG_PERSON_0435_PERSON_1162
PERSON_0109,PERSON,PERSON_1409,PERSON,CALLED,2025-07-02 16:12:33,0.05,0.79,CDR_AGG_PERSON_0109_PERSON_1409
PERSON_0561,PERSON,PERSON_0753,PERSON,CALLED,2024-05-08 07:44:24,0.05,0.7,CDR_AGG_PERSON_0561_PERSON_0753
PERSON_0703,PERSON,PERSON_1405,PERSON,CALLED,2025-10-20 02:24:08,0.05,0.6,CDR_AGG_PERSON_0703_PERSON_1405
PERSON_0414,PERSON,PERSON_1190,PERSON,CALLED,2025-12-19 23:44:53,0.05,0.81,CDR_AGG_PERSON_0414_PERSON_1190
PERSON_0418,PERSON,PERSON_0732,PERSON,CALLED,2024-02-23 23:47:45,0.05,0.84,CDR_AGG_PERSON_0418_PERSON_0732
PERSON_0100,PERSON,PERSON_1174,PERSON,CALLED,2024-01-25 06:03:38,0.05,0.54,CDR_AGG_PERSON_0100_PERSON_1174
PERSON_1065,PERSON,PERSON_1396,PERSON,CALLED,2025-09-01 23:53:12,0.05,0.51,CDR_AGG_PERSON_1065_PERSON_1396
PERSON_0766,PERSON,PERSON_1173,PERSON,CALLED,2026-06-03 14:20:45,0.05,0.69,CDR_AGG_PERSON_0766_PERSON_1173
PERSON_0364,PERSON,PERSON_0416,PERSON,CALLED,2024-01-06 18:29:49,0.05,0.48,CDR_AGG_PERSON_0364_PERSON_0416
PERSON_0078,PERSON,PERSON_0150,PERSON,CALLED,2024-10-08 12:55:10,0.05,0.43,CDR_AGG_PERSON_0078_PERSON_0150
PERSON_0539,PERSON,PERSON_0847,PERSON,CALLED,2025-10-27 11:35:07,0.05,0.79,CDR_AGG_PERSON_0539_PERSON_0847
PERSON_0489,PERSON,PERSON_0735,PERSON,CALLED,2024-04-03 22:18:29,0.05,0.79,CDR_AGG_PERSON_0489_PERSON_0735
PERSON_0753,PERSON,PERSON_1161,PERSON,CALLED,2024-08-11 21:44:00,0.05,0.74,CDR_AGG_PERSON_0753_PERSON_1161
PERSON_1318,PERSON,PERSON_1383,PERSON,CALLED,2025-03-22 07:23:59,0.05,0.42,CDR_AGG_PERSON_1318_PERSON_1383
PERSON_0870,PERSON,PERSON_1209,PERSON,CALLED,2026-03-29 14:42:51,0.05,0.64,CDR_AGG_PERSON_0870_PERSON_1209
PERSON_0653,PERSON,PERSON_1414,PERSON,CALLED,2025-05-30 00:00:09,0.05,0.48,CDR_AGG_PERSON_0653_PERSON_1414
PERSON_1418,PERSON,PERSON_1436,PERSON,CALLED,2024-02-11 07:49:06,0.05,0.52,CDR_AGG_PERSON_1418_PERSON_1436
PERSON_0754,PERSON,PERSON_1280,PERSON,CALLED,2025-06-16 15:29:36,0.05,0.43,CDR_AGG_PERSON_0754_PERSON_1280
PERSON_0678,PERSON,PERSON_0934,PERSON,CALLED,2026-03-15 20:53:41,0.05,0.57,CDR_AGG_PERSON_0678_PERSON_0934
PERSON_1097,PERSON,PERSON_1434,PERSON,CALLED,2026-01-25 21:38:11,0.1,0.73,CDR_AGG_PERSON_1097_PERSON_1434
PERSON_0446,PERSON,PERSON_0961,PERSON,CALLED,2025-09-24 10:44:35,0.05,0.79,CDR_AGG_PERSON_0446_PERSON_0961
PERSON_0703,PERSON,PERSON_0727,PERSON,CALLED,2026-06-14 19:38:54,0.05,0.65,CDR_AGG_PERSON_0703_PERSON_0727
PERSON_0910,PERSON,PERSON_1255,PERSON,CALLED,2024-04-20 09:09:52,0.05,0.42,CDR_AGG_PERSON_0910_PERSON_1255
PERSON_1367,PERSON,PERSON_1384,PERSON,CALLED,2024-02-20 17:26:37,0.05,0.68,CDR_AGG_PERSON_1367_PERSON_1384
PERSON_0354,PERSON,PERSON_0414,PERSON,CALLED,2024-05-09 22:40:10,0.05,0.78,CDR_AGG_PERSON_0354_PERSON_0414
PERSON_0060,PERSON,PERSON_0075,PERSON,CALLED,2025-10-08 15:13:06,0.1,0.67,CDR_AGG_PERSON_0060_PERSON_0075
PERSON_0253,PERSON,PERSON_1290,PERSON,CALLED,2025-03-07 03:53:26,0.05,0.51,CDR_AGG_PERSON_0253_PERSON_1290
PERSON_0783,PERSON,PERSON_0930,PERSON,CALLED,2026-04-18 14:51:26,0.1,0.51,CDR_AGG_PERSON_0783_PERSON_0930
PERSON_0667,PERSON,PERSON_1493,PERSON,CALLED,2025-05-26 04:13:14,0.05,0.62,CDR_AGG_PERSON_0667_PERSON_1493
PERSON_0325,PERSON,PERSON_0733,PERSON,CALLED,2024-09-24 19:19:21,0.05,0.71,CDR_AGG_PERSON_0325_PERSON_0733
PERSON_0416,PERSON,PERSON_0961,PERSON,CALLED,2025-02-01 11:36:11,0.05,0.53,CDR_AGG_PERSON_0416_PERSON_0961
PERSON_0469,PERSON,PERSON_0831,PERSON,CALLED,2026-01-30 04:34:21,0.05,0.82,CDR_AGG_PERSON_0469_PERSON_0831
PERSON_0780,PERSON,PERSON_0963,PERSON,CALLED,2026-03-22 19:39:03,0.05,0.82,CDR_AGG_PERSON_0780_PERSON_0963
PERSON_0397,PERSON,PERSON_0627,PERSON,CALLED,2025-08-20 18:37:41,0.05,0.68,CDR_AGG_PERSON_0397_PERSON_0627
PERSON_0731,PERSON,PERSON_1444,PERSON,CALLED,2025-09-11 19:29:45,0.05,0.42,CDR_AGG_PERSON_0731_PERSON_1444
PERSON_1162,PERSON,PERSON_1396,PERSON,CALLED,2026-03-14 04:47:50,0.05,0.47,CDR_AGG_PERSON_1162_PERSON_1396
PERSON_0184,PERSON,PERSON_0927,PERSON,CALLED,2025-02-14 07:28:57,0.05,0.59,CDR_AGG_PERSON_0184_PERSON_0927
PERSON_0314,PERSON,PERSON_1350,PERSON,CALLED,2024-10-07 16:10:45,0.05,0.56,CDR_AGG_PERSON_0314_PERSON_1350
PERSON_0956,PERSON,PERSON_1215,PERSON,CALLED,2026-06-03 21:24:23,0.05,0.75,CDR_AGG_PERSON_0956_PERSON_1215
PERSON_0998,PERSON,PERSON_1195,PERSON,CALLED,2024-04-22 08:00:05,0.05,0.81,CDR_AGG_PERSON_0998_PERSON_1195
PERSON_0935,PERSON,PERSON_1250,PERSON,CALLED,2026-06-23 23:02:44,0.05,0.62,CDR_AGG_PERSON_0935_PERSON_1250
PERSON_0030,PERSON,PERSON_0229,PERSON,CALLED,2024-11-16 10:32:09,0.05,0.5,CDR_AGG_PERSON_0030_PERSON_0229
PERSON_0679,PERSON,PERSON_1262,PERSON,CALLED,2024-09-11 12:22:41,0.05,0.7,CDR_AGG_PERSON_0679_PERSON_1262
PERSON_0726,PERSON,PERSON_1068,PERSON,CALLED,2025-04-25 11:02:49,0.05,0.51,CDR_AGG_PERSON_0726_PERSON_1068
PERSON_1122,PERSON,PERSON_1380,PERSON,CALLED,2025-01-22 03:15:44,0.05,0.79,CDR_AGG_PERSON_1122_PERSON_1380
PERSON_0626,PERSON,PERSON_1027,PERSON,CALLED,2024-09-13 23:00:34,0.05,0.79,CDR_AGG_PERSON_0626_PERSON_1027
PERSON_0678,PERSON,PERSON_1316,PERSON,CALLED,2024-05-28 06:06:56,0.05,0.8,CDR_AGG_PERSON_0678_PERSON_1316
PERSON_0074,PERSON,PERSON_0864,PERSON,CALLED,2025-09-26 17:08:24,0.05,0.55,CDR_AGG_PERSON_0074_PERSON_0864
PERSON_0679,PERSON,PERSON_1329,PERSON,CALLED,2024-06-05 21:49:06,0.05,0.85,CDR_AGG_PERSON_0679_PERSON_1329
PERSON_0454,PERSON,PERSON_0817,PERSON,CALLED,2024-03-06 03:27:04,0.05,0.84,CDR_AGG_PERSON_0454_PERSON_0817
PERSON_0081,PERSON,PERSON_1285,PERSON,CALLED,2024-04-26 19:25:48,0.05,0.67,CDR_AGG_PERSON_0081_PERSON_1285
PERSON_0640,PERSON,PERSON_0955,PERSON,CALLED,2025-08-26 18:12:22,0.05,0.83,CDR_AGG_PERSON_0640_PERSON_0955
PERSON_0164,PERSON,PERSON_0354,PERSON,CALLED,2024-11-13 17:45:14,0.05,0.46,CDR_AGG_PERSON_0164_PERSON_0354
PERSON_0070,PERSON,PERSON_0879,PERSON,CALLED,2024-11-04 13:35:56,0.05,0.84,CDR_AGG_PERSON_0070_PERSON_0879
PERSON_0504,PERSON,PERSON_0561,PERSON,CALLED,2025-06-05 04:13:19,0.05,0.56,CDR_AGG_PERSON_0504_PERSON_0561
PERSON_0558,PERSON,PERSON_0787,PERSON,CALLED,2026-06-09 11:56:12,0.05,0.71,CDR_AGG_PERSON_0558_PERSON_0787
PERSON_0486,PERSON,PERSON_0709,PERSON,CALLED,2026-05-29 15:49:03,0.05,0.53,CDR_AGG_PERSON_0486_PERSON_0709
PERSON_1030,PERSON,PERSON_1422,PERSON,CALLED,2026-05-21 06:24:48,0.05,0.84,CDR_AGG_PERSON_1030_PERSON_1422
PERSON_0399,PERSON,PERSON_0969,PERSON,CALLED,2024-05-04 13:00:42,0.05,0.55,CDR_AGG_PERSON_0399_PERSON_0969
PERSON_0240,PERSON,PERSON_0625,PERSON,CALLED,2025-09-23 13:22:47,0.05,0.71,CDR_AGG_PERSON_0240_PERSON_0625
PERSON_0919,PERSON,PERSON_0923,PERSON,CALLED,2025-12-04 21:34:27,0.05,0.83,CDR_AGG_PERSON_0919_PERSON_0923
PERSON_0289,PERSON,PERSON_1469,PERSON,CALLED,2024-04-28 16:28:18,0.05,0.42,CDR_AGG_PERSON_0289_PERSON_1469
PERSON_0160,PERSON,PERSON_1415,PERSON,CALLED,2025-04-13 22:30:51,0.05,0.64,CDR_AGG_PERSON_0160_PERSON_1415
PERSON_1425,PERSON,PERSON_1450,PERSON,CALLED,2026-03-07 22:27:13,0.05,0.74,CDR_AGG_PERSON_1425_PERSON_1450
PERSON_0099,PERSON,PERSON_0865,PERSON,CALLED,2024-03-27 22:06:33,0.05,0.44,CDR_AGG_PERSON_0099_PERSON_0865
PERSON_0763,PERSON,PERSON_0791,PERSON,CALLED,2026-02-26 17:57:19,0.05,0.84,CDR_AGG_PERSON_0763_PERSON_0791
PERSON_0939,PERSON,PERSON_1319,PERSON,CALLED,2025-11-03 07:38:46,0.05,0.41,CDR_AGG_PERSON_0939_PERSON_1319
PERSON_0792,PERSON,PERSON_1212,PERSON,CALLED,2025-08-03 20:37:34,0.05,0.55,CDR_AGG_PERSON_0792_PERSON_1212
PERSON_0126,PERSON,PERSON_0956,PERSON,CALLED,2025-06-22 21:52:49,0.05,0.64,CDR_AGG_PERSON_0126_PERSON_0956
PERSON_0451,PERSON,PERSON_0599,PERSON,CALLED,2024-04-23 20:04:14,0.05,0.43,CDR_AGG_PERSON_0451_PERSON_0599
PERSON_0916,PERSON,PERSON_0991,PERSON,CALLED,2026-01-03 21:13:48,0.05,0.71,CDR_AGG_PERSON_0916_PERSON_0991
PERSON_0669,PERSON,PERSON_1049,PERSON,CALLED,2025-09-14 11:56:04,0.05,0.79,CDR_AGG_PERSON_0669_PERSON_1049
PERSON_0989,PERSON,PERSON_1115,PERSON,CALLED,2025-11-28 21:13:23,0.05,0.61,CDR_AGG_PERSON_0989_PERSON_1115
PERSON_0555,PERSON,PERSON_0784,PERSON,CALLED,2024-12-25 00:23:01,0.05,0.77,CDR_AGG_PERSON_0555_PERSON_0784
PERSON_0315,PERSON,PERSON_1198,PERSON,CALLED,2025-06-03 18:25:56,0.05,0.53,CDR_AGG_PERSON_0315_PERSON_1198
PERSON_0035,PERSON,PERSON_1384,PERSON,CALLED,2026-02-20 13:12:22,0.05,0.45,CDR_AGG_PERSON_0035_PERSON_1384
PERSON_0171,PERSON,PERSON_0697,PERSON,CALLED,2025-02-22 16:52:12,0.05,0.72,CDR_AGG_PERSON_0171_PERSON_0697
PERSON_0610,PERSON,PERSON_1135,PERSON,CALLED,2026-03-17 23:02:59,0.05,0.57,CDR_AGG_PERSON_0610_PERSON_1135
PERSON_0943,PERSON,PERSON_1306,PERSON,CALLED,2024-06-18 07:35:20,0.05,0.84,CDR_AGG_PERSON_0943_PERSON_1306
PERSON_0678,PERSON,PERSON_0823,PERSON,CALLED,2025-01-17 21:55:13,0.05,0.77,CDR_AGG_PERSON_0678_PERSON_0823
PERSON_0221,PERSON,PERSON_0946,PERSON,CALLED,2024-09-26 17:01:32,0.05,0.5,CDR_AGG_PERSON_0221_PERSON_0946
PERSON_0059,PERSON,PERSON_1143,PERSON,CALLED,2024-05-01 18:35:16,0.05,0.81,CDR_AGG_PERSON_0059_PERSON_1143
PERSON_0897,PERSON,PERSON_1208,PERSON,CALLED,2025-10-29 19:39:51,0.05,0.57,CDR_AGG_PERSON_0897_PERSON_1208
PERSON_0220,PERSON,PERSON_1308,PERSON,CALLED,2024-05-17 18:06:09,0.05,0.46,CDR_AGG_PERSON_0220_PERSON_1308
PERSON_0457,PERSON,PERSON_0651,PERSON,CALLED,2025-10-17 00:46:25,0.05,0.83,CDR_AGG_PERSON_0457_PERSON_0651
PERSON_0641,PERSON,PERSON_0875,PERSON,CALLED,2024-09-13 20:31:38,0.05,0.62,CDR_AGG_PERSON_0641_PERSON_0875
PERSON_0498,PERSON,PERSON_1479,PERSON,CALLED,2025-08-09 13:16:12,0.05,0.84,CDR_AGG_PERSON_0498_PERSON_1479
PERSON_0610,PERSON,PERSON_1216,PERSON,CALLED,2026-04-24 14:45:11,0.05,0.41,CDR_AGG_PERSON_0610_PERSON_1216
PERSON_0297,PERSON,PERSON_0544,PERSON,CALLED,2026-01-17 18:10:31,0.05,0.66,CDR_AGG_PERSON_0297_PERSON_0544
PERSON_0056,PERSON,PERSON_0140,PERSON,CALLED,2026-06-20 12:09:04,0.05,0.48,CDR_AGG_PERSON_0056_PERSON_0140
PERSON_0002,PERSON,PERSON_1305,PERSON,CALLED,2026-01-07 04:22:41,0.05,0.44,CDR_AGG_PERSON_0002_PERSON_1305
PERSON_0646,PERSON,PERSON_0858,PERSON,CALLED,2025-02-01 10:21:11,0.05,0.66,CDR_AGG_PERSON_0646_PERSON_0858
PERSON_0727,PERSON,PERSON_1446,PERSON,CALLED,2025-10-13 07:28:36,0.05,0.56,CDR_AGG_PERSON_0727_PERSON_1446
PERSON_0745,PERSON,PERSON_0879,PERSON,CALLED,2025-02-19 11:31:18,0.05,0.64,CDR_AGG_PERSON_0745_PERSON_0879
PERSON_0535,PERSON,PERSON_1234,PERSON,CALLED,2025-07-11 16:42:14,0.05,0.47,CDR_AGG_PERSON_0535_PERSON_1234
PERSON_0435,PERSON,PERSON_0758,PERSON,CALLED,2025-09-24 01:48:28,0.05,0.43,CDR_AGG_PERSON_0435_PERSON_0758
PERSON_0154,PERSON,PERSON_0401,PERSON,CALLED,2025-10-31 22:41:52,0.05,0.7,CDR_AGG_PERSON_0154_PERSON_0401
PERSON_0347,PERSON,PERSON_1009,PERSON,CALLED,2025-12-22 12:46:53,0.05,0.7,CDR_AGG_PERSON_0347_PERSON_1009
PERSON_0216,PERSON,PERSON_1430,PERSON,CALLED,2024-11-16 15:18:51,0.05,0.56,CDR_AGG_PERSON_0216_PERSON_1430
PERSON_0775,PERSON,PERSON_0935,PERSON,CALLED,2025-12-15 22:03:50,0.05,0.6,CDR_AGG_PERSON_0775_PERSON_0935
PERSON_0385,PERSON,PERSON_0568,PERSON,CALLED,2024-08-22 09:27:11,0.05,0.58,CDR_AGG_PERSON_0385_PERSON_0568
PERSON_0602,PERSON,PERSON_0961,PERSON,CALLED,2025-12-12 01:31:03,0.05,0.56,CDR_AGG_PERSON_0602_PERSON_0961
PERSON_1037,PERSON,PERSON_1081,PERSON,CALLED,2024-10-28 06:48:25,0.05,0.81,CDR_AGG_PERSON_1037_PERSON_1081
PERSON_0164,PERSON,PERSON_0729,PERSON,CALLED,2024-08-26 12:37:16,0.05,0.85,CDR_AGG_PERSON_0164_PERSON_0729
PERSON_0068,PERSON,PERSON_0338,PERSON,CALLED,2026-04-04 13:53:56,0.05,0.67,CDR_AGG_PERSON_0068_PERSON_0338
PERSON_0703,PERSON,PERSON_0823,PERSON,CALLED,2024-06-10 14:13:55,0.05,0.83,CDR_AGG_PERSON_0703_PERSON_0823
PERSON_0020,PERSON,PERSON_0768,PERSON,CALLED,2024-04-12 15:13:34,0.05,0.41,CDR_AGG_PERSON_0020_PERSON_0768
PERSON_0024,PERSON,PERSON_0199,PERSON,CALLED,2024-10-13 21:17:53,0.05,0.71,CDR_AGG_PERSON_0024_PERSON_0199
PERSON_0891,PERSON,PERSON_1005,PERSON,CALLED,2025-06-14 13:54:44,0.1,0.76,CDR_AGG_PERSON_0891_PERSON_1005
PERSON_0549,PERSON,PERSON_0989,PERSON,CALLED,2024-08-29 04:29:50,0.05,0.81,CDR_AGG_PERSON_0549_PERSON_0989
PERSON_0615,PERSON,PERSON_1396,PERSON,CALLED,2025-11-01 07:42:41,0.05,0.7,CDR_AGG_PERSON_0615_PERSON_1396
PERSON_0573,PERSON,PERSON_0855,PERSON,CALLED,2025-02-20 22:56:30,0.05,0.5,CDR_AGG_PERSON_0573_PERSON_0855
PERSON_1228,PERSON,PERSON_1400,PERSON,CALLED,2024-07-19 12:26:57,0.05,0.66,CDR_AGG_PERSON_1228_PERSON_1400
PERSON_0284,PERSON,PERSON_1150,PERSON,CALLED,2025-03-01 03:44:02,0.05,0.8,CDR_AGG_PERSON_0284_PERSON_1150
PERSON_1235,PERSON,PERSON_1253,PERSON,CALLED,2025-08-24 06:41:54,0.05,0.46,CDR_AGG_PERSON_1235_PERSON_1253
PERSON_0174,PERSON,PERSON_1405,PERSON,CALLED,2025-09-05 11:59:42,0.05,0.75,CDR_AGG_PERSON_0174_PERSON_1405
PERSON_1107,PERSON,PERSON_1141,PERSON,CALLED,2024-06-06 14:19:43,0.05,0.75,CDR_AGG_PERSON_1107_PERSON_1141
PERSON_0164,PERSON,PERSON_0564,PERSON,CALLED,2026-04-09 08:15:40,0.05,0.82,CDR_AGG_PERSON_0164_PERSON_0564
PERSON_0567,PERSON,PERSON_0935,PERSON,CALLED,2026-06-05 00:37:33,0.1,0.74,CDR_AGG_PERSON_0567_PERSON_0935
PERSON_0772,PERSON,PERSON_1222,PERSON,CALLED,2024-07-19 06:48:25,0.05,0.6,CDR_AGG_PERSON_0772_PERSON_1222
PERSON_0450,PERSON,PERSON_0640,PERSON,CALLED,2024-01-06 09:45:47,0.05,0.43,CDR_AGG_PERSON_0450_PERSON_0640
PERSON_0295,PERSON,PERSON_0524,PERSON,CALLED,2024-01-18 13:11:20,0.05,0.44,CDR_AGG_PERSON_0295_PERSON_0524
PERSON_0562,PERSON,PERSON_1090,PERSON,CALLED,2024-06-12 23:44:55,0.05,0.63,CDR_AGG_PERSON_0562_PERSON_1090
PERSON_0856,PERSON,PERSON_1288,PERSON,CALLED,2024-01-30 05:10:40,0.05,0.79,CDR_AGG_PERSON_0856_PERSON_1288
PERSON_0875,PERSON,PERSON_1000,PERSON,CALLED,2024-05-19 07:32:15,0.05,0.56,CDR_AGG_PERSON_0875_PERSON_1000
PERSON_0090,PERSON,PERSON_1135,PERSON,CALLED,2025-12-13 21:46:14,0.05,0.41,CDR_AGG_PERSON_0090_PERSON_1135
PERSON_0386,PERSON,PERSON_0460,PERSON,CALLED,2026-01-25 12:43:24,0.05,0.83,CDR_AGG_PERSON_0386_PERSON_0460
PERSON_0103,PERSON,PERSON_0467,PERSON,CALLED,2025-02-12 06:15:26,0.05,0.8,CDR_AGG_PERSON_0103_PERSON_0467
PERSON_0995,PERSON,PERSON_1110,PERSON,CALLED,2026-05-13 04:38:40,0.05,0.46,CDR_AGG_PERSON_0995_PERSON_1110
PERSON_0507,PERSON,PERSON_0679,PERSON,CALLED,2024-01-24 15:07:25,0.05,0.82,CDR_AGG_PERSON_0507_PERSON_0679
PERSON_0313,PERSON,PERSON_1043,PERSON,CALLED,2024-09-19 03:12:25,0.05,0.46,CDR_AGG_PERSON_0313_PERSON_1043
PERSON_0467,PERSON,PERSON_1097,PERSON,CALLED,2024-04-01 00:02:21,0.05,0.6,CDR_AGG_PERSON_0467_PERSON_1097
PERSON_0281,PERSON,PERSON_1099,PERSON,CALLED,2025-07-28 11:18:11,0.05,0.66,CDR_AGG_PERSON_0281_PERSON_1099
PERSON_0054,PERSON,PERSON_0991,PERSON,CALLED,2025-04-04 10:09:45,0.05,0.76,CDR_AGG_PERSON_0054_PERSON_0991
PERSON_0788,PERSON,PERSON_1097,PERSON,CALLED,2024-11-06 13:54:23,0.05,0.55,CDR_AGG_PERSON_0788_PERSON_1097
PERSON_0854,PERSON,PERSON_1446,PERSON,CALLED,2026-03-07 20:01:53,0.05,0.54,CDR_AGG_PERSON_0854_PERSON_1446
PERSON_0981,PERSON,PERSON_1101,PERSON,CALLED,2024-11-18 20:40:07,0.05,0.73,CDR_AGG_PERSON_0981_PERSON_1101
PERSON_0287,PERSON,PERSON_0808,PERSON,CALLED,2024-12-01 09:57:19,0.05,0.5,CDR_AGG_PERSON_0287_PERSON_0808
PERSON_0109,PERSON,PERSON_0347,PERSON,CALLED,2024-03-20 20:02:48,0.05,0.7,CDR_AGG_PERSON_0109_PERSON_0347
PERSON_0994,PERSON,PERSON_1011,PERSON,CALLED,2024-08-26 18:00:54,0.05,0.62,CDR_AGG_PERSON_0994_PERSON_1011
PERSON_0100,PERSON,PERSON_0152,PERSON,CALLED,2025-01-16 02:56:41,0.05,0.83,CDR_AGG_PERSON_0100_PERSON_0152
PERSON_0133,PERSON,PERSON_1096,PERSON,CALLED,2026-04-15 00:01:23,0.05,0.62,CDR_AGG_PERSON_0133_PERSON_1096
PERSON_0683,PERSON,PERSON_1071,PERSON,CALLED,2026-04-24 05:20:11,0.05,0.63,CDR_AGG_PERSON_0683_PERSON_1071
PERSON_0731,PERSON,PERSON_0830,PERSON,CALLED,2025-09-11 21:26:43,0.05,0.83,CDR_AGG_PERSON_0731_PERSON_0830
PERSON_0891,PERSON,PERSON_1365,PERSON,CALLED,2026-01-05 19:19:20,0.05,0.65,CDR_AGG_PERSON_0891_PERSON_1365
PERSON_0538,PERSON,PERSON_0751,PERSON,CALLED,2024-12-27 10:57:54,0.05,0.5,CDR_AGG_PERSON_0538_PERSON_0751
PERSON_0429,PERSON,PERSON_1496,PERSON,CALLED,2024-03-10 18:18:27,0.05,0.72,CDR_AGG_PERSON_0429_PERSON_1496
PERSON_0754,PERSON,PERSON_0989,PERSON,CALLED,2024-09-21 22:39:41,0.05,0.72,CDR_AGG_PERSON_0754_PERSON_0989
PERSON_0767,PERSON,PERSON_1496,PERSON,CALLED,2026-04-11 10:23:50,0.05,0.7,CDR_AGG_PERSON_0767_PERSON_1496
PERSON_0267,PERSON,PERSON_1276,PERSON,CALLED,2024-09-12 03:26:00,0.05,0.64,CDR_AGG_PERSON_0267_PERSON_1276
PERSON_0375,PERSON,PERSON_1239,PERSON,CALLED,2024-06-10 16:43:17,0.05,0.48,CDR_AGG_PERSON_0375_PERSON_1239
PERSON_0463,PERSON,PERSON_0542,PERSON,CALLED,2025-07-01 13:29:43,0.05,0.41,CDR_AGG_PERSON_0463_PERSON_0542
PERSON_0421,PERSON,PERSON_1341,PERSON,CALLED,2024-01-10 10:28:34,0.05,0.6,CDR_AGG_PERSON_0421_PERSON_1341
PERSON_0804,PERSON,PERSON_1424,PERSON,CALLED,2024-10-27 10:40:54,0.05,0.81,CDR_AGG_PERSON_0804_PERSON_1424
PERSON_0671,PERSON,PERSON_1151,PERSON,CALLED,2026-03-09 23:57:35,0.05,0.61,CDR_AGG_PERSON_0671_PERSON_1151
PERSON_0118,PERSON,PERSON_0249,PERSON,CALLED,2024-08-04 06:33:15,0.05,0.51,CDR_AGG_PERSON_0118_PERSON_0249
PERSON_0165,PERSON,PERSON_0691,PERSON,CALLED,2025-07-13 04:49:26,0.05,0.73,CDR_AGG_PERSON_0165_PERSON_0691
PERSON_0552,PERSON,PERSON_0881,PERSON,CALLED,2025-04-18 07:36:05,0.05,0.49,CDR_AGG_PERSON_0552_PERSON_0881
PERSON_0369,PERSON,PERSON_1151,PERSON,CALLED,2024-05-09 18:12:03,0.05,0.7,CDR_AGG_PERSON_0369_PERSON_1151
PERSON_0388,PERSON,PERSON_0824,PERSON,CALLED,2024-07-27 14:22:56,0.05,0.44,CDR_AGG_PERSON_0388_PERSON_0824
PERSON_0649,PERSON,PERSON_0682,PERSON,CALLED,2025-12-12 05:33:18,0.05,0.64,CDR_AGG_PERSON_0649_PERSON_0682
PERSON_0097,PERSON,PERSON_0808,PERSON,CALLED,2025-12-25 21:48:45,0.05,0.76,CDR_AGG_PERSON_0097_PERSON_0808
PERSON_0865,PERSON,PERSON_1129,PERSON,CALLED,2026-05-05 11:51:15,0.05,0.58,CDR_AGG_PERSON_0865_PERSON_1129
PERSON_0514,PERSON,PERSON_1285,PERSON,CALLED,2024-11-27 08:06:59,0.05,0.81,CDR_AGG_PERSON_0514_PERSON_1285
PERSON_0279,PERSON,PERSON_1417,PERSON,CALLED,2024-05-31 19:22:30,0.05,0.83,CDR_AGG_PERSON_0279_PERSON_1417
PERSON_0220,PERSON,PERSON_0620,PERSON,CALLED,2025-02-26 08:41:57,0.05,0.72,CDR_AGG_PERSON_0220_PERSON_0620
PERSON_0669,PERSON,PERSON_0962,PERSON,CALLED,2024-10-18 03:42:29,0.05,0.8,CDR_AGG_PERSON_0669_PERSON_0962
PERSON_0546,PERSON,PERSON_0729,PERSON,CALLED,2024-09-10 20:19:00,0.05,0.75,CDR_AGG_PERSON_0546_PERSON_0729
PERSON_0340,PERSON,PERSON_0575,PERSON,CALLED,2024-05-10 09:02:51,0.05,0.73,CDR_AGG_PERSON_0340_PERSON_0575
PERSON_0451,PERSON,PERSON_0903,PERSON,CALLED,2025-11-15 16:21:27,0.05,0.44,CDR_AGG_PERSON_0451_PERSON_0903
PERSON_0682,PERSON,PERSON_1233,PERSON,CALLED,2026-05-06 14:52:43,0.05,0.77,CDR_AGG_PERSON_0682_PERSON_1233
PERSON_0453,PERSON,PERSON_1143,PERSON,CALLED,2024-04-16 11:13:28,0.05,0.84,CDR_AGG_PERSON_0453_PERSON_1143
PERSON_0053,PERSON,PERSON_1351,PERSON,CALLED,2026-04-04 10:07:05,0.05,0.45,CDR_AGG_PERSON_0053_PERSON_1351
PERSON_0255,PERSON,PERSON_0832,PERSON,CALLED,2026-04-17 13:35:22,0.05,0.63,CDR_AGG_PERSON_0255_PERSON_0832
PERSON_0332,PERSON,PERSON_1454,PERSON,CALLED,2025-01-11 18:11:45,0.05,0.79,CDR_AGG_PERSON_0332_PERSON_1454
PERSON_0607,PERSON,PERSON_1220,PERSON,CALLED,2025-02-05 17:35:04,0.05,0.7,CDR_AGG_PERSON_0607_PERSON_1220
PERSON_0421,PERSON,PERSON_0841,PERSON,CALLED,2025-10-06 11:21:58,0.05,0.78,CDR_AGG_PERSON_0421_PERSON_0841
PERSON_0117,PERSON,PERSON_0643,PERSON,CALLED,2025-03-27 07:08:46,0.05,0.74,CDR_AGG_PERSON_0117_PERSON_0643
PERSON_1002,PERSON,PERSON_1461,PERSON,CALLED,2026-01-26 20:39:51,0.05,0.64,CDR_AGG_PERSON_1002_PERSON_1461
PERSON_0076,PERSON,PERSON_1413,PERSON,CALLED,2025-09-29 14:13:23,0.05,0.51,CDR_AGG_PERSON_0076_PERSON_1413
PERSON_0086,PERSON,PERSON_0504,PERSON,CALLED,2026-04-03 02:50:23,0.05,0.67,CDR_AGG_PERSON_0086_PERSON_0504
PERSON_0372,PERSON,PERSON_1424,PERSON,CALLED,2025-12-27 22:47:36,0.05,0.67,CDR_AGG_PERSON_0372_PERSON_1424
PERSON_0341,PERSON,PERSON_1212,PERSON,CALLED,2024-05-26 08:16:14,0.05,0.59,CDR_AGG_PERSON_0341_PERSON_1212
PERSON_0205,PERSON,PERSON_0876,PERSON,CALLED,2025-03-30 22:16:20,0.05,0.77,CDR_AGG_PERSON_0205_PERSON_0876
PERSON_0033,PERSON,PERSON_1377,PERSON,CALLED,2026-03-06 20:50:10,0.05,0.77,CDR_AGG_PERSON_0033_PERSON_1377
PERSON_1112,PERSON,PERSON_1439,PERSON,CALLED,2025-03-10 13:14:24,0.05,0.45,CDR_AGG_PERSON_1112_PERSON_1439
PERSON_0159,PERSON,PERSON_1014,PERSON,CALLED,2025-07-13 01:08:27,0.05,0.5,CDR_AGG_PERSON_0159_PERSON_1014
PERSON_0905,PERSON,PERSON_1268,PERSON,CALLED,2024-10-12 12:40:01,0.05,0.62,CDR_AGG_PERSON_0905_PERSON_1268
PERSON_0063,PERSON,PERSON_0337,PERSON,CALLED,2025-02-20 10:37:13,0.05,0.73,CDR_AGG_PERSON_0063_PERSON_0337
PERSON_0963,PERSON,PERSON_1417,PERSON,CALLED,2024-08-30 22:47:18,0.05,0.71,CDR_AGG_PERSON_0963_PERSON_1417
PERSON_0129,PERSON,PERSON_0607,PERSON,CALLED,2025-11-20 08:45:17,0.05,0.71,CDR_AGG_PERSON_0129_PERSON_0607
PERSON_0043,PERSON,PERSON_0062,PERSON,CALLED,2025-12-04 17:35:33,0.05,0.8,CDR_AGG_PERSON_0043_PERSON_0062
PERSON_0354,PERSON,PERSON_1484,PERSON,CALLED,2024-01-08 20:54:11,0.05,0.74,CDR_AGG_PERSON_0354_PERSON_1484
PERSON_0111,PERSON,PERSON_1077,PERSON,CALLED,2025-02-04 05:18:58,0.05,0.48,CDR_AGG_PERSON_0111_PERSON_1077
PERSON_0135,PERSON,PERSON_1187,PERSON,CALLED,2025-07-03 22:03:32,0.05,0.42,CDR_AGG_PERSON_0135_PERSON_1187
PERSON_0581,PERSON,PERSON_1331,PERSON,CALLED,2024-10-13 18:06:55,0.05,0.64,CDR_AGG_PERSON_0581_PERSON_1331
PERSON_0174,PERSON,PERSON_0247,PERSON,CALLED,2025-09-02 23:35:11,0.05,0.64,CDR_AGG_PERSON_0174_PERSON_0247
PERSON_0829,PERSON,PERSON_0922,PERSON,CALLED,2024-01-09 00:25:56,0.05,0.78,CDR_AGG_PERSON_0829_PERSON_0922
PERSON_0629,PERSON,PERSON_1426,PERSON,CALLED,2025-05-10 11:18:15,0.05,0.69,CDR_AGG_PERSON_0629_PERSON_1426
PERSON_0935,PERSON,PERSON_0944,PERSON,CALLED,2024-07-28 12:48:27,0.1,0.5,CDR_AGG_PERSON_0935_PERSON_0944
PERSON_0366,PERSON,PERSON_1068,PERSON,CALLED,2025-10-26 22:18:58,0.05,0.51,CDR_AGG_PERSON_0366_PERSON_1068
PERSON_0027,PERSON,PERSON_0154,PERSON,CALLED,2024-08-07 14:00:18,0.05,0.57,CDR_AGG_PERSON_0027_PERSON_0154
PERSON_0360,PERSON,PERSON_1011,PERSON,CALLED,2025-06-19 07:33:17,0.05,0.43,CDR_AGG_PERSON_0360_PERSON_1011
PERSON_0334,PERSON,PERSON_1485,PERSON,CALLED,2025-07-30 15:36:10,0.05,0.41,CDR_AGG_PERSON_0334_PERSON_1485
PERSON_0484,PERSON,PERSON_0597,PERSON,CALLED,2025-05-01 23:04:43,0.05,0.49,CDR_AGG_PERSON_0484_PERSON_0597
PERSON_0630,PERSON,PERSON_1224,PERSON,CALLED,2025-04-29 00:59:20,0.05,0.51,CDR_AGG_PERSON_0630_PERSON_1224
PERSON_0232,PERSON,PERSON_1435,PERSON,CALLED,2024-10-10 22:17:04,0.05,0.48,CDR_AGG_PERSON_0232_PERSON_1435
PERSON_0629,PERSON,PERSON_0715,PERSON,CALLED,2026-02-20 02:58:09,0.05,0.75,CDR_AGG_PERSON_0629_PERSON_0715
PERSON_1433,PERSON,PERSON_1445,PERSON,CALLED,2025-11-15 20:34:57,0.05,0.75,CDR_AGG_PERSON_1433_PERSON_1445
PERSON_0636,PERSON,PERSON_0813,PERSON,CALLED,2024-01-21 09:22:51,0.05,0.49,CDR_AGG_PERSON_0636_PERSON_0813
PERSON_0145,PERSON,PERSON_0648,PERSON,CALLED,2024-11-15 02:28:03,0.05,0.65,CDR_AGG_PERSON_0145_PERSON_0648
PERSON_0147,PERSON,PERSON_1040,PERSON,CALLED,2025-08-08 03:13:55,0.05,0.61,CDR_AGG_PERSON_0147_PERSON_1040
PERSON_0030,PERSON,PERSON_0104,PERSON,CALLED,2025-10-01 12:19:44,0.05,0.44,CDR_AGG_PERSON_0030_PERSON_0104
PERSON_0509,PERSON,PERSON_0624,PERSON,CALLED,2024-12-29 17:18:22,0.05,0.46,CDR_AGG_PERSON_0509_PERSON_0624
PERSON_0074,PERSON,PERSON_0293,PERSON,CALLED,2026-06-03 10:37:14,0.05,0.75,CDR_AGG_PERSON_0074_PERSON_0293
PERSON_0382,PERSON,PERSON_1008,PERSON,CALLED,2024-12-02 22:20:29,0.05,0.55,CDR_AGG_PERSON_0382_PERSON_1008
PERSON_0342,PERSON,PERSON_0477,PERSON,CALLED,2024-12-11 09:52:50,0.05,0.65,CDR_AGG_PERSON_0342_PERSON_0477
PERSON_0053,PERSON,PERSON_0430,PERSON,CALLED,2026-04-03 10:02:08,0.05,0.45,CDR_AGG_PERSON_0053_PERSON_0430
PERSON_0908,PERSON,PERSON_1123,PERSON,CALLED,2024-08-24 16:59:15,0.05,0.5,CDR_AGG_PERSON_0908_PERSON_1123
PERSON_0454,PERSON,PERSON_1458,PERSON,CALLED,2025-11-02 03:46:07,0.05,0.41,CDR_AGG_PERSON_0454_PERSON_1458
PERSON_0502,PERSON,PERSON_0566,PERSON,CALLED,2025-04-22 06:05:48,0.05,0.71,CDR_AGG_PERSON_0502_PERSON_0566
PERSON_0075,PERSON,PERSON_0647,PERSON,CALLED,2025-02-07 16:03:26,0.05,0.76,CDR_AGG_PERSON_0075_PERSON_0647
PERSON_0393,PERSON,PERSON_0555,PERSON,CALLED,2024-12-06 16:24:02,0.05,0.6,CDR_AGG_PERSON_0393_PERSON_0555
PERSON_0983,PERSON,PERSON_1110,PERSON,CALLED,2025-07-13 08:49:18,0.05,0.83,CDR_AGG_PERSON_0983_PERSON_1110
PERSON_0621,PERSON,PERSON_0826,PERSON,CALLED,2025-04-23 05:23:10,0.05,0.83,CDR_AGG_PERSON_0621_PERSON_0826
PERSON_0528,PERSON,PERSON_0951,PERSON,CALLED,2025-02-21 16:20:25,0.05,0.44,CDR_AGG_PERSON_0528_PERSON_0951
PERSON_0050,PERSON,PERSON_1269,PERSON,CALLED,2025-07-03 16:56:54,0.05,0.64,CDR_AGG_PERSON_0050_PERSON_1269
PERSON_0220,PERSON,PERSON_1185,PERSON,CALLED,2024-06-01 07:58:13,0.05,0.59,CDR_AGG_PERSON_0220_PERSON_1185
PERSON_0164,PERSON,PERSON_1449,PERSON,CALLED,2024-07-05 16:10:55,0.05,0.57,CDR_AGG_PERSON_0164_PERSON_1449
PERSON_0435,PERSON,PERSON_1158,PERSON,CALLED,2025-03-15 00:14:22,0.05,0.75,CDR_AGG_PERSON_0435_PERSON_1158
PERSON_0109,PERSON,PERSON_0164,PERSON,CALLED,2024-05-13 16:34:14,0.05,0.84,CDR_AGG_PERSON_0109_PERSON_0164
PERSON_0398,PERSON,PERSON_0811,PERSON,CALLED,2024-10-23 23:49:14,0.05,0.72,CDR_AGG_PERSON_0398_PERSON_0811
PERSON_0423,PERSON,PERSON_0580,PERSON,CALLED,2025-03-20 17:34:43,0.05,0.69,CDR_AGG_PERSON_0423_PERSON_0580
PERSON_0747,PERSON,PERSON_1041,PERSON,CALLED,2024-03-28 22:57:49,0.05,0.85,CDR_AGG_PERSON_0747_PERSON_1041
PERSON_1029,PERSON,PERSON_1329,PERSON,CALLED,2024-03-25 06:22:39,0.05,0.76,CDR_AGG_PERSON_1029_PERSON_1329
PERSON_0435,PERSON,PERSON_0501,PERSON,CALLED,2025-04-21 05:42:51,0.05,0.5,CDR_AGG_PERSON_0435_PERSON_0501
PERSON_0511,PERSON,PERSON_1488,PERSON,CALLED,2024-12-14 15:26:46,0.05,0.55,CDR_AGG_PERSON_0511_PERSON_1488
PERSON_0092,PERSON,PERSON_0927,PERSON,CALLED,2024-03-01 16:24:24,0.05,0.65,CDR_AGG_PERSON_0092_PERSON_0927
PERSON_0806,PERSON,PERSON_1245,PERSON,CALLED,2025-01-02 20:34:58,0.05,0.61,CDR_AGG_PERSON_0806_PERSON_1245
PERSON_1071,PERSON,PERSON_1186,PERSON,CALLED,2025-04-05 11:37:46,0.05,0.82,CDR_AGG_PERSON_1071_PERSON_1186
PERSON_1168,PERSON,PERSON_1194,PERSON,CALLED,2026-04-30 07:28:08,0.05,0.44,CDR_AGG_PERSON_1168_PERSON_1194
PERSON_0338,PERSON,PERSON_0604,PERSON,CALLED,2025-02-28 00:30:09,0.05,0.49,CDR_AGG_PERSON_0338_PERSON_0604
PERSON_0307,PERSON,PERSON_0743,PERSON,CALLED,2026-06-29 17:05:07,0.05,0.59,CDR_AGG_PERSON_0307_PERSON_0743
PERSON_0326,PERSON,PERSON_1391,PERSON,CALLED,2024-10-13 14:37:57,0.05,0.65,CDR_AGG_PERSON_0326_PERSON_1391
PERSON_0025,PERSON,PERSON_1352,PERSON,CALLED,2024-12-22 22:18:20,0.05,0.77,CDR_AGG_PERSON_0025_PERSON_1352
PERSON_1156,PERSON,PERSON_1348,PERSON,CALLED,2025-10-22 04:01:08,0.05,0.68,CDR_AGG_PERSON_1156_PERSON_1348
PERSON_0168,PERSON,PERSON_0455,PERSON,CALLED,2025-01-22 16:02:39,0.05,0.72,CDR_AGG_PERSON_0168_PERSON_0455
PERSON_0830,PERSON,PERSON_0985,PERSON,CALLED,2025-07-01 12:07:40,0.05,0.7,CDR_AGG_PERSON_0830_PERSON_0985
PERSON_0385,PERSON,PERSON_1417,PERSON,CALLED,2026-06-20 03:07:47,0.05,0.7,CDR_AGG_PERSON_0385_PERSON_1417
PERSON_0272,PERSON,PERSON_0341,PERSON,CALLED,2024-04-15 22:26:15,0.05,0.58,CDR_AGG_PERSON_0272_PERSON_0341
PERSON_0142,PERSON,PERSON_0630,PERSON,CALLED,2025-09-01 03:56:40,0.05,0.61,CDR_AGG_PERSON_0142_PERSON_0630
PERSON_0239,PERSON,PERSON_1403,PERSON,CALLED,2024-03-01 10:55:17,0.05,0.53,CDR_AGG_PERSON_0239_PERSON_1403
PERSON_0722,PERSON,PERSON_0746,PERSON,CALLED,2026-04-10 15:38:00,0.05,0.45,CDR_AGG_PERSON_0722_PERSON_0746
PERSON_0284,PERSON,PERSON_1272,PERSON,CALLED,2024-12-12 19:25:10,0.05,0.44,CDR_AGG_PERSON_0284_PERSON_1272
PERSON_0701,PERSON,PERSON_0954,PERSON,CALLED,2025-03-08 07:07:35,0.05,0.59,CDR_AGG_PERSON_0701_PERSON_0954
PERSON_0375,PERSON,PERSON_1404,PERSON,CALLED,2024-10-02 03:35:03,0.05,0.7,CDR_AGG_PERSON_0375_PERSON_1404
PERSON_0747,PERSON,PERSON_1422,PERSON,CALLED,2026-01-18 16:09:49,0.05,0.66,CDR_AGG_PERSON_0747_PERSON_1422
PERSON_0169,PERSON,PERSON_0888,PERSON,CALLED,2025-11-14 22:50:24,0.1,0.45,CDR_AGG_PERSON_0169_PERSON_0888
PERSON_0466,PERSON,PERSON_0501,PERSON,CALLED,2025-11-03 11:53:13,0.05,0.78,CDR_AGG_PERSON_0466_PERSON_0501
PERSON_0495,PERSON,PERSON_1368,PERSON,CALLED,2024-02-04 20:00:31,0.05,0.79,CDR_AGG_PERSON_0495_PERSON_1368
PERSON_0081,PERSON,PERSON_0282,PERSON,CALLED,2026-03-15 20:00:00,0.05,0.62,CDR_AGG_PERSON_0081_PERSON_0282
PERSON_0761,PERSON,PERSON_1275,PERSON,CALLED,2025-06-15 13:21:05,0.05,0.75,CDR_AGG_PERSON_0761_PERSON_1275
PERSON_0120,PERSON,PERSON_0189,PERSON,CALLED,2025-02-27 13:30:21,0.05,0.42,CDR_AGG_PERSON_0120_PERSON_0189
PERSON_0649,PERSON,PERSON_0709,PERSON,CALLED,2024-11-11 10:56:03,0.05,0.63,CDR_AGG_PERSON_0649_PERSON_0709
PERSON_0837,PERSON,PERSON_0907,PERSON,CALLED,2025-01-28 05:51:27,0.05,0.5,CDR_AGG_PERSON_0837_PERSON_0907
PERSON_0187,PERSON,PERSON_1279,PERSON,CALLED,2026-04-19 02:42:31,0.05,0.57,CDR_AGG_PERSON_0187_PERSON_1279
PERSON_1032,PERSON,PERSON_1181,PERSON,CALLED,2024-03-04 01:24:47,0.05,0.48,CDR_AGG_PERSON_1032_PERSON_1181
PERSON_0007,PERSON,PERSON_0627,PERSON,CALLED,2025-02-11 16:39:21,0.05,0.49,CDR_AGG_PERSON_0007_PERSON_0627
PERSON_0160,PERSON,PERSON_0481,PERSON,CALLED,2024-02-15 21:53:01,0.05,0.69,CDR_AGG_PERSON_0160_PERSON_0481
PERSON_0060,PERSON,PERSON_0703,PERSON,CALLED,2026-06-15 00:07:41,0.05,0.76,CDR_AGG_PERSON_0060_PERSON_0703
PERSON_0131,PERSON,PERSON_1326,PERSON,CALLED,2024-03-28 04:01:57,0.05,0.74,CDR_AGG_PERSON_0131_PERSON_1326
PERSON_0526,PERSON,PERSON_0787,PERSON,CALLED,2024-02-12 21:12:31,0.05,0.7,CDR_AGG_PERSON_0526_PERSON_0787
PERSON_0582,PERSON,PERSON_0681,PERSON,CALLED,2025-08-02 22:02:35,0.05,0.72,CDR_AGG_PERSON_0582_PERSON_0681
PERSON_0310,PERSON,PERSON_0962,PERSON,CALLED,2024-09-27 09:18:48,0.05,0.6,CDR_AGG_PERSON_0310_PERSON_0962
PERSON_0386,PERSON,PERSON_1246,PERSON,CALLED,2026-03-26 10:00:52,0.05,0.49,CDR_AGG_PERSON_0386_PERSON_1246
PERSON_0478,PERSON,PERSON_0908,PERSON,CALLED,2025-01-16 00:53:25,0.05,0.54,CDR_AGG_PERSON_0478_PERSON_0908
PERSON_0175,PERSON,PERSON_0338,PERSON,CALLED,2026-06-13 14:04:10,0.05,0.79,CDR_AGG_PERSON_0175_PERSON_0338
PERSON_0551,PERSON,PERSON_0932,PERSON,CALLED,2024-12-20 20:17:58,0.05,0.62,CDR_AGG_PERSON_0551_PERSON_0932
PERSON_0057,PERSON,PERSON_1376,PERSON,CALLED,2025-08-04 17:38:27,0.05,0.43,CDR_AGG_PERSON_0057_PERSON_1376
PERSON_0565,PERSON,PERSON_1250,PERSON,CALLED,2026-04-03 03:56:34,0.05,0.78,CDR_AGG_PERSON_0565_PERSON_1250
PERSON_0306,PERSON,PERSON_0621,PERSON,CALLED,2025-02-25 21:53:01,0.05,0.43,CDR_AGG_PERSON_0306_PERSON_0621
PERSON_0948,PERSON,PERSON_1497,PERSON,CALLED,2025-06-14 18:16:22,0.05,0.58,CDR_AGG_PERSON_0948_PERSON_1497
PERSON_1272,PERSON,PERSON_1414,PERSON,CALLED,2024-07-27 01:45:41,0.05,0.84,CDR_AGG_PERSON_1272_PERSON_1414
PERSON_0114,PERSON,PERSON_0857,PERSON,CALLED,2024-08-20 03:37:55,0.05,0.85,CDR_AGG_PERSON_0114_PERSON_0857
PERSON_0415,PERSON,PERSON_0790,PERSON,CALLED,2026-06-09 15:16:46,0.05,0.49,CDR_AGG_PERSON_0415_PERSON_0790
PERSON_0514,PERSON,PERSON_0745,PERSON,CALLED,2025-01-05 15:54:26,0.05,0.41,CDR_AGG_PERSON_0514_PERSON_0745
PERSON_1055,PERSON,PERSON_1087,PERSON,CALLED,2025-11-27 23:18:45,0.05,0.77,CDR_AGG_PERSON_1055_PERSON_1087
PERSON_0707,PERSON,PERSON_1483,PERSON,CALLED,2024-08-17 17:47:42,0.1,0.75,CDR_AGG_PERSON_0707_PERSON_1483
PERSON_0152,PERSON,PERSON_1455,PERSON,CALLED,2024-09-26 02:31:56,0.05,0.81,CDR_AGG_PERSON_0152_PERSON_1455
PERSON_0294,PERSON,PERSON_0647,PERSON,CALLED,2024-07-13 05:22:01,0.05,0.53,CDR_AGG_PERSON_0294_PERSON_0647
PERSON_0046,PERSON,PERSON_0707,PERSON,CALLED,2024-04-07 05:21:49,0.05,0.47,CDR_AGG_PERSON_0046_PERSON_0707
PERSON_0379,PERSON,PERSON_1416,PERSON,CALLED,2025-07-19 07:40:04,0.05,0.83,CDR_AGG_PERSON_0379_PERSON_1416
PERSON_0400,PERSON,PERSON_1166,PERSON,CALLED,2025-10-06 13:33:25,0.05,0.74,CDR_AGG_PERSON_0400_PERSON_1166
PERSON_0828,PERSON,PERSON_1087,PERSON,CALLED,2025-07-31 11:49:05,0.05,0.83,CDR_AGG_PERSON_0828_PERSON_1087
PERSON_1401,PERSON,PERSON_1493,PERSON,CALLED,2024-12-02 11:27:10,0.05,0.63,CDR_AGG_PERSON_1401_PERSON_1493
PERSON_0295,PERSON,PERSON_0518,PERSON,CALLED,2024-08-31 13:59:24,0.05,0.5,CDR_AGG_PERSON_0295_PERSON_0518
PERSON_0357,PERSON,PERSON_0453,PERSON,CALLED,2026-02-01 11:52:05,0.05,0.74,CDR_AGG_PERSON_0357_PERSON_0453
PERSON_0949,PERSON,PERSON_0969,PERSON,CALLED,2024-01-28 13:57:05,0.05,0.55,CDR_AGG_PERSON_0949_PERSON_0969
PERSON_0270,PERSON,PERSON_0525,PERSON,CALLED,2025-04-25 22:20:19,0.05,0.82,CDR_AGG_PERSON_0270_PERSON_0525
PERSON_0693,PERSON,PERSON_1107,PERSON,CALLED,2024-02-27 02:25:47,0.05,0.45,CDR_AGG_PERSON_0693_PERSON_1107
PERSON_0678,PERSON,PERSON_1333,PERSON,CALLED,2025-06-19 11:20:20,0.05,0.63,CDR_AGG_PERSON_0678_PERSON_1333
PERSON_0025,PERSON,PERSON_0771,PERSON,CALLED,2025-08-05 19:21:44,0.05,0.73,CDR_AGG_PERSON_0025_PERSON_0771
PERSON_0972,PERSON,PERSON_1139,PERSON,CALLED,2024-02-04 22:20:47,0.05,0.74,CDR_AGG_PERSON_0972_PERSON_1139
PERSON_0335,PERSON,PERSON_1158,PERSON,CALLED,2026-01-18 21:16:01,0.05,0.59,CDR_AGG_PERSON_0335_PERSON_1158
PERSON_0697,PERSON,PERSON_0981,PERSON,CALLED,2024-12-07 22:04:38,0.05,0.74,CDR_AGG_PERSON_0697_PERSON_0981
PERSON_0670,PERSON,PERSON_0983,PERSON,CALLED,2025-09-30 15:44:55,0.05,0.75,CDR_AGG_PERSON_0670_PERSON_0983
PERSON_0375,PERSON,PERSON_0684,PERSON,CALLED,2024-12-23 03:12:15,0.05,0.84,CDR_AGG_PERSON_0375_PERSON_0684
PERSON_0341,PERSON,PERSON_0775,PERSON,CALLED,2026-05-30 09:45:08,0.05,0.71,CDR_AGG_PERSON_0341_PERSON_0775
PERSON_0119,PERSON,PERSON_0330,PERSON,CALLED,2025-06-09 03:12:10,0.05,0.67,CDR_AGG_PERSON_0119_PERSON_0330
PERSON_0196,PERSON,PERSON_0268,PERSON,CALLED,2024-10-27 13:09:58,0.05,0.83,CDR_AGG_PERSON_0196_PERSON_0268
PERSON_0595,PERSON,PERSON_1256,PERSON,CALLED,2026-03-16 04:22:11,0.05,0.46,CDR_AGG_PERSON_0595_PERSON_1256
PERSON_0259,PERSON,PERSON_0447,PERSON,CALLED,2024-05-17 13:18:43,0.05,0.66,CDR_AGG_PERSON_0259_PERSON_0447
PERSON_0425,PERSON,PERSON_0990,PERSON,CALLED,2025-10-31 12:03:45,0.05,0.78,CDR_AGG_PERSON_0425_PERSON_0990
PERSON_0144,PERSON,PERSON_0938,PERSON,CALLED,2024-01-20 08:31:47,0.05,0.53,CDR_AGG_PERSON_0144_PERSON_0938
PERSON_0305,PERSON,PERSON_1301,PERSON,CALLED,2024-11-26 09:01:48,0.05,0.84,CDR_AGG_PERSON_0305_PERSON_1301
PERSON_0991,PERSON,PERSON_1059,PERSON,CALLED,2026-02-11 13:07:05,0.05,0.55,CDR_AGG_PERSON_0991_PERSON_1059
PERSON_0180,PERSON,PERSON_0810,PERSON,CALLED,2025-04-21 19:54:07,0.05,0.44,CDR_AGG_PERSON_0180_PERSON_0810
PERSON_1260,PERSON,PERSON_1396,PERSON,CALLED,2025-12-15 00:46:32,0.05,0.63,CDR_AGG_PERSON_1260_PERSON_1396
PERSON_1209,PERSON,PERSON_1239,PERSON,CALLED,2025-04-14 17:01:56,0.05,0.69,CDR_AGG_PERSON_1209_PERSON_1239
PERSON_0194,PERSON,PERSON_0282,PERSON,CALLED,2024-11-21 17:32:34,0.05,0.48,CDR_AGG_PERSON_0194_PERSON_0282
PERSON_0247,PERSON,PERSON_1201,PERSON,CALLED,2025-05-16 05:33:30,0.05,0.73,CDR_AGG_PERSON_0247_PERSON_1201
PERSON_0214,PERSON,PERSON_0752,PERSON,CALLED,2024-06-13 06:13:23,0.05,0.67,CDR_AGG_PERSON_0214_PERSON_0752
PERSON_0643,PERSON,PERSON_0919,PERSON,CALLED,2024-11-06 08:13:25,0.05,0.54,CDR_AGG_PERSON_0643_PERSON_0919
PERSON_0718,PERSON,PERSON_1305,PERSON,CALLED,2024-07-12 10:57:34,0.05,0.67,CDR_AGG_PERSON_0718_PERSON_1305
PERSON_0260,PERSON,PERSON_0943,PERSON,CALLED,2024-01-12 05:09:36,0.05,0.77,CDR_AGG_PERSON_0260_PERSON_0943
PERSON_0571,PERSON,PERSON_1043,PERSON,CALLED,2025-06-18 23:06:27,0.05,0.48,CDR_AGG_PERSON_0571_PERSON_1043
PERSON_0500,PERSON,PERSON_1217,PERSON,CALLED,2025-12-18 01:59:22,0.05,0.45,CDR_AGG_PERSON_0500_PERSON_1217
PERSON_0190,PERSON,PERSON_0630,PERSON,CALLED,2024-08-10 15:13:23,0.05,0.55,CDR_AGG_PERSON_0190_PERSON_0630
PERSON_0916,PERSON,PERSON_1105,PERSON,CALLED,2024-05-28 23:51:37,0.05,0.59,CDR_AGG_PERSON_0916_PERSON_1105
PERSON_0500,PERSON,PERSON_1169,PERSON,CALLED,2025-01-18 08:34:45,0.05,0.5,CDR_AGG_PERSON_0500_PERSON_1169
PERSON_1140,PERSON,PERSON_1479,PERSON,CALLED,2024-12-21 20:12:14,0.05,0.46,CDR_AGG_PERSON_1140_PERSON_1479
PERSON_0426,PERSON,PERSON_1322,PERSON,CALLED,2026-03-06 19:30:53,0.05,0.44,CDR_AGG_PERSON_0426_PERSON_1322
PERSON_0147,PERSON,PERSON_1099,PERSON,CALLED,2025-05-10 09:06:38,0.05,0.54,CDR_AGG_PERSON_0147_PERSON_1099
PERSON_0203,PERSON,PERSON_0913,PERSON,CALLED,2025-11-26 12:20:34,0.05,0.5,CDR_AGG_PERSON_0203_PERSON_0913
PERSON_0224,PERSON,PERSON_0344,PERSON,CALLED,2025-02-10 20:54:19,0.05,0.74,CDR_AGG_PERSON_0224_PERSON_0344
PERSON_0287,PERSON,PERSON_0864,PERSON,CALLED,2024-02-07 01:20:00,0.05,0.76,CDR_AGG_PERSON_0287_PERSON_0864
PERSON_0367,PERSON,PERSON_1386,PERSON,CALLED,2024-02-27 17:41:58,0.05,0.62,CDR_AGG_PERSON_0367_PERSON_1386
PERSON_0406,PERSON,PERSON_1164,PERSON,CALLED,2025-09-09 14:07:07,0.05,0.74,CDR_AGG_PERSON_0406_PERSON_1164
PERSON_0211,PERSON,PERSON_1365,PERSON,CALLED,2025-03-18 00:38:17,0.05,0.8,CDR_AGG_PERSON_0211_PERSON_1365
PERSON_0169,PERSON,PERSON_0265,PERSON,CALLED,2024-10-10 21:18:58,0.05,0.59,CDR_AGG_PERSON_0169_PERSON_0265
PERSON_0518,PERSON,PERSON_0782,PERSON,CALLED,2024-12-31 11:27:38,0.05,0.82,CDR_AGG_PERSON_0518_PERSON_0782
PERSON_0544,PERSON,PERSON_1181,PERSON,CALLED,2025-07-22 06:15:23,0.05,0.42,CDR_AGG_PERSON_0544_PERSON_1181
PERSON_0248,PERSON,PERSON_0561,PERSON,CALLED,2025-11-18 18:12:34,0.05,0.65,CDR_AGG_PERSON_0248_PERSON_0561
PERSON_0220,PERSON,PERSON_1291,PERSON,CALLED,2026-02-12 04:46:15,0.05,0.63,CDR_AGG_PERSON_0220_PERSON_1291
PERSON_0024,PERSON,PERSON_0947,PERSON,CALLED,2024-10-06 01:27:29,0.05,0.42,CDR_AGG_PERSON_0024_PERSON_0947
PERSON_0564,PERSON,PERSON_0871,PERSON,CALLED,2025-01-07 15:01:06,0.05,0.55,CDR_AGG_PERSON_0564_PERSON_0871
PERSON_0499,PERSON,PERSON_1203,PERSON,CALLED,2025-05-04 15:27:21,0.05,0.72,CDR_AGG_PERSON_0499_PERSON_1203
PERSON_0011,PERSON,PERSON_0243,PERSON,CALLED,2024-11-13 21:54:54,0.05,0.56,CDR_AGG_PERSON_0011_PERSON_0243
PERSON_0556,PERSON,PERSON_1249,PERSON,CALLED,2024-09-26 10:17:25,0.05,0.69,CDR_AGG_PERSON_0556_PERSON_1249
PERSON_0272,PERSON,PERSON_1198,PERSON,CALLED,2025-03-09 21:55:24,0.05,0.5,CDR_AGG_PERSON_0272_PERSON_1198
PERSON_0001,PERSON,PERSON_0859,PERSON,CALLED,2025-05-01 04:44:13,0.05,0.54,CDR_AGG_PERSON_0001_PERSON_0859
PERSON_0775,PERSON,PERSON_1129,PERSON,CALLED,2026-03-01 04:14:55,0.05,0.69,CDR_AGG_PERSON_0775_PERSON_1129
PERSON_0605,PERSON,PERSON_0943,PERSON,CALLED,2025-05-27 19:18:22,0.05,0.5,CDR_AGG_PERSON_0605_PERSON_0943
PERSON_0596,PERSON,PERSON_0881,PERSON,CALLED,2025-10-27 15:26:12,0.05,0.68,CDR_AGG_PERSON_0596_PERSON_0881
PERSON_0667,PERSON,PERSON_0669,PERSON,CALLED,2025-02-07 10:56:50,0.05,0.56,CDR_AGG_PERSON_0667_PERSON_0669
PERSON_0259,PERSON,PERSON_0904,PERSON,CALLED,2024-09-27 13:37:51,0.05,0.69,CDR_AGG_PERSON_0259_PERSON_0904
PERSON_0601,PERSON,PERSON_0759,PERSON,CALLED,2025-03-02 08:38:51,0.05,0.74,CDR_AGG_PERSON_0601_PERSON_0759
PERSON_0688,PERSON,PERSON_0787,PERSON,CALLED,2026-02-04 17:33:02,0.1,0.4,CDR_AGG_PERSON_0688_PERSON_0787
PERSON_1391,PERSON,PERSON_1409,PERSON,CALLED,2025-04-20 18:29:13,0.05,0.63,CDR_AGG_PERSON_1391_PERSON_1409
PERSON_0266,PERSON,PERSON_0437,PERSON,CALLED,2024-10-04 22:23:35,0.05,0.54,CDR_AGG_PERSON_0266_PERSON_0437
PERSON_0709,PERSON,PERSON_1029,PERSON,CALLED,2025-03-20 19:22:17,0.05,0.48,CDR_AGG_PERSON_0709_PERSON_1029
PERSON_1027,PERSON,PERSON_1309,PERSON,CALLED,2024-03-22 21:28:49,0.05,0.44,CDR_AGG_PERSON_1027_PERSON_1309
PERSON_0205,PERSON,PERSON_1166,PERSON,CALLED,2025-06-08 02:52:10,0.05,0.69,CDR_AGG_PERSON_0205_PERSON_1166
PERSON_0039,PERSON,PERSON_0247,PERSON,CALLED,2025-10-28 02:38:53,0.05,0.69,CDR_AGG_PERSON_0039_PERSON_0247
PERSON_0581,PERSON,PERSON_0646,PERSON,CALLED,2026-02-02 18:43:38,0.05,0.48,CDR_AGG_PERSON_0581_PERSON_0646
PERSON_0039,PERSON,PERSON_0919,PERSON,CALLED,2025-09-21 17:51:32,0.05,0.77,CDR_AGG_PERSON_0039_PERSON_0919
PERSON_0121,PERSON,PERSON_1002,PERSON,CALLED,2025-12-30 12:20:41,0.05,0.4,CDR_AGG_PERSON_0121_PERSON_1002
PERSON_0476,PERSON,PERSON_0695,PERSON,CALLED,2024-09-19 17:09:24,0.05,0.43,CDR_AGG_PERSON_0476_PERSON_0695
PERSON_0862,PERSON,PERSON_1194,PERSON,CALLED,2024-02-14 07:19:09,0.05,0.85,CDR_AGG_PERSON_0862_PERSON_1194
PERSON_0450,PERSON,PERSON_1421,PERSON,CALLED,2025-06-05 00:57:43,0.05,0.8,CDR_AGG_PERSON_0450_PERSON_1421
PERSON_1235,PERSON,PERSON_1267,PERSON,CALLED,2024-09-05 00:02:46,0.05,0.71,CDR_AGG_PERSON_1235_PERSON_1267
PERSON_0316,PERSON,PERSON_0544,PERSON,CALLED,2024-08-17 14:02:19,0.05,0.57,CDR_AGG_PERSON_0316_PERSON_0544
PERSON_0672,PERSON,PERSON_1175,PERSON,CALLED,2025-12-06 07:53:38,0.05,0.64,CDR_AGG_PERSON_0672_PERSON_1175
PERSON_0095,PERSON,PERSON_0229,PERSON,CALLED,2025-05-27 00:57:58,0.1,0.47,CDR_AGG_PERSON_0095_PERSON_0229
PERSON_0105,PERSON,PERSON_0413,PERSON,CALLED,2026-05-12 10:08:58,0.05,0.78,CDR_AGG_PERSON_0105_PERSON_0413
PERSON_0116,PERSON,PERSON_1097,PERSON,CALLED,2024-08-13 05:49:56,0.05,0.69,CDR_AGG_PERSON_0116_PERSON_1097
PERSON_0359,PERSON,PERSON_0724,PERSON,CALLED,2024-03-19 22:43:59,0.05,0.84,CDR_AGG_PERSON_0359_PERSON_0724
PERSON_0067,PERSON,PERSON_0210,PERSON,CALLED,2025-01-01 02:17:26,0.05,0.56,CDR_AGG_PERSON_0067_PERSON_0210
PERSON_0995,PERSON,PERSON_1255,PERSON,CALLED,2026-04-24 14:41:23,0.05,0.67,CDR_AGG_PERSON_0995_PERSON_1255
PERSON_0045,PERSON,PERSON_1476,PERSON,CALLED,2025-10-22 04:57:13,0.05,0.82,CDR_AGG_PERSON_0045_PERSON_1476
PERSON_0388,PERSON,PERSON_0936,PERSON,CALLED,2024-05-28 08:01:54,0.05,0.81,CDR_AGG_PERSON_0388_PERSON_0936
PERSON_0019,PERSON,PERSON_0827,PERSON,CALLED,2025-08-22 07:27:37,0.05,0.52,CDR_AGG_PERSON_0019_PERSON_0827
PERSON_0847,PERSON,PERSON_1225,PERSON,CALLED,2024-06-13 12:33:45,0.05,0.41,CDR_AGG_PERSON_0847_PERSON_1225
PERSON_1003,PERSON,PERSON_1059,PERSON,CALLED,2025-07-13 22:33:02,0.05,0.71,CDR_AGG_PERSON_1003_PERSON_1059
PERSON_0630,PERSON,PERSON_0929,PERSON,CALLED,2024-02-15 19:59:10,0.05,0.58,CDR_AGG_PERSON_0630_PERSON_0929
PERSON_0929,PERSON,PERSON_1130,PERSON,CALLED,2024-10-13 18:06:02,0.05,0.52,CDR_AGG_PERSON_0929_PERSON_1130
PERSON_0758,PERSON,PERSON_1011,PERSON,CALLED,2024-05-01 17:43:23,0.05,0.53,CDR_AGG_PERSON_0758_PERSON_1011
PERSON_0749,PERSON,PERSON_1198,PERSON,CALLED,2024-01-29 02:45:15,0.05,0.55,CDR_AGG_PERSON_0749_PERSON_1198
PERSON_0263,PERSON,PERSON_1142,PERSON,CALLED,2025-07-28 09:21:33,0.1,0.53,CDR_AGG_PERSON_0263_PERSON_1142
PERSON_0601,PERSON,PERSON_1335,PERSON,CALLED,2025-08-06 11:11:16,0.1,0.42,CDR_AGG_PERSON_0601_PERSON_1335
PERSON_0195,PERSON,PERSON_1121,PERSON,CALLED,2024-06-21 13:51:13,0.05,0.72,CDR_AGG_PERSON_0195_PERSON_1121
PERSON_0037,PERSON,PERSON_0664,PERSON,CALLED,2024-03-28 09:21:14,0.05,0.66,CDR_AGG_PERSON_0037_PERSON_0664
PERSON_0649,PERSON,PERSON_1490,PERSON,CALLED,2024-03-31 05:52:04,0.05,0.52,CDR_AGG_PERSON_0649_PERSON_1490
PERSON_0349,PERSON,PERSON_0793,PERSON,CALLED,2025-06-26 20:30:19,0.05,0.57,CDR_AGG_PERSON_0349_PERSON_0793
PERSON_0686,PERSON,PERSON_1151,PERSON,CALLED,2025-09-26 07:00:53,0.05,0.67,CDR_AGG_PERSON_0686_PERSON_1151
PERSON_0223,PERSON,PERSON_1337,PERSON,CALLED,2026-02-28 13:56:43,0.05,0.43,CDR_AGG_PERSON_0223_PERSON_1337
PERSON_1046,PERSON,PERSON_1049,PERSON,CALLED,2025-12-02 04:24:44,0.05,0.45,CDR_AGG_PERSON_1046_PERSON_1049
PERSON_0704,PERSON,PERSON_0960,PERSON,CALLED,2026-02-02 00:02:32,0.1,0.73,CDR_AGG_PERSON_0704_PERSON_0960
PERSON_0995,PERSON,PERSON_1097,PERSON,CALLED,2026-03-23 04:20:34,0.05,0.59,CDR_AGG_PERSON_0995_PERSON_1097
PERSON_0097,PERSON,PERSON_0223,PERSON,CALLED,2025-03-25 17:54:16,0.05,0.5,CDR_AGG_PERSON_0097_PERSON_0223
PERSON_0092,PERSON,PERSON_0603,PERSON,CALLED,2024-04-08 00:31:30,0.05,0.59,CDR_AGG_PERSON_0092_PERSON_0603
PERSON_0067,PERSON,PERSON_0317,PERSON,CALLED,2026-01-03 07:47:05,0.05,0.83,CDR_AGG_PERSON_0067_PERSON_0317
PERSON_0570,PERSON,PERSON_0838,PERSON,CALLED,2024-04-02 03:23:05,0.05,0.7,CDR_AGG_PERSON_0570_PERSON_0838
PERSON_0375,PERSON,PERSON_1168,PERSON,CALLED,2025-12-08 08:58:56,0.05,0.72,CDR_AGG_PERSON_0375_PERSON_1168
PERSON_0714,PERSON,PERSON_0728,PERSON,CALLED,2025-12-03 18:59:39,0.05,0.57,CDR_AGG_PERSON_0714_PERSON_0728
PERSON_0078,PERSON,PERSON_1489,PERSON,CALLED,2024-01-01 06:20:03,0.05,0.47,CDR_AGG_PERSON_0078_PERSON_1489
PERSON_0113,PERSON,PERSON_1406,PERSON,CALLED,2026-03-31 11:17:02,0.05,0.48,CDR_AGG_PERSON_0113_PERSON_1406
PERSON_0212,PERSON,PERSON_1177,PERSON,CALLED,2024-07-15 07:38:16,0.05,0.74,CDR_AGG_PERSON_0212_PERSON_1177
PERSON_0119,PERSON,PERSON_0407,PERSON,CALLED,2024-08-04 14:55:02,0.05,0.71,CDR_AGG_PERSON_0119_PERSON_0407
PERSON_0791,PERSON,PERSON_0808,PERSON,CALLED,2024-06-19 15:59:30,0.05,0.57,CDR_AGG_PERSON_0791_PERSON_0808
PERSON_0317,PERSON,PERSON_0570,PERSON,CALLED,2025-04-22 01:22:46,0.05,0.73,CDR_AGG_PERSON_0317_PERSON_0570
PERSON_0330,PERSON,PERSON_0737,PERSON,CALLED,2024-07-14 09:41:39,0.05,0.74,CDR_AGG_PERSON_0330_PERSON_0737
PERSON_0382,PERSON,PERSON_1055,PERSON,CALLED,2024-09-27 05:31:26,0.05,0.42,CDR_AGG_PERSON_0382_PERSON_1055
PERSON_0010,PERSON,PERSON_0772,PERSON,CALLED,2024-11-19 22:13:14,0.05,0.48,CDR_AGG_PERSON_0010_PERSON_0772
PERSON_0023,PERSON,PERSON_0675,PERSON,CALLED,2025-01-26 20:59:28,0.05,0.48,CDR_AGG_PERSON_0023_PERSON_0675
PERSON_0131,PERSON,PERSON_0693,PERSON,CALLED,2026-02-06 04:48:41,0.05,0.57,CDR_AGG_PERSON_0131_PERSON_0693
PERSON_0028,PERSON,PERSON_1495,PERSON,CALLED,2024-12-13 18:25:44,0.05,0.71,CDR_AGG_PERSON_0028_PERSON_1495
PERSON_1391,PERSON,PERSON_1484,PERSON,CALLED,2025-06-18 05:38:10,0.05,0.69,CDR_AGG_PERSON_1391_PERSON_1484
PERSON_0164,PERSON,PERSON_0714,PERSON,CALLED,2024-02-18 06:04:15,0.05,0.78,CDR_AGG_PERSON_0164_PERSON_0714
PERSON_0031,PERSON,PERSON_1061,PERSON,CALLED,2025-06-16 22:03:23,0.05,0.64,CDR_AGG_PERSON_0031_PERSON_1061
PERSON_0805,PERSON,PERSON_1307,PERSON,CALLED,2026-06-29 07:13:32,0.05,0.47,CDR_AGG_PERSON_0805_PERSON_1307
PERSON_1124,PERSON,PERSON_1131,PERSON,CALLED,2025-10-13 23:21:25,0.05,0.67,CDR_AGG_PERSON_1124_PERSON_1131
PERSON_0841,PERSON,PERSON_1405,PERSON,CALLED,2025-09-18 05:00:37,0.05,0.56,CDR_AGG_PERSON_0841_PERSON_1405
PERSON_1013,PERSON,PERSON_1098,PERSON,CALLED,2025-03-30 04:33:05,0.05,0.49,CDR_AGG_PERSON_1013_PERSON_1098
PERSON_0658,PERSON,PERSON_1270,PERSON,CALLED,2024-07-31 17:45:16,0.05,0.8,CDR_AGG_PERSON_0658_PERSON_1270
PERSON_0962,PERSON,PERSON_0963,PERSON,CALLED,2024-05-17 18:21:25,0.05,0.54,CDR_AGG_PERSON_0962_PERSON_0963
PERSON_0958,PERSON,PERSON_1035,PERSON,CALLED,2025-08-30 16:20:21,0.05,0.68,CDR_AGG_PERSON_0958_PERSON_1035
PERSON_0074,PERSON,PERSON_1369,PERSON,CALLED,2024-08-17 17:20:49,0.05,0.7,CDR_AGG_PERSON_0074_PERSON_1369
PERSON_0107,PERSON,PERSON_0967,PERSON,CALLED,2024-01-13 22:21:19,0.05,0.69,CDR_AGG_PERSON_0107_PERSON_0967
PERSON_0069,PERSON,PERSON_1344,PERSON,CALLED,2024-08-23 08:36:41,0.05,0.52,CDR_AGG_PERSON_0069_PERSON_1344
PERSON_0859,PERSON,PERSON_1198,PERSON,CALLED,2025-11-17 02:24:38,0.05,0.61,CDR_AGG_PERSON_0859_PERSON_1198
PERSON_0480,PERSON,PERSON_0849,PERSON,CALLED,2025-09-15 19:27:50,0.05,0.83,CDR_AGG_PERSON_0480_PERSON_0849
PERSON_0423,PERSON,PERSON_1366,PERSON,CALLED,2024-12-03 01:56:39,0.05,0.69,CDR_AGG_PERSON_0423_PERSON_1366
PERSON_1150,PERSON,PERSON_1384,PERSON,CALLED,2025-03-21 13:03:39,0.05,0.48,CDR_AGG_PERSON_1150_PERSON_1384
PERSON_0744,PERSON,PERSON_0862,PERSON,CALLED,2024-05-24 09:22:54,0.05,0.47,CDR_AGG_PERSON_0744_PERSON_0862
PERSON_0237,PERSON,PERSON_1127,PERSON,CALLED,2025-07-01 11:24:38,0.05,0.73,CDR_AGG_PERSON_0237_PERSON_1127
PERSON_0766,PERSON,PERSON_1288,PERSON,CALLED,2024-07-07 02:11:32,0.05,0.83,CDR_AGG_PERSON_0766_PERSON_1288
PERSON_0777,PERSON,PERSON_1399,PERSON,CALLED,2024-10-25 22:54:22,0.05,0.77,CDR_AGG_PERSON_0777_PERSON_1399
PERSON_1102,PERSON,PERSON_1161,PERSON,CALLED,2025-06-30 07:46:27,0.05,0.53,CDR_AGG_PERSON_1102_PERSON_1161
PERSON_0643,PERSON,PERSON_1235,PERSON,CALLED,2026-03-25 13:11:10,0.05,0.62,CDR_AGG_PERSON_0643_PERSON_1235
PERSON_0025,PERSON,PERSON_1011,PERSON,CALLED,2025-05-03 16:29:59,0.05,0.43,CDR_AGG_PERSON_0025_PERSON_1011
PERSON_0458,PERSON,PERSON_1390,PERSON,CALLED,2025-05-17 22:53:45,0.05,0.74,CDR_AGG_PERSON_0458_PERSON_1390
PERSON_0464,PERSON,PERSON_0676,PERSON,CALLED,2025-01-17 02:16:22,0.05,0.44,CDR_AGG_PERSON_0464_PERSON_0676
PERSON_0242,PERSON,PERSON_0654,PERSON,CALLED,2025-09-01 20:45:36,0.05,0.65,CDR_AGG_PERSON_0242_PERSON_0654
PERSON_0014,PERSON,PERSON_0337,PERSON,CALLED,2025-04-11 23:00:10,0.05,0.57,CDR_AGG_PERSON_0014_PERSON_0337
PERSON_1194,PERSON,PERSON_1408,PERSON,CALLED,2026-06-09 00:28:14,0.05,0.74,CDR_AGG_PERSON_1194_PERSON_1408
PERSON_0748,PERSON,PERSON_1444,PERSON,CALLED,2025-10-22 18:30:21,0.05,0.54,CDR_AGG_PERSON_0748_PERSON_1444
PERSON_0260,PERSON,PERSON_0304,PERSON,CALLED,2024-11-07 18:51:46,0.05,0.49,CDR_AGG_PERSON_0260_PERSON_0304
PERSON_0255,PERSON,PERSON_1382,PERSON,CALLED,2026-06-07 08:43:08,0.05,0.69,CDR_AGG_PERSON_0255_PERSON_1382
PERSON_1201,PERSON,PERSON_1376,PERSON,CALLED,2024-11-13 12:08:35,0.05,0.76,CDR_AGG_PERSON_1201_PERSON_1376
PERSON_0627,PERSON,PERSON_1241,PERSON,CALLED,2024-07-04 09:15:34,0.05,0.43,CDR_AGG_PERSON_0627_PERSON_1241
PERSON_0196,PERSON,PERSON_0598,PERSON,CALLED,2026-05-25 05:55:40,0.05,0.83,CDR_AGG_PERSON_0196_PERSON_0598
PERSON_0668,PERSON,PERSON_0892,PERSON,CALLED,2025-10-06 04:24:32,0.1,0.66,CDR_AGG_PERSON_0668_PERSON_0892
PERSON_0195,PERSON,PERSON_0245,PERSON,CALLED,2025-05-22 11:07:42,0.05,0.74,CDR_AGG_PERSON_0195_PERSON_0245
PERSON_0546,PERSON,PERSON_1266,PERSON,CALLED,2024-06-19 05:32:47,0.05,0.67,CDR_AGG_PERSON_0546_PERSON_1266
PERSON_0425,PERSON,PERSON_0539,PERSON,CALLED,2025-12-31 10:10:52,0.05,0.45,CDR_AGG_PERSON_0425_PERSON_0539
PERSON_0315,PERSON,PERSON_1055,PERSON,CALLED,2026-05-03 05:57:52,0.05,0.84,CDR_AGG_PERSON_0315_PERSON_1055
PERSON_0329,PERSON,PERSON_0804,PERSON,CALLED,2024-04-02 13:02:21,0.05,0.75,CDR_AGG_PERSON_0329_PERSON_0804
PERSON_1086,PERSON,PERSON_1367,PERSON,CALLED,2024-09-05 06:12:13,0.05,0.74,CDR_AGG_PERSON_1086_PERSON_1367
PERSON_0442,PERSON,PERSON_0849,PERSON,CALLED,2024-12-11 12:14:44,0.05,0.7,CDR_AGG_PERSON_0442_PERSON_0849
PERSON_0330,PERSON,PERSON_0960,PERSON,CALLED,2025-08-14 19:06:12,0.05,0.67,CDR_AGG_PERSON_0330_PERSON_0960
PERSON_0147,PERSON,PERSON_0178,PERSON,CALLED,2024-10-25 03:48:13,0.05,0.58,CDR_AGG_PERSON_0147_PERSON_0178
PERSON_0044,PERSON,PERSON_0259,PERSON,CALLED,2024-07-31 21:12:22,0.05,0.64,CDR_AGG_PERSON_0044_PERSON_0259
PERSON_0878,PERSON,PERSON_0948,PERSON,CALLED,2025-06-19 00:21:39,0.05,0.79,CDR_AGG_PERSON_0878_PERSON_0948
PERSON_0656,PERSON,PERSON_0884,PERSON,CALLED,2025-01-16 18:26:25,0.05,0.74,CDR_AGG_PERSON_0656_PERSON_0884
PERSON_0174,PERSON,PERSON_1396,PERSON,CALLED,2026-03-25 07:24:38,0.05,0.59,CDR_AGG_PERSON_0174_PERSON_1396
PERSON_0762,PERSON,PERSON_1087,PERSON,CALLED,2024-06-27 20:30:33,0.05,0.61,CDR_AGG_PERSON_0762_PERSON_1087
PERSON_0906,PERSON,PERSON_1359,PERSON,CALLED,2026-04-07 13:52:03,0.05,0.81,CDR_AGG_PERSON_0906_PERSON_1359
PERSON_0640,PERSON,PERSON_1457,PERSON,CALLED,2025-05-22 08:05:02,0.05,0.45,CDR_AGG_PERSON_0640_PERSON_1457
PERSON_0062,PERSON,PERSON_0988,PERSON,CALLED,2024-08-18 05:19:08,0.05,0.72,CDR_AGG_PERSON_0062_PERSON_0988
PERSON_0163,PERSON,PERSON_1378,PERSON,CALLED,2025-05-01 10:44:03,0.05,0.59,CDR_AGG_PERSON_0163_PERSON_1378
PERSON_1119,PERSON,PERSON_1211,PERSON,CALLED,2026-03-09 05:03:06,0.05,0.42,CDR_AGG_PERSON_1119_PERSON_1211
PERSON_1282,PERSON,PERSON_1488,PERSON,CALLED,2024-07-24 07:35:48,0.05,0.79,CDR_AGG_PERSON_1282_PERSON_1488
PERSON_0330,PERSON,PERSON_0362,PERSON,CALLED,2026-02-26 01:56:18,0.05,0.6,CDR_AGG_PERSON_0330_PERSON_0362
PERSON_0445,PERSON,PERSON_1299,PERSON,CALLED,2025-12-11 09:17:29,0.05,0.61,CDR_AGG_PERSON_0445_PERSON_1299
PERSON_0491,PERSON,PERSON_1070,PERSON,CALLED,2026-03-08 09:02:55,0.05,0.61,CDR_AGG_PERSON_0491_PERSON_1070
PERSON_0420,PERSON,PERSON_0965,PERSON,CALLED,2024-04-14 19:16:47,0.05,0.7,CDR_AGG_PERSON_0420_PERSON_0965
PERSON_0160,PERSON,PERSON_0528,PERSON,CALLED,2026-03-04 09:21:21,0.05,0.72,CDR_AGG_PERSON_0160_PERSON_0528
PERSON_0627,PERSON,PERSON_1384,PERSON,CALLED,2025-10-29 05:03:43,0.05,0.45,CDR_AGG_PERSON_0627_PERSON_1384
PERSON_0557,PERSON,PERSON_0567,PERSON,CALLED,2025-08-12 11:22:55,0.05,0.84,CDR_AGG_PERSON_0557_PERSON_0567
PERSON_0683,PERSON,PERSON_0725,PERSON,CALLED,2024-11-03 06:51:44,0.05,0.46,CDR_AGG_PERSON_0683_PERSON_0725
PERSON_0147,PERSON,PERSON_0153,PERSON,CALLED,2025-06-18 07:53:23,0.05,0.78,CDR_AGG_PERSON_0147_PERSON_0153
PERSON_1135,PERSON,PERSON_1340,PERSON,CALLED,2024-07-04 13:32:02,0.05,0.75,CDR_AGG_PERSON_1135_PERSON_1340
PERSON_0679,PERSON,PERSON_1224,PERSON,CALLED,2024-08-10 03:18:31,0.05,0.76,CDR_AGG_PERSON_0679_PERSON_1224
PERSON_0209,PERSON,PERSON_0281,PERSON,CALLED,2024-12-25 05:48:18,0.05,0.66,CDR_AGG_PERSON_0209_PERSON_0281
PERSON_1277,PERSON,PERSON_1344,PERSON,CALLED,2025-11-09 03:41:21,0.05,0.59,CDR_AGG_PERSON_1277_PERSON_1344
PERSON_0347,PERSON,PERSON_0918,PERSON,CALLED,2024-05-13 18:30:24,0.05,0.83,CDR_AGG_PERSON_0347_PERSON_0918
PERSON_0898,PERSON,PERSON_1109,PERSON,CALLED,2024-12-14 20:39:37,0.05,0.46,CDR_AGG_PERSON_0898_PERSON_1109
PERSON_0655,PERSON,PERSON_0665,PERSON,CALLED,2024-09-02 12:27:46,0.05,0.78,CDR_AGG_PERSON_0655_PERSON_0665
PERSON_0060,PERSON,PERSON_0406,PERSON,CALLED,2025-05-12 07:42:04,0.05,0.71,CDR_AGG_PERSON_0060_PERSON_0406
PERSON_0731,PERSON,PERSON_0847,PERSON,CALLED,2026-02-22 13:31:35,0.05,0.79,CDR_AGG_PERSON_0731_PERSON_0847
PERSON_0333,PERSON,PERSON_0894,PERSON,CALLED,2026-02-01 19:00:43,0.05,0.76,CDR_AGG_PERSON_0333_PERSON_0894
PERSON_0851,PERSON,PERSON_0886,PERSON,CALLED,2025-05-25 23:06:59,0.05,0.69,CDR_AGG_PERSON_0851_PERSON_0886
PERSON_1042,PERSON,PERSON_1413,PERSON,CALLED,2025-02-05 01:58:07,0.05,0.66,CDR_AGG_PERSON_1042_PERSON_1413
PERSON_0606,PERSON,PERSON_1200,PERSON,CALLED,2024-01-02 22:04:39,0.05,0.81,CDR_AGG_PERSON_0606_PERSON_1200
PERSON_0193,PERSON,PERSON_1010,PERSON,CALLED,2026-05-25 18:44:11,0.05,0.71,CDR_AGG_PERSON_0193_PERSON_1010
PERSON_0409,PERSON,PERSON_0616,PERSON,CALLED,2025-04-17 04:32:18,0.05,0.68,CDR_AGG_PERSON_0409_PERSON_0616
PERSON_0072,PERSON,PERSON_1093,PERSON,CALLED,2025-10-14 13:19:22,0.05,0.77,CDR_AGG_PERSON_0072_PERSON_1093
PERSON_0537,PERSON,PERSON_0863,PERSON,CALLED,2024-11-06 02:32:23,0.05,0.6,CDR_AGG_PERSON_0537_PERSON_0863
PERSON_0139,PERSON,PERSON_1384,PERSON,CALLED,2026-05-02 03:28:07,0.05,0.82,CDR_AGG_PERSON_0139_PERSON_1384
PERSON_0174,PERSON,PERSON_1013,PERSON,CALLED,2024-08-17 10:42:08,0.05,0.72,CDR_AGG_PERSON_0174_PERSON_1013
PERSON_1026,PERSON,PERSON_1316,PERSON,CALLED,2025-08-23 06:15:30,0.05,0.42,CDR_AGG_PERSON_1026_PERSON_1316
PERSON_1237,PERSON,PERSON_1409,PERSON,CALLED,2025-10-11 14:38:35,0.05,0.47,CDR_AGG_PERSON_1237_PERSON_1409
PERSON_0039,PERSON,PERSON_0767,PERSON,CALLED,2025-08-10 22:00:07,0.05,0.69,CDR_AGG_PERSON_0039_PERSON_0767
PERSON_0761,PERSON,PERSON_1045,PERSON,CALLED,2025-07-10 03:16:45,0.05,0.61,CDR_AGG_PERSON_0761_PERSON_1045
PERSON_0323,PERSON,PERSON_1168,PERSON,CALLED,2024-10-15 03:14:28,0.05,0.46,CDR_AGG_PERSON_0323_PERSON_1168
PERSON_0442,PERSON,PERSON_1232,PERSON,CALLED,2024-02-15 01:54:07,0.05,0.53,CDR_AGG_PERSON_0442_PERSON_1232
PERSON_0407,PERSON,PERSON_1331,PERSON,CALLED,2024-10-27 14:45:23,0.05,0.57,CDR_AGG_PERSON_0407_PERSON_1331
PERSON_0869,PERSON,PERSON_1141,PERSON,CALLED,2025-08-27 17:58:03,0.05,0.62,CDR_AGG_PERSON_0869_PERSON_1141
PERSON_0715,PERSON,PERSON_1322,PERSON,CALLED,2025-10-02 22:43:15,0.05,0.55,CDR_AGG_PERSON_0715_PERSON_1322
PERSON_0913,PERSON,PERSON_1467,PERSON,CALLED,2025-11-21 19:19:00,0.1,0.53,CDR_AGG_PERSON_0913_PERSON_1467
PERSON_0153,PERSON,PERSON_0828,PERSON,CALLED,2025-01-02 20:05:39,0.05,0.48,CDR_AGG_PERSON_0153_PERSON_0828
PERSON_1126,PERSON,PERSON_1316,PERSON,CALLED,2024-01-01 01:16:03,0.05,0.51,CDR_AGG_PERSON_1126_PERSON_1316
PERSON_0643,PERSON,PERSON_1316,PERSON,CALLED,2024-07-17 23:37:23,0.05,0.54,CDR_AGG_PERSON_0643_PERSON_1316
PERSON_0149,PERSON,PERSON_0347,PERSON,CALLED,2024-03-12 01:18:29,0.05,0.81,CDR_AGG_PERSON_0149_PERSON_0347
PERSON_0203,PERSON,PERSON_1192,PERSON,CALLED,2024-10-02 21:57:25,0.05,0.78,CDR_AGG_PERSON_0203_PERSON_1192
PERSON_0265,PERSON,PERSON_0959,PERSON,CALLED,2025-02-23 14:16:13,0.05,0.84,CDR_AGG_PERSON_0265_PERSON_0959
PERSON_0790,PERSON,PERSON_0920,PERSON,CALLED,2024-10-05 10:29:49,0.05,0.66,CDR_AGG_PERSON_0790_PERSON_0920
PERSON_0154,PERSON,PERSON_0297,PERSON,CALLED,2025-06-04 21:15:58,0.05,0.72,CDR_AGG_PERSON_0154_PERSON_0297
PERSON_0006,PERSON,PERSON_0545,PERSON,CALLED,2024-04-04 17:42:12,0.05,0.84,CDR_AGG_PERSON_0006_PERSON_0545
PERSON_0410,PERSON,PERSON_0693,PERSON,CALLED,2025-12-24 08:43:59,0.05,0.51,CDR_AGG_PERSON_0410_PERSON_0693
PERSON_0258,PERSON,PERSON_0332,PERSON,CALLED,2024-03-07 02:19:04,0.05,0.59,CDR_AGG_PERSON_0258_PERSON_0332
PERSON_0848,PERSON,PERSON_1415,PERSON,CALLED,2025-12-19 18:47:34,0.05,0.53,CDR_AGG_PERSON_0848_PERSON_1415
PERSON_0288,PERSON,PERSON_0690,PERSON,CALLED,2024-02-10 14:25:16,0.05,0.64,CDR_AGG_PERSON_0288_PERSON_0690
PERSON_0926,PERSON,PERSON_1192,PERSON,CALLED,2025-04-23 13:17:36,0.05,0.65,CDR_AGG_PERSON_0926_PERSON_1192
PERSON_0646,PERSON,PERSON_0667,PERSON,CALLED,2025-01-17 21:10:56,0.05,0.82,CDR_AGG_PERSON_0646_PERSON_0667
PERSON_0793,PERSON,PERSON_1108,PERSON,CALLED,2025-10-19 05:27:23,0.05,0.5,CDR_AGG_PERSON_0793_PERSON_1108
PERSON_0091,PERSON,PERSON_1188,PERSON,CALLED,2026-02-12 07:44:57,0.05,0.63,CDR_AGG_PERSON_0091_PERSON_1188
PERSON_1288,PERSON,PERSON_1356,PERSON,CALLED,2024-04-19 22:59:40,0.05,0.8,CDR_AGG_PERSON_1288_PERSON_1356
PERSON_0068,PERSON,PERSON_1440,PERSON,CALLED,2025-05-09 20:00:19,0.1,0.66,CDR_AGG_PERSON_0068_PERSON_1440
PERSON_1341,PERSON,PERSON_1415,PERSON,CALLED,2026-04-26 02:04:26,0.05,0.51,CDR_AGG_PERSON_1341_PERSON_1415
PERSON_0735,PERSON,PERSON_0839,PERSON,CALLED,2024-04-23 23:43:07,0.05,0.78,CDR_AGG_PERSON_0735_PERSON_0839
PERSON_0835,PERSON,PERSON_0847,PERSON,CALLED,2026-06-08 20:32:29,0.05,0.75,CDR_AGG_PERSON_0835_PERSON_0847
PERSON_0607,PERSON,PERSON_1224,PERSON,CALLED,2025-01-23 11:36:27,0.05,0.78,CDR_AGG_PERSON_0607_PERSON_1224
PERSON_0161,PERSON,PERSON_0823,PERSON,CALLED,2026-06-11 23:35:41,0.05,0.71,CDR_AGG_PERSON_0161_PERSON_0823
PERSON_0440,PERSON,PERSON_1256,PERSON,CALLED,2026-03-02 16:56:35,0.05,0.84,CDR_AGG_PERSON_0440_PERSON_1256
PERSON_0174,PERSON,PERSON_0873,PERSON,CALLED,2026-01-05 08:55:41,0.05,0.69,CDR_AGG_PERSON_0174_PERSON_0873
PERSON_0451,PERSON,PERSON_1363,PERSON,CALLED,2024-02-18 20:57:47,0.05,0.66,CDR_AGG_PERSON_0451_PERSON_1363
PERSON_0113,PERSON,PERSON_0277,PERSON,CALLED,2025-08-20 22:04:12,0.05,0.62,CDR_AGG_PERSON_0113_PERSON_0277
PERSON_0468,PERSON,PERSON_0646,PERSON,CALLED,2024-02-29 10:03:49,0.05,0.76,CDR_AGG_PERSON_0468_PERSON_0646
PERSON_1121,PERSON,PERSON_1159,PERSON,CALLED,2026-03-11 18:44:53,0.05,0.67,CDR_AGG_PERSON_1121_PERSON_1159
PERSON_0005,PERSON,PERSON_0946,PERSON,CALLED,2025-01-29 17:35:11,0.05,0.59,CDR_AGG_PERSON_0005_PERSON_0946
PERSON_0388,PERSON,PERSON_0797,PERSON,CALLED,2024-04-28 07:40:59,0.05,0.83,CDR_AGG_PERSON_0388_PERSON_0797
PERSON_0174,PERSON,PERSON_0850,PERSON,CALLED,2024-12-18 03:45:23,0.05,0.56,CDR_AGG_PERSON_0174_PERSON_0850
PERSON_0275,PERSON,PERSON_1459,PERSON,CALLED,2024-07-23 19:11:20,0.05,0.72,CDR_AGG_PERSON_0275_PERSON_1459
PERSON_0450,PERSON,PERSON_1347,PERSON,CALLED,2025-09-23 14:16:39,0.05,0.58,CDR_AGG_PERSON_0450_PERSON_1347
PERSON_0286,PERSON,PERSON_0780,PERSON,CALLED,2025-06-20 08:10:55,0.05,0.79,CDR_AGG_PERSON_0286_PERSON_0780
PERSON_0303,PERSON,PERSON_1259,PERSON,CALLED,2025-01-30 04:18:56,0.05,0.49,CDR_AGG_PERSON_0303_PERSON_1259
PERSON_0168,PERSON,PERSON_1318,PERSON,CALLED,2026-01-16 04:57:58,0.05,0.44,CDR_AGG_PERSON_0168_PERSON_1318
PERSON_0446,PERSON,PERSON_0517,PERSON,CALLED,2024-06-03 04:42:03,0.05,0.47,CDR_AGG_PERSON_0446_PERSON_0517
PERSON_1232,PERSON,PERSON_1450,PERSON,CALLED,2024-05-31 13:27:16,0.05,0.5,CDR_AGG_PERSON_1232_PERSON_1450
PERSON_0851,PERSON,PERSON_1021,PERSON,CALLED,2025-01-23 11:57:49,0.05,0.54,CDR_AGG_PERSON_0851_PERSON_1021
PERSON_0024,PERSON,PERSON_0187,PERSON,CALLED,2024-06-14 13:36:23,0.05,0.46,CDR_AGG_PERSON_0024_PERSON_0187
PERSON_1140,PERSON,PERSON_1194,PERSON,CALLED,2026-02-17 07:10:26,0.05,0.84,CDR_AGG_PERSON_1140_PERSON_1194
PERSON_0721,PERSON,PERSON_1422,PERSON,CALLED,2026-04-01 21:59:22,0.05,0.42,CDR_AGG_PERSON_0721_PERSON_1422
PERSON_0707,PERSON,PERSON_1032,PERSON,CALLED,2025-12-21 02:01:30,0.05,0.4,CDR_AGG_PERSON_0707_PERSON_1032
PERSON_0709,PERSON,PERSON_1161,PERSON,CALLED,2024-12-19 09:33:26,0.05,0.74,CDR_AGG_PERSON_0709_PERSON_1161
PERSON_1214,PERSON,PERSON_1485,PERSON,CALLED,2025-08-31 15:20:18,0.05,0.58,CDR_AGG_PERSON_1214_PERSON_1485
PERSON_0040,PERSON,PERSON_0185,PERSON,CALLED,2025-06-07 19:53:58,0.05,0.48,CDR_AGG_PERSON_0040_PERSON_0185
PERSON_0143,PERSON,PERSON_0338,PERSON,CALLED,2026-01-08 10:06:51,0.05,0.79,CDR_AGG_PERSON_0143_PERSON_0338
PERSON_0300,PERSON,PERSON_1129,PERSON,CALLED,2025-10-26 00:21:39,0.05,0.52,CDR_AGG_PERSON_0300_PERSON_1129
PERSON_0839,PERSON,PERSON_1345,PERSON,CALLED,2026-04-27 06:58:27,0.05,0.52,CDR_AGG_PERSON_0839_PERSON_1345
PERSON_0165,PERSON,PERSON_0476,PERSON,CALLED,2024-02-03 12:04:56,0.05,0.67,CDR_AGG_PERSON_0165_PERSON_0476
PERSON_1234,PERSON,PERSON_1286,PERSON,CALLED,2025-05-15 19:27:41,0.05,0.69,CDR_AGG_PERSON_1234_PERSON_1286
PERSON_0702,PERSON,PERSON_1161,PERSON,CALLED,2025-05-19 05:26:41,0.05,0.48,CDR_AGG_PERSON_0702_PERSON_1161
PERSON_0605,PERSON,PERSON_0774,PERSON,CALLED,2024-03-07 19:43:21,0.05,0.84,CDR_AGG_PERSON_0605_PERSON_0774
PERSON_0847,PERSON,PERSON_1461,PERSON,CALLED,2024-03-29 00:49:32,0.05,0.52,CDR_AGG_PERSON_0847_PERSON_1461
PERSON_0962,PERSON,PERSON_1396,PERSON,CALLED,2024-10-01 18:40:30,0.05,0.72,CDR_AGG_PERSON_0962_PERSON_1396
PERSON_0120,PERSON,PERSON_0203,PERSON,CALLED,2026-02-05 00:27:28,0.05,0.58,CDR_AGG_PERSON_0120_PERSON_0203
PERSON_0903,PERSON,PERSON_1097,PERSON,CALLED,2024-01-21 09:23:37,0.05,0.53,CDR_AGG_PERSON_0903_PERSON_1097
PERSON_0595,PERSON,PERSON_0978,PERSON,CALLED,2024-09-16 00:37:32,0.05,0.59,CDR_AGG_PERSON_0595_PERSON_0978
PERSON_0095,PERSON,PERSON_0942,PERSON,CALLED,2025-11-21 22:22:56,0.05,0.67,CDR_AGG_PERSON_0095_PERSON_0942
PERSON_0374,PERSON,PERSON_0388,PERSON,CALLED,2025-04-10 20:35:35,0.05,0.84,CDR_AGG_PERSON_0374_PERSON_0388
PERSON_0605,PERSON,PERSON_0617,PERSON,CALLED,2024-03-10 05:08:16,0.05,0.63,CDR_AGG_PERSON_0605_PERSON_0617
PERSON_0017,PERSON,PERSON_1442,PERSON,CALLED,2026-04-27 12:19:52,0.05,0.65,CDR_AGG_PERSON_0017_PERSON_1442
PERSON_0152,PERSON,PERSON_0525,PERSON,CALLED,2025-11-24 05:01:18,0.05,0.8,CDR_AGG_PERSON_0152_PERSON_0525
PERSON_0007,PERSON,PERSON_0748,PERSON,CALLED,2025-03-26 04:24:33,0.05,0.64,CDR_AGG_PERSON_0007_PERSON_0748
PERSON_0831,PERSON,PERSON_1245,PERSON,CALLED,2026-05-13 11:14:46,0.05,0.42,CDR_AGG_PERSON_0831_PERSON_1245
PERSON_1040,PERSON,PERSON_1058,PERSON,CALLED,2024-11-19 04:55:27,0.05,0.55,CDR_AGG_PERSON_1040_PERSON_1058
PERSON_0108,PERSON,PERSON_1001,PERSON,CALLED,2025-12-20 19:49:55,0.05,0.84,CDR_AGG_PERSON_0108_PERSON_1001
PERSON_0004,PERSON,PERSON_1368,PERSON,CALLED,2026-06-19 18:43:14,0.05,0.46,CDR_AGG_PERSON_0004_PERSON_1368
PERSON_0342,PERSON,PERSON_0527,PERSON,CALLED,2024-10-14 21:31:53,0.05,0.56,CDR_AGG_PERSON_0342_PERSON_0527
PERSON_0021,PERSON,PERSON_0037,PERSON,CALLED,2026-02-11 00:54:00,0.05,0.62,CDR_AGG_PERSON_0021_PERSON_0037
PERSON_0474,PERSON,PERSON_1264,PERSON,CALLED,2024-05-18 20:46:22,0.05,0.43,CDR_AGG_PERSON_0474_PERSON_1264
PERSON_0462,PERSON,PERSON_0653,PERSON,CALLED,2024-06-30 06:12:04,0.05,0.73,CDR_AGG_PERSON_0462_PERSON_0653
PERSON_1161,PERSON,PERSON_1268,PERSON,CALLED,2025-08-19 01:56:41,0.05,0.8,CDR_AGG_PERSON_1161_PERSON_1268
PERSON_0621,PERSON,PERSON_0964,PERSON,CALLED,2024-08-21 12:42:31,0.05,0.64,CDR_AGG_PERSON_0621_PERSON_0964
PERSON_1028,PERSON,PERSON_1140,PERSON,CALLED,2024-05-27 12:35:19,0.05,0.56,CDR_AGG_PERSON_1028_PERSON_1140
PERSON_0065,PERSON,PERSON_0727,PERSON,CALLED,2024-11-24 02:18:32,0.05,0.8,CDR_AGG_PERSON_0065_PERSON_0727
PERSON_0720,PERSON,PERSON_1111,PERSON,CALLED,2026-01-25 11:35:02,0.05,0.58,CDR_AGG_PERSON_0720_PERSON_1111
PERSON_0092,PERSON,PERSON_1194,PERSON,CALLED,2024-10-10 11:47:10,0.05,0.81,CDR_AGG_PERSON_0092_PERSON_1194
PERSON_0076,PERSON,PERSON_1337,PERSON,CALLED,2024-07-05 19:24:32,0.05,0.54,CDR_AGG_PERSON_0076_PERSON_1337
PERSON_0289,PERSON,PERSON_0890,PERSON,CALLED,2025-02-06 09:58:29,0.05,0.42,CDR_AGG_PERSON_0289_PERSON_0890
PERSON_0316,PERSON,PERSON_0431,PERSON,CALLED,2024-07-26 08:33:30,0.05,0.83,CDR_AGG_PERSON_0316_PERSON_0431
PERSON_0110,PERSON,PERSON_1216,PERSON,CALLED,2026-04-12 02:07:28,0.05,0.45,CDR_AGG_PERSON_0110_PERSON_1216
PERSON_0216,PERSON,PERSON_1110,PERSON,CALLED,2025-10-15 20:12:36,0.05,0.41,CDR_AGG_PERSON_0216_PERSON_1110
PERSON_0402,PERSON,PERSON_1086,PERSON,CALLED,2024-04-23 06:02:10,0.05,0.47,CDR_AGG_PERSON_0402_PERSON_1086
PERSON_0647,PERSON,PERSON_1281,PERSON,CALLED,2026-05-21 19:50:32,0.05,0.48,CDR_AGG_PERSON_0647_PERSON_1281
PERSON_0492,PERSON,PERSON_0726,PERSON,CALLED,2024-02-20 11:44:12,0.05,0.7,CDR_AGG_PERSON_0492_PERSON_0726
PERSON_0534,PERSON,PERSON_1334,PERSON,CALLED,2025-05-18 04:02:38,0.05,0.76,CDR_AGG_PERSON_0534_PERSON_1334
PERSON_0637,PERSON,PERSON_1470,PERSON,CALLED,2025-12-15 11:08:26,0.05,0.54,CDR_AGG_PERSON_0637_PERSON_1470
PERSON_0060,PERSON,PERSON_1143,PERSON,CALLED,2024-02-16 07:22:46,0.05,0.82,CDR_AGG_PERSON_0060_PERSON_1143
PERSON_0294,PERSON,PERSON_0923,PERSON,CALLED,2024-06-08 07:54:36,0.05,0.75,CDR_AGG_PERSON_0294_PERSON_0923
PERSON_0494,PERSON,PERSON_1208,PERSON,CALLED,2026-01-11 13:37:17,0.05,0.78,CDR_AGG_PERSON_0494_PERSON_1208
PERSON_0940,PERSON,PERSON_1423,PERSON,CALLED,2025-09-18 22:03:32,0.05,0.76,CDR_AGG_PERSON_0940_PERSON_1423
PERSON_0678,PERSON,PERSON_0980,PERSON,CALLED,2025-04-26 06:05:03,0.05,0.63,CDR_AGG_PERSON_0678_PERSON_0980
PERSON_0171,PERSON,PERSON_0766,PERSON,CALLED,2024-07-30 15:30:19,0.05,0.7,CDR_AGG_PERSON_0171_PERSON_0766
PERSON_0697,PERSON,PERSON_1475,PERSON,CALLED,2025-04-18 22:45:08,0.05,0.43,CDR_AGG_PERSON_0697_PERSON_1475
PERSON_1175,PERSON,PERSON_1232,PERSON,CALLED,2025-08-16 01:37:32,0.1,0.42,CDR_AGG_PERSON_1175_PERSON_1232
PERSON_0559,PERSON,PERSON_1256,PERSON,CALLED,2024-09-28 19:10:43,0.05,0.56,CDR_AGG_PERSON_0559_PERSON_1256
PERSON_0945,PERSON,PERSON_1046,PERSON,CALLED,2025-04-11 17:05:43,0.05,0.53,CDR_AGG_PERSON_0945_PERSON_1046
PERSON_0897,PERSON,PERSON_0950,PERSON,CALLED,2024-05-20 13:44:19,0.05,0.52,CDR_AGG_PERSON_0897_PERSON_0950
PERSON_0564,PERSON,PERSON_0912,PERSON,CALLED,2025-07-30 19:54:57,0.1,0.63,CDR_AGG_PERSON_0564_PERSON_0912
PERSON_1143,PERSON,PERSON_1372,PERSON,CALLED,2026-01-25 16:51:04,0.05,0.6,CDR_AGG_PERSON_1143_PERSON_1372
PERSON_0842,PERSON,PERSON_1052,PERSON,CALLED,2025-12-14 14:30:55,0.05,0.58,CDR_AGG_PERSON_0842_PERSON_1052
PERSON_0087,PERSON,PERSON_1473,PERSON,CALLED,2024-11-08 16:45:07,0.05,0.8,CDR_AGG_PERSON_0087_PERSON_1473
PERSON_1205,PERSON,PERSON_1267,PERSON,CALLED,2024-01-03 00:31:13,0.05,0.66,CDR_AGG_PERSON_1205_PERSON_1267
PERSON_0539,PERSON,PERSON_1473,PERSON,CALLED,2024-08-19 17:23:18,0.05,0.84,CDR_AGG_PERSON_0539_PERSON_1473
PERSON_0041,PERSON,PERSON_1184,PERSON,CALLED,2026-03-21 18:35:57,0.05,0.59,CDR_AGG_PERSON_0041_PERSON_1184
PERSON_0135,PERSON,PERSON_0920,PERSON,CALLED,2024-06-25 07:05:00,0.05,0.61,CDR_AGG_PERSON_0135_PERSON_0920
PERSON_0260,PERSON,PERSON_0627,PERSON,CALLED,2026-04-09 10:37:14,0.05,0.65,CDR_AGG_PERSON_0260_PERSON_0627
PERSON_0791,PERSON,PERSON_1225,PERSON,CALLED,2025-07-28 12:19:10,0.05,0.54,CDR_AGG_PERSON_0791_PERSON_1225
PERSON_0365,PERSON,PERSON_1180,PERSON,CALLED,2026-02-01 13:56:51,0.05,0.66,CDR_AGG_PERSON_0365_PERSON_1180
PERSON_0480,PERSON,PERSON_1129,PERSON,CALLED,2025-11-14 08:23:41,0.05,0.77,CDR_AGG_PERSON_0480_PERSON_1129
PERSON_0596,PERSON,PERSON_0703,PERSON,CALLED,2024-08-20 10:50:48,0.05,0.82,CDR_AGG_PERSON_0596_PERSON_0703
PERSON_0843,PERSON,PERSON_1131,PERSON,CALLED,2024-11-30 12:39:20,0.05,0.66,CDR_AGG_PERSON_0843_PERSON_1131
PERSON_0027,PERSON,PERSON_1435,PERSON,CALLED,2025-07-11 08:07:02,0.05,0.75,CDR_AGG_PERSON_0027_PERSON_1435
PERSON_0634,PERSON,PERSON_1187,PERSON,CALLED,2025-07-05 01:52:36,0.05,0.76,CDR_AGG_PERSON_0634_PERSON_1187
PERSON_0693,PERSON,PERSON_1110,PERSON,CALLED,2024-03-14 16:28:20,0.05,0.57,CDR_AGG_PERSON_0693_PERSON_1110
PERSON_0172,PERSON,PERSON_1296,PERSON,CALLED,2025-09-27 12:03:59,0.05,0.83,CDR_AGG_PERSON_0172_PERSON_1296
PERSON_1081,PERSON,PERSON_1096,PERSON,CALLED,2025-03-24 16:33:35,0.05,0.41,CDR_AGG_PERSON_1081_PERSON_1096
PERSON_0408,PERSON,PERSON_1284,PERSON,CALLED,2024-10-03 18:53:45,0.05,0.43,CDR_AGG_PERSON_0408_PERSON_1284
PERSON_1046,PERSON,PERSON_1112,PERSON,CALLED,2024-02-06 22:44:44,0.05,0.49,CDR_AGG_PERSON_1046_PERSON_1112
PERSON_0067,PERSON,PERSON_1016,PERSON,CALLED,2024-08-07 00:23:41,0.05,0.69,CDR_AGG_PERSON_0067_PERSON_1016
PERSON_0138,PERSON,PERSON_0594,PERSON,CALLED,2025-11-01 15:56:52,0.05,0.72,CDR_AGG_PERSON_0138_PERSON_0594
PERSON_1045,PERSON,PERSON_1353,PERSON,CALLED,2025-01-26 08:41:23,0.05,0.57,CDR_AGG_PERSON_1045_PERSON_1353
PERSON_0608,PERSON,PERSON_0895,PERSON,CALLED,2026-04-29 17:14:00,0.05,0.46,CDR_AGG_PERSON_0608_PERSON_0895
PERSON_0339,PERSON,PERSON_1353,PERSON,CALLED,2025-10-21 11:17:54,0.05,0.62,CDR_AGG_PERSON_0339_PERSON_1353
PERSON_0378,PERSON,PERSON_1159,PERSON,CALLED,2025-06-09 09:58:11,0.05,0.66,CDR_AGG_PERSON_0378_PERSON_1159
PERSON_0143,PERSON,PERSON_1262,PERSON,CALLED,2025-06-30 22:00:48,0.05,0.53,CDR_AGG_PERSON_0143_PERSON_1262
PERSON_0283,PERSON,PERSON_1349,PERSON,CALLED,2025-05-03 05:01:34,0.05,0.44,CDR_AGG_PERSON_0283_PERSON_1349
PERSON_0198,PERSON,PERSON_1426,PERSON,CALLED,2025-02-20 16:56:18,0.05,0.56,CDR_AGG_PERSON_0198_PERSON_1426
PERSON_0720,PERSON,PERSON_0806,PERSON,CALLED,2025-05-07 21:55:22,0.05,0.48,CDR_AGG_PERSON_0720_PERSON_0806
PERSON_0978,PERSON,PERSON_1046,PERSON,CALLED,2025-07-10 22:43:17,0.05,0.77,CDR_AGG_PERSON_0978_PERSON_1046
PERSON_0962,PERSON,PERSON_1499,PERSON,CALLED,2025-12-27 21:05:29,0.05,0.59,CDR_AGG_PERSON_0962_PERSON_1499
PERSON_0067,PERSON,PERSON_1122,PERSON,CALLED,2026-06-27 12:48:08,0.05,0.61,CDR_AGG_PERSON_0067_PERSON_1122
PERSON_0133,PERSON,PERSON_0895,PERSON,CALLED,2024-11-04 14:04:23,0.05,0.8,CDR_AGG_PERSON_0133_PERSON_0895
PERSON_0103,PERSON,PERSON_0335,PERSON,CALLED,2026-01-30 10:20:05,0.05,0.69,CDR_AGG_PERSON_0103_PERSON_0335
PERSON_0329,PERSON,PERSON_0514,PERSON,CALLED,2024-04-10 01:41:10,0.05,0.53,CDR_AGG_PERSON_0329_PERSON_0514
PERSON_0094,PERSON,PERSON_0917,PERSON,CALLED,2024-04-09 14:23:21,0.05,0.7,CDR_AGG_PERSON_0094_PERSON_0917
PERSON_0033,PERSON,PERSON_1372,PERSON,CALLED,2024-09-18 17:28:52,0.05,0.59,CDR_AGG_PERSON_0033_PERSON_1372
PERSON_0665,PERSON,PERSON_0686,PERSON,CALLED,2025-07-28 22:11:04,0.05,0.57,CDR_AGG_PERSON_0665_PERSON_0686
PERSON_0428,PERSON,PERSON_1014,PERSON,CALLED,2025-03-22 11:29:30,0.05,0.55,CDR_AGG_PERSON_0428_PERSON_1014
PERSON_1166,PERSON,PERSON_1424,PERSON,CALLED,2026-03-22 22:41:17,0.05,0.54,CDR_AGG_PERSON_1166_PERSON_1424
PERSON_0288,PERSON,PERSON_1311,PERSON,CALLED,2026-05-18 21:30:05,0.05,0.73,CDR_AGG_PERSON_0288_PERSON_1311
PERSON_0626,PERSON,PERSON_1453,PERSON,CALLED,2026-05-10 14:16:18,0.05,0.64,CDR_AGG_PERSON_0626_PERSON_1453
PERSON_0683,PERSON,PERSON_1268,PERSON,CALLED,2024-12-07 02:03:15,0.05,0.67,CDR_AGG_PERSON_0683_PERSON_1268
PERSON_0226,PERSON,PERSON_1246,PERSON,CALLED,2024-03-03 18:52:58,0.05,0.8,CDR_AGG_PERSON_0226_PERSON_1246
PERSON_0202,PERSON,PERSON_0871,PERSON,CALLED,2024-06-17 04:28:04,0.05,0.53,CDR_AGG_PERSON_0202_PERSON_0871
PERSON_1269,PERSON,PERSON_1279,PERSON,CALLED,2025-08-10 02:31:47,0.05,0.52,CDR_AGG_PERSON_1269_PERSON_1279
PERSON_0907,PERSON,PERSON_1141,PERSON,CALLED,2026-05-07 08:52:34,0.05,0.56,CDR_AGG_PERSON_0907_PERSON_1141
PERSON_0304,PERSON,PERSON_1185,PERSON,CALLED,2026-05-06 13:02:17,0.05,0.55,CDR_AGG_PERSON_0304_PERSON_1185
PERSON_0815,PERSON,PERSON_1202,PERSON,CALLED,2024-10-27 13:43:45,0.05,0.82,CDR_AGG_PERSON_0815_PERSON_1202
PERSON_0917,PERSON,PERSON_1199,PERSON,CALLED,2024-04-04 20:08:04,0.05,0.6,CDR_AGG_PERSON_0917_PERSON_1199
PERSON_0647,PERSON,PERSON_0790,PERSON,CALLED,2025-08-28 16:22:43,0.05,0.46,CDR_AGG_PERSON_0647_PERSON_0790
PERSON_1194,PERSON,PERSON_1289,PERSON,CALLED,2024-05-19 12:10:19,0.05,0.47,CDR_AGG_PERSON_1194_PERSON_1289
PERSON_0304,PERSON,PERSON_0725,PERSON,CALLED,2025-11-16 05:02:31,0.05,0.71,CDR_AGG_PERSON_0304_PERSON_0725
PERSON_0836,PERSON,PERSON_1363,PERSON,CALLED,2024-05-03 21:10:17,0.05,0.78,CDR_AGG_PERSON_0836_PERSON_1363
PERSON_1263,PERSON,PERSON_1386,PERSON,CALLED,2025-10-30 23:08:21,0.05,0.55,CDR_AGG_PERSON_1263_PERSON_1386
PERSON_0259,PERSON,PERSON_1070,PERSON,CALLED,2024-05-27 18:15:06,0.05,0.58,CDR_AGG_PERSON_0259_PERSON_1070
PERSON_0350,PERSON,PERSON_0703,PERSON,CALLED,2025-10-19 03:12:18,0.05,0.68,CDR_AGG_PERSON_0350_PERSON_0703
PERSON_0392,PERSON,PERSON_1337,PERSON,CALLED,2024-03-03 05:46:55,0.05,0.71,CDR_AGG_PERSON_0392_PERSON_1337
PERSON_0618,PERSON,PERSON_0862,PERSON,CALLED,2024-07-12 18:52:01,0.05,0.69,CDR_AGG_PERSON_0618_PERSON_0862
PERSON_0972,PERSON,PERSON_1276,PERSON,CALLED,2024-03-29 10:12:56,0.05,0.55,CDR_AGG_PERSON_0972_PERSON_1276
PERSON_0625,PERSON,PERSON_1329,PERSON,CALLED,2025-10-26 03:20:12,0.05,0.79,CDR_AGG_PERSON_0625_PERSON_1329
PERSON_0786,PERSON,PERSON_1129,PERSON,CALLED,2024-02-26 16:48:21,0.05,0.54,CDR_AGG_PERSON_0786_PERSON_1129
PERSON_0241,PERSON,PERSON_1046,PERSON,CALLED,2026-02-10 19:36:37,0.05,0.44,CDR_AGG_PERSON_0241_PERSON_1046
PERSON_0610,PERSON,PERSON_0661,PERSON,CALLED,2026-04-10 10:33:06,0.05,0.51,CDR_AGG_PERSON_0610_PERSON_0661
PERSON_0538,PERSON,PERSON_1282,PERSON,CALLED,2025-11-08 16:27:18,0.05,0.62,CDR_AGG_PERSON_0538_PERSON_1282
PERSON_0975,PERSON,PERSON_1031,PERSON,CALLED,2024-12-02 12:25:03,0.05,0.53,CDR_AGG_PERSON_0975_PERSON_1031
PERSON_0573,PERSON,PERSON_1046,PERSON,CALLED,2025-01-20 21:54:01,0.05,0.65,CDR_AGG_PERSON_0573_PERSON_1046
PERSON_0780,PERSON,PERSON_0824,PERSON,CALLED,2024-02-08 09:58:41,0.05,0.61,CDR_AGG_PERSON_0780_PERSON_0824
PERSON_0055,PERSON,PERSON_0910,PERSON,CALLED,2026-03-05 03:06:37,0.05,0.59,CDR_AGG_PERSON_0055_PERSON_0910
PERSON_0822,PERSON,PERSON_1124,PERSON,CALLED,2024-12-19 21:33:59,0.05,0.8,CDR_AGG_PERSON_0822_PERSON_1124
PERSON_0739,PERSON,PERSON_0881,PERSON,CALLED,2024-04-23 07:34:10,0.05,0.69,CDR_AGG_PERSON_0739_PERSON_0881
PERSON_0299,PERSON,PERSON_0610,PERSON,CALLED,2025-11-03 17:33:03,0.05,0.77,CDR_AGG_PERSON_0299_PERSON_0610
PERSON_0217,PERSON,PERSON_1196,PERSON,CALLED,2025-01-27 17:30:10,0.05,0.85,CDR_AGG_PERSON_0217_PERSON_1196
PERSON_0114,PERSON,PERSON_0941,PERSON,CALLED,2025-08-30 08:51:20,0.05,0.69,CDR_AGG_PERSON_0114_PERSON_0941
PERSON_0266,PERSON,PERSON_0564,PERSON,CALLED,2026-02-24 04:51:24,0.05,0.78,CDR_AGG_PERSON_0266_PERSON_0564
PERSON_1117,PERSON,PERSON_1273,PERSON,CALLED,2025-08-27 19:32:20,0.1,0.74,CDR_AGG_PERSON_1117_PERSON_1273
PERSON_0862,PERSON,PERSON_0954,PERSON,CALLED,2024-01-14 01:39:12,0.05,0.65,CDR_AGG_PERSON_0862_PERSON_0954
PERSON_0471,PERSON,PERSON_0553,PERSON,CALLED,2026-02-09 10:06:36,0.05,0.71,CDR_AGG_PERSON_0471_PERSON_0553
PERSON_0528,PERSON,PERSON_0999,PERSON,CALLED,2025-05-28 11:01:33,0.05,0.71,CDR_AGG_PERSON_0528_PERSON_0999
PERSON_0140,PERSON,PERSON_0706,PERSON,CALLED,2025-12-12 08:41:32,0.05,0.54,CDR_AGG_PERSON_0140_PERSON_0706
PERSON_0241,PERSON,PERSON_0578,PERSON,CALLED,2024-02-07 02:18:12,0.05,0.76,CDR_AGG_PERSON_0241_PERSON_0578
PERSON_0237,PERSON,PERSON_0434,PERSON,CALLED,2024-06-18 10:24:22,0.05,0.66,CDR_AGG_PERSON_0237_PERSON_0434
PERSON_0421,PERSON,PERSON_0575,PERSON,CALLED,2025-07-21 16:29:12,0.05,0.82,CDR_AGG_PERSON_0421_PERSON_0575
PERSON_0555,PERSON,PERSON_0590,PERSON,CALLED,2025-04-09 21:16:37,0.05,0.73,CDR_AGG_PERSON_0555_PERSON_0590
PERSON_0105,PERSON,PERSON_1434,PERSON,CALLED,2024-02-26 21:08:44,0.05,0.82,CDR_AGG_PERSON_0105_PERSON_1434
PERSON_0047,PERSON,PERSON_0549,PERSON,CALLED,2024-12-11 16:57:16,0.05,0.83,CDR_AGG_PERSON_0047_PERSON_0549
PERSON_0179,PERSON,PERSON_0755,PERSON,CALLED,2025-04-02 19:26:52,0.05,0.72,CDR_AGG_PERSON_0179_PERSON_0755
PERSON_0137,PERSON,PERSON_0654,PERSON,CALLED,2024-03-15 22:23:24,0.05,0.58,CDR_AGG_PERSON_0137_PERSON_0654
PERSON_0665,PERSON,PERSON_1339,PERSON,CALLED,2024-04-28 04:02:19,0.05,0.4,CDR_AGG_PERSON_0665_PERSON_1339
PERSON_0882,PERSON,PERSON_1291,PERSON,CALLED,2024-12-26 05:55:41,0.05,0.54,CDR_AGG_PERSON_0882_PERSON_1291
PERSON_0499,PERSON,PERSON_1490,PERSON,CALLED,2024-07-26 07:40:37,0.05,0.52,CDR_AGG_PERSON_0499_PERSON_1490
PERSON_0111,PERSON,PERSON_1334,PERSON,CALLED,2024-02-22 21:42:19,0.05,0.62,CDR_AGG_PERSON_0111_PERSON_1334
PERSON_0244,PERSON,PERSON_0582,PERSON,CALLED,2025-04-20 07:25:53,0.05,0.81,CDR_AGG_PERSON_0244_PERSON_0582
PERSON_0087,PERSON,PERSON_0136,PERSON,CALLED,2025-05-20 20:49:20,0.05,0.41,CDR_AGG_PERSON_0087_PERSON_0136
PERSON_0507,PERSON,PERSON_0948,PERSON,CALLED,2024-01-04 20:29:51,0.05,0.79,CDR_AGG_PERSON_0507_PERSON_0948
PERSON_0221,PERSON,PERSON_1214,PERSON,CALLED,2024-08-28 05:28:04,0.05,0.63,CDR_AGG_PERSON_0221_PERSON_1214
PERSON_0335,PERSON,PERSON_0879,PERSON,CALLED,2024-10-22 21:33:45,0.05,0.54,CDR_AGG_PERSON_0335_PERSON_0879
PERSON_0404,PERSON,PERSON_1284,PERSON,CALLED,2024-12-12 20:23:28,0.05,0.84,CDR_AGG_PERSON_0404_PERSON_1284
PERSON_0314,PERSON,PERSON_0731,PERSON,CALLED,2025-06-01 07:31:15,0.05,0.69,CDR_AGG_PERSON_0314_PERSON_0731
PERSON_0508,PERSON,PERSON_0888,PERSON,CALLED,2024-05-09 22:22:55,0.05,0.56,CDR_AGG_PERSON_0508_PERSON_0888
PERSON_1026,PERSON,PERSON_1451,PERSON,CALLED,2024-05-03 03:21:13,0.05,0.81,CDR_AGG_PERSON_1026_PERSON_1451
PERSON_0621,PERSON,PERSON_0706,PERSON,CALLED,2024-07-25 03:47:20,0.05,0.77,CDR_AGG_PERSON_0621_PERSON_0706
PERSON_0390,PERSON,PERSON_1246,PERSON,CALLED,2025-04-28 17:08:59,0.05,0.75,CDR_AGG_PERSON_0390_PERSON_1246
PERSON_0001,PERSON,PERSON_1304,PERSON,CALLED,2025-11-11 04:11:02,0.05,0.4,CDR_AGG_PERSON_0001_PERSON_1304
PERSON_1143,PERSON,PERSON_1323,PERSON,CALLED,2025-04-24 19:53:09,0.1,0.42,CDR_AGG_PERSON_1143_PERSON_1323
PERSON_0891,PERSON,PERSON_1490,PERSON,CALLED,2024-05-30 07:29:51,0.05,0.55,CDR_AGG_PERSON_0891_PERSON_1490
PERSON_0165,PERSON,PERSON_0173,PERSON,CALLED,2025-01-17 06:02:08,0.05,0.74,CDR_AGG_PERSON_0165_PERSON_0173
PERSON_0961,PERSON,PERSON_1134,PERSON,CALLED,2024-04-06 07:58:59,0.05,0.58,CDR_AGG_PERSON_0961_PERSON_1134
PERSON_0038,PERSON,PERSON_0561,PERSON,CALLED,2025-11-22 16:24:04,0.05,0.58,CDR_AGG_PERSON_0038_PERSON_0561
PERSON_0644,PERSON,PERSON_0953,PERSON,CALLED,2026-06-14 15:59:37,0.05,0.8,CDR_AGG_PERSON_0644_PERSON_0953
PERSON_0274,PERSON,PERSON_0280,PERSON,CALLED,2026-02-04 08:02:18,0.05,0.74,CDR_AGG_PERSON_0274_PERSON_0280
PERSON_0009,PERSON,PERSON_0591,PERSON,CALLED,2025-01-12 10:25:32,0.05,0.49,CDR_AGG_PERSON_0009_PERSON_0591
PERSON_0236,PERSON,PERSON_0448,PERSON,CALLED,2025-02-03 08:04:56,0.05,0.73,CDR_AGG_PERSON_0236_PERSON_0448
PERSON_1030,PERSON,PERSON_1496,PERSON,CALLED,2025-12-14 10:34:04,0.05,0.83,CDR_AGG_PERSON_1030_PERSON_1496
PERSON_1166,PERSON,PERSON_1300,PERSON,CALLED,2024-07-17 12:13:08,0.05,0.64,CDR_AGG_PERSON_1166_PERSON_1300
PERSON_0062,PERSON,PERSON_0633,PERSON,CALLED,2025-08-21 18:19:37,0.05,0.43,CDR_AGG_PERSON_0062_PERSON_0633
PERSON_0969,PERSON,PERSON_1112,PERSON,CALLED,2025-07-28 15:56:39,0.05,0.76,CDR_AGG_PERSON_0969_PERSON_1112
PERSON_1047,PERSON,PERSON_1300,PERSON,CALLED,2024-09-30 08:55:40,0.05,0.7,CDR_AGG_PERSON_1047_PERSON_1300
PERSON_0010,PERSON,PERSON_0589,PERSON,CALLED,2026-05-11 13:45:24,0.05,0.69,CDR_AGG_PERSON_0010_PERSON_0589
PERSON_0224,PERSON,PERSON_1206,PERSON,CALLED,2026-03-01 20:54:32,0.05,0.49,CDR_AGG_PERSON_0224_PERSON_1206
PERSON_0412,PERSON,PERSON_0601,PERSON,CALLED,2024-04-12 13:31:43,0.05,0.49,CDR_AGG_PERSON_0412_PERSON_0601
PERSON_1139,PERSON,PERSON_1319,PERSON,CALLED,2025-12-19 16:43:14,0.05,0.64,CDR_AGG_PERSON_1139_PERSON_1319
PERSON_0044,PERSON,PERSON_1411,PERSON,CALLED,2026-06-28 01:33:00,0.05,0.79,CDR_AGG_PERSON_0044_PERSON_1411
PERSON_0741,PERSON,PERSON_0760,PERSON,CALLED,2026-03-17 20:15:34,0.05,0.68,CDR_AGG_PERSON_0741_PERSON_0760
PERSON_0544,PERSON,PERSON_1296,PERSON,CALLED,2024-02-05 06:00:43,0.05,0.7,CDR_AGG_PERSON_0544_PERSON_1296
PERSON_0453,PERSON,PERSON_1214,PERSON,CALLED,2025-05-12 09:30:27,0.05,0.63,CDR_AGG_PERSON_0453_PERSON_1214
PERSON_0785,PERSON,PERSON_0916,PERSON,CALLED,2026-05-09 03:32:47,0.05,0.6,CDR_AGG_PERSON_0785_PERSON_0916
PERSON_0720,PERSON,PERSON_1291,PERSON,CALLED,2025-04-09 20:43:09,0.05,0.69,CDR_AGG_PERSON_0720_PERSON_1291
PERSON_0531,PERSON,PERSON_1327,PERSON,CALLED,2025-09-19 10:13:50,0.05,0.58,CDR_AGG_PERSON_0531_PERSON_1327
PERSON_0200,PERSON,PERSON_0348,PERSON,CALLED,2025-04-05 17:12:03,0.05,0.62,CDR_AGG_PERSON_0200_PERSON_0348
PERSON_0335,PERSON,PERSON_0372,PERSON,CALLED,2024-03-05 05:47:33,0.05,0.46,CDR_AGG_PERSON_0335_PERSON_0372
PERSON_0602,PERSON,PERSON_0705,PERSON,CALLED,2024-08-25 01:09:18,0.05,0.8,CDR_AGG_PERSON_0602_PERSON_0705
PERSON_0200,PERSON,PERSON_0858,PERSON,CALLED,2026-04-06 21:34:13,0.05,0.81,CDR_AGG_PERSON_0200_PERSON_0858
PERSON_0134,PERSON,PERSON_0250,PERSON,CALLED,2024-05-28 16:16:21,0.05,0.59,CDR_AGG_PERSON_0134_PERSON_0250
PERSON_0861,PERSON,PERSON_1335,PERSON,CALLED,2024-02-06 21:16:06,0.05,0.73,CDR_AGG_PERSON_0861_PERSON_1335
PERSON_0262,PERSON,PERSON_1039,PERSON,CALLED,2025-03-05 18:05:01,0.05,0.45,CDR_AGG_PERSON_0262_PERSON_1039
PERSON_0930,PERSON,PERSON_1354,PERSON,CALLED,2026-01-19 23:27:22,0.05,0.51,CDR_AGG_PERSON_0930_PERSON_1354
PERSON_0588,PERSON,PERSON_0905,PERSON,CALLED,2024-03-20 23:39:06,0.05,0.53,CDR_AGG_PERSON_0588_PERSON_0905
PERSON_0601,PERSON,PERSON_0697,PERSON,CALLED,2026-02-21 16:11:54,0.05,0.81,CDR_AGG_PERSON_0601_PERSON_0697
PERSON_0039,PERSON,PERSON_0200,PERSON,CALLED,2024-01-13 13:07:00,0.05,0.46,CDR_AGG_PERSON_0039_PERSON_0200
PERSON_0767,PERSON,PERSON_1309,PERSON,CALLED,2025-05-11 05:27:49,0.05,0.44,CDR_AGG_PERSON_0767_PERSON_1309
PERSON_0315,PERSON,PERSON_1194,PERSON,CALLED,2025-03-10 14:42:32,0.05,0.8,CDR_AGG_PERSON_0315_PERSON_1194
PERSON_0604,PERSON,PERSON_0808,PERSON,CALLED,2025-04-14 18:51:29,0.05,0.63,CDR_AGG_PERSON_0604_PERSON_0808
PERSON_1314,PERSON,PERSON_1498,PERSON,CALLED,2024-08-13 19:21:11,0.05,0.83,CDR_AGG_PERSON_1314_PERSON_1498
PERSON_0227,PERSON,PERSON_0306,PERSON,CALLED,2025-08-15 08:01:31,0.05,0.44,CDR_AGG_PERSON_0227_PERSON_0306
PERSON_0819,PERSON,PERSON_0935,PERSON,CALLED,2026-03-28 20:38:33,0.05,0.52,CDR_AGG_PERSON_0819_PERSON_0935
PERSON_0829,PERSON,PERSON_0900,PERSON,CALLED,2024-12-11 01:19:01,0.05,0.85,CDR_AGG_PERSON_0829_PERSON_0900
PERSON_0429,PERSON,PERSON_1159,PERSON,CALLED,2025-01-21 01:46:39,0.05,0.42,CDR_AGG_PERSON_0429_PERSON_1159
PERSON_0979,PERSON,PERSON_1122,PERSON,CALLED,2025-04-15 01:33:29,0.05,0.5,CDR_AGG_PERSON_0979_PERSON_1122
PERSON_0109,PERSON,PERSON_0765,PERSON,CALLED,2024-08-29 07:29:52,0.05,0.62,CDR_AGG_PERSON_0109_PERSON_0765
PERSON_0409,PERSON,PERSON_1425,PERSON,CALLED,2025-09-19 06:32:46,0.05,0.49,CDR_AGG_PERSON_0409_PERSON_1425
PERSON_0440,PERSON,PERSON_1382,PERSON,CALLED,2024-03-01 08:53:49,0.05,0.46,CDR_AGG_PERSON_0440_PERSON_1382
PERSON_0149,PERSON,PERSON_0404,PERSON,CALLED,2025-06-24 22:21:17,0.05,0.75,CDR_AGG_PERSON_0149_PERSON_0404
PERSON_0339,PERSON,PERSON_1300,PERSON,CALLED,2024-01-21 22:52:00,0.05,0.51,CDR_AGG_PERSON_0339_PERSON_1300
PERSON_0310,PERSON,PERSON_1232,PERSON,CALLED,2025-08-30 18:43:02,0.05,0.42,CDR_AGG_PERSON_0310_PERSON_1232
PERSON_1109,PERSON,PERSON_1321,PERSON,CALLED,2024-01-23 22:07:16,0.05,0.67,CDR_AGG_PERSON_1109_PERSON_1321
PERSON_0031,PERSON,PERSON_0588,PERSON,CALLED,2025-09-02 09:08:25,0.05,0.79,CDR_AGG_PERSON_0031_PERSON_0588
PERSON_0100,PERSON,PERSON_0142,PERSON,CALLED,2025-02-10 12:53:02,0.05,0.44,CDR_AGG_PERSON_0100_PERSON_0142
PERSON_0162,PERSON,PERSON_0876,PERSON,CALLED,2024-03-10 16:56:27,0.05,0.82,CDR_AGG_PERSON_0162_PERSON_0876
PERSON_0185,PERSON,PERSON_0295,PERSON,CALLED,2024-06-11 18:16:12,0.05,0.75,CDR_AGG_PERSON_0185_PERSON_0295
PERSON_0949,PERSON,PERSON_1368,PERSON,CALLED,2025-01-02 13:41:20,0.05,0.61,CDR_AGG_PERSON_0949_PERSON_1368
PERSON_0841,PERSON,PERSON_0851,PERSON,CALLED,2024-04-30 10:51:00,0.05,0.64,CDR_AGG_PERSON_0841_PERSON_0851
PERSON_0655,PERSON,PERSON_1149,PERSON,CALLED,2024-12-13 21:58:00,0.05,0.45,CDR_AGG_PERSON_0655_PERSON_1149
PERSON_0427,PERSON,PERSON_1103,PERSON,CALLED,2025-08-15 21:46:27,0.05,0.72,CDR_AGG_PERSON_0427_PERSON_1103
PERSON_0066,PERSON,PERSON_0160,PERSON,CALLED,2026-06-24 18:25:24,0.05,0.4,CDR_AGG_PERSON_0066_PERSON_0160
PERSON_0488,PERSON,PERSON_0575,PERSON,CALLED,2026-06-17 15:00:47,0.05,0.49,CDR_AGG_PERSON_0488_PERSON_0575
PERSON_0584,PERSON,PERSON_1287,PERSON,CALLED,2025-03-14 14:38:58,0.05,0.66,CDR_AGG_PERSON_0584_PERSON_1287
PERSON_0262,PERSON,PERSON_1050,PERSON,CALLED,2024-12-22 01:14:38,0.05,0.68,CDR_AGG_PERSON_0262_PERSON_1050
PERSON_1141,PERSON,PERSON_1147,PERSON,CALLED,2026-03-15 09:01:25,0.05,0.68,CDR_AGG_PERSON_1141_PERSON_1147
PERSON_0108,PERSON,PERSON_0668,PERSON,CALLED,2025-04-12 11:54:14,0.05,0.71,CDR_AGG_PERSON_0108_PERSON_0668
PERSON_1039,PERSON,PERSON_1122,PERSON,CALLED,2024-06-04 11:24:00,0.05,0.67,CDR_AGG_PERSON_1039_PERSON_1122
PERSON_0079,PERSON,PERSON_0468,PERSON,CALLED,2025-11-25 15:09:41,0.05,0.69,CDR_AGG_PERSON_0079_PERSON_0468
PERSON_0007,PERSON,PERSON_1089,PERSON,CALLED,2026-06-26 18:46:37,0.05,0.45,CDR_AGG_PERSON_0007_PERSON_1089
PERSON_0871,PERSON,PERSON_1499,PERSON,CALLED,2026-01-15 11:08:54,0.05,0.49,CDR_AGG_PERSON_0871_PERSON_1499
PERSON_0706,PERSON,PERSON_0960,PERSON,CALLED,2025-05-28 19:14:59,0.05,0.62,CDR_AGG_PERSON_0706_PERSON_0960
PERSON_0237,PERSON,PERSON_0773,PERSON,CALLED,2025-10-26 12:27:07,0.05,0.76,CDR_AGG_PERSON_0237_PERSON_0773
PERSON_1055,PERSON,PERSON_1356,PERSON,CALLED,2026-04-11 20:13:15,0.05,0.84,CDR_AGG_PERSON_1055_PERSON_1356
PERSON_0155,PERSON,PERSON_0467,PERSON,CALLED,2024-01-05 19:59:06,0.05,0.75,CDR_AGG_PERSON_0155_PERSON_0467
PERSON_0231,PERSON,PERSON_0469,PERSON,CALLED,2026-01-19 00:27:32,0.05,0.83,CDR_AGG_PERSON_0231_PERSON_0469
PERSON_0038,PERSON,PERSON_0847,PERSON,CALLED,2024-02-22 06:06:36,0.05,0.69,CDR_AGG_PERSON_0038_PERSON_0847
PERSON_0264,PERSON,PERSON_0383,PERSON,CALLED,2024-06-15 22:06:45,0.05,0.79,CDR_AGG_PERSON_0264_PERSON_0383
PERSON_0440,PERSON,PERSON_0640,PERSON,CALLED,2025-12-07 09:03:18,0.05,0.49,CDR_AGG_PERSON_0440_PERSON_0640
PERSON_0412,PERSON,PERSON_1191,PERSON,CALLED,2025-08-01 09:14:27,0.05,0.76,CDR_AGG_PERSON_0412_PERSON_1191
PERSON_0858,PERSON,PERSON_1300,PERSON,CALLED,2024-12-12 13:34:29,0.05,0.72,CDR_AGG_PERSON_0858_PERSON_1300
PERSON_0603,PERSON,PERSON_0794,PERSON,CALLED,2026-06-26 08:55:10,0.05,0.67,CDR_AGG_PERSON_0603_PERSON_0794
PERSON_0804,PERSON,PERSON_1484,PERSON,CALLED,2024-10-12 03:37:10,0.05,0.5,CDR_AGG_PERSON_0804_PERSON_1484
PERSON_1343,PERSON,PERSON_1436,PERSON,CALLED,2026-05-22 02:52:15,0.05,0.53,CDR_AGG_PERSON_1343_PERSON_1436
PERSON_0437,PERSON,PERSON_1210,PERSON,CALLED,2026-03-30 09:28:16,0.05,0.73,CDR_AGG_PERSON_0437_PERSON_1210
PERSON_0076,PERSON,PERSON_1335,PERSON,CALLED,2024-01-10 20:45:35,0.05,0.62,CDR_AGG_PERSON_0076_PERSON_1335
PERSON_0401,PERSON,PERSON_0800,PERSON,CALLED,2025-04-15 04:38:37,0.05,0.49,CDR_AGG_PERSON_0401_PERSON_0800
PERSON_0039,PERSON,PERSON_0413,PERSON,CALLED,2024-09-10 06:32:16,0.05,0.58,CDR_AGG_PERSON_0039_PERSON_0413
PERSON_0033,PERSON,PERSON_0747,PERSON,CALLED,2024-04-21 23:05:54,0.05,0.54,CDR_AGG_PERSON_0033_PERSON_0747
PERSON_0818,PERSON,PERSON_1200,PERSON,CALLED,2025-12-10 09:48:56,0.05,0.84,CDR_AGG_PERSON_0818_PERSON_1200
PERSON_0321,PERSON,PERSON_0681,PERSON,CALLED,2025-06-20 20:50:35,0.05,0.81,CDR_AGG_PERSON_0321_PERSON_0681
PERSON_0385,PERSON,PERSON_0954,PERSON,CALLED,2024-11-26 16:32:20,0.05,0.67,CDR_AGG_PERSON_0385_PERSON_0954
PERSON_0095,PERSON,PERSON_1472,PERSON,CALLED,2024-08-23 20:43:24,0.05,0.57,CDR_AGG_PERSON_0095_PERSON_1472
PERSON_0580,PERSON,PERSON_0817,PERSON,CALLED,2024-05-22 00:45:48,0.05,0.76,CDR_AGG_PERSON_0580_PERSON_0817
PERSON_0582,PERSON,PERSON_0924,PERSON,CALLED,2026-06-11 16:39:52,0.05,0.7,CDR_AGG_PERSON_0582_PERSON_0924
PERSON_0295,PERSON,PERSON_0780,PERSON,CALLED,2024-05-03 12:15:09,0.05,0.79,CDR_AGG_PERSON_0295_PERSON_0780
PERSON_0339,PERSON,PERSON_1032,PERSON,CALLED,2024-03-11 19:49:38,0.05,0.43,CDR_AGG_PERSON_0339_PERSON_1032
PERSON_0078,PERSON,PERSON_1463,PERSON,CALLED,2025-02-23 03:02:39,0.05,0.73,CDR_AGG_PERSON_0078_PERSON_1463
PERSON_0295,PERSON,PERSON_0730,PERSON,CALLED,2024-04-27 20:57:15,0.05,0.76,CDR_AGG_PERSON_0295_PERSON_0730
PERSON_1313,PERSON,PERSON_1325,PERSON,CALLED,2024-08-15 08:23:15,0.05,0.69,CDR_AGG_PERSON_1313_PERSON_1325
PERSON_0185,PERSON,PERSON_1398,PERSON,CALLED,2024-12-19 06:32:52,0.05,0.66,CDR_AGG_PERSON_0185_PERSON_1398
PERSON_0270,PERSON,PERSON_0968,PERSON,CALLED,2026-04-23 11:12:43,0.05,0.68,CDR_AGG_PERSON_0270_PERSON_0968
PERSON_0579,PERSON,PERSON_1287,PERSON,CALLED,2024-12-01 18:42:06,0.05,0.71,CDR_AGG_PERSON_0579_PERSON_1287
PERSON_0220,PERSON,PERSON_0414,PERSON,CALLED,2025-09-09 08:54:53,0.05,0.58,CDR_AGG_PERSON_0220_PERSON_0414
PERSON_0948,PERSON,PERSON_1138,PERSON,CALLED,2024-05-18 15:04:34,0.05,0.64,CDR_AGG_PERSON_0948_PERSON_1138
PERSON_1380,PERSON,PERSON_1474,PERSON,CALLED,2024-10-29 17:05:59,0.05,0.67,CDR_AGG_PERSON_1380_PERSON_1474
PERSON_0541,PERSON,PERSON_1052,PERSON,CALLED,2026-02-23 08:28:15,0.05,0.48,CDR_AGG_PERSON_0541_PERSON_1052
PERSON_0813,PERSON,PERSON_1467,PERSON,CALLED,2024-12-02 17:01:19,0.05,0.64,CDR_AGG_PERSON_0813_PERSON_1467
PERSON_0678,PERSON,PERSON_1004,PERSON,CALLED,2024-12-11 10:06:43,0.05,0.77,CDR_AGG_PERSON_0678_PERSON_1004
PERSON_0402,PERSON,PERSON_0864,PERSON,CALLED,2024-09-17 19:43:56,0.05,0.74,CDR_AGG_PERSON_0402_PERSON_0864
PERSON_0618,PERSON,PERSON_1232,PERSON,CALLED,2024-05-05 10:59:27,0.05,0.81,CDR_AGG_PERSON_0618_PERSON_1232
PERSON_0855,PERSON,PERSON_1154,PERSON,CALLED,2025-09-28 08:26:11,0.05,0.85,CDR_AGG_PERSON_0855_PERSON_1154
PERSON_0763,PERSON,PERSON_1450,PERSON,CALLED,2025-09-12 02:11:51,0.05,0.54,CDR_AGG_PERSON_0763_PERSON_1450
PERSON_0150,PERSON,PERSON_1249,PERSON,CALLED,2024-10-22 03:58:22,0.05,0.68,CDR_AGG_PERSON_0150_PERSON_1249
PERSON_0589,PERSON,PERSON_1307,PERSON,CALLED,2025-04-24 03:39:03,0.05,0.77,CDR_AGG_PERSON_0589_PERSON_1307
PERSON_0088,PERSON,PERSON_0135,PERSON,CALLED,2025-02-20 19:02:37,0.05,0.56,CDR_AGG_PERSON_0088_PERSON_0135
PERSON_0496,PERSON,PERSON_0650,PERSON,CALLED,2026-04-23 07:36:12,0.05,0.51,CDR_AGG_PERSON_0496_PERSON_0650
PERSON_0099,PERSON,PERSON_1068,PERSON,CALLED,2025-11-05 18:59:16,0.05,0.65,CDR_AGG_PERSON_0099_PERSON_1068
PERSON_0191,PERSON,PERSON_0336,PERSON,CALLED,2025-07-24 13:53:51,0.05,0.82,CDR_AGG_PERSON_0191_PERSON_0336
PERSON_0544,PERSON,PERSON_0551,PERSON,CALLED,2024-10-07 17:41:01,0.05,0.82,CDR_AGG_PERSON_0544_PERSON_0551
PERSON_0735,PERSON,PERSON_1173,PERSON,CALLED,2025-06-19 18:54:49,0.05,0.63,CDR_AGG_PERSON_0735_PERSON_1173
PERSON_1093,PERSON,PERSON_1441,PERSON,CALLED,2024-09-14 12:14:27,0.05,0.5,CDR_AGG_PERSON_1093_PERSON_1441
PERSON_0493,PERSON,PERSON_0820,PERSON,CALLED,2025-01-10 02:48:41,0.05,0.83,CDR_AGG_PERSON_0493_PERSON_0820
PERSON_0646,PERSON,PERSON_1280,PERSON,CALLED,2024-03-22 08:22:17,0.05,0.73,CDR_AGG_PERSON_0646_PERSON_1280
PERSON_0972,PERSON,PERSON_1051,PERSON,CALLED,2024-01-03 03:03:31,0.05,0.43,CDR_AGG_PERSON_0972_PERSON_1051
PERSON_0220,PERSON,PERSON_0902,PERSON,CALLED,2024-01-24 17:13:29,0.05,0.63,CDR_AGG_PERSON_0220_PERSON_0902
PERSON_0098,PERSON,PERSON_0626,PERSON,CALLED,2026-05-22 07:02:35,0.05,0.42,CDR_AGG_PERSON_0098_PERSON_0626
PERSON_0620,PERSON,PERSON_1288,PERSON,CALLED,2025-05-07 03:45:54,0.05,0.69,CDR_AGG_PERSON_0620_PERSON_1288
PERSON_0012,PERSON,PERSON_0140,PERSON,CALLED,2024-02-01 21:14:35,0.05,0.76,CDR_AGG_PERSON_0012_PERSON_0140
PERSON_0647,PERSON,PERSON_1320,PERSON,CALLED,2026-03-07 05:28:29,0.05,0.67,CDR_AGG_PERSON_0647_PERSON_1320
PERSON_0134,PERSON,PERSON_0808,PERSON,CALLED,2024-07-02 13:39:34,0.05,0.83,CDR_AGG_PERSON_0134_PERSON_0808
PERSON_1017,PERSON,PERSON_1474,PERSON,CALLED,2025-08-04 06:37:43,0.05,0.82,CDR_AGG_PERSON_1017_PERSON_1474
PERSON_0371,PERSON,PERSON_1216,PERSON,CALLED,2025-07-27 03:20:52,0.05,0.8,CDR_AGG_PERSON_0371_PERSON_1216
PERSON_0183,PERSON,PERSON_1052,PERSON,CALLED,2025-02-18 17:11:18,0.05,0.7,CDR_AGG_PERSON_0183_PERSON_1052
PERSON_0590,PERSON,PERSON_1012,PERSON,CALLED,2024-09-05 06:14:29,0.05,0.65,CDR_AGG_PERSON_0590_PERSON_1012
PERSON_0168,PERSON,PERSON_0935,PERSON,CALLED,2025-02-25 03:35:55,0.05,0.54,CDR_AGG_PERSON_0168_PERSON_0935
PERSON_0596,PERSON,PERSON_1460,PERSON,CALLED,2025-08-27 09:40:16,0.05,0.48,CDR_AGG_PERSON_0596_PERSON_1460
PERSON_1020,PERSON,PERSON_1061,PERSON,CALLED,2024-10-06 23:08:25,0.05,0.56,CDR_AGG_PERSON_1020_PERSON_1061
PERSON_0929,PERSON,PERSON_0969,PERSON,CALLED,2026-03-04 00:28:00,0.05,0.53,CDR_AGG_PERSON_0929_PERSON_0969
PERSON_0348,PERSON,PERSON_0655,PERSON,CALLED,2026-06-19 19:57:50,0.05,0.6,CDR_AGG_PERSON_0348_PERSON_0655
PERSON_0808,PERSON,PERSON_1325,PERSON,CALLED,2025-02-25 05:08:59,0.05,0.78,CDR_AGG_PERSON_0808_PERSON_1325
PERSON_0553,PERSON,PERSON_0575,PERSON,CALLED,2025-05-15 03:18:51,0.05,0.8,CDR_AGG_PERSON_0553_PERSON_0575
PERSON_1242,PERSON,PERSON_1451,PERSON,CALLED,2024-01-14 08:00:10,0.05,0.73,CDR_AGG_PERSON_1242_PERSON_1451
PERSON_0535,PERSON,PERSON_0663,PERSON,CALLED,2025-07-04 10:54:43,0.05,0.6,CDR_AGG_PERSON_0535_PERSON_0663
PERSON_0749,PERSON,PERSON_0915,PERSON,CALLED,2026-03-25 01:11:00,0.05,0.48,CDR_AGG_PERSON_0749_PERSON_0915
PERSON_0351,PERSON,PERSON_0764,PERSON,CALLED,2025-11-28 15:10:51,0.05,0.47,CDR_AGG_PERSON_0351_PERSON_0764
PERSON_1179,PERSON,PERSON_1489,PERSON,CALLED,2025-01-31 20:44:07,0.1,0.67,CDR_AGG_PERSON_1179_PERSON_1489
PERSON_0106,PERSON,PERSON_1140,PERSON,CALLED,2025-03-25 05:50:20,0.05,0.61,CDR_AGG_PERSON_0106_PERSON_1140
PERSON_0682,PERSON,PERSON_1409,PERSON,CALLED,2025-06-24 06:50:02,0.05,0.68,CDR_AGG_PERSON_0682_PERSON_1409
PERSON_0946,PERSON,PERSON_1380,PERSON,CALLED,2024-08-21 10:14:45,0.05,0.74,CDR_AGG_PERSON_0946_PERSON_1380
PERSON_0146,PERSON,PERSON_1314,PERSON,CALLED,2025-09-12 11:43:42,0.05,0.69,CDR_AGG_PERSON_0146_PERSON_1314
PERSON_0534,PERSON,PERSON_0794,PERSON,CALLED,2025-09-29 12:28:33,0.05,0.42,CDR_AGG_PERSON_0534_PERSON_0794
PERSON_1012,PERSON,PERSON_1046,PERSON,CALLED,2024-09-01 04:15:35,0.05,0.77,CDR_AGG_PERSON_1012_PERSON_1046
PERSON_0207,PERSON,PERSON_1416,PERSON,CALLED,2025-04-12 00:10:13,0.05,0.7,CDR_AGG_PERSON_0207_PERSON_1416
PERSON_0569,PERSON,PERSON_0921,PERSON,CALLED,2024-03-23 08:37:30,0.05,0.53,CDR_AGG_PERSON_0569_PERSON_0921
PERSON_0023,PERSON,PERSON_1446,PERSON,CALLED,2024-03-24 21:47:37,0.05,0.55,CDR_AGG_PERSON_0023_PERSON_1446
PERSON_1259,PERSON,PERSON_1278,PERSON,CALLED,2025-11-06 11:08:47,0.05,0.8,CDR_AGG_PERSON_1259_PERSON_1278
PERSON_0272,PERSON,PERSON_0353,PERSON,CALLED,2025-04-17 16:15:30,0.05,0.75,CDR_AGG_PERSON_0272_PERSON_0353
PERSON_0055,PERSON,PERSON_1316,PERSON,CALLED,2026-06-02 07:30:13,0.05,0.85,CDR_AGG_PERSON_0055_PERSON_1316
PERSON_0827,PERSON,PERSON_1195,PERSON,CALLED,2025-01-19 18:32:06,0.05,0.41,CDR_AGG_PERSON_0827_PERSON_1195
PERSON_0111,PERSON,PERSON_0891,PERSON,CALLED,2024-03-08 20:53:23,0.05,0.42,CDR_AGG_PERSON_0111_PERSON_0891
PERSON_0147,PERSON,PERSON_0482,PERSON,CALLED,2025-08-20 20:56:53,0.05,0.45,CDR_AGG_PERSON_0147_PERSON_0482
PERSON_0482,PERSON,PERSON_0961,PERSON,CALLED,2026-01-20 10:58:25,0.05,0.47,CDR_AGG_PERSON_0482_PERSON_0961
PERSON_0607,PERSON,PERSON_0828,PERSON,CALLED,2024-02-18 08:55:18,0.05,0.82,CDR_AGG_PERSON_0607_PERSON_0828
PERSON_1031,PERSON,PERSON_1359,PERSON,CALLED,2026-05-04 02:18:21,0.05,0.79,CDR_AGG_PERSON_1031_PERSON_1359
PERSON_0415,PERSON,PERSON_0747,PERSON,CALLED,2025-09-06 13:27:32,0.05,0.5,CDR_AGG_PERSON_0415_PERSON_0747
PERSON_0795,PERSON,PERSON_1194,PERSON,CALLED,2025-07-26 03:51:17,0.05,0.58,CDR_AGG_PERSON_0795_PERSON_1194
PERSON_0991,PERSON,PERSON_1488,PERSON,CALLED,2025-11-24 02:57:53,0.05,0.83,CDR_AGG_PERSON_0991_PERSON_1488
PERSON_0600,PERSON,PERSON_1357,PERSON,CALLED,2025-11-17 11:16:16,0.05,0.8,CDR_AGG_PERSON_0600_PERSON_1357
PERSON_0658,PERSON,PERSON_1166,PERSON,CALLED,2024-06-07 09:27:10,0.05,0.68,CDR_AGG_PERSON_0658_PERSON_1166
PERSON_0859,PERSON,PERSON_1118,PERSON,CALLED,2026-02-15 05:22:09,0.05,0.4,CDR_AGG_PERSON_0859_PERSON_1118
PERSON_0628,PERSON,PERSON_1408,PERSON,CALLED,2025-03-16 17:50:18,0.05,0.48,CDR_AGG_PERSON_0628_PERSON_1408
PERSON_0432,PERSON,PERSON_0847,PERSON,CALLED,2024-12-15 23:39:10,0.05,0.81,CDR_AGG_PERSON_0432_PERSON_0847
PERSON_0507,PERSON,PERSON_0963,PERSON,CALLED,2024-10-19 06:05:06,0.05,0.73,CDR_AGG_PERSON_0507_PERSON_0963
PERSON_0917,PERSON,PERSON_0966,PERSON,CALLED,2025-03-22 07:40:04,0.05,0.45,CDR_AGG_PERSON_0917_PERSON_0966
PERSON_0283,PERSON,PERSON_0427,PERSON,CALLED,2024-01-25 18:26:14,0.05,0.51,CDR_AGG_PERSON_0283_PERSON_0427
PERSON_0796,PERSON,PERSON_1123,PERSON,CALLED,2025-04-30 11:37:08,0.05,0.77,CDR_AGG_PERSON_0796_PERSON_1123
PERSON_0248,PERSON,PERSON_1378,PERSON,CALLED,2026-04-22 17:24:38,0.05,0.58,CDR_AGG_PERSON_0248_PERSON_1378
PERSON_0121,PERSON,PERSON_0858,PERSON,CALLED,2024-04-16 14:38:48,0.05,0.41,CDR_AGG_PERSON_0121_PERSON_0858
PERSON_0105,PERSON,PERSON_0276,PERSON,CALLED,2026-05-22 15:07:32,0.05,0.55,CDR_AGG_PERSON_0105_PERSON_0276
PERSON_0412,PERSON,PERSON_1253,PERSON,CALLED,2025-04-19 00:21:46,0.05,0.69,CDR_AGG_PERSON_0412_PERSON_1253
PERSON_0100,PERSON,PERSON_1169,PERSON,CALLED,2024-09-09 00:40:20,0.05,0.44,CDR_AGG_PERSON_0100_PERSON_1169
PERSON_0708,PERSON,PERSON_0779,PERSON,CALLED,2024-11-20 17:01:07,0.05,0.68,CDR_AGG_PERSON_0708_PERSON_0779
PERSON_0194,PERSON,PERSON_1252,PERSON,CALLED,2026-02-09 01:12:55,0.05,0.83,CDR_AGG_PERSON_0194_PERSON_1252
PERSON_0320,PERSON,PERSON_0948,PERSON,CALLED,2026-01-02 19:07:45,0.05,0.79,CDR_AGG_PERSON_0320_PERSON_0948
PERSON_0132,PERSON,PERSON_0689,PERSON,CALLED,2024-08-30 18:44:15,0.05,0.83,CDR_AGG_PERSON_0132_PERSON_0689
PERSON_0529,PERSON,PERSON_1333,PERSON,CALLED,2024-02-13 06:18:49,0.05,0.65,CDR_AGG_PERSON_0529_PERSON_1333
PERSON_0240,PERSON,PERSON_0582,PERSON,CALLED,2024-08-08 05:58:47,0.05,0.65,CDR_AGG_PERSON_0240_PERSON_0582
PERSON_0398,PERSON,PERSON_0738,PERSON,CALLED,2025-07-02 11:37:51,0.05,0.65,CDR_AGG_PERSON_0398_PERSON_0738
PERSON_0265,PERSON,PERSON_1305,PERSON,CALLED,2024-08-11 01:35:14,0.05,0.43,CDR_AGG_PERSON_0265_PERSON_1305
PERSON_1367,PERSON,PERSON_1368,PERSON,CALLED,2024-07-15 01:40:52,0.05,0.57,CDR_AGG_PERSON_1367_PERSON_1368
PERSON_0135,PERSON,PERSON_0640,PERSON,CALLED,2024-01-27 12:24:58,0.05,0.62,CDR_AGG_PERSON_0135_PERSON_0640
PERSON_0695,PERSON,PERSON_1414,PERSON,CALLED,2025-05-20 12:30:49,0.05,0.81,CDR_AGG_PERSON_0695_PERSON_1414
PERSON_0540,PERSON,PERSON_0647,PERSON,CALLED,2026-02-06 17:55:38,0.05,0.48,CDR_AGG_PERSON_0540_PERSON_0647
PERSON_0297,PERSON,PERSON_0450,PERSON,CALLED,2026-04-22 10:58:29,0.05,0.6,CDR_AGG_PERSON_0297_PERSON_0450
PERSON_0283,PERSON,PERSON_0667,PERSON,CALLED,2024-11-09 19:10:47,0.05,0.68,CDR_AGG_PERSON_0283_PERSON_0667
PERSON_0466,PERSON,PERSON_1289,PERSON,CALLED,2024-03-18 09:52:51,0.05,0.49,CDR_AGG_PERSON_0466_PERSON_1289
PERSON_0357,PERSON,PERSON_1166,PERSON,CALLED,2025-01-03 10:33:28,0.05,0.64,CDR_AGG_PERSON_0357_PERSON_1166
PERSON_0253,PERSON,PERSON_0342,PERSON,CALLED,2024-05-14 15:22:15,0.05,0.7,CDR_AGG_PERSON_0253_PERSON_0342
PERSON_0673,PERSON,PERSON_0961,PERSON,CALLED,2026-05-02 03:00:28,0.05,0.42,CDR_AGG_PERSON_0673_PERSON_0961
PERSON_1083,PERSON,PERSON_1231,PERSON,CALLED,2024-09-19 09:39:25,0.05,0.47,CDR_AGG_PERSON_1083_PERSON_1231
PERSON_0231,PERSON,PERSON_0916,PERSON,CALLED,2026-03-17 21:41:19,0.05,0.83,CDR_AGG_PERSON_0231_PERSON_0916
PERSON_0900,PERSON,PERSON_1017,PERSON,CALLED,2025-05-26 07:59:43,0.05,0.58,CDR_AGG_PERSON_0900_PERSON_1017
PERSON_0005,PERSON,PERSON_0637,PERSON,CALLED,2025-07-23 00:09:28,0.05,0.55,CDR_AGG_PERSON_0005_PERSON_0637
PERSON_0426,PERSON,PERSON_0925,PERSON,CALLED,2025-07-07 13:49:59,0.05,0.64,CDR_AGG_PERSON_0426_PERSON_0925
PERSON_0202,PERSON,PERSON_0774,PERSON,CALLED,2026-04-12 11:51:53,0.05,0.82,CDR_AGG_PERSON_0202_PERSON_0774
PERSON_0461,PERSON,PERSON_1463,PERSON,CALLED,2025-03-20 16:25:54,0.05,0.68,CDR_AGG_PERSON_0461_PERSON_1463
PERSON_0294,PERSON,PERSON_1430,PERSON,CALLED,2024-02-19 05:26:56,0.05,0.8,CDR_AGG_PERSON_0294_PERSON_1430
PERSON_0722,PERSON,PERSON_1354,PERSON,CALLED,2024-06-15 04:28:09,0.05,0.55,CDR_AGG_PERSON_0722_PERSON_1354
PERSON_0024,PERSON,PERSON_0325,PERSON,CALLED,2025-08-23 18:25:14,0.05,0.62,CDR_AGG_PERSON_0024_PERSON_0325
PERSON_0436,PERSON,PERSON_1368,PERSON,CALLED,2024-03-18 15:43:28,0.05,0.45,CDR_AGG_PERSON_0436_PERSON_1368
PERSON_0931,PERSON,PERSON_1462,PERSON,CALLED,2024-09-22 16:56:59,0.05,0.74,CDR_AGG_PERSON_0931_PERSON_1462
PERSON_0096,PERSON,PERSON_0277,PERSON,CALLED,2025-08-19 18:08:16,0.05,0.46,CDR_AGG_PERSON_0096_PERSON_0277
PERSON_0441,PERSON,PERSON_1425,PERSON,CALLED,2025-04-19 00:12:55,0.05,0.53,CDR_AGG_PERSON_0441_PERSON_1425
PERSON_0598,PERSON,PERSON_1199,PERSON,CALLED,2025-06-30 15:48:48,0.05,0.54,CDR_AGG_PERSON_0598_PERSON_1199
PERSON_0750,PERSON,PERSON_0847,PERSON,CALLED,2025-09-15 06:07:13,0.05,0.76,CDR_AGG_PERSON_0750_PERSON_0847
PERSON_0070,PERSON,PERSON_0869,PERSON,CALLED,2026-06-16 13:40:06,0.05,0.46,CDR_AGG_PERSON_0070_PERSON_0869
PERSON_0417,PERSON,PERSON_0621,PERSON,CALLED,2025-01-23 01:13:30,0.1,0.61,CDR_AGG_PERSON_0417_PERSON_0621
PERSON_0856,PERSON,PERSON_1255,PERSON,CALLED,2025-10-18 16:38:49,0.05,0.5,CDR_AGG_PERSON_0856_PERSON_1255
PERSON_1144,PERSON,PERSON_1260,PERSON,CALLED,2024-05-19 18:03:54,0.05,0.45,CDR_AGG_PERSON_1144_PERSON_1260
PERSON_0388,PERSON,PERSON_0828,PERSON,CALLED,2024-02-14 12:15:08,0.05,0.59,CDR_AGG_PERSON_0388_PERSON_0828
PERSON_0501,PERSON,PERSON_0763,PERSON,CALLED,2025-06-19 13:32:52,0.1,0.61,CDR_AGG_PERSON_0501_PERSON_0763
PERSON_0588,PERSON,PERSON_1176,PERSON,CALLED,2026-06-14 01:05:30,0.05,0.43,CDR_AGG_PERSON_0588_PERSON_1176
PERSON_0210,PERSON,PERSON_0780,PERSON,CALLED,2025-10-15 22:37:19,0.1,0.59,CDR_AGG_PERSON_0210_PERSON_0780
PERSON_0590,PERSON,PERSON_0682,PERSON,CALLED,2024-01-08 02:12:53,0.05,0.43,CDR_AGG_PERSON_0590_PERSON_0682
PERSON_0241,PERSON,PERSON_0680,PERSON,CALLED,2025-07-10 05:30:31,0.05,0.5,CDR_AGG_PERSON_0241_PERSON_0680
PERSON_0061,PERSON,PERSON_0625,PERSON,CALLED,2024-03-28 15:32:27,0.05,0.66,CDR_AGG_PERSON_0061_PERSON_0625
PERSON_0961,PERSON,PERSON_1393,PERSON,CALLED,2026-06-03 10:53:16,0.05,0.68,CDR_AGG_PERSON_0961_PERSON_1393
PERSON_0528,PERSON,PERSON_0886,PERSON,CALLED,2024-03-09 05:34:58,0.05,0.78,CDR_AGG_PERSON_0528_PERSON_0886
PERSON_1300,PERSON,PERSON_1353,PERSON,CALLED,2025-10-24 07:12:25,0.05,0.8,CDR_AGG_PERSON_1300_PERSON_1353
PERSON_0481,PERSON,PERSON_1205,PERSON,CALLED,2024-11-10 06:10:47,0.05,0.55,CDR_AGG_PERSON_0481_PERSON_1205
PERSON_0598,PERSON,PERSON_0791,PERSON,CALLED,2024-06-10 17:37:31,0.05,0.53,CDR_AGG_PERSON_0598_PERSON_0791
PERSON_0463,PERSON,PERSON_1029,PERSON,CALLED,2024-03-06 20:36:25,0.05,0.56,CDR_AGG_PERSON_0463_PERSON_1029
PERSON_0215,PERSON,PERSON_0390,PERSON,CALLED,2026-01-03 06:46:31,0.05,0.67,CDR_AGG_PERSON_0215_PERSON_0390
PERSON_1320,PERSON,PERSON_1428,PERSON,CALLED,2025-12-04 17:42:41,0.05,0.79,CDR_AGG_PERSON_1320_PERSON_1428
PERSON_0117,PERSON,PERSON_1360,PERSON,CALLED,2026-02-09 02:32:34,0.05,0.42,CDR_AGG_PERSON_0117_PERSON_1360
PERSON_0944,PERSON,PERSON_0999,PERSON,CALLED,2025-11-08 09:39:49,0.05,0.79,CDR_AGG_PERSON_0944_PERSON_0999
PERSON_0866,PERSON,PERSON_1373,PERSON,CALLED,2026-01-02 18:43:52,0.05,0.81,CDR_AGG_PERSON_0866_PERSON_1373
PERSON_0709,PERSON,PERSON_0857,PERSON,CALLED,2024-11-29 22:00:54,0.05,0.8,CDR_AGG_PERSON_0709_PERSON_0857
PERSON_0643,PERSON,PERSON_0668,PERSON,CALLED,2025-08-08 19:51:02,0.05,0.69,CDR_AGG_PERSON_0643_PERSON_0668
PERSON_0382,PERSON,PERSON_0721,PERSON,CALLED,2026-04-10 23:23:27,0.05,0.76,CDR_AGG_PERSON_0382_PERSON_0721
PERSON_0127,PERSON,PERSON_1139,PERSON,CALLED,2025-08-20 21:49:10,0.05,0.73,CDR_AGG_PERSON_0127_PERSON_1139
PERSON_1100,PERSON,PERSON_1184,PERSON,CALLED,2024-06-11 20:54:46,0.05,0.77,CDR_AGG_PERSON_1100_PERSON_1184
PERSON_0353,PERSON,PERSON_1232,PERSON,CALLED,2025-02-16 23:51:19,0.05,0.58,CDR_AGG_PERSON_0353_PERSON_1232
PERSON_0283,PERSON,PERSON_0655,PERSON,CALLED,2026-05-03 03:43:16,0.05,0.83,CDR_AGG_PERSON_0283_PERSON_0655
PERSON_0283,PERSON,PERSON_0751,PERSON,CALLED,2024-01-19 01:22:30,0.05,0.58,CDR_AGG_PERSON_0283_PERSON_0751
PERSON_0400,PERSON,PERSON_1108,PERSON,CALLED,2025-10-11 20:22:18,0.05,0.53,CDR_AGG_PERSON_0400_PERSON_1108
PERSON_0858,PERSON,PERSON_1382,PERSON,CALLED,2025-04-02 02:04:41,0.05,0.59,CDR_AGG_PERSON_0858_PERSON_1382
PERSON_0442,PERSON,PERSON_0919,PERSON,CALLED,2024-06-15 12:52:59,0.05,0.54,CDR_AGG_PERSON_0442_PERSON_0919
PERSON_0462,PERSON,PERSON_1273,PERSON,CALLED,2024-10-09 09:26:15,0.05,0.78,CDR_AGG_PERSON_0462_PERSON_1273
PERSON_0054,PERSON,PERSON_0076,PERSON,CALLED,2025-01-01 02:46:08,0.05,0.84,CDR_AGG_PERSON_0054_PERSON_0076
PERSON_0454,PERSON,PERSON_0788,PERSON,CALLED,2025-01-10 15:55:25,0.05,0.7,CDR_AGG_PERSON_0454_PERSON_0788
PERSON_0857,PERSON,PERSON_0945,PERSON,CALLED,2025-10-12 10:00:20,0.05,0.6,CDR_AGG_PERSON_0857_PERSON_0945
PERSON_0306,PERSON,PERSON_1370,PERSON,CALLED,2024-08-23 00:33:53,0.05,0.68,CDR_AGG_PERSON_0306_PERSON_1370
PERSON_0340,PERSON,PERSON_0694,PERSON,CALLED,2025-05-16 19:11:59,0.05,0.78,CDR_AGG_PERSON_0340_PERSON_0694
PERSON_0258,PERSON,PERSON_0707,PERSON,CALLED,2024-02-14 08:21:08,0.05,0.83,CDR_AGG_PERSON_0258_PERSON_0707
PERSON_0304,PERSON,PERSON_1341,PERSON,CALLED,2025-10-23 00:03:46,0.05,0.44,CDR_AGG_PERSON_0304_PERSON_1341
PERSON_0203,PERSON,PERSON_1487,PERSON,CALLED,2026-03-05 21:58:13,0.05,0.67,CDR_AGG_PERSON_0203_PERSON_1487
PERSON_0176,PERSON,PERSON_0515,PERSON,CALLED,2024-05-17 18:19:41,0.05,0.43,CDR_AGG_PERSON_0176_PERSON_0515
PERSON_0758,PERSON,PERSON_1172,PERSON,CALLED,2024-04-29 11:05:43,0.05,0.62,CDR_AGG_PERSON_0758_PERSON_1172
PERSON_0231,PERSON,PERSON_1030,PERSON,CALLED,2024-08-22 08:39:07,0.05,0.61,CDR_AGG_PERSON_0231_PERSON_1030
PERSON_0273,PERSON,PERSON_1063,PERSON,CALLED,2024-05-12 12:58:44,0.05,0.45,CDR_AGG_PERSON_0273_PERSON_1063
PERSON_0388,PERSON,PERSON_0854,PERSON,CALLED,2025-12-09 23:27:40,0.05,0.64,CDR_AGG_PERSON_0388_PERSON_0854
PERSON_0852,PERSON,PERSON_1268,PERSON,CALLED,2024-08-04 18:09:59,0.05,0.75,CDR_AGG_PERSON_0852_PERSON_1268
PERSON_0993,PERSON,PERSON_1131,PERSON,CALLED,2026-03-30 01:29:44,0.05,0.59,CDR_AGG_PERSON_0993_PERSON_1131
PERSON_1189,PERSON,PERSON_1194,PERSON,CALLED,2024-09-19 00:07:29,0.05,0.44,CDR_AGG_PERSON_1189_PERSON_1194
PERSON_0910,PERSON,PERSON_1359,PERSON,CALLED,2025-04-13 04:59:05,0.05,0.51,CDR_AGG_PERSON_0910_PERSON_1359
PERSON_1065,PERSON,PERSON_1411,PERSON,CALLED,2025-03-31 15:10:34,0.05,0.57,CDR_AGG_PERSON_1065_PERSON_1411
PERSON_0231,PERSON,PERSON_1471,PERSON,CALLED,2024-12-29 02:16:56,0.05,0.66,CDR_AGG_PERSON_0231_PERSON_1471
PERSON_0020,PERSON,PERSON_0174,PERSON,CALLED,2025-07-23 23:58:14,0.05,0.58,CDR_AGG_PERSON_0020_PERSON_0174
PERSON_0519,PERSON,PERSON_1038,PERSON,CALLED,2024-01-28 12:34:06,0.05,0.83,CDR_AGG_PERSON_0519_PERSON_1038
PERSON_0111,PERSON,PERSON_1231,PERSON,CALLED,2026-05-08 08:18:44,0.05,0.59,CDR_AGG_PERSON_0111_PERSON_1231
PERSON_0721,PERSON,PERSON_0768,PERSON,CALLED,2024-02-10 06:47:45,0.05,0.49,CDR_AGG_PERSON_0721_PERSON_0768
PERSON_0535,PERSON,PERSON_1269,PERSON,CALLED,2024-02-03 14:46:32,0.05,0.53,CDR_AGG_PERSON_0535_PERSON_1269
PERSON_0071,PERSON,PERSON_1202,PERSON,CALLED,2025-07-21 06:12:59,0.05,0.49,CDR_AGG_PERSON_0071_PERSON_1202
PERSON_1227,PERSON,PERSON_1364,PERSON,CALLED,2026-05-31 00:19:13,0.05,0.42,CDR_AGG_PERSON_1227_PERSON_1364
PERSON_0763,PERSON,PERSON_1325,PERSON,CALLED,2024-08-31 11:49:35,0.05,0.63,CDR_AGG_PERSON_0763_PERSON_1325
PERSON_1042,PERSON,PERSON_1271,PERSON,CALLED,2024-10-23 01:17:15,0.05,0.57,CDR_AGG_PERSON_1042_PERSON_1271
PERSON_0018,PERSON,PERSON_0145,PERSON,CALLED,2026-01-15 22:09:58,0.05,0.71,CDR_AGG_PERSON_0018_PERSON_0145
PERSON_0024,PERSON,PERSON_1005,PERSON,CALLED,2025-06-29 16:52:37,0.05,0.58,CDR_AGG_PERSON_0024_PERSON_1005
PERSON_0062,PERSON,PERSON_1344,PERSON,CALLED,2025-10-23 13:21:35,0.05,0.42,CDR_AGG_PERSON_0062_PERSON_1344
PERSON_0552,PERSON,PERSON_1027,PERSON,CALLED,2026-04-24 19:34:57,0.05,0.81,CDR_AGG_PERSON_0552_PERSON_1027
PERSON_0355,PERSON,PERSON_1125,PERSON,CALLED,2024-03-17 16:57:46,0.05,0.44,CDR_AGG_PERSON_0355_PERSON_1125
PERSON_0418,PERSON,PERSON_0470,PERSON,CALLED,2025-08-20 12:27:09,0.05,0.49,CDR_AGG_PERSON_0418_PERSON_0470
PERSON_0434,PERSON,PERSON_0871,PERSON,CALLED,2025-12-02 04:43:43,0.05,0.51,CDR_AGG_PERSON_0434_PERSON_0871
PERSON_0263,PERSON,PERSON_1093,PERSON,CALLED,2024-10-03 15:21:56,0.05,0.6,CDR_AGG_PERSON_0263_PERSON_1093
PERSON_0203,PERSON,PERSON_0956,PERSON,CALLED,2025-08-01 14:55:11,0.05,0.48,CDR_AGG_PERSON_0203_PERSON_0956
PERSON_0206,PERSON,PERSON_0611,PERSON,CALLED,2025-05-20 21:03:51,0.05,0.6,CDR_AGG_PERSON_0206_PERSON_0611
PERSON_1076,PERSON,PERSON_1149,PERSON,CALLED,2026-06-18 10:38:55,0.05,0.82,CDR_AGG_PERSON_1076_PERSON_1149
PERSON_0582,PERSON,PERSON_1453,PERSON,CALLED,2024-11-19 16:41:15,0.05,0.44,CDR_AGG_PERSON_0582_PERSON_1453
PERSON_0165,PERSON,PERSON_0732,PERSON,CALLED,2024-11-02 03:39:24,0.05,0.4,CDR_AGG_PERSON_0165_PERSON_0732
PERSON_0132,PERSON,PERSON_0144,PERSON,CALLED,2025-10-31 16:10:04,0.05,0.66,CDR_AGG_PERSON_0132_PERSON_0144
PERSON_0312,PERSON,PERSON_0415,PERSON,CALLED,2025-03-24 19:38:55,0.05,0.82,CDR_AGG_PERSON_0312_PERSON_0415
PERSON_0889,PERSON,PERSON_1345,PERSON,CALLED,2024-06-03 05:47:53,0.05,0.64,CDR_AGG_PERSON_0889_PERSON_1345
PERSON_0192,PERSON,PERSON_1449,PERSON,CALLED,2025-03-10 10:34:03,0.05,0.75,CDR_AGG_PERSON_0192_PERSON_1449
PERSON_0825,PERSON,PERSON_1253,PERSON,CALLED,2024-07-28 06:19:28,0.05,0.48,CDR_AGG_PERSON_0825_PERSON_1253
PERSON_1227,PERSON,PERSON_1368,PERSON,CALLED,2025-10-13 14:38:23,0.05,0.51,CDR_AGG_PERSON_1227_PERSON_1368
PERSON_0013,PERSON,PERSON_0109,PERSON,CALLED,2024-02-27 17:17:46,0.05,0.63,CDR_AGG_PERSON_0013_PERSON_0109
PERSON_0382,PERSON,PERSON_1107,PERSON,CALLED,2025-10-24 05:15:33,0.05,0.59,CDR_AGG_PERSON_0382_PERSON_1107
PERSON_0125,PERSON,PERSON_0346,PERSON,CALLED,2024-10-03 08:24:42,0.05,0.56,CDR_AGG_PERSON_0125_PERSON_0346
PERSON_0470,PERSON,PERSON_1175,PERSON,CALLED,2024-05-22 08:47:18,0.05,0.82,CDR_AGG_PERSON_0470_PERSON_1175
PERSON_0199,PERSON,PERSON_0264,PERSON,CALLED,2024-10-17 07:36:59,0.05,0.7,CDR_AGG_PERSON_0199_PERSON_0264
PERSON_0706,PERSON,PERSON_1211,PERSON,CALLED,2026-03-01 16:11:47,0.05,0.82,CDR_AGG_PERSON_0706_PERSON_1211
PERSON_0324,PERSON,PERSON_0903,PERSON,CALLED,2024-03-06 03:16:42,0.05,0.5,CDR_AGG_PERSON_0324_PERSON_0903
PERSON_0601,PERSON,PERSON_0995,PERSON,CALLED,2025-03-24 23:06:14,0.05,0.6,CDR_AGG_PERSON_0601_PERSON_0995
PERSON_0539,PERSON,PERSON_1438,PERSON,CALLED,2025-05-20 16:27:06,0.05,0.62,CDR_AGG_PERSON_0539_PERSON_1438
PERSON_0052,PERSON,PERSON_0215,PERSON,CALLED,2025-05-21 09:01:04,0.05,0.63,CDR_AGG_PERSON_0052_PERSON_0215
PERSON_0748,PERSON,PERSON_1213,PERSON,CALLED,2024-07-21 01:12:11,0.05,0.41,CDR_AGG_PERSON_0748_PERSON_1213
PERSON_0927,PERSON,PERSON_1120,PERSON,CALLED,2025-11-30 20:55:16,0.05,0.62,CDR_AGG_PERSON_0927_PERSON_1120
PERSON_0833,PERSON,PERSON_1066,PERSON,CALLED,2024-05-21 05:10:42,0.05,0.42,CDR_AGG_PERSON_0833_PERSON_1066
PERSON_0164,PERSON,PERSON_0875,PERSON,CALLED,2024-04-01 18:53:27,0.05,0.56,CDR_AGG_PERSON_0164_PERSON_0875
PERSON_0550,PERSON,PERSON_1433,PERSON,CALLED,2024-11-16 17:17:50,0.05,0.44,CDR_AGG_PERSON_0550_PERSON_1433
PERSON_0555,PERSON,PERSON_0792,PERSON,CALLED,2026-01-28 01:56:18,0.05,0.72,CDR_AGG_PERSON_0555_PERSON_0792
PERSON_0440,PERSON,PERSON_0824,PERSON,CALLED,2025-01-15 12:32:58,0.05,0.62,CDR_AGG_PERSON_0440_PERSON_0824
PERSON_0400,PERSON,PERSON_1461,PERSON,CALLED,2025-02-05 15:00:58,0.05,0.48,CDR_AGG_PERSON_0400_PERSON_1461
PERSON_0967,PERSON,PERSON_1031,PERSON,CALLED,2024-02-11 04:13:15,0.05,0.55,CDR_AGG_PERSON_0967_PERSON_1031
PERSON_1107,PERSON,PERSON_1374,PERSON,CALLED,2026-01-07 22:54:39,0.05,0.76,CDR_AGG_PERSON_1107_PERSON_1374
PERSON_0447,PERSON,PERSON_1316,PERSON,CALLED,2025-11-09 19:47:23,0.05,0.63,CDR_AGG_PERSON_0447_PERSON_1316
PERSON_0327,PERSON,PERSON_0782,PERSON,CALLED,2025-08-14 13:30:23,0.05,0.78,CDR_AGG_PERSON_0327_PERSON_0782
PERSON_1011,PERSON,PERSON_1187,PERSON,CALLED,2025-08-08 10:05:51,0.05,0.43,CDR_AGG_PERSON_1011_PERSON_1187
PERSON_0551,PERSON,PERSON_1323,PERSON,CALLED,2025-08-09 13:51:52,0.05,0.49,CDR_AGG_PERSON_0551_PERSON_1323
PERSON_0137,PERSON,PERSON_0375,PERSON,CALLED,2026-05-16 19:19:26,0.05,0.45,CDR_AGG_PERSON_0137_PERSON_0375
PERSON_0004,PERSON,PERSON_0191,PERSON,CALLED,2025-12-20 08:46:44,0.05,0.64,CDR_AGG_PERSON_0004_PERSON_0191
PERSON_0183,PERSON,PERSON_1139,PERSON,CALLED,2025-09-25 21:00:36,0.05,0.41,CDR_AGG_PERSON_0183_PERSON_1139
PERSON_0777,PERSON,PERSON_1391,PERSON,CALLED,2024-06-14 10:36:35,0.05,0.73,CDR_AGG_PERSON_0777_PERSON_1391
PERSON_0266,PERSON,PERSON_0662,PERSON,CALLED,2025-07-22 17:41:34,0.05,0.67,CDR_AGG_PERSON_0266_PERSON_0662
PERSON_0482,PERSON,PERSON_1197,PERSON,CALLED,2025-05-11 19:26:51,0.05,0.59,CDR_AGG_PERSON_0482_PERSON_1197
PERSON_0805,PERSON,PERSON_1395,PERSON,CALLED,2024-03-06 17:28:58,0.05,0.76,CDR_AGG_PERSON_0805_PERSON_1395
PERSON_0172,PERSON,PERSON_0530,PERSON,CALLED,2025-06-15 06:20:25,0.05,0.78,CDR_AGG_PERSON_0172_PERSON_0530
PERSON_0033,PERSON,PERSON_0172,PERSON,CALLED,2024-07-26 06:12:40,0.05,0.4,CDR_AGG_PERSON_0033_PERSON_0172
PERSON_0568,PERSON,PERSON_1151,PERSON,CALLED,2025-02-07 23:17:26,0.05,0.74,CDR_AGG_PERSON_0568_PERSON_1151
PERSON_1033,PERSON,PERSON_1280,PERSON,CALLED,2025-12-03 23:55:20,0.05,0.49,CDR_AGG_PERSON_1033_PERSON_1280
PERSON_0787,PERSON,PERSON_1409,PERSON,CALLED,2025-01-15 00:32:18,0.05,0.71,CDR_AGG_PERSON_0787_PERSON_1409
PERSON_0453,PERSON,PERSON_0633,PERSON,CALLED,2024-03-04 01:34:42,0.05,0.64,CDR_AGG_PERSON_0453_PERSON_0633
PERSON_0098,PERSON,PERSON_1143,PERSON,CALLED,2024-08-04 07:22:22,0.05,0.84,CDR_AGG_PERSON_0098_PERSON_1143
PERSON_0190,PERSON,PERSON_1106,PERSON,CALLED,2026-03-25 14:20:34,0.05,0.69,CDR_AGG_PERSON_0190_PERSON_1106
PERSON_0172,PERSON,PERSON_1165,PERSON,CALLED,2025-05-17 16:56:55,0.05,0.43,CDR_AGG_PERSON_0172_PERSON_1165
PERSON_0019,PERSON,PERSON_1189,PERSON,CALLED,2026-01-27 10:04:13,0.05,0.73,CDR_AGG_PERSON_0019_PERSON_1189
PERSON_1024,PERSON,PERSON_1279,PERSON,CALLED,2024-01-08 19:23:07,0.05,0.64,CDR_AGG_PERSON_1024_PERSON_1279
PERSON_0045,PERSON,PERSON_0580,PERSON,CALLED,2026-01-03 20:25:57,0.05,0.59,CDR_AGG_PERSON_0045_PERSON_0580
PERSON_0920,PERSON,PERSON_1297,PERSON,CALLED,2024-04-17 10:09:24,0.05,0.4,CDR_AGG_PERSON_0920_PERSON_1297
PERSON_0565,PERSON,PERSON_0636,PERSON,CALLED,2024-08-17 10:22:24,0.05,0.59,CDR_AGG_PERSON_0565_PERSON_0636
PERSON_0241,PERSON,PERSON_0270,PERSON,CALLED,2024-06-15 08:35:43,0.05,0.66,CDR_AGG_PERSON_0241_PERSON_0270
PERSON_0963,PERSON,PERSON_1452,PERSON,CALLED,2024-08-03 22:05:08,0.05,0.62,CDR_AGG_PERSON_0963_PERSON_1452
PERSON_0191,PERSON,PERSON_1063,PERSON,CALLED,2025-03-02 12:17:14,0.05,0.81,CDR_AGG_PERSON_0191_PERSON_1063
PERSON_0174,PERSON,PERSON_0824,PERSON,CALLED,2024-07-22 19:54:51,0.05,0.66,CDR_AGG_PERSON_0174_PERSON_0824
PERSON_0812,PERSON,PERSON_0970,PERSON,CALLED,2025-04-08 13:49:03,0.05,0.42,CDR_AGG_PERSON_0812_PERSON_0970
PERSON_0484,PERSON,PERSON_0751,PERSON,CALLED,2026-02-06 07:13:55,0.05,0.76,CDR_AGG_PERSON_0484_PERSON_0751
PERSON_0640,PERSON,PERSON_0982,PERSON,CALLED,2025-05-27 14:50:07,0.05,0.76,CDR_AGG_PERSON_0640_PERSON_0982
PERSON_0518,PERSON,PERSON_1028,PERSON,CALLED,2025-04-24 03:14:09,0.05,0.72,CDR_AGG_PERSON_0518_PERSON_1028
PERSON_0654,PERSON,PERSON_1331,PERSON,CALLED,2026-06-29 19:42:00,0.05,0.64,CDR_AGG_PERSON_0654_PERSON_1331
PERSON_0727,PERSON,PERSON_1363,PERSON,CALLED,2024-08-23 12:46:15,0.05,0.81,CDR_AGG_PERSON_0727_PERSON_1363
PERSON_0151,PERSON,PERSON_0484,PERSON,CALLED,2024-01-19 05:52:46,0.05,0.84,CDR_AGG_PERSON_0151_PERSON_0484
PERSON_0629,PERSON,PERSON_0765,PERSON,CALLED,2026-02-25 07:50:28,0.05,0.77,CDR_AGG_PERSON_0629_PERSON_0765
PERSON_0454,PERSON,PERSON_1062,PERSON,CALLED,2024-05-31 09:57:02,0.05,0.84,CDR_AGG_PERSON_0454_PERSON_1062
PERSON_0203,PERSON,PERSON_0361,PERSON,CALLED,2026-02-10 15:59:02,0.05,0.7,CDR_AGG_PERSON_0203_PERSON_0361
PERSON_0423,PERSON,PERSON_0490,PERSON,CALLED,2026-05-02 09:28:45,0.05,0.65,CDR_AGG_PERSON_0423_PERSON_0490
PERSON_0730,PERSON,PERSON_1345,PERSON,CALLED,2025-05-24 02:22:57,0.05,0.74,CDR_AGG_PERSON_0730_PERSON_1345
PERSON_0673,PERSON,PERSON_0891,PERSON,CALLED,2024-07-28 05:31:57,0.05,0.83,CDR_AGG_PERSON_0673_PERSON_0891
PERSON_0170,PERSON,PERSON_0262,PERSON,CALLED,2026-06-16 20:17:28,0.05,0.51,CDR_AGG_PERSON_0170_PERSON_0262
PERSON_0047,PERSON,PERSON_1122,PERSON,CALLED,2025-09-20 10:03:32,0.05,0.54,CDR_AGG_PERSON_0047_PERSON_1122
PERSON_1021,PERSON,PERSON_1193,PERSON,CALLED,2024-12-30 17:25:59,0.05,0.72,CDR_AGG_PERSON_1021_PERSON_1193
PERSON_0486,PERSON,PERSON_0610,PERSON,CALLED,2024-10-08 17:59:21,0.05,0.66,CDR_AGG_PERSON_0486_PERSON_0610
PERSON_0417,PERSON,PERSON_1490,PERSON,CALLED,2026-05-01 16:34:55,0.05,0.45,CDR_AGG_PERSON_0417_PERSON_1490
PERSON_0999,PERSON,PERSON_1279,PERSON,CALLED,2025-01-11 20:43:10,0.05,0.65,CDR_AGG_PERSON_0999_PERSON_1279
PERSON_0344,PERSON,PERSON_0748,PERSON,CALLED,2024-05-19 12:04:47,0.05,0.83,CDR_AGG_PERSON_0344_PERSON_0748
PERSON_0877,PERSON,PERSON_1498,PERSON,CALLED,2024-06-06 06:54:52,0.05,0.72,CDR_AGG_PERSON_0877_PERSON_1498
PERSON_0593,PERSON,PERSON_0714,PERSON,CALLED,2026-03-16 03:36:16,0.05,0.41,CDR_AGG_PERSON_0593_PERSON_0714
PERSON_0626,PERSON,PERSON_1199,PERSON,CALLED,2025-02-07 09:54:07,0.05,0.43,CDR_AGG_PERSON_0626_PERSON_1199
PERSON_0168,PERSON,PERSON_0944,PERSON,CALLED,2024-02-06 01:38:16,0.05,0.56,CDR_AGG_PERSON_0168_PERSON_0944
PERSON_0735,PERSON,PERSON_1470,PERSON,CALLED,2024-11-01 07:24:57,0.05,0.54,CDR_AGG_PERSON_0735_PERSON_1470
PERSON_0383,PERSON,PERSON_1376,PERSON,CALLED,2024-01-31 04:47:10,0.05,0.57,CDR_AGG_PERSON_0383_PERSON_1376
PERSON_0715,PERSON,PERSON_1203,PERSON,CALLED,2025-02-23 10:48:03,0.05,0.79,CDR_AGG_PERSON_0715_PERSON_1203
PERSON_0921,PERSON,PERSON_1391,PERSON,CALLED,2024-04-15 09:28:36,0.05,0.74,CDR_AGG_PERSON_0921_PERSON_1391
PERSON_0628,PERSON,PERSON_0731,PERSON,CALLED,2026-05-27 00:29:11,0.05,0.56,CDR_AGG_PERSON_0628_PERSON_0731
PERSON_0111,PERSON,PERSON_0205,PERSON,CALLED,2025-09-12 11:53:59,0.05,0.56,CDR_AGG_PERSON_0111_PERSON_0205
PERSON_0177,PERSON,PERSON_1373,PERSON,CALLED,2024-01-07 18:59:14,0.05,0.56,CDR_AGG_PERSON_0177_PERSON_1373
PERSON_0776,PERSON,PERSON_1492,PERSON,CALLED,2024-04-25 02:20:46,0.05,0.53,CDR_AGG_PERSON_0776_PERSON_1492
PERSON_0027,PERSON,PERSON_0923,PERSON,CALLED,2026-01-27 16:21:14,0.05,0.45,CDR_AGG_PERSON_0027_PERSON_0923
PERSON_0394,PERSON,PERSON_0557,PERSON,CALLED,2024-11-07 05:40:21,0.05,0.51,CDR_AGG_PERSON_0394_PERSON_0557
PERSON_0403,PERSON,PERSON_1320,PERSON,CALLED,2024-05-05 19:41:59,0.05,0.68,CDR_AGG_PERSON_0403_PERSON_1320
PERSON_0070,PERSON,PERSON_1154,PERSON,CALLED,2024-05-24 03:07:18,0.05,0.47,CDR_AGG_PERSON_0070_PERSON_1154
PERSON_0012,PERSON,PERSON_0887,PERSON,CALLED,2025-06-15 01:49:42,0.05,0.8,CDR_AGG_PERSON_0012_PERSON_0887
PERSON_0164,PERSON,PERSON_0189,PERSON,CALLED,2026-06-18 12:53:11,0.05,0.7,CDR_AGG_PERSON_0164_PERSON_0189
PERSON_0158,PERSON,PERSON_1450,PERSON,CALLED,2025-11-15 15:10:00,0.05,0.56,CDR_AGG_PERSON_0158_PERSON_1450
PERSON_0300,PERSON,PERSON_1092,PERSON,CALLED,2025-10-15 11:13:15,0.05,0.52,CDR_AGG_PERSON_0300_PERSON_1092
PERSON_0963,PERSON,PERSON_1449,PERSON,CALLED,2026-04-12 09:07:37,0.05,0.63,CDR_AGG_PERSON_0963_PERSON_1449
PERSON_0192,PERSON,PERSON_0409,PERSON,CALLED,2024-01-20 03:04:02,0.05,0.66,CDR_AGG_PERSON_0192_PERSON_0409
PERSON_0381,PERSON,PERSON_1130,PERSON,CALLED,2026-01-21 09:48:49,0.05,0.47,CDR_AGG_PERSON_0381_PERSON_1130
PERSON_0647,PERSON,PERSON_1340,PERSON,CALLED,2024-05-10 16:05:07,0.05,0.68,CDR_AGG_PERSON_0647_PERSON_1340
PERSON_1338,PERSON,PERSON_1405,PERSON,CALLED,2025-08-15 18:09:02,0.05,0.53,CDR_AGG_PERSON_1338_PERSON_1405
PERSON_0456,PERSON,PERSON_1222,PERSON,CALLED,2024-12-21 12:52:02,0.05,0.64,CDR_AGG_PERSON_0456_PERSON_1222
PERSON_1249,PERSON,PERSON_1446,PERSON,CALLED,2026-01-11 16:14:50,0.05,0.47,CDR_AGG_PERSON_1249_PERSON_1446
PERSON_0459,PERSON,PERSON_1043,PERSON,CALLED,2025-03-16 14:21:29,0.05,0.49,CDR_AGG_PERSON_0459_PERSON_1043
PERSON_0954,PERSON,PERSON_1032,PERSON,CALLED,2025-05-21 06:31:53,0.1,0.7,CDR_AGG_PERSON_0954_PERSON_1032
PERSON_0045,PERSON,PERSON_1072,PERSON,CALLED,2025-02-19 08:31:46,0.05,0.48,CDR_AGG_PERSON_0045_PERSON_1072
PERSON_0143,PERSON,PERSON_0348,PERSON,CALLED,2026-01-02 18:15:59,0.05,0.7,CDR_AGG_PERSON_0143_PERSON_0348
PERSON_0269,PERSON,PERSON_1275,PERSON,CALLED,2025-06-28 13:13:07,0.05,0.72,CDR_AGG_PERSON_0269_PERSON_1275
PERSON_0643,PERSON,PERSON_1343,PERSON,CALLED,2024-03-13 23:49:48,0.05,0.71,CDR_AGG_PERSON_0643_PERSON_1343
PERSON_0252,PERSON,PERSON_0455,PERSON,CALLED,2024-05-17 08:14:35,0.05,0.65,CDR_AGG_PERSON_0252_PERSON_0455
PERSON_0540,PERSON,PERSON_1019,PERSON,CALLED,2025-11-18 19:28:28,0.05,0.72,CDR_AGG_PERSON_0540_PERSON_1019
PERSON_0259,PERSON,PERSON_1192,PERSON,CALLED,2025-07-22 17:25:27,0.05,0.78,CDR_AGG_PERSON_0259_PERSON_1192
PERSON_0050,PERSON,PERSON_0248,PERSON,CALLED,2025-07-28 18:51:32,0.05,0.7,CDR_AGG_PERSON_0050_PERSON_0248
PERSON_0333,PERSON,PERSON_1364,PERSON,CALLED,2025-02-26 00:25:45,0.05,0.73,CDR_AGG_PERSON_0333_PERSON_1364
PERSON_0997,PERSON,PERSON_1308,PERSON,CALLED,2026-04-18 01:54:12,0.1,0.7,CDR_AGG_PERSON_0997_PERSON_1308
PERSON_0701,PERSON,PERSON_1069,PERSON,CALLED,2025-12-09 21:42:25,0.05,0.51,CDR_AGG_PERSON_0701_PERSON_1069
PERSON_0781,PERSON,PERSON_1122,PERSON,CALLED,2026-06-17 11:30:49,0.05,0.7,CDR_AGG_PERSON_0781_PERSON_1122
PERSON_1096,PERSON,PERSON_1347,PERSON,CALLED,2024-08-17 07:50:01,0.05,0.79,CDR_AGG_PERSON_1096_PERSON_1347
PERSON_0693,PERSON,PERSON_1298,PERSON,CALLED,2025-01-14 20:07:58,0.05,0.46,CDR_AGG_PERSON_0693_PERSON_1298
PERSON_0924,PERSON,PERSON_1100,PERSON,CALLED,2024-12-12 06:14:55,0.05,0.73,CDR_AGG_PERSON_0924_PERSON_1100
PERSON_0076,PERSON,PERSON_1078,PERSON,CALLED,2024-04-11 16:07:10,0.05,0.79,CDR_AGG_PERSON_0076_PERSON_1078
PERSON_0330,PERSON,PERSON_0681,PERSON,CALLED,2026-01-23 07:12:34,0.05,0.79,CDR_AGG_PERSON_0330_PERSON_0681
PERSON_0567,PERSON,PERSON_1107,PERSON,CALLED,2024-09-06 11:28:00,0.05,0.68,CDR_AGG_PERSON_0567_PERSON_1107
PERSON_0515,PERSON,PERSON_1374,PERSON,CALLED,2026-04-10 02:33:11,0.05,0.72,CDR_AGG_PERSON_0515_PERSON_1374
PERSON_0293,PERSON,PERSON_1266,PERSON,CALLED,2024-02-09 03:00:50,0.05,0.82,CDR_AGG_PERSON_0293_PERSON_1266
PERSON_0622,PERSON,PERSON_1336,PERSON,CALLED,2025-06-07 05:42:53,0.05,0.82,CDR_AGG_PERSON_0622_PERSON_1336
PERSON_0277,PERSON,PERSON_1086,PERSON,CALLED,2024-12-06 05:03:03,0.05,0.83,CDR_AGG_PERSON_0277_PERSON_1086
PERSON_0408,PERSON,PERSON_1270,PERSON,CALLED,2024-12-28 00:00:10,0.05,0.77,CDR_AGG_PERSON_0408_PERSON_1270
PERSON_0157,PERSON,PERSON_0992,PERSON,CALLED,2024-06-06 09:56:42,0.05,0.48,CDR_AGG_PERSON_0157_PERSON_0992
PERSON_0932,PERSON,PERSON_1307,PERSON,CALLED,2026-05-24 12:12:27,0.05,0.67,CDR_AGG_PERSON_0932_PERSON_1307
PERSON_1004,PERSON,PERSON_1141,PERSON,CALLED,2024-03-02 18:52:19,0.05,0.64,CDR_AGG_PERSON_1004_PERSON_1141
PERSON_0500,PERSON,PERSON_0779,PERSON,CALLED,2026-05-01 10:33:35,0.05,0.68,CDR_AGG_PERSON_0500_PERSON_0779
PERSON_0016,PERSON,PERSON_0327,PERSON,CALLED,2024-11-07 10:01:14,0.05,0.77,CDR_AGG_PERSON_0016_PERSON_0327
PERSON_0189,PERSON,PERSON_0217,PERSON,CALLED,2024-06-28 16:29:27,0.05,0.76,CDR_AGG_PERSON_0189_PERSON_0217
PERSON_0001,PERSON,PERSON_1286,PERSON,CALLED,2024-11-07 14:00:08,0.05,0.8,CDR_AGG_PERSON_0001_PERSON_1286
PERSON_0415,PERSON,PERSON_1028,PERSON,CALLED,2026-05-07 01:28:52,0.05,0.47,CDR_AGG_PERSON_0415_PERSON_1028
PERSON_0544,PERSON,PERSON_1162,PERSON,CALLED,2024-05-13 12:43:29,0.05,0.7,CDR_AGG_PERSON_0544_PERSON_1162
PERSON_0311,PERSON,PERSON_0835,PERSON,CALLED,2024-10-18 07:54:49,0.05,0.48,CDR_AGG_PERSON_0311_PERSON_0835
PERSON_0408,PERSON,PERSON_0961,PERSON,CALLED,2024-08-30 13:44:27,0.05,0.42,CDR_AGG_PERSON_0408_PERSON_0961
PERSON_0096,PERSON,PERSON_0386,PERSON,CALLED,2024-03-11 15:29:07,0.05,0.5,CDR_AGG_PERSON_0096_PERSON_0386
PERSON_1003,PERSON,PERSON_1257,PERSON,CALLED,2025-06-23 21:15:13,0.05,0.74,CDR_AGG_PERSON_1003_PERSON_1257
PERSON_0026,PERSON,PERSON_0164,PERSON,CALLED,2025-03-29 14:19:58,0.05,0.52,CDR_AGG_PERSON_0026_PERSON_0164
PERSON_0546,PERSON,PERSON_0718,PERSON,CALLED,2026-06-25 06:49:34,0.05,0.67,CDR_AGG_PERSON_0546_PERSON_0718
PERSON_0582,PERSON,PERSON_1088,PERSON,CALLED,2025-02-21 14:10:21,0.05,0.72,CDR_AGG_PERSON_0582_PERSON_1088
PERSON_0968,PERSON,PERSON_1046,PERSON,CALLED,2025-10-14 23:01:03,0.05,0.71,CDR_AGG_PERSON_0968_PERSON_1046
PERSON_0845,PERSON,PERSON_1147,PERSON,CALLED,2026-01-31 20:41:12,0.05,0.74,CDR_AGG_PERSON_0845_PERSON_1147
PERSON_0026,PERSON,PERSON_0952,PERSON,CALLED,2024-01-21 11:14:59,0.05,0.63,CDR_AGG_PERSON_0026_PERSON_0952
PERSON_0318,PERSON,PERSON_1346,PERSON,CALLED,2025-12-12 20:41:42,0.05,0.82,CDR_AGG_PERSON_0318_PERSON_1346
PERSON_1141,PERSON,PERSON_1267,PERSON,CALLED,2024-05-10 06:18:47,0.05,0.68,CDR_AGG_PERSON_1141_PERSON_1267
PERSON_0588,PERSON,PERSON_1118,PERSON,CALLED,2024-11-03 19:01:18,0.05,0.5,CDR_AGG_PERSON_0588_PERSON_1118
PERSON_0867,PERSON,PERSON_0872,PERSON,CALLED,2024-12-19 14:12:20,0.05,0.59,CDR_AGG_PERSON_0867_PERSON_0872
PERSON_1275,PERSON,PERSON_1468,PERSON,CALLED,2024-07-07 07:48:11,0.05,0.52,CDR_AGG_PERSON_1275_PERSON_1468
PERSON_0220,PERSON,PERSON_0225,PERSON,CALLED,2025-05-05 23:56:05,0.05,0.65,CDR_AGG_PERSON_0220_PERSON_0225
PERSON_0430,PERSON,PERSON_1166,PERSON,CALLED,2025-05-05 11:12:01,0.05,0.55,CDR_AGG_PERSON_0430_PERSON_1166
PERSON_0402,PERSON,PERSON_1029,PERSON,CALLED,2025-09-16 19:32:29,0.05,0.56,CDR_AGG_PERSON_0402_PERSON_1029
PERSON_0541,PERSON,PERSON_0877,PERSON,CALLED,2025-04-04 05:09:51,0.05,0.46,CDR_AGG_PERSON_0541_PERSON_0877
PERSON_0756,PERSON,PERSON_0954,PERSON,CALLED,2024-12-14 06:12:06,0.05,0.44,CDR_AGG_PERSON_0756_PERSON_0954
PERSON_0590,PERSON,PERSON_0714,PERSON,CALLED,2025-10-06 04:50:50,0.05,0.73,CDR_AGG_PERSON_0590_PERSON_0714
PERSON_0232,PERSON,PERSON_0814,PERSON,CALLED,2025-06-08 06:24:56,0.05,0.5,CDR_AGG_PERSON_0232_PERSON_0814
PERSON_0164,PERSON,PERSON_1395,PERSON,CALLED,2024-11-13 10:36:15,0.05,0.74,CDR_AGG_PERSON_0164_PERSON_1395
PERSON_0162,PERSON,PERSON_1207,PERSON,CALLED,2024-06-25 13:36:45,0.1,0.47,CDR_AGG_PERSON_0162_PERSON_1207
PERSON_0573,PERSON,PERSON_1156,PERSON,CALLED,2025-06-26 01:36:41,0.05,0.81,CDR_AGG_PERSON_0573_PERSON_1156
PERSON_1100,PERSON,PERSON_1279,PERSON,CALLED,2024-04-09 00:50:16,0.05,0.58,CDR_AGG_PERSON_1100_PERSON_1279
PERSON_0663,PERSON,PERSON_0759,PERSON,CALLED,2025-11-09 10:30:05,0.05,0.7,CDR_AGG_PERSON_0663_PERSON_0759
PERSON_0024,PERSON,PERSON_0594,PERSON,CALLED,2025-03-12 07:57:20,0.05,0.78,CDR_AGG_PERSON_0024_PERSON_0594
PERSON_1378,PERSON,PERSON_1449,PERSON,CALLED,2025-06-02 12:08:23,0.05,0.53,CDR_AGG_PERSON_1378_PERSON_1449
PERSON_0145,PERSON,PERSON_0772,PERSON,CALLED,2024-02-01 12:37:49,0.05,0.53,CDR_AGG_PERSON_0145_PERSON_0772
PERSON_1001,PERSON,PERSON_1416,PERSON,CALLED,2024-11-30 13:00:49,0.05,0.69,CDR_AGG_PERSON_1001_PERSON_1416
PERSON_0264,PERSON,PERSON_0355,PERSON,CALLED,2024-08-11 00:37:51,0.05,0.73,CDR_AGG_PERSON_0264_PERSON_0355
PERSON_0989,PERSON,PERSON_1121,PERSON,CALLED,2025-02-02 13:27:02,0.05,0.43,CDR_AGG_PERSON_0989_PERSON_1121
PERSON_0080,PERSON,PERSON_0823,PERSON,CALLED,2024-02-05 05:06:41,0.05,0.5,CDR_AGG_PERSON_0080_PERSON_0823
PERSON_0246,PERSON,PERSON_1354,PERSON,CALLED,2025-04-08 03:18:48,0.05,0.65,CDR_AGG_PERSON_0246_PERSON_1354
PERSON_0406,PERSON,PERSON_1089,PERSON,CALLED,2024-03-18 21:42:23,0.05,0.8,CDR_AGG_PERSON_0406_PERSON_1089
PERSON_0015,PERSON,PERSON_0960,PERSON,CALLED,2025-05-16 19:07:44,0.05,0.48,CDR_AGG_PERSON_0015_PERSON_0960
PERSON_0582,PERSON,PERSON_1263,PERSON,CALLED,2025-05-14 23:29:01,0.05,0.7,CDR_AGG_PERSON_0582_PERSON_1263
PERSON_0035,PERSON,PERSON_1179,PERSON,CALLED,2025-05-14 07:21:09,0.05,0.71,CDR_AGG_PERSON_0035_PERSON_1179
PERSON_0484,PERSON,PERSON_0893,PERSON,CALLED,2025-02-03 13:26:53,0.05,0.81,CDR_AGG_PERSON_0484_PERSON_0893
PERSON_0045,PERSON,PERSON_0673,PERSON,CALLED,2024-08-08 09:12:04,0.05,0.78,CDR_AGG_PERSON_0045_PERSON_0673
PERSON_0010,PERSON,PERSON_0330,PERSON,CALLED,2026-03-23 19:34:55,0.05,0.4,CDR_AGG_PERSON_0010_PERSON_0330
PERSON_1291,PERSON,PERSON_1444,PERSON,CALLED,2026-02-09 10:34:44,0.05,0.42,CDR_AGG_PERSON_1291_PERSON_1444
PERSON_0045,PERSON,PERSON_1450,PERSON,CALLED,2026-03-13 19:28:30,0.05,0.79,CDR_AGG_PERSON_0045_PERSON_1450
PERSON_0660,PERSON,PERSON_0973,PERSON,CALLED,2024-02-08 20:21:28,0.05,0.47,CDR_AGG_PERSON_0660_PERSON_0973
PERSON_1261,PERSON,PERSON_1287,PERSON,CALLED,2024-03-28 13:39:05,0.05,0.52,CDR_AGG_PERSON_1261_PERSON_1287
PERSON_0839,PERSON,PERSON_1237,PERSON,CALLED,2024-01-28 21:51:07,0.05,0.73,CDR_AGG_PERSON_0839_PERSON_1237
PERSON_0421,PERSON,PERSON_0935,PERSON,CALLED,2025-08-16 19:00:56,0.05,0.75,CDR_AGG_PERSON_0421_PERSON_0935
PERSON_0101,PERSON,PERSON_0879,PERSON,CALLED,2026-06-09 11:52:13,0.05,0.81,CDR_AGG_PERSON_0101_PERSON_0879
PERSON_0528,PERSON,PERSON_0989,PERSON,CALLED,2026-05-27 15:16:28,0.05,0.8,CDR_AGG_PERSON_0528_PERSON_0989
PERSON_0652,PERSON,PERSON_1402,PERSON,CALLED,2025-09-23 14:32:44,0.05,0.55,CDR_AGG_PERSON_0652_PERSON_1402
PERSON_0220,PERSON,PERSON_0293,PERSON,CALLED,2026-04-10 14:07:03,0.05,0.79,CDR_AGG_PERSON_0220_PERSON_0293
PERSON_0780,PERSON,PERSON_1005,PERSON,CALLED,2025-05-13 21:53:13,0.05,0.84,CDR_AGG_PERSON_0780_PERSON_1005
PERSON_0623,PERSON,PERSON_0891,PERSON,CALLED,2025-01-13 01:42:15,0.05,0.53,CDR_AGG_PERSON_0623_PERSON_0891
PERSON_0256,PERSON,PERSON_1242,PERSON,COMMUNICATED_WITH,2025-06-16 17:34:20,0.2,0.59,CDR_AGG_PERSON_0256_PERSON_1242
PERSON_0560,PERSON,PERSON_0909,PERSON,CALLED,2024-09-24 12:38:39,0.05,0.71,CDR_AGG_PERSON_0560_PERSON_0909
PERSON_0250,PERSON,PERSON_1300,PERSON,CALLED,2026-05-15 20:17:34,0.05,0.64,CDR_AGG_PERSON_0250_PERSON_1300
PERSON_0346,PERSON,PERSON_1331,PERSON,CALLED,2026-05-08 20:08:27,0.05,0.44,CDR_AGG_PERSON_0346_PERSON_1331
PERSON_0033,PERSON,PERSON_0173,PERSON,CALLED,2024-03-30 05:57:51,0.05,0.54,CDR_AGG_PERSON_0033_PERSON_0173
PERSON_0761,PERSON,PERSON_0817,PERSON,CALLED,2025-12-24 02:36:54,0.05,0.72,CDR_AGG_PERSON_0761_PERSON_0817
PERSON_0941,PERSON,PERSON_1118,PERSON,CALLED,2026-04-05 05:35:31,0.05,0.48,CDR_AGG_PERSON_0941_PERSON_1118
PERSON_0417,PERSON,PERSON_1383,PERSON,CALLED,2025-02-02 17:51:18,0.05,0.46,CDR_AGG_PERSON_0417_PERSON_1383
PERSON_0279,PERSON,PERSON_0336,PERSON,CALLED,2024-08-15 15:53:07,0.05,0.44,CDR_AGG_PERSON_0279_PERSON_0336
PERSON_0820,PERSON,PERSON_1290,PERSON,CALLED,2026-03-28 12:46:42,0.05,0.46,CDR_AGG_PERSON_0820_PERSON_1290
PERSON_0208,PERSON,PERSON_0388,PERSON,CALLED,2025-07-09 22:57:44,0.05,0.72,CDR_AGG_PERSON_0208_PERSON_0388
PERSON_0845,PERSON,PERSON_1012,PERSON,CALLED,2025-08-24 02:02:20,0.05,0.54,CDR_AGG_PERSON_0845_PERSON_1012
PERSON_1283,PERSON,PERSON_1307,PERSON,CALLED,2026-06-19 11:02:29,0.05,0.66,CDR_AGG_PERSON_1283_PERSON_1307
PERSON_0477,PERSON,PERSON_0734,PERSON,CALLED,2025-06-11 12:07:58,0.1,0.57,CDR_AGG_PERSON_0477_PERSON_0734
PERSON_0058,PERSON,PERSON_1265,PERSON,CALLED,2024-02-19 03:38:03,0.05,0.76,CDR_AGG_PERSON_0058_PERSON_1265
PERSON_0618,PERSON,PERSON_0893,PERSON,CALLED,2024-10-14 20:01:50,0.05,0.59,CDR_AGG_PERSON_0618_PERSON_0893
PERSON_0410,PERSON,PERSON_1193,PERSON,CALLED,2024-07-24 17:16:40,0.05,0.8,CDR_AGG_PERSON_0410_PERSON_1193
PERSON_0767,PERSON,PERSON_1145,PERSON,CALLED,2026-03-11 14:52:10,0.05,0.76,CDR_AGG_PERSON_0767_PERSON_1145
PERSON_0033,PERSON,PERSON_0046,PERSON,CALLED,2024-04-28 13:22:49,0.05,0.8,CDR_AGG_PERSON_0033_PERSON_0046
PERSON_0693,PERSON,PERSON_1133,PERSON,CALLED,2024-07-15 21:04:42,0.05,0.59,CDR_AGG_PERSON_0693_PERSON_1133
PERSON_0039,PERSON,PERSON_1461,PERSON,CALLED,2024-09-30 04:20:08,0.05,0.47,CDR_AGG_PERSON_0039_PERSON_1461
PERSON_0155,PERSON,PERSON_0554,PERSON,CALLED,2024-08-09 10:19:15,0.05,0.78,CDR_AGG_PERSON_0155_PERSON_0554
PERSON_0697,PERSON,PERSON_1380,PERSON,CALLED,2024-07-06 14:05:44,0.05,0.67,CDR_AGG_PERSON_0697_PERSON_1380
PERSON_0164,PERSON,PERSON_1020,PERSON,CALLED,2025-01-09 13:21:44,0.05,0.48,CDR_AGG_PERSON_0164_PERSON_1020
PERSON_0539,PERSON,PERSON_0900,PERSON,CALLED,2024-10-16 00:13:25,0.05,0.47,CDR_AGG_PERSON_0539_PERSON_0900
PERSON_0203,PERSON,PERSON_0205,PERSON,CALLED,2026-06-29 12:46:38,0.05,0.61,CDR_AGG_PERSON_0203_PERSON_0205
PERSON_0425,PERSON,PERSON_1254,PERSON,CALLED,2024-03-23 09:50:43,0.05,0.74,CDR_AGG_PERSON_0425_PERSON_1254
PERSON_0458,PERSON,PERSON_0688,PERSON,CALLED,2024-05-12 07:22:04,0.05,0.61,CDR_AGG_PERSON_0458_PERSON_0688
PERSON_0070,PERSON,PERSON_1037,PERSON,CALLED,2025-06-01 14:05:37,0.05,0.56,CDR_AGG_PERSON_0070_PERSON_1037
PERSON_0797,PERSON,PERSON_0933,PERSON,CALLED,2024-06-08 19:52:59,0.05,0.68,CDR_AGG_PERSON_0797_PERSON_0933
PERSON_0335,PERSON,PERSON_1179,PERSON,CALLED,2024-04-08 21:18:28,0.05,0.84,CDR_AGG_PERSON_0335_PERSON_1179
PERSON_0220,PERSON,PERSON_0741,PERSON,CALLED,2024-03-05 07:30:29,0.05,0.44,CDR_AGG_PERSON_0220_PERSON_0741
PERSON_0953,PERSON,PERSON_1138,PERSON,CALLED,2026-01-24 12:11:55,0.05,0.71,CDR_AGG_PERSON_0953_PERSON_1138
PERSON_0015,PERSON,PERSON_0254,PERSON,CALLED,2024-06-22 17:00:44,0.05,0.81,CDR_AGG_PERSON_0015_PERSON_0254
PERSON_0157,PERSON,PERSON_0962,PERSON,CALLED,2026-01-20 14:41:57,0.05,0.43,CDR_AGG_PERSON_0157_PERSON_0962
PERSON_0982,PERSON,PERSON_1407,PERSON,CALLED,2024-12-03 01:29:15,0.05,0.58,CDR_AGG_PERSON_0982_PERSON_1407
PERSON_0904,PERSON,PERSON_1108,PERSON,CALLED,2025-09-10 09:16:19,0.05,0.43,CDR_AGG_PERSON_0904_PERSON_1108
PERSON_0126,PERSON,PERSON_0706,PERSON,CALLED,2026-01-13 15:50:17,0.05,0.71,CDR_AGG_PERSON_0126_PERSON_0706
PERSON_0804,PERSON,PERSON_1076,PERSON,CALLED,2025-12-19 22:36:36,0.05,0.52,CDR_AGG_PERSON_0804_PERSON_1076
PERSON_0272,PERSON,PERSON_0730,PERSON,CALLED,2026-05-16 10:16:58,0.05,0.71,CDR_AGG_PERSON_0272_PERSON_0730
PERSON_0334,PERSON,PERSON_1314,PERSON,CALLED,2025-01-24 10:06:56,0.1,0.57,CDR_AGG_PERSON_0334_PERSON_1314
PERSON_0949,PERSON,PERSON_1055,PERSON,CALLED,2024-05-02 09:10:25,0.05,0.66,CDR_AGG_PERSON_0949_PERSON_1055
PERSON_0456,PERSON,PERSON_1172,PERSON,CALLED,2026-06-17 15:37:38,0.05,0.54,CDR_AGG_PERSON_0456_PERSON_1172
PERSON_0278,PERSON,PERSON_0756,PERSON,CALLED,2026-01-27 04:48:54,0.05,0.61,CDR_AGG_PERSON_0278_PERSON_0756
PERSON_1159,PERSON,PERSON_1269,PERSON,CALLED,2024-02-28 08:55:36,0.05,0.78,CDR_AGG_PERSON_1159_PERSON_1269
PERSON_0712,PERSON,PERSON_1204,PERSON,CALLED,2024-01-31 09:36:31,0.05,0.79,CDR_AGG_PERSON_0712_PERSON_1204
PERSON_0161,PERSON,PERSON_0567,PERSON,CALLED,2025-02-20 05:10:00,0.05,0.66,CDR_AGG_PERSON_0161_PERSON_0567
PERSON_0456,PERSON,PERSON_1097,PERSON,CALLED,2025-07-28 03:06:19,0.05,0.56,CDR_AGG_PERSON_0456_PERSON_1097
PERSON_0338,PERSON,PERSON_1273,PERSON,CALLED,2026-06-20 12:54:54,0.05,0.77,CDR_AGG_PERSON_0338_PERSON_1273
PERSON_0118,PERSON,PERSON_1268,PERSON,CALLED,2024-06-07 21:56:33,0.05,0.46,CDR_AGG_PERSON_0118_PERSON_1268
PERSON_0310,PERSON,PERSON_1255,PERSON,CALLED,2025-04-15 05:55:20,0.05,0.65,CDR_AGG_PERSON_0310_PERSON_1255
PERSON_0279,PERSON,PERSON_0887,PERSON,CALLED,2024-01-13 14:46:02,0.05,0.49,CDR_AGG_PERSON_0279_PERSON_0887
PERSON_0553,PERSON,PERSON_0647,PERSON,CALLED,2026-03-10 13:26:08,0.05,0.75,CDR_AGG_PERSON_0553_PERSON_0647
PERSON_0123,PERSON,PERSON_1008,PERSON,CALLED,2024-08-05 14:49:45,0.05,0.53,CDR_AGG_PERSON_0123_PERSON_1008
PERSON_0180,PERSON,PERSON_0264,PERSON,CALLED,2025-01-18 23:54:58,0.05,0.45,CDR_AGG_PERSON_0180_PERSON_0264
PERSON_0066,PERSON,PERSON_0228,PERSON,CALLED,2024-02-24 14:17:25,0.05,0.81,CDR_AGG_PERSON_0066_PERSON_0228
PERSON_0073,PERSON,PERSON_0876,PERSON,CALLED,2025-11-03 04:51:37,0.05,0.59,CDR_AGG_PERSON_0073_PERSON_0876
PERSON_0256,PERSON,PERSON_0499,PERSON,CALLED,2026-05-24 06:26:49,0.05,0.55,CDR_AGG_PERSON_0256_PERSON_0499
PERSON_1331,PERSON,PERSON_1463,PERSON,CALLED,2026-02-03 13:31:31,0.05,0.73,CDR_AGG_PERSON_1331_PERSON_1463
PERSON_0811,PERSON,PERSON_0944,PERSON,CALLED,2026-03-21 12:01:00,0.05,0.75,CDR_AGG_PERSON_0811_PERSON_0944
PERSON_0054,PERSON,PERSON_0547,PERSON,CALLED,2024-06-13 16:08:39,0.05,0.58,CDR_AGG_PERSON_0054_PERSON_0547
PERSON_0069,PERSON,PERSON_0805,PERSON,CALLED,2026-04-05 03:12:17,0.05,0.61,CDR_AGG_PERSON_0069_PERSON_0805
PERSON_0280,PERSON,PERSON_1078,PERSON,CALLED,2025-04-29 09:16:08,0.05,0.57,CDR_AGG_PERSON_0280_PERSON_1078
PERSON_0333,PERSON,PERSON_0745,PERSON,CALLED,2026-01-18 04:05:54,0.05,0.8,CDR_AGG_PERSON_0333_PERSON_0745
PERSON_0194,PERSON,PERSON_1343,PERSON,CALLED,2024-12-16 13:23:30,0.05,0.84,CDR_AGG_PERSON_0194_PERSON_1343
PERSON_0240,PERSON,PERSON_1335,PERSON,CALLED,2025-06-01 13:15:13,0.05,0.58,CDR_AGG_PERSON_0240_PERSON_1335
PERSON_0530,PERSON,PERSON_0897,PERSON,CALLED,2024-02-28 06:13:08,0.05,0.8,CDR_AGG_PERSON_0530_PERSON_0897
PERSON_0132,PERSON,PERSON_0232,PERSON,CALLED,2026-06-16 17:00:58,0.05,0.5,CDR_AGG_PERSON_0132_PERSON_0232
PERSON_0165,PERSON,PERSON_0749,PERSON,CALLED,2025-09-05 20:44:08,0.05,0.84,CDR_AGG_PERSON_0165_PERSON_0749
PERSON_0057,PERSON,PERSON_1110,PERSON,CALLED,2025-11-26 05:46:59,0.05,0.58,CDR_AGG_PERSON_0057_PERSON_1110
PERSON_0338,PERSON,PERSON_0768,PERSON,CALLED,2024-01-22 17:44:09,0.05,0.71,CDR_AGG_PERSON_0338_PERSON_0768
PERSON_0948,PERSON,PERSON_1310,PERSON,CALLED,2024-11-01 15:32:32,0.05,0.75,CDR_AGG_PERSON_0948_PERSON_1310
PERSON_0932,PERSON,PERSON_1500,PERSON,CALLED,2024-10-31 18:34:58,0.05,0.57,CDR_AGG_PERSON_0932_PERSON_1500
PERSON_0260,PERSON,PERSON_1274,PERSON,CALLED,2025-07-22 02:24:38,0.05,0.62,CDR_AGG_PERSON_0260_PERSON_1274
PERSON_0687,PERSON,PERSON_0956,PERSON,CALLED,2025-05-18 18:34:09,0.05,0.52,CDR_AGG_PERSON_0687_PERSON_0956
PERSON_0918,PERSON,PERSON_1465,PERSON,CALLED,2024-01-13 19:28:17,0.05,0.77,CDR_AGG_PERSON_0918_PERSON_1465
PERSON_1173,PERSON,PERSON_1334,PERSON,CALLED,2025-05-04 10:50:42,0.05,0.52,CDR_AGG_PERSON_1173_PERSON_1334
PERSON_1110,PERSON,PERSON_1484,PERSON,CALLED,2025-09-08 15:59:13,0.05,0.79,CDR_AGG_PERSON_1110_PERSON_1484
PERSON_0713,PERSON,PERSON_1474,PERSON,CALLED,2024-06-30 21:13:17,0.05,0.65,CDR_AGG_PERSON_0713_PERSON_1474
PERSON_1142,PERSON,PERSON_1294,PERSON,CALLED,2025-07-03 15:26:58,0.05,0.51,CDR_AGG_PERSON_1142_PERSON_1294
PERSON_0366,PERSON,PERSON_1086,PERSON,CALLED,2025-05-11 03:08:49,0.05,0.49,CDR_AGG_PERSON_0366_PERSON_1086
PERSON_0371,PERSON,PERSON_0441,PERSON,CALLED,2025-12-06 03:40:43,0.05,0.48,CDR_AGG_PERSON_0371_PERSON_0441
PERSON_0766,PERSON,PERSON_0865,PERSON,CALLED,2025-10-31 11:49:39,0.05,0.7,CDR_AGG_PERSON_0766_PERSON_0865
PERSON_0714,PERSON,PERSON_1458,PERSON,CALLED,2025-04-05 21:35:26,0.05,0.53,CDR_AGG_PERSON_0714_PERSON_1458
PERSON_0313,PERSON,PERSON_0782,PERSON,CALLED,2024-05-09 08:55:53,0.05,0.49,CDR_AGG_PERSON_0313_PERSON_0782
PERSON_0311,PERSON,PERSON_0466,PERSON,CALLED,2026-03-04 20:22:24,0.05,0.46,CDR_AGG_PERSON_0311_PERSON_0466
PERSON_0790,PERSON,PERSON_1468,PERSON,CALLED,2024-06-11 01:24:42,0.05,0.58,CDR_AGG_PERSON_0790_PERSON_1468
PERSON_0691,PERSON,PERSON_1054,PERSON,CALLED,2026-01-05 03:05:12,0.05,0.84,CDR_AGG_PERSON_0691_PERSON_1054
PERSON_0263,PERSON,PERSON_1110,PERSON,CALLED,2026-04-19 00:31:51,0.05,0.84,CDR_AGG_PERSON_0263_PERSON_1110
PERSON_0324,PERSON,PERSON_1430,PERSON,CALLED,2024-07-18 17:44:29,0.05,0.56,CDR_AGG_PERSON_0324_PERSON_1430
PERSON_0019,PERSON,PERSON_1490,PERSON,CALLED,2026-03-01 06:46:46,0.05,0.44,CDR_AGG_PERSON_0019_PERSON_1490
PERSON_0392,PERSON,PERSON_0759,PERSON,CALLED,2025-11-11 10:59:39,0.1,0.48,CDR_AGG_PERSON_0392_PERSON_0759
PERSON_0578,PERSON,PERSON_0926,PERSON,CALLED,2025-02-15 12:00:17,0.05,0.61,CDR_AGG_PERSON_0578_PERSON_0926
PERSON_0464,PERSON,PERSON_1284,PERSON,CALLED,2025-09-20 06:23:05,0.05,0.71,CDR_AGG_PERSON_0464_PERSON_1284
PERSON_0199,PERSON,PERSON_1439,PERSON,CALLED,2025-06-15 10:53:20,0.05,0.44,CDR_AGG_PERSON_0199_PERSON_1439
PERSON_0646,PERSON,PERSON_1202,PERSON,CALLED,2026-02-28 10:13:06,0.05,0.62,CDR_AGG_PERSON_0646_PERSON_1202
PERSON_0096,PERSON,PERSON_1009,PERSON,CALLED,2025-03-21 05:20:14,0.05,0.81,CDR_AGG_PERSON_0096_PERSON_1009
PERSON_0653,PERSON,PERSON_1235,PERSON,CALLED,2025-12-12 00:58:40,0.05,0.58,CDR_AGG_PERSON_0653_PERSON_1235
PERSON_0496,PERSON,PERSON_0851,PERSON,CALLED,2024-07-12 05:16:31,0.05,0.5,CDR_AGG_PERSON_0496_PERSON_0851
PERSON_0283,PERSON,PERSON_0401,PERSON,CALLED,2026-06-07 17:11:29,0.05,0.81,CDR_AGG_PERSON_0283_PERSON_0401
PERSON_0422,PERSON,PERSON_0482,PERSON,CALLED,2025-01-27 20:53:57,0.05,0.56,CDR_AGG_PERSON_0422_PERSON_0482
PERSON_0626,PERSON,PERSON_1250,PERSON,CALLED,2025-05-19 16:40:53,0.05,0.71,CDR_AGG_PERSON_0626_PERSON_1250
PERSON_0862,PERSON,PERSON_1130,PERSON,CALLED,2024-03-29 00:40:18,0.05,0.54,CDR_AGG_PERSON_0862_PERSON_1130
PERSON_1426,PERSON,PERSON_1451,PERSON,CALLED,2024-08-29 17:40:37,0.05,0.78,CDR_AGG_PERSON_1426_PERSON_1451
PERSON_0573,PERSON,PERSON_1107,PERSON,CALLED,2025-03-31 04:56:11,0.05,0.76,CDR_AGG_PERSON_0573_PERSON_1107
PERSON_0431,PERSON,PERSON_1082,PERSON,CALLED,2025-02-12 19:16:11,0.05,0.8,CDR_AGG_PERSON_0431_PERSON_1082
PERSON_0598,PERSON,PERSON_0640,PERSON,CALLED,2024-11-05 05:49:25,0.05,0.68,CDR_AGG_PERSON_0598_PERSON_0640
PERSON_0905,PERSON,PERSON_1089,PERSON,CALLED,2026-06-29 08:21:26,0.1,0.53,CDR_AGG_PERSON_0905_PERSON_1089
PERSON_0535,PERSON,PERSON_1339,PERSON,CALLED,2025-06-29 16:07:49,0.05,0.65,CDR_AGG_PERSON_0535_PERSON_1339
PERSON_0443,PERSON,PERSON_1300,PERSON,CALLED,2025-01-21 17:04:17,0.05,0.82,CDR_AGG_PERSON_0443_PERSON_1300
PERSON_0562,PERSON,PERSON_1201,PERSON,CALLED,2026-05-27 01:55:18,0.05,0.62,CDR_AGG_PERSON_0562_PERSON_1201
PERSON_0100,PERSON,PERSON_0204,PERSON,CALLED,2025-06-21 01:09:53,0.05,0.46,CDR_AGG_PERSON_0100_PERSON_0204
PERSON_0346,PERSON,PERSON_0885,PERSON,CALLED,2025-11-23 11:28:04,0.05,0.6,CDR_AGG_PERSON_0346_PERSON_0885
PERSON_0129,PERSON,PERSON_0820,PERSON,CALLED,2024-03-19 13:34:43,0.05,0.59,CDR_AGG_PERSON_0129_PERSON_0820
PERSON_0147,PERSON,PERSON_1229,PERSON,CALLED,2026-03-07 02:29:22,0.05,0.4,CDR_AGG_PERSON_0147_PERSON_1229
PERSON_0550,PERSON,PERSON_0636,PERSON,CALLED,2024-04-30 18:44:13,0.05,0.62,CDR_AGG_PERSON_0550_PERSON_0636
PERSON_0347,PERSON,PERSON_1385,PERSON,CALLED,2025-06-09 15:46:35,0.05,0.77,CDR_AGG_PERSON_0347_PERSON_1385
PERSON_0952,PERSON,PERSON_0991,PERSON,CALLED,2025-09-06 10:53:49,0.1,0.55,CDR_AGG_PERSON_0952_PERSON_0991
PERSON_0146,PERSON,PERSON_1382,PERSON,CALLED,2025-01-01 12:11:38,0.05,0.7,CDR_AGG_PERSON_0146_PERSON_1382
PERSON_0655,PERSON,PERSON_1422,PERSON,CALLED,2025-07-23 12:31:58,0.05,0.7,CDR_AGG_PERSON_0655_PERSON_1422
PERSON_0601,PERSON,PERSON_1117,PERSON,CALLED,2025-12-11 04:12:26,0.05,0.42,CDR_AGG_PERSON_0601_PERSON_1117
PERSON_0703,PERSON,PERSON_1130,PERSON,CALLED,2024-06-20 21:09:26,0.05,0.47,CDR_AGG_PERSON_0703_PERSON_1130
PERSON_0312,PERSON,PERSON_1297,PERSON,CALLED,2025-02-24 07:23:41,0.05,0.79,CDR_AGG_PERSON_0312_PERSON_1297
PERSON_0024,PERSON,PERSON_0432,PERSON,CALLED,2024-01-28 04:33:29,0.05,0.72,CDR_AGG_PERSON_0024_PERSON_0432
PERSON_0790,PERSON,PERSON_1230,PERSON,CALLED,2025-09-08 18:34:04,0.05,0.76,CDR_AGG_PERSON_0790_PERSON_1230
PERSON_0943,PERSON,PERSON_1107,PERSON,CALLED,2024-03-21 12:51:15,0.05,0.43,CDR_AGG_PERSON_0943_PERSON_1107
PERSON_0229,PERSON,PERSON_0608,PERSON,CALLED,2026-05-17 22:59:29,0.05,0.72,CDR_AGG_PERSON_0229_PERSON_0608
PERSON_0455,PERSON,PERSON_0875,PERSON,CALLED,2025-11-09 22:54:17,0.05,0.65,CDR_AGG_PERSON_0455_PERSON_0875
PERSON_0215,PERSON,PERSON_1028,PERSON,CALLED,2024-12-10 17:57:40,0.05,0.66,CDR_AGG_PERSON_0215_PERSON_1028
PERSON_0375,PERSON,PERSON_0942,PERSON,CALLED,2024-02-04 22:47:34,0.05,0.85,CDR_AGG_PERSON_0375_PERSON_0942
PERSON_0267,PERSON,PERSON_1095,PERSON,CALLED,2024-08-05 01:21:57,0.05,0.41,CDR_AGG_PERSON_0267_PERSON_1095
PERSON_0312,PERSON,PERSON_1355,PERSON,CALLED,2026-01-02 21:11:20,0.05,0.51,CDR_AGG_PERSON_0312_PERSON_1355
PERSON_0514,PERSON,PERSON_0851,PERSON,CALLED,2025-03-12 14:04:09,0.1,0.51,CDR_AGG_PERSON_0514_PERSON_0851
PERSON_1051,PERSON,PERSON_1457,PERSON,CALLED,2026-01-11 14:10:32,0.1,0.49,CDR_AGG_PERSON_1051_PERSON_1457
PERSON_0455,PERSON,PERSON_1427,PERSON,CALLED,2024-04-15 17:07:49,0.05,0.81,CDR_AGG_PERSON_0455_PERSON_1427
PERSON_0474,PERSON,PERSON_1309,PERSON,CALLED,2024-07-02 10:05:40,0.05,0.79,CDR_AGG_PERSON_0474_PERSON_1309
PERSON_0636,PERSON,PERSON_0876,PERSON,CALLED,2024-09-14 11:47:40,0.05,0.54,CDR_AGG_PERSON_0636_PERSON_0876
PERSON_0223,PERSON,PERSON_0289,PERSON,CALLED,2024-07-25 03:43:44,0.05,0.85,CDR_AGG_PERSON_0223_PERSON_0289
PERSON_0954,PERSON,PERSON_1395,PERSON,CALLED,2025-07-27 22:28:43,0.05,0.41,CDR_AGG_PERSON_0954_PERSON_1395
PERSON_0585,PERSON,PERSON_0862,PERSON,CALLED,2025-09-09 02:57:20,0.05,0.52,CDR_AGG_PERSON_0585_PERSON_0862
PERSON_0500,PERSON,PERSON_0944,PERSON,CALLED,2024-12-01 22:38:13,0.05,0.43,CDR_AGG_PERSON_0500_PERSON_0944
PERSON_0768,PERSON,PERSON_0787,PERSON,CALLED,2024-12-22 14:57:48,0.05,0.44,CDR_AGG_PERSON_0768_PERSON_0787
PERSON_0685,PERSON,PERSON_0713,PERSON,CALLED,2024-08-31 11:52:49,0.05,0.44,CDR_AGG_PERSON_0685_PERSON_0713
PERSON_0174,PERSON,PERSON_0698,PERSON,CALLED,2024-05-31 15:30:54,0.05,0.48,CDR_AGG_PERSON_0174_PERSON_0698
PERSON_0921,PERSON,PERSON_0941,PERSON,CALLED,2025-02-23 01:21:29,0.05,0.68,CDR_AGG_PERSON_0921_PERSON_0941
PERSON_0241,PERSON,PERSON_0703,PERSON,CALLED,2025-12-02 05:24:56,0.05,0.44,CDR_AGG_PERSON_0241_PERSON_0703
PERSON_0684,PERSON,PERSON_1152,PERSON,CALLED,2024-10-27 16:35:17,0.05,0.59,CDR_AGG_PERSON_0684_PERSON_1152
PERSON_1016,PERSON,PERSON_1112,PERSON,CALLED,2026-04-27 19:07:22,0.05,0.74,CDR_AGG_PERSON_1016_PERSON_1112
PERSON_0054,PERSON,PERSON_1177,PERSON,CALLED,2024-02-10 10:22:32,0.05,0.47,CDR_AGG_PERSON_0054_PERSON_1177
PERSON_0706,PERSON,PERSON_1409,PERSON,CALLED,2024-08-13 22:44:42,0.05,0.52,CDR_AGG_PERSON_0706_PERSON_1409
PERSON_0370,PERSON,PERSON_0989,PERSON,CALLED,2025-03-06 01:34:28,0.05,0.7,CDR_AGG_PERSON_0370_PERSON_0989
PERSON_0756,PERSON,PERSON_0850,PERSON,CALLED,2024-07-19 21:50:09,0.05,0.5,CDR_AGG_PERSON_0756_PERSON_0850
PERSON_0861,PERSON,PERSON_1011,PERSON,CALLED,2024-04-02 12:44:48,0.05,0.61,CDR_AGG_PERSON_0861_PERSON_1011
PERSON_0255,PERSON,PERSON_1039,PERSON,CALLED,2026-05-03 13:03:37,0.05,0.53,CDR_AGG_PERSON_0255_PERSON_1039
PERSON_0834,PERSON,PERSON_1382,PERSON,CALLED,2026-03-08 00:43:50,0.05,0.84,CDR_AGG_PERSON_0834_PERSON_1382
PERSON_0050,PERSON,PERSON_0651,PERSON,CALLED,2024-04-26 11:49:00,0.05,0.75,CDR_AGG_PERSON_0050_PERSON_0651
PERSON_0327,PERSON,PERSON_0614,PERSON,CALLED,2025-02-13 01:11:40,0.05,0.79,CDR_AGG_PERSON_0327_PERSON_0614
PERSON_1222,PERSON,PERSON_1362,PERSON,CALLED,2026-03-11 06:12:49,0.05,0.64,CDR_AGG_PERSON_1222_PERSON_1362
PERSON_1056,PERSON,PERSON_1109,PERSON,CALLED,2024-04-05 01:21:02,0.05,0.74,CDR_AGG_PERSON_1056_PERSON_1109
PERSON_0051,PERSON,PERSON_0198,PERSON,CALLED,2025-07-17 15:02:05,0.05,0.48,CDR_AGG_PERSON_0051_PERSON_0198
PERSON_0042,PERSON,PERSON_1037,PERSON,CALLED,2026-01-13 07:39:27,0.05,0.82,CDR_AGG_PERSON_0042_PERSON_1037
PERSON_0888,PERSON,PERSON_0944,PERSON,CALLED,2024-06-11 10:47:25,0.05,0.44,CDR_AGG_PERSON_0888_PERSON_0944
PERSON_1093,PERSON,PERSON_1261,PERSON,CALLED,2025-07-13 08:38:24,0.05,0.49,CDR_AGG_PERSON_1093_PERSON_1261
PERSON_0678,PERSON,PERSON_1254,PERSON,CALLED,2025-07-23 05:08:32,0.05,0.74,CDR_AGG_PERSON_0678_PERSON_1254
PERSON_0847,PERSON,PERSON_1346,PERSON,CALLED,2025-04-18 04:36:59,0.05,0.64,CDR_AGG_PERSON_0847_PERSON_1346
PERSON_0583,PERSON,PERSON_1468,PERSON,CALLED,2025-01-12 15:58:31,0.05,0.78,CDR_AGG_PERSON_0583_PERSON_1468
PERSON_0550,PERSON,PERSON_0647,PERSON,CALLED,2025-09-23 08:51:46,0.05,0.67,CDR_AGG_PERSON_0550_PERSON_0647
PERSON_0509,PERSON,PERSON_0743,PERSON,CALLED,2025-12-23 20:23:49,0.05,0.75,CDR_AGG_PERSON_0509_PERSON_0743
PERSON_0196,PERSON,PERSON_1209,PERSON,CALLED,2024-09-10 17:15:37,0.05,0.62,CDR_AGG_PERSON_0196_PERSON_1209
PERSON_0795,PERSON,PERSON_1028,PERSON,CALLED,2026-05-03 01:45:42,0.05,0.43,CDR_AGG_PERSON_0795_PERSON_1028
PERSON_0127,PERSON,PERSON_0341,PERSON,CALLED,2026-02-23 18:19:18,0.05,0.82,CDR_AGG_PERSON_0127_PERSON_0341
PERSON_0366,PERSON,PERSON_0655,PERSON,CALLED,2025-09-28 03:21:42,0.05,0.7,CDR_AGG_PERSON_0366_PERSON_0655
PERSON_1097,PERSON,PERSON_1249,PERSON,CALLED,2024-02-28 17:20:50,0.05,0.79,CDR_AGG_PERSON_1097_PERSON_1249
PERSON_0549,PERSON,PERSON_0625,PERSON,CALLED,2026-04-26 16:12:41,0.05,0.57,CDR_AGG_PERSON_0549_PERSON_0625
PERSON_0258,PERSON,PERSON_0559,PERSON,CALLED,2024-04-22 20:59:13,0.05,0.72,CDR_AGG_PERSON_0258_PERSON_0559
PERSON_0080,PERSON,PERSON_1273,PERSON,CALLED,2024-06-06 00:02:12,0.05,0.76,CDR_AGG_PERSON_0080_PERSON_1273
PERSON_0661,PERSON,PERSON_0749,PERSON,CALLED,2025-04-05 04:13:45,0.05,0.77,CDR_AGG_PERSON_0661_PERSON_0749
PERSON_0619,PERSON,PERSON_0830,PERSON,CALLED,2024-08-18 05:21:07,0.05,0.65,CDR_AGG_PERSON_0619_PERSON_0830
PERSON_0874,PERSON,PERSON_0955,PERSON,CALLED,2024-09-28 01:31:02,0.05,0.82,CDR_AGG_PERSON_0874_PERSON_0955
PERSON_0154,PERSON,PERSON_0573,PERSON,CALLED,2026-02-10 14:10:50,0.05,0.48,CDR_AGG_PERSON_0154_PERSON_0573
PERSON_0128,PERSON,PERSON_0792,PERSON,CALLED,2024-12-25 01:00:51,0.05,0.43,CDR_AGG_PERSON_0128_PERSON_0792
PERSON_0057,PERSON,PERSON_1230,PERSON,CALLED,2024-10-17 08:44:55,0.05,0.77,CDR_AGG_PERSON_0057_PERSON_1230
PERSON_1107,PERSON,PERSON_1482,PERSON,CALLED,2025-01-13 01:54:40,0.05,0.69,CDR_AGG_PERSON_1107_PERSON_1482
PERSON_0811,PERSON,PERSON_0922,PERSON,CALLED,2024-04-23 05:59:04,0.05,0.73,CDR_AGG_PERSON_0811_PERSON_0922
PERSON_0499,PERSON,PERSON_1345,PERSON,CALLED,2025-07-26 16:10:04,0.05,0.41,CDR_AGG_PERSON_0499_PERSON_1345
PERSON_0393,PERSON,PERSON_0835,PERSON,CALLED,2024-12-07 00:28:07,0.05,0.46,CDR_AGG_PERSON_0393_PERSON_0835
PERSON_1183,PERSON,PERSON_1217,PERSON,CALLED,2026-01-08 02:39:16,0.05,0.65,CDR_AGG_PERSON_1183_PERSON_1217
PERSON_0245,PERSON,PERSON_0323,PERSON,CALLED,2024-03-20 16:40:48,0.05,0.66,CDR_AGG_PERSON_0245_PERSON_0323
PERSON_0049,PERSON,PERSON_0439,PERSON,CALLED,2025-08-29 16:41:46,0.05,0.77,CDR_AGG_PERSON_0049_PERSON_0439
PERSON_0633,PERSON,PERSON_1122,PERSON,CALLED,2026-03-15 17:39:28,0.05,0.85,CDR_AGG_PERSON_0633_PERSON_1122
PERSON_0173,PERSON,PERSON_1211,PERSON,CALLED,2026-04-01 23:59:42,0.05,0.82,CDR_AGG_PERSON_0173_PERSON_1211
PERSON_0732,PERSON,PERSON_1014,PERSON,CALLED,2025-12-23 15:36:33,0.05,0.41,CDR_AGG_PERSON_0732_PERSON_1014
PERSON_0944,PERSON,PERSON_0989,PERSON,CALLED,2026-03-18 00:22:39,0.05,0.75,CDR_AGG_PERSON_0944_PERSON_0989
PERSON_0432,PERSON,PERSON_0549,PERSON,CALLED,2024-06-09 02:15:55,0.05,0.54,CDR_AGG_PERSON_0432_PERSON_0549
PERSON_0495,PERSON,PERSON_1319,PERSON,CALLED,2025-05-20 03:15:27,0.05,0.82,CDR_AGG_PERSON_0495_PERSON_1319
PERSON_0689,PERSON,PERSON_0918,PERSON,CALLED,2024-04-15 08:47:14,0.05,0.62,CDR_AGG_PERSON_0689_PERSON_0918
PERSON_0634,PERSON,PERSON_1360,PERSON,CALLED,2024-08-09 18:05:02,0.05,0.73,CDR_AGG_PERSON_0634_PERSON_1360
PERSON_0387,PERSON,PERSON_1366,PERSON,CALLED,2025-11-06 13:14:19,0.05,0.56,CDR_AGG_PERSON_0387_PERSON_1366
PERSON_0476,PERSON,PERSON_1096,PERSON,CALLED,2025-03-05 08:31:35,0.05,0.45,CDR_AGG_PERSON_0476_PERSON_1096
PERSON_0286,PERSON,PERSON_0368,PERSON,CALLED,2024-11-26 02:57:11,0.05,0.51,CDR_AGG_PERSON_0286_PERSON_0368
PERSON_0122,PERSON,PERSON_0753,PERSON,CALLED,2025-05-24 08:57:00,0.05,0.84,CDR_AGG_PERSON_0122_PERSON_0753
PERSON_0286,PERSON,PERSON_1225,PERSON,CALLED,2025-10-16 22:54:30,0.05,0.77,CDR_AGG_PERSON_0286_PERSON_1225
PERSON_0336,PERSON,PERSON_0934,PERSON,CALLED,2024-10-19 02:14:47,0.05,0.83,CDR_AGG_PERSON_0336_PERSON_0934
PERSON_0759,PERSON,PERSON_1283,PERSON,CALLED,2025-07-12 03:14:47,0.05,0.66,CDR_AGG_PERSON_0759_PERSON_1283
PERSON_0216,PERSON,PERSON_1293,PERSON,CALLED,2024-11-08 21:34:39,0.05,0.79,CDR_AGG_PERSON_0216_PERSON_1293
PERSON_0097,PERSON,PERSON_1469,PERSON,CALLED,2025-12-16 06:26:46,0.05,0.46,CDR_AGG_PERSON_0097_PERSON_1469
PERSON_0090,PERSON,PERSON_1275,PERSON,CALLED,2024-04-02 09:32:40,0.05,0.64,CDR_AGG_PERSON_0090_PERSON_1275
PERSON_0481,PERSON,PERSON_0646,PERSON,CALLED,2024-09-21 07:26:53,0.05,0.41,CDR_AGG_PERSON_0481_PERSON_0646
PERSON_0814,PERSON,PERSON_1335,PERSON,CALLED,2024-08-05 08:15:58,0.05,0.69,CDR_AGG_PERSON_0814_PERSON_1335
PERSON_0091,PERSON,PERSON_1418,PERSON,CALLED,2025-10-12 20:09:27,0.05,0.47,CDR_AGG_PERSON_0091_PERSON_1418
PERSON_0039,PERSON,PERSON_0679,PERSON,CALLED,2026-05-11 00:03:32,0.05,0.74,CDR_AGG_PERSON_0039_PERSON_0679
PERSON_0758,PERSON,PERSON_0799,PERSON,CALLED,2026-02-21 10:56:32,0.05,0.72,CDR_AGG_PERSON_0758_PERSON_0799
PERSON_0203,PERSON,PERSON_1202,PERSON,CALLED,2024-10-30 11:01:05,0.05,0.5,CDR_AGG_PERSON_0203_PERSON_1202
PERSON_0310,PERSON,PERSON_1119,PERSON,CALLED,2024-10-12 16:57:36,0.1,0.58,CDR_AGG_PERSON_0310_PERSON_1119
PERSON_0197,PERSON,PERSON_0329,PERSON,CALLED,2025-01-08 07:40:38,0.05,0.74,CDR_AGG_PERSON_0197_PERSON_0329
PERSON_1230,PERSON,PERSON_1407,PERSON,CALLED,2025-10-04 09:00:12,0.05,0.75,CDR_AGG_PERSON_1230_PERSON_1407
PERSON_0528,PERSON,PERSON_1116,PERSON,CALLED,2026-02-14 07:07:03,0.05,0.42,CDR_AGG_PERSON_0528_PERSON_1116
PERSON_0564,PERSON,PERSON_0816,PERSON,CALLED,2025-09-24 11:58:33,0.05,0.7,CDR_AGG_PERSON_0564_PERSON_0816
PERSON_0597,PERSON,PERSON_0744,PERSON,CALLED,2025-08-13 03:22:25,0.05,0.82,CDR_AGG_PERSON_0597_PERSON_0744
PERSON_0382,PERSON,PERSON_0518,PERSON,CALLED,2024-06-20 04:31:16,0.05,0.58,CDR_AGG_PERSON_0382_PERSON_0518
PERSON_0199,PERSON,PERSON_0647,PERSON,CALLED,2026-01-12 17:26:26,0.05,0.63,CDR_AGG_PERSON_0199_PERSON_0647
PERSON_0539,PERSON,PERSON_1398,PERSON,CALLED,2025-09-13 18:39:48,0.05,0.6,CDR_AGG_PERSON_0539_PERSON_1398
PERSON_0834,PERSON,PERSON_1010,PERSON,CALLED,2025-09-01 11:06:59,0.05,0.77,CDR_AGG_PERSON_0834_PERSON_1010
PERSON_0165,PERSON,PERSON_1170,PERSON,CALLED,2024-10-29 23:25:20,0.05,0.76,CDR_AGG_PERSON_0165_PERSON_1170
PERSON_0457,PERSON,PERSON_1433,PERSON,CALLED,2025-11-19 13:27:01,0.05,0.57,CDR_AGG_PERSON_0457_PERSON_1433
PERSON_0033,PERSON,PERSON_0944,PERSON,CALLED,2026-05-25 22:02:52,0.05,0.8,CDR_AGG_PERSON_0033_PERSON_0944
PERSON_0245,PERSON,PERSON_0528,PERSON,CALLED,2026-03-14 23:12:24,0.05,0.68,CDR_AGG_PERSON_0245_PERSON_0528
PERSON_0457,PERSON,PERSON_1071,PERSON,CALLED,2024-06-07 14:03:04,0.05,0.6,CDR_AGG_PERSON_0457_PERSON_1071
PERSON_0331,PERSON,PERSON_1328,PERSON,CALLED,2026-06-05 04:25:10,0.05,0.41,CDR_AGG_PERSON_0331_PERSON_1328
PERSON_0054,PERSON,PERSON_1398,PERSON,CALLED,2024-01-24 22:20:28,0.05,0.45,CDR_AGG_PERSON_0054_PERSON_1398
PERSON_1230,PERSON,PERSON_1313,PERSON,CALLED,2024-08-18 11:06:17,0.05,0.56,CDR_AGG_PERSON_1230_PERSON_1313
PERSON_0164,PERSON,PERSON_0635,PERSON,CALLED,2025-07-18 22:31:18,0.05,0.63,CDR_AGG_PERSON_0164_PERSON_0635
PERSON_0939,PERSON,PERSON_1007,PERSON,CALLED,2025-12-01 17:34:32,0.05,0.59,CDR_AGG_PERSON_0939_PERSON_1007
PERSON_0103,PERSON,PERSON_1463,PERSON,CALLED,2025-12-06 19:27:18,0.05,0.59,CDR_AGG_PERSON_0103_PERSON_1463
PERSON_0637,PERSON,PERSON_0791,PERSON,CALLED,2024-01-14 13:12:13,0.05,0.56,CDR_AGG_PERSON_0637_PERSON_0791
PERSON_0244,PERSON,PERSON_1305,PERSON,CALLED,2026-03-22 21:48:44,0.05,0.45,CDR_AGG_PERSON_0244_PERSON_1305
PERSON_1288,PERSON,PERSON_1459,PERSON,CALLED,2024-09-26 11:25:16,0.05,0.6,CDR_AGG_PERSON_1288_PERSON_1459
PERSON_0470,PERSON,PERSON_1062,PERSON,CALLED,2026-02-15 07:14:04,0.05,0.5,CDR_AGG_PERSON_0470_PERSON_1062
PERSON_1018,PERSON,PERSON_1394,PERSON,CALLED,2025-12-22 09:35:53,0.05,0.71,CDR_AGG_PERSON_1018_PERSON_1394
PERSON_0056,PERSON,PERSON_1250,PERSON,CALLED,2024-06-09 22:53:57,0.05,0.43,CDR_AGG_PERSON_0056_PERSON_1250
PERSON_0790,PERSON,PERSON_1077,PERSON,CALLED,2025-03-07 18:50:31,0.05,0.48,CDR_AGG_PERSON_0790_PERSON_1077
PERSON_0990,PERSON,PERSON_1142,PERSON,CALLED,2025-11-04 12:18:36,0.05,0.48,CDR_AGG_PERSON_0990_PERSON_1142
PERSON_0384,PERSON,PERSON_0650,PERSON,CALLED,2025-01-19 15:24:41,0.05,0.83,CDR_AGG_PERSON_0384_PERSON_0650
PERSON_0938,PERSON,PERSON_1382,PERSON,CALLED,2026-05-13 05:15:20,0.05,0.81,CDR_AGG_PERSON_0938_PERSON_1382
PERSON_0610,PERSON,PERSON_0722,PERSON,CALLED,2026-03-21 21:25:37,0.05,0.52,CDR_AGG_PERSON_0610_PERSON_0722
PERSON_0216,PERSON,PERSON_1280,PERSON,CALLED,2025-04-05 15:14:33,0.05,0.79,CDR_AGG_PERSON_0216_PERSON_1280
PERSON_0804,PERSON,PERSON_1159,PERSON,CALLED,2024-11-09 17:11:34,0.05,0.46,CDR_AGG_PERSON_0804_PERSON_1159
PERSON_0661,PERSON,PERSON_1472,PERSON,CALLED,2024-01-01 20:37:21,0.05,0.62,CDR_AGG_PERSON_0661_PERSON_1472
PERSON_0366,PERSON,PERSON_0578,PERSON,CALLED,2026-01-30 15:46:24,0.05,0.56,CDR_AGG_PERSON_0366_PERSON_0578
PERSON_1336,PERSON,PERSON_1382,PERSON,CALLED,2024-03-30 08:19:37,0.05,0.7,CDR_AGG_PERSON_1336_PERSON_1382
PERSON_0126,PERSON,PERSON_0275,PERSON,CALLED,2024-07-31 09:53:24,0.05,0.43,CDR_AGG_PERSON_0126_PERSON_0275
PERSON_0304,PERSON,PERSON_0568,PERSON,CALLED,2026-01-20 21:00:15,0.05,0.57,CDR_AGG_PERSON_0304_PERSON_0568
PERSON_0447,PERSON,PERSON_1255,PERSON,CALLED,2024-09-11 17:42:39,0.05,0.62,CDR_AGG_PERSON_0447_PERSON_1255
PERSON_0375,PERSON,PERSON_1160,PERSON,CALLED,2025-06-08 11:36:06,0.05,0.83,CDR_AGG_PERSON_0375_PERSON_1160
PERSON_0641,PERSON,PERSON_1014,PERSON,CALLED,2025-05-31 18:34:10,0.05,0.64,CDR_AGG_PERSON_0641_PERSON_1014
PERSON_0764,PERSON,PERSON_1477,PERSON,CALLED,2026-05-01 01:10:25,0.05,0.71,CDR_AGG_PERSON_0764_PERSON_1477
PERSON_0221,PERSON,PERSON_0704,PERSON,CALLED,2024-12-05 21:55:41,0.05,0.8,CDR_AGG_PERSON_0221_PERSON_0704
PERSON_0398,PERSON,PERSON_1354,PERSON,CALLED,2026-03-08 23:09:52,0.05,0.72,CDR_AGG_PERSON_0398_PERSON_1354
PERSON_0131,PERSON,PERSON_0575,PERSON,CALLED,2026-02-25 15:24:07,0.05,0.81,CDR_AGG_PERSON_0131_PERSON_0575
PERSON_0356,PERSON,PERSON_1388,PERSON,CALLED,2024-03-04 14:45:40,0.05,0.73,CDR_AGG_PERSON_0356_PERSON_1388
PERSON_0950,PERSON,PERSON_1440,PERSON,CALLED,2026-05-03 14:19:14,0.05,0.82,CDR_AGG_PERSON_0950_PERSON_1440
PERSON_0663,PERSON,PERSON_1316,PERSON,CALLED,2025-08-05 12:52:58,0.05,0.51,CDR_AGG_PERSON_0663_PERSON_1316
PERSON_1468,PERSON,PERSON_1474,PERSON,CALLED,2024-03-22 02:43:10,0.05,0.68,CDR_AGG_PERSON_1468_PERSON_1474
PERSON_0040,PERSON,PERSON_0913,PERSON,CALLED,2025-09-04 08:29:11,0.05,0.82,CDR_AGG_PERSON_0040_PERSON_0913
PERSON_0034,PERSON,PERSON_0265,PERSON,CALLED,2025-12-29 18:57:20,0.05,0.57,CDR_AGG_PERSON_0034_PERSON_0265
PERSON_0132,PERSON,PERSON_1109,PERSON,CALLED,2025-02-06 12:17:37,0.05,0.59,CDR_AGG_PERSON_0132_PERSON_1109
PERSON_0682,PERSON,PERSON_1133,PERSON,CALLED,2024-01-02 05:41:42,0.05,0.41,CDR_AGG_PERSON_0682_PERSON_1133
PERSON_0311,PERSON,PERSON_0657,PERSON,CALLED,2025-09-19 19:24:15,0.05,0.78,CDR_AGG_PERSON_0311_PERSON_0657
PERSON_0849,PERSON,PERSON_1387,PERSON,CALLED,2025-04-21 22:54:24,0.05,0.69,CDR_AGG_PERSON_0849_PERSON_1387
PERSON_0488,PERSON,PERSON_0835,PERSON,CALLED,2024-12-14 06:03:09,0.05,0.51,CDR_AGG_PERSON_0488_PERSON_0835
PERSON_0046,PERSON,PERSON_0401,PERSON,CALLED,2026-04-23 13:30:12,0.05,0.73,CDR_AGG_PERSON_0046_PERSON_0401
PERSON_0745,PERSON,PERSON_0809,PERSON,CALLED,2024-01-31 13:52:56,0.05,0.83,CDR_AGG_PERSON_0745_PERSON_0809
PERSON_0356,PERSON,PERSON_0360,PERSON,CALLED,2025-03-08 12:27:09,0.05,0.55,CDR_AGG_PERSON_0356_PERSON_0360
PERSON_0355,PERSON,PERSON_1030,PERSON,CALLED,2025-04-25 19:27:59,0.05,0.74,CDR_AGG_PERSON_0355_PERSON_1030
PERSON_0032,PERSON,PERSON_0891,PERSON,CALLED,2025-02-02 12:22:31,0.05,0.45,CDR_AGG_PERSON_0032_PERSON_0891
PERSON_0310,PERSON,PERSON_1129,PERSON,CALLED,2024-11-07 13:02:12,0.05,0.73,CDR_AGG_PERSON_0310_PERSON_1129
PERSON_1034,PERSON,PERSON_1440,PERSON,CALLED,2024-01-26 08:16:02,0.05,0.55,CDR_AGG_PERSON_1034_PERSON_1440
PERSON_0168,PERSON,PERSON_1368,PERSON,CALLED,2024-07-28 11:42:37,0.05,0.81,CDR_AGG_PERSON_0168_PERSON_1368
PERSON_0401,PERSON,PERSON_0720,PERSON,CALLED,2024-08-11 15:25:31,0.05,0.63,CDR_AGG_PERSON_0401_PERSON_0720
PERSON_0757,PERSON,PERSON_0998,PERSON,CALLED,2024-11-20 10:55:45,0.05,0.61,CDR_AGG_PERSON_0757_PERSON_0998
PERSON_0844,PERSON,PERSON_1412,PERSON,CALLED,2024-10-03 00:03:43,0.05,0.77,CDR_AGG_PERSON_0844_PERSON_1412
PERSON_1249,PERSON,PERSON_1291,PERSON,CALLED,2024-01-15 12:06:35,0.05,0.8,CDR_AGG_PERSON_1249_PERSON_1291
PERSON_0597,PERSON,PERSON_0923,PERSON,CALLED,2025-06-05 05:32:55,0.05,0.53,CDR_AGG_PERSON_0597_PERSON_0923
PERSON_0329,PERSON,PERSON_1139,PERSON,CALLED,2024-09-29 06:33:35,0.05,0.58,CDR_AGG_PERSON_0329_PERSON_1139
PERSON_0934,PERSON,PERSON_1461,PERSON,CALLED,2026-02-03 21:07:19,0.1,0.47,CDR_AGG_PERSON_0934_PERSON_1461
PERSON_0287,PERSON,PERSON_0766,PERSON,CALLED,2024-01-20 19:46:25,0.05,0.69,CDR_AGG_PERSON_0287_PERSON_0766
PERSON_0756,PERSON,PERSON_1011,PERSON,CALLED,2024-10-16 00:03:17,0.05,0.46,CDR_AGG_PERSON_0756_PERSON_1011
PERSON_1185,PERSON,PERSON_1347,PERSON,CALLED,2024-12-13 11:06:23,0.05,0.56,CDR_AGG_PERSON_1185_PERSON_1347
PERSON_0961,PERSON,PERSON_1083,PERSON,CALLED,2025-07-10 20:39:22,0.05,0.46,CDR_AGG_PERSON_0961_PERSON_1083
PERSON_0566,PERSON,PERSON_0896,PERSON,CALLED,2025-03-24 16:13:00,0.05,0.57,CDR_AGG_PERSON_0566_PERSON_0896
PERSON_0592,PERSON,PERSON_0634,PERSON,CALLED,2024-06-23 11:16:59,0.05,0.57,CDR_AGG_PERSON_0592_PERSON_0634
PERSON_0666,PERSON,PERSON_1296,PERSON,CALLED,2025-02-22 23:56:40,0.05,0.57,CDR_AGG_PERSON_0666_PERSON_1296
PERSON_1255,PERSON,PERSON_1498,PERSON,CALLED,2024-03-04 01:38:42,0.05,0.47,CDR_AGG_PERSON_1255_PERSON_1498
PERSON_0028,PERSON,PERSON_0982,PERSON,CALLED,2024-05-28 03:08:18,0.05,0.64,CDR_AGG_PERSON_0028_PERSON_0982
PERSON_0899,PERSON,PERSON_0980,PERSON,CALLED,2026-01-21 11:50:02,0.05,0.58,CDR_AGG_PERSON_0899_PERSON_0980
PERSON_0922,PERSON,PERSON_0933,PERSON,CALLED,2026-05-19 11:15:15,0.05,0.45,CDR_AGG_PERSON_0922_PERSON_0933
PERSON_0066,PERSON,PERSON_0948,PERSON,CALLED,2024-07-24 20:17:46,0.05,0.46,CDR_AGG_PERSON_0066_PERSON_0948
PERSON_0681,PERSON,PERSON_1175,PERSON,CALLED,2026-06-06 00:11:20,0.05,0.82,CDR_AGG_PERSON_0681_PERSON_1175
PERSON_0139,PERSON,PERSON_0722,PERSON,CALLED,2025-10-16 05:57:18,0.05,0.78,CDR_AGG_PERSON_0139_PERSON_0722
PERSON_0175,PERSON,PERSON_0295,PERSON,CALLED,2025-03-01 21:33:42,0.05,0.45,CDR_AGG_PERSON_0175_PERSON_0295
PERSON_0010,PERSON,PERSON_1258,PERSON,CALLED,2026-05-30 02:23:56,0.05,0.47,CDR_AGG_PERSON_0010_PERSON_1258
PERSON_0421,PERSON,PERSON_1469,PERSON,CALLED,2026-06-23 23:16:40,0.05,0.84,CDR_AGG_PERSON_0421_PERSON_1469
PERSON_0529,PERSON,PERSON_0741,PERSON,CALLED,2026-05-23 10:36:43,0.05,0.57,CDR_AGG_PERSON_0529_PERSON_0741
PERSON_0681,PERSON,PERSON_1078,PERSON,CALLED,2024-06-12 04:00:53,0.05,0.65,CDR_AGG_PERSON_0681_PERSON_1078
PERSON_0692,PERSON,PERSON_0808,PERSON,CALLED,2024-06-12 13:39:44,0.05,0.45,CDR_AGG_PERSON_0692_PERSON_0808
PERSON_0098,PERSON,PERSON_0607,PERSON,CALLED,2026-05-12 00:48:57,0.05,0.56,CDR_AGG_PERSON_0098_PERSON_0607
PERSON_0127,PERSON,PERSON_0382,PERSON,CALLED,2024-02-25 23:15:24,0.05,0.52,CDR_AGG_PERSON_0127_PERSON_0382
PERSON_0220,PERSON,PERSON_0694,PERSON,CALLED,2025-09-08 16:50:40,0.1,0.79,CDR_AGG_PERSON_0220_PERSON_0694
PERSON_0262,PERSON,PERSON_1131,PERSON,CALLED,2024-08-21 10:56:40,0.05,0.58,CDR_AGG_PERSON_0262_PERSON_1131
PERSON_0686,PERSON,PERSON_1274,PERSON,CALLED,2026-02-21 12:32:21,0.05,0.81,CDR_AGG_PERSON_0686_PERSON_1274
PERSON_0658,PERSON,PERSON_0960,PERSON,CALLED,2025-01-26 10:09:25,0.05,0.55,CDR_AGG_PERSON_0658_PERSON_0960
PERSON_0086,PERSON,PERSON_0237,PERSON,CALLED,2026-05-27 18:10:12,0.05,0.58,CDR_AGG_PERSON_0086_PERSON_0237
PERSON_0174,PERSON,PERSON_1347,PERSON,CALLED,2024-11-08 23:27:45,0.05,0.78,CDR_AGG_PERSON_0174_PERSON_1347
PERSON_0164,PERSON,PERSON_0590,PERSON,CALLED,2026-06-22 06:14:44,0.05,0.56,CDR_AGG_PERSON_0164_PERSON_0590
PERSON_0544,PERSON,PERSON_0814,PERSON,CALLED,2026-03-16 23:54:28,0.05,0.69,CDR_AGG_PERSON_0544_PERSON_0814
PERSON_0473,PERSON,PERSON_0958,PERSON,CALLED,2024-11-14 15:30:09,0.05,0.57,CDR_AGG_PERSON_0473_PERSON_0958
PERSON_0901,PERSON,PERSON_1497,PERSON,CALLED,2025-01-24 18:51:42,0.05,0.77,CDR_AGG_PERSON_0901_PERSON_1497
PERSON_0343,PERSON,PERSON_1119,PERSON,CALLED,2025-07-22 04:09:30,0.05,0.47,CDR_AGG_PERSON_0343_PERSON_1119
PERSON_0159,PERSON,PERSON_1135,PERSON,CALLED,2024-06-15 03:53:51,0.05,0.41,CDR_AGG_PERSON_0159_PERSON_1135
PERSON_0297,PERSON,PERSON_0372,PERSON,CALLED,2025-01-15 00:34:57,0.05,0.76,CDR_AGG_PERSON_0297_PERSON_0372
PERSON_0632,PERSON,PERSON_1480,PERSON,CALLED,2025-03-23 00:15:01,0.1,0.73,CDR_AGG_PERSON_0632_PERSON_1480
PERSON_0989,PERSON,PERSON_1097,PERSON,CALLED,2026-05-12 19:00:21,0.05,0.66,CDR_AGG_PERSON_0989_PERSON_1097
PERSON_0539,PERSON,PERSON_0747,PERSON,CALLED,2025-04-15 12:04:50,0.05,0.7,CDR_AGG_PERSON_0539_PERSON_0747
PERSON_0249,PERSON,PERSON_0496,PERSON,CALLED,2024-04-20 20:32:53,0.05,0.83,CDR_AGG_PERSON_0249_PERSON_0496
PERSON_0743,PERSON,PERSON_0921,PERSON,CALLED,2025-05-17 08:52:03,0.05,0.82,CDR_AGG_PERSON_0743_PERSON_0921
PERSON_0266,PERSON,PERSON_0853,PERSON,CALLED,2025-06-03 08:23:54,0.05,0.7,CDR_AGG_PERSON_0266_PERSON_0853
PERSON_0008,PERSON,PERSON_0158,PERSON,CALLED,2025-07-13 14:52:11,0.05,0.83,CDR_AGG_PERSON_0008_PERSON_0158
PERSON_0689,PERSON,PERSON_1420,PERSON,CALLED,2025-06-25 20:04:50,0.05,0.57,CDR_AGG_PERSON_0689_PERSON_1420
PERSON_1149,PERSON,PERSON_1500,PERSON,CALLED,2024-02-24 02:54:24,0.05,0.67,CDR_AGG_PERSON_1149_PERSON_1500
PERSON_0632,PERSON,PERSON_1040,PERSON,CALLED,2025-11-09 06:35:31,0.05,0.62,CDR_AGG_PERSON_0632_PERSON_1040
PERSON_0782,PERSON,PERSON_0967,PERSON,CALLED,2024-12-03 08:30:57,0.05,0.71,CDR_AGG_PERSON_0782_PERSON_0967
PERSON_0247,PERSON,PERSON_1238,PERSON,CALLED,2024-12-20 10:51:27,0.05,0.52,CDR_AGG_PERSON_0247_PERSON_1238
PERSON_0057,PERSON,PERSON_0480,PERSON,CALLED,2024-02-16 21:35:56,0.05,0.65,CDR_AGG_PERSON_0057_PERSON_0480
PERSON_0591,PERSON,PERSON_0974,PERSON,CALLED,2024-02-23 17:41:12,0.05,0.73,CDR_AGG_PERSON_0591_PERSON_0974
PERSON_0634,PERSON,PERSON_0993,PERSON,CALLED,2025-09-03 14:48:19,0.05,0.49,CDR_AGG_PERSON_0634_PERSON_0993
PERSON_0108,PERSON,PERSON_1444,PERSON,CALLED,2025-10-10 04:47:30,0.05,0.73,CDR_AGG_PERSON_0108_PERSON_1444
PERSON_0352,PERSON,PERSON_1198,PERSON,CALLED,2026-02-01 22:57:21,0.05,0.62,CDR_AGG_PERSON_0352_PERSON_1198
PERSON_0142,PERSON,PERSON_0872,PERSON,CALLED,2025-06-04 18:08:30,0.05,0.63,CDR_AGG_PERSON_0142_PERSON_0872
PERSON_0977,PERSON,PERSON_1036,PERSON,CALLED,2026-01-05 15:56:13,0.05,0.75,CDR_AGG_PERSON_0977_PERSON_1036
PERSON_0717,PERSON,PERSON_1339,PERSON,CALLED,2025-11-01 01:23:54,0.05,0.69,CDR_AGG_PERSON_0717_PERSON_1339
PERSON_0072,PERSON,PERSON_1418,PERSON,CALLED,2025-10-19 01:41:56,0.05,0.5,CDR_AGG_PERSON_0072_PERSON_1418
PERSON_0604,PERSON,PERSON_0651,PERSON,CALLED,2024-01-06 21:08:45,0.05,0.82,CDR_AGG_PERSON_0604_PERSON_0651
PERSON_0316,PERSON,PERSON_1407,PERSON,CALLED,2025-10-06 09:04:54,0.05,0.72,CDR_AGG_PERSON_0316_PERSON_1407
PERSON_0033,PERSON,PERSON_1088,PERSON,CALLED,2024-12-02 02:56:30,0.05,0.54,CDR_AGG_PERSON_0033_PERSON_1088
PERSON_0234,PERSON,PERSON_0850,PERSON,CALLED,2025-07-03 06:30:28,0.05,0.79,CDR_AGG_PERSON_0234_PERSON_0850
PERSON_0506,PERSON,PERSON_0847,PERSON,CALLED,2026-04-24 12:45:11,0.05,0.63,CDR_AGG_PERSON_0506_PERSON_0847
PERSON_0328,PERSON,PERSON_0897,PERSON,CALLED,2026-06-17 08:07:18,0.05,0.56,CDR_AGG_PERSON_0328_PERSON_0897
PERSON_0266,PERSON,PERSON_1026,PERSON,CALLED,2025-12-17 22:27:22,0.05,0.52,CDR_AGG_PERSON_0266_PERSON_1026
PERSON_0841,PERSON,PERSON_1411,PERSON,CALLED,2024-11-29 13:09:35,0.05,0.65,CDR_AGG_PERSON_0841_PERSON_1411
PERSON_0858,PERSON,PERSON_1067,PERSON,CALLED,2025-01-01 06:58:15,0.05,0.84,CDR_AGG_PERSON_0858_PERSON_1067
PERSON_0815,PERSON,PERSON_1183,PERSON,CALLED,2024-02-20 14:49:47,0.05,0.65,CDR_AGG_PERSON_0815_PERSON_1183
PERSON_0963,PERSON,PERSON_1161,PERSON,CALLED,2025-04-16 19:31:47,0.05,0.68,CDR_AGG_PERSON_0963_PERSON_1161
PERSON_0669,PERSON,PERSON_0955,PERSON,CALLED,2026-06-11 14:41:03,0.05,0.71,CDR_AGG_PERSON_0669_PERSON_0955
PERSON_0478,PERSON,PERSON_1187,PERSON,CALLED,2024-12-30 21:18:25,0.05,0.59,CDR_AGG_PERSON_0478_PERSON_1187
PERSON_0280,PERSON,PERSON_0963,PERSON,CALLED,2024-05-17 23:46:28,0.05,0.58,CDR_AGG_PERSON_0280_PERSON_0963
PERSON_0501,PERSON,PERSON_0931,PERSON,CALLED,2025-05-12 15:58:29,0.05,0.52,CDR_AGG_PERSON_0501_PERSON_0931
PERSON_0320,PERSON,PERSON_1451,PERSON,CALLED,2025-05-03 07:06:31,0.05,0.6,CDR_AGG_PERSON_0320_PERSON_1451
PERSON_0346,PERSON,PERSON_0678,PERSON,CALLED,2024-10-18 18:50:49,0.05,0.5,CDR_AGG_PERSON_0346_PERSON_0678
PERSON_1206,PERSON,PERSON_1325,PERSON,CALLED,2026-01-07 19:47:56,0.05,0.82,CDR_AGG_PERSON_1206_PERSON_1325
PERSON_0540,PERSON,PERSON_0722,PERSON,CALLED,2024-02-04 07:26:22,0.05,0.56,CDR_AGG_PERSON_0540_PERSON_0722
PERSON_1153,PERSON,PERSON_1194,PERSON,CALLED,2025-01-01 13:51:02,0.05,0.48,CDR_AGG_PERSON_1153_PERSON_1194
PERSON_0200,PERSON,PERSON_0955,PERSON,CALLED,2025-06-10 05:27:47,0.05,0.56,CDR_AGG_PERSON_0200_PERSON_0955
PERSON_0167,PERSON,PERSON_1161,PERSON,CALLED,2024-07-07 11:35:58,0.05,0.53,CDR_AGG_PERSON_0167_PERSON_1161
PERSON_0149,PERSON,PERSON_1162,PERSON,CALLED,2025-11-06 20:27:56,0.05,0.48,CDR_AGG_PERSON_0149_PERSON_1162
PERSON_0606,PERSON,PERSON_1309,PERSON,CALLED,2026-01-17 17:24:56,0.05,0.6,CDR_AGG_PERSON_0606_PERSON_1309
PERSON_0821,PERSON,PERSON_1081,PERSON,CALLED,2024-03-04 06:32:02,0.05,0.67,CDR_AGG_PERSON_0821_PERSON_1081
PERSON_0500,PERSON,PERSON_1240,PERSON,CALLED,2024-10-12 01:40:40,0.05,0.4,CDR_AGG_PERSON_0500_PERSON_1240
PERSON_0027,PERSON,PERSON_1460,PERSON,CALLED,2024-02-11 08:14:49,0.05,0.41,CDR_AGG_PERSON_0027_PERSON_1460
PERSON_0831,PERSON,PERSON_1446,PERSON,CALLED,2025-08-15 03:20:17,0.05,0.58,CDR_AGG_PERSON_0831_PERSON_1446
PERSON_0449,PERSON,PERSON_0666,PERSON,CALLED,2025-02-02 02:00:09,0.05,0.73,CDR_AGG_PERSON_0449_PERSON_0666
PERSON_0542,PERSON,PERSON_1457,PERSON,CALLED,2025-04-20 22:10:33,0.05,0.52,CDR_AGG_PERSON_0542_PERSON_1457
PERSON_0357,PERSON,PERSON_1257,PERSON,CALLED,2026-04-20 05:40:35,0.1,0.42,CDR_AGG_PERSON_0357_PERSON_1257
PERSON_1368,PERSON,PERSON_1474,PERSON,CALLED,2026-05-16 10:44:20,0.05,0.6,CDR_AGG_PERSON_1368_PERSON_1474
PERSON_0723,PERSON,PERSON_0979,PERSON,CALLED,2025-01-05 01:41:34,0.05,0.59,CDR_AGG_PERSON_0723_PERSON_0979
PERSON_0830,PERSON,PERSON_1468,PERSON,CALLED,2024-08-28 07:11:48,0.05,0.69,CDR_AGG_PERSON_0830_PERSON_1468
PERSON_0016,PERSON,PERSON_0178,PERSON,CALLED,2025-03-28 23:42:43,0.05,0.51,CDR_AGG_PERSON_0016_PERSON_0178
PERSON_0049,PERSON,PERSON_1426,PERSON,CALLED,2024-09-08 14:38:04,0.05,0.66,CDR_AGG_PERSON_0049_PERSON_1426
PERSON_0441,PERSON,PERSON_1377,PERSON,CALLED,2024-02-14 07:17:23,0.05,0.62,CDR_AGG_PERSON_0441_PERSON_1377
PERSON_0096,PERSON,PERSON_1024,PERSON,CALLED,2025-12-23 23:09:16,0.05,0.77,CDR_AGG_PERSON_0096_PERSON_1024
PERSON_0172,PERSON,PERSON_1112,PERSON,CALLED,2025-11-20 19:24:52,0.05,0.51,CDR_AGG_PERSON_0172_PERSON_1112
PERSON_0906,PERSON,PERSON_1332,PERSON,CALLED,2024-11-24 05:50:27,0.05,0.42,CDR_AGG_PERSON_0906_PERSON_1332
PERSON_0802,PERSON,PERSON_1188,PERSON,CALLED,2024-04-13 13:58:46,0.05,0.83,CDR_AGG_PERSON_0802_PERSON_1188
PERSON_0774,PERSON,PERSON_1113,PERSON,CALLED,2025-10-06 22:47:38,0.05,0.76,CDR_AGG_PERSON_0774_PERSON_1113
PERSON_0777,PERSON,PERSON_1184,PERSON,CALLED,2025-09-04 12:55:08,0.05,0.55,CDR_AGG_PERSON_0777_PERSON_1184
PERSON_0326,PERSON,PERSON_1067,PERSON,CALLED,2024-07-09 11:25:45,0.05,0.41,CDR_AGG_PERSON_0326_PERSON_1067
PERSON_0194,PERSON,PERSON_0397,PERSON,CALLED,2026-05-28 17:30:27,0.05,0.73,CDR_AGG_PERSON_0194_PERSON_0397
PERSON_0203,PERSON,PERSON_0819,PERSON,CALLED,2025-01-29 15:24:43,0.05,0.65,CDR_AGG_PERSON_0203_PERSON_0819
PERSON_0189,PERSON,PERSON_1149,PERSON,CALLED,2024-09-05 15:16:23,0.05,0.74,CDR_AGG_PERSON_0189_PERSON_1149
PERSON_0058,PERSON,PERSON_0625,PERSON,CALLED,2025-09-20 14:21:07,0.05,0.56,CDR_AGG_PERSON_0058_PERSON_0625
PERSON_0033,PERSON,PERSON_1456,PERSON,CALLED,2025-04-16 10:48:37,0.05,0.7,CDR_AGG_PERSON_0033_PERSON_1456
PERSON_0934,PERSON,PERSON_1446,PERSON,CALLED,2026-06-11 14:06:27,0.05,0.62,CDR_AGG_PERSON_0934_PERSON_1446
PERSON_0207,PERSON,PERSON_0227,PERSON,CALLED,2024-11-19 00:34:35,0.05,0.53,CDR_AGG_PERSON_0207_PERSON_0227
PERSON_0125,PERSON,PERSON_1099,PERSON,CALLED,2024-08-19 16:42:12,0.05,0.54,CDR_AGG_PERSON_0125_PERSON_1099
PERSON_0234,PERSON,PERSON_1201,PERSON,CALLED,2025-07-15 00:06:23,0.05,0.64,CDR_AGG_PERSON_0234_PERSON_1201
PERSON_1119,PERSON,PERSON_1243,PERSON,CALLED,2024-10-10 13:00:45,0.05,0.45,CDR_AGG_PERSON_1119_PERSON_1243
PERSON_0300,PERSON,PERSON_1487,PERSON,CALLED,2025-05-19 00:00:42,0.05,0.47,CDR_AGG_PERSON_0300_PERSON_1487
PERSON_0918,PERSON,PERSON_1481,PERSON,CALLED,2024-10-31 04:34:03,0.05,0.64,CDR_AGG_PERSON_0918_PERSON_1481
PERSON_1078,PERSON,PERSON_1361,PERSON,CALLED,2026-06-11 18:50:53,0.05,0.5,CDR_AGG_PERSON_1078_PERSON_1361
PERSON_0532,PERSON,PERSON_1237,PERSON,CALLED,2024-12-16 14:17:25,0.05,0.64,CDR_AGG_PERSON_0532_PERSON_1237
PERSON_0178,PERSON,PERSON_1337,PERSON,CALLED,2025-01-17 07:10:48,0.05,0.62,CDR_AGG_PERSON_0178_PERSON_1337
PERSON_0728,PERSON,PERSON_1384,PERSON,CALLED,2026-01-08 10:40:12,0.05,0.84,CDR_AGG_PERSON_0728_PERSON_1384
PERSON_0814,PERSON,PERSON_0924,PERSON,CALLED,2024-01-03 09:19:26,0.05,0.8,CDR_AGG_PERSON_0814_PERSON_0924
PERSON_0031,PERSON,PERSON_0546,PERSON,CALLED,2025-05-03 14:45:51,0.05,0.61,CDR_AGG_PERSON_0031_PERSON_0546
PERSON_0601,PERSON,PERSON_1364,PERSON,CALLED,2026-06-21 16:30:41,0.05,0.85,CDR_AGG_PERSON_0601_PERSON_1364
PERSON_0572,PERSON,PERSON_0699,PERSON,CALLED,2024-04-08 05:47:38,0.05,0.6,CDR_AGG_PERSON_0572_PERSON_0699
PERSON_0718,PERSON,PERSON_1456,PERSON,CALLED,2026-03-01 15:04:27,0.05,0.42,CDR_AGG_PERSON_0718_PERSON_1456
PERSON_0687,PERSON,PERSON_1016,PERSON,CALLED,2025-04-01 21:07:05,0.05,0.84,CDR_AGG_PERSON_0687_PERSON_1016
PERSON_0483,PERSON,PERSON_1261,PERSON,CALLED,2025-06-23 03:48:15,0.05,0.74,CDR_AGG_PERSON_0483_PERSON_1261
PERSON_0063,PERSON,PERSON_0786,PERSON,CALLED,2024-12-23 04:17:09,0.05,0.51,CDR_AGG_PERSON_0063_PERSON_0786
PERSON_1122,PERSON,PERSON_1188,PERSON,CALLED,2024-12-26 14:29:04,0.05,0.83,CDR_AGG_PERSON_1122_PERSON_1188
PERSON_0808,PERSON,PERSON_1490,PERSON,CALLED,2025-12-18 05:12:00,0.05,0.46,CDR_AGG_PERSON_0808_PERSON_1490
PERSON_0420,PERSON,PERSON_1398,PERSON,CALLED,2025-07-23 18:38:04,0.05,0.85,CDR_AGG_PERSON_0420_PERSON_1398
PERSON_0287,PERSON,PERSON_1459,PERSON,CALLED,2024-08-10 15:36:40,0.05,0.6,CDR_AGG_PERSON_0287_PERSON_1459
PERSON_0154,PERSON,PERSON_0941,PERSON,CALLED,2025-07-29 02:53:13,0.05,0.69,CDR_AGG_PERSON_0154_PERSON_0941
PERSON_0641,PERSON,PERSON_1233,PERSON,CALLED,2024-05-01 02:41:36,0.05,0.71,CDR_AGG_PERSON_0641_PERSON_1233
PERSON_0482,PERSON,PERSON_1265,PERSON,CALLED,2026-03-03 22:36:00,0.05,0.53,CDR_AGG_PERSON_0482_PERSON_1265
PERSON_0682,PERSON,PERSON_1383,PERSON,CALLED,2025-06-10 13:45:25,0.05,0.62,CDR_AGG_PERSON_0682_PERSON_1383
PERSON_0132,PERSON,PERSON_0669,PERSON,CALLED,2025-03-18 22:55:08,0.05,0.74,CDR_AGG_PERSON_0132_PERSON_0669
PERSON_0272,PERSON,PERSON_0616,PERSON,CALLED,2025-03-13 19:47:32,0.05,0.51,CDR_AGG_PERSON_0272_PERSON_0616
PERSON_0376,PERSON,PERSON_0733,PERSON,CALLED,2024-05-03 16:26:23,0.05,0.77,CDR_AGG_PERSON_0376_PERSON_0733
PERSON_0418,PERSON,PERSON_1054,PERSON,CALLED,2025-09-20 00:02:58,0.05,0.55,CDR_AGG_PERSON_0418_PERSON_1054
PERSON_0315,PERSON,PERSON_1229,PERSON,CALLED,2024-12-31 23:47:02,0.05,0.53,CDR_AGG_PERSON_0315_PERSON_1229
PERSON_0327,PERSON,PERSON_0342,PERSON,CALLED,2024-11-30 03:35:36,0.05,0.55,CDR_AGG_PERSON_0327_PERSON_0342
PERSON_0040,PERSON,PERSON_1480,PERSON,CALLED,2024-11-28 02:23:01,0.05,0.6,CDR_AGG_PERSON_0040_PERSON_1480
PERSON_0173,PERSON,PERSON_0960,PERSON,CALLED,2024-08-13 18:32:59,0.05,0.76,CDR_AGG_PERSON_0173_PERSON_0960
PERSON_1458,PERSON,PERSON_1488,PERSON,CALLED,2025-01-01 20:42:27,0.05,0.64,CDR_AGG_PERSON_1458_PERSON_1488
PERSON_0049,PERSON,PERSON_0541,PERSON,CALLED,2026-01-31 17:46:20,0.05,0.7,CDR_AGG_PERSON_0049_PERSON_0541
PERSON_0041,PERSON,PERSON_1395,PERSON,CALLED,2025-07-31 03:49:30,0.05,0.46,CDR_AGG_PERSON_0041_PERSON_1395
PERSON_0598,PERSON,PERSON_1127,PERSON,CALLED,2024-12-09 00:33:17,0.05,0.58,CDR_AGG_PERSON_0598_PERSON_1127
PERSON_0517,PERSON,PERSON_1097,PERSON,CALLED,2025-03-14 07:36:23,0.05,0.43,CDR_AGG_PERSON_0517_PERSON_1097
PERSON_0251,PERSON,PERSON_1186,PERSON,CALLED,2025-02-28 14:29:45,0.05,0.54,CDR_AGG_PERSON_0251_PERSON_1186
PERSON_0442,PERSON,PERSON_1396,PERSON,CALLED,2025-11-12 21:36:37,0.05,0.6,CDR_AGG_PERSON_0442_PERSON_1396
PERSON_0314,PERSON,PERSON_1097,PERSON,CALLED,2026-04-14 11:33:05,0.05,0.56,CDR_AGG_PERSON_0314_PERSON_1097
PERSON_0499,PERSON,PERSON_0681,PERSON,CALLED,2026-03-24 18:50:44,0.05,0.69,CDR_AGG_PERSON_0499_PERSON_0681
PERSON_1129,PERSON,PERSON_1468,PERSON,CALLED,2025-09-02 07:00:13,0.05,0.53,CDR_AGG_PERSON_1129_PERSON_1468
PERSON_0109,PERSON,PERSON_0429,PERSON,CALLED,2025-03-27 00:21:45,0.05,0.51,CDR_AGG_PERSON_0109_PERSON_0429
PERSON_1283,PERSON,PERSON_1318,PERSON,CALLED,2024-06-07 04:09:58,0.05,0.7,CDR_AGG_PERSON_1283_PERSON_1318
PERSON_0124,PERSON,PERSON_1382,PERSON,CALLED,2026-05-18 15:26:19,0.05,0.83,CDR_AGG_PERSON_0124_PERSON_1382
PERSON_0225,PERSON,PERSON_1394,PERSON,CALLED,2024-08-18 00:15:10,0.05,0.71,CDR_AGG_PERSON_0225_PERSON_1394
PERSON_1014,PERSON,PERSON_1463,PERSON,CALLED,2024-10-08 22:25:21,0.05,0.81,CDR_AGG_PERSON_1014_PERSON_1463
PERSON_0715,PERSON,PERSON_0946,PERSON,CALLED,2024-06-21 09:29:15,0.05,0.55,CDR_AGG_PERSON_0715_PERSON_0946
PERSON_0575,PERSON,PERSON_0689,PERSON,CALLED,2025-05-28 08:45:02,0.05,0.56,CDR_AGG_PERSON_0575_PERSON_0689
PERSON_0511,PERSON,PERSON_1007,PERSON,CALLED,2025-05-08 19:51:06,0.05,0.59,CDR_AGG_PERSON_0511_PERSON_1007
PERSON_1066,PERSON,PERSON_1310,PERSON,CALLED,2025-10-11 22:19:12,0.05,0.75,CDR_AGG_PERSON_1066_PERSON_1310
PERSON_0041,PERSON,PERSON_0274,PERSON,CALLED,2026-04-18 00:20:11,0.05,0.54,CDR_AGG_PERSON_0041_PERSON_0274
PERSON_0134,PERSON,PERSON_0428,PERSON,CALLED,2024-03-25 22:59:45,0.05,0.64,CDR_AGG_PERSON_0134_PERSON_0428
PERSON_0145,PERSON,PERSON_0642,PERSON,CALLED,2024-08-19 01:36:00,0.05,0.66,CDR_AGG_PERSON_0145_PERSON_0642
PERSON_0336,PERSON,PERSON_0352,PERSON,CALLED,2025-07-19 16:42:21,0.05,0.77,CDR_AGG_PERSON_0336_PERSON_0352
PERSON_0662,PERSON,PERSON_1188,PERSON,CALLED,2024-10-02 17:38:01,0.05,0.83,CDR_AGG_PERSON_0662_PERSON_1188
PERSON_0426,PERSON,PERSON_1443,PERSON,CALLED,2026-01-23 11:39:08,0.05,0.5,CDR_AGG_PERSON_0426_PERSON_1443
PERSON_0295,PERSON,PERSON_0441,PERSON,CALLED,2024-08-07 17:07:05,0.05,0.74,CDR_AGG_PERSON_0295_PERSON_0441
PERSON_0304,PERSON,PERSON_0808,PERSON,CALLED,2026-01-31 13:53:04,0.05,0.55,CDR_AGG_PERSON_0304_PERSON_0808
PERSON_0132,PERSON,PERSON_0329,PERSON,CALLED,2025-09-22 19:42:10,0.05,0.84,CDR_AGG_PERSON_0132_PERSON_0329
PERSON_0621,PERSON,PERSON_0943,PERSON,CALLED,2026-05-29 13:57:10,0.05,0.75,CDR_AGG_PERSON_0621_PERSON_0943
PERSON_0337,PERSON,PERSON_1377,PERSON,CALLED,2025-05-26 06:48:02,0.05,0.74,CDR_AGG_PERSON_0337_PERSON_1377
PERSON_0540,PERSON,PERSON_1395,PERSON,CALLED,2025-10-05 11:06:45,0.05,0.82,CDR_AGG_PERSON_0540_PERSON_1395
PERSON_0018,PERSON,PERSON_0124,PERSON,CALLED,2024-08-03 22:46:31,0.05,0.59,CDR_AGG_PERSON_0018_PERSON_0124
PERSON_0782,PERSON,PERSON_0792,PERSON,CALLED,2026-02-27 18:04:25,0.05,0.53,CDR_AGG_PERSON_0782_PERSON_0792
PERSON_0593,PERSON,PERSON_0981,PERSON,CALLED,2025-11-09 07:05:52,0.05,0.61,CDR_AGG_PERSON_0593_PERSON_0981
PERSON_1137,PERSON,PERSON_1171,PERSON,CALLED,2026-04-29 19:59:51,0.05,0.56,CDR_AGG_PERSON_1137_PERSON_1171
PERSON_0830,PERSON,PERSON_1063,PERSON,CALLED,2025-12-02 10:26:29,0.05,0.69,CDR_AGG_PERSON_0830_PERSON_1063
PERSON_0392,PERSON,PERSON_0456,PERSON,CALLED,2024-11-04 21:51:03,0.05,0.54,CDR_AGG_PERSON_0392_PERSON_0456
PERSON_0214,PERSON,PERSON_1194,PERSON,CALLED,2024-12-03 03:01:31,0.1,0.54,CDR_AGG_PERSON_0214_PERSON_1194
PERSON_1128,PERSON,PERSON_1166,PERSON,CALLED,2024-06-23 19:19:29,0.05,0.65,CDR_AGG_PERSON_1128_PERSON_1166
PERSON_0741,PERSON,PERSON_0832,PERSON,CALLED,2024-01-23 23:36:09,0.05,0.56,CDR_AGG_PERSON_0741_PERSON_0832
PERSON_0230,PERSON,PERSON_0540,PERSON,CALLED,2025-11-13 20:04:24,0.05,0.81,CDR_AGG_PERSON_0230_PERSON_0540
PERSON_0995,PERSON,PERSON_1166,PERSON,CALLED,2024-09-25 04:59:49,0.05,0.63,CDR_AGG_PERSON_0995_PERSON_1166
PERSON_0107,PERSON,PERSON_0514,PERSON,CALLED,2024-05-04 15:13:15,0.05,0.79,CDR_AGG_PERSON_0107_PERSON_0514
PERSON_1373,PERSON,PERSON_1429,PERSON,CALLED,2025-08-19 07:32:31,0.05,0.43,CDR_AGG_PERSON_1373_PERSON_1429
PERSON_0456,PERSON,PERSON_0935,PERSON,CALLED,2026-05-07 11:44:51,0.1,0.55,CDR_AGG_PERSON_0456_PERSON_0935
PERSON_0168,PERSON,PERSON_0295,PERSON,CALLED,2026-02-09 11:07:35,0.05,0.43,CDR_AGG_PERSON_0168_PERSON_0295
PERSON_0683,PERSON,PERSON_1469,PERSON,CALLED,2024-09-24 01:18:44,0.05,0.46,CDR_AGG_PERSON_0683_PERSON_1469
PERSON_0778,PERSON,PERSON_1199,PERSON,CALLED,2026-06-17 17:29:45,0.05,0.56,CDR_AGG_PERSON_0778_PERSON_1199
PERSON_0857,PERSON,PERSON_1409,PERSON,CALLED,2024-01-20 17:56:43,0.05,0.7,CDR_AGG_PERSON_0857_PERSON_1409
PERSON_0808,PERSON,PERSON_1287,PERSON,CALLED,2024-09-17 21:19:26,0.05,0.46,CDR_AGG_PERSON_0808_PERSON_1287
PERSON_0976,PERSON,PERSON_1394,PERSON,CALLED,2025-01-15 06:30:20,0.05,0.72,CDR_AGG_PERSON_0976_PERSON_1394
PERSON_0028,PERSON,PERSON_0336,PERSON,CALLED,2024-01-09 04:15:41,0.05,0.8,CDR_AGG_PERSON_0028_PERSON_0336
PERSON_0469,PERSON,PERSON_1412,PERSON,CALLED,2026-05-22 12:48:22,0.05,0.56,CDR_AGG_PERSON_0469_PERSON_1412
PERSON_1028,PERSON,PERSON_1161,PERSON,CALLED,2024-09-21 01:13:58,0.05,0.85,CDR_AGG_PERSON_1028_PERSON_1161
PERSON_1072,PERSON,PERSON_1385,PERSON,CALLED,2024-06-07 16:23:59,0.05,0.82,CDR_AGG_PERSON_1072_PERSON_1385
PERSON_0807,PERSON,PERSON_0856,PERSON,CALLED,2024-05-10 06:13:07,0.05,0.53,CDR_AGG_PERSON_0807_PERSON_0856
PERSON_0776,PERSON,PERSON_1479,PERSON,CALLED,2024-12-11 06:17:08,0.05,0.52,CDR_AGG_PERSON_0776_PERSON_1479
PERSON_0024,PERSON,PERSON_0280,PERSON,CALLED,2024-08-06 19:28:43,0.05,0.61,CDR_AGG_PERSON_0024_PERSON_0280
PERSON_0451,PERSON,PERSON_1471,PERSON,CALLED,2025-04-05 15:09:59,0.05,0.68,CDR_AGG_PERSON_0451_PERSON_1471
PERSON_0516,PERSON,PERSON_1414,PERSON,CALLED,2025-11-10 11:09:12,0.05,0.55,CDR_AGG_PERSON_0516_PERSON_1414
PERSON_0156,PERSON,PERSON_0938,PERSON,CALLED,2025-03-04 10:15:51,0.05,0.59,CDR_AGG_PERSON_0156_PERSON_0938
PERSON_0875,PERSON,PERSON_1482,PERSON,CALLED,2024-10-16 05:01:16,0.05,0.78,CDR_AGG_PERSON_0875_PERSON_1482
PERSON_0431,PERSON,PERSON_1031,PERSON,CALLED,2026-04-06 22:19:50,0.05,0.6,CDR_AGG_PERSON_0431_PERSON_1031
PERSON_0521,PERSON,PERSON_0650,PERSON,CALLED,2024-09-14 00:12:38,0.05,0.51,CDR_AGG_PERSON_0521_PERSON_0650
PERSON_1276,PERSON,PERSON_1466,PERSON,CALLED,2024-05-03 08:14:04,0.05,0.76,CDR_AGG_PERSON_1276_PERSON_1466
PERSON_0535,PERSON,PERSON_1340,PERSON,CALLED,2024-09-30 09:39:11,0.05,0.62,CDR_AGG_PERSON_0535_PERSON_1340
PERSON_0154,PERSON,PERSON_1166,PERSON,CALLED,2025-09-09 03:01:06,0.05,0.69,CDR_AGG_PERSON_0154_PERSON_1166
PERSON_0701,PERSON,PERSON_1110,PERSON,CALLED,2024-12-05 08:16:54,0.05,0.62,CDR_AGG_PERSON_0701_PERSON_1110
PERSON_0824,PERSON,PERSON_0964,PERSON,CALLED,2025-07-30 16:05:15,0.05,0.49,CDR_AGG_PERSON_0824_PERSON_0964
PERSON_0853,PERSON,PERSON_1328,PERSON,CALLED,2025-02-21 00:10:19,0.05,0.46,CDR_AGG_PERSON_0853_PERSON_1328
PERSON_0318,PERSON,PERSON_1249,PERSON,CALLED,2024-04-23 17:43:48,0.05,0.78,CDR_AGG_PERSON_0318_PERSON_1249
PERSON_0679,PERSON,PERSON_1109,PERSON,CALLED,2026-01-21 07:02:06,0.05,0.81,CDR_AGG_PERSON_0679_PERSON_1109
PERSON_0646,PERSON,PERSON_0697,PERSON,CALLED,2024-05-21 09:08:21,0.05,0.52,CDR_AGG_PERSON_0646_PERSON_0697
PERSON_0512,PERSON,PERSON_0641,PERSON,CALLED,2026-01-31 16:08:23,0.05,0.62,CDR_AGG_PERSON_0512_PERSON_0641
PERSON_0966,PERSON,PERSON_1227,PERSON,CALLED,2024-06-02 10:13:20,0.05,0.43,CDR_AGG_PERSON_0966_PERSON_1227
PERSON_0020,PERSON,PERSON_1386,PERSON,CALLED,2024-10-12 00:42:19,0.05,0.58,CDR_AGG_PERSON_0020_PERSON_1386
PERSON_0164,PERSON,PERSON_1201,PERSON,CALLED,2024-02-16 06:54:00,0.05,0.76,CDR_AGG_PERSON_0164_PERSON_1201
PERSON_0244,PERSON,PERSON_0747,PERSON,CALLED,2025-11-15 07:35:17,0.05,0.53,CDR_AGG_PERSON_0244_PERSON_0747
PERSON_0314,PERSON,PERSON_0329,PERSON,CALLED,2026-04-07 20:31:22,0.05,0.45,CDR_AGG_PERSON_0314_PERSON_0329
PERSON_0544,PERSON,PERSON_1358,PERSON,CALLED,2024-11-23 03:59:50,0.05,0.65,CDR_AGG_PERSON_0544_PERSON_1358
PERSON_0380,PERSON,PERSON_1389,PERSON,CALLED,2026-05-08 23:28:25,0.05,0.78,CDR_AGG_PERSON_0380_PERSON_1389
PERSON_0550,PERSON,PERSON_0790,PERSON,CALLED,2024-01-12 12:41:57,0.05,0.62,CDR_AGG_PERSON_0550_PERSON_0790
PERSON_0185,PERSON,PERSON_1401,PERSON,CALLED,2024-03-19 22:10:08,0.05,0.76,CDR_AGG_PERSON_0185_PERSON_1401
PERSON_0809,PERSON,PERSON_0820,PERSON,CALLED,2025-10-14 01:55:55,0.05,0.55,CDR_AGG_PERSON_0809_PERSON_0820
PERSON_0100,PERSON,PERSON_1309,PERSON,CALLED,2026-03-17 15:23:57,0.05,0.5,CDR_AGG_PERSON_0100_PERSON_1309
PERSON_0798,PERSON,PERSON_1052,PERSON,CALLED,2025-03-16 13:30:13,0.05,0.44,CDR_AGG_PERSON_0798_PERSON_1052
PERSON_0083,PERSON,PERSON_0329,PERSON,CALLED,2024-07-24 04:06:26,0.05,0.44,CDR_AGG_PERSON_0083_PERSON_0329
PERSON_0342,PERSON,PERSON_1398,PERSON,CALLED,2025-04-20 00:07:33,0.05,0.48,CDR_AGG_PERSON_0342_PERSON_1398
PERSON_0292,PERSON,PERSON_0777,PERSON,CALLED,2024-12-22 23:47:50,0.05,0.75,CDR_AGG_PERSON_0292_PERSON_0777
PERSON_0432,PERSON,PERSON_1494,PERSON,CALLED,2024-03-30 11:41:53,0.05,0.63,CDR_AGG_PERSON_0432_PERSON_1494
PERSON_0229,PERSON,PERSON_0877,PERSON,CALLED,2024-08-08 04:18:00,0.05,0.5,CDR_AGG_PERSON_0229_PERSON_0877
PERSON_0903,PERSON,PERSON_1120,PERSON,CALLED,2024-11-27 04:26:55,0.05,0.54,CDR_AGG_PERSON_0903_PERSON_1120
PERSON_0144,PERSON,PERSON_0198,PERSON,CALLED,2026-06-08 09:05:04,0.05,0.79,CDR_AGG_PERSON_0144_PERSON_0198
PERSON_0767,PERSON,PERSON_1451,PERSON,CALLED,2024-04-05 22:00:37,0.05,0.8,CDR_AGG_PERSON_0767_PERSON_1451
PERSON_0124,PERSON,PERSON_0809,PERSON,CALLED,2025-03-30 18:09:49,0.05,0.53,CDR_AGG_PERSON_0124_PERSON_0809
PERSON_0143,PERSON,PERSON_1426,PERSON,CALLED,2024-11-24 04:02:11,0.05,0.68,CDR_AGG_PERSON_0143_PERSON_1426
PERSON_0463,PERSON,PERSON_1244,PERSON,CALLED,2025-11-17 12:17:30,0.05,0.61,CDR_AGG_PERSON_0463_PERSON_1244
PERSON_0677,PERSON,PERSON_0826,PERSON,CALLED,2024-08-25 07:15:57,0.05,0.5,CDR_AGG_PERSON_0677_PERSON_0826
PERSON_0207,PERSON,PERSON_0886,PERSON,CALLED,2025-05-26 22:45:50,0.05,0.54,CDR_AGG_PERSON_0207_PERSON_0886
PERSON_1085,PERSON,PERSON_1429,PERSON,CALLED,2025-12-06 14:23:28,0.05,0.8,CDR_AGG_PERSON_1085_PERSON_1429
PERSON_0216,PERSON,PERSON_0784,PERSON,CALLED,2025-02-02 20:34:58,0.05,0.51,CDR_AGG_PERSON_0216_PERSON_0784
PERSON_1121,PERSON,PERSON_1472,PERSON,CALLED,2025-02-08 12:37:28,0.05,0.56,CDR_AGG_PERSON_1121_PERSON_1472
PERSON_0494,PERSON,PERSON_0889,PERSON,CALLED,2025-11-18 01:17:17,0.05,0.69,CDR_AGG_PERSON_0494_PERSON_0889
PERSON_0752,PERSON,PERSON_1499,PERSON,CALLED,2024-12-04 03:17:50,0.05,0.72,CDR_AGG_PERSON_0752_PERSON_1499
PERSON_0148,PERSON,PERSON_1256,PERSON,CALLED,2024-06-03 00:40:46,0.05,0.74,CDR_AGG_PERSON_0148_PERSON_1256
PERSON_0998,PERSON,PERSON_1451,PERSON,CALLED,2026-03-14 23:15:15,0.05,0.79,CDR_AGG_PERSON_0998_PERSON_1451
PERSON_0917,PERSON,PERSON_0960,PERSON,CALLED,2026-05-05 12:37:58,0.05,0.79,CDR_AGG_PERSON_0917_PERSON_0960
PERSON_0325,PERSON,PERSON_0386,PERSON,CALLED,2024-10-02 03:07:51,0.05,0.59,CDR_AGG_PERSON_0325_PERSON_0386
PERSON_0869,PERSON,PERSON_1271,PERSON,CALLED,2025-10-23 01:39:42,0.05,0.68,CDR_AGG_PERSON_0869_PERSON_1271
PERSON_0594,PERSON,PERSON_1303,PERSON,CALLED,2025-07-01 01:49:17,0.05,0.67,CDR_AGG_PERSON_0594_PERSON_1303
PERSON_0316,PERSON,PERSON_1254,PERSON,CALLED,2024-09-07 04:31:23,0.05,0.83,CDR_AGG_PERSON_0316_PERSON_1254
PERSON_0252,PERSON,PERSON_1019,PERSON,CALLED,2025-11-01 02:06:34,0.05,0.74,CDR_AGG_PERSON_0252_PERSON_1019
PERSON_0974,PERSON,PERSON_1492,PERSON,CALLED,2025-07-02 17:03:52,0.05,0.77,CDR_AGG_PERSON_0974_PERSON_1492
PERSON_0586,PERSON,PERSON_1311,PERSON,CALLED,2024-09-23 20:44:27,0.05,0.69,CDR_AGG_PERSON_0586_PERSON_1311
PERSON_0088,PERSON,PERSON_0907,PERSON,CALLED,2026-03-22 19:31:23,0.05,0.46,CDR_AGG_PERSON_0088_PERSON_0907
PERSON_0275,PERSON,PERSON_1122,PERSON,CALLED,2026-05-23 09:39:08,0.05,0.71,CDR_AGG_PERSON_0275_PERSON_1122
PERSON_0859,PERSON,PERSON_0973,PERSON,CALLED,2024-02-14 10:09:48,0.05,0.8,CDR_AGG_PERSON_0859_PERSON_0973
PERSON_0495,PERSON,PERSON_1053,PERSON,CALLED,2025-10-17 00:26:52,0.05,0.58,CDR_AGG_PERSON_0495_PERSON_1053
PERSON_0426,PERSON,PERSON_1318,PERSON,CALLED,2024-05-12 16:00:04,0.05,0.65,CDR_AGG_PERSON_0426_PERSON_1318
PERSON_0495,PERSON,PERSON_1418,PERSON,CALLED,2024-12-01 10:46:29,0.05,0.57,CDR_AGG_PERSON_0495_PERSON_1418
PERSON_0056,PERSON,PERSON_1262,PERSON,CALLED,2024-07-02 11:07:28,0.05,0.63,CDR_AGG_PERSON_0056_PERSON_1262
PERSON_0402,PERSON,PERSON_1142,PERSON,CALLED,2025-01-20 16:33:15,0.05,0.5,CDR_AGG_PERSON_0402_PERSON_1142
PERSON_0442,PERSON,PERSON_1398,PERSON,CALLED,2025-12-06 00:13:41,0.05,0.46,CDR_AGG_PERSON_0442_PERSON_1398
PERSON_0343,PERSON,PERSON_0436,PERSON,CALLED,2025-12-10 22:06:08,0.05,0.65,CDR_AGG_PERSON_0343_PERSON_0436
PERSON_0712,PERSON,PERSON_1205,PERSON,CALLED,2026-05-25 16:57:55,0.05,0.77,CDR_AGG_PERSON_0712_PERSON_1205
PERSON_0169,PERSON,PERSON_0517,PERSON,CALLED,2024-08-27 01:35:08,0.05,0.64,CDR_AGG_PERSON_0169_PERSON_0517
PERSON_0626,PERSON,PERSON_1028,PERSON,CALLED,2024-10-10 02:49:10,0.05,0.65,CDR_AGG_PERSON_0626_PERSON_1028
PERSON_1067,PERSON,PERSON_1209,PERSON,CALLED,2024-02-26 04:08:55,0.05,0.56,CDR_AGG_PERSON_1067_PERSON_1209
PERSON_0857,PERSON,PERSON_1269,PERSON,CALLED,2024-12-07 22:02:06,0.05,0.68,CDR_AGG_PERSON_0857_PERSON_1269
PERSON_0121,PERSON,PERSON_1430,PERSON,CALLED,2025-11-06 21:06:47,0.05,0.41,CDR_AGG_PERSON_0121_PERSON_1430
PERSON_0046,PERSON,PERSON_0634,PERSON,CALLED,2026-01-23 15:28:11,0.05,0.8,CDR_AGG_PERSON_0046_PERSON_0634
PERSON_0810,PERSON,PERSON_1058,PERSON,CALLED,2024-05-12 05:35:16,0.1,0.55,CDR_AGG_PERSON_0810_PERSON_1058
PERSON_0394,PERSON,PERSON_0523,PERSON,CALLED,2026-03-20 02:23:00,0.05,0.81,CDR_AGG_PERSON_0394_PERSON_0523
PERSON_0675,PERSON,PERSON_0846,PERSON,CALLED,2025-05-13 09:24:09,0.05,0.84,CDR_AGG_PERSON_0675_PERSON_0846
PERSON_0086,PERSON,PERSON_1256,PERSON,CALLED,2024-01-15 06:28:28,0.05,0.4,CDR_AGG_PERSON_0086_PERSON_1256
PERSON_0335,PERSON,PERSON_1405,PERSON,CALLED,2026-04-11 16:33:43,0.05,0.62,CDR_AGG_PERSON_0335_PERSON_1405
PERSON_0751,PERSON,PERSON_0897,PERSON,CALLED,2024-01-20 08:47:37,0.05,0.7,CDR_AGG_PERSON_0751_PERSON_0897
PERSON_0847,PERSON,PERSON_1360,PERSON,CALLED,2024-05-23 17:46:40,0.05,0.71,CDR_AGG_PERSON_0847_PERSON_1360
PERSON_0599,PERSON,PERSON_0792,PERSON,CALLED,2024-05-14 17:21:20,0.05,0.84,CDR_AGG_PERSON_0599_PERSON_0792
PERSON_0033,PERSON,PERSON_0542,PERSON,CALLED,2025-08-22 05:01:22,0.05,0.69,CDR_AGG_PERSON_0033_PERSON_0542
PERSON_0479,PERSON,PERSON_0961,PERSON,CALLED,2025-11-26 11:10:41,0.05,0.61,CDR_AGG_PERSON_0479_PERSON_0961
PERSON_0017,PERSON,PERSON_1208,PERSON,CALLED,2024-08-11 03:28:33,0.05,0.63,CDR_AGG_PERSON_0017_PERSON_1208
PERSON_0018,PERSON,PERSON_0341,PERSON,CALLED,2025-04-10 15:35:37,0.1,0.58,CDR_AGG_PERSON_0018_PERSON_0341
PERSON_1180,PERSON,PERSON_1193,PERSON,CALLED,2025-11-17 07:43:17,0.05,0.58,CDR_AGG_PERSON_1180_PERSON_1193
PERSON_0513,PERSON,PERSON_1216,PERSON,CALLED,2026-04-16 08:02:45,0.05,0.63,CDR_AGG_PERSON_0513_PERSON_1216
PERSON_0295,PERSON,PERSON_0641,PERSON,CALLED,2026-06-16 22:38:02,0.05,0.4,CDR_AGG_PERSON_0295_PERSON_0641
PERSON_0259,PERSON,PERSON_1133,PERSON,CALLED,2024-12-14 05:20:33,0.05,0.74,CDR_AGG_PERSON_0259_PERSON_1133
PERSON_1298,PERSON,PERSON_1377,PERSON,CALLED,2024-04-13 01:35:15,0.05,0.74,CDR_AGG_PERSON_1298_PERSON_1377
PERSON_0209,PERSON,PERSON_0220,PERSON,CALLED,2024-04-05 05:31:25,0.05,0.57,CDR_AGG_PERSON_0209_PERSON_0220
PERSON_0735,PERSON,PERSON_1472,PERSON,CALLED,2026-06-12 09:32:57,0.1,0.62,CDR_AGG_PERSON_0735_PERSON_1472
PERSON_0139,PERSON,PERSON_0424,PERSON,CALLED,2025-04-22 13:03:12,0.05,0.42,CDR_AGG_PERSON_0139_PERSON_0424
PERSON_0391,PERSON,PERSON_0826,PERSON,CALLED,2025-11-03 13:20:58,0.05,0.51,CDR_AGG_PERSON_0391_PERSON_0826
PERSON_1218,PERSON,PERSON_1242,PERSON,CALLED,2024-11-04 04:14:09,0.05,0.57,CDR_AGG_PERSON_1218_PERSON_1242
PERSON_0186,PERSON,PERSON_0500,PERSON,CALLED,2026-05-07 23:20:16,0.05,0.81,CDR_AGG_PERSON_0186_PERSON_0500
PERSON_0642,PERSON,PERSON_1107,PERSON,CALLED,2025-03-18 07:51:52,0.05,0.43,CDR_AGG_PERSON_0642_PERSON_1107
PERSON_0593,PERSON,PERSON_0671,PERSON,CALLED,2026-01-20 13:30:19,0.05,0.69,CDR_AGG_PERSON_0593_PERSON_0671
PERSON_1111,PERSON,PERSON_1196,PERSON,CALLED,2026-02-17 13:17:58,0.05,0.47,CDR_AGG_PERSON_1111_PERSON_1196
PERSON_0258,PERSON,PERSON_1293,PERSON,CALLED,2024-08-09 08:25:50,0.05,0.52,CDR_AGG_PERSON_0258_PERSON_1293
PERSON_1026,PERSON,PERSON_1222,PERSON,CALLED,2026-04-18 21:51:25,0.05,0.47,CDR_AGG_PERSON_1026_PERSON_1222
PERSON_1134,PERSON,PERSON_1449,PERSON,CALLED,2024-03-12 09:52:18,0.05,0.42,CDR_AGG_PERSON_1134_PERSON_1449
PERSON_0312,PERSON,PERSON_1276,PERSON,CALLED,2024-05-28 02:57:39,0.05,0.56,CDR_AGG_PERSON_0312_PERSON_1276
PERSON_0862,PERSON,PERSON_1043,PERSON,CALLED,2025-12-15 08:10:32,0.1,0.67,CDR_AGG_PERSON_0862_PERSON_1043
PERSON_0340,PERSON,PERSON_0635,PERSON,CALLED,2024-02-26 06:31:52,0.05,0.52,CDR_AGG_PERSON_0340_PERSON_0635
PERSON_0336,PERSON,PERSON_1046,PERSON,CALLED,2026-01-30 21:20:24,0.05,0.51,CDR_AGG_PERSON_0336_PERSON_1046
PERSON_0968,PERSON,PERSON_1433,PERSON,CALLED,2026-06-25 22:39:23,0.05,0.77,CDR_AGG_PERSON_0968_PERSON_1433
PERSON_0341,PERSON,PERSON_0981,PERSON,CALLED,2026-01-23 06:52:04,0.05,0.47,CDR_AGG_PERSON_0341_PERSON_0981
PERSON_0741,PERSON,PERSON_0919,PERSON,CALLED,2026-04-05 03:30:42,0.05,0.4,CDR_AGG_PERSON_0741_PERSON_0919
PERSON_0395,PERSON,PERSON_0692,PERSON,CALLED,2026-01-07 23:22:15,0.05,0.68,CDR_AGG_PERSON_0395_PERSON_0692
PERSON_0391,PERSON,PERSON_0657,PERSON,CALLED,2024-07-08 23:13:33,0.05,0.69,CDR_AGG_PERSON_0391_PERSON_0657
PERSON_0727,PERSON,PERSON_0739,PERSON,CALLED,2024-02-11 18:03:14,0.05,0.64,CDR_AGG_PERSON_0727_PERSON_0739
PERSON_0258,PERSON,PERSON_0969,PERSON,CALLED,2026-05-15 15:37:02,0.05,0.77,CDR_AGG_PERSON_0258_PERSON_0969
PERSON_0325,PERSON,PERSON_0532,PERSON,CALLED,2026-05-20 15:06:05,0.05,0.49,CDR_AGG_PERSON_0325_PERSON_0532
PERSON_0150,PERSON,PERSON_1030,PERSON,CALLED,2026-04-20 18:31:38,0.05,0.77,CDR_AGG_PERSON_0150_PERSON_1030
PERSON_0255,PERSON,PERSON_1166,PERSON,CALLED,2025-10-21 19:55:26,0.05,0.43,CDR_AGG_PERSON_0255_PERSON_1166
PERSON_1179,PERSON,PERSON_1361,PERSON,CALLED,2025-10-30 07:57:00,0.05,0.56,CDR_AGG_PERSON_1179_PERSON_1361
PERSON_0100,PERSON,PERSON_0759,PERSON,CALLED,2025-06-08 11:40:41,0.05,0.59,CDR_AGG_PERSON_0100_PERSON_0759
PERSON_0402,PERSON,PERSON_1363,PERSON,CALLED,2024-11-06 20:43:53,0.05,0.57,CDR_AGG_PERSON_0402_PERSON_1363
PERSON_0812,PERSON,PERSON_1007,PERSON,CALLED,2026-04-30 16:23:22,0.05,0.76,CDR_AGG_PERSON_0812_PERSON_1007
PERSON_0369,PERSON,PERSON_0555,PERSON,CALLED,2025-06-21 06:12:28,0.05,0.77,CDR_AGG_PERSON_0369_PERSON_0555
PERSON_0328,PERSON,PERSON_1371,PERSON,CALLED,2024-10-14 01:00:12,0.05,0.67,CDR_AGG_PERSON_0328_PERSON_1371
PERSON_0353,PERSON,PERSON_1119,PERSON,CALLED,2024-01-04 07:18:25,0.05,0.79,CDR_AGG_PERSON_0353_PERSON_1119
PERSON_0118,PERSON,PERSON_0124,PERSON,CALLED,2024-06-13 17:36:18,0.05,0.68,CDR_AGG_PERSON_0118_PERSON_0124
PERSON_0150,PERSON,PERSON_0707,PERSON,CALLED,2024-11-12 07:25:14,0.05,0.47,CDR_AGG_PERSON_0150_PERSON_0707
PERSON_0976,PERSON,PERSON_1158,PERSON,CALLED,2024-08-10 23:11:51,0.05,0.43,CDR_AGG_PERSON_0976_PERSON_1158
PERSON_0039,PERSON,PERSON_0458,PERSON,CALLED,2025-01-14 01:33:34,0.05,0.49,CDR_AGG_PERSON_0039_PERSON_0458
PERSON_0931,PERSON,PERSON_1344,PERSON,CALLED,2024-06-27 14:12:08,0.05,0.77,CDR_AGG_PERSON_0931_PERSON_1344
PERSON_0135,PERSON,PERSON_0989,PERSON,CALLED,2024-03-30 00:16:53,0.05,0.84,CDR_AGG_PERSON_0135_PERSON_0989
PERSON_0265,PERSON,PERSON_0322,PERSON,CALLED,2025-08-29 06:54:23,0.05,0.77,CDR_AGG_PERSON_0265_PERSON_0322
PERSON_0169,PERSON,PERSON_0779,PERSON,CALLED,2024-11-06 16:29:42,0.05,0.69,CDR_AGG_PERSON_0169_PERSON_0779
PERSON_0268,PERSON,PERSON_0854,PERSON,CALLED,2025-01-16 03:07:16,0.05,0.84,CDR_AGG_PERSON_0268_PERSON_0854
PERSON_0560,PERSON,PERSON_0801,PERSON,CALLED,2024-12-18 03:19:38,0.05,0.64,CDR_AGG_PERSON_0560_PERSON_0801
PERSON_0091,PERSON,PERSON_0793,PERSON,CALLED,2024-01-10 09:05:37,0.05,0.41,CDR_AGG_PERSON_0091_PERSON_0793
PERSON_0600,PERSON,PERSON_0791,PERSON,CALLED,2025-06-26 20:19:35,0.05,0.67,CDR_AGG_PERSON_0600_PERSON_0791
PERSON_0474,PERSON,PERSON_0619,PERSON,CALLED,2024-12-28 14:27:07,0.05,0.65,CDR_AGG_PERSON_0474_PERSON_0619
PERSON_1326,PERSON,PERSON_1382,PERSON,CALLED,2025-10-01 17:31:21,0.05,0.43,CDR_AGG_PERSON_1326_PERSON_1382
PERSON_0080,PERSON,PERSON_0158,PERSON,CALLED,2024-06-02 05:24:06,0.05,0.48,CDR_AGG_PERSON_0080_PERSON_0158
PERSON_0107,PERSON,PERSON_0553,PERSON,CALLED,2026-05-01 04:07:07,0.05,0.53,CDR_AGG_PERSON_0107_PERSON_0553
PERSON_0404,PERSON,PERSON_1368,PERSON,CALLED,2025-08-18 16:57:21,0.05,0.84,CDR_AGG_PERSON_0404_PERSON_1368
PERSON_0649,PERSON,PERSON_1285,PERSON,CALLED,2026-01-10 06:02:22,0.05,0.61,CDR_AGG_PERSON_0649_PERSON_1285
PERSON_0991,PERSON,PERSON_1254,PERSON,CALLED,2025-03-10 09:53:23,0.1,0.75,CDR_AGG_PERSON_0991_PERSON_1254
PERSON_1227,PERSON,PERSON_1340,PERSON,CALLED,2024-06-18 20:17:58,0.05,0.48,CDR_AGG_PERSON_1227_PERSON_1340
PERSON_1028,PERSON,PERSON_1498,PERSON,CALLED,2024-05-20 01:22:22,0.05,0.4,CDR_AGG_PERSON_1028_PERSON_1498
PERSON_0526,PERSON,PERSON_0720,PERSON,CALLED,2026-06-29 06:34:26,0.05,0.53,CDR_AGG_PERSON_0526_PERSON_0720
PERSON_0378,PERSON,PERSON_1026,PERSON,CALLED,2025-05-11 15:55:24,0.1,0.77,CDR_AGG_PERSON_0378_PERSON_1026
PERSON_0310,PERSON,PERSON_1286,PERSON,CALLED,2024-02-10 15:48:42,0.05,0.43,CDR_AGG_PERSON_0310_PERSON_1286
PERSON_0198,PERSON,PERSON_0919,PERSON,CALLED,2024-05-13 23:21:42,0.05,0.51,CDR_AGG_PERSON_0198_PERSON_0919
PERSON_1184,PERSON,PERSON_1457,PERSON,CALLED,2025-01-24 19:06:00,0.05,0.53,CDR_AGG_PERSON_1184_PERSON_1457
PERSON_0652,PERSON,PERSON_1128,PERSON,CALLED,2024-02-22 04:17:21,0.05,0.79,CDR_AGG_PERSON_0652_PERSON_1128
PERSON_0140,PERSON,PERSON_1428,PERSON,CALLED,2025-07-06 00:02:13,0.05,0.74,CDR_AGG_PERSON_0140_PERSON_1428
PERSON_0410,PERSON,PERSON_1482,PERSON,CALLED,2024-02-01 10:32:17,0.05,0.75,CDR_AGG_PERSON_0410_PERSON_1482
PERSON_0423,PERSON,PERSON_1329,PERSON,CALLED,2025-01-31 04:28:09,0.05,0.64,CDR_AGG_PERSON_0423_PERSON_1329
PERSON_0902,PERSON,PERSON_1465,PERSON,CALLED,2025-11-07 07:02:06,0.05,0.44,CDR_AGG_PERSON_0902_PERSON_1465
PERSON_0527,PERSON,PERSON_1257,PERSON,CALLED,2025-01-29 18:02:47,0.05,0.53,CDR_AGG_PERSON_0527_PERSON_1257
PERSON_0216,PERSON,PERSON_0679,PERSON,CALLED,2024-12-12 20:18:55,0.05,0.41,CDR_AGG_PERSON_0216_PERSON_0679
PERSON_0800,PERSON,PERSON_1420,PERSON,CALLED,2026-01-12 17:53:50,0.05,0.67,CDR_AGG_PERSON_0800_PERSON_1420
PERSON_0860,PERSON,PERSON_1384,PERSON,CALLED,2025-11-22 14:00:03,0.05,0.5,CDR_AGG_PERSON_0860_PERSON_1384
PERSON_0309,PERSON,PERSON_1054,PERSON,CALLED,2026-02-02 03:00:07,0.05,0.46,CDR_AGG_PERSON_0309_PERSON_1054
PERSON_1077,PERSON,PERSON_1279,PERSON,CALLED,2024-03-31 07:07:25,0.05,0.49,CDR_AGG_PERSON_1077_PERSON_1279
PERSON_1431,PERSON,PERSON_1458,PERSON,CALLED,2026-03-06 19:56:59,0.1,0.6,CDR_AGG_PERSON_1431_PERSON_1458
PERSON_0786,PERSON,PERSON_0904,PERSON,CALLED,2024-04-23 10:06:18,0.05,0.63,CDR_AGG_PERSON_0786_PERSON_0904
PERSON_0896,PERSON,PERSON_1209,PERSON,CALLED,2024-03-23 00:32:13,0.05,0.78,CDR_AGG_PERSON_0896_PERSON_1209
PERSON_0646,PERSON,PERSON_1335,PERSON,CALLED,2024-01-09 10:32:14,0.05,0.62,CDR_AGG_PERSON_0646_PERSON_1335
PERSON_0636,PERSON,PERSON_0858,PERSON,CALLED,2026-03-14 07:16:45,0.05,0.74,CDR_AGG_PERSON_0636_PERSON_0858
PERSON_0381,PERSON,PERSON_1218,PERSON,CALLED,2024-03-24 11:14:38,0.05,0.61,CDR_AGG_PERSON_0381_PERSON_1218
PERSON_0569,PERSON,PERSON_0731,PERSON,CALLED,2024-05-23 07:01:19,0.05,0.51,CDR_AGG_PERSON_0569_PERSON_0731
PERSON_0666,PERSON,PERSON_1254,PERSON,CALLED,2024-01-08 09:17:03,0.05,0.45,CDR_AGG_PERSON_0666_PERSON_1254
PERSON_0822,PERSON,PERSON_1026,PERSON,CALLED,2026-01-16 18:18:05,0.05,0.61,CDR_AGG_PERSON_0822_PERSON_1026
PERSON_1265,PERSON,PERSON_1309,PERSON,CALLED,2026-04-20 14:13:24,0.05,0.41,CDR_AGG_PERSON_1265_PERSON_1309
PERSON_0920,PERSON,PERSON_0935,PERSON,CALLED,2024-01-09 05:05:51,0.05,0.77,CDR_AGG_PERSON_0920_PERSON_0935
PERSON_0969,PERSON,PERSON_1398,PERSON,CALLED,2024-01-22 06:30:07,0.05,0.8,CDR_AGG_PERSON_0969_PERSON_1398
PERSON_0219,PERSON,PERSON_1414,PERSON,CALLED,2025-07-19 08:50:40,0.05,0.5,CDR_AGG_PERSON_0219_PERSON_1414
PERSON_0706,PERSON,PERSON_0958,PERSON,CALLED,2026-06-16 07:18:29,0.05,0.64,CDR_AGG_PERSON_0706_PERSON_0958
PERSON_0147,PERSON,PERSON_0791,PERSON,CALLED,2025-03-22 05:45:59,0.05,0.8,CDR_AGG_PERSON_0147_PERSON_0791
PERSON_1064,PERSON,PERSON_1470,PERSON,CALLED,2025-06-18 05:37:38,0.05,0.77,CDR_AGG_PERSON_1064_PERSON_1470
PERSON_0445,PERSON,PERSON_1159,PERSON,CALLED,2025-05-16 20:15:49,0.05,0.5,CDR_AGG_PERSON_0445_PERSON_1159
PERSON_0737,PERSON,PERSON_0805,PERSON,CALLED,2024-01-13 19:24:22,0.05,0.74,CDR_AGG_PERSON_0737_PERSON_0805
PERSON_0577,PERSON,PERSON_0741,PERSON,CALLED,2024-02-19 17:54:29,0.05,0.48,CDR_AGG_PERSON_0577_PERSON_0741
PERSON_0205,PERSON,PERSON_1136,PERSON,CALLED,2024-07-12 02:18:24,0.05,0.65,CDR_AGG_PERSON_0205_PERSON_1136
PERSON_0063,PERSON,PERSON_1135,PERSON,CALLED,2026-01-08 23:03:11,0.05,0.8,CDR_AGG_PERSON_0063_PERSON_1135
PERSON_0174,PERSON,PERSON_0939,PERSON,CALLED,2025-03-23 10:23:33,0.05,0.51,CDR_AGG_PERSON_0174_PERSON_0939
PERSON_0362,PERSON,PERSON_1168,PERSON,CALLED,2024-09-04 06:54:41,0.05,0.47,CDR_AGG_PERSON_0362_PERSON_1168
PERSON_0280,PERSON,PERSON_1472,PERSON,CALLED,2026-04-19 06:43:57,0.05,0.76,CDR_AGG_PERSON_0280_PERSON_1472
PERSON_0609,PERSON,PERSON_0756,PERSON,CALLED,2025-06-20 06:12:40,0.05,0.66,CDR_AGG_PERSON_0609_PERSON_0756
PERSON_0306,PERSON,PERSON_0808,PERSON,CALLED,2024-05-19 10:41:52,0.05,0.77,CDR_AGG_PERSON_0306_PERSON_0808
PERSON_1015,PERSON,PERSON_1231,PERSON,CALLED,2026-02-05 23:27:04,0.05,0.59,CDR_AGG_PERSON_1015_PERSON_1231
PERSON_0722,PERSON,PERSON_0946,PERSON,CALLED,2024-08-05 21:11:26,0.05,0.54,CDR_AGG_PERSON_0722_PERSON_0946
PERSON_1269,PERSON,PERSON_1396,PERSON,CALLED,2026-02-11 18:49:13,0.05,0.78,CDR_AGG_PERSON_1269_PERSON_1396
PERSON_0555,PERSON,PERSON_0765,PERSON,CALLED,2025-11-30 22:35:00,0.05,0.56,CDR_AGG_PERSON_0555_PERSON_0765
PERSON_0188,PERSON,PERSON_1216,PERSON,CALLED,2025-03-07 00:59:16,0.05,0.79,CDR_AGG_PERSON_0188_PERSON_1216
PERSON_0635,PERSON,PERSON_0782,PERSON,CALLED,2026-01-28 10:05:19,0.05,0.6,CDR_AGG_PERSON_0635_PERSON_0782
PERSON_0098,PERSON,PERSON_0778,PERSON,CALLED,2024-07-29 18:55:43,0.05,0.79,CDR_AGG_PERSON_0098_PERSON_0778
PERSON_0608,PERSON,PERSON_0752,PERSON,CALLED,2024-12-29 01:57:20,0.05,0.65,CDR_AGG_PERSON_0608_PERSON_0752
PERSON_1036,PERSON,PERSON_1386,PERSON,CALLED,2024-06-05 11:03:26,0.05,0.8,CDR_AGG_PERSON_1036_PERSON_1386
PERSON_0116,PERSON,PERSON_1064,PERSON,CALLED,2024-01-14 07:06:46,0.05,0.83,CDR_AGG_PERSON_0116_PERSON_1064
PERSON_0920,PERSON,PERSON_1110,PERSON,CALLED,2026-05-16 12:29:55,0.05,0.76,CDR_AGG_PERSON_0920_PERSON_1110
PERSON_0759,PERSON,PERSON_1261,PERSON,CALLED,2025-07-29 09:50:15,0.05,0.63,CDR_AGG_PERSON_0759_PERSON_1261
PERSON_0178,PERSON,PERSON_1297,PERSON,CALLED,2025-02-07 07:09:21,0.05,0.57,CDR_AGG_PERSON_0178_PERSON_1297
PERSON_0531,PERSON,PERSON_0730,PERSON,CALLED,2025-10-22 09:29:39,0.05,0.43,CDR_AGG_PERSON_0531_PERSON_0730
PERSON_0075,PERSON,PERSON_0891,PERSON,CALLED,2024-10-11 06:33:18,0.05,0.82,CDR_AGG_PERSON_0075_PERSON_0891
PERSON_0045,PERSON,PERSON_1225,PERSON,CALLED,2024-12-29 15:34:59,0.05,0.59,CDR_AGG_PERSON_0045_PERSON_1225
PERSON_0771,PERSON,PERSON_1273,PERSON,CALLED,2025-10-01 19:28:49,0.05,0.85,CDR_AGG_PERSON_0771_PERSON_1273
PERSON_0540,PERSON,PERSON_1231,PERSON,CALLED,2025-02-03 01:14:43,0.05,0.83,CDR_AGG_PERSON_0540_PERSON_1231
PERSON_0238,PERSON,PERSON_0539,PERSON,CALLED,2026-04-20 08:57:10,0.05,0.75,CDR_AGG_PERSON_0238_PERSON_0539
PERSON_0724,PERSON,PERSON_1011,PERSON,CALLED,2025-11-12 08:29:25,0.05,0.56,CDR_AGG_PERSON_0724_PERSON_1011
PERSON_0465,PERSON,PERSON_0990,PERSON,CALLED,2024-04-15 20:07:24,0.05,0.79,CDR_AGG_PERSON_0465_PERSON_0990
PERSON_0488,PERSON,PERSON_1405,PERSON,CALLED,2024-08-21 09:35:02,0.05,0.5,CDR_AGG_PERSON_0488_PERSON_1405
PERSON_0432,PERSON,PERSON_0508,PERSON,CALLED,2024-11-28 16:16:35,0.05,0.65,CDR_AGG_PERSON_0432_PERSON_0508
PERSON_0258,PERSON,PERSON_0765,PERSON,CALLED,2024-12-07 11:08:08,0.05,0.46,CDR_AGG_PERSON_0258_PERSON_0765
PERSON_0235,PERSON,PERSON_0369,PERSON,CALLED,2024-07-04 03:43:27,0.05,0.61,CDR_AGG_PERSON_0235_PERSON_0369
PERSON_0145,PERSON,PERSON_0706,PERSON,CALLED,2025-05-07 15:12:14,0.1,0.67,CDR_AGG_PERSON_0145_PERSON_0706
PERSON_0032,PERSON,PERSON_0209,PERSON,CALLED,2025-10-10 05:35:53,0.05,0.68,CDR_AGG_PERSON_0032_PERSON_0209
PERSON_0145,PERSON,PERSON_0879,PERSON,CALLED,2024-07-22 03:10:07,0.05,0.7,CDR_AGG_PERSON_0145_PERSON_0879
PERSON_1129,PERSON,PERSON_1138,PERSON,CALLED,2025-09-07 17:49:45,0.05,0.63,CDR_AGG_PERSON_1129_PERSON_1138
PERSON_0725,PERSON,PERSON_1167,PERSON,CALLED,2026-05-06 20:17:28,0.05,0.63,CDR_AGG_PERSON_0725_PERSON_1167
PERSON_1011,PERSON,PERSON_1137,PERSON,CALLED,2025-09-07 20:13:23,0.05,0.64,CDR_AGG_PERSON_1011_PERSON_1137
PERSON_0311,PERSON,PERSON_1328,PERSON,CALLED,2024-09-18 19:29:41,0.05,0.74,CDR_AGG_PERSON_0311_PERSON_1328
PERSON_1359,PERSON,PERSON_1396,PERSON,CALLED,2024-02-12 10:39:40,0.05,0.79,CDR_AGG_PERSON_1359_PERSON_1396
PERSON_0287,PERSON,PERSON_0967,PERSON,CALLED,2024-05-08 01:14:24,0.05,0.65,CDR_AGG_PERSON_0287_PERSON_0967
PERSON_0102,PERSON,PERSON_0821,PERSON,CALLED,2026-05-28 05:30:30,0.05,0.53,CDR_AGG_PERSON_0102_PERSON_0821
PERSON_1206,PERSON,PERSON_1221,PERSON,CALLED,2024-01-08 05:11:02,0.05,0.47,CDR_AGG_PERSON_1206_PERSON_1221
PERSON_0013,PERSON,PERSON_1000,PERSON,CALLED,2025-08-29 18:58:51,0.05,0.4,CDR_AGG_PERSON_0013_PERSON_1000
PERSON_0072,PERSON,PERSON_1225,PERSON,CALLED,2024-09-26 15:33:36,0.05,0.79,CDR_AGG_PERSON_0072_PERSON_1225
PERSON_1247,PERSON,PERSON_1398,PERSON,CALLED,2025-01-29 20:26:15,0.05,0.61,CDR_AGG_PERSON_1247_PERSON_1398
PERSON_0174,PERSON,PERSON_1307,PERSON,CALLED,2024-12-19 06:29:57,0.05,0.43,CDR_AGG_PERSON_0174_PERSON_1307
PERSON_1366,PERSON,PERSON_1439,PERSON,CALLED,2024-01-21 02:41:54,0.05,0.58,CDR_AGG_PERSON_1366_PERSON_1439
PERSON_0485,PERSON,PERSON_1216,PERSON,CALLED,2024-02-01 09:54:18,0.05,0.43,CDR_AGG_PERSON_0485_PERSON_1216
PERSON_0187,PERSON,PERSON_0741,PERSON,CALLED,2025-06-01 11:09:54,0.05,0.85,CDR_AGG_PERSON_0187_PERSON_0741
PERSON_0997,PERSON,PERSON_1456,PERSON,CALLED,2024-01-16 15:28:13,0.05,0.56,CDR_AGG_PERSON_0997_PERSON_1456
PERSON_0105,PERSON,PERSON_1005,PERSON,CALLED,2026-02-19 05:42:19,0.05,0.41,CDR_AGG_PERSON_0105_PERSON_1005
PERSON_0498,PERSON,PERSON_0763,PERSON,CALLED,2024-05-27 22:56:13,0.05,0.8,CDR_AGG_PERSON_0498_PERSON_0763
PERSON_0089,PERSON,PERSON_1398,PERSON,CALLED,2025-06-11 23:02:33,0.05,0.47,CDR_AGG_PERSON_0089_PERSON_1398
PERSON_1134,PERSON,PERSON_1296,PERSON,CALLED,2024-09-18 05:33:19,0.05,0.56,CDR_AGG_PERSON_1134_PERSON_1296
PERSON_0057,PERSON,PERSON_0939,PERSON,CALLED,2024-04-21 00:47:21,0.05,0.69,CDR_AGG_PERSON_0057_PERSON_0939
PERSON_1307,PERSON,PERSON_1379,PERSON,CALLED,2025-03-18 03:48:59,0.1,0.42,CDR_AGG_PERSON_1307_PERSON_1379
PERSON_0053,PERSON,PERSON_0344,PERSON,CALLED,2024-10-21 15:27:05,0.05,0.42,CDR_AGG_PERSON_0053_PERSON_0344
PERSON_0453,PERSON,PERSON_1445,PERSON,CALLED,2026-05-01 20:07:52,0.05,0.62,CDR_AGG_PERSON_0453_PERSON_1445
PERSON_0232,PERSON,PERSON_0699,PERSON,CALLED,2025-02-25 12:42:31,0.05,0.49,CDR_AGG_PERSON_0232_PERSON_0699
PERSON_0047,PERSON,PERSON_0267,PERSON,CALLED,2024-12-25 16:15:22,0.05,0.61,CDR_AGG_PERSON_0047_PERSON_0267
PERSON_0712,PERSON,PERSON_1317,PERSON,CALLED,2024-01-08 23:10:29,0.05,0.42,CDR_AGG_PERSON_0712_PERSON_1317
PERSON_0437,PERSON,PERSON_1143,PERSON,CALLED,2024-02-04 09:24:55,0.05,0.63,CDR_AGG_PERSON_0437_PERSON_1143
PERSON_0165,PERSON,PERSON_0529,PERSON,CALLED,2025-11-12 00:01:37,0.1,0.44,CDR_AGG_PERSON_0165_PERSON_0529
PERSON_0104,PERSON,PERSON_0912,PERSON,CALLED,2026-03-11 22:04:51,0.05,0.66,CDR_AGG_PERSON_0104_PERSON_0912
PERSON_0196,PERSON,PERSON_1358,PERSON,CALLED,2024-08-06 13:12:46,0.05,0.72,CDR_AGG_PERSON_0196_PERSON_1358
PERSON_0265,PERSON,PERSON_0776,PERSON,CALLED,2025-11-11 09:34:16,0.05,0.54,CDR_AGG_PERSON_0265_PERSON_0776
PERSON_1181,PERSON,PERSON_1202,PERSON,CALLED,2024-02-25 15:17:45,0.05,0.75,CDR_AGG_PERSON_1181_PERSON_1202
PERSON_0432,PERSON,PERSON_0563,PERSON,CALLED,2025-01-08 04:46:16,0.05,0.56,CDR_AGG_PERSON_0432_PERSON_0563
PERSON_0372,PERSON,PERSON_1104,PERSON,CALLED,2024-03-02 06:35:06,0.05,0.5,CDR_AGG_PERSON_0372_PERSON_1104
PERSON_0477,PERSON,PERSON_1008,PERSON,CALLED,2025-12-17 16:03:45,0.05,0.66,CDR_AGG_PERSON_0477_PERSON_1008
PERSON_1388,PERSON,PERSON_1396,PERSON,CALLED,2025-07-01 06:14:39,0.05,0.49,CDR_AGG_PERSON_1388_PERSON_1396
PERSON_0352,PERSON,PERSON_0469,PERSON,CALLED,2024-04-21 10:01:33,0.05,0.8,CDR_AGG_PERSON_0352_PERSON_0469
PERSON_0443,PERSON,PERSON_0923,PERSON,CALLED,2024-01-17 08:16:34,0.05,0.82,CDR_AGG_PERSON_0443_PERSON_0923
PERSON_0477,PERSON,PERSON_0995,PERSON,CALLED,2026-01-26 14:32:14,0.05,0.55,CDR_AGG_PERSON_0477_PERSON_0995
PERSON_0613,PERSON,PERSON_0890,PERSON,CALLED,2025-12-01 15:39:45,0.05,0.7,CDR_AGG_PERSON_0613_PERSON_0890
PERSON_0418,PERSON,PERSON_0886,PERSON,CALLED,2024-10-06 19:32:56,0.05,0.54,CDR_AGG_PERSON_0418_PERSON_0886
PERSON_0868,PERSON,PERSON_1248,PERSON,CALLED,2024-03-17 16:43:41,0.05,0.68,CDR_AGG_PERSON_0868_PERSON_1248
PERSON_0270,PERSON,PERSON_1377,PERSON,CALLED,2025-05-22 19:21:24,0.05,0.69,CDR_AGG_PERSON_0270_PERSON_1377
PERSON_1336,PERSON,PERSON_1368,PERSON,CALLED,2025-08-20 16:39:25,0.1,0.54,CDR_AGG_PERSON_1336_PERSON_1368
PERSON_0466,PERSON,PERSON_1026,PERSON,CALLED,2024-12-20 14:03:22,0.05,0.75,CDR_AGG_PERSON_0466_PERSON_1026
PERSON_0720,PERSON,PERSON_1016,PERSON,CALLED,2024-03-10 00:09:15,0.05,0.79,CDR_AGG_PERSON_0720_PERSON_1016
PERSON_0527,PERSON,PERSON_1335,PERSON,CALLED,2024-05-27 06:14:43,0.05,0.42,CDR_AGG_PERSON_0527_PERSON_1335
PERSON_0222,PERSON,PERSON_0794,PERSON,CALLED,2024-02-08 06:33:02,0.05,0.66,CDR_AGG_PERSON_0222_PERSON_0794
PERSON_0734,PERSON,PERSON_0899,PERSON,CALLED,2025-10-17 17:14:00,0.05,0.56,CDR_AGG_PERSON_0734_PERSON_0899
PERSON_0233,PERSON,PERSON_1246,PERSON,CALLED,2024-11-02 08:01:54,0.05,0.52,CDR_AGG_PERSON_0233_PERSON_1246
PERSON_1048,PERSON,PERSON_1321,PERSON,CALLED,2024-07-03 09:23:24,0.05,0.77,CDR_AGG_PERSON_1048_PERSON_1321
PERSON_0380,PERSON,PERSON_1493,PERSON,CALLED,2025-03-07 04:23:03,0.05,0.73,CDR_AGG_PERSON_0380_PERSON_1493
PERSON_0003,PERSON,PERSON_0943,PERSON,CALLED,2024-04-08 00:10:54,0.05,0.65,CDR_AGG_PERSON_0003_PERSON_0943
PERSON_0287,PERSON,PERSON_1177,PERSON,CALLED,2026-03-07 04:52:13,0.05,0.66,CDR_AGG_PERSON_0287_PERSON_1177
PERSON_0315,PERSON,PERSON_0706,PERSON,CALLED,2026-01-23 01:58:48,0.05,0.79,CDR_AGG_PERSON_0315_PERSON_0706
PERSON_0308,PERSON,PERSON_0954,PERSON,CALLED,2024-02-27 11:35:46,0.05,0.7,CDR_AGG_PERSON_0308_PERSON_0954
PERSON_0214,PERSON,PERSON_1031,PERSON,CALLED,2024-10-25 02:45:21,0.05,0.55,CDR_AGG_PERSON_0214_PERSON_1031
PERSON_0280,PERSON,PERSON_0281,PERSON,CALLED,2024-10-20 17:31:06,0.05,0.47,CDR_AGG_PERSON_0280_PERSON_0281
PERSON_0491,PERSON,PERSON_1135,PERSON,CALLED,2024-03-24 02:43:06,0.05,0.72,CDR_AGG_PERSON_0491_PERSON_1135
PERSON_0276,PERSON,PERSON_0437,PERSON,CALLED,2024-05-21 03:34:54,0.05,0.73,CDR_AGG_PERSON_0276_PERSON_0437
PERSON_0464,PERSON,PERSON_1148,PERSON,CALLED,2024-01-24 10:45:25,0.05,0.5,CDR_AGG_PERSON_0464_PERSON_1148
PERSON_0181,PERSON,PERSON_0756,PERSON,CALLED,2025-03-23 08:09:55,0.05,0.48,CDR_AGG_PERSON_0181_PERSON_0756
PERSON_1065,PERSON,PERSON_1461,PERSON,CALLED,2024-10-31 18:27:03,0.05,0.8,CDR_AGG_PERSON_1065_PERSON_1461
PERSON_0934,PERSON,PERSON_1295,PERSON,CALLED,2024-10-09 13:16:33,0.05,0.77,CDR_AGG_PERSON_0934_PERSON_1295
PERSON_0199,PERSON,PERSON_0487,PERSON,CALLED,2024-12-05 11:01:07,0.05,0.51,CDR_AGG_PERSON_0199_PERSON_0487
PERSON_0096,PERSON,PERSON_0761,PERSON,CALLED,2025-10-26 10:33:24,0.05,0.42,CDR_AGG_PERSON_0096_PERSON_0761
PERSON_0222,PERSON,PERSON_1231,PERSON,CALLED,2024-11-13 21:19:51,0.05,0.52,CDR_AGG_PERSON_0222_PERSON_1231
PERSON_0044,PERSON,PERSON_0378,PERSON,CALLED,2025-08-19 14:21:07,0.05,0.69,CDR_AGG_PERSON_0044_PERSON_0378
PERSON_0420,PERSON,PERSON_0962,PERSON,CALLED,2024-02-03 16:13:21,0.05,0.63,CDR_AGG_PERSON_0420_PERSON_0962
PERSON_0062,PERSON,PERSON_0147,PERSON,CALLED,2024-07-30 16:36:30,0.05,0.79,CDR_AGG_PERSON_0062_PERSON_0147
PERSON_0655,PERSON,PERSON_1128,PERSON,CALLED,2025-09-04 12:09:15,0.05,0.53,CDR_AGG_PERSON_0655_PERSON_1128
PERSON_0641,PERSON,PERSON_0698,PERSON,CALLED,2024-11-17 11:07:11,0.05,0.59,CDR_AGG_PERSON_0641_PERSON_0698
PERSON_0377,PERSON,PERSON_1108,PERSON,CALLED,2026-06-29 06:34:45,0.1,0.42,CDR_AGG_PERSON_0377_PERSON_1108
PERSON_1109,PERSON,PERSON_1337,PERSON,CALLED,2026-02-02 23:32:26,0.05,0.52,CDR_AGG_PERSON_1109_PERSON_1337
PERSON_0390,PERSON,PERSON_0809,PERSON,CALLED,2025-07-02 03:44:19,0.05,0.66,CDR_AGG_PERSON_0390_PERSON_0809
PERSON_0468,PERSON,PERSON_1140,PERSON,CALLED,2024-06-26 14:16:03,0.05,0.69,CDR_AGG_PERSON_0468_PERSON_1140
PERSON_1302,PERSON,PERSON_1422,PERSON,CALLED,2026-02-28 02:30:45,0.05,0.75,CDR_AGG_PERSON_1302_PERSON_1422
PERSON_0954,PERSON,PERSON_1108,PERSON,CALLED,2024-01-25 12:23:57,0.05,0.79,CDR_AGG_PERSON_0954_PERSON_1108
PERSON_0628,PERSON,PERSON_1462,PERSON,CALLED,2024-11-26 21:52:34,0.05,0.61,CDR_AGG_PERSON_0628_PERSON_1462
PERSON_0139,PERSON,PERSON_0812,PERSON,CALLED,2024-02-25 22:19:42,0.05,0.48,CDR_AGG_PERSON_0139_PERSON_0812
PERSON_0883,PERSON,PERSON_1362,PERSON,CALLED,2025-05-17 01:48:10,0.05,0.8,CDR_AGG_PERSON_0883_PERSON_1362
PERSON_0319,PERSON,PERSON_0439,PERSON,CALLED,2025-06-29 07:17:08,0.05,0.66,CDR_AGG_PERSON_0319_PERSON_0439
PERSON_0241,PERSON,PERSON_0500,PERSON,CALLED,2025-06-20 11:52:50,0.05,0.71,CDR_AGG_PERSON_0241_PERSON_0500
PERSON_0265,PERSON,PERSON_0357,PERSON,CALLED,2024-02-09 15:12:23,0.05,0.7,CDR_AGG_PERSON_0265_PERSON_0357
PERSON_1020,PERSON,PERSON_1395,PERSON,CALLED,2025-03-22 10:23:59,0.05,0.62,CDR_AGG_PERSON_1020_PERSON_1395
PERSON_0094,PERSON,PERSON_0915,PERSON,CALLED,2024-09-18 19:25:08,0.05,0.75,CDR_AGG_PERSON_0094_PERSON_0915
PERSON_0007,PERSON,PERSON_0921,PERSON,CALLED,2026-02-22 18:49:36,0.05,0.57,CDR_AGG_PERSON_0007_PERSON_0921
PERSON_0603,PERSON,PERSON_1191,PERSON,CALLED,2024-04-30 23:28:34,0.05,0.83,CDR_AGG_PERSON_0603_PERSON_1191
PERSON_1076,PERSON,PERSON_1150,PERSON,CALLED,2024-11-12 01:01:00,0.05,0.81,CDR_AGG_PERSON_1076_PERSON_1150
PERSON_0222,PERSON,PERSON_0279,PERSON,CALLED,2025-09-09 02:08:27,0.05,0.56,CDR_AGG_PERSON_0222_PERSON_0279
PERSON_0322,PERSON,PERSON_0693,PERSON,CALLED,2024-04-09 20:43:28,0.05,0.49,CDR_AGG_PERSON_0322_PERSON_0693
PERSON_0960,PERSON,PERSON_1308,PERSON,CALLED,2025-03-09 00:26:11,0.05,0.48,CDR_AGG_PERSON_0960_PERSON_1308
PERSON_0079,PERSON,PERSON_1414,PERSON,CALLED,2024-10-25 09:34:35,0.05,0.55,CDR_AGG_PERSON_0079_PERSON_1414
PERSON_1451,PERSON,PERSON_1499,PERSON,CALLED,2024-10-05 02:06:41,0.05,0.63,CDR_AGG_PERSON_1451_PERSON_1499
PERSON_0456,PERSON,PERSON_1059,PERSON,CALLED,2024-06-06 19:32:05,0.05,0.61,CDR_AGG_PERSON_0456_PERSON_1059
PERSON_0246,PERSON,PERSON_0826,PERSON,CALLED,2026-01-28 09:01:56,0.05,0.54,CDR_AGG_PERSON_0246_PERSON_0826
PERSON_1032,PERSON,PERSON_1180,PERSON,CALLED,2025-07-30 06:26:13,0.05,0.57,CDR_AGG_PERSON_1032_PERSON_1180
PERSON_0111,PERSON,PERSON_0216,PERSON,CALLED,2024-05-20 09:11:09,0.05,0.83,CDR_AGG_PERSON_0111_PERSON_0216
PERSON_1176,PERSON,PERSON_1290,PERSON,CALLED,2024-02-23 10:16:49,0.05,0.64,CDR_AGG_PERSON_1176_PERSON_1290
PERSON_1039,PERSON,PERSON_1112,PERSON,CALLED,2024-11-08 19:31:13,0.05,0.83,CDR_AGG_PERSON_1039_PERSON_1112
PERSON_0421,PERSON,PERSON_0977,PERSON,CALLED,2026-02-18 01:21:07,0.05,0.69,CDR_AGG_PERSON_0421_PERSON_0977
PERSON_0241,PERSON,PERSON_1198,PERSON,CALLED,2025-07-24 04:33:15,0.05,0.69,CDR_AGG_PERSON_0241_PERSON_1198
PERSON_0580,PERSON,PERSON_0608,PERSON,CALLED,2025-09-11 16:18:38,0.05,0.47,CDR_AGG_PERSON_0580_PERSON_0608
PERSON_0439,PERSON,PERSON_1396,PERSON,CALLED,2026-05-02 10:52:09,0.1,0.42,CDR_AGG_PERSON_0439_PERSON_1396
PERSON_0008,PERSON,PERSON_0347,PERSON,CALLED,2025-03-08 12:14:04,0.05,0.52,CDR_AGG_PERSON_0008_PERSON_0347
PERSON_0311,PERSON,PERSON_1411,PERSON,CALLED,2024-02-15 22:16:00,0.05,0.43,CDR_AGG_PERSON_0311_PERSON_1411
PERSON_0647,PERSON,PERSON_0911,PERSON,CALLED,2024-04-13 05:31:27,0.05,0.76,CDR_AGG_PERSON_0647_PERSON_0911
PERSON_1175,PERSON,PERSON_1245,PERSON,CALLED,2026-02-04 00:16:06,0.05,0.72,CDR_AGG_PERSON_1175_PERSON_1245
PERSON_0601,PERSON,PERSON_1258,PERSON,CALLED,2025-03-09 17:19:45,0.05,0.63,CDR_AGG_PERSON_0601_PERSON_1258
PERSON_0109,PERSON,PERSON_0752,PERSON,CALLED,2024-07-04 10:15:36,0.05,0.45,CDR_AGG_PERSON_0109_PERSON_0752
PERSON_0244,PERSON,PERSON_0758,PERSON,CALLED,2025-05-05 21:17:09,0.05,0.83,CDR_AGG_PERSON_0244_PERSON_0758
PERSON_0465,PERSON,PERSON_1014,PERSON,CALLED,2025-03-05 06:52:27,0.05,0.44,CDR_AGG_PERSON_0465_PERSON_1014
PERSON_0178,PERSON,PERSON_0549,PERSON,CALLED,2024-11-06 12:30:08,0.05,0.6,CDR_AGG_PERSON_0178_PERSON_0549
PERSON_0514,PERSON,PERSON_1044,PERSON,CALLED,2025-03-21 12:32:07,0.05,0.64,CDR_AGG_PERSON_0514_PERSON_1044
PERSON_1081,PERSON,PERSON_1229,PERSON,CALLED,2025-04-07 08:39:09,0.05,0.66,CDR_AGG_PERSON_1081_PERSON_1229
PERSON_0988,PERSON,PERSON_1106,PERSON,CALLED,2024-03-16 17:44:12,0.05,0.5,CDR_AGG_PERSON_0988_PERSON_1106
PERSON_1204,PERSON,PERSON_1414,PERSON,CALLED,2025-12-09 03:37:03,0.05,0.71,CDR_AGG_PERSON_1204_PERSON_1414
PERSON_1143,PERSON,PERSON_1235,PERSON,CALLED,2025-10-11 03:01:21,0.05,0.59,CDR_AGG_PERSON_1143_PERSON_1235
PERSON_0609,PERSON,PERSON_0787,PERSON,CALLED,2026-01-01 10:33:54,0.05,0.48,CDR_AGG_PERSON_0609_PERSON_0787
PERSON_0774,PERSON,PERSON_1145,PERSON,CALLED,2024-01-18 07:58:00,0.05,0.6,CDR_AGG_PERSON_0774_PERSON_1145
PERSON_0630,PERSON,PERSON_1223,PERSON,CALLED,2025-01-01 23:57:52,0.05,0.76,CDR_AGG_PERSON_0630_PERSON_1223
PERSON_0288,PERSON,PERSON_0293,PERSON,CALLED,2024-12-22 03:36:13,0.05,0.7,CDR_AGG_PERSON_0288_PERSON_0293
PERSON_1159,PERSON,PERSON_1311,PERSON,CALLED,2025-01-24 13:17:07,0.05,0.56,CDR_AGG_PERSON_1159_PERSON_1311
PERSON_0359,PERSON,PERSON_1143,PERSON,CALLED,2025-01-04 21:55:29,0.05,0.78,CDR_AGG_PERSON_0359_PERSON_1143
PERSON_0246,PERSON,PERSON_1378,PERSON,CALLED,2026-06-08 18:30:02,0.05,0.43,CDR_AGG_PERSON_0246_PERSON_1378
PERSON_0321,PERSON,PERSON_1045,PERSON,CALLED,2025-09-14 05:39:34,0.05,0.53,CDR_AGG_PERSON_0321_PERSON_1045
PERSON_0851,PERSON,PERSON_1243,PERSON,CALLED,2024-09-03 05:10:22,0.05,0.81,CDR_AGG_PERSON_0851_PERSON_1243
PERSON_0804,PERSON,PERSON_0891,PERSON,CALLED,2026-04-10 14:51:13,0.05,0.5,CDR_AGG_PERSON_0804_PERSON_0891
PERSON_0225,PERSON,PERSON_1350,PERSON,CALLED,2024-11-11 23:02:50,0.05,0.42,CDR_AGG_PERSON_0225_PERSON_1350
PERSON_0418,PERSON,PERSON_1215,PERSON,CALLED,2024-10-31 04:17:53,0.05,0.56,CDR_AGG_PERSON_0418_PERSON_1215
PERSON_0358,PERSON,PERSON_0864,PERSON,CALLED,2024-12-04 21:30:27,0.05,0.59,CDR_AGG_PERSON_0358_PERSON_0864
PERSON_0399,PERSON,PERSON_1307,PERSON,CALLED,2026-04-16 09:07:21,0.05,0.44,CDR_AGG_PERSON_0399_PERSON_1307
PERSON_0549,PERSON,PERSON_0768,PERSON,CALLED,2025-05-07 07:06:09,0.05,0.82,CDR_AGG_PERSON_0549_PERSON_0768
PERSON_0640,PERSON,PERSON_1288,PERSON,CALLED,2026-03-06 06:54:04,0.05,0.8,CDR_AGG_PERSON_0640_PERSON_1288
PERSON_0547,PERSON,PERSON_1361,PERSON,CALLED,2024-03-02 00:05:52,0.05,0.46,CDR_AGG_PERSON_0547_PERSON_1361
PERSON_1120,PERSON,PERSON_1176,PERSON,CALLED,2025-12-07 01:32:24,0.05,0.77,CDR_AGG_PERSON_1120_PERSON_1176
PERSON_0335,PERSON,PERSON_1060,PERSON,CALLED,2024-01-31 15:41:54,0.05,0.56,CDR_AGG_PERSON_0335_PERSON_1060
PERSON_0076,PERSON,PERSON_1492,PERSON,CALLED,2026-01-16 19:29:54,0.05,0.71,CDR_AGG_PERSON_0076_PERSON_1492
PERSON_1052,PERSON,PERSON_1350,PERSON,CALLED,2025-03-06 09:04:07,0.05,0.8,CDR_AGG_PERSON_1052_PERSON_1350
PERSON_0867,PERSON,PERSON_1448,PERSON,CALLED,2026-05-16 15:46:55,0.05,0.64,CDR_AGG_PERSON_0867_PERSON_1448
PERSON_0246,PERSON,PERSON_1107,PERSON,CALLED,2026-06-24 21:06:48,0.05,0.41,CDR_AGG_PERSON_0246_PERSON_1107
PERSON_0375,PERSON,PERSON_0588,PERSON,CALLED,2026-03-23 16:59:33,0.05,0.72,CDR_AGG_PERSON_0375_PERSON_0588
PERSON_0033,PERSON,PERSON_0544,PERSON,CALLED,2025-07-18 10:30:56,0.05,0.63,CDR_AGG_PERSON_0033_PERSON_0544
PERSON_0047,PERSON,PERSON_1417,PERSON,CALLED,2026-02-17 02:20:42,0.05,0.79,CDR_AGG_PERSON_0047_PERSON_1417
PERSON_0935,PERSON,PERSON_0951,PERSON,CALLED,2025-08-06 16:49:42,0.05,0.84,CDR_AGG_PERSON_0935_PERSON_0951
PERSON_0764,PERSON,PERSON_0988,PERSON,CALLED,2024-07-13 01:13:20,0.05,0.42,CDR_AGG_PERSON_0764_PERSON_0988
PERSON_0744,PERSON,PERSON_1257,PERSON,CALLED,2026-01-06 15:07:23,0.05,0.64,CDR_AGG_PERSON_0744_PERSON_1257
PERSON_0397,PERSON,PERSON_0703,PERSON,CALLED,2025-12-01 04:24:04,0.05,0.44,CDR_AGG_PERSON_0397_PERSON_0703
PERSON_0859,PERSON,PERSON_1275,PERSON,CALLED,2026-05-08 09:14:47,0.05,0.54,CDR_AGG_PERSON_0859_PERSON_1275
PERSON_0035,PERSON,PERSON_1256,PERSON,CALLED,2024-12-24 19:13:46,0.05,0.56,CDR_AGG_PERSON_0035_PERSON_1256
PERSON_0640,PERSON,PERSON_0808,PERSON,CALLED,2026-03-24 21:07:26,0.05,0.54,CDR_AGG_PERSON_0640_PERSON_0808
PERSON_0564,PERSON,PERSON_1178,PERSON,CALLED,2026-06-05 17:45:32,0.05,0.4,CDR_AGG_PERSON_0564_PERSON_1178
PERSON_0370,PERSON,PERSON_0868,PERSON,CALLED,2025-10-08 08:28:09,0.05,0.65,CDR_AGG_PERSON_0370_PERSON_0868
PERSON_0662,PERSON,PERSON_0686,PERSON,CALLED,2024-10-11 01:51:09,0.05,0.47,CDR_AGG_PERSON_0662_PERSON_0686
PERSON_0470,PERSON,PERSON_0792,PERSON,CALLED,2026-05-24 18:57:24,0.05,0.55,CDR_AGG_PERSON_0470_PERSON_0792
PERSON_0216,PERSON,PERSON_0350,PERSON,CALLED,2024-11-04 14:26:51,0.05,0.75,CDR_AGG_PERSON_0216_PERSON_0350
PERSON_0395,PERSON,PERSON_1208,PERSON,CALLED,2024-01-28 04:19:34,0.05,0.53,CDR_AGG_PERSON_0395_PERSON_1208
PERSON_0309,PERSON,PERSON_0787,PERSON,CALLED,2025-09-13 08:08:45,0.05,0.42,CDR_AGG_PERSON_0309_PERSON_0787
PERSON_0472,PERSON,PERSON_1138,PERSON,CALLED,2024-07-09 15:48:57,0.05,0.4,CDR_AGG_PERSON_0472_PERSON_1138
PERSON_0422,PERSON,PERSON_1453,PERSON,CALLED,2025-01-25 15:17:49,0.05,0.53,CDR_AGG_PERSON_0422_PERSON_1453
PERSON_0928,PERSON,PERSON_1120,PERSON,CALLED,2024-05-14 01:19:53,0.05,0.79,CDR_AGG_PERSON_0928_PERSON_1120
PERSON_0174,PERSON,PERSON_0235,PERSON,CALLED,2025-07-11 07:09:44,0.05,0.84,CDR_AGG_PERSON_0174_PERSON_0235
PERSON_0833,PERSON,PERSON_1139,PERSON,CALLED,2024-10-20 18:36:13,0.05,0.4,CDR_AGG_PERSON_0833_PERSON_1139
PERSON_0737,PERSON,PERSON_1116,PERSON,CALLED,2026-06-04 02:03:52,0.05,0.73,CDR_AGG_PERSON_0737_PERSON_1116
PERSON_0577,PERSON,PERSON_1413,PERSON,CALLED,2024-05-22 14:06:54,0.05,0.59,CDR_AGG_PERSON_0577_PERSON_1413
PERSON_0858,PERSON,PERSON_1380,PERSON,CALLED,2026-06-04 05:39:25,0.1,0.6,CDR_AGG_PERSON_0858_PERSON_1380
PERSON_1231,PERSON,PERSON_1409,PERSON,CALLED,2025-04-09 18:43:13,0.05,0.79,CDR_AGG_PERSON_1231_PERSON_1409
PERSON_0942,PERSON,PERSON_0989,PERSON,CALLED,2024-05-24 14:01:59,0.05,0.59,CDR_AGG_PERSON_0942_PERSON_0989
PERSON_0150,PERSON,PERSON_1347,PERSON,CALLED,2025-08-13 09:44:47,0.05,0.69,CDR_AGG_PERSON_0150_PERSON_1347
PERSON_0209,PERSON,PERSON_1079,PERSON,CALLED,2025-02-21 07:25:05,0.05,0.57,CDR_AGG_PERSON_0209_PERSON_1079
PERSON_0424,PERSON,PERSON_0817,PERSON,CALLED,2025-12-30 23:38:10,0.05,0.65,CDR_AGG_PERSON_0424_PERSON_0817
PERSON_0752,PERSON,PERSON_1282,PERSON,CALLED,2026-01-15 07:36:59,0.05,0.77,CDR_AGG_PERSON_0752_PERSON_1282
PERSON_1178,PERSON,PERSON_1252,PERSON,CALLED,2026-06-27 00:08:53,0.05,0.6,CDR_AGG_PERSON_1178_PERSON_1252
PERSON_0608,PERSON,PERSON_1354,PERSON,CALLED,2026-05-16 00:24:30,0.05,0.62,CDR_AGG_PERSON_0608_PERSON_1354
PERSON_0582,PERSON,PERSON_0690,PERSON,CALLED,2024-02-17 03:54:44,0.05,0.47,CDR_AGG_PERSON_0582_PERSON_0690
PERSON_0424,PERSON,PERSON_0541,PERSON,CALLED,2025-05-20 14:16:29,0.05,0.62,CDR_AGG_PERSON_0424_PERSON_0541
PERSON_0792,PERSON,PERSON_0819,PERSON,CALLED,2024-11-02 19:25:03,0.05,0.53,CDR_AGG_PERSON_0792_PERSON_0819
PERSON_0603,PERSON,PERSON_1158,PERSON,CALLED,2024-07-02 21:34:56,0.05,0.79,CDR_AGG_PERSON_0603_PERSON_1158
PERSON_0667,PERSON,PERSON_1255,PERSON,CALLED,2024-07-08 08:35:31,0.05,0.41,CDR_AGG_PERSON_0667_PERSON_1255
PERSON_0986,PERSON,PERSON_1291,PERSON,CALLED,2025-04-30 12:44:50,0.05,0.58,CDR_AGG_PERSON_0986_PERSON_1291
PERSON_0134,PERSON,PERSON_0283,PERSON,CALLED,2025-06-19 20:12:47,0.05,0.51,CDR_AGG_PERSON_0134_PERSON_0283
PERSON_0446,PERSON,PERSON_1184,PERSON,CALLED,2026-03-16 19:58:08,0.05,0.56,CDR_AGG_PERSON_0446_PERSON_1184
PERSON_1158,PERSON,PERSON_1242,PERSON,CALLED,2025-08-16 19:25:51,0.05,0.64,CDR_AGG_PERSON_1158_PERSON_1242
PERSON_0783,PERSON,PERSON_1229,PERSON,CALLED,2025-11-23 00:22:39,0.05,0.77,CDR_AGG_PERSON_0783_PERSON_1229
PERSON_0127,PERSON,PERSON_0790,PERSON,CALLED,2025-11-15 18:55:20,0.05,0.51,CDR_AGG_PERSON_0127_PERSON_0790
PERSON_0098,PERSON,PERSON_1074,PERSON,CALLED,2025-02-09 01:40:39,0.05,0.68,CDR_AGG_PERSON_0098_PERSON_1074
PERSON_0272,PERSON,PERSON_1413,PERSON,CALLED,2026-03-03 06:01:31,0.05,0.62,CDR_AGG_PERSON_0272_PERSON_1413
PERSON_1006,PERSON,PERSON_1112,PERSON,CALLED,2024-12-18 08:19:18,0.05,0.59,CDR_AGG_PERSON_1006_PERSON_1112
PERSON_0030,PERSON,PERSON_0309,PERSON,CALLED,2026-03-04 14:02:54,0.05,0.49,CDR_AGG_PERSON_0030_PERSON_0309
PERSON_0164,PERSON,PERSON_0808,PERSON,CALLED,2024-03-30 18:30:00,0.05,0.55,CDR_AGG_PERSON_0164_PERSON_0808
PERSON_0026,PERSON,PERSON_1344,PERSON,CALLED,2026-02-22 11:22:52,0.05,0.69,CDR_AGG_PERSON_0026_PERSON_1344
PERSON_0331,PERSON,PERSON_0721,PERSON,CALLED,2025-08-16 06:07:15,0.05,0.57,CDR_AGG_PERSON_0331_PERSON_0721
PERSON_0681,PERSON,PERSON_1357,PERSON,CALLED,2026-04-18 05:21:54,0.05,0.43,CDR_AGG_PERSON_0681_PERSON_1357
PERSON_0113,PERSON,PERSON_1461,PERSON,CALLED,2025-07-02 01:24:37,0.1,0.66,CDR_AGG_PERSON_0113_PERSON_1461
PERSON_0024,PERSON,PERSON_0091,PERSON,CALLED,2026-06-11 22:02:15,0.05,0.61,CDR_AGG_PERSON_0024_PERSON_0091
PERSON_0620,PERSON,PERSON_1166,PERSON,CALLED,2025-02-27 16:30:32,0.05,0.44,CDR_AGG_PERSON_0620_PERSON_1166
PERSON_0187,PERSON,PERSON_1077,PERSON,CALLED,2025-11-04 17:08:28,0.05,0.58,CDR_AGG_PERSON_0187_PERSON_1077
PERSON_0681,PERSON,PERSON_1016,PERSON,CALLED,2024-06-25 17:05:42,0.05,0.61,CDR_AGG_PERSON_0681_PERSON_1016
PERSON_0991,PERSON,PERSON_1466,PERSON,CALLED,2025-07-28 16:33:09,0.05,0.52,CDR_AGG_PERSON_0991_PERSON_1466
PERSON_0376,PERSON,PERSON_1348,PERSON,CALLED,2024-06-10 19:12:59,0.05,0.43,CDR_AGG_PERSON_0376_PERSON_1348
PERSON_0323,PERSON,PERSON_0410,PERSON,CALLED,2024-12-01 01:26:34,0.1,0.62,CDR_AGG_PERSON_0323_PERSON_0410
PERSON_1331,PERSON,PERSON_1439,PERSON,CALLED,2024-09-28 13:20:23,0.05,0.56,CDR_AGG_PERSON_1331_PERSON_1439
PERSON_0922,PERSON,PERSON_1141,PERSON,CALLED,2026-03-16 07:10:10,0.05,0.41,CDR_AGG_PERSON_0922_PERSON_1141
PERSON_0188,PERSON,PERSON_1440,PERSON,CALLED,2026-06-15 06:36:02,0.05,0.75,CDR_AGG_PERSON_0188_PERSON_1440
PERSON_0103,PERSON,PERSON_0682,PERSON,CALLED,2024-08-16 00:58:03,0.05,0.56,CDR_AGG_PERSON_0103_PERSON_0682
PERSON_0169,PERSON,PERSON_0741,PERSON,CALLED,2024-08-11 16:00:35,0.05,0.82,CDR_AGG_PERSON_0169_PERSON_0741
PERSON_0212,PERSON,PERSON_0996,PERSON,CALLED,2025-03-13 19:32:39,0.05,0.67,CDR_AGG_PERSON_0212_PERSON_0996
PERSON_0207,PERSON,PERSON_0876,PERSON,CALLED,2024-12-31 06:26:44,0.05,0.44,CDR_AGG_PERSON_0207_PERSON_0876
PERSON_0626,PERSON,PERSON_0775,PERSON,CALLED,2026-01-30 13:22:40,0.05,0.82,CDR_AGG_PERSON_0626_PERSON_0775
PERSON_0369,PERSON,PERSON_1490,PERSON,CALLED,2026-01-19 01:53:44,0.05,0.77,CDR_AGG_PERSON_0369_PERSON_1490
PERSON_0027,PERSON,PERSON_0811,PERSON,CALLED,2026-04-15 23:51:22,0.05,0.79,CDR_AGG_PERSON_0027_PERSON_0811
PERSON_0581,PERSON,PERSON_1064,PERSON,CALLED,2025-01-07 15:17:36,0.05,0.46,CDR_AGG_PERSON_0581_PERSON_1064
PERSON_0179,PERSON,PERSON_0210,PERSON,CALLED,2024-08-23 12:40:29,0.05,0.77,CDR_AGG_PERSON_0179_PERSON_0210
PERSON_0189,PERSON,PERSON_0557,PERSON,CALLED,2026-06-03 23:57:38,0.05,0.81,CDR_AGG_PERSON_0189_PERSON_0557
PERSON_0824,PERSON,PERSON_1140,PERSON,CALLED,2025-06-23 18:10:18,0.05,0.41,CDR_AGG_PERSON_0824_PERSON_1140
PERSON_0472,PERSON,PERSON_0821,PERSON,CALLED,2024-09-09 03:17:05,0.05,0.66,CDR_AGG_PERSON_0472_PERSON_0821
PERSON_0003,PERSON,PERSON_0250,PERSON,CALLED,2026-02-24 12:52:23,0.05,0.57,CDR_AGG_PERSON_0003_PERSON_0250
PERSON_1074,PERSON,PERSON_1105,PERSON,CALLED,2025-10-15 19:39:53,0.05,0.43,CDR_AGG_PERSON_1074_PERSON_1105
PERSON_0161,PERSON,PERSON_0994,PERSON,CALLED,2026-03-20 03:59:55,0.05,0.61,CDR_AGG_PERSON_0161_PERSON_0994
PERSON_0555,PERSON,PERSON_0786,PERSON,CALLED,2026-05-13 05:05:42,0.05,0.45,CDR_AGG_PERSON_0555_PERSON_0786
PERSON_0072,PERSON,PERSON_0611,PERSON,CALLED,2024-12-31 04:10:48,0.05,0.73,CDR_AGG_PERSON_0072_PERSON_0611
PERSON_0335,PERSON,PERSON_0408,PERSON,CALLED,2024-10-18 19:52:14,0.05,0.77,CDR_AGG_PERSON_0335_PERSON_0408
PERSON_0034,PERSON,PERSON_0133,PERSON,CALLED,2024-11-05 09:46:25,0.05,0.66,CDR_AGG_PERSON_0034_PERSON_0133
PERSON_0425,PERSON,PERSON_1136,PERSON,CALLED,2025-06-17 12:25:05,0.05,0.58,CDR_AGG_PERSON_0425_PERSON_1136
PERSON_0197,PERSON,PERSON_0866,PERSON,CALLED,2025-05-21 14:31:32,0.05,0.75,CDR_AGG_PERSON_0197_PERSON_0866
PERSON_0870,PERSON,PERSON_1280,PERSON,CALLED,2025-03-17 11:02:13,0.05,0.63,CDR_AGG_PERSON_0870_PERSON_1280
PERSON_0662,PERSON,PERSON_1348,PERSON,CALLED,2026-02-24 09:33:06,0.05,0.55,CDR_AGG_PERSON_0662_PERSON_1348
PERSON_0568,PERSON,PERSON_1072,PERSON,CALLED,2025-03-07 03:32:13,0.05,0.79,CDR_AGG_PERSON_0568_PERSON_1072
PERSON_0844,PERSON,PERSON_0917,PERSON,CALLED,2025-01-19 03:14:17,0.05,0.64,CDR_AGG_PERSON_0844_PERSON_0917
PERSON_0490,PERSON,PERSON_1296,PERSON,CALLED,2025-01-07 04:44:13,0.05,0.47,CDR_AGG_PERSON_0490_PERSON_1296
PERSON_1286,PERSON,PERSON_1462,PERSON,CALLED,2026-04-26 06:05:14,0.05,0.81,CDR_AGG_PERSON_1286_PERSON_1462
PERSON_0102,PERSON,PERSON_0724,PERSON,CALLED,2024-01-10 12:32:04,0.05,0.51,CDR_AGG_PERSON_0102_PERSON_0724
PERSON_0137,PERSON,PERSON_0601,PERSON,CALLED,2024-08-02 01:29:42,0.05,0.75,CDR_AGG_PERSON_0137_PERSON_0601
PERSON_0354,PERSON,PERSON_0803,PERSON,CALLED,2024-12-19 19:57:11,0.05,0.79,CDR_AGG_PERSON_0354_PERSON_0803
PERSON_0999,PERSON,PERSON_1236,PERSON,CALLED,2025-09-08 22:19:04,0.1,0.64,CDR_AGG_PERSON_0999_PERSON_1236
PERSON_0638,PERSON,PERSON_0715,PERSON,CALLED,2025-03-06 10:54:16,0.05,0.5,CDR_AGG_PERSON_0638_PERSON_0715
PERSON_0254,PERSON,PERSON_0285,PERSON,CALLED,2024-07-16 13:43:46,0.05,0.78,CDR_AGG_PERSON_0254_PERSON_0285
PERSON_0630,PERSON,PERSON_0741,PERSON,CALLED,2025-01-30 17:44:45,0.05,0.56,CDR_AGG_PERSON_0630_PERSON_0741
PERSON_1124,PERSON,PERSON_1407,PERSON,CALLED,2025-03-29 21:42:03,0.05,0.85,CDR_AGG_PERSON_1124_PERSON_1407
PERSON_0246,PERSON,PERSON_0543,PERSON,CALLED,2025-11-18 16:07:01,0.05,0.69,CDR_AGG_PERSON_0246_PERSON_0543
PERSON_0200,PERSON,PERSON_0837,PERSON,CALLED,2025-09-20 15:41:33,0.05,0.5,CDR_AGG_PERSON_0200_PERSON_0837
PERSON_0094,PERSON,PERSON_0875,PERSON,CALLED,2025-05-21 17:36:07,0.05,0.43,CDR_AGG_PERSON_0094_PERSON_0875
PERSON_0705,PERSON,PERSON_0828,PERSON,CALLED,2024-01-14 14:10:37,0.05,0.42,CDR_AGG_PERSON_0705_PERSON_0828
PERSON_1337,PERSON,PERSON_1426,PERSON,CALLED,2026-05-24 21:26:37,0.05,0.64,CDR_AGG_PERSON_1337_PERSON_1426
PERSON_1161,PERSON,PERSON_1349,PERSON,CALLED,2024-11-11 02:04:07,0.05,0.67,CDR_AGG_PERSON_1161_PERSON_1349
PERSON_0337,PERSON,PERSON_0766,PERSON,CALLED,2025-11-30 21:56:58,0.05,0.53,CDR_AGG_PERSON_0337_PERSON_0766
PERSON_0323,PERSON,PERSON_1460,PERSON,CALLED,2024-03-27 14:39:52,0.05,0.85,CDR_AGG_PERSON_0323_PERSON_1460
PERSON_1073,PERSON,PERSON_1374,PERSON,CALLED,2025-11-29 02:22:29,0.05,0.56,CDR_AGG_PERSON_1073_PERSON_1374
PERSON_0733,PERSON,PERSON_1368,PERSON,CALLED,2026-04-12 17:03:54,0.05,0.83,CDR_AGG_PERSON_0733_PERSON_1368
PERSON_0148,PERSON,PERSON_0203,PERSON,CALLED,2025-12-03 21:24:24,0.05,0.52,CDR_AGG_PERSON_0148_PERSON_0203
PERSON_0827,PERSON,PERSON_0869,PERSON,CALLED,2026-06-21 09:37:14,0.05,0.57,CDR_AGG_PERSON_0827_PERSON_0869
PERSON_0080,PERSON,PERSON_0923,PERSON,CALLED,2026-03-28 12:48:19,0.05,0.62,CDR_AGG_PERSON_0080_PERSON_0923
PERSON_0681,PERSON,PERSON_1241,PERSON,CALLED,2024-03-04 07:03:23,0.05,0.83,CDR_AGG_PERSON_0681_PERSON_1241
PERSON_0109,PERSON,PERSON_1208,PERSON,CALLED,2026-04-29 11:25:15,0.05,0.69,CDR_AGG_PERSON_0109_PERSON_1208
PERSON_0284,PERSON,PERSON_0569,PERSON,CALLED,2024-01-27 14:46:06,0.05,0.77,CDR_AGG_PERSON_0284_PERSON_0569
PERSON_0153,PERSON,PERSON_0596,PERSON,CALLED,2026-03-11 23:36:58,0.05,0.49,CDR_AGG_PERSON_0153_PERSON_0596
PERSON_1320,PERSON,PERSON_1372,PERSON,CALLED,2025-05-06 12:54:48,0.05,0.44,CDR_AGG_PERSON_1320_PERSON_1372
PERSON_0237,PERSON,PERSON_1440,PERSON,CALLED,2025-11-19 16:00:26,0.05,0.42,CDR_AGG_PERSON_0237_PERSON_1440
PERSON_0643,PERSON,PERSON_1171,PERSON,CALLED,2026-04-28 09:17:50,0.05,0.47,CDR_AGG_PERSON_0643_PERSON_1171
PERSON_0299,PERSON,PERSON_1355,PERSON,CALLED,2025-02-02 21:34:43,0.05,0.82,CDR_AGG_PERSON_0299_PERSON_1355
PERSON_0224,PERSON,PERSON_0300,PERSON,CALLED,2024-06-15 16:49:34,0.05,0.58,CDR_AGG_PERSON_0224_PERSON_0300
PERSON_0261,PERSON,PERSON_1350,PERSON,CALLED,2025-07-10 03:48:49,0.05,0.85,CDR_AGG_PERSON_0261_PERSON_1350
PERSON_0118,PERSON,PERSON_1149,PERSON,CALLED,2025-02-05 10:01:59,0.05,0.4,CDR_AGG_PERSON_0118_PERSON_1149
PERSON_0291,PERSON,PERSON_0299,PERSON,CALLED,2025-06-26 04:13:49,0.05,0.56,CDR_AGG_PERSON_0291_PERSON_0299
PERSON_0332,PERSON,PERSON_0356,PERSON,CALLED,2026-05-08 03:44:31,0.05,0.62,CDR_AGG_PERSON_0332_PERSON_0356
PERSON_1268,PERSON,PERSON_1481,PERSON,CALLED,2025-05-05 22:39:53,0.05,0.62,CDR_AGG_PERSON_1268_PERSON_1481
PERSON_0168,PERSON,PERSON_0190,PERSON,CALLED,2025-06-03 20:44:01,0.05,0.41,CDR_AGG_PERSON_0168_PERSON_0190
PERSON_0834,PERSON,PERSON_0894,PERSON,CALLED,2026-04-24 08:11:28,0.05,0.8,CDR_AGG_PERSON_0834_PERSON_0894
PERSON_0038,PERSON,PERSON_1106,PERSON,CALLED,2024-07-25 13:20:07,0.05,0.78,CDR_AGG_PERSON_0038_PERSON_1106
PERSON_1395,PERSON,PERSON_1443,PERSON,CALLED,2024-10-23 01:13:16,0.05,0.54,CDR_AGG_PERSON_1395_PERSON_1443
PERSON_1041,PERSON,PERSON_1200,PERSON,CALLED,2025-04-18 19:04:50,0.05,0.7,CDR_AGG_PERSON_1041_PERSON_1200
PERSON_0354,PERSON,PERSON_1394,PERSON,CALLED,2024-01-21 11:41:53,0.05,0.83,CDR_AGG_PERSON_0354_PERSON_1394
PERSON_0447,PERSON,PERSON_0481,PERSON,CALLED,2025-03-30 16:59:32,0.05,0.85,CDR_AGG_PERSON_0447_PERSON_0481
PERSON_0353,PERSON,PERSON_0847,PERSON,CALLED,2024-07-27 10:53:29,0.05,0.71,CDR_AGG_PERSON_0353_PERSON_0847
PERSON_0291,PERSON,PERSON_1345,PERSON,CALLED,2025-04-25 08:43:03,0.05,0.54,CDR_AGG_PERSON_0291_PERSON_1345
PERSON_0072,PERSON,PERSON_1396,PERSON,CALLED,2026-06-27 08:55:46,0.05,0.78,CDR_AGG_PERSON_0072_PERSON_1396
PERSON_0537,PERSON,PERSON_1344,PERSON,CALLED,2024-07-05 12:47:41,0.05,0.7,CDR_AGG_PERSON_0537_PERSON_1344
PERSON_0669,PERSON,PERSON_0731,PERSON,CALLED,2025-09-23 21:15:40,0.05,0.43,CDR_AGG_PERSON_0669_PERSON_0731
PERSON_0121,PERSON,PERSON_0487,PERSON,CALLED,2026-04-27 15:10:23,0.05,0.5,CDR_AGG_PERSON_0121_PERSON_0487
PERSON_0246,PERSON,PERSON_1141,PERSON,CALLED,2024-08-23 17:09:57,0.05,0.52,CDR_AGG_PERSON_0246_PERSON_1141
PERSON_0563,PERSON,PERSON_0846,PERSON,CALLED,2024-11-10 06:15:51,0.05,0.72,CDR_AGG_PERSON_0563_PERSON_0846
PERSON_0564,PERSON,PERSON_1348,PERSON,CALLED,2025-09-25 17:02:52,0.05,0.57,CDR_AGG_PERSON_0564_PERSON_1348
PERSON_0178,PERSON,PERSON_0466,PERSON,CALLED,2024-03-26 17:20:51,0.05,0.6,CDR_AGG_PERSON_0178_PERSON_0466
PERSON_0989,PERSON,PERSON_1383,PERSON,CALLED,2024-06-26 11:20:28,0.05,0.66,CDR_AGG_PERSON_0989_PERSON_1383
PERSON_0966,PERSON,PERSON_1416,PERSON,CALLED,2024-01-24 22:35:47,0.05,0.7,CDR_AGG_PERSON_0966_PERSON_1416
PERSON_0307,PERSON,PERSON_1234,PERSON,CALLED,2025-09-12 08:35:53,0.05,0.43,CDR_AGG_PERSON_0307_PERSON_1234
PERSON_1093,PERSON,PERSON_1452,PERSON,CALLED,2024-08-22 13:27:33,0.05,0.54,CDR_AGG_PERSON_1093_PERSON_1452
PERSON_0564,PERSON,PERSON_0644,PERSON,CALLED,2025-03-10 19:24:51,0.05,0.78,CDR_AGG_PERSON_0564_PERSON_0644
PERSON_0184,PERSON,PERSON_0212,PERSON,CALLED,2024-04-04 06:01:41,0.05,0.71,CDR_AGG_PERSON_0184_PERSON_0212
PERSON_1170,PERSON,PERSON_1399,PERSON,CALLED,2026-01-25 05:43:48,0.05,0.56,CDR_AGG_PERSON_1170_PERSON_1399
PERSON_0380,PERSON,PERSON_0790,PERSON,CALLED,2024-02-25 01:23:23,0.05,0.61,CDR_AGG_PERSON_0380_PERSON_0790
PERSON_0920,PERSON,PERSON_1288,PERSON,CALLED,2026-04-28 18:30:50,0.05,0.53,CDR_AGG_PERSON_0920_PERSON_1288
PERSON_0067,PERSON,PERSON_0934,PERSON,CALLED,2025-08-24 13:22:37,0.05,0.55,CDR_AGG_PERSON_0067_PERSON_0934
PERSON_0280,PERSON,PERSON_0931,PERSON,CALLED,2024-01-30 08:57:33,0.05,0.76,CDR_AGG_PERSON_0280_PERSON_0931
PERSON_0073,PERSON,PERSON_0118,PERSON,CALLED,2024-11-13 14:12:30,0.05,0.75,CDR_AGG_PERSON_0073_PERSON_0118
PERSON_0753,PERSON,PERSON_1078,PERSON,CALLED,2025-07-01 22:07:47,0.05,0.58,CDR_AGG_PERSON_0753_PERSON_1078
PERSON_0642,PERSON,PERSON_0708,PERSON,CALLED,2024-09-04 17:22:34,0.05,0.73,CDR_AGG_PERSON_0642_PERSON_0708
PERSON_0280,PERSON,PERSON_0943,PERSON,CALLED,2024-07-11 19:00:57,0.05,0.43,CDR_AGG_PERSON_0280_PERSON_0943
PERSON_0806,PERSON,PERSON_1140,PERSON,CALLED,2025-02-19 07:37:40,0.05,0.76,CDR_AGG_PERSON_0806_PERSON_1140
PERSON_0470,PERSON,PERSON_0746,PERSON,CALLED,2025-04-06 17:12:55,0.05,0.54,CDR_AGG_PERSON_0470_PERSON_0746
PERSON_0862,PERSON,PERSON_1160,PERSON,CALLED,2024-06-28 11:03:02,0.05,0.74,CDR_AGG_PERSON_0862_PERSON_1160
PERSON_0431,PERSON,PERSON_1473,PERSON,CALLED,2026-05-16 07:06:56,0.05,0.74,CDR_AGG_PERSON_0431_PERSON_1473
PERSON_0011,PERSON,PERSON_0722,PERSON,CALLED,2024-07-17 04:36:15,0.05,0.72,CDR_AGG_PERSON_0011_PERSON_0722
PERSON_0430,PERSON,PERSON_0814,PERSON,CALLED,2025-06-10 13:46:34,0.05,0.59,CDR_AGG_PERSON_0430_PERSON_0814
PERSON_0731,PERSON,PERSON_1033,PERSON,CALLED,2024-12-29 12:46:21,0.05,0.77,CDR_AGG_PERSON_0731_PERSON_1033
PERSON_0185,PERSON,PERSON_1428,PERSON,CALLED,2024-11-30 04:51:10,0.05,0.74,CDR_AGG_PERSON_0185_PERSON_1428
PERSON_0127,PERSON,PERSON_0962,PERSON,CALLED,2025-01-16 22:27:55,0.05,0.5,CDR_AGG_PERSON_0127_PERSON_0962
PERSON_0979,PERSON,PERSON_1391,PERSON,CALLED,2024-03-15 13:19:50,0.05,0.5,CDR_AGG_PERSON_0979_PERSON_1391
PERSON_0672,PERSON,PERSON_1140,PERSON,CALLED,2024-07-05 19:57:40,0.05,0.51,CDR_AGG_PERSON_0672_PERSON_1140
PERSON_0818,PERSON,PERSON_1185,PERSON,CALLED,2025-05-21 02:03:15,0.05,0.47,CDR_AGG_PERSON_0818_PERSON_1185
PERSON_0508,PERSON,PERSON_0516,PERSON,CALLED,2024-12-27 19:17:32,0.05,0.63,CDR_AGG_PERSON_0508_PERSON_0516
PERSON_0445,PERSON,PERSON_0663,PERSON,CALLED,2024-05-22 06:39:15,0.05,0.54,CDR_AGG_PERSON_0445_PERSON_0663
PERSON_0059,PERSON,PERSON_0496,PERSON,CALLED,2025-11-27 09:55:39,0.05,0.67,CDR_AGG_PERSON_0059_PERSON_0496
PERSON_0918,PERSON,PERSON_1121,PERSON,CALLED,2025-11-17 06:46:21,0.05,0.85,CDR_AGG_PERSON_0918_PERSON_1121
PERSON_0241,PERSON,PERSON_0372,PERSON,CALLED,2025-12-17 19:23:49,0.05,0.79,CDR_AGG_PERSON_0241_PERSON_0372
PERSON_0166,PERSON,PERSON_0192,PERSON,CALLED,2026-05-13 20:13:56,0.05,0.52,CDR_AGG_PERSON_0166_PERSON_0192
PERSON_0070,PERSON,PERSON_0463,PERSON,CALLED,2024-12-11 03:07:31,0.05,0.47,CDR_AGG_PERSON_0070_PERSON_0463
PERSON_0555,PERSON,PERSON_0935,PERSON,CALLED,2024-11-28 04:58:44,0.05,0.43,CDR_AGG_PERSON_0555_PERSON_0935
PERSON_0339,PERSON,PERSON_0793,PERSON,CALLED,2025-09-04 06:13:06,0.05,0.41,CDR_AGG_PERSON_0339_PERSON_0793
PERSON_0347,PERSON,PERSON_1435,PERSON,CALLED,2025-02-25 01:22:14,0.05,0.42,CDR_AGG_PERSON_0347_PERSON_1435
PERSON_0819,PERSON,PERSON_1349,PERSON,CALLED,2025-11-23 18:54:21,0.05,0.68,CDR_AGG_PERSON_0819_PERSON_1349
PERSON_0603,PERSON,PERSON_1408,PERSON,CALLED,2025-09-26 18:29:58,0.05,0.41,CDR_AGG_PERSON_0603_PERSON_1408
PERSON_0273,PERSON,PERSON_0508,PERSON,CALLED,2026-01-29 00:42:03,0.05,0.85,CDR_AGG_PERSON_0273_PERSON_0508
PERSON_0561,PERSON,PERSON_0695,PERSON,CALLED,2024-01-18 21:32:53,0.05,0.57,CDR_AGG_PERSON_0561_PERSON_0695
PERSON_0710,PERSON,PERSON_1194,PERSON,CALLED,2025-05-07 20:35:20,0.05,0.6,CDR_AGG_PERSON_0710_PERSON_1194
PERSON_0289,PERSON,PERSON_0638,PERSON,CALLED,2025-07-07 13:06:54,0.05,0.84,CDR_AGG_PERSON_0289_PERSON_0638
PERSON_0766,PERSON,PERSON_1252,PERSON,CALLED,2025-06-11 18:29:18,0.05,0.62,CDR_AGG_PERSON_0766_PERSON_1252
PERSON_0252,PERSON,PERSON_1259,PERSON,CALLED,2024-01-14 18:44:19,0.05,0.76,CDR_AGG_PERSON_0252_PERSON_1259
PERSON_0804,PERSON,PERSON_1498,PERSON,CALLED,2024-04-25 17:21:03,0.05,0.51,CDR_AGG_PERSON_0804_PERSON_1498
PERSON_0542,PERSON,PERSON_1488,PERSON,CALLED,2026-01-10 02:42:25,0.05,0.7,CDR_AGG_PERSON_0542_PERSON_1488
PERSON_0085,PERSON,PERSON_0990,PERSON,CALLED,2025-06-27 17:38:02,0.05,0.61,CDR_AGG_PERSON_0085_PERSON_0990
PERSON_0331,PERSON,PERSON_0336,PERSON,CALLED,2024-08-22 06:51:48,0.05,0.79,CDR_AGG_PERSON_0331_PERSON_0336
PERSON_0514,PERSON,PERSON_0747,PERSON,CALLED,2025-10-07 03:11:45,0.05,0.71,CDR_AGG_PERSON_0514_PERSON_0747
PERSON_0490,PERSON,PERSON_1162,PERSON,CALLED,2025-08-07 05:59:46,0.05,0.51,CDR_AGG_PERSON_0490_PERSON_1162
PERSON_1180,PERSON,PERSON_1349,PERSON,CALLED,2025-09-16 07:57:22,0.05,0.82,CDR_AGG_PERSON_1180_PERSON_1349
PERSON_0160,PERSON,PERSON_0228,PERSON,CALLED,2025-02-07 18:54:06,0.05,0.54,CDR_AGG_PERSON_0160_PERSON_0228
PERSON_0283,PERSON,PERSON_0821,PERSON,CALLED,2025-03-31 00:30:11,0.05,0.74,CDR_AGG_PERSON_0283_PERSON_0821
PERSON_1028,PERSON,PERSON_1187,PERSON,CALLED,2025-07-12 06:19:28,0.05,0.61,CDR_AGG_PERSON_1028_PERSON_1187
PERSON_0367,PERSON,PERSON_1353,PERSON,CALLED,2024-01-30 00:33:21,0.05,0.55,CDR_AGG_PERSON_0367_PERSON_1353
PERSON_0083,PERSON,PERSON_0461,PERSON,CALLED,2024-02-10 14:44:35,0.05,0.78,CDR_AGG_PERSON_0083_PERSON_0461
PERSON_0544,PERSON,PERSON_1299,PERSON,CALLED,2025-02-12 00:15:58,0.05,0.44,CDR_AGG_PERSON_0544_PERSON_1299
PERSON_0097,PERSON,PERSON_0098,PERSON,CALLED,2024-04-09 01:58:22,0.05,0.67,CDR_AGG_PERSON_0097_PERSON_0098
PERSON_0549,PERSON,PERSON_1225,PERSON,CALLED,2024-12-21 05:07:08,0.05,0.82,CDR_AGG_PERSON_0549_PERSON_1225
PERSON_0681,PERSON,PERSON_1315,PERSON,CALLED,2025-11-15 14:07:19,0.05,0.48,CDR_AGG_PERSON_0681_PERSON_1315
PERSON_0102,PERSON,PERSON_0203,PERSON,CALLED,2024-09-30 02:32:38,0.05,0.46,CDR_AGG_PERSON_0102_PERSON_0203
PERSON_0858,PERSON,PERSON_1107,PERSON,CALLED,2024-10-13 11:50:22,0.05,0.71,CDR_AGG_PERSON_0858_PERSON_1107
PERSON_0711,PERSON,PERSON_1387,PERSON,CALLED,2025-11-05 22:54:36,0.05,0.76,CDR_AGG_PERSON_0711_PERSON_1387
PERSON_1038,PERSON,PERSON_1263,PERSON,CALLED,2024-05-18 15:11:32,0.05,0.82,CDR_AGG_PERSON_1038_PERSON_1263
PERSON_0029,PERSON,PERSON_1253,PERSON,CALLED,2026-05-29 20:09:23,0.05,0.8,CDR_AGG_PERSON_0029_PERSON_1253
PERSON_1024,PERSON,PERSON_1055,PERSON,CALLED,2024-03-06 15:17:48,0.05,0.78,CDR_AGG_PERSON_1024_PERSON_1055
PERSON_0320,PERSON,PERSON_1106,PERSON,CALLED,2025-12-28 04:15:43,0.05,0.46,CDR_AGG_PERSON_0320_PERSON_1106
PERSON_1257,PERSON,PERSON_1331,PERSON,CALLED,2026-03-07 12:15:13,0.05,0.56,CDR_AGG_PERSON_1257_PERSON_1331
PERSON_0200,PERSON,PERSON_1256,PERSON,CALLED,2026-02-17 22:14:29,0.05,0.58,CDR_AGG_PERSON_0200_PERSON_1256
PERSON_0203,PERSON,PERSON_1167,PERSON,CALLED,2026-06-12 20:39:39,0.05,0.79,CDR_AGG_PERSON_0203_PERSON_1167
PERSON_0423,PERSON,PERSON_1220,PERSON,CALLED,2024-02-05 03:54:44,0.05,0.63,CDR_AGG_PERSON_0423_PERSON_1220
PERSON_1068,PERSON,PERSON_1110,PERSON,CALLED,2026-06-26 01:33:47,0.05,0.7,CDR_AGG_PERSON_1068_PERSON_1110
PERSON_1140,PERSON,PERSON_1289,PERSON,CALLED,2026-04-08 06:13:52,0.05,0.69,CDR_AGG_PERSON_1140_PERSON_1289
PERSON_0107,PERSON,PERSON_0237,PERSON,CALLED,2026-01-26 23:38:44,0.05,0.8,CDR_AGG_PERSON_0107_PERSON_0237
PERSON_0637,PERSON,PERSON_0957,PERSON,CALLED,2025-03-26 12:08:44,0.05,0.76,CDR_AGG_PERSON_0637_PERSON_0957
PERSON_0165,PERSON,PERSON_1370,PERSON,CALLED,2024-07-30 13:58:54,0.05,0.61,CDR_AGG_PERSON_0165_PERSON_1370
PERSON_1261,PERSON,PERSON_1468,PERSON,CALLED,2025-05-07 01:16:03,0.05,0.82,CDR_AGG_PERSON_1261_PERSON_1468
PERSON_0049,PERSON,PERSON_1195,PERSON,CALLED,2025-01-04 10:48:28,0.05,0.51,CDR_AGG_PERSON_0049_PERSON_1195
PERSON_1135,PERSON,PERSON_1208,PERSON,CALLED,2025-08-28 06:12:07,0.05,0.85,CDR_AGG_PERSON_1135_PERSON_1208
PERSON_0432,PERSON,PERSON_0456,PERSON,CALLED,2025-09-08 01:48:55,0.05,0.5,CDR_AGG_PERSON_0432_PERSON_0456
PERSON_0424,PERSON,PERSON_0678,PERSON,CALLED,2025-12-14 21:46:29,0.05,0.85,CDR_AGG_PERSON_0424_PERSON_0678
PERSON_0320,PERSON,PERSON_0321,PERSON,CALLED,2025-10-24 12:38:20,0.05,0.72,CDR_AGG_PERSON_0320_PERSON_0321
PERSON_0341,PERSON,PERSON_1162,PERSON,CALLED,2025-02-17 03:21:51,0.05,0.42,CDR_AGG_PERSON_0341_PERSON_1162
PERSON_0640,PERSON,PERSON_0980,PERSON,CALLED,2025-03-17 21:47:52,0.05,0.58,CDR_AGG_PERSON_0640_PERSON_0980
PERSON_0748,PERSON,PERSON_0912,PERSON,CALLED,2024-12-20 14:47:10,0.05,0.63,CDR_AGG_PERSON_0748_PERSON_0912
PERSON_0540,PERSON,PERSON_0620,PERSON,CALLED,2024-07-01 13:06:16,0.05,0.84,CDR_AGG_PERSON_0540_PERSON_0620
PERSON_0014,PERSON,PERSON_0542,PERSON,CALLED,2024-10-13 06:53:28,0.05,0.54,CDR_AGG_PERSON_0014_PERSON_0542
PERSON_0295,PERSON,PERSON_1166,PERSON,CALLED,2024-04-22 07:35:45,0.05,0.71,CDR_AGG_PERSON_0295_PERSON_1166
PERSON_0685,PERSON,PERSON_1210,PERSON,CALLED,2024-11-12 16:06:23,0.05,0.59,CDR_AGG_PERSON_0685_PERSON_1210
PERSON_0796,PERSON,PERSON_0994,PERSON,CALLED,2026-03-25 17:13:35,0.05,0.79,CDR_AGG_PERSON_0796_PERSON_0994
PERSON_0598,PERSON,PERSON_0642,PERSON,CALLED,2025-08-16 21:58:12,0.05,0.81,CDR_AGG_PERSON_0598_PERSON_0642
PERSON_0453,PERSON,PERSON_0810,PERSON,CALLED,2025-02-13 23:21:03,0.05,0.62,CDR_AGG_PERSON_0453_PERSON_0810
PERSON_0105,PERSON,PERSON_1380,PERSON,CALLED,2024-09-07 04:29:16,0.05,0.49,CDR_AGG_PERSON_0105_PERSON_1380
PERSON_0506,PERSON,PERSON_1253,PERSON,CALLED,2025-07-20 03:56:34,0.05,0.54,CDR_AGG_PERSON_0506_PERSON_1253
PERSON_0063,PERSON,PERSON_0100,PERSON,CALLED,2025-03-18 08:35:24,0.05,0.81,CDR_AGG_PERSON_0063_PERSON_0100
PERSON_0448,PERSON,PERSON_0998,PERSON,CALLED,2025-05-19 01:44:44,0.05,0.49,CDR_AGG_PERSON_0448_PERSON_0998
PERSON_0811,PERSON,PERSON_1194,PERSON,CALLED,2025-03-19 14:53:33,0.05,0.44,CDR_AGG_PERSON_0811_PERSON_1194
PERSON_0805,PERSON,PERSON_1187,PERSON,CALLED,2026-06-19 06:23:58,0.05,0.61,CDR_AGG_PERSON_0805_PERSON_1187
PERSON_0124,PERSON,PERSON_1079,PERSON,CALLED,2026-03-04 16:23:21,0.05,0.49,CDR_AGG_PERSON_0124_PERSON_1079
PERSON_0596,PERSON,PERSON_0863,PERSON,CALLED,2025-07-01 17:39:05,0.1,0.81,CDR_AGG_PERSON_0596_PERSON_0863
PERSON_0790,PERSON,PERSON_1362,PERSON,CALLED,2024-01-04 02:56:04,0.05,0.7,CDR_AGG_PERSON_0790_PERSON_1362
PERSON_0055,PERSON,PERSON_1251,PERSON,CALLED,2025-12-26 15:36:44,0.05,0.55,CDR_AGG_PERSON_0055_PERSON_1251
PERSON_0009,PERSON,PERSON_1017,PERSON,CALLED,2025-01-25 20:03:32,0.05,0.58,CDR_AGG_PERSON_0009_PERSON_1017
PERSON_1032,PERSON,PERSON_1347,PERSON,CALLED,2025-11-01 14:13:21,0.05,0.44,CDR_AGG_PERSON_1032_PERSON_1347
PERSON_0777,PERSON,PERSON_0779,PERSON,CALLED,2025-03-22 19:22:30,0.05,0.62,CDR_AGG_PERSON_0777_PERSON_0779
PERSON_0669,PERSON,PERSON_1485,PERSON,CALLED,2026-01-13 04:47:38,0.05,0.61,CDR_AGG_PERSON_0669_PERSON_1485
PERSON_0046,PERSON,PERSON_0827,PERSON,CALLED,2025-01-22 08:03:22,0.05,0.74,CDR_AGG_PERSON_0046_PERSON_0827
PERSON_0431,PERSON,PERSON_0849,PERSON,CALLED,2024-09-10 09:07:18,0.05,0.4,CDR_AGG_PERSON_0431_PERSON_0849
PERSON_0410,PERSON,PERSON_0888,PERSON,CALLED,2026-05-19 08:13:10,0.05,0.41,CDR_AGG_PERSON_0410_PERSON_0888
PERSON_0110,PERSON,PERSON_1450,PERSON,CALLED,2024-08-15 14:42:49,0.05,0.59,CDR_AGG_PERSON_0110_PERSON_1450
PERSON_0805,PERSON,PERSON_0881,PERSON,CALLED,2024-11-16 17:02:11,0.05,0.48,CDR_AGG_PERSON_0805_PERSON_0881
PERSON_0012,PERSON,PERSON_0156,PERSON,CALLED,2025-04-01 16:51:33,0.05,0.43,CDR_AGG_PERSON_0012_PERSON_0156
PERSON_0010,PERSON,PERSON_0147,PERSON,CALLED,2026-03-21 12:40:24,0.05,0.59,CDR_AGG_PERSON_0010_PERSON_0147
PERSON_0257,PERSON,PERSON_1446,PERSON,CALLED,2024-08-02 05:15:12,0.05,0.79,CDR_AGG_PERSON_0257_PERSON_1446
PERSON_0267,PERSON,PERSON_0408,PERSON,CALLED,2026-02-13 18:22:23,0.05,0.66,CDR_AGG_PERSON_0267_PERSON_0408
PERSON_1135,PERSON,PERSON_1281,PERSON,CALLED,2025-05-19 08:39:24,0.05,0.59,CDR_AGG_PERSON_1135_PERSON_1281
PERSON_0588,PERSON,PERSON_0714,PERSON,CALLED,2026-06-07 18:33:26,0.1,0.46,CDR_AGG_PERSON_0588_PERSON_0714
PERSON_0453,PERSON,PERSON_1095,PERSON,CALLED,2025-07-12 04:42:34,0.05,0.59,CDR_AGG_PERSON_0453_PERSON_1095
PERSON_1115,PERSON,PERSON_1175,PERSON,CALLED,2024-12-22 18:42:31,0.05,0.45,CDR_AGG_PERSON_1115_PERSON_1175
PERSON_0221,PERSON,PERSON_1316,PERSON,CALLED,2024-04-04 22:47:47,0.05,0.43,CDR_AGG_PERSON_0221_PERSON_1316
PERSON_0582,PERSON,PERSON_0621,PERSON,CALLED,2024-01-21 01:16:27,0.05,0.66,CDR_AGG_PERSON_0582_PERSON_0621
PERSON_1131,PERSON,PERSON_1443,PERSON,CALLED,2024-07-19 05:34:10,0.05,0.42,CDR_AGG_PERSON_1131_PERSON_1443
PERSON_0356,PERSON,PERSON_1415,PERSON,CALLED,2024-11-04 14:56:58,0.05,0.73,CDR_AGG_PERSON_0356_PERSON_1415
PERSON_0997,PERSON,PERSON_1158,PERSON,CALLED,2024-08-25 10:13:16,0.05,0.44,CDR_AGG_PERSON_0997_PERSON_1158
PERSON_0692,PERSON,PERSON_0946,PERSON,CALLED,2026-06-21 17:50:16,0.05,0.84,CDR_AGG_PERSON_0692_PERSON_0946
PERSON_0113,PERSON,PERSON_0346,PERSON,CALLED,2024-05-07 17:29:56,0.05,0.71,CDR_AGG_PERSON_0113_PERSON_0346
PERSON_0219,PERSON,PERSON_1345,PERSON,CALLED,2025-02-12 18:38:56,0.05,0.62,CDR_AGG_PERSON_0219_PERSON_1345
PERSON_0070,PERSON,PERSON_0755,PERSON,CALLED,2024-07-19 05:17:45,0.05,0.53,CDR_AGG_PERSON_0070_PERSON_0755
PERSON_0917,PERSON,PERSON_1490,PERSON,CALLED,2024-09-30 08:03:18,0.05,0.55,CDR_AGG_PERSON_0917_PERSON_1490
PERSON_0636,PERSON,PERSON_1217,PERSON,CALLED,2025-02-02 20:02:47,0.05,0.84,CDR_AGG_PERSON_0636_PERSON_1217
PERSON_1043,PERSON,PERSON_1276,PERSON,CALLED,2024-01-25 10:39:22,0.05,0.54,CDR_AGG_PERSON_1043_PERSON_1276
PERSON_0456,PERSON,PERSON_0952,PERSON,CALLED,2025-05-04 07:13:15,0.05,0.81,CDR_AGG_PERSON_0456_PERSON_0952
PERSON_0185,PERSON,PERSON_1256,PERSON,CALLED,2024-07-23 16:35:47,0.05,0.41,CDR_AGG_PERSON_0185_PERSON_1256
PERSON_0414,PERSON,PERSON_1162,PERSON,CALLED,2024-06-09 08:36:21,0.05,0.83,CDR_AGG_PERSON_0414_PERSON_1162
PERSON_0145,PERSON,PERSON_0164,PERSON,CALLED,2024-08-10 16:18:15,0.05,0.55,CDR_AGG_PERSON_0145_PERSON_0164
PERSON_1186,PERSON,PERSON_1430,PERSON,CALLED,2025-12-05 10:38:49,0.05,0.68,CDR_AGG_PERSON_1186_PERSON_1430
PERSON_0282,PERSON,PERSON_0321,PERSON,CALLED,2025-06-19 13:27:52,0.05,0.5,CDR_AGG_PERSON_0282_PERSON_0321
PERSON_0206,PERSON,PERSON_0890,PERSON,CALLED,2024-10-02 03:44:06,0.05,0.63,CDR_AGG_PERSON_0206_PERSON_0890
PERSON_0893,PERSON,PERSON_1483,PERSON,CALLED,2026-03-25 21:11:19,0.05,0.82,CDR_AGG_PERSON_0893_PERSON_1483
PERSON_0695,PERSON,PERSON_1090,PERSON,CALLED,2024-07-09 17:29:58,0.05,0.51,CDR_AGG_PERSON_0695_PERSON_1090
PERSON_1329,PERSON,PERSON_1436,PERSON,CALLED,2025-11-27 06:29:49,0.05,0.45,CDR_AGG_PERSON_1329_PERSON_1436
PERSON_0682,PERSON,PERSON_0821,PERSON,CALLED,2026-02-18 19:15:02,0.05,0.6,CDR_AGG_PERSON_0682_PERSON_0821
PERSON_0707,PERSON,PERSON_1057,PERSON,CALLED,2024-10-31 02:39:52,0.05,0.82,CDR_AGG_PERSON_0707_PERSON_1057
PERSON_0375,PERSON,PERSON_0543,PERSON,CALLED,2025-07-13 11:33:36,0.05,0.72,CDR_AGG_PERSON_0375_PERSON_0543
PERSON_0582,PERSON,PERSON_1059,PERSON,CALLED,2025-06-16 10:37:15,0.05,0.7,CDR_AGG_PERSON_0582_PERSON_1059
PERSON_0168,PERSON,PERSON_0172,PERSON,CALLED,2025-01-23 13:34:04,0.05,0.5,CDR_AGG_PERSON_0168_PERSON_0172
PERSON_0795,PERSON,PERSON_1253,PERSON,CALLED,2025-01-27 04:14:43,0.05,0.69,CDR_AGG_PERSON_0795_PERSON_1253
PERSON_1163,PERSON,PERSON_1189,PERSON,CALLED,2024-08-09 02:06:56,0.05,0.44,CDR_AGG_PERSON_1163_PERSON_1189
PERSON_0954,PERSON,PERSON_1210,PERSON,CALLED,2025-01-11 08:24:10,0.05,0.82,CDR_AGG_PERSON_0954_PERSON_1210
PERSON_0636,PERSON,PERSON_0862,PERSON,CALLED,2024-11-10 18:39:33,0.05,0.61,CDR_AGG_PERSON_0636_PERSON_0862
PERSON_0433,PERSON,PERSON_0950,PERSON,CALLED,2025-07-30 16:42:29,0.05,0.81,CDR_AGG_PERSON_0433_PERSON_0950
PERSON_0602,PERSON,PERSON_1016,PERSON,CALLED,2025-12-23 04:53:49,0.05,0.72,CDR_AGG_PERSON_0602_PERSON_1016
PERSON_0783,PERSON,PERSON_1380,PERSON,CALLED,2025-04-08 07:00:02,0.05,0.57,CDR_AGG_PERSON_0783_PERSON_1380
PERSON_0194,PERSON,PERSON_0229,PERSON,CALLED,2025-02-19 13:20:54,0.05,0.81,CDR_AGG_PERSON_0194_PERSON_0229
PERSON_0422,PERSON,PERSON_1469,PERSON,CALLED,2024-10-03 09:47:44,0.05,0.6,CDR_AGG_PERSON_0422_PERSON_1469
PERSON_0095,PERSON,PERSON_0635,PERSON,CALLED,2024-12-17 10:39:34,0.05,0.8,CDR_AGG_PERSON_0095_PERSON_0635
PERSON_0534,PERSON,PERSON_1195,PERSON,CALLED,2024-07-06 02:45:39,0.05,0.69,CDR_AGG_PERSON_0534_PERSON_1195
PERSON_0717,PERSON,PERSON_1000,PERSON,CALLED,2026-02-17 01:11:40,0.05,0.51,CDR_AGG_PERSON_0717_PERSON_1000
PERSON_0190,PERSON,PERSON_0583,PERSON,CALLED,2024-05-20 03:13:27,0.05,0.69,CDR_AGG_PERSON_0190_PERSON_0583
PERSON_0118,PERSON,PERSON_0760,PERSON,CALLED,2024-07-24 09:10:07,0.05,0.84,CDR_AGG_PERSON_0118_PERSON_0760
PERSON_0790,PERSON,PERSON_1358,PERSON,CALLED,2025-09-19 19:05:26,0.05,0.55,CDR_AGG_PERSON_0790_PERSON_1358
PERSON_0257,PERSON,PERSON_0298,PERSON,CALLED,2026-03-23 15:08:00,0.1,0.66,CDR_AGG_PERSON_0257_PERSON_0298
PERSON_0203,PERSON,PERSON_0422,PERSON,CALLED,2024-11-02 00:12:21,0.05,0.83,CDR_AGG_PERSON_0203_PERSON_0422
PERSON_0335,PERSON,PERSON_0589,PERSON,CALLED,2024-01-26 21:48:13,0.05,0.76,CDR_AGG_PERSON_0335_PERSON_0589
PERSON_0636,PERSON,PERSON_0928,PERSON,CALLED,2026-03-25 05:43:17,0.05,0.46,CDR_AGG_PERSON_0636_PERSON_0928
PERSON_1202,PERSON,PERSON_1446,PERSON,CALLED,2025-06-26 21:14:07,0.05,0.45,CDR_AGG_PERSON_1202_PERSON_1446
PERSON_0539,PERSON,PERSON_1024,PERSON,CALLED,2024-09-21 23:50:11,0.05,0.46,CDR_AGG_PERSON_0539_PERSON_1024
PERSON_0937,PERSON,PERSON_1314,PERSON,CALLED,2024-08-14 05:42:00,0.05,0.73,CDR_AGG_PERSON_0937_PERSON_1314
PERSON_0098,PERSON,PERSON_0740,PERSON,CALLED,2025-12-14 12:55:12,0.05,0.79,CDR_AGG_PERSON_0098_PERSON_0740
PERSON_0163,PERSON,PERSON_1453,PERSON,CALLED,2026-01-18 04:29:46,0.05,0.55,CDR_AGG_PERSON_0163_PERSON_1453
PERSON_0413,PERSON,PERSON_0643,PERSON,CALLED,2024-08-07 04:55:56,0.05,0.57,CDR_AGG_PERSON_0413_PERSON_0643
PERSON_0093,PERSON,PERSON_0350,PERSON,CALLED,2025-11-24 19:07:39,0.05,0.73,CDR_AGG_PERSON_0093_PERSON_0350
PERSON_0572,PERSON,PERSON_0963,PERSON,CALLED,2024-07-07 11:59:59,0.05,0.81,CDR_AGG_PERSON_0572_PERSON_0963
PERSON_1318,PERSON,PERSON_1451,PERSON,CALLED,2026-02-16 22:51:06,0.05,0.63,CDR_AGG_PERSON_1318_PERSON_1451
PERSON_0159,PERSON,PERSON_0858,PERSON,CALLED,2025-09-13 06:12:05,0.05,0.42,CDR_AGG_PERSON_0159_PERSON_0858
PERSON_0179,PERSON,PERSON_0671,PERSON,CALLED,2025-04-12 22:46:32,0.05,0.5,CDR_AGG_PERSON_0179_PERSON_0671
PERSON_0305,PERSON,PERSON_0830,PERSON,CALLED,2024-05-12 03:15:04,0.05,0.47,CDR_AGG_PERSON_0305_PERSON_0830
PERSON_1143,PERSON,PERSON_1473,PERSON,CALLED,2025-07-16 01:20:41,0.05,0.85,CDR_AGG_PERSON_1143_PERSON_1473
PERSON_0023,PERSON,PERSON_0258,PERSON,CALLED,2025-04-26 16:46:44,0.05,0.6,CDR_AGG_PERSON_0023_PERSON_0258
PERSON_0066,PERSON,PERSON_0759,PERSON,CALLED,2026-02-02 20:53:00,0.1,0.41,CDR_AGG_PERSON_0066_PERSON_0759
PERSON_0101,PERSON,PERSON_0935,PERSON,CALLED,2026-01-17 02:05:13,0.05,0.48,CDR_AGG_PERSON_0101_PERSON_0935
PERSON_0532,PERSON,PERSON_0685,PERSON,CALLED,2025-01-24 12:54:14,0.05,0.56,CDR_AGG_PERSON_0532_PERSON_0685
PERSON_0073,PERSON,PERSON_1379,PERSON,CALLED,2025-12-19 17:23:37,0.05,0.83,CDR_AGG_PERSON_0073_PERSON_1379
PERSON_0206,PERSON,PERSON_1454,PERSON,CALLED,2025-05-11 20:00:13,0.05,0.47,CDR_AGG_PERSON_0206_PERSON_1454
PERSON_1258,PERSON,PERSON_1261,PERSON,CALLED,2025-12-23 11:40:33,0.05,0.67,CDR_AGG_PERSON_1258_PERSON_1261
PERSON_0500,PERSON,PERSON_0995,PERSON,CALLED,2024-07-04 18:19:29,0.05,0.71,CDR_AGG_PERSON_0500_PERSON_0995
PERSON_0896,PERSON,PERSON_1457,PERSON,CALLED,2025-12-05 10:11:37,0.05,0.48,CDR_AGG_PERSON_0896_PERSON_1457
PERSON_0428,PERSON,PERSON_0679,PERSON,CALLED,2024-11-29 21:00:43,0.05,0.78,CDR_AGG_PERSON_0428_PERSON_0679
PERSON_0320,PERSON,PERSON_1130,PERSON,CALLED,2024-01-21 16:20:28,0.05,0.46,CDR_AGG_PERSON_0320_PERSON_1130
PERSON_0354,PERSON,PERSON_1332,PERSON,CALLED,2024-03-29 14:57:06,0.05,0.74,CDR_AGG_PERSON_0354_PERSON_1332
PERSON_0594,PERSON,PERSON_0750,PERSON,CALLED,2024-02-18 18:59:05,0.05,0.45,CDR_AGG_PERSON_0594_PERSON_0750
PERSON_1261,PERSON,PERSON_1271,PERSON,CALLED,2025-06-16 10:54:15,0.05,0.57,CDR_AGG_PERSON_1261_PERSON_1271
PERSON_0050,PERSON,PERSON_0124,PERSON,CALLED,2026-03-29 06:23:03,0.05,0.82,CDR_AGG_PERSON_0050_PERSON_0124
PERSON_0858,PERSON,PERSON_1498,PERSON,CALLED,2025-07-09 17:39:46,0.05,0.51,CDR_AGG_PERSON_0858_PERSON_1498
PERSON_0046,PERSON,PERSON_1305,PERSON,CALLED,2025-09-27 15:12:09,0.05,0.66,CDR_AGG_PERSON_0046_PERSON_1305
PERSON_0353,PERSON,PERSON_1169,PERSON,CALLED,2025-03-22 22:50:39,0.05,0.8,CDR_AGG_PERSON_0353_PERSON_1169
PERSON_0710,PERSON,PERSON_1340,PERSON,CALLED,2024-02-19 04:33:11,0.05,0.62,CDR_AGG_PERSON_0710_PERSON_1340
PERSON_0154,PERSON,PERSON_0753,PERSON,CALLED,2025-10-09 01:42:30,0.05,0.56,CDR_AGG_PERSON_0154_PERSON_0753
PERSON_0353,PERSON,PERSON_0700,PERSON,CALLED,2025-03-17 16:23:54,0.05,0.7,CDR_AGG_PERSON_0353_PERSON_0700
PERSON_0257,PERSON,PERSON_1161,PERSON,CALLED,2024-02-03 16:03:17,0.05,0.43,CDR_AGG_PERSON_0257_PERSON_1161
PERSON_0845,PERSON,PERSON_1139,PERSON,CALLED,2024-06-09 08:58:17,0.05,0.41,CDR_AGG_PERSON_0845_PERSON_1139
PERSON_0707,PERSON,PERSON_1249,PERSON,CALLED,2026-02-05 22:29:59,0.05,0.65,CDR_AGG_PERSON_0707_PERSON_1249
PERSON_0077,PERSON,PERSON_1138,PERSON,CALLED,2025-03-10 05:32:20,0.05,0.4,CDR_AGG_PERSON_0077_PERSON_1138
PERSON_1086,PERSON,PERSON_1248,PERSON,CALLED,2025-07-09 21:47:26,0.05,0.58,CDR_AGG_PERSON_1086_PERSON_1248
PERSON_0362,PERSON,PERSON_0909,PERSON,CALLED,2026-03-31 23:46:39,0.05,0.42,CDR_AGG_PERSON_0362_PERSON_0909
PERSON_0328,PERSON,PERSON_0956,PERSON,CALLED,2025-07-29 23:37:35,0.05,0.51,CDR_AGG_PERSON_0328_PERSON_0956
PERSON_0723,PERSON,PERSON_1035,PERSON,CALLED,2025-06-25 01:34:19,0.05,0.79,CDR_AGG_PERSON_0723_PERSON_1035
PERSON_0103,PERSON,PERSON_1206,PERSON,CALLED,2026-01-25 19:57:07,0.05,0.85,CDR_AGG_PERSON_0103_PERSON_1206
PERSON_0073,PERSON,PERSON_0433,PERSON,CALLED,2025-06-30 01:47:51,0.05,0.47,CDR_AGG_PERSON_0073_PERSON_0433
PERSON_0582,PERSON,PERSON_0847,PERSON,CALLED,2024-08-27 03:30:37,0.05,0.82,CDR_AGG_PERSON_0582_PERSON_0847
PERSON_0502,PERSON,PERSON_0597,PERSON,CALLED,2025-05-11 06:59:52,0.05,0.72,CDR_AGG_PERSON_0502_PERSON_0597
PERSON_0742,PERSON,PERSON_0860,PERSON,CALLED,2026-06-29 08:57:27,0.05,0.74,CDR_AGG_PERSON_0742_PERSON_0860
PERSON_0027,PERSON,PERSON_0929,PERSON,CALLED,2025-04-29 03:05:35,0.05,0.67,CDR_AGG_PERSON_0027_PERSON_0929
PERSON_0192,PERSON,PERSON_1038,PERSON,CALLED,2024-05-09 18:04:15,0.05,0.75,CDR_AGG_PERSON_0192_PERSON_1038
PERSON_0100,PERSON,PERSON_1357,PERSON,CALLED,2025-06-17 13:23:34,0.05,0.49,CDR_AGG_PERSON_0100_PERSON_1357
PERSON_0696,PERSON,PERSON_0879,PERSON,CALLED,2025-05-29 07:58:51,0.05,0.42,CDR_AGG_PERSON_0696_PERSON_0879
PERSON_0173,PERSON,PERSON_0352,PERSON,CALLED,2024-01-02 22:06:40,0.05,0.77,CDR_AGG_PERSON_0173_PERSON_0352
PERSON_0035,PERSON,PERSON_1215,PERSON,CALLED,2025-07-26 12:22:09,0.05,0.47,CDR_AGG_PERSON_0035_PERSON_1215
PERSON_0670,PERSON,PERSON_1475,PERSON,CALLED,2025-07-19 12:48:00,0.05,0.84,CDR_AGG_PERSON_0670_PERSON_1475
PERSON_0725,PERSON,PERSON_1214,PERSON,CALLED,2024-04-05 08:52:15,0.05,0.5,CDR_AGG_PERSON_0725_PERSON_1214
PERSON_0060,PERSON,PERSON_0722,PERSON,CALLED,2024-07-12 22:12:07,0.05,0.64,CDR_AGG_PERSON_0060_PERSON_0722
PERSON_0307,PERSON,PERSON_0423,PERSON,CALLED,2024-08-19 08:44:55,0.05,0.68,CDR_AGG_PERSON_0307_PERSON_0423
PERSON_0582,PERSON,PERSON_1416,PERSON,CALLED,2024-06-23 05:26:31,0.05,0.67,CDR_AGG_PERSON_0582_PERSON_1416
PERSON_0471,PERSON,PERSON_0653,PERSON,CALLED,2025-08-01 16:56:37,0.05,0.77,CDR_AGG_PERSON_0471_PERSON_0653
PERSON_0181,PERSON,PERSON_1468,PERSON,CALLED,2024-07-06 10:14:21,0.05,0.44,CDR_AGG_PERSON_0181_PERSON_1468
PERSON_0123,PERSON,PERSON_0641,PERSON,CALLED,2026-05-30 17:31:19,0.1,0.41,CDR_AGG_PERSON_0123_PERSON_0641
PERSON_0907,PERSON,PERSON_1420,PERSON,CALLED,2026-04-06 09:23:03,0.05,0.43,CDR_AGG_PERSON_0907_PERSON_1420
PERSON_0916,PERSON,PERSON_1242,PERSON,CALLED,2024-08-04 20:46:06,0.05,0.54,CDR_AGG_PERSON_0916_PERSON_1242
PERSON_1169,PERSON,PERSON_1413,PERSON,CALLED,2024-01-23 09:27:36,0.05,0.53,CDR_AGG_PERSON_1169_PERSON_1413
PERSON_0378,PERSON,PERSON_0976,PERSON,CALLED,2024-12-04 13:30:37,0.05,0.46,CDR_AGG_PERSON_0378_PERSON_0976
PERSON_1040,PERSON,PERSON_1414,PERSON,CALLED,2025-11-07 16:00:02,0.05,0.84,CDR_AGG_PERSON_1040_PERSON_1414
PERSON_1451,PERSON,PERSON_1493,PERSON,CALLED,2025-01-06 08:33:04,0.05,0.66,CDR_AGG_PERSON_1451_PERSON_1493
PERSON_0783,PERSON,PERSON_1099,PERSON,CALLED,2026-04-13 19:22:42,0.05,0.82,CDR_AGG_PERSON_0783_PERSON_1099
PERSON_0172,PERSON,PERSON_0841,PERSON,CALLED,2026-04-10 20:26:22,0.05,0.42,CDR_AGG_PERSON_0172_PERSON_0841
PERSON_0411,PERSON,PERSON_0564,PERSON,CALLED,2026-04-11 02:56:10,0.05,0.61,CDR_AGG_PERSON_0411_PERSON_0564
PERSON_0681,PERSON,PERSON_0961,PERSON,CALLED,2025-04-26 19:08:01,0.05,0.54,CDR_AGG_PERSON_0681_PERSON_0961
PERSON_0328,PERSON,PERSON_1059,PERSON,CALLED,2024-03-02 01:29:11,0.05,0.82,CDR_AGG_PERSON_0328_PERSON_1059
PERSON_0314,PERSON,PERSON_1300,PERSON,CALLED,2024-10-20 06:19:29,0.05,0.68,CDR_AGG_PERSON_0314_PERSON_1300
PERSON_1207,PERSON,PERSON_1405,PERSON,CALLED,2024-05-17 03:26:26,0.05,0.83,CDR_AGG_PERSON_1207_PERSON_1405
PERSON_0538,PERSON,PERSON_0747,PERSON,CALLED,2024-09-11 17:43:34,0.05,0.7,CDR_AGG_PERSON_0538_PERSON_0747
PERSON_0151,PERSON,PERSON_0876,PERSON,CALLED,2026-06-18 01:43:00,0.1,0.42,CDR_AGG_PERSON_0151_PERSON_0876
PERSON_0159,PERSON,PERSON_0746,PERSON,CALLED,2026-05-08 20:49:02,0.05,0.41,CDR_AGG_PERSON_0159_PERSON_0746
PERSON_0436,PERSON,PERSON_1083,PERSON,CALLED,2026-04-08 19:49:03,0.05,0.51,CDR_AGG_PERSON_0436_PERSON_1083
PERSON_0344,PERSON,PERSON_1143,PERSON,CALLED,2025-06-19 02:32:11,0.05,0.45,CDR_AGG_PERSON_0344_PERSON_1143
PERSON_0148,PERSON,PERSON_0544,PERSON,CALLED,2024-10-23 12:09:35,0.05,0.51,CDR_AGG_PERSON_0148_PERSON_0544
PERSON_0122,PERSON,PERSON_1450,PERSON,CALLED,2026-02-16 17:11:06,0.05,0.44,CDR_AGG_PERSON_0122_PERSON_1450
PERSON_1300,PERSON,PERSON_1490,PERSON,CALLED,2025-06-06 07:00:38,0.05,0.69,CDR_AGG_PERSON_1300_PERSON_1490
PERSON_0211,PERSON,PERSON_0552,PERSON,CALLED,2026-05-12 13:17:25,0.05,0.51,CDR_AGG_PERSON_0211_PERSON_0552
PERSON_0521,PERSON,PERSON_0820,PERSON,CALLED,2025-04-20 20:51:38,0.05,0.48,CDR_AGG_PERSON_0521_PERSON_0820
PERSON_0147,PERSON,PERSON_0819,PERSON,CALLED,2024-03-10 07:35:11,0.05,0.45,CDR_AGG_PERSON_0147_PERSON_0819
PERSON_0229,PERSON,PERSON_0966,PERSON,CALLED,2024-11-28 19:58:30,0.05,0.47,CDR_AGG_PERSON_0229_PERSON_0966
PERSON_0093,PERSON,PERSON_1366,PERSON,CALLED,2025-08-08 20:14:39,0.05,0.67,CDR_AGG_PERSON_0093_PERSON_1366
PERSON_0017,PERSON,PERSON_0650,PERSON,CALLED,2026-02-19 07:18:03,0.05,0.71,CDR_AGG_PERSON_0017_PERSON_0650
PERSON_1048,PERSON,PERSON_1479,PERSON,CALLED,2025-04-04 14:11:30,0.05,0.57,CDR_AGG_PERSON_1048_PERSON_1479
PERSON_1004,PERSON,PERSON_1048,PERSON,CALLED,2024-12-20 07:27:41,0.05,0.42,CDR_AGG_PERSON_1004_PERSON_1048
PERSON_0051,PERSON,PERSON_1111,PERSON,CALLED,2024-02-02 13:06:36,0.05,0.8,CDR_AGG_PERSON_0051_PERSON_1111
PERSON_0319,PERSON,PERSON_0357,PERSON,CALLED,2024-03-22 03:31:20,0.05,0.73,CDR_AGG_PERSON_0319_PERSON_0357
PERSON_0215,PERSON,PERSON_0976,PERSON,CALLED,2025-01-23 00:30:56,0.05,0.44,CDR_AGG_PERSON_0215_PERSON_0976
PERSON_1130,PERSON,PERSON_1230,PERSON,CALLED,2026-06-05 08:36:53,0.05,0.6,CDR_AGG_PERSON_1130_PERSON_1230
PERSON_0198,PERSON,PERSON_1048,PERSON,CALLED,2024-04-21 14:28:17,0.05,0.77,CDR_AGG_PERSON_0198_PERSON_1048
PERSON_0007,PERSON,PERSON_0923,PERSON,CALLED,2024-10-19 01:38:45,0.05,0.54,CDR_AGG_PERSON_0007_PERSON_0923
PERSON_0724,PERSON,PERSON_1047,PERSON,CALLED,2024-01-03 01:48:59,0.05,0.69,CDR_AGG_PERSON_0724_PERSON_1047
PERSON_0819,PERSON,PERSON_1078,PERSON,CALLED,2025-01-20 15:07:53,0.05,0.67,CDR_AGG_PERSON_0819_PERSON_1078
PERSON_0076,PERSON,PERSON_1461,PERSON,CALLED,2025-09-10 21:05:44,0.05,0.52,CDR_AGG_PERSON_0076_PERSON_1461
PERSON_0238,PERSON,PERSON_0422,PERSON,CALLED,2025-06-17 01:00:45,0.05,0.59,CDR_AGG_PERSON_0238_PERSON_0422
PERSON_0378,PERSON,PERSON_0436,PERSON,CALLED,2024-05-22 20:48:10,0.05,0.65,CDR_AGG_PERSON_0378_PERSON_0436
PERSON_0354,PERSON,PERSON_0444,PERSON,CALLED,2024-05-08 22:11:52,0.05,0.69,CDR_AGG_PERSON_0354_PERSON_0444
PERSON_0962,PERSON,PERSON_1303,PERSON,CALLED,2024-11-14 11:26:37,0.05,0.69,CDR_AGG_PERSON_0962_PERSON_1303
PERSON_0118,PERSON,PERSON_0466,PERSON,CALLED,2026-06-26 17:34:34,0.05,0.81,CDR_AGG_PERSON_0118_PERSON_0466
PERSON_0892,PERSON,PERSON_1323,PERSON,CALLED,2025-08-31 17:27:37,0.05,0.77,CDR_AGG_PERSON_0892_PERSON_1323
PERSON_0714,PERSON,PERSON_0931,PERSON,CALLED,2025-03-30 02:52:36,0.05,0.41,CDR_AGG_PERSON_0714_PERSON_0931
PERSON_0068,PERSON,PERSON_0565,PERSON,CALLED,2025-09-26 23:43:08,0.05,0.52,CDR_AGG_PERSON_0068_PERSON_0565
PERSON_0006,PERSON,PERSON_1100,PERSON,CALLED,2026-06-12 04:48:44,0.05,0.79,CDR_AGG_PERSON_0006_PERSON_1100
PERSON_0156,PERSON,PERSON_0662,PERSON,CALLED,2026-03-23 04:26:30,0.05,0.81,CDR_AGG_PERSON_0156_PERSON_0662
PERSON_0169,PERSON,PERSON_1250,PERSON,CALLED,2024-02-15 21:15:01,0.05,0.57,CDR_AGG_PERSON_0169_PERSON_1250
PERSON_0048,PERSON,PERSON_1171,PERSON,CALLED,2025-07-19 06:37:53,0.05,0.79,CDR_AGG_PERSON_0048_PERSON_1171
PERSON_0754,PERSON,PERSON_1473,PERSON,CALLED,2024-08-22 05:32:49,0.05,0.82,CDR_AGG_PERSON_0754_PERSON_1473
PERSON_0401,PERSON,PERSON_0651,PERSON,CALLED,2025-10-02 22:37:20,0.05,0.46,CDR_AGG_PERSON_0401_PERSON_0651
PERSON_0307,PERSON,PERSON_1353,PERSON,CALLED,2025-03-17 05:23:30,0.05,0.69,CDR_AGG_PERSON_0307_PERSON_1353
PERSON_0158,PERSON,PERSON_0671,PERSON,CALLED,2024-02-04 13:31:20,0.05,0.48,CDR_AGG_PERSON_0158_PERSON_0671
PERSON_0330,PERSON,PERSON_0406,PERSON,CALLED,2025-08-19 16:31:06,0.05,0.45,CDR_AGG_PERSON_0330_PERSON_0406
PERSON_0344,PERSON,PERSON_1314,PERSON,CALLED,2025-10-26 04:21:27,0.05,0.84,CDR_AGG_PERSON_0344_PERSON_1314
PERSON_0920,PERSON,PERSON_1413,PERSON,CALLED,2026-06-05 16:50:27,0.05,0.61,CDR_AGG_PERSON_0920_PERSON_1413
PERSON_1149,PERSON,PERSON_1231,PERSON,CALLED,2025-03-15 21:56:42,0.05,0.64,CDR_AGG_PERSON_1149_PERSON_1231
PERSON_0274,PERSON,PERSON_0570,PERSON,CALLED,2025-04-05 09:07:33,0.05,0.63,CDR_AGG_PERSON_0274_PERSON_0570
PERSON_0299,PERSON,PERSON_0833,PERSON,CALLED,2026-04-06 21:04:50,0.05,0.73,CDR_AGG_PERSON_0299_PERSON_0833
PERSON_1093,PERSON,PERSON_1162,PERSON,CALLED,2024-08-09 04:11:51,0.05,0.78,CDR_AGG_PERSON_1093_PERSON_1162
PERSON_0118,PERSON,PERSON_0744,PERSON,CALLED,2024-05-22 14:25:31,0.05,0.73,CDR_AGG_PERSON_0118_PERSON_0744
PERSON_0948,PERSON,PERSON_1255,PERSON,CALLED,2025-03-16 07:24:17,0.05,0.48,CDR_AGG_PERSON_0948_PERSON_1255
PERSON_0336,PERSON,PERSON_0741,PERSON,CALLED,2025-10-01 16:25:28,0.05,0.83,CDR_AGG_PERSON_0336_PERSON_0741
PERSON_0140,PERSON,PERSON_0680,PERSON,CALLED,2025-11-22 04:04:25,0.05,0.74,CDR_AGG_PERSON_0140_PERSON_0680
PERSON_0629,PERSON,PERSON_1078,PERSON,CALLED,2024-01-20 08:35:32,0.05,0.64,CDR_AGG_PERSON_0629_PERSON_1078
PERSON_0812,PERSON,PERSON_1327,PERSON,CALLED,2026-01-29 08:05:19,0.05,0.7,CDR_AGG_PERSON_0812_PERSON_1327
PERSON_0342,PERSON,PERSON_0600,PERSON,CALLED,2026-02-08 05:31:41,0.1,0.6,CDR_AGG_PERSON_0342_PERSON_0600
PERSON_1112,PERSON,PERSON_1378,PERSON,CALLED,2026-02-07 03:08:16,0.05,0.48,CDR_AGG_PERSON_1112_PERSON_1378
PERSON_0399,PERSON,PERSON_0768,PERSON,CALLED,2025-09-23 04:32:21,0.05,0.47,CDR_AGG_PERSON_0399_PERSON_0768
PERSON_0026,PERSON,PERSON_0627,PERSON,CALLED,2025-01-08 07:14:19,0.05,0.83,CDR_AGG_PERSON_0026_PERSON_0627
PERSON_0051,PERSON,PERSON_0681,PERSON,CALLED,2026-03-16 10:35:17,0.05,0.66,CDR_AGG_PERSON_0051_PERSON_0681
PERSON_0134,PERSON,PERSON_0647,PERSON,CALLED,2025-06-04 18:48:44,0.05,0.77,CDR_AGG_PERSON_0134_PERSON_0647
PERSON_0795,PERSON,PERSON_1064,PERSON,CALLED,2025-11-03 16:31:06,0.05,0.6,CDR_AGG_PERSON_0795_PERSON_1064
PERSON_0847,PERSON,PERSON_0888,PERSON,CALLED,2025-07-14 23:03:02,0.05,0.56,CDR_AGG_PERSON_0847_PERSON_0888
PERSON_0196,PERSON,PERSON_1499,PERSON,CALLED,2026-01-04 10:38:31,0.05,0.62,CDR_AGG_PERSON_0196_PERSON_1499
PERSON_0717,PERSON,PERSON_0829,PERSON,CALLED,2024-08-06 02:42:49,0.05,0.58,CDR_AGG_PERSON_0717_PERSON_0829
PERSON_1044,PERSON,PERSON_1125,PERSON,CALLED,2025-07-13 21:06:59,0.05,0.74,CDR_AGG_PERSON_1044_PERSON_1125
PERSON_0414,PERSON,PERSON_0706,PERSON,CALLED,2025-08-29 14:10:25,0.05,0.5,CDR_AGG_PERSON_0414_PERSON_0706
PERSON_0098,PERSON,PERSON_1316,PERSON,CALLED,2024-03-07 18:54:04,0.05,0.67,CDR_AGG_PERSON_0098_PERSON_1316
PERSON_1003,PERSON,PERSON_1474,PERSON,CALLED,2025-11-09 10:22:22,0.05,0.54,CDR_AGG_PERSON_1003_PERSON_1474
PERSON_1004,PERSON,PERSON_1019,PERSON,CALLED,2025-05-03 20:41:08,0.05,0.8,CDR_AGG_PERSON_1004_PERSON_1019
PERSON_0441,PERSON,PERSON_0962,PERSON,CALLED,2025-01-14 03:37:10,0.05,0.67,CDR_AGG_PERSON_0441_PERSON_0962
PERSON_0533,PERSON,PERSON_1382,PERSON,CALLED,2024-05-23 03:55:18,0.05,0.44,CDR_AGG_PERSON_0533_PERSON_1382
PERSON_0679,PERSON,PERSON_1135,PERSON,CALLED,2024-10-06 05:15:26,0.05,0.7,CDR_AGG_PERSON_0679_PERSON_1135
PERSON_0564,PERSON,PERSON_0677,PERSON,CALLED,2024-04-29 20:38:00,0.05,0.78,CDR_AGG_PERSON_0564_PERSON_0677
PERSON_1105,PERSON,PERSON_1291,PERSON,CALLED,2026-05-25 00:03:03,0.05,0.78,CDR_AGG_PERSON_1105_PERSON_1291
PERSON_0873,PERSON,PERSON_0894,PERSON,CALLED,2024-03-31 18:07:49,0.05,0.71,CDR_AGG_PERSON_0873_PERSON_0894
PERSON_0677,PERSON,PERSON_1389,PERSON,CALLED,2025-06-05 22:58:47,0.05,0.54,CDR_AGG_PERSON_0677_PERSON_1389
PERSON_0469,PERSON,PERSON_0962,PERSON,CALLED,2025-10-25 09:35:18,0.05,0.66,CDR_AGG_PERSON_0469_PERSON_0962
PERSON_0536,PERSON,PERSON_1117,PERSON,CALLED,2026-06-18 15:30:25,0.05,0.55,CDR_AGG_PERSON_0536_PERSON_1117
PERSON_0165,PERSON,PERSON_0640,PERSON,CALLED,2026-04-13 19:35:33,0.05,0.8,CDR_AGG_PERSON_0165_PERSON_0640
PERSON_1257,PERSON,PERSON_1373,PERSON,CALLED,2024-05-14 16:43:58,0.05,0.82,CDR_AGG_PERSON_1257_PERSON_1373
PERSON_0124,PERSON,PERSON_0649,PERSON,CALLED,2026-02-24 14:24:54,0.05,0.62,CDR_AGG_PERSON_0124_PERSON_0649
PERSON_0876,PERSON,PERSON_1192,PERSON,CALLED,2025-12-09 15:15:24,0.05,0.44,CDR_AGG_PERSON_0876_PERSON_1192
PERSON_0016,PERSON,PERSON_1082,PERSON,CALLED,2024-09-09 09:44:00,0.05,0.66,CDR_AGG_PERSON_0016_PERSON_1082
PERSON_0367,PERSON,PERSON_1194,PERSON,CALLED,2024-05-13 15:13:07,0.05,0.59,CDR_AGG_PERSON_0367_PERSON_1194
PERSON_0234,PERSON,PERSON_0928,PERSON,CALLED,2025-10-22 00:53:37,0.05,0.55,CDR_AGG_PERSON_0234_PERSON_0928
PERSON_0309,PERSON,PERSON_1134,PERSON,CALLED,2024-07-06 19:50:30,0.05,0.56,CDR_AGG_PERSON_0309_PERSON_1134
PERSON_0704,PERSON,PERSON_0776,PERSON,CALLED,2025-06-16 21:07:47,0.05,0.7,CDR_AGG_PERSON_0704_PERSON_0776
PERSON_0493,PERSON,PERSON_0766,PERSON,CALLED,2026-03-17 16:51:30,0.05,0.67,CDR_AGG_PERSON_0493_PERSON_0766
PERSON_0067,PERSON,PERSON_0355,PERSON,CALLED,2025-01-05 10:10:34,0.05,0.6,CDR_AGG_PERSON_0067_PERSON_0355
PERSON_1159,PERSON,PERSON_1317,PERSON,CALLED,2025-04-13 03:07:10,0.05,0.71,CDR_AGG_PERSON_1159_PERSON_1317
PERSON_0820,PERSON,PERSON_0893,PERSON,CALLED,2024-04-21 11:31:09,0.05,0.48,CDR_AGG_PERSON_0820_PERSON_0893
PERSON_1043,PERSON,PERSON_1390,PERSON,CALLED,2026-05-24 06:59:05,0.05,0.48,CDR_AGG_PERSON_1043_PERSON_1390
PERSON_0434,PERSON,PERSON_0575,PERSON,CALLED,2025-05-03 23:30:02,0.05,0.56,CDR_AGG_PERSON_0434_PERSON_0575
PERSON_0534,PERSON,PERSON_1296,PERSON,CALLED,2025-04-29 07:56:16,0.05,0.5,CDR_AGG_PERSON_0534_PERSON_1296
PERSON_1005,PERSON,PERSON_1018,PERSON,CALLED,2025-07-11 19:09:15,0.05,0.55,CDR_AGG_PERSON_1005_PERSON_1018
PERSON_0186,PERSON,PERSON_0208,PERSON,CALLED,2025-03-26 09:09:08,0.05,0.72,CDR_AGG_PERSON_0186_PERSON_0208
PERSON_0335,PERSON,PERSON_1218,PERSON,CALLED,2024-03-02 11:44:52,0.05,0.64,CDR_AGG_PERSON_0335_PERSON_1218
PERSON_0847,PERSON,PERSON_0911,PERSON,CALLED,2026-01-17 05:07:22,0.05,0.84,CDR_AGG_PERSON_0847_PERSON_0911
PERSON_1260,PERSON,PERSON_1447,PERSON,CALLED,2024-10-05 10:47:47,0.05,0.73,CDR_AGG_PERSON_1260_PERSON_1447
PERSON_0178,PERSON,PERSON_1418,PERSON,CALLED,2024-01-14 15:26:05,0.05,0.51,CDR_AGG_PERSON_0178_PERSON_1418
PERSON_0054,PERSON,PERSON_0312,PERSON,CALLED,2026-02-24 17:10:39,0.05,0.8,CDR_AGG_PERSON_0054_PERSON_0312
PERSON_1166,PERSON,PERSON_1187,PERSON,CALLED,2026-01-18 11:42:04,0.05,0.74,CDR_AGG_PERSON_1166_PERSON_1187
PERSON_0517,PERSON,PERSON_1254,PERSON,CALLED,2026-02-16 06:46:43,0.05,0.7,CDR_AGG_PERSON_0517_PERSON_1254
PERSON_0090,PERSON,PERSON_1269,PERSON,CALLED,2025-05-22 21:02:32,0.05,0.44,CDR_AGG_PERSON_0090_PERSON_1269
PERSON_0458,PERSON,PERSON_0711,PERSON,CALLED,2026-04-20 10:10:05,0.05,0.81,CDR_AGG_PERSON_0458_PERSON_0711
PERSON_0615,PERSON,PERSON_0816,PERSON,CALLED,2024-09-12 21:52:04,0.05,0.61,CDR_AGG_PERSON_0615_PERSON_0816
PERSON_0318,PERSON,PERSON_0438,PERSON,CALLED,2026-02-14 17:42:17,0.05,0.75,CDR_AGG_PERSON_0318_PERSON_0438
PERSON_1273,PERSON,PERSON_1480,PERSON,CALLED,2024-01-18 08:26:16,0.05,0.71,CDR_AGG_PERSON_1273_PERSON_1480
PERSON_0857,PERSON,PERSON_0866,PERSON,CALLED,2025-03-11 11:28:31,0.05,0.45,CDR_AGG_PERSON_0857_PERSON_0866
PERSON_0347,PERSON,PERSON_1122,PERSON,CALLED,2025-02-19 00:58:11,0.05,0.64,CDR_AGG_PERSON_0347_PERSON_1122
PERSON_1296,PERSON,PERSON_1474,PERSON,CALLED,2024-08-11 20:11:23,0.05,0.43,CDR_AGG_PERSON_1296_PERSON_1474
PERSON_0723,PERSON,PERSON_1051,PERSON,CALLED,2024-03-18 08:51:30,0.05,0.44,CDR_AGG_PERSON_0723_PERSON_1051
PERSON_0580,PERSON,PERSON_0890,PERSON,CALLED,2024-06-14 16:53:24,0.05,0.51,CDR_AGG_PERSON_0580_PERSON_0890
PERSON_0459,PERSON,PERSON_1419,PERSON,CALLED,2026-01-13 09:32:09,0.05,0.5,CDR_AGG_PERSON_0459_PERSON_1419
PERSON_0865,PERSON,PERSON_0901,PERSON,CALLED,2024-01-15 13:34:48,0.05,0.45,CDR_AGG_PERSON_0865_PERSON_0901
PERSON_0486,PERSON,PERSON_1281,PERSON,CALLED,2025-06-22 18:15:06,0.1,0.77,CDR_AGG_PERSON_0486_PERSON_1281
PERSON_0299,PERSON,PERSON_1222,PERSON,CALLED,2026-04-04 18:06:56,0.05,0.46,CDR_AGG_PERSON_0299_PERSON_1222
PERSON_0215,PERSON,PERSON_0483,PERSON,CALLED,2024-09-26 12:57:00,0.05,0.69,CDR_AGG_PERSON_0215_PERSON_0483
PERSON_0199,PERSON,PERSON_0986,PERSON,CALLED,2026-02-26 05:02:51,0.05,0.5,CDR_AGG_PERSON_0199_PERSON_0986
PERSON_0822,PERSON,PERSON_1109,PERSON,CALLED,2025-09-07 12:07:09,0.05,0.41,CDR_AGG_PERSON_0822_PERSON_1109
PERSON_0375,PERSON,PERSON_1142,PERSON,CALLED,2026-01-27 12:49:06,0.05,0.51,CDR_AGG_PERSON_0375_PERSON_1142
PERSON_1057,PERSON,PERSON_1348,PERSON,CALLED,2024-04-10 21:41:27,0.05,0.69,CDR_AGG_PERSON_1057_PERSON_1348
PERSON_0158,PERSON,PERSON_0420,PERSON,CALLED,2025-09-14 20:20:54,0.05,0.61,CDR_AGG_PERSON_0158_PERSON_0420
PERSON_0743,PERSON,PERSON_0791,PERSON,CALLED,2025-04-02 15:56:05,0.05,0.51,CDR_AGG_PERSON_0743_PERSON_0791
PERSON_0033,PERSON,PERSON_1367,PERSON,CALLED,2026-05-25 20:24:43,0.05,0.63,CDR_AGG_PERSON_0033_PERSON_1367
PERSON_0635,PERSON,PERSON_0723,PERSON,CALLED,2024-07-05 14:14:15,0.05,0.85,CDR_AGG_PERSON_0635_PERSON_0723
PERSON_0048,PERSON,PERSON_1241,PERSON,CALLED,2025-11-15 11:25:29,0.05,0.4,CDR_AGG_PERSON_0048_PERSON_1241
PERSON_0284,PERSON,PERSON_1363,PERSON,CALLED,2024-08-03 12:52:57,0.05,0.49,CDR_AGG_PERSON_0284_PERSON_1363
PERSON_0680,PERSON,PERSON_1223,PERSON,CALLED,2024-10-29 13:56:59,0.05,0.68,CDR_AGG_PERSON_0680_PERSON_1223
PERSON_0717,PERSON,PERSON_1044,PERSON,CALLED,2024-03-01 20:44:46,0.05,0.62,CDR_AGG_PERSON_0717_PERSON_1044
PERSON_0057,PERSON,PERSON_0156,PERSON,CALLED,2025-05-29 23:08:02,0.05,0.43,CDR_AGG_PERSON_0057_PERSON_0156
PERSON_0790,PERSON,PERSON_1052,PERSON,CALLED,2024-06-07 07:06:59,0.05,0.7,CDR_AGG_PERSON_0790_PERSON_1052
PERSON_0361,PERSON,PERSON_1200,PERSON,CALLED,2025-03-19 11:59:43,0.05,0.48,CDR_AGG_PERSON_0361_PERSON_1200
PERSON_0033,PERSON,PERSON_1033,PERSON,CALLED,2024-11-19 20:38:48,0.05,0.4,CDR_AGG_PERSON_0033_PERSON_1033
PERSON_0259,PERSON,PERSON_0799,PERSON,CALLED,2024-11-30 01:08:37,0.05,0.75,CDR_AGG_PERSON_0259_PERSON_0799
PERSON_0009,PERSON,PERSON_1069,PERSON,CALLED,2025-05-06 01:22:08,0.05,0.5,CDR_AGG_PERSON_0009_PERSON_1069
PERSON_0939,PERSON,PERSON_0996,PERSON,CALLED,2024-01-29 09:23:38,0.05,0.43,CDR_AGG_PERSON_0939_PERSON_0996
PERSON_0263,PERSON,PERSON_0270,PERSON,CALLED,2024-02-29 11:48:10,0.05,0.64,CDR_AGG_PERSON_0263_PERSON_0270
PERSON_0564,PERSON,PERSON_1266,PERSON,CALLED,2024-02-18 16:29:39,0.05,0.59,CDR_AGG_PERSON_0564_PERSON_1266
PERSON_0306,PERSON,PERSON_0963,PERSON,CALLED,2026-05-29 19:02:38,0.05,0.81,CDR_AGG_PERSON_0306_PERSON_0963
PERSON_0168,PERSON,PERSON_1309,PERSON,CALLED,2024-07-12 07:45:03,0.05,0.83,CDR_AGG_PERSON_0168_PERSON_1309
PERSON_1256,PERSON,PERSON_1392,PERSON,CALLED,2024-02-04 23:04:14,0.05,0.73,CDR_AGG_PERSON_1256_PERSON_1392
PERSON_0531,PERSON,PERSON_1315,PERSON,CALLED,2025-08-16 04:56:00,0.05,0.7,CDR_AGG_PERSON_0531_PERSON_1315
PERSON_0021,PERSON,PERSON_0718,PERSON,CALLED,2025-10-27 09:09:42,0.05,0.78,CDR_AGG_PERSON_0021_PERSON_0718
PERSON_0047,PERSON,PERSON_1306,PERSON,CALLED,2025-08-19 00:22:12,0.05,0.41,CDR_AGG_PERSON_0047_PERSON_1306
PERSON_0661,PERSON,PERSON_0894,PERSON,CALLED,2024-03-26 14:43:01,0.05,0.81,CDR_AGG_PERSON_0661_PERSON_0894
PERSON_0920,PERSON,PERSON_1154,PERSON,CALLED,2025-09-01 20:40:49,0.05,0.81,CDR_AGG_PERSON_0920_PERSON_1154
PERSON_0732,PERSON,PERSON_1030,PERSON,CALLED,2025-09-21 13:25:53,0.05,0.44,CDR_AGG_PERSON_0732_PERSON_1030
PERSON_1270,PERSON,PERSON_1299,PERSON,CALLED,2024-12-12 21:36:18,0.05,0.8,CDR_AGG_PERSON_1270_PERSON_1299
PERSON_0024,PERSON,PERSON_1252,PERSON,CALLED,2025-08-07 00:25:54,0.05,0.78,CDR_AGG_PERSON_0024_PERSON_1252
PERSON_0636,PERSON,PERSON_0725,PERSON,CALLED,2024-05-27 00:45:43,0.05,0.54,CDR_AGG_PERSON_0636_PERSON_0725
PERSON_0725,PERSON,PERSON_1207,PERSON,CALLED,2024-07-12 18:07:08,0.05,0.72,CDR_AGG_PERSON_0725_PERSON_1207
PERSON_0196,PERSON,PERSON_1184,PERSON,CALLED,2025-12-10 13:55:52,0.05,0.69,CDR_AGG_PERSON_0196_PERSON_1184
PERSON_0185,PERSON,PERSON_0499,PERSON,CALLED,2025-01-20 02:54:23,0.05,0.72,CDR_AGG_PERSON_0185_PERSON_0499
PERSON_0825,PERSON,PERSON_1208,PERSON,CALLED,2024-09-09 00:03:57,0.05,0.82,CDR_AGG_PERSON_0825_PERSON_1208
PERSON_0935,PERSON,PERSON_1363,PERSON,CALLED,2025-05-26 11:23:04,0.05,0.69,CDR_AGG_PERSON_0935_PERSON_1363
PERSON_0483,PERSON,PERSON_1046,PERSON,CALLED,2026-04-14 16:46:16,0.05,0.62,CDR_AGG_PERSON_0483_PERSON_1046
PERSON_0059,PERSON,PERSON_0243,PERSON,CALLED,2025-11-21 03:12:05,0.05,0.63,CDR_AGG_PERSON_0059_PERSON_0243
PERSON_0577,PERSON,PERSON_1052,PERSON,CALLED,2025-05-09 15:33:18,0.05,0.77,CDR_AGG_PERSON_0577_PERSON_1052
PERSON_0208,PERSON,PERSON_0444,PERSON,CALLED,2026-02-13 14:04:47,0.05,0.71,CDR_AGG_PERSON_0208_PERSON_0444
PERSON_1040,PERSON,PERSON_1237,PERSON,CALLED,2025-05-25 03:40:01,0.05,0.54,CDR_AGG_PERSON_1040_PERSON_1237
PERSON_0816,PERSON,PERSON_1450,PERSON,CALLED,2025-09-08 00:54:33,0.05,0.82,CDR_AGG_PERSON_0816_PERSON_1450
PERSON_1011,PERSON,PERSON_1015,PERSON,CALLED,2026-02-18 06:13:17,0.05,0.71,CDR_AGG_PERSON_1011_PERSON_1015
PERSON_0375,PERSON,PERSON_0780,PERSON,CALLED,2024-09-16 08:50:49,0.05,0.76,CDR_AGG_PERSON_0375_PERSON_0780
PERSON_0106,PERSON,PERSON_0265,PERSON,CALLED,2025-08-23 18:04:14,0.05,0.7,CDR_AGG_PERSON_0106_PERSON_0265
PERSON_0170,PERSON,PERSON_0981,PERSON,CALLED,2024-12-23 14:42:16,0.05,0.82,CDR_AGG_PERSON_0170_PERSON_0981
PERSON_0699,PERSON,PERSON_1451,PERSON,CALLED,2024-04-23 06:15:04,0.05,0.67,CDR_AGG_PERSON_0699_PERSON_1451
PERSON_0787,PERSON,PERSON_0864,PERSON,CALLED,2024-06-14 12:17:08,0.05,0.76,CDR_AGG_PERSON_0787_PERSON_0864
PERSON_0860,PERSON,PERSON_1329,PERSON,CALLED,2025-03-09 23:29:33,0.05,0.48,CDR_AGG_PERSON_0860_PERSON_1329
PERSON_0423,PERSON,PERSON_0614,PERSON,CALLED,2026-02-11 12:45:25,0.05,0.71,CDR_AGG_PERSON_0423_PERSON_0614
PERSON_0601,PERSON,PERSON_0687,PERSON,CALLED,2026-01-25 05:06:34,0.05,0.52,CDR_AGG_PERSON_0601_PERSON_0687
PERSON_0325,PERSON,PERSON_1321,PERSON,CALLED,2024-11-24 17:43:00,0.05,0.58,CDR_AGG_PERSON_0325_PERSON_1321
PERSON_0477,PERSON,PERSON_1071,PERSON,CALLED,2025-01-12 00:18:32,0.05,0.59,CDR_AGG_PERSON_0477_PERSON_1071
PERSON_1306,PERSON,PERSON_1441,PERSON,CALLED,2024-01-17 16:03:59,0.05,0.66,CDR_AGG_PERSON_1306_PERSON_1441
PERSON_0651,PERSON,PERSON_1094,PERSON,CALLED,2025-11-07 23:02:42,0.05,0.49,CDR_AGG_PERSON_0651_PERSON_1094
PERSON_0740,PERSON,PERSON_0967,PERSON,CALLED,2024-04-01 10:03:23,0.05,0.4,CDR_AGG_PERSON_0740_PERSON_0967
PERSON_0068,PERSON,PERSON_1188,PERSON,CALLED,2025-12-20 00:46:10,0.05,0.7,CDR_AGG_PERSON_0068_PERSON_1188
PERSON_0033,PERSON,PERSON_0369,PERSON,CALLED,2026-04-27 10:27:24,0.05,0.81,CDR_AGG_PERSON_0033_PERSON_0369
PERSON_0456,PERSON,PERSON_0685,PERSON,CALLED,2024-05-12 12:57:27,0.05,0.41,CDR_AGG_PERSON_0456_PERSON_0685
PERSON_0711,PERSON,PERSON_1384,PERSON,CALLED,2024-10-05 04:56:26,0.05,0.73,CDR_AGG_PERSON_0711_PERSON_1384
PERSON_0717,PERSON,PERSON_1392,PERSON,CALLED,2026-05-16 10:23:18,0.05,0.58,CDR_AGG_PERSON_0717_PERSON_1392
PERSON_0404,PERSON,PERSON_1353,PERSON,CALLED,2024-08-20 11:01:12,0.05,0.49,CDR_AGG_PERSON_0404_PERSON_1353
PERSON_0243,PERSON,PERSON_0654,PERSON,CALLED,2025-01-29 17:11:53,0.05,0.45,CDR_AGG_PERSON_0243_PERSON_0654
PERSON_0466,PERSON,PERSON_0491,PERSON,CALLED,2024-02-10 06:10:49,0.05,0.54,CDR_AGG_PERSON_0466_PERSON_0491
PERSON_0479,PERSON,PERSON_1141,PERSON,CALLED,2025-12-03 00:20:27,0.05,0.76,CDR_AGG_PERSON_0479_PERSON_1141
PERSON_0293,PERSON,PERSON_1279,PERSON,CALLED,2026-03-26 11:35:18,0.05,0.69,CDR_AGG_PERSON_0293_PERSON_1279
PERSON_0331,PERSON,PERSON_0714,PERSON,CALLED,2025-09-19 13:16:31,0.05,0.64,CDR_AGG_PERSON_0331_PERSON_0714
PERSON_0147,PERSON,PERSON_0645,PERSON,CALLED,2024-07-27 04:59:13,0.05,0.62,CDR_AGG_PERSON_0147_PERSON_0645
PERSON_0083,PERSON,PERSON_0191,PERSON,CALLED,2026-01-14 23:15:09,0.05,0.53,CDR_AGG_PERSON_0083_PERSON_0191
PERSON_0280,PERSON,PERSON_0950,PERSON,CALLED,2024-01-30 11:09:09,0.05,0.42,CDR_AGG_PERSON_0280_PERSON_0950
PERSON_0206,PERSON,PERSON_1194,PERSON,CALLED,2026-05-30 17:20:36,0.05,0.46,CDR_AGG_PERSON_0206_PERSON_1194
PERSON_0313,PERSON,PERSON_0759,PERSON,CALLED,2025-12-13 18:05:37,0.05,0.46,CDR_AGG_PERSON_0313_PERSON_0759
PERSON_0876,PERSON,PERSON_1276,PERSON,CALLED,2024-10-15 22:45:02,0.05,0.77,CDR_AGG_PERSON_0876_PERSON_1276
PERSON_0336,PERSON,PERSON_0535,PERSON,CALLED,2024-06-16 10:53:32,0.05,0.47,CDR_AGG_PERSON_0336_PERSON_0535
PERSON_0497,PERSON,PERSON_1110,PERSON,CALLED,2024-04-28 19:32:38,0.05,0.71,CDR_AGG_PERSON_0497_PERSON_1110
PERSON_0604,PERSON,PERSON_1088,PERSON,CALLED,2026-04-22 23:03:48,0.05,0.72,CDR_AGG_PERSON_0604_PERSON_1088
PERSON_1300,PERSON,PERSON_1425,PERSON,CALLED,2026-02-17 01:47:30,0.05,0.48,CDR_AGG_PERSON_1300_PERSON_1425
PERSON_0219,PERSON,PERSON_0944,PERSON,CALLED,2026-01-21 04:39:18,0.05,0.47,CDR_AGG_PERSON_0219_PERSON_0944
PERSON_0481,PERSON,PERSON_1193,PERSON,CALLED,2025-02-15 14:22:11,0.05,0.74,CDR_AGG_PERSON_0481_PERSON_1193
PERSON_0571,PERSON,PERSON_0628,PERSON,CALLED,2024-06-01 04:20:55,0.05,0.62,CDR_AGG_PERSON_0571_PERSON_0628
PERSON_0427,PERSON,PERSON_0889,PERSON,CALLED,2024-08-29 22:28:21,0.05,0.62,CDR_AGG_PERSON_0427_PERSON_0889
PERSON_1142,PERSON,PERSON_1181,PERSON,CALLED,2024-11-01 20:31:51,0.05,0.56,CDR_AGG_PERSON_1142_PERSON_1181
PERSON_0587,PERSON,PERSON_1014,PERSON,CALLED,2026-06-18 06:10:49,0.05,0.68,CDR_AGG_PERSON_0587_PERSON_1014
PERSON_0578,PERSON,PERSON_1276,PERSON,CALLED,2024-01-29 18:45:05,0.05,0.57,CDR_AGG_PERSON_0578_PERSON_1276
PERSON_0588,PERSON,PERSON_1205,PERSON,CALLED,2025-02-15 01:20:26,0.05,0.45,CDR_AGG_PERSON_0588_PERSON_1205
PERSON_0592,PERSON,PERSON_1049,PERSON,CALLED,2025-06-22 18:06:56,0.05,0.46,CDR_AGG_PERSON_0592_PERSON_1049
PERSON_0639,PERSON,PERSON_1397,PERSON,CALLED,2024-05-08 00:16:15,0.05,0.52,CDR_AGG_PERSON_0639_PERSON_1397
PERSON_0118,PERSON,PERSON_0848,PERSON,CALLED,2026-03-06 06:10:24,0.05,0.61,CDR_AGG_PERSON_0118_PERSON_0848
PERSON_0341,PERSON,PERSON_1401,PERSON,CALLED,2025-12-06 15:26:44,0.05,0.69,CDR_AGG_PERSON_0341_PERSON_1401
PERSON_0022,PERSON,PERSON_1205,PERSON,CALLED,2024-08-02 21:02:12,0.05,0.68,CDR_AGG_PERSON_0022_PERSON_1205
PERSON_0825,PERSON,PERSON_1143,PERSON,CALLED,2024-03-26 20:34:56,0.05,0.51,CDR_AGG_PERSON_0825_PERSON_1143
PERSON_0612,PERSON,PERSON_1075,PERSON,CALLED,2025-04-08 02:10:33,0.05,0.64,CDR_AGG_PERSON_0612_PERSON_1075
PERSON_0748,PERSON,PERSON_1074,PERSON,CALLED,2026-05-15 08:24:01,0.05,0.65,CDR_AGG_PERSON_0748_PERSON_1074
PERSON_0385,PERSON,PERSON_0697,PERSON,CALLED,2026-04-13 22:15:10,0.1,0.81,CDR_AGG_PERSON_0385_PERSON_0697
PERSON_0098,PERSON,PERSON_0164,PERSON,CALLED,2026-05-08 10:32:07,0.05,0.68,CDR_AGG_PERSON_0098_PERSON_0164
PERSON_0824,PERSON,PERSON_1071,PERSON,CALLED,2024-05-28 00:35:44,0.05,0.81,CDR_AGG_PERSON_0824_PERSON_1071
PERSON_1064,PERSON,PERSON_1426,PERSON,CALLED,2024-09-20 22:03:39,0.05,0.53,CDR_AGG_PERSON_1064_PERSON_1426
PERSON_0033,PERSON,PERSON_0047,PERSON,CALLED,2024-03-11 21:19:48,0.05,0.66,CDR_AGG_PERSON_0033_PERSON_0047
PERSON_0129,PERSON,PERSON_0863,PERSON,CALLED,2024-11-13 04:15:57,0.05,0.5,CDR_AGG_PERSON_0129_PERSON_0863
PERSON_0875,PERSON,PERSON_1255,PERSON,CALLED,2025-09-25 19:53:03,0.05,0.43,CDR_AGG_PERSON_0875_PERSON_1255
PERSON_0428,PERSON,PERSON_0500,PERSON,CALLED,2025-02-16 22:56:58,0.05,0.81,CDR_AGG_PERSON_0428_PERSON_0500
PERSON_0906,PERSON,PERSON_1412,PERSON,CALLED,2025-02-23 23:54:20,0.05,0.45,CDR_AGG_PERSON_0906_PERSON_1412
PERSON_1374,PERSON,PERSON_1395,PERSON,CALLED,2026-03-06 14:40:32,0.05,0.79,CDR_AGG_PERSON_1374_PERSON_1395
PERSON_0182,PERSON,PERSON_1291,PERSON,CALLED,2025-04-17 18:42:31,0.05,0.67,CDR_AGG_PERSON_0182_PERSON_1291
PERSON_0603,PERSON,PERSON_1340,PERSON,CALLED,2025-06-10 09:55:29,0.1,0.52,CDR_AGG_PERSON_0603_PERSON_1340
PERSON_0204,PERSON,PERSON_0406,PERSON,CALLED,2025-04-20 00:42:22,0.05,0.54,CDR_AGG_PERSON_0204_PERSON_0406
PERSON_1206,PERSON,PERSON_1309,PERSON,CALLED,2024-10-15 02:12:29,0.05,0.71,CDR_AGG_PERSON_1206_PERSON_1309
PERSON_0050,PERSON,PERSON_1256,PERSON,CALLED,2024-08-22 14:47:37,0.05,0.68,CDR_AGG_PERSON_0050_PERSON_1256
PERSON_0797,PERSON,PERSON_0828,PERSON,CALLED,2024-10-07 05:43:59,0.05,0.84,CDR_AGG_PERSON_0797_PERSON_0828
PERSON_0287,PERSON,PERSON_0915,PERSON,CALLED,2025-06-06 18:02:45,0.05,0.43,CDR_AGG_PERSON_0287_PERSON_0915
PERSON_0049,PERSON,PERSON_0728,PERSON,CALLED,2024-02-17 17:59:10,0.05,0.52,CDR_AGG_PERSON_0049_PERSON_0728
PERSON_0642,PERSON,PERSON_0664,PERSON,CALLED,2026-04-15 04:12:27,0.05,0.8,CDR_AGG_PERSON_0642_PERSON_0664
PERSON_0259,PERSON,PERSON_1261,PERSON,CALLED,2025-07-01 18:53:02,0.05,0.59,CDR_AGG_PERSON_0259_PERSON_1261
PERSON_0046,PERSON,PERSON_1228,PERSON,CALLED,2025-11-24 14:13:27,0.05,0.85,CDR_AGG_PERSON_0046_PERSON_1228
PERSON_0455,PERSON,PERSON_1051,PERSON,CALLED,2025-12-06 22:25:32,0.05,0.5,CDR_AGG_PERSON_0455_PERSON_1051
PERSON_0571,PERSON,PERSON_1433,PERSON,CALLED,2024-12-28 16:01:05,0.05,0.73,CDR_AGG_PERSON_0571_PERSON_1433
PERSON_0439,PERSON,PERSON_0493,PERSON,CALLED,2024-12-31 11:51:16,0.05,0.7,CDR_AGG_PERSON_0439_PERSON_0493
PERSON_0813,PERSON,PERSON_1443,PERSON,CALLED,2024-12-22 15:42:20,0.05,0.6,CDR_AGG_PERSON_0813_PERSON_1443
PERSON_0231,PERSON,PERSON_1473,PERSON,CALLED,2025-12-13 10:10:10,0.05,0.57,CDR_AGG_PERSON_0231_PERSON_1473
PERSON_0024,PERSON,PERSON_1452,PERSON,CALLED,2025-03-15 11:08:29,0.05,0.82,CDR_AGG_PERSON_0024_PERSON_1452
PERSON_0349,PERSON,PERSON_0516,PERSON,CALLED,2025-12-05 00:24:26,0.05,0.59,CDR_AGG_PERSON_0349_PERSON_0516
PERSON_1212,PERSON,PERSON_1264,PERSON,CALLED,2025-11-17 02:33:39,0.05,0.43,CDR_AGG_PERSON_1212_PERSON_1264
PERSON_0295,PERSON,PERSON_1009,PERSON,CALLED,2025-04-03 03:04:09,0.05,0.76,CDR_AGG_PERSON_0295_PERSON_1009
PERSON_0721,PERSON,PERSON_1010,PERSON,CALLED,2024-09-30 21:05:49,0.05,0.43,CDR_AGG_PERSON_0721_PERSON_1010
PERSON_0586,PERSON,PERSON_1043,PERSON,CALLED,2024-04-18 12:47:28,0.05,0.45,CDR_AGG_PERSON_0586_PERSON_1043
PERSON_0322,PERSON,PERSON_1183,PERSON,CALLED,2024-08-14 19:44:50,0.05,0.78,CDR_AGG_PERSON_0322_PERSON_1183
PERSON_0508,PERSON,PERSON_1294,PERSON,CALLED,2026-01-25 10:08:04,0.05,0.49,CDR_AGG_PERSON_0508_PERSON_1294
PERSON_0344,PERSON,PERSON_0935,PERSON,CALLED,2024-07-24 11:05:09,0.05,0.79,CDR_AGG_PERSON_0344_PERSON_0935
PERSON_1038,PERSON,PERSON_1098,PERSON,CALLED,2024-04-24 09:38:34,0.05,0.47,CDR_AGG_PERSON_1038_PERSON_1098
PERSON_0040,PERSON,PERSON_0663,PERSON,CALLED,2024-07-15 11:47:56,0.05,0.64,CDR_AGG_PERSON_0040_PERSON_0663
PERSON_0405,PERSON,PERSON_0428,PERSON,CALLED,2025-10-03 06:38:43,0.05,0.82,CDR_AGG_PERSON_0405_PERSON_0428
PERSON_0750,PERSON,PERSON_1202,PERSON,CALLED,2025-10-25 18:44:08,0.05,0.85,CDR_AGG_PERSON_0750_PERSON_1202
PERSON_0165,PERSON,PERSON_0790,PERSON,CALLED,2025-04-21 22:06:20,0.05,0.68,CDR_AGG_PERSON_0165_PERSON_0790
PERSON_0118,PERSON,PERSON_0234,PERSON,CALLED,2025-08-08 14:03:19,0.05,0.78,CDR_AGG_PERSON_0118_PERSON_0234
PERSON_0897,PERSON,PERSON_1186,PERSON,CALLED,2026-05-19 08:09:55,0.05,0.69,CDR_AGG_PERSON_0897_PERSON_1186
PERSON_0731,PERSON,PERSON_1199,PERSON,CALLED,2024-12-11 20:19:34,0.05,0.54,CDR_AGG_PERSON_0731_PERSON_1199
PERSON_0422,PERSON,PERSON_1166,PERSON,CALLED,2024-11-21 13:25:30,0.05,0.73,CDR_AGG_PERSON_0422_PERSON_1166
PERSON_0522,PERSON,PERSON_1368,PERSON,CALLED,2025-05-02 21:15:37,0.05,0.41,CDR_AGG_PERSON_0522_PERSON_1368
PERSON_0598,PERSON,PERSON_1010,PERSON,CALLED,2026-04-13 13:32:29,0.05,0.44,CDR_AGG_PERSON_0598_PERSON_1010
PERSON_0929,PERSON,PERSON_1302,PERSON,CALLED,2026-01-29 04:18:48,0.05,0.8,CDR_AGG_PERSON_0929_PERSON_1302
PERSON_1248,PERSON,PERSON_1480,PERSON,CALLED,2026-01-02 00:46:55,0.05,0.47,CDR_AGG_PERSON_1248_PERSON_1480
PERSON_0316,PERSON,PERSON_1426,PERSON,CALLED,2025-10-24 01:28:14,0.05,0.69,CDR_AGG_PERSON_0316_PERSON_1426
PERSON_0397,PERSON,PERSON_0594,PERSON,CALLED,2024-01-07 11:43:50,0.05,0.76,CDR_AGG_PERSON_0397_PERSON_0594
PERSON_0414,PERSON,PERSON_0765,PERSON,CALLED,2026-03-06 11:16:28,0.05,0.8,CDR_AGG_PERSON_0414_PERSON_0765
PERSON_0992,PERSON,PERSON_1421,PERSON,CALLED,2025-12-22 11:08:09,0.05,0.68,CDR_AGG_PERSON_0992_PERSON_1421
PERSON_0912,PERSON,PERSON_1064,PERSON,CALLED,2024-05-30 19:48:25,0.05,0.43,CDR_AGG_PERSON_0912_PERSON_1064
PERSON_0100,PERSON,PERSON_0531,PERSON,CALLED,2024-11-10 16:22:23,0.05,0.76,CDR_AGG_PERSON_0100_PERSON_0531
PERSON_0417,PERSON,PERSON_0525,PERSON,CALLED,2026-03-14 12:05:09,0.05,0.63,CDR_AGG_PERSON_0417_PERSON_0525
PERSON_0083,PERSON,PERSON_0594,PERSON,CALLED,2026-04-17 23:13:43,0.05,0.5,CDR_AGG_PERSON_0083_PERSON_0594
PERSON_0145,PERSON,PERSON_0893,PERSON,CALLED,2024-04-11 11:57:08,0.05,0.47,CDR_AGG_PERSON_0145_PERSON_0893
PERSON_0124,PERSON,PERSON_0234,PERSON,CALLED,2025-10-17 07:42:45,0.05,0.42,CDR_AGG_PERSON_0124_PERSON_0234
PERSON_0005,PERSON,PERSON_0759,PERSON,CALLED,2024-01-09 09:08:59,0.05,0.64,CDR_AGG_PERSON_0005_PERSON_0759
PERSON_1335,PERSON,PERSON_1347,PERSON,CALLED,2026-05-31 19:45:57,0.05,0.55,CDR_AGG_PERSON_1335_PERSON_1347
PERSON_0098,PERSON,PERSON_0814,PERSON,CALLED,2024-07-16 11:36:10,0.05,0.76,CDR_AGG_PERSON_0098_PERSON_0814
PERSON_1105,PERSON,PERSON_1207,PERSON,CALLED,2024-11-19 18:04:31,0.05,0.51,CDR_AGG_PERSON_1105_PERSON_1207
PERSON_0217,PERSON,PERSON_1050,PERSON,CALLED,2024-08-27 17:44:59,0.05,0.74,CDR_AGG_PERSON_0217_PERSON_1050
PERSON_0524,PERSON,PERSON_1022,PERSON,CALLED,2024-10-23 02:40:09,0.05,0.77,CDR_AGG_PERSON_0524_PERSON_1022
PERSON_0720,PERSON,PERSON_1175,PERSON,CALLED,2025-05-27 20:57:58,0.05,0.43,CDR_AGG_PERSON_0720_PERSON_1175
PERSON_0218,PERSON,PERSON_0994,PERSON,CALLED,2026-02-13 09:41:47,0.05,0.67,CDR_AGG_PERSON_0218_PERSON_0994
PERSON_0098,PERSON,PERSON_0918,PERSON,CALLED,2024-12-16 03:19:37,0.05,0.8,CDR_AGG_PERSON_0098_PERSON_0918
PERSON_0309,PERSON,PERSON_0775,PERSON,CALLED,2026-02-05 15:01:04,0.05,0.73,CDR_AGG_PERSON_0309_PERSON_0775
PERSON_0250,PERSON,PERSON_0715,PERSON,CALLED,2024-05-05 07:24:31,0.05,0.65,CDR_AGG_PERSON_0250_PERSON_0715
PERSON_0005,PERSON,PERSON_1308,PERSON,CALLED,2025-10-23 01:08:02,0.05,0.72,CDR_AGG_PERSON_0005_PERSON_1308
PERSON_0124,PERSON,PERSON_0252,PERSON,CALLED,2026-04-18 14:13:50,0.05,0.84,CDR_AGG_PERSON_0124_PERSON_0252
PERSON_0405,PERSON,PERSON_0976,PERSON,CALLED,2024-01-27 00:09:20,0.05,0.67,CDR_AGG_PERSON_0405_PERSON_0976
PERSON_0283,PERSON,PERSON_1344,PERSON,CALLED,2024-04-14 16:24:31,0.05,0.76,CDR_AGG_PERSON_0283_PERSON_1344
PERSON_0009,PERSON,PERSON_0530,PERSON,CALLED,2025-04-04 13:07:09,0.05,0.48,CDR_AGG_PERSON_0009_PERSON_0530
PERSON_0104,PERSON,PERSON_0337,PERSON,CALLED,2026-04-09 13:48:15,0.05,0.56,CDR_AGG_PERSON_0104_PERSON_0337
PERSON_0340,PERSON,PERSON_0696,PERSON,CALLED,2024-01-06 10:24:24,0.05,0.68,CDR_AGG_PERSON_0340_PERSON_0696
PERSON_0390,PERSON,PERSON_0841,PERSON,CALLED,2025-07-11 21:56:31,0.05,0.48,CDR_AGG_PERSON_0390_PERSON_0841
PERSON_1143,PERSON,PERSON_1452,PERSON,CALLED,2025-06-14 15:29:50,0.05,0.71,CDR_AGG_PERSON_1143_PERSON_1452
PERSON_0726,PERSON,PERSON_0887,PERSON,CALLED,2024-02-28 05:50:08,0.05,0.72,CDR_AGG_PERSON_0726_PERSON_0887
PERSON_0729,PERSON,PERSON_1233,PERSON,CALLED,2024-05-21 03:00:55,0.05,0.49,CDR_AGG_PERSON_0729_PERSON_1233
PERSON_0058,PERSON,PERSON_0344,PERSON,CALLED,2025-05-29 17:54:47,0.05,0.52,CDR_AGG_PERSON_0058_PERSON_0344
PERSON_0121,PERSON,PERSON_0662,PERSON,CALLED,2024-09-25 13:13:02,0.05,0.67,CDR_AGG_PERSON_0121_PERSON_0662
PERSON_0713,PERSON,PERSON_0912,PERSON,CALLED,2026-01-01 11:28:34,0.05,0.74,CDR_AGG_PERSON_0713_PERSON_0912
PERSON_0655,PERSON,PERSON_0875,PERSON,CALLED,2025-06-30 10:53:50,0.05,0.78,CDR_AGG_PERSON_0655_PERSON_0875
PERSON_0876,PERSON,PERSON_0923,PERSON,CALLED,2024-09-18 18:22:28,0.05,0.68,CDR_AGG_PERSON_0876_PERSON_0923
PERSON_0294,PERSON,PERSON_0799,PERSON,CALLED,2024-05-09 10:42:04,0.05,0.67,CDR_AGG_PERSON_0294_PERSON_0799
PERSON_0438,PERSON,PERSON_1157,PERSON,CALLED,2025-04-25 08:08:48,0.05,0.83,CDR_AGG_PERSON_0438_PERSON_1157
PERSON_1028,PERSON,PERSON_1201,PERSON,CALLED,2024-09-08 10:42:40,0.05,0.62,CDR_AGG_PERSON_1028_PERSON_1201
PERSON_0278,PERSON,PERSON_0573,PERSON,CALLED,2024-08-16 07:33:17,0.05,0.82,CDR_AGG_PERSON_0278_PERSON_0573
PERSON_0296,PERSON,PERSON_0333,PERSON,CALLED,2025-08-04 02:47:48,0.05,0.47,CDR_AGG_PERSON_0296_PERSON_0333
PERSON_0194,PERSON,PERSON_0457,PERSON,CALLED,2024-04-01 20:35:31,0.05,0.55,CDR_AGG_PERSON_0194_PERSON_0457
PERSON_0780,PERSON,PERSON_0938,PERSON,CALLED,2026-05-21 00:40:19,0.05,0.53,CDR_AGG_PERSON_0780_PERSON_0938
PERSON_0196,PERSON,PERSON_0751,PERSON,CALLED,2025-03-15 16:41:54,0.05,0.56,CDR_AGG_PERSON_0196_PERSON_0751
PERSON_0154,PERSON,PERSON_0576,PERSON,CALLED,2024-06-11 21:18:35,0.05,0.84,CDR_AGG_PERSON_0154_PERSON_0576
PERSON_0330,PERSON,PERSON_0649,PERSON,CALLED,2025-07-25 04:12:44,0.05,0.75,CDR_AGG_PERSON_0330_PERSON_0649
PERSON_0113,PERSON,PERSON_1231,PERSON,CALLED,2024-03-30 21:42:05,0.05,0.6,CDR_AGG_PERSON_0113_PERSON_1231
PERSON_0038,PERSON,PERSON_0971,PERSON,CALLED,2024-11-10 14:49:33,0.05,0.5,CDR_AGG_PERSON_0038_PERSON_0971
PERSON_0985,PERSON,PERSON_1373,PERSON,CALLED,2026-03-01 16:59:14,0.05,0.57,CDR_AGG_PERSON_0985_PERSON_1373
PERSON_0433,PERSON,PERSON_1426,PERSON,CALLED,2024-04-08 10:40:01,0.05,0.73,CDR_AGG_PERSON_0433_PERSON_1426
PERSON_0212,PERSON,PERSON_0870,PERSON,CALLED,2025-10-16 16:41:12,0.05,0.58,CDR_AGG_PERSON_0212_PERSON_0870
PERSON_0238,PERSON,PERSON_0921,PERSON,CALLED,2025-01-15 22:20:28,0.05,0.82,CDR_AGG_PERSON_0238_PERSON_0921
PERSON_0080,PERSON,PERSON_1453,PERSON,CALLED,2024-11-22 18:59:25,0.05,0.67,CDR_AGG_PERSON_0080_PERSON_1453
PERSON_0168,PERSON,PERSON_1134,PERSON,CALLED,2026-04-11 21:49:56,0.05,0.68,CDR_AGG_PERSON_0168_PERSON_1134
PERSON_0129,PERSON,PERSON_0694,PERSON,CALLED,2026-06-12 04:46:50,0.05,0.49,CDR_AGG_PERSON_0129_PERSON_0694
PERSON_1249,PERSON,PERSON_1378,PERSON,CALLED,2024-08-07 10:00:32,0.05,0.5,CDR_AGG_PERSON_1249_PERSON_1378
PERSON_0577,PERSON,PERSON_1222,PERSON,CALLED,2026-01-11 10:48:46,0.05,0.58,CDR_AGG_PERSON_0577_PERSON_1222
PERSON_0395,PERSON,PERSON_1424,PERSON,CALLED,2024-01-01 00:26:53,0.05,0.69,CDR_AGG_PERSON_0395_PERSON_1424
PERSON_0082,PERSON,PERSON_1347,PERSON,CALLED,2025-12-07 06:41:31,0.05,0.44,CDR_AGG_PERSON_0082_PERSON_1347
PERSON_0603,PERSON,PERSON_1064,PERSON,CALLED,2024-06-12 16:49:42,0.05,0.8,CDR_AGG_PERSON_0603_PERSON_1064
PERSON_0651,PERSON,PERSON_0961,PERSON,CALLED,2024-12-03 11:53:24,0.05,0.52,CDR_AGG_PERSON_0651_PERSON_0961
PERSON_0538,PERSON,PERSON_0983,PERSON,CALLED,2024-03-16 14:49:56,0.05,0.69,CDR_AGG_PERSON_0538_PERSON_0983
PERSON_0241,PERSON,PERSON_1347,PERSON,CALLED,2024-11-25 02:44:23,0.05,0.66,CDR_AGG_PERSON_0241_PERSON_1347
PERSON_0220,PERSON,PERSON_1256,PERSON,CALLED,2025-07-29 03:56:29,0.05,0.41,CDR_AGG_PERSON_0220_PERSON_1256
PERSON_0464,PERSON,PERSON_1232,PERSON,CALLED,2024-11-14 16:43:55,0.05,0.43,CDR_AGG_PERSON_0464_PERSON_1232
PERSON_0650,PERSON,PERSON_1247,PERSON,CALLED,2025-12-06 11:02:01,0.05,0.52,CDR_AGG_PERSON_0650_PERSON_1247
PERSON_1033,PERSON,PERSON_1127,PERSON,CALLED,2026-04-26 03:58:08,0.05,0.7,CDR_AGG_PERSON_1033_PERSON_1127
PERSON_0197,PERSON,PERSON_0874,PERSON,CALLED,2025-07-25 08:50:29,0.05,0.6,CDR_AGG_PERSON_0197_PERSON_0874
PERSON_0381,PERSON,PERSON_1140,PERSON,CALLED,2025-08-11 09:40:36,0.05,0.81,CDR_AGG_PERSON_0381_PERSON_1140
PERSON_0154,PERSON,PERSON_0944,PERSON,CALLED,2025-10-18 01:12:40,0.05,0.73,CDR_AGG_PERSON_0154_PERSON_0944
PERSON_1046,PERSON,PERSON_1062,PERSON,CALLED,2025-08-27 08:56:56,0.05,0.58,CDR_AGG_PERSON_1046_PERSON_1062
PERSON_0801,PERSON,PERSON_1252,PERSON,CALLED,2024-01-31 23:21:06,0.05,0.43,CDR_AGG_PERSON_0801_PERSON_1252
PERSON_0890,PERSON,PERSON_1058,PERSON,CALLED,2026-02-03 17:23:39,0.05,0.54,CDR_AGG_PERSON_0890_PERSON_1058
PERSON_0272,PERSON,PERSON_0592,PERSON,CALLED,2026-04-24 16:03:48,0.05,0.41,CDR_AGG_PERSON_0272_PERSON_0592
PERSON_0312,PERSON,PERSON_1225,PERSON,CALLED,2025-12-11 03:02:15,0.05,0.77,CDR_AGG_PERSON_0312_PERSON_1225
PERSON_1194,PERSON,PERSON_1212,PERSON,CALLED,2024-09-28 08:30:51,0.05,0.66,CDR_AGG_PERSON_1194_PERSON_1212
PERSON_0923,PERSON,PERSON_0980,PERSON,CALLED,2024-10-23 22:29:36,0.05,0.43,CDR_AGG_PERSON_0923_PERSON_0980
PERSON_0545,PERSON,PERSON_1330,PERSON,CALLED,2025-09-23 12:26:36,0.05,0.69,CDR_AGG_PERSON_0545_PERSON_1330
PERSON_0174,PERSON,PERSON_1195,PERSON,CALLED,2024-11-14 10:40:56,0.05,0.74,CDR_AGG_PERSON_0174_PERSON_1195
PERSON_1028,PERSON,PERSON_1134,PERSON,CALLED,2024-12-30 08:03:14,0.05,0.6,CDR_AGG_PERSON_1028_PERSON_1134
PERSON_0067,PERSON,PERSON_0174,PERSON,CALLED,2025-12-29 06:14:50,0.05,0.42,CDR_AGG_PERSON_0067_PERSON_0174
PERSON_0706,PERSON,PERSON_1337,PERSON,CALLED,2025-01-03 01:36:26,0.05,0.62,CDR_AGG_PERSON_0706_PERSON_1337
PERSON_1113,PERSON,PERSON_1273,PERSON,CALLED,2026-04-02 09:21:32,0.05,0.7,CDR_AGG_PERSON_1113_PERSON_1273
PERSON_0706,PERSON,PERSON_0860,PERSON,CALLED,2025-06-25 05:29:21,0.05,0.76,CDR_AGG_PERSON_0706_PERSON_0860
PERSON_0047,PERSON,PERSON_1327,PERSON,CALLED,2025-03-17 21:57:17,0.1,0.56,CDR_AGG_PERSON_0047_PERSON_1327
PERSON_0054,PERSON,PERSON_0270,PERSON,CALLED,2024-05-27 07:20:17,0.05,0.79,CDR_AGG_PERSON_0054_PERSON_0270
PERSON_0950,PERSON,PERSON_1107,PERSON,CALLED,2024-12-01 04:38:01,0.05,0.55,CDR_AGG_PERSON_0950_PERSON_1107
PERSON_0288,PERSON,PERSON_1140,PERSON,CALLED,2025-01-13 23:14:55,0.05,0.83,CDR_AGG_PERSON_0288_PERSON_1140
PERSON_0774,PERSON,PERSON_1187,PERSON,CALLED,2025-02-27 02:34:05,0.05,0.46,CDR_AGG_PERSON_0774_PERSON_1187
PERSON_0192,PERSON,PERSON_0625,PERSON,CALLED,2026-01-23 06:18:30,0.05,0.49,CDR_AGG_PERSON_0192_PERSON_0625
PERSON_0123,PERSON,PERSON_1408,PERSON,CALLED,2025-04-13 17:05:23,0.05,0.78,CDR_AGG_PERSON_0123_PERSON_1408
PERSON_0895,PERSON,PERSON_1151,PERSON,CALLED,2025-11-08 12:00:38,0.05,0.61,CDR_AGG_PERSON_0895_PERSON_1151
PERSON_0908,PERSON,PERSON_0981,PERSON,CALLED,2025-02-15 07:14:55,0.05,0.68,CDR_AGG_PERSON_0908_PERSON_0981
PERSON_0699,PERSON,PERSON_0846,PERSON,CALLED,2025-07-23 06:50:41,0.05,0.77,CDR_AGG_PERSON_0699_PERSON_0846
PERSON_0267,PERSON,PERSON_0478,PERSON,CALLED,2026-02-20 05:50:26,0.05,0.78,CDR_AGG_PERSON_0267_PERSON_0478
PERSON_0781,PERSON,PERSON_1420,PERSON,CALLED,2024-09-11 19:46:15,0.05,0.83,CDR_AGG_PERSON_0781_PERSON_1420
PERSON_0668,PERSON,PERSON_0972,PERSON,CALLED,2025-10-18 16:39:38,0.05,0.48,CDR_AGG_PERSON_0668_PERSON_0972
PERSON_0948,PERSON,PERSON_1265,PERSON,CALLED,2024-10-08 11:37:35,0.05,0.58,CDR_AGG_PERSON_0948_PERSON_1265
PERSON_0877,PERSON,PERSON_1188,PERSON,CALLED,2025-09-29 13:57:14,0.05,0.48,CDR_AGG_PERSON_0877_PERSON_1188
PERSON_0205,PERSON,PERSON_0679,PERSON,CALLED,2025-01-13 00:56:44,0.05,0.58,CDR_AGG_PERSON_0205_PERSON_0679
PERSON_0747,PERSON,PERSON_0962,PERSON,CALLED,2025-04-24 20:45:43,0.05,0.66,CDR_AGG_PERSON_0747_PERSON_0962
PERSON_0756,PERSON,PERSON_1309,PERSON,CALLED,2024-12-08 04:49:51,0.05,0.59,CDR_AGG_PERSON_0756_PERSON_1309
PERSON_0933,PERSON,PERSON_1437,PERSON,CALLED,2025-11-30 06:31:29,0.05,0.63,CDR_AGG_PERSON_0933_PERSON_1437
PERSON_0665,PERSON,PERSON_1187,PERSON,CALLED,2025-12-15 06:45:12,0.05,0.79,CDR_AGG_PERSON_0665_PERSON_1187
PERSON_0889,PERSON,PERSON_0925,PERSON,CALLED,2025-01-10 14:24:35,0.05,0.73,CDR_AGG_PERSON_0889_PERSON_0925
PERSON_0822,PERSON,PERSON_1440,PERSON,CALLED,2024-07-18 08:57:10,0.05,0.46,CDR_AGG_PERSON_0822_PERSON_1440
PERSON_0424,PERSON,PERSON_1465,PERSON,CALLED,2025-03-20 17:28:23,0.05,0.57,CDR_AGG_PERSON_0424_PERSON_1465
PERSON_0393,PERSON,PERSON_1093,PERSON,CALLED,2026-01-18 11:17:58,0.05,0.48,CDR_AGG_PERSON_0393_PERSON_1093
PERSON_0062,PERSON,PERSON_0630,PERSON,CALLED,2024-06-18 23:42:22,0.05,0.83,CDR_AGG_PERSON_0062_PERSON_0630
PERSON_0871,PERSON,PERSON_1020,PERSON,CALLED,2024-12-29 18:02:15,0.05,0.41,CDR_AGG_PERSON_0871_PERSON_1020
PERSON_0613,PERSON,PERSON_0829,PERSON,CALLED,2024-09-28 02:21:56,0.05,0.61,CDR_AGG_PERSON_0613_PERSON_0829
PERSON_1081,PERSON,PERSON_1242,PERSON,CALLED,2025-07-27 13:52:11,0.05,0.52,CDR_AGG_PERSON_1081_PERSON_1242
PERSON_0206,PERSON,PERSON_0822,PERSON,CALLED,2024-03-27 13:36:48,0.05,0.62,CDR_AGG_PERSON_0206_PERSON_0822
PERSON_0004,PERSON,PERSON_0741,PERSON,CALLED,2025-05-11 05:06:26,0.05,0.45,CDR_AGG_PERSON_0004_PERSON_0741
PERSON_0468,PERSON,PERSON_1403,PERSON,CALLED,2025-12-02 12:20:48,0.05,0.59,CDR_AGG_PERSON_0468_PERSON_1403
PERSON_0450,PERSON,PERSON_0995,PERSON,CALLED,2024-11-15 15:01:31,0.05,0.55,CDR_AGG_PERSON_0450_PERSON_0995
PERSON_0158,PERSON,PERSON_1379,PERSON,CALLED,2024-09-08 00:00:08,0.05,0.47,CDR_AGG_PERSON_0158_PERSON_1379
PERSON_1074,PERSON,PERSON_1179,PERSON,CALLED,2024-10-20 09:06:07,0.05,0.51,CDR_AGG_PERSON_1074_PERSON_1179
PERSON_0783,PERSON,PERSON_0795,PERSON,CALLED,2025-05-22 20:45:40,0.05,0.61,CDR_AGG_PERSON_0783_PERSON_0795
PERSON_0566,PERSON,PERSON_1237,PERSON,CALLED,2024-08-19 12:58:11,0.05,0.53,CDR_AGG_PERSON_0566_PERSON_1237
PERSON_0934,PERSON,PERSON_1491,PERSON,CALLED,2026-03-01 00:17:58,0.05,0.64,CDR_AGG_PERSON_0934_PERSON_1491
PERSON_0024,PERSON,PERSON_0165,PERSON,CALLED,2025-03-29 01:00:55,0.05,0.83,CDR_AGG_PERSON_0024_PERSON_0165
PERSON_0444,PERSON,PERSON_1295,PERSON,CALLED,2024-05-14 00:26:17,0.05,0.41,CDR_AGG_PERSON_0444_PERSON_1295
PERSON_0132,PERSON,PERSON_0696,PERSON,CALLED,2025-06-01 03:47:58,0.05,0.82,CDR_AGG_PERSON_0132_PERSON_0696
PERSON_0197,PERSON,PERSON_1187,PERSON,CALLED,2024-02-05 06:00:31,0.05,0.66,CDR_AGG_PERSON_0197_PERSON_1187
PERSON_0168,PERSON,PERSON_1068,PERSON,CALLED,2024-10-17 03:17:59,0.05,0.44,CDR_AGG_PERSON_0168_PERSON_1068
PERSON_0143,PERSON,PERSON_0845,PERSON,CALLED,2025-03-09 03:40:41,0.05,0.56,CDR_AGG_PERSON_0143_PERSON_0845
PERSON_0266,PERSON,PERSON_0939,PERSON,CALLED,2024-06-19 12:32:22,0.05,0.57,CDR_AGG_PERSON_0266_PERSON_0939
PERSON_0033,PERSON,PERSON_0670,PERSON,CALLED,2026-04-27 19:02:37,0.05,0.53,CDR_AGG_PERSON_0033_PERSON_0670
PERSON_0792,PERSON,PERSON_1216,PERSON,CALLED,2026-01-08 12:54:08,0.05,0.69,CDR_AGG_PERSON_0792_PERSON_1216
PERSON_0549,PERSON,PERSON_1116,PERSON,CALLED,2024-08-27 07:47:19,0.05,0.66,CDR_AGG_PERSON_0549_PERSON_1116
PERSON_0199,PERSON,PERSON_0746,PERSON,CALLED,2024-02-26 14:47:10,0.05,0.52,CDR_AGG_PERSON_0199_PERSON_0746
PERSON_0200,PERSON,PERSON_0673,PERSON,CALLED,2025-04-07 08:56:44,0.05,0.83,CDR_AGG_PERSON_0200_PERSON_0673
PERSON_1252,PERSON,PERSON_1383,PERSON,CALLED,2024-02-19 09:59:16,0.05,0.42,CDR_AGG_PERSON_1252_PERSON_1383
PERSON_0641,PERSON,PERSON_1395,PERSON,CALLED,2025-11-17 00:41:25,0.05,0.66,CDR_AGG_PERSON_0641_PERSON_1395
PERSON_0293,PERSON,PERSON_1291,PERSON,CALLED,2025-03-05 13:08:52,0.05,0.51,CDR_AGG_PERSON_0293_PERSON_1291
PERSON_0156,PERSON,PERSON_0371,PERSON,CALLED,2025-09-05 18:10:16,0.05,0.7,CDR_AGG_PERSON_0156_PERSON_0371
PERSON_0457,PERSON,PERSON_1097,PERSON,CALLED,2025-09-02 15:02:47,0.05,0.5,CDR_AGG_PERSON_0457_PERSON_1097
PERSON_0609,PERSON,PERSON_1358,PERSON,CALLED,2025-12-12 14:18:49,0.05,0.7,CDR_AGG_PERSON_0609_PERSON_1358
PERSON_0572,PERSON,PERSON_0981,PERSON,CALLED,2024-01-10 02:55:54,0.05,0.71,CDR_AGG_PERSON_0572_PERSON_0981
PERSON_0626,PERSON,PERSON_1156,PERSON,CALLED,2025-12-09 23:37:43,0.05,0.65,CDR_AGG_PERSON_0626_PERSON_1156
PERSON_0522,PERSON,PERSON_1333,PERSON,CALLED,2025-08-07 21:14:17,0.05,0.54,CDR_AGG_PERSON_0522_PERSON_1333
PERSON_0482,PERSON,PERSON_1125,PERSON,CALLED,2024-06-25 15:24:08,0.05,0.45,CDR_AGG_PERSON_0482_PERSON_1125
PERSON_0125,PERSON,PERSON_1063,PERSON,CALLED,2025-03-11 04:32:21,0.05,0.4,CDR_AGG_PERSON_0125_PERSON_1063
PERSON_0547,PERSON,PERSON_0714,PERSON,CALLED,2024-11-05 05:29:58,0.05,0.83,CDR_AGG_PERSON_0547_PERSON_0714
PERSON_1022,PERSON,PERSON_1387,PERSON,CALLED,2024-12-21 11:47:44,0.05,0.5,CDR_AGG_PERSON_1022_PERSON_1387
PERSON_0236,PERSON,PERSON_1028,PERSON,CALLED,2024-03-12 01:37:04,0.05,0.53,CDR_AGG_PERSON_0236_PERSON_1028
PERSON_0165,PERSON,PERSON_1105,PERSON,CALLED,2024-02-10 04:35:21,0.05,0.68,CDR_AGG_PERSON_0165_PERSON_1105
PERSON_0302,PERSON,PERSON_1218,PERSON,CALLED,2024-08-22 11:31:04,0.05,0.48,CDR_AGG_PERSON_0302_PERSON_1218
PERSON_0342,PERSON,PERSON_0930,PERSON,CALLED,2024-04-21 23:21:52,0.05,0.63,CDR_AGG_PERSON_0342_PERSON_0930
PERSON_0330,PERSON,PERSON_0631,PERSON,CALLED,2024-03-17 18:26:29,0.05,0.72,CDR_AGG_PERSON_0330_PERSON_0631
PERSON_1161,PERSON,PERSON_1379,PERSON,CALLED,2025-07-29 19:04:53,0.05,0.67,CDR_AGG_PERSON_1161_PERSON_1379
PERSON_1235,PERSON,PERSON_1240,PERSON,CALLED,2026-01-05 05:22:48,0.05,0.65,CDR_AGG_PERSON_1235_PERSON_1240
PERSON_0167,PERSON,PERSON_1327,PERSON,CALLED,2025-09-02 19:09:13,0.05,0.65,CDR_AGG_PERSON_0167_PERSON_1327
PERSON_0444,PERSON,PERSON_1072,PERSON,CALLED,2025-04-30 10:19:09,0.05,0.6,CDR_AGG_PERSON_0444_PERSON_1072
PERSON_0876,PERSON,PERSON_1312,PERSON,CALLED,2024-09-08 10:16:28,0.05,0.55,CDR_AGG_PERSON_0876_PERSON_1312
PERSON_0906,PERSON,PERSON_1453,PERSON,CALLED,2025-03-31 04:09:36,0.05,0.45,CDR_AGG_PERSON_0906_PERSON_1453
PERSON_0457,PERSON,PERSON_0809,PERSON,CALLED,2024-04-12 02:33:18,0.05,0.53,CDR_AGG_PERSON_0457_PERSON_0809
PERSON_0630,PERSON,PERSON_0827,PERSON,CALLED,2024-04-05 22:34:36,0.05,0.65,CDR_AGG_PERSON_0630_PERSON_0827
PERSON_1012,PERSON,PERSON_1496,PERSON,CALLED,2024-10-13 17:55:34,0.05,0.4,CDR_AGG_PERSON_1012_PERSON_1496
PERSON_0278,PERSON,PERSON_0364,PERSON,CALLED,2024-05-28 03:37:01,0.05,0.42,CDR_AGG_PERSON_0278_PERSON_0364
PERSON_0192,PERSON,PERSON_1440,PERSON,CALLED,2026-01-13 04:40:25,0.05,0.77,CDR_AGG_PERSON_0192_PERSON_1440
PERSON_1032,PERSON,PERSON_1046,PERSON,CALLED,2026-04-28 04:55:00,0.05,0.71,CDR_AGG_PERSON_1032_PERSON_1046
PERSON_0979,PERSON,PERSON_1171,PERSON,CALLED,2024-05-22 07:40:35,0.05,0.75,CDR_AGG_PERSON_0979_PERSON_1171
PERSON_0068,PERSON,PERSON_0266,PERSON,CALLED,2024-02-10 04:53:45,0.05,0.58,CDR_AGG_PERSON_0068_PERSON_0266
PERSON_0725,PERSON,PERSON_0792,PERSON,CALLED,2024-01-28 18:41:08,0.05,0.73,CDR_AGG_PERSON_0725_PERSON_0792
PERSON_0306,PERSON,PERSON_1314,PERSON,CALLED,2024-01-23 08:47:03,0.05,0.56,CDR_AGG_PERSON_0306_PERSON_1314
PERSON_0880,PERSON,PERSON_1111,PERSON,CALLED,2024-05-29 21:15:45,0.05,0.51,CDR_AGG_PERSON_0880_PERSON_1111
PERSON_1135,PERSON,PERSON_1171,PERSON,CALLED,2024-05-07 18:49:21,0.05,0.56,CDR_AGG_PERSON_1135_PERSON_1171
PERSON_0332,PERSON,PERSON_0514,PERSON,CALLED,2024-03-01 17:45:47,0.05,0.7,CDR_AGG_PERSON_0332_PERSON_0514
PERSON_0353,PERSON,PERSON_1468,PERSON,CALLED,2025-05-06 15:00:55,0.05,0.7,CDR_AGG_PERSON_0353_PERSON_1468
PERSON_0879,PERSON,PERSON_1010,PERSON,CALLED,2026-06-02 04:43:17,0.05,0.53,CDR_AGG_PERSON_0879_PERSON_1010
PERSON_0829,PERSON,PERSON_1055,PERSON,CALLED,2024-10-28 07:35:19,0.05,0.68,CDR_AGG_PERSON_0829_PERSON_1055
PERSON_0336,PERSON,PERSON_0881,PERSON,CALLED,2024-05-11 03:43:33,0.05,0.8,CDR_AGG_PERSON_0336_PERSON_0881
PERSON_0182,PERSON,PERSON_1454,PERSON,CALLED,2025-01-21 00:14:06,0.05,0.6,CDR_AGG_PERSON_0182_PERSON_1454
PERSON_0446,PERSON,PERSON_0630,PERSON,CALLED,2025-09-12 16:57:47,0.05,0.78,CDR_AGG_PERSON_0446_PERSON_0630
PERSON_0746,PERSON,PERSON_1149,PERSON,CALLED,2024-05-07 20:07:33,0.05,0.78,CDR_AGG_PERSON_0746_PERSON_1149
PERSON_0553,PERSON,PERSON_1162,PERSON,CALLED,2024-11-25 01:16:35,0.05,0.41,CDR_AGG_PERSON_0553_PERSON_1162
PERSON_0336,PERSON,PERSON_0995,PERSON,CALLED,2024-01-24 01:28:57,0.05,0.4,CDR_AGG_PERSON_0336_PERSON_0995
PERSON_0251,PERSON,PERSON_0879,PERSON,CALLED,2025-04-12 13:56:01,0.05,0.8,CDR_AGG_PERSON_0251_PERSON_0879
PERSON_0044,PERSON,PERSON_0186,PERSON,CALLED,2024-06-05 14:03:33,0.05,0.81,CDR_AGG_PERSON_0044_PERSON_0186
PERSON_0432,PERSON,PERSON_1397,PERSON,CALLED,2025-03-04 05:29:35,0.05,0.41,CDR_AGG_PERSON_0432_PERSON_1397
PERSON_0395,PERSON,PERSON_1131,PERSON,CALLED,2025-08-31 08:02:28,0.05,0.71,CDR_AGG_PERSON_0395_PERSON_1131
PERSON_0059,PERSON,PERSON_1458,PERSON,CALLED,2025-01-04 17:59:40,0.05,0.51,CDR_AGG_PERSON_0059_PERSON_1458
PERSON_1110,PERSON,PERSON_1414,PERSON,CALLED,2024-07-25 08:35:38,0.05,0.66,CDR_AGG_PERSON_1110_PERSON_1414
PERSON_0265,PERSON,PERSON_1269,PERSON,CALLED,2026-01-20 14:16:54,0.05,0.76,CDR_AGG_PERSON_0265_PERSON_1269
PERSON_0409,PERSON,PERSON_1162,PERSON,CALLED,2026-03-04 20:46:42,0.05,0.43,CDR_AGG_PERSON_0409_PERSON_1162
PERSON_0154,PERSON,PERSON_1185,PERSON,CALLED,2026-04-10 00:39:59,0.05,0.59,CDR_AGG_PERSON_0154_PERSON_1185
PERSON_0139,PERSON,PERSON_1206,PERSON,CALLED,2026-05-29 23:40:58,0.05,0.41,CDR_AGG_PERSON_0139_PERSON_1206
PERSON_0753,PERSON,PERSON_0940,PERSON,CALLED,2025-10-23 03:23:28,0.05,0.78,CDR_AGG_PERSON_0753_PERSON_0940
PERSON_0150,PERSON,PERSON_1411,PERSON,CALLED,2024-08-22 09:15:45,0.05,0.52,CDR_AGG_PERSON_0150_PERSON_1411
PERSON_0075,PERSON,PERSON_0431,PERSON,CALLED,2025-10-16 16:16:40,0.05,0.8,CDR_AGG_PERSON_0075_PERSON_0431
PERSON_0519,PERSON,PERSON_0730,PERSON,CALLED,2026-01-22 20:22:14,0.05,0.74,CDR_AGG_PERSON_0519_PERSON_0730
PERSON_0135,PERSON,PERSON_0555,PERSON,CALLED,2026-04-12 01:22:24,0.05,0.48,CDR_AGG_PERSON_0135_PERSON_0555
PERSON_0284,PERSON,PERSON_1469,PERSON,CALLED,2025-09-12 16:41:20,0.05,0.77,CDR_AGG_PERSON_0284_PERSON_1469
PERSON_0279,PERSON,PERSON_1366,PERSON,CALLED,2025-06-13 05:53:19,0.05,0.66,CDR_AGG_PERSON_0279_PERSON_1366
PERSON_0454,PERSON,PERSON_0866,PERSON,CALLED,2024-10-30 15:25:53,0.05,0.57,CDR_AGG_PERSON_0454_PERSON_0866
PERSON_0984,PERSON,PERSON_1468,PERSON,CALLED,2025-12-16 07:31:06,0.05,0.63,CDR_AGG_PERSON_0984_PERSON_1468
PERSON_0663,PERSON,PERSON_1442,PERSON,CALLED,2025-04-27 17:00:04,0.05,0.69,CDR_AGG_PERSON_0663_PERSON_1442
PERSON_0310,PERSON,PERSON_1465,PERSON,CALLED,2025-12-29 18:58:40,0.05,0.56,CDR_AGG_PERSON_0310_PERSON_1465
PERSON_0529,PERSON,PERSON_0851,PERSON,CALLED,2024-11-10 15:43:11,0.05,0.75,CDR_AGG_PERSON_0529_PERSON_0851
PERSON_0588,PERSON,PERSON_1113,PERSON,CALLED,2026-01-29 21:08:10,0.05,0.83,CDR_AGG_PERSON_0588_PERSON_1113
PERSON_0229,PERSON,PERSON_0747,PERSON,CALLED,2025-08-04 12:31:37,0.05,0.77,CDR_AGG_PERSON_0229_PERSON_0747
PERSON_0255,PERSON,PERSON_0975,PERSON,CALLED,2025-10-23 03:35:04,0.05,0.45,CDR_AGG_PERSON_0255_PERSON_0975
PERSON_0935,PERSON,PERSON_1344,PERSON,CALLED,2026-03-15 04:10:39,0.05,0.63,CDR_AGG_PERSON_0935_PERSON_1344
PERSON_0224,PERSON,PERSON_0393,PERSON,CALLED,2024-06-26 02:16:01,0.05,0.61,CDR_AGG_PERSON_0224_PERSON_0393
PERSON_0377,PERSON,PERSON_0780,PERSON,CALLED,2025-09-20 18:39:10,0.05,0.76,CDR_AGG_PERSON_0377_PERSON_0780
PERSON_0243,PERSON,PERSON_1208,PERSON,CALLED,2025-04-26 22:19:57,0.05,0.65,CDR_AGG_PERSON_0243_PERSON_1208
PERSON_0759,PERSON,PERSON_0958,PERSON,CALLED,2025-12-11 22:14:51,0.05,0.5,CDR_AGG_PERSON_0759_PERSON_0958
PERSON_0286,PERSON,PERSON_1418,PERSON,CALLED,2024-10-01 08:53:27,0.05,0.45,CDR_AGG_PERSON_0286_PERSON_1418
PERSON_0137,PERSON,PERSON_0805,PERSON,CALLED,2025-08-16 23:26:36,0.05,0.45,CDR_AGG_PERSON_0137_PERSON_0805
PERSON_0007,PERSON,PERSON_0443,PERSON,CALLED,2025-01-04 14:26:32,0.05,0.61,CDR_AGG_PERSON_0007_PERSON_0443
PERSON_0799,PERSON,PERSON_1244,PERSON,CALLED,2024-05-06 10:32:13,0.05,0.45,CDR_AGG_PERSON_0799_PERSON_1244
PERSON_0036,PERSON,PERSON_0049,PERSON,CALLED,2025-06-30 05:08:26,0.05,0.69,CDR_AGG_PERSON_0036_PERSON_0049
PERSON_0671,PERSON,PERSON_1093,PERSON,CALLED,2024-11-18 20:45:11,0.05,0.67,CDR_AGG_PERSON_0671_PERSON_1093
PERSON_0252,PERSON,PERSON_0369,PERSON,CALLED,2024-08-08 21:16:56,0.05,0.51,CDR_AGG_PERSON_0252_PERSON_0369
PERSON_0401,PERSON,PERSON_1001,PERSON,CALLED,2024-05-19 09:17:07,0.05,0.49,CDR_AGG_PERSON_0401_PERSON_1001
PERSON_0790,PERSON,PERSON_0935,PERSON,CALLED,2024-05-28 18:28:37,0.05,0.79,CDR_AGG_PERSON_0790_PERSON_0935
PERSON_0723,PERSON,PERSON_0724,PERSON,CALLED,2026-05-30 04:11:36,0.05,0.72,CDR_AGG_PERSON_0723_PERSON_0724
PERSON_0099,PERSON,PERSON_1367,PERSON,CALLED,2026-03-08 15:52:07,0.05,0.54,CDR_AGG_PERSON_0099_PERSON_1367
PERSON_1037,PERSON,PERSON_1069,PERSON,CALLED,2024-04-19 20:49:26,0.05,0.58,CDR_AGG_PERSON_1037_PERSON_1069
PERSON_0196,PERSON,PERSON_1265,PERSON,CALLED,2024-09-04 17:10:54,0.05,0.84,CDR_AGG_PERSON_0196_PERSON_1265
PERSON_0336,PERSON,PERSON_0527,PERSON,CALLED,2024-07-09 22:00:42,0.05,0.44,CDR_AGG_PERSON_0336_PERSON_0527
PERSON_0029,PERSON,PERSON_0944,PERSON,CALLED,2025-11-30 21:55:30,0.05,0.66,CDR_AGG_PERSON_0029_PERSON_0944
PERSON_0050,PERSON,PERSON_0068,PERSON,CALLED,2025-08-07 01:47:48,0.05,0.65,CDR_AGG_PERSON_0050_PERSON_0068
PERSON_0362,PERSON,PERSON_0368,PERSON,CALLED,2024-01-19 23:58:03,0.05,0.47,CDR_AGG_PERSON_0362_PERSON_0368
PERSON_0907,PERSON,PERSON_1469,PERSON,CALLED,2026-06-22 08:41:38,0.05,0.48,CDR_AGG_PERSON_0907_PERSON_1469
PERSON_0955,PERSON,PERSON_1367,PERSON,CALLED,2026-06-21 21:40:51,0.05,0.5,CDR_AGG_PERSON_0955_PERSON_1367
PERSON_0068,PERSON,PERSON_1254,PERSON,CALLED,2024-05-25 05:45:42,0.05,0.77,CDR_AGG_PERSON_0068_PERSON_1254
PERSON_0466,PERSON,PERSON_0851,PERSON,CALLED,2026-02-17 18:00:50,0.05,0.69,CDR_AGG_PERSON_0466_PERSON_0851
PERSON_0879,PERSON,PERSON_1488,PERSON,CALLED,2025-03-18 02:02:35,0.05,0.4,CDR_AGG_PERSON_0879_PERSON_1488
PERSON_0415,PERSON,PERSON_0761,PERSON,CALLED,2024-09-17 18:07:00,0.05,0.8,CDR_AGG_PERSON_0415_PERSON_0761
PERSON_0116,PERSON,PERSON_0123,PERSON,CALLED,2024-07-03 15:51:39,0.05,0.58,CDR_AGG_PERSON_0116_PERSON_0123
PERSON_1237,PERSON,PERSON_1311,PERSON,CALLED,2024-11-03 09:28:32,0.05,0.58,CDR_AGG_PERSON_1237_PERSON_1311
PERSON_0698,PERSON,PERSON_0838,PERSON,CALLED,2025-10-04 22:57:51,0.05,0.77,CDR_AGG_PERSON_0698_PERSON_0838
PERSON_0423,PERSON,PERSON_1358,PERSON,CALLED,2026-02-27 04:35:11,0.05,0.72,CDR_AGG_PERSON_0423_PERSON_1358
PERSON_0173,PERSON,PERSON_0898,PERSON,CALLED,2024-08-15 06:49:49,0.05,0.67,CDR_AGG_PERSON_0173_PERSON_0898
PERSON_0426,PERSON,PERSON_1094,PERSON,CALLED,2026-03-08 02:12:51,0.05,0.69,CDR_AGG_PERSON_0426_PERSON_1094
PERSON_0700,PERSON,PERSON_1055,PERSON,CALLED,2026-03-06 19:26:36,0.05,0.73,CDR_AGG_PERSON_0700_PERSON_1055
PERSON_0808,PERSON,PERSON_0913,PERSON,CALLED,2025-08-03 23:28:25,0.05,0.76,CDR_AGG_PERSON_0808_PERSON_0913
PERSON_0966,PERSON,PERSON_1032,PERSON,CALLED,2024-11-21 08:41:53,0.05,0.51,CDR_AGG_PERSON_0966_PERSON_1032
PERSON_0879,PERSON,PERSON_1368,PERSON,CALLED,2025-03-04 02:16:09,0.05,0.51,CDR_AGG_PERSON_0879_PERSON_1368
PERSON_1051,PERSON,PERSON_1307,PERSON,CALLED,2024-05-10 23:51:57,0.05,0.66,CDR_AGG_PERSON_1051_PERSON_1307
PERSON_1425,PERSON,PERSON_1460,PERSON,CALLED,2025-12-31 22:44:19,0.05,0.62,CDR_AGG_PERSON_1425_PERSON_1460
PERSON_0341,PERSON,PERSON_1217,PERSON,CALLED,2024-01-14 10:04:52,0.05,0.67,CDR_AGG_PERSON_0341_PERSON_1217
PERSON_0603,PERSON,PERSON_1394,PERSON,CALLED,2024-01-28 14:55:54,0.05,0.58,CDR_AGG_PERSON_0603_PERSON_1394
PERSON_0062,PERSON,PERSON_0357,PERSON,CALLED,2024-07-28 23:35:20,0.05,0.46,CDR_AGG_PERSON_0062_PERSON_0357
PERSON_0309,PERSON,PERSON_0382,PERSON,CALLED,2024-08-26 06:46:57,0.05,0.75,CDR_AGG_PERSON_0309_PERSON_0382
PERSON_0513,PERSON,PERSON_1195,PERSON,CALLED,2025-04-18 13:05:13,0.05,0.5,CDR_AGG_PERSON_0513_PERSON_1195
PERSON_0136,PERSON,PERSON_0947,PERSON,CALLED,2025-07-06 16:08:07,0.05,0.6,CDR_AGG_PERSON_0136_PERSON_0947
PERSON_0505,PERSON,PERSON_1272,PERSON,CALLED,2025-10-15 02:30:04,0.05,0.41,CDR_AGG_PERSON_0505_PERSON_1272
PERSON_0610,PERSON,PERSON_0912,PERSON,CALLED,2025-03-17 02:57:27,0.05,0.69,CDR_AGG_PERSON_0610_PERSON_0912
PERSON_0426,PERSON,PERSON_1030,PERSON,CALLED,2026-05-03 17:01:12,0.05,0.72,CDR_AGG_PERSON_0426_PERSON_1030
PERSON_0317,PERSON,PERSON_1310,PERSON,CALLED,2024-08-11 07:31:04,0.05,0.42,CDR_AGG_PERSON_0317_PERSON_1310
PERSON_0343,PERSON,PERSON_1472,PERSON,CALLED,2026-03-14 07:34:07,0.05,0.49,CDR_AGG_PERSON_0343_PERSON_1472
PERSON_0150,PERSON,PERSON_1422,PERSON,CALLED,2025-12-01 21:12:34,0.05,0.67,CDR_AGG_PERSON_0150_PERSON_1422
PERSON_0641,PERSON,PERSON_0681,PERSON,CALLED,2025-08-07 05:46:23,0.05,0.52,CDR_AGG_PERSON_0641_PERSON_0681
PERSON_0119,PERSON,PERSON_1113,PERSON,CALLED,2024-03-25 07:37:05,0.05,0.57,CDR_AGG_PERSON_0119_PERSON_1113
PERSON_0281,PERSON,PERSON_1021,PERSON,CALLED,2025-10-25 12:41:00,0.05,0.64,CDR_AGG_PERSON_0281_PERSON_1021
PERSON_0865,PERSON,PERSON_0875,PERSON,CALLED,2024-08-09 16:57:28,0.05,0.54,CDR_AGG_PERSON_0865_PERSON_0875
PERSON_0265,PERSON,PERSON_0331,PERSON,CALLED,2025-01-19 01:03:27,0.05,0.63,CDR_AGG_PERSON_0265_PERSON_0331
PERSON_0473,PERSON,PERSON_1443,PERSON,CALLED,2024-07-10 06:10:36,0.05,0.44,CDR_AGG_PERSON_0473_PERSON_1443
PERSON_0386,PERSON,PERSON_1080,PERSON,CALLED,2024-10-25 00:53:15,0.05,0.66,CDR_AGG_PERSON_0386_PERSON_1080
PERSON_0209,PERSON,PERSON_0589,PERSON,CALLED,2024-01-06 07:00:46,0.05,0.76,CDR_AGG_PERSON_0209_PERSON_0589
PERSON_0543,PERSON,PERSON_0573,PERSON,CALLED,2026-06-12 06:34:00,0.05,0.55,CDR_AGG_PERSON_0543_PERSON_0573
PERSON_0100,PERSON,PERSON_0979,PERSON,CALLED,2025-11-22 20:52:23,0.05,0.42,CDR_AGG_PERSON_0100_PERSON_0979
PERSON_0428,PERSON,PERSON_1199,PERSON,CALLED,2024-05-08 04:25:03,0.05,0.59,CDR_AGG_PERSON_0428_PERSON_1199
PERSON_0555,PERSON,PERSON_1119,PERSON,CALLED,2026-02-10 06:56:45,0.05,0.55,CDR_AGG_PERSON_0555_PERSON_1119
PERSON_0066,PERSON,PERSON_0518,PERSON,CALLED,2025-10-19 23:17:40,0.05,0.76,CDR_AGG_PERSON_0066_PERSON_0518
PERSON_0794,PERSON,PERSON_1038,PERSON,CALLED,2025-10-18 23:01:13,0.05,0.61,CDR_AGG_PERSON_0794_PERSON_1038
PERSON_0406,PERSON,PERSON_1300,PERSON,CALLED,2026-06-03 15:19:53,0.05,0.5,CDR_AGG_PERSON_0406_PERSON_1300
PERSON_0169,PERSON,PERSON_0749,PERSON,CALLED,2024-11-10 17:40:24,0.05,0.71,CDR_AGG_PERSON_0169_PERSON_0749
PERSON_0858,PERSON,PERSON_0912,PERSON,CALLED,2025-05-09 06:51:07,0.05,0.54,CDR_AGG_PERSON_0858_PERSON_0912
PERSON_0039,PERSON,PERSON_0154,PERSON,CALLED,2024-08-23 00:02:53,0.05,0.46,CDR_AGG_PERSON_0039_PERSON_0154
PERSON_0657,PERSON,PERSON_0722,PERSON,CALLED,2024-12-12 07:40:19,0.05,0.77,CDR_AGG_PERSON_0657_PERSON_0722
PERSON_0492,PERSON,PERSON_1101,PERSON,CALLED,2026-05-27 21:47:45,0.05,0.47,CDR_AGG_PERSON_0492_PERSON_1101
PERSON_1018,PERSON,PERSON_1411,PERSON,CALLED,2024-07-08 11:47:45,0.05,0.42,CDR_AGG_PERSON_1018_PERSON_1411
PERSON_0592,PERSON,PERSON_0596,PERSON,CALLED,2024-06-20 04:21:48,0.05,0.82,CDR_AGG_PERSON_0592_PERSON_0596
PERSON_0394,PERSON,PERSON_1110,PERSON,CALLED,2026-06-09 20:28:01,0.05,0.6,CDR_AGG_PERSON_0394_PERSON_1110
PERSON_1125,PERSON,PERSON_1132,PERSON,CALLED,2024-03-21 01:10:29,0.05,0.64,CDR_AGG_PERSON_1125_PERSON_1132
PERSON_0766,PERSON,PERSON_1147,PERSON,CALLED,2025-06-09 02:03:38,0.05,0.79,CDR_AGG_PERSON_0766_PERSON_1147
PERSON_0044,PERSON,PERSON_0206,PERSON,CALLED,2025-10-18 15:22:14,0.05,0.56,CDR_AGG_PERSON_0044_PERSON_0206
PERSON_0236,PERSON,PERSON_0950,PERSON,CALLED,2024-03-31 10:37:42,0.05,0.76,CDR_AGG_PERSON_0236_PERSON_0950
PERSON_0655,PERSON,PERSON_0895,PERSON,CALLED,2025-03-27 23:14:32,0.05,0.47,CDR_AGG_PERSON_0655_PERSON_0895
PERSON_0200,PERSON,PERSON_0790,PERSON,CALLED,2024-08-09 07:23:24,0.05,0.7,CDR_AGG_PERSON_0200_PERSON_0790
PERSON_0392,PERSON,PERSON_1408,PERSON,CALLED,2024-03-07 18:20:56,0.05,0.8,CDR_AGG_PERSON_0392_PERSON_1408
PERSON_0397,PERSON,PERSON_1063,PERSON,CALLED,2026-05-12 16:55:55,0.05,0.46,CDR_AGG_PERSON_0397_PERSON_1063
PERSON_0125,PERSON,PERSON_0508,PERSON,CALLED,2026-02-23 06:55:46,0.05,0.84,CDR_AGG_PERSON_0125_PERSON_0508
PERSON_0048,PERSON,PERSON_1115,PERSON,CALLED,2024-04-27 15:25:16,0.05,0.43,CDR_AGG_PERSON_0048_PERSON_1115
PERSON_0653,PERSON,PERSON_1500,PERSON,CALLED,2025-02-15 07:11:10,0.05,0.7,CDR_AGG_PERSON_0653_PERSON_1500
PERSON_0328,PERSON,PERSON_0954,PERSON,CALLED,2025-05-26 20:29:56,0.05,0.62,CDR_AGG_PERSON_0328_PERSON_0954
PERSON_0846,PERSON,PERSON_1125,PERSON,CALLED,2024-12-03 09:32:38,0.05,0.61,CDR_AGG_PERSON_0846_PERSON_1125
PERSON_0570,PERSON,PERSON_0964,PERSON,CALLED,2025-03-03 18:34:47,0.05,0.48,CDR_AGG_PERSON_0570_PERSON_0964
PERSON_0708,PERSON,PERSON_0934,PERSON,CALLED,2025-05-24 20:35:38,0.05,0.71,CDR_AGG_PERSON_0708_PERSON_0934
PERSON_0646,PERSON,PERSON_1431,PERSON,CALLED,2025-10-25 16:40:00,0.05,0.41,CDR_AGG_PERSON_0646_PERSON_1431
PERSON_1051,PERSON,PERSON_1396,PERSON,CALLED,2024-12-17 02:54:01,0.05,0.45,CDR_AGG_PERSON_1051_PERSON_1396
PERSON_0119,PERSON,PERSON_0276,PERSON,CALLED,2025-04-07 06:45:49,0.05,0.58,CDR_AGG_PERSON_0119_PERSON_0276
PERSON_0803,PERSON,PERSON_1184,PERSON,CALLED,2026-01-01 13:18:05,0.05,0.72,CDR_AGG_PERSON_0803_PERSON_1184
PERSON_0244,PERSON,PERSON_0461,PERSON,CALLED,2024-05-26 06:41:01,0.05,0.5,CDR_AGG_PERSON_0244_PERSON_0461
PERSON_0333,PERSON,PERSON_0566,PERSON,CALLED,2024-02-07 05:56:18,0.05,0.56,CDR_AGG_PERSON_0333_PERSON_0566
PERSON_0873,PERSON,PERSON_1452,PERSON,CALLED,2026-01-23 01:17:50,0.05,0.64,CDR_AGG_PERSON_0873_PERSON_1452
PERSON_1235,PERSON,PERSON_1482,PERSON,CALLED,2024-10-01 18:53:22,0.05,0.68,CDR_AGG_PERSON_1235_PERSON_1482
PERSON_1113,PERSON,PERSON_1153,PERSON,CALLED,2025-11-13 16:35:30,0.05,0.8,CDR_AGG_PERSON_1113_PERSON_1153
PERSON_0470,PERSON,PERSON_0749,PERSON,CALLED,2024-10-14 17:52:02,0.05,0.77,CDR_AGG_PERSON_0470_PERSON_0749
PERSON_0480,PERSON,PERSON_1250,PERSON,CALLED,2025-04-25 04:46:17,0.05,0.71,CDR_AGG_PERSON_0480_PERSON_1250
PERSON_1089,PERSON,PERSON_1272,PERSON,CALLED,2024-06-17 10:38:50,0.05,0.45,CDR_AGG_PERSON_1089_PERSON_1272
PERSON_0166,PERSON,PERSON_0750,PERSON,CALLED,2024-09-04 16:25:32,0.05,0.45,CDR_AGG_PERSON_0166_PERSON_0750
PERSON_0221,PERSON,PERSON_1220,PERSON,CALLED,2026-06-05 11:41:00,0.05,0.58,CDR_AGG_PERSON_0221_PERSON_1220
PERSON_0278,PERSON,PERSON_1494,PERSON,CALLED,2026-05-26 05:57:06,0.05,0.68,CDR_AGG_PERSON_0278_PERSON_1494
PERSON_0272,PERSON,PERSON_0903,PERSON,CALLED,2026-01-27 23:33:05,0.05,0.53,CDR_AGG_PERSON_0272_PERSON_0903
PERSON_0753,PERSON,PERSON_1014,PERSON,CALLED,2024-05-03 10:49:31,0.05,0.78,CDR_AGG_PERSON_0753_PERSON_1014
PERSON_0744,PERSON,PERSON_1077,PERSON,CALLED,2025-12-02 16:44:31,0.1,0.59,CDR_AGG_PERSON_0744_PERSON_1077
PERSON_0683,PERSON,PERSON_1079,PERSON,CALLED,2025-07-01 10:50:56,0.05,0.53,CDR_AGG_PERSON_0683_PERSON_1079
PERSON_1231,PERSON,PERSON_1464,PERSON,CALLED,2024-06-28 01:17:40,0.05,0.7,CDR_AGG_PERSON_1231_PERSON_1464
PERSON_0231,PERSON,PERSON_1121,PERSON,CALLED,2025-04-05 11:29:45,0.05,0.77,CDR_AGG_PERSON_0231_PERSON_1121
PERSON_0234,PERSON,PERSON_0493,PERSON,CALLED,2024-09-15 18:56:04,0.05,0.58,CDR_AGG_PERSON_0234_PERSON_0493
PERSON_0772,PERSON,PERSON_1036,PERSON,CALLED,2026-01-09 17:23:23,0.05,0.66,CDR_AGG_PERSON_0772_PERSON_1036
PERSON_0258,PERSON,PERSON_1409,PERSON,CALLED,2026-03-30 03:44:03,0.05,0.68,CDR_AGG_PERSON_0258_PERSON_1409
PERSON_1121,PERSON,PERSON_1460,PERSON,CALLED,2026-06-11 04:36:54,0.05,0.84,CDR_AGG_PERSON_1121_PERSON_1460
PERSON_0540,PERSON,PERSON_0995,PERSON,CALLED,2024-11-27 05:54:15,0.05,0.68,CDR_AGG_PERSON_0540_PERSON_0995
PERSON_0334,PERSON,PERSON_0613,PERSON,CALLED,2026-05-04 02:31:29,0.05,0.77,CDR_AGG_PERSON_0334_PERSON_0613
PERSON_0218,PERSON,PERSON_0791,PERSON,CALLED,2025-06-02 14:16:42,0.05,0.47,CDR_AGG_PERSON_0218_PERSON_0791
PERSON_0748,PERSON,PERSON_0987,PERSON,CALLED,2026-03-30 17:13:06,0.05,0.77,CDR_AGG_PERSON_0748_PERSON_0987
PERSON_0060,PERSON,PERSON_1279,PERSON,CALLED,2024-12-08 03:44:09,0.05,0.8,CDR_AGG_PERSON_0060_PERSON_1279
PERSON_0140,PERSON,PERSON_0769,PERSON,CALLED,2024-06-10 21:24:19,0.05,0.44,CDR_AGG_PERSON_0140_PERSON_0769
PERSON_0593,PERSON,PERSON_1189,PERSON,CALLED,2025-06-17 16:13:41,0.05,0.68,CDR_AGG_PERSON_0593_PERSON_1189
PERSON_0342,PERSON,PERSON_1313,PERSON,CALLED,2025-03-05 05:47:11,0.05,0.56,CDR_AGG_PERSON_0342_PERSON_1313
PERSON_1141,PERSON,PERSON_1184,PERSON,CALLED,2024-12-18 08:09:38,0.05,0.49,CDR_AGG_PERSON_1141_PERSON_1184
PERSON_0107,PERSON,PERSON_0697,PERSON,CALLED,2026-02-05 15:20:21,0.05,0.44,CDR_AGG_PERSON_0107_PERSON_0697
PERSON_0549,PERSON,PERSON_1350,PERSON,CALLED,2025-05-26 04:11:36,0.05,0.41,CDR_AGG_PERSON_0549_PERSON_1350
PERSON_0477,PERSON,PERSON_0854,PERSON,CALLED,2025-11-27 03:46:59,0.05,0.61,CDR_AGG_PERSON_0477_PERSON_0854
PERSON_0113,PERSON,PERSON_1496,PERSON,CALLED,2025-07-26 01:14:45,0.05,0.64,CDR_AGG_PERSON_0113_PERSON_1496
PERSON_0002,PERSON,PERSON_0875,PERSON,CALLED,2025-10-04 12:27:01,0.05,0.79,CDR_AGG_PERSON_0002_PERSON_0875
PERSON_0647,PERSON,PERSON_1149,PERSON,CALLED,2026-04-29 15:11:22,0.05,0.6,CDR_AGG_PERSON_0647_PERSON_1149
PERSON_0678,PERSON,PERSON_0892,PERSON,CALLED,2024-08-03 16:43:12,0.05,0.62,CDR_AGG_PERSON_0678_PERSON_0892
PERSON_0191,PERSON,PERSON_0777,PERSON,CALLED,2025-01-03 16:44:47,0.05,0.42,CDR_AGG_PERSON_0191_PERSON_0777
PERSON_0087,PERSON,PERSON_0522,PERSON,CALLED,2026-05-04 04:44:28,0.05,0.46,CDR_AGG_PERSON_0087_PERSON_0522
PERSON_0653,PERSON,PERSON_1042,PERSON,CALLED,2025-04-04 13:20:45,0.05,0.6,CDR_AGG_PERSON_0653_PERSON_1042
PERSON_0031,PERSON,PERSON_0777,PERSON,CALLED,2024-05-07 14:19:46,0.05,0.64,CDR_AGG_PERSON_0031_PERSON_0777
PERSON_0265,PERSON,PERSON_0634,PERSON,CALLED,2025-03-14 02:14:57,0.05,0.54,CDR_AGG_PERSON_0265_PERSON_0634
PERSON_0454,PERSON,PERSON_0946,PERSON,CALLED,2024-08-12 15:05:56,0.1,0.69,CDR_AGG_PERSON_0454_PERSON_0946
PERSON_0260,PERSON,PERSON_0707,PERSON,CALLED,2025-12-20 13:03:06,0.05,0.66,CDR_AGG_PERSON_0260_PERSON_0707
PERSON_1173,PERSON,PERSON_1327,PERSON,CALLED,2025-04-21 23:11:22,0.05,0.46,CDR_AGG_PERSON_1173_PERSON_1327
PERSON_0869,PERSON,PERSON_1256,PERSON,CALLED,2025-01-11 14:03:14,0.05,0.7,CDR_AGG_PERSON_0869_PERSON_1256
PERSON_1336,PERSON,PERSON_1374,PERSON,CALLED,2024-09-04 02:54:30,0.05,0.67,CDR_AGG_PERSON_1336_PERSON_1374
PERSON_0453,PERSON,PERSON_0644,PERSON,CALLED,2024-02-19 11:25:18,0.05,0.59,CDR_AGG_PERSON_0453_PERSON_0644
PERSON_0306,PERSON,PERSON_1007,PERSON,CALLED,2025-01-02 11:50:34,0.05,0.48,CDR_AGG_PERSON_0306_PERSON_1007
PERSON_1168,PERSON,PERSON_1314,PERSON,CALLED,2024-07-26 23:34:00,0.05,0.6,CDR_AGG_PERSON_1168_PERSON_1314
PERSON_0066,PERSON,PERSON_0188,PERSON,CALLED,2026-04-23 14:01:39,0.05,0.45,CDR_AGG_PERSON_0066_PERSON_0188
PERSON_0056,PERSON,PERSON_0263,PERSON,CALLED,2024-03-19 13:07:31,0.05,0.6,CDR_AGG_PERSON_0056_PERSON_0263
PERSON_1161,PERSON,PERSON_1413,PERSON,CALLED,2025-05-19 09:43:55,0.05,0.67,CDR_AGG_PERSON_1161_PERSON_1413
PERSON_0714,PERSON,PERSON_0891,PERSON,CALLED,2025-04-23 16:54:10,0.05,0.52,CDR_AGG_PERSON_0714_PERSON_0891
PERSON_0372,PERSON,PERSON_1359,PERSON,CALLED,2024-07-16 20:46:56,0.05,0.8,CDR_AGG_PERSON_0372_PERSON_1359
PERSON_0601,PERSON,PERSON_1030,PERSON,CALLED,2026-01-18 01:24:17,0.05,0.49,CDR_AGG_PERSON_0601_PERSON_1030
PERSON_0013,PERSON,PERSON_0160,PERSON,CALLED,2024-10-10 08:05:12,0.05,0.83,CDR_AGG_PERSON_0013_PERSON_0160
PERSON_0337,PERSON,PERSON_1411,PERSON,CALLED,2025-01-22 00:35:29,0.1,0.77,CDR_AGG_PERSON_0337_PERSON_1411
PERSON_0556,PERSON,PERSON_1205,PERSON,CALLED,2024-02-16 05:24:58,0.05,0.73,CDR_AGG_PERSON_0556_PERSON_1205
PERSON_0382,PERSON,PERSON_1368,PERSON,CALLED,2026-04-08 23:27:35,0.05,0.45,CDR_AGG_PERSON_0382_PERSON_1368
PERSON_1232,PERSON,PERSON_1354,PERSON,CALLED,2025-06-15 12:15:43,0.05,0.72,CDR_AGG_PERSON_1232_PERSON_1354
PERSON_0045,PERSON,PERSON_0905,PERSON,CALLED,2025-09-27 09:30:30,0.05,0.71,CDR_AGG_PERSON_0045_PERSON_0905
PERSON_0539,PERSON,PERSON_0984,PERSON,CALLED,2025-05-22 13:23:19,0.05,0.46,CDR_AGG_PERSON_0539_PERSON_0984
PERSON_0003,PERSON,PERSON_1442,PERSON,CALLED,2024-11-11 06:33:31,0.05,0.63,CDR_AGG_PERSON_0003_PERSON_1442
PERSON_0513,PERSON,PERSON_0532,PERSON,CALLED,2024-02-12 19:14:59,0.05,0.82,CDR_AGG_PERSON_0513_PERSON_0532
PERSON_0019,PERSON,PERSON_0075,PERSON,CALLED,2024-05-26 03:32:11,0.05,0.71,CDR_AGG_PERSON_0019_PERSON_0075
PERSON_0220,PERSON,PERSON_1324,PERSON,CALLED,2025-10-08 14:56:32,0.05,0.49,CDR_AGG_PERSON_0220_PERSON_1324
PERSON_0562,PERSON,PERSON_1179,PERSON,CALLED,2025-01-28 10:41:33,0.05,0.7,CDR_AGG_PERSON_0562_PERSON_1179
PERSON_0127,PERSON,PERSON_0409,PERSON,CALLED,2026-01-25 08:53:59,0.05,0.75,CDR_AGG_PERSON_0127_PERSON_0409
PERSON_0213,PERSON,PERSON_0790,PERSON,CALLED,2025-09-19 07:25:17,0.05,0.74,CDR_AGG_PERSON_0213_PERSON_0790
PERSON_0306,PERSON,PERSON_0618,PERSON,CALLED,2026-04-28 08:59:01,0.05,0.71,CDR_AGG_PERSON_0306_PERSON_0618
PERSON_0009,PERSON,PERSON_1091,PERSON,CALLED,2025-06-24 10:15:48,0.05,0.7,CDR_AGG_PERSON_0009_PERSON_1091
PERSON_0333,PERSON,PERSON_0346,PERSON,CALLED,2025-02-06 00:55:59,0.05,0.67,CDR_AGG_PERSON_0333_PERSON_0346
PERSON_0077,PERSON,PERSON_0753,PERSON,CALLED,2024-11-24 09:57:39,0.05,0.65,CDR_AGG_PERSON_0077_PERSON_0753
PERSON_0137,PERSON,PERSON_0902,PERSON,CALLED,2025-04-22 01:49:26,0.05,0.68,CDR_AGG_PERSON_0137_PERSON_0902
PERSON_0783,PERSON,PERSON_0789,PERSON,CALLED,2024-06-12 05:50:49,0.05,0.71,CDR_AGG_PERSON_0783_PERSON_0789
PERSON_0714,PERSON,PERSON_1412,PERSON,CALLED,2025-03-08 06:33:24,0.05,0.4,CDR_AGG_PERSON_0714_PERSON_1412
PERSON_0703,PERSON,PERSON_0722,PERSON,CALLED,2024-10-02 09:32:19,0.05,0.82,CDR_AGG_PERSON_0703_PERSON_0722
PERSON_0027,PERSON,PERSON_0295,PERSON,CALLED,2025-04-03 00:37:01,0.05,0.79,CDR_AGG_PERSON_0027_PERSON_0295
PERSON_0955,PERSON,PERSON_1235,PERSON,CALLED,2026-01-11 15:30:19,0.05,0.56,CDR_AGG_PERSON_0955_PERSON_1235
PERSON_0503,PERSON,PERSON_0813,PERSON,CALLED,2025-11-10 02:16:24,0.05,0.56,CDR_AGG_PERSON_0503_PERSON_0813
PERSON_0066,PERSON,PERSON_0370,PERSON,CALLED,2025-01-15 03:40:10,0.05,0.58,CDR_AGG_PERSON_0066_PERSON_0370
PERSON_0139,PERSON,PERSON_1311,PERSON,CALLED,2026-03-06 08:16:10,0.05,0.84,CDR_AGG_PERSON_0139_PERSON_1311
PERSON_0410,PERSON,PERSON_0432,PERSON,CALLED,2025-11-15 15:43:24,0.05,0.41,CDR_AGG_PERSON_0410_PERSON_0432
PERSON_0963,PERSON,PERSON_1348,PERSON,CALLED,2024-08-05 17:31:42,0.05,0.69,CDR_AGG_PERSON_0963_PERSON_1348
PERSON_0042,PERSON,PERSON_1353,PERSON,CALLED,2025-10-15 00:48:14,0.05,0.56,CDR_AGG_PERSON_0042_PERSON_1353
PERSON_0512,PERSON,PERSON_1326,PERSON,CALLED,2025-05-24 03:34:33,0.05,0.69,CDR_AGG_PERSON_0512_PERSON_1326
PERSON_0120,PERSON,PERSON_1495,PERSON,CALLED,2026-03-08 17:59:28,0.05,0.76,CDR_AGG_PERSON_0120_PERSON_1495
PERSON_1114,PERSON,PERSON_1203,PERSON,CALLED,2025-04-17 13:05:58,0.1,0.5,CDR_AGG_PERSON_1114_PERSON_1203
PERSON_0432,PERSON,PERSON_0483,PERSON,CALLED,2025-06-28 23:04:45,0.05,0.67,CDR_AGG_PERSON_0432_PERSON_0483
PERSON_0432,PERSON,PERSON_0677,PERSON,CALLED,2024-04-16 06:58:36,0.05,0.48,CDR_AGG_PERSON_0432_PERSON_0677
PERSON_0492,PERSON,PERSON_0961,PERSON,CALLED,2026-05-11 09:02:14,0.05,0.68,CDR_AGG_PERSON_0492_PERSON_0961
PERSON_0874,PERSON,PERSON_1304,PERSON,CALLED,2024-12-16 15:26:01,0.05,0.77,CDR_AGG_PERSON_0874_PERSON_1304
PERSON_0204,PERSON,PERSON_0711,PERSON,CALLED,2025-04-29 05:50:57,0.05,0.61,CDR_AGG_PERSON_0204_PERSON_0711
PERSON_1110,PERSON,PERSON_1227,PERSON,CALLED,2026-04-25 13:39:25,0.05,0.81,CDR_AGG_PERSON_1110_PERSON_1227
PERSON_0499,PERSON,PERSON_1039,PERSON,CALLED,2024-05-28 08:07:39,0.05,0.69,CDR_AGG_PERSON_0499_PERSON_1039
PERSON_0988,PERSON,PERSON_1022,PERSON,CALLED,2026-03-31 11:22:42,0.05,0.45,CDR_AGG_PERSON_0988_PERSON_1022
PERSON_0164,PERSON,PERSON_0969,PERSON,CALLED,2024-02-29 02:26:33,0.05,0.43,CDR_AGG_PERSON_0164_PERSON_0969
PERSON_0685,PERSON,PERSON_1185,PERSON,CALLED,2026-03-31 22:08:26,0.05,0.53,CDR_AGG_PERSON_0685_PERSON_1185
PERSON_0782,PERSON,PERSON_1211,PERSON,CALLED,2024-07-21 05:17:45,0.05,0.79,CDR_AGG_PERSON_0782_PERSON_1211
PERSON_0132,PERSON,PERSON_0770,PERSON,CALLED,2024-03-02 06:13:18,0.05,0.56,CDR_AGG_PERSON_0132_PERSON_0770
PERSON_0044,PERSON,PERSON_0557,PERSON,CALLED,2024-04-28 02:52:52,0.05,0.75,CDR_AGG_PERSON_0044_PERSON_0557
PERSON_0925,PERSON,PERSON_1383,PERSON,CALLED,2025-11-13 13:33:46,0.05,0.61,CDR_AGG_PERSON_0925_PERSON_1383
PERSON_0472,PERSON,PERSON_1329,PERSON,CALLED,2024-11-02 21:05:39,0.05,0.77,CDR_AGG_PERSON_0472_PERSON_1329
PERSON_0268,PERSON,PERSON_0301,PERSON,CALLED,2026-01-19 03:30:45,0.05,0.49,CDR_AGG_PERSON_0268_PERSON_0301
PERSON_0033,PERSON,PERSON_1357,PERSON,CALLED,2024-02-23 10:20:23,0.05,0.43,CDR_AGG_PERSON_0033_PERSON_1357
PERSON_1287,PERSON,PERSON_1480,PERSON,CALLED,2025-08-11 03:14:12,0.05,0.8,CDR_AGG_PERSON_1287_PERSON_1480
PERSON_0336,PERSON,PERSON_0577,PERSON,CALLED,2026-06-25 18:07:43,0.05,0.68,CDR_AGG_PERSON_0336_PERSON_0577
PERSON_0746,PERSON,PERSON_1287,PERSON,CALLED,2024-08-25 14:37:32,0.05,0.41,CDR_AGG_PERSON_0746_PERSON_1287
PERSON_0553,PERSON,PERSON_1485,PERSON,CALLED,2024-09-16 23:08:52,0.05,0.74,CDR_AGG_PERSON_0553_PERSON_1485
PERSON_0140,PERSON,PERSON_0475,PERSON,CALLED,2026-03-07 23:42:06,0.1,0.48,CDR_AGG_PERSON_0140_PERSON_0475
PERSON_1106,PERSON,PERSON_1459,PERSON,CALLED,2026-06-21 09:11:49,0.05,0.62,CDR_AGG_PERSON_1106_PERSON_1459
PERSON_0050,PERSON,PERSON_0992,PERSON,CALLED,2025-05-01 04:51:08,0.05,0.54,CDR_AGG_PERSON_0050_PERSON_0992
PERSON_0935,PERSON,PERSON_1376,PERSON,CALLED,2024-05-30 02:28:20,0.05,0.71,CDR_AGG_PERSON_0935_PERSON_1376
PERSON_0470,PERSON,PERSON_0626,PERSON,CALLED,2025-03-28 09:59:51,0.05,0.67,CDR_AGG_PERSON_0470_PERSON_0626
PERSON_0420,PERSON,PERSON_1251,PERSON,CALLED,2025-08-09 06:58:39,0.05,0.45,CDR_AGG_PERSON_0420_PERSON_1251
PERSON_0763,PERSON,PERSON_0833,PERSON,CALLED,2025-11-14 16:41:42,0.05,0.69,CDR_AGG_PERSON_0763_PERSON_0833
PERSON_0019,PERSON,PERSON_0841,PERSON,CALLED,2025-08-13 02:24:43,0.05,0.56,CDR_AGG_PERSON_0019_PERSON_0841
PERSON_0772,PERSON,PERSON_0876,PERSON,CALLED,2024-07-05 19:47:18,0.05,0.84,CDR_AGG_PERSON_0772_PERSON_0876
PERSON_0436,PERSON,PERSON_0662,PERSON,CALLED,2025-06-02 02:48:51,0.05,0.68,CDR_AGG_PERSON_0436_PERSON_0662
PERSON_0168,PERSON,PERSON_0362,PERSON,CALLED,2024-09-25 12:51:33,0.05,0.64,CDR_AGG_PERSON_0168_PERSON_0362
PERSON_0775,PERSON,PERSON_1359,PERSON,CALLED,2024-09-02 18:39:35,0.05,0.74,CDR_AGG_PERSON_0775_PERSON_1359
PERSON_0606,PERSON,PERSON_1480,PERSON,CALLED,2026-03-14 07:23:25,0.05,0.55,CDR_AGG_PERSON_0606_PERSON_1480
PERSON_1098,PERSON,PERSON_1471,PERSON,CALLED,2026-02-20 10:56:07,0.05,0.84,CDR_AGG_PERSON_1098_PERSON_1471
PERSON_0834,PERSON,PERSON_0932,PERSON,CALLED,2024-12-07 17:56:30,0.05,0.53,CDR_AGG_PERSON_0834_PERSON_0932
PERSON_1246,PERSON,PERSON_1311,PERSON,CALLED,2024-10-24 04:07:02,0.05,0.79,CDR_AGG_PERSON_1246_PERSON_1311
PERSON_0121,PERSON,PERSON_1472,PERSON,CALLED,2025-01-17 20:59:13,0.05,0.6,CDR_AGG_PERSON_0121_PERSON_1472
PERSON_1438,PERSON,PERSON_1451,PERSON,CALLED,2024-02-22 10:02:23,0.05,0.53,CDR_AGG_PERSON_1438_PERSON_1451
PERSON_0001,PERSON,PERSON_0345,PERSON,CALLED,2026-01-04 08:46:50,0.05,0.55,CDR_AGG_PERSON_0001_PERSON_0345
PERSON_1336,PERSON,PERSON_1409,PERSON,CALLED,2025-11-06 17:02:16,0.05,0.77,CDR_AGG_PERSON_1336_PERSON_1409
PERSON_0303,PERSON,PERSON_0681,PERSON,CALLED,2024-11-08 04:49:32,0.05,0.62,CDR_AGG_PERSON_0303_PERSON_0681
PERSON_1235,PERSON,PERSON_1254,PERSON,CALLED,2026-05-11 17:16:03,0.05,0.8,CDR_AGG_PERSON_1235_PERSON_1254
PERSON_0451,PERSON,PERSON_0952,PERSON,CALLED,2024-06-06 12:02:16,0.05,0.6,CDR_AGG_PERSON_0451_PERSON_0952
PERSON_0372,PERSON,PERSON_0678,PERSON,CALLED,2024-07-12 13:47:32,0.05,0.5,CDR_AGG_PERSON_0372_PERSON_0678
PERSON_0184,PERSON,PERSON_0520,PERSON,CALLED,2025-08-16 10:33:22,0.05,0.52,CDR_AGG_PERSON_0184_PERSON_0520
PERSON_0131,PERSON,PERSON_0630,PERSON,CALLED,2026-02-17 22:33:45,0.05,0.85,CDR_AGG_PERSON_0131_PERSON_0630
PERSON_0794,PERSON,PERSON_1077,PERSON,CALLED,2025-10-11 12:34:12,0.05,0.76,CDR_AGG_PERSON_0794_PERSON_1077
PERSON_1225,PERSON,PERSON_1241,PERSON,CALLED,2025-03-09 10:20:57,0.05,0.64,CDR_AGG_PERSON_1225_PERSON_1241
PERSON_0152,PERSON,PERSON_1391,PERSON,CALLED,2024-02-01 22:15:21,0.05,0.62,CDR_AGG_PERSON_0152_PERSON_1391
PERSON_0067,PERSON,PERSON_0722,PERSON,CALLED,2024-09-14 12:19:58,0.05,0.6,CDR_AGG_PERSON_0067_PERSON_0722
PERSON_0623,PERSON,PERSON_0657,PERSON,CALLED,2026-01-13 22:14:54,0.05,0.42,CDR_AGG_PERSON_0623_PERSON_0657
PERSON_1311,PERSON,PERSON_1404,PERSON,CALLED,2024-03-11 02:48:20,0.05,0.73,CDR_AGG_PERSON_1311_PERSON_1404
PERSON_0763,PERSON,PERSON_1418,PERSON,CALLED,2026-03-26 17:22:36,0.05,0.53,CDR_AGG_PERSON_0763_PERSON_1418
PERSON_0549,PERSON,PERSON_1205,PERSON,CALLED,2025-09-17 02:21:28,0.05,0.63,CDR_AGG_PERSON_0549_PERSON_1205
PERSON_0079,PERSON,PERSON_0885,PERSON,CALLED,2026-02-17 01:15:55,0.05,0.71,CDR_AGG_PERSON_0079_PERSON_0885
PERSON_0179,PERSON,PERSON_0679,PERSON,CALLED,2024-11-23 17:17:44,0.05,0.58,CDR_AGG_PERSON_0179_PERSON_0679
PERSON_0112,PERSON,PERSON_1409,PERSON,CALLED,2024-02-15 11:02:26,0.05,0.84,CDR_AGG_PERSON_0112_PERSON_1409
PERSON_1128,PERSON,PERSON_1383,PERSON,CALLED,2025-07-11 04:07:22,0.05,0.69,CDR_AGG_PERSON_1128_PERSON_1383
PERSON_0763,PERSON,PERSON_1005,PERSON,CALLED,2024-07-19 09:44:52,0.05,0.47,CDR_AGG_PERSON_0763_PERSON_1005
PERSON_0517,PERSON,PERSON_0925,PERSON,CALLED,2025-07-12 20:58:46,0.05,0.52,CDR_AGG_PERSON_0517_PERSON_0925
PERSON_0833,PERSON,PERSON_1379,PERSON,CALLED,2025-02-03 16:05:06,0.05,0.83,CDR_AGG_PERSON_0833_PERSON_1379
PERSON_0848,PERSON,PERSON_1376,PERSON,CALLED,2025-08-10 05:53:25,0.05,0.78,CDR_AGG_PERSON_0848_PERSON_1376
PERSON_1081,PERSON,PERSON_1245,PERSON,CALLED,2024-03-29 20:05:40,0.05,0.57,CDR_AGG_PERSON_1081_PERSON_1245
PERSON_0370,PERSON,PERSON_1432,PERSON,CALLED,2024-09-28 14:48:10,0.05,0.66,CDR_AGG_PERSON_0370_PERSON_1432
PERSON_0134,PERSON,PERSON_0975,PERSON,CALLED,2024-03-14 18:01:51,0.05,0.54,CDR_AGG_PERSON_0134_PERSON_0975
PERSON_0862,PERSON,PERSON_0956,PERSON,CALLED,2025-03-02 21:37:15,0.05,0.64,CDR_AGG_PERSON_0862_PERSON_0956
PERSON_0245,PERSON,PERSON_1130,PERSON,CALLED,2025-12-09 06:00:07,0.05,0.48,CDR_AGG_PERSON_0245_PERSON_1130
PERSON_0630,PERSON,PERSON_0635,PERSON,CALLED,2026-02-05 12:59:14,0.05,0.42,CDR_AGG_PERSON_0630_PERSON_0635
PERSON_0952,PERSON,PERSON_1397,PERSON,CALLED,2025-04-26 23:40:43,0.05,0.41,CDR_AGG_PERSON_0952_PERSON_1397
PERSON_0195,PERSON,PERSON_0987,PERSON,CALLED,2026-02-22 17:06:20,0.05,0.69,CDR_AGG_PERSON_0195_PERSON_0987
PERSON_0021,PERSON,PERSON_0827,PERSON,CALLED,2024-02-25 22:27:50,0.05,0.54,CDR_AGG_PERSON_0021_PERSON_0827
PERSON_0502,PERSON,PERSON_1151,PERSON,CALLED,2025-03-02 05:07:13,0.05,0.78,CDR_AGG_PERSON_0502_PERSON_1151
PERSON_0286,PERSON,PERSON_0350,PERSON,CALLED,2025-05-29 23:18:27,0.05,0.8,CDR_AGG_PERSON_0286_PERSON_0350
PERSON_0055,PERSON,PERSON_0827,PERSON,CALLED,2024-05-30 22:59:45,0.05,0.8,CDR_AGG_PERSON_0055_PERSON_0827
PERSON_0064,PERSON,PERSON_0672,PERSON,CALLED,2026-05-21 18:11:02,0.05,0.43,CDR_AGG_PERSON_0064_PERSON_0672
PERSON_0068,PERSON,PERSON_0334,PERSON,CALLED,2026-04-14 17:59:14,0.05,0.6,CDR_AGG_PERSON_0068_PERSON_0334
PERSON_0070,PERSON,PERSON_1105,PERSON,CALLED,2024-09-04 02:39:59,0.05,0.58,CDR_AGG_PERSON_0070_PERSON_1105
PERSON_0384,PERSON,PERSON_0433,PERSON,CALLED,2026-02-21 20:17:35,0.05,0.76,CDR_AGG_PERSON_0384_PERSON_0433
PERSON_0122,PERSON,PERSON_0656,PERSON,CALLED,2024-01-04 13:28:49,0.05,0.82,CDR_AGG_PERSON_0122_PERSON_0656
PERSON_0080,PERSON,PERSON_0751,PERSON,CALLED,2026-01-28 07:58:35,0.05,0.82,CDR_AGG_PERSON_0080_PERSON_0751
PERSON_0708,PERSON,PERSON_1139,PERSON,CALLED,2024-10-14 04:29:53,0.05,0.68,CDR_AGG_PERSON_0708_PERSON_1139
PERSON_0546,PERSON,PERSON_1194,PERSON,CALLED,2026-01-21 20:16:14,0.05,0.42,CDR_AGG_PERSON_0546_PERSON_1194
PERSON_0535,PERSON,PERSON_1413,PERSON,CALLED,2025-12-30 03:34:35,0.05,0.82,CDR_AGG_PERSON_0535_PERSON_1413
PERSON_0366,PERSON,PERSON_0653,PERSON,CALLED,2025-05-05 02:38:02,0.05,0.55,CDR_AGG_PERSON_0366_PERSON_0653
PERSON_0763,PERSON,PERSON_1141,PERSON,CALLED,2025-12-27 03:27:48,0.05,0.45,CDR_AGG_PERSON_0763_PERSON_1141
PERSON_0481,PERSON,PERSON_0963,PERSON,CALLED,2025-05-20 13:16:25,0.05,0.59,CDR_AGG_PERSON_0481_PERSON_0963
PERSON_1444,PERSON,PERSON_1498,PERSON,CALLED,2026-06-01 09:20:56,0.05,0.45,CDR_AGG_PERSON_1444_PERSON_1498
PERSON_0980,PERSON,PERSON_1047,PERSON,CALLED,2024-03-10 06:03:00,0.05,0.51,CDR_AGG_PERSON_0980_PERSON_1047
PERSON_0427,PERSON,PERSON_0804,PERSON,CALLED,2025-10-14 21:39:11,0.05,0.61,CDR_AGG_PERSON_0427_PERSON_0804
PERSON_0061,PERSON,PERSON_1449,PERSON,CALLED,2024-11-14 20:06:10,0.05,0.8,CDR_AGG_PERSON_0061_PERSON_1449
PERSON_0880,PERSON,PERSON_0912,PERSON,CALLED,2024-08-11 18:06:27,0.05,0.67,CDR_AGG_PERSON_0880_PERSON_0912
PERSON_0919,PERSON,PERSON_1122,PERSON,CALLED,2025-03-21 04:11:58,0.05,0.73,CDR_AGG_PERSON_0919_PERSON_1122
PERSON_0570,PERSON,PERSON_0747,PERSON,CALLED,2024-02-07 12:47:45,0.05,0.63,CDR_AGG_PERSON_0570_PERSON_0747
PERSON_0154,PERSON,PERSON_1368,PERSON,CALLED,2025-12-23 23:06:36,0.05,0.74,CDR_AGG_PERSON_0154_PERSON_1368
PERSON_0580,PERSON,PERSON_1180,PERSON,CALLED,2024-08-21 07:15:57,0.05,0.84,CDR_AGG_PERSON_0580_PERSON_1180
PERSON_1139,PERSON,PERSON_1381,PERSON,CALLED,2024-12-03 02:04:47,0.05,0.52,CDR_AGG_PERSON_1139_PERSON_1381
PERSON_1361,PERSON,PERSON_1477,PERSON,CALLED,2025-08-21 20:19:16,0.05,0.63,CDR_AGG_PERSON_1361_PERSON_1477
PERSON_0621,PERSON,PERSON_1011,PERSON,CALLED,2024-05-01 11:33:50,0.05,0.66,CDR_AGG_PERSON_0621_PERSON_1011
PERSON_0234,PERSON,PERSON_1050,PERSON,CALLED,2024-06-16 13:05:57,0.05,0.75,CDR_AGG_PERSON_0234_PERSON_1050
PERSON_0534,PERSON,PERSON_0842,PERSON,CALLED,2026-02-19 14:11:15,0.05,0.7,CDR_AGG_PERSON_0534_PERSON_0842
PERSON_0167,PERSON,PERSON_1149,PERSON,CALLED,2024-01-30 16:13:53,0.05,0.68,CDR_AGG_PERSON_0167_PERSON_1149
PERSON_0797,PERSON,PERSON_1246,PERSON,CALLED,2025-04-14 23:40:07,0.05,0.6,CDR_AGG_PERSON_0797_PERSON_1246
PERSON_0297,PERSON,PERSON_0784,PERSON,CALLED,2025-09-18 11:35:46,0.05,0.56,CDR_AGG_PERSON_0297_PERSON_0784
PERSON_0525,PERSON,PERSON_0754,PERSON,CALLED,2024-07-21 03:02:37,0.05,0.61,CDR_AGG_PERSON_0525_PERSON_0754
PERSON_0746,PERSON,PERSON_0938,PERSON,CALLED,2024-06-17 07:26:10,0.05,0.7,CDR_AGG_PERSON_0746_PERSON_0938
PERSON_0274,PERSON,PERSON_1014,PERSON,CALLED,2025-03-26 17:56:50,0.05,0.77,CDR_AGG_PERSON_0274_PERSON_1014
PERSON_0366,PERSON,PERSON_1423,PERSON,CALLED,2024-01-27 00:10:35,0.05,0.58,CDR_AGG_PERSON_0366_PERSON_1423
PERSON_1209,PERSON,PERSON_1444,PERSON,CALLED,2024-07-23 18:51:41,0.05,0.65,CDR_AGG_PERSON_1209_PERSON_1444
PERSON_0467,PERSON,PERSON_1033,PERSON,CALLED,2025-12-11 02:45:30,0.05,0.53,CDR_AGG_PERSON_0467_PERSON_1033
PERSON_0336,PERSON,PERSON_0409,PERSON,CALLED,2025-04-07 20:48:46,0.1,0.68,CDR_AGG_PERSON_0336_PERSON_0409
PERSON_0920,PERSON,PERSON_1498,PERSON,CALLED,2025-01-18 14:35:41,0.05,0.71,CDR_AGG_PERSON_0920_PERSON_1498
PERSON_0196,PERSON,PERSON_0510,PERSON,CALLED,2025-10-05 04:51:29,0.05,0.8,CDR_AGG_PERSON_0196_PERSON_0510
PERSON_1358,PERSON,PERSON_1465,PERSON,CALLED,2026-06-09 03:30:50,0.05,0.79,CDR_AGG_PERSON_1358_PERSON_1465
PERSON_0461,PERSON,PERSON_0824,PERSON,CALLED,2026-05-08 20:16:30,0.05,0.65,CDR_AGG_PERSON_0461_PERSON_0824
PERSON_0645,PERSON,PERSON_1126,PERSON,CALLED,2025-08-31 12:45:16,0.05,0.75,CDR_AGG_PERSON_0645_PERSON_1126
PERSON_0385,PERSON,PERSON_1174,PERSON,CALLED,2024-12-23 12:07:35,0.05,0.71,CDR_AGG_PERSON_0385_PERSON_1174
PERSON_0012,PERSON,PERSON_0072,PERSON,CALLED,2024-12-29 02:44:43,0.05,0.42,CDR_AGG_PERSON_0012_PERSON_0072
PERSON_0875,PERSON,PERSON_1093,PERSON,CALLED,2025-06-29 23:54:39,0.05,0.41,CDR_AGG_PERSON_0875_PERSON_1093
PERSON_0773,PERSON,PERSON_1315,PERSON,CALLED,2025-02-14 14:29:42,0.05,0.54,CDR_AGG_PERSON_0773_PERSON_1315
PERSON_0197,PERSON,PERSON_0775,PERSON,CALLED,2024-05-08 14:51:53,0.05,0.75,CDR_AGG_PERSON_0197_PERSON_0775
PERSON_0934,PERSON,PERSON_1286,PERSON,CALLED,2024-12-02 10:21:19,0.05,0.57,CDR_AGG_PERSON_0934_PERSON_1286
PERSON_0917,PERSON,PERSON_1497,PERSON,CALLED,2024-02-06 02:10:53,0.05,0.68,CDR_AGG_PERSON_0917_PERSON_1497
PERSON_0056,PERSON,PERSON_0491,PERSON,CALLED,2025-11-08 12:09:41,0.05,0.65,CDR_AGG_PERSON_0056_PERSON_0491
PERSON_0500,PERSON,PERSON_1113,PERSON,CALLED,2025-08-15 22:04:59,0.05,0.66,CDR_AGG_PERSON_0500_PERSON_1113
PERSON_0493,PERSON,PERSON_0695,PERSON,CALLED,2026-03-14 18:23:29,0.05,0.49,CDR_AGG_PERSON_0493_PERSON_0695
PERSON_0039,PERSON,PERSON_0196,PERSON,CALLED,2024-07-29 12:32:32,0.05,0.53,CDR_AGG_PERSON_0039_PERSON_0196
PERSON_0125,PERSON,PERSON_0836,PERSON,CALLED,2025-03-20 20:22:25,0.05,0.77,CDR_AGG_PERSON_0125_PERSON_0836
PERSON_0108,PERSON,PERSON_1307,PERSON,CALLED,2026-01-28 19:15:30,0.05,0.72,CDR_AGG_PERSON_0108_PERSON_1307
PERSON_0174,PERSON,PERSON_0923,PERSON,CALLED,2025-07-16 04:25:32,0.05,0.41,CDR_AGG_PERSON_0174_PERSON_0923
PERSON_0117,PERSON,PERSON_0143,PERSON,CALLED,2026-06-08 12:22:50,0.05,0.57,CDR_AGG_PERSON_0117_PERSON_0143
PERSON_0549,PERSON,PERSON_1111,PERSON,CALLED,2024-07-22 18:48:47,0.05,0.49,CDR_AGG_PERSON_0549_PERSON_1111
PERSON_0798,PERSON,PERSON_1269,PERSON,CALLED,2024-10-15 11:59:24,0.05,0.8,CDR_AGG_PERSON_0798_PERSON_1269
PERSON_1172,PERSON,PERSON_1194,PERSON,CALLED,2026-02-13 03:30:22,0.05,0.44,CDR_AGG_PERSON_1172_PERSON_1194
PERSON_0559,PERSON,PERSON_0716,PERSON,CALLED,2024-12-19 06:17:48,0.05,0.46,CDR_AGG_PERSON_0559_PERSON_0716
PERSON_0732,PERSON,PERSON_1471,PERSON,CALLED,2025-03-05 20:02:52,0.05,0.77,CDR_AGG_PERSON_0732_PERSON_1471
PERSON_0027,PERSON,PERSON_1390,PERSON,CALLED,2025-10-16 23:36:31,0.05,0.71,CDR_AGG_PERSON_0027_PERSON_1390
PERSON_0028,PERSON,PERSON_0732,PERSON,CALLED,2026-03-13 19:58:37,0.05,0.57,CDR_AGG_PERSON_0028_PERSON_0732
PERSON_0392,PERSON,PERSON_0575,PERSON,CALLED,2025-10-06 14:40:37,0.05,0.78,CDR_AGG_PERSON_0392_PERSON_0575
PERSON_0212,PERSON,PERSON_1062,PERSON,CALLED,2024-07-22 12:04:42,0.05,0.4,CDR_AGG_PERSON_0212_PERSON_1062
PERSON_0354,PERSON,PERSON_0769,PERSON,CALLED,2026-04-05 08:25:42,0.05,0.53,CDR_AGG_PERSON_0354_PERSON_0769
PERSON_1046,PERSON,PERSON_1100,PERSON,CALLED,2025-06-15 07:36:55,0.05,0.47,CDR_AGG_PERSON_1046_PERSON_1100
PERSON_0025,PERSON,PERSON_0569,PERSON,CALLED,2024-02-08 18:43:05,0.05,0.7,CDR_AGG_PERSON_0025_PERSON_0569
PERSON_1086,PERSON,PERSON_1459,PERSON,CALLED,2025-11-13 19:50:11,0.05,0.44,CDR_AGG_PERSON_1086_PERSON_1459
PERSON_0285,PERSON,PERSON_1228,PERSON,CALLED,2025-02-11 02:09:01,0.05,0.47,CDR_AGG_PERSON_0285_PERSON_1228
PERSON_0049,PERSON,PERSON_1497,PERSON,CALLED,2026-03-08 04:39:59,0.05,0.73,CDR_AGG_PERSON_0049_PERSON_1497
PERSON_0043,PERSON,PERSON_0110,PERSON,CALLED,2024-01-28 23:43:51,0.05,0.8,CDR_AGG_PERSON_0043_PERSON_0110
PERSON_0308,PERSON,PERSON_0534,PERSON,CALLED,2025-09-21 18:01:39,0.05,0.59,CDR_AGG_PERSON_0308_PERSON_0534
PERSON_0763,PERSON,PERSON_1330,PERSON,CALLED,2024-05-06 20:57:34,0.05,0.75,CDR_AGG_PERSON_0763_PERSON_1330
PERSON_0147,PERSON,PERSON_0283,PERSON,CALLED,2024-02-20 13:18:08,0.05,0.68,CDR_AGG_PERSON_0147_PERSON_0283
PERSON_0660,PERSON,PERSON_1111,PERSON,CALLED,2025-03-26 08:55:01,0.05,0.65,CDR_AGG_PERSON_0660_PERSON_1111
PERSON_0277,PERSON,PERSON_1091,PERSON,CALLED,2025-11-29 02:25:33,0.05,0.81,CDR_AGG_PERSON_0277_PERSON_1091
PERSON_0279,PERSON,PERSON_1220,PERSON,CALLED,2024-04-19 07:38:47,0.05,0.48,CDR_AGG_PERSON_0279_PERSON_1220
PERSON_0843,PERSON,PERSON_1269,PERSON,CALLED,2024-03-11 12:24:52,0.05,0.82,CDR_AGG_PERSON_0843_PERSON_1269
PERSON_0934,PERSON,PERSON_1225,PERSON,CALLED,2025-11-16 05:22:37,0.1,0.73,CDR_AGG_PERSON_0934_PERSON_1225
PERSON_0064,PERSON,PERSON_0791,PERSON,CALLED,2024-12-10 07:31:33,0.05,0.51,CDR_AGG_PERSON_0064_PERSON_0791
PERSON_0145,PERSON,PERSON_0198,PERSON,CALLED,2024-02-25 10:14:12,0.05,0.51,CDR_AGG_PERSON_0145_PERSON_0198
PERSON_0396,PERSON,PERSON_1327,PERSON,CALLED,2025-06-09 11:09:19,0.05,0.84,CDR_AGG_PERSON_0396_PERSON_1327
PERSON_0884,PERSON,PERSON_1440,PERSON,CALLED,2024-10-04 02:54:14,0.05,0.46,CDR_AGG_PERSON_0884_PERSON_1440
PERSON_0052,PERSON,PERSON_0213,PERSON,CALLED,2026-02-07 14:25:20,0.05,0.64,CDR_AGG_PERSON_0052_PERSON_0213
PERSON_0281,PERSON,PERSON_0665,PERSON,CALLED,2024-08-01 00:46:19,0.05,0.77,CDR_AGG_PERSON_0281_PERSON_0665
PERSON_0045,PERSON,PERSON_0934,PERSON,CALLED,2024-07-11 00:18:39,0.05,0.77,CDR_AGG_PERSON_0045_PERSON_0934
PERSON_0646,PERSON,PERSON_0753,PERSON,CALLED,2024-03-21 06:40:52,0.05,0.54,CDR_AGG_PERSON_0646_PERSON_0753
PERSON_0081,PERSON,PERSON_0437,PERSON,CALLED,2024-12-02 18:03:35,0.05,0.52,CDR_AGG_PERSON_0081_PERSON_0437
PERSON_0006,PERSON,PERSON_0068,PERSON,CALLED,2025-11-06 10:35:06,0.05,0.42,CDR_AGG_PERSON_0006_PERSON_0068
PERSON_0270,PERSON,PERSON_0932,PERSON,CALLED,2025-06-11 16:19:54,0.05,0.73,CDR_AGG_PERSON_0270_PERSON_0932
PERSON_1166,PERSON,PERSON_1438,PERSON,CALLED,2024-12-05 19:57:24,0.05,0.66,CDR_AGG_PERSON_1166_PERSON_1438
PERSON_0093,PERSON,PERSON_0276,PERSON,CALLED,2024-02-25 11:28:33,0.05,0.79,CDR_AGG_PERSON_0093_PERSON_0276
PERSON_0524,PERSON,PERSON_1330,PERSON,CALLED,2025-06-28 00:09:05,0.05,0.7,CDR_AGG_PERSON_0524_PERSON_1330
PERSON_1131,PERSON,PERSON_1418,PERSON,CALLED,2024-04-05 01:23:48,0.05,0.54,CDR_AGG_PERSON_1131_PERSON_1418
PERSON_1107,PERSON,PERSON_1169,PERSON,CALLED,2026-06-17 05:23:56,0.05,0.66,CDR_AGG_PERSON_1107_PERSON_1169
PERSON_0267,PERSON,PERSON_1172,PERSON,CALLED,2024-10-27 23:51:59,0.05,0.84,CDR_AGG_PERSON_0267_PERSON_1172
PERSON_0931,PERSON,PERSON_1449,PERSON,CALLED,2026-06-09 03:01:25,0.05,0.65,CDR_AGG_PERSON_0931_PERSON_1449
PERSON_1386,PERSON,PERSON_1464,PERSON,CALLED,2024-12-22 23:47:04,0.05,0.67,CDR_AGG_PERSON_1386_PERSON_1464
PERSON_0212,PERSON,PERSON_1458,PERSON,CALLED,2024-09-08 09:12:08,0.05,0.45,CDR_AGG_PERSON_0212_PERSON_1458
PERSON_0089,PERSON,PERSON_0564,PERSON,CALLED,2025-07-02 15:43:44,0.05,0.49,CDR_AGG_PERSON_0089_PERSON_0564
PERSON_0223,PERSON,PERSON_0608,PERSON,CALLED,2024-10-16 16:55:08,0.05,0.59,CDR_AGG_PERSON_0223_PERSON_0608
PERSON_1178,PERSON,PERSON_1407,PERSON,CALLED,2026-01-05 07:10:50,0.05,0.65,CDR_AGG_PERSON_1178_PERSON_1407
PERSON_0726,PERSON,PERSON_1321,PERSON,CALLED,2026-05-11 10:47:40,0.05,0.79,CDR_AGG_PERSON_0726_PERSON_1321
PERSON_0698,PERSON,PERSON_1333,PERSON,CALLED,2024-10-26 23:38:44,0.05,0.84,CDR_AGG_PERSON_0698_PERSON_1333
PERSON_0816,PERSON,PERSON_1448,PERSON,CALLED,2026-06-11 05:01:46,0.05,0.65,CDR_AGG_PERSON_0816_PERSON_1448
PERSON_0780,PERSON,PERSON_0826,PERSON,CALLED,2024-10-27 14:48:25,0.05,0.54,CDR_AGG_PERSON_0780_PERSON_0826
PERSON_0804,PERSON,PERSON_1294,PERSON,CALLED,2025-10-15 12:01:00,0.05,0.56,CDR_AGG_PERSON_0804_PERSON_1294
PERSON_0439,PERSON,PERSON_1060,PERSON,CALLED,2025-05-07 14:03:07,0.05,0.64,CDR_AGG_PERSON_0439_PERSON_1060
PERSON_0745,PERSON,PERSON_1174,PERSON,CALLED,2026-02-06 20:53:12,0.05,0.82,CDR_AGG_PERSON_0745_PERSON_1174
PERSON_0829,PERSON,PERSON_1415,PERSON,CALLED,2025-02-17 09:32:05,0.05,0.7,CDR_AGG_PERSON_0829_PERSON_1415
PERSON_0187,PERSON,PERSON_0655,PERSON,CALLED,2026-02-01 03:34:54,0.05,0.58,CDR_AGG_PERSON_0187_PERSON_0655
PERSON_0748,PERSON,PERSON_1335,PERSON,CALLED,2025-03-11 02:48:33,0.05,0.79,CDR_AGG_PERSON_0748_PERSON_1335
PERSON_0465,PERSON,PERSON_0535,PERSON,CALLED,2025-02-16 22:42:23,0.05,0.51,CDR_AGG_PERSON_0465_PERSON_0535
PERSON_1321,PERSON,PERSON_1490,PERSON,CALLED,2026-02-15 06:04:56,0.05,0.42,CDR_AGG_PERSON_1321_PERSON_1490
PERSON_1166,PERSON,PERSON_1239,PERSON,CALLED,2026-06-04 17:41:38,0.05,0.84,CDR_AGG_PERSON_1166_PERSON_1239
PERSON_0371,PERSON,PERSON_1147,PERSON,CALLED,2025-04-28 01:12:13,0.05,0.8,CDR_AGG_PERSON_0371_PERSON_1147
PERSON_0318,PERSON,PERSON_0803,PERSON,CALLED,2026-06-03 11:10:02,0.05,0.78,CDR_AGG_PERSON_0318_PERSON_0803
PERSON_0621,PERSON,PERSON_1052,PERSON,CALLED,2026-02-28 13:15:23,0.1,0.41,CDR_AGG_PERSON_0621_PERSON_1052
PERSON_0168,PERSON,PERSON_1067,PERSON,CALLED,2025-06-14 00:41:02,0.05,0.56,CDR_AGG_PERSON_0168_PERSON_1067
PERSON_0341,PERSON,PERSON_1232,PERSON,CALLED,2025-12-13 11:12:32,0.05,0.66,CDR_AGG_PERSON_0341_PERSON_1232
PERSON_0712,PERSON,PERSON_1198,PERSON,CALLED,2024-10-10 19:56:54,0.05,0.44,CDR_AGG_PERSON_0712_PERSON_1198
PERSON_1024,PERSON,PERSON_1179,PERSON,CALLED,2025-08-07 13:24:53,0.05,0.77,CDR_AGG_PERSON_1024_PERSON_1179
PERSON_1144,PERSON,PERSON_1436,PERSON,CALLED,2025-02-20 16:38:42,0.05,0.69,CDR_AGG_PERSON_1144_PERSON_1436
PERSON_0727,PERSON,PERSON_0827,PERSON,CALLED,2025-03-12 21:57:27,0.05,0.52,CDR_AGG_PERSON_0727_PERSON_0827
PERSON_0844,PERSON,PERSON_0890,PERSON,CALLED,2024-08-04 04:07:01,0.05,0.41,CDR_AGG_PERSON_0844_PERSON_0890
PERSON_0274,PERSON,PERSON_0783,PERSON,CALLED,2026-05-01 15:29:22,0.05,0.65,CDR_AGG_PERSON_0274_PERSON_0783
PERSON_0466,PERSON,PERSON_0562,PERSON,CALLED,2025-12-15 21:47:43,0.05,0.42,CDR_AGG_PERSON_0466_PERSON_0562
PERSON_0134,PERSON,PERSON_0397,PERSON,CALLED,2025-05-01 04:40:09,0.05,0.58,CDR_AGG_PERSON_0134_PERSON_0397
PERSON_0950,PERSON,PERSON_1399,PERSON,CALLED,2025-07-16 11:23:43,0.05,0.44,CDR_AGG_PERSON_0950_PERSON_1399
PERSON_0824,PERSON,PERSON_0825,PERSON,CALLED,2024-07-30 06:11:02,0.05,0.53,CDR_AGG_PERSON_0824_PERSON_0825
PERSON_0001,PERSON,PERSON_0794,PERSON,CALLED,2024-09-26 13:24:31,0.05,0.69,CDR_AGG_PERSON_0001_PERSON_0794
PERSON_0709,PERSON,PERSON_1216,PERSON,CALLED,2025-04-10 14:02:10,0.05,0.49,CDR_AGG_PERSON_0709_PERSON_1216
PERSON_0981,PERSON,PERSON_1032,PERSON,CALLED,2025-07-09 13:27:06,0.05,0.82,CDR_AGG_PERSON_0981_PERSON_1032
PERSON_0056,PERSON,PERSON_1243,PERSON,CALLED,2024-01-28 20:39:12,0.05,0.72,CDR_AGG_PERSON_0056_PERSON_1243
PERSON_0540,PERSON,PERSON_0603,PERSON,CALLED,2025-08-09 16:43:18,0.05,0.61,CDR_AGG_PERSON_0540_PERSON_0603
PERSON_0375,PERSON,PERSON_0859,PERSON,CALLED,2025-10-17 08:05:14,0.05,0.45,CDR_AGG_PERSON_0375_PERSON_0859
PERSON_0440,PERSON,PERSON_1245,PERSON,CALLED,2025-12-12 18:55:36,0.05,0.66,CDR_AGG_PERSON_0440_PERSON_1245
PERSON_0097,PERSON,PERSON_0311,PERSON,CALLED,2025-07-10 21:45:25,0.05,0.84,CDR_AGG_PERSON_0097_PERSON_0311
PERSON_0327,PERSON,PERSON_0797,PERSON,CALLED,2024-08-10 21:15:43,0.05,0.43,CDR_AGG_PERSON_0327_PERSON_0797
PERSON_0474,PERSON,PERSON_1358,PERSON,CALLED,2024-10-20 16:05:47,0.05,0.43,CDR_AGG_PERSON_0474_PERSON_1358
PERSON_0529,PERSON,PERSON_1161,PERSON,CALLED,2025-07-28 06:03:43,0.05,0.55,CDR_AGG_PERSON_0529_PERSON_1161
PERSON_0386,PERSON,PERSON_1425,PERSON,CALLED,2025-04-23 06:30:38,0.05,0.46,CDR_AGG_PERSON_0386_PERSON_1425
PERSON_0408,PERSON,PERSON_0995,PERSON,CALLED,2025-03-23 15:11:26,0.05,0.73,CDR_AGG_PERSON_0408_PERSON_0995
PERSON_0525,PERSON,PERSON_1130,PERSON,CALLED,2026-02-12 04:55:18,0.05,0.51,CDR_AGG_PERSON_0525_PERSON_1130
PERSON_0081,PERSON,PERSON_0631,PERSON,CALLED,2026-04-27 14:50:25,0.05,0.79,CDR_AGG_PERSON_0081_PERSON_0631
PERSON_0165,PERSON,PERSON_0220,PERSON,CALLED,2024-08-21 12:29:04,0.05,0.54,CDR_AGG_PERSON_0165_PERSON_0220
PERSON_0039,PERSON,PERSON_0329,PERSON,CALLED,2024-04-12 05:17:27,0.05,0.74,CDR_AGG_PERSON_0039_PERSON_0329
PERSON_0627,PERSON,PERSON_0893,PERSON,CALLED,2024-12-17 20:28:05,0.05,0.59,CDR_AGG_PERSON_0627_PERSON_0893
PERSON_0685,PERSON,PERSON_0783,PERSON,CALLED,2024-03-02 22:30:21,0.05,0.41,CDR_AGG_PERSON_0685_PERSON_0783
PERSON_0448,PERSON,PERSON_1000,PERSON,CALLED,2025-11-13 12:10:59,0.05,0.47,CDR_AGG_PERSON_0448_PERSON_1000
PERSON_0005,PERSON,PERSON_0083,PERSON,CALLED,2026-06-27 23:35:24,0.05,0.74,CDR_AGG_PERSON_0005_PERSON_0083
PERSON_0961,PERSON,PERSON_1049,PERSON,CALLED,2024-07-15 19:34:46,0.05,0.67,CDR_AGG_PERSON_0961_PERSON_1049
PERSON_0416,PERSON,PERSON_0818,PERSON,CALLED,2025-02-24 00:00:20,0.05,0.64,CDR_AGG_PERSON_0416_PERSON_0818
PERSON_0767,PERSON,PERSON_1297,PERSON,CALLED,2025-01-08 18:53:37,0.05,0.79,CDR_AGG_PERSON_0767_PERSON_1297
PERSON_0989,PERSON,PERSON_1324,PERSON,CALLED,2024-06-11 05:54:09,0.05,0.75,CDR_AGG_PERSON_0989_PERSON_1324
PERSON_0366,PERSON,PERSON_0746,PERSON,CALLED,2024-03-17 00:04:35,0.05,0.52,CDR_AGG_PERSON_0366_PERSON_0746
PERSON_1027,PERSON,PERSON_1318,PERSON,CALLED,2024-01-27 13:12:48,0.05,0.58,CDR_AGG_PERSON_1027_PERSON_1318
PERSON_0628,PERSON,PERSON_1300,PERSON,CALLED,2025-03-23 20:16:37,0.05,0.79,CDR_AGG_PERSON_0628_PERSON_1300
PERSON_0249,PERSON,PERSON_0352,PERSON,CALLED,2025-03-12 06:13:18,0.05,0.62,CDR_AGG_PERSON_0249_PERSON_0352
PERSON_1343,PERSON,PERSON_1410,PERSON,CALLED,2025-10-03 22:52:59,0.05,0.76,CDR_AGG_PERSON_1343_PERSON_1410
PERSON_0262,PERSON,PERSON_0311,PERSON,CALLED,2024-10-27 06:24:58,0.05,0.6,CDR_AGG_PERSON_0262_PERSON_0311
PERSON_0513,PERSON,PERSON_1050,PERSON,CALLED,2025-05-19 08:05:30,0.05,0.73,CDR_AGG_PERSON_0513_PERSON_1050
PERSON_1365,PERSON,PERSON_1469,PERSON,CALLED,2025-09-13 07:55:43,0.05,0.83,CDR_AGG_PERSON_1365_PERSON_1469
PERSON_0027,PERSON,PERSON_0721,PERSON,CALLED,2024-08-02 03:09:20,0.05,0.78,CDR_AGG_PERSON_0027_PERSON_0721
PERSON_0335,PERSON,PERSON_1117,PERSON,CALLED,2024-03-07 03:43:56,0.05,0.78,CDR_AGG_PERSON_0335_PERSON_1117
PERSON_0668,PERSON,PERSON_0826,PERSON,CALLED,2025-06-16 10:03:01,0.05,0.66,CDR_AGG_PERSON_0668_PERSON_0826
PERSON_0510,PERSON,PERSON_0946,PERSON,CALLED,2024-03-19 11:57:48,0.05,0.5,CDR_AGG_PERSON_0510_PERSON_0946
PERSON_0898,PERSON,PERSON_1126,PERSON,CALLED,2024-09-04 18:33:09,0.05,0.84,CDR_AGG_PERSON_0898_PERSON_1126
PERSON_0068,PERSON,PERSON_1409,PERSON,CALLED,2026-05-30 17:40:13,0.05,0.69,CDR_AGG_PERSON_0068_PERSON_1409
PERSON_0731,PERSON,PERSON_1344,PERSON,CALLED,2024-01-01 04:15:49,0.05,0.61,CDR_AGG_PERSON_0731_PERSON_1344
PERSON_0060,PERSON,PERSON_1331,PERSON,CALLED,2026-03-13 16:22:22,0.05,0.47,CDR_AGG_PERSON_0060_PERSON_1331
PERSON_0516,PERSON,PERSON_0944,PERSON,CALLED,2025-04-05 06:05:36,0.05,0.59,CDR_AGG_PERSON_0516_PERSON_0944
PERSON_0220,PERSON,PERSON_0360,PERSON,CALLED,2026-06-01 03:49:02,0.05,0.68,CDR_AGG_PERSON_0220_PERSON_0360
PERSON_0457,PERSON,PERSON_0884,PERSON,CALLED,2024-08-30 07:03:10,0.05,0.69,CDR_AGG_PERSON_0457_PERSON_0884
PERSON_0876,PERSON,PERSON_1480,PERSON,CALLED,2025-08-20 02:29:33,0.05,0.42,CDR_AGG_PERSON_0876_PERSON_1480
PERSON_1255,PERSON,PERSON_1482,PERSON,CALLED,2024-08-19 04:37:00,0.05,0.72,CDR_AGG_PERSON_1255_PERSON_1482
PERSON_1258,PERSON,PERSON_1489,PERSON,CALLED,2026-02-25 17:45:04,0.05,0.83,CDR_AGG_PERSON_1258_PERSON_1489
PERSON_0120,PERSON,PERSON_1166,PERSON,CALLED,2025-04-05 22:58:03,0.05,0.5,CDR_AGG_PERSON_0120_PERSON_1166
PERSON_0887,PERSON,PERSON_1336,PERSON,CALLED,2024-09-12 16:52:52,0.05,0.77,CDR_AGG_PERSON_0887_PERSON_1336
PERSON_0218,PERSON,PERSON_1011,PERSON,CALLED,2024-02-03 13:44:33,0.05,0.84,CDR_AGG_PERSON_0218_PERSON_1011
PERSON_1070,PERSON,PERSON_1187,PERSON,COMMUNICATED_WITH,2025-09-29 01:42:56,0.15,0.7,CDR_AGG_PERSON_1070_PERSON_1187
PERSON_1378,PERSON,PERSON_1456,PERSON,CALLED,2024-10-30 08:19:36,0.05,0.62,CDR_AGG_PERSON_1378_PERSON_1456
PERSON_0247,PERSON,PERSON_0486,PERSON,CALLED,2025-10-11 12:43:09,0.05,0.85,CDR_AGG_PERSON_0247_PERSON_0486
PERSON_1231,PERSON,PERSON_1260,PERSON,CALLED,2026-03-23 07:23:12,0.05,0.85,CDR_AGG_PERSON_1231_PERSON_1260
PERSON_0759,PERSON,PERSON_1065,PERSON,CALLED,2025-11-01 09:25:24,0.05,0.8,CDR_AGG_PERSON_0759_PERSON_1065
PERSON_0421,PERSON,PERSON_0918,PERSON,CALLED,2026-03-02 23:39:14,0.05,0.41,CDR_AGG_PERSON_0421_PERSON_0918
PERSON_0670,PERSON,PERSON_1081,PERSON,CALLED,2025-10-02 07:47:26,0.05,0.78,CDR_AGG_PERSON_0670_PERSON_1081
PERSON_0778,PERSON,PERSON_1153,PERSON,CALLED,2025-07-22 22:29:41,0.05,0.59,CDR_AGG_PERSON_0778_PERSON_1153
PERSON_0681,PERSON,PERSON_1002,PERSON,CALLED,2025-07-28 03:12:23,0.05,0.42,CDR_AGG_PERSON_0681_PERSON_1002
PERSON_0815,PERSON,PERSON_0885,PERSON,CALLED,2024-05-08 18:15:25,0.05,0.42,CDR_AGG_PERSON_0815_PERSON_0885
PERSON_0610,PERSON,PERSON_1411,PERSON,CALLED,2025-11-27 18:22:13,0.05,0.5,CDR_AGG_PERSON_0610_PERSON_1411
PERSON_0812,PERSON,PERSON_1492,PERSON,CALLED,2026-05-17 12:39:42,0.05,0.66,CDR_AGG_PERSON_0812_PERSON_1492
PERSON_0338,PERSON,PERSON_0902,PERSON,CALLED,2024-01-25 17:19:55,0.05,0.53,CDR_AGG_PERSON_0338_PERSON_0902
PERSON_1145,PERSON,PERSON_1282,PERSON,CALLED,2024-05-22 15:20:11,0.05,0.83,CDR_AGG_PERSON_1145_PERSON_1282
PERSON_0740,PERSON,PERSON_1209,PERSON,CALLED,2025-03-05 17:05:12,0.05,0.74,CDR_AGG_PERSON_0740_PERSON_1209
PERSON_0018,PERSON,PERSON_0371,PERSON,CALLED,2025-07-29 04:34:13,0.05,0.81,CDR_AGG_PERSON_0018_PERSON_0371
PERSON_0280,PERSON,PERSON_0529,PERSON,CALLED,2024-08-21 13:30:34,0.05,0.48,CDR_AGG_PERSON_0280_PERSON_0529
PERSON_1205,PERSON,PERSON_1249,PERSON,CALLED,2026-05-23 17:28:11,0.05,0.69,CDR_AGG_PERSON_1205_PERSON_1249
PERSON_0500,PERSON,PERSON_1419,PERSON,CALLED,2024-01-23 03:15:52,0.05,0.58,CDR_AGG_PERSON_0500_PERSON_1419
PERSON_1494,PERSON,PERSON_1496,PERSON,CALLED,2026-02-07 15:04:28,0.05,0.7,CDR_AGG_PERSON_1494_PERSON_1496
PERSON_0769,PERSON,PERSON_1189,PERSON,CALLED,2025-10-17 06:41:58,0.05,0.44,CDR_AGG_PERSON_0769_PERSON_1189
PERSON_0524,PERSON,PERSON_1017,PERSON,CALLED,2024-08-13 22:27:08,0.05,0.4,CDR_AGG_PERSON_0524_PERSON_1017
PERSON_0031,PERSON,PERSON_0238,PERSON,CALLED,2025-11-27 11:01:29,0.05,0.76,CDR_AGG_PERSON_0031_PERSON_0238
PERSON_0075,PERSON,PERSON_1107,PERSON,CALLED,2024-02-01 18:20:23,0.05,0.6,CDR_AGG_PERSON_0075_PERSON_1107
PERSON_1187,PERSON,PERSON_1199,PERSON,CALLED,2026-01-21 07:36:16,0.05,0.48,CDR_AGG_PERSON_1187_PERSON_1199
PERSON_0734,PERSON,PERSON_1047,PERSON,CALLED,2024-07-29 09:57:30,0.05,0.78,CDR_AGG_PERSON_0734_PERSON_1047
PERSON_0610,PERSON,PERSON_0920,PERSON,CALLED,2025-01-31 08:46:53,0.05,0.83,CDR_AGG_PERSON_0610_PERSON_0920
PERSON_0355,PERSON,PERSON_0542,PERSON,CALLED,2025-10-26 00:39:35,0.05,0.44,CDR_AGG_PERSON_0355_PERSON_0542
PERSON_0007,PERSON,PERSON_0522,PERSON,CALLED,2024-04-23 19:12:30,0.05,0.59,CDR_AGG_PERSON_0007_PERSON_0522
PERSON_0897,PERSON,PERSON_1338,PERSON,CALLED,2026-03-30 18:23:55,0.1,0.46,CDR_AGG_PERSON_0897_PERSON_1338
PERSON_0288,PERSON,PERSON_0809,PERSON,CALLED,2025-09-25 06:09:23,0.05,0.79,CDR_AGG_PERSON_0288_PERSON_0809
PERSON_0343,PERSON,PERSON_0649,PERSON,CALLED,2024-05-18 15:46:38,0.05,0.42,CDR_AGG_PERSON_0343_PERSON_0649
PERSON_0283,PERSON,PERSON_1311,PERSON,CALLED,2026-03-09 13:34:28,0.05,0.82,CDR_AGG_PERSON_0283_PERSON_1311
PERSON_0962,PERSON,PERSON_1207,PERSON,CALLED,2026-02-16 13:58:23,0.05,0.73,CDR_AGG_PERSON_0962_PERSON_1207
PERSON_0288,PERSON,PERSON_1407,PERSON,CALLED,2024-06-16 10:32:14,0.05,0.52,CDR_AGG_PERSON_0288_PERSON_1407
PERSON_0529,PERSON,PERSON_1441,PERSON,CALLED,2025-09-29 05:40:41,0.05,0.47,CDR_AGG_PERSON_0529_PERSON_1441
PERSON_0335,PERSON,PERSON_0404,PERSON,CALLED,2024-09-28 08:47:41,0.05,0.56,CDR_AGG_PERSON_0335_PERSON_0404
PERSON_0603,PERSON,PERSON_0649,PERSON,CALLED,2024-06-18 20:16:06,0.05,0.73,CDR_AGG_PERSON_0603_PERSON_0649
PERSON_0132,PERSON,PERSON_0949,PERSON,CALLED,2024-11-07 16:15:15,0.05,0.74,CDR_AGG_PERSON_0132_PERSON_0949
PERSON_0672,PERSON,PERSON_1295,PERSON,CALLED,2026-04-28 01:13:43,0.05,0.52,CDR_AGG_PERSON_0672_PERSON_1295
PERSON_0537,PERSON,PERSON_0830,PERSON,CALLED,2024-05-22 18:14:20,0.05,0.81,CDR_AGG_PERSON_0537_PERSON_0830
PERSON_0024,PERSON,PERSON_0404,PERSON,CALLED,2024-10-13 04:53:02,0.05,0.55,CDR_AGG_PERSON_0024_PERSON_0404
PERSON_0703,PERSON,PERSON_0871,PERSON,CALLED,2024-03-23 16:41:09,0.05,0.76,CDR_AGG_PERSON_0703_PERSON_0871
PERSON_0674,PERSON,PERSON_1255,PERSON,CALLED,2026-04-23 13:52:11,0.05,0.52,CDR_AGG_PERSON_0674_PERSON_1255
PERSON_1004,PERSON,PERSON_1435,PERSON,CALLED,2026-02-26 13:11:35,0.05,0.47,CDR_AGG_PERSON_1004_PERSON_1435
PERSON_0014,PERSON,PERSON_0372,PERSON,CALLED,2024-01-03 11:18:00,0.05,0.73,CDR_AGG_PERSON_0014_PERSON_0372
PERSON_0696,PERSON,PERSON_1392,PERSON,CALLED,2025-06-16 00:14:33,0.05,0.41,CDR_AGG_PERSON_0696_PERSON_1392
PERSON_0221,PERSON,PERSON_0371,PERSON,CALLED,2025-07-07 08:16:53,0.05,0.7,CDR_AGG_PERSON_0221_PERSON_0371
PERSON_0254,PERSON,PERSON_0641,PERSON,CALLED,2026-05-28 16:41:24,0.05,0.43,CDR_AGG_PERSON_0254_PERSON_0641
PERSON_0113,PERSON,PERSON_1097,PERSON,CALLED,2024-04-26 13:13:09,0.05,0.57,CDR_AGG_PERSON_0113_PERSON_1097
PERSON_0630,PERSON,PERSON_0640,PERSON,CALLED,2026-06-28 08:38:50,0.05,0.49,CDR_AGG_PERSON_0630_PERSON_0640
PERSON_0622,PERSON,PERSON_0736,PERSON,CALLED,2024-04-27 15:19:06,0.05,0.85,CDR_AGG_PERSON_0622_PERSON_0736
PERSON_1346,PERSON,PERSON_1450,PERSON,CALLED,2024-03-20 11:20:11,0.05,0.51,CDR_AGG_PERSON_1346_PERSON_1450
PERSON_1278,PERSON,PERSON_1359,PERSON,CALLED,2025-09-01 10:20:04,0.05,0.78,CDR_AGG_PERSON_1278_PERSON_1359
PERSON_0007,PERSON,PERSON_0482,PERSON,CALLED,2025-09-11 20:40:34,0.05,0.79,CDR_AGG_PERSON_0007_PERSON_0482
PERSON_0204,PERSON,PERSON_0638,PERSON,CALLED,2025-11-09 08:05:37,0.05,0.78,CDR_AGG_PERSON_0204_PERSON_0638
PERSON_0412,PERSON,PERSON_1384,PERSON,CALLED,2025-11-21 20:38:49,0.05,0.49,CDR_AGG_PERSON_0412_PERSON_1384
PERSON_1103,PERSON,PERSON_1104,PERSON,CALLED,2024-06-30 01:05:47,0.05,0.6,CDR_AGG_PERSON_1103_PERSON_1104
PERSON_0253,PERSON,PERSON_0830,PERSON,CALLED,2024-11-30 22:00:32,0.05,0.48,CDR_AGG_PERSON_0253_PERSON_0830
PERSON_1313,PERSON,PERSON_1378,PERSON,CALLED,2025-02-16 15:10:34,0.05,0.54,CDR_AGG_PERSON_1313_PERSON_1378
PERSON_1135,PERSON,PERSON_1391,PERSON,CALLED,2024-05-08 12:55:09,0.05,0.73,CDR_AGG_PERSON_1135_PERSON_1391
PERSON_0156,PERSON,PERSON_0401,PERSON,CALLED,2025-09-26 21:43:55,0.05,0.64,CDR_AGG_PERSON_0156_PERSON_0401
PERSON_0198,PERSON,PERSON_0563,PERSON,CALLED,2025-02-19 17:46:31,0.05,0.43,CDR_AGG_PERSON_0198_PERSON_0563
PERSON_0962,PERSON,PERSON_1105,PERSON,CALLED,2026-05-23 17:13:25,0.05,0.76,CDR_AGG_PERSON_0962_PERSON_1105
PERSON_0367,PERSON,PERSON_1414,PERSON,CALLED,2025-06-25 10:55:24,0.05,0.66,CDR_AGG_PERSON_0367_PERSON_1414
PERSON_1052,PERSON,PERSON_1373,PERSON,CALLED,2025-08-11 22:38:32,0.05,0.82,CDR_AGG_PERSON_1052_PERSON_1373
PERSON_0216,PERSON,PERSON_1295,PERSON,CALLED,2025-03-24 21:43:08,0.05,0.8,CDR_AGG_PERSON_0216_PERSON_1295
PERSON_1272,PERSON,PERSON_1364,PERSON,CALLED,2025-05-22 18:01:25,0.05,0.67,CDR_AGG_PERSON_1272_PERSON_1364
PERSON_0328,PERSON,PERSON_1202,PERSON,CALLED,2025-02-26 22:13:35,0.05,0.45,CDR_AGG_PERSON_0328_PERSON_1202
PERSON_0593,PERSON,PERSON_1332,PERSON,CALLED,2025-09-28 14:55:35,0.05,0.52,CDR_AGG_PERSON_0593_PERSON_1332
PERSON_0026,PERSON,PERSON_0397,PERSON,TRANSFERRED_MONEY,2025-08-20 15:24:50,0.05,0.85,TXN_AGG_PERSON_0026_PERSON_0397
PERSON_1476,PERSON,PERSON_0026,PERSON,TRANSFERRED_MONEY,2025-08-19 19:24:50,0.05,0.86,TXN_AGG_PERSON_1476_PERSON_0026
PERSON_0030,PERSON,PERSON_0180,PERSON,TRANSFERRED_MONEY,2025-10-20 18:19:44,0.05,0.84,TXN_AGG_PERSON_0030_PERSON_0180
PERSON_0037,PERSON,PERSON_1449,PERSON,TRANSFERRED_MONEY,2025-12-20 11:29:55,0.1,0.82,TXN_AGG_PERSON_0037_PERSON_1449
PERSON_0037,PERSON,PERSON_1499,PERSON,TRANSFERRED_MONEY,2025-01-11 19:26:00,0.05,0.85,TXN_AGG_PERSON_0037_PERSON_1499
PERSON_0096,PERSON,PERSON_0950,PERSON,TRANSFERRED_MONEY,2025-11-10 16:19:44,0.05,0.81,TXN_AGG_PERSON_0096_PERSON_0950
PERSON_0104,PERSON,PERSON_1433,PERSON,TRANSFERRED_MONEY,2025-10-17 14:19:44,0.05,0.81,TXN_AGG_PERSON_0104_PERSON_1433
PERSON_0105,PERSON,PERSON_1002,PERSON,TRANSFERRED_MONEY,2025-05-13 08:02:21,0.05,0.84,TXN_AGG_PERSON_0105_PERSON_1002
PERSON_0105,PERSON,PERSON_1008,PERSON,TRANSFERRED_MONEY,2025-05-12 15:02:21,0.05,0.89,TXN_AGG_PERSON_0105_PERSON_1008
PERSON_0180,PERSON,PERSON_0551,PERSON,TRANSFERRED_MONEY,2025-10-19 19:19:44,0.05,0.94,TXN_AGG_PERSON_0180_PERSON_0551
PERSON_0256,PERSON,PERSON_1046,PERSON,TRANSFERRED_MONEY,2025-06-10 15:34:20,0.05,0.91,TXN_AGG_PERSON_0256_PERSON_1046
PERSON_0256,PERSON,PERSON_1376,PERSON,TRANSFERRED_MONEY,2025-06-11 19:34:20,0.1,0.83,TXN_AGG_PERSON_0256_PERSON_1376
PERSON_0266,PERSON,PERSON_1170,PERSON,TRANSFERRED_MONEY,2025-12-24 06:52:31,0.05,0.83,TXN_AGG_PERSON_0266_PERSON_1170
PERSON_0397,PERSON,PERSON_0405,PERSON,TRANSFERRED_MONEY,2025-08-21 07:24:50,0.05,0.93,TXN_AGG_PERSON_0397_PERSON_0405
PERSON_0398,PERSON,PERSON_0736,PERSON,TRANSFERRED_MONEY,2025-05-03 05:08:40,0.05,0.85,TXN_AGG_PERSON_0398_PERSON_0736
PERSON_0405,PERSON,PERSON_1459,PERSON,TRANSFERRED_MONEY,2025-08-21 19:24:50,0.05,0.9,TXN_AGG_PERSON_0405_PERSON_1459
PERSON_0423,PERSON,PERSON_0784,PERSON,TRANSFERRED_MONEY,2025-03-26 12:34:43,0.05,0.82,TXN_AGG_PERSON_0423_PERSON_0784
PERSON_0486,PERSON,PERSON_1343,PERSON,TRANSFERRED_MONEY,2025-10-07 09:03:43,0.05,0.81,TXN_AGG_PERSON_0486_PERSON_1343
PERSON_0551,PERSON,PERSON_1433,PERSON,TRANSFERRED_MONEY,2025-10-18 14:19:44,0.05,0.85,TXN_AGG_PERSON_0551_PERSON_1433
PERSON_0580,PERSON,PERSON_0784,PERSON,TRANSFERRED_MONEY,2025-03-26 23:34:43,0.05,0.85,TXN_AGG_PERSON_0580_PERSON_0784
PERSON_0580,PERSON,PERSON_0903,PERSON,TRANSFERRED_MONEY,2025-03-27 16:34:43,0.05,0.83,TXN_AGG_PERSON_0580_PERSON_0903
PERSON_0639,PERSON,PERSON_0671,PERSON,TRANSFERRED_MONEY,2025-11-28 15:55:34,0.05,0.84,TXN_AGG_PERSON_0639_PERSON_0671
PERSON_0639,PERSON,PERSON_1203,PERSON,TRANSFERRED_MONEY,2025-11-29 10:55:34,0.05,0.94,TXN_AGG_PERSON_0639_PERSON_1203
PERSON_0720,PERSON,PERSON_0950,PERSON,TRANSFERRED_MONEY,2025-11-09 15:19:44,0.05,0.94,TXN_AGG_PERSON_0720_PERSON_0950
PERSON_0720,PERSON,PERSON_1060,PERSON,TRANSFERRED_MONEY,2025-11-08 15:19:44,0.05,0.92,TXN_AGG_PERSON_0720_PERSON_1060
PERSON_0725,PERSON,PERSON_0903,PERSON,TRANSFERRED_MONEY,2025-03-28 21:34:43,0.05,0.85,TXN_AGG_PERSON_0725_PERSON_0903
PERSON_0736,PERSON,PERSON_0785,PERSON,TRANSFERRED_MONEY,2025-05-03 23:08:40,0.05,0.91,TXN_AGG_PERSON_0736_PERSON_0785
PERSON_0809,PERSON,PERSON_0969,PERSON,TRANSFERRED_MONEY,2025-07-29 13:37:23,0.05,0.81,TXN_AGG_PERSON_0809_PERSON_0969
PERSON_0833,PERSON,PERSON_1232,PERSON,TRANSFERRED_MONEY,2025-10-08 10:03:43,0.05,0.85,TXN_AGG_PERSON_0833_PERSON_1232
PERSON_0833,PERSON,PERSON_1343,PERSON,TRANSFERRED_MONEY,2025-10-07 21:03:43,0.05,0.86,TXN_AGG_PERSON_0833_PERSON_1343
PERSON_0894,PERSON,PERSON_1383,PERSON,TRANSFERRED_MONEY,2024-01-09 21:59:00,0.05,0.65,TXN_AGG_PERSON_0894_PERSON_1383
PERSON_0945,PERSON,PERSON_1203,PERSON,TRANSFERRED_MONEY,2025-11-29 18:55:34,0.05,0.95,TXN_AGG_PERSON_0945_PERSON_1203
PERSON_0969,PERSON,PERSON_1226,PERSON,TRANSFERRED_MONEY,2025-07-28 07:37:23,0.05,0.97,TXN_AGG_PERSON_0969_PERSON_1226
PERSON_1002,PERSON,PERSON_1269,PERSON,TRANSFERRED_MONEY,2025-05-14 13:02:21,0.05,0.9,TXN_AGG_PERSON_1002_PERSON_1269
PERSON_1046,PERSON,PERSON_1242,PERSON,TRANSFERRED_MONEY,2025-06-09 18:34:20,0.05,0.95,TXN_AGG_PERSON_1046_PERSON_1242
PERSON_1104,PERSON,PERSON_1226,PERSON,TRANSFERRED_MONEY,2025-07-27 01:37:23,0.05,0.97,TXN_AGG_PERSON_1104_PERSON_1226
PERSON_1170,PERSON,PERSON_1190,PERSON,TRANSFERRED_MONEY,2025-12-23 19:52:31,0.05,0.91,TXN_AGG_PERSON_1170_PERSON_1190
PERSON_1303,PERSON,PERSON_1449,PERSON,TRANSFERRED_MONEY,2025-01-13 05:26:00,0.05,0.82,TXN_AGG_PERSON_1303_PERSON_1449
PERSON_0014,PERSON,PERSON_0720,PERSON,TRANSFERRED_MONEY,2024-06-24 01:21:42,0.05,0.68,TXN_AGG_PERSON_0014_PERSON_0720
PERSON_0582,PERSON,PERSON_1333,PERSON,TRANSFERRED_MONEY,2025-02-16 16:54:25,0.05,0.8,TXN_AGG_PERSON_0582_PERSON_1333
PERSON_0681,PERSON,PERSON_0689,PERSON,TRANSFERRED_MONEY,2024-09-08 00:40:49,0.05,0.8,TXN_AGG_PERSON_0681_PERSON_0689
PERSON_0376,PERSON,PERSON_0570,PERSON,TRANSFERRED_MONEY,2025-02-06 09:04:56,0.05,0.59,TXN_AGG_PERSON_0376_PERSON_0570
PERSON_0836,PERSON,PERSON_1282,PERSON,TRANSFERRED_MONEY,2024-05-10 15:02:14,0.05,0.58,TXN_AGG_PERSON_0836_PERSON_1282
PERSON_0692,PERSON,PERSON_1452,PERSON,TRANSFERRED_MONEY,2024-10-21 23:20:15,0.05,0.52,TXN_AGG_PERSON_0692_PERSON_1452
PERSON_0242,PERSON,PERSON_1417,PERSON,TRANSFERRED_MONEY,2026-05-22 16:29:01,0.05,0.51,TXN_AGG_PERSON_0242_PERSON_1417
PERSON_0499,PERSON,PERSON_0934,PERSON,TRANSFERRED_MONEY,2025-12-17 14:22:35,0.05,0.63,TXN_AGG_PERSON_0499_PERSON_0934
PERSON_1024,PERSON,PERSON_1300,PERSON,TRANSFERRED_MONEY,2025-07-16 10:41:24,0.1,0.74,TXN_AGG_PERSON_1024_PERSON_1300
PERSON_0064,PERSON,PERSON_1157,PERSON,TRANSFERRED_MONEY,2025-08-21 11:05:50,0.05,0.54,TXN_AGG_PERSON_0064_PERSON_1157
PERSON_0787,PERSON,PERSON_1012,PERSON,TRANSFERRED_MONEY,2024-05-07 23:55:41,0.05,0.65,TXN_AGG_PERSON_0787_PERSON_1012
PERSON_0349,PERSON,PERSON_0979,PERSON,TRANSFERRED_MONEY,2024-10-11 09:12:19,0.05,0.59,TXN_AGG_PERSON_0349_PERSON_0979
PERSON_0650,PERSON,PERSON_1460,PERSON,TRANSFERRED_MONEY,2024-08-17 05:26:55,0.05,0.67,TXN_AGG_PERSON_0650_PERSON_1460
PERSON_0416,PERSON,PERSON_0603,PERSON,TRANSFERRED_MONEY,2025-04-07 08:56:43,0.05,0.9,TXN_AGG_PERSON_0416_PERSON_0603
PERSON_0732,PERSON,PERSON_0838,PERSON,TRANSFERRED_MONEY,2024-08-29 17:36:34,0.05,0.57,TXN_AGG_PERSON_0732_PERSON_0838
PERSON_0657,PERSON,PERSON_1495,PERSON,TRANSFERRED_MONEY,2025-08-30 13:27:04,0.05,0.63,TXN_AGG_PERSON_0657_PERSON_1495
PERSON_0050,PERSON,PERSON_0929,PERSON,TRANSFERRED_MONEY,2026-01-07 06:56:23,0.05,0.65,TXN_AGG_PERSON_0050_PERSON_0929
PERSON_0694,PERSON,PERSON_1115,PERSON,TRANSFERRED_MONEY,2025-05-15 13:24:06,0.05,0.54,TXN_AGG_PERSON_0694_PERSON_1115
PERSON_0104,PERSON,PERSON_0159,PERSON,TRANSFERRED_MONEY,2026-04-15 00:00:13,0.05,0.83,TXN_AGG_PERSON_0104_PERSON_0159
PERSON_0345,PERSON,PERSON_0956,PERSON,TRANSFERRED_MONEY,2025-09-28 02:34:23,0.05,0.51,TXN_AGG_PERSON_0345_PERSON_0956
PERSON_0900,PERSON,PERSON_1203,PERSON,TRANSFERRED_MONEY,2024-02-07 12:10:53,0.05,0.77,TXN_AGG_PERSON_0900_PERSON_1203
PERSON_0217,PERSON,PERSON_1411,PERSON,TRANSFERRED_MONEY,2025-06-14 10:28:03,0.05,0.57,TXN_AGG_PERSON_0217_PERSON_1411
PERSON_0111,PERSON,PERSON_1189,PERSON,TRANSFERRED_MONEY,2026-03-23 09:38:41,0.05,0.68,TXN_AGG_PERSON_0111_PERSON_1189
PERSON_0269,PERSON,PERSON_0360,PERSON,TRANSFERRED_MONEY,2025-06-28 08:42:38,0.05,0.78,TXN_AGG_PERSON_0269_PERSON_0360
PERSON_0178,PERSON,PERSON_0957,PERSON,TRANSFERRED_MONEY,2026-06-17 03:25:28,0.05,0.82,TXN_AGG_PERSON_0178_PERSON_0957
PERSON_0532,PERSON,PERSON_0714,PERSON,TRANSFERRED_MONEY,2025-05-17 02:17:16,0.05,0.76,TXN_AGG_PERSON_0532_PERSON_0714
PERSON_0308,PERSON,PERSON_0500,PERSON,TRANSFERRED_MONEY,2026-04-18 01:22:15,0.05,0.9,TXN_AGG_PERSON_0308_PERSON_0500
PERSON_0089,PERSON,PERSON_0514,PERSON,TRANSFERRED_MONEY,2025-10-19 17:18:12,0.05,0.49,TXN_AGG_PERSON_0089_PERSON_0514
PERSON_0049,PERSON,PERSON_0574,PERSON,TRANSFERRED_MONEY,2024-07-13 21:18:17,0.05,0.65,TXN_AGG_PERSON_0049_PERSON_0574
PERSON_0364,PERSON,PERSON_0914,PERSON,TRANSFERRED_MONEY,2024-03-03 19:28:03,0.05,0.45,TXN_AGG_PERSON_0364_PERSON_0914
PERSON_0158,PERSON,PERSON_0408,PERSON,TRANSFERRED_MONEY,2024-02-25 10:16:23,0.05,0.49,TXN_AGG_PERSON_0158_PERSON_0408
PERSON_0571,PERSON,PERSON_1127,PERSON,TRANSFERRED_MONEY,2026-04-25 00:17:31,0.05,0.64,TXN_AGG_PERSON_0571_PERSON_1127
PERSON_0505,PERSON,PERSON_1420,PERSON,TRANSFERRED_MONEY,2026-01-29 04:40:03,0.05,0.74,TXN_AGG_PERSON_0505_PERSON_1420
PERSON_0020,PERSON,PERSON_1371,PERSON,TRANSFERRED_MONEY,2026-06-20 01:57:05,0.05,0.66,TXN_AGG_PERSON_0020_PERSON_1371
PERSON_0432,PERSON,PERSON_0468,PERSON,TRANSFERRED_MONEY,2024-10-28 15:59:55,0.05,0.73,TXN_AGG_PERSON_0432_PERSON_0468
PERSON_0100,PERSON,PERSON_0657,PERSON,TRANSFERRED_MONEY,2025-03-29 01:25:15,0.05,0.53,TXN_AGG_PERSON_0100_PERSON_0657
PERSON_0834,PERSON,PERSON_1428,PERSON,TRANSFERRED_MONEY,2025-03-13 20:54:39,0.05,0.85,TXN_AGG_PERSON_0834_PERSON_1428
PERSON_1082,PERSON,PERSON_1226,PERSON,TRANSFERRED_MONEY,2025-09-26 05:33:59,0.05,0.69,TXN_AGG_PERSON_1082_PERSON_1226
PERSON_0771,PERSON,PERSON_1146,PERSON,TRANSFERRED_MONEY,2024-08-06 09:52:21,0.05,0.45,TXN_AGG_PERSON_0771_PERSON_1146
PERSON_0332,PERSON,PERSON_1247,PERSON,TRANSFERRED_MONEY,2025-12-28 20:30:57,0.05,0.63,TXN_AGG_PERSON_0332_PERSON_1247
PERSON_0650,PERSON,PERSON_0970,PERSON,TRANSFERRED_MONEY,2026-04-25 22:52:45,0.05,0.52,TXN_AGG_PERSON_0650_PERSON_0970
PERSON_0022,PERSON,PERSON_0375,PERSON,TRANSFERRED_MONEY,2024-04-01 03:37:19,0.05,0.84,TXN_AGG_PERSON_0022_PERSON_0375
PERSON_1044,PERSON,PERSON_1150,PERSON,TRANSFERRED_MONEY,2025-06-03 07:08:40,0.05,0.47,TXN_AGG_PERSON_1044_PERSON_1150
PERSON_1302,PERSON,PERSON_1476,PERSON,TRANSFERRED_MONEY,2026-02-23 11:00:21,0.05,0.64,TXN_AGG_PERSON_1302_PERSON_1476
PERSON_0393,PERSON,PERSON_1364,PERSON,TRANSFERRED_MONEY,2026-05-04 21:43:25,0.05,0.85,TXN_AGG_PERSON_0393_PERSON_1364
PERSON_0419,PERSON,PERSON_1308,PERSON,TRANSFERRED_MONEY,2026-03-04 23:23:48,0.05,0.78,TXN_AGG_PERSON_0419_PERSON_1308
PERSON_0062,PERSON,PERSON_0725,PERSON,TRANSFERRED_MONEY,2024-12-19 18:39:10,0.05,0.51,TXN_AGG_PERSON_0062_PERSON_0725
PERSON_1243,PERSON,PERSON_1429,PERSON,TRANSFERRED_MONEY,2024-02-07 07:54:36,0.05,0.6,TXN_AGG_PERSON_1243_PERSON_1429
PERSON_0594,PERSON,PERSON_0737,PERSON,TRANSFERRED_MONEY,2024-11-07 21:25:32,0.05,0.7,TXN_AGG_PERSON_0594_PERSON_0737
PERSON_0284,PERSON,PERSON_1243,PERSON,TRANSFERRED_MONEY,2024-01-15 23:47:04,0.05,0.72,TXN_AGG_PERSON_0284_PERSON_1243
PERSON_0076,PERSON,PERSON_0757,PERSON,TRANSFERRED_MONEY,2024-01-22 14:43:13,0.05,0.47,TXN_AGG_PERSON_0076_PERSON_0757
PERSON_0714,PERSON,PERSON_1337,PERSON,TRANSFERRED_MONEY,2024-03-11 02:37:02,0.05,0.62,TXN_AGG_PERSON_0714_PERSON_1337
PERSON_1078,PERSON,PERSON_1406,PERSON,TRANSFERRED_MONEY,2024-03-13 09:50:01,0.05,0.59,TXN_AGG_PERSON_1078_PERSON_1406
PERSON_1319,PERSON,PERSON_1436,PERSON,TRANSFERRED_MONEY,2026-01-19 09:45:31,0.05,0.83,TXN_AGG_PERSON_1319_PERSON_1436
PERSON_0073,PERSON,PERSON_1273,PERSON,TRANSFERRED_MONEY,2026-05-22 21:54:41,0.05,0.48,TXN_AGG_PERSON_0073_PERSON_1273
PERSON_0842,PERSON,PERSON_1128,PERSON,TRANSFERRED_MONEY,2025-07-19 01:07:42,0.05,0.46,TXN_AGG_PERSON_0842_PERSON_1128
PERSON_1051,PERSON,PERSON_1187,PERSON,TRANSFERRED_MONEY,2025-03-06 21:53:47,0.05,0.62,TXN_AGG_PERSON_1051_PERSON_1187
PERSON_0395,PERSON,PERSON_0446,PERSON,TRANSFERRED_MONEY,2024-12-21 23:23:29,0.05,0.52,TXN_AGG_PERSON_0395_PERSON_0446
PERSON_0682,PERSON,PERSON_0740,PERSON,TRANSFERRED_MONEY,2026-03-22 04:59:34,0.05,0.59,TXN_AGG_PERSON_0682_PERSON_0740
PERSON_0484,PERSON,PERSON_0514,PERSON,TRANSFERRED_MONEY,2025-11-23 21:13:30,0.05,0.81,TXN_AGG_PERSON_0484_PERSON_0514
PERSON_0129,PERSON,PERSON_1334,PERSON,TRANSFERRED_MONEY,2024-10-12 13:39:26,0.05,0.46,TXN_AGG_PERSON_0129_PERSON_1334
PERSON_1133,PERSON,PERSON_1346,PERSON,TRANSFERRED_MONEY,2025-08-13 14:05:49,0.05,0.57,TXN_AGG_PERSON_1133_PERSON_1346
PERSON_0021,PERSON,PERSON_0875,PERSON,TRANSFERRED_MONEY,2025-12-10 19:34:59,0.05,0.85,TXN_AGG_PERSON_0021_PERSON_0875
PERSON_0265,PERSON,PERSON_1310,PERSON,TRANSFERRED_MONEY,2024-05-21 06:49:15,0.05,0.49,TXN_AGG_PERSON_0265_PERSON_1310
PERSON_0158,PERSON,PERSON_0200,PERSON,TRANSFERRED_MONEY,2024-04-28 05:13:31,0.05,0.56,TXN_AGG_PERSON_0158_PERSON_0200
PERSON_0021,PERSON,PERSON_0693,PERSON,TRANSFERRED_MONEY,2026-05-14 19:25:00,0.05,0.49,TXN_AGG_PERSON_0021_PERSON_0693
PERSON_0725,PERSON,PERSON_1267,PERSON,TRANSFERRED_MONEY,2024-01-14 03:15:25,0.05,0.49,TXN_AGG_PERSON_0725_PERSON_1267
PERSON_0276,PERSON,PERSON_0817,PERSON,TRANSFERRED_MONEY,2025-10-28 13:09:25,0.05,0.55,TXN_AGG_PERSON_0276_PERSON_0817
PERSON_1142,PERSON,PERSON_1372,PERSON,TRANSFERRED_MONEY,2026-01-27 06:58:12,0.05,0.5,TXN_AGG_PERSON_1142_PERSON_1372
PERSON_0507,PERSON,PERSON_0956,PERSON,TRANSFERRED_MONEY,2025-02-04 12:59:16,0.05,0.81,TXN_AGG_PERSON_0507_PERSON_0956
PERSON_0588,PERSON,PERSON_1378,PERSON,TRANSFERRED_MONEY,2025-05-17 13:02:34,0.05,0.62,TXN_AGG_PERSON_0588_PERSON_1378
PERSON_0245,PERSON,PERSON_1296,PERSON,TRANSFERRED_MONEY,2025-09-18 16:49:13,0.05,0.68,TXN_AGG_PERSON_0245_PERSON_1296
PERSON_0020,PERSON,PERSON_1315,PERSON,TRANSFERRED_MONEY,2024-02-20 15:02:57,0.05,0.49,TXN_AGG_PERSON_0020_PERSON_1315
PERSON_0065,PERSON,PERSON_1323,PERSON,TRANSFERRED_MONEY,2025-11-19 04:45:12,0.05,0.57,TXN_AGG_PERSON_0065_PERSON_1323
PERSON_0328,PERSON,PERSON_0636,PERSON,TRANSFERRED_MONEY,2026-01-05 13:08:52,0.05,0.73,TXN_AGG_PERSON_0328_PERSON_0636
PERSON_0057,PERSON,PERSON_0295,PERSON,TRANSFERRED_MONEY,2026-05-24 06:39:32,0.05,0.51,TXN_AGG_PERSON_0057_PERSON_0295
PERSON_0368,PERSON,PERSON_0985,PERSON,TRANSFERRED_MONEY,2025-06-19 23:37:00,0.05,0.55,TXN_AGG_PERSON_0368_PERSON_0985
PERSON_0464,PERSON,PERSON_1133,PERSON,TRANSFERRED_MONEY,2024-12-02 14:18:46,0.05,0.65,TXN_AGG_PERSON_0464_PERSON_1133
PERSON_0126,PERSON,PERSON_0469,PERSON,TRANSFERRED_MONEY,2025-10-14 21:42:37,0.05,0.68,TXN_AGG_PERSON_0126_PERSON_0469
PERSON_0380,PERSON,PERSON_0716,PERSON,TRANSFERRED_MONEY,2024-03-15 21:18:36,0.05,0.8,TXN_AGG_PERSON_0380_PERSON_0716
PERSON_0780,PERSON,PERSON_1158,PERSON,TRANSFERRED_MONEY,2026-05-28 02:06:04,0.05,0.62,TXN_AGG_PERSON_0780_PERSON_1158
PERSON_0126,PERSON,PERSON_0132,PERSON,TRANSFERRED_MONEY,2025-09-21 22:29:18,0.05,0.51,TXN_AGG_PERSON_0126_PERSON_0132
PERSON_1252,PERSON,PERSON_1485,PERSON,TRANSFERRED_MONEY,2024-07-05 11:35:38,0.05,0.55,TXN_AGG_PERSON_1252_PERSON_1485
PERSON_0007,PERSON,PERSON_1095,PERSON,TRANSFERRED_MONEY,2025-04-04 21:29:37,0.05,0.58,TXN_AGG_PERSON_0007_PERSON_1095
PERSON_0109,PERSON,PERSON_0419,PERSON,TRANSFERRED_MONEY,2025-05-31 08:13:20,0.05,0.72,TXN_AGG_PERSON_0109_PERSON_0419
PERSON_0539,PERSON,PERSON_0805,PERSON,TRANSFERRED_MONEY,2024-03-19 09:22:48,0.05,0.54,TXN_AGG_PERSON_0539_PERSON_0805
PERSON_0281,PERSON,PERSON_1398,PERSON,TRANSFERRED_MONEY,2025-12-22 04:09:08,0.05,0.66,TXN_AGG_PERSON_0281_PERSON_1398
PERSON_0607,PERSON,PERSON_1213,PERSON,TRANSFERRED_MONEY,2025-01-20 20:17:40,0.05,0.62,TXN_AGG_PERSON_0607_PERSON_1213
PERSON_0417,PERSON,PERSON_0801,PERSON,TRANSFERRED_MONEY,2024-10-04 10:03:25,0.05,0.6,TXN_AGG_PERSON_0417_PERSON_0801
PERSON_0460,PERSON,PERSON_1196,PERSON,TRANSFERRED_MONEY,2025-03-02 10:48:18,0.1,0.56,TXN_AGG_PERSON_0460_PERSON_1196
PERSON_0126,PERSON,PERSON_0959,PERSON,TRANSFERRED_MONEY,2025-01-05 04:53:27,0.05,0.75,TXN_AGG_PERSON_0126_PERSON_0959
PERSON_0830,PERSON,PERSON_0875,PERSON,TRANSFERRED_MONEY,2024-01-27 21:40:28,0.05,0.73,TXN_AGG_PERSON_0830_PERSON_0875
PERSON_0089,PERSON,PERSON_0364,PERSON,TRANSFERRED_MONEY,2026-01-03 14:34:47,0.05,0.67,TXN_AGG_PERSON_0089_PERSON_0364
PERSON_0427,PERSON,PERSON_1091,PERSON,TRANSFERRED_MONEY,2026-06-13 15:01:11,0.1,0.51,TXN_AGG_PERSON_0427_PERSON_1091
PERSON_0368,PERSON,PERSON_0858,PERSON,TRANSFERRED_MONEY,2026-05-01 14:59:04,0.05,0.85,TXN_AGG_PERSON_0368_PERSON_0858
PERSON_0719,PERSON,PERSON_1280,PERSON,TRANSFERRED_MONEY,2025-09-25 02:15:00,0.05,0.77,TXN_AGG_PERSON_0719_PERSON_1280
PERSON_0356,PERSON,PERSON_1072,PERSON,TRANSFERRED_MONEY,2025-01-11 13:18:58,0.05,0.48,TXN_AGG_PERSON_0356_PERSON_1072
PERSON_0352,PERSON,PERSON_0369,PERSON,TRANSFERRED_MONEY,2024-07-22 22:33:09,0.05,0.69,TXN_AGG_PERSON_0352_PERSON_0369
PERSON_0817,PERSON,PERSON_1023,PERSON,TRANSFERRED_MONEY,2024-11-22 13:09:27,0.05,0.6,TXN_AGG_PERSON_0817_PERSON_1023
PERSON_0598,PERSON,PERSON_0859,PERSON,TRANSFERRED_MONEY,2024-11-21 01:49:59,0.05,0.88,TXN_AGG_PERSON_0598_PERSON_0859
PERSON_0009,PERSON,PERSON_0129,PERSON,TRANSFERRED_MONEY,2025-09-12 09:42:57,0.05,0.47,TXN_AGG_PERSON_0009_PERSON_0129
PERSON_0029,PERSON,PERSON_1174,PERSON,TRANSFERRED_MONEY,2025-09-23 22:33:36,0.05,0.82,TXN_AGG_PERSON_0029_PERSON_1174
PERSON_0307,PERSON,PERSON_1129,PERSON,TRANSFERRED_MONEY,2025-02-23 09:52:54,0.05,0.73,TXN_AGG_PERSON_0307_PERSON_1129
PERSON_0754,PERSON,PERSON_1289,PERSON,TRANSFERRED_MONEY,2024-04-07 05:49:11,0.05,0.53,TXN_AGG_PERSON_0754_PERSON_1289
PERSON_1404,PERSON,PERSON_1409,PERSON,TRANSFERRED_MONEY,2024-09-05 02:44:32,0.05,0.64,TXN_AGG_PERSON_1404_PERSON_1409
PERSON_0598,PERSON,PERSON_0678,PERSON,TRANSFERRED_MONEY,2025-03-03 08:16:35,0.05,0.62,TXN_AGG_PERSON_0598_PERSON_0678
PERSON_1068,PERSON,PERSON_1420,PERSON,TRANSFERRED_MONEY,2025-04-18 01:20:14,0.05,0.48,TXN_AGG_PERSON_1068_PERSON_1420
PERSON_0026,PERSON,PERSON_1448,PERSON,TRANSFERRED_MONEY,2025-02-24 00:42:55,0.05,0.89,TXN_AGG_PERSON_0026_PERSON_1448
PERSON_1366,PERSON,PERSON_1498,PERSON,TRANSFERRED_MONEY,2025-06-20 02:31:04,0.05,0.59,TXN_AGG_PERSON_1366_PERSON_1498
PERSON_1078,PERSON,PERSON_1419,PERSON,TRANSFERRED_MONEY,2024-12-31 11:35:31,0.05,0.82,TXN_AGG_PERSON_1078_PERSON_1419
PERSON_0198,PERSON,PERSON_0685,PERSON,TRANSFERRED_MONEY,2025-07-26 01:10:33,0.05,0.51,TXN_AGG_PERSON_0198_PERSON_0685
PERSON_1087,PERSON,PERSON_1114,PERSON,TRANSFERRED_MONEY,2026-01-02 06:44:28,0.05,0.57,TXN_AGG_PERSON_1087_PERSON_1114
PERSON_0880,PERSON,PERSON_1233,PERSON,TRANSFERRED_MONEY,2024-01-06 13:06:08,0.05,0.74,TXN_AGG_PERSON_0880_PERSON_1233
PERSON_0877,PERSON,PERSON_1012,PERSON,TRANSFERRED_MONEY,2025-07-30 21:16:03,0.05,0.6,TXN_AGG_PERSON_0877_PERSON_1012
PERSON_1331,PERSON,PERSON_1498,PERSON,TRANSFERRED_MONEY,2026-05-21 17:49:38,0.05,0.84,TXN_AGG_PERSON_1331_PERSON_1498
PERSON_0211,PERSON,PERSON_0445,PERSON,TRANSFERRED_MONEY,2024-04-24 09:47:08,0.1,0.77,TXN_AGG_PERSON_0211_PERSON_0445
PERSON_0256,PERSON,PERSON_1337,PERSON,TRANSFERRED_MONEY,2025-10-12 11:07:10,0.05,0.69,TXN_AGG_PERSON_0256_PERSON_1337
PERSON_1047,PERSON,PERSON_1074,PERSON,TRANSFERRED_MONEY,2026-05-22 07:12:55,0.05,0.59,TXN_AGG_PERSON_1047_PERSON_1074
PERSON_0993,PERSON,PERSON_1169,PERSON,TRANSFERRED_MONEY,2026-05-03 19:52:32,0.05,0.59,TXN_AGG_PERSON_0993_PERSON_1169
PERSON_0298,PERSON,PERSON_0502,PERSON,TRANSFERRED_MONEY,2024-04-11 17:20:09,0.05,0.66,TXN_AGG_PERSON_0298_PERSON_0502
PERSON_0126,PERSON,PERSON_0331,PERSON,TRANSFERRED_MONEY,2025-09-21 19:03:05,0.05,0.84,TXN_AGG_PERSON_0126_PERSON_0331
PERSON_0360,PERSON,PERSON_0586,PERSON,TRANSFERRED_MONEY,2025-12-04 05:33:31,0.05,0.77,TXN_AGG_PERSON_0360_PERSON_0586
PERSON_0639,PERSON,PERSON_0780,PERSON,TRANSFERRED_MONEY,2025-08-25 19:25:50,0.05,0.71,TXN_AGG_PERSON_0639_PERSON_0780
PERSON_0392,PERSON,PERSON_1448,PERSON,TRANSFERRED_MONEY,2025-06-08 23:31:23,0.05,0.68,TXN_AGG_PERSON_0392_PERSON_1448
PERSON_0158,PERSON,PERSON_1166,PERSON,TRANSFERRED_MONEY,2025-05-12 05:04:37,0.05,0.8,TXN_AGG_PERSON_0158_PERSON_1166
PERSON_0306,PERSON,PERSON_1165,PERSON,TRANSFERRED_MONEY,2024-02-07 13:28:35,0.05,0.51,TXN_AGG_PERSON_0306_PERSON_1165
PERSON_0669,PERSON,PERSON_1463,PERSON,TRANSFERRED_MONEY,2025-05-19 16:29:03,0.05,0.47,TXN_AGG_PERSON_0669_PERSON_1463
PERSON_0160,PERSON,PERSON_0803,PERSON,TRANSFERRED_MONEY,2024-03-22 18:04:12,0.05,0.51,TXN_AGG_PERSON_0160_PERSON_0803
PERSON_0030,PERSON,PERSON_0448,PERSON,TRANSFERRED_MONEY,2026-03-28 09:22:28,0.05,0.65,TXN_AGG_PERSON_0030_PERSON_0448
PERSON_0663,PERSON,PERSON_1344,PERSON,TRANSFERRED_MONEY,2025-06-15 20:24:35,0.05,0.53,TXN_AGG_PERSON_0663_PERSON_1344
PERSON_0413,PERSON,PERSON_1237,PERSON,TRANSFERRED_MONEY,2024-09-15 04:01:52,0.05,0.68,TXN_AGG_PERSON_0413_PERSON_1237
PERSON_0566,PERSON,PERSON_1499,PERSON,TRANSFERRED_MONEY,2024-10-18 16:08:09,0.05,0.7,TXN_AGG_PERSON_0566_PERSON_1499
PERSON_0604,PERSON,PERSON_1251,PERSON,TRANSFERRED_MONEY,2026-01-12 16:58:24,0.05,0.77,TXN_AGG_PERSON_0604_PERSON_1251
PERSON_0054,PERSON,PERSON_0510,PERSON,TRANSFERRED_MONEY,2024-10-20 08:15:52,0.05,0.62,TXN_AGG_PERSON_0054_PERSON_0510
PERSON_0849,PERSON,PERSON_0852,PERSON,TRANSFERRED_MONEY,2024-03-12 06:37:19,0.05,0.48,TXN_AGG_PERSON_0849_PERSON_0852
PERSON_0398,PERSON,PERSON_0535,PERSON,TRANSFERRED_MONEY,2026-03-29 11:40:29,0.05,0.6,TXN_AGG_PERSON_0398_PERSON_0535
PERSON_0232,PERSON,PERSON_0896,PERSON,TRANSFERRED_MONEY,2025-10-03 17:49:20,0.05,0.62,TXN_AGG_PERSON_0232_PERSON_0896
PERSON_0766,PERSON,PERSON_1128,PERSON,TRANSFERRED_MONEY,2025-10-06 20:15:55,0.05,0.5,TXN_AGG_PERSON_0766_PERSON_1128
PERSON_0587,PERSON,PERSON_0698,PERSON,TRANSFERRED_MONEY,2026-03-28 15:14:06,0.05,0.46,TXN_AGG_PERSON_0587_PERSON_0698
PERSON_0222,PERSON,PERSON_1180,PERSON,TRANSFERRED_MONEY,2026-01-25 10:11:16,0.05,0.48,TXN_AGG_PERSON_0222_PERSON_1180
PERSON_0652,PERSON,PERSON_1083,PERSON,TRANSFERRED_MONEY,2024-09-08 20:14:36,0.05,0.63,TXN_AGG_PERSON_0652_PERSON_1083
PERSON_0565,PERSON,PERSON_0886,PERSON,TRANSFERRED_MONEY,2025-03-08 12:16:03,0.1,0.51,TXN_AGG_PERSON_0565_PERSON_0886
PERSON_0119,PERSON,PERSON_0317,PERSON,TRANSFERRED_MONEY,2025-06-28 12:15:44,0.05,0.77,TXN_AGG_PERSON_0119_PERSON_0317
PERSON_0858,PERSON,PERSON_1071,PERSON,TRANSFERRED_MONEY,2024-04-28 08:09:49,0.05,0.75,TXN_AGG_PERSON_0858_PERSON_1071
PERSON_0025,PERSON,PERSON_0660,PERSON,TRANSFERRED_MONEY,2025-05-08 22:51:53,0.05,0.76,TXN_AGG_PERSON_0025_PERSON_0660
PERSON_1131,PERSON,PERSON_1460,PERSON,TRANSFERRED_MONEY,2026-01-19 16:28:25,0.05,0.67,TXN_AGG_PERSON_1131_PERSON_1460
PERSON_1035,PERSON,PERSON_1119,PERSON,TRANSFERRED_MONEY,2026-01-09 22:25:04,0.05,0.46,TXN_AGG_PERSON_1035_PERSON_1119
PERSON_0698,PERSON,PERSON_1405,PERSON,TRANSFERRED_MONEY,2026-05-10 04:08:43,0.05,0.73,TXN_AGG_PERSON_0698_PERSON_1405
PERSON_0124,PERSON,PERSON_1310,PERSON,TRANSFERRED_MONEY,2026-01-17 01:25:48,0.05,0.6,TXN_AGG_PERSON_0124_PERSON_1310
PERSON_0427,PERSON,PERSON_0582,PERSON,TRANSFERRED_MONEY,2024-02-28 03:07:48,0.05,0.47,TXN_AGG_PERSON_0427_PERSON_0582
PERSON_0542,PERSON,PERSON_1207,PERSON,TRANSFERRED_MONEY,2024-04-12 05:55:34,0.05,0.69,TXN_AGG_PERSON_0542_PERSON_1207
PERSON_0187,PERSON,PERSON_0949,PERSON,TRANSFERRED_MONEY,2025-02-17 16:17:47,0.05,0.84,TXN_AGG_PERSON_0187_PERSON_0949
PERSON_0341,PERSON,PERSON_0478,PERSON,TRANSFERRED_MONEY,2024-12-17 09:31:35,0.05,0.88,TXN_AGG_PERSON_0341_PERSON_0478
PERSON_0526,PERSON,PERSON_1344,PERSON,TRANSFERRED_MONEY,2024-03-12 20:19:12,0.05,0.79,TXN_AGG_PERSON_0526_PERSON_1344
PERSON_0747,PERSON,PERSON_1008,PERSON,TRANSFERRED_MONEY,2025-06-19 13:53:41,0.05,0.82,TXN_AGG_PERSON_0747_PERSON_1008
PERSON_0178,PERSON,PERSON_0919,PERSON,TRANSFERRED_MONEY,2025-10-23 20:16:40,0.05,0.75,TXN_AGG_PERSON_0178_PERSON_0919
PERSON_0453,PERSON,PERSON_0684,PERSON,TRANSFERRED_MONEY,2024-01-17 12:11:53,0.05,0.79,TXN_AGG_PERSON_0453_PERSON_0684
PERSON_0316,PERSON,PERSON_0985,PERSON,TRANSFERRED_MONEY,2025-04-28 05:23:31,0.05,0.81,TXN_AGG_PERSON_0316_PERSON_0985
PERSON_0306,PERSON,PERSON_0738,PERSON,TRANSFERRED_MONEY,2025-04-05 21:48:52,0.05,0.83,TXN_AGG_PERSON_0306_PERSON_0738
PERSON_0387,PERSON,PERSON_0849,PERSON,TRANSFERRED_MONEY,2025-11-10 21:25:57,0.05,0.55,TXN_AGG_PERSON_0387_PERSON_0849
PERSON_0076,PERSON,PERSON_0979,PERSON,TRANSFERRED_MONEY,2024-09-15 08:31:01,0.05,0.63,TXN_AGG_PERSON_0076_PERSON_0979
PERSON_0921,PERSON,PERSON_1119,PERSON,TRANSFERRED_MONEY,2026-02-15 23:42:48,0.05,0.63,TXN_AGG_PERSON_0921_PERSON_1119
PERSON_0100,PERSON,PERSON_1411,PERSON,TRANSFERRED_MONEY,2025-10-05 15:07:17,0.05,0.55,TXN_AGG_PERSON_0100_PERSON_1411
PERSON_0964,PERSON,PERSON_1128,PERSON,TRANSFERRED_MONEY,2025-01-02 05:11:24,0.05,0.85,TXN_AGG_PERSON_0964_PERSON_1128
PERSON_0446,PERSON,PERSON_0594,PERSON,TRANSFERRED_MONEY,2024-04-03 00:06:03,0.05,0.76,TXN_AGG_PERSON_0446_PERSON_0594
PERSON_0263,PERSON,PERSON_0831,PERSON,TRANSFERRED_MONEY,2024-06-18 01:12:04,0.05,0.6,TXN_AGG_PERSON_0263_PERSON_0831
PERSON_0526,PERSON,PERSON_1212,PERSON,TRANSFERRED_MONEY,2025-02-02 04:54:57,0.05,0.82,TXN_AGG_PERSON_0526_PERSON_1212
PERSON_0188,PERSON,PERSON_1217,PERSON,TRANSFERRED_MONEY,2026-05-24 13:54:04,0.05,0.47,TXN_AGG_PERSON_0188_PERSON_1217
PERSON_0164,PERSON,PERSON_1400,PERSON,TRANSFERRED_MONEY,2025-03-16 18:14:00,0.05,0.82,TXN_AGG_PERSON_0164_PERSON_1400
PERSON_0229,PERSON,PERSON_0694,PERSON,TRANSFERRED_MONEY,2024-08-04 17:47:41,0.05,0.58,TXN_AGG_PERSON_0229_PERSON_0694
PERSON_0328,PERSON,PERSON_1091,PERSON,TRANSFERRED_MONEY,2024-03-14 05:01:13,0.05,0.72,TXN_AGG_PERSON_0328_PERSON_1091
PERSON_0027,PERSON,PERSON_0903,PERSON,TRANSFERRED_MONEY,2025-03-08 04:39:20,0.05,0.86,TXN_AGG_PERSON_0027_PERSON_0903
PERSON_1105,PERSON,PERSON_1204,PERSON,TRANSFERRED_MONEY,2025-07-11 00:23:17,0.05,0.52,TXN_AGG_PERSON_1105_PERSON_1204
PERSON_0308,PERSON,PERSON_0938,PERSON,TRANSFERRED_MONEY,2025-11-25 05:30:04,0.05,0.67,TXN_AGG_PERSON_0308_PERSON_0938
PERSON_0095,PERSON,PERSON_0994,PERSON,TRANSFERRED_MONEY,2026-02-12 02:50:17,0.05,0.64,TXN_AGG_PERSON_0095_PERSON_0994
PERSON_0273,PERSON,PERSON_1480,PERSON,TRANSFERRED_MONEY,2024-04-26 15:13:47,0.05,0.51,TXN_AGG_PERSON_0273_PERSON_1480
PERSON_0502,PERSON,PERSON_0551,PERSON,TRANSFERRED_MONEY,2026-05-20 10:50:55,0.1,0.64,TXN_AGG_PERSON_0502_PERSON_0551
PERSON_0126,PERSON,PERSON_1325,PERSON,TRANSFERRED_MONEY,2024-07-21 19:52:52,0.05,0.51,TXN_AGG_PERSON_0126_PERSON_1325
PERSON_0978,PERSON,PERSON_1038,PERSON,TRANSFERRED_MONEY,2024-12-30 01:47:56,0.05,0.46,TXN_AGG_PERSON_0978_PERSON_1038
PERSON_0410,PERSON,PERSON_0678,PERSON,TRANSFERRED_MONEY,2026-01-27 06:39:55,0.05,0.69,TXN_AGG_PERSON_0410_PERSON_0678
PERSON_0273,PERSON,PERSON_0509,PERSON,TRANSFERRED_MONEY,2025-12-30 00:13:07,0.05,0.61,TXN_AGG_PERSON_0273_PERSON_0509
PERSON_0874,PERSON,PERSON_1119,PERSON,TRANSFERRED_MONEY,2025-08-13 14:24:26,0.05,0.51,TXN_AGG_PERSON_0874_PERSON_1119
PERSON_1285,PERSON,PERSON_1447,PERSON,TRANSFERRED_MONEY,2025-03-23 16:33:57,0.05,0.77,TXN_AGG_PERSON_1285_PERSON_1447
PERSON_0694,PERSON,PERSON_1140,PERSON,TRANSFERRED_MONEY,2026-06-21 15:31:44,0.05,0.73,TXN_AGG_PERSON_0694_PERSON_1140
PERSON_0455,PERSON,PERSON_1063,PERSON,TRANSFERRED_MONEY,2024-10-04 03:28:01,0.05,0.58,TXN_AGG_PERSON_0455_PERSON_1063
PERSON_0994,PERSON,PERSON_1308,PERSON,TRANSFERRED_MONEY,2026-03-25 07:39:11,0.05,0.61,TXN_AGG_PERSON_0994_PERSON_1308
PERSON_0671,PERSON,PERSON_1054,PERSON,TRANSFERRED_MONEY,2025-01-06 00:59:41,0.05,0.88,TXN_AGG_PERSON_0671_PERSON_1054
PERSON_0458,PERSON,PERSON_0858,PERSON,TRANSFERRED_MONEY,2025-03-27 02:57:15,0.05,0.62,TXN_AGG_PERSON_0458_PERSON_0858
PERSON_1042,PERSON,PERSON_1247,PERSON,TRANSFERRED_MONEY,2024-12-12 03:47:34,0.05,0.86,TXN_AGG_PERSON_1042_PERSON_1247
PERSON_0336,PERSON,PERSON_0621,PERSON,TRANSFERRED_MONEY,2024-02-02 14:22:25,0.05,0.71,TXN_AGG_PERSON_0336_PERSON_0621
PERSON_0198,PERSON,PERSON_0456,PERSON,TRANSFERRED_MONEY,2024-06-03 13:58:54,0.05,0.77,TXN_AGG_PERSON_0198_PERSON_0456
PERSON_0064,PERSON,PERSON_0796,PERSON,TRANSFERRED_MONEY,2026-06-15 04:50:34,0.05,0.74,TXN_AGG_PERSON_0064_PERSON_0796
PERSON_0076,PERSON,PERSON_0484,PERSON,TRANSFERRED_MONEY,2026-06-20 00:31:52,0.05,0.85,TXN_AGG_PERSON_0076_PERSON_0484
PERSON_0084,PERSON,PERSON_1294,PERSON,TRANSFERRED_MONEY,2024-07-22 06:48:54,0.05,0.6,TXN_AGG_PERSON_0084_PERSON_1294
PERSON_0272,PERSON,PERSON_0484,PERSON,TRANSFERRED_MONEY,2025-03-20 19:36:50,0.05,0.57,TXN_AGG_PERSON_0272_PERSON_0484
PERSON_0814,PERSON,PERSON_1064,PERSON,TRANSFERRED_MONEY,2026-03-23 17:13:48,0.05,0.87,TXN_AGG_PERSON_0814_PERSON_1064
PERSON_0998,PERSON,PERSON_1410,PERSON,TRANSFERRED_MONEY,2026-03-25 15:22:42,0.05,0.47,TXN_AGG_PERSON_0998_PERSON_1410
PERSON_0194,PERSON,PERSON_0944,PERSON,TRANSFERRED_MONEY,2025-02-23 12:07:06,0.05,0.75,TXN_AGG_PERSON_0194_PERSON_0944
PERSON_0110,PERSON,PERSON_0411,PERSON,TRANSFERRED_MONEY,2024-09-24 17:12:05,0.05,0.87,TXN_AGG_PERSON_0110_PERSON_0411
PERSON_0266,PERSON,PERSON_0913,PERSON,TRANSFERRED_MONEY,2026-06-11 23:44:25,0.05,0.47,TXN_AGG_PERSON_0266_PERSON_0913
PERSON_0545,PERSON,PERSON_0603,PERSON,TRANSFERRED_MONEY,2025-08-24 12:09:38,0.05,0.89,TXN_AGG_PERSON_0545_PERSON_0603
PERSON_0339,PERSON,PERSON_0359,PERSON,TRANSFERRED_MONEY,2024-12-30 19:44:49,0.05,0.55,TXN_AGG_PERSON_0339_PERSON_0359
PERSON_0900,PERSON,PERSON_1313,PERSON,TRANSFERRED_MONEY,2026-02-24 17:56:12,0.1,0.72,TXN_AGG_PERSON_0900_PERSON_1313
PERSON_0821,PERSON,PERSON_0839,PERSON,TRANSFERRED_MONEY,2025-11-22 18:33:14,0.05,0.56,TXN_AGG_PERSON_0821_PERSON_0839
PERSON_1165,PERSON,PERSON_1246,PERSON,TRANSFERRED_MONEY,2025-06-30 03:09:44,0.05,0.77,TXN_AGG_PERSON_1165_PERSON_1246
PERSON_0369,PERSON,PERSON_1283,PERSON,TRANSFERRED_MONEY,2026-01-15 23:07:59,0.05,0.51,TXN_AGG_PERSON_0369_PERSON_1283
PERSON_0360,PERSON,PERSON_0869,PERSON,TRANSFERRED_MONEY,2025-05-15 20:44:29,0.05,0.84,TXN_AGG_PERSON_0360_PERSON_0869
PERSON_0451,PERSON,PERSON_0636,PERSON,TRANSFERRED_MONEY,2024-07-17 20:19:53,0.05,0.54,TXN_AGG_PERSON_0451_PERSON_0636
PERSON_0043,PERSON,PERSON_0720,PERSON,TRANSFERRED_MONEY,2025-11-14 11:00:05,0.05,0.84,TXN_AGG_PERSON_0043_PERSON_0720
PERSON_0232,PERSON,PERSON_0316,PERSON,TRANSFERRED_MONEY,2025-01-06 14:36:57,0.05,0.65,TXN_AGG_PERSON_0232_PERSON_0316
PERSON_0068,PERSON,PERSON_1087,PERSON,TRANSFERRED_MONEY,2025-01-04 11:08:18,0.05,0.62,TXN_AGG_PERSON_0068_PERSON_1087
PERSON_0320,PERSON,PERSON_0634,PERSON,TRANSFERRED_MONEY,2024-05-29 11:09:56,0.05,0.86,TXN_AGG_PERSON_0320_PERSON_0634
PERSON_0810,PERSON,PERSON_1159,PERSON,TRANSFERRED_MONEY,2025-04-08 06:04:51,0.05,0.62,TXN_AGG_PERSON_0810_PERSON_1159
PERSON_1140,PERSON,PERSON_1300,PERSON,TRANSFERRED_MONEY,2026-03-30 11:58:36,0.05,0.6,TXN_AGG_PERSON_1140_PERSON_1300
PERSON_0104,PERSON,PERSON_1065,PERSON,TRANSFERRED_MONEY,2026-01-24 10:48:12,0.05,0.75,TXN_AGG_PERSON_0104_PERSON_1065
PERSON_0030,PERSON,PERSON_1251,PERSON,TRANSFERRED_MONEY,2025-03-26 20:31:41,0.05,0.86,TXN_AGG_PERSON_0030_PERSON_1251
PERSON_0307,PERSON,PERSON_1401,PERSON,TRANSFERRED_MONEY,2025-05-13 07:38:58,0.05,0.56,TXN_AGG_PERSON_0307_PERSON_1401
PERSON_0379,PERSON,PERSON_1050,PERSON,TRANSFERRED_MONEY,2026-05-09 13:36:05,0.05,0.69,TXN_AGG_PERSON_0379_PERSON_1050
PERSON_0317,PERSON,PERSON_1178,PERSON,TRANSFERRED_MONEY,2024-07-03 14:11:58,0.05,0.74,TXN_AGG_PERSON_0317_PERSON_1178
PERSON_1190,PERSON,PERSON_1237,PERSON,TRANSFERRED_MONEY,2026-06-06 12:46:53,0.05,0.73,TXN_AGG_PERSON_1190_PERSON_1237
PERSON_0950,PERSON,PERSON_1122,PERSON,TRANSFERRED_MONEY,2024-05-17 13:41:30,0.05,0.49,TXN_AGG_PERSON_0950_PERSON_1122
PERSON_0721,PERSON,PERSON_1323,PERSON,TRANSFERRED_MONEY,2025-12-23 11:37:15,0.05,0.47,TXN_AGG_PERSON_0721_PERSON_1323
PERSON_0232,PERSON,PERSON_0456,PERSON,TRANSFERRED_MONEY,2024-05-06 00:19:22,0.05,0.8,TXN_AGG_PERSON_0232_PERSON_0456
PERSON_0971,PERSON,PERSON_1419,PERSON,TRANSFERRED_MONEY,2026-02-15 21:45:18,0.05,0.82,TXN_AGG_PERSON_0971_PERSON_1419
PERSON_0359,PERSON,PERSON_1318,PERSON,TRANSFERRED_MONEY,2024-02-02 06:31:31,0.05,0.49,TXN_AGG_PERSON_0359_PERSON_1318
PERSON_0490,PERSON,PERSON_1150,PERSON,TRANSFERRED_MONEY,2026-04-10 21:43:12,0.05,0.87,TXN_AGG_PERSON_0490_PERSON_1150
PERSON_0879,PERSON,PERSON_0947,PERSON,TRANSFERRED_MONEY,2024-11-11 10:13:15,0.05,0.56,TXN_AGG_PERSON_0879_PERSON_0947
PERSON_0663,PERSON,PERSON_1347,PERSON,TRANSFERRED_MONEY,2024-09-08 21:39:26,0.05,0.76,TXN_AGG_PERSON_0663_PERSON_1347
PERSON_0862,PERSON,PERSON_1317,PERSON,TRANSFERRED_MONEY,2025-05-31 15:11:37,0.05,0.6,TXN_AGG_PERSON_0862_PERSON_1317
PERSON_0639,PERSON,PERSON_0946,PERSON,TRANSFERRED_MONEY,2025-12-22 08:59:27,0.05,0.61,TXN_AGG_PERSON_0639_PERSON_0946
PERSON_0557,PERSON,PERSON_1341,PERSON,TRANSFERRED_MONEY,2024-03-16 02:19:27,0.05,0.6,TXN_AGG_PERSON_0557_PERSON_1341
PERSON_0564,PERSON,PERSON_0698,PERSON,TRANSFERRED_MONEY,2025-07-18 12:53:53,0.05,0.8,TXN_AGG_PERSON_0564_PERSON_0698
PERSON_0266,PERSON,PERSON_0754,PERSON,TRANSFERRED_MONEY,2024-02-14 13:43:17,0.05,0.71,TXN_AGG_PERSON_0266_PERSON_0754
PERSON_0211,PERSON,PERSON_1428,PERSON,TRANSFERRED_MONEY,2024-03-27 19:54:21,0.05,0.65,TXN_AGG_PERSON_0211_PERSON_1428
PERSON_0757,PERSON,PERSON_0842,PERSON,TRANSFERRED_MONEY,2024-08-01 04:09:23,0.05,0.67,TXN_AGG_PERSON_0757_PERSON_0842
PERSON_0889,PERSON,PERSON_0956,PERSON,TRANSFERRED_MONEY,2025-03-14 06:04:23,0.05,0.73,TXN_AGG_PERSON_0889_PERSON_0956
PERSON_0831,PERSON,PERSON_1364,PERSON,TRANSFERRED_MONEY,2024-11-03 05:37:46,0.05,0.62,TXN_AGG_PERSON_0831_PERSON_1364
PERSON_0131,PERSON,PERSON_1364,PERSON,TRANSFERRED_MONEY,2026-05-05 00:48:02,0.05,0.79,TXN_AGG_PERSON_0131_PERSON_1364
PERSON_0046,PERSON,PERSON_1126,PERSON,TRANSFERRED_MONEY,2025-07-30 10:32:48,0.05,0.73,TXN_AGG_PERSON_0046_PERSON_1126
PERSON_0337,PERSON,PERSON_0678,PERSON,TRANSFERRED_MONEY,2024-09-27 23:43:56,0.05,0.56,TXN_AGG_PERSON_0337_PERSON_0678
PERSON_0479,PERSON,PERSON_0566,PERSON,TRANSFERRED_MONEY,2025-07-12 23:26:00,0.05,0.49,TXN_AGG_PERSON_0479_PERSON_0566
PERSON_0352,PERSON,PERSON_0677,PERSON,TRANSFERRED_MONEY,2024-11-29 03:07:27,0.05,0.65,TXN_AGG_PERSON_0352_PERSON_0677
PERSON_0110,PERSON,PERSON_1251,PERSON,TRANSFERRED_MONEY,2026-04-03 11:39:34,0.05,0.47,TXN_AGG_PERSON_0110_PERSON_1251
PERSON_0455,PERSON,PERSON_0638,PERSON,TRANSFERRED_MONEY,2024-09-06 03:38:53,0.05,0.53,TXN_AGG_PERSON_0455_PERSON_0638
PERSON_0160,PERSON,PERSON_0906,PERSON,TRANSFERRED_MONEY,2026-02-28 15:50:51,0.05,0.54,TXN_AGG_PERSON_0160_PERSON_0906
PERSON_0455,PERSON,PERSON_1335,PERSON,TRANSFERRED_MONEY,2024-06-21 14:47:57,0.05,0.66,TXN_AGG_PERSON_0455_PERSON_1335
PERSON_0380,PERSON,PERSON_1012,PERSON,TRANSFERRED_MONEY,2026-03-28 18:26:26,0.05,0.47,TXN_AGG_PERSON_0380_PERSON_1012
PERSON_1308,PERSON,PERSON_1390,PERSON,TRANSFERRED_MONEY,2024-12-11 04:09:50,0.05,0.66,TXN_AGG_PERSON_1308_PERSON_1390
PERSON_1180,PERSON,PERSON_1307,PERSON,TRANSFERRED_MONEY,2025-01-14 23:54:50,0.05,0.75,TXN_AGG_PERSON_1180_PERSON_1307
PERSON_0507,PERSON,PERSON_0599,PERSON,TRANSFERRED_MONEY,2025-10-19 18:41:32,0.05,0.51,TXN_AGG_PERSON_0507_PERSON_0599
PERSON_0284,PERSON,PERSON_0757,PERSON,TRANSFERRED_MONEY,2025-11-08 15:47:15,0.05,0.57,TXN_AGG_PERSON_0284_PERSON_0757
PERSON_0743,PERSON,PERSON_1175,PERSON,TRANSFERRED_MONEY,2024-11-17 00:10:41,0.05,0.62,TXN_AGG_PERSON_0743_PERSON_1175
PERSON_0109,PERSON,PERSON_0957,PERSON,TRANSFERRED_MONEY,2025-07-26 11:12:37,0.05,0.68,TXN_AGG_PERSON_0109_PERSON_0957
PERSON_1227,PERSON,PERSON_1400,PERSON,TRANSFERRED_MONEY,2025-02-27 14:43:20,0.05,0.5,TXN_AGG_PERSON_1227_PERSON_1400
PERSON_0725,PERSON,PERSON_0973,PERSON,TRANSFERRED_MONEY,2024-01-13 12:41:25,0.05,0.63,TXN_AGG_PERSON_0725_PERSON_0973
PERSON_1151,PERSON,PERSON_1366,PERSON,TRANSFERRED_MONEY,2024-07-17 07:45:40,0.05,0.77,TXN_AGG_PERSON_1151_PERSON_1366
PERSON_0467,PERSON,PERSON_0977,PERSON,TRANSFERRED_MONEY,2024-08-16 12:07:07,0.05,0.9,TXN_AGG_PERSON_0467_PERSON_0977
PERSON_0164,PERSON,PERSON_0358,PERSON,TRANSFERRED_MONEY,2025-07-09 18:10:16,0.05,0.62,TXN_AGG_PERSON_0164_PERSON_0358
PERSON_0341,PERSON,PERSON_0729,PERSON,TRANSFERRED_MONEY,2024-03-22 18:04:30,0.05,0.71,TXN_AGG_PERSON_0341_PERSON_0729
PERSON_0634,PERSON,PERSON_1308,PERSON,TRANSFERRED_MONEY,2025-12-02 00:11:36,0.05,0.48,TXN_AGG_PERSON_0634_PERSON_1308
PERSON_0062,PERSON,PERSON_0709,PERSON,TRANSFERRED_MONEY,2025-08-11 05:18:49,0.05,0.5,TXN_AGG_PERSON_0062_PERSON_0709
PERSON_0132,PERSON,PERSON_0464,PERSON,TRANSFERRED_MONEY,2025-07-04 17:06:45,0.05,0.78,TXN_AGG_PERSON_0132_PERSON_0464
PERSON_1131,PERSON,PERSON_1183,PERSON,TRANSFERRED_MONEY,2025-02-12 14:11:17,0.05,0.49,TXN_AGG_PERSON_1131_PERSON_1183
PERSON_0504,PERSON,PERSON_1181,PERSON,TRANSFERRED_MONEY,2025-10-29 00:30:33,0.05,0.83,TXN_AGG_PERSON_0504_PERSON_1181
PERSON_1198,PERSON,PERSON_1499,PERSON,TRANSFERRED_MONEY,2025-11-01 05:20:44,0.05,0.56,TXN_AGG_PERSON_1198_PERSON_1499
PERSON_0238,PERSON,PERSON_1190,PERSON,TRANSFERRED_MONEY,2024-07-13 21:28:49,0.05,0.79,TXN_AGG_PERSON_0238_PERSON_1190
PERSON_0339,PERSON,PERSON_0747,PERSON,TRANSFERRED_MONEY,2026-03-04 09:21:15,0.05,0.75,TXN_AGG_PERSON_0339_PERSON_0747
PERSON_0316,PERSON,PERSON_1027,PERSON,TRANSFERRED_MONEY,2024-07-20 03:28:58,0.05,0.59,TXN_AGG_PERSON_0316_PERSON_1027
PERSON_0024,PERSON,PERSON_0314,PERSON,TRANSFERRED_MONEY,2025-11-18 05:53:36,0.05,0.85,TXN_AGG_PERSON_0024_PERSON_0314
PERSON_0075,PERSON,PERSON_0464,PERSON,TRANSFERRED_MONEY,2025-04-13 01:13:53,0.05,0.55,TXN_AGG_PERSON_0075_PERSON_0464
PERSON_0023,PERSON,PERSON_1209,PERSON,TRANSFERRED_MONEY,2024-11-19 05:38:31,0.05,0.68,TXN_AGG_PERSON_0023_PERSON_1209
PERSON_0945,PERSON,PERSON_1337,PERSON,TRANSFERRED_MONEY,2024-05-21 14:53:09,0.05,0.72,TXN_AGG_PERSON_0945_PERSON_1337
PERSON_0852,PERSON,PERSON_1330,PERSON,TRANSFERRED_MONEY,2025-07-06 12:36:52,0.05,0.71,TXN_AGG_PERSON_0852_PERSON_1330
PERSON_0421,PERSON,PERSON_1328,PERSON,TRANSFERRED_MONEY,2025-10-30 10:22:05,0.05,0.89,TXN_AGG_PERSON_0421_PERSON_1328
PERSON_0043,PERSON,PERSON_1050,PERSON,TRANSFERRED_MONEY,2026-01-04 16:17:10,0.05,0.5,TXN_AGG_PERSON_0043_PERSON_1050
PERSON_0979,PERSON,PERSON_1160,PERSON,TRANSFERRED_MONEY,2025-03-09 14:21:23,0.05,0.85,TXN_AGG_PERSON_0979_PERSON_1160
PERSON_0218,PERSON,PERSON_1464,PERSON,TRANSFERRED_MONEY,2025-07-14 03:28:33,0.05,0.66,TXN_AGG_PERSON_0218_PERSON_1464
PERSON_0466,PERSON,PERSON_0604,PERSON,TRANSFERRED_MONEY,2024-11-08 22:26:18,0.05,0.81,TXN_AGG_PERSON_0466_PERSON_0604
PERSON_0621,PERSON,PERSON_0936,PERSON,TRANSFERRED_MONEY,2025-07-12 10:40:42,0.05,0.61,TXN_AGG_PERSON_0621_PERSON_0936
PERSON_0216,PERSON,PERSON_1431,PERSON,TRANSFERRED_MONEY,2025-06-25 05:01:13,0.05,0.69,TXN_AGG_PERSON_0216_PERSON_1431
PERSON_0171,PERSON,PERSON_0936,PERSON,TRANSFERRED_MONEY,2025-05-10 23:09:30,0.05,0.78,TXN_AGG_PERSON_0171_PERSON_0936
PERSON_0158,PERSON,PERSON_0349,PERSON,TRANSFERRED_MONEY,2025-01-26 14:37:18,0.05,0.46,TXN_AGG_PERSON_0158_PERSON_0349
PERSON_1017,PERSON,PERSON_1273,PERSON,TRANSFERRED_MONEY,2026-04-19 08:41:47,0.05,0.76,TXN_AGG_PERSON_1017_PERSON_1273
PERSON_0475,PERSON,PERSON_0846,PERSON,TRANSFERRED_MONEY,2025-08-19 06:51:11,0.1,0.62,TXN_AGG_PERSON_0475_PERSON_0846
PERSON_0502,PERSON,PERSON_1169,PERSON,TRANSFERRED_MONEY,2024-08-04 08:18:45,0.05,0.73,TXN_AGG_PERSON_0502_PERSON_1169
PERSON_0356,PERSON,PERSON_0799,PERSON,TRANSFERRED_MONEY,2025-09-30 05:03:23,0.05,0.76,TXN_AGG_PERSON_0356_PERSON_0799
PERSON_0039,PERSON,PERSON_0783,PERSON,TRANSFERRED_MONEY,2025-10-29 05:46:50,0.05,0.47,TXN_AGG_PERSON_0039_PERSON_0783
PERSON_0205,PERSON,PERSON_0873,PERSON,TRANSFERRED_MONEY,2025-04-18 07:19:08,0.05,0.88,TXN_AGG_PERSON_0205_PERSON_0873
PERSON_0926,PERSON,PERSON_1012,PERSON,TRANSFERRED_MONEY,2025-03-07 00:09:03,0.05,0.66,TXN_AGG_PERSON_0926_PERSON_1012
PERSON_0126,PERSON,PERSON_1087,PERSON,TRANSFERRED_MONEY,2026-04-19 11:11:58,0.05,0.73,TXN_AGG_PERSON_0126_PERSON_1087
PERSON_0279,PERSON,PERSON_1406,PERSON,TRANSFERRED_MONEY,2026-02-20 03:41:14,0.05,0.8,TXN_AGG_PERSON_0279_PERSON_1406
PERSON_0088,PERSON,PERSON_1187,PERSON,TRANSFERRED_MONEY,2025-01-09 06:52:38,0.05,0.82,TXN_AGG_PERSON_0088_PERSON_1187
PERSON_0871,PERSON,PERSON_1115,PERSON,TRANSFERRED_MONEY,2024-01-16 01:04:15,0.05,0.84,TXN_AGG_PERSON_0871_PERSON_1115
PERSON_1302,PERSON,PERSON_1422,PERSON,TRANSFERRED_MONEY,2025-09-09 09:49:45,0.05,0.57,TXN_AGG_PERSON_1302_PERSON_1422
PERSON_0024,PERSON,PERSON_0706,PERSON,TRANSFERRED_MONEY,2026-02-21 18:08:26,0.05,0.59,TXN_AGG_PERSON_0024_PERSON_0706
PERSON_0557,PERSON,PERSON_1440,PERSON,TRANSFERRED_MONEY,2026-04-07 04:39:15,0.05,0.59,TXN_AGG_PERSON_0557_PERSON_1440
PERSON_0842,PERSON,PERSON_1066,PERSON,TRANSFERRED_MONEY,2026-03-28 03:29:59,0.05,0.82,TXN_AGG_PERSON_0842_PERSON_1066
PERSON_0696,PERSON,PERSON_0955,PERSON,TRANSFERRED_MONEY,2026-04-11 12:17:54,0.05,0.84,TXN_AGG_PERSON_0696_PERSON_0955
PERSON_1096,PERSON,PERSON_1426,PERSON,TRANSFERRED_MONEY,2024-03-09 23:55:51,0.05,0.49,TXN_AGG_PERSON_1096_PERSON_1426
PERSON_0996,PERSON,PERSON_1133,PERSON,TRANSFERRED_MONEY,2025-10-09 13:51:14,0.05,0.65,TXN_AGG_PERSON_0996_PERSON_1133
PERSON_0229,PERSON,PERSON_1267,PERSON,TRANSFERRED_MONEY,2026-06-21 19:05:30,0.05,0.68,TXN_AGG_PERSON_0229_PERSON_1267
PERSON_0298,PERSON,PERSON_0978,PERSON,TRANSFERRED_MONEY,2025-04-24 03:04:10,0.05,0.62,TXN_AGG_PERSON_0298_PERSON_0978
PERSON_0281,PERSON,PERSON_1264,PERSON,TRANSFERRED_MONEY,2026-02-12 02:55:41,0.05,0.85,TXN_AGG_PERSON_0281_PERSON_1264
PERSON_0222,PERSON,PERSON_0507,PERSON,TRANSFERRED_MONEY,2026-06-12 12:32:11,0.05,0.64,TXN_AGG_PERSON_0222_PERSON_0507
PERSON_0453,PERSON,PERSON_1178,PERSON,TRANSFERRED_MONEY,2026-03-26 13:23:56,0.05,0.79,TXN_AGG_PERSON_0453_PERSON_1178
PERSON_0661,PERSON,PERSON_0922,PERSON,TRANSFERRED_MONEY,2024-04-10 15:15:26,0.05,0.66,TXN_AGG_PERSON_0661_PERSON_0922
PERSON_0882,PERSON,PERSON_0993,PERSON,TRANSFERRED_MONEY,2026-03-24 20:27:46,0.05,0.54,TXN_AGG_PERSON_0882_PERSON_0993
PERSON_0874,PERSON,PERSON_1266,PERSON,TRANSFERRED_MONEY,2025-09-13 17:53:02,0.05,0.46,TXN_AGG_PERSON_0874_PERSON_1266
PERSON_0944,PERSON,PERSON_1242,PERSON,TRANSFERRED_MONEY,2026-04-21 22:45:17,0.05,0.75,TXN_AGG_PERSON_0944_PERSON_1242
PERSON_1083,PERSON,PERSON_1186,PERSON,TRANSFERRED_MONEY,2025-05-31 06:39:32,0.05,0.6,TXN_AGG_PERSON_1083_PERSON_1186
PERSON_0705,PERSON,PERSON_0888,PERSON,TRANSFERRED_MONEY,2026-03-24 08:00:35,0.05,0.78,TXN_AGG_PERSON_0705_PERSON_0888
PERSON_1083,PERSON,PERSON_1483,PERSON,TRANSFERRED_MONEY,2025-12-25 23:29:10,0.05,0.49,TXN_AGG_PERSON_1083_PERSON_1483
PERSON_0178,PERSON,PERSON_1300,PERSON,TRANSFERRED_MONEY,2025-02-02 22:10:28,0.05,0.59,TXN_AGG_PERSON_0178_PERSON_1300
PERSON_0663,PERSON,PERSON_1438,PERSON,TRANSFERRED_MONEY,2026-06-01 01:49:46,0.05,0.71,TXN_AGG_PERSON_0663_PERSON_1438
PERSON_0946,PERSON,PERSON_0987,PERSON,TRANSFERRED_MONEY,2024-06-22 08:55:04,0.05,0.82,TXN_AGG_PERSON_0946_PERSON_0987
PERSON_0494,PERSON,PERSON_0758,PERSON,TRANSFERRED_MONEY,2024-08-13 16:10:45,0.05,0.65,TXN_AGG_PERSON_0494_PERSON_0758
PERSON_0114,PERSON,PERSON_0790,PERSON,TRANSFERRED_MONEY,2025-09-14 21:31:31,0.05,0.52,TXN_AGG_PERSON_0114_PERSON_0790
PERSON_0969,PERSON,PERSON_1251,PERSON,TRANSFERRED_MONEY,2025-06-07 05:53:26,0.05,0.62,TXN_AGG_PERSON_0969_PERSON_1251
PERSON_0484,PERSON,PERSON_0894,PERSON,TRANSFERRED_MONEY,2025-02-23 17:19:56,0.05,0.9,TXN_AGG_PERSON_0484_PERSON_0894
PERSON_0104,PERSON,PERSON_0315,PERSON,TRANSFERRED_MONEY,2024-10-27 20:25:51,0.05,0.71,TXN_AGG_PERSON_0104_PERSON_0315
PERSON_0864,PERSON,PERSON_1145,PERSON,TRANSFERRED_MONEY,2024-08-22 14:58:26,0.05,0.8,TXN_AGG_PERSON_0864_PERSON_1145
PERSON_0805,PERSON,PERSON_0896,PERSON,TRANSFERRED_MONEY,2026-06-11 15:47:49,0.05,0.74,TXN_AGG_PERSON_0805_PERSON_0896
PERSON_1219,PERSON,PERSON_1251,PERSON,TRANSFERRED_MONEY,2026-06-21 05:01:39,0.05,0.55,TXN_AGG_PERSON_1219_PERSON_1251
PERSON_1395,PERSON,PERSON_1482,PERSON,TRANSFERRED_MONEY,2025-04-28 09:13:10,0.05,0.82,TXN_AGG_PERSON_1395_PERSON_1482
PERSON_0306,PERSON,PERSON_0385,PERSON,TRANSFERRED_MONEY,2025-07-16 08:57:58,0.05,0.48,TXN_AGG_PERSON_0306_PERSON_0385
PERSON_0726,PERSON,PERSON_0745,PERSON,TRANSFERRED_MONEY,2025-08-31 11:37:01,0.05,0.52,TXN_AGG_PERSON_0726_PERSON_0745
PERSON_0456,PERSON,PERSON_1449,PERSON,TRANSFERRED_MONEY,2024-11-06 04:41:30,0.05,0.61,TXN_AGG_PERSON_0456_PERSON_1449
PERSON_0328,PERSON,PERSON_1221,PERSON,TRANSFERRED_MONEY,2026-05-20 19:27:53,0.05,0.48,TXN_AGG_PERSON_0328_PERSON_1221
PERSON_0717,PERSON,PERSON_0955,PERSON,TRANSFERRED_MONEY,2025-01-25 18:02:26,0.05,0.74,TXN_AGG_PERSON_0717_PERSON_0955
PERSON_1163,PERSON,PERSON_1245,PERSON,TRANSFERRED_MONEY,2024-08-28 02:33:36,0.05,0.88,TXN_AGG_PERSON_1163_PERSON_1245
PERSON_0052,PERSON,PERSON_0276,PERSON,TRANSFERRED_MONEY,2024-10-25 05:56:37,0.05,0.53,TXN_AGG_PERSON_0052_PERSON_0276
PERSON_0725,PERSON,PERSON_0900,PERSON,TRANSFERRED_MONEY,2025-06-19 18:29:04,0.05,0.87,TXN_AGG_PERSON_0725_PERSON_0900
PERSON_0409,PERSON,PERSON_0652,PERSON,TRANSFERRED_MONEY,2025-09-19 03:07:21,0.05,0.54,TXN_AGG_PERSON_0409_PERSON_0652
PERSON_0025,PERSON,PERSON_1050,PERSON,TRANSFERRED_MONEY,2024-01-04 06:56:53,0.05,0.7,TXN_AGG_PERSON_0025_PERSON_1050
PERSON_0971,PERSON,PERSON_1440,PERSON,TRANSFERRED_MONEY,2025-10-19 07:46:08,0.05,0.72,TXN_AGG_PERSON_0971_PERSON_1440
PERSON_0055,PERSON,PERSON_1303,PERSON,TRANSFERRED_MONEY,2024-11-08 11:16:13,0.05,0.61,TXN_AGG_PERSON_0055_PERSON_1303
PERSON_0397,PERSON,PERSON_0682,PERSON,TRANSFERRED_MONEY,2025-01-01 16:19:38,0.05,0.73,TXN_AGG_PERSON_0397_PERSON_0682
PERSON_0846,PERSON,PERSON_1415,PERSON,TRANSFERRED_MONEY,2025-06-25 06:36:09,0.05,0.71,TXN_AGG_PERSON_0846_PERSON_1415
PERSON_0318,PERSON,PERSON_1448,PERSON,TRANSFERRED_MONEY,2026-01-20 07:46:22,0.05,0.78,TXN_AGG_PERSON_0318_PERSON_1448
PERSON_0423,PERSON,PERSON_1173,PERSON,TRANSFERRED_MONEY,2025-07-24 06:29:08,0.05,0.58,TXN_AGG_PERSON_0423_PERSON_1173
PERSON_0314,PERSON,PERSON_0880,PERSON,TRANSFERRED_MONEY,2024-10-26 14:29:18,0.05,0.84,TXN_AGG_PERSON_0314_PERSON_0880
PERSON_0039,PERSON,PERSON_1294,PERSON,TRANSFERRED_MONEY,2024-07-10 16:44:12,0.05,0.71,TXN_AGG_PERSON_0039_PERSON_1294
PERSON_0317,PERSON,PERSON_1419,PERSON,TRANSFERRED_MONEY,2024-10-10 17:23:00,0.05,0.79,TXN_AGG_PERSON_0317_PERSON_1419
PERSON_0172,PERSON,PERSON_0733,PERSON,TRANSFERRED_MONEY,2025-04-27 01:22:11,0.05,0.71,TXN_AGG_PERSON_0172_PERSON_0733
PERSON_1077,PERSON,PERSON_1184,PERSON,TRANSFERRED_MONEY,2025-02-25 14:04:52,0.05,0.7,TXN_AGG_PERSON_1077_PERSON_1184
PERSON_1242,PERSON,PERSON_1365,PERSON,TRANSFERRED_MONEY,2025-12-02 12:02:56,0.05,0.47,TXN_AGG_PERSON_1242_PERSON_1365
PERSON_0067,PERSON,PERSON_1088,PERSON,TRANSFERRED_MONEY,2026-06-23 17:42:55,0.05,0.54,TXN_AGG_PERSON_0067_PERSON_1088
PERSON_0946,PERSON,PERSON_1352,PERSON,TRANSFERRED_MONEY,2026-01-30 19:06:05,0.05,0.46,TXN_AGG_PERSON_0946_PERSON_1352
PERSON_0906,PERSON,PERSON_1169,PERSON,TRANSFERRED_MONEY,2025-03-16 03:36:02,0.05,0.67,TXN_AGG_PERSON_0906_PERSON_1169
PERSON_0653,PERSON,PERSON_1090,PERSON,TRANSFERRED_MONEY,2024-04-08 15:59:48,0.05,0.8,TXN_AGG_PERSON_0653_PERSON_1090
PERSON_0727,PERSON,PERSON_1434,PERSON,TRANSFERRED_MONEY,2024-06-26 02:10:44,0.05,0.72,TXN_AGG_PERSON_0727_PERSON_1434
PERSON_0302,PERSON,PERSON_0631,PERSON,TRANSFERRED_MONEY,2024-04-14 19:04:30,0.05,0.72,TXN_AGG_PERSON_0302_PERSON_0631
PERSON_0205,PERSON,PERSON_0716,PERSON,TRANSFERRED_MONEY,2024-06-22 05:38:53,0.05,0.75,TXN_AGG_PERSON_0205_PERSON_0716
PERSON_0010,PERSON,PERSON_0598,PERSON,TRANSFERRED_MONEY,2024-08-17 17:36:18,0.05,0.6,TXN_AGG_PERSON_0010_PERSON_0598
PERSON_0300,PERSON,PERSON_0579,PERSON,TRANSFERRED_MONEY,2024-11-22 06:48:16,0.05,0.57,TXN_AGG_PERSON_0300_PERSON_0579
PERSON_0165,PERSON,PERSON_0206,PERSON,TRANSFERRED_MONEY,2024-03-24 20:25:35,0.05,0.59,TXN_AGG_PERSON_0165_PERSON_0206
PERSON_1237,PERSON,PERSON_1401,PERSON,TRANSFERRED_MONEY,2024-02-16 18:49:08,0.05,0.56,TXN_AGG_PERSON_1237_PERSON_1401
PERSON_0141,PERSON,PERSON_0319,PERSON,TRANSFERRED_MONEY,2025-08-13 14:54:32,0.05,0.89,TXN_AGG_PERSON_0141_PERSON_0319
PERSON_1140,PERSON,PERSON_1209,PERSON,TRANSFERRED_MONEY,2025-12-11 08:25:53,0.05,0.83,TXN_AGG_PERSON_1140_PERSON_1209
PERSON_0198,PERSON,PERSON_0964,PERSON,TRANSFERRED_MONEY,2026-05-22 07:57:36,0.1,0.81,TXN_AGG_PERSON_0198_PERSON_0964
PERSON_0154,PERSON,PERSON_0325,PERSON,TRANSFERRED_MONEY,2024-07-19 21:26:03,0.05,0.6,TXN_AGG_PERSON_0154_PERSON_0325
PERSON_0027,PERSON,PERSON_0218,PERSON,TRANSFERRED_MONEY,2024-04-03 22:40:41,0.05,0.53,TXN_AGG_PERSON_0027_PERSON_0218
PERSON_0197,PERSON,PERSON_1052,PERSON,TRANSFERRED_MONEY,2025-11-12 23:55:14,0.05,0.47,TXN_AGG_PERSON_0197_PERSON_1052
PERSON_0575,PERSON,PERSON_1490,PERSON,TRANSFERRED_MONEY,2026-05-08 14:57:49,0.05,0.63,TXN_AGG_PERSON_0575_PERSON_1490
PERSON_1298,PERSON,PERSON_1496,PERSON,TRANSFERRED_MONEY,2026-01-18 10:31:16,0.05,0.83,TXN_AGG_PERSON_1298_PERSON_1496
PERSON_0250,PERSON,PERSON_1251,PERSON,TRANSFERRED_MONEY,2024-12-21 19:59:11,0.05,0.69,TXN_AGG_PERSON_0250_PERSON_1251
PERSON_0526,PERSON,PERSON_1356,PERSON,TRANSFERRED_MONEY,2026-03-29 02:01:20,0.05,0.56,TXN_AGG_PERSON_0526_PERSON_1356
PERSON_0022,PERSON,PERSON_0452,PERSON,TRANSFERRED_MONEY,2025-06-05 06:38:42,0.05,0.78,TXN_AGG_PERSON_0022_PERSON_0452
PERSON_0371,PERSON,PERSON_0534,PERSON,TRANSFERRED_MONEY,2024-10-29 16:48:58,0.05,0.66,TXN_AGG_PERSON_0371_PERSON_0534
PERSON_0639,PERSON,PERSON_0789,PERSON,TRANSFERRED_MONEY,2024-10-05 04:05:48,0.05,0.49,TXN_AGG_PERSON_0639_PERSON_0789
PERSON_0548,PERSON,PERSON_0689,PERSON,TRANSFERRED_MONEY,2024-01-06 08:02:32,0.05,0.51,TXN_AGG_PERSON_0548_PERSON_0689
PERSON_1068,PERSON,PERSON_1206,PERSON,TRANSFERRED_MONEY,2024-08-07 14:18:52,0.05,0.74,TXN_AGG_PERSON_1068_PERSON_1206
PERSON_0463,PERSON,PERSON_1296,PERSON,TRANSFERRED_MONEY,2025-02-11 18:06:53,0.1,0.59,TXN_AGG_PERSON_0463_PERSON_1296
PERSON_0133,PERSON,PERSON_0527,PERSON,TRANSFERRED_MONEY,2025-12-25 08:24:57,0.05,0.73,TXN_AGG_PERSON_0133_PERSON_0527
PERSON_0109,PERSON,PERSON_0347,PERSON,TRANSFERRED_MONEY,2025-12-13 19:32:28,0.05,0.5,TXN_AGG_PERSON_0109_PERSON_0347
PERSON_0383,PERSON,PERSON_0907,PERSON,TRANSFERRED_MONEY,2024-04-13 07:48:23,0.05,0.7,TXN_AGG_PERSON_0383_PERSON_0907
PERSON_0594,PERSON,PERSON_1125,PERSON,TRANSFERRED_MONEY,2026-04-02 11:16:12,0.05,0.72,TXN_AGG_PERSON_0594_PERSON_1125
PERSON_0677,PERSON,PERSON_1117,PERSON,TRANSFERRED_MONEY,2025-05-17 09:47:29,0.05,0.88,TXN_AGG_PERSON_0677_PERSON_1117
PERSON_0938,PERSON,PERSON_1274,PERSON,TRANSFERRED_MONEY,2024-04-16 00:34:08,0.05,0.85,TXN_AGG_PERSON_0938_PERSON_1274
PERSON_0523,PERSON,PERSON_1252,PERSON,TRANSFERRED_MONEY,2025-12-10 07:39:38,0.05,0.69,TXN_AGG_PERSON_0523_PERSON_1252
PERSON_0519,PERSON,PERSON_1336,PERSON,TRANSFERRED_MONEY,2026-03-29 10:21:55,0.05,0.47,TXN_AGG_PERSON_0519_PERSON_1336
PERSON_0167,PERSON,PERSON_0366,PERSON,TRANSFERRED_MONEY,2024-04-23 01:53:23,0.05,0.49,TXN_AGG_PERSON_0167_PERSON_0366
PERSON_0064,PERSON,PERSON_0983,PERSON,TRANSFERRED_MONEY,2024-12-27 02:09:27,0.05,0.48,TXN_AGG_PERSON_0064_PERSON_0983
PERSON_0807,PERSON,PERSON_1091,PERSON,TRANSFERRED_MONEY,2025-01-31 14:59:59,0.05,0.88,TXN_AGG_PERSON_0807_PERSON_1091
PERSON_0023,PERSON,PERSON_0301,PERSON,TRANSFERRED_MONEY,2025-05-07 06:13:07,0.05,0.73,TXN_AGG_PERSON_0023_PERSON_0301
PERSON_0395,PERSON,PERSON_1221,PERSON,TRANSFERRED_MONEY,2024-12-26 04:23:39,0.05,0.88,TXN_AGG_PERSON_0395_PERSON_1221
PERSON_0849,PERSON,PERSON_0987,PERSON,TRANSFERRED_MONEY,2024-09-06 08:05:05,0.05,0.61,TXN_AGG_PERSON_0849_PERSON_0987
PERSON_0025,PERSON,PERSON_1459,PERSON,TRANSFERRED_MONEY,2025-07-07 10:30:41,0.05,0.85,TXN_AGG_PERSON_0025_PERSON_1459
PERSON_0677,PERSON,PERSON_1334,PERSON,TRANSFERRED_MONEY,2024-01-02 12:48:38,0.05,0.86,TXN_AGG_PERSON_0677_PERSON_1334
PERSON_0141,PERSON,PERSON_1336,PERSON,TRANSFERRED_MONEY,2026-05-16 17:59:14,0.05,0.85,TXN_AGG_PERSON_0141_PERSON_1336
PERSON_0199,PERSON,PERSON_1428,PERSON,TRANSFERRED_MONEY,2024-06-04 15:09:21,0.05,0.79,TXN_AGG_PERSON_0199_PERSON_1428
PERSON_0109,PERSON,PERSON_1172,PERSON,TRANSFERRED_MONEY,2024-02-07 07:40:08,0.05,0.64,TXN_AGG_PERSON_0109_PERSON_1172
PERSON_0682,PERSON,PERSON_0709,PERSON,TRANSFERRED_MONEY,2024-11-14 11:18:02,0.05,0.71,TXN_AGG_PERSON_0682_PERSON_0709
PERSON_0535,PERSON,PERSON_1104,PERSON,TRANSFERRED_MONEY,2024-03-31 00:45:14,0.05,0.66,TXN_AGG_PERSON_0535_PERSON_1104
PERSON_1181,PERSON,PERSON_1343,PERSON,TRANSFERRED_MONEY,2025-07-04 21:21:37,0.05,0.74,TXN_AGG_PERSON_1181_PERSON_1343
PERSON_0327,PERSON,PERSON_1293,PERSON,TRANSFERRED_MONEY,2026-04-26 17:44:03,0.05,0.64,TXN_AGG_PERSON_0327_PERSON_1293
PERSON_0064,PERSON,PERSON_0652,PERSON,TRANSFERRED_MONEY,2026-06-17 09:41:25,0.05,0.74,TXN_AGG_PERSON_0064_PERSON_0652
PERSON_0131,PERSON,PERSON_0369,PERSON,TRANSFERRED_MONEY,2026-05-03 15:16:21,0.05,0.76,TXN_AGG_PERSON_0131_PERSON_0369
PERSON_0366,PERSON,PERSON_0914,PERSON,TRANSFERRED_MONEY,2024-01-17 20:55:14,0.05,0.76,TXN_AGG_PERSON_0366_PERSON_0914
PERSON_0416,PERSON,PERSON_1498,PERSON,TRANSFERRED_MONEY,2026-04-01 20:51:37,0.05,0.62,TXN_AGG_PERSON_0416_PERSON_1498
PERSON_0131,PERSON,PERSON_1317,PERSON,TRANSFERRED_MONEY,2026-02-21 18:50:52,0.05,0.67,TXN_AGG_PERSON_0131_PERSON_1317
PERSON_0081,PERSON,PERSON_0149,PERSON,TRANSFERRED_MONEY,2024-11-17 05:32:58,0.05,0.86,TXN_AGG_PERSON_0081_PERSON_0149
PERSON_0301,PERSON,PERSON_0547,PERSON,TRANSFERRED_MONEY,2024-02-24 08:35:18,0.05,0.84,TXN_AGG_PERSON_0301_PERSON_0547
PERSON_0241,PERSON,PERSON_1384,PERSON,TRANSFERRED_MONEY,2025-05-28 01:58:35,0.05,0.54,TXN_AGG_PERSON_0241_PERSON_1384
PERSON_0332,PERSON,PERSON_0805,PERSON,TRANSFERRED_MONEY,2025-05-03 22:35:57,0.05,0.83,TXN_AGG_PERSON_0332_PERSON_0805
PERSON_0879,PERSON,PERSON_1174,PERSON,TRANSFERRED_MONEY,2024-05-31 15:00:42,0.05,0.48,TXN_AGG_PERSON_0879_PERSON_1174
PERSON_1166,PERSON,PERSON_1313,PERSON,TRANSFERRED_MONEY,2024-06-18 10:11:22,0.05,0.46,TXN_AGG_PERSON_1166_PERSON_1313
PERSON_0111,PERSON,PERSON_1271,PERSON,TRANSFERRED_MONEY,2024-09-19 05:58:08,0.05,0.67,TXN_AGG_PERSON_0111_PERSON_1271
PERSON_0454,PERSON,PERSON_0689,PERSON,TRANSFERRED_MONEY,2026-05-09 09:31:28,0.05,0.86,TXN_AGG_PERSON_0454_PERSON_0689
PERSON_0023,PERSON,PERSON_1335,PERSON,TRANSFERRED_MONEY,2026-02-13 05:40:03,0.05,0.76,TXN_AGG_PERSON_0023_PERSON_1335
PERSON_0370,PERSON,PERSON_1300,PERSON,TRANSFERRED_MONEY,2024-07-26 03:51:51,0.05,0.73,TXN_AGG_PERSON_0370_PERSON_1300
PERSON_0139,PERSON,PERSON_0408,PERSON,TRANSFERRED_MONEY,2025-12-29 11:13:29,0.05,0.53,TXN_AGG_PERSON_0139_PERSON_0408
PERSON_0857,PERSON,PERSON_1003,PERSON,TRANSFERRED_MONEY,2024-07-19 10:56:37,0.05,0.51,TXN_AGG_PERSON_0857_PERSON_1003
PERSON_1074,PERSON,PERSON_1105,PERSON,TRANSFERRED_MONEY,2025-11-29 09:34:28,0.05,0.57,TXN_AGG_PERSON_1074_PERSON_1105
PERSON_0526,PERSON,PERSON_1468,PERSON,TRANSFERRED_MONEY,2024-05-13 15:16:52,0.05,0.86,TXN_AGG_PERSON_0526_PERSON_1468
PERSON_0948,PERSON,PERSON_1262,PERSON,TRANSFERRED_MONEY,2024-11-13 11:34:50,0.05,0.75,TXN_AGG_PERSON_0948_PERSON_1262
PERSON_0207,PERSON,PERSON_0266,PERSON,TRANSFERRED_MONEY,2024-03-07 23:05:39,0.05,0.75,TXN_AGG_PERSON_0207_PERSON_0266
PERSON_0736,PERSON,PERSON_0779,PERSON,TRANSFERRED_MONEY,2026-04-11 22:48:10,0.05,0.81,TXN_AGG_PERSON_0736_PERSON_0779
PERSON_0858,PERSON,PERSON_1009,PERSON,TRANSFERRED_MONEY,2025-05-30 19:57:02,0.05,0.69,TXN_AGG_PERSON_0858_PERSON_1009
PERSON_1007,PERSON,PERSON_1207,PERSON,TRANSFERRED_MONEY,2025-11-07 00:53:34,0.05,0.47,TXN_AGG_PERSON_1007_PERSON_1207
PERSON_0433,PERSON,PERSON_0788,PERSON,TRANSFERRED_MONEY,2024-12-24 22:22:29,0.05,0.48,TXN_AGG_PERSON_0433_PERSON_0788
PERSON_0047,PERSON,PERSON_1283,PERSON,TRANSFERRED_MONEY,2025-01-27 10:38:52,0.05,0.56,TXN_AGG_PERSON_0047_PERSON_1283
PERSON_0229,PERSON,PERSON_0587,PERSON,TRANSFERRED_MONEY,2026-06-27 04:36:17,0.05,0.58,TXN_AGG_PERSON_0229_PERSON_0587
PERSON_0111,PERSON,PERSON_0256,PERSON,TRANSFERRED_MONEY,2024-01-21 19:57:05,0.05,0.67,TXN_AGG_PERSON_0111_PERSON_0256
PERSON_0979,PERSON,PERSON_1307,PERSON,TRANSFERRED_MONEY,2025-04-01 18:21:44,0.05,0.82,TXN_AGG_PERSON_0979_PERSON_1307
PERSON_0563,PERSON,PERSON_0839,PERSON,TRANSFERRED_MONEY,2025-04-07 22:20:43,0.05,0.88,TXN_AGG_PERSON_0563_PERSON_0839
PERSON_0306,PERSON,PERSON_1248,PERSON,TRANSFERRED_MONEY,2024-09-28 04:48:19,0.05,0.7,TXN_AGG_PERSON_0306_PERSON_1248
PERSON_0326,PERSON,PERSON_0982,PERSON,TRANSFERRED_MONEY,2024-01-23 16:48:36,0.05,0.56,TXN_AGG_PERSON_0326_PERSON_0982
PERSON_0427,PERSON,PERSON_1347,PERSON,TRANSFERRED_MONEY,2024-03-06 16:14:09,0.05,0.84,TXN_AGG_PERSON_0427_PERSON_1347
PERSON_0527,PERSON,PERSON_1129,PERSON,TRANSFERRED_MONEY,2025-02-13 16:55:44,0.05,0.67,TXN_AGG_PERSON_0527_PERSON_1129
PERSON_0949,PERSON,PERSON_1196,PERSON,TRANSFERRED_MONEY,2025-01-07 04:13:47,0.05,0.86,TXN_AGG_PERSON_0949_PERSON_1196
PERSON_0021,PERSON,PERSON_1409,PERSON,TRANSFERRED_MONEY,2024-04-10 07:34:14,0.05,0.69,TXN_AGG_PERSON_0021_PERSON_1409
PERSON_0564,PERSON,PERSON_0883,PERSON,TRANSFERRED_MONEY,2024-03-13 12:20:52,0.05,0.75,TXN_AGG_PERSON_0564_PERSON_0883
PERSON_0753,PERSON,PERSON_0909,PERSON,TRANSFERRED_MONEY,2024-03-31 05:57:45,0.05,0.58,TXN_AGG_PERSON_0753_PERSON_0909
PERSON_0073,PERSON,PERSON_0314,PERSON,TRANSFERRED_MONEY,2025-03-10 20:45:31,0.05,0.58,TXN_AGG_PERSON_0073_PERSON_0314
PERSON_0018,PERSON,PERSON_1317,PERSON,TRANSFERRED_MONEY,2025-11-13 01:40:11,0.05,0.75,TXN_AGG_PERSON_0018_PERSON_1317
PERSON_0610,PERSON,PERSON_0706,PERSON,TRANSFERRED_MONEY,2024-08-07 05:03:35,0.05,0.78,TXN_AGG_PERSON_0610_PERSON_0706
PERSON_0021,PERSON,PERSON_0411,PERSON,TRANSFERRED_MONEY,2024-01-08 01:22:14,0.05,0.48,TXN_AGG_PERSON_0021_PERSON_0411
PERSON_0135,PERSON,PERSON_0944,PERSON,TRANSFERRED_MONEY,2025-04-08 22:53:22,0.05,0.64,TXN_AGG_PERSON_0135_PERSON_0944
PERSON_0545,PERSON,PERSON_1237,PERSON,TRANSFERRED_MONEY,2026-06-16 13:54:07,0.05,0.72,TXN_AGG_PERSON_0545_PERSON_1237
PERSON_0551,PERSON,PERSON_1104,PERSON,TRANSFERRED_MONEY,2024-11-22 04:54:41,0.05,0.58,TXN_AGG_PERSON_0551_PERSON_1104
PERSON_0705,PERSON,PERSON_1024,PERSON,TRANSFERRED_MONEY,2024-11-12 20:25:40,0.05,0.86,TXN_AGG_PERSON_0705_PERSON_1024
PERSON_0612,PERSON,PERSON_1286,PERSON,TRANSFERRED_MONEY,2024-09-09 19:30:09,0.05,0.72,TXN_AGG_PERSON_0612_PERSON_1286
PERSON_1222,PERSON,PERSON_1398,PERSON,TRANSFERRED_MONEY,2024-12-15 14:20:46,0.05,0.7,TXN_AGG_PERSON_1222_PERSON_1398
PERSON_0649,PERSON,PERSON_1367,PERSON,TRANSFERRED_MONEY,2026-03-04 18:55:26,0.05,0.57,TXN_AGG_PERSON_0649_PERSON_1367
PERSON_0061,PERSON,PERSON_1280,PERSON,TRANSFERRED_MONEY,2024-06-10 00:51:15,0.05,0.48,TXN_AGG_PERSON_0061_PERSON_1280
PERSON_0574,PERSON,PERSON_1328,PERSON,TRANSFERRED_MONEY,2025-09-14 02:36:53,0.05,0.89,TXN_AGG_PERSON_0574_PERSON_1328
PERSON_0871,PERSON,PERSON_0974,PERSON,TRANSFERRED_MONEY,2026-05-27 10:36:45,0.05,0.76,TXN_AGG_PERSON_0871_PERSON_0974
PERSON_0973,PERSON,PERSON_1170,PERSON,TRANSFERRED_MONEY,2025-02-11 12:21:51,0.05,0.56,TXN_AGG_PERSON_0973_PERSON_1170
PERSON_0042,PERSON,PERSON_0416,PERSON,TRANSFERRED_MONEY,2025-05-26 18:04:05,0.05,0.81,TXN_AGG_PERSON_0042_PERSON_0416
PERSON_0541,PERSON,PERSON_0867,PERSON,TRANSFERRED_MONEY,2024-01-26 20:20:25,0.05,0.62,TXN_AGG_PERSON_0541_PERSON_0867
PERSON_0913,PERSON,PERSON_1375,PERSON,TRANSFERRED_MONEY,2024-12-09 23:52:11,0.05,0.51,TXN_AGG_PERSON_0913_PERSON_1375
PERSON_0689,PERSON,PERSON_1009,PERSON,TRANSFERRED_MONEY,2025-08-19 19:37:26,0.05,0.62,TXN_AGG_PERSON_0689_PERSON_1009
PERSON_0512,PERSON,PERSON_1228,PERSON,TRANSFERRED_MONEY,2025-04-23 13:17:13,0.05,0.7,TXN_AGG_PERSON_0512_PERSON_1228
PERSON_0100,PERSON,PERSON_1346,PERSON,TRANSFERRED_MONEY,2024-04-08 22:18:29,0.05,0.86,TXN_AGG_PERSON_0100_PERSON_1346
PERSON_0217,PERSON,PERSON_0389,PERSON,TRANSFERRED_MONEY,2024-02-28 19:09:56,0.05,0.65,TXN_AGG_PERSON_0217_PERSON_0389
PERSON_0131,PERSON,PERSON_1188,PERSON,TRANSFERRED_MONEY,2025-09-17 15:34:54,0.1,0.69,TXN_AGG_PERSON_0131_PERSON_1188
PERSON_1084,PERSON,PERSON_1490,PERSON,TRANSFERRED_MONEY,2026-06-29 09:12:55,0.05,0.63,TXN_AGG_PERSON_1084_PERSON_1490
PERSON_0451,PERSON,PERSON_0811,PERSON,TRANSFERRED_MONEY,2026-03-22 11:25:08,0.05,0.81,TXN_AGG_PERSON_0451_PERSON_0811
PERSON_0097,PERSON,PERSON_1201,PERSON,TRANSFERRED_MONEY,2025-09-10 23:31:45,0.05,0.57,TXN_AGG_PERSON_0097_PERSON_1201
PERSON_0046,PERSON,PERSON_1011,PERSON,TRANSFERRED_MONEY,2025-02-13 07:20:19,0.05,0.55,TXN_AGG_PERSON_0046_PERSON_1011
PERSON_0198,PERSON,PERSON_0398,PERSON,TRANSFERRED_MONEY,2025-05-24 05:08:40,0.05,0.59,TXN_AGG_PERSON_0198_PERSON_0398
PERSON_0563,PERSON,PERSON_1126,PERSON,TRANSFERRED_MONEY,2026-06-11 18:44:50,0.05,0.52,TXN_AGG_PERSON_0563_PERSON_1126
PERSON_0676,PERSON,PERSON_0799,PERSON,TRANSFERRED_MONEY,2024-05-18 17:31:24,0.05,0.75,TXN_AGG_PERSON_0676_PERSON_0799
PERSON_0203,PERSON,PERSON_0225,PERSON,TRANSFERRED_MONEY,2024-02-27 05:27:53,0.05,0.85,TXN_AGG_PERSON_0203_PERSON_0225
PERSON_0089,PERSON,PERSON_0238,PERSON,TRANSFERRED_MONEY,2025-11-27 00:28:19,0.05,0.61,TXN_AGG_PERSON_0089_PERSON_0238
PERSON_1056,PERSON,PERSON_1104,PERSON,TRANSFERRED_MONEY,2024-05-31 08:08:04,0.05,0.72,TXN_AGG_PERSON_1056_PERSON_1104
PERSON_0743,PERSON,PERSON_1266,PERSON,TRANSFERRED_MONEY,2024-06-06 03:06:01,0.05,0.82,TXN_AGG_PERSON_0743_PERSON_1266
PERSON_0427,PERSON,PERSON_1328,PERSON,TRANSFERRED_MONEY,2025-03-09 04:07:58,0.05,0.77,TXN_AGG_PERSON_0427_PERSON_1328
PERSON_0068,PERSON,PERSON_1181,PERSON,TRANSFERRED_MONEY,2024-10-10 16:10:11,0.05,0.87,TXN_AGG_PERSON_0068_PERSON_1181
PERSON_0961,PERSON,PERSON_1133,PERSON,TRANSFERRED_MONEY,2025-08-05 01:45:03,0.05,0.62,TXN_AGG_PERSON_0961_PERSON_1133
PERSON_0998,PERSON,PERSON_1105,PERSON,TRANSFERRED_MONEY,2025-04-16 03:18:32,0.05,0.7,TXN_AGG_PERSON_0998_PERSON_1105
PERSON_0010,PERSON,PERSON_0135,PERSON,TRANSFERRED_MONEY,2025-11-07 17:11:05,0.05,0.49,TXN_AGG_PERSON_0010_PERSON_0135
PERSON_0423,PERSON,PERSON_0562,PERSON,TRANSFERRED_MONEY,2024-02-06 12:09:28,0.05,0.51,TXN_AGG_PERSON_0423_PERSON_0562
PERSON_0102,PERSON,PERSON_0260,PERSON,TRANSFERRED_MONEY,2024-12-10 11:20:00,0.05,0.75,TXN_AGG_PERSON_0102_PERSON_0260
PERSON_1160,PERSON,PERSON_1398,PERSON,TRANSFERRED_MONEY,2024-11-03 17:23:08,0.1,0.85,TXN_AGG_PERSON_1160_PERSON_1398
PERSON_0027,PERSON,PERSON_0841,PERSON,TRANSFERRED_MONEY,2025-10-26 19:59:24,0.05,0.55,TXN_AGG_PERSON_0027_PERSON_0841
PERSON_0232,PERSON,PERSON_1133,PERSON,TRANSFERRED_MONEY,2026-04-23 05:36:08,0.05,0.82,TXN_AGG_PERSON_0232_PERSON_1133
PERSON_0771,PERSON,PERSON_1229,PERSON,TRANSFERRED_MONEY,2025-07-31 09:40:50,0.05,0.72,TXN_AGG_PERSON_0771_PERSON_1229
PERSON_0460,PERSON,PERSON_0701,PERSON,TRANSFERRED_MONEY,2024-12-08 02:01:11,0.05,0.67,TXN_AGG_PERSON_0460_PERSON_0701
PERSON_0529,PERSON,PERSON_0718,PERSON,TRANSFERRED_MONEY,2024-08-17 09:58:39,0.05,0.74,TXN_AGG_PERSON_0529_PERSON_0718
PERSON_0631,PERSON,PERSON_1338,PERSON,TRANSFERRED_MONEY,2024-03-26 10:27:36,0.05,0.73,TXN_AGG_PERSON_0631_PERSON_1338
PERSON_0087,PERSON,PERSON_1083,PERSON,TRANSFERRED_MONEY,2025-01-20 12:25:18,0.05,0.54,TXN_AGG_PERSON_0087_PERSON_1083
PERSON_0149,PERSON,PERSON_0685,PERSON,TRANSFERRED_MONEY,2025-01-29 00:59:11,0.05,0.49,TXN_AGG_PERSON_0149_PERSON_0685
PERSON_0458,PERSON,PERSON_1011,PERSON,TRANSFERRED_MONEY,2025-10-26 20:06:22,0.05,0.89,TXN_AGG_PERSON_0458_PERSON_1011
PERSON_0674,PERSON,PERSON_1410,PERSON,TRANSFERRED_MONEY,2025-07-24 04:19:15,0.05,0.46,TXN_AGG_PERSON_0674_PERSON_1410
PERSON_0916,PERSON,PERSON_1262,PERSON,TRANSFERRED_MONEY,2024-11-20 02:05:33,0.05,0.87,TXN_AGG_PERSON_0916_PERSON_1262
PERSON_0595,PERSON,PERSON_0952,PERSON,TRANSFERRED_MONEY,2024-03-22 11:46:30,0.05,0.58,TXN_AGG_PERSON_0595_PERSON_0952
PERSON_0190,PERSON,PERSON_1202,PERSON,TRANSFERRED_MONEY,2026-01-30 14:50:52,0.05,0.67,TXN_AGG_PERSON_0190_PERSON_1202
PERSON_0869,PERSON,PERSON_0977,PERSON,TRANSFERRED_MONEY,2024-10-02 18:28:25,0.05,0.46,TXN_AGG_PERSON_0869_PERSON_0977
PERSON_0528,PERSON,PERSON_0678,PERSON,TRANSFERRED_MONEY,2024-08-01 20:00:54,0.05,0.58,TXN_AGG_PERSON_0528_PERSON_0678
PERSON_0531,PERSON,PERSON_1090,PERSON,TRANSFERRED_MONEY,2024-03-12 11:56:56,0.05,0.54,TXN_AGG_PERSON_0531_PERSON_1090
PERSON_1060,PERSON,PERSON_1264,PERSON,TRANSFERRED_MONEY,2024-10-10 20:33:44,0.05,0.8,TXN_AGG_PERSON_1060_PERSON_1264
PERSON_0071,PERSON,PERSON_1398,PERSON,TRANSFERRED_MONEY,2024-06-08 07:32:43,0.05,0.63,TXN_AGG_PERSON_0071_PERSON_1398
PERSON_0599,PERSON,PERSON_1065,PERSON,TRANSFERRED_MONEY,2026-05-31 00:11:49,0.05,0.75,TXN_AGG_PERSON_0599_PERSON_1065
PERSON_0321,PERSON,PERSON_0667,PERSON,TRANSFERRED_MONEY,2026-02-28 18:40:40,0.05,0.83,TXN_AGG_PERSON_0321_PERSON_0667
PERSON_0443,PERSON,PERSON_1426,PERSON,TRANSFERRED_MONEY,2026-06-01 17:25:47,0.05,0.83,TXN_AGG_PERSON_0443_PERSON_1426
PERSON_0265,PERSON,PERSON_0673,PERSON,TRANSFERRED_MONEY,2025-12-19 01:17:30,0.05,0.89,TXN_AGG_PERSON_0265_PERSON_0673
PERSON_0272,PERSON,PERSON_0456,PERSON,TRANSFERRED_MONEY,2024-11-20 02:13:18,0.05,0.53,TXN_AGG_PERSON_0272_PERSON_0456
PERSON_0423,PERSON,PERSON_1204,PERSON,TRANSFERRED_MONEY,2025-04-12 12:34:43,0.1,0.64,TXN_AGG_PERSON_0423_PERSON_1204
PERSON_1196,PERSON,PERSON_1307,PERSON,TRANSFERRED_MONEY,2024-02-23 22:07:53,0.05,0.64,TXN_AGG_PERSON_1196_PERSON_1307
PERSON_0699,PERSON,PERSON_1400,PERSON,TRANSFERRED_MONEY,2026-01-15 23:33:46,0.05,0.61,TXN_AGG_PERSON_0699_PERSON_1400
PERSON_0100,PERSON,PERSON_1286,PERSON,TRANSFERRED_MONEY,2024-02-11 14:42:58,0.05,0.65,TXN_AGG_PERSON_0100_PERSON_1286
PERSON_0097,PERSON,PERSON_0316,PERSON,TRANSFERRED_MONEY,2024-05-07 11:35:20,0.05,0.9,TXN_AGG_PERSON_0097_PERSON_0316
PERSON_0413,PERSON,PERSON_1334,PERSON,TRANSFERRED_MONEY,2024-11-14 04:17:56,0.05,0.59,TXN_AGG_PERSON_0413_PERSON_1334
PERSON_0674,PERSON,PERSON_0705,PERSON,TRANSFERRED_MONEY,2025-06-20 02:25:33,0.05,0.5,TXN_AGG_PERSON_0674_PERSON_0705
PERSON_1213,PERSON,PERSON_1273,PERSON,TRANSFERRED_MONEY,2025-08-31 10:06:43,0.05,0.86,TXN_AGG_PERSON_1213_PERSON_1273
PERSON_0526,PERSON,PERSON_0563,PERSON,TRANSFERRED_MONEY,2026-06-26 05:35:11,0.05,0.78,TXN_AGG_PERSON_0526_PERSON_0563
PERSON_1133,PERSON,PERSON_1419,PERSON,TRANSFERRED_MONEY,2024-03-21 20:36:55,0.05,0.67,TXN_AGG_PERSON_1133_PERSON_1419
PERSON_0701,PERSON,PERSON_0938,PERSON,TRANSFERRED_MONEY,2024-05-11 23:15:58,0.05,0.51,TXN_AGG_PERSON_0701_PERSON_0938
PERSON_0207,PERSON,PERSON_1316,PERSON,TRANSFERRED_MONEY,2025-03-05 09:17:24,0.05,0.72,TXN_AGG_PERSON_0207_PERSON_1316
PERSON_0379,PERSON,PERSON_1203,PERSON,TRANSFERRED_MONEY,2024-11-28 19:27:32,0.05,0.82,TXN_AGG_PERSON_0379_PERSON_1203
PERSON_0211,PERSON,PERSON_0908,PERSON,TRANSFERRED_MONEY,2024-02-28 02:10:02,0.05,0.71,TXN_AGG_PERSON_0211_PERSON_0908
PERSON_0651,PERSON,PERSON_0745,PERSON,TRANSFERRED_MONEY,2026-03-31 14:19:03,0.05,0.67,TXN_AGG_PERSON_0651_PERSON_0745
PERSON_1308,PERSON,PERSON_1322,PERSON,TRANSFERRED_MONEY,2025-05-25 22:35:39,0.05,0.71,TXN_AGG_PERSON_1308_PERSON_1322
PERSON_1129,PERSON,PERSON_1346,PERSON,TRANSFERRED_MONEY,2026-04-11 05:37:13,0.05,0.72,TXN_AGG_PERSON_1129_PERSON_1346
PERSON_0547,PERSON,PERSON_1175,PERSON,TRANSFERRED_MONEY,2025-11-25 14:11:43,0.05,0.45,TXN_AGG_PERSON_0547_PERSON_1175
PERSON_0708,PERSON,PERSON_0931,PERSON,TRANSFERRED_MONEY,2024-03-13 12:43:59,0.05,0.69,TXN_AGG_PERSON_0708_PERSON_0931
PERSON_1365,PERSON,PERSON_1476,PERSON,TRANSFERRED_MONEY,2026-06-20 02:20:00,0.05,0.73,TXN_AGG_PERSON_1365_PERSON_1476
PERSON_0102,PERSON,PERSON_1119,PERSON,TRANSFERRED_MONEY,2025-08-18 02:41:01,0.05,0.67,TXN_AGG_PERSON_0102_PERSON_1119
PERSON_0709,PERSON,PERSON_1186,PERSON,TRANSFERRED_MONEY,2024-03-22 01:24:50,0.05,0.88,TXN_AGG_PERSON_0709_PERSON_1186
PERSON_0106,PERSON,PERSON_0141,PERSON,TRANSFERRED_MONEY,2025-02-01 20:48:40,0.1,0.77,TXN_AGG_PERSON_0106_PERSON_0141
PERSON_0113,PERSON,PERSON_0405,PERSON,TRANSFERRED_MONEY,2024-03-13 15:52:55,0.05,0.71,TXN_AGG_PERSON_0113_PERSON_0405
PERSON_0099,PERSON,PERSON_0670,PERSON,TRANSFERRED_MONEY,2024-01-10 10:53:31,0.05,0.54,TXN_AGG_PERSON_0099_PERSON_0670
PERSON_0332,PERSON,PERSON_0681,PERSON,TRANSFERRED_MONEY,2025-03-12 17:10:46,0.05,0.89,TXN_AGG_PERSON_0332_PERSON_0681
PERSON_0018,PERSON,PERSON_0830,PERSON,TRANSFERRED_MONEY,2026-04-26 19:55:32,0.05,0.6,TXN_AGG_PERSON_0018_PERSON_0830
PERSON_1118,PERSON,PERSON_1231,PERSON,TRANSFERRED_MONEY,2026-01-21 19:39:19,0.05,0.64,TXN_AGG_PERSON_1118_PERSON_1231
PERSON_0598,PERSON,PERSON_1127,PERSON,TRANSFERRED_MONEY,2024-08-03 04:08:28,0.05,0.77,TXN_AGG_PERSON_0598_PERSON_1127
PERSON_0110,PERSON,PERSON_1179,PERSON,TRANSFERRED_MONEY,2026-01-20 22:55:32,0.05,0.72,TXN_AGG_PERSON_0110_PERSON_1179
PERSON_0469,PERSON,PERSON_1349,PERSON,TRANSFERRED_MONEY,2024-12-19 09:15:27,0.05,0.54,TXN_AGG_PERSON_0469_PERSON_1349
PERSON_0318,PERSON,PERSON_0405,PERSON,TRANSFERRED_MONEY,2026-05-24 10:04:11,0.05,0.47,TXN_AGG_PERSON_0318_PERSON_0405
PERSON_0727,PERSON,PERSON_1330,PERSON,TRANSFERRED_MONEY,2025-01-23 11:54:34,0.05,0.68,TXN_AGG_PERSON_0727_PERSON_1330
PERSON_0299,PERSON,PERSON_0341,PERSON,TRANSFERRED_MONEY,2024-09-29 22:08:32,0.05,0.58,TXN_AGG_PERSON_0299_PERSON_0341
PERSON_0266,PERSON,PERSON_1365,PERSON,TRANSFERRED_MONEY,2025-11-06 23:15:36,0.05,0.85,TXN_AGG_PERSON_0266_PERSON_1365
PERSON_1047,PERSON,PERSON_1318,PERSON,TRANSFERRED_MONEY,2025-09-09 15:55:18,0.05,0.76,TXN_AGG_PERSON_1047_PERSON_1318
PERSON_0152,PERSON,PERSON_1281,PERSON,TRANSFERRED_MONEY,2026-03-15 17:08:45,0.05,0.61,TXN_AGG_PERSON_0152_PERSON_1281
PERSON_0542,PERSON,PERSON_1132,PERSON,TRANSFERRED_MONEY,2024-11-06 10:07:51,0.05,0.88,TXN_AGG_PERSON_0542_PERSON_1132
PERSON_0770,PERSON,PERSON_0914,PERSON,TRANSFERRED_MONEY,2024-02-16 11:06:36,0.05,0.75,TXN_AGG_PERSON_0770_PERSON_0914
PERSON_0161,PERSON,PERSON_0393,PERSON,TRANSFERRED_MONEY,2025-06-11 19:38:11,0.05,0.66,TXN_AGG_PERSON_0161_PERSON_0393
PERSON_0046,PERSON,PERSON_0052,PERSON,TRANSFERRED_MONEY,2025-05-16 01:17:09,0.05,0.51,TXN_AGG_PERSON_0046_PERSON_0052
PERSON_0670,PERSON,PERSON_1330,PERSON,TRANSFERRED_MONEY,2025-06-29 11:14:25,0.05,0.45,TXN_AGG_PERSON_0670_PERSON_1330
PERSON_0148,PERSON,PERSON_1072,PERSON,TRANSFERRED_MONEY,2026-05-06 20:19:28,0.05,0.5,TXN_AGG_PERSON_0148_PERSON_1072
PERSON_0558,PERSON,PERSON_1223,PERSON,TRANSFERRED_MONEY,2024-11-08 03:34:19,0.1,0.62,TXN_AGG_PERSON_0558_PERSON_1223
PERSON_0770,PERSON,PERSON_1376,PERSON,TRANSFERRED_MONEY,2025-05-28 00:32:21,0.05,0.68,TXN_AGG_PERSON_0770_PERSON_1376
PERSON_0206,PERSON,PERSON_0333,PERSON,TRANSFERRED_MONEY,2024-11-24 22:25:41,0.05,0.5,TXN_AGG_PERSON_0206_PERSON_0333
PERSON_0373,PERSON,PERSON_0514,PERSON,TRANSFERRED_MONEY,2025-09-09 19:50:38,0.05,0.9,TXN_AGG_PERSON_0373_PERSON_0514
PERSON_0542,PERSON,PERSON_0685,PERSON,TRANSFERRED_MONEY,2025-10-13 05:46:41,0.05,0.63,TXN_AGG_PERSON_0542_PERSON_0685
PERSON_0047,PERSON,PERSON_0562,PERSON,TRANSFERRED_MONEY,2024-04-18 11:40:34,0.05,0.49,TXN_AGG_PERSON_0047_PERSON_0562
PERSON_0233,PERSON,PERSON_1466,PERSON,TRANSFERRED_MONEY,2024-03-07 23:58:35,0.05,0.7,TXN_AGG_PERSON_0233_PERSON_1466
PERSON_0718,PERSON,PERSON_0757,PERSON,TRANSFERRED_MONEY,2025-08-13 15:15:46,0.05,0.73,TXN_AGG_PERSON_0718_PERSON_0757
PERSON_0055,PERSON,PERSON_1163,PERSON,TRANSFERRED_MONEY,2026-05-31 08:52:37,0.05,0.53,TXN_AGG_PERSON_0055_PERSON_1163
PERSON_0699,PERSON,PERSON_1412,PERSON,TRANSFERRED_MONEY,2025-06-01 16:38:27,0.05,0.86,TXN_AGG_PERSON_0699_PERSON_1412
PERSON_0974,PERSON,PERSON_1082,PERSON,TRANSFERRED_MONEY,2025-06-26 17:23:32,0.05,0.81,TXN_AGG_PERSON_0974_PERSON_1082
PERSON_0210,PERSON,PERSON_1460,PERSON,TRANSFERRED_MONEY,2024-01-07 07:42:19,0.05,0.87,TXN_AGG_PERSON_0210_PERSON_1460
PERSON_1325,PERSON,PERSON_1464,PERSON,TRANSFERRED_MONEY,2024-12-19 09:41:32,0.05,0.8,TXN_AGG_PERSON_1325_PERSON_1464
PERSON_0484,PERSON,PERSON_1327,PERSON,TRANSFERRED_MONEY,2024-10-07 09:17:02,0.05,0.53,TXN_AGG_PERSON_0484_PERSON_1327
PERSON_0119,PERSON,PERSON_1034,PERSON,TRANSFERRED_MONEY,2024-04-04 15:07:34,0.05,0.88,TXN_AGG_PERSON_0119_PERSON_1034
PERSON_0725,PERSON,PERSON_1266,PERSON,TRANSFERRED_MONEY,2025-10-31 11:41:58,0.05,0.71,TXN_AGG_PERSON_0725_PERSON_1266
PERSON_0331,PERSON,PERSON_1190,PERSON,TRANSFERRED_MONEY,2026-04-25 16:12:34,0.05,0.6,TXN_AGG_PERSON_0331_PERSON_1190
PERSON_0064,PERSON,PERSON_1479,PERSON,TRANSFERRED_MONEY,2024-12-04 05:54:58,0.05,0.72,TXN_AGG_PERSON_0064_PERSON_1479
PERSON_0360,PERSON,PERSON_1443,PERSON,TRANSFERRED_MONEY,2026-01-20 21:07:57,0.05,0.87,TXN_AGG_PERSON_0360_PERSON_1443
PERSON_0164,PERSON,PERSON_0290,PERSON,TRANSFERRED_MONEY,2024-12-15 03:55:25,0.05,0.85,TXN_AGG_PERSON_0164_PERSON_0290
PERSON_0348,PERSON,PERSON_0944,PERSON,TRANSFERRED_MONEY,2026-02-23 07:33:10,0.05,0.74,TXN_AGG_PERSON_0348_PERSON_0944
PERSON_0027,PERSON,PERSON_0286,PERSON,TRANSFERRED_MONEY,2026-03-24 14:12:27,0.05,0.74,TXN_AGG_PERSON_0027_PERSON_0286
PERSON_0458,PERSON,PERSON_0830,PERSON,TRANSFERRED_MONEY,2025-11-29 15:51:40,0.05,0.53,TXN_AGG_PERSON_0458_PERSON_0830
PERSON_0423,PERSON,PERSON_1106,PERSON,TRANSFERRED_MONEY,2025-08-09 22:55:12,0.05,0.56,TXN_AGG_PERSON_0423_PERSON_1106
PERSON_0410,PERSON,PERSON_0510,PERSON,TRANSFERRED_MONEY,2024-03-20 16:04:56,0.05,0.53,TXN_AGG_PERSON_0410_PERSON_0510
PERSON_0021,PERSON,PERSON_0962,PERSON,TRANSFERRED_MONEY,2025-11-15 11:32:47,0.05,0.83,TXN_AGG_PERSON_0021_PERSON_0962
PERSON_0713,PERSON,PERSON_1250,PERSON,TRANSFERRED_MONEY,2024-10-23 04:22:57,0.05,0.77,TXN_AGG_PERSON_0713_PERSON_1250
PERSON_1266,PERSON,PERSON_1347,PERSON,TRANSFERRED_MONEY,2025-09-04 20:37:16,0.05,0.79,TXN_AGG_PERSON_1266_PERSON_1347
PERSON_0300,PERSON,PERSON_0975,PERSON,TRANSFERRED_MONEY,2024-06-09 06:54:16,0.05,0.79,TXN_AGG_PERSON_0300_PERSON_0975
PERSON_0347,PERSON,PERSON_0490,PERSON,TRANSFERRED_MONEY,2024-02-16 07:30:20,0.05,0.87,TXN_AGG_PERSON_0347_PERSON_0490
PERSON_0688,PERSON,PERSON_1460,PERSON,TRANSFERRED_MONEY,2026-03-05 04:51:59,0.05,0.48,TXN_AGG_PERSON_0688_PERSON_1460
PERSON_1104,PERSON,PERSON_1175,PERSON,TRANSFERRED_MONEY,2025-11-11 04:10:48,0.05,0.84,TXN_AGG_PERSON_1104_PERSON_1175
PERSON_0267,PERSON,PERSON_0620,PERSON,TRANSFERRED_MONEY,2024-07-20 15:59:27,0.05,0.71,TXN_AGG_PERSON_0267_PERSON_0620
PERSON_0987,PERSON,PERSON_0993,PERSON,TRANSFERRED_MONEY,2024-12-16 21:03:57,0.05,0.48,TXN_AGG_PERSON_0987_PERSON_0993
PERSON_0783,PERSON,PERSON_0907,PERSON,TRANSFERRED_MONEY,2024-10-31 01:37:02,0.05,0.5,TXN_AGG_PERSON_0783_PERSON_0907
PERSON_0029,PERSON,PERSON_1295,PERSON,TRANSFERRED_MONEY,2025-05-08 09:37:57,0.05,0.63,TXN_AGG_PERSON_0029_PERSON_1295
PERSON_0018,PERSON,PERSON_0128,PERSON,TRANSFERRED_MONEY,2025-08-13 07:22:52,0.1,0.72,TXN_AGG_PERSON_0018_PERSON_0128
PERSON_1059,PERSON,PERSON_1485,PERSON,TRANSFERRED_MONEY,2024-05-14 06:51:26,0.05,0.7,TXN_AGG_PERSON_1059_PERSON_1485
PERSON_0548,PERSON,PERSON_1369,PERSON,TRANSFERRED_MONEY,2024-10-15 02:50:46,0.05,0.56,TXN_AGG_PERSON_0548_PERSON_1369
PERSON_0945,PERSON,PERSON_1417,PERSON,TRANSFERRED_MONEY,2026-05-31 09:36:49,0.05,0.61,TXN_AGG_PERSON_0945_PERSON_1417
PERSON_0549,PERSON,PERSON_1498,PERSON,TRANSFERRED_MONEY,2024-11-18 07:01:57,0.05,0.61,TXN_AGG_PERSON_0549_PERSON_1498
PERSON_0333,PERSON,PERSON_1031,PERSON,TRANSFERRED_MONEY,2024-02-28 07:59:07,0.05,0.46,TXN_AGG_PERSON_0333_PERSON_1031
PERSON_0264,PERSON,PERSON_0700,PERSON,TRANSFERRED_MONEY,2024-10-06 22:12:40,0.05,0.6,TXN_AGG_PERSON_0264_PERSON_0700
PERSON_0106,PERSON,PERSON_0922,PERSON,TRANSFERRED_MONEY,2024-04-14 08:30:37,0.05,0.76,TXN_AGG_PERSON_0106_PERSON_0922
PERSON_0047,PERSON,PERSON_0649,PERSON,TRANSFERRED_MONEY,2024-07-07 06:40:40,0.05,0.56,TXN_AGG_PERSON_0047_PERSON_0649
PERSON_0998,PERSON,PERSON_1223,PERSON,TRANSFERRED_MONEY,2025-09-20 23:29:00,0.05,0.81,TXN_AGG_PERSON_0998_PERSON_1223
PERSON_0803,PERSON,PERSON_1367,PERSON,TRANSFERRED_MONEY,2024-07-02 13:46:29,0.05,0.53,TXN_AGG_PERSON_0803_PERSON_1367
PERSON_1116,PERSON,PERSON_1356,PERSON,TRANSFERRED_MONEY,2024-08-24 03:10:27,0.05,0.71,TXN_AGG_PERSON_1116_PERSON_1356
PERSON_0904,PERSON,PERSON_1129,PERSON,TRANSFERRED_MONEY,2024-10-14 01:59:38,0.05,0.81,TXN_AGG_PERSON_0904_PERSON_1129
PERSON_0043,PERSON,PERSON_0869,PERSON,TRANSFERRED_MONEY,2025-10-29 23:32:05,0.05,0.86,TXN_AGG_PERSON_0043_PERSON_0869
PERSON_0879,PERSON,PERSON_1459,PERSON,TRANSFERRED_MONEY,2025-07-07 19:34:16,0.1,0.64,TXN_AGG_PERSON_0879_PERSON_1459
PERSON_0316,PERSON,PERSON_0962,PERSON,TRANSFERRED_MONEY,2024-07-29 16:00:55,0.05,0.76,TXN_AGG_PERSON_0316_PERSON_0962
PERSON_1116,PERSON,PERSON_1389,PERSON,TRANSFERRED_MONEY,2025-08-01 06:04:45,0.05,0.58,TXN_AGG_PERSON_1116_PERSON_1389
PERSON_0269,PERSON,PERSON_0882,PERSON,TRANSFERRED_MONEY,2025-01-21 01:37:56,0.05,0.83,TXN_AGG_PERSON_0269_PERSON_0882
PERSON_0153,PERSON,PERSON_0900,PERSON,TRANSFERRED_MONEY,2026-01-15 10:23:05,0.05,0.82,TXN_AGG_PERSON_0153_PERSON_0900
PERSON_0725,PERSON,PERSON_0852,PERSON,TRANSFERRED_MONEY,2025-12-14 19:24:22,0.05,0.69,TXN_AGG_PERSON_0725_PERSON_0852
PERSON_1202,PERSON,PERSON_1483,PERSON,TRANSFERRED_MONEY,2026-05-15 13:34:25,0.05,0.82,TXN_AGG_PERSON_1202_PERSON_1483
PERSON_0050,PERSON,PERSON_1110,PERSON,TRANSFERRED_MONEY,2024-07-02 18:55:40,0.05,0.86,TXN_AGG_PERSON_0050_PERSON_1110
PERSON_0400,PERSON,PERSON_0993,PERSON,TRANSFERRED_MONEY,2025-11-02 11:03:07,0.05,0.56,TXN_AGG_PERSON_0400_PERSON_0993
PERSON_0107,PERSON,PERSON_0180,PERSON,TRANSFERRED_MONEY,2026-02-24 10:41:43,0.05,0.58,TXN_AGG_PERSON_0107_PERSON_0180
PERSON_0389,PERSON,PERSON_1034,PERSON,TRANSFERRED_MONEY,2024-10-19 06:11:43,0.05,0.73,TXN_AGG_PERSON_0389_PERSON_1034
PERSON_0081,PERSON,PERSON_1436,PERSON,TRANSFERRED_MONEY,2026-04-08 18:30:09,0.05,0.78,TXN_AGG_PERSON_0081_PERSON_1436
PERSON_0986,PERSON,PERSON_1333,PERSON,TRANSFERRED_MONEY,2024-04-11 19:43:04,0.05,0.62,TXN_AGG_PERSON_0986_PERSON_1333
PERSON_0355,PERSON,PERSON_0880,PERSON,TRANSFERRED_MONEY,2026-02-27 06:00:44,0.05,0.62,TXN_AGG_PERSON_0355_PERSON_0880
PERSON_0874,PERSON,PERSON_1468,PERSON,TRANSFERRED_MONEY,2024-08-28 01:32:58,0.05,0.54,TXN_AGG_PERSON_0874_PERSON_1468
PERSON_0956,PERSON,PERSON_1125,PERSON,TRANSFERRED_MONEY,2024-08-11 12:13:11,0.05,0.73,TXN_AGG_PERSON_0956_PERSON_1125
PERSON_0983,PERSON,PERSON_1262,PERSON,TRANSFERRED_MONEY,2025-06-12 06:47:42,0.05,0.68,TXN_AGG_PERSON_0983_PERSON_1262
PERSON_0164,PERSON,PERSON_0467,PERSON,TRANSFERRED_MONEY,2024-10-28 10:24:14,0.05,0.67,TXN_AGG_PERSON_0164_PERSON_0467
PERSON_0219,PERSON,PERSON_0756,PERSON,TRANSFERRED_MONEY,2025-04-27 20:03:48,0.05,0.6,TXN_AGG_PERSON_0219_PERSON_0756
PERSON_0142,PERSON,PERSON_1380,PERSON,TRANSFERRED_MONEY,2025-04-11 18:03:13,0.05,0.74,TXN_AGG_PERSON_0142_PERSON_1380
PERSON_0061,PERSON,PERSON_1175,PERSON,TRANSFERRED_MONEY,2024-11-24 13:10:52,0.05,0.53,TXN_AGG_PERSON_0061_PERSON_1175
PERSON_0146,PERSON,PERSON_0766,PERSON,TRANSFERRED_MONEY,2025-05-28 21:05:23,0.05,0.51,TXN_AGG_PERSON_0146_PERSON_0766
PERSON_0285,PERSON,PERSON_0337,PERSON,TRANSFERRED_MONEY,2025-07-16 07:22:26,0.05,0.74,TXN_AGG_PERSON_0285_PERSON_0337
PERSON_0023,PERSON,PERSON_0299,PERSON,TRANSFERRED_MONEY,2025-01-13 20:12:11,0.05,0.86,TXN_AGG_PERSON_0023_PERSON_0299
PERSON_0612,PERSON,PERSON_1343,PERSON,TRANSFERRED_MONEY,2025-02-24 18:23:42,0.05,0.88,TXN_AGG_PERSON_0612_PERSON_1343
PERSON_0378,PERSON,PERSON_0973,PERSON,TRANSFERRED_MONEY,2024-06-06 20:57:49,0.05,0.46,TXN_AGG_PERSON_0378_PERSON_0973
PERSON_0339,PERSON,PERSON_0351,PERSON,TRANSFERRED_MONEY,2024-07-13 17:22:55,0.05,0.53,TXN_AGG_PERSON_0339_PERSON_0351
PERSON_0669,PERSON,PERSON_1461,PERSON,TRANSFERRED_MONEY,2026-06-12 09:27:03,0.05,0.46,TXN_AGG_PERSON_0669_PERSON_1461
PERSON_0443,PERSON,PERSON_1088,PERSON,TRANSFERRED_MONEY,2024-05-30 06:36:47,0.05,0.8,TXN_AGG_PERSON_0443_PERSON_1088
PERSON_0494,PERSON,PERSON_1012,PERSON,TRANSFERRED_MONEY,2024-04-22 08:34:14,0.05,0.86,TXN_AGG_PERSON_0494_PERSON_1012
PERSON_0588,PERSON,PERSON_1253,PERSON,TRANSFERRED_MONEY,2024-02-25 18:01:15,0.05,0.56,TXN_AGG_PERSON_0588_PERSON_1253
PERSON_0528,PERSON,PERSON_1091,PERSON,TRANSFERRED_MONEY,2025-01-01 07:43:20,0.05,0.51,TXN_AGG_PERSON_0528_PERSON_1091
PERSON_0026,PERSON,PERSON_0859,PERSON,TRANSFERRED_MONEY,2025-10-20 11:40:23,0.05,0.76,TXN_AGG_PERSON_0026_PERSON_0859
PERSON_0658,PERSON,PERSON_1264,PERSON,TRANSFERRED_MONEY,2025-08-29 21:44:43,0.05,0.69,TXN_AGG_PERSON_0658_PERSON_1264
PERSON_0780,PERSON,PERSON_1076,PERSON,TRANSFERRED_MONEY,2025-07-20 06:35:13,0.05,0.8,TXN_AGG_PERSON_0780_PERSON_1076
PERSON_0416,PERSON,PERSON_0862,PERSON,TRANSFERRED_MONEY,2024-07-13 00:59:27,0.05,0.46,TXN_AGG_PERSON_0416_PERSON_0862
PERSON_1426,PERSON,PERSON_1431,PERSON,TRANSFERRED_MONEY,2025-02-26 04:17:41,0.05,0.84,TXN_AGG_PERSON_1426_PERSON_1431
PERSON_0311,PERSON,PERSON_0894,PERSON,TRANSFERRED_MONEY,2026-02-07 12:36:19,0.05,0.86,TXN_AGG_PERSON_0311_PERSON_0894
PERSON_0446,PERSON,PERSON_0842,PERSON,TRANSFERRED_MONEY,2024-01-08 01:21:03,0.05,0.63,TXN_AGG_PERSON_0446_PERSON_0842
PERSON_0673,PERSON,PERSON_0752,PERSON,TRANSFERRED_MONEY,2025-12-01 01:51:09,0.05,0.67,TXN_AGG_PERSON_0673_PERSON_0752
PERSON_0829,PERSON,PERSON_1110,PERSON,TRANSFERRED_MONEY,2025-06-30 16:28:33,0.05,0.61,TXN_AGG_PERSON_0829_PERSON_1110
PERSON_1106,PERSON,PERSON_1352,PERSON,TRANSFERRED_MONEY,2025-04-28 11:18:13,0.05,0.62,TXN_AGG_PERSON_1106_PERSON_1352
PERSON_0548,PERSON,PERSON_1174,PERSON,TRANSFERRED_MONEY,2025-12-20 04:01:33,0.05,0.61,TXN_AGG_PERSON_0548_PERSON_1174
PERSON_1262,PERSON,PERSON_1465,PERSON,TRANSFERRED_MONEY,2026-03-27 08:11:08,0.05,0.55,TXN_AGG_PERSON_1262_PERSON_1465
PERSON_0076,PERSON,PERSON_0971,PERSON,TRANSFERRED_MONEY,2024-06-11 07:43:00,0.05,0.6,TXN_AGG_PERSON_0076_PERSON_0971
PERSON_0801,PERSON,PERSON_1233,PERSON,TRANSFERRED_MONEY,2025-01-25 09:55:58,0.05,0.87,TXN_AGG_PERSON_0801_PERSON_1233
PERSON_0072,PERSON,PERSON_0468,PERSON,TRANSFERRED_MONEY,2025-10-04 19:47:20,0.05,0.63,TXN_AGG_PERSON_0072_PERSON_0468
PERSON_0982,PERSON,PERSON_1071,PERSON,TRANSFERRED_MONEY,2025-03-21 09:34:40,0.05,0.66,TXN_AGG_PERSON_0982_PERSON_1071
PERSON_0689,PERSON,PERSON_1227,PERSON,TRANSFERRED_MONEY,2026-06-26 14:16:13,0.05,0.6,TXN_AGG_PERSON_0689_PERSON_1227
PERSON_0379,PERSON,PERSON_0549,PERSON,TRANSFERRED_MONEY,2025-09-20 15:43:13,0.05,0.56,TXN_AGG_PERSON_0379_PERSON_0549
PERSON_0219,PERSON,PERSON_0894,PERSON,TRANSFERRED_MONEY,2025-06-29 22:40:14,0.05,0.56,TXN_AGG_PERSON_0219_PERSON_0894
PERSON_0814,PERSON,PERSON_0880,PERSON,TRANSFERRED_MONEY,2024-05-01 11:13:25,0.05,0.63,TXN_AGG_PERSON_0814_PERSON_0880
PERSON_0721,PERSON,PERSON_0914,PERSON,TRANSFERRED_MONEY,2024-03-06 20:02:51,0.05,0.83,TXN_AGG_PERSON_0721_PERSON_0914
PERSON_0084,PERSON,PERSON_0800,PERSON,TRANSFERRED_MONEY,2025-02-27 23:33:39,0.05,0.85,TXN_AGG_PERSON_0084_PERSON_0800
PERSON_0048,PERSON,PERSON_0719,PERSON,TRANSFERRED_MONEY,2026-02-05 17:41:11,0.05,0.52,TXN_AGG_PERSON_0048_PERSON_0719
PERSON_1365,PERSON,PERSON_1436,PERSON,TRANSFERRED_MONEY,2025-02-05 11:20:49,0.05,0.86,TXN_AGG_PERSON_1365_PERSON_1436
PERSON_0203,PERSON,PERSON_1169,PERSON,TRANSFERRED_MONEY,2024-09-16 02:01:49,0.05,0.89,TXN_AGG_PERSON_0203_PERSON_1169
PERSON_0096,PERSON,PERSON_0273,PERSON,TRANSFERRED_MONEY,2025-08-19 03:43:09,0.05,0.48,TXN_AGG_PERSON_0096_PERSON_0273
PERSON_0909,PERSON,PERSON_1327,PERSON,TRANSFERRED_MONEY,2025-07-16 00:26:56,0.05,0.82,TXN_AGG_PERSON_0909_PERSON_1327
PERSON_0046,PERSON,PERSON_0512,PERSON,TRANSFERRED_MONEY,2024-01-12 19:37:24,0.05,0.9,TXN_AGG_PERSON_0046_PERSON_0512
PERSON_0163,PERSON,PERSON_0445,PERSON,TRANSFERRED_MONEY,2025-07-18 19:42:39,0.05,0.77,TXN_AGG_PERSON_0163_PERSON_0445
PERSON_0052,PERSON,PERSON_0316,PERSON,TRANSFERRED_MONEY,2026-06-20 01:12:39,0.05,0.47,TXN_AGG_PERSON_0052_PERSON_0316
PERSON_0203,PERSON,PERSON_1364,PERSON,TRANSFERRED_MONEY,2024-04-24 10:42:38,0.05,0.79,TXN_AGG_PERSON_0203_PERSON_1364
PERSON_1188,PERSON,PERSON_1464,PERSON,TRANSFERRED_MONEY,2024-09-12 15:23:17,0.05,0.84,TXN_AGG_PERSON_1188_PERSON_1464
PERSON_0805,PERSON,PERSON_1380,PERSON,TRANSFERRED_MONEY,2026-06-22 01:59:58,0.05,0.76,TXN_AGG_PERSON_0805_PERSON_1380
PERSON_0946,PERSON,PERSON_0973,PERSON,TRANSFERRED_MONEY,2025-05-01 08:47:48,0.05,0.47,TXN_AGG_PERSON_0946_PERSON_0973
PERSON_0032,PERSON,PERSON_0864,PERSON,TRANSFERRED_MONEY,2024-12-15 10:04:23,0.05,0.73,TXN_AGG_PERSON_0032_PERSON_0864
PERSON_0065,PERSON,PERSON_0331,PERSON,TRANSFERRED_MONEY,2024-08-17 21:40:29,0.05,0.7,TXN_AGG_PERSON_0065_PERSON_0331
PERSON_0463,PERSON,PERSON_1422,PERSON,TRANSFERRED_MONEY,2026-02-17 17:26:00,0.05,0.68,TXN_AGG_PERSON_0463_PERSON_1422
PERSON_0005,PERSON,PERSON_0132,PERSON,TRANSFERRED_MONEY,2025-07-07 10:37:36,0.05,0.67,TXN_AGG_PERSON_0005_PERSON_0132
PERSON_0057,PERSON,PERSON_1009,PERSON,TRANSFERRED_MONEY,2025-06-20 13:26:00,0.05,0.63,TXN_AGG_PERSON_0057_PERSON_1009
PERSON_0072,PERSON,PERSON_0385,PERSON,TRANSFERRED_MONEY,2025-09-13 21:49:21,0.05,0.84,TXN_AGG_PERSON_0072_PERSON_0385
PERSON_0386,PERSON,PERSON_1310,PERSON,TRANSFERRED_MONEY,2024-02-18 05:54:34,0.05,0.87,TXN_AGG_PERSON_0386_PERSON_1310
PERSON_0250,PERSON,PERSON_0442,PERSON,TRANSFERRED_MONEY,2024-04-10 20:08:41,0.05,0.57,TXN_AGG_PERSON_0250_PERSON_0442
PERSON_0068,PERSON,PERSON_0740,PERSON,TRANSFERRED_MONEY,2025-10-26 09:35:30,0.05,0.84,TXN_AGG_PERSON_0068_PERSON_0740
PERSON_0634,PERSON,PERSON_1131,PERSON,TRANSFERRED_MONEY,2024-12-23 15:56:17,0.05,0.55,TXN_AGG_PERSON_0634_PERSON_1131
PERSON_1146,PERSON,PERSON_1335,PERSON,TRANSFERRED_MONEY,2024-05-12 04:51:49,0.05,0.48,TXN_AGG_PERSON_1146_PERSON_1335
PERSON_0694,PERSON,PERSON_0849,PERSON,TRANSFERRED_MONEY,2024-06-16 09:30:38,0.05,0.67,TXN_AGG_PERSON_0694_PERSON_0849
PERSON_0643,PERSON,PERSON_0838,PERSON,TRANSFERRED_MONEY,2024-07-21 02:50:01,0.05,0.56,TXN_AGG_PERSON_0643_PERSON_0838
PERSON_0123,PERSON,PERSON_0295,PERSON,TRANSFERRED_MONEY,2024-08-28 03:27:23,0.05,0.48,TXN_AGG_PERSON_0123_PERSON_0295
PERSON_0916,PERSON,PERSON_1118,PERSON,TRANSFERRED_MONEY,2026-02-24 00:26:11,0.05,0.73,TXN_AGG_PERSON_0916_PERSON_1118
PERSON_0307,PERSON,PERSON_1196,PERSON,TRANSFERRED_MONEY,2024-04-07 02:45:11,0.05,0.5,TXN_AGG_PERSON_0307_PERSON_1196
PERSON_1334,PERSON,PERSON_1369,PERSON,TRANSFERRED_MONEY,2026-04-04 11:25:52,0.05,0.53,TXN_AGG_PERSON_1334_PERSON_1369
PERSON_1219,PERSON,PERSON_1310,PERSON,TRANSFERRED_MONEY,2024-09-15 02:15:03,0.05,0.7,TXN_AGG_PERSON_1219_PERSON_1310
PERSON_0072,PERSON,PERSON_0095,PERSON,TRANSFERRED_MONEY,2025-12-16 19:23:08,0.05,0.46,TXN_AGG_PERSON_0072_PERSON_0095
PERSON_0456,PERSON,PERSON_1060,PERSON,TRANSFERRED_MONEY,2026-06-26 07:56:38,0.05,0.61,TXN_AGG_PERSON_0456_PERSON_1060
PERSON_0306,PERSON,PERSON_1231,PERSON,TRANSFERRED_MONEY,2025-02-28 23:56:06,0.1,0.88,TXN_AGG_PERSON_0306_PERSON_1231
PERSON_0247,PERSON,PERSON_1461,PERSON,TRANSFERRED_MONEY,2025-11-22 14:22:41,0.1,0.7,TXN_AGG_PERSON_0247_PERSON_1461
PERSON_0172,PERSON,PERSON_0674,PERSON,TRANSFERRED_MONEY,2024-09-01 02:03:33,0.05,0.57,TXN_AGG_PERSON_0172_PERSON_0674
PERSON_0064,PERSON,PERSON_0278,PERSON,TRANSFERRED_MONEY,2025-09-30 04:37:04,0.05,0.55,TXN_AGG_PERSON_0064_PERSON_0278
PERSON_1264,PERSON,PERSON_1325,PERSON,TRANSFERRED_MONEY,2025-10-30 18:14:14,0.05,0.82,TXN_AGG_PERSON_1264_PERSON_1325
PERSON_1140,PERSON,PERSON_1238,PERSON,TRANSFERRED_MONEY,2025-07-20 13:06:07,0.05,0.89,TXN_AGG_PERSON_1140_PERSON_1238
PERSON_0345,PERSON,PERSON_1196,PERSON,TRANSFERRED_MONEY,2024-01-09 13:38:06,0.05,0.51,TXN_AGG_PERSON_0345_PERSON_1196
PERSON_0233,PERSON,PERSON_1349,PERSON,TRANSFERRED_MONEY,2025-06-03 21:35:33,0.05,0.58,TXN_AGG_PERSON_0233_PERSON_1349
PERSON_0361,PERSON,PERSON_0735,PERSON,TRANSFERRED_MONEY,2024-01-21 10:59:49,0.05,0.55,TXN_AGG_PERSON_0361_PERSON_0735
PERSON_0081,PERSON,PERSON_0527,PERSON,TRANSFERRED_MONEY,2024-06-12 04:20:48,0.05,0.85,TXN_AGG_PERSON_0081_PERSON_0527
PERSON_0378,PERSON,PERSON_0500,PERSON,TRANSFERRED_MONEY,2024-01-17 18:20:25,0.05,0.58,TXN_AGG_PERSON_0378_PERSON_0500
PERSON_0371,PERSON,PERSON_1082,PERSON,TRANSFERRED_MONEY,2025-10-13 15:53:36,0.05,0.68,TXN_AGG_PERSON_0371_PERSON_1082
PERSON_0908,PERSON,PERSON_1229,PERSON,TRANSFERRED_MONEY,2024-12-06 11:49:28,0.05,0.6,TXN_AGG_PERSON_0908_PERSON_1229
PERSON_0974,PERSON,PERSON_1231,PERSON,TRANSFERRED_MONEY,2026-01-27 22:31:23,0.05,0.82,TXN_AGG_PERSON_0974_PERSON_1231
PERSON_0562,PERSON,PERSON_1046,PERSON,TRANSFERRED_MONEY,2026-04-13 05:16:00,0.05,0.49,TXN_AGG_PERSON_0562_PERSON_1046
PERSON_0748,PERSON,PERSON_0913,PERSON,TRANSFERRED_MONEY,2024-03-08 22:43:17,0.05,0.72,TXN_AGG_PERSON_0748_PERSON_0913
PERSON_0864,PERSON,PERSON_1449,PERSON,TRANSFERRED_MONEY,2024-08-31 09:10:44,0.05,0.73,TXN_AGG_PERSON_0864_PERSON_1449
PERSON_0618,PERSON,PERSON_1268,PERSON,TRANSFERRED_MONEY,2026-01-30 23:41:54,0.05,0.67,TXN_AGG_PERSON_0618_PERSON_1268
PERSON_1412,PERSON,PERSON_1420,PERSON,TRANSFERRED_MONEY,2025-09-29 21:10:29,0.05,0.46,TXN_AGG_PERSON_1412_PERSON_1420
PERSON_1269,PERSON,PERSON_1335,PERSON,TRANSFERRED_MONEY,2024-11-26 19:14:32,0.05,0.46,TXN_AGG_PERSON_1269_PERSON_1335
PERSON_0314,PERSON,PERSON_1107,PERSON,TRANSFERRED_MONEY,2025-01-15 12:35:47,0.05,0.74,TXN_AGG_PERSON_0314_PERSON_1107
PERSON_0218,PERSON,PERSON_1353,PERSON,TRANSFERRED_MONEY,2025-04-16 10:22:47,0.05,0.49,TXN_AGG_PERSON_0218_PERSON_1353
PERSON_1267,PERSON,PERSON_1367,PERSON,TRANSFERRED_MONEY,2025-02-28 22:52:13,0.05,0.9,TXN_AGG_PERSON_1267_PERSON_1367
PERSON_0308,PERSON,PERSON_1345,PERSON,TRANSFERRED_MONEY,2024-10-17 13:11:34,0.05,0.81,TXN_AGG_PERSON_0308_PERSON_1345
PERSON_0807,PERSON,PERSON_1322,PERSON,TRANSFERRED_MONEY,2025-04-25 16:52:54,0.05,0.8,TXN_AGG_PERSON_0807_PERSON_1322
PERSON_0906,PERSON,PERSON_1358,PERSON,TRANSFERRED_MONEY,2024-07-18 17:08:37,0.05,0.74,TXN_AGG_PERSON_0906_PERSON_1358
PERSON_0716,PERSON,PERSON_1125,PERSON,TRANSFERRED_MONEY,2025-09-24 00:02:10,0.05,0.84,TXN_AGG_PERSON_0716_PERSON_1125
PERSON_0084,PERSON,PERSON_1219,PERSON,TRANSFERRED_MONEY,2026-06-18 07:53:32,0.05,0.79,TXN_AGG_PERSON_0084_PERSON_1219
PERSON_1080,PERSON,PERSON_1459,PERSON,TRANSFERRED_MONEY,2026-03-16 09:45:40,0.1,0.59,TXN_AGG_PERSON_1080_PERSON_1459
PERSON_0386,PERSON,PERSON_1012,PERSON,TRANSFERRED_MONEY,2024-12-19 09:23:43,0.05,0.72,TXN_AGG_PERSON_0386_PERSON_1012
PERSON_0886,PERSON,PERSON_1008,PERSON,TRANSFERRED_MONEY,2024-10-12 12:06:53,0.05,0.73,TXN_AGG_PERSON_0886_PERSON_1008
PERSON_0279,PERSON,PERSON_0650,PERSON,TRANSFERRED_MONEY,2025-08-06 00:16:10,0.05,0.66,TXN_AGG_PERSON_0279_PERSON_0650
PERSON_0397,PERSON,PERSON_1319,PERSON,TRANSFERRED_MONEY,2024-02-14 16:12:38,0.05,0.79,TXN_AGG_PERSON_0397_PERSON_1319
PERSON_0748,PERSON,PERSON_1060,PERSON,TRANSFERRED_MONEY,2024-03-09 13:08:41,0.05,0.74,TXN_AGG_PERSON_0748_PERSON_1060
PERSON_0373,PERSON,PERSON_1160,PERSON,TRANSFERRED_MONEY,2025-08-29 11:53:15,0.05,0.51,TXN_AGG_PERSON_0373_PERSON_1160
PERSON_1091,PERSON,PERSON_1243,PERSON,TRANSFERRED_MONEY,2025-07-16 14:15:11,0.1,0.69,TXN_AGG_PERSON_1091_PERSON_1243
PERSON_0295,PERSON,PERSON_1096,PERSON,TRANSFERRED_MONEY,2024-04-06 09:52:13,0.05,0.46,TXN_AGG_PERSON_0295_PERSON_1096
PERSON_0747,PERSON,PERSON_1027,PERSON,TRANSFERRED_MONEY,2026-03-15 07:28:21,0.05,0.46,TXN_AGG_PERSON_0747_PERSON_1027
PERSON_0073,PERSON,PERSON_0814,PERSON,TRANSFERRED_MONEY,2024-04-14 19:02:12,0.05,0.72,TXN_AGG_PERSON_0073_PERSON_0814
PERSON_1184,PERSON,PERSON_1193,PERSON,TRANSFERRED_MONEY,2025-12-10 22:07:03,0.05,0.72,TXN_AGG_PERSON_1184_PERSON_1193
PERSON_0013,PERSON,PERSON_1024,PERSON,TRANSFERRED_MONEY,2025-12-17 20:27:15,0.05,0.45,TXN_AGG_PERSON_0013_PERSON_1024
PERSON_0298,PERSON,PERSON_0511,PERSON,TRANSFERRED_MONEY,2024-09-06 02:44:39,0.05,0.54,TXN_AGG_PERSON_0298_PERSON_0511
PERSON_0714,PERSON,PERSON_1095,PERSON,TRANSFERRED_MONEY,2024-03-11 01:05:53,0.05,0.87,TXN_AGG_PERSON_0714_PERSON_1095
PERSON_0714,PERSON,PERSON_0842,PERSON,TRANSFERRED_MONEY,2025-06-18 00:27:43,0.05,0.78,TXN_AGG_PERSON_0714_PERSON_0842
PERSON_0133,PERSON,PERSON_0784,PERSON,TRANSFERRED_MONEY,2025-01-17 13:21:55,0.05,0.8,TXN_AGG_PERSON_0133_PERSON_0784
PERSON_0250,PERSON,PERSON_0348,PERSON,TRANSFERRED_MONEY,2024-05-08 14:08:28,0.05,0.65,TXN_AGG_PERSON_0250_PERSON_0348
PERSON_0025,PERSON,PERSON_0371,PERSON,TRANSFERRED_MONEY,2026-04-22 01:04:41,0.05,0.46,TXN_AGG_PERSON_0025_PERSON_0371
PERSON_0756,PERSON,PERSON_1219,PERSON,TRANSFERRED_MONEY,2025-04-10 03:14:51,0.05,0.82,TXN_AGG_PERSON_0756_PERSON_1219
PERSON_0341,PERSON,PERSON_0611,PERSON,TRANSFERRED_MONEY,2024-10-17 20:59:37,0.05,0.6,TXN_AGG_PERSON_0341_PERSON_0611
PERSON_0119,PERSON,PERSON_1172,PERSON,TRANSFERRED_MONEY,2025-07-30 17:55:42,0.05,0.72,TXN_AGG_PERSON_0119_PERSON_1172
PERSON_0067,PERSON,PERSON_0469,PERSON,TRANSFERRED_MONEY,2025-10-09 22:20:20,0.05,0.58,TXN_AGG_PERSON_0067_PERSON_0469
PERSON_0050,PERSON,PERSON_1027,PERSON,TRANSFERRED_MONEY,2025-03-31 10:22:46,0.05,0.84,TXN_AGG_PERSON_0050_PERSON_1027
PERSON_0210,PERSON,PERSON_0562,PERSON,TRANSFERRED_MONEY,2024-03-17 00:07:55,0.05,0.67,TXN_AGG_PERSON_0210_PERSON_0562
PERSON_0336,PERSON,PERSON_1209,PERSON,TRANSFERRED_MONEY,2025-08-20 15:21:29,0.05,0.65,TXN_AGG_PERSON_0336_PERSON_1209
PERSON_0849,PERSON,PERSON_0894,PERSON,TRANSFERRED_MONEY,2025-01-30 21:48:54,0.05,0.85,TXN_AGG_PERSON_0849_PERSON_0894
PERSON_0364,PERSON,PERSON_1045,PERSON,TRANSFERRED_MONEY,2024-11-09 22:44:18,0.05,0.66,TXN_AGG_PERSON_0364_PERSON_1045
PERSON_0386,PERSON,PERSON_0994,PERSON,TRANSFERRED_MONEY,2025-04-28 00:38:32,0.05,0.58,TXN_AGG_PERSON_0386_PERSON_0994
PERSON_1349,PERSON,PERSON_1353,PERSON,TRANSFERRED_MONEY,2024-12-06 18:50:52,0.05,0.69,TXN_AGG_PERSON_1349_PERSON_1353
PERSON_0314,PERSON,PERSON_1273,PERSON,TRANSFERRED_MONEY,2026-03-19 20:16:33,0.05,0.6,TXN_AGG_PERSON_0314_PERSON_1273
PERSON_0705,PERSON,PERSON_1269,PERSON,TRANSFERRED_MONEY,2026-02-05 22:21:17,0.05,0.61,TXN_AGG_PERSON_0705_PERSON_1269
PERSON_0485,PERSON,PERSON_1064,PERSON,TRANSFERRED_MONEY,2025-02-07 11:36:02,0.05,0.78,TXN_AGG_PERSON_0485_PERSON_1064
PERSON_0769,PERSON,PERSON_1428,PERSON,TRANSFERRED_MONEY,2025-09-09 07:46:12,0.05,0.77,TXN_AGG_PERSON_0769_PERSON_1428
PERSON_0363,PERSON,PERSON_0534,PERSON,TRANSFERRED_MONEY,2026-01-29 02:13:21,0.1,0.77,TXN_AGG_PERSON_0363_PERSON_0534
PERSON_0961,PERSON,PERSON_1158,PERSON,TRANSFERRED_MONEY,2025-12-13 00:45:31,0.05,0.83,TXN_AGG_PERSON_0961_PERSON_1158
PERSON_0316,PERSON,PERSON_0557,PERSON,TRANSFERRED_MONEY,2026-03-09 14:40:52,0.05,0.66,TXN_AGG_PERSON_0316_PERSON_0557
PERSON_0906,PERSON,PERSON_1193,PERSON,TRANSFERRED_MONEY,2025-10-05 07:00:25,0.05,0.58,TXN_AGG_PERSON_0906_PERSON_1193
PERSON_0050,PERSON,PERSON_0636,PERSON,TRANSFERRED_MONEY,2024-04-11 23:31:50,0.05,0.61,TXN_AGG_PERSON_0050_PERSON_0636
PERSON_0049,PERSON,PERSON_0139,PERSON,TRANSFERRED_MONEY,2024-04-06 00:37:25,0.05,0.69,TXN_AGG_PERSON_0049_PERSON_0139
PERSON_0469,PERSON,PERSON_0899,PERSON,TRANSFERRED_MONEY,2024-08-25 22:48:28,0.05,0.62,TXN_AGG_PERSON_0469_PERSON_0899
PERSON_0347,PERSON,PERSON_1490,PERSON,TRANSFERRED_MONEY,2024-03-18 13:45:45,0.05,0.64,TXN_AGG_PERSON_0347_PERSON_1490
PERSON_0572,PERSON,PERSON_0759,PERSON,TRANSFERRED_MONEY,2026-06-08 15:02:59,0.05,0.67,TXN_AGG_PERSON_0572_PERSON_0759
PERSON_0883,PERSON,PERSON_1496,PERSON,TRANSFERRED_MONEY,2024-03-09 10:35:24,0.05,0.85,TXN_AGG_PERSON_0883_PERSON_1496
PERSON_0088,PERSON,PERSON_0337,PERSON,TRANSFERRED_MONEY,2024-05-27 17:56:47,0.05,0.5,TXN_AGG_PERSON_0088_PERSON_0337
PERSON_0946,PERSON,PERSON_1316,PERSON,TRANSFERRED_MONEY,2026-06-24 23:49:09,0.05,0.51,TXN_AGG_PERSON_0946_PERSON_1316
PERSON_0769,PERSON,PERSON_1035,PERSON,TRANSFERRED_MONEY,2024-12-18 03:51:39,0.05,0.76,TXN_AGG_PERSON_0769_PERSON_1035
PERSON_0067,PERSON,PERSON_0531,PERSON,TRANSFERRED_MONEY,2026-05-06 23:33:14,0.05,0.57,TXN_AGG_PERSON_0067_PERSON_0531
PERSON_0994,PERSON,PERSON_1412,PERSON,TRANSFERRED_MONEY,2025-08-05 06:52:32,0.05,0.8,TXN_AGG_PERSON_0994_PERSON_1412
PERSON_0380,PERSON,PERSON_0756,PERSON,TRANSFERRED_MONEY,2026-02-28 15:03:57,0.05,0.87,TXN_AGG_PERSON_0380_PERSON_0756
PERSON_0325,PERSON,PERSON_0355,PERSON,TRANSFERRED_MONEY,2025-07-02 01:30:49,0.05,0.54,TXN_AGG_PERSON_0325_PERSON_0355
PERSON_0378,PERSON,PERSON_0807,PERSON,TRANSFERRED_MONEY,2024-08-28 02:53:18,0.05,0.69,TXN_AGG_PERSON_0378_PERSON_0807
PERSON_1008,PERSON,PERSON_1160,PERSON,TRANSFERRED_MONEY,2026-01-31 02:18:40,0.05,0.79,TXN_AGG_PERSON_1008_PERSON_1160
PERSON_0766,PERSON,PERSON_1401,PERSON,TRANSFERRED_MONEY,2024-10-03 05:49:15,0.05,0.7,TXN_AGG_PERSON_0766_PERSON_1401
PERSON_0743,PERSON,PERSON_1226,PERSON,TRANSFERRED_MONEY,2024-08-21 19:35:13,0.1,0.88,TXN_AGG_PERSON_0743_PERSON_1226
PERSON_0049,PERSON,PERSON_0195,PERSON,TRANSFERRED_MONEY,2024-04-02 13:10:29,0.05,0.89,TXN_AGG_PERSON_0049_PERSON_0195
PERSON_0106,PERSON,PERSON_0392,PERSON,TRANSFERRED_MONEY,2025-09-17 07:20:43,0.05,0.6,TXN_AGG_PERSON_0106_PERSON_0392
PERSON_0307,PERSON,PERSON_0916,PERSON,TRANSFERRED_MONEY,2025-07-19 13:09:15,0.05,0.85,TXN_AGG_PERSON_0307_PERSON_0916
PERSON_0376,PERSON,PERSON_0862,PERSON,TRANSFERRED_MONEY,2026-06-23 12:03:30,0.05,0.57,TXN_AGG_PERSON_0376_PERSON_0862
PERSON_0456,PERSON,PERSON_1184,PERSON,TRANSFERRED_MONEY,2026-01-20 11:25:22,0.05,0.87,TXN_AGG_PERSON_0456_PERSON_1184
PERSON_0882,PERSON,PERSON_1217,PERSON,TRANSFERRED_MONEY,2025-09-06 17:25:59,0.05,0.8,TXN_AGG_PERSON_0882_PERSON_1217
PERSON_0132,PERSON,PERSON_0698,PERSON,TRANSFERRED_MONEY,2024-06-12 23:14:19,0.05,0.73,TXN_AGG_PERSON_0132_PERSON_0698
PERSON_0083,PERSON,PERSON_0607,PERSON,TRANSFERRED_MONEY,2024-03-05 16:17:19,0.05,0.46,TXN_AGG_PERSON_0083_PERSON_0607
PERSON_0874,PERSON,PERSON_1157,PERSON,TRANSFERRED_MONEY,2024-04-12 14:28:52,0.05,0.8,TXN_AGG_PERSON_0874_PERSON_1157
PERSON_0326,PERSON,PERSON_1334,PERSON,TRANSFERRED_MONEY,2024-10-02 04:29:29,0.05,0.61,TXN_AGG_PERSON_0326_PERSON_1334
PERSON_0557,PERSON,PERSON_0741,PERSON,TRANSFERRED_MONEY,2024-10-08 10:50:58,0.05,0.45,TXN_AGG_PERSON_0557_PERSON_0741
PERSON_0241,PERSON,PERSON_0466,PERSON,TRANSFERRED_MONEY,2025-04-23 06:07:45,0.05,0.86,TXN_AGG_PERSON_0241_PERSON_0466
PERSON_0763,PERSON,PERSON_1384,PERSON,TRANSFERRED_MONEY,2024-12-02 14:31:28,0.05,0.5,TXN_AGG_PERSON_0763_PERSON_1384
PERSON_0201,PERSON,PERSON_0684,PERSON,TRANSFERRED_MONEY,2026-04-23 03:00:28,0.05,0.45,TXN_AGG_PERSON_0201_PERSON_0684
PERSON_1263,PERSON,PERSON_1356,PERSON,TRANSFERRED_MONEY,2024-01-17 18:46:01,0.05,0.84,TXN_AGG_PERSON_1263_PERSON_1356
PERSON_0748,PERSON,PERSON_0903,PERSON,TRANSFERRED_MONEY,2024-08-03 13:57:51,0.05,0.49,TXN_AGG_PERSON_0748_PERSON_0903
PERSON_0048,PERSON,PERSON_0069,PERSON,TRANSFERRED_MONEY,2024-07-25 13:52:51,0.05,0.45,TXN_AGG_PERSON_0048_PERSON_0069
PERSON_0208,PERSON,PERSON_0709,PERSON,TRANSFERRED_MONEY,2025-07-18 03:40:04,0.05,0.85,TXN_AGG_PERSON_0208_PERSON_0709
PERSON_0356,PERSON,PERSON_0507,PERSON,TRANSFERRED_MONEY,2025-08-26 23:45:01,0.05,0.45,TXN_AGG_PERSON_0356_PERSON_0507
PERSON_0084,PERSON,PERSON_0993,PERSON,TRANSFERRED_MONEY,2025-07-07 16:18:01,0.05,0.51,TXN_AGG_PERSON_0084_PERSON_0993
PERSON_0944,PERSON,PERSON_1339,PERSON,TRANSFERRED_MONEY,2025-08-18 16:13:35,0.05,0.55,TXN_AGG_PERSON_0944_PERSON_1339
PERSON_0123,PERSON,PERSON_1264,PERSON,TRANSFERRED_MONEY,2025-07-19 18:10:10,0.05,0.63,TXN_AGG_PERSON_0123_PERSON_1264
PERSON_0405,PERSON,PERSON_0726,PERSON,TRANSFERRED_MONEY,2025-02-16 13:12:11,0.05,0.85,TXN_AGG_PERSON_0405_PERSON_0726
PERSON_0242,PERSON,PERSON_0839,PERSON,TRANSFERRED_MONEY,2025-05-29 00:57:12,0.05,0.56,TXN_AGG_PERSON_0242_PERSON_0839
PERSON_0716,PERSON,PERSON_1271,PERSON,TRANSFERRED_MONEY,2024-06-23 18:27:21,0.05,0.8,TXN_AGG_PERSON_0716_PERSON_1271
PERSON_0831,PERSON,PERSON_1125,PERSON,TRANSFERRED_MONEY,2026-05-16 07:50:15,0.05,0.52,TXN_AGG_PERSON_0831_PERSON_1125
PERSON_1188,PERSON,PERSON_1204,PERSON,TRANSFERRED_MONEY,2025-12-26 15:56:16,0.05,0.82,TXN_AGG_PERSON_1188_PERSON_1204
PERSON_0460,PERSON,PERSON_0511,PERSON,TRANSFERRED_MONEY,2025-11-23 23:51:52,0.05,0.6,TXN_AGG_PERSON_0460_PERSON_0511
PERSON_0619,PERSON,PERSON_0861,PERSON,TRANSFERRED_MONEY,2024-01-11 12:20:19,0.05,0.76,TXN_AGG_PERSON_0619_PERSON_0861
PERSON_0531,PERSON,PERSON_1207,PERSON,TRANSFERRED_MONEY,2024-09-14 08:08:43,0.05,0.89,TXN_AGG_PERSON_0531_PERSON_1207
PERSON_0067,PERSON,PERSON_1261,PERSON,TRANSFERRED_MONEY,2025-10-06 19:43:15,0.05,0.76,TXN_AGG_PERSON_0067_PERSON_1261
PERSON_0110,PERSON,PERSON_1146,PERSON,TRANSFERRED_MONEY,2024-03-03 01:36:32,0.05,0.47,TXN_AGG_PERSON_0110_PERSON_1146
PERSON_0854,PERSON,PERSON_1268,PERSON,TRANSFERRED_MONEY,2026-05-02 09:24:48,0.05,0.52,TXN_AGG_PERSON_0854_PERSON_1268
PERSON_0047,PERSON,PERSON_0384,PERSON,TRANSFERRED_MONEY,2024-03-11 19:47:11,0.05,0.49,TXN_AGG_PERSON_0047_PERSON_0384
PERSON_0811,PERSON,PERSON_1429,PERSON,TRANSFERRED_MONEY,2025-10-06 04:11:09,0.05,0.58,TXN_AGG_PERSON_0811_PERSON_1429
PERSON_0677,PERSON,PERSON_1500,PERSON,TRANSFERRED_MONEY,2026-02-25 03:59:14,0.05,0.73,TXN_AGG_PERSON_0677_PERSON_1500
PERSON_0214,PERSON,PERSON_0745,PERSON,TRANSFERRED_MONEY,2025-03-11 16:55:27,0.05,0.82,TXN_AGG_PERSON_0214_PERSON_0745
PERSON_0622,PERSON,PERSON_0641,PERSON,TRANSFERRED_MONEY,2025-11-30 00:56:02,0.05,0.89,TXN_AGG_PERSON_0622_PERSON_0641
PERSON_0076,PERSON,PERSON_0097,PERSON,TRANSFERRED_MONEY,2025-10-29 09:20:47,0.05,0.73,TXN_AGG_PERSON_0076_PERSON_0097
PERSON_1363,PERSON,PERSON_1476,PERSON,TRANSFERRED_MONEY,2026-06-16 07:33:59,0.05,0.59,TXN_AGG_PERSON_1363_PERSON_1476
PERSON_0563,PERSON,PERSON_1476,PERSON,TRANSFERRED_MONEY,2026-06-12 17:06:20,0.05,0.75,TXN_AGG_PERSON_0563_PERSON_1476
PERSON_1151,PERSON,PERSON_1228,PERSON,TRANSFERRED_MONEY,2024-07-29 03:25:20,0.05,0.76,TXN_AGG_PERSON_1151_PERSON_1228
PERSON_0456,PERSON,PERSON_0904,PERSON,TRANSFERRED_MONEY,2025-07-20 08:34:06,0.05,0.68,TXN_AGG_PERSON_0456_PERSON_0904
PERSON_0518,PERSON,PERSON_1274,PERSON,TRANSFERRED_MONEY,2024-06-30 09:30:52,0.05,0.48,TXN_AGG_PERSON_0518_PERSON_1274
PERSON_0174,PERSON,PERSON_0620,PERSON,TRANSFERRED_MONEY,2026-01-27 18:11:43,0.05,0.53,TXN_AGG_PERSON_0174_PERSON_0620
PERSON_0119,PERSON,PERSON_0735,PERSON,TRANSFERRED_MONEY,2026-06-21 20:13:54,0.05,0.6,TXN_AGG_PERSON_0119_PERSON_0735
PERSON_1460,PERSON,PERSON_1482,PERSON,TRANSFERRED_MONEY,2026-05-18 03:03:52,0.05,0.73,TXN_AGG_PERSON_1460_PERSON_1482
PERSON_0205,PERSON,PERSON_0934,PERSON,TRANSFERRED_MONEY,2024-11-29 17:59:12,0.05,0.68,TXN_AGG_PERSON_0205_PERSON_0934
PERSON_0552,PERSON,PERSON_1469,PERSON,TRANSFERRED_MONEY,2024-09-04 08:26:18,0.05,0.82,TXN_AGG_PERSON_0552_PERSON_1469
PERSON_0938,PERSON,PERSON_0985,PERSON,TRANSFERRED_MONEY,2025-11-06 17:43:56,0.05,0.69,TXN_AGG_PERSON_0938_PERSON_0985
PERSON_0039,PERSON,PERSON_1261,PERSON,TRANSFERRED_MONEY,2024-12-02 17:16:40,0.05,0.86,TXN_AGG_PERSON_0039_PERSON_1261
PERSON_0427,PERSON,PERSON_1366,PERSON,TRANSFERRED_MONEY,2025-04-03 08:48:17,0.05,0.83,TXN_AGG_PERSON_0427_PERSON_1366
PERSON_0465,PERSON,PERSON_0796,PERSON,TRANSFERRED_MONEY,2024-09-05 01:41:54,0.05,0.69,TXN_AGG_PERSON_0465_PERSON_0796
PERSON_0871,PERSON,PERSON_0975,PERSON,TRANSFERRED_MONEY,2024-02-07 14:23:43,0.05,0.45,TXN_AGG_PERSON_0871_PERSON_0975
PERSON_0631,PERSON,PERSON_0656,PERSON,TRANSFERRED_MONEY,2024-11-17 23:54:28,0.05,0.84,TXN_AGG_PERSON_0631_PERSON_0656
PERSON_0510,PERSON,PERSON_0726,PERSON,TRANSFERRED_MONEY,2025-03-17 01:41:05,0.05,0.63,TXN_AGG_PERSON_0510_PERSON_0726
PERSON_0316,PERSON,PERSON_1222,PERSON,TRANSFERRED_MONEY,2024-09-28 22:18:08,0.05,0.83,TXN_AGG_PERSON_0316_PERSON_1222
PERSON_1181,PERSON,PERSON_1376,PERSON,TRANSFERRED_MONEY,2024-09-22 05:37:53,0.05,0.87,TXN_AGG_PERSON_1181_PERSON_1376
PERSON_0785,PERSON,PERSON_0874,PERSON,TRANSFERRED_MONEY,2025-05-21 22:28:27,0.05,0.81,TXN_AGG_PERSON_0785_PERSON_0874
PERSON_0114,PERSON,PERSON_0660,PERSON,TRANSFERRED_MONEY,2026-02-02 08:38:47,0.05,0.61,TXN_AGG_PERSON_0114_PERSON_0660
PERSON_0022,PERSON,PERSON_0900,PERSON,TRANSFERRED_MONEY,2025-04-25 01:43:03,0.05,0.89,TXN_AGG_PERSON_0022_PERSON_0900
PERSON_0340,PERSON,PERSON_0726,PERSON,TRANSFERRED_MONEY,2025-11-05 04:19:57,0.05,0.58,TXN_AGG_PERSON_0340_PERSON_0726
PERSON_0095,PERSON,PERSON_1252,PERSON,TRANSFERRED_MONEY,2025-07-03 10:28:37,0.05,0.88,TXN_AGG_PERSON_0095_PERSON_1252
PERSON_0423,PERSON,PERSON_0957,PERSON,TRANSFERRED_MONEY,2025-08-19 08:00:57,0.05,0.88,TXN_AGG_PERSON_0423_PERSON_0957
PERSON_0284,PERSON,PERSON_0803,PERSON,TRANSFERRED_MONEY,2025-01-29 04:04:21,0.05,0.9,TXN_AGG_PERSON_0284_PERSON_0803
PERSON_0458,PERSON,PERSON_0701,PERSON,TRANSFERRED_MONEY,2024-07-06 03:33:04,0.05,0.58,TXN_AGG_PERSON_0458_PERSON_0701
PERSON_0027,PERSON,PERSON_0914,PERSON,TRANSFERRED_MONEY,2025-03-09 15:58:26,0.05,0.84,TXN_AGG_PERSON_0027_PERSON_0914
PERSON_0667,PERSON,PERSON_0986,PERSON,TRANSFERRED_MONEY,2025-03-25 10:53:52,0.05,0.45,TXN_AGG_PERSON_0667_PERSON_0986
PERSON_0671,PERSON,PERSON_0725,PERSON,TRANSFERRED_MONEY,2026-02-26 08:51:00,0.05,0.57,TXN_AGG_PERSON_0671_PERSON_0725
PERSON_0211,PERSON,PERSON_0301,PERSON,TRANSFERRED_MONEY,2024-03-07 01:52:04,0.05,0.49,TXN_AGG_PERSON_0211_PERSON_0301
PERSON_1022,PERSON,PERSON_1225,PERSON,TRANSFERRED_MONEY,2024-01-05 21:23:10,0.05,0.54,TXN_AGG_PERSON_1022_PERSON_1225
PERSON_0814,PERSON,PERSON_0908,PERSON,TRANSFERRED_MONEY,2025-09-30 07:04:16,0.05,0.5,TXN_AGG_PERSON_0814_PERSON_0908
PERSON_0049,PERSON,PERSON_1464,PERSON,TRANSFERRED_MONEY,2024-02-16 10:31:31,0.05,0.57,TXN_AGG_PERSON_0049_PERSON_1464
PERSON_0299,PERSON,PERSON_1360,PERSON,TRANSFERRED_MONEY,2026-05-08 18:16:49,0.05,0.79,TXN_AGG_PERSON_0299_PERSON_1360
PERSON_0846,PERSON,PERSON_0869,PERSON,TRANSFERRED_MONEY,2024-07-22 04:53:10,0.05,0.87,TXN_AGG_PERSON_0846_PERSON_0869
PERSON_0349,PERSON,PERSON_1196,PERSON,TRANSFERRED_MONEY,2026-04-09 03:41:37,0.05,0.83,TXN_AGG_PERSON_0349_PERSON_1196
PERSON_0009,PERSON,PERSON_1268,PERSON,TRANSFERRED_MONEY,2024-02-22 22:35:52,0.05,0.49,TXN_AGG_PERSON_0009_PERSON_1268
PERSON_0842,PERSON,PERSON_1054,PERSON,TRANSFERRED_MONEY,2025-01-09 00:34:56,0.05,0.49,TXN_AGG_PERSON_0842_PERSON_1054
PERSON_0148,PERSON,PERSON_1434,PERSON,TRANSFERRED_MONEY,2025-10-01 23:13:44,0.05,0.89,TXN_AGG_PERSON_0148_PERSON_1434
PERSON_0168,PERSON,PERSON_1322,PERSON,TRANSFERRED_MONEY,2026-04-28 23:11:22,0.05,0.47,TXN_AGG_PERSON_0168_PERSON_1322
PERSON_0811,PERSON,PERSON_1190,PERSON,TRANSFERRED_MONEY,2025-08-08 18:26:16,0.05,0.83,TXN_AGG_PERSON_0811_PERSON_1190
PERSON_0126,PERSON,PERSON_0405,PERSON,TRANSFERRED_MONEY,2024-03-30 06:50:18,0.05,0.46,TXN_AGG_PERSON_0126_PERSON_0405
PERSON_0534,PERSON,PERSON_0725,PERSON,TRANSFERRED_MONEY,2026-04-10 14:18:53,0.05,0.47,TXN_AGG_PERSON_0534_PERSON_0725
PERSON_1295,PERSON,PERSON_1463,PERSON,TRANSFERRED_MONEY,2025-09-05 21:38:43,0.05,0.61,TXN_AGG_PERSON_1295_PERSON_1463
PERSON_0961,PERSON,PERSON_0978,PERSON,TRANSFERRED_MONEY,2025-11-22 04:23:05,0.05,0.63,TXN_AGG_PERSON_0961_PERSON_0978
PERSON_0886,PERSON,PERSON_1352,PERSON,TRANSFERRED_MONEY,2024-07-06 14:16:28,0.05,0.8,TXN_AGG_PERSON_0886_PERSON_1352
PERSON_0636,PERSON,PERSON_0639,PERSON,TRANSFERRED_MONEY,2026-06-15 14:04:25,0.05,0.84,TXN_AGG_PERSON_0636_PERSON_0639
PERSON_0612,PERSON,PERSON_1261,PERSON,TRANSFERRED_MONEY,2025-04-02 12:37:52,0.05,0.68,TXN_AGG_PERSON_0612_PERSON_1261
PERSON_0975,PERSON,PERSON_1212,PERSON,TRANSFERRED_MONEY,2026-01-28 05:58:02,0.05,0.56,TXN_AGG_PERSON_0975_PERSON_1212
PERSON_0417,PERSON,PERSON_1461,PERSON,TRANSFERRED_MONEY,2026-02-16 05:33:02,0.05,0.83,TXN_AGG_PERSON_0417_PERSON_1461
PERSON_0022,PERSON,PERSON_0770,PERSON,TRANSFERRED_MONEY,2024-05-16 12:54:00,0.05,0.8,TXN_AGG_PERSON_0022_PERSON_0770
PERSON_0041,PERSON,PERSON_1401,PERSON,TRANSFERRED_MONEY,2025-09-27 18:58:51,0.05,0.57,TXN_AGG_PERSON_0041_PERSON_1401
PERSON_0328,PERSON,PERSON_1054,PERSON,TRANSFERRED_MONEY,2026-06-26 16:02:24,0.05,0.48,TXN_AGG_PERSON_0328_PERSON_1054
PERSON_0871,PERSON,PERSON_1196,PERSON,TRANSFERRED_MONEY,2026-04-01 11:37:30,0.05,0.53,TXN_AGG_PERSON_0871_PERSON_1196
PERSON_0047,PERSON,PERSON_0379,PERSON,TRANSFERRED_MONEY,2026-04-07 09:06:02,0.05,0.71,TXN_AGG_PERSON_0047_PERSON_0379
PERSON_0340,PERSON,PERSON_0620,PERSON,TRANSFERRED_MONEY,2024-05-08 12:10:09,0.05,0.88,TXN_AGG_PERSON_0340_PERSON_0620
PERSON_0569,PERSON,PERSON_1347,PERSON,TRANSFERRED_MONEY,2025-07-21 08:35:43,0.05,0.89,TXN_AGG_PERSON_0569_PERSON_1347
PERSON_0164,PERSON,PERSON_0751,PERSON,TRANSFERRED_MONEY,2024-08-30 07:27:58,0.05,0.77,TXN_AGG_PERSON_0164_PERSON_0751
PERSON_0790,PERSON,PERSON_1296,PERSON,TRANSFERRED_MONEY,2026-05-23 09:05:22,0.05,0.52,TXN_AGG_PERSON_0790_PERSON_1296
PERSON_0129,PERSON,PERSON_1335,PERSON,TRANSFERRED_MONEY,2025-12-27 00:12:45,0.05,0.83,TXN_AGG_PERSON_0129_PERSON_1335
PERSON_0054,PERSON,PERSON_0307,PERSON,TRANSFERRED_MONEY,2025-07-05 01:49:23,0.05,0.76,TXN_AGG_PERSON_0054_PERSON_0307
PERSON_0223,PERSON,PERSON_0468,PERSON,TRANSFERRED_MONEY,2025-05-25 04:08:47,0.05,0.71,TXN_AGG_PERSON_0223_PERSON_0468
PERSON_0273,PERSON,PERSON_0718,PERSON,TRANSFERRED_MONEY,2024-09-18 23:24:59,0.05,0.78,TXN_AGG_PERSON_0273_PERSON_0718
PERSON_0783,PERSON,PERSON_1118,PERSON,TRANSFERRED_MONEY,2025-06-06 20:06:30,0.05,0.62,TXN_AGG_PERSON_0783_PERSON_1118
PERSON_0906,PERSON,PERSON_1184,PERSON,TRANSFERRED_MONEY,2025-03-11 06:29:56,0.05,0.71,TXN_AGG_PERSON_0906_PERSON_1184
PERSON_0698,PERSON,PERSON_1327,PERSON,TRANSFERRED_MONEY,2026-05-28 06:33:49,0.05,0.59,TXN_AGG_PERSON_0698_PERSON_1327
PERSON_1044,PERSON,PERSON_1146,PERSON,TRANSFERRED_MONEY,2024-06-15 11:45:28,0.05,0.61,TXN_AGG_PERSON_1044_PERSON_1146
PERSON_0446,PERSON,PERSON_1398,PERSON,TRANSFERRED_MONEY,2024-04-12 15:19:24,0.05,0.69,TXN_AGG_PERSON_0446_PERSON_1398
PERSON_0571,PERSON,PERSON_0604,PERSON,TRANSFERRED_MONEY,2025-05-19 17:35:07,0.05,0.57,TXN_AGG_PERSON_0571_PERSON_0604
PERSON_0067,PERSON,PERSON_1268,PERSON,TRANSFERRED_MONEY,2026-02-11 07:37:08,0.05,0.8,TXN_AGG_PERSON_0067_PERSON_1268
PERSON_0507,PERSON,PERSON_1131,PERSON,TRANSFERRED_MONEY,2025-08-20 13:24:41,0.05,0.75,TXN_AGG_PERSON_0507_PERSON_1131
PERSON_0005,PERSON,PERSON_0982,PERSON,TRANSFERRED_MONEY,2025-09-18 11:42:06,0.05,0.67,TXN_AGG_PERSON_0005_PERSON_0982
PERSON_0276,PERSON,PERSON_1479,PERSON,TRANSFERRED_MONEY,2025-01-13 11:36:42,0.05,0.48,TXN_AGG_PERSON_0276_PERSON_1479
PERSON_0867,PERSON,PERSON_1333,PERSON,TRANSFERRED_MONEY,2024-04-05 09:00:30,0.05,0.77,TXN_AGG_PERSON_0867_PERSON_1333
PERSON_1246,PERSON,PERSON_1330,PERSON,TRANSFERRED_MONEY,2025-06-27 10:08:31,0.05,0.63,TXN_AGG_PERSON_1246_PERSON_1330
PERSON_0378,PERSON,PERSON_0475,PERSON,TRANSFERRED_MONEY,2026-06-12 18:27:02,0.05,0.73,TXN_AGG_PERSON_0378_PERSON_0475
PERSON_0634,PERSON,PERSON_1400,PERSON,TRANSFERRED_MONEY,2024-01-27 17:08:20,0.05,0.88,TXN_AGG_PERSON_0634_PERSON_1400
PERSON_0359,PERSON,PERSON_1330,PERSON,TRANSFERRED_MONEY,2025-10-01 09:22:51,0.05,0.53,TXN_AGG_PERSON_0359_PERSON_1330
PERSON_0368,PERSON,PERSON_0851,PERSON,TRANSFERRED_MONEY,2025-01-17 11:22:58,0.05,0.61,TXN_AGG_PERSON_0368_PERSON_0851
PERSON_0486,PERSON,PERSON_0869,PERSON,TRANSFERRED_MONEY,2025-05-02 09:22:03,0.05,0.59,TXN_AGG_PERSON_0486_PERSON_0869
PERSON_0153,PERSON,PERSON_0761,PERSON,TRANSFERRED_MONEY,2025-10-23 01:29:57,0.05,0.6,TXN_AGG_PERSON_0153_PERSON_0761
PERSON_0206,PERSON,PERSON_0854,PERSON,TRANSFERRED_MONEY,2026-02-04 03:43:05,0.05,0.87,TXN_AGG_PERSON_0206_PERSON_0854
PERSON_0740,PERSON,PERSON_0807,PERSON,TRANSFERRED_MONEY,2024-11-18 16:17:33,0.05,0.6,TXN_AGG_PERSON_0740_PERSON_0807
PERSON_0095,PERSON,PERSON_1018,PERSON,TRANSFERRED_MONEY,2025-05-25 05:15:21,0.05,0.48,TXN_AGG_PERSON_0095_PERSON_1018
PERSON_0351,PERSON,PERSON_0831,PERSON,TRANSFERRED_MONEY,2024-09-26 08:03:09,0.05,0.47,TXN_AGG_PERSON_0351_PERSON_0831
PERSON_0216,PERSON,PERSON_1076,PERSON,TRANSFERRED_MONEY,2025-03-10 20:50:24,0.05,0.56,TXN_AGG_PERSON_0216_PERSON_1076
PERSON_0814,PERSON,PERSON_1016,PERSON,TRANSFERRED_MONEY,2025-11-05 17:59:35,0.05,0.63,TXN_AGG_PERSON_0814_PERSON_1016
PERSON_0541,PERSON,PERSON_1264,PERSON,TRANSFERRED_MONEY,2024-04-16 06:04:32,0.05,0.59,TXN_AGG_PERSON_0541_PERSON_1264
PERSON_0118,PERSON,PERSON_1088,PERSON,TRANSFERRED_MONEY,2024-05-19 13:05:35,0.05,0.54,TXN_AGG_PERSON_0118_PERSON_1088
PERSON_1317,PERSON,PERSON_1453,PERSON,TRANSFERRED_MONEY,2025-05-17 15:12:33,0.05,0.76,TXN_AGG_PERSON_1317_PERSON_1453
PERSON_0264,PERSON,PERSON_1047,PERSON,TRANSFERRED_MONEY,2024-01-12 04:35:27,0.05,0.88,TXN_AGG_PERSON_0264_PERSON_1047
PERSON_1196,PERSON,PERSON_1281,PERSON,TRANSFERRED_MONEY,2024-02-13 17:59:15,0.05,0.48,TXN_AGG_PERSON_1196_PERSON_1281
PERSON_0896,PERSON,PERSON_1333,PERSON,TRANSFERRED_MONEY,2025-01-07 17:28:38,0.05,0.55,TXN_AGG_PERSON_0896_PERSON_1333
PERSON_0392,PERSON,PERSON_1368,PERSON,TRANSFERRED_MONEY,2025-06-20 03:59:08,0.05,0.8,TXN_AGG_PERSON_0392_PERSON_1368
PERSON_0337,PERSON,PERSON_1012,PERSON,TRANSFERRED_MONEY,2026-06-02 18:00:01,0.1,0.75,TXN_AGG_PERSON_0337_PERSON_1012
PERSON_0306,PERSON,PERSON_1368,PERSON,TRANSFERRED_MONEY,2026-06-10 01:45:07,0.05,0.64,TXN_AGG_PERSON_0306_PERSON_1368
PERSON_1039,PERSON,PERSON_1078,PERSON,TRANSFERRED_MONEY,2024-05-23 06:15:46,0.05,0.89,TXN_AGG_PERSON_1039_PERSON_1078
PERSON_0229,PERSON,PERSON_0557,PERSON,TRANSFERRED_MONEY,2024-12-10 09:54:21,0.05,0.65,TXN_AGG_PERSON_0229_PERSON_0557
PERSON_0266,PERSON,PERSON_1335,PERSON,TRANSFERRED_MONEY,2025-10-19 13:57:58,0.1,0.8,TXN_AGG_PERSON_0266_PERSON_1335
PERSON_0071,PERSON,PERSON_0759,PERSON,TRANSFERRED_MONEY,2024-06-06 12:20:48,0.05,0.66,TXN_AGG_PERSON_0071_PERSON_0759
PERSON_0364,PERSON,PERSON_1337,PERSON,TRANSFERRED_MONEY,2025-03-31 17:43:29,0.05,0.69,TXN_AGG_PERSON_0364_PERSON_1337
PERSON_0684,PERSON,PERSON_1346,PERSON,TRANSFERRED_MONEY,2024-12-07 05:12:25,0.05,0.48,TXN_AGG_PERSON_0684_PERSON_1346
PERSON_0751,PERSON,PERSON_1341,PERSON,TRANSFERRED_MONEY,2025-06-29 08:27:27,0.05,0.51,TXN_AGG_PERSON_0751_PERSON_1341
PERSON_1204,PERSON,PERSON_1358,PERSON,TRANSFERRED_MONEY,2024-07-13 05:25:07,0.05,0.55,TXN_AGG_PERSON_1204_PERSON_1358
PERSON_0872,PERSON,PERSON_1344,PERSON,TRANSFERRED_MONEY,2026-05-16 05:36:57,0.05,0.58,TXN_AGG_PERSON_0872_PERSON_1344
PERSON_0025,PERSON,PERSON_0636,PERSON,TRANSFERRED_MONEY,2026-04-07 12:29:35,0.05,0.75,TXN_AGG_PERSON_0025_PERSON_0636
PERSON_0801,PERSON,PERSON_1103,PERSON,TRANSFERRED_MONEY,2026-01-19 22:17:30,0.05,0.58,TXN_AGG_PERSON_0801_PERSON_1103
PERSON_0046,PERSON,PERSON_1498,PERSON,TRANSFERRED_MONEY,2026-03-31 18:47:35,0.05,0.49,TXN_AGG_PERSON_0046_PERSON_1498
PERSON_0113,PERSON,PERSON_0445,PERSON,TRANSFERRED_MONEY,2026-04-16 21:59:28,0.05,0.49,TXN_AGG_PERSON_0113_PERSON_0445
PERSON_0770,PERSON,PERSON_1264,PERSON,TRANSFERRED_MONEY,2024-11-01 13:23:18,0.05,0.83,TXN_AGG_PERSON_0770_PERSON_1264
PERSON_0938,PERSON,PERSON_1413,PERSON,TRANSFERRED_MONEY,2025-06-07 17:43:09,0.05,0.8,TXN_AGG_PERSON_0938_PERSON_1413
PERSON_0299,PERSON,PERSON_1027,PERSON,TRANSFERRED_MONEY,2026-06-21 01:43:25,0.05,0.72,TXN_AGG_PERSON_0299_PERSON_1027
PERSON_0390,PERSON,PERSON_1047,PERSON,TRANSFERRED_MONEY,2025-09-24 08:06:08,0.05,0.82,TXN_AGG_PERSON_0390_PERSON_1047
PERSON_0597,PERSON,PERSON_0751,PERSON,TRANSFERRED_MONEY,2025-04-12 00:57:50,0.05,0.88,TXN_AGG_PERSON_0597_PERSON_0751
PERSON_0675,PERSON,PERSON_0732,PERSON,TRANSFERRED_MONEY,2024-12-17 21:19:50,0.05,0.53,TXN_AGG_PERSON_0675_PERSON_0732
PERSON_1198,PERSON,PERSON_1328,PERSON,TRANSFERRED_MONEY,2026-06-04 05:41:09,0.05,0.71,TXN_AGG_PERSON_1198_PERSON_1328
PERSON_0395,PERSON,PERSON_0659,PERSON,TRANSFERRED_MONEY,2024-06-25 08:20:37,0.05,0.71,TXN_AGG_PERSON_0395_PERSON_0659
PERSON_0004,PERSON,PERSON_0404,PERSON,TRANSFERRED_MONEY,2025-06-11 22:08:21,0.05,0.73,TXN_AGG_PERSON_0004_PERSON_0404
PERSON_0169,PERSON,PERSON_1074,PERSON,TRANSFERRED_MONEY,2024-03-03 11:22:59,0.05,0.82,TXN_AGG_PERSON_0169_PERSON_1074
PERSON_0507,PERSON,PERSON_0787,PERSON,TRANSFERRED_MONEY,2024-02-03 01:02:41,0.05,0.87,TXN_AGG_PERSON_0507_PERSON_0787
PERSON_0171,PERSON,PERSON_0779,PERSON,TRANSFERRED_MONEY,2025-11-24 12:31:15,0.05,0.74,TXN_AGG_PERSON_0171_PERSON_0779
PERSON_0014,PERSON,PERSON_1116,PERSON,TRANSFERRED_MONEY,2024-08-31 05:04:30,0.05,0.57,TXN_AGG_PERSON_0014_PERSON_1116
PERSON_0351,PERSON,PERSON_0408,PERSON,TRANSFERRED_MONEY,2025-04-27 22:26:27,0.05,0.66,TXN_AGG_PERSON_0351_PERSON_0408
PERSON_0421,PERSON,PERSON_0660,PERSON,TRANSFERRED_MONEY,2025-12-25 05:54:03,0.05,0.67,TXN_AGG_PERSON_0421_PERSON_0660
PERSON_0329,PERSON,PERSON_0681,PERSON,TRANSFERRED_MONEY,2026-01-26 01:04:22,0.05,0.82,TXN_AGG_PERSON_0329_PERSON_0681
PERSON_0341,PERSON,PERSON_0757,PERSON,TRANSFERRED_MONEY,2025-09-26 12:07:23,0.05,0.75,TXN_AGG_PERSON_0341_PERSON_0757
PERSON_0489,PERSON,PERSON_0694,PERSON,TRANSFERRED_MONEY,2026-05-13 09:06:17,0.05,0.72,TXN_AGG_PERSON_0489_PERSON_0694
PERSON_0260,PERSON,PERSON_0880,PERSON,TRANSFERRED_MONEY,2024-09-16 17:31:48,0.05,0.54,TXN_AGG_PERSON_0260_PERSON_0880
PERSON_0218,PERSON,PERSON_0607,PERSON,TRANSFERRED_MONEY,2025-10-26 22:03:55,0.05,0.78,TXN_AGG_PERSON_0218_PERSON_0607
PERSON_0336,PERSON,PERSON_0719,PERSON,TRANSFERRED_MONEY,2025-01-25 23:52:39,0.05,0.65,TXN_AGG_PERSON_0336_PERSON_0719
PERSON_0043,PERSON,PERSON_0541,PERSON,TRANSFERRED_MONEY,2025-10-06 18:25:31,0.05,0.7,TXN_AGG_PERSON_0043_PERSON_0541
PERSON_0562,PERSON,PERSON_0582,PERSON,TRANSFERRED_MONEY,2025-01-29 19:59:12,0.05,0.55,TXN_AGG_PERSON_0562_PERSON_0582
PERSON_0460,PERSON,PERSON_1406,PERSON,TRANSFERRED_MONEY,2024-11-05 19:17:52,0.05,0.74,TXN_AGG_PERSON_0460_PERSON_1406
PERSON_0524,PERSON,PERSON_1436,PERSON,TRANSFERRED_MONEY,2025-04-28 22:06:23,0.05,0.51,TXN_AGG_PERSON_0524_PERSON_1436
PERSON_0009,PERSON,PERSON_0149,PERSON,TRANSFERRED_MONEY,2024-05-18 23:38:17,0.05,0.54,TXN_AGG_PERSON_0009_PERSON_0149
PERSON_0149,PERSON,PERSON_0586,PERSON,TRANSFERRED_MONEY,2026-04-15 11:52:17,0.05,0.8,TXN_AGG_PERSON_0149_PERSON_0586
PERSON_0114,PERSON,PERSON_0880,PERSON,TRANSFERRED_MONEY,2024-06-19 10:57:28,0.05,0.9,TXN_AGG_PERSON_0114_PERSON_0880
PERSON_1203,PERSON,PERSON_1243,PERSON,TRANSFERRED_MONEY,2024-08-06 10:26:47,0.05,0.72,TXN_AGG_PERSON_1203_PERSON_1243
PERSON_0022,PERSON,PERSON_0217,PERSON,TRANSFERRED_MONEY,2024-03-22 11:34:46,0.05,0.46,TXN_AGG_PERSON_0022_PERSON_0217
PERSON_0133,PERSON,PERSON_0469,PERSON,TRANSFERRED_MONEY,2024-04-25 10:29:55,0.05,0.81,TXN_AGG_PERSON_0133_PERSON_0469
PERSON_0013,PERSON,PERSON_0571,PERSON,TRANSFERRED_MONEY,2025-02-07 01:23:45,0.1,0.59,TXN_AGG_PERSON_0013_PERSON_0571
PERSON_0448,PERSON,PERSON_0591,PERSON,TRANSFERRED_MONEY,2025-07-11 01:12:12,0.05,0.84,TXN_AGG_PERSON_0448_PERSON_0591
PERSON_0693,PERSON,PERSON_1242,PERSON,TRANSFERRED_MONEY,2025-11-28 19:21:32,0.05,0.53,TXN_AGG_PERSON_0693_PERSON_1242
PERSON_0565,PERSON,PERSON_0922,PERSON,TRANSFERRED_MONEY,2026-01-12 15:11:07,0.05,0.56,TXN_AGG_PERSON_0565_PERSON_0922
PERSON_0067,PERSON,PERSON_1288,PERSON,TRANSFERRED_MONEY,2025-11-12 07:07:57,0.05,0.85,TXN_AGG_PERSON_0067_PERSON_1288
PERSON_0022,PERSON,PERSON_0454,PERSON,TRANSFERRED_MONEY,2025-10-14 07:46:32,0.05,0.7,TXN_AGG_PERSON_0022_PERSON_0454
PERSON_0088,PERSON,PERSON_0288,PERSON,TRANSFERRED_MONEY,2025-05-05 05:53:18,0.05,0.55,TXN_AGG_PERSON_0088_PERSON_0288
PERSON_0114,PERSON,PERSON_0494,PERSON,TRANSFERRED_MONEY,2025-04-02 10:58:33,0.05,0.74,TXN_AGG_PERSON_0114_PERSON_0494
PERSON_0300,PERSON,PERSON_0607,PERSON,TRANSFERRED_MONEY,2024-03-05 23:02:19,0.05,0.59,TXN_AGG_PERSON_0300_PERSON_0607
PERSON_0285,PERSON,PERSON_1104,PERSON,TRANSFERRED_MONEY,2025-09-18 15:15:57,0.05,0.53,TXN_AGG_PERSON_0285_PERSON_1104
PERSON_0010,PERSON,PERSON_1008,PERSON,TRANSFERRED_MONEY,2025-02-24 15:55:39,0.05,0.74,TXN_AGG_PERSON_0010_PERSON_1008
PERSON_0131,PERSON,PERSON_0528,PERSON,TRANSFERRED_MONEY,2026-01-30 21:34:42,0.1,0.89,TXN_AGG_PERSON_0131_PERSON_0528
PERSON_0339,PERSON,PERSON_0948,PERSON,TRANSFERRED_MONEY,2025-11-05 00:02:20,0.05,0.65,TXN_AGG_PERSON_0339_PERSON_0948
PERSON_0112,PERSON,PERSON_0873,PERSON,TRANSFERRED_MONEY,2024-08-19 05:17:05,0.05,0.59,TXN_AGG_PERSON_0112_PERSON_0873
PERSON_0519,PERSON,PERSON_0977,PERSON,TRANSFERRED_MONEY,2024-04-10 06:23:07,0.05,0.51,TXN_AGG_PERSON_0519_PERSON_0977
PERSON_0114,PERSON,PERSON_0965,PERSON,TRANSFERRED_MONEY,2025-06-24 06:29:05,0.05,0.66,TXN_AGG_PERSON_0114_PERSON_0965
PERSON_0008,PERSON,PERSON_0306,PERSON,TRANSFERRED_MONEY,2026-03-25 23:40:36,0.05,0.48,TXN_AGG_PERSON_0008_PERSON_0306
PERSON_0854,PERSON,PERSON_1405,PERSON,TRANSFERRED_MONEY,2026-02-03 13:00:53,0.05,0.55,TXN_AGG_PERSON_0854_PERSON_1405
PERSON_0460,PERSON,PERSON_1038,PERSON,TRANSFERRED_MONEY,2025-11-06 08:06:35,0.05,0.7,TXN_AGG_PERSON_0460_PERSON_1038
PERSON_0363,PERSON,PERSON_0745,PERSON,TRANSFERRED_MONEY,2025-02-06 10:14:52,0.05,0.53,TXN_AGG_PERSON_0363_PERSON_0745
PERSON_0757,PERSON,PERSON_1459,PERSON,TRANSFERRED_MONEY,2025-12-13 04:56:40,0.05,0.71,TXN_AGG_PERSON_0757_PERSON_1459
PERSON_0948,PERSON,PERSON_1022,PERSON,TRANSFERRED_MONEY,2026-02-09 02:06:09,0.05,0.7,TXN_AGG_PERSON_0948_PERSON_1022
PERSON_0139,PERSON,PERSON_0307,PERSON,TRANSFERRED_MONEY,2025-05-31 10:07:45,0.05,0.58,TXN_AGG_PERSON_0139_PERSON_0307
PERSON_0518,PERSON,PERSON_0705,PERSON,TRANSFERRED_MONEY,2025-02-16 18:55:50,0.05,0.87,TXN_AGG_PERSON_0518_PERSON_0705
PERSON_0363,PERSON,PERSON_1261,PERSON,TRANSFERRED_MONEY,2025-06-25 12:16:59,0.05,0.6,TXN_AGG_PERSON_0363_PERSON_1261
PERSON_0360,PERSON,PERSON_1404,PERSON,TRANSFERRED_MONEY,2024-11-25 21:32:57,0.05,0.47,TXN_AGG_PERSON_0360_PERSON_1404
PERSON_0087,PERSON,PERSON_1495,PERSON,TRANSFERRED_MONEY,2025-06-11 19:11:57,0.05,0.76,TXN_AGG_PERSON_0087_PERSON_1495
PERSON_0347,PERSON,PERSON_0792,PERSON,TRANSFERRED_MONEY,2025-12-25 08:16:38,0.05,0.64,TXN_AGG_PERSON_0347_PERSON_0792
PERSON_1160,PERSON,PERSON_1331,PERSON,TRANSFERRED_MONEY,2024-12-12 17:37:51,0.05,0.61,TXN_AGG_PERSON_1160_PERSON_1331
PERSON_1140,PERSON,PERSON_1337,PERSON,TRANSFERRED_MONEY,2025-06-16 06:24:10,0.05,0.48,TXN_AGG_PERSON_1140_PERSON_1337
PERSON_0445,PERSON,PERSON_0669,PERSON,TRANSFERRED_MONEY,2025-11-26 16:45:35,0.05,0.65,TXN_AGG_PERSON_0445_PERSON_0669
PERSON_0446,PERSON,PERSON_1251,PERSON,TRANSFERRED_MONEY,2025-01-22 20:38:52,0.05,0.82,TXN_AGG_PERSON_0446_PERSON_1251
PERSON_0416,PERSON,PERSON_1369,PERSON,TRANSFERRED_MONEY,2024-01-25 02:44:14,0.05,0.57,TXN_AGG_PERSON_0416_PERSON_1369
PERSON_1026,PERSON,PERSON_1044,PERSON,TRANSFERRED_MONEY,2024-10-25 19:41:12,0.05,0.62,TXN_AGG_PERSON_1026_PERSON_1044
PERSON_0109,PERSON,PERSON_1225,PERSON,TRANSFERRED_MONEY,2026-01-10 10:50:42,0.05,0.55,TXN_AGG_PERSON_0109_PERSON_1225
PERSON_0065,PERSON,PERSON_0591,PERSON,TRANSFERRED_MONEY,2025-12-14 06:47:53,0.05,0.84,TXN_AGG_PERSON_0065_PERSON_0591
PERSON_0956,PERSON,PERSON_1169,PERSON,TRANSFERRED_MONEY,2025-07-18 16:54:05,0.05,0.46,TXN_AGG_PERSON_0956_PERSON_1169
PERSON_0514,PERSON,PERSON_0599,PERSON,TRANSFERRED_MONEY,2024-06-07 01:46:35,0.05,0.73,TXN_AGG_PERSON_0514_PERSON_0599
PERSON_0729,PERSON,PERSON_0763,PERSON,TRANSFERRED_MONEY,2024-12-15 07:07:57,0.05,0.54,TXN_AGG_PERSON_0729_PERSON_0763
PERSON_0706,PERSON,PERSON_1263,PERSON,TRANSFERRED_MONEY,2024-09-14 11:37:32,0.05,0.78,TXN_AGG_PERSON_0706_PERSON_1263
PERSON_0057,PERSON,PERSON_1436,PERSON,TRANSFERRED_MONEY,2024-09-16 17:50:25,0.05,0.54,TXN_AGG_PERSON_0057_PERSON_1436
PERSON_0841,PERSON,PERSON_1323,PERSON,TRANSFERRED_MONEY,2024-12-29 16:25:10,0.05,0.62,TXN_AGG_PERSON_0841_PERSON_1323
PERSON_0456,PERSON,PERSON_0468,PERSON,TRANSFERRED_MONEY,2025-12-05 20:36:52,0.05,0.47,TXN_AGG_PERSON_0456_PERSON_0468
PERSON_0389,PERSON,PERSON_0754,PERSON,TRANSFERRED_MONEY,2025-01-22 19:24:16,0.05,0.9,TXN_AGG_PERSON_0389_PERSON_0754
PERSON_0517,PERSON,PERSON_1175,PERSON,TRANSFERRED_MONEY,2024-02-11 16:48:58,0.05,0.69,TXN_AGG_PERSON_0517_PERSON_1175
PERSON_0383,PERSON,PERSON_1219,PERSON,TRANSFERRED_MONEY,2025-02-07 02:17:31,0.05,0.79,TXN_AGG_PERSON_0383_PERSON_1219
PERSON_0160,PERSON,PERSON_0417,PERSON,TRANSFERRED_MONEY,2025-01-11 04:05:48,0.05,0.63,TXN_AGG_PERSON_0160_PERSON_0417
PERSON_0680,PERSON,PERSON_0761,PERSON,TRANSFERRED_MONEY,2024-04-23 10:39:43,0.05,0.67,TXN_AGG_PERSON_0680_PERSON_0761
PERSON_0065,PERSON,PERSON_0315,PERSON,TRANSFERRED_MONEY,2024-09-21 05:36:21,0.05,0.75,TXN_AGG_PERSON_0065_PERSON_0315
PERSON_0285,PERSON,PERSON_0524,PERSON,TRANSFERRED_MONEY,2025-09-12 10:54:12,0.05,0.48,TXN_AGG_PERSON_0285_PERSON_0524
PERSON_1221,PERSON,PERSON_1228,PERSON,TRANSFERRED_MONEY,2024-10-14 23:23:39,0.05,0.58,TXN_AGG_PERSON_1221_PERSON_1228
PERSON_0644,PERSON,PERSON_1196,PERSON,TRANSFERRED_MONEY,2026-04-02 00:33:02,0.05,0.89,TXN_AGG_PERSON_0644_PERSON_1196
PERSON_0800,PERSON,PERSON_0952,PERSON,TRANSFERRED_MONEY,2024-12-19 02:32:58,0.05,0.7,TXN_AGG_PERSON_0800_PERSON_0952
PERSON_0069,PERSON,PERSON_0867,PERSON,TRANSFERRED_MONEY,2025-08-20 07:46:18,0.05,0.58,TXN_AGG_PERSON_0069_PERSON_0867
PERSON_0854,PERSON,PERSON_1296,PERSON,TRANSFERRED_MONEY,2024-09-01 12:23:25,0.05,0.75,TXN_AGG_PERSON_0854_PERSON_1296
PERSON_0453,PERSON,PERSON_1202,PERSON,TRANSFERRED_MONEY,2024-07-21 16:57:36,0.05,0.71,TXN_AGG_PERSON_0453_PERSON_1202
PERSON_0544,PERSON,PERSON_0721,PERSON,TRANSFERRED_MONEY,2025-01-23 15:29:17,0.05,0.47,TXN_AGG_PERSON_0544_PERSON_0721
PERSON_0105,PERSON,PERSON_0502,PERSON,TRANSFERRED_MONEY,2025-11-25 09:50:35,0.05,0.59,TXN_AGG_PERSON_0105_PERSON_0502
PERSON_0042,PERSON,PERSON_1490,PERSON,TRANSFERRED_MONEY,2025-03-22 09:45:54,0.05,0.69,TXN_AGG_PERSON_0042_PERSON_1490
PERSON_0065,PERSON,PERSON_0611,PERSON,TRANSFERRED_MONEY,2025-06-23 16:19:04,0.05,0.45,TXN_AGG_PERSON_0065_PERSON_0611
PERSON_0358,PERSON,PERSON_0650,PERSON,TRANSFERRED_MONEY,2024-05-07 22:57:28,0.05,0.57,TXN_AGG_PERSON_0358_PERSON_0650
PERSON_1303,PERSON,PERSON_1478,PERSON,TRANSFERRED_MONEY,2024-04-28 00:55:57,0.05,0.87,TXN_AGG_PERSON_1303_PERSON_1478
PERSON_0660,PERSON,PERSON_1490,PERSON,TRANSFERRED_MONEY,2026-05-06 11:11:34,0.05,0.6,TXN_AGG_PERSON_0660_PERSON_1490
PERSON_0071,PERSON,PERSON_1207,PERSON,TRANSFERRED_MONEY,2026-05-24 00:22:35,0.05,0.59,TXN_AGG_PERSON_0071_PERSON_1207
PERSON_0936,PERSON,PERSON_1201,PERSON,TRANSFERRED_MONEY,2025-03-03 04:51:38,0.05,0.74,TXN_AGG_PERSON_0936_PERSON_1201
PERSON_0751,PERSON,PERSON_1248,PERSON,TRANSFERRED_MONEY,2025-08-28 15:16:45,0.05,0.64,TXN_AGG_PERSON_0751_PERSON_1248
PERSON_0190,PERSON,PERSON_1158,PERSON,TRANSFERRED_MONEY,2024-12-25 22:52:22,0.05,0.51,TXN_AGG_PERSON_0190_PERSON_1158
PERSON_0504,PERSON,PERSON_1206,PERSON,TRANSFERRED_MONEY,2024-06-25 17:56:24,0.05,0.52,TXN_AGG_PERSON_0504_PERSON_1206
PERSON_1133,PERSON,PERSON_1243,PERSON,TRANSFERRED_MONEY,2026-04-04 23:07:03,0.05,0.54,TXN_AGG_PERSON_1133_PERSON_1243
PERSON_0089,PERSON,PERSON_1000,PERSON,TRANSFERRED_MONEY,2025-08-25 23:13:36,0.05,0.67,TXN_AGG_PERSON_0089_PERSON_1000
PERSON_0348,PERSON,PERSON_0358,PERSON,TRANSFERRED_MONEY,2024-05-15 11:38:46,0.05,0.84,TXN_AGG_PERSON_0348_PERSON_0358
PERSON_0211,PERSON,PERSON_0732,PERSON,TRANSFERRED_MONEY,2025-05-10 09:11:05,0.05,0.5,TXN_AGG_PERSON_0211_PERSON_0732
PERSON_1190,PERSON,PERSON_1413,PERSON,TRANSFERRED_MONEY,2025-04-20 18:13:41,0.05,0.47,TXN_AGG_PERSON_1190_PERSON_1413
PERSON_0727,PERSON,PERSON_0857,PERSON,TRANSFERRED_MONEY,2026-05-28 04:36:51,0.1,0.8,TXN_AGG_PERSON_0727_PERSON_0857
PERSON_0882,PERSON,PERSON_1372,PERSON,TRANSFERRED_MONEY,2025-08-13 05:57:37,0.05,0.52,TXN_AGG_PERSON_0882_PERSON_1372
PERSON_0097,PERSON,PERSON_0673,PERSON,TRANSFERRED_MONEY,2025-04-18 10:34:40,0.05,0.49,TXN_AGG_PERSON_0097_PERSON_0673
PERSON_0896,PERSON,PERSON_0931,PERSON,TRANSFERRED_MONEY,2025-01-01 20:18:31,0.05,0.56,TXN_AGG_PERSON_0896_PERSON_0931
PERSON_1106,PERSON,PERSON_1300,PERSON,TRANSFERRED_MONEY,2025-07-24 16:22:45,0.05,0.62,TXN_AGG_PERSON_1106_PERSON_1300
PERSON_0676,PERSON,PERSON_0692,PERSON,TRANSFERRED_MONEY,2025-09-18 09:22:10,0.05,0.75,TXN_AGG_PERSON_0676_PERSON_0692
PERSON_0264,PERSON,PERSON_0405,PERSON,TRANSFERRED_MONEY,2025-09-05 06:12:46,0.05,0.56,TXN_AGG_PERSON_0264_PERSON_0405
PERSON_0031,PERSON,PERSON_0587,PERSON,TRANSFERRED_MONEY,2024-04-27 16:19:33,0.05,0.72,TXN_AGG_PERSON_0031_PERSON_0587
PERSON_0340,PERSON,PERSON_0661,PERSON,TRANSFERRED_MONEY,2024-06-13 15:53:30,0.05,0.51,TXN_AGG_PERSON_0340_PERSON_0661
PERSON_0200,PERSON,PERSON_0427,PERSON,TRANSFERRED_MONEY,2024-08-08 22:00:56,0.05,0.81,TXN_AGG_PERSON_0200_PERSON_0427
PERSON_0071,PERSON,PERSON_1183,PERSON,TRANSFERRED_MONEY,2024-01-03 15:51:08,0.05,0.65,TXN_AGG_PERSON_0071_PERSON_1183
PERSON_0210,PERSON,PERSON_0841,PERSON,TRANSFERRED_MONEY,2026-03-23 10:23:48,0.05,0.69,TXN_AGG_PERSON_0210_PERSON_0841
PERSON_0699,PERSON,PERSON_0839,PERSON,TRANSFERRED_MONEY,2026-05-24 19:10:02,0.05,0.71,TXN_AGG_PERSON_0699_PERSON_0839
PERSON_1219,PERSON,PERSON_1479,PERSON,TRANSFERRED_MONEY,2024-11-15 00:24:19,0.05,0.84,TXN_AGG_PERSON_1219_PERSON_1479
PERSON_0442,PERSON,PERSON_0971,PERSON,TRANSFERRED_MONEY,2024-05-22 18:19:45,0.05,0.7,TXN_AGG_PERSON_0442_PERSON_0971
PERSON_0539,PERSON,PERSON_0665,PERSON,TRANSFERRED_MONEY,2025-04-26 07:59:39,0.05,0.87,TXN_AGG_PERSON_0539_PERSON_0665
PERSON_0785,PERSON,PERSON_1337,PERSON,TRANSFERRED_MONEY,2025-02-22 13:43:56,0.05,0.5,TXN_AGG_PERSON_0785_PERSON_1337
PERSON_0068,PERSON,PERSON_1166,PERSON,TRANSFERRED_MONEY,2025-05-27 14:59:03,0.05,0.55,TXN_AGG_PERSON_0068_PERSON_1166
PERSON_0701,PERSON,PERSON_1227,PERSON,TRANSFERRED_MONEY,2026-01-26 03:17:28,0.05,0.56,TXN_AGG_PERSON_0701_PERSON_1227
PERSON_0020,PERSON,PERSON_0937,PERSON,TRANSFERRED_MONEY,2026-04-04 11:55:32,0.1,0.85,TXN_AGG_PERSON_0020_PERSON_0937
PERSON_0469,PERSON,PERSON_0595,PERSON,TRANSFERRED_MONEY,2025-01-17 06:58:05,0.05,0.61,TXN_AGG_PERSON_0469_PERSON_0595
PERSON_0290,PERSON,PERSON_0558,PERSON,TRANSFERRED_MONEY,2025-02-28 18:20:18,0.05,0.76,TXN_AGG_PERSON_0290_PERSON_0558
PERSON_0432,PERSON,PERSON_1334,PERSON,TRANSFERRED_MONEY,2026-05-08 10:38:05,0.05,0.72,TXN_AGG_PERSON_0432_PERSON_1334
PERSON_0573,PERSON,PERSON_1352,PERSON,TRANSFERRED_MONEY,2024-02-17 21:31:53,0.05,0.83,TXN_AGG_PERSON_0573_PERSON_1352
PERSON_0716,PERSON,PERSON_1142,PERSON,TRANSFERRED_MONEY,2025-02-15 16:49:38,0.05,0.75,TXN_AGG_PERSON_0716_PERSON_1142
PERSON_0281,PERSON,PERSON_0894,PERSON,TRANSFERRED_MONEY,2024-09-12 11:16:00,0.05,0.86,TXN_AGG_PERSON_0281_PERSON_0894
PERSON_0883,PERSON,PERSON_1424,PERSON,TRANSFERRED_MONEY,2024-05-29 02:41:16,0.05,0.77,TXN_AGG_PERSON_0883_PERSON_1424
PERSON_0737,PERSON,PERSON_1313,PERSON,TRANSFERRED_MONEY,2024-06-13 08:12:39,0.05,0.59,TXN_AGG_PERSON_0737_PERSON_1313
PERSON_0141,PERSON,PERSON_1007,PERSON,TRANSFERRED_MONEY,2026-04-10 05:57:59,0.05,0.86,TXN_AGG_PERSON_0141_PERSON_1007
PERSON_0908,PERSON,PERSON_1273,PERSON,TRANSFERRED_MONEY,2025-11-13 06:21:34,0.05,0.69,TXN_AGG_PERSON_0908_PERSON_1273
PERSON_0046,PERSON,PERSON_0214,PERSON,TRANSFERRED_MONEY,2025-08-04 03:26:43,0.05,0.48,TXN_AGG_PERSON_0046_PERSON_0214
PERSON_0982,PERSON,PERSON_1281,PERSON,TRANSFERRED_MONEY,2025-09-29 21:31:36,0.05,0.5,TXN_AGG_PERSON_0982_PERSON_1281
PERSON_0065,PERSON,PERSON_0285,PERSON,TRANSFERRED_MONEY,2025-07-24 22:34:38,0.05,0.6,TXN_AGG_PERSON_0065_PERSON_0285
PERSON_0200,PERSON,PERSON_1363,PERSON,TRANSFERRED_MONEY,2024-08-25 23:16:06,0.05,0.57,TXN_AGG_PERSON_0200_PERSON_1363
PERSON_0345,PERSON,PERSON_1217,PERSON,TRANSFERRED_MONEY,2025-09-02 00:33:21,0.05,0.67,TXN_AGG_PERSON_0345_PERSON_1217
PERSON_0661,PERSON,PERSON_0986,PERSON,TRANSFERRED_MONEY,2024-09-24 05:03:25,0.05,0.62,TXN_AGG_PERSON_0661_PERSON_0986
PERSON_0709,PERSON,PERSON_0749,PERSON,TRANSFERRED_MONEY,2024-02-07 02:54:57,0.05,0.87,TXN_AGG_PERSON_0709_PERSON_0749
PERSON_0110,PERSON,PERSON_1345,PERSON,TRANSFERRED_MONEY,2024-07-03 18:58:15,0.05,0.59,TXN_AGG_PERSON_0110_PERSON_1345
PERSON_0539,PERSON,PERSON_1363,PERSON,TRANSFERRED_MONEY,2026-03-15 07:43:41,0.05,0.55,TXN_AGG_PERSON_0539_PERSON_1363
PERSON_1127,PERSON,PERSON_1213,PERSON,TRANSFERRED_MONEY,2025-08-10 19:50:37,0.05,0.7,TXN_AGG_PERSON_1127_PERSON_1213
PERSON_0809,PERSON,PERSON_1140,PERSON,TRANSFERRED_MONEY,2024-12-02 15:57:18,0.05,0.86,TXN_AGG_PERSON_0809_PERSON_1140
PERSON_0785,PERSON,PERSON_0876,PERSON,TRANSFERRED_MONEY,2024-06-04 04:01:41,0.05,0.87,TXN_AGG_PERSON_0785_PERSON_0876
PERSON_0693,PERSON,PERSON_1448,PERSON,TRANSFERRED_MONEY,2024-03-12 07:32:26,0.05,0.48,TXN_AGG_PERSON_0693_PERSON_1448
PERSON_0411,PERSON,PERSON_1229,PERSON,TRANSFERRED_MONEY,2024-03-02 22:45:09,0.05,0.61,TXN_AGG_PERSON_0411_PERSON_1229
PERSON_0107,PERSON,PERSON_0651,PERSON,TRANSFERRED_MONEY,2025-11-08 09:34:27,0.05,0.85,TXN_AGG_PERSON_0107_PERSON_0651
PERSON_0044,PERSON,PERSON_1129,PERSON,TRANSFERRED_MONEY,2024-09-03 19:46:42,0.05,0.77,TXN_AGG_PERSON_0044_PERSON_1129
PERSON_1128,PERSON,PERSON_1352,PERSON,TRANSFERRED_MONEY,2025-04-29 11:22:49,0.05,0.5,TXN_AGG_PERSON_1128_PERSON_1352
PERSON_0253,PERSON,PERSON_1078,PERSON,TRANSFERRED_MONEY,2024-10-25 22:41:36,0.05,0.73,TXN_AGG_PERSON_0253_PERSON_1078
PERSON_0197,PERSON,PERSON_1140,PERSON,TRANSFERRED_MONEY,2024-10-04 09:16:57,0.05,0.86,TXN_AGG_PERSON_0197_PERSON_1140
PERSON_0748,PERSON,PERSON_0839,PERSON,TRANSFERRED_MONEY,2025-05-24 18:42:08,0.05,0.49,TXN_AGG_PERSON_0748_PERSON_0839
PERSON_0799,PERSON,PERSON_0886,PERSON,TRANSFERRED_MONEY,2025-01-03 00:17:53,0.05,0.64,TXN_AGG_PERSON_0799_PERSON_0886
PERSON_0152,PERSON,PERSON_1440,PERSON,TRANSFERRED_MONEY,2025-05-09 12:09:38,0.05,0.49,TXN_AGG_PERSON_0152_PERSON_1440
PERSON_0971,PERSON,PERSON_1105,PERSON,TRANSFERRED_MONEY,2025-10-26 07:53:43,0.05,0.75,TXN_AGG_PERSON_0971_PERSON_1105
PERSON_0755,PERSON,PERSON_1206,PERSON,TRANSFERRED_MONEY,2024-12-31 22:08:15,0.05,0.64,TXN_AGG_PERSON_0755_PERSON_1206
PERSON_0631,PERSON,PERSON_0976,PERSON,TRANSFERRED_MONEY,2026-04-22 17:12:37,0.05,0.57,TXN_AGG_PERSON_0631_PERSON_0976
PERSON_0962,PERSON,PERSON_1104,PERSON,TRANSFERRED_MONEY,2024-12-18 05:54:56,0.05,0.88,TXN_AGG_PERSON_0962_PERSON_1104
PERSON_0139,PERSON,PERSON_0417,PERSON,TRANSFERRED_MONEY,2024-05-04 20:48:23,0.05,0.84,TXN_AGG_PERSON_0139_PERSON_0417
PERSON_0431,PERSON,PERSON_1077,PERSON,TRANSFERRED_MONEY,2024-08-17 03:21:44,0.05,0.68,TXN_AGG_PERSON_0431_PERSON_1077
PERSON_0620,PERSON,PERSON_0780,PERSON,TRANSFERRED_MONEY,2025-04-10 06:40:55,0.05,0.7,TXN_AGG_PERSON_0620_PERSON_0780
PERSON_0221,PERSON,PERSON_0238,PERSON,TRANSFERRED_MONEY,2025-12-10 10:24:34,0.05,0.62,TXN_AGG_PERSON_0221_PERSON_0238
PERSON_0225,PERSON,PERSON_1050,PERSON,TRANSFERRED_MONEY,2024-03-28 19:20:17,0.05,0.75,TXN_AGG_PERSON_0225_PERSON_1050
PERSON_0233,PERSON,PERSON_1071,PERSON,TRANSFERRED_MONEY,2025-03-03 23:00:12,0.05,0.66,TXN_AGG_PERSON_0233_PERSON_1071
PERSON_0597,PERSON,PERSON_0772,PERSON,TRANSFERRED_MONEY,2026-05-31 06:13:26,0.05,0.89,TXN_AGG_PERSON_0597_PERSON_0772
PERSON_0375,PERSON,PERSON_1217,PERSON,TRANSFERRED_MONEY,2024-05-04 13:09:25,0.05,0.75,TXN_AGG_PERSON_0375_PERSON_1217
PERSON_0755,PERSON,PERSON_0814,PERSON,TRANSFERRED_MONEY,2024-07-12 07:40:51,0.05,0.59,TXN_AGG_PERSON_0755_PERSON_0814
PERSON_1140,PERSON,PERSON_1443,PERSON,TRANSFERRED_MONEY,2025-12-27 10:44:02,0.05,0.72,TXN_AGG_PERSON_1140_PERSON_1443
PERSON_0221,PERSON,PERSON_0551,PERSON,TRANSFERRED_MONEY,2024-02-19 17:09:25,0.05,0.86,TXN_AGG_PERSON_0221_PERSON_0551
PERSON_0621,PERSON,PERSON_1228,PERSON,TRANSFERRED_MONEY,2025-01-29 14:11:49,0.05,0.77,TXN_AGG_PERSON_0621_PERSON_1228
PERSON_1307,PERSON,PERSON_1331,PERSON,TRANSFERRED_MONEY,2025-06-05 01:42:53,0.05,0.83,TXN_AGG_PERSON_1307_PERSON_1331
PERSON_0558,PERSON,PERSON_0621,PERSON,TRANSFERRED_MONEY,2025-06-24 12:48:35,0.05,0.47,TXN_AGG_PERSON_0558_PERSON_0621
PERSON_0599,PERSON,PERSON_0733,PERSON,TRANSFERRED_MONEY,2024-12-06 14:37:59,0.05,0.52,TXN_AGG_PERSON_0599_PERSON_0733
PERSON_0652,PERSON,PERSON_0948,PERSON,TRANSFERRED_MONEY,2024-11-14 11:08:50,0.05,0.53,TXN_AGG_PERSON_0652_PERSON_0948
PERSON_0174,PERSON,PERSON_1179,PERSON,TRANSFERRED_MONEY,2025-02-09 17:51:00,0.05,0.71,TXN_AGG_PERSON_0174_PERSON_1179
PERSON_0899,PERSON,PERSON_1231,PERSON,TRANSFERRED_MONEY,2026-06-21 12:59:56,0.05,0.59,TXN_AGG_PERSON_0899_PERSON_1231
PERSON_0663,PERSON,PERSON_0900,PERSON,TRANSFERRED_MONEY,2024-03-25 02:28:49,0.05,0.69,TXN_AGG_PERSON_0663_PERSON_0900
PERSON_0238,PERSON,PERSON_0243,PERSON,TRANSFERRED_MONEY,2024-03-15 02:47:53,0.05,0.62,TXN_AGG_PERSON_0238_PERSON_0243
PERSON_0713,PERSON,PERSON_1009,PERSON,TRANSFERRED_MONEY,2026-02-15 16:39:30,0.05,0.8,TXN_AGG_PERSON_0713_PERSON_1009
PERSON_0716,PERSON,PERSON_1331,PERSON,TRANSFERRED_MONEY,2026-03-18 15:02:14,0.05,0.65,TXN_AGG_PERSON_0716_PERSON_1331
PERSON_0854,PERSON,PERSON_1469,PERSON,TRANSFERRED_MONEY,2026-05-14 23:45:21,0.05,0.54,TXN_AGG_PERSON_0854_PERSON_1469
PERSON_0701,PERSON,PERSON_1026,PERSON,TRANSFERRED_MONEY,2026-05-10 14:46:55,0.05,0.6,TXN_AGG_PERSON_0701_PERSON_1026
PERSON_0311,PERSON,PERSON_0490,PERSON,TRANSFERRED_MONEY,2025-05-01 18:01:46,0.05,0.85,TXN_AGG_PERSON_0311_PERSON_0490
PERSON_0253,PERSON,PERSON_0644,PERSON,TRANSFERRED_MONEY,2024-08-21 00:54:44,0.05,0.84,TXN_AGG_PERSON_0253_PERSON_0644
PERSON_0671,PERSON,PERSON_0914,PERSON,TRANSFERRED_MONEY,2025-10-20 15:22:24,0.05,0.76,TXN_AGG_PERSON_0671_PERSON_0914
PERSON_0349,PERSON,PERSON_1238,PERSON,TRANSFERRED_MONEY,2025-11-16 21:10:20,0.05,0.71,TXN_AGG_PERSON_0349_PERSON_1238
PERSON_0436,PERSON,PERSON_0570,PERSON,TRANSFERRED_MONEY,2024-10-21 16:27:58,0.05,0.75,TXN_AGG_PERSON_0436_PERSON_0570
PERSON_0719,PERSON,PERSON_0796,PERSON,TRANSFERRED_MONEY,2025-07-20 03:31:36,0.05,0.77,TXN_AGG_PERSON_0719_PERSON_0796
PERSON_0319,PERSON,PERSON_1050,PERSON,TRANSFERRED_MONEY,2025-05-02 08:58:05,0.05,0.54,TXN_AGG_PERSON_0319_PERSON_1050
PERSON_0532,PERSON,PERSON_1318,PERSON,TRANSFERRED_MONEY,2025-03-22 22:46:51,0.05,0.45,TXN_AGG_PERSON_0532_PERSON_1318
PERSON_1024,PERSON,PERSON_1251,PERSON,TRANSFERRED_MONEY,2025-02-22 23:18:08,0.05,0.55,TXN_AGG_PERSON_1024_PERSON_1251
PERSON_0534,PERSON,PERSON_0611,PERSON,TRANSFERRED_MONEY,2024-02-26 17:07:57,0.05,0.64,TXN_AGG_PERSON_0534_PERSON_0611
PERSON_0052,PERSON,PERSON_1040,PERSON,TRANSFERRED_MONEY,2025-06-19 02:51:18,0.05,0.9,TXN_AGG_PERSON_0052_PERSON_1040
PERSON_0126,PERSON,PERSON_0557,PERSON,TRANSFERRED_MONEY,2024-03-01 09:40:02,0.05,0.81,TXN_AGG_PERSON_0126_PERSON_0557
PERSON_1064,PERSON,PERSON_1245,PERSON,TRANSFERRED_MONEY,2024-06-28 16:58:41,0.05,0.89,TXN_AGG_PERSON_1064_PERSON_1245
PERSON_0810,PERSON,PERSON_1026,PERSON,TRANSFERRED_MONEY,2024-08-16 22:36:04,0.05,0.64,TXN_AGG_PERSON_0810_PERSON_1026
PERSON_0766,PERSON,PERSON_0787,PERSON,TRANSFERRED_MONEY,2025-08-20 18:15:07,0.05,0.48,TXN_AGG_PERSON_0766_PERSON_0787
PERSON_0081,PERSON,PERSON_0851,PERSON,TRANSFERRED_MONEY,2026-05-04 07:51:41,0.05,0.79,TXN_AGG_PERSON_0081_PERSON_0851
PERSON_0315,PERSON,PERSON_1243,PERSON,TRANSFERRED_MONEY,2026-03-02 07:23:34,0.05,0.6,TXN_AGG_PERSON_0315_PERSON_1243
PERSON_0594,PERSON,PERSON_1068,PERSON,TRANSFERRED_MONEY,2025-02-16 11:53:08,0.05,0.89,TXN_AGG_PERSON_0594_PERSON_1068
PERSON_0320,PERSON,PERSON_1238,PERSON,TRANSFERRED_MONEY,2024-02-02 11:30:52,0.05,0.81,TXN_AGG_PERSON_0320_PERSON_1238
PERSON_0081,PERSON,PERSON_0864,PERSON,TRANSFERRED_MONEY,2026-02-18 14:19:42,0.05,0.6,TXN_AGG_PERSON_0081_PERSON_0864
PERSON_0211,PERSON,PERSON_0404,PERSON,TRANSFERRED_MONEY,2024-07-30 09:36:45,0.05,0.49,TXN_AGG_PERSON_0211_PERSON_0404
PERSON_0666,PERSON,PERSON_1496,PERSON,TRANSFERRED_MONEY,2025-03-10 16:50:48,0.05,0.74,TXN_AGG_PERSON_0666_PERSON_1496
PERSON_0105,PERSON,PERSON_1317,PERSON,TRANSFERRED_MONEY,2026-06-25 08:24:43,0.05,0.85,TXN_AGG_PERSON_0105_PERSON_1317
PERSON_0386,PERSON,PERSON_0705,PERSON,TRANSFERRED_MONEY,2025-08-25 12:40:40,0.05,0.77,TXN_AGG_PERSON_0386_PERSON_0705
PERSON_0141,PERSON,PERSON_0195,PERSON,TRANSFERRED_MONEY,2026-05-27 12:05:49,0.05,0.72,TXN_AGG_PERSON_0141_PERSON_0195
PERSON_1380,PERSON,PERSON_1485,PERSON,TRANSFERRED_MONEY,2026-01-16 13:05:01,0.05,0.62,TXN_AGG_PERSON_1380_PERSON_1485
PERSON_0877,PERSON,PERSON_1233,PERSON,TRANSFERRED_MONEY,2024-11-12 08:10:04,0.05,0.86,TXN_AGG_PERSON_0877_PERSON_1233
PERSON_0333,PERSON,PERSON_1468,PERSON,TRANSFERRED_MONEY,2024-06-29 21:15:38,0.05,0.89,TXN_AGG_PERSON_0333_PERSON_1468
PERSON_0660,PERSON,PERSON_1300,PERSON,TRANSFERRED_MONEY,2024-08-10 10:20:28,0.05,0.55,TXN_AGG_PERSON_0660_PERSON_1300
PERSON_0696,PERSON,PERSON_1114,PERSON,TRANSFERRED_MONEY,2026-03-04 06:46:15,0.05,0.86,TXN_AGG_PERSON_0696_PERSON_1114
PERSON_0692,PERSON,PERSON_1290,PERSON,TRANSFERRED_MONEY,2024-01-23 19:09:27,0.05,0.7,TXN_AGG_PERSON_0692_PERSON_1290
PERSON_0466,PERSON,PERSON_0545,PERSON,TRANSFERRED_MONEY,2024-06-16 23:32:21,0.05,0.82,TXN_AGG_PERSON_0466_PERSON_0545
PERSON_1096,PERSON,PERSON_1209,PERSON,TRANSFERRED_MONEY,2025-09-10 19:46:56,0.05,0.6,TXN_AGG_PERSON_1096_PERSON_1209
PERSON_0675,PERSON,PERSON_1122,PERSON,TRANSFERRED_MONEY,2025-06-13 08:26:42,0.05,0.82,TXN_AGG_PERSON_0675_PERSON_1122
PERSON_0436,PERSON,PERSON_0903,PERSON,TRANSFERRED_MONEY,2026-01-15 16:00:45,0.05,0.81,TXN_AGG_PERSON_0436_PERSON_0903
PERSON_1201,PERSON,PERSON_1331,PERSON,TRANSFERRED_MONEY,2025-11-06 20:40:24,0.05,0.53,TXN_AGG_PERSON_1201_PERSON_1331
PERSON_0544,PERSON,PERSON_1022,PERSON,TRANSFERRED_MONEY,2025-12-25 09:15:34,0.05,0.47,TXN_AGG_PERSON_0544_PERSON_1022
PERSON_0474,PERSON,PERSON_1336,PERSON,TRANSFERRED_MONEY,2025-01-02 17:03:09,0.05,0.75,TXN_AGG_PERSON_0474_PERSON_1336
PERSON_0551,PERSON,PERSON_0798,PERSON,TRANSFERRED_MONEY,2024-06-07 17:01:03,0.05,0.71,TXN_AGG_PERSON_0551_PERSON_0798
PERSON_0311,PERSON,PERSON_1482,PERSON,TRANSFERRED_MONEY,2024-05-19 17:52:12,0.05,0.52,TXN_AGG_PERSON_0311_PERSON_1482
PERSON_0427,PERSON,PERSON_1496,PERSON,TRANSFERRED_MONEY,2025-10-22 16:32:26,0.05,0.83,TXN_AGG_PERSON_0427_PERSON_1496
PERSON_0889,PERSON,PERSON_1012,PERSON,TRANSFERRED_MONEY,2026-06-05 11:04:30,0.05,0.49,TXN_AGG_PERSON_0889_PERSON_1012
PERSON_0345,PERSON,PERSON_1206,PERSON,TRANSFERRED_MONEY,2024-05-18 08:28:36,0.05,0.89,TXN_AGG_PERSON_0345_PERSON_1206
PERSON_0005,PERSON,PERSON_0348,PERSON,TRANSFERRED_MONEY,2024-06-16 02:58:00,0.05,0.89,TXN_AGG_PERSON_0005_PERSON_0348
PERSON_0676,PERSON,PERSON_0863,PERSON,TRANSFERRED_MONEY,2026-01-08 14:38:51,0.05,0.77,TXN_AGG_PERSON_0676_PERSON_0863
PERSON_0524,PERSON,PERSON_0547,PERSON,TRANSFERRED_MONEY,2025-02-14 15:24:24,0.05,0.87,TXN_AGG_PERSON_0524_PERSON_0547
PERSON_0025,PERSON,PERSON_0705,PERSON,TRANSFERRED_MONEY,2026-01-26 17:50:38,0.05,0.62,TXN_AGG_PERSON_0025_PERSON_0705
PERSON_0950,PERSON,PERSON_1479,PERSON,TRANSFERRED_MONEY,2024-02-22 02:25:11,0.05,0.84,TXN_AGG_PERSON_0950_PERSON_1479
PERSON_0201,PERSON,PERSON_1042,PERSON,TRANSFERRED_MONEY,2024-09-15 20:32:43,0.05,0.86,TXN_AGG_PERSON_0201_PERSON_1042
PERSON_0089,PERSON,PERSON_1264,PERSON,TRANSFERRED_MONEY,2025-05-20 22:51:58,0.05,0.58,TXN_AGG_PERSON_0089_PERSON_1264
PERSON_0622,PERSON,PERSON_0769,PERSON,TRANSFERRED_MONEY,2024-08-22 15:25:43,0.05,0.6,TXN_AGG_PERSON_0622_PERSON_0769
PERSON_0124,PERSON,PERSON_1482,PERSON,TRANSFERRED_MONEY,2025-03-14 09:22:19,0.05,0.6,TXN_AGG_PERSON_0124_PERSON_1482
PERSON_0007,PERSON,PERSON_0451,PERSON,TRANSFERRED_MONEY,2026-06-04 06:28:35,0.05,0.67,TXN_AGG_PERSON_0007_PERSON_0451
PERSON_0881,PERSON,PERSON_1146,PERSON,TRANSFERRED_MONEY,2025-06-14 11:04:49,0.05,0.68,TXN_AGG_PERSON_0881_PERSON_1146
PERSON_0153,PERSON,PERSON_0319,PERSON,TRANSFERRED_MONEY,2024-12-01 18:21:13,0.05,0.64,TXN_AGG_PERSON_0153_PERSON_0319
PERSON_0064,PERSON,PERSON_1159,PERSON,TRANSFERRED_MONEY,2024-06-09 05:47:36,0.05,0.86,TXN_AGG_PERSON_0064_PERSON_1159
PERSON_0579,PERSON,PERSON_1151,PERSON,TRANSFERRED_MONEY,2025-10-07 06:53:07,0.05,0.84,TXN_AGG_PERSON_0579_PERSON_1151
PERSON_1318,PERSON,PERSON_1499,PERSON,TRANSFERRED_MONEY,2025-01-23 00:46:59,0.05,0.79,TXN_AGG_PERSON_1318_PERSON_1499
PERSON_0904,PERSON,PERSON_0950,PERSON,TRANSFERRED_MONEY,2026-03-17 11:43:09,0.05,0.83,TXN_AGG_PERSON_0904_PERSON_0950
PERSON_0839,PERSON,PERSON_1107,PERSON,TRANSFERRED_MONEY,2024-09-16 12:36:31,0.05,0.67,TXN_AGG_PERSON_0839_PERSON_1107
PERSON_0650,PERSON,PERSON_1331,PERSON,TRANSFERRED_MONEY,2026-04-16 08:40:09,0.05,0.54,TXN_AGG_PERSON_0650_PERSON_1331
PERSON_0167,PERSON,PERSON_0758,PERSON,TRANSFERRED_MONEY,2025-08-18 21:37:01,0.05,0.49,TXN_AGG_PERSON_0167_PERSON_0758
PERSON_1029,PERSON,PERSON_1127,PERSON,TRANSFERRED_MONEY,2026-01-03 00:58:57,0.1,0.73,TXN_AGG_PERSON_1029_PERSON_1127
PERSON_0809,PERSON,PERSON_1209,PERSON,TRANSFERRED_MONEY,2024-08-31 03:22:36,0.05,0.7,TXN_AGG_PERSON_0809_PERSON_1209
PERSON_0347,PERSON,PERSON_0465,PERSON,TRANSFERRED_MONEY,2024-02-18 22:35:26,0.05,0.77,TXN_AGG_PERSON_0347_PERSON_0465
PERSON_0634,PERSON,PERSON_0909,PERSON,TRANSFERRED_MONEY,2025-08-06 00:49:20,0.05,0.88,TXN_AGG_PERSON_0634_PERSON_0909
PERSON_1248,PERSON,PERSON_1396,PERSON,TRANSFERRED_MONEY,2025-03-06 23:19:32,0.05,0.47,TXN_AGG_PERSON_1248_PERSON_1396
PERSON_0535,PERSON,PERSON_1003,PERSON,TRANSFERRED_MONEY,2026-01-02 08:50:50,0.05,0.55,TXN_AGG_PERSON_0535_PERSON_1003
PERSON_0452,PERSON,PERSON_1105,PERSON,TRANSFERRED_MONEY,2024-05-14 13:28:10,0.05,0.45,TXN_AGG_PERSON_0452_PERSON_1105
PERSON_0551,PERSON,PERSON_1152,PERSON,TRANSFERRED_MONEY,2026-02-18 16:43:30,0.05,0.52,TXN_AGG_PERSON_0551_PERSON_1152
PERSON_0692,PERSON,PERSON_1303,PERSON,TRANSFERRED_MONEY,2025-12-14 22:12:12,0.05,0.49,TXN_AGG_PERSON_0692_PERSON_1303
PERSON_0945,PERSON,PERSON_1048,PERSON,TRANSFERRED_MONEY,2025-06-22 23:52:45,0.05,0.7,TXN_AGG_PERSON_0945_PERSON_1048
PERSON_0320,PERSON,PERSON_0796,PERSON,TRANSFERRED_MONEY,2025-02-28 01:22:04,0.05,0.68,TXN_AGG_PERSON_0320_PERSON_0796
PERSON_1178,PERSON,PERSON_1459,PERSON,TRANSFERRED_MONEY,2026-03-15 17:55:23,0.05,0.45,TXN_AGG_PERSON_1178_PERSON_1459
PERSON_0109,PERSON,PERSON_0965,PERSON,TRANSFERRED_MONEY,2024-05-25 01:13:28,0.05,0.49,TXN_AGG_PERSON_0109_PERSON_0965
PERSON_0486,PERSON,PERSON_0851,PERSON,TRANSFERRED_MONEY,2025-10-22 09:03:43,0.05,0.77,TXN_AGG_PERSON_0486_PERSON_0851
PERSON_0974,PERSON,PERSON_1133,PERSON,TRANSFERRED_MONEY,2025-06-27 10:04:23,0.05,0.81,TXN_AGG_PERSON_0974_PERSON_1133
PERSON_0455,PERSON,PERSON_0509,PERSON,TRANSFERRED_MONEY,2024-07-24 01:46:23,0.05,0.54,TXN_AGG_PERSON_0455_PERSON_0509
PERSON_0250,PERSON,PERSON_0961,PERSON,TRANSFERRED_MONEY,2025-07-21 12:50:42,0.05,0.72,TXN_AGG_PERSON_0250_PERSON_0961
PERSON_0748,PERSON,PERSON_0790,PERSON,TRANSFERRED_MONEY,2025-09-27 14:25:47,0.05,0.48,TXN_AGG_PERSON_0748_PERSON_0790
PERSON_0900,PERSON,PERSON_1105,PERSON,TRANSFERRED_MONEY,2024-11-25 04:56:12,0.05,0.64,TXN_AGG_PERSON_0900_PERSON_1105
PERSON_1046,PERSON,PERSON_1104,PERSON,TRANSFERRED_MONEY,2025-03-09 13:40:32,0.05,0.46,TXN_AGG_PERSON_1046_PERSON_1104
PERSON_0083,PERSON,PERSON_0528,PERSON,TRANSFERRED_MONEY,2026-02-11 02:29:54,0.1,0.76,TXN_AGG_PERSON_0083_PERSON_0528
PERSON_0141,PERSON,PERSON_0945,PERSON,TRANSFERRED_MONEY,2025-11-24 17:04:00,0.05,0.53,TXN_AGG_PERSON_0141_PERSON_0945
PERSON_0049,PERSON,PERSON_0328,PERSON,TRANSFERRED_MONEY,2024-08-05 13:07:24,0.05,0.66,TXN_AGG_PERSON_0049_PERSON_0328
PERSON_0271,PERSON,PERSON_0410,PERSON,TRANSFERRED_MONEY,2024-03-12 10:34:50,0.05,0.67,TXN_AGG_PERSON_0271_PERSON_0410
PERSON_0899,PERSON,PERSON_0900,PERSON,TRANSFERRED_MONEY,2026-04-19 02:17:27,0.05,0.62,TXN_AGG_PERSON_0899_PERSON_0900
PERSON_0594,PERSON,PERSON_0817,PERSON,TRANSFERRED_MONEY,2024-09-28 22:50:39,0.05,0.59,TXN_AGG_PERSON_0594_PERSON_0817
PERSON_0903,PERSON,PERSON_1356,PERSON,TRANSFERRED_MONEY,2025-04-05 08:38:09,0.05,0.79,TXN_AGG_PERSON_0903_PERSON_1356
PERSON_0253,PERSON,PERSON_1402,PERSON,TRANSFERRED_MONEY,2025-03-07 00:23:32,0.05,0.69,TXN_AGG_PERSON_0253_PERSON_1402
PERSON_0281,PERSON,PERSON_0352,PERSON,TRANSFERRED_MONEY,2025-03-26 15:16:24,0.05,0.72,TXN_AGG_PERSON_0281_PERSON_0352
PERSON_0041,PERSON,PERSON_0914,PERSON,TRANSFERRED_MONEY,2025-10-13 02:41:30,0.05,0.88,TXN_AGG_PERSON_0041_PERSON_0914
PERSON_0755,PERSON,PERSON_1500,PERSON,TRANSFERRED_MONEY,2024-05-15 11:07:09,0.05,0.68,TXN_AGG_PERSON_0755_PERSON_1500
PERSON_0113,PERSON,PERSON_0665,PERSON,TRANSFERRED_MONEY,2026-06-14 14:08:23,0.05,0.84,TXN_AGG_PERSON_0113_PERSON_0665
PERSON_0298,PERSON,PERSON_0675,PERSON,TRANSFERRED_MONEY,2025-04-30 14:37:35,0.05,0.6,TXN_AGG_PERSON_0298_PERSON_0675
PERSON_0504,PERSON,PERSON_1495,PERSON,TRANSFERRED_MONEY,2025-07-05 14:31:26,0.05,0.61,TXN_AGG_PERSON_0504_PERSON_1495
PERSON_0965,PERSON,PERSON_1307,PERSON,TRANSFERRED_MONEY,2024-01-01 09:30:50,0.05,0.66,TXN_AGG_PERSON_0965_PERSON_1307
PERSON_0061,PERSON,PERSON_0076,PERSON,TRANSFERRED_MONEY,2024-06-18 19:00:01,0.05,0.79,TXN_AGG_PERSON_0061_PERSON_0076
PERSON_0271,PERSON,PERSON_0682,PERSON,TRANSFERRED_MONEY,2024-12-21 19:46:24,0.05,0.77,TXN_AGG_PERSON_0271_PERSON_0682
PERSON_1072,PERSON,PERSON_1459,PERSON,TRANSFERRED_MONEY,2024-05-28 21:01:29,0.05,0.7,TXN_AGG_PERSON_1072_PERSON_1459
PERSON_0962,PERSON,PERSON_1288,PERSON,TRANSFERRED_MONEY,2026-01-08 13:04:17,0.05,0.63,TXN_AGG_PERSON_0962_PERSON_1288
PERSON_0562,PERSON,PERSON_0975,PERSON,TRANSFERRED_MONEY,2024-08-12 11:43:40,0.05,0.5,TXN_AGG_PERSON_0562_PERSON_0975
PERSON_1002,PERSON,PERSON_1443,PERSON,TRANSFERRED_MONEY,2024-09-05 21:05:11,0.05,0.76,TXN_AGG_PERSON_1002_PERSON_1443
PERSON_0135,PERSON,PERSON_1056,PERSON,TRANSFERRED_MONEY,2024-02-01 10:35:49,0.05,0.53,TXN_AGG_PERSON_0135_PERSON_1056
PERSON_0186,PERSON,PERSON_0300,PERSON,TRANSFERRED_MONEY,2024-06-12 12:07:18,0.05,0.71,TXN_AGG_PERSON_0186_PERSON_0300
PERSON_0587,PERSON,PERSON_0800,PERSON,TRANSFERRED_MONEY,2025-10-29 21:45:12,0.05,0.74,TXN_AGG_PERSON_0587_PERSON_0800
PERSON_0651,PERSON,PERSON_1440,PERSON,TRANSFERRED_MONEY,2026-02-10 19:16:54,0.05,0.88,TXN_AGG_PERSON_0651_PERSON_1440
PERSON_0067,PERSON,PERSON_0408,PERSON,TRANSFERRED_MONEY,2025-11-09 06:20:31,0.05,0.57,TXN_AGG_PERSON_0067_PERSON_0408
PERSON_0260,PERSON,PERSON_0451,PERSON,TRANSFERRED_MONEY,2026-02-06 19:56:08,0.1,0.63,TXN_AGG_PERSON_0260_PERSON_0451
PERSON_0771,PERSON,PERSON_1422,PERSON,TRANSFERRED_MONEY,2024-09-09 16:46:19,0.05,0.79,TXN_AGG_PERSON_0771_PERSON_1422
PERSON_0404,PERSON,PERSON_1271,PERSON,TRANSFERRED_MONEY,2025-05-16 07:56:11,0.05,0.47,TXN_AGG_PERSON_0404_PERSON_1271
PERSON_0387,PERSON,PERSON_0745,PERSON,TRANSFERRED_MONEY,2024-01-29 00:04:04,0.05,0.5,TXN_AGG_PERSON_0387_PERSON_0745
PERSON_0834,PERSON,PERSON_1173,PERSON,TRANSFERRED_MONEY,2024-03-20 03:43:01,0.05,0.75,TXN_AGG_PERSON_0834_PERSON_1173
PERSON_0326,PERSON,PERSON_0894,PERSON,TRANSFERRED_MONEY,2025-04-15 12:56:36,0.05,0.54,TXN_AGG_PERSON_0326_PERSON_0894
PERSON_0458,PERSON,PERSON_0673,PERSON,TRANSFERRED_MONEY,2024-09-07 17:50:23,0.05,0.52,TXN_AGG_PERSON_0458_PERSON_0673
PERSON_1116,PERSON,PERSON_1310,PERSON,TRANSFERRED_MONEY,2026-03-11 10:48:48,0.05,0.8,TXN_AGG_PERSON_1116_PERSON_1310
PERSON_0469,PERSON,PERSON_1401,PERSON,TRANSFERRED_MONEY,2024-11-16 04:59:07,0.05,0.58,TXN_AGG_PERSON_0469_PERSON_1401
PERSON_0694,PERSON,PERSON_1383,PERSON,TRANSFERRED_MONEY,2024-07-12 15:21:49,0.05,0.45,TXN_AGG_PERSON_0694_PERSON_1383
PERSON_0329,PERSON,PERSON_1202,PERSON,TRANSFERRED_MONEY,2025-08-14 09:48:20,0.05,0.53,TXN_AGG_PERSON_0329_PERSON_1202
PERSON_0223,PERSON,PERSON_0269,PERSON,TRANSFERRED_MONEY,2025-03-01 02:38:17,0.05,0.86,TXN_AGG_PERSON_0223_PERSON_0269
PERSON_0747,PERSON,PERSON_1207,PERSON,TRANSFERRED_MONEY,2025-12-21 21:17:25,0.05,0.55,TXN_AGG_PERSON_0747_PERSON_1207
PERSON_0512,PERSON,PERSON_1466,PERSON,TRANSFERRED_MONEY,2025-02-08 17:43:35,0.05,0.87,TXN_AGG_PERSON_0512_PERSON_1466
PERSON_0468,PERSON,PERSON_1119,PERSON,TRANSFERRED_MONEY,2025-01-31 18:43:20,0.05,0.85,TXN_AGG_PERSON_0468_PERSON_1119
PERSON_1046,PERSON,PERSON_1206,PERSON,TRANSFERRED_MONEY,2026-05-09 14:17:22,0.05,0.49,TXN_AGG_PERSON_1046_PERSON_1206
PERSON_0879,PERSON,PERSON_1133,PERSON,TRANSFERRED_MONEY,2025-09-15 22:31:45,0.05,0.8,TXN_AGG_PERSON_0879_PERSON_1133
PERSON_0049,PERSON,PERSON_1228,PERSON,TRANSFERRED_MONEY,2024-11-25 07:03:07,0.05,0.56,TXN_AGG_PERSON_0049_PERSON_1228
PERSON_0671,PERSON,PERSON_0929,PERSON,TRANSFERRED_MONEY,2024-01-28 00:03:09,0.05,0.52,TXN_AGG_PERSON_0671_PERSON_0929
PERSON_0165,PERSON,PERSON_0484,PERSON,TRANSFERRED_MONEY,2024-08-01 19:26:56,0.05,0.66,TXN_AGG_PERSON_0165_PERSON_0484
PERSON_0119,PERSON,PERSON_0993,PERSON,TRANSFERRED_MONEY,2024-06-15 20:46:17,0.05,0.56,TXN_AGG_PERSON_0119_PERSON_0993
PERSON_0563,PERSON,PERSON_1078,PERSON,TRANSFERRED_MONEY,2025-09-26 22:32:20,0.05,0.76,TXN_AGG_PERSON_0563_PERSON_1078
PERSON_0025,PERSON,PERSON_0784,PERSON,TRANSFERRED_MONEY,2024-09-07 19:24:05,0.05,0.5,TXN_AGG_PERSON_0025_PERSON_0784
PERSON_0884,PERSON,PERSON_1371,PERSON,TRANSFERRED_MONEY,2025-05-25 21:15:38,0.05,0.89,TXN_AGG_PERSON_0884_PERSON_1371
PERSON_0665,PERSON,PERSON_0736,PERSON,TRANSFERRED_MONEY,2024-10-02 15:46:22,0.05,0.66,TXN_AGG_PERSON_0665_PERSON_0736
PERSON_0579,PERSON,PERSON_1126,PERSON,TRANSFERRED_MONEY,2026-05-30 04:03:29,0.05,0.67,TXN_AGG_PERSON_0579_PERSON_1126
PERSON_0950,PERSON,PERSON_1024,PERSON,TRANSFERRED_MONEY,2025-04-02 23:41:48,0.05,0.52,TXN_AGG_PERSON_0950_PERSON_1024
PERSON_0041,PERSON,PERSON_0709,PERSON,TRANSFERRED_MONEY,2026-05-20 09:12:24,0.05,0.75,TXN_AGG_PERSON_0041_PERSON_0709
PERSON_0931,PERSON,PERSON_1054,PERSON,TRANSFERRED_MONEY,2024-02-13 07:06:45,0.05,0.69,TXN_AGG_PERSON_0931_PERSON_1054
PERSON_0299,PERSON,PERSON_1366,PERSON,TRANSFERRED_MONEY,2024-05-05 07:25:57,0.05,0.79,TXN_AGG_PERSON_0299_PERSON_1366
PERSON_0046,PERSON,PERSON_0111,PERSON,TRANSFERRED_MONEY,2024-05-25 03:45:08,0.05,0.5,TXN_AGG_PERSON_0046_PERSON_0111
PERSON_0169,PERSON,PERSON_0579,PERSON,TRANSFERRED_MONEY,2024-07-01 21:06:19,0.05,0.82,TXN_AGG_PERSON_0169_PERSON_0579
PERSON_0719,PERSON,PERSON_1091,PERSON,TRANSFERRED_MONEY,2025-09-17 12:15:05,0.05,0.48,TXN_AGG_PERSON_0719_PERSON_1091
PERSON_0396,PERSON,PERSON_1428,PERSON,TRANSFERRED_MONEY,2026-06-16 23:39:08,0.05,0.55,TXN_AGG_PERSON_0396_PERSON_1428
PERSON_0620,PERSON,PERSON_1450,PERSON,TRANSFERRED_MONEY,2024-05-24 10:12:45,0.05,0.78,TXN_AGG_PERSON_0620_PERSON_1450
PERSON_0254,PERSON,PERSON_0706,PERSON,TRANSFERRED_MONEY,2026-04-25 11:54:32,0.05,0.86,TXN_AGG_PERSON_0254_PERSON_0706
PERSON_0588,PERSON,PERSON_0717,PERSON,TRANSFERRED_MONEY,2025-03-30 01:48:20,0.05,0.65,TXN_AGG_PERSON_0588_PERSON_0717
PERSON_1082,PERSON,PERSON_1302,PERSON,TRANSFERRED_MONEY,2025-02-08 13:43:38,0.05,0.81,TXN_AGG_PERSON_1082_PERSON_1302
PERSON_0790,PERSON,PERSON_0903,PERSON,TRANSFERRED_MONEY,2026-01-02 05:34:29,0.05,0.88,TXN_AGG_PERSON_0790_PERSON_0903
PERSON_0087,PERSON,PERSON_0913,PERSON,TRANSFERRED_MONEY,2025-12-31 23:14:17,0.05,0.9,TXN_AGG_PERSON_0087_PERSON_0913
PERSON_0359,PERSON,PERSON_1245,PERSON,TRANSFERRED_MONEY,2024-08-27 03:43:44,0.05,0.47,TXN_AGG_PERSON_0359_PERSON_1245
PERSON_0867,PERSON,PERSON_1188,PERSON,TRANSFERRED_MONEY,2024-01-11 06:04:51,0.05,0.64,TXN_AGG_PERSON_0867_PERSON_1188
PERSON_0158,PERSON,PERSON_0507,PERSON,TRANSFERRED_MONEY,2026-03-07 17:51:01,0.05,0.87,TXN_AGG_PERSON_0158_PERSON_0507
PERSON_0028,PERSON,PERSON_0095,PERSON,TRANSFERRED_MONEY,2025-02-28 15:13:22,0.05,0.87,TXN_AGG_PERSON_0028_PERSON_0095
PERSON_0214,PERSON,PERSON_0936,PERSON,TRANSFERRED_MONEY,2024-07-17 00:52:14,0.05,0.67,TXN_AGG_PERSON_0214_PERSON_0936
PERSON_0068,PERSON,PERSON_0409,PERSON,TRANSFERRED_MONEY,2026-04-17 17:29:21,0.05,0.59,TXN_AGG_PERSON_0068_PERSON_0409
PERSON_0436,PERSON,PERSON_1252,PERSON,TRANSFERRED_MONEY,2024-02-03 09:43:20,0.05,0.75,TXN_AGG_PERSON_0436_PERSON_1252
PERSON_0881,PERSON,PERSON_1415,PERSON,TRANSFERRED_MONEY,2025-02-01 07:13:48,0.05,0.76,TXN_AGG_PERSON_0881_PERSON_1415
PERSON_0541,PERSON,PERSON_1000,PERSON,TRANSFERRED_MONEY,2025-10-15 11:01:50,0.05,0.54,TXN_AGG_PERSON_0541_PERSON_1000
PERSON_0370,PERSON,PERSON_1461,PERSON,TRANSFERRED_MONEY,2026-05-27 02:55:11,0.1,0.49,TXN_AGG_PERSON_0370_PERSON_1461
PERSON_0295,PERSON,PERSON_0588,PERSON,TRANSFERRED_MONEY,2025-03-10 15:51:13,0.05,0.8,TXN_AGG_PERSON_0295_PERSON_0588
PERSON_0582,PERSON,PERSON_0964,PERSON,TRANSFERRED_MONEY,2024-09-25 20:11:25,0.05,0.74,TXN_AGG_PERSON_0582_PERSON_0964
PERSON_0069,PERSON,PERSON_0152,PERSON,TRANSFERRED_MONEY,2024-02-23 12:20:26,0.05,0.64,TXN_AGG_PERSON_0069_PERSON_0152
PERSON_0839,PERSON,PERSON_0858,PERSON,TRANSFERRED_MONEY,2025-04-11 01:56:30,0.05,0.71,TXN_AGG_PERSON_0839_PERSON_0858
PERSON_0211,PERSON,PERSON_1229,PERSON,TRANSFERRED_MONEY,2024-10-14 05:19:53,0.05,0.73,TXN_AGG_PERSON_0211_PERSON_1229
PERSON_0970,PERSON,PERSON_1298,PERSON,TRANSFERRED_MONEY,2025-03-05 12:06:33,0.05,0.71,TXN_AGG_PERSON_0970_PERSON_1298
PERSON_0889,PERSON,PERSON_1002,PERSON,TRANSFERRED_MONEY,2025-07-27 22:43:22,0.05,0.88,TXN_AGG_PERSON_0889_PERSON_1002
PERSON_0505,PERSON,PERSON_1207,PERSON,TRANSFERRED_MONEY,2025-04-21 19:13:48,0.05,0.82,TXN_AGG_PERSON_0505_PERSON_1207
PERSON_0884,PERSON,PERSON_1328,PERSON,TRANSFERRED_MONEY,2026-06-11 16:30:27,0.05,0.69,TXN_AGG_PERSON_0884_PERSON_1328
PERSON_0454,PERSON,PERSON_1499,PERSON,TRANSFERRED_MONEY,2025-05-12 20:54:45,0.05,0.53,TXN_AGG_PERSON_0454_PERSON_1499
PERSON_0490,PERSON,PERSON_1219,PERSON,TRANSFERRED_MONEY,2024-06-06 16:09:52,0.05,0.77,TXN_AGG_PERSON_0490_PERSON_1219
PERSON_0861,PERSON,PERSON_1122,PERSON,TRANSFERRED_MONEY,2025-11-09 08:43:21,0.05,0.46,TXN_AGG_PERSON_0861_PERSON_1122
PERSON_0384,PERSON,PERSON_1476,PERSON,TRANSFERRED_MONEY,2025-12-28 21:53:54,0.05,0.7,TXN_AGG_PERSON_0384_PERSON_1476
PERSON_0100,PERSON,PERSON_0899,PERSON,TRANSFERRED_MONEY,2024-01-17 04:58:32,0.05,0.86,TXN_AGG_PERSON_0100_PERSON_0899
PERSON_0099,PERSON,PERSON_0766,PERSON,TRANSFERRED_MONEY,2024-11-29 21:15:48,0.05,0.53,TXN_AGG_PERSON_0099_PERSON_0766
PERSON_0024,PERSON,PERSON_1440,PERSON,TRANSFERRED_MONEY,2026-05-08 14:47:17,0.05,0.57,TXN_AGG_PERSON_0024_PERSON_1440
PERSON_0952,PERSON,PERSON_1438,PERSON,TRANSFERRED_MONEY,2024-04-06 00:52:14,0.05,0.51,TXN_AGG_PERSON_0952_PERSON_1438
PERSON_0054,PERSON,PERSON_1229,PERSON,TRANSFERRED_MONEY,2024-04-25 11:24:36,0.05,0.76,TXN_AGG_PERSON_0054_PERSON_1229
PERSON_0232,PERSON,PERSON_1114,PERSON,TRANSFERRED_MONEY,2024-04-25 23:01:45,0.05,0.76,TXN_AGG_PERSON_0232_PERSON_1114
PERSON_0020,PERSON,PERSON_0721,PERSON,TRANSFERRED_MONEY,2025-11-02 11:10:42,0.05,0.76,TXN_AGG_PERSON_0020_PERSON_0721
PERSON_0410,PERSON,PERSON_0591,PERSON,TRANSFERRED_MONEY,2024-10-22 16:48:18,0.05,0.87,TXN_AGG_PERSON_0410_PERSON_0591
PERSON_0290,PERSON,PERSON_1188,PERSON,TRANSFERRED_MONEY,2024-11-21 17:54:36,0.05,0.79,TXN_AGG_PERSON_0290_PERSON_1188
PERSON_0317,PERSON,PERSON_1003,PERSON,TRANSFERRED_MONEY,2024-04-20 16:30:48,0.05,0.86,TXN_AGG_PERSON_0317_PERSON_1003
PERSON_0674,PERSON,PERSON_1498,PERSON,TRANSFERRED_MONEY,2025-05-26 14:39:46,0.05,0.54,TXN_AGG_PERSON_0674_PERSON_1498
PERSON_0089,PERSON,PERSON_0753,PERSON,TRANSFERRED_MONEY,2025-02-11 11:29:22,0.05,0.75,TXN_AGG_PERSON_0089_PERSON_0753
PERSON_0888,PERSON,PERSON_1296,PERSON,TRANSFERRED_MONEY,2025-08-31 06:41:53,0.05,0.66,TXN_AGG_PERSON_0888_PERSON_1296
PERSON_0452,PERSON,PERSON_1477,PERSON,TRANSFERRED_MONEY,2025-03-21 10:41:19,0.1,0.86,TXN_AGG_PERSON_0452_PERSON_1477
PERSON_0659,PERSON,PERSON_0974,PERSON,TRANSFERRED_MONEY,2024-11-05 07:40:34,0.05,0.46,TXN_AGG_PERSON_0659_PERSON_0974
PERSON_0390,PERSON,PERSON_1404,PERSON,TRANSFERRED_MONEY,2025-04-07 08:46:20,0.05,0.54,TXN_AGG_PERSON_0390_PERSON_1404
PERSON_1008,PERSON,PERSON_1298,PERSON,TRANSFERRED_MONEY,2025-03-05 07:35:24,0.05,0.9,TXN_AGG_PERSON_1008_PERSON_1298
PERSON_0154,PERSON,PERSON_1201,PERSON,TRANSFERRED_MONEY,2024-01-21 02:06:51,0.05,0.69,TXN_AGG_PERSON_0154_PERSON_1201
PERSON_1189,PERSON,PERSON_1248,PERSON,TRANSFERRED_MONEY,2026-03-21 05:32:39,0.05,0.69,TXN_AGG_PERSON_1189_PERSON_1248
PERSON_0790,PERSON,PERSON_1322,PERSON,TRANSFERRED_MONEY,2024-03-25 21:48:37,0.05,0.83,TXN_AGG_PERSON_0790_PERSON_1322
PERSON_0041,PERSON,PERSON_0087,PERSON,TRANSFERRED_MONEY,2025-01-17 14:23:44,0.05,0.59,TXN_AGG_PERSON_0041_PERSON_0087
PERSON_0158,PERSON,PERSON_0308,PERSON,TRANSFERRED_MONEY,2025-02-11 17:17:26,0.05,0.81,TXN_AGG_PERSON_0158_PERSON_0308
PERSON_0378,PERSON,PERSON_1023,PERSON,TRANSFERRED_MONEY,2024-06-28 19:58:38,0.05,0.53,TXN_AGG_PERSON_0378_PERSON_1023
PERSON_0826,PERSON,PERSON_1084,PERSON,TRANSFERRED_MONEY,2024-04-14 13:48:56,0.05,0.88,TXN_AGG_PERSON_0826_PERSON_1084
PERSON_0020,PERSON,PERSON_0172,PERSON,TRANSFERRED_MONEY,2024-10-11 20:04:02,0.05,0.83,TXN_AGG_PERSON_0020_PERSON_0172
PERSON_0984,PERSON,PERSON_1011,PERSON,TRANSFERRED_MONEY,2026-03-07 04:35:11,0.05,0.75,TXN_AGG_PERSON_0984_PERSON_1011
PERSON_0029,PERSON,PERSON_0057,PERSON,TRANSFERRED_MONEY,2025-02-17 13:55:58,0.05,0.66,TXN_AGG_PERSON_0029_PERSON_0057
PERSON_0858,PERSON,PERSON_1119,PERSON,TRANSFERRED_MONEY,2024-02-14 17:32:45,0.05,0.8,TXN_AGG_PERSON_0858_PERSON_1119
PERSON_0858,PERSON,PERSON_1411,PERSON,TRANSFERRED_MONEY,2024-06-16 14:07:52,0.05,0.63,TXN_AGG_PERSON_0858_PERSON_1411
PERSON_1027,PERSON,PERSON_1029,PERSON,TRANSFERRED_MONEY,2024-10-16 08:36:12,0.05,0.55,TXN_AGG_PERSON_1027_PERSON_1029
PERSON_0754,PERSON,PERSON_0870,PERSON,TRANSFERRED_MONEY,2025-06-22 00:01:03,0.05,0.65,TXN_AGG_PERSON_0754_PERSON_0870
PERSON_0586,PERSON,PERSON_1466,PERSON,TRANSFERRED_MONEY,2025-08-03 11:13:32,0.05,0.83,TXN_AGG_PERSON_0586_PERSON_1466
PERSON_1056,PERSON,PERSON_1327,PERSON,TRANSFERRED_MONEY,2024-10-05 08:44:36,0.05,0.77,TXN_AGG_PERSON_1056_PERSON_1327
PERSON_0049,PERSON,PERSON_0558,PERSON,TRANSFERRED_MONEY,2026-06-28 11:50:54,0.05,0.73,TXN_AGG_PERSON_0049_PERSON_0558
PERSON_0055,PERSON,PERSON_1158,PERSON,TRANSFERRED_MONEY,2025-08-28 01:19:17,0.1,0.85,TXN_AGG_PERSON_0055_PERSON_1158
PERSON_0649,PERSON,PERSON_0841,PERSON,TRANSFERRED_MONEY,2024-04-11 10:32:23,0.05,0.52,TXN_AGG_PERSON_0649_PERSON_0841
PERSON_0044,PERSON,PERSON_0269,PERSON,TRANSFERRED_MONEY,2025-12-21 02:51:43,0.05,0.57,TXN_AGG_PERSON_0044_PERSON_0269
PERSON_0542,PERSON,PERSON_0952,PERSON,TRANSFERRED_MONEY,2026-01-05 15:00:30,0.05,0.5,TXN_AGG_PERSON_0542_PERSON_0952
PERSON_0771,PERSON,PERSON_1116,PERSON,TRANSFERRED_MONEY,2025-06-27 03:06:14,0.05,0.67,TXN_AGG_PERSON_0771_PERSON_1116
PERSON_0232,PERSON,PERSON_0241,PERSON,TRANSFERRED_MONEY,2024-01-04 16:04:05,0.05,0.58,TXN_AGG_PERSON_0232_PERSON_0241
PERSON_0013,PERSON,PERSON_1018,PERSON,TRANSFERRED_MONEY,2024-08-29 18:52:11,0.05,0.85,TXN_AGG_PERSON_0013_PERSON_1018
PERSON_0757,PERSON,PERSON_1434,PERSON,TRANSFERRED_MONEY,2026-06-14 17:28:01,0.05,0.48,TXN_AGG_PERSON_0757_PERSON_1434
PERSON_0514,PERSON,PERSON_0834,PERSON,TRANSFERRED_MONEY,2024-11-09 13:10:53,0.05,0.51,TXN_AGG_PERSON_0514_PERSON_0834
PERSON_0071,PERSON,PERSON_0113,PERSON,TRANSFERRED_MONEY,2024-08-19 00:28:20,0.05,0.7,TXN_AGG_PERSON_0071_PERSON_0113
PERSON_0018,PERSON,PERSON_1264,PERSON,TRANSFERRED_MONEY,2026-05-09 11:01:52,0.05,0.5,TXN_AGG_PERSON_0018_PERSON_1264
PERSON_0494,PERSON,PERSON_1378,PERSON,TRANSFERRED_MONEY,2025-06-04 11:32:45,0.05,0.84,TXN_AGG_PERSON_0494_PERSON_1378
PERSON_1018,PERSON,PERSON_1115,PERSON,TRANSFERRED_MONEY,2024-10-09 20:42:10,0.1,0.53,TXN_AGG_PERSON_1018_PERSON_1115
PERSON_0159,PERSON,PERSON_0754,PERSON,TRANSFERRED_MONEY,2024-09-05 00:59:39,0.05,0.89,TXN_AGG_PERSON_0159_PERSON_0754
PERSON_0507,PERSON,PERSON_1432,PERSON,TRANSFERRED_MONEY,2024-12-16 17:37:03,0.05,0.6,TXN_AGG_PERSON_0507_PERSON_1432
PERSON_0301,PERSON,PERSON_1485,PERSON,TRANSFERRED_MONEY,2025-07-28 18:59:07,0.05,0.81,TXN_AGG_PERSON_0301_PERSON_1485
PERSON_0639,PERSON,PERSON_0849,PERSON,TRANSFERRED_MONEY,2026-01-10 23:18:17,0.05,0.56,TXN_AGG_PERSON_0639_PERSON_0849
PERSON_0716,PERSON,PERSON_0976,PERSON,TRANSFERRED_MONEY,2024-09-25 06:13:08,0.05,0.83,TXN_AGG_PERSON_0716_PERSON_0976
PERSON_0574,PERSON,PERSON_1047,PERSON,TRANSFERRED_MONEY,2024-12-16 09:04:30,0.05,0.53,TXN_AGG_PERSON_0574_PERSON_1047
PERSON_0027,PERSON,PERSON_0447,PERSON,TRANSFERRED_MONEY,2024-05-19 11:24:58,0.05,0.5,TXN_AGG_PERSON_0027_PERSON_0447
PERSON_0780,PERSON,PERSON_1007,PERSON,TRANSFERRED_MONEY,2024-02-11 03:45:13,0.05,0.81,TXN_AGG_PERSON_0780_PERSON_1007
PERSON_0512,PERSON,PERSON_1103,PERSON,TRANSFERRED_MONEY,2026-03-14 23:29:34,0.05,0.84,TXN_AGG_PERSON_0512_PERSON_1103
PERSON_0009,PERSON,PERSON_0446,PERSON,TRANSFERRED_MONEY,2025-11-09 03:16:46,0.05,0.73,TXN_AGG_PERSON_0009_PERSON_0446
PERSON_0919,PERSON,PERSON_0983,PERSON,TRANSFERRED_MONEY,2025-09-05 17:30:53,0.05,0.67,TXN_AGG_PERSON_0919_PERSON_0983
PERSON_0067,PERSON,PERSON_0537,PERSON,TRANSFERRED_MONEY,2024-03-12 14:39:40,0.05,0.88,TXN_AGG_PERSON_0067_PERSON_0537
PERSON_1179,PERSON,PERSON_1339,PERSON,TRANSFERRED_MONEY,2025-05-05 12:21:08,0.05,0.72,TXN_AGG_PERSON_1179_PERSON_1339
PERSON_0233,PERSON,PERSON_0328,PERSON,TRANSFERRED_MONEY,2025-07-30 13:36:21,0.05,0.72,TXN_AGG_PERSON_0233_PERSON_0328
PERSON_0111,PERSON,PERSON_0718,PERSON,TRANSFERRED_MONEY,2024-05-27 12:10:18,0.05,0.59,TXN_AGG_PERSON_0111_PERSON_0718
PERSON_0510,PERSON,PERSON_1194,PERSON,TRANSFERRED_MONEY,2025-05-16 07:04:37,0.05,0.72,TXN_AGG_PERSON_0510_PERSON_1194
PERSON_0187,PERSON,PERSON_0479,PERSON,TRANSFERRED_MONEY,2025-12-12 15:11:11,0.05,0.52,TXN_AGG_PERSON_0187_PERSON_0479
PERSON_0359,PERSON,PERSON_1334,PERSON,TRANSFERRED_MONEY,2026-03-09 10:18:33,0.05,0.72,TXN_AGG_PERSON_0359_PERSON_1334
PERSON_0463,PERSON,PERSON_0669,PERSON,TRANSFERRED_MONEY,2024-02-26 01:04:45,0.05,0.48,TXN_AGG_PERSON_0463_PERSON_0669
PERSON_0663,PERSON,PERSON_1367,PERSON,TRANSFERRED_MONEY,2025-10-26 04:05:37,0.05,0.66,TXN_AGG_PERSON_0663_PERSON_1367
PERSON_0072,PERSON,PERSON_1252,PERSON,TRANSFERRED_MONEY,2026-01-20 13:05:02,0.05,0.76,TXN_AGG_PERSON_0072_PERSON_1252
PERSON_0021,PERSON,PERSON_0607,PERSON,TRANSFERRED_MONEY,2024-07-05 04:09:52,0.05,0.59,TXN_AGG_PERSON_0021_PERSON_0607
PERSON_0102,PERSON,PERSON_0669,PERSON,TRANSFERRED_MONEY,2025-10-30 12:56:52,0.1,0.74,TXN_AGG_PERSON_0102_PERSON_0669
PERSON_0023,PERSON,PERSON_0694,PERSON,TRANSFERRED_MONEY,2024-10-08 16:11:37,0.05,0.53,TXN_AGG_PERSON_0023_PERSON_0694
PERSON_0539,PERSON,PERSON_1476,PERSON,TRANSFERRED_MONEY,2025-05-29 23:19:47,0.05,0.52,TXN_AGG_PERSON_0539_PERSON_1476
PERSON_0872,PERSON,PERSON_1178,PERSON,TRANSFERRED_MONEY,2024-12-31 11:38:36,0.05,0.77,TXN_AGG_PERSON_0872_PERSON_1178
PERSON_1000,PERSON,PERSON_1052,PERSON,TRANSFERRED_MONEY,2025-03-01 15:07:34,0.05,0.57,TXN_AGG_PERSON_1000_PERSON_1052
PERSON_0955,PERSON,PERSON_1231,PERSON,TRANSFERRED_MONEY,2024-01-05 02:25:28,0.05,0.52,TXN_AGG_PERSON_0955_PERSON_1231
PERSON_1088,PERSON,PERSON_1219,PERSON,TRANSFERRED_MONEY,2026-06-27 22:53:02,0.05,0.86,TXN_AGG_PERSON_1088_PERSON_1219
PERSON_0705,PERSON,PERSON_1460,PERSON,TRANSFERRED_MONEY,2025-10-08 02:40:15,0.05,0.71,TXN_AGG_PERSON_0705_PERSON_1460
PERSON_0008,PERSON,PERSON_1080,PERSON,TRANSFERRED_MONEY,2024-07-05 10:57:10,0.05,0.82,TXN_AGG_PERSON_0008_PERSON_1080
PERSON_0903,PERSON,PERSON_1469,PERSON,TRANSFERRED_MONEY,2024-05-24 14:43:50,0.05,0.67,TXN_AGG_PERSON_0903_PERSON_1469
PERSON_0507,PERSON,PERSON_1368,PERSON,TRANSFERRED_MONEY,2026-05-03 21:39:31,0.05,0.5,TXN_AGG_PERSON_0507_PERSON_1368
PERSON_0026,PERSON,PERSON_0814,PERSON,TRANSFERRED_MONEY,2025-07-16 08:39:05,0.05,0.79,TXN_AGG_PERSON_0026_PERSON_0814
PERSON_0126,PERSON,PERSON_1297,PERSON,TRANSFERRED_MONEY,2025-07-31 04:59:48,0.05,0.64,TXN_AGG_PERSON_0126_PERSON_1297
PERSON_0408,PERSON,PERSON_1360,PERSON,TRANSFERRED_MONEY,2024-03-20 23:31:03,0.05,0.6,TXN_AGG_PERSON_0408_PERSON_1360
PERSON_0611,PERSON,PERSON_1150,PERSON,TRANSFERRED_MONEY,2026-04-13 03:18:08,0.05,0.75,TXN_AGG_PERSON_0611_PERSON_1150
PERSON_0499,PERSON,PERSON_1269,PERSON,TRANSFERRED_MONEY,2024-07-10 20:11:56,0.05,0.57,TXN_AGG_PERSON_0499_PERSON_1269
PERSON_0348,PERSON,PERSON_1281,PERSON,TRANSFERRED_MONEY,2024-04-23 22:16:10,0.05,0.65,TXN_AGG_PERSON_0348_PERSON_1281
PERSON_0218,PERSON,PERSON_0580,PERSON,TRANSFERRED_MONEY,2025-12-02 20:43:06,0.05,0.62,TXN_AGG_PERSON_0218_PERSON_0580
PERSON_0452,PERSON,PERSON_0594,PERSON,TRANSFERRED_MONEY,2025-10-09 15:33:56,0.05,0.56,TXN_AGG_PERSON_0452_PERSON_0594
PERSON_0564,PERSON,PERSON_0946,PERSON,TRANSFERRED_MONEY,2025-08-24 05:27:22,0.05,0.81,TXN_AGG_PERSON_0564_PERSON_0946
PERSON_0370,PERSON,PERSON_0682,PERSON,TRANSFERRED_MONEY,2025-09-05 07:03:10,0.05,0.47,TXN_AGG_PERSON_0370_PERSON_0682
PERSON_1194,PERSON,PERSON_1290,PERSON,TRANSFERRED_MONEY,2025-02-28 00:38:02,0.05,0.89,TXN_AGG_PERSON_1194_PERSON_1290
PERSON_0362,PERSON,PERSON_1062,PERSON,TRANSFERRED_MONEY,2025-09-29 06:46:22,0.05,0.88,TXN_AGG_PERSON_0362_PERSON_1062
PERSON_0245,PERSON,PERSON_0597,PERSON,TRANSFERRED_MONEY,2024-11-16 05:53:57,0.05,0.74,TXN_AGG_PERSON_0245_PERSON_0597
PERSON_0751,PERSON,PERSON_0964,PERSON,TRANSFERRED_MONEY,2025-02-25 21:08:27,0.05,0.45,TXN_AGG_PERSON_0751_PERSON_0964
PERSON_0643,PERSON,PERSON_0830,PERSON,TRANSFERRED_MONEY,2024-05-23 01:37:13,0.05,0.84,TXN_AGG_PERSON_0643_PERSON_0830
PERSON_0106,PERSON,PERSON_0472,PERSON,TRANSFERRED_MONEY,2026-04-06 08:11:31,0.05,0.87,TXN_AGG_PERSON_0106_PERSON_0472
PERSON_0195,PERSON,PERSON_0336,PERSON,TRANSFERRED_MONEY,2026-01-14 08:26:21,0.05,0.68,TXN_AGG_PERSON_0195_PERSON_0336
PERSON_0013,PERSON,PERSON_0651,PERSON,TRANSFERRED_MONEY,2026-02-25 01:06:37,0.05,0.66,TXN_AGG_PERSON_0013_PERSON_0651
PERSON_0511,PERSON,PERSON_0552,PERSON,TRANSFERRED_MONEY,2026-01-05 16:17:52,0.05,0.52,TXN_AGG_PERSON_0511_PERSON_0552
PERSON_0558,PERSON,PERSON_1170,PERSON,TRANSFERRED_MONEY,2026-01-12 08:59:15,0.05,0.8,TXN_AGG_PERSON_0558_PERSON_1170
PERSON_0057,PERSON,PERSON_0201,PERSON,TRANSFERRED_MONEY,2025-01-30 08:23:47,0.05,0.58,TXN_AGG_PERSON_0057_PERSON_0201
PERSON_0206,PERSON,PERSON_0719,PERSON,TRANSFERRED_MONEY,2024-02-17 05:20:22,0.05,0.89,TXN_AGG_PERSON_0206_PERSON_0719
PERSON_0142,PERSON,PERSON_0271,PERSON,TRANSFERRED_MONEY,2026-03-10 19:23:20,0.05,0.78,TXN_AGG_PERSON_0142_PERSON_0271
PERSON_0443,PERSON,PERSON_1190,PERSON,TRANSFERRED_MONEY,2024-02-04 21:05:59,0.05,0.62,TXN_AGG_PERSON_0443_PERSON_1190
PERSON_0666,PERSON,PERSON_1003,PERSON,TRANSFERRED_MONEY,2026-04-13 07:08:53,0.05,0.63,TXN_AGG_PERSON_0666_PERSON_1003
PERSON_0861,PERSON,PERSON_1389,PERSON,TRANSFERRED_MONEY,2026-05-25 20:45:28,0.05,0.67,TXN_AGG_PERSON_0861_PERSON_1389
PERSON_0229,PERSON,PERSON_0667,PERSON,TRANSFERRED_MONEY,2024-03-01 06:39:09,0.05,0.66,TXN_AGG_PERSON_0229_PERSON_0667
PERSON_0575,PERSON,PERSON_1295,PERSON,TRANSFERRED_MONEY,2024-04-01 17:09:50,0.05,0.57,TXN_AGG_PERSON_0575_PERSON_1295
PERSON_0031,PERSON,PERSON_0083,PERSON,TRANSFERRED_MONEY,2026-02-01 12:22:27,0.05,0.67,TXN_AGG_PERSON_0031_PERSON_0083
PERSON_0519,PERSON,PERSON_0693,PERSON,TRANSFERRED_MONEY,2026-05-20 13:40:18,0.05,0.57,TXN_AGG_PERSON_0519_PERSON_0693
PERSON_0448,PERSON,PERSON_1128,PERSON,TRANSFERRED_MONEY,2024-06-08 21:58:17,0.05,0.61,TXN_AGG_PERSON_0448_PERSON_1128
PERSON_0474,PERSON,PERSON_0667,PERSON,TRANSFERRED_MONEY,2024-01-11 14:15:28,0.05,0.89,TXN_AGG_PERSON_0474_PERSON_0667
PERSON_0527,PERSON,PERSON_1281,PERSON,TRANSFERRED_MONEY,2025-04-15 04:51:58,0.05,0.66,TXN_AGG_PERSON_0527_PERSON_1281
PERSON_0124,PERSON,PERSON_0805,PERSON,TRANSFERRED_MONEY,2024-12-15 23:46:39,0.05,0.52,TXN_AGG_PERSON_0124_PERSON_0805
PERSON_0321,PERSON,PERSON_0455,PERSON,TRANSFERRED_MONEY,2026-01-12 04:07:33,0.05,0.58,TXN_AGG_PERSON_0321_PERSON_0455
PERSON_1189,PERSON,PERSON_1198,PERSON,TRANSFERRED_MONEY,2026-04-04 01:25:15,0.05,0.87,TXN_AGG_PERSON_1189_PERSON_1198
PERSON_0569,PERSON,PERSON_1436,PERSON,TRANSFERRED_MONEY,2025-05-24 07:22:29,0.05,0.63,TXN_AGG_PERSON_0569_PERSON_1436
PERSON_0792,PERSON,PERSON_1092,PERSON,TRANSFERRED_MONEY,2025-05-29 12:37:10,0.05,0.48,TXN_AGG_PERSON_0792_PERSON_1092
PERSON_0405,PERSON,PERSON_0606,PERSON,TRANSFERRED_MONEY,2026-03-30 06:42:12,0.05,0.47,TXN_AGG_PERSON_0405_PERSON_0606
PERSON_0907,PERSON,PERSON_1261,PERSON,TRANSFERRED_MONEY,2025-09-27 09:05:50,0.05,0.66,TXN_AGG_PERSON_0907_PERSON_1261
PERSON_0451,PERSON,PERSON_1056,PERSON,TRANSFERRED_MONEY,2026-05-09 16:30:35,0.05,0.81,TXN_AGG_PERSON_0451_PERSON_1056
PERSON_0451,PERSON,PERSON_1198,PERSON,TRANSFERRED_MONEY,2024-01-23 16:12:20,0.05,0.54,TXN_AGG_PERSON_0451_PERSON_1198
PERSON_0072,PERSON,PERSON_1469,PERSON,TRANSFERRED_MONEY,2024-11-01 05:27:17,0.05,0.79,TXN_AGG_PERSON_0072_PERSON_1469
PERSON_0858,PERSON,PERSON_1007,PERSON,TRANSFERRED_MONEY,2026-06-01 09:21:24,0.05,0.79,TXN_AGG_PERSON_0858_PERSON_1007
PERSON_0729,PERSON,PERSON_1080,PERSON,TRANSFERRED_MONEY,2025-10-09 19:26:22,0.05,0.76,TXN_AGG_PERSON_0729_PERSON_1080
PERSON_0278,PERSON,PERSON_0531,PERSON,TRANSFERRED_MONEY,2026-04-04 01:19:58,0.05,0.78,TXN_AGG_PERSON_0278_PERSON_0531
PERSON_0692,PERSON,PERSON_1031,PERSON,TRANSFERRED_MONEY,2024-03-22 20:39:17,0.05,0.67,TXN_AGG_PERSON_0692_PERSON_1031
PERSON_1190,PERSON,PERSON_1405,PERSON,TRANSFERRED_MONEY,2024-02-28 04:54:29,0.05,0.83,TXN_AGG_PERSON_1190_PERSON_1405
PERSON_0738,PERSON,PERSON_0926,PERSON,TRANSFERRED_MONEY,2024-03-16 03:04:04,0.05,0.7,TXN_AGG_PERSON_0738_PERSON_0926
PERSON_0201,PERSON,PERSON_1366,PERSON,TRANSFERRED_MONEY,2024-10-02 01:29:15,0.05,0.55,TXN_AGG_PERSON_0201_PERSON_1366
PERSON_0187,PERSON,PERSON_0752,PERSON,TRANSFERRED_MONEY,2024-10-22 04:26:18,0.05,0.71,TXN_AGG_PERSON_0187_PERSON_0752
PERSON_0857,PERSON,PERSON_1276,PERSON,TRANSFERRED_MONEY,2024-08-20 18:20:35,0.05,0.78,TXN_AGG_PERSON_0857_PERSON_1276
PERSON_0211,PERSON,PERSON_1023,PERSON,TRANSFERRED_MONEY,2024-08-06 23:58:46,0.05,0.68,TXN_AGG_PERSON_0211_PERSON_1023
PERSON_0896,PERSON,PERSON_1459,PERSON,TRANSFERRED_MONEY,2024-01-06 11:22:49,0.05,0.7,TXN_AGG_PERSON_0896_PERSON_1459
PERSON_0508,PERSON,PERSON_0700,PERSON,TRANSFERRED_MONEY,2026-04-25 03:52:04,0.05,0.69,TXN_AGG_PERSON_0508_PERSON_0700
PERSON_0404,PERSON,PERSON_1261,PERSON,TRANSFERRED_MONEY,2024-06-26 16:56:46,0.05,0.59,TXN_AGG_PERSON_0404_PERSON_1261
PERSON_0994,PERSON,PERSON_1150,PERSON,TRANSFERRED_MONEY,2024-09-24 10:19:03,0.05,0.85,TXN_AGG_PERSON_0994_PERSON_1150
PERSON_0588,PERSON,PERSON_1380,PERSON,TRANSFERRED_MONEY,2025-11-11 17:31:21,0.05,0.73,TXN_AGG_PERSON_0588_PERSON_1380
PERSON_0332,PERSON,PERSON_0368,PERSON,TRANSFERRED_MONEY,2024-01-22 15:17:02,0.05,0.73,TXN_AGG_PERSON_0332_PERSON_0368
PERSON_0549,PERSON,PERSON_0826,PERSON,TRANSFERRED_MONEY,2026-02-04 04:58:35,0.05,0.69,TXN_AGG_PERSON_0549_PERSON_0826
PERSON_0385,PERSON,PERSON_1495,PERSON,TRANSFERRED_MONEY,2024-08-29 13:43:29,0.05,0.45,TXN_AGG_PERSON_0385_PERSON_1495
PERSON_0735,PERSON,PERSON_1382,PERSON,TRANSFERRED_MONEY,2024-12-27 18:51:22,0.05,0.53,TXN_AGG_PERSON_0735_PERSON_1382
PERSON_0474,PERSON,PERSON_0858,PERSON,TRANSFERRED_MONEY,2025-05-09 14:05:37,0.05,0.67,TXN_AGG_PERSON_0474_PERSON_0858
PERSON_0096,PERSON,PERSON_1310,PERSON,TRANSFERRED_MONEY,2024-10-19 01:05:37,0.05,0.84,TXN_AGG_PERSON_0096_PERSON_1310
PERSON_0677,PERSON,PERSON_1132,PERSON,TRANSFERRED_MONEY,2026-05-07 09:01:14,0.05,0.82,TXN_AGG_PERSON_0677_PERSON_1132
PERSON_0680,PERSON,PERSON_1217,PERSON,TRANSFERRED_MONEY,2025-03-09 09:19:00,0.05,0.51,TXN_AGG_PERSON_0680_PERSON_1217
PERSON_0756,PERSON,PERSON_1008,PERSON,TRANSFERRED_MONEY,2025-05-22 14:34:28,0.05,0.68,TXN_AGG_PERSON_0756_PERSON_1008
PERSON_1116,PERSON,PERSON_1498,PERSON,TRANSFERRED_MONEY,2024-10-16 12:30:25,0.05,0.85,TXN_AGG_PERSON_1116_PERSON_1498
PERSON_0285,PERSON,PERSON_0880,PERSON,TRANSFERRED_MONEY,2024-04-07 03:37:35,0.05,0.84,TXN_AGG_PERSON_0285_PERSON_0880
PERSON_0129,PERSON,PERSON_0821,PERSON,TRANSFERRED_MONEY,2026-04-04 22:47:25,0.05,0.62,TXN_AGG_PERSON_0129_PERSON_0821
PERSON_1048,PERSON,PERSON_1166,PERSON,TRANSFERRED_MONEY,2024-09-28 01:44:46,0.05,0.8,TXN_AGG_PERSON_1048_PERSON_1166
PERSON_0366,PERSON,PERSON_1447,PERSON,TRANSFERRED_MONEY,2024-09-06 03:05:40,0.05,0.64,TXN_AGG_PERSON_0366_PERSON_1447
PERSON_0392,PERSON,PERSON_1338,PERSON,TRANSFERRED_MONEY,2024-12-15 11:02:24,0.05,0.45,TXN_AGG_PERSON_0392_PERSON_1338
PERSON_0341,PERSON,PERSON_0535,PERSON,TRANSFERRED_MONEY,2025-03-01 05:50:52,0.05,0.52,TXN_AGG_PERSON_0341_PERSON_0535
PERSON_0263,PERSON,PERSON_0909,PERSON,TRANSFERRED_MONEY,2024-05-16 07:29:24,0.05,0.74,TXN_AGG_PERSON_0263_PERSON_0909
PERSON_1128,PERSON,PERSON_1345,PERSON,TRANSFERRED_MONEY,2026-03-31 10:04:16,0.05,0.61,TXN_AGG_PERSON_1128_PERSON_1345
PERSON_0141,PERSON,PERSON_1133,PERSON,TRANSFERRED_MONEY,2024-12-04 23:18:05,0.05,0.56,TXN_AGG_PERSON_0141_PERSON_1133
PERSON_0254,PERSON,PERSON_0571,PERSON,TRANSFERRED_MONEY,2026-06-26 18:40:38,0.05,0.78,TXN_AGG_PERSON_0254_PERSON_0571
PERSON_0652,PERSON,PERSON_1476,PERSON,TRANSFERRED_MONEY,2025-12-16 03:51:21,0.05,0.49,TXN_AGG_PERSON_0652_PERSON_1476
PERSON_0247,PERSON,PERSON_0919,PERSON,TRANSFERRED_MONEY,2024-04-06 15:20:05,0.05,0.59,TXN_AGG_PERSON_0247_PERSON_0919
PERSON_0858,PERSON,PERSON_1145,PERSON,TRANSFERRED_MONEY,2024-08-05 15:28:08,0.05,0.59,TXN_AGG_PERSON_0858_PERSON_1145
PERSON_0009,PERSON,PERSON_0641,PERSON,TRANSFERRED_MONEY,2026-01-16 13:55:18,0.05,0.47,TXN_AGG_PERSON_0009_PERSON_0641
PERSON_0469,PERSON,PERSON_0970,PERSON,TRANSFERRED_MONEY,2025-08-29 15:21:37,0.05,0.76,TXN_AGG_PERSON_0469_PERSON_0970
PERSON_0348,PERSON,PERSON_0598,PERSON,TRANSFERRED_MONEY,2025-12-18 04:06:04,0.05,0.74,TXN_AGG_PERSON_0348_PERSON_0598
PERSON_0468,PERSON,PERSON_0769,PERSON,TRANSFERRED_MONEY,2025-02-14 01:07:04,0.05,0.89,TXN_AGG_PERSON_0468_PERSON_0769
PERSON_0128,PERSON,PERSON_0818,PERSON,TRANSFERRED_MONEY,2025-03-06 00:45:57,0.05,0.65,TXN_AGG_PERSON_0128_PERSON_0818
PERSON_0061,PERSON,PERSON_0161,PERSON,TRANSFERRED_MONEY,2024-10-15 17:33:34,0.05,0.84,TXN_AGG_PERSON_0061_PERSON_0161
PERSON_0257,PERSON,PERSON_0285,PERSON,TRANSFERRED_MONEY,2025-09-18 23:41:58,0.05,0.83,TXN_AGG_PERSON_0257_PERSON_0285
PERSON_0317,PERSON,PERSON_0931,PERSON,TRANSFERRED_MONEY,2026-04-05 04:39:09,0.05,0.66,TXN_AGG_PERSON_0317_PERSON_0931
PERSON_0410,PERSON,PERSON_0983,PERSON,TRANSFERRED_MONEY,2024-05-10 09:18:46,0.05,0.76,TXN_AGG_PERSON_0410_PERSON_0983
PERSON_0397,PERSON,PERSON_1222,PERSON,TRANSFERRED_MONEY,2025-10-08 14:43:13,0.05,0.85,TXN_AGG_PERSON_0397_PERSON_1222
PERSON_0726,PERSON,PERSON_1450,PERSON,TRANSFERRED_MONEY,2025-03-29 15:21:43,0.05,0.51,TXN_AGG_PERSON_0726_PERSON_1450
PERSON_0180,PERSON,PERSON_0405,PERSON,TRANSFERRED_MONEY,2025-05-19 13:33:20,0.05,0.59,TXN_AGG_PERSON_0180_PERSON_0405
PERSON_0909,PERSON,PERSON_1133,PERSON,TRANSFERRED_MONEY,2024-04-16 14:24:25,0.05,0.7,TXN_AGG_PERSON_0909_PERSON_1133
PERSON_0916,PERSON,PERSON_0971,PERSON,TRANSFERRED_MONEY,2024-09-02 16:30:54,0.05,0.69,TXN_AGG_PERSON_0916_PERSON_0971
PERSON_0327,PERSON,PERSON_1064,PERSON,TRANSFERRED_MONEY,2024-07-29 23:41:58,0.05,0.65,TXN_AGG_PERSON_0327_PERSON_1064
PERSON_0046,PERSON,PERSON_1459,PERSON,TRANSFERRED_MONEY,2026-06-13 19:15:35,0.05,0.87,TXN_AGG_PERSON_0046_PERSON_1459
PERSON_0242,PERSON,PERSON_0417,PERSON,TRANSFERRED_MONEY,2024-01-10 09:34:14,0.05,0.63,TXN_AGG_PERSON_0242_PERSON_0417
PERSON_0717,PERSON,PERSON_1376,PERSON,TRANSFERRED_MONEY,2024-05-19 06:49:30,0.05,0.64,TXN_AGG_PERSON_0717_PERSON_1376
PERSON_0071,PERSON,PERSON_0306,PERSON,TRANSFERRED_MONEY,2025-02-08 10:06:10,0.05,0.81,TXN_AGG_PERSON_0071_PERSON_0306
PERSON_0689,PERSON,PERSON_0983,PERSON,TRANSFERRED_MONEY,2024-03-26 00:24:49,0.05,0.84,TXN_AGG_PERSON_0689_PERSON_0983
PERSON_0447,PERSON,PERSON_0811,PERSON,TRANSFERRED_MONEY,2024-06-27 12:10:51,0.05,0.57,TXN_AGG_PERSON_0447_PERSON_0811
PERSON_1087,PERSON,PERSON_1363,PERSON,TRANSFERRED_MONEY,2026-03-08 14:04:50,0.05,0.55,TXN_AGG_PERSON_1087_PERSON_1363
PERSON_0692,PERSON,PERSON_1398,PERSON,TRANSFERRED_MONEY,2025-07-16 06:59:14,0.05,0.54,TXN_AGG_PERSON_0692_PERSON_1398
PERSON_0594,PERSON,PERSON_0984,PERSON,TRANSFERRED_MONEY,2025-07-16 11:41:00,0.05,0.65,TXN_AGG_PERSON_0594_PERSON_0984
PERSON_0456,PERSON,PERSON_0571,PERSON,TRANSFERRED_MONEY,2025-01-06 22:13:54,0.05,0.74,TXN_AGG_PERSON_0456_PERSON_0571
PERSON_0008,PERSON,PERSON_0713,PERSON,TRANSFERRED_MONEY,2025-04-15 00:53:15,0.05,0.81,TXN_AGG_PERSON_0008_PERSON_0713
PERSON_0254,PERSON,PERSON_0355,PERSON,TRANSFERRED_MONEY,2025-01-06 23:38:13,0.05,0.76,TXN_AGG_PERSON_0254_PERSON_0355
PERSON_0088,PERSON,PERSON_1107,PERSON,TRANSFERRED_MONEY,2026-06-08 14:31:48,0.05,0.48,TXN_AGG_PERSON_0088_PERSON_1107
PERSON_0039,PERSON,PERSON_1398,PERSON,TRANSFERRED_MONEY,2025-08-26 08:33:53,0.05,0.7,TXN_AGG_PERSON_0039_PERSON_1398
PERSON_0044,PERSON,PERSON_0936,PERSON,TRANSFERRED_MONEY,2026-02-23 17:38:02,0.05,0.72,TXN_AGG_PERSON_0044_PERSON_0936
PERSON_0612,PERSON,PERSON_1313,PERSON,TRANSFERRED_MONEY,2025-01-21 16:10:40,0.05,0.6,TXN_AGG_PERSON_0612_PERSON_1313
PERSON_0165,PERSON,PERSON_0360,PERSON,TRANSFERRED_MONEY,2025-09-07 16:45:04,0.05,0.88,TXN_AGG_PERSON_0165_PERSON_0360
PERSON_0500,PERSON,PERSON_1228,PERSON,TRANSFERRED_MONEY,2024-02-17 18:35:13,0.05,0.89,TXN_AGG_PERSON_0500_PERSON_1228
PERSON_0400,PERSON,PERSON_1146,PERSON,TRANSFERRED_MONEY,2025-11-16 22:56:06,0.05,0.74,TXN_AGG_PERSON_0400_PERSON_1146
PERSON_0027,PERSON,PERSON_0174,PERSON,TRANSFERRED_MONEY,2024-10-27 10:42:42,0.05,0.69,TXN_AGG_PERSON_0027_PERSON_0174
PERSON_1170,PERSON,PERSON_1498,PERSON,TRANSFERRED_MONEY,2024-04-13 03:52:09,0.05,0.46,TXN_AGG_PERSON_1170_PERSON_1498
PERSON_0811,PERSON,PERSON_1251,PERSON,TRANSFERRED_MONEY,2026-06-08 23:23:43,0.05,0.8,TXN_AGG_PERSON_0811_PERSON_1251
PERSON_0694,PERSON,PERSON_1304,PERSON,TRANSFERRED_MONEY,2024-11-02 23:26:53,0.05,0.89,TXN_AGG_PERSON_0694_PERSON_1304
PERSON_0448,PERSON,PERSON_1482,PERSON,TRANSFERRED_MONEY,2025-11-11 21:20:37,0.05,0.49,TXN_AGG_PERSON_0448_PERSON_1482
PERSON_0205,PERSON,PERSON_0745,PERSON,TRANSFERRED_MONEY,2025-12-03 08:27:03,0.05,0.83,TXN_AGG_PERSON_0205_PERSON_0745
PERSON_0043,PERSON,PERSON_0684,PERSON,TRANSFERRED_MONEY,2024-12-27 17:37:02,0.05,0.88,TXN_AGG_PERSON_0043_PERSON_0684
PERSON_0821,PERSON,PERSON_1246,PERSON,TRANSFERRED_MONEY,2026-02-05 02:00:49,0.1,0.66,TXN_AGG_PERSON_0821_PERSON_1246
PERSON_0549,PERSON,PERSON_1012,PERSON,TRANSFERRED_MONEY,2026-01-19 18:29:55,0.05,0.68,TXN_AGG_PERSON_0549_PERSON_1012
PERSON_0138,PERSON,PERSON_0451,PERSON,TRANSFERRED_MONEY,2024-04-02 19:48:59,0.05,0.82,TXN_AGG_PERSON_0138_PERSON_0451
PERSON_0729,PERSON,PERSON_1414,PERSON,TRANSFERRED_MONEY,2024-10-26 15:43:56,0.05,0.79,TXN_AGG_PERSON_0729_PERSON_1414
PERSON_0376,PERSON,PERSON_1461,PERSON,TRANSFERRED_MONEY,2026-01-19 11:27:31,0.05,0.59,TXN_AGG_PERSON_0376_PERSON_1461
PERSON_0265,PERSON,PERSON_0493,PERSON,TRANSFERRED_MONEY,2026-03-22 07:05:54,0.05,0.58,TXN_AGG_PERSON_0265_PERSON_0493
PERSON_1331,PERSON,PERSON_1474,PERSON,TRANSFERRED_MONEY,2024-06-22 20:35:58,0.05,0.79,TXN_AGG_PERSON_1331_PERSON_1474
PERSON_0465,PERSON,PERSON_1316,PERSON,TRANSFERRED_MONEY,2024-07-18 18:04:21,0.05,0.76,TXN_AGG_PERSON_0465_PERSON_1316
PERSON_0165,PERSON,PERSON_0385,PERSON,TRANSFERRED_MONEY,2025-05-26 07:04:59,0.05,0.82,TXN_AGG_PERSON_0165_PERSON_0385
PERSON_0708,PERSON,PERSON_1483,PERSON,TRANSFERRED_MONEY,2025-08-28 20:55:47,0.05,0.87,TXN_AGG_PERSON_0708_PERSON_1483
PERSON_0761,PERSON,PERSON_1219,PERSON,TRANSFERRED_MONEY,2024-01-21 07:06:16,0.05,0.58,TXN_AGG_PERSON_0761_PERSON_1219
PERSON_0380,PERSON,PERSON_1273,PERSON,TRANSFERRED_MONEY,2025-10-23 06:42:30,0.05,0.83,TXN_AGG_PERSON_0380_PERSON_1273
PERSON_0916,PERSON,PERSON_1016,PERSON,TRANSFERRED_MONEY,2025-10-18 04:59:27,0.05,0.67,TXN_AGG_PERSON_0916_PERSON_1016
PERSON_0738,PERSON,PERSON_1308,PERSON,TRANSFERRED_MONEY,2024-04-09 14:09:29,0.05,0.51,TXN_AGG_PERSON_0738_PERSON_1308
PERSON_0747,PERSON,PERSON_1232,PERSON,TRANSFERRED_MONEY,2025-12-14 22:15:08,0.05,0.81,TXN_AGG_PERSON_0747_PERSON_1232
PERSON_0919,PERSON,PERSON_1118,PERSON,TRANSFERRED_MONEY,2026-03-13 22:32:32,0.05,0.47,TXN_AGG_PERSON_0919_PERSON_1118
PERSON_0054,PERSON,PERSON_0978,PERSON,TRANSFERRED_MONEY,2025-10-31 19:53:57,0.05,0.73,TXN_AGG_PERSON_0054_PERSON_0978
PERSON_0021,PERSON,PERSON_0936,PERSON,TRANSFERRED_MONEY,2026-02-18 15:12:39,0.05,0.72,TXN_AGG_PERSON_0021_PERSON_0936
PERSON_0260,PERSON,PERSON_1012,PERSON,TRANSFERRED_MONEY,2024-03-17 07:34:43,0.05,0.47,TXN_AGG_PERSON_0260_PERSON_1012
PERSON_0340,PERSON,PERSON_0741,PERSON,TRANSFERRED_MONEY,2024-12-17 10:34:25,0.05,0.89,TXN_AGG_PERSON_0340_PERSON_0741
PERSON_0801,PERSON,PERSON_1384,PERSON,TRANSFERRED_MONEY,2024-09-05 03:30:41,0.05,0.63,TXN_AGG_PERSON_0801_PERSON_1384
PERSON_0537,PERSON,PERSON_1271,PERSON,TRANSFERRED_MONEY,2024-09-02 03:19:14,0.05,0.84,TXN_AGG_PERSON_0537_PERSON_1271
PERSON_0194,PERSON,PERSON_0199,PERSON,TRANSFERRED_MONEY,2026-05-10 19:11:21,0.1,0.72,TXN_AGG_PERSON_0194_PERSON_0199
PERSON_0154,PERSON,PERSON_0916,PERSON,TRANSFERRED_MONEY,2025-06-09 08:27:21,0.05,0.85,TXN_AGG_PERSON_0154_PERSON_0916
PERSON_0735,PERSON,PERSON_1228,PERSON,TRANSFERRED_MONEY,2024-11-16 14:37:32,0.05,0.83,TXN_AGG_PERSON_0735_PERSON_1228
PERSON_0501,PERSON,PERSON_1463,PERSON,TRANSFERRED_MONEY,2025-04-18 12:05:37,0.05,0.79,TXN_AGG_PERSON_0501_PERSON_1463
PERSON_0474,PERSON,PERSON_0872,PERSON,TRANSFERRED_MONEY,2025-03-09 14:03:02,0.05,0.79,TXN_AGG_PERSON_0474_PERSON_0872
PERSON_0978,PERSON,PERSON_1088,PERSON,TRANSFERRED_MONEY,2025-07-15 23:56:45,0.05,0.58,TXN_AGG_PERSON_0978_PERSON_1088
PERSON_0468,PERSON,PERSON_1160,PERSON,TRANSFERRED_MONEY,2024-09-17 01:30:48,0.05,0.67,TXN_AGG_PERSON_0468_PERSON_1160
PERSON_1034,PERSON,PERSON_1447,PERSON,TRANSFERRED_MONEY,2025-06-19 11:31:17,0.05,0.62,TXN_AGG_PERSON_1034_PERSON_1447
PERSON_0938,PERSON,PERSON_1414,PERSON,TRANSFERRED_MONEY,2024-02-16 05:14:59,0.05,0.52,TXN_AGG_PERSON_0938_PERSON_1414
PERSON_0575,PERSON,PERSON_0888,PERSON,TRANSFERRED_MONEY,2026-01-01 16:49:33,0.05,0.48,TXN_AGG_PERSON_0575_PERSON_0888
PERSON_0693,PERSON,PERSON_1018,PERSON,TRANSFERRED_MONEY,2024-02-01 08:02:12,0.05,0.64,TXN_AGG_PERSON_0693_PERSON_1018
PERSON_0250,PERSON,PERSON_0559,PERSON,TRANSFERRED_MONEY,2024-05-06 17:25:02,0.05,0.81,TXN_AGG_PERSON_0250_PERSON_0559
PERSON_0352,PERSON,PERSON_1016,PERSON,TRANSFERRED_MONEY,2025-07-31 21:22:47,0.05,0.81,TXN_AGG_PERSON_0352_PERSON_1016
PERSON_0725,PERSON,PERSON_0771,PERSON,TRANSFERRED_MONEY,2025-04-27 21:36:59,0.05,0.49,TXN_AGG_PERSON_0725_PERSON_0771
PERSON_0466,PERSON,PERSON_0725,PERSON,TRANSFERRED_MONEY,2026-01-16 21:24:01,0.05,0.82,TXN_AGG_PERSON_0466_PERSON_0725
PERSON_0717,PERSON,PERSON_1171,PERSON,TRANSFERRED_MONEY,2025-11-28 01:25:39,0.05,0.52,TXN_AGG_PERSON_0717_PERSON_1171
PERSON_0352,PERSON,PERSON_0362,PERSON,TRANSFERRED_MONEY,2024-06-28 20:53:20,0.05,0.78,TXN_AGG_PERSON_0352_PERSON_0362
PERSON_0113,PERSON,PERSON_0302,PERSON,TRANSFERRED_MONEY,2026-01-12 21:19:07,0.05,0.47,TXN_AGG_PERSON_0113_PERSON_0302
PERSON_0838,PERSON,PERSON_0978,PERSON,TRANSFERRED_MONEY,2024-03-11 07:52:14,0.05,0.84,TXN_AGG_PERSON_0838_PERSON_0978
PERSON_0347,PERSON,PERSON_0405,PERSON,TRANSFERRED_MONEY,2024-06-02 21:40:07,0.05,0.51,TXN_AGG_PERSON_0347_PERSON_0405
PERSON_1129,PERSON,PERSON_1447,PERSON,TRANSFERRED_MONEY,2025-12-29 23:37:11,0.05,0.48,TXN_AGG_PERSON_1129_PERSON_1447
PERSON_1264,PERSON,PERSON_1296,PERSON,TRANSFERRED_MONEY,2026-02-01 06:32:23,0.05,0.5,TXN_AGG_PERSON_1264_PERSON_1296
PERSON_0041,PERSON,PERSON_0732,PERSON,TRANSFERRED_MONEY,2026-02-09 16:21:44,0.05,0.75,TXN_AGG_PERSON_0041_PERSON_0732
PERSON_0390,PERSON,PERSON_1044,PERSON,TRANSFERRED_MONEY,2026-06-09 06:11:03,0.05,0.48,TXN_AGG_PERSON_0390_PERSON_1044
PERSON_0410,PERSON,PERSON_0549,PERSON,TRANSFERRED_MONEY,2025-02-08 08:56:23,0.05,0.77,TXN_AGG_PERSON_0410_PERSON_0549
PERSON_0257,PERSON,PERSON_0681,PERSON,TRANSFERRED_MONEY,2026-03-19 09:49:14,0.05,0.73,TXN_AGG_PERSON_0257_PERSON_0681
PERSON_0696,PERSON,PERSON_1477,PERSON,TRANSFERRED_MONEY,2024-08-13 15:43:20,0.05,0.8,TXN_AGG_PERSON_0696_PERSON_1477
PERSON_0284,PERSON,PERSON_1499,PERSON,TRANSFERRED_MONEY,2026-03-18 10:18:17,0.05,0.77,TXN_AGG_PERSON_0284_PERSON_1499
PERSON_0472,PERSON,PERSON_0502,PERSON,TRANSFERRED_MONEY,2025-01-26 19:40:51,0.05,0.9,TXN_AGG_PERSON_0472_PERSON_0502
PERSON_0380,PERSON,PERSON_1247,PERSON,TRANSFERRED_MONEY,2025-12-11 21:26:48,0.05,0.48,TXN_AGG_PERSON_0380_PERSON_1247
PERSON_0689,PERSON,PERSON_0937,PERSON,TRANSFERRED_MONEY,2024-04-26 05:28:37,0.05,0.47,TXN_AGG_PERSON_0689_PERSON_0937
PERSON_0607,PERSON,PERSON_1163,PERSON,TRANSFERRED_MONEY,2024-05-10 21:12:31,0.05,0.61,TXN_AGG_PERSON_0607_PERSON_1163
PERSON_1127,PERSON,PERSON_1159,PERSON,TRANSFERRED_MONEY,2026-03-11 14:46:34,0.05,0.69,TXN_AGG_PERSON_1127_PERSON_1159
PERSON_0569,PERSON,PERSON_1414,PERSON,TRANSFERRED_MONEY,2026-06-07 23:18:31,0.05,0.84,TXN_AGG_PERSON_0569_PERSON_1414
PERSON_0139,PERSON,PERSON_0188,PERSON,TRANSFERRED_MONEY,2024-10-26 12:45:39,0.05,0.49,TXN_AGG_PERSON_0139_PERSON_0188
PERSON_0172,PERSON,PERSON_1204,PERSON,TRANSFERRED_MONEY,2026-04-24 21:02:50,0.05,0.62,TXN_AGG_PERSON_0172_PERSON_1204
PERSON_0031,PERSON,PERSON_0089,PERSON,TRANSFERRED_MONEY,2025-12-01 00:39:05,0.05,0.62,TXN_AGG_PERSON_0031_PERSON_0089
PERSON_0188,PERSON,PERSON_0642,PERSON,TRANSFERRED_MONEY,2026-06-07 22:07:39,0.1,0.52,TXN_AGG_PERSON_0188_PERSON_0642
PERSON_0138,PERSON,PERSON_1369,PERSON,TRANSFERRED_MONEY,2024-01-28 01:32:37,0.05,0.54,TXN_AGG_PERSON_0138_PERSON_1369
PERSON_0201,PERSON,PERSON_0965,PERSON,TRANSFERRED_MONEY,2025-05-10 07:49:49,0.05,0.63,TXN_AGG_PERSON_0201_PERSON_0965
PERSON_0685,PERSON,PERSON_0727,PERSON,TRANSFERRED_MONEY,2025-08-23 13:37:22,0.05,0.75,TXN_AGG_PERSON_0685_PERSON_0727
PERSON_0386,PERSON,PERSON_1334,PERSON,TRANSFERRED_MONEY,2025-05-11 02:27:03,0.05,0.8,TXN_AGG_PERSON_0386_PERSON_1334
PERSON_0591,PERSON,PERSON_0665,PERSON,TRANSFERRED_MONEY,2024-02-23 17:36:52,0.05,0.49,TXN_AGG_PERSON_0591_PERSON_0665
PERSON_0486,PERSON,PERSON_1459,PERSON,TRANSFERRED_MONEY,2024-01-04 19:55:26,0.05,0.55,TXN_AGG_PERSON_0486_PERSON_1459
PERSON_0194,PERSON,PERSON_1424,PERSON,TRANSFERRED_MONEY,2025-09-06 09:59:18,0.05,0.84,TXN_AGG_PERSON_0194_PERSON_1424
PERSON_0048,PERSON,PERSON_0636,PERSON,TRANSFERRED_MONEY,2025-11-18 08:07:54,0.05,0.48,TXN_AGG_PERSON_0048_PERSON_0636
PERSON_0726,PERSON,PERSON_0799,PERSON,TRANSFERRED_MONEY,2026-05-17 09:53:56,0.05,0.75,TXN_AGG_PERSON_0726_PERSON_0799
PERSON_1226,PERSON,PERSON_1448,PERSON,TRANSFERRED_MONEY,2025-06-01 22:12:31,0.05,0.73,TXN_AGG_PERSON_1226_PERSON_1448
PERSON_0326,PERSON,PERSON_0603,PERSON,TRANSFERRED_MONEY,2025-12-24 02:42:23,0.05,0.55,TXN_AGG_PERSON_0326_PERSON_0603
PERSON_0232,PERSON,PERSON_0325,PERSON,TRANSFERRED_MONEY,2024-01-23 12:37:06,0.05,0.57,TXN_AGG_PERSON_0232_PERSON_0325
PERSON_0964,PERSON,PERSON_1207,PERSON,TRANSFERRED_MONEY,2025-06-25 10:24:55,0.05,0.73,TXN_AGG_PERSON_0964_PERSON_1207
PERSON_0512,PERSON,PERSON_0838,PERSON,TRANSFERRED_MONEY,2024-01-03 16:26:44,0.05,0.83,TXN_AGG_PERSON_0512_PERSON_0838
PERSON_0539,PERSON,PERSON_1288,PERSON,TRANSFERRED_MONEY,2025-11-22 13:35:48,0.05,0.8,TXN_AGG_PERSON_0539_PERSON_1288
PERSON_0894,PERSON,PERSON_1280,PERSON,TRANSFERRED_MONEY,2025-08-24 15:38:45,0.05,0.6,TXN_AGG_PERSON_0894_PERSON_1280
PERSON_0473,PERSON,PERSON_0977,PERSON,TRANSFERRED_MONEY,2025-05-02 11:13:21,0.05,0.5,TXN_AGG_PERSON_0473_PERSON_0977
PERSON_0870,PERSON,PERSON_1166,PERSON,TRANSFERRED_MONEY,2024-10-03 21:16:56,0.05,0.74,TXN_AGG_PERSON_0870_PERSON_1166
PERSON_0532,PERSON,PERSON_0727,PERSON,TRANSFERRED_MONEY,2024-12-20 18:48:29,0.05,0.66,TXN_AGG_PERSON_0532_PERSON_0727
PERSON_0782,PERSON,PERSON_1163,PERSON,TRANSFERRED_MONEY,2024-05-27 16:29:04,0.05,0.87,TXN_AGG_PERSON_0782_PERSON_1163
PERSON_0241,PERSON,PERSON_1461,PERSON,TRANSFERRED_MONEY,2025-07-29 16:55:40,0.05,0.75,TXN_AGG_PERSON_0241_PERSON_1461
PERSON_0899,PERSON,PERSON_1048,PERSON,TRANSFERRED_MONEY,2024-02-10 06:28:53,0.05,0.82,TXN_AGG_PERSON_0899_PERSON_1048
PERSON_0064,PERSON,PERSON_0950,PERSON,TRANSFERRED_MONEY,2024-05-21 22:17:52,0.05,0.64,TXN_AGG_PERSON_0064_PERSON_0950
PERSON_0582,PERSON,PERSON_0789,PERSON,TRANSFERRED_MONEY,2025-06-29 20:08:30,0.05,0.66,TXN_AGG_PERSON_0582_PERSON_0789
PERSON_0906,PERSON,PERSON_1303,PERSON,TRANSFERRED_MONEY,2025-03-10 03:43:10,0.05,0.76,TXN_AGG_PERSON_0906_PERSON_1303
PERSON_0597,PERSON,PERSON_1056,PERSON,TRANSFERRED_MONEY,2024-06-12 06:07:16,0.05,0.49,TXN_AGG_PERSON_0597_PERSON_1056
PERSON_0238,PERSON,PERSON_0490,PERSON,TRANSFERRED_MONEY,2024-08-31 16:46:06,0.05,0.81,TXN_AGG_PERSON_0238_PERSON_0490
PERSON_0411,PERSON,PERSON_0511,PERSON,TRANSFERRED_MONEY,2024-12-15 09:36:14,0.05,0.63,TXN_AGG_PERSON_0411_PERSON_0511
PERSON_0256,PERSON,PERSON_0597,PERSON,TRANSFERRED_MONEY,2024-10-24 19:24:00,0.05,0.84,TXN_AGG_PERSON_0256_PERSON_0597
PERSON_0526,PERSON,PERSON_1369,PERSON,TRANSFERRED_MONEY,2026-04-30 20:49:19,0.05,0.79,TXN_AGG_PERSON_0526_PERSON_1369
PERSON_0059,PERSON,PERSON_0894,PERSON,TRANSFERRED_MONEY,2025-12-27 15:02:15,0.05,0.83,TXN_AGG_PERSON_0059_PERSON_0894
PERSON_0290,PERSON,PERSON_1431,PERSON,TRANSFERRED_MONEY,2026-06-22 10:25:43,0.05,0.53,TXN_AGG_PERSON_0290_PERSON_1431
PERSON_0005,PERSON,PERSON_1319,PERSON,TRANSFERRED_MONEY,2025-01-07 12:37:31,0.05,0.88,TXN_AGG_PERSON_0005_PERSON_1319
PERSON_0084,PERSON,PERSON_0131,PERSON,TRANSFERRED_MONEY,2025-01-07 04:02:45,0.05,0.59,TXN_AGG_PERSON_0084_PERSON_0131
PERSON_0317,PERSON,PERSON_1395,PERSON,TRANSFERRED_MONEY,2024-12-09 07:43:56,0.05,0.49,TXN_AGG_PERSON_0317_PERSON_1395
PERSON_0421,PERSON,PERSON_0486,PERSON,TRANSFERRED_MONEY,2026-01-03 07:30:23,0.05,0.64,TXN_AGG_PERSON_0421_PERSON_0486
PERSON_0974,PERSON,PERSON_1495,PERSON,TRANSFERRED_MONEY,2024-05-08 11:26:48,0.05,0.48,TXN_AGG_PERSON_0974_PERSON_1495
PERSON_0558,PERSON,PERSON_1341,PERSON,TRANSFERRED_MONEY,2025-10-16 10:15:56,0.05,0.54,TXN_AGG_PERSON_0558_PERSON_1341
PERSON_0978,PERSON,PERSON_1353,PERSON,TRANSFERRED_MONEY,2024-04-28 10:44:05,0.05,0.77,TXN_AGG_PERSON_0978_PERSON_1353
PERSON_0857,PERSON,PERSON_1433,PERSON,TRANSFERRED_MONEY,2024-03-31 00:50:27,0.05,0.72,TXN_AGG_PERSON_0857_PERSON_1433
PERSON_0621,PERSON,PERSON_0881,PERSON,TRANSFERRED_MONEY,2025-12-23 04:56:46,0.05,0.86,TXN_AGG_PERSON_0621_PERSON_0881
PERSON_0174,PERSON,PERSON_0208,PERSON,TRANSFERRED_MONEY,2025-11-20 18:51:51,0.05,0.51,TXN_AGG_PERSON_0174_PERSON_0208
PERSON_0603,PERSON,PERSON_1285,PERSON,TRANSFERRED_MONEY,2025-06-22 06:00:37,0.05,0.79,TXN_AGG_PERSON_0603_PERSON_1285
PERSON_1490,PERSON,PERSON_1493,PERSON,TRANSFERRED_MONEY,2025-04-08 16:17:55,0.05,0.75,TXN_AGG_PERSON_1490_PERSON_1493
PERSON_0190,PERSON,PERSON_0464,PERSON,TRANSFERRED_MONEY,2024-10-03 12:20:39,0.05,0.48,TXN_AGG_PERSON_0190_PERSON_0464
PERSON_0013,PERSON,PERSON_0164,PERSON,TRANSFERRED_MONEY,2025-06-12 19:20:15,0.05,0.8,TXN_AGG_PERSON_0013_PERSON_0164
PERSON_0652,PERSON,PERSON_1300,PERSON,TRANSFERRED_MONEY,2024-01-24 13:08:03,0.05,0.65,TXN_AGG_PERSON_0652_PERSON_1300
PERSON_0446,PERSON,PERSON_0886,PERSON,TRANSFERRED_MONEY,2025-09-16 07:44:33,0.05,0.65,TXN_AGG_PERSON_0446_PERSON_0886
PERSON_0864,PERSON,PERSON_1116,PERSON,TRANSFERRED_MONEY,2025-01-02 17:20:15,0.05,0.68,TXN_AGG_PERSON_0864_PERSON_1116
PERSON_1045,PERSON,PERSON_1319,PERSON,TRANSFERRED_MONEY,2026-06-09 05:41:19,0.05,0.86,TXN_AGG_PERSON_1045_PERSON_1319
PERSON_0257,PERSON,PERSON_1242,PERSON,TRANSFERRED_MONEY,2024-12-10 01:43:58,0.05,0.47,TXN_AGG_PERSON_0257_PERSON_1242
PERSON_0118,PERSON,PERSON_0351,PERSON,TRANSFERRED_MONEY,2024-07-07 17:47:43,0.05,0.9,TXN_AGG_PERSON_0118_PERSON_0351
PERSON_0842,PERSON,PERSON_0886,PERSON,TRANSFERRED_MONEY,2025-10-22 11:25:11,0.05,0.52,TXN_AGG_PERSON_0842_PERSON_0886
PERSON_0139,PERSON,PERSON_0675,PERSON,TRANSFERRED_MONEY,2024-10-13 09:06:23,0.05,0.87,TXN_AGG_PERSON_0139_PERSON_0675
PERSON_0579,PERSON,PERSON_1429,PERSON,TRANSFERRED_MONEY,2025-07-22 21:05:05,0.1,0.48,TXN_AGG_PERSON_0579_PERSON_1429
PERSON_0881,PERSON,PERSON_1365,PERSON,TRANSFERRED_MONEY,2025-01-26 03:59:11,0.05,0.89,TXN_AGG_PERSON_0881_PERSON_1365
PERSON_0214,PERSON,PERSON_1119,PERSON,TRANSFERRED_MONEY,2025-08-26 20:49:19,0.05,0.59,TXN_AGG_PERSON_0214_PERSON_1119
PERSON_0020,PERSON,PERSON_1213,PERSON,TRANSFERRED_MONEY,2024-09-15 20:35:52,0.05,0.54,TXN_AGG_PERSON_0020_PERSON_1213
PERSON_0524,PERSON,PERSON_0755,PERSON,TRANSFERRED_MONEY,2024-11-26 05:33:31,0.05,0.65,TXN_AGG_PERSON_0524_PERSON_0755
PERSON_0328,PERSON,PERSON_0510,PERSON,TRANSFERRED_MONEY,2026-05-30 17:42:11,0.05,0.5,TXN_AGG_PERSON_0328_PERSON_0510
PERSON_0370,PERSON,PERSON_1262,PERSON,TRANSFERRED_MONEY,2025-01-20 16:41:25,0.05,0.55,TXN_AGG_PERSON_0370_PERSON_1262
PERSON_0187,PERSON,PERSON_1059,PERSON,TRANSFERRED_MONEY,2026-01-31 12:22:28,0.05,0.89,TXN_AGG_PERSON_0187_PERSON_1059
PERSON_0830,PERSON,PERSON_1463,PERSON,TRANSFERRED_MONEY,2025-06-13 19:56:48,0.05,0.75,TXN_AGG_PERSON_0830_PERSON_1463
PERSON_0708,PERSON,PERSON_0975,PERSON,TRANSFERRED_MONEY,2024-08-20 00:57:51,0.05,0.88,TXN_AGG_PERSON_0708_PERSON_0975
PERSON_0657,PERSON,PERSON_0780,PERSON,TRANSFERRED_MONEY,2026-02-18 01:24:52,0.05,0.67,TXN_AGG_PERSON_0657_PERSON_0780
PERSON_0392,PERSON,PERSON_1233,PERSON,TRANSFERRED_MONEY,2025-06-15 14:53:56,0.05,0.6,TXN_AGG_PERSON_0392_PERSON_1233
PERSON_0888,PERSON,PERSON_1128,PERSON,TRANSFERRED_MONEY,2025-12-17 05:31:27,0.05,0.77,TXN_AGG_PERSON_0888_PERSON_1128
PERSON_0398,PERSON,PERSON_0705,PERSON,TRANSFERRED_MONEY,2025-07-17 17:05:24,0.05,0.74,TXN_AGG_PERSON_0398_PERSON_0705
PERSON_0260,PERSON,PERSON_1044,PERSON,TRANSFERRED_MONEY,2024-12-08 18:00:47,0.05,0.6,TXN_AGG_PERSON_0260_PERSON_1044
PERSON_0315,PERSON,PERSON_1396,PERSON,TRANSFERRED_MONEY,2025-03-18 17:53:31,0.05,0.83,TXN_AGG_PERSON_0315_PERSON_1396
PERSON_0778,PERSON,PERSON_1189,PERSON,TRANSFERRED_MONEY,2025-06-01 09:41:05,0.05,0.56,TXN_AGG_PERSON_0778_PERSON_1189
PERSON_1188,PERSON,PERSON_1417,PERSON,TRANSFERRED_MONEY,2026-06-22 03:01:56,0.05,0.7,TXN_AGG_PERSON_1188_PERSON_1417
PERSON_0243,PERSON,PERSON_0335,PERSON,TRANSFERRED_MONEY,2026-01-27 22:44:12,0.05,0.74,TXN_AGG_PERSON_0243_PERSON_0335
PERSON_0041,PERSON,PERSON_1088,PERSON,TRANSFERRED_MONEY,2025-01-19 02:49:22,0.05,0.85,TXN_AGG_PERSON_0041_PERSON_1088
PERSON_0309,PERSON,PERSON_1084,PERSON,TRANSFERRED_MONEY,2026-03-09 21:45:24,0.05,0.88,TXN_AGG_PERSON_0309_PERSON_1084
PERSON_0708,PERSON,PERSON_0752,PERSON,TRANSFERRED_MONEY,2024-11-28 22:35:02,0.05,0.82,TXN_AGG_PERSON_0708_PERSON_0752
PERSON_0460,PERSON,PERSON_0948,PERSON,TRANSFERRED_MONEY,2025-02-20 09:56:47,0.1,0.78,TXN_AGG_PERSON_0460_PERSON_0948
PERSON_0758,PERSON,PERSON_1154,PERSON,TRANSFERRED_MONEY,2025-10-02 20:26:48,0.05,0.46,TXN_AGG_PERSON_0758_PERSON_1154
PERSON_0373,PERSON,PERSON_1493,PERSON,TRANSFERRED_MONEY,2024-11-01 23:56:51,0.05,0.85,TXN_AGG_PERSON_0373_PERSON_1493
PERSON_0888,PERSON,PERSON_1482,PERSON,TRANSFERRED_MONEY,2024-07-03 02:09:17,0.05,0.5,TXN_AGG_PERSON_0888_PERSON_1482
PERSON_1329,PERSON,PERSON_1396,PERSON,TRANSFERRED_MONEY,2026-02-18 17:04:41,0.05,0.66,TXN_AGG_PERSON_1329_PERSON_1396
PERSON_0977,PERSON,PERSON_1203,PERSON,TRANSFERRED_MONEY,2024-06-02 10:11:35,0.05,0.57,TXN_AGG_PERSON_0977_PERSON_1203
PERSON_0738,PERSON,PERSON_1186,PERSON,TRANSFERRED_MONEY,2025-08-25 22:33:26,0.05,0.82,TXN_AGG_PERSON_0738_PERSON_1186
PERSON_0936,PERSON,PERSON_1268,PERSON,TRANSFERRED_MONEY,2024-06-13 18:26:41,0.05,0.55,TXN_AGG_PERSON_0936_PERSON_1268
PERSON_0392,PERSON,PERSON_0486,PERSON,TRANSFERRED_MONEY,2026-05-14 22:18:24,0.05,0.48,TXN_AGG_PERSON_0392_PERSON_0486
PERSON_0013,PERSON,PERSON_1188,PERSON,TRANSFERRED_MONEY,2024-07-23 01:38:10,0.05,0.49,TXN_AGG_PERSON_0013_PERSON_1188
PERSON_0199,PERSON,PERSON_0692,PERSON,TRANSFERRED_MONEY,2025-03-19 09:22:42,0.05,0.66,TXN_AGG_PERSON_0199_PERSON_0692
PERSON_0083,PERSON,PERSON_1413,PERSON,TRANSFERRED_MONEY,2025-11-10 14:38:25,0.05,0.87,TXN_AGG_PERSON_0083_PERSON_1413
PERSON_0517,PERSON,PERSON_0833,PERSON,TRANSFERRED_MONEY,2025-01-26 08:17:25,0.05,0.71,TXN_AGG_PERSON_0517_PERSON_0833
PERSON_1068,PERSON,PERSON_1396,PERSON,TRANSFERRED_MONEY,2024-04-19 23:03:54,0.05,0.82,TXN_AGG_PERSON_1068_PERSON_1396
PERSON_0263,PERSON,PERSON_1229,PERSON,TRANSFERRED_MONEY,2025-05-28 23:04:13,0.05,0.63,TXN_AGG_PERSON_0263_PERSON_1229
PERSON_0138,PERSON,PERSON_1183,PERSON,TRANSFERRED_MONEY,2024-06-25 14:32:54,0.05,0.79,TXN_AGG_PERSON_0138_PERSON_1183
PERSON_0587,PERSON,PERSON_1132,PERSON,TRANSFERRED_MONEY,2025-05-31 09:41:48,0.05,0.72,TXN_AGG_PERSON_0587_PERSON_1132
PERSON_0376,PERSON,PERSON_1039,PERSON,TRANSFERRED_MONEY,2025-04-27 15:43:12,0.05,0.52,TXN_AGG_PERSON_0376_PERSON_1039
PERSON_0138,PERSON,PERSON_1016,PERSON,TRANSFERRED_MONEY,2024-05-03 13:16:35,0.05,0.73,TXN_AGG_PERSON_0138_PERSON_1016
PERSON_0099,PERSON,PERSON_0672,PERSON,TRANSFERRED_MONEY,2024-03-15 13:44:55,0.05,0.62,TXN_AGG_PERSON_0099_PERSON_0672
PERSON_0084,PERSON,PERSON_0537,PERSON,TRANSFERRED_MONEY,2025-10-16 03:13:32,0.05,0.56,TXN_AGG_PERSON_0084_PERSON_0537
PERSON_0007,PERSON,PERSON_1071,PERSON,TRANSFERRED_MONEY,2024-02-22 21:11:14,0.05,0.67,TXN_AGG_PERSON_0007_PERSON_1071
PERSON_0588,PERSON,PERSON_0716,PERSON,TRANSFERRED_MONEY,2025-02-28 05:57:20,0.05,0.47,TXN_AGG_PERSON_0588_PERSON_0716
PERSON_1187,PERSON,PERSON_1372,PERSON,TRANSFERRED_MONEY,2024-12-12 05:05:46,0.05,0.69,TXN_AGG_PERSON_1187_PERSON_1372
PERSON_0409,PERSON,PERSON_0743,PERSON,TRANSFERRED_MONEY,2025-09-18 08:07:26,0.05,0.89,TXN_AGG_PERSON_0409_PERSON_0743
PERSON_0465,PERSON,PERSON_1337,PERSON,TRANSFERRED_MONEY,2024-12-03 07:33:34,0.05,0.67,TXN_AGG_PERSON_0465_PERSON_1337
PERSON_0169,PERSON,PERSON_1310,PERSON,TRANSFERRED_MONEY,2024-10-07 19:17:25,0.05,0.7,TXN_AGG_PERSON_0169_PERSON_1310
PERSON_0678,PERSON,PERSON_1428,PERSON,TRANSFERRED_MONEY,2025-06-27 05:30:46,0.05,0.67,TXN_AGG_PERSON_0678_PERSON_1428
PERSON_0075,PERSON,PERSON_0717,PERSON,TRANSFERRED_MONEY,2024-11-16 19:30:39,0.05,0.54,TXN_AGG_PERSON_0075_PERSON_0717
PERSON_1252,PERSON,PERSON_1353,PERSON,TRANSFERRED_MONEY,2025-08-24 18:52:31,0.05,0.84,TXN_AGG_PERSON_1252_PERSON_1353
PERSON_0485,PERSON,PERSON_0787,PERSON,TRANSFERRED_MONEY,2025-06-24 21:45:20,0.05,0.49,TXN_AGG_PERSON_0485_PERSON_0787
PERSON_0884,PERSON,PERSON_1266,PERSON,TRANSFERRED_MONEY,2025-08-01 04:19:01,0.05,0.75,TXN_AGG_PERSON_0884_PERSON_1266
PERSON_0888,PERSON,PERSON_0896,PERSON,TRANSFERRED_MONEY,2025-04-24 10:47:15,0.05,0.49,TXN_AGG_PERSON_0888_PERSON_0896
PERSON_0273,PERSON,PERSON_1088,PERSON,TRANSFERRED_MONEY,2025-11-17 10:27:56,0.05,0.53,TXN_AGG_PERSON_0273_PERSON_1088
PERSON_0537,PERSON,PERSON_1252,PERSON,TRANSFERRED_MONEY,2025-08-19 00:16:43,0.05,0.65,TXN_AGG_PERSON_0537_PERSON_1252
PERSON_0919,PERSON,PERSON_1044,PERSON,TRANSFERRED_MONEY,2024-06-12 23:05:16,0.05,0.83,TXN_AGG_PERSON_0919_PERSON_1044
PERSON_0416,PERSON,PERSON_1024,PERSON,TRANSFERRED_MONEY,2025-02-02 01:56:17,0.05,0.73,TXN_AGG_PERSON_0416_PERSON_1024
PERSON_0817,PERSON,PERSON_1452,PERSON,TRANSFERRED_MONEY,2026-01-08 01:12:05,0.05,0.49,TXN_AGG_PERSON_0817_PERSON_1452
PERSON_1106,PERSON,PERSON_1485,PERSON,TRANSFERRED_MONEY,2026-05-15 06:53:16,0.05,0.84,TXN_AGG_PERSON_1106_PERSON_1485
PERSON_0916,PERSON,PERSON_1440,PERSON,TRANSFERRED_MONEY,2026-06-10 17:59:20,0.05,0.49,TXN_AGG_PERSON_0916_PERSON_1440
PERSON_0961,PERSON,PERSON_1202,PERSON,TRANSFERRED_MONEY,2024-02-09 23:12:32,0.05,0.63,TXN_AGG_PERSON_0961_PERSON_1202
PERSON_1009,PERSON,PERSON_1453,PERSON,TRANSFERRED_MONEY,2024-07-29 06:43:09,0.05,0.81,TXN_AGG_PERSON_1009_PERSON_1453
PERSON_0071,PERSON,PERSON_0964,PERSON,TRANSFERRED_MONEY,2026-06-11 00:05:24,0.05,0.82,TXN_AGG_PERSON_0071_PERSON_0964
PERSON_0699,PERSON,PERSON_1077,PERSON,TRANSFERRED_MONEY,2026-06-23 17:27:34,0.1,0.71,TXN_AGG_PERSON_0699_PERSON_1077
PERSON_1076,PERSON,PERSON_1313,PERSON,TRANSFERRED_MONEY,2025-06-20 22:43:05,0.05,0.75,TXN_AGG_PERSON_1076_PERSON_1313
PERSON_0089,PERSON,PERSON_0594,PERSON,TRANSFERRED_MONEY,2026-01-22 16:14:38,0.05,0.45,TXN_AGG_PERSON_0089_PERSON_0594
PERSON_0032,PERSON,PERSON_0493,PERSON,TRANSFERRED_MONEY,2024-09-16 17:10:30,0.05,0.48,TXN_AGG_PERSON_0032_PERSON_0493
PERSON_0705,PERSON,PERSON_1226,PERSON,TRANSFERRED_MONEY,2025-12-24 03:50:20,0.05,0.76,TXN_AGG_PERSON_0705_PERSON_1226
PERSON_0510,PERSON,PERSON_1412,PERSON,TRANSFERRED_MONEY,2025-09-01 01:47:53,0.05,0.49,TXN_AGG_PERSON_0510_PERSON_1412
PERSON_0631,PERSON,PERSON_1228,PERSON,TRANSFERRED_MONEY,2024-10-28 02:37:24,0.05,0.81,TXN_AGG_PERSON_0631_PERSON_1228
PERSON_0039,PERSON,PERSON_1480,PERSON,TRANSFERRED_MONEY,2025-08-07 06:52:30,0.05,0.73,TXN_AGG_PERSON_0039_PERSON_1480
PERSON_1174,PERSON,PERSON_1353,PERSON,TRANSFERRED_MONEY,2026-03-23 19:29:50,0.05,0.58,TXN_AGG_PERSON_1174_PERSON_1353
PERSON_1341,PERSON,PERSON_1384,PERSON,TRANSFERRED_MONEY,2025-01-05 06:50:40,0.05,0.61,TXN_AGG_PERSON_1341_PERSON_1384
PERSON_0523,PERSON,PERSON_0755,PERSON,TRANSFERRED_MONEY,2024-04-29 22:46:37,0.05,0.47,TXN_AGG_PERSON_0523_PERSON_0755
PERSON_0502,PERSON,PERSON_1356,PERSON,TRANSFERRED_MONEY,2026-02-22 14:50:05,0.05,0.52,TXN_AGG_PERSON_0502_PERSON_1356
PERSON_0595,PERSON,PERSON_0968,PERSON,TRANSFERRED_MONEY,2025-12-26 20:43:59,0.05,0.81,TXN_AGG_PERSON_0595_PERSON_0968
PERSON_0877,PERSON,PERSON_0978,PERSON,TRANSFERRED_MONEY,2025-11-15 12:00:05,0.05,0.5,TXN_AGG_PERSON_0877_PERSON_0978
PERSON_0725,PERSON,PERSON_1330,PERSON,TRANSFERRED_MONEY,2025-07-09 16:40:25,0.05,0.51,TXN_AGG_PERSON_0725_PERSON_1330
PERSON_0514,PERSON,PERSON_0591,PERSON,TRANSFERRED_MONEY,2024-08-28 05:04:39,0.05,0.51,TXN_AGG_PERSON_0514_PERSON_0591
PERSON_0489,PERSON,PERSON_1273,PERSON,TRANSFERRED_MONEY,2025-09-08 22:54:17,0.15,0.86,TXN_AGG_PERSON_0489_PERSON_1273
PERSON_0410,PERSON,PERSON_0876,PERSON,TRANSFERRED_MONEY,2024-06-14 04:37:05,0.05,0.53,TXN_AGG_PERSON_0410_PERSON_0876
PERSON_0167,PERSON,PERSON_1479,PERSON,TRANSFERRED_MONEY,2024-12-14 20:13:50,0.05,0.73,TXN_AGG_PERSON_0167_PERSON_1479
PERSON_0029,PERSON,PERSON_0759,PERSON,TRANSFERRED_MONEY,2024-11-29 01:22:41,0.05,0.75,TXN_AGG_PERSON_0029_PERSON_0759
PERSON_0164,PERSON,PERSON_0680,PERSON,TRANSFERRED_MONEY,2026-02-11 21:09:58,0.05,0.6,TXN_AGG_PERSON_0164_PERSON_0680
PERSON_1344,PERSON,PERSON_1466,PERSON,TRANSFERRED_MONEY,2025-07-27 06:46:23,0.05,0.87,TXN_AGG_PERSON_1344_PERSON_1466
PERSON_0247,PERSON,PERSON_0921,PERSON,TRANSFERRED_MONEY,2026-06-24 02:31:03,0.05,0.63,TXN_AGG_PERSON_0247_PERSON_0921
PERSON_0949,PERSON,PERSON_0962,PERSON,TRANSFERRED_MONEY,2024-10-24 08:08:53,0.05,0.84,TXN_AGG_PERSON_0949_PERSON_0962
PERSON_0263,PERSON,PERSON_0389,PERSON,TRANSFERRED_MONEY,2025-01-03 19:45:58,0.05,0.84,TXN_AGG_PERSON_0263_PERSON_0389
PERSON_0273,PERSON,PERSON_1158,PERSON,TRANSFERRED_MONEY,2025-06-17 08:51:24,0.05,0.74,TXN_AGG_PERSON_0273_PERSON_1158
PERSON_0022,PERSON,PERSON_0286,PERSON,TRANSFERRED_MONEY,2024-02-11 04:10:45,0.05,0.55,TXN_AGG_PERSON_0022_PERSON_0286
PERSON_0396,PERSON,PERSON_0720,PERSON,TRANSFERRED_MONEY,2024-07-24 21:13:57,0.05,0.47,TXN_AGG_PERSON_0396_PERSON_0720
PERSON_0512,PERSON,PERSON_1223,PERSON,TRANSFERRED_MONEY,2025-08-25 23:49:26,0.05,0.6,TXN_AGG_PERSON_0512_PERSON_1223
PERSON_0720,PERSON,PERSON_1493,PERSON,TRANSFERRED_MONEY,2026-03-31 16:57:20,0.05,0.7,TXN_AGG_PERSON_0720_PERSON_1493
PERSON_0148,PERSON,PERSON_0720,PERSON,TRANSFERRED_MONEY,2024-03-29 17:45:03,0.05,0.66,TXN_AGG_PERSON_0148_PERSON_0720
PERSON_0446,PERSON,PERSON_1443,PERSON,TRANSFERRED_MONEY,2024-04-12 00:12:28,0.05,0.51,TXN_AGG_PERSON_0446_PERSON_1443
PERSON_0769,PERSON,PERSON_1436,PERSON,TRANSFERRED_MONEY,2025-09-19 15:34:44,0.05,0.86,TXN_AGG_PERSON_0769_PERSON_1436
PERSON_0161,PERSON,PERSON_1269,PERSON,TRANSFERRED_MONEY,2025-02-07 06:12:23,0.05,0.58,TXN_AGG_PERSON_0161_PERSON_1269
PERSON_0339,PERSON,PERSON_0349,PERSON,TRANSFERRED_MONEY,2025-01-04 18:50:59,0.05,0.8,TXN_AGG_PERSON_0339_PERSON_0349
PERSON_0009,PERSON,PERSON_1042,PERSON,TRANSFERRED_MONEY,2025-07-21 19:49:41,0.05,0.75,TXN_AGG_PERSON_0009_PERSON_1042
PERSON_0411,PERSON,PERSON_0566,PERSON,TRANSFERRED_MONEY,2025-10-29 01:25:24,0.05,0.68,TXN_AGG_PERSON_0411_PERSON_0566
PERSON_0718,PERSON,PERSON_1158,PERSON,TRANSFERRED_MONEY,2025-09-20 03:02:58,0.05,0.67,TXN_AGG_PERSON_0718_PERSON_1158
PERSON_0326,PERSON,PERSON_0542,PERSON,TRANSFERRED_MONEY,2024-07-13 03:05:04,0.05,0.52,TXN_AGG_PERSON_0326_PERSON_0542
PERSON_0659,PERSON,PERSON_0829,PERSON,TRANSFERRED_MONEY,2024-01-27 03:28:43,0.05,0.66,TXN_AGG_PERSON_0659_PERSON_0829
PERSON_1115,PERSON,PERSON_1432,PERSON,TRANSFERRED_MONEY,2024-08-16 22:20:41,0.05,0.67,TXN_AGG_PERSON_1115_PERSON_1432
PERSON_0050,PERSON,PERSON_0571,PERSON,TRANSFERRED_MONEY,2024-12-30 06:08:41,0.05,0.6,TXN_AGG_PERSON_0050_PERSON_0571
PERSON_0067,PERSON,PERSON_0972,PERSON,TRANSFERRED_MONEY,2025-05-10 08:39:17,0.05,0.62,TXN_AGG_PERSON_0067_PERSON_0972
PERSON_0243,PERSON,PERSON_0554,PERSON,TRANSFERRED_MONEY,2024-11-05 23:48:51,0.05,0.49,TXN_AGG_PERSON_0243_PERSON_0554
PERSON_0368,PERSON,PERSON_1347,PERSON,TRANSFERRED_MONEY,2024-07-23 16:02:55,0.05,0.58,TXN_AGG_PERSON_0368_PERSON_1347
PERSON_0049,PERSON,PERSON_1180,PERSON,TRANSFERRED_MONEY,2025-01-29 00:02:36,0.05,0.78,TXN_AGG_PERSON_0049_PERSON_1180
PERSON_0368,PERSON,PERSON_0739,PERSON,TRANSFERRED_MONEY,2026-03-14 12:38:25,0.05,0.9,TXN_AGG_PERSON_0368_PERSON_0739
PERSON_0020,PERSON,PERSON_1103,PERSON,TRANSFERRED_MONEY,2026-05-15 08:17:14,0.05,0.69,TXN_AGG_PERSON_0020_PERSON_1103
PERSON_0638,PERSON,PERSON_1369,PERSON,TRANSFERRED_MONEY,2024-12-13 11:18:08,0.05,0.63,TXN_AGG_PERSON_0638_PERSON_1369
PERSON_0309,PERSON,PERSON_0875,PERSON,TRANSFERRED_MONEY,2024-10-13 01:19:29,0.05,0.7,TXN_AGG_PERSON_0309_PERSON_0875
PERSON_0713,PERSON,PERSON_0779,PERSON,TRANSFERRED_MONEY,2024-09-10 05:31:41,0.05,0.51,TXN_AGG_PERSON_0713_PERSON_0779
PERSON_1127,PERSON,PERSON_1293,PERSON,TRANSFERRED_MONEY,2025-05-12 13:07:48,0.05,0.84,TXN_AGG_PERSON_1127_PERSON_1293
PERSON_0250,PERSON,PERSON_0680,PERSON,TRANSFERRED_MONEY,2024-10-17 04:00:10,0.05,0.66,TXN_AGG_PERSON_0250_PERSON_0680
PERSON_0539,PERSON,PERSON_1283,PERSON,TRANSFERRED_MONEY,2025-05-06 21:03:49,0.05,0.77,TXN_AGG_PERSON_0539_PERSON_1283
PERSON_0877,PERSON,PERSON_1165,PERSON,TRANSFERRED_MONEY,2025-08-06 12:25:25,0.05,0.75,TXN_AGG_PERSON_0877_PERSON_1165
PERSON_0950,PERSON,PERSON_1398,PERSON,TRANSFERRED_MONEY,2025-03-12 10:01:31,0.05,0.82,TXN_AGG_PERSON_0950_PERSON_1398
PERSON_0022,PERSON,PERSON_0669,PERSON,TRANSFERRED_MONEY,2024-07-08 15:31:24,0.05,0.83,TXN_AGG_PERSON_0022_PERSON_0669
PERSON_1188,PERSON,PERSON_1333,PERSON,TRANSFERRED_MONEY,2025-11-13 07:50:20,0.05,0.84,TXN_AGG_PERSON_1188_PERSON_1333
PERSON_0838,PERSON,PERSON_1117,PERSON,TRANSFERRED_MONEY,2024-11-08 04:19:53,0.05,0.51,TXN_AGG_PERSON_0838_PERSON_1117
PERSON_0311,PERSON,PERSON_0651,PERSON,TRANSFERRED_MONEY,2025-12-25 06:17:24,0.05,0.75,TXN_AGG_PERSON_0311_PERSON_0651
PERSON_0025,PERSON,PERSON_0316,PERSON,TRANSFERRED_MONEY,2025-01-03 03:15:33,0.05,0.62,TXN_AGG_PERSON_0025_PERSON_0316
PERSON_0169,PERSON,PERSON_0700,PERSON,TRANSFERRED_MONEY,2025-12-13 09:31:27,0.05,0.64,TXN_AGG_PERSON_0169_PERSON_0700
PERSON_0415,PERSON,PERSON_1060,PERSON,TRANSFERRED_MONEY,2024-06-12 12:54:35,0.05,0.82,TXN_AGG_PERSON_0415_PERSON_1060
PERSON_0022,PERSON,PERSON_0443,PERSON,TRANSFERRED_MONEY,2024-06-10 11:00:12,0.05,0.77,TXN_AGG_PERSON_0022_PERSON_0443
PERSON_0811,PERSON,PERSON_1341,PERSON,TRANSFERRED_MONEY,2025-09-14 20:15:59,0.05,0.5,TXN_AGG_PERSON_0811_PERSON_1341
PERSON_0789,PERSON,PERSON_1237,PERSON,TRANSFERRED_MONEY,2025-10-28 11:44:51,0.05,0.64,TXN_AGG_PERSON_0789_PERSON_1237
PERSON_0758,PERSON,PERSON_1207,PERSON,TRANSFERRED_MONEY,2026-01-12 10:33:22,0.05,0.75,TXN_AGG_PERSON_0758_PERSON_1207
PERSON_1103,PERSON,PERSON_1173,PERSON,TRANSFERRED_MONEY,2024-08-10 22:51:34,0.05,0.88,TXN_AGG_PERSON_1103_PERSON_1173
PERSON_0058,PERSON,PERSON_0657,PERSON,TRANSFERRED_MONEY,2024-07-09 20:47:25,0.05,0.76,TXN_AGG_PERSON_0058_PERSON_0657
PERSON_0431,PERSON,PERSON_0573,PERSON,TRANSFERRED_MONEY,2024-04-04 13:09:24,0.05,0.75,TXN_AGG_PERSON_0431_PERSON_0573
PERSON_0396,PERSON,PERSON_1319,PERSON,TRANSFERRED_MONEY,2024-03-10 15:46:33,0.05,0.75,TXN_AGG_PERSON_0396_PERSON_1319
PERSON_0306,PERSON,PERSON_1369,PERSON,TRANSFERRED_MONEY,2026-05-15 07:30:24,0.05,0.45,TXN_AGG_PERSON_0306_PERSON_1369
PERSON_1072,PERSON,PERSON_1474,PERSON,TRANSFERRED_MONEY,2025-09-07 16:32:24,0.05,0.72,TXN_AGG_PERSON_1072_PERSON_1474
PERSON_0588,PERSON,PERSON_1198,PERSON,TRANSFERRED_MONEY,2026-03-11 12:47:14,0.05,0.8,TXN_AGG_PERSON_0588_PERSON_1198
PERSON_0410,PERSON,PERSON_0562,PERSON,TRANSFERRED_MONEY,2025-05-03 20:27:55,0.05,0.78,TXN_AGG_PERSON_0410_PERSON_0562
PERSON_0486,PERSON,PERSON_0689,PERSON,TRANSFERRED_MONEY,2025-09-24 02:46:35,0.05,0.58,TXN_AGG_PERSON_0486_PERSON_0689
PERSON_0142,PERSON,PERSON_0792,PERSON,TRANSFERRED_MONEY,2025-12-15 18:13:54,0.05,0.6,TXN_AGG_PERSON_0142_PERSON_0792
PERSON_0057,PERSON,PERSON_1206,PERSON,TRANSFERRED_MONEY,2024-08-16 04:15:10,0.05,0.72,TXN_AGG_PERSON_0057_PERSON_1206
PERSON_1131,PERSON,PERSON_1237,PERSON,TRANSFERRED_MONEY,2025-08-04 17:20:22,0.05,0.79,TXN_AGG_PERSON_1131_PERSON_1237
PERSON_0934,PERSON,PERSON_1064,PERSON,TRANSFERRED_MONEY,2024-10-16 09:52:18,0.05,0.62,TXN_AGG_PERSON_0934_PERSON_1064
PERSON_0454,PERSON,PERSON_1289,PERSON,TRANSFERRED_MONEY,2024-08-27 19:07:38,0.05,0.88,TXN_AGG_PERSON_0454_PERSON_1289
PERSON_0378,PERSON,PERSON_0881,PERSON,TRANSFERRED_MONEY,2024-09-01 19:20:29,0.05,0.75,TXN_AGG_PERSON_0378_PERSON_0881
PERSON_0341,PERSON,PERSON_1178,PERSON,TRANSFERRED_MONEY,2025-08-11 16:24:58,0.05,0.54,TXN_AGG_PERSON_0341_PERSON_1178
PERSON_0387,PERSON,PERSON_0558,PERSON,TRANSFERRED_MONEY,2025-06-16 14:29:26,0.05,0.75,TXN_AGG_PERSON_0387_PERSON_0558
PERSON_0379,PERSON,PERSON_0517,PERSON,TRANSFERRED_MONEY,2025-05-15 12:59:29,0.05,0.6,TXN_AGG_PERSON_0379_PERSON_0517
PERSON_0044,PERSON,PERSON_0114,PERSON,TRANSFERRED_MONEY,2024-04-28 01:40:47,0.05,0.57,TXN_AGG_PERSON_0044_PERSON_0114
PERSON_0446,PERSON,PERSON_0469,PERSON,TRANSFERRED_MONEY,2025-12-31 16:53:49,0.05,0.63,TXN_AGG_PERSON_0446_PERSON_0469
PERSON_0210,PERSON,PERSON_0788,PERSON,TRANSFERRED_MONEY,2024-07-07 01:17:56,0.05,0.82,TXN_AGG_PERSON_0210_PERSON_0788
PERSON_0081,PERSON,PERSON_1131,PERSON,TRANSFERRED_MONEY,2025-08-31 18:59:31,0.05,0.68,TXN_AGG_PERSON_0081_PERSON_1131
PERSON_1428,PERSON,PERSON_1447,PERSON,TRANSFERRED_MONEY,2024-07-20 17:21:33,0.05,0.83,TXN_AGG_PERSON_1428_PERSON_1447
PERSON_0456,PERSON,PERSON_0737,PERSON,TRANSFERRED_MONEY,2026-01-05 14:39:58,0.05,0.73,TXN_AGG_PERSON_0456_PERSON_0737
PERSON_0336,PERSON,PERSON_1412,PERSON,TRANSFERRED_MONEY,2024-11-12 14:58:03,0.05,0.89,TXN_AGG_PERSON_0336_PERSON_1412
PERSON_1127,PERSON,PERSON_1222,PERSON,TRANSFERRED_MONEY,2024-01-28 16:11:04,0.05,0.62,TXN_AGG_PERSON_1127_PERSON_1222
PERSON_0490,PERSON,PERSON_0784,PERSON,TRANSFERRED_MONEY,2024-04-16 01:55:59,0.05,0.69,TXN_AGG_PERSON_0490_PERSON_0784
PERSON_0081,PERSON,PERSON_0190,PERSON,TRANSFERRED_MONEY,2024-05-17 17:06:42,0.05,0.48,TXN_AGG_PERSON_0081_PERSON_0190
PERSON_0472,PERSON,PERSON_0801,PERSON,TRANSFERRED_MONEY,2026-06-04 11:54:29,0.05,0.48,TXN_AGG_PERSON_0472_PERSON_0801
PERSON_0719,PERSON,PERSON_1273,PERSON,TRANSFERRED_MONEY,2025-06-13 09:45:45,0.05,0.61,TXN_AGG_PERSON_0719_PERSON_1273
PERSON_0008,PERSON,PERSON_0207,PERSON,TRANSFERRED_MONEY,2025-01-31 15:38:10,0.05,0.72,TXN_AGG_PERSON_0008_PERSON_0207
PERSON_0023,PERSON,PERSON_0174,PERSON,TRANSFERRED_MONEY,2024-12-11 23:41:06,0.05,0.55,TXN_AGG_PERSON_0023_PERSON_0174
PERSON_0097,PERSON,PERSON_0395,PERSON,TRANSFERRED_MONEY,2024-10-25 05:04:14,0.05,0.65,TXN_AGG_PERSON_0097_PERSON_0395
PERSON_1003,PERSON,PERSON_1431,PERSON,TRANSFERRED_MONEY,2025-01-27 01:33:43,0.05,0.62,TXN_AGG_PERSON_1003_PERSON_1431
PERSON_0265,PERSON,PERSON_0909,PERSON,TRANSFERRED_MONEY,2025-09-04 11:15:18,0.05,0.87,TXN_AGG_PERSON_0265_PERSON_0909
PERSON_1074,PERSON,PERSON_1459,PERSON,TRANSFERRED_MONEY,2025-06-26 11:31:46,0.05,0.49,TXN_AGG_PERSON_1074_PERSON_1459
PERSON_0112,PERSON,PERSON_0320,PERSON,TRANSFERRED_MONEY,2024-02-07 19:01:43,0.05,0.53,TXN_AGG_PERSON_0112_PERSON_0320
PERSON_0349,PERSON,PERSON_0810,PERSON,TRANSFERRED_MONEY,2026-03-08 07:28:01,0.05,0.71,TXN_AGG_PERSON_0349_PERSON_0810
PERSON_0083,PERSON,PERSON_0752,PERSON,TRANSFERRED_MONEY,2024-11-17 11:53:38,0.05,0.9,TXN_AGG_PERSON_0083_PERSON_0752
PERSON_0097,PERSON,PERSON_0142,PERSON,TRANSFERRED_MONEY,2025-06-25 03:17:45,0.05,0.82,TXN_AGG_PERSON_0097_PERSON_0142
PERSON_0362,PERSON,PERSON_0573,PERSON,TRANSFERRED_MONEY,2025-05-25 12:07:05,0.05,0.52,TXN_AGG_PERSON_0362_PERSON_0573
PERSON_0026,PERSON,PERSON_0436,PERSON,TRANSFERRED_MONEY,2025-11-08 04:18:10,0.05,0.71,TXN_AGG_PERSON_0026_PERSON_0436
PERSON_0265,PERSON,PERSON_0688,PERSON,TRANSFERRED_MONEY,2024-04-27 07:47:01,0.05,0.7,TXN_AGG_PERSON_0265_PERSON_0688
PERSON_0149,PERSON,PERSON_1264,PERSON,TRANSFERRED_MONEY,2024-07-27 16:05:23,0.05,0.59,TXN_AGG_PERSON_0149_PERSON_1264
PERSON_0208,PERSON,PERSON_0701,PERSON,TRANSFERRED_MONEY,2024-05-14 18:23:45,0.05,0.81,TXN_AGG_PERSON_0208_PERSON_0701
PERSON_0672,PERSON,PERSON_0880,PERSON,TRANSFERRED_MONEY,2026-06-11 00:32:17,0.05,0.74,TXN_AGG_PERSON_0672_PERSON_0880
PERSON_0300,PERSON,PERSON_0753,PERSON,TRANSFERRED_MONEY,2024-02-19 14:14:19,0.05,0.66,TXN_AGG_PERSON_0300_PERSON_0753
PERSON_0465,PERSON,PERSON_1422,PERSON,TRANSFERRED_MONEY,2024-09-05 10:38:22,0.05,0.5,TXN_AGG_PERSON_0465_PERSON_1422
PERSON_0211,PERSON,PERSON_0475,PERSON,TRANSFERRED_MONEY,2025-09-05 14:02:12,0.05,0.61,TXN_AGG_PERSON_0211_PERSON_0475
PERSON_0557,PERSON,PERSON_0603,PERSON,CONNECTED_TO,2026-06-30 00:00:00,0.05,0.5,DEVICE_00557
PERSON_1285,PERSON,PERSON_1005,PERSON,CONNECTED_TO,2026-06-30 00:00:00,0.05,0.54,DEVICE_01285
PERSON_1052,PERSON,PERSON_0169,PERSON,CONNECTED_TO,2026-06-30 00:00:00,0.05,0.46,DEVICE_01052
PERSON_1092,PERSON,PERSON_0372,PERSON,CONNECTED_TO,2026-06-30 00:00:00,0.05,0.7,DEVICE_01092
PERSON_1331,PERSON,PERSON_1273,PERSON,CONNECTED_TO,2026-06-30 00:00:00,0.05,0.59,DEVICE_01331
PERSON_0125,PERSON,PERSON_0939,PERSON,CONNECTED_TO,2026-06-30 00:00:00,0.05,0.54,DEVICE_01689
PERSON_0134,PERSON,PERSON_0019,PERSON,CONNECTED_TO,2026-06-30 00:00:00,0.05,0.48,DEVICE_00134
PERSON_1463,PERSON,PERSON_1030,PERSON,CONNECTED_TO,2026-06-30 00:00:00,0.05,0.58,DEVICE_01463
PERSON_1194,PERSON,PERSON_1353,PERSON,CONNECTED_TO,2026-06-30 00:00:00,0.05,0.56,DEVICE_01974
PERSON_1267,PERSON,PERSON_0211,PERSON,CONNECTED_TO,2026-06-30 00:00:00,0.05,0.57,DEVICE_01267
PERSON_0858,PERSON,PERSON_1317,PERSON,CONNECTED_TO,2026-06-30 00:00:00,0.05,0.61,DEVICE_01955
PERSON_1461,PERSON,PERSON_0306,PERSON,CONNECTED_TO,2026-06-30 00:00:00,0.05,0.55,DEVICE_01461
PERSON_0415,PERSON,PERSON_0669,PERSON,CONNECTED_TO,2026-06-30 00:00:00,0.05,0.64,DEVICE_00415
PERSON_1287,PERSON,PERSON_1276,PERSON,CONNECTED_TO,2026-06-30 00:00:00,0.05,0.7,DEVICE_01287
PERSON_0145,PERSON,PERSON_0118,PERSON,CONNECTED_TO,2026-06-30 00:00:00,0.05,0.48,DEVICE_01829
PERSON_0626,PERSON,PERSON_0164,PERSON,CONNECTED_TO,2026-06-30 00:00:00,0.05,0.59,DEVICE_00626
PERSON_1125,PERSON,PERSON_0220,PERSON,CONNECTED_TO,2026-06-30 00:00:00,0.05,0.69,DEVICE_01125
PERSON_0378,PERSON,PERSON_0165,PERSON,CONNECTED_TO,2026-06-30 00:00:00,0.05,0.43,DEVICE_00378
PERSON_0418,PERSON,PERSON_0378,PERSON,CONNECTED_TO,2026-06-30 00:00:00,0.05,0.41,DEVICE_00418
PERSON_1370,PERSON,PERSON_0782,PERSON,CONNECTED_TO,2026-06-30 00:00:00,0.05,0.41,DEVICE_01370
PERSON_0056,PERSON,PERSON_1472,PERSON,CONNECTED_TO,2026-06-30 00:00:00,0.05,0.44,DEVICE_00056
PERSON_1141,PERSON,PERSON_0049,PERSON,CONNECTED_TO,2026-06-30 00:00:00,0.05,0.49,DEVICE_01780
PERSON_0695,PERSON,PERSON_1046,PERSON,CONNECTED_TO,2026-06-30 00:00:00,0.05,0.4,DEVICE_00695
PERSON_0913,PERSON,PERSON_0335,PERSON,CONNECTED_TO,2026-06-30 00:00:00,0.05,0.51,DEVICE_00913
PERSON_1271,PERSON,PERSON_1335,PERSON,CONNECTED_TO,2026-06-30 00:00:00,0.05,0.57,DEVICE_01271
PERSON_0444,PERSON,PERSON_0892,PERSON,ASSOCIATED_WITH,2026-06-30 00:00:00,0.05,0.76,LOCATION_0001
PERSON_0042,PERSON,PERSON_0361,PERSON,ASSOCIATED_WITH,2026-06-30 00:00:00,0.05,0.56,LOCATION_0002
PERSON_0361,PERSON,PERSON_0390,PERSON,ASSOCIATED_WITH,2026-06-30 00:00:00,0.05,0.83,LOCATION_0002
PERSON_0390,PERSON,PERSON_1187,PERSON,ASSOCIATED_WITH,2026-06-30 00:00:00,0.05,0.51,LOCATION_0002
PERSON_1187,PERSON,PERSON_1222,PERSON,ASSOCIATED_WITH,2026-06-30 00:00:00,0.05,0.8,LOCATION_0002
PERSON_1222,PERSON,PERSON_1378,PERSON,ASSOCIATED_WITH,2026-06-30 00:00:00,0.05,0.68,LOCATION_0002
PERSON_0032,PERSON,PERSON_0333,PERSON,ASSOCIATED_WITH,2026-06-30 00:00:00,0.05,0.53,LOCATION_0003
PERSON_0333,PERSON,PERSON_0423,PERSON,ASSOCIATED_WITH,2026-06-30 00:00:00,0.05,0.65,LOCATION_0003
PERSON_0423,PERSON,PERSON_0549,PERSON,ASSOCIATED_WITH,2026-06-30 00:00:00,0.05,0.58,LOCATION_0003
PERSON_0549,PERSON,PERSON_0833,PERSON,ASSOCIATED_WITH,2026-06-30 00:00:00,0.05,0.67,LOCATION_0003
PERSON_0833,PERSON,PERSON_1091,PERSON,ASSOCIATED_WITH,2026-06-30 00:00:00,0.05,0.8,LOCATION_0003
PERSON_1091,PERSON,PERSON_1096,PERSON,ASSOCIATED_WITH,2026-06-30 00:00:00,0.05,0.51,LOCATION_0003
PERSON_1096,PERSON,PERSON_1472,PERSON,ASSOCIATED_WITH,2026-06-30 00:00:00,0.05,0.81,LOCATION_0003
PERSON_0096,PERSON,PERSON_0260,PERSON,ASSOCIATED_WITH,2026-06-30 00:00:00,0.05,0.61,LOCATION_0004
PERSON_0260,PERSON,PERSON_0425,PERSON,ASSOCIATED_WITH,2026-06-30 00:00:00,0.05,0.51,LOCATION_0004
PERSON_0425,PERSON,PERSON_0727,PERSON,ASSOCIATED_WITH,2026-06-30 00:00:00,0.05,0.72,LOCATION_0004
PERSON_0727,PERSON,PERSON_0887,PERSON,ASSOCIATED_WITH,2026-06-30 00:00:00,0.05,0.84,LOCATION_0004
PERSON_0887,PERSON,PERSON_1166,PERSON,ASSOCIATED_WITH,2026-06-30 00:00:00,0.05,0.52,LOCATION_0004
PERSON_1166,PERSON,PERSON_1375,PERSON,ASSOCIATED_WITH,2026-06-30 00:00:00,0.05,0.75,LOCATION_0004
PERSON_1375,PERSON,PERSON_1429,PERSON,ASSOCIATED_WITH,2026-06-30 00:00:00,0.05,0.53,LOCATION_0004
PERSON_0076,PERSON,PERSON_0098,PERSON,ASSOCIATED_WITH,2026-06-30 00:00:00,0.05,0.84,LOCATION_0005
PERSON_0098,PERSON,PERSON_0691,PERSON,ASSOCIATED_WITH,2026-06-30 00:00:00,0.05,0.79,LOCATION_0005
PERSON_0367,PERSON,PERSON_0983,PERSON,ASSOCIATED_WITH,2026-06-30 00:00:00,0.05,0.69,LOCATION_0006
PERSON_0983,PERSON,PERSON_1227,PERSON,ASSOCIATED_WITH,2026-06-30 00:00:00,0.05,0.63,LOCATION_0006
PERSON_1227,PERSON,PERSON_1254,PERSON,ASSOCIATED_WITH,2026-06-30 00:00:00,0.05,0.5,LOCATION_0006
PERSON_1254,PERSON,PERSON_1408,PERSON,ASSOCIATED_WITH,2026-06-30 00:00:00,0.05,0.71,LOCATION_0006
PERSON_1408,PERSON,PERSON_1497,PERSON,ASSOCIATED_WITH,2026-06-30 00:00:00,0.05,0.77,LOCATION_0006
PERSON_0455,PERSON,PERSON_0907,PERSON,ASSOCIATED_WITH,2026-06-30 00:00:00,0.05,0.58,LOCATION_0007
PERSON_0907,PERSON,PERSON_1206,PERSON,ASSOCIATED_WITH,2026-06-30 00:00:00,0.05,0.61,LOCATION_0007
PERSON_1206,PERSON,PERSON_1247,PERSON,ASSOCIATED_WITH,2026-06-30 00:00:00,0.05,0.67,LOCATION_0007
PERSON_0145,PERSON,PERSON_0685,PERSON,ASSOCIATED_WITH,2026-06-30 00:00:00,0.05,0.54,LOCATION_0008
PERSON_0685,PERSON,PERSON_0700,PERSON,ASSOCIATED_WITH,2026-06-30 00:00:00,0.05,0.69,LOCATION_0008
PERSON_0700,PERSON,PERSON_0736,PERSON,ASSOCIATED_WITH,2026-06-30 00:00:00,0.05,0.59,LOCATION_0008
PERSON_0736,PERSON,PERSON_1279,PERSON,ASSOCIATED_WITH,2026-06-30 00:00:00,0.05,0.54,LOCATION_0008
PERSON_0119,PERSON,PERSON_0439,PERSON,ASSOCIATED_WITH,2026-06-30 00:00:00,0.05,0.54,LOCATION_0009
PERSON_0439,PERSON,PERSON_0532,PERSON,ASSOCIATED_WITH,2026-06-30 00:00:00,0.05,0.77,LOCATION_0009
PERSON_0532,PERSON,PERSON_1164,PERSON,ASSOCIATED_WITH,2026-06-30 00:00:00,0.05,0.72,LOCATION_0009
PERSON_1164,PERSON,PERSON_1329,PERSON,ASSOCIATED_WITH,2026-06-30 00:00:00,0.05,0.78,LOCATION_0009
PERSON_1329,PERSON,PERSON_1418,PERSON,ASSOCIATED_WITH,2026-06-30 00:00:00,0.05,0.54,LOCATION_0009
PERSON_0009,PERSON,PERSON_0089,PERSON,ASSOCIATED_WITH,2026-06-30 00:00:00,0.05,0.56,LOCATION_0010
PERSON_0089,PERSON,PERSON_0225,PERSON,ASSOCIATED_WITH,2026-06-30 00:00:00,0.05,0.77,LOCATION_0010
PERSON_0225,PERSON,PERSON_0474,PERSON,ASSOCIATED_WITH,2026-06-30 00:00:00,0.05,0.79,LOCATION_0010
PERSON_0474,PERSON,PERSON_0787,PERSON,ASSOCIATED_WITH,2026-06-30 00:00:00,0.05,0.83,LOCATION_0010
PERSON_0787,PERSON,PERSON_1240,PERSON,ASSOCIATED_WITH,2026-06-30 00:00:00,0.05,0.83,LOCATION_0010
PERSON_0067,PERSON,PERSON_0988,PERSON,ASSOCIATED_WITH,2026-06-30 00:00:00,0.05,0.53,LOCATION_0011
PERSON_0988,PERSON,PERSON_1179,PERSON,ASSOCIATED_WITH,2026-06-30 00:00:00,0.05,0.55,LOCATION_0011
PERSON_0520,PERSON,PERSON_1263,PERSON,ASSOCIATED_WITH,2026-06-30 00:00:00,0.05,0.75,LOCATION_0013
PERSON_0132,PERSON,PERSON_0343,PERSON,ASSOCIATED_WITH,2026-06-30 00:00:00,0.05,0.83,LOCATION_0014
PERSON_0343,PERSON,PERSON_1229,PERSON,ASSOCIATED_WITH,2026-06-30 00:00:00,0.05,0.62,LOCATION_0014
PERSON_1229,PERSON,PERSON_1260,PERSON,ASSOCIATED_WITH,2026-06-30 00:00:00,0.05,0.55,LOCATION_0014
PERSON_1260,PERSON,PERSON_1403,PERSON,ASSOCIATED_WITH,2026-06-30 00:00:00,0.05,0.64,LOCATION_0014
PERSON_0150,PERSON,PERSON_0262,PERSON,ASSOCIATED_WITH,2026-06-30 00:00:00,0.05,0.58,LOCATION_0015
PERSON_0262,PERSON,PERSON_0290,PERSON,ASSOCIATED_WITH,2026-06-30 00:00:00,0.05,0.59,LOCATION_0015
PERSON_0290,PERSON,PERSON_0381,PERSON,ASSOCIATED_WITH,2026-06-30 00:00:00,0.05,0.68,LOCATION_0015
PERSON_0381,PERSON,PERSON_0506,PERSON,ASSOCIATED_WITH,2026-06-30 00:00:00,0.05,0.67,LOCATION_0015
PERSON_0506,PERSON,PERSON_0578,PERSON,ASSOCIATED_WITH,2026-06-30 00:00:00,0.05,0.67,LOCATION_0015
PERSON_0578,PERSON,PERSON_0624,PERSON,ASSOCIATED_WITH,2026-06-30 00:00:00,0.05,0.78,LOCATION_0015
PERSON_0624,PERSON,PERSON_0699,PERSON,ASSOCIATED_WITH,2026-06-30 00:00:00,0.05,0.82,LOCATION_0015
PERSON_0699,PERSON,PERSON_0996,PERSON,ASSOCIATED_WITH,2026-06-30 00:00:00,0.05,0.61,LOCATION_0015
PERSON_0996,PERSON,PERSON_1074,PERSON,ASSOCIATED_WITH,2026-06-30 00:00:00,0.05,0.69,LOCATION_0015
PERSON_1074,PERSON,PERSON_1204,PERSON,ASSOCIATED_WITH,2026-06-30 00:00:00,0.05,0.56,LOCATION_0015
PERSON_1204,PERSON,PERSON_1272,PERSON,ASSOCIATED_WITH,2026-06-30 00:00:00,0.05,0.53,LOCATION_0015
PERSON_0134,PERSON,PERSON_0198,PERSON,ASSOCIATED_WITH,2026-06-30 00:00:00,0.05,0.77,LOCATION_0016
PERSON_0198,PERSON,PERSON_1149,PERSON,ASSOCIATED_WITH,2026-06-30 00:00:00,0.05,0.69,LOCATION_0016
PERSON_0139,PERSON,PERSON_0169,PERSON,ASSOCIATED_WITH,2026-06-30 00:00:00,0.05,0.64,LOCATION_0017
PERSON_0169,PERSON,PERSON_0215,PERSON,ASSOCIATED_WITH,2026-06-30 00:00:00,0.05,0.8,LOCATION_0017
PERSON_0215,PERSON,PERSON_0481,PERSON,ASSOCIATED_WITH,2026-06-30 00:00:00,0.05,0.81,LOCATION_0017
PERSON_0481,PERSON,PERSON_0647,PERSON,ASSOCIATED_WITH,2026-06-30 00:00:00,0.05,0.69,LOCATION_0017
PERSON_0647,PERSON,PERSON_0815,PERSON,ASSOCIATED_WITH,2026-06-30 00:00:00,0.05,0.8,LOCATION_0017
PERSON_0815,PERSON,PERSON_1320,PERSON,ASSOCIATED_WITH,2026-06-30 00:00:00,0.05,0.62,LOCATION_0017
PERSON_0599,PERSON,PERSON_0841,PERSON,ASSOCIATED_WITH,2026-06-30 00:00:00,0.05,0.55,LOCATION_0018
PERSON_0841,PERSON,PERSON_1128,PERSON,ASSOCIATED_WITH,2026-06-30 00:00:00,0.05,0.75,LOCATION_0018
PERSON_1128,PERSON,PERSON_1231,PERSON,ASSOCIATED_WITH,2026-06-30 00:00:00,0.05,0.63,LOCATION_0018
PERSON_1231,PERSON,PERSON_1440,PERSON,ASSOCIATED_WITH,2026-06-30 00:00:00,0.05,0.52,LOCATION_0018
PERSON_1440,PERSON,PERSON_1476,PERSON,ASSOCIATED_WITH,2026-06-30 00:00:00,0.05,0.61,LOCATION_0018
PERSON_0221,PERSON,PERSON_0371,PERSON,ASSOCIATED_WITH,2026-06-30 00:00:00,0.05,0.58,LOCATION_0019
PERSON_0371,PERSON,PERSON_1033,PERSON,ASSOCIATED_WITH,2026-06-30 00:00:00,0.05,0.57,LOCATION_0019
PERSON_1033,PERSON,PERSON_1100,PERSON,ASSOCIATED_WITH,2026-06-30 00:00:00,0.05,0.55,LOCATION_0019
PERSON_1100,PERSON,PERSON_1150,PERSON,ASSOCIATED_WITH,2026-06-30 00:00:00,0.05,0.56,LOCATION_0019
PERSON_1150,PERSON,PERSON_1230,PERSON,ASSOCIATED_WITH,2026-06-30 00:00:00,0.05,0.78,LOCATION_0019
PERSON_1230,PERSON,PERSON_1397,PERSON,ASSOCIATED_WITH,2026-06-30 00:00:00,0.05,0.71,LOCATION_0019
PERSON_0189,PERSON,PERSON_0391,PERSON,ASSOCIATED_WITH,2026-06-30 00:00:00,0.05,0.73,LOCATION_0020
PERSON_0391,PERSON,PERSON_0848,PERSON,ASSOCIATED_WITH,2026-06-30 00:00:00,0.05,0.66,LOCATION_0020
PERSON_0848,PERSON,PERSON_1488,PERSON,ASSOCIATED_WITH,2026-06-30 00:00:00,0.05,0.84,LOCATION_0020
PERSON_0651,PERSON,PERSON_0771,PERSON,ASSOCIATED_WITH,2026-06-30 00:00:00,0.05,0.54,LOCATION_0021
PERSON_0771,PERSON,PERSON_1116,PERSON,ASSOCIATED_WITH,2026-06-30 00:00:00,0.05,0.74,LOCATION_0021
PERSON_1116,PERSON,PERSON_1239,PERSON,ASSOCIATED_WITH,2026-06-30 00:00:00,0.05,0.56,LOCATION_0021
PERSON_1239,PERSON,PERSON_1301,PERSON,ASSOCIATED_WITH,2026-06-30 00:00:00,0.05,0.77,LOCATION_0021
PERSON_0077,PERSON,PERSON_0104,PERSON,ASSOCIATED_WITH,2026-06-30 00:00:00,0.05,0.52,LOCATION_0023
PERSON_0104,PERSON,PERSON_0116,PERSON,ASSOCIATED_WITH,2026-06-30 00:00:00,0.05,0.57,LOCATION_0023
PERSON_0116,PERSON,PERSON_0204,PERSON,ASSOCIATED_WITH,2026-06-30 00:00:00,0.05,0.65,LOCATION_0023
PERSON_0204,PERSON,PERSON_0324,PERSON,ASSOCIATED_WITH,2026-06-30 00:00:00,0.05,0.68,LOCATION_0023
PERSON_0324,PERSON,PERSON_0326,PERSON,ASSOCIATED_WITH,2026-06-30 00:00:00,0.05,0.65,LOCATION_0023
PERSON_0326,PERSON,PERSON_0856,PERSON,ASSOCIATED_WITH,2026-06-30 00:00:00,0.05,0.56,LOCATION_0023
PERSON_0856,PERSON,PERSON_0890,PERSON,ASSOCIATED_WITH,2026-06-30 00:00:00,0.05,0.6,LOCATION_0023
PERSON_0890,PERSON,PERSON_1135,PERSON,ASSOCIATED_WITH,2026-06-30 00:00:00,0.05,0.57,LOCATION_0023
PERSON_1135,PERSON,PERSON_1478,PERSON,ASSOCIATED_WITH,2026-06-30 00:00:00,0.05,0.55,LOCATION_0023
PERSON_1217,PERSON,PERSON_1369,PERSON,ASSOCIATED_WITH,2026-06-30 00:00:00,0.05,0.7,LOCATION_0024
PERSON_0263,PERSON,PERSON_0744,PERSON,ASSOCIATED_WITH,2026-06-30 00:00:00,0.05,0.75,LOCATION_0025
PERSON_0744,PERSON,PERSON_1211,PERSON,ASSOCIATED_WITH,2026-06-30 00:00:00,0.05,0.53,LOCATION_0025
PERSON_0170,PERSON,PERSON_0677,PERSON,ASSOCIATED_WITH,2026-06-30 00:00:00,0.05,0.72,LOCATION_0026
PERSON_0677,PERSON,PERSON_0786,PERSON,ASSOCIATED_WITH,2026-06-30 00:00:00,0.05,0.83,LOCATION_0026
PERSON_0786,PERSON,PERSON_0829,PERSON,ASSOCIATED_WITH,2026-06-30 00:00:00,0.05,0.53,LOCATION_0026
PERSON_0829,PERSON,PERSON_1020,PERSON,ASSOCIATED_WITH,2026-06-30 00:00:00,0.05,0.74,LOCATION_0026
PERSON_1020,PERSON,PERSON_1317,PERSON,ASSOCIATED_WITH,2026-06-30 00:00:00,0.05,0.63,LOCATION_0026
PERSON_1317,PERSON,PERSON_1360,PERSON,ASSOCIATED_WITH,2026-06-30 00:00:00,0.05,0.64,LOCATION_0026
PERSON_0732,PERSON,PERSON_0880,PERSON,ASSOCIATED_WITH,2026-06-30 00:00:00,0.05,0.77,LOCATION_0027
PERSON_0880,PERSON,PERSON_0901,PERSON,ASSOCIATED_WITH,2026-06-30 00:00:00,0.05,0.81,LOCATION_0027
PERSON_0140,PERSON,PERSON_0915,PERSON,ASSOCIATED_WITH,2026-06-30 00:00:00,0.05,0.68,LOCATION_0028
PERSON_0915,PERSON,PERSON_1256,PERSON,ASSOCIATED_WITH,2026-06-30 00:00:00,0.05,0.81,LOCATION_0028
PERSON_0124,PERSON,PERSON_0318,PERSON,ASSOCIATED_WITH,2026-06-30 00:00:00,0.05,0.73,LOCATION_0029
PERSON_0318,PERSON,PERSON_0950,PERSON,ASSOCIATED_WITH,2026-06-30 00:00:00,0.05,0.72,LOCATION_0029
PERSON_0950,PERSON,PERSON_1007,PERSON,ASSOCIATED_WITH,2026-06-30 00:00:00,0.05,0.56,LOCATION_0029
PERSON_1007,PERSON,PERSON_1252,PERSON,ASSOCIATED_WITH,2026-06-30 00:00:00,0.05,0.82,LOCATION_0029
PERSON_1252,PERSON,PERSON_1271,PERSON,ASSOCIATED_WITH,2026-06-30 00:00:00,0.05,0.72,LOCATION_0029
PERSON_1271,PERSON,PERSON_1483,PERSON,ASSOCIATED_WITH,2026-06-30 00:00:00,0.05,0.6,LOCATION_0029
PERSON_0011,PERSON,PERSON_0480,PERSON,ASSOCIATED_WITH,2026-06-30 00:00:00,0.05,0.61,LOCATION_0030
PERSON_0480,PERSON,PERSON_0680,PERSON,ASSOCIATED_WITH,2026-06-30 00:00:00,0.05,0.62,LOCATION_0030
PERSON_0680,PERSON,PERSON_0682,PERSON,ASSOCIATED_WITH,2026-06-30 00:00:00,0.05,0.7,LOCATION_0030
PERSON_0682,PERSON,PERSON_0757,PERSON,ASSOCIATED_WITH,2026-06-30 00:00:00,0.05,0.67,LOCATION_0030
PERSON_0757,PERSON,PERSON_1117,PERSON,ASSOCIATED_WITH,2026-06-30 00:00:00,0.05,0.53,LOCATION_0030
PERSON_1117,PERSON,PERSON_1144,PERSON,ASSOCIATED_WITH,2026-06-30 00:00:00,0.05,0.62,LOCATION_0030
PERSON_1144,PERSON,PERSON_1500,PERSON,ASSOCIATED_WITH,2026-06-30 00:00:00,0.05,0.81,LOCATION_0030
PERSON_0069,PERSON,PERSON_0242,PERSON,ASSOCIATED_WITH,2026-06-30 00:00:00,0.05,0.6,LOCATION_0031
PERSON_0242,PERSON,PERSON_0427,PERSON,ASSOCIATED_WITH,2026-06-30 00:00:00,0.05,0.56,LOCATION_0031
PERSON_0427,PERSON,PERSON_0442,PERSON,ASSOCIATED_WITH,2026-06-30 00:00:00,0.05,0.78,LOCATION_0031
PERSON_0442,PERSON,PERSON_0465,PERSON,ASSOCIATED_WITH,2026-06-30 00:00:00,0.05,0.63,LOCATION_0031
PERSON_0465,PERSON,PERSON_0759,PERSON,ASSOCIATED_WITH,2026-06-30 00:00:00,0.05,0.85,LOCATION_0031
PERSON_0759,PERSON,PERSON_1043,PERSON,ASSOCIATED_WITH,2026-06-30 00:00:00,0.05,0.58,LOCATION_0031
PERSON_1043,PERSON,PERSON_1370,PERSON,ASSOCIATED_WITH,2026-06-30 00:00:00,0.05,0.64,LOCATION_0031
PERSON_0056,PERSON,PERSON_0123,PERSON,ASSOCIATED_WITH,2026-06-30 00:00:00,0.05,0.59,LOCATION_0032
PERSON_0123,PERSON,PERSON_0143,PERSON,ASSOCIATED_WITH,2026-06-30 00:00:00,0.05,0.84,LOCATION_0032
PERSON_0143,PERSON,PERSON_0149,PERSON,ASSOCIATED_WITH,2026-06-30 00:00:00,0.05,0.56,LOCATION_0032
PERSON_0149,PERSON,PERSON_0352,PERSON,ASSOCIATED_WITH,2026-06-30 00:00:00,0.05,0.8,LOCATION_0032
PERSON_0352,PERSON,PERSON_1037,PERSON,ASSOCIATED_WITH,2026-06-30 00:00:00,0.05,0.68,LOCATION_0032
PERSON_0190,PERSON,PERSON_0920,PERSON,ASSOCIATED_WITH,2026-06-30 00:00:00,0.05,0.81,LOCATION_0033
PERSON_0920,PERSON,PERSON_0952,PERSON,ASSOCIATED_WITH,2026-06-30 00:00:00,0.05,0.84,LOCATION_0033
PERSON_0952,PERSON,PERSON_1052,PERSON,ASSOCIATED_WITH,2026-06-30 00:00:00,0.05,0.75,LOCATION_0033
PERSON_0097,PERSON,PERSON_0261,PERSON,ASSOCIATED_WITH,2026-06-30 00:00:00,0.05,0.67,LOCATION_0034
PERSON_0261,PERSON,PERSON_0689,PERSON,ASSOCIATED_WITH,2026-06-30 00:00:00,0.05,0.55,LOCATION_0034
PERSON_0689,PERSON,PERSON_0740,PERSON,ASSOCIATED_WITH,2026-06-30 00:00:00,0.05,0.6,LOCATION_0034
PERSON_0740,PERSON,PERSON_0847,PERSON,ASSOCIATED_WITH,2026-06-30 00:00:00,0.05,0.75,LOCATION_0034
PERSON_0847,PERSON,PERSON_0916,PERSON,ASSOCIATED_WITH,2026-06-30 00:00:00,0.05,0.53,LOCATION_0034
PERSON_0916,PERSON,PERSON_1073,PERSON,ASSOCIATED_WITH,2026-06-30 00:00:00,0.05,0.79,LOCATION_0034
PERSON_1073,PERSON,PERSON_1401,PERSON,ASSOCIATED_WITH,2026-06-30 00:00:00,0.05,0.62,LOCATION_0034
PERSON_1401,PERSON,PERSON_1406,PERSON,ASSOCIATED_WITH,2026-06-30 00:00:00,0.05,0.53,LOCATION_0034
PERSON_0025,PERSON,PERSON_0412,PERSON,ASSOCIATED_WITH,2026-06-30 00:00:00,0.05,0.51,LOCATION_0035
PERSON_0412,PERSON,PERSON_0725,PERSON,ASSOCIATED_WITH,2026-06-30 00:00:00,0.05,0.64,LOCATION_0035
PERSON_0344,PERSON,PERSON_0554,PERSON,ASSOCIATED_WITH,2026-06-30 00:00:00,0.05,0.74,LOCATION_0036
PERSON_0554,PERSON,PERSON_0728,PERSON,ASSOCIATED_WITH,2026-06-30 00:00:00,0.05,0.51,LOCATION_0036
PERSON_0728,PERSON,PERSON_1275,PERSON,ASSOCIATED_WITH,2026-06-30 00:00:00,0.05,0.65,LOCATION_0036
PERSON_1275,PERSON,PERSON_1326,PERSON,ASSOCIATED_WITH,2026-06-30 00:00:00,0.05,0.59,LOCATION_0036
PERSON_1326,PERSON,PERSON_1356,PERSON,ASSOCIATED_WITH,2026-06-30 00:00:00,0.05,0.78,LOCATION_0036
PERSON_0129,PERSON,PERSON_0569,PERSON,ASSOCIATED_WITH,2026-06-30 00:00:00,0.05,0.53,LOCATION_0037
PERSON_0569,PERSON,PERSON_0601,PERSON,ASSOCIATED_WITH,2026-06-30 00:00:00,0.05,0.6,LOCATION_0037
PERSON_0601,PERSON,PERSON_0666,PERSON,ASSOCIATED_WITH,2026-06-30 00:00:00,0.05,0.71,LOCATION_0037
PERSON_0666,PERSON,PERSON_0748,PERSON,ASSOCIATED_WITH,2026-06-30 00:00:00,0.05,0.65,LOCATION_0037
PERSON_0748,PERSON,PERSON_0912,PERSON,ASSOCIATED_WITH,2026-06-30 00:00:00,0.05,0.53,LOCATION_0037
PERSON_0912,PERSON,PERSON_1313,PERSON,ASSOCIATED_WITH,2026-06-30 00:00:00,0.05,0.54,LOCATION_0037
PERSON_1313,PERSON,PERSON_1467,PERSON,ASSOCIATED_WITH,2026-06-30 00:00:00,0.05,0.85,LOCATION_0037
PERSON_1073,PERSON,PERSON_1196,PERSON,TRAVELLED_WITH,2026-06-30 00:00:00,0.45,0.85,COTRAVEL_STRONG_001
PERSON_0106,PERSON,PERSON_0677,PERSON,TRAVELLED_WITH,2026-06-30 00:00:00,0.4,0.8,COTRAVEL_STRONG_002
PERSON_0915,PERSON,PERSON_0236,PERSON,TRAVELLED_WITH,2026-06-30 00:00:00,0.4,0.9,COTRAVEL_STRONG_003
PERSON_0772,PERSON,PERSON_0058,PERSON,TRAVELLED_WITH,2026-06-30 00:00:00,0.2,0.82,COTRAVEL_STRONG_004
PERSON_0144,PERSON,PERSON_1465,PERSON,TRAVELLED_WITH,2026-06-30 00:00:00,0.45,0.79,COTRAVEL_STRONG_005
PERSON_0084,PERSON,PERSON_0937,PERSON,TRAVELLED_WITH,2026-06-30 00:00:00,0.45,0.87,COTRAVEL_STRONG_006
PERSON_0248,PERSON,PERSON_1434,PERSON,TRAVELLED_WITH,2026-06-30 00:00:00,0.3,0.89,COTRAVEL_STRONG_007
PERSON_1119,PERSON,PERSON_0289,PERSON,TRAVELLED_WITH,2026-06-30 00:00:00,0.45,0.75,COTRAVEL_STRONG_008
PERSON_0671,PERSON,PERSON_1302,PERSON,TRAVELLED_WITH,2026-06-30 00:00:00,0.35,0.93,COTRAVEL_STRONG_009
PERSON_0080,PERSON,PERSON_1107,PERSON,TRAVELLED_WITH,2026-06-30 00:00:00,0.25,0.75,COTRAVEL_STRONG_010
PERSON_1276,PERSON,PERSON_1450,PERSON,TRAVELLED_WITH,2026-06-30 00:00:00,0.25,0.83,COTRAVEL_STRONG_011
PERSON_0607,PERSON,PERSON_1244,PERSON,TRAVELLED_WITH,2026-06-30 00:00:00,0.25,0.72,COTRAVEL_STRONG_012
PERSON_0942,PERSON,PERSON_1111,PERSON,TRAVELLED_WITH,2026-06-30 00:00:00,0.25,0.81,COTRAVEL_STRONG_013
PERSON_1433,PERSON,PERSON_0621,PERSON,TRAVELLED_WITH,2026-06-30 00:00:00,0.3,0.9,COTRAVEL_STRONG_014
PERSON_1004,PERSON,PERSON_0836,PERSON,TRAVELLED_WITH,2026-06-30 00:00:00,0.4,0.74,COTRAVEL_STRONG_015
PERSON_0950,PERSON,PERSON_1295,PERSON,TRAVELLED_WITH,2026-06-30 00:00:00,0.2,0.9,COTRAVEL_STRONG_016
PERSON_1140,PERSON,PERSON_1082,PERSON,TRAVELLED_WITH,2026-06-30 00:00:00,0.2,0.81,COTRAVEL_STRONG_017
PERSON_0178,PERSON,PERSON_0934,PERSON,TRAVELLED_WITH,2026-06-30 00:00:00,0.4,0.83,COTRAVEL_STRONG_018
PERSON_0978,PERSON,PERSON_0830,PERSON,TRAVELLED_WITH,2026-06-30 00:00:00,0.25,0.86,COTRAVEL_STRONG_019
PERSON_0279,PERSON,PERSON_1446,PERSON,TRAVELLED_WITH,2026-06-30 00:00:00,0.25,0.82,COTRAVEL_STRONG_020
PERSON_0222,PERSON,PERSON_0377,PERSON,TRAVELLED_WITH,2026-06-30 00:00:00,0.3,0.93,COTRAVEL_STRONG_021
PERSON_0914,PERSON,PERSON_0217,PERSON,TRAVELLED_WITH,2026-06-30 00:00:00,0.4,0.88,COTRAVEL_STRONG_022
PERSON_1130,PERSON,PERSON_0047,PERSON,TRAVELLED_WITH,2026-06-30 00:00:00,0.35,0.73,COTRAVEL_STRONG_023
PERSON_0297,PERSON,PERSON_0960,PERSON,TRAVELLED_WITH,2026-06-30 00:00:00,0.25,0.75,COTRAVEL_STRONG_024
PERSON_0842,PERSON,PERSON_0570,PERSON,TRAVELLED_WITH,2026-06-30 00:00:00,0.35,0.73,COTRAVEL_STRONG_025
PERSON_0087,PERSON,PERSON_1003,PERSON,TRAVELLED_WITH,2026-06-30 00:00:00,0.4,0.76,COTRAVEL_STRONG_026
PERSON_1387,PERSON,PERSON_1479,PERSON,TRAVELLED_WITH,2026-06-30 00:00:00,0.25,0.86,COTRAVEL_STRONG_027
PERSON_0401,PERSON,PERSON_0933,PERSON,TRAVELLED_WITH,2026-06-30 00:00:00,0.25,0.93,COTRAVEL_STRONG_028
PERSON_0628,PERSON,PERSON_1115,PERSON,TRAVELLED_WITH,2026-06-30 00:00:00,0.35,0.83,COTRAVEL_STRONG_029
PERSON_1447,PERSON,PERSON_0693,PERSON,TRAVELLED_WITH,2026-06-30 00:00:00,0.4,0.77,COTRAVEL_STRONG_030
PERSON_0900,PERSON,PERSON_0042,PERSON,TRAVELLED_WITH,2026-06-30 00:00:00,0.45,0.74,COTRAVEL_STRONG_031
PERSON_0973,PERSON,PERSON_0626,PERSON,TRAVELLED_WITH,2026-06-30 00:00:00,0.2,0.87,COTRAVEL_STRONG_032
PERSON_1443,PERSON,PERSON_0711,PERSON,TRAVELLED_WITH,2026-06-30 00:00:00,0.2,0.79,COTRAVEL_STRONG_033
PERSON_1437,PERSON,PERSON_0549,PERSON,TRAVELLED_WITH,2026-06-30 00:00:00,0.25,0.82,COTRAVEL_STRONG_034
PERSON_0176,PERSON,PERSON_0149,PERSON,TRAVELLED_WITH,2026-06-30 00:00:00,0.35,0.87,COTRAVEL_STRONG_035
PERSON_0996,PERSON,PERSON_0129,PERSON,TRAVELLED_WITH,2026-06-30 00:00:00,0.25,0.89,COTRAVEL_STRONG_036
PERSON_0821,PERSON,PERSON_1141,PERSON,TRAVELLED_WITH,2026-06-30 00:00:00,0.35,0.91,COTRAVEL_STRONG_037
PERSON_0751,PERSON,PERSON_0613,PERSON,TRAVELLED_WITH,2026-06-30 00:00:00,0.45,0.91,COTRAVEL_STRONG_038
PERSON_0686,PERSON,PERSON_0816,PERSON,TRAVELLED_WITH,2026-06-30 00:00:00,0.2,0.93,COTRAVEL_STRONG_039
PERSON_0874,PERSON,PERSON_0923,PERSON,TRAVELLED_WITH,2026-06-30 00:00:00,0.4,0.8,COTRAVEL_STRONG_040
PERSON_0737,PERSON,PERSON_1370,PERSON,TRAVELLED_WITH,2026-06-30 00:00:00,0.4,0.73,COTRAVEL_STRONG_041
PERSON_0789,PERSON,PERSON_0334,PERSON,TRAVELLED_WITH,2026-06-30 00:00:00,0.3,0.73,COTRAVEL_STRONG_042
PERSON_0438,PERSON,PERSON_0373,PERSON,TRAVELLED_WITH,2026-06-30 00:00:00,0.35,0.7,COTRAVEL_STRONG_043
PERSON_0201,PERSON,PERSON_0164,PERSON,TRAVELLED_WITH,2026-06-30 00:00:00,0.3,0.85,COTRAVEL_STRONG_044
PERSON_0061,PERSON,PERSON_1341,PERSON,TRAVELLED_WITH,2026-06-30 00:00:00,0.3,0.77,COTRAVEL_STRONG_045
PERSON_0477,PERSON,PERSON_0431,PERSON,TRAVELLED_WITH,2026-06-30 00:00:00,0.25,0.87,COTRAVEL_STRONG_046
PERSON_0792,PERSON,PERSON_1436,PERSON,TRAVELLED_WITH,2026-06-30 00:00:00,0.35,0.83,COTRAVEL_STRONG_047
PERSON_1435,PERSON,PERSON_0833,PERSON,TRAVELLED_WITH,2026-06-30 00:00:00,0.4,0.74,COTRAVEL_STRONG_048
PERSON_0177,PERSON,PERSON_0861,PERSON,TRAVELLED_WITH,2026-06-30 00:00:00,0.25,0.71,COTRAVEL_STRONG_049
PERSON_0370,PERSON,PERSON_0040,PERSON,TRAVELLED_WITH,2026-06-30 00:00:00,0.35,0.9,COTRAVEL_STRONG_050
PERSON_0486,PERSON,PERSON_0280,PERSON,TRAVELLED_WITH,2026-06-30 00:00:00,0.2,0.8,COTRAVEL_STRONG_051
PERSON_0406,PERSON,PERSON_0659,PERSON,TRAVELLED_WITH,2026-06-30 00:00:00,0.35,0.89,COTRAVEL_STRONG_052
PERSON_0889,PERSON,PERSON_0929,PERSON,TRAVELLED_WITH,2026-06-30 00:00:00,0.4,0.74,COTRAVEL_STRONG_053
PERSON_0558,PERSON,PERSON_0489,PERSON,TRAVELLED_WITH,2026-06-30 00:00:00,0.2,0.75,COTRAVEL_STRONG_054
PERSON_0017,PERSON,PERSON_0220,PERSON,TRAVELLED_WITH,2026-06-30 00:00:00,0.35,0.74,COTRAVEL_STRONG_055
PERSON_0503,PERSON,PERSON_1291,PERSON,CO_LOCATED,2026-06-30 00:00:00,0.05,0.53,COTRAVEL_WEAK_001
PERSON_0104,PERSON,PERSON_0082,PERSON,CO_LOCATED,2026-06-30 00:00:00,0.05,0.34,COTRAVEL_WEAK_002
PERSON_0450,PERSON,PERSON_0715,PERSON,CO_LOCATED,2026-06-30 00:00:00,0.05,0.39,COTRAVEL_WEAK_003
PERSON_0600,PERSON,PERSON_0771,PERSON,CO_LOCATED,2026-06-30 00:00:00,0.05,0.31,COTRAVEL_WEAK_004
PERSON_0093,PERSON,PERSON_1206,PERSON,CO_LOCATED,2026-06-30 00:00:00,0.05,0.4,COTRAVEL_WEAK_005
PERSON_1410,PERSON,PERSON_0256,PERSON,CO_LOCATED,2026-06-30 00:00:00,0.05,0.39,COTRAVEL_WEAK_006
PERSON_0743,PERSON,PERSON_1198,PERSON,CO_LOCATED,2026-06-30 00:00:00,0.05,0.44,COTRAVEL_WEAK_007
PERSON_1033,PERSON,PERSON_0283,PERSON,CO_LOCATED,2026-06-30 00:00:00,0.05,0.55,COTRAVEL_WEAK_008
PERSON_0616,PERSON,PERSON_0829,PERSON,CO_LOCATED,2026-06-30 00:00:00,0.05,0.52,COTRAVEL_WEAK_009
PERSON_0083,PERSON,PERSON_0278,PERSON,CO_LOCATED,2026-06-30 00:00:00,0.05,0.46,COTRAVEL_WEAK_010
PERSON_1396,PERSON,PERSON_0894,PERSON,CO_LOCATED,2026-06-30 00:00:00,0.05,0.51,COTRAVEL_WEAK_011
PERSON_1296,PERSON,PERSON_0796,PERSON,CO_LOCATED,2026-06-30 00:00:00,0.05,0.31,COTRAVEL_WEAK_012
PERSON_0698,PERSON,PERSON_0173,PERSON,CO_LOCATED,2026-06-30 00:00:00,0.05,0.38,COTRAVEL_WEAK_013
PERSON_0352,PERSON,PERSON_1376,PERSON,CO_LOCATED,2026-06-30 00:00:00,0.05,0.36,COTRAVEL_WEAK_014
PERSON_0107,PERSON,PERSON_1139,PERSON,CO_LOCATED,2026-06-30 00:00:00,0.05,0.57,COTRAVEL_WEAK_015
PERSON_0318,PERSON,PERSON_1364,PERSON,CO_LOCATED,2026-06-30 00:00:00,0.05,0.57,COTRAVEL_WEAK_016
PERSON_1303,PERSON,PERSON_0679,PERSON,CO_LOCATED,2026-06-30 00:00:00,0.05,0.37,COTRAVEL_WEAK_017
PERSON_0221,PERSON,PERSON_0295,PERSON,CO_LOCATED,2026-06-30 00:00:00,0.05,0.32,COTRAVEL_WEAK_018
PERSON_0317,PERSON,PERSON_1212,PERSON,CO_LOCATED,2026-06-30 00:00:00,0.05,0.55,COTRAVEL_WEAK_019
PERSON_0592,PERSON,PERSON_0802,PERSON,CO_LOCATED,2026-06-30 00:00:00,0.05,0.55,COTRAVEL_WEAK_020
PERSON_0702,PERSON,PERSON_0410,PERSON,CO_LOCATED,2026-06-30 00:00:00,0.05,0.56,COTRAVEL_WEAK_021
PERSON_1438,PERSON,PERSON_0768,PERSON,CO_LOCATED,2026-06-30 00:00:00,0.05,0.47,COTRAVEL_WEAK_022
PERSON_0062,PERSON,PERSON_1321,PERSON,CO_LOCATED,2026-06-30 00:00:00,0.05,0.58,COTRAVEL_WEAK_023
PERSON_0470,PERSON,PERSON_0067,PERSON,CO_LOCATED,2026-06-30 00:00:00,0.05,0.47,COTRAVEL_WEAK_024
PERSON_0264,PERSON,PERSON_0268,PERSON,CO_LOCATED,2026-06-30 00:00:00,0.05,0.51,COTRAVEL_WEAK_025
PERSON_0981,PERSON,PERSON_1154,PERSON,CO_LOCATED,2026-06-30 00:00:00,0.05,0.54,COTRAVEL_WEAK_026
PERSON_0452,PERSON,PERSON_0057,PERSON,CO_LOCATED,2026-06-30 00:00:00,0.05,0.39,COTRAVEL_WEAK_027
PERSON_0404,PERSON,PERSON_1386,PERSON,CO_LOCATED,2026-06-30 00:00:00,0.05,0.4,COTRAVEL_WEAK_028
PERSON_1054,PERSON,PERSON_1472,PERSON,CO_LOCATED,2026-06-30 00:00:00,0.05,0.59,COTRAVEL_WEAK_029
PERSON_1069,PERSON,PERSON_1243,PERSON,CO_LOCATED,2026-06-30 00:00:00,0.05,0.52,COTRAVEL_WEAK_030
PERSON_0922,PERSON,PERSON_1227,PERSON,CO_LOCATED,2026-06-30 00:00:00,0.05,0.43,COTRAVEL_WEAK_031
PERSON_1449,PERSON,PERSON_1135,PERSON,CO_LOCATED,2026-06-30 00:00:00,0.05,0.48,COTRAVEL_WEAK_032
PERSON_0050,PERSON,PERSON_1267,PERSON,CO_LOCATED,2026-06-30 00:00:00,0.05,0.6,COTRAVEL_WEAK_033
PERSON_0215,PERSON,PERSON_0448,PERSON,CO_LOCATED,2026-06-30 00:00:00,0.05,0.55,COTRAVEL_WEAK_034
PERSON_0865,PERSON,PERSON_0294,PERSON,CO_LOCATED,2026-06-30 00:00:00,0.05,0.33,COTRAVEL_WEAK_035
PERSON_0559,PERSON,PERSON_0319,PERSON,CO_LOCATED,2026-06-30 00:00:00,0.05,0.59,COTRAVEL_WEAK_036
PERSON_0454,PERSON,PERSON_0537,PERSON,CO_LOCATED,2026-06-30 00:00:00,0.05,0.47,COTRAVEL_WEAK_037
PERSON_1153,PERSON,PERSON_0263,PERSON,CO_LOCATED,2026-06-30 00:00:00,0.05,0.41,COTRAVEL_WEAK_038
PERSON_1161,PERSON,PERSON_0270,PERSON,CO_LOCATED,2026-06-30 00:00:00,0.05,0.35,COTRAVEL_WEAK_039
PERSON_1060,PERSON,PERSON_1312,PERSON,CO_LOCATED,2026-06-30 00:00:00,0.05,0.6,COTRAVEL_WEAK_040
PERSON_1002,PERSON,PERSON_1383,PERSON,CO_LOCATED,2026-06-30 00:00:00,0.05,0.38,COTRAVEL_WEAK_041
PERSON_0524,PERSON,PERSON_0029,PERSON,CO_LOCATED,2026-06-30 00:00:00,0.05,0.55,COTRAVEL_WEAK_042
PERSON_0269,PERSON,PERSON_0908,PERSON,CO_LOCATED,2026-06-30 00:00:00,0.05,0.36,COTRAVEL_WEAK_043
PERSON_1103,PERSON,PERSON_0938,PERSON,CO_LOCATED,2026-06-30 00:00:00,0.05,0.57,COTRAVEL_WEAK_044
PERSON_0266,PERSON,PERSON_1497,PERSON,CO_LOCATED,2026-06-30 00:00:00,0.05,0.41,COTRAVEL_WEAK_045
PERSON_0775,PERSON,PERSON_0275,PERSON,CO_LOCATED,2026-06-30 00:00:00,0.05,0.49,COTRAVEL_WEAK_046
PERSON_1408,PERSON,PERSON_0593,PERSON,CO_LOCATED,2026-06-30 00:00:00,0.05,0.41,COTRAVEL_WEAK_047
PERSON_1330,PERSON,PERSON_1400,PERSON,CO_LOCATED,2026-06-30 00:00:00,0.05,0.6,COTRAVEL_WEAK_048
PERSON_0864,PERSON,PERSON_0755,PERSON,CO_LOCATED,2026-06-30 00:00:00,0.05,0.43,COTRAVEL_WEAK_049
PERSON_1019,PERSON,PERSON_0697,PERSON,CO_LOCATED,2026-06-30 00:00:00,0.05,0.43,COTRAVEL_WEAK_050
PERSON_0795,PERSON,PERSON_0984,PERSON,CO_LOCATED,2026-06-30 00:00:00,0.05,0.35,COTRAVEL_WEAK_051
PERSON_0615,PERSON,PERSON_0636,PERSON,CO_LOCATED,2026-06-30 00:00:00,0.05,0.46,COTRAVEL_WEAK_052
PERSON_1099,PERSON,PERSON_1338,PERSON,CO_LOCATED,2026-06-30 00:00:00,0.05,0.45,COTRAVEL_WEAK_053
PERSON_0760,PERSON,PERSON_1016,PERSON,CO_LOCATED,2026-06-30 00:00:00,0.05,0.31,COTRAVEL_WEAK_054
PERSON_0238,PERSON,PERSON_0391,PERSON,CO_LOCATED,2026-06-30 00:00:00,0.05,0.54,COTRAVEL_WEAK_055
PERSON_1185,PERSON,PERSON_0345,PERSON,CO_LOCATED,2026-06-30 00:00:00,0.05,0.31,COTRAVEL_WEAK_056
PERSON_0793,PERSON,PERSON_1240,PERSON,CO_LOCATED,2026-06-30 00:00:00,0.05,0.37,COTRAVEL_WEAK_057
PERSON_0562,PERSON,PERSON_0290,PERSON,CO_LOCATED,2026-06-30 00:00:00,0.05,0.46,COTRAVEL_WEAK_058
PERSON_0039,PERSON,PERSON_1166,PERSON,CO_LOCATED,2026-06-30 00:00:00,0.05,0.57,COTRAVEL_WEAK_059
PERSON_0975,PERSON,PERSON_0976,PERSON,CO_LOCATED,2026-06-30 00:00:00,0.05,0.48,COTRAVEL_WEAK_060
PERSON_0692,PERSON,PERSON_1360,PERSON,CO_LOCATED,2026-06-30 00:00:00,0.05,0.31,COTRAVEL_WEAK_061
PERSON_0962,PERSON,PERSON_1290,PERSON,CO_LOCATED,2026-06-30 00:00:00,0.05,0.48,COTRAVEL_WEAK_062
PERSON_0603,PERSON,PERSON_0752,PERSON,CO_LOCATED,2026-06-30 00:00:00,0.05,0.37,COTRAVEL_WEAK_063
PERSON_1262,PERSON,PERSON_0650,PERSON,CO_LOCATED,2026-06-30 00:00:00,0.05,0.55,COTRAVEL_WEAK_064
PERSON_0288,PERSON,PERSON_1323,PERSON,CO_LOCATED,2026-06-30 00:00:00,0.05,0.31,COTRAVEL_WEAK_065
PERSON_0329,PERSON,PERSON_0955,PERSON,CO_LOCATED,2026-06-30 00:00:00,0.05,0.5,COTRAVEL_WEAK_066
PERSON_1342,PERSON,PERSON_0203,PERSON,CO_LOCATED,2026-06-30 00:00:00,0.05,0.56,COTRAVEL_WEAK_067
PERSON_0302,PERSON,PERSON_1265,PERSON,CO_LOCATED,2026-06-30 00:00:00,0.05,0.4,COTRAVEL_WEAK_068
PERSON_0872,PERSON,PERSON_1248,PERSON,CO_LOCATED,2026-06-30 00:00:00,0.05,0.47,COTRAVEL_WEAK_069
PERSON_1398,PERSON,PERSON_1349,PERSON,CO_LOCATED,2026-06-30 00:00:00,0.05,0.51,COTRAVEL_WEAK_070
PERSON_0732,PERSON,PERSON_1211,PERSON,CO_LOCATED,2026-06-30 00:00:00,0.05,0.31,COTRAVEL_WEAK_071
PERSON_1469,PERSON,PERSON_1170,PERSON,CO_LOCATED,2026-06-30 00:00:00,0.05,0.43,COTRAVEL_WEAK_072
PERSON_1336,PERSON,PERSON_1026,PERSON,CO_LOCATED,2026-06-30 00:00:00,0.05,0.51,COTRAVEL_WEAK_073
PERSON_0564,PERSON,PERSON_1499,PERSON,CO_LOCATED,2026-06-30 00:00:00,0.05,0.4,COTRAVEL_WEAK_074
PERSON_0208,PERSON,PERSON_0554,PERSON,CO_LOCATED,2026-06-30 00:00:00,0.05,0.45,COTRAVEL_WEAK_075
PERSON_0023,PERSON,PERSON_0428,PERSON,CO_LOCATED,2026-06-30 00:00:00,0.05,0.31,COTRAVEL_WEAK_076
PERSON_1313,PERSON,PERSON_0041,PERSON,CO_LOCATED,2026-06-30 00:00:00,0.05,0.34,COTRAVEL_WEAK_077
PERSON_0296,PERSON,PERSON_0500,PERSON,CO_LOCATED,2026-06-30 00:00:00,0.05,0.36,COTRAVEL_WEAK_078
PERSON_0117,PERSON,PERSON_0301,PERSON,CO_LOCATED,2026-06-30 00:00:00,0.05,0.55,COTRAVEL_WEAK_079
PERSON_0920,PERSON,PERSON_0951,PERSON,CO_LOCATED,2026-06-30 00:00:00,0.05,0.6,COTRAVEL_WEAK_080
PERSON_0573,PERSON,PERSON_0633,PERSON,CO_LOCATED,2026-06-30 00:00:00,0.05,0.51,COTRAVEL_WEAK_081
PERSON_1102,PERSON,PERSON_1418,PERSON,CO_LOCATED,2026-06-30 00:00:00,0.05,0.51,COTRAVEL_WEAK_082
PERSON_1412,PERSON,PERSON_0974,PERSON,CO_LOCATED,2026-06-30 00:00:00,0.05,0.43,COTRAVEL_WEAK_083
PERSON_0354,PERSON,PERSON_0608,PERSON,CO_LOCATED,2026-06-30 00:00:00,0.05,0.44,COTRAVEL_WEAK_084
PERSON_1404,PERSON,PERSON_0657,PERSON,CO_LOCATED,2026-06-30 00:00:00,0.05,0.42,COTRAVEL_WEAK_085
PERSON_0661,PERSON,PERSON_0941,PERSON,CO_LOCATED,2026-06-30 00:00:00,0.05,0.57,COTRAVEL_WEAK_086
PERSON_1245,PERSON,PERSON_0516,PERSON,CO_LOCATED,2026-06-30 00:00:00,0.05,0.56,COTRAVEL_WEAK_087
PERSON_0814,PERSON,PERSON_0660,PERSON,CO_LOCATED,2026-06-30 00:00:00,0.05,0.54,COTRAVEL_WEAK_088
PERSON_0063,PERSON,PERSON_0577,PERSON,CO_LOCATED,2026-06-30 00:00:00,0.05,0.53,COTRAVEL_WEAK_089
PERSON_0308,PERSON,PERSON_0748,PERSON,CO_LOCATED,2026-06-30 00:00:00,0.05,0.34,COTRAVEL_WEAK_090
PERSON_0605,PERSON,PERSON_0736,PERSON,CO_LOCATED,2026-06-30 00:00:00,0.05,0.31,COTRAVEL_WEAK_091
PERSON_0501,PERSON,PERSON_0578,PERSON,CO_LOCATED,2026-06-30 00:00:00,0.05,0.32,COTRAVEL_WEAK_092
PERSON_1452,PERSON,PERSON_1047,PERSON,CO_LOCATED,2026-06-30 00:00:00,0.05,0.31,COTRAVEL_WEAK_093
PERSON_0990,PERSON,PERSON_1236,PERSON,CO_LOCATED,2026-06-30 00:00:00,0.05,0.36,COTRAVEL_WEAK_094
PERSON_0032,PERSON,PERSON_0423,PERSON,CO_LOCATED,2026-06-30 00:00:00,0.05,0.32,COTRAVEL_WEAK_095
PERSON_0204,PERSON,PERSON_1216,PERSON,CO_LOCATED,2026-06-30 00:00:00,0.05,0.45,COTRAVEL_WEAK_096
PERSON_0353,PERSON,PERSON_0972,PERSON,CO_LOCATED,2026-06-30 00:00:00,0.05,0.46,COTRAVEL_WEAK_097
PERSON_0468,PERSON,PERSON_0458,PERSON,CO_LOCATED,2026-06-30 00:00:00,0.05,0.34,COTRAVEL_WEAK_098
PERSON_1460,PERSON,PERSON_1358,PERSON,CO_LOCATED,2026-06-30 00:00:00,0.05,0.49,COTRAVEL_WEAK_099
PERSON_0888,PERSON,PERSON_0412,PERSON,CO_LOCATED,2026-06-30 00:00:00,0.05,0.53,COTRAVEL_WEAK_100
PERSON_0904,PERSON,PERSON_1292,PERSON,CO_LOCATED,2026-06-30 00:00:00,0.05,0.31,COTRAVEL_WEAK_101
PERSON_0824,PERSON,PERSON_0260,PERSON,CO_LOCATED,2026-06-30 00:00:00,0.05,0.36,COTRAVEL_WEAK_102
PERSON_0427,PERSON,PERSON_0863,PERSON,CO_LOCATED,2026-06-30 00:00:00,0.05,0.51,COTRAVEL_WEAK_103
PERSON_0196,PERSON,PERSON_0089,PERSON,CO_LOCATED,2026-06-30 00:00:00,0.05,0.49,COTRAVEL_WEAK_104
PERSON_1280,PERSON,PERSON_1333,PERSON,CO_LOCATED,2026-06-30 00:00:00,0.05,0.59,COTRAVEL_WEAK_105
PERSON_0071,PERSON,PERSON_0868,PERSON,CO_LOCATED,2026-06-30 00:00:00,0.05,0.4,COTRAVEL_WEAK_106
PERSON_1137,PERSON,PERSON_0545,PERSON,CO_LOCATED,2026-06-30 00:00:00,0.05,0.54,COTRAVEL_WEAK_107
PERSON_1221,PERSON,PERSON_0906,PERSON,CO_LOCATED,2026-06-30 00:00:00,0.05,0.56,COTRAVEL_WEAK_108
PERSON_0137,PERSON,PERSON_0262,PERSON,CO_LOCATED,2026-06-30 00:00:00,0.05,0.52,COTRAVEL_WEAK_109
PERSON_0723,PERSON,PERSON_0646,PERSON,CO_LOCATED,2026-06-30 00:00:00,0.05,0.33,COTRAVEL_WEAK_110
PERSON_1009,PERSON,PERSON_0316,PERSON,CO_LOCATED,2026-06-30 00:00:00,0.05,0.52,COLOC_INNOCENT_001
PERSON_0898,PERSON,PERSON_0456,PERSON,CO_LOCATED,2026-06-30 00:00:00,0.05,0.44,COLOC_INNOCENT_002
PERSON_1381,PERSON,PERSON_0105,PERSON,CO_LOCATED,2026-06-30 00:00:00,0.05,0.42,COLOC_INNOCENT_003
PERSON_0794,PERSON,PERSON_1353,PERSON,CO_LOCATED,2026-06-30 00:00:00,0.05,0.49,COLOC_INNOCENT_004
PERSON_1253,PERSON,PERSON_0342,PERSON,CO_LOCATED,2026-06-30 00:00:00,0.05,0.46,COLOC_INNOCENT_005
PERSON_1380,PERSON,PERSON_0389,PERSON,CO_LOCATED,2026-06-30 00:00:00,0.05,0.46,COLOC_INNOCENT_006
PERSON_1453,PERSON,PERSON_0647,PERSON,CO_LOCATED,2026-06-30 00:00:00,0.05,0.49,COLOC_INNOCENT_007
PERSON_1080,PERSON,PERSON_0903,PERSON,CO_LOCATED,2026-06-30 00:00:00,0.05,0.3,COLOC_INNOCENT_008
PERSON_0350,PERSON,PERSON_1344,PERSON,CO_LOCATED,2026-06-30 00:00:00,0.05,0.39,COLOC_INNOCENT_009
PERSON_0552,PERSON,PERSON_0383,PERSON,CO_LOCATED,2026-06-30 00:00:00,0.05,0.37,COLOC_INNOCENT_010
PERSON_0560,PERSON,PERSON_1494,PERSON,CO_LOCATED,2026-06-30 00:00:00,0.05,0.4,COLOC_INNOCENT_011
PERSON_0399,PERSON,PERSON_0811,PERSON,CO_LOCATED,2026-06-30 00:00:00,0.05,0.4,COLOC_INNOCENT_012
PERSON_0734,PERSON,PERSON_0027,PERSON,CO_LOCATED,2026-06-30 00:00:00,0.05,0.32,COLOC_INNOCENT_013
PERSON_0827,PERSON,PERSON_1300,PERSON,CO_LOCATED,2026-06-30 00:00:00,0.05,0.37,COLOC_INNOCENT_014
PERSON_0094,PERSON,PERSON_0538,PERSON,CO_LOCATED,2026-06-30 00:00:00,0.05,0.4,COLOC_INNOCENT_015
PERSON_0474,PERSON,PERSON_1373,PERSON,CO_LOCATED,2026-06-30 00:00:00,0.05,0.53,COLOC_INNOCENT_016
PERSON_0130,PERSON,PERSON_1491,PERSON,CO_LOCATED,2026-06-30 00:00:00,0.05,0.46,COLOC_INNOCENT_017
PERSON_0443,PERSON,PERSON_0666,PERSON,CO_LOCATED,2026-06-30 00:00:00,0.05,0.37,COLOC_INNOCENT_018
PERSON_1332,PERSON,PERSON_0398,PERSON,CO_LOCATED,2026-06-30 00:00:00,0.05,0.44,COLOC_INNOCENT_019
PERSON_1229,PERSON,PERSON_0403,PERSON,CO_LOCATED,2026-06-30 00:00:00,0.05,0.36,COLOC_INNOCENT_020
PERSON_1257,PERSON,PERSON_0085,PERSON,CO_LOCATED,2026-06-30 00:00:00,0.05,0.53,COLOC_INNOCENT_021
PERSON_0101,PERSON,PERSON_0026,PERSON,CO_LOCATED,2026-06-30 00:00:00,0.05,0.36,COLOC_INNOCENT_022
PERSON_0124,PERSON,PERSON_0376,PERSON,CO_LOCATED,2026-06-30 00:00:00,0.05,0.43,COLOC_INNOCENT_023
PERSON_1487,PERSON,PERSON_1309,PERSON,CO_LOCATED,2026-06-30 00:00:00,0.05,0.32,COLOC_INNOCENT_024
PERSON_1039,PERSON,PERSON_1355,PERSON,CO_LOCATED,2026-06-30 00:00:00,0.05,0.41,COLOC_INNOCENT_025
PERSON_0003,PERSON,PERSON_0726,PERSON,CO_LOCATED,2026-06-30 00:00:00,0.05,0.33,COLOC_INNOCENT_026
PERSON_0756,PERSON,PERSON_0513,PERSON,CO_LOCATED,2026-06-30 00:00:00,0.05,0.4,COLOC_INNOCENT_027
PERSON_0531,PERSON,PERSON_1113,PERSON,CO_LOCATED,2026-06-30 00:00:00,0.05,0.42,COLOC_INNOCENT_028
PERSON_0642,PERSON,PERSON_0763,PERSON,CO_LOCATED,2026-06-30 00:00:00,0.05,0.43,COLOC_INNOCENT_029
PERSON_1007,PERSON,PERSON_0897,PERSON,CO_LOCATED,2026-06-30 00:00:00,0.05,0.48,COLOC_INNOCENT_030
PERSON_0310,PERSON,PERSON_0320,PERSON,CO_LOCATED,2026-06-30 00:00:00,0.05,0.54,COLOC_INNOCENT_031
PERSON_1017,PERSON,PERSON_0240,PERSON,CO_LOCATED,2026-06-30 00:00:00,0.05,0.37,COLOC_INNOCENT_032
PERSON_0799,PERSON,PERSON_1151,PERSON,CO_LOCATED,2026-06-30 00:00:00,0.05,0.38,COLOC_INNOCENT_033
PERSON_1279,PERSON,PERSON_1466,PERSON,CO_LOCATED,2026-06-30 00:00:00,0.05,0.34,COLOC_INNOCENT_034
PERSON_0426,PERSON,PERSON_0114,PERSON,CO_LOCATED,2026-06-30 00:00:00,0.05,0.37,COLOC_INNOCENT_035
PERSON_0663,PERSON,PERSON_1123,PERSON,CO_LOCATED,2026-06-30 00:00:00,0.05,0.37,COLOC_INNOCENT_036
PERSON_0192,PERSON,PERSON_0364,PERSON,CO_LOCATED,2026-06-30 00:00:00,0.05,0.39,COLOC_INNOCENT_037
PERSON_1104,PERSON,PERSON_0591,PERSON,CO_LOCATED,2026-06-30 00:00:00,0.05,0.44,COLOC_INNOCENT_038
PERSON_0580,PERSON,PERSON_0211,PERSON,CO_LOCATED,2026-06-30 00:00:00,0.05,0.41,COLOC_INNOCENT_039
PERSON_0617,PERSON,PERSON_1162,PERSON,CO_LOCATED,2026-06-30 00:00:00,0.05,0.34,COLOC_INNOCENT_040
PERSON_1088,PERSON,PERSON_1374,PERSON,CO_LOCATED,2026-06-30 00:00:00,0.05,0.52,COLOC_INNOCENT_041
PERSON_1087,PERSON,PERSON_0498,PERSON,CO_LOCATED,2026-06-30 00:00:00,0.05,0.32,COLOC_INNOCENT_042
PERSON_1091,PERSON,PERSON_1169,PERSON,CO_LOCATED,2026-06-30 00:00:00,0.05,0.35,COLOC_INNOCENT_043
PERSON_0825,PERSON,PERSON_0717,PERSON,CO_LOCATED,2026-06-30 00:00:00,0.05,0.55,COLOC_INNOCENT_044
PERSON_1006,PERSON,PERSON_0882,PERSON,CO_LOCATED,2026-06-30 00:00:00,0.05,0.45,COLOC_INNOCENT_045
PERSON_1297,PERSON,PERSON_1134,PERSON,CO_LOCATED,2026-06-30 00:00:00,0.05,0.33,COLOC_INNOCENT_046
PERSON_0536,PERSON,PERSON_0213,PERSON,CO_LOCATED,2026-06-30 00:00:00,0.05,0.35,COLOC_INNOCENT_047
PERSON_0435,PERSON,PERSON_0926,PERSON,CO_LOCATED,2026-06-30 00:00:00,0.05,0.31,COLOC_INNOCENT_048
PERSON_0072,PERSON,PERSON_0892,PERSON,CO_LOCATED,2026-06-30 00:00:00,0.05,0.49,COLOC_INNOCENT_049
PERSON_1132,PERSON,PERSON_0180,PERSON,CO_LOCATED,2026-06-30 00:00:00,0.05,0.52,COLOC_INNOCENT_050
PERSON_1459,PERSON,CASE_0001,CASE,APPEARED_IN_CASE,2025-08-30 04:24:50,0.05,0.89,FIR_0001
PERSON_1237,PERSON,CASE_0001,CASE,APPEARED_IN_CASE,2025-08-30 04:24:50,0.05,0.65,FIR_0001
PERSON_1104,PERSON,CASE_0002,CASE,APPEARED_IN_CASE,2025-07-31 02:37:23,0.05,0.79,FIR_0002
PERSON_0837,PERSON,CASE_0002,CASE,APPEARED_IN_CASE,2025-07-31 02:37:23,0.05,0.64,FIR_0002
PERSON_0833,PERSON,CASE_0003,CASE,APPEARED_IN_CASE,2025-10-16 02:03:43,0.05,0.77,FIR_0003
PERSON_0840,PERSON,CASE_0003,CASE,APPEARED_IN_CASE,2025-10-16 02:03:43,0.05,0.63,FIR_0003
PERSON_1060,PERSON,CASE_0004,CASE,APPEARED_IN_CASE,2025-11-18 23:19:44,0.05,0.72,FIR_0004
PERSON_0853,PERSON,CASE_0004,CASE,APPEARED_IN_CASE,2025-11-18 23:19:44,0.05,0.61,FIR_0004
PERSON_1468,PERSON,CASE_0005,CASE,APPEARED_IN_CASE,2025-05-14 16:02:21,0.05,0.94,FIR_0005
PERSON_0275,PERSON,CASE_0005,CASE,APPEARED_IN_CASE,2025-05-14 16:02:21,0.05,0.69,FIR_0005
PERSON_0266,PERSON,CASE_0006,CASE,APPEARED_IN_CASE,2026-01-01 11:52:31,0.05,0.88,FIR_0006
PERSON_0297,PERSON,CASE_0006,CASE,APPEARED_IN_CASE,2026-01-01 11:52:31,0.05,0.7,FIR_0006
PERSON_1303,PERSON,CASE_0007,CASE,APPEARED_IN_CASE,2025-01-20 15:26:00,0.05,0.71,FIR_0007
PERSON_0568,PERSON,CASE_0007,CASE,APPEARED_IN_CASE,2025-01-20 15:26:00,0.05,0.88,FIR_0007
PERSON_0398,PERSON,CASE_0008,CASE,APPEARED_IN_CASE,2025-05-12 15:08:40,0.05,0.84,FIR_0008
PERSON_0234,PERSON,CASE_0008,CASE,APPEARED_IN_CASE,2025-05-12 15:08:40,0.05,0.61,FIR_0008
PERSON_0945,PERSON,CASE_0009,CASE,APPEARED_IN_CASE,2025-12-02 19:55:34,0.05,0.9,FIR_0009
PERSON_1227,PERSON,CASE_0009,CASE,APPEARED_IN_CASE,2025-12-02 19:55:34,0.05,0.89,FIR_0009
PERSON_0030,PERSON,CASE_0010,CASE,APPEARED_IN_CASE,2025-10-20 19:19:44,0.05,0.72,FIR_0010
PERSON_0028,PERSON,CASE_0010,CASE,APPEARED_IN_CASE,2025-10-20 19:19:44,0.05,0.88,FIR_0010
PERSON_1007,PERSON,CASE_0011,CASE,APPEARED_IN_CASE,2025-06-18 06:34:20,0.05,0.77,FIR_0011
PERSON_0041,PERSON,CASE_0011,CASE,APPEARED_IN_CASE,2025-06-18 06:34:20,0.05,0.65,FIR_0011
PERSON_0580,PERSON,CASE_0012,CASE,APPEARED_IN_CASE,2025-04-05 18:34:43,0.05,0.84,FIR_0012
PERSON_0678,PERSON,CASE_0012,CASE,APPEARED_IN_CASE,2025-04-05 18:34:43,0.05,0.88,FIR_0012
PERSON_0804,PERSON,CASE_0013,CASE,APPEARED_IN_CASE,2025-09-17 17:27:59,0.05,0.87,FIR_0013
PERSON_0101,PERSON,CASE_0014,CASE,APPEARED_IN_CASE,2026-03-14 16:09:19,0.05,0.82,FIR_0014
PERSON_1140,PERSON,CASE_0015,CASE,APPEARED_IN_CASE,2025-04-28 23:38:55,0.05,0.85,FIR_0015
PERSON_0976,PERSON,CASE_0016,CASE,APPEARED_IN_CASE,2025-05-15 11:26:48,0.05,0.81,FIR_0016
PERSON_0518,PERSON,CASE_0017,CASE,APPEARED_IN_CASE,2024-07-12 20:28:49,0.05,0.86,FIR_0017
PERSON_1023,PERSON,CASE_0018,CASE,APPEARED_IN_CASE,2024-08-13 16:52:35,0.05,0.92,FIR_0018
PERSON_1033,PERSON,CASE_0019,CASE,APPEARED_IN_CASE,2025-02-13 16:32:16,0.05,0.89,FIR_0019
PERSON_0006,PERSON,CASE_0020,CASE,APPEARED_IN_CASE,2024-09-05 19:54:30,0.05,0.93,FIR_0020
PERSON_1312,PERSON,CASE_0021,CASE,APPEARED_IN_CASE,2025-11-22 04:20:11,0.05,0.71,FIR_0021
PERSON_0633,PERSON,CASE_0022,CASE,APPEARED_IN_CASE,2024-09-06 14:41:02,0.05,0.85,FIR_0022
PERSON_1381,PERSON,CASE_0023,CASE,APPEARED_IN_CASE,2026-02-13 20:51:46,0.05,0.78,FIR_0023
PERSON_0310,PERSON,CASE_0024,CASE,APPEARED_IN_CASE,2024-06-29 21:15:55,0.05,0.81,FIR_0024
PERSON_0613,PERSON,CASE_0025,CASE,APPEARED_IN_CASE,2025-10-10 19:13:46,0.05,0.8,FIR_0025
PERSON_0817,PERSON,CASE_0026,CASE,APPEARED_IN_CASE,2024-10-26 08:05:28,0.05,0.71,FIR_0026
PERSON_1172,PERSON,CASE_0027,CASE,APPEARED_IN_CASE,2024-08-25 22:38:57,0.05,0.78,FIR_0027
PERSON_1321,PERSON,CASE_0028,CASE,APPEARED_IN_CASE,2024-11-27 17:58:33,0.05,0.89,FIR_0028
PERSON_0386,PERSON,CASE_0029,CASE,APPEARED_IN_CASE,2024-07-18 12:29:57,0.05,0.79,FIR_0029
PERSON_1302,PERSON,CASE_0030,CASE,APPEARED_IN_CASE,2024-06-21 17:57:03,0.05,0.76,FIR_0030
PERSON_0744,PERSON,CASE_0031,CASE,APPEARED_IN_CASE,2025-05-02 12:38:38,0.05,0.95,FIR_0031
PERSON_1045,PERSON,CASE_0032,CASE,APPEARED_IN_CASE,2025-10-21 13:32:41,0.05,0.87,FIR_0032
PERSON_1498,PERSON,CASE_0033,CASE,APPEARED_IN_CASE,2024-08-28 13:57:46,0.05,0.84,FIR_0033
PERSON_0948,PERSON,CASE_0034,CASE,APPEARED_IN_CASE,2025-09-19 06:18:49,0.05,0.87,FIR_0034
PERSON_0958,PERSON,CASE_0035,CASE,APPEARED_IN_CASE,2024-09-05 13:09:41,0.05,0.92,FIR_0035
PERSON_1028,PERSON,CASE_0036,CASE,APPEARED_IN_CASE,2024-06-23 02:22:49,0.05,0.73,FIR_0036
PERSON_0395,PERSON,CASE_0037,CASE,APPEARED_IN_CASE,2025-12-20 03:57:25,0.05,0.94,FIR_0037
PERSON_0308,PERSON,CASE_0038,CASE,APPEARED_IN_CASE,2026-04-24 05:33:21,0.05,0.86,FIR_0038
PERSON_0374,PERSON,CASE_0039,CASE,APPEARED_IN_CASE,2025-03-25 18:32:00,0.05,0.7,FIR_0039
PERSON_0947,PERSON,CASE_0040,CASE,APPEARED_IN_CASE,2025-10-27 19:40:40,0.05,0.91,FIR_0040
PERSON_1179,PERSON,CASE_0041,CASE,APPEARED_IN_CASE,2024-07-04 05:20:46,0.05,0.82,FIR_0041
PERSON_1150,PERSON,CASE_0042,CASE,APPEARED_IN_CASE,2024-09-24 20:49:17,0.05,0.93,FIR_0042
PERSON_0379,PERSON,CASE_0043,CASE,APPEARED_IN_CASE,2025-01-31 01:39:33,0.05,0.82,FIR_0043
PERSON_0023,PERSON,CASE_0044,CASE,APPEARED_IN_CASE,2024-12-10 18:15:46,0.05,0.95,FIR_0044
PERSON_0514,PERSON,CASE_0045,CASE,APPEARED_IN_CASE,2026-01-15 06:55:48,0.05,0.7,FIR_0045
PERSON_0814,PERSON,CASE_0046,CASE,APPEARED_IN_CASE,2026-01-12 05:53:20,0.05,0.79,FIR_0046
PERSON_0075,PERSON,CASE_0047,CASE,APPEARED_IN_CASE,2024-09-12 13:08:26,0.05,0.75,FIR_0047
PERSON_0015,PERSON,CASE_0048,CASE,APPEARED_IN_CASE,2026-01-31 03:50:01,0.05,0.71,FIR_0048
PERSON_0366,PERSON,CASE_0049,CASE,APPEARED_IN_CASE,2025-10-02 05:09:40,0.05,0.76,FIR_0049
PERSON_0704,PERSON,CASE_0050,CASE,APPEARED_IN_CASE,2024-12-26 14:22:56,0.05,0.94,FIR_0050
PERSON_0399,PERSON,CASE_0051,CASE,APPEARED_IN_CASE,2025-05-28 00:46:10,0.05,0.87,FIR_0051
PERSON_0975,PERSON,CASE_0052,CASE,APPEARED_IN_CASE,2026-05-28 15:51:44,0.05,0.82,FIR_0052
PERSON_0441,PERSON,CASE_0053,CASE,APPEARED_IN_CASE,2025-10-11 13:55:54,0.05,0.89,FIR_0053
PERSON_0801,PERSON,CASE_0054,CASE,APPEARED_IN_CASE,2026-03-30 20:02:20,0.05,0.93,FIR_0054
PERSON_1266,PERSON,CASE_0055,CASE,APPEARED_IN_CASE,2025-05-10 01:12:03,0.05,0.7,FIR_0055
PERSON_0014,PERSON,CASE_0056,CASE,APPEARED_IN_CASE,2025-11-30 10:30:37,0.05,0.73,FIR_0056
PERSON_0185,PERSON,CASE_0057,CASE,APPEARED_IN_CASE,2025-08-11 08:59:06,0.05,0.89,FIR_0057
PERSON_0388,PERSON,CASE_0058,CASE,APPEARED_IN_CASE,2024-09-16 09:36:09,0.05,0.84,FIR_0058
PERSON_0175,PERSON,CASE_0059,CASE,APPEARED_IN_CASE,2024-06-20 12:36:43,0.05,0.75,FIR_0059
PERSON_0862,PERSON,CASE_0060,CASE,APPEARED_IN_CASE,2025-03-11 11:54:33,0.05,0.72,FIR_0060
PERSON_0477,PERSON,CASE_0061,CASE,APPEARED_IN_CASE,2025-04-18 11:19:47,0.05,0.83,FIR_0061
PERSON_0699,PERSON,CASE_0062,CASE,APPEARED_IN_CASE,2025-09-20 21:15:06,0.05,0.79,FIR_0062
PERSON_0262,PERSON,CASE_0063,CASE,APPEARED_IN_CASE,2024-12-12 23:02:13,0.05,0.89,FIR_0063
PERSON_0767,PERSON,CASE_0064,CASE,APPEARED_IN_CASE,2025-01-22 17:06:35,0.05,0.76,FIR_0064
PERSON_1196,PERSON,CASE_0065,CASE,APPEARED_IN_CASE,2025-11-14 15:36:57,0.05,0.83,FIR_0065
PERSON_1457,PERSON,CASE_0066,CASE,APPEARED_IN_CASE,2025-08-12 15:32:38,0.05,0.89,FIR_0066
PERSON_0902,PERSON,CASE_0067,CASE,APPEARED_IN_CASE,2025-05-08 01:34:16,0.05,0.91,FIR_0067
PERSON_1298,PERSON,CASE_0068,CASE,APPEARED_IN_CASE,2025-06-11 01:03:49,0.05,0.93,FIR_0068
PERSON_0274,PERSON,CASE_0069,CASE,APPEARED_IN_CASE,2025-10-12 17:26:24,0.05,0.72,FIR_0069
PERSON_0581,PERSON,CASE_0070,CASE,APPEARED_IN_CASE,2026-02-28 15:38:32,0.05,0.79,FIR_0070
PERSON_1239,PERSON,CASE_0071,CASE,APPEARED_IN_CASE,2025-01-20 05:29:46,0.05,0.82,FIR_0071
PERSON_0988,PERSON,CASE_0072,CASE,APPEARED_IN_CASE,2025-04-02 04:16:24,0.05,0.75,FIR_0072
PERSON_1482,PERSON,CASE_0073,CASE,APPEARED_IN_CASE,2025-07-21 10:07:06,0.05,0.79,FIR_0073
PERSON_1064,PERSON,CASE_0074,CASE,APPEARED_IN_CASE,2024-10-08 16:16:33,0.05,0.85,FIR_0074
PERSON_0128,PERSON,CASE_0075,CASE,APPEARED_IN_CASE,2024-07-20 16:29:44,0.05,0.84,FIR_0075
PERSON_1017,PERSON,CASE_0076,CASE,APPEARED_IN_CASE,2024-12-18 01:23:59,0.05,0.85,FIR_0076
PERSON_0260,PERSON,CASE_0077,CASE,APPEARED_IN_CASE,2025-09-05 22:30:16,0.05,0.8,FIR_0077
PERSON_0982,PERSON,CASE_0078,CASE,APPEARED_IN_CASE,2025-03-03 02:23:39,0.05,0.79,FIR_0078
PERSON_1382,PERSON,CASE_0079,CASE,APPEARED_IN_CASE,2025-05-23 03:59:43,0.05,0.83,FIR_0079
PERSON_1474,PERSON,CASE_0080,CASE,APPEARED_IN_CASE,2025-02-14 16:20:31,0.05,0.76,FIR_0080
PERSON_0777,PERSON,CASE_0081,CASE,APPEARED_IN_CASE,2024-09-18 14:03:00,0.05,0.94,FIR_0081
PERSON_0715,PERSON,CASE_0082,CASE,APPEARED_IN_CASE,2025-11-11 21:23:34,0.05,0.83,FIR_0082
PERSON_0232,PERSON,CASE_0083,CASE,APPEARED_IN_CASE,2024-10-25 17:25:35,0.05,0.86,FIR_0083
PERSON_0285,PERSON,CASE_0084,CASE,APPEARED_IN_CASE,2024-11-02 20:20:54,0.05,0.92,FIR_0084
PERSON_1154,PERSON,CASE_0085,CASE,APPEARED_IN_CASE,2024-12-21 09:22:03,0.05,0.81,FIR_0085
PERSON_1417,PERSON,CASE_0086,CASE,APPEARED_IN_CASE,2025-01-16 08:48:18,0.05,0.72,FIR_0086
PERSON_1009,PERSON,CASE_0087,CASE,APPEARED_IN_CASE,2024-11-19 10:55:19,0.05,0.86,FIR_0087
PERSON_0079,PERSON,CASE_0088,CASE,APPEARED_IN_CASE,2025-11-03 12:12:59,0.05,0.83,FIR_0088
PERSON_0507,PERSON,CASE_0089,CASE,APPEARED_IN_CASE,2024-10-12 12:26:04,0.05,0.89,FIR_0089
PERSON_0362,PERSON,CASE_0090,CASE,APPEARED_IN_CASE,2026-03-13 07:17:12,0.05,0.81,FIR_0090
PERSON_0739,PERSON,CASE_0091,CASE,APPEARED_IN_CASE,2024-07-31 16:02:18,0.05,0.76,FIR_0091
PERSON_0821,PERSON,CASE_0092,CASE,APPEARED_IN_CASE,2026-02-20 04:29:09,0.05,0.8,FIR_0092
PERSON_0476,PERSON,CASE_0093,CASE,APPEARED_IN_CASE,2024-11-17 05:26:56,0.05,0.79,FIR_0093
PERSON_0383,PERSON,CASE_0094,CASE,APPEARED_IN_CASE,2026-05-24 10:59:00,0.05,0.9,FIR_0094
PERSON_1176,PERSON,CASE_0095,CASE,APPEARED_IN_CASE,2024-08-23 01:12:19,0.05,0.95,FIR_0095
PERSON_1013,PERSON,CASE_0096,CASE,APPEARED_IN_CASE,2025-10-31 04:47:31,0.05,0.72,FIR_0096
PERSON_0111,PERSON,CASE_0097,CASE,APPEARED_IN_CASE,2026-03-20 01:39:03,0.05,0.88,FIR_0097
PERSON_0873,PERSON,CASE_0098,CASE,APPEARED_IN_CASE,2025-01-26 16:22:54,0.05,0.84,FIR_0098
PERSON_0675,PERSON,CASE_0099,CASE,APPEARED_IN_CASE,2024-12-04 10:27:59,0.05,0.78,FIR_0099
PERSON_0230,PERSON,CASE_0100,CASE,APPEARED_IN_CASE,2024-10-10 19:47:14,0.05,0.83,FIR_0100
PERSON_0523,PERSON,CASE_0101,CASE,APPEARED_IN_CASE,2026-03-05 21:04:36,0.05,0.83,FIR_0101
PERSON_1042,PERSON,CASE_0102,CASE,APPEARED_IN_CASE,2025-08-18 20:48:29,0.05,0.89,FIR_0102
PERSON_0097,PERSON,CASE_0103,CASE,APPEARED_IN_CASE,2025-03-19 13:40:51,0.05,0.71,FIR_0103
PERSON_0816,PERSON,CASE_0104,CASE,APPEARED_IN_CASE,2025-12-03 08:35:00,0.05,0.88,FIR_0104
PERSON_1372,PERSON,CASE_0105,CASE,APPEARED_IN_CASE,2025-07-14 18:59:04,0.05,0.75,FIR_0105
PERSON_0573,PERSON,CASE_0106,CASE,APPEARED_IN_CASE,2024-12-30 13:16:01,0.05,0.73,FIR_0106
PERSON_0778,PERSON,CASE_0107,CASE,APPEARED_IN_CASE,2025-10-01 08:56:56,0.05,0.92,FIR_0107
PERSON_1448,PERSON,CASE_0108,CASE,APPEARED_IN_CASE,2024-11-09 00:36:26,0.05,0.74,FIR_0108
PERSON_0086,PERSON,CASE_0109,CASE,APPEARED_IN_CASE,2025-07-04 08:53:45,0.05,0.89,FIR_0109
PERSON_1111,PERSON,CASE_0110,CASE,APPEARED_IN_CASE,2025-09-03 00:07:39,0.05,0.77,FIR_0110
PERSON_1463,PERSON,CASE_0111,CASE,APPEARED_IN_CASE,2024-08-06 11:20:56,0.05,0.84,FIR_0111
PERSON_1110,PERSON,CASE_0112,CASE,APPEARED_IN_CASE,2025-03-02 23:20:54,0.05,0.78,FIR_0112
PERSON_1308,PERSON,CASE_0113,CASE,APPEARED_IN_CASE,2026-01-30 09:40:40,0.05,0.74,FIR_0113
PERSON_1048,PERSON,CASE_0114,CASE,APPEARED_IN_CASE,2025-06-18 20:07:54,0.05,0.77,FIR_0114
PERSON_1189,PERSON,CASE_0115,CASE,APPEARED_IN_CASE,2025-02-23 19:27:12,0.05,0.76,FIR_0115
PERSON_1260,PERSON,CASE_0116,CASE,APPEARED_IN_CASE,2025-07-10 10:50:47,0.05,0.77,FIR_0116
PERSON_1394,PERSON,CASE_0117,CASE,APPEARED_IN_CASE,2025-02-18 05:31:43,0.05,0.75,FIR_0117
PERSON_0181,PERSON,CASE_0118,CASE,APPEARED_IN_CASE,2026-03-23 07:22:56,0.05,0.8,FIR_0118
PERSON_0446,PERSON,CASE_0119,CASE,APPEARED_IN_CASE,2025-06-21 19:25:37,0.05,0.85,FIR_0119
PERSON_1425,PERSON,CASE_0120,CASE,APPEARED_IN_CASE,2025-11-02 07:31:41,0.05,0.9,FIR_0120
PERSON_0564,PERSON,CASE_0121,CASE,APPEARED_IN_CASE,2025-05-07 05:48:31,0.05,0.83,FIR_0121
PERSON_1367,PERSON,CASE_0122,CASE,APPEARED_IN_CASE,2026-02-25 13:17:44,0.05,0.75,FIR_0122
PERSON_0656,PERSON,CASE_0123,CASE,APPEARED_IN_CASE,2026-04-12 05:45:41,0.05,0.79,FIR_0123
PERSON_0063,PERSON,CASE_0124,CASE,APPEARED_IN_CASE,2024-07-29 16:46:21,0.05,0.78,FIR_0124
PERSON_0492,PERSON,CASE_0125,CASE,APPEARED_IN_CASE,2025-10-09 07:18:28,0.05,0.92,FIR_0125
PERSON_0115,PERSON,CASE_0126,CASE,APPEARED_IN_CASE,2024-10-05 07:25:44,0.05,0.95,FIR_0126
PERSON_0528,PERSON,CASE_0127,CASE,APPEARED_IN_CASE,2025-08-31 04:49:41,0.05,0.73,FIR_0127
PERSON_0439,PERSON,CASE_0128,CASE,APPEARED_IN_CASE,2025-05-20 13:24:37,0.05,0.94,FIR_0128
PERSON_0005,PERSON,CASE_0129,CASE,APPEARED_IN_CASE,2024-09-06 07:00:23,0.05,0.88,FIR_0129
PERSON_0737,PERSON,CASE_0130,CASE,APPEARED_IN_CASE,2025-06-08 16:20:06,0.05,0.92,FIR_0130
PERSON_0103,PERSON,CASE_0131,CASE,APPEARED_IN_CASE,2025-03-10 01:24:45,0.05,0.76,FIR_0131
PERSON_1454,PERSON,CASE_0132,CASE,APPEARED_IN_CASE,2026-01-18 06:32:56,0.05,0.74,FIR_0132
PERSON_0208,PERSON,CASE_0133,CASE,APPEARED_IN_CASE,2025-08-23 22:16:31,0.05,0.7,FIR_0133
PERSON_0322,PERSON,CASE_0134,CASE,APPEARED_IN_CASE,2026-01-27 14:22:36,0.05,0.79,FIR_0134
PERSON_0597,PERSON,CASE_0135,CASE,APPEARED_IN_CASE,2026-01-23 09:27:42,0.05,0.86,FIR_0135
PERSON_1141,PERSON,CASE_0136,CASE,APPEARED_IN_CASE,2025-09-08 04:06:25,0.05,0.76,FIR_0136
PERSON_0271,PERSON,CASE_0137,CASE,APPEARED_IN_CASE,2024-06-11 15:28:09,0.05,0.88,FIR_0137
PERSON_0944,PERSON,CASE_0138,CASE,APPEARED_IN_CASE,2025-06-19 08:15:19,0.05,0.86,FIR_0138
PERSON_0305,PERSON,CASE_0139,CASE,APPEARED_IN_CASE,2024-07-17 17:48:31,0.05,0.75,FIR_0139
PERSON_0045,PERSON,CASE_0140,CASE,APPEARED_IN_CASE,2024-12-08 10:24:19,0.05,0.87,FIR_0140
PERSON_1180,PERSON,CASE_0141,CASE,APPEARED_IN_CASE,2026-04-25 20:12:21,0.05,0.84,FIR_0141
PERSON_0255,PERSON,CASE_0142,CASE,APPEARED_IN_CASE,2026-02-22 23:08:31,0.05,0.9,FIR_0142
PERSON_0795,PERSON,CASE_0143,CASE,APPEARED_IN_CASE,2025-01-24 19:56:41,0.05,0.72,FIR_0143
PERSON_1085,PERSON,CASE_0144,CASE,APPEARED_IN_CASE,2026-01-09 11:17:42,0.05,0.91,FIR_0144
PERSON_1254,PERSON,CASE_0145,CASE,APPEARED_IN_CASE,2025-02-17 20:56:41,0.05,0.72,FIR_0145
PERSON_1052,PERSON,CASE_0146,CASE,APPEARED_IN_CASE,2026-03-21 12:38:24,0.05,0.94,FIR_0146
PERSON_0546,PERSON,CASE_0147,CASE,APPEARED_IN_CASE,2025-02-22 11:42:07,0.05,0.93,FIR_0147
PERSON_1404,PERSON,CASE_0148,CASE,APPEARED_IN_CASE,2025-11-20 23:00:51,0.05,0.89,FIR_0148
PERSON_0520,PERSON,CASE_0149,CASE,APPEARED_IN_CASE,2024-10-22 06:25:26,0.05,0.89,FIR_0149
PERSON_0989,PERSON,CASE_0150,CASE,APPEARED_IN_CASE,2024-07-20 02:33:38,0.05,0.94,FIR_0150
PERSON_1481,PERSON,CASE_0151,CASE,APPEARED_IN_CASE,2024-10-31 17:20:52,0.05,0.91,FIR_0151
PERSON_0076,PERSON,CASE_0152,CASE,APPEARED_IN_CASE,2025-01-25 00:23:54,0.05,0.82,FIR_0152
PERSON_0487,PERSON,CASE_0153,CASE,APPEARED_IN_CASE,2024-11-04 02:32:04,0.05,0.8,FIR_0153
PERSON_1086,PERSON,CASE_0154,CASE,APPEARED_IN_CASE,2024-08-18 07:06:58,0.05,0.84,FIR_0154
PERSON_0578,PERSON,CASE_0155,CASE,APPEARED_IN_CASE,2025-03-16 04:33:57,0.05,0.95,FIR_0155
PERSON_0791,PERSON,CASE_0156,CASE,APPEARED_IN_CASE,2025-03-27 23:49:16,0.05,0.79,FIR_0156
PERSON_1228,PERSON,CASE_0157,CASE,APPEARED_IN_CASE,2024-12-31 06:47:10,0.05,0.81,FIR_0157
PERSON_0296,PERSON,CASE_0158,CASE,APPEARED_IN_CASE,2024-10-01 08:35:51,0.05,0.88,FIR_0158
PERSON_0051,PERSON,CASE_0159,CASE,APPEARED_IN_CASE,2025-04-10 11:54:29,0.05,0.87,FIR_0159
PERSON_0131,PERSON,CASE_0160,CASE,APPEARED_IN_CASE,2025-09-09 15:05:15,0.05,0.91,FIR_0160
PERSON_0474,PERSON,CASE_0161,CASE,APPEARED_IN_CASE,2025-11-18 17:18:54,0.05,0.87,FIR_0161
PERSON_1129,PERSON,CASE_0162,CASE,APPEARED_IN_CASE,2025-04-18 23:54:42,0.05,0.89,FIR_0162
PERSON_0499,PERSON,CASE_0163,CASE,APPEARED_IN_CASE,2024-07-09 20:24:57,0.05,0.87,FIR_0163
PERSON_0215,PERSON,CASE_0164,CASE,APPEARED_IN_CASE,2025-06-01 09:34:38,0.05,0.83,FIR_0164
PERSON_0418,PERSON,CASE_0165,CASE,APPEARED_IN_CASE,2024-07-19 17:22:54,0.05,0.86,FIR_0165
PERSON_0036,PERSON,CASE_0166,CASE,APPEARED_IN_CASE,2024-12-20 06:38:18,0.05,0.75,FIR_0166
PERSON_0584,PERSON,CASE_0167,CASE,APPEARED_IN_CASE,2024-10-10 19:07:40,0.05,0.93,FIR_0167
PERSON_1399,PERSON,CASE_0168,CASE,APPEARED_IN_CASE,2025-11-21 00:33:13,0.05,0.75,FIR_0168
PERSON_1400,PERSON,CASE_0169,CASE,APPEARED_IN_CASE,2025-05-30 11:53:03,0.05,0.88,FIR_0169
PERSON_0776,PERSON,CASE_0170,CASE,APPEARED_IN_CASE,2025-10-16 14:59:26,0.05,0.89,FIR_0170
PERSON_0421,PERSON,CASE_0171,CASE,APPEARED_IN_CASE,2024-08-17 02:44:17,0.05,0.91,FIR_0171
PERSON_0084,PERSON,CASE_0172,CASE,APPEARED_IN_CASE,2024-11-28 19:44:43,0.05,0.72,FIR_0172
PERSON_1032,PERSON,CASE_0173,CASE,APPEARED_IN_CASE,2025-08-29 19:23:13,0.05,0.95,FIR_0173
PERSON_0496,PERSON,CASE_0174,CASE,APPEARED_IN_CASE,2024-07-01 10:50:58,0.05,0.75,FIR_0174
PERSON_1392,PERSON,CASE_0175,CASE,APPEARED_IN_CASE,2025-05-29 16:52:11,0.05,0.76,FIR_0175
PERSON_1364,PERSON,CASE_0176,CASE,APPEARED_IN_CASE,2025-09-15 23:03:36,0.05,0.81,FIR_0176
PERSON_0575,PERSON,CASE_0177,CASE,APPEARED_IN_CASE,2026-03-27 19:28:14,0.05,0.87,FIR_0177
PERSON_0663,PERSON,CASE_0178,CASE,APPEARED_IN_CASE,2025-12-15 07:48:51,0.05,0.74,FIR_0178
PERSON_0661,PERSON,CASE_0179,CASE,APPEARED_IN_CASE,2025-02-15 21:57:41,0.05,0.9,FIR_0179
PERSON_0858,PERSON,CASE_0180,CASE,APPEARED_IN_CASE,2025-01-31 06:39:51,0.05,0.79,FIR_0180
PERSON_0508,PERSON,CASE_0181,CASE,APPEARED_IN_CASE,2026-05-17 10:35:01,0.05,0.89,FIR_0181
PERSON_1187,PERSON,CASE_0182,CASE,APPEARED_IN_CASE,2025-06-13 14:28:28,0.05,0.82,FIR_0182
PERSON_1178,PERSON,CASE_0183,CASE,APPEARED_IN_CASE,2024-11-11 06:03:08,0.05,0.71,FIR_0183
PERSON_0566,PERSON,CASE_0184,CASE,APPEARED_IN_CASE,2025-03-15 21:41:07,0.05,0.81,FIR_0184
PERSON_0239,PERSON,CASE_0185,CASE,APPEARED_IN_CASE,2025-08-30 15:08:10,0.05,0.86,FIR_0185
PERSON_1313,PERSON,CASE_0186,CASE,APPEARED_IN_CASE,2025-10-28 09:34:23,0.05,0.8,FIR_0186
PERSON_0153,PERSON,CASE_0187,CASE,APPEARED_IN_CASE,2025-11-28 00:06:50,0.05,0.78,FIR_0187
PERSON_0535,PERSON,CASE_0188,CASE,APPEARED_IN_CASE,2024-07-02 10:38:25,0.05,0.84,FIR_0188
PERSON_0662,PERSON,CASE_0189,CASE,APPEARED_IN_CASE,2025-01-18 10:50:33,0.05,0.85,FIR_0189
PERSON_0049,PERSON,CASE_0190,CASE,APPEARED_IN_CASE,2024-10-27 11:43:43,0.05,0.71,FIR_0190
PERSON_0033,PERSON,CASE_0191,CASE,APPEARED_IN_CASE,2024-06-11 20:44:29,0.05,0.72,FIR_0191
PERSON_1397,PERSON,CASE_0192,CASE,APPEARED_IN_CASE,2026-01-31 01:16:02,0.05,0.88,FIR_0192
PERSON_1152,PERSON,CASE_0193,CASE,APPEARED_IN_CASE,2026-01-12 09:16:49,0.05,0.86,FIR_0193
PERSON_1398,PERSON,CASE_0194,CASE,APPEARED_IN_CASE,2025-06-28 22:24:12,0.05,0.92,FIR_0194
PERSON_0786,PERSON,CASE_0195,CASE,APPEARED_IN_CASE,2025-04-09 06:21:07,0.05,0.94,FIR_0195
PERSON_0359,PERSON,CASE_0196,CASE,APPEARED_IN_CASE,2025-11-02 10:05:17,0.05,0.78,FIR_0196
PERSON_1071,PERSON,CASE_0197,CASE,APPEARED_IN_CASE,2025-07-31 13:56:18,0.05,0.9,FIR_0197
PERSON_0306,PERSON,CASE_0198,CASE,APPEARED_IN_CASE,2024-09-03 08:20:21,0.05,0.91,FIR_0198
PERSON_1465,PERSON,CASE_0199,CASE,APPEARED_IN_CASE,2024-10-28 21:11:24,0.05,0.82,FIR_0199
PERSON_0667,PERSON,CASE_0200,CASE,APPEARED_IN_CASE,2024-11-01 11:40:07,0.05,0.82,FIR_0200
PERSON_0420,PERSON,CASE_0201,CASE,APPEARED_IN_CASE,2024-11-14 07:43:29,0.05,0.92,FIR_0201
PERSON_1090,PERSON,CASE_0202,CASE,APPEARED_IN_CASE,2026-03-05 22:18:47,0.05,0.85,FIR_0202
PERSON_0942,PERSON,CASE_0203,CASE,APPEARED_IN_CASE,2024-08-13 07:10:39,0.05,0.91,FIR_0203
PERSON_0961,PERSON,CASE_0204,CASE,APPEARED_IN_CASE,2025-05-22 05:19:00,0.05,0.92,FIR_0204
PERSON_0973,PERSON,CASE_0205,CASE,APPEARED_IN_CASE,2025-02-02 03:50:44,0.05,0.93,FIR_0205
PERSON_0273,PERSON,CASE_0206,CASE,APPEARED_IN_CASE,2026-05-02 16:17:53,0.05,0.9,FIR_0206
PERSON_0465,PERSON,CASE_0207,CASE,APPEARED_IN_CASE,2025-04-26 14:19:55,0.05,0.87,FIR_0207
PERSON_1157,PERSON,CASE_0208,CASE,APPEARED_IN_CASE,2025-06-01 01:39:23,0.05,0.95,FIR_0208
PERSON_0664,PERSON,CASE_0209,CASE,APPEARED_IN_CASE,2025-08-12 11:58:51,0.05,0.71,FIR_0209
PERSON_0571,PERSON,CASE_0210,CASE,APPEARED_IN_CASE,2024-08-14 04:08:57,0.05,0.75,FIR_0210
PERSON_1244,PERSON,CASE_0211,CASE,APPEARED_IN_CASE,2024-06-15 02:23:07,0.05,0.95,FIR_0211
PERSON_1137,PERSON,CASE_0212,CASE,APPEARED_IN_CASE,2026-03-29 15:03:41,0.05,0.86,FIR_0212
PERSON_1494,PERSON,CASE_0213,CASE,APPEARED_IN_CASE,2025-09-08 11:05:58,0.05,0.74,FIR_0213
PERSON_0529,PERSON,CASE_0214,CASE,APPEARED_IN_CASE,2026-04-13 17:53:47,0.05,0.76,FIR_0214
PERSON_0435,PERSON,CASE_0215,CASE,APPEARED_IN_CASE,2024-07-29 16:51:51,0.05,0.92,FIR_0215
PERSON_0510,PERSON,CASE_0216,CASE,APPEARED_IN_CASE,2025-07-19 19:18:18,0.05,0.75,FIR_0216
PERSON_1326,PERSON,CASE_0217,CASE,APPEARED_IN_CASE,2025-05-25 00:14:51,0.05,0.85,FIR_0217
PERSON_0604,PERSON,CASE_0218,CASE,APPEARED_IN_CASE,2026-02-11 21:31:23,0.05,0.83,FIR_0218
PERSON_0114,PERSON,CASE_0219,CASE,APPEARED_IN_CASE,2024-11-09 21:11:08,0.05,0.88,FIR_0219
PERSON_0344,PERSON,CASE_0220,CASE,APPEARED_IN_CASE,2025-08-23 22:47:49,0.05,0.83,FIR_0220
PERSON_0841,PERSON,CASE_0221,CASE,APPEARED_IN_CASE,2025-03-21 15:38:57,0.05,0.78,FIR_0221
PERSON_0984,PERSON,CASE_0222,CASE,APPEARED_IN_CASE,2024-10-13 06:44:56,0.05,0.75,FIR_0222
PERSON_0024,PERSON,CASE_0223,CASE,APPEARED_IN_CASE,2025-10-25 00:16:41,0.05,0.85,FIR_0223
PERSON_0165,PERSON,CASE_0224,CASE,APPEARED_IN_CASE,2026-04-05 22:28:26,0.05,0.92,FIR_0224
PERSON_1408,PERSON,CASE_0225,CASE,APPEARED_IN_CASE,2025-11-18 22:29:05,0.05,0.78,FIR_0225
PERSON_0589,PERSON,CASE_0226,CASE,APPEARED_IN_CASE,2025-07-27 01:32:13,0.05,0.82,FIR_0226
PERSON_1083,PERSON,CASE_0227,CASE,APPEARED_IN_CASE,2026-04-29 22:57:46,0.05,0.91,FIR_0227
PERSON_0133,PERSON,CASE_0228,CASE,APPEARED_IN_CASE,2025-01-22 15:08:30,0.05,0.86,FIR_0228
PERSON_0054,PERSON,CASE_0229,CASE,APPEARED_IN_CASE,2024-10-13 23:02:49,0.05,0.93,FIR_0229
PERSON_1315,PERSON,CASE_0230,CASE,APPEARED_IN_CASE,2024-11-06 16:04:41,0.05,0.7,FIR_0230
PERSON_0318,PERSON,CASE_0231,CASE,APPEARED_IN_CASE,2025-03-11 20:43:44,0.05,0.9,FIR_0231
PERSON_0709,PERSON,CASE_0232,CASE,APPEARED_IN_CASE,2025-03-25 00:57:55,0.05,0.81,FIR_0232
PERSON_0312,PERSON,CASE_0233,CASE,APPEARED_IN_CASE,2024-07-16 13:46:34,0.05,0.74,FIR_0233
PERSON_0457,PERSON,CASE_0234,CASE,APPEARED_IN_CASE,2025-05-24 11:41:35,0.05,0.7,FIR_0234
PERSON_0218,PERSON,CASE_0235,CASE,APPEARED_IN_CASE,2025-05-13 05:15:03,0.05,0.95,FIR_0235
PERSON_0094,PERSON,CASE_0236,CASE,APPEARED_IN_CASE,2025-10-15 23:09:03,0.05,0.91,FIR_0236
PERSON_0020,PERSON,CASE_0237,CASE,APPEARED_IN_CASE,2025-12-06 22:22:54,0.05,0.74,FIR_0237
PERSON_0039,PERSON,CASE_0238,CASE,APPEARED_IN_CASE,2025-12-12 06:34:17,0.05,0.92,FIR_0238
PERSON_0186,PERSON,CASE_0239,CASE,APPEARED_IN_CASE,2024-11-06 18:30:45,0.05,0.7,FIR_0239
PERSON_1100,PERSON,CASE_0240,CASE,APPEARED_IN_CASE,2024-08-29 03:11:21,0.05,0.91,FIR_0240
PERSON_0272,PERSON,CASE_0241,CASE,APPEARED_IN_CASE,2025-05-03 14:50:23,0.05,0.92,FIR_0241
PERSON_0293,PERSON,CASE_0242,CASE,APPEARED_IN_CASE,2025-07-31 06:16:16,0.05,0.9,FIR_0242
PERSON_1004,PERSON,CASE_0243,CASE,APPEARED_IN_CASE,2025-11-05 20:53:34,0.05,0.79,FIR_0243
PERSON_0333,PERSON,CASE_0244,CASE,APPEARED_IN_CASE,2026-04-08 08:04:48,0.05,0.94,FIR_0244
PERSON_0393,PERSON,CASE_0245,CASE,APPEARED_IN_CASE,2024-12-03 05:57:12,0.05,0.81,FIR_0245
PERSON_0536,PERSON,CASE_0246,CASE,APPEARED_IN_CASE,2024-10-22 18:19:39,0.05,0.81,FIR_0246
PERSON_0815,PERSON,CASE_0247,CASE,APPEARED_IN_CASE,2026-05-06 06:49:32,0.05,0.78,FIR_0247
PERSON_0497,PERSON,CASE_0248,CASE,APPEARED_IN_CASE,2025-05-21 05:17:04,0.05,0.75,FIR_0248
PERSON_0337,PERSON,CASE_0249,CASE,APPEARED_IN_CASE,2024-08-22 20:13:40,0.05,0.75,FIR_0249
PERSON_1059,PERSON,CASE_0250,CASE,APPEARED_IN_CASE,2025-08-21 21:10:54,0.05,0.75,FIR_0250
PERSON_0141,PERSON,CASE_0251,CASE,APPEARED_IN_CASE,2025-10-17 13:19:00,0.05,0.81,FIR_0251
PERSON_1430,PERSON,CASE_0252,CASE,APPEARED_IN_CASE,2025-03-18 07:29:54,0.05,0.8,FIR_0252
PERSON_0176,PERSON,CASE_0253,CASE,APPEARED_IN_CASE,2025-06-11 10:48:22,0.05,0.85,FIR_0253
PERSON_0303,PERSON,CASE_0254,CASE,APPEARED_IN_CASE,2025-11-05 16:48:08,0.05,0.82,FIR_0254
PERSON_1409,PERSON,CASE_0255,CASE,APPEARED_IN_CASE,2026-03-12 14:21:31,0.05,0.71,FIR_0255
PERSON_0638,PERSON,CASE_0256,CASE,APPEARED_IN_CASE,2026-03-05 02:55:32,0.05,0.87,FIR_0256
PERSON_0350,PERSON,CASE_0257,CASE,APPEARED_IN_CASE,2025-03-16 04:05:26,0.05,0.82,FIR_0257
PERSON_0813,PERSON,CASE_0258,CASE,APPEARED_IN_CASE,2025-07-27 09:38:15,0.05,0.82,FIR_0258
PERSON_1147,PERSON,CASE_0259,CASE,APPEARED_IN_CASE,2025-05-25 20:15:04,0.05,0.85,FIR_0259
PERSON_1128,PERSON,CASE_0260,CASE,APPEARED_IN_CASE,2024-12-25 03:25:19,0.05,0.84,FIR_0260
PERSON_0654,PERSON,CASE_0261,CASE,APPEARED_IN_CASE,2024-10-23 17:53:29,0.05,0.9,FIR_0261
PERSON_0390,PERSON,CASE_0262,CASE,APPEARED_IN_CASE,2025-08-14 22:45:27,0.05,0.72,FIR_0262
PERSON_0354,PERSON,CASE_0263,CASE,APPEARED_IN_CASE,2024-11-20 21:50:08,0.05,0.79,FIR_0263
PERSON_0377,PERSON,CASE_0264,CASE,APPEARED_IN_CASE,2025-01-12 21:37:09,0.05,0.82,FIR_0264
PERSON_0936,PERSON,CASE_0265,CASE,APPEARED_IN_CASE,2025-05-16 08:08:03,0.05,0.93,FIR_0265
PERSON_0434,PERSON,CASE_0266,CASE,APPEARED_IN_CASE,2024-10-25 19:00:38,0.05,0.71,FIR_0266
PERSON_0693,PERSON,CASE_0267,CASE,APPEARED_IN_CASE,2025-10-11 08:14:20,0.05,0.77,FIR_0267
PERSON_0053,PERSON,CASE_0268,CASE,APPEARED_IN_CASE,2025-05-23 09:47:35,0.05,0.85,FIR_0268
PERSON_0755,PERSON,CASE_0269,CASE,APPEARED_IN_CASE,2024-07-11 00:56:55,0.05,0.76,FIR_0269
PERSON_0827,PERSON,CASE_0270,CASE,APPEARED_IN_CASE,2024-10-13 00:10:31,0.05,0.8,FIR_0270
PERSON_0625,PERSON,CASE_0271,CASE,APPEARED_IN_CASE,2025-01-17 13:43:21,0.05,0.92,FIR_0271
PERSON_1220,PERSON,CASE_0272,CASE,APPEARED_IN_CASE,2026-05-14 04:00:40,0.05,0.88,FIR_0272
PERSON_0034,PERSON,CASE_0273,CASE,APPEARED_IN_CASE,2025-05-10 04:01:33,0.05,0.78,FIR_0273
PERSON_0247,PERSON,CASE_0274,CASE,APPEARED_IN_CASE,2026-04-11 07:11:32,0.05,0.79,FIR_0274
PERSON_0635,PERSON,CASE_0275,CASE,APPEARED_IN_CASE,2025-05-28 13:59:23,0.05,0.79,FIR_0275
PERSON_1297,PERSON,CASE_0276,CASE,APPEARED_IN_CASE,2026-03-19 01:58:45,0.05,0.83,FIR_0276
PERSON_0074,PERSON,CASE_0277,CASE,APPEARED_IN_CASE,2025-03-31 01:20:14,0.05,0.89,FIR_0277
PERSON_1123,PERSON,CASE_0278,CASE,APPEARED_IN_CASE,2026-04-02 14:09:55,0.05,0.73,FIR_0278
PERSON_0691,PERSON,CASE_0279,CASE,APPEARED_IN_CASE,2025-10-26 13:54:30,0.05,0.79,FIR_0279
PERSON_0341,PERSON,CASE_0280,CASE,APPEARED_IN_CASE,2025-09-19 09:17:29,0.05,0.77,FIR_0280
PERSON_0450,PERSON,CASE_0281,CASE,APPEARED_IN_CASE,2025-07-13 16:20:11,0.05,0.86,FIR_0281
PERSON_0233,PERSON,CASE_0282,CASE,APPEARED_IN_CASE,2025-12-25 09:21:35,0.05,0.75,FIR_0282
PERSON_1093,PERSON,CASE_0283,CASE,APPEARED_IN_CASE,2025-09-20 04:24:32,0.05,0.83,FIR_0283
PERSON_0438,PERSON,CASE_0284,CASE,APPEARED_IN_CASE,2026-01-27 08:33:54,0.05,0.83,FIR_0284
PERSON_1245,PERSON,CASE_0285,CASE,APPEARED_IN_CASE,2026-01-18 18:49:05,0.05,0.77,FIR_0285
PERSON_1121,PERSON,CASE_0286,CASE,APPEARED_IN_CASE,2024-06-05 15:36:15,0.05,0.79,FIR_0286
PERSON_0346,PERSON,CASE_0287,CASE,APPEARED_IN_CASE,2025-09-24 17:19:14,0.05,0.83,FIR_0287
PERSON_0680,PERSON,CASE_0288,CASE,APPEARED_IN_CASE,2025-05-17 01:15:00,0.05,0.86,FIR_0288
PERSON_1395,PERSON,CASE_0289,CASE,APPEARED_IN_CASE,2026-01-24 16:51:47,0.05,0.82,FIR_0289
PERSON_0917,PERSON,CASE_0290,CASE,APPEARED_IN_CASE,2025-12-19 06:17:14,0.05,0.78,FIR_0290
PERSON_1040,PERSON,CASE_0291,CASE,APPEARED_IN_CASE,2025-10-11 04:27:25,0.05,0.81,FIR_0291
PERSON_0855,PERSON,CASE_0292,CASE,APPEARED_IN_CASE,2025-11-25 00:53:09,0.05,0.81,FIR_0292
PERSON_1246,PERSON,CASE_0293,CASE,APPEARED_IN_CASE,2024-12-29 20:48:46,0.05,0.87,FIR_0293
PERSON_1373,PERSON,CASE_0294,CASE,APPEARED_IN_CASE,2026-04-18 05:27:06,0.05,0.92,FIR_0294
PERSON_1274,PERSON,CASE_0295,CASE,APPEARED_IN_CASE,2024-12-26 00:30:38,0.05,0.84,FIR_0295
PERSON_0330,PERSON,CASE_0296,CASE,APPEARED_IN_CASE,2025-11-06 08:00:55,0.05,0.78,FIR_0296
PERSON_1431,PERSON,CASE_0297,CASE,APPEARED_IN_CASE,2026-02-03 15:42:22,0.05,0.9,FIR_0297
PERSON_1493,PERSON,CASE_0298,CASE,APPEARED_IN_CASE,2025-05-04 10:38:54,0.05,0.75,FIR_0298
PERSON_0155,PERSON,CASE_0299,CASE,APPEARED_IN_CASE,2026-01-31 13:33:14,0.05,0.81,FIR_0299
PERSON_1365,PERSON,CASE_0300,CASE,APPEARED_IN_CASE,2025-06-24 04:45:16,0.05,0.91,FIR_0300
PERSON_1476,PERSON,ORG_0054,ORGANIZATION,MEMBER_OF,2026-06-30 00:00:00,0.05,0.5,ORGREC_ORG_0054
PERSON_0026,PERSON,ORG_0054,ORGANIZATION,MEMBER_OF,2026-06-30 00:00:00,0.05,0.82,ORGREC_ORG_0054
PERSON_0397,PERSON,ORG_0054,ORGANIZATION,MEMBER_OF,2026-06-30 00:00:00,0.05,0.53,ORGREC_ORG_0054
PERSON_0721,PERSON,ORG_0054,ORGANIZATION,MEMBER_OF,2026-06-30 00:00:00,0.05,0.7,ORGREC_ORG_0054
PERSON_0547,PERSON,ORG_0054,ORGANIZATION,MEMBER_OF,2026-06-30 00:00:00,0.05,0.64,ORGREC_ORG_0054
PERSON_1104,PERSON,ORG_0204,ORGANIZATION,MEMBER_OF,2026-06-30 00:00:00,0.05,0.59,ORGREC_ORG_0204
PERSON_1226,PERSON,ORG_0204,ORGANIZATION,MEMBER_OF,2026-06-30 00:00:00,0.05,0.86,ORGREC_ORG_0204
PERSON_0969,PERSON,ORG_0204,ORGANIZATION,MEMBER_OF,2026-06-30 00:00:00,0.05,0.57,ORGREC_ORG_0204
PERSON_0463,PERSON,ORG_0204,ORGANIZATION,MEMBER_OF,2026-06-30 00:00:00,0.05,0.89,ORGREC_ORG_0204
PERSON_0829,PERSON,ORG_0204,ORGANIZATION,MEMBER_OF,2026-06-30 00:00:00,0.05,0.85,ORGREC_ORG_0204
PERSON_0486,PERSON,ORG_0028,ORGANIZATION,MEMBER_OF,2026-06-30 00:00:00,0.05,0.65,ORGREC_ORG_0028
PERSON_0833,PERSON,ORG_0028,ORGANIZATION,MEMBER_OF,2026-06-30 00:00:00,0.05,0.79,ORGREC_ORG_0028
PERSON_0851,PERSON,ORG_0028,ORGANIZATION,MEMBER_OF,2026-06-30 00:00:00,0.05,0.6,ORGREC_ORG_0028
PERSON_1031,PERSON,ORG_0028,ORGANIZATION,MEMBER_OF,2026-06-30 00:00:00,0.05,0.88,ORGREC_ORG_0028
PERSON_0705,PERSON,ORG_0028,ORGANIZATION,MEMBER_OF,2026-06-30 00:00:00,0.05,0.77,ORGREC_ORG_0028
PERSON_1060,PERSON,ORG_0289,ORGANIZATION,MEMBER_OF,2026-06-30 00:00:00,0.05,0.64,ORGREC_ORG_0289
PERSON_0720,PERSON,ORG_0289,ORGANIZATION,MEMBER_OF,2026-06-30 00:00:00,0.05,0.81,ORGREC_ORG_0289
PERSON_0950,PERSON,ORG_0289,ORGANIZATION,MEMBER_OF,2026-06-30 00:00:00,0.05,0.64,ORGREC_ORG_0289
PERSON_0606,PERSON,ORG_0289,ORGANIZATION,MEMBER_OF,2026-06-30 00:00:00,0.05,0.56,ORGREC_ORG_0289
PERSON_1008,PERSON,ORG_0017,ORGANIZATION,MEMBER_OF,2026-06-30 00:00:00,0.05,0.86,ORGREC_ORG_0017
PERSON_1002,PERSON,ORG_0017,ORGANIZATION,MEMBER_OF,2026-06-30 00:00:00,0.05,0.63,ORGREC_ORG_0017
PERSON_0807,PERSON,ORG_0017,ORGANIZATION,MEMBER_OF,2026-06-30 00:00:00,0.05,0.79,ORGREC_ORG_0017
PERSON_0591,PERSON,ORG_0017,ORGANIZATION,MEMBER_OF,2026-06-30 00:00:00,0.05,0.7,ORGREC_ORG_0017
PERSON_1190,PERSON,ORG_0003,ORGANIZATION,MEMBER_OF,2026-06-30 00:00:00,0.05,0.85,ORGREC_ORG_0003
PERSON_1170,PERSON,ORG_0003,ORGANIZATION,MEMBER_OF,2026-06-30 00:00:00,0.05,0.69,ORGREC_ORG_0003
PERSON_0266,PERSON,ORG_0003,ORGANIZATION,MEMBER_OF,2026-06-30 00:00:00,0.05,0.83,ORGREC_ORG_0003
PERSON_0660,PERSON,ORG_0003,ORGANIZATION,MEMBER_OF,2026-06-30 00:00:00,0.05,0.8,ORGREC_ORG_0003
PERSON_1352,PERSON,ORG_0003,ORGANIZATION,MEMBER_OF,2026-06-30 00:00:00,0.05,0.66,ORGREC_ORG_0003
PERSON_0219,PERSON,ORG_0003,ORGANIZATION,MEMBER_OF,2026-06-30 00:00:00,0.05,0.74,ORGREC_ORG_0003
PERSON_0854,PERSON,ORG_0003,ORGANIZATION,MEMBER_OF,2026-06-30 00:00:00,0.05,0.72,ORGREC_ORG_0003
PERSON_1282,PERSON,ORG_0003,ORGANIZATION,MEMBER_OF,2026-06-30 00:00:00,0.05,0.85,ORGREC_ORG_0003
PERSON_1056,PERSON,ORG_0003,ORGANIZATION,MEMBER_OF,2026-06-30 00:00:00,0.05,0.61,ORGREC_ORG_0003
PERSON_1186,PERSON,ORG_0003,ORGANIZATION,MEMBER_OF,2026-06-30 00:00:00,0.05,0.51,ORGREC_ORG_0003
PERSON_0790,PERSON,ORG_0003,ORGANIZATION,MEMBER_OF,2026-06-30 00:00:00,0.05,0.75,ORGREC_ORG_0003
PERSON_1499,PERSON,ORG_0183,ORGANIZATION,MEMBER_OF,2026-06-30 00:00:00,0.05,0.57,ORGREC_ORG_0183
PERSON_0037,PERSON,ORG_0183,ORGANIZATION,MEMBER_OF,2026-06-30 00:00:00,0.05,0.5,ORGREC_ORG_0183
PERSON_1449,PERSON,ORG_0183,ORGANIZATION,MEMBER_OF,2026-06-30 00:00:00,0.05,0.67,ORGREC_ORG_0183
PERSON_1303,PERSON,ORG_0183,ORGANIZATION,MEMBER_OF,2026-06-30 00:00:00,0.05,0.77,ORGREC_ORG_0183
PERSON_0766,PERSON,ORG_0183,ORGANIZATION,MEMBER_OF,2026-06-30 00:00:00,0.05,0.83,ORGREC_ORG_0183
PERSON_0171,PERSON,ORG_0183,ORGANIZATION,MEMBER_OF,2026-06-30 00:00:00,0.05,0.87,ORGREC_ORG_0183
PERSON_0298,PERSON,ORG_0183,ORGANIZATION,MEMBER_OF,2026-06-30 00:00:00,0.05,0.65,ORGREC_ORG_0183
PERSON_1250,PERSON,ORG_0183,ORGANIZATION,MEMBER_OF,2026-06-30 00:00:00,0.05,0.52,ORGREC_ORG_0183
PERSON_0554,PERSON,ORG_0183,ORGANIZATION,MEMBER_OF,2026-06-30 00:00:00,0.05,0.7,ORGREC_ORG_0183
PERSON_1353,PERSON,ORG_0183,ORGANIZATION,MEMBER_OF,2026-06-30 00:00:00,0.05,0.84,ORGREC_ORG_0183
PERSON_0398,PERSON,ORG_0182,ORGANIZATION,MEMBER_OF,2026-06-30 00:00:00,0.05,0.77,ORGREC_ORG_0182
PERSON_0736,PERSON,ORG_0182,ORGANIZATION,MEMBER_OF,2026-06-30 00:00:00,0.05,0.53,ORGREC_ORG_0182
PERSON_0198,PERSON,ORG_0182,ORGANIZATION,MEMBER_OF,2026-06-30 00:00:00,0.05,0.81,ORGREC_ORG_0182
PERSON_0970,PERSON,ORG_0182,ORGANIZATION,MEMBER_OF,2026-06-30 00:00:00,0.05,0.86,ORGREC_ORG_0182
PERSON_0050,PERSON,ORG_0182,ORGANIZATION,MEMBER_OF,2026-06-30 00:00:00,0.05,0.74,ORGREC_ORG_0182
PERSON_1438,PERSON,ORG_0182,ORGANIZATION,MEMBER_OF,2026-06-30 00:00:00,0.05,0.85,ORGREC_ORG_0182
PERSON_0779,PERSON,ORG_0182,ORGANIZATION,MEMBER_OF,2026-06-30 00:00:00,0.05,0.52,ORGREC_ORG_0182
PERSON_0517,PERSON,ORG_0182,ORGANIZATION,MEMBER_OF,2026-06-30 00:00:00,0.05,0.9,ORGREC_ORG_0182
PERSON_0671,PERSON,ORG_0255,ORGANIZATION,MEMBER_OF,2026-06-30 00:00:00,0.05,0.63,ORGREC_ORG_0255
PERSON_0639,PERSON,ORG_0255,ORGANIZATION,MEMBER_OF,2026-06-30 00:00:00,0.05,0.88,ORGREC_ORG_0255
PERSON_1203,PERSON,ORG_0255,ORGANIZATION,MEMBER_OF,2026-06-30 00:00:00,0.05,0.87,ORGREC_ORG_0255
PERSON_0302,PERSON,ORG_0255,ORGANIZATION,MEMBER_OF,2026-06-30 00:00:00,0.05,0.59,ORGREC_ORG_0255
PERSON_0727,PERSON,ORG_0255,ORGANIZATION,MEMBER_OF,2026-06-30 00:00:00,0.05,0.78,ORGREC_ORG_0255
PERSON_0032,PERSON,ORG_0255,ORGANIZATION,MEMBER_OF,2026-06-30 00:00:00,0.05,0.64,ORGREC_ORG_0255
PERSON_0104,PERSON,ORG_0119,ORGANIZATION,MEMBER_OF,2026-06-30 00:00:00,0.05,0.74,ORGREC_ORG_0119
PERSON_1433,PERSON,ORG_0119,ORGANIZATION,MEMBER_OF,2026-06-30 00:00:00,0.05,0.63,ORGREC_ORG_0119
PERSON_1483,PERSON,ORG_0119,ORGANIZATION,MEMBER_OF,2026-06-30 00:00:00,0.05,0.5,ORGREC_ORG_0119
PERSON_0974,PERSON,ORG_0119,ORGANIZATION,MEMBER_OF,2026-06-30 00:00:00,0.05,0.59,ORGREC_ORG_0119
PERSON_0985,PERSON,ORG_0119,ORGANIZATION,MEMBER_OF,2026-06-30 00:00:00,0.05,0.84,ORGREC_ORG_0119
PERSON_0467,PERSON,ORG_0119,ORGANIZATION,MEMBER_OF,2026-06-30 00:00:00,0.05,0.76,ORGREC_ORG_0119
PERSON_1171,PERSON,ORG_0119,ORGANIZATION,MEMBER_OF,2026-06-30 00:00:00,0.05,0.89,ORGREC_ORG_0119
PERSON_0713,PERSON,ORG_0119,ORGANIZATION,MEMBER_OF,2026-06-30 00:00:00,0.05,0.72,ORGREC_ORG_0119
PERSON_1242,PERSON,ORG_0015,ORGANIZATION,MEMBER_OF,2026-06-30 00:00:00,0.05,0.59,ORGREC_ORG_0015
PERSON_0256,PERSON,ORG_0015,ORGANIZATION,MEMBER_OF,2026-06-30 00:00:00,0.05,0.63,ORGREC_ORG_0015
PERSON_1376,PERSON,ORG_0015,ORGANIZATION,MEMBER_OF,2026-06-30 00:00:00,0.05,0.57,ORGREC_ORG_0015
PERSON_1412,PERSON,ORG_0015,ORGANIZATION,MEMBER_OF,2026-06-30 00:00:00,0.05,0.8,ORGREC_ORG_0015
PERSON_1464,PERSON,ORG_0015,ORGANIZATION,MEMBER_OF,2026-06-30 00:00:00,0.05,0.72,ORGREC_ORG_0015
PERSON_0423,PERSON,ORG_0116,ORGANIZATION,MEMBER_OF,2026-06-30 00:00:00,0.05,0.57,ORGREC_ORG_0116
PERSON_0784,PERSON,ORG_0116,ORGANIZATION,MEMBER_OF,2026-06-30 00:00:00,0.05,0.78,ORGREC_ORG_0116
PERSON_0580,PERSON,ORG_0116,ORGANIZATION,MEMBER_OF,2026-06-30 00:00:00,0.05,0.85,ORGREC_ORG_0116
PERSON_1204,PERSON,ORG_0116,ORGANIZATION,MEMBER_OF,2026-06-30 00:00:00,0.05,0.68,ORGREC_ORG_0116
PERSON_0269,PERSON,ORG_0116,ORGANIZATION,MEMBER_OF,2026-06-30 00:00:00,0.05,0.68,ORGREC_ORG_0116
PERSON_1213,PERSON,ORG_0091,ORGANIZATION,MEMBER_OF,2026-06-30 00:00:00,0.05,0.78,ORGREC_ORG_0091
PERSON_0955,PERSON,ORG_0116,ORGANIZATION,MEMBER_OF,2026-06-30 00:00:00,0.05,0.76,ORGREC_ORG_0116
PERSON_1208,PERSON,ORG_0008,ORGANIZATION,MEMBER_OF,2026-06-30 00:00:00,0.05,0.6,ORGREC_ORG_0008
PERSON_0922,PERSON,ORG_0142,ORGANIZATION,MEMBER_OF,2026-06-30 00:00:00,0.05,0.74,ORGREC_ORG_0142
PERSON_0090,PERSON,ORG_0295,ORGANIZATION,MEMBER_OF,2026-06-30 00:00:00,0.05,0.67,ORGREC_ORG_0295
PERSON_0988,PERSON,ORG_0070,ORGANIZATION,MEMBER_OF,2026-06-30 00:00:00,0.05,0.66,ORGREC_ORG_0070
PERSON_0991,PERSON,ORG_0231,ORGANIZATION,MEMBER_OF,2026-06-30 00:00:00,0.05,0.75,ORGREC_ORG_0231
PERSON_1496,PERSON,ORG_0204,ORGANIZATION,MEMBER_OF,2026-06-30 00:00:00,0.05,0.74,ORGREC_ORG_0204
PERSON_0435,PERSON,ORG_0241,ORGANIZATION,MEMBER_OF,2026-06-30 00:00:00,0.05,0.7,ORGREC_ORG_0241
PERSON_0061,PERSON,ORG_0139,ORGANIZATION,MEMBER_OF,2026-06-30 00:00:00,0.05,0.81,ORGREC_ORG_0139
PERSON_0317,PERSON,ORG_0058,ORGANIZATION,MEMBER_OF,2026-06-30 00:00:00,0.05,0.81,ORGREC_ORG_0058
PERSON_0783,PERSON,ORG_0134,ORGANIZATION,MEMBER_OF,2026-06-30 00:00:00,0.05,0.67,ORGREC_ORG_0134
PERSON_1426,PERSON,ORG_0196,ORGANIZATION,MEMBER_OF,2026-06-30 00:00:00,0.05,0.73,ORGREC_ORG_0196
PERSON_1360,PERSON,ORG_0015,ORGANIZATION,MEMBER_OF,2026-06-30 00:00:00,0.05,0.86,ORGREC_ORG_0015
PERSON_0214,PERSON,ORG_0023,ORGANIZATION,MEMBER_OF,2026-06-30 00:00:00,0.05,0.75,ORGREC_ORG_0023
PERSON_0637,PERSON,ORG_0266,ORGANIZATION,MEMBER_OF,2026-06-30 00:00:00,0.05,0.6,ORGREC_ORG_0266
PERSON_0680,PERSON,ORG_0148,ORGANIZATION,MEMBER_OF,2026-06-30 00:00:00,0.05,0.77,ORGREC_ORG_0148
PERSON_1323,PERSON,ORG_0023,ORGANIZATION,MEMBER_OF,2026-06-30 00:00:00,0.05,0.89,ORGREC_ORG_0023
PERSON_0262,PERSON,ORG_0182,ORGANIZATION,MEMBER_OF,2026-06-30 00:00:00,0.05,0.55,ORGREC_ORG_0182
PERSON_0808,PERSON,ORG_0240,ORGANIZATION,MEMBER_OF,2026-06-30 00:00:00,0.05,0.55,ORGREC_ORG_0240
PERSON_0306,PERSON,ORG_0270,ORGANIZATION,MEMBER_OF,2026-06-30 00:00:00,0.05,0.76,ORGREC_ORG_0270
PERSON_0816,PERSON,ORG_0074,ORGANIZATION,MEMBER_OF,2026-06-30 00:00:00,0.05,0.62,ORGREC_ORG_0074
PERSON_0469,PERSON,ORG_0164,ORGANIZATION,MEMBER_OF,2026-06-30 00:00:00,0.05,0.57,ORGREC_ORG_0164
PERSON_0685,PERSON,ORG_0133,ORGANIZATION,MEMBER_OF,2026-06-30 00:00:00,0.05,0.87,ORGREC_ORG_0133
PERSON_0015,PERSON,ORG_0210,ORGANIZATION,MEMBER_OF,2026-06-30 00:00:00,0.05,0.6,ORGREC_ORG_0210
PERSON_1181,PERSON,ORG_0089,ORGANIZATION,MEMBER_OF,2026-06-30 00:00:00,0.05,0.8,ORGREC_ORG_0089
PERSON_0395,PERSON,ORG_0008,ORGANIZATION,MEMBER_OF,2026-06-30 00:00:00,0.05,0.76,ORGREC_ORG_0008
PERSON_1019,PERSON,ORG_0093,ORGANIZATION,MEMBER_OF,2026-06-30 00:00:00,0.05,0.62,ORGREC_ORG_0093
PERSON_0022,PERSON,ORG_0031,ORGANIZATION,MEMBER_OF,2026-06-30 00:00:00,0.05,0.85,ORGREC_ORG_0031
PERSON_1178,PERSON,ORG_0100,ORGANIZATION,MEMBER_OF,2026-06-30 00:00:00,0.05,0.8,ORGREC_ORG_0100
PERSON_0832,PERSON,ORG_0034,ORGANIZATION,MEMBER_OF,2026-06-30 00:00:00,0.05,0.78,ORGREC_ORG_0034
PERSON_0919,PERSON,ORG_0262,ORGANIZATION,MEMBER_OF,2026-06-30 00:00:00,0.05,0.57,ORGREC_ORG_0262
PERSON_1334,PERSON,ORG_0006,ORGANIZATION,MEMBER_OF,2026-06-30 00:00:00,0.05,0.71,ORGREC_ORG_0006
PERSON_0433,PERSON,ORG_0078,ORGANIZATION,MEMBER_OF,2026-06-30 00:00:00,0.05,0.56,ORGREC_ORG_0078
PERSON_0546,PERSON,ORG_0039,ORGANIZATION,MEMBER_OF,2026-06-30 00:00:00,0.05,0.61,ORGREC_ORG_0039
PERSON_1110,PERSON,ORG_0145,ORGANIZATION,MEMBER_OF,2026-06-30 00:00:00,0.05,0.61,ORGREC_ORG_0145
PERSON_0453,PERSON,ORG_0131,ORGANIZATION,MEMBER_OF,2026-06-30 00:00:00,0.05,0.56,ORGREC_ORG_0131
PERSON_0568,PERSON,ORG_0097,ORGANIZATION,MEMBER_OF,2026-06-30 00:00:00,0.05,0.87,ORGREC_ORG_0097
PERSON_1257,PERSON,ORG_0160,ORGANIZATION,MEMBER_OF,2026-06-30 00:00:00,0.05,0.83,ORGREC_ORG_0160
PERSON_1093,PERSON,ORG_0298,ORGANIZATION,MEMBER_OF,2026-06-30 00:00:00,0.05,0.81,ORGREC_ORG_0298
PERSON_1215,PERSON,ORG_0297,ORGANIZATION,MEMBER_OF,2026-06-30 00:00:00,0.05,0.82,ORGREC_ORG_0297
PERSON_1147,PERSON,ORG_0112,ORGANIZATION,MEMBER_OF,2026-06-30 00:00:00,0.05,0.76,ORGREC_ORG_0112
PERSON_0424,PERSON,ORG_0220,ORGANIZATION,MEMBER_OF,2026-06-30 00:00:00,0.05,0.76,ORGREC_ORG_0220
PERSON_1439,PERSON,ORG_0060,ORGANIZATION,MEMBER_OF,2026-06-30 00:00:00,0.05,0.76,ORGREC_ORG_0060
PERSON_0070,PERSON,ORG_0052,ORGANIZATION,MEMBER_OF,2026-06-30 00:00:00,0.05,0.68,ORGREC_ORG_0052
PERSON_0868,PERSON,ORG_0087,ORGANIZATION,MEMBER_OF,2026-06-30 00:00:00,0.05,0.64,ORGREC_ORG_0087
PERSON_0914,PERSON,ORG_0081,ORGANIZATION,MEMBER_OF,2026-06-30 00:00:00,0.05,0.76,ORGREC_ORG_0081
PERSON_0314,PERSON,ORG_0050,ORGANIZATION,MEMBER_OF,2026-06-30 00:00:00,0.05,0.56,ORGREC_ORG_0050
PERSON_0333,PERSON,ORG_0111,ORGANIZATION,MEMBER_OF,2026-06-30 00:00:00,0.05,0.75,ORGREC_ORG_0111
PERSON_0390,PERSON,ORG_0262,ORGANIZATION,MEMBER_OF,2026-06-30 00:00:00,0.05,0.53,ORGREC_ORG_0262
PERSON_1028,PERSON,ORG_0019,ORGANIZATION,MEMBER_OF,2026-06-30 00:00:00,0.05,0.7,ORGREC_ORG_0019
PERSON_1337,PERSON,ORG_0283,ORGANIZATION,MEMBER_OF,2026-06-30 00:00:00,0.05,0.6,ORGREC_ORG_0283
PERSON_1309,PERSON,ORG_0297,ORGANIZATION,MEMBER_OF,2026-06-30 00:00:00,0.05,0.52,ORGREC_ORG_0297
PERSON_0750,PERSON,ORG_0297,ORGANIZATION,MEMBER_OF,2026-06-30 00:00:00,0.05,0.79,ORGREC_ORG_0297
PERSON_0460,PERSON,ORG_0147,ORGANIZATION,MEMBER_OF,2026-06-30 00:00:00,0.05,0.59,ORGREC_ORG_0147
PERSON_1330,PERSON,ORG_0275,ORGANIZATION,MEMBER_OF,2026-06-30 00:00:00,0.05,0.61,ORGREC_ORG_0275
PERSON_0321,PERSON,ORG_0012,ORGANIZATION,MEMBER_OF,2026-06-30 00:00:00,0.05,0.51,ORGREC_ORG_0012
PERSON_1298,PERSON,ORG_0143,ORGANIZATION,MEMBER_OF,2026-06-30 00:00:00,0.05,0.52,ORGREC_ORG_0143
PERSON_1465,PERSON,ORG_0243,ORGANIZATION,MEMBER_OF,2026-06-30 00:00:00,0.05,0.72,ORGREC_ORG_0243
PERSON_0208,PERSON,ORG_0177,ORGANIZATION,MEMBER_OF,2026-06-30 00:00:00,0.05,0.87,ORGREC_ORG_0177
PERSON_1044,PERSON,ORG_0206,ORGANIZATION,MEMBER_OF,2026-06-30 00:00:00,0.05,0.53,ORGREC_ORG_0206
PERSON_0716,PERSON,ORG_0176,ORGANIZATION,MEMBER_OF,2026-06-30 00:00:00,0.05,0.87,ORGREC_ORG_0176
PERSON_0543,PERSON,ORG_0167,ORGANIZATION,MEMBER_OF,2026-06-30 00:00:00,0.05,0.54,ORGREC_ORG_0167
PERSON_0280,PERSON,ORG_0267,ORGANIZATION,MEMBER_OF,2026-06-30 00:00:00,0.05,0.62,ORGREC_ORG_0267
PERSON_0894,PERSON,ORG_0073,ORGANIZATION,MEMBER_OF,2026-06-30 00:00:00,0.05,0.86,ORGREC_ORG_0073
PERSON_1286,PERSON,ORG_0172,ORGANIZATION,MEMBER_OF,2026-06-30 00:00:00,0.05,0.5,ORGREC_ORG_0172
PERSON_0923,PERSON,ORG_0107,ORGANIZATION,MEMBER_OF,2026-06-30 00:00:00,0.05,0.82,ORGREC_ORG_0107
PERSON_1450,PERSON,ORG_0086,ORGANIZATION,MEMBER_OF,2026-06-30 00:00:00,0.05,0.52,ORGREC_ORG_0086
PERSON_0624,PERSON,ORG_0031,ORGANIZATION,MEMBER_OF,2026-06-30 00:00:00,0.05,0.55,ORGREC_ORG_0031
PERSON_0798,PERSON,ORG_0100,ORGANIZATION,MEMBER_OF,2026-06-30 00:00:00,0.05,0.87,ORGREC_ORG_0100
PERSON_1038,PERSON,ORG_0074,ORGANIZATION,MEMBER_OF,2026-06-30 00:00:00,0.05,0.68,ORGREC_ORG_0074
PERSON_1009,PERSON,ORG_0251,ORGANIZATION,MEMBER_OF,2026-06-30 00:00:00,0.05,0.89,ORGREC_ORG_0251
PERSON_0842,PERSON,ORG_0008,ORGANIZATION,MEMBER_OF,2026-06-30 00:00:00,0.05,0.77,ORGREC_ORG_0008
PERSON_1032,PERSON,ORG_0289,ORGANIZATION,MEMBER_OF,2026-06-30 00:00:00,0.05,0.77,ORGREC_ORG_0289
PERSON_0735,PERSON,ORG_0255,ORGANIZATION,MEMBER_OF,2026-06-30 00:00:00,0.05,0.61,ORGREC_ORG_0255
PERSON_0787,PERSON,ORG_0087,ORGANIZATION,MEMBER_OF,2026-06-30 00:00:00,0.05,0.76,ORGREC_ORG_0087
PERSON_0663,PERSON,ORG_0200,ORGANIZATION,MEMBER_OF,2026-06-30 00:00:00,0.05,0.88,ORGREC_ORG_0200
PERSON_0223,PERSON,ORG_0225,ORGANIZATION,MEMBER_OF,2026-06-30 00:00:00,0.05,0.84,ORGREC_ORG_0225
PERSON_0793,PERSON,ORG_0185,ORGANIZATION,MEMBER_OF,2026-06-30 00:00:00,0.05,0.88,ORGREC_ORG_0185
PERSON_0694,PERSON,ORG_0115,ORGANIZATION,MEMBER_OF,2026-06-30 00:00:00,0.05,0.58,ORGREC_ORG_0115
PERSON_0254,PERSON,ORG_0234,ORGANIZATION,MEMBER_OF,2026-06-30 00:00:00,0.05,0.81,ORGREC_ORG_0234
PERSON_0098,PERSON,ORG_0283,ORGANIZATION,MEMBER_OF,2026-06-30 00:00:00,0.05,0.66,ORGREC_ORG_0283
PERSON_0206,PERSON,ORG_0066,ORGANIZATION,MEMBER_OF,2026-06-30 00:00:00,0.05,0.84,ORGREC_ORG_0066
PERSON_0780,PERSON,ORG_0009,ORGANIZATION,MEMBER_OF,2026-06-30 00:00:00,0.05,0.75,ORGREC_ORG_0009
PERSON_0331,PERSON,ORG_0268,ORGANIZATION,MEMBER_OF,2026-06-30 00:00:00,0.05,0.9,ORGREC_ORG_0268
PERSON_0008,PERSON,ORG_0121,ORGANIZATION,MEMBER_OF,2026-06-30 00:00:00,0.05,0.88,ORGREC_ORG_0121
PERSON_1173,PERSON,ORG_0203,ORGANIZATION,MEMBER_OF,2026-06-30 00:00:00,0.05,0.58,ORGREC_ORG_0203
PERSON_0409,PERSON,ORG_0242,ORGANIZATION,MEMBER_OF,2026-06-30 00:00:00,0.05,0.67,ORGREC_ORG_0242
PERSON_0442,PERSON,ORG_0091,ORGANIZATION,MEMBER_OF,2026-06-30 00:00:00,0.05,0.79,ORGREC_ORG_0091
PERSON_0168,PERSON,ORG_0133,ORGANIZATION,MEMBER_OF,2026-06-30 00:00:00,0.05,0.73,ORGREC_ORG_0133
PERSON_1062,PERSON,ORG_0181,ORGANIZATION,MEMBER_OF,2026-06-30 00:00:00,0.05,0.64,ORGREC_ORG_0181
PERSON_0989,PERSON,ORG_0268,ORGANIZATION,MEMBER_OF,2026-06-30 00:00:00,0.05,0.57,ORGREC_ORG_0268
PERSON_0590,PERSON,ORG_0224,ORGANIZATION,MEMBER_OF,2026-06-30 00:00:00,0.05,0.67,ORGREC_ORG_0224
PERSON_0245,PERSON,ORG_0165,ORGANIZATION,MEMBER_OF,2026-06-30 00:00:00,0.05,0.82,ORGREC_ORG_0165
PERSON_0796,PERSON,ORG_0107,ORGANIZATION,MEMBER_OF,2026-06-30 00:00:00,0.05,0.53,ORGREC_ORG_0107
PERSON_0359,PERSON,ORG_0074,ORGANIZATION,MEMBER_OF,2026-06-30 00:00:00,0.05,0.69,ORGREC_ORG_0074
PERSON_0535,PERSON,ORG_0243,ORGANIZATION,MEMBER_OF,2026-06-30 00:00:00,0.05,0.64,ORGREC_ORG_0243
PERSON_0053,PERSON,ORG_0048,ORGANIZATION,MEMBER_OF,2026-06-30 00:00:00,0.05,0.59,ORGREC_ORG_0048
PERSON_1216,PERSON,ORG_0191,ORGANIZATION,MEMBER_OF,2026-06-30 00:00:00,0.05,0.66,ORGREC_ORG_0191
PERSON_1195,PERSON,ORG_0094,ORGANIZATION,MEMBER_OF,2026-06-30 00:00:00,0.05,0.87,ORGREC_ORG_0094
PERSON_0342,PERSON,ORG_0043,ORGANIZATION,MEMBER_OF,2026-06-30 00:00:00,0.05,0.68,ORGREC_ORG_0043
PERSON_0560,PERSON,ORG_0104,ORGANIZATION,MEMBER_OF,2026-06-30 00:00:00,0.05,0.52,ORGREC_ORG_0104
PERSON_0320,PERSON,ORG_0094,ORGANIZATION,MEMBER_OF,2026-06-30 00:00:00,0.05,0.54,ORGREC_ORG_0094
PERSON_0362,PERSON,ORG_0174,ORGANIZATION,MEMBER_OF,2026-06-30 00:00:00,0.05,0.78,ORGREC_ORG_0174
PERSON_1143,PERSON,ORG_0279,ORGANIZATION,MEMBER_OF,2026-06-30 00:00:00,0.05,0.7,ORGREC_ORG_0279
PERSON_0189,PERSON,ORG_0252,ORGANIZATION,MEMBER_OF,2026-06-30 00:00:00,0.05,0.68,ORGREC_ORG_0252
PERSON_1232,PERSON,ORG_0152,ORGANIZATION,MEMBER_OF,2026-06-30 00:00:00,0.05,0.64,ORGREC_ORG_0152
PERSON_1307,PERSON,ORG_0035,ORGANIZATION,MEMBER_OF,2026-06-30 00:00:00,0.05,0.57,ORGREC_ORG_0035
PERSON_0196,PERSON,ORG_0093,ORGANIZATION,MEMBER_OF,2026-06-30 00:00:00,0.05,0.88,ORGREC_ORG_0093
PERSON_0686,PERSON,ORG_0255,ORGANIZATION,MEMBER_OF,2026-06-30 00:00:00,0.05,0.51,ORGREC_ORG_0255
PERSON_0890,PERSON,ORG_0277,ORGANIZATION,MEMBER_OF,2026-06-30 00:00:00,0.05,0.8,ORGREC_ORG_0277
PERSON_0129,PERSON,ORG_0032,ORGANIZATION,MEMBER_OF,2026-06-30 00:00:00,0.05,0.54,ORGREC_ORG_0032
PERSON_0791,PERSON,ORG_0174,ORGANIZATION,MEMBER_OF,2026-06-30 00:00:00,0.05,0.51,ORGREC_ORG_0174
PERSON_0264,PERSON,ORG_0270,ORGANIZATION,MEMBER_OF,2026-06-30 00:00:00,0.05,0.7,ORGREC_ORG_0270
PERSON_0528,PERSON,ORG_0075,ORGANIZATION,MEMBER_OF,2026-06-30 00:00:00,0.05,0.73,ORGREC_ORG_0075
PERSON_0958,PERSON,ORG_0276,ORGANIZATION,MEMBER_OF,2026-06-30 00:00:00,0.05,0.6,ORGREC_ORG_0276
PERSON_0653,PERSON,ORG_0061,ORGANIZATION,MEMBER_OF,2026-06-30 00:00:00,0.05,0.83,ORGREC_ORG_0061
PERSON_0420,PERSON,ORG_0067,ORGANIZATION,MEMBER_OF,2026-06-30 00:00:00,0.05,0.76,ORGREC_ORG_0067
PERSON_1492,PERSON,ORG_0127,ORGANIZATION,MEMBER_OF,2026-06-30 00:00:00,0.05,0.85,ORGREC_ORG_0127
PERSON_0979,PERSON,ORG_0181,ORGANIZATION,MEMBER_OF,2026-06-30 00:00:00,0.05,0.86,ORGREC_ORG_0181
PERSON_1434,PERSON,ORG_0122,ORGANIZATION,MEMBER_OF,2026-06-30 00:00:00,0.05,0.75,ORGREC_ORG_0122
PERSON_0404,PERSON,ORG_0190,ORGANIZATION,MEMBER_OF,2026-06-30 00:00:00,0.05,0.89,ORGREC_ORG_0190
PERSON_0107,PERSON,ORG_0267,ORGANIZATION,MEMBER_OF,2026-06-30 00:00:00,0.05,0.66,ORGREC_ORG_0267
PERSON_0103,PERSON,ORG_0289,ORGANIZATION,MEMBER_OF,2026-06-30 00:00:00,0.05,0.54,ORGREC_ORG_0289
PERSON_0178,PERSON,ORG_0228,ORGANIZATION,MEMBER_OF,2026-06-30 00:00:00,0.05,0.79,ORGREC_ORG_0228
PERSON_1361,PERSON,ORG_0019,ORGANIZATION,MEMBER_OF,2026-06-30 00:00:00,0.05,0.75,ORGREC_ORG_0019
PERSON_1308,PERSON,ORG_0001,ORGANIZATION,MEMBER_OF,2026-06-30 00:00:00,0.05,0.74,ORGREC_ORG_0001
PERSON_0036,PERSON,ORG_0104,ORGANIZATION,MEMBER_OF,2026-06-30 00:00:00,0.05,0.77,ORGREC_ORG_0104
PERSON_0482,PERSON,ORG_0051,ORGANIZATION,MEMBER_OF,2026-06-30 00:00:00,0.05,0.84,ORGREC_ORG_0051
PERSON_0952,PERSON,ORG_0031,ORGANIZATION,MEMBER_OF,2026-06-30 00:00:00,0.05,0.59,ORGREC_ORG_0031
PERSON_0391,PERSON,ORG_0100,ORGANIZATION,MEMBER_OF,2026-06-30 00:00:00,0.05,0.63,ORGREC_ORG_0100
PERSON_0940,PERSON,ORG_0172,ORGANIZATION,MEMBER_OF,2026-06-30 00:00:00,0.05,0.55,ORGREC_ORG_0172
PERSON_1074,PERSON,ORG_0227,ORGANIZATION,MEMBER_OF,2026-06-30 00:00:00,0.05,0.59,ORGREC_ORG_0227
PERSON_0936,PERSON,ORG_0042,ORGANIZATION,MEMBER_OF,2026-06-30 00:00:00,0.05,0.71,ORGREC_ORG_0042
PERSON_1364,PERSON,ORG_0241,ORGANIZATION,MEMBER_OF,2026-06-30 00:00:00,0.05,0.75,ORGREC_ORG_0241
PERSON_0889,PERSON,ORG_0078,ORGANIZATION,MEMBER_OF,2026-06-30 00:00:00,0.05,0.87,ORGREC_ORG_0078
PERSON_1423,PERSON,ORG_0182,ORGANIZATION,MEMBER_OF,2026-06-30 00:00:00,0.05,0.8,ORGREC_ORG_0182
PERSON_0725,PERSON,ORG_0261,ORGANIZATION,MEMBER_OF,2026-06-30 00:00:00,0.05,0.6,ORGREC_ORG_0261
PERSON_0593,PERSON,ORG_0018,ORGANIZATION,MEMBER_OF,2026-06-30 00:00:00,0.05,0.79,ORGREC_ORG_0018
PERSON_0059,PERSON,ORG_0216,ORGANIZATION,MEMBER_OF,2026-06-30 00:00:00,0.05,0.63,ORGREC_ORG_0216
PERSON_0106,PERSON,ORG_0294,ORGANIZATION,MEMBER_OF,2026-06-30 00:00:00,0.05,0.89,ORGREC_ORG_0294
PERSON_0020,PERSON,ORG_0236,ORGANIZATION,MEMBER_OF,2026-06-30 00:00:00,0.05,0.52,ORGREC_ORG_0236
PERSON_0350,PERSON,ORG_0108,ORGANIZATION,MEMBER_OF,2026-06-30 00:00:00,0.05,0.76,ORGREC_ORG_0108
PERSON_1040,PERSON,ORG_0026,ORGANIZATION,MEMBER_OF,2026-06-30 00:00:00,0.05,0.68,ORGREC_ORG_0026
PERSON_1346,PERSON,ORG_0276,ORGANIZATION,MEMBER_OF,2026-06-30 00:00:00,0.05,0.75,ORGREC_ORG_0276
PERSON_0187,PERSON,ORG_0186,ORGANIZATION,MEMBER_OF,2026-06-30 00:00:00,0.05,0.77,ORGREC_ORG_0186
PERSON_0892,PERSON,ORG_0162,ORGANIZATION,MEMBER_OF,2026-06-30 00:00:00,0.05,0.65,ORGREC_ORG_0162
PERSON_1454,PERSON,ORG_0273,ORGANIZATION,MEMBER_OF,2026-06-30 00:00:00,0.05,0.67,ORGREC_ORG_0273
PERSON_0216,PERSON,ORG_0141,ORGANIZATION,MEMBER_OF,2026-06-30 00:00:00,0.05,0.52,ORGREC_ORG_0141
PERSON_0893,PERSON,ORG_0173,ORGANIZATION,MEMBER_OF,2026-06-30 00:00:00,0.05,0.76,ORGREC_ORG_0173
PERSON_0539,PERSON,ORG_0016,ORGANIZATION,MEMBER_OF,2026-06-30 00:00:00,0.05,0.8,ORGREC_ORG_0016
PERSON_0477,PERSON,ORG_0017,ORGANIZATION,MEMBER_OF,2026-06-30 00:00:00,0.05,0.72,ORGREC_ORG_0017
PERSON_1417,PERSON,ORG_0205,ORGANIZATION,MEMBER_OF,2026-06-30 00:00:00,0.05,0.67,ORGREC_ORG_0205
PERSON_0458,PERSON,ORG_0112,ORGANIZATION,MEMBER_OF,2026-06-30 00:00:00,0.05,0.53,ORGREC_ORG_0112
PERSON_0054,PERSON,ORG_0203,ORGANIZATION,MEMBER_OF,2026-06-30 00:00:00,0.05,0.86,ORGREC_ORG_0203
PERSON_0722,PERSON,ORG_0273,ORGANIZATION,MEMBER_OF,2026-06-30 00:00:00,0.05,0.56,ORGREC_ORG_0273
PERSON_0416,PERSON,ORG_0082,ORGANIZATION,MEMBER_OF,2026-06-30 00:00:00,0.05,0.69,ORGREC_ORG_0082
PERSON_0325,PERSON,ORG_0246,ORGANIZATION,MEMBER_OF,2026-06-30 00:00:00,0.05,0.68,ORGREC_ORG_0246
PERSON_1277,PERSON,ORG_0274,ORGANIZATION,MEMBER_OF,2026-06-30 00:00:00,0.05,0.62,ORGREC_ORG_0274
PERSON_0146,PERSON,ORG_0251,ORGANIZATION,MEMBER_OF,2026-06-30 00:00:00,0.05,0.64,ORGREC_ORG_0251
PERSON_0367,PERSON,ORG_0231,ORGANIZATION,MEMBER_OF,2026-06-30 00:00:00,0.05,0.83,ORGREC_ORG_0231
PERSON_1150,PERSON,ORG_0138,ORGANIZATION,MEMBER_OF,2026-06-30 00:00:00,0.05,0.9,ORGREC_ORG_0138
PERSON_1205,PERSON,ORG_0232,ORGANIZATION,MEMBER_OF,2026-06-30 00:00:00,0.05,0.64,ORGREC_ORG_0232
PERSON_1394,PERSON,ORG_0111,ORGANIZATION,MEMBER_OF,2026-06-30 00:00:00,0.05,0.79,ORGREC_ORG_0111
PERSON_1248,PERSON,ORG_0078,ORGANIZATION,MEMBER_OF,2026-06-30 00:00:00,0.05,0.61,ORGREC_ORG_0078
PERSON_0127,PERSON,ORG_0163,ORGANIZATION,MEMBER_OF,2026-06-30 00:00:00,0.05,0.84,ORGREC_ORG_0163
PERSON_1179,PERSON,ORG_0259,ORGANIZATION,MEMBER_OF,2026-06-30 00:00:00,0.05,0.64,ORGREC_ORG_0259
PERSON_1320,PERSON,ORG_0187,ORGANIZATION,MEMBER_OF,2026-06-30 00:00:00,0.05,0.63,ORGREC_ORG_0187
PERSON_1359,PERSON,ORG_0022,ORGANIZATION,MEMBER_OF,2026-06-30 00:00:00,0.05,0.7,ORGREC_ORG_0022
PERSON_0987,PERSON,ORG_0069,ORGANIZATION,MEMBER_OF,2026-06-30 00:00:00,0.05,0.83,ORGREC_ORG_0069
PERSON_1414,PERSON,ORG_0120,ORGANIZATION,MEMBER_OF,2026-06-30 00:00:00,0.05,0.78,ORGREC_ORG_0120
PERSON_0165,PERSON,ORG_0041,ORGANIZATION,MEMBER_OF,2026-06-30 00:00:00,0.05,0.7,ORGREC_ORG_0041
PERSON_0581,PERSON,ORG_0125,ORGANIZATION,MEMBER_OF,2026-06-30 00:00:00,0.05,0.63,ORGREC_ORG_0125
PERSON_0073,PERSON,ORG_0268,ORGANIZATION,MEMBER_OF,2026-06-30 00:00:00,0.05,0.72,ORGREC_ORG_0268
PERSON_0473,PERSON,ORG_0101,ORGANIZATION,MEMBER_OF,2026-06-30 00:00:00,0.05,0.62,ORGREC_ORG_0101
PERSON_0057,PERSON,ORG_0296,ORGANIZATION,MEMBER_OF,2026-06-30 00:00:00,0.05,0.68,ORGREC_ORG_0296
PERSON_0241,PERSON,ORG_0008,ORGANIZATION,MEMBER_OF,2026-06-30 00:00:00,0.05,0.69,ORGREC_ORG_0008
PERSON_1035,PERSON,ORG_0151,ORGANIZATION,MEMBER_OF,2026-06-30 00:00:00,0.05,0.73,ORGREC_ORG_0151
PERSON_1474,PERSON,ORG_0262,ORGANIZATION,MEMBER_OF,2026-06-30 00:00:00,0.05,0.52,ORGREC_ORG_0262
PERSON_0757,PERSON,ORG_0261,ORGANIZATION,MEMBER_OF,2026-06-30 00:00:00,0.05,0.62,ORGREC_ORG_0261
PERSON_0675,PERSON,ORG_0243,ORGANIZATION,MEMBER_OF,2026-06-30 00:00:00,0.05,0.51,ORGREC_ORG_0243
PERSON_0385,PERSON,ORG_0238,ORGANIZATION,MEMBER_OF,2026-06-30 00:00:00,0.05,0.53,ORGREC_ORG_0238
PERSON_0185,PERSON,ORG_0122,ORGANIZATION,MEMBER_OF,2026-06-30 00:00:00,0.05,0.55,ORGREC_ORG_0122
PERSON_0941,PERSON,ORG_0037,ORGANIZATION,MEMBER_OF,2026-06-30 00:00:00,0.05,0.67,ORGREC_ORG_0037
PERSON_0891,PERSON,ORG_0275,ORGANIZATION,MEMBER_OF,2026-06-30 00:00:00,0.05,0.57,ORGREC_ORG_0275
PERSON_0762,PERSON,ORG_0025,ORGANIZATION,MEMBER_OF,2026-06-30 00:00:00,0.05,0.82,ORGREC_ORG_0025
PERSON_1055,PERSON,ORG_0068,ORGANIZATION,MEMBER_OF,2026-06-30 00:00:00,0.05,0.58,ORGREC_ORG_0068
PERSON_0278,PERSON,ORG_0218,ORGANIZATION,MEMBER_OF,2026-06-30 00:00:00,0.05,0.77,ORGREC_ORG_0218
PERSON_0704,PERSON,ORG_0074,ORGANIZATION,MEMBER_OF,2026-06-30 00:00:00,0.05,0.88,ORGREC_ORG_0074
PERSON_1418,PERSON,ORG_0251,ORGANIZATION,MEMBER_OF,2026-06-30 00:00:00,0.05,0.57,ORGREC_ORG_0251
PERSON_0192,PERSON,ORG_0290,ORGANIZATION,MEMBER_OF,2026-06-30 00:00:00,0.05,0.72,ORGREC_ORG_0290
PERSON_1460,PERSON,ORG_0265,ORGANIZATION,MEMBER_OF,2026-06-30 00:00:00,0.05,0.77,ORGREC_ORG_0265
PERSON_0293,PERSON,ORG_0022,ORGANIZATION,MEMBER_OF,2026-06-30 00:00:00,0.05,0.58,ORGREC_ORG_0022
PERSON_1363,PERSON,ORG_0079,ORGANIZATION,MEMBER_OF,2026-06-30 00:00:00,0.05,0.83,ORGREC_ORG_0079
PERSON_0943,PERSON,ORG_0082,ORGANIZATION,MEMBER_OF,2026-06-30 00:00:00,0.05,0.58,ORGREC_ORG_0082
PERSON_0901,PERSON,ORG_0273,ORGANIZATION,MEMBER_OF,2026-06-30 00:00:00,0.05,0.54,ORGREC_ORG_0273
PERSON_1124,PERSON,ORG_0027,ORGANIZATION,MEMBER_OF,2026-06-30 00:00:00,0.05,0.89,ORGREC_ORG_0027
PERSON_1096,PERSON,ORG_0114,ORGANIZATION,MEMBER_OF,2026-06-30 00:00:00,0.05,0.71,ORGREC_ORG_0114
PERSON_1183,PERSON,ORG_0156,ORGANIZATION,MEMBER_OF,2026-06-30 00:00:00,0.05,0.66,ORGREC_ORG_0156
PERSON_0844,PERSON,ORG_0019,ORGANIZATION,MEMBER_OF,2026-06-30 00:00:00,0.05,0.74,ORGREC_ORG_0019
PERSON_0016,PERSON,ORG_0187,ORGANIZATION,MEMBER_OF,2026-06-30 00:00:00,0.05,0.79,ORGREC_ORG_0187
PERSON_0290,PERSON,ORG_0071,ORGANIZATION,MEMBER_OF,2026-06-30 00:00:00,0.05,0.86,ORGREC_ORG_0071
PERSON_1095,PERSON,ORG_0139,ORGANIZATION,MEMBER_OF,2026-06-30 00:00:00,0.05,0.85,ORGREC_ORG_0139
PERSON_0494,PERSON,ORG_0213,ORGANIZATION,MEMBER_OF,2026-06-30 00:00:00,0.05,0.72,ORGREC_ORG_0213
PERSON_0188,PERSON,ORG_0008,ORGANIZATION,MEMBER_OF,2026-06-30 00:00:00,0.05,0.77,ORGREC_ORG_0008
PERSON_0014,PERSON,ORG_0034,ORGANIZATION,MEMBER_OF,2026-06-30 00:00:00,0.05,0.52,ORGREC_ORG_0034
PERSON_0194,PERSON,ORG_0229,ORGANIZATION,MEMBER_OF,2026-06-30 00:00:00,0.05,0.57,ORGREC_ORG_0229
PERSON_1149,PERSON,ORG_0210,ORGANIZATION,MEMBER_OF,2026-06-30 00:00:00,0.05,0.86,ORGREC_ORG_0210
PERSON_1025,PERSON,ORG_0180,ORGANIZATION,MEMBER_OF,2026-06-30 00:00:00,0.05,0.84,ORGREC_ORG_0180
PERSON_0573,PERSON,ORG_0163,ORGANIZATION,MEMBER_OF,2026-06-30 00:00:00,0.05,0.66,ORGREC_ORG_0163
PERSON_0649,PERSON,ORG_0292,ORGANIZATION,MEMBER_OF,2026-06-30 00:00:00,0.05,0.72,ORGREC_ORG_0292
PERSON_1174,PERSON,ORG_0015,ORGANIZATION,MEMBER_OF,2026-06-30 00:00:00,0.05,0.85,ORGREC_ORG_0015
PERSON_1373,PERSON,ORG_0008,ORGANIZATION,MEMBER_OF,2026-06-30 00:00:00,0.05,0.56,ORGREC_ORG_0008
PERSON_0612,PERSON,ORG_0212,ORGANIZATION,MEMBER_OF,2026-06-30 00:00:00,0.05,0.56,ORGREC_ORG_0212
PERSON_1276,PERSON,ORG_0019,ORGANIZATION,MEMBER_OF,2026-06-30 00:00:00,0.05,0.55,ORGREC_ORG_0019
PERSON_1098,PERSON,ORG_0017,ORGANIZATION,MEMBER_OF,2026-06-30 00:00:00,0.05,0.74,ORGREC_ORG_0017
PERSON_0488,PERSON,ORG_0287,ORGANIZATION,MEMBER_OF,2026-06-30 00:00:00,0.05,0.65,ORGREC_ORG_0287
PERSON_0975,PERSON,ORG_0131,ORGANIZATION,MEMBER_OF,2026-06-30 00:00:00,0.05,0.58,ORGREC_ORG_0131
PERSON_1487,PERSON,ORG_0249,ORGANIZATION,MEMBER_OF,2026-06-30 00:00:00,0.05,0.79,ORGREC_ORG_0249
PERSON_0377,PERSON,ORG_0102,ORGANIZATION,MEMBER_OF,2026-06-30 00:00:00,0.05,0.5,ORGREC_ORG_0102
PERSON_0301,PERSON,ORG_0213,ORGANIZATION,MEMBER_OF,2026-06-30 00:00:00,0.05,0.85,ORGREC_ORG_0213
PERSON_1115,PERSON,ORG_0095,ORGANIZATION,MEMBER_OF,2026-06-30 00:00:00,0.05,0.81,ORGREC_ORG_0095
PERSON_0045,PERSON,ORG_0174,ORGANIZATION,MEMBER_OF,2026-06-30 00:00:00,0.05,0.64,ORGREC_ORG_0174
PERSON_0917,PERSON,ORG_0022,ORGANIZATION,MEMBER_OF,2026-06-30 00:00:00,0.05,0.8,ORGREC_ORG_0022
PERSON_0110,PERSON,ORG_0072,ORGANIZATION,MEMBER_OF,2026-06-30 00:00:00,0.05,0.64,ORGREC_ORG_0072
PERSON_1239,PERSON,ORG_0143,ORGANIZATION,MEMBER_OF,2026-06-30 00:00:00,0.05,0.56,ORGREC_ORG_0143
PERSON_0003,PERSON,ORG_0182,ORGANIZATION,MEMBER_OF,2026-06-30 00:00:00,0.05,0.69,ORGREC_ORG_0182
PERSON_0734,PERSON,ORG_0128,ORGANIZATION,MEMBER_OF,2026-06-30 00:00:00,0.05,0.88,ORGREC_ORG_0128
PERSON_1279,PERSON,ORG_0037,ORGANIZATION,MEMBER_OF,2026-06-30 00:00:00,0.05,0.9,ORGREC_ORG_0037
PERSON_0376,PERSON,ORG_0034,ORGANIZATION,MEMBER_OF,2026-06-30 00:00:00,0.05,0.5,ORGREC_ORG_0034
PERSON_0840,PERSON,ORG_0072,ORGANIZATION,MEMBER_OF,2026-06-30 00:00:00,0.05,0.84,ORGREC_ORG_0072
PERSON_0263,PERSON,ORG_0266,ORGANIZATION,MEMBER_OF,2026-06-30 00:00:00,0.05,0.81,ORGREC_ORG_0266
PERSON_0030,PERSON,ORG_0198,ORGANIZATION,MEMBER_OF,2026-06-30 00:00:00,0.05,0.58,ORGREC_ORG_0198
PERSON_1430,PERSON,ORG_0085,ORGANIZATION,MEMBER_OF,2026-06-30 00:00:00,0.05,0.67,ORGREC_ORG_0085
PERSON_0361,PERSON,ORG_0267,ORGANIZATION,MEMBER_OF,2026-06-30 00:00:00,0.05,0.81,ORGREC_ORG_0267
PERSON_0233,PERSON,ORG_0048,ORGANIZATION,MEMBER_OF,2026-06-30 00:00:00,0.05,0.83,ORGREC_ORG_0048
PERSON_1495,PERSON,ORG_0169,ORGANIZATION,MEMBER_OF,2026-06-30 00:00:00,0.05,0.61,ORGREC_ORG_0169
PERSON_1299,PERSON,ORG_0089,ORGANIZATION,MEMBER_OF,2026-06-30 00:00:00,0.05,0.67,ORGREC_ORG_0089
PERSON_0954,PERSON,ORG_0199,ORGANIZATION,MEMBER_OF,2026-06-30 00:00:00,0.05,0.64,ORGREC_ORG_0199
PERSON_0565,PERSON,ORG_0069,ORGANIZATION,MEMBER_OF,2026-06-30 00:00:00,0.05,0.59,ORGREC_ORG_0069
PERSON_0662,PERSON,ORG_0051,ORGANIZATION,MEMBER_OF,2026-06-30 00:00:00,0.05,0.5,ORGREC_ORG_0051
PERSON_1455,PERSON,ORG_0168,ORGANIZATION,MEMBER_OF,2026-06-30 00:00:00,0.05,0.8,ORGREC_ORG_0168
PERSON_1341,PERSON,ORG_0100,ORGANIZATION,MEMBER_OF,2026-06-30 00:00:00,0.05,0.86,ORGREC_ORG_0100
PERSON_0841,PERSON,ORG_0116,ORGANIZATION,MEMBER_OF,2026-06-30 00:00:00,0.05,0.51,ORGREC_ORG_0116
PERSON_1135,PERSON,ORG_0145,ORGANIZATION,MEMBER_OF,2026-06-30 00:00:00,0.05,0.51,ORGREC_ORG_0145
PERSON_0031,PERSON,ORG_0290,ORGANIZATION,MEMBER_OF,2026-06-30 00:00:00,0.05,0.61,ORGREC_ORG_0290
PERSON_0797,PERSON,ORG_0083,ORGANIZATION,MEMBER_OF,2026-06-30 00:00:00,0.05,0.6,ORGREC_ORG_0083
PERSON_0775,PERSON,ORG_0113,ORGANIZATION,MEMBER_OF,2026-06-30 00:00:00,0.05,0.73,ORGREC_ORG_0113
PERSON_1224,PERSON,ORG_0019,ORGANIZATION,MEMBER_OF,2026-06-30 00:00:00,0.05,0.72,ORGREC_ORG_0019
PERSON_1172,PERSON,ORG_0259,ORGANIZATION,MEMBER_OF,2026-06-30 00:00:00,0.05,0.88,ORGREC_ORG_0259
PERSON_0730,PERSON,ORG_0175,ORGANIZATION,MEMBER_OF,2026-06-30 00:00:00,0.05,0.67,ORGREC_ORG_0175
PERSON_1441,PERSON,ORG_0049,ORGANIZATION,MEMBER_OF,2026-06-30 00:00:00,0.05,0.74,ORGREC_ORG_0049
PERSON_0667,PERSON,ORG_0270,ORGANIZATION,MEMBER_OF,2026-06-30 00:00:00,0.05,0.62,ORGREC_ORG_0270
PERSON_0672,PERSON,ORG_0241,ORGANIZATION,MEMBER_OF,2026-06-30 00:00:00,0.05,0.52,ORGREC_ORG_0241
PERSON_0545,PERSON,ORG_0159,ORGANIZATION,MEMBER_OF,2026-06-30 00:00:00,0.05,0.62,ORGREC_ORG_0159
PERSON_0921,PERSON,ORG_0288,ORGANIZATION,MEMBER_OF,2026-06-30 00:00:00,0.05,0.68,ORGREC_ORG_0288
PERSON_0569,PERSON,ORG_0027,ORGANIZATION,MEMBER_OF,2026-06-30 00:00:00,0.05,0.77,ORGREC_ORG_0027
PERSON_0094,PERSON,ORG_0208,ORGANIZATION,MEMBER_OF,2026-06-30 00:00:00,0.05,0.61,ORGREC_ORG_0208
PERSON_1168,PERSON,ORG_0271,ORGANIZATION,MEMBER_OF,2026-06-30 00:00:00,0.05,0.61,ORGREC_ORG_0271
PERSON_0340,PERSON,ORG_0245,ORGANIZATION,MEMBER_OF,2026-06-30 00:00:00,0.05,0.9,ORGREC_ORG_0245
PERSON_0137,PERSON,ORG_0018,ORGANIZATION,MEMBER_OF,2026-06-30 00:00:00,0.05,0.61,ORGREC_ORG_0018
PERSON_0286,PERSON,ORG_0017,ORGANIZATION,MEMBER_OF,2026-06-30 00:00:00,0.05,0.72,ORGREC_ORG_0017
PERSON_0839,PERSON,ORG_0099,ORGANIZATION,MEMBER_OF,2026-06-30 00:00:00,0.05,0.88,ORGREC_ORG_0099
PERSON_1302,PERSON,ORG_0035,ORGANIZATION,MEMBER_OF,2026-06-30 00:00:00,0.05,0.81,ORGREC_ORG_0035
PERSON_0028,PERSON,ORG_0229,ORGANIZATION,MEMBER_OF,2026-06-30 00:00:00,0.05,0.54,ORGREC_ORG_0229
PERSON_1026,PERSON,ORG_0138,ORGANIZATION,MEMBER_OF,2026-06-30 00:00:00,0.05,0.73,ORGREC_ORG_0138
PERSON_0135,PERSON,ORG_0188,ORGANIZATION,MEMBER_OF,2026-06-30 00:00:00,0.05,0.68,ORGREC_ORG_0188
PERSON_1261,PERSON,ORG_0042,ORGANIZATION,MEMBER_OF,2026-06-30 00:00:00,0.05,0.72,ORGREC_ORG_0042
PERSON_0574,PERSON,ORG_0291,ORGANIZATION,MEMBER_OF,2026-06-30 00:00:00,0.05,0.61,ORGREC_ORG_0291
PERSON_0344,PERSON,ORG_0255,ORGANIZATION,MEMBER_OF,2026-06-30 00:00:00,0.05,0.51,ORGREC_ORG_0255
PERSON_0093,PERSON,ORG_0102,ORGANIZATION,MEMBER_OF,2026-06-30 00:00:00,0.05,0.74,ORGREC_ORG_0102
PERSON_0247,PERSON,ORG_0124,ORGANIZATION,MEMBER_OF,2026-06-30 00:00:00,0.05,0.63,ORGREC_ORG_0124
PERSON_0276,PERSON,ORG_0038,ORGANIZATION,MEMBER_OF,2026-06-30 00:00:00,0.05,0.53,ORGREC_ORG_0038
PERSON_1451,PERSON,ORG_0015,ORGANIZATION,MEMBER_OF,2026-06-30 00:00:00,0.05,0.79,ORGREC_ORG_0015
PERSON_0152,PERSON,ORG_0186,ORGANIZATION,MEMBER_OF,2026-06-30 00:00:00,0.05,0.51,ORGREC_ORG_0186
PERSON_0369,PERSON,ORG_0117,ORGANIZATION,MEMBER_OF,2026-06-30 00:00:00,0.05,0.55,ORGREC_ORG_0117
PERSON_0465,PERSON,ORG_0087,ORGANIZATION,MEMBER_OF,2026-06-30 00:00:00,0.05,0.58,ORGREC_ORG_0087
PERSON_0849,PERSON,ORG_0223,ORGANIZATION,MEMBER_OF,2026-06-30 00:00:00,0.05,0.89,ORGREC_ORG_0223
PERSON_0830,PERSON,ORG_0153,ORGANIZATION,MEMBER_OF,2026-06-30 00:00:00,0.05,0.62,ORGREC_ORG_0153
PERSON_1425,PERSON,ORG_0210,ORGANIZATION,MEMBER_OF,2026-06-30 00:00:00,0.05,0.54,ORGREC_ORG_0210
PERSON_0618,PERSON,ORG_0288,ORGANIZATION,MEMBER_OF,2026-06-30 00:00:00,0.05,0.6,ORGREC_ORG_0288
PERSON_0638,PERSON,ORG_0258,ORGANIZATION,MEMBER_OF,2026-06-30 00:00:00,0.05,0.63,ORGREC_ORG_0258
PERSON_0179,PERSON,ORG_0279,ORGANIZATION,MEMBER_OF,2026-06-30 00:00:00,0.05,0.57,ORGREC_ORG_0279
PERSON_0410,PERSON,ORG_0296,ORGANIZATION,MEMBER_OF,2026-06-30 00:00:00,0.05,0.88,ORGREC_ORG_0296
PERSON_0510,PERSON,ORG_0139,ORGANIZATION,MEMBER_OF,2026-06-30 00:00:00,0.05,0.74,ORGREC_ORG_0139
PERSON_0004,PERSON,ORG_0120,ORGANIZATION,MEMBER_OF,2026-06-30 00:00:00,0.05,0.7,ORGREC_ORG_0120
PERSON_1182,PERSON,ORG_0071,ORGANIZATION,MEMBER_OF,2026-06-30 00:00:00,0.05,0.59,ORGREC_ORG_0071
PERSON_1127,PERSON,ORG_0149,ORGANIZATION,MEMBER_OF,2026-06-30 00:00:00,0.05,0.53,ORGREC_ORG_0149
PERSON_1101,PERSON,ORG_0119,ORGANIZATION,MEMBER_OF,2026-06-30 00:00:00,0.05,0.66,ORGREC_ORG_0119
PERSON_0415,PERSON,ORG_0083,ORGANIZATION,MEMBER_OF,2026-06-30 00:00:00,0.05,0.83,ORGREC_ORG_0083
PERSON_1415,PERSON,ORG_0283,ORGANIZATION,MEMBER_OF,2026-06-30 00:00:00,0.05,0.87,ORGREC_ORG_0283
PERSON_0174,PERSON,ORG_0213,ORGANIZATION,MEMBER_OF,2026-06-30 00:00:00,0.05,0.71,ORGREC_ORG_0213
PERSON_1057,PERSON,ORG_0059,ORGANIZATION,MEMBER_OF,2026-06-30 00:00:00,0.05,0.87,ORGREC_ORG_0059
PERSON_0357,PERSON,ORG_0293,ORGANIZATION,MEMBER_OF,2026-06-30 00:00:00,0.05,0.68,ORGREC_ORG_0293
PERSON_0514,PERSON,ORG_0227,ORGANIZATION,MEMBER_OF,2026-06-30 00:00:00,0.05,0.58,ORGREC_ORG_0227
PERSON_0561,PERSON,ORG_0106,ORGANIZATION,MEMBER_OF,2026-06-30 00:00:00,0.05,0.55,ORGREC_ORG_0106
PERSON_0728,PERSON,ORG_0261,ORGANIZATION,MEMBER_OF,2026-06-30 00:00:00,0.05,0.65,ORGREC_ORG_0261
PERSON_0128,PERSON,ORG_0068,ORGANIZATION,MEMBER_OF,2026-06-30 00:00:00,0.05,0.63,ORGREC_ORG_0068
PERSON_1007,PERSON,ORG_0192,ORGANIZATION,MEMBER_OF,2026-06-30 00:00:00,0.05,0.77,ORGREC_ORG_0192
PERSON_0481,PERSON,ORG_0164,ORGANIZATION,MEMBER_OF,2026-06-30 00:00:00,0.05,0.87,ORGREC_ORG_0164
PERSON_1191,PERSON,ORG_0200,ORGANIZATION,MEMBER_OF,2026-06-30 00:00:00,0.05,0.69,ORGREC_ORG_0200
PERSON_0698,PERSON,ORG_0221,ORGANIZATION,MEMBER_OF,2026-06-30 00:00:00,0.05,0.54,ORGREC_ORG_0221
PERSON_0596,PERSON,ORG_0149,ORGANIZATION,MEMBER_OF,2026-06-30 00:00:00,0.05,0.73,ORGREC_ORG_0149
PERSON_1339,PERSON,ORG_0268,ORGANIZATION,MEMBER_OF,2026-06-30 00:00:00,0.05,0.86,ORGREC_ORG_0268
PERSON_0221,PERSON,ORG_0290,ORGANIZATION,MEMBER_OF,2026-06-30 00:00:00,0.05,0.88,ORGREC_ORG_0290
PERSON_0963,PERSON,ORG_0119,ORGANIZATION,MEMBER_OF,2026-06-30 00:00:00,0.05,0.88,ORGREC_ORG_0119
PERSON_0575,PERSON,ORG_0297,ORGANIZATION,MEMBER_OF,2026-06-30 00:00:00,0.05,0.8,ORGREC_ORG_0297
PERSON_0417,PERSON,ORG_0016,ORGANIZATION,MEMBER_OF,2026-06-30 00:00:00,0.05,0.61,ORGREC_ORG_0016
PERSON_0083,PERSON,ORG_0041,ORGANIZATION,MEMBER_OF,2026-06-30 00:00:00,0.05,0.8,ORGREC_ORG_0041
PERSON_0825,PERSON,ORG_0233,ORGANIZATION,MEMBER_OF,2026-06-30 00:00:00,0.05,0.74,ORGREC_ORG_0233
PERSON_0820,PERSON,ORG_0030,ORGANIZATION,MEMBER_OF,2026-06-30 00:00:00,0.05,0.54,ORGREC_ORG_0030
PERSON_0329,PERSON,ORG_0127,ORGANIZATION,MEMBER_OF,2026-06-30 00:00:00,0.05,0.84,ORGREC_ORG_0127
PERSON_1435,PERSON,ORG_0291,ORGANIZATION,MEMBER_OF,2026-06-30 00:00:00,0.05,0.73,ORGREC_ORG_0291
PERSON_1155,PERSON,ORG_0109,ORGANIZATION,MEMBER_OF,2026-06-30 00:00:00,0.05,0.61,ORGREC_ORG_0109
PERSON_0069,PERSON,ORG_0211,ORGANIZATION,MEMBER_OF,2026-06-30 00:00:00,0.05,0.76,ORGREC_ORG_0211
PERSON_0411,PERSON,ORG_0291,ORGANIZATION,MEMBER_OF,2026-06-30 00:00:00,0.05,0.75,ORGREC_ORG_0291
PERSON_0052,PERSON,ORG_0209,ORGANIZATION,MEMBER_OF,2026-06-30 00:00:00,0.05,0.8,ORGREC_ORG_0209
PERSON_0466,PERSON,ORG_0139,ORGANIZATION,MEMBER_OF,2026-06-30 00:00:00,0.05,0.71,ORGREC_ORG_0139
PERSON_0108,PERSON,ORG_0187,ORGANIZATION,MEMBER_OF,2026-06-30 00:00:00,0.05,0.56,ORGREC_ORG_0187
PERSON_0487,PERSON,ORG_0244,ORGANIZATION,MEMBER_OF,2026-06-30 00:00:00,0.05,0.68,ORGREC_ORG_0244
PERSON_0961,PERSON,ORG_0193,ORGANIZATION,MEMBER_OF,2026-06-30 00:00:00,0.05,0.61,ORGREC_ORG_0193
PERSON_1342,PERSON,ORG_0285,ORGANIZATION,MEMBER_OF,2026-06-30 00:00:00,0.05,0.62,ORGREC_ORG_0285
PERSON_1184,PERSON,ORG_0009,ORGANIZATION,MEMBER_OF,2026-06-30 00:00:00,0.05,0.62,ORGREC_ORG_0009
PERSON_0195,PERSON,ORG_0096,ORGANIZATION,MEMBER_OF,2026-06-30 00:00:00,0.05,0.85,ORGREC_ORG_0096
PERSON_1443,PERSON,ORG_0207,ORGANIZATION,MEMBER_OF,2026-06-30 00:00:00,0.05,0.63,ORGREC_ORG_0207
PERSON_1327,PERSON,ORG_0178,ORGANIZATION,MEMBER_OF,2026-06-30 00:00:00,0.05,0.71,ORGREC_ORG_0178
PERSON_1254,PERSON,ORG_0141,ORGANIZATION,MEMBER_OF,2026-06-30 00:00:00,0.05,0.81,ORGREC_ORG_0141
PERSON_0199,PERSON,ORG_0069,ORGANIZATION,MEMBER_OF,2026-06-30 00:00:00,0.05,0.74,ORGREC_ORG_0069
PERSON_0752,PERSON,ORG_0281,ORGANIZATION,MEMBER_OF,2026-06-30 00:00:00,0.05,0.73,ORGREC_ORG_0281
PERSON_0853,PERSON,ORG_0263,ORGANIZATION,MEMBER_OF,2026-06-30 00:00:00,0.05,0.58,ORGREC_ORG_0263
PERSON_0741,PERSON,ORG_0191,ORGANIZATION,MEMBER_OF,2026-06-30 00:00:00,0.05,0.66,ORGREC_ORG_0191
PERSON_0068,PERSON,ORG_0201,ORGANIZATION,MEMBER_OF,2026-06-30 00:00:00,0.05,0.6,ORGREC_ORG_0201
PERSON_1333,PERSON,ORG_0067,ORGANIZATION,MEMBER_OF,2026-06-30 00:00:00,0.05,0.77,ORGREC_ORG_0067
PERSON_0414,PERSON,ORG_0221,ORGANIZATION,MEMBER_OF,2026-06-30 00:00:00,0.05,0.81,ORGREC_ORG_0221
PERSON_1004,PERSON,ORG_0217,ORGANIZATION,MEMBER_OF,2026-06-30 00:00:00,0.05,0.74,ORGREC_ORG_0217
PERSON_1193,PERSON,ORG_0016,ORGANIZATION,MEMBER_OF,2026-06-30 00:00:00,0.05,0.61,ORGREC_ORG_0016
PERSON_0312,PERSON,ORG_0198,ORGANIZATION,MEMBER_OF,2026-06-30 00:00:00,0.05,0.88,ORGREC_ORG_0198
PERSON_0492,PERSON,ORG_0069,ORGANIZATION,MEMBER_OF,2026-06-30 00:00:00,0.05,0.81,ORGREC_ORG_0069
PERSON_0657,PERSON,ORG_0166,ORGANIZATION,MEMBER_OF,2026-06-30 00:00:00,0.05,0.82,ORGREC_ORG_0166
PERSON_1016,PERSON,ORG_0251,ORGANIZATION,MEMBER_OF,2026-06-30 00:00:00,0.05,0.67,ORGREC_ORG_0251
PERSON_0789,PERSON,ORG_0027,ORGANIZATION,MEMBER_OF,2026-06-30 00:00:00,0.05,0.81,ORGREC_ORG_0027
PERSON_0025,PERSON,ORG_0120,ORGANIZATION,MEMBER_OF,2026-06-30 00:00:00,0.05,0.7,ORGREC_ORG_0120
PERSON_1157,PERSON,ORG_0037,ORGANIZATION,MEMBER_OF,2026-06-30 00:00:00,0.05,0.56,ORGREC_ORG_0037
PERSON_0134,PERSON,ORG_0105,ORGANIZATION,MEMBER_OF,2026-06-30 00:00:00,0.05,0.58,ORGREC_ORG_0105
PERSON_0088,PERSON,ORG_0291,ORGANIZATION,MEMBER_OF,2026-06-30 00:00:00,0.05,0.87,ORGREC_ORG_0291
PERSON_0498,PERSON,ORG_0185,ORGANIZATION,MEMBER_OF,2026-06-30 00:00:00,0.05,0.6,ORGREC_ORG_0185
PERSON_1445,PERSON,ORG_0122,ORGANIZATION,MEMBER_OF,2026-06-30 00:00:00,0.05,0.57,ORGREC_ORG_0122
PERSON_1092,PERSON,ORG_0288,ORGANIZATION,MEMBER_OF,2026-06-30 00:00:00,0.05,0.65,ORGREC_ORG_0288
PERSON_0600,PERSON,ORG_0299,ORGANIZATION,MEMBER_OF,2026-06-30 00:00:00,0.05,0.61,ORGREC_ORG_0299
PERSON_1129,PERSON,ORG_0232,ORGANIZATION,MEMBER_OF,2026-06-30 00:00:00,0.05,0.59,ORGREC_ORG_0232
PERSON_0259,PERSON,ORG_0242,ORGANIZATION,MEMBER_OF,2026-06-30 00:00:00,0.05,0.62,ORGREC_ORG_0242
PERSON_0464,PERSON,ORG_0121,ORGANIZATION,MEMBER_OF,2026-06-30 00:00:00,0.05,0.89,ORGREC_ORG_0121
PERSON_0744,PERSON,ORG_0261,ORGANIZATION,MEMBER_OF,2026-06-30 00:00:00,0.05,0.84,ORGREC_ORG_0261
PERSON_1053,PERSON,ORG_0172,ORGANIZATION,MEMBER_OF,2026-06-30 00:00:00,0.05,0.8,ORGREC_ORG_0172
PERSON_0079,PERSON,ORG_0065,ORGANIZATION,MEMBER_OF,2026-06-30 00:00:00,0.05,0.88,ORGREC_ORG_0065
PERSON_0804,PERSON,ORG_0180,ORGANIZATION,MEMBER_OF,2026-06-30 00:00:00,0.05,0.86,ORGREC_ORG_0180
PERSON_0252,PERSON,ORG_0257,ORGANIZATION,MEMBER_OF,2026-06-30 00:00:00,0.05,0.56,ORGREC_ORG_0257
PERSON_0372,PERSON,ORG_0128,ORGANIZATION,MEMBER_OF,2026-06-30 00:00:00,0.05,0.86,ORGREC_ORG_0128
PERSON_0399,PERSON,ORG_0233,ORGANIZATION,MEMBER_OF,2026-06-30 00:00:00,0.05,0.78,ORGREC_ORG_0233
PERSON_1264,PERSON,ORG_0040,ORGANIZATION,MEMBER_OF,2026-06-30 00:00:00,0.05,0.78,ORGREC_ORG_0040
PERSON_1329,PERSON,ORG_0195,ORGANIZATION,MEMBER_OF,2026-06-30 00:00:00,0.05,0.72,ORGREC_ORG_0195
PERSON_0520,PERSON,ORG_0103,ORGANIZATION,MEMBER_OF,2026-06-30 00:00:00,0.05,0.89,ORGREC_ORG_0103
PERSON_0802,PERSON,ORG_0093,ORGANIZATION,MEMBER_OF,2026-06-30 00:00:00,0.05,0.77,ORGREC_ORG_0093
PERSON_0509,PERSON,ORG_0014,ORGANIZATION,MEMBER_OF,2026-06-30 00:00:00,0.05,0.52,ORGREC_ORG_0014
PERSON_0123,PERSON,ORG_0105,ORGANIZATION,MEMBER_OF,2026-06-30 00:00:00,0.05,0.58,ORGREC_ORG_0105
PERSON_1086,PERSON,ORG_0248,ORGANIZATION,MEMBER_OF,2026-06-30 00:00:00,0.05,0.71,ORGREC_ORG_0248
PERSON_0856,PERSON,ORG_0234,ORGANIZATION,MEMBER_OF,2026-06-30 00:00:00,0.05,0.88,ORGREC_ORG_0234
PERSON_0310,PERSON,ORG_0193,ORGANIZATION,MEMBER_OF,2026-06-30 00:00:00,0.05,0.5,ORGREC_ORG_0193
PERSON_0875,PERSON,ORG_0277,ORGANIZATION,MEMBER_OF,2026-06-30 00:00:00,0.05,0.89,ORGREC_ORG_0277
PERSON_0860,PERSON,ORG_0134,ORGANIZATION,MEMBER_OF,2026-06-30 00:00:00,0.05,0.79,ORGREC_ORG_0134
PERSON_0934,PERSON,ORG_0216,ORGANIZATION,MEMBER_OF,2026-06-30 00:00:00,0.05,0.63,ORGREC_ORG_0216
PERSON_1397,PERSON,ORG_0053,ORGANIZATION,MEMBER_OF,2026-06-30 00:00:00,0.05,0.77,ORGREC_ORG_0053
PERSON_0120,PERSON,ORG_0134,ORGANIZATION,MEMBER_OF,2026-06-30 00:00:00,0.05,0.83,ORGREC_ORG_0134
PERSON_0598,PERSON,ORG_0067,ORGANIZATION,MEMBER_OF,2026-06-30 00:00:00,0.05,0.64,ORGREC_ORG_0067
PERSON_0935,PERSON,ORG_0284,ORGANIZATION,MEMBER_OF,2026-06-30 00:00:00,0.05,0.73,ORGREC_ORG_0284
PERSON_1493,PERSON,ORG_0241,ORGANIZATION,MEMBER_OF,2026-06-30 00:00:00,0.05,0.51,ORGREC_ORG_0241
PERSON_1306,PERSON,ORG_0073,ORGANIZATION,MEMBER_OF,2026-06-30 00:00:00,0.05,0.58,ORGREC_ORG_0073
PERSON_0438,PERSON,ORG_0072,ORGANIZATION,MEMBER_OF,2026-06-30 00:00:00,0.05,0.86,ORGREC_ORG_0072
PERSON_0496,PERSON,ORG_0037,ORGANIZATION,MEMBER_OF,2026-06-30 00:00:00,0.05,0.77,ORGREC_ORG_0037
PERSON_1278,PERSON,ORG_0054,ORGANIZATION,MEMBER_OF,2026-06-30 00:00:00,0.05,0.79,ORGREC_ORG_0054
PERSON_1267,PERSON,ORG_0164,ORGANIZATION,MEMBER_OF,2026-06-30 00:00:00,0.05,0.87,ORGREC_ORG_0164
PERSON_1088,PERSON,ORG_0230,ORGANIZATION,MEMBER_OF,2026-06-30 00:00:00,0.05,0.7,ORGREC_ORG_0230
PERSON_0880,PERSON,ORG_0073,ORGANIZATION,MEMBER_OF,2026-06-30 00:00:00,0.05,0.65,ORGREC_ORG_0073
PERSON_0353,PERSON,ORG_0076,ORGANIZATION,MEMBER_OF,2026-06-30 00:00:00,0.05,0.9,ORGREC_ORG_0076
PERSON_0298,PERSON,PHONE_00298,PHONE,USED,,0.05,0.89,TELCO_SUBSCRIBER_RECORD
PERSON_0010,PERSON,PHONE_00010,PHONE,USED,,0.05,0.77,TELCO_SUBSCRIBER_RECORD
PERSON_0685,PERSON,PHONE_01931,PHONE,USED,,0.05,0.83,TELCO_SUBSCRIBER_RECORD
PERSON_0242,PERSON,PHONE_00242,PHONE,USED,,0.05,0.83,TELCO_SUBSCRIBER_RECORD
PERSON_0061,PERSON,PHONE_00061,PHONE,USED,,0.05,0.88,TELCO_SUBSCRIBER_RECORD
PERSON_1318,PERSON,PHONE_01318,PHONE,USED,,0.05,0.78,TELCO_SUBSCRIBER_RECORD
PERSON_0286,PERSON,PHONE_00286,PHONE,USED,,0.05,0.77,TELCO_SUBSCRIBER_RECORD
PERSON_0355,PERSON,PHONE_00355,PHONE,USED,,0.05,0.71,TELCO_SUBSCRIBER_RECORD
PERSON_1253,PERSON,PHONE_01253,PHONE,USED,,0.05,0.97,TELCO_SUBSCRIBER_RECORD
PERSON_0601,PERSON,PHONE_01633,PHONE,USED,,0.05,0.81,TELCO_SUBSCRIBER_RECORD
PERSON_1164,PERSON,PHONE_01164,PHONE,USED,,0.05,0.77,TELCO_SUBSCRIBER_RECORD
PERSON_1319,PERSON,PHONE_01319,PHONE,USED,,0.05,0.82,TELCO_SUBSCRIBER_RECORD
PERSON_1344,PERSON,PHONE_01579,PHONE,USED,,0.05,0.62,TELCO_SUBSCRIBER_RECORD
PERSON_0341,PERSON,PHONE_01505,PHONE,USED,,0.05,0.74,TELCO_SUBSCRIBER_RECORD
PERSON_0632,PERSON,PHONE_00632,PHONE,USED,,0.05,0.99,TELCO_SUBSCRIBER_RECORD
PERSON_0392,PERSON,PHONE_01754,PHONE,USED,,0.05,0.66,TELCO_SUBSCRIBER_RECORD
PERSON_0599,PERSON,PHONE_00599,PHONE,USED,,0.05,0.7,TELCO_SUBSCRIBER_RECORD
PERSON_1232,PERSON,PHONE_01843,PHONE,USED,,0.05,0.65,TELCO_SUBSCRIBER_RECORD
PERSON_0038,PERSON,PHONE_01728,PHONE,USED,,0.05,0.93,TELCO_SUBSCRIBER_RECORD
PERSON_1120,PERSON,PHONE_01120,PHONE,USED,,0.05,0.98,TELCO_SUBSCRIBER_RECORD
PERSON_0751,PERSON,PHONE_00751,PHONE,USED,,0.05,0.79,TELCO_SUBSCRIBER_RECORD
PERSON_0647,PERSON,PHONE_01804,PHONE,USED,,0.05,0.94,TELCO_SUBSCRIBER_RECORD
PERSON_0727,PERSON,PHONE_00727,PHONE,USED,,0.05,0.74,TELCO_SUBSCRIBER_RECORD
PERSON_0417,PERSON,PHONE_00417,PHONE,USED,,0.05,0.89,TELCO_SUBSCRIBER_RECORD
PERSON_0344,PERSON,PHONE_00344,PHONE,USED,,0.05,0.93,TELCO_SUBSCRIBER_RECORD
PERSON_0862,PERSON,PHONE_00862,PHONE,USED,,0.05,0.75,TELCO_SUBSCRIBER_RECORD
PERSON_1351,PERSON,PHONE_01351,PHONE,USED,,0.05,0.93,TELCO_SUBSCRIBER_RECORD
PERSON_0541,PERSON,PHONE_00541,PHONE,USED,,0.05,0.94,TELCO_SUBSCRIBER_RECORD
PERSON_0356,PERSON,PHONE_01590,PHONE,USED,,0.05,0.87,TELCO_SUBSCRIBER_RECORD
PERSON_0306,PERSON,PHONE_02012,PHONE,USED,2026-05-05 22:16:57,0.05,0.43,TELCO_SUBSCRIBER_RECORD
PERSON_0220,PERSON,PHONE_02017,PHONE,USED,2026-06-03 00:48:59,0.05,0.49,TELCO_SUBSCRIBER_RECORD
PERSON_1023,PERSON,PHONE_01023,PHONE,USED,2025-09-07 01:54:30,0.05,0.89,TELCO_SUBSCRIBER_RECORD
PERSON_1392,PERSON,PHONE_01392,PHONE,USED,,0.05,0.84,TELCO_SUBSCRIBER_RECORD
PERSON_0194,PERSON,PHONE_00194,PHONE,USED,,0.05,0.71,TELCO_SUBSCRIBER_RECORD
PERSON_1097,PERSON,PHONE_01940,PHONE,USED,,0.05,0.55,TELCO_SUBSCRIBER_RECORD
PERSON_0643,PERSON,PHONE_00643,PHONE,USED,,0.05,0.86,TELCO_SUBSCRIBER_RECORD
PERSON_0876,PERSON,PHONE_01605,PHONE,USED,,0.05,0.62,TELCO_SUBSCRIBER_RECORD
PERSON_1397,PERSON,PHONE_01397,PHONE,USED,,0.05,0.91,TELCO_SUBSCRIBER_RECORD
PERSON_0640,PERSON,PHONE_00640,PHONE,USED,,0.05,0.95,TELCO_SUBSCRIBER_RECORD
PERSON_0358,PERSON,PHONE_01750,PHONE,USED,,0.05,0.63,TELCO_SUBSCRIBER_RECORD
PERSON_0565,PERSON,PHONE_01989,PHONE,USED,,0.05,0.67,TELCO_SUBSCRIBER_RECORD
PERSON_0902,PERSON,PHONE_01727,PHONE,USED,,0.05,0.83,TELCO_SUBSCRIBER_RECORD
PERSON_0869,PERSON,PHONE_01958,PHONE,USED,,0.05,0.8,TELCO_SUBSCRIBER_RECORD
PERSON_0732,PERSON,PHONE_00732,PHONE,USED,2026-06-25 02:26:08,0.05,0.89,TELCO_SUBSCRIBER_RECORD
PERSON_0965,PERSON,PHONE_00965,PHONE,USED,,0.05,0.78,TELCO_SUBSCRIBER_RECORD
PERSON_0574,PERSON,PHONE_00574,PHONE,USED,,0.05,0.89,TELCO_SUBSCRIBER_RECORD
PERSON_1356,PERSON,PHONE_01356,PHONE,USED,,0.05,0.92,TELCO_SUBSCRIBER_RECORD
PERSON_0554,PERSON,PHONE_00554,PHONE,USED,,0.05,0.75,TELCO_SUBSCRIBER_RECORD
PERSON_1463,PERSON,PHONE_01836,PHONE,USED,,0.05,0.8,TELCO_SUBSCRIBER_RECORD
PERSON_0495,PERSON,PHONE_00495,PHONE,USED,,0.05,0.86,TELCO_SUBSCRIBER_RECORD
PERSON_1056,PERSON,PHONE_01056,PHONE,USED,,0.05,0.75,TELCO_SUBSCRIBER_RECORD
PERSON_0509,PERSON,PHONE_00509,PHONE,USED,,0.05,0.82,TELCO_SUBSCRIBER_RECORD
PERSON_0388,PERSON,PHONE_00388,PHONE,USED,,0.05,0.93,TELCO_SUBSCRIBER_RECORD
PERSON_0051,PERSON,PHONE_00051,PHONE,USED,,0.05,0.78,TELCO_SUBSCRIBER_RECORD
PERSON_1427,PERSON,PHONE_01427,PHONE,USED,,0.05,0.93,TELCO_SUBSCRIBER_RECORD
PERSON_1224,PERSON,PHONE_01224,PHONE,USED,,0.05,0.83,TELCO_SUBSCRIBER_RECORD
PERSON_1194,PERSON,PHONE_01194,PHONE,USED,,0.05,0.77,TELCO_SUBSCRIBER_RECORD
PERSON_0648,PERSON,PHONE_00648,PHONE,USED,,0.05,0.99,TELCO_SUBSCRIBER_RECORD
PERSON_1391,PERSON,PHONE_01540,PHONE,USED,,0.05,0.59,TELCO_SUBSCRIBER_RECORD
PERSON_0336,PERSON,PHONE_00336,PHONE,USED,,0.05,0.97,TELCO_SUBSCRIBER_RECORD
PERSON_0281,PERSON,PHONE_00281,PHONE,USED,,0.05,0.75,TELCO_SUBSCRIBER_RECORD
PERSON_0912,PERSON,PHONE_01946,PHONE,USED,,0.05,0.6,TELCO_SUBSCRIBER_RECORD
PERSON_0591,PERSON,PHONE_00591,PHONE,USED,,0.05,0.89,TELCO_SUBSCRIBER_RECORD
PERSON_1393,PERSON,PHONE_01393,PHONE,USED,,0.05,0.98,TELCO_SUBSCRIBER_RECORD
PERSON_1235,PERSON,PHONE_01235,PHONE,USED,,0.05,0.96,TELCO_SUBSCRIBER_RECORD
PERSON_1375,PERSON,PHONE_01375,PHONE,USED,,0.05,0.8,TELCO_SUBSCRIBER_RECORD
PERSON_0742,PERSON,PHONE_00742,PHONE,USED,,0.05,0.71,TELCO_SUBSCRIBER_RECORD
PERSON_0311,PERSON,PHONE_00311,PHONE,USED,,0.05,0.75,TELCO_SUBSCRIBER_RECORD
PERSON_0147,PERSON,PHONE_00147,PHONE,USED,,0.05,0.79,TELCO_SUBSCRIBER_RECORD
PERSON_0164,PERSON,PHONE_02016,PHONE,USED,2026-04-29 23:51:23,0.05,0.61,TELCO_SUBSCRIBER_RECORD
PERSON_0066,PERSON,PHONE_00066,PHONE,USED,,0.05,0.99,TELCO_SUBSCRIBER_RECORD
PERSON_0283,PERSON,PHONE_01860,PHONE,USED,,0.05,0.61,TELCO_SUBSCRIBER_RECORD
PERSON_0967,PERSON,PHONE_00967,PHONE,USED,,0.05,0.78,TELCO_SUBSCRIBER_RECORD
PERSON_0634,PERSON,PHONE_01977,PHONE,USED,,0.05,0.79,TELCO_SUBSCRIBER_RECORD
PERSON_1212,PERSON,PHONE_01212,PHONE,USED,,0.05,0.7,TELCO_SUBSCRIBER_RECORD
PERSON_0698,PERSON,PHONE_00698,PHONE,USED,,0.05,0.76,TELCO_SUBSCRIBER_RECORD
PERSON_0846,PERSON,PHONE_00846,PHONE,USED,,0.05,0.8,TELCO_SUBSCRIBER_RECORD
PERSON_0379,PERSON,PHONE_00379,PHONE,USED,,0.05,0.77,TELCO_SUBSCRIBER_RECORD
PERSON_1122,PERSON,PHONE_01790,PHONE,USED,,0.05,0.6,TELCO_SUBSCRIBER_RECORD
PERSON_1112,PERSON,PHONE_01583,PHONE,USED,,0.05,0.87,TELCO_SUBSCRIBER_RECORD
PERSON_1265,PERSON,PHONE_01265,PHONE,USED,,0.05,0.95,TELCO_SUBSCRIBER_RECORD
PERSON_1357,PERSON,PHONE_01357,PHONE,USED,,0.05,0.7,TELCO_SUBSCRIBER_RECORD
PERSON_0260,PERSON,PHONE_00260,PHONE,USED,,0.05,0.95,TELCO_SUBSCRIBER_RECORD
PERSON_0906,PERSON,PHONE_00906,PHONE,USED,,0.05,0.93,TELCO_SUBSCRIBER_RECORD
PERSON_1141,PERSON,PHONE_01141,PHONE,USED,,0.05,0.91,TELCO_SUBSCRIBER_RECORD
PERSON_0954,PERSON,PHONE_00954,PHONE,USED,,0.05,0.83,TELCO_SUBSCRIBER_RECORD
PERSON_0761,PERSON,PHONE_00761,PHONE,USED,,0.05,0.82,TELCO_SUBSCRIBER_RECORD
PERSON_1230,PERSON,PHONE_01230,PHONE,USED,,0.05,0.82,TELCO_SUBSCRIBER_RECORD
PERSON_1221,PERSON,PHONE_01221,PHONE,USED,,0.05,0.82,TELCO_SUBSCRIBER_RECORD
PERSON_1100,PERSON,PHONE_01100,PHONE,USED,,0.05,0.85,TELCO_SUBSCRIBER_RECORD
PERSON_0581,PERSON,PHONE_00581,PHONE,USED,,0.05,0.92,TELCO_SUBSCRIBER_RECORD
PERSON_1179,PERSON,PHONE_01179,PHONE,USED,,0.05,0.91,TELCO_SUBSCRIBER_RECORD
PERSON_1438,PERSON,PHONE_01438,PHONE,USED,,0.05,0.95,TELCO_SUBSCRIBER_RECORD
PERSON_0135,PERSON,PHONE_00135,PHONE,USED,,0.05,0.89,TELCO_SUBSCRIBER_RECORD
PERSON_0557,PERSON,PHONE_00557,PHONE,USED,,0.05,0.81,TELCO_SUBSCRIBER_RECORD
PERSON_0207,PERSON,PHONE_00207,PHONE,USED,,0.05,0.93,TELCO_SUBSCRIBER_RECORD
PERSON_0713,PERSON,PHONE_00713,PHONE,USED,,0.05,0.81,TELCO_SUBSCRIBER_RECORD
PERSON_1107,PERSON,PHONE_01107,PHONE,USED,,0.05,0.78,TELCO_SUBSCRIBER_RECORD
PERSON_0003,PERSON,PHONE_00003,PHONE,USED,,0.05,0.92,TELCO_SUBSCRIBER_RECORD
PERSON_0428,PERSON,PHONE_00428,PHONE,USED,,0.05,0.88,TELCO_SUBSCRIBER_RECORD
PERSON_0252,PERSON,PHONE_01942,PHONE,USED,,0.05,0.82,TELCO_SUBSCRIBER_RECORD
PERSON_0165,PERSON,PHONE_02018,PHONE,USED,2026-05-13 08:14:54,0.05,0.59,TELCO_SUBSCRIBER_RECORD
PERSON_0457,PERSON,PHONE_01932,PHONE,USED,,0.05,0.88,TELCO_SUBSCRIBER_RECORD
PERSON_1288,PERSON,PHONE_01288,PHONE,USED,,0.05,0.85,TELCO_SUBSCRIBER_RECORD
PERSON_0646,PERSON,PHONE_01751,PHONE,USED,,0.05,0.77,TELCO_SUBSCRIBER_RECORD
PERSON_1386,PERSON,PHONE_01826,PHONE,USED,,0.05,0.93,TELCO_SUBSCRIBER_RECORD
PERSON_0283,PERSON,PHONE_01876,PHONE,USED,,0.05,0.9,TELCO_SUBSCRIBER_RECORD
PERSON_0946,PERSON,PHONE_00946,PHONE,USED,,0.05,0.76,TELCO_SUBSCRIBER_RECORD
PERSON_1181,PERSON,PHONE_01181,PHONE,USED,,0.05,0.74,TELCO_SUBSCRIBER_RECORD
PERSON_0750,PERSON,PHONE_00750,PHONE,USED,,0.05,0.87,TELCO_SUBSCRIBER_RECORD
PERSON_1478,PERSON,PHONE_01478,PHONE,USED,,0.05,0.76,TELCO_SUBSCRIBER_RECORD
PERSON_1347,PERSON,PHONE_01347,PHONE,USED,,0.05,0.88,TELCO_SUBSCRIBER_RECORD
PERSON_1453,PERSON,PHONE_01453,PHONE,USED,,0.05,0.86,TELCO_SUBSCRIBER_RECORD
PERSON_0209,PERSON,PHONE_00209,PHONE,USED,,0.05,0.98,TELCO_SUBSCRIBER_RECORD
PERSON_0622,PERSON,PHONE_00622,PHONE,USED,,0.05,0.96,TELCO_SUBSCRIBER_RECORD
PERSON_0605,PERSON,PHONE_00605,PHONE,USED,,0.05,0.98,TELCO_SUBSCRIBER_RECORD
PERSON_0560,PERSON,PHONE_00560,PHONE,USED,,0.05,0.77,TELCO_SUBSCRIBER_RECORD
PERSON_1193,PERSON,PHONE_01824,PHONE,USED,,0.05,0.67,TELCO_SUBSCRIBER_RECORD
PERSON_0425,PERSON,PHONE_00425,PHONE,USED,,0.05,0.7,TELCO_SUBSCRIBER_RECORD
PERSON_0961,PERSON,PHONE_01655,PHONE,USED,,0.05,0.6,TELCO_SUBSCRIBER_RECORD
PERSON_1093,PERSON,PHONE_01093,PHONE,USED,,0.05,0.87,TELCO_SUBSCRIBER_RECORD
PERSON_1439,PERSON,PHONE_01439,PHONE,USED,,0.05,0.84,TELCO_SUBSCRIBER_RECORD
PERSON_0606,PERSON,PHONE_00606,PHONE,USED,,0.05,0.97,TELCO_SUBSCRIBER_RECORD
PERSON_1250,PERSON,PHONE_01250,PHONE,USED,,0.05,0.89,TELCO_SUBSCRIBER_RECORD
PERSON_1160,PERSON,PHONE_01160,PHONE,USED,,0.05,0.82,TELCO_SUBSCRIBER_RECORD
PERSON_0842,PERSON,PHONE_01963,PHONE,USED,,0.05,0.56,TELCO_SUBSCRIBER_RECORD
PERSON_1048,PERSON,PHONE_01938,PHONE,USED,,0.05,0.71,TELCO_SUBSCRIBER_RECORD
PERSON_0948,PERSON,PHONE_00948,PHONE,USED,,0.05,0.98,TELCO_SUBSCRIBER_RECORD
PERSON_0404,PERSON,PHONE_01887,PHONE,USED,,0.05,0.62,TELCO_SUBSCRIBER_RECORD
PERSON_1307,PERSON,PHONE_01701,PHONE,USED,,0.05,0.67,TELCO_SUBSCRIBER_RECORD
PERSON_1233,PERSON,PHONE_01233,PHONE,USED,,0.05,0.82,TELCO_SUBSCRIBER_RECORD
PERSON_1289,PERSON,PHONE_01289,PHONE,USED,,0.05,0.79,TELCO_SUBSCRIBER_RECORD
PERSON_0831,PERSON,PHONE_00831,PHONE,USED,,0.05,0.75,TELCO_SUBSCRIBER_RECORD
PERSON_0493,PERSON,PHONE_00493,PHONE,USED,,0.05,0.93,TELCO_SUBSCRIBER_RECORD
PERSON_0113,PERSON,PHONE_00113,PHONE,USED,,0.05,0.74,TELCO_SUBSCRIBER_RECORD
PERSON_1121,PERSON,PHONE_01121,PHONE,USED,,0.05,0.8,TELCO_SUBSCRIBER_RECORD
PERSON_1005,PERSON,PHONE_01005,PHONE,USED,,0.05,0.9,TELCO_SUBSCRIBER_RECORD
PERSON_0352,PERSON,PHONE_00352,PHONE,USED,,0.05,0.88,TELCO_SUBSCRIBER_RECORD
PERSON_0008,PERSON,PHONE_01993,PHONE,USED,,0.05,0.62,TELCO_SUBSCRIBER_RECORD
PERSON_0086,PERSON,PHONE_00086,PHONE,USED,,0.05,0.91,TELCO_SUBSCRIBER_RECORD
PERSON_1391,PERSON,PHONE_01391,PHONE,USED,,0.05,0.86,TELCO_SUBSCRIBER_RECORD
PERSON_1440,PERSON,PHONE_01564,PHONE,USED,,0.05,0.72,TELCO_SUBSCRIBER_RECORD
PERSON_0512,PERSON,PHONE_01894,PHONE,USED,,0.05,0.72,TELCO_SUBSCRIBER_RECORD
PERSON_0858,PERSON,PHONE_02000,PHONE,USED,,0.05,0.8,TELCO_SUBSCRIBER_RECORD
PERSON_0784,PERSON,PHONE_00784,PHONE,USED,,0.05,0.79,TELCO_SUBSCRIBER_RECORD
PERSON_0156,PERSON,PHONE_01921,PHONE,USED,,0.05,0.62,TELCO_SUBSCRIBER_RECORD
PERSON_1149,PERSON,PHONE_01923,PHONE,USED,,0.05,0.74,TELCO_SUBSCRIBER_RECORD
PERSON_1214,PERSON,PHONE_01214,PHONE,USED,,0.05,0.73,TELCO_SUBSCRIBER_RECORD
PERSON_0636,PERSON,PHONE_00636,PHONE,USED,,0.05,0.75,TELCO_SUBSCRIBER_RECORD
PERSON_0991,PERSON,PHONE_01878,PHONE,USED,,0.05,0.83,TELCO_SUBSCRIBER_RECORD
PERSON_0963,PERSON,PHONE_01551,PHONE,USED,,0.05,0.62,TELCO_SUBSCRIBER_RECORD
PERSON_0128,PERSON,PHONE_00128,PHONE,USED,,0.05,0.88,TELCO_SUBSCRIBER_RECORD
PERSON_0159,PERSON,PHONE_01705,PHONE,USED,,0.05,0.68,TELCO_SUBSCRIBER_RECORD
PERSON_0858,PERSON,PHONE_01955,PHONE,USED,,0.05,0.86,TELCO_SUBSCRIBER_RECORD
PERSON_0837,PERSON,PHONE_00837,PHONE,USED,,0.05,0.91,TELCO_SUBSCRIBER_RECORD
PERSON_0989,PERSON,PHONE_01774,PHONE,USED,,0.05,0.72,TELCO_SUBSCRIBER_RECORD
PERSON_0961,PERSON,PHONE_00961,PHONE,USED,,0.05,0.71,TELCO_SUBSCRIBER_RECORD
PERSON_0297,PERSON,PHONE_00297,PHONE,USED,,0.05,0.83,TELCO_SUBSCRIBER_RECORD
PERSON_0847,PERSON,PHONE_01920,PHONE,USED,,0.05,0.66,TELCO_SUBSCRIBER_RECORD
PERSON_0032,PERSON,PHONE_00032,PHONE,USED,,0.05,0.87,TELCO_SUBSCRIBER_RECORD
PERSON_0327,PERSON,PHONE_01580,PHONE,USED,,0.05,0.85,TELCO_SUBSCRIBER_RECORD
PERSON_0243,PERSON,PHONE_00243,PHONE,USED,,0.05,0.71,TELCO_SUBSCRIBER_RECORD
PERSON_0771,PERSON,PHONE_00771,PHONE,USED,,0.05,0.92,TELCO_SUBSCRIBER_RECORD
PERSON_0601,PERSON,PHONE_00601,PHONE,USED,,0.05,0.92,TELCO_SUBSCRIBER_RECORD
PERSON_0315,PERSON,PHONE_00315,PHONE,USED,,0.05,0.87,TELCO_SUBSCRIBER_RECORD
PERSON_0779,PERSON,PHONE_00779,PHONE,USED,2025-04-14 10:06:57,0.05,0.85,TELCO_SUBSCRIBER_RECORD
PERSON_0994,PERSON,PHONE_00994,PHONE,USED,,0.05,0.81,TELCO_SUBSCRIBER_RECORD
PERSON_0613,PERSON,PHONE_00613,PHONE,USED,,0.05,0.72,TELCO_SUBSCRIBER_RECORD
PERSON_1202,PERSON,PHONE_01992,PHONE,USED,,0.05,0.72,TELCO_SUBSCRIBER_RECORD
PERSON_0500,PERSON,PHONE_01954,PHONE,USED,,0.05,0.88,TELCO_SUBSCRIBER_RECORD
PERSON_1316,PERSON,PHONE_01316,PHONE,USED,,0.05,0.72,TELCO_SUBSCRIBER_RECORD
PERSON_0036,PERSON,PHONE_00036,PHONE,USED,,0.05,0.8,TELCO_SUBSCRIBER_RECORD
PERSON_0863,PERSON,PHONE_00863,PHONE,USED,,0.05,0.73,TELCO_SUBSCRIBER_RECORD
PERSON_0026,PERSON,PHONE_00026,PHONE,USED,,0.05,0.94,TELCO_SUBSCRIBER_RECORD
PERSON_1245,PERSON,PHONE_01245,PHONE,USED,,0.05,0.77,TELCO_SUBSCRIBER_RECORD
PERSON_0519,PERSON,PHONE_00519,PHONE,USED,,0.05,0.9,TELCO_SUBSCRIBER_RECORD
PERSON_0409,PERSON,PHONE_01674,PHONE,USED,,0.05,0.63,TELCO_SUBSCRIBER_RECORD
PERSON_1337,PERSON,PHONE_01337,PHONE,USED,,0.05,0.72,TELCO_SUBSCRIBER_RECORD
PERSON_1215,PERSON,PHONE_01215,PHONE,USED,,0.05,0.98,TELCO_SUBSCRIBER_RECORD
PERSON_0703,PERSON,PHONE_01835,PHONE,USED,,0.05,0.74,TELCO_SUBSCRIBER_RECORD
PERSON_0826,PERSON,PHONE_00826,PHONE,USED,,0.05,0.83,TELCO_SUBSCRIBER_RECORD
PERSON_0453,PERSON,PHONE_01545,PHONE,USED,,0.05,0.82,TELCO_SUBSCRIBER_RECORD
PERSON_1050,PERSON,PHONE_01050,PHONE,USED,,0.05,0.79,TELCO_SUBSCRIBER_RECORD
PERSON_0587,PERSON,PHONE_00587,PHONE,USED,,0.05,0.83,TELCO_SUBSCRIBER_RECORD
PERSON_1095,PERSON,PHONE_01095,PHONE,USED,,0.05,0.85,TELCO_SUBSCRIBER_RECORD
PERSON_1428,PERSON,PHONE_01428,PHONE,USED,,0.05,0.83,TELCO_SUBSCRIBER_RECORD
PERSON_0680,PERSON,PHONE_00680,PHONE,USED,2025-11-20 10:30:40,0.05,0.84,TELCO_SUBSCRIBER_RECORD
PERSON_0558,PERSON,PHONE_00558,PHONE,USED,2026-03-10 20:15:45,0.05,0.95,TELCO_SUBSCRIBER_RECORD
PERSON_0620,PERSON,PHONE_01694,PHONE,USED,,0.05,0.81,TELCO_SUBSCRIBER_RECORD
PERSON_1331,PERSON,PHONE_01731,PHONE,USED,,0.05,0.64,TELCO_SUBSCRIBER_RECORD
PERSON_0630,PERSON,PHONE_01978,PHONE,USED,,0.05,0.55,TELCO_SUBSCRIBER_RECORD
PERSON_0853,PERSON,PHONE_00853,PHONE,USED,,0.05,0.91,TELCO_SUBSCRIBER_RECORD
PERSON_0185,PERSON,PHONE_01927,PHONE,USED,,0.05,0.61,TELCO_SUBSCRIBER_RECORD
PERSON_1377,PERSON,PHONE_01377,PHONE,USED,,0.05,0.87,TELCO_SUBSCRIBER_RECORD
PERSON_0132,PERSON,PHONE_01600,PHONE,USED,,0.05,0.85,TELCO_SUBSCRIBER_RECORD
PERSON_1324,PERSON,PHONE_01324,PHONE,USED,,0.05,0.75,TELCO_SUBSCRIBER_RECORD
PERSON_1338,PERSON,PHONE_01338,PHONE,USED,,0.05,0.86,TELCO_SUBSCRIBER_RECORD
PERSON_0174,PERSON,PHONE_01575,PHONE,USED,,0.05,0.82,TELCO_SUBSCRIBER_RECORD
PERSON_1353,PERSON,PHONE_01353,PHONE,USED,,0.05,0.76,TELCO_SUBSCRIBER_RECORD
PERSON_1158,PERSON,PHONE_01517,PHONE,USED,,0.05,0.71,TELCO_SUBSCRIBER_RECORD
PERSON_0002,PERSON,PHONE_00002,PHONE,USED,,0.05,0.79,TELCO_SUBSCRIBER_RECORD
PERSON_0068,PERSON,PHONE_01892,PHONE,USED,,0.05,0.95,TELCO_SUBSCRIBER_RECORD
PERSON_1396,PERSON,PHONE_01396,PHONE,USED,,0.05,0.94,TELCO_SUBSCRIBER_RECORD
PERSON_1182,PERSON,PHONE_01182,PHONE,USED,,0.05,0.93,TELCO_SUBSCRIBER_RECORD
PERSON_0665,PERSON,PHONE_00665,PHONE,USED,,0.05,0.93,TELCO_SUBSCRIBER_RECORD
PERSON_0526,PERSON,PHONE_00526,PHONE,USED,,0.05,0.82,TELCO_SUBSCRIBER_RECORD
PERSON_0902,PERSON,PHONE_00902,PHONE,USED,,0.05,0.78,TELCO_SUBSCRIBER_RECORD
PERSON_0792,PERSON,PHONE_01782,PHONE,USED,,0.05,0.85,TELCO_SUBSCRIBER_RECORD
PERSON_0032,PERSON,PHONE_01682,PHONE,USED,,0.05,0.79,TELCO_SUBSCRIBER_RECORD
PERSON_1166,PERSON,PHONE_01519,PHONE,USED,,0.05,0.64,TELCO_SUBSCRIBER_RECORD
PERSON_0623,PERSON,PHONE_00623,PHONE,USED,,0.05,0.94,TELCO_SUBSCRIBER_RECORD
PERSON_0535,PERSON,PHONE_00535,PHONE,USED,,0.05,0.82,TELCO_SUBSCRIBER_RECORD
PERSON_1280,PERSON,PHONE_01280,PHONE,USED,,0.05,0.94,TELCO_SUBSCRIBER_RECORD
PERSON_0174,PERSON,PHONE_01514,PHONE,USED,,0.05,0.95,TELCO_SUBSCRIBER_RECORD
PERSON_1383,PERSON,PHONE_01760,PHONE,USED,,0.05,0.68,TELCO_SUBSCRIBER_RECORD
PERSON_0216,PERSON,PHONE_00216,PHONE,USED,,0.05,0.95,TELCO_SUBSCRIBER_RECORD
PERSON_0917,PERSON,PHONE_00917,PHONE,USED,,0.05,0.8,TELCO_SUBSCRIBER_RECORD
PERSON_1065,PERSON,PHONE_01065,PHONE,USED,,0.05,0.91,TELCO_SUBSCRIBER_RECORD
PERSON_0917,PERSON,PHONE_01611,PHONE,USED,,0.05,0.78,TELCO_SUBSCRIBER_RECORD
PERSON_0880,PERSON,PHONE_00880,PHONE,USED,,0.05,0.93,TELCO_SUBSCRIBER_RECORD
PERSON_0009,PERSON,PHONE_00009,PHONE,USED,,0.05,0.75,TELCO_SUBSCRIBER_RECORD
PERSON_1410,PERSON,PHONE_01410,PHONE,USED,,0.05,0.71,TELCO_SUBSCRIBER_RECORD
PERSON_1316,PERSON,PHONE_01898,PHONE,USED,,0.05,0.57,TELCO_SUBSCRIBER_RECORD
PERSON_0718,PERSON,PHONE_00718,PHONE,USED,,0.05,0.81,TELCO_SUBSCRIBER_RECORD
PERSON_0944,PERSON,PHONE_01936,PHONE,USED,,0.05,0.72,TELCO_SUBSCRIBER_RECORD
PERSON_0020,PERSON,PHONE_00020,PHONE,USED,,0.05,0.78,TELCO_SUBSCRIBER_RECORD
PERSON_1297,PERSON,PHONE_01297,PHONE,USED,,0.05,0.79,TELCO_SUBSCRIBER_RECORD
PERSON_1395,PERSON,PHONE_01573,PHONE,USED,,0.05,0.78,TELCO_SUBSCRIBER_RECORD
PERSON_0023,PERSON,PHONE_00023,PHONE,USED,,0.05,0.96,TELCO_SUBSCRIBER_RECORD
PERSON_0924,PERSON,PHONE_00924,PHONE,USED,,0.05,0.77,TELCO_SUBSCRIBER_RECORD
PERSON_1466,PERSON,PHONE_01466,PHONE,USED,,0.05,0.87,TELCO_SUBSCRIBER_RECORD
PERSON_1043,PERSON,PHONE_01043,PHONE,USED,2024-12-22 19:58:33,0.05,0.92,TELCO_SUBSCRIBER_RECORD
PERSON_1429,PERSON,PHONE_01429,PHONE,USED,,0.05,0.95,TELCO_SUBSCRIBER_RECORD
PERSON_0199,PERSON,PHONE_01756,PHONE,USED,,0.05,0.56,TELCO_SUBSCRIBER_RECORD
PERSON_0712,PERSON,PHONE_00712,PHONE,USED,,0.05,0.76,TELCO_SUBSCRIBER_RECORD
PERSON_0080,PERSON,PHONE_00080,PHONE,USED,,0.05,0.73,TELCO_SUBSCRIBER_RECORD
PERSON_0216,PERSON,PHONE_01918,PHONE,USED,,0.05,0.94,TELCO_SUBSCRIBER_RECORD
PERSON_1153,PERSON,PHONE_01153,PHONE,USED,,0.05,0.76,TELCO_SUBSCRIBER_RECORD
PERSON_0609,PERSON,PHONE_00609,PHONE,USED,2026-02-20 03:43:25,0.05,0.75,TELCO_SUBSCRIBER_RECORD
PERSON_1174,PERSON,PHONE_01711,PHONE,USED,,0.05,0.76,TELCO_SUBSCRIBER_RECORD
PERSON_1196,PERSON,PHONE_01196,PHONE,USED,,0.05,0.82,TELCO_SUBSCRIBER_RECORD
PERSON_1141,PERSON,PHONE_01780,PHONE,USED,,0.05,0.66,TELCO_SUBSCRIBER_RECORD
PERSON_0320,PERSON,PHONE_00320,PHONE,USED,,0.05,0.97,TELCO_SUBSCRIBER_RECORD
PERSON_0811,PERSON,PHONE_01873,PHONE,USED,,0.05,0.73,TELCO_SUBSCRIBER_RECORD
PERSON_0165,PERSON,PHONE_01822,PHONE,USED,,0.05,0.58,TELCO_SUBSCRIBER_RECORD
PERSON_0030,PERSON,PHONE_00030,PHONE,USED,,0.05,0.77,TELCO_SUBSCRIBER_RECORD
PERSON_0354,PERSON,PHONE_01890,PHONE,USED,,0.05,0.7,TELCO_SUBSCRIBER_RECORD
PERSON_0389,PERSON,PHONE_00389,PHONE,USED,,0.05,0.75,TELCO_SUBSCRIBER_RECORD
PERSON_0523,PERSON,PHONE_00523,PHONE,USED,,0.05,0.84,TELCO_SUBSCRIBER_RECORD
PERSON_1474,PERSON,PHONE_01474,PHONE,USED,,0.05,0.85,TELCO_SUBSCRIBER_RECORD
PERSON_0049,PERSON,PHONE_00049,PHONE,USED,,0.05,0.85,TELCO_SUBSCRIBER_RECORD
PERSON_0123,PERSON,PHONE_01982,PHONE,USED,,0.05,0.93,TELCO_SUBSCRIBER_RECORD
PERSON_0981,PERSON,PHONE_01819,PHONE,USED,,0.05,0.77,TELCO_SUBSCRIBER_RECORD
PERSON_1321,PERSON,PHONE_01321,PHONE,USED,,0.05,0.88,TELCO_SUBSCRIBER_RECORD
PERSON_0016,PERSON,PHONE_00016,PHONE,USED,,0.05,0.92,TELCO_SUBSCRIBER_RECORD
PERSON_1334,PERSON,PHONE_01334,PHONE,USED,,0.05,0.92,TELCO_SUBSCRIBER_RECORD
PERSON_0066,PERSON,PHONE_01949,PHONE,USED,,0.05,0.78,TELCO_SUBSCRIBER_RECORD
PERSON_0938,PERSON,PHONE_00938,PHONE,USED,,0.05,0.87,TELCO_SUBSCRIBER_RECORD
PERSON_1470,PERSON,PHONE_01470,PHONE,USED,,0.05,0.93,TELCO_SUBSCRIBER_RECORD
PERSON_0287,PERSON,PHONE_00287,PHONE,USED,,0.05,0.83,TELCO_SUBSCRIBER_RECORD
PERSON_0650,PERSON,PHONE_01763,PHONE,USED,,0.05,0.7,TELCO_SUBSCRIBER_RECORD
PERSON_0582,PERSON,PHONE_00582,PHONE,USED,,0.05,0.91,TELCO_SUBSCRIBER_RECORD
PERSON_0267,PERSON,PHONE_00267,PHONE,USED,,0.05,0.83,TELCO_SUBSCRIBER_RECORD
PERSON_0703,PERSON,PHONE_01508,PHONE,USED,,0.05,0.58,TELCO_SUBSCRIBER_RECORD
PERSON_0127,PERSON,PHONE_00127,PHONE,USED,,0.05,0.9,TELCO_SUBSCRIBER_RECORD
PERSON_0191,PERSON,PHONE_00191,PHONE,USED,,0.05,0.74,TELCO_SUBSCRIBER_RECORD
PERSON_0653,PERSON,PHONE_01507,PHONE,USED,,0.05,0.72,TELCO_SUBSCRIBER_RECORD
PERSON_1250,PERSON,PHONE_01726,PHONE,USED,,0.05,0.61,TELCO_SUBSCRIBER_RECORD
PERSON_1121,PERSON,PHONE_01675,PHONE,USED,,0.05,0.6,TELCO_SUBSCRIBER_RECORD
PERSON_0409,PERSON,PHONE_00409,PHONE,USED,,0.05,0.96,TELCO_SUBSCRIBER_RECORD
PERSON_1029,PERSON,PHONE_01029,PHONE,USED,,0.05,0.77,TELCO_SUBSCRIBER_RECORD
PERSON_1202,PERSON,PHONE_01202,PHONE,USED,,0.05,0.78,TELCO_SUBSCRIBER_RECORD
PERSON_0812,PERSON,PHONE_00812,PHONE,USED,2024-11-06 20:52:13,0.05,0.96,TELCO_SUBSCRIBER_RECORD
PERSON_1175,PERSON,PHONE_01175,PHONE,USED,,0.05,0.7,TELCO_SUBSCRIBER_RECORD
PERSON_0650,PERSON,PHONE_00650,PHONE,USED,,0.05,0.97,TELCO_SUBSCRIBER_RECORD
PERSON_1209,PERSON,PHONE_01827,PHONE,USED,,0.05,0.61,TELCO_SUBSCRIBER_RECORD
PERSON_0261,PERSON,PHONE_00261,PHONE,USED,,0.05,0.8,TELCO_SUBSCRIBER_RECORD
PERSON_0110,PERSON,PHONE_00110,PHONE,USED,,0.05,0.97,TELCO_SUBSCRIBER_RECORD
PERSON_0603,PERSON,PHONE_02001,PHONE,USED,2025-12-10 19:39:40,0.05,0.36,TELCO_SUBSCRIBER_RECORD
PERSON_0405,PERSON,PHONE_00405,PHONE,USED,,0.05,0.83,TELCO_SUBSCRIBER_RECORD
PERSON_0994,PERSON,PHONE_01553,PHONE,USED,,0.05,0.58,TELCO_SUBSCRIBER_RECORD
PERSON_0918,PERSON,PHONE_01538,PHONE,USED,,0.05,0.63,TELCO_SUBSCRIBER_RECORD
PERSON_0525,PERSON,PHONE_00525,PHONE,USED,,0.05,0.73,TELCO_SUBSCRIBER_RECORD
PERSON_0935,PERSON,PHONE_00935,PHONE,USED,,0.05,0.93,TELCO_SUBSCRIBER_RECORD
PERSON_0483,PERSON,PHONE_00483,PHONE,USED,,0.05,0.96,TELCO_SUBSCRIBER_RECORD
PERSON_0230,PERSON,PHONE_00230,PHONE,USED,,0.05,0.79,TELCO_SUBSCRIBER_RECORD
PERSON_0227,PERSON,PHONE_01632,PHONE,USED,,0.05,0.72,TELCO_SUBSCRIBER_RECORD
PERSON_0272,PERSON,PHONE_01856,PHONE,USED,,0.05,0.84,TELCO_SUBSCRIBER_RECORD
PERSON_1208,PERSON,PHONE_01621,PHONE,USED,,0.05,0.69,TELCO_SUBSCRIBER_RECORD
PERSON_0082,PERSON,PHONE_00082,PHONE,USED,,0.05,0.93,TELCO_SUBSCRIBER_RECORD
PERSON_1396,PERSON,PHONE_01559,PHONE,USED,,0.05,0.8,TELCO_SUBSCRIBER_RECORD
PERSON_0397,PERSON,PHONE_00397,PHONE,USED,,0.05,0.76,TELCO_SUBSCRIBER_RECORD
PERSON_1496,PERSON,PHONE_01496,PHONE,USED,,0.05,0.72,TELCO_SUBSCRIBER_RECORD
PERSON_0011,PERSON,PHONE_00011,PHONE,USED,2026-04-17 00:26:17,0.05,0.86,TELCO_SUBSCRIBER_RECORD
PERSON_1140,PERSON,PHONE_01140,PHONE,USED,,0.05,0.88,TELCO_SUBSCRIBER_RECORD
PERSON_0931,PERSON,PHONE_00931,PHONE,USED,,0.05,0.85,TELCO_SUBSCRIBER_RECORD
PERSON_1450,PERSON,PHONE_01450,PHONE,USED,,0.05,0.81,TELCO_SUBSCRIBER_RECORD
PERSON_1304,PERSON,PHONE_01304,PHONE,USED,,0.05,0.79,TELCO_SUBSCRIBER_RECORD
PERSON_0012,PERSON,PHONE_00012,PHONE,USED,,0.05,0.86,TELCO_SUBSCRIBER_RECORD
PERSON_1187,PERSON,PHONE_01771,PHONE,USED,,0.05,0.61,TELCO_SUBSCRIBER_RECORD
PERSON_0492,PERSON,PHONE_00492,PHONE,USED,,0.05,0.9,TELCO_SUBSCRIBER_RECORD
PERSON_0378,PERSON,PHONE_00378,PHONE,USED,,0.05,0.85,TELCO_SUBSCRIBER_RECORD
PERSON_0038,PERSON,PHONE_00038,PHONE,USED,,0.05,0.88,TELCO_SUBSCRIBER_RECORD
PERSON_0533,PERSON,PHONE_00533,PHONE,USED,,0.05,0.98,TELCO_SUBSCRIBER_RECORD
PERSON_1188,PERSON,PHONE_01501,PHONE,USED,,0.05,0.78,TELCO_SUBSCRIBER_RECORD
PERSON_0592,PERSON,PHONE_00592,PHONE,USED,,0.05,0.76,TELCO_SUBSCRIBER_RECORD
PERSON_1354,PERSON,PHONE_01354,PHONE,USED,,0.05,0.91,TELCO_SUBSCRIBER_RECORD
PERSON_0109,PERSON,PHONE_01914,PHONE,USED,,0.05,0.86,TELCO_SUBSCRIBER_RECORD
PERSON_1028,PERSON,PHONE_01968,PHONE,USED,,0.05,0.75,TELCO_SUBSCRIBER_RECORD
PERSON_0670,PERSON,PHONE_00670,PHONE,USED,,0.05,0.93,TELCO_SUBSCRIBER_RECORD
PERSON_0057,PERSON,PHONE_00057,PHONE,USED,,0.05,0.89,TELCO_SUBSCRIBER_RECORD
PERSON_1255,PERSON,PHONE_01589,PHONE,USED,,0.05,0.83,TELCO_SUBSCRIBER_RECORD
PERSON_0973,PERSON,PHONE_00973,PHONE,USED,,0.05,0.71,TELCO_SUBSCRIBER_RECORD
PERSON_1346,PERSON,PHONE_01346,PHONE,USED,,0.05,0.78,TELCO_SUBSCRIBER_RECORD
PERSON_0203,PERSON,PHONE_01913,PHONE,USED,,0.05,0.76,TELCO_SUBSCRIBER_RECORD
PERSON_1066,PERSON,PHONE_01066,PHONE,USED,,0.05,0.82,TELCO_SUBSCRIBER_RECORD
PERSON_0555,PERSON,PHONE_01729,PHONE,USED,,0.05,0.7,TELCO_SUBSCRIBER_RECORD
PERSON_1125,PERSON,PHONE_01125,PHONE,USED,,0.05,0.78,TELCO_SUBSCRIBER_RECORD
PERSON_0341,PERSON,PHONE_00341,PHONE,USED,2026-01-30 14:50:47,0.05,0.82,TELCO_SUBSCRIBER_RECORD
PERSON_0150,PERSON,PHONE_00150,PHONE,USED,,0.05,0.77,TELCO_SUBSCRIBER_RECORD
PERSON_1383,PERSON,PHONE_01383,PHONE,USED,,0.05,0.73,TELCO_SUBSCRIBER_RECORD
PERSON_1097,PERSON,PHONE_01917,PHONE,USED,,0.05,0.95,TELCO_SUBSCRIBER_RECORD
PERSON_0654,PERSON,PHONE_00654,PHONE,USED,,0.05,0.86,TELCO_SUBSCRIBER_RECORD
PERSON_0510,PERSON,PHONE_00510,PHONE,USED,,0.05,0.94,TELCO_SUBSCRIBER_RECORD
PERSON_0416,PERSON,PHONE_00416,PHONE,USED,,0.05,0.92,TELCO_SUBSCRIBER_RECORD
PERSON_0635,PERSON,PHONE_01937,PHONE,USED,,0.05,0.88,TELCO_SUBSCRIBER_RECORD
PERSON_0598,PERSON,PHONE_00598,PHONE,USED,,0.05,0.92,TELCO_SUBSCRIBER_RECORD
PERSON_1300,PERSON,PHONE_01300,PHONE,USED,,0.05,0.8,TELCO_SUBSCRIBER_RECORD
PERSON_1446,PERSON,PHONE_01446,PHONE,USED,,0.05,0.74,TELCO_SUBSCRIBER_RECORD
PERSON_0490,PERSON,PHONE_00490,PHONE,USED,,0.05,0.9,TELCO_SUBSCRIBER_RECORD
PERSON_0538,PERSON,PHONE_01851,PHONE,USED,,0.05,0.83,TELCO_SUBSCRIBER_RECORD
PERSON_0215,PERSON,PHONE_00215,PHONE,USED,2025-12-16 13:05:48,0.05,0.82,TELCO_SUBSCRIBER_RECORD
PERSON_0365,PERSON,PHONE_00365,PHONE,USED,,0.05,0.96,TELCO_SUBSCRIBER_RECORD
PERSON_1446,PERSON,PHONE_01598,PHONE,USED,,0.05,0.81,TELCO_SUBSCRIBER_RECORD
PERSON_0107,PERSON,PHONE_00107,PHONE,USED,,0.05,0.79,TELCO_SUBSCRIBER_RECORD
PERSON_1161,PERSON,PHONE_01744,PHONE,USED,,0.05,0.63,TELCO_SUBSCRIBER_RECORD
PERSON_1165,PERSON,PHONE_01165,PHONE,USED,,0.05,0.7,TELCO_SUBSCRIBER_RECORD
PERSON_1414,PERSON,PHONE_01683,PHONE,USED,,0.05,0.56,TELCO_SUBSCRIBER_RECORD
PERSON_0400,PERSON,PHONE_00400,PHONE,USED,,0.05,0.87,TELCO_SUBSCRIBER_RECORD
PERSON_0890,PERSON,PHONE_00890,PHONE,USED,,0.05,0.72,TELCO_SUBSCRIBER_RECORD
PERSON_0096,PERSON,PHONE_01734,PHONE,USED,,0.05,0.73,TELCO_SUBSCRIBER_RECORD
PERSON_0366,PERSON,PHONE_00366,PHONE,USED,,0.05,0.95,TELCO_SUBSCRIBER_RECORD
PERSON_1323,PERSON,PHONE_01323,PHONE,USED,,0.05,0.73,TELCO_SUBSCRIBER_RECORD
PERSON_1369,PERSON,PHONE_01369,PHONE,USED,,0.05,0.82,TELCO_SUBSCRIBER_RECORD
PERSON_1373,PERSON,PHONE_01539,PHONE,USED,,0.05,0.92,TELCO_SUBSCRIBER_RECORD
PERSON_1335,PERSON,PHONE_01534,PHONE,USED,,0.05,0.75,TELCO_SUBSCRIBER_RECORD
PERSON_0226,PERSON,PHONE_00226,PHONE,USED,,0.05,0.87,TELCO_SUBSCRIBER_RECORD
PERSON_0707,PERSON,PHONE_01692,PHONE,USED,,0.05,0.73,TELCO_SUBSCRIBER_RECORD
PERSON_0724,PERSON,PHONE_00724,PHONE,USED,,0.05,0.78,TELCO_SUBSCRIBER_RECORD
PERSON_0173,PERSON,PHONE_00173,PHONE,USED,,0.05,0.73,TELCO_SUBSCRIBER_RECORD
PERSON_1108,PERSON,PHONE_01795,PHONE,USED,,0.05,0.67,TELCO_SUBSCRIBER_RECORD
PERSON_0202,PERSON,PHONE_00202,PHONE,USED,,0.05,0.73,TELCO_SUBSCRIBER_RECORD
PERSON_1495,PERSON,PHONE_01495,PHONE,USED,2025-06-28 05:15:31,0.05,0.82,TELCO_SUBSCRIBER_RECORD
PERSON_1156,PERSON,PHONE_01156,PHONE,USED,,0.05,0.8,TELCO_SUBSCRIBER_RECORD
PERSON_1317,PERSON,PHONE_01317,PHONE,USED,,0.05,0.83,TELCO_SUBSCRIBER_RECORD
PERSON_0548,PERSON,PHONE_00548,PHONE,USED,,0.05,0.95,TELCO_SUBSCRIBER_RECORD
PERSON_1242,PERSON,PHONE_01242,PHONE,USED,,0.05,0.88,TELCO_SUBSCRIBER_RECORD
PERSON_1415,PERSON,PHONE_01415,PHONE,USED,,0.05,0.83,TELCO_SUBSCRIBER_RECORD
PERSON_1057,PERSON,PHONE_01057,PHONE,USED,,0.05,0.88,TELCO_SUBSCRIBER_RECORD
PERSON_1384,PERSON,PHONE_01384,PHONE,USED,,0.05,0.92,TELCO_SUBSCRIBER_RECORD
PERSON_1450,PERSON,PHONE_01850,PHONE,USED,,0.05,0.61,TELCO_SUBSCRIBER_RECORD
PERSON_0188,PERSON,PHONE_00188,PHONE,USED,,0.05,0.93,TELCO_SUBSCRIBER_RECORD
PERSON_0001,PERSON,PHONE_01773,PHONE,USED,,0.05,0.64,TELCO_SUBSCRIBER_RECORD
PERSON_0661,PERSON,PHONE_01623,PHONE,USED,,0.05,0.72,TELCO_SUBSCRIBER_RECORD
PERSON_0711,PERSON,PHONE_00711,PHONE,USED,2026-02-17 22:22:04,0.05,0.97,TELCO_SUBSCRIBER_RECORD
PERSON_0427,PERSON,PHONE_01971,PHONE,USED,,0.05,0.59,TELCO_SUBSCRIBER_RECORD
PERSON_1370,PERSON,PHONE_01370,PHONE,USED,,0.05,0.96,TELCO_SUBSCRIBER_RECORD
PERSON_0334,PERSON,PHONE_00334,PHONE,USED,,0.05,0.98,TELCO_SUBSCRIBER_RECORD
PERSON_1407,PERSON,PHONE_01998,PHONE,USED,,0.05,0.75,TELCO_SUBSCRIBER_RECORD
PERSON_0923,PERSON,PHONE_00923,PHONE,USED,,0.05,0.94,TELCO_SUBSCRIBER_RECORD
PERSON_1387,PERSON,PHONE_01387,PHONE,USED,,0.05,0.76,TELCO_SUBSCRIBER_RECORD
PERSON_1418,PERSON,PHONE_01821,PHONE,USED,,0.05,0.88,TELCO_SUBSCRIBER_RECORD
PERSON_0349,PERSON,PHONE_00349,PHONE,USED,,0.05,0.99,TELCO_SUBSCRIBER_RECORD
PERSON_0204,PERSON,PHONE_00204,PHONE,USED,,0.05,0.79,TELCO_SUBSCRIBER_RECORD
PERSON_1308,PERSON,PHONE_01308,PHONE,USED,,0.05,0.91,TELCO_SUBSCRIBER_RECORD
PERSON_1013,PERSON,PHONE_01013,PHONE,USED,,0.05,0.8,TELCO_SUBSCRIBER_RECORD
PERSON_0869,PERSON,PHONE_00869,PHONE,USED,,0.05,0.87,TELCO_SUBSCRIBER_RECORD
PERSON_0118,PERSON,PHONE_01704,PHONE,USED,,0.05,0.79,TELCO_SUBSCRIBER_RECORD
PERSON_0999,PERSON,PHONE_00999,PHONE,USED,,0.05,0.88,TELCO_SUBSCRIBER_RECORD
PERSON_1098,PERSON,PHONE_01098,PHONE,USED,,0.05,0.92,TELCO_SUBSCRIBER_RECORD
PERSON_0172,PERSON,PHONE_01562,PHONE,USED,,0.05,0.79,TELCO_SUBSCRIBER_RECORD
PERSON_1296,PERSON,PHONE_01941,PHONE,USED,,0.05,0.82,TELCO_SUBSCRIBER_RECORD
PERSON_1479,PERSON,PHONE_01479,PHONE,USED,,0.05,0.84,TELCO_SUBSCRIBER_RECORD
PERSON_0695,PERSON,PHONE_00695,PHONE,USED,,0.05,0.82,TELCO_SUBSCRIBER_RECORD
PERSON_0962,PERSON,PHONE_01518,PHONE,USED,,0.05,0.93,TELCO_SUBSCRIBER_RECORD
PERSON_0289,PERSON,PHONE_00289,PHONE,USED,,0.05,0.98,TELCO_SUBSCRIBER_RECORD
PERSON_0424,PERSON,PHONE_01536,PHONE,USED,,0.05,0.69,TELCO_SUBSCRIBER_RECORD
PERSON_1021,PERSON,PHONE_01021,PHONE,USED,,0.05,0.71,TELCO_SUBSCRIBER_RECORD
PERSON_0579,PERSON,PHONE_00579,PHONE,USED,,0.05,0.93,TELCO_SUBSCRIBER_RECORD
PERSON_0071,PERSON,PHONE_00071,PHONE,USED,,0.05,0.97,TELCO_SUBSCRIBER_RECORD
PERSON_1376,PERSON,PHONE_01376,PHONE,USED,,0.05,0.98,TELCO_SUBSCRIBER_RECORD
PERSON_1079,PERSON,PHONE_01079,PHONE,USED,,0.05,0.73,TELCO_SUBSCRIBER_RECORD
PERSON_1011,PERSON,PHONE_01011,PHONE,USED,2026-06-28 01:31:52,0.05,0.81,TELCO_SUBSCRIBER_RECORD
PERSON_0974,PERSON,PHONE_00974,PHONE,USED,,0.05,0.77,TELCO_SUBSCRIBER_RECORD
PERSON_0958,PERSON,PHONE_01736,PHONE,USED,,0.05,0.83,TELCO_SUBSCRIBER_RECORD
PERSON_0617,PERSON,PHONE_00617,PHONE,USED,,0.05,0.76,TELCO_SUBSCRIBER_RECORD
PERSON_1232,PERSON,PHONE_01232,PHONE,USED,,0.05,0.82,TELCO_SUBSCRIBER_RECORD
PERSON_1292,PERSON,PHONE_01292,PHONE,USED,,0.05,0.99,TELCO_SUBSCRIBER_RECORD
PERSON_0962,PERSON,PHONE_01543,PHONE,USED,,0.05,0.87,TELCO_SUBSCRIBER_RECORD
PERSON_0934,PERSON,PHONE_00934,PHONE,USED,,0.05,0.9,TELCO_SUBSCRIBER_RECORD
PERSON_0443,PERSON,PHONE_00443,PHONE,USED,,0.05,0.75,TELCO_SUBSCRIBER_RECORD
PERSON_0980,PERSON,PHONE_00980,PHONE,USED,,0.05,0.77,TELCO_SUBSCRIBER_RECORD
PERSON_0022,PERSON,PHONE_00022,PHONE,USED,,0.05,0.75,TELCO_SUBSCRIBER_RECORD
PERSON_0458,PERSON,PHONE_00458,PHONE,USED,,0.05,0.82,TELCO_SUBSCRIBER_RECORD
PERSON_0285,PERSON,PHONE_00285,PHONE,USED,,0.05,0.82,TELCO_SUBSCRIBER_RECORD
PERSON_1093,PERSON,PHONE_01812,PHONE,USED,,0.05,0.9,TELCO_SUBSCRIBER_RECORD
PERSON_1275,PERSON,PHONE_01275,PHONE,USED,,0.05,0.77,TELCO_SUBSCRIBER_RECORD
PERSON_0296,PERSON,PHONE_00296,PHONE,USED,,0.05,0.85,TELCO_SUBSCRIBER_RECORD
PERSON_1469,PERSON,PHONE_01469,PHONE,USED,,0.05,0.77,TELCO_SUBSCRIBER_RECORD
PERSON_0223,PERSON,PHONE_00223,PHONE,USED,,0.05,0.84,TELCO_SUBSCRIBER_RECORD
PERSON_1055,PERSON,PHONE_01512,PHONE,USED,,0.05,0.81,TELCO_SUBSCRIBER_RECORD
PERSON_1216,PERSON,PHONE_01630,PHONE,USED,,0.05,0.84,TELCO_SUBSCRIBER_RECORD
PERSON_0040,PERSON,PHONE_00040,PHONE,USED,,0.05,0.97,TELCO_SUBSCRIBER_RECORD
PERSON_1286,PERSON,PHONE_01874,PHONE,USED,,0.05,0.89,TELCO_SUBSCRIBER_RECORD
PERSON_0212,PERSON,PHONE_01768,PHONE,USED,,0.05,0.7,TELCO_SUBSCRIBER_RECORD
PERSON_1206,PERSON,PHONE_01966,PHONE,USED,,0.05,0.85,TELCO_SUBSCRIBER_RECORD
PERSON_1482,PERSON,PHONE_01482,PHONE,USED,,0.05,0.99,TELCO_SUBSCRIBER_RECORD
PERSON_0033,PERSON,PHONE_01537,PHONE,USED,,0.05,0.78,TELCO_SUBSCRIBER_RECORD
PERSON_0484,PERSON,PHONE_00484,PHONE,USED,,0.05,0.78,TELCO_SUBSCRIBER_RECORD
PERSON_1003,PERSON,PHONE_01003,PHONE,USED,,0.05,0.81,TELCO_SUBSCRIBER_RECORD
PERSON_0220,PERSON,PHONE_01813,PHONE,USED,,0.05,0.68,TELCO_SUBSCRIBER_RECORD
PERSON_1067,PERSON,PHONE_01067,PHONE,USED,,0.05,0.84,TELCO_SUBSCRIBER_RECORD
PERSON_1433,PERSON,PHONE_01935,PHONE,USED,,0.05,0.87,TELCO_SUBSCRIBER_RECORD
PERSON_0941,PERSON,PHONE_00941,PHONE,USED,2026-06-19 08:48:26,0.05,0.92,TELCO_SUBSCRIBER_RECORD
PERSON_1200,PERSON,PHONE_01200,PHONE,USED,,0.05,0.93,TELCO_SUBSCRIBER_RECORD
PERSON_0538,PERSON,PHONE_00538,PHONE,USED,,0.05,0.73,TELCO_SUBSCRIBER_RECORD
PERSON_0909,PERSON,PHONE_00909,PHONE,USED,,0.05,0.75,TELCO_SUBSCRIBER_RECORD
PERSON_1274,PERSON,PHONE_01274,PHONE,USED,,0.05,0.85,TELCO_SUBSCRIBER_RECORD
PERSON_0640,PERSON,PHONE_01889,PHONE,USED,,0.05,0.67,TELCO_SUBSCRIBER_RECORD
PERSON_0386,PERSON,PHONE_01844,PHONE,USED,,0.05,0.68,TELCO_SUBSCRIBER_RECORD
PERSON_1163,PERSON,PHONE_01163,PHONE,USED,,0.05,0.87,TELCO_SUBSCRIBER_RECORD
PERSON_1476,PERSON,PHONE_01476,PHONE,USED,,0.05,0.91,TELCO_SUBSCRIBER_RECORD
PERSON_0309,PERSON,PHONE_00309,PHONE,USED,,0.05,0.8,TELCO_SUBSCRIBER_RECORD
PERSON_0921,PERSON,PHONE_00921,PHONE,USED,,0.05,0.89,TELCO_SUBSCRIBER_RECORD
PERSON_0790,PERSON,PHONE_01549,PHONE,USED,,0.05,0.58,TELCO_SUBSCRIBER_RECORD
PERSON_0708,PERSON,PHONE_00708,PHONE,USED,,0.05,0.78,TELCO_SUBSCRIBER_RECORD
PERSON_0720,PERSON,PHONE_00720,PHONE,USED,,0.05,0.96,TELCO_SUBSCRIBER_RECORD
PERSON_0053,PERSON,PHONE_00053,PHONE,USED,,0.05,0.96,TELCO_SUBSCRIBER_RECORD
PERSON_0482,PERSON,PHONE_01607,PHONE,USED,,0.05,0.74,TELCO_SUBSCRIBER_RECORD
PERSON_1408,PERSON,PHONE_01408,PHONE,USED,,0.05,0.93,TELCO_SUBSCRIBER_RECORD
PERSON_1430,PERSON,PHONE_01430,PHONE,USED,,0.05,0.94,TELCO_SUBSCRIBER_RECORD
PERSON_0781,PERSON,PHONE_00781,PHONE,USED,,0.05,0.8,TELCO_SUBSCRIBER_RECORD
PERSON_1078,PERSON,PHONE_01078,PHONE,USED,,0.05,0.89,TELCO_SUBSCRIBER_RECORD
PERSON_0316,PERSON,PHONE_00316,PHONE,USED,,0.05,0.97,TELCO_SUBSCRIBER_RECORD
PERSON_0351,PERSON,PHONE_00351,PHONE,USED,,0.05,0.91,TELCO_SUBSCRIBER_RECORD
PERSON_0817,PERSON,PHONE_00817,PHONE,USED,,0.05,0.88,TELCO_SUBSCRIBER_RECORD
PERSON_1251,PERSON,PHONE_01251,PHONE,USED,,0.05,0.96,TELCO_SUBSCRIBER_RECORD
PERSON_0529,PERSON,PHONE_00529,PHONE,USED,2026-01-13 11:38:37,0.05,0.84,TELCO_SUBSCRIBER_RECORD
PERSON_1110,PERSON,PHONE_01110,PHONE,USED,2025-07-02 01:54:28,0.05,0.97,TELCO_SUBSCRIBER_RECORD
PERSON_0731,PERSON,PHONE_00731,PHONE,USED,2025-01-30 07:49:51,0.05,0.98,TELCO_SUBSCRIBER_RECORD
PERSON_0988,PERSON,PHONE_00988,PHONE,USED,,0.05,0.89,TELCO_SUBSCRIBER_RECORD
PERSON_0706,PERSON,PHONE_01806,PHONE,USED,,0.05,0.9,TELCO_SUBSCRIBER_RECORD
PERSON_1269,PERSON,PHONE_01637,PHONE,USED,,0.05,0.76,TELCO_SUBSCRIBER_RECORD
PERSON_1051,PERSON,PHONE_01570,PHONE,USED,,0.05,0.82,TELCO_SUBSCRIBER_RECORD
PERSON_0576,PERSON,PHONE_00576,PHONE,USED,,0.05,0.76,TELCO_SUBSCRIBER_RECORD
PERSON_0961,PERSON,PHONE_01661,PHONE,USED,,0.05,0.81,TELCO_SUBSCRIBER_RECORD
PERSON_1484,PERSON,PHONE_01820,PHONE,USED,,0.05,0.66,TELCO_SUBSCRIBER_RECORD
PERSON_0729,PERSON,PHONE_00729,PHONE,USED,,0.05,0.86,TELCO_SUBSCRIBER_RECORD
PERSON_0294,PERSON,PHONE_00294,PHONE,USED,,0.05,0.71,TELCO_SUBSCRIBER_RECORD
PERSON_0304,PERSON,PHONE_01948,PHONE,USED,,0.05,0.94,TELCO_SUBSCRIBER_RECORD
PERSON_0939,PERSON,PHONE_00939,PHONE,USED,,0.05,0.98,TELCO_SUBSCRIBER_RECORD
PERSON_0633,PERSON,PHONE_00633,PHONE,USED,,0.05,0.77,TELCO_SUBSCRIBER_RECORD
PERSON_0314,PERSON,PHONE_00314,PHONE,USED,2026-05-23 20:47:29,0.05,0.96,TELCO_SUBSCRIBER_RECORD
PERSON_0262,PERSON,PHONE_00262,PHONE,USED,,0.05,0.97,TELCO_SUBSCRIBER_RECORD
PERSON_1111,PERSON,PHONE_01636,PHONE,USED,,0.05,0.67,TELCO_SUBSCRIBER_RECORD
PERSON_0346,PERSON,PHONE_00346,PHONE,USED,,0.05,0.9,TELCO_SUBSCRIBER_RECORD
PERSON_0956,PERSON,PHONE_01762,PHONE,USED,,0.05,0.83,TELCO_SUBSCRIBER_RECORD
PERSON_0506,PERSON,PHONE_00506,PHONE,USED,,0.05,0.97,TELCO_SUBSCRIBER_RECORD
PERSON_0660,PERSON,PHONE_00660,PHONE,USED,,0.05,0.83,TELCO_SUBSCRIBER_RECORD
PERSON_0669,PERSON,PHONE_01893,PHONE,USED,,0.05,0.93,TELCO_SUBSCRIBER_RECORD
PERSON_1199,PERSON,PHONE_01199,PHONE,USED,,0.05,0.78,TELCO_SUBSCRIBER_RECORD
PERSON_0859,PERSON,PHONE_00859,PHONE,USED,,0.05,0.93,TELCO_SUBSCRIBER_RECORD
PERSON_1340,PERSON,PHONE_01340,PHONE,USED,,0.05,0.88,TELCO_SUBSCRIBER_RECORD
PERSON_0752,PERSON,PHONE_01561,PHONE,USED,,0.05,0.79,TELCO_SUBSCRIBER_RECORD
PERSON_1064,PERSON,PHONE_01613,PHONE,USED,,0.05,0.91,TELCO_SUBSCRIBER_RECORD
PERSON_1240,PERSON,PHONE_01240,PHONE,USED,,0.05,0.92,TELCO_SUBSCRIBER_RECORD
PERSON_0738,PERSON,PHONE_00738,PHONE,USED,,0.05,0.86,TELCO_SUBSCRIBER_RECORD
PERSON_0655,PERSON,PHONE_01863,PHONE,USED,,0.05,0.78,TELCO_SUBSCRIBER_RECORD
PERSON_0951,PERSON,PHONE_00951,PHONE,USED,,0.05,0.7,TELCO_SUBSCRIBER_RECORD
PERSON_1268,PERSON,PHONE_01268,PHONE,USED,2025-10-20 07:17:54,0.05,0.98,TELCO_SUBSCRIBER_RECORD
PERSON_0709,PERSON,PHONE_01858,PHONE,USED,,0.05,0.94,TELCO_SUBSCRIBER_RECORD
PERSON_1359,PERSON,PHONE_01849,PHONE,USED,,0.05,0.88,TELCO_SUBSCRIBER_RECORD
PERSON_0922,PERSON,PHONE_00922,PHONE,USED,,0.05,0.76,TELCO_SUBSCRIBER_RECORD
PERSON_0898,PERSON,PHONE_00898,PHONE,USED,,0.05,0.92,TELCO_SUBSCRIBER_RECORD
PERSON_0415,PERSON,PHONE_00415,PHONE,USED,,0.05,0.95,TELCO_SUBSCRIBER_RECORD
PERSON_0556,PERSON,PHONE_00556,PHONE,USED,,0.05,0.76,TELCO_SUBSCRIBER_RECORD
PERSON_0553,PERSON,PHONE_00553,PHONE,USED,,0.05,0.93,TELCO_SUBSCRIBER_RECORD
PERSON_0820,PERSON,PHONE_01800,PHONE,USED,,0.05,0.72,TELCO_SUBSCRIBER_RECORD
PERSON_1411,PERSON,PHONE_01411,PHONE,USED,,0.05,0.84,TELCO_SUBSCRIBER_RECORD
PERSON_1469,PERSON,PHONE_01792,PHONE,USED,,0.05,0.7,TELCO_SUBSCRIBER_RECORD
PERSON_1241,PERSON,PHONE_01241,PHONE,USED,,0.05,0.78,TELCO_SUBSCRIBER_RECORD
PERSON_1409,PERSON,PHONE_01511,PHONE,USED,,0.05,0.87,TELCO_SUBSCRIBER_RECORD
PERSON_0142,PERSON,PHONE_00142,PHONE,USED,,0.05,0.86,TELCO_SUBSCRIBER_RECORD
PERSON_1061,PERSON,PHONE_01784,PHONE,USED,,0.05,0.69,TELCO_SUBSCRIBER_RECORD
PERSON_0802,PERSON,PHONE_00802,PHONE,USED,,0.05,0.96,TELCO_SUBSCRIBER_RECORD
PERSON_0377,PERSON,PHONE_00377,PHONE,USED,,0.05,0.71,TELCO_SUBSCRIBER_RECORD
PERSON_0269,PERSON,PHONE_00269,PHONE,USED,,0.05,0.88,TELCO_SUBSCRIBER_RECORD
PERSON_0828,PERSON,PHONE_01617,PHONE,USED,,0.05,0.6,TELCO_SUBSCRIBER_RECORD
PERSON_0540,PERSON,PHONE_00540,PHONE,USED,2026-04-18 14:16:26,0.05,0.72,TELCO_SUBSCRIBER_RECORD
PERSON_0284,PERSON,PHONE_00284,PHONE,USED,,0.05,0.9,TELCO_SUBSCRIBER_RECORD
PERSON_1457,PERSON,PHONE_01457,PHONE,USED,,0.05,0.81,TELCO_SUBSCRIBER_RECORD
PERSON_0426,PERSON,PHONE_00426,PHONE,USED,,0.05,0.98,TELCO_SUBSCRIBER_RECORD
PERSON_0004,PERSON,PHONE_01591,PHONE,USED,,0.05,0.89,TELCO_SUBSCRIBER_RECORD
PERSON_1097,PERSON,PHONE_01805,PHONE,USED,,0.05,0.61,TELCO_SUBSCRIBER_RECORD
PERSON_1447,PERSON,PHONE_01447,PHONE,USED,,0.05,0.86,TELCO_SUBSCRIBER_RECORD
PERSON_1349,PERSON,PHONE_01349,PHONE,USED,,0.05,0.89,TELCO_SUBSCRIBER_RECORD
PERSON_0433,PERSON,PHONE_00433,PHONE,USED,2024-07-23 16:16:12,0.05,0.96,TELCO_SUBSCRIBER_RECORD
PERSON_0567,PERSON,PHONE_00567,PHONE,USED,,0.05,0.82,TELCO_SUBSCRIBER_RECORD
PERSON_0521,PERSON,PHONE_00521,PHONE,USED,,0.05,0.96,TELCO_SUBSCRIBER_RECORD
PERSON_1201,PERSON,PHONE_01520,PHONE,USED,,0.05,0.9,TELCO_SUBSCRIBER_RECORD
PERSON_0620,PERSON,PHONE_00620,PHONE,USED,2025-08-18 22:07:46,0.05,0.78,TELCO_SUBSCRIBER_RECORD
PERSON_0610,PERSON,PHONE_00610,PHONE,USED,,0.05,0.95,TELCO_SUBSCRIBER_RECORD
PERSON_0300,PERSON,PHONE_00300,PHONE,USED,,0.05,0.88,TELCO_SUBSCRIBER_RECORD
PERSON_0017,PERSON,PHONE_00017,PHONE,USED,,0.05,0.74,TELCO_SUBSCRIBER_RECORD
PERSON_0811,PERSON,PHONE_00811,PHONE,USED,,0.05,0.83,TELCO_SUBSCRIBER_RECORD
PERSON_0058,PERSON,PHONE_00058,PHONE,USED,2024-05-21 05:43:51,0.05,0.94,TELCO_SUBSCRIBER_RECORD
PERSON_0669,PERSON,PHONE_02013,PHONE,USED,2025-05-17 07:32:23,0.05,0.58,TELCO_SUBSCRIBER_RECORD
PERSON_1143,PERSON,PHONE_01143,PHONE,USED,,0.05,0.75,TELCO_SUBSCRIBER_RECORD
PERSON_0081,PERSON,PHONE_00081,PHONE,USED,,0.05,0.9,TELCO_SUBSCRIBER_RECORD
PERSON_1008,PERSON,PHONE_01008,PHONE,USED,,0.05,0.76,TELCO_SUBSCRIBER_RECORD
PERSON_0446,PERSON,PHONE_00446,PHONE,USED,,0.05,0.84,TELCO_SUBSCRIBER_RECORD
PERSON_1454,PERSON,PHONE_01454,PHONE,USED,,0.05,0.75,TELCO_SUBSCRIBER_RECORD
PERSON_0887,PERSON,PHONE_00887,PHONE,USED,2026-02-13 01:14:02,0.05,0.94,TELCO_SUBSCRIBER_RECORD
PERSON_0794,PERSON,PHONE_00794,PHONE,USED,,0.05,0.7,TELCO_SUBSCRIBER_RECORD
PERSON_0681,PERSON,PHONE_01753,PHONE,USED,,0.05,0.6,TELCO_SUBSCRIBER_RECORD
PERSON_0583,PERSON,PHONE_00583,PHONE,USED,,0.05,0.9,TELCO_SUBSCRIBER_RECORD
PERSON_0948,PERSON,PHONE_01786,PHONE,USED,,0.05,0.78,TELCO_SUBSCRIBER_RECORD
PERSON_0153,PERSON,PHONE_00153,PHONE,USED,,0.05,0.86,TELCO_SUBSCRIBER_RECORD
PERSON_0733,PERSON,PHONE_00733,PHONE,USED,,0.05,0.73,TELCO_SUBSCRIBER_RECORD
PERSON_0124,PERSON,PHONE_01950,PHONE,USED,,0.05,0.62,TELCO_SUBSCRIBER_RECORD
PERSON_1362,PERSON,PHONE_01362,PHONE,USED,2026-02-23 03:48:24,0.05,0.73,TELCO_SUBSCRIBER_RECORD
PERSON_1283,PERSON,PHONE_01788,PHONE,USED,,0.05,0.68,TELCO_SUBSCRIBER_RECORD
PERSON_0600,PERSON,PHONE_00600,PHONE,USED,,0.05,0.84,TELCO_SUBSCRIBER_RECORD
PERSON_0759,PERSON,PHONE_00759,PHONE,USED,,0.05,0.73,TELCO_SUBSCRIBER_RECORD
PERSON_0498,PERSON,PHONE_00498,PHONE,USED,,0.05,0.73,TELCO_SUBSCRIBER_RECORD
PERSON_0536,PERSON,PHONE_00536,PHONE,USED,,0.05,0.88,TELCO_SUBSCRIBER_RECORD
PERSON_0333,PERSON,PHONE_00333,PHONE,USED,,0.05,0.88,TELCO_SUBSCRIBER_RECORD
PERSON_0758,PERSON,PHONE_01828,PHONE,USED,,0.05,0.68,TELCO_SUBSCRIBER_RECORD
PERSON_0752,PERSON,PHONE_00752,PHONE,USED,,0.05,0.86,TELCO_SUBSCRIBER_RECORD
PERSON_0322,PERSON,PHONE_01703,PHONE,USED,,0.05,0.73,TELCO_SUBSCRIBER_RECORD
PERSON_1016,PERSON,PHONE_01016,PHONE,USED,2025-08-28 23:01:19,0.05,0.98,TELCO_SUBSCRIBER_RECORD
PERSON_0848,PERSON,PHONE_01656,PHONE,USED,,0.05,0.55,TELCO_SUBSCRIBER_RECORD
PERSON_0985,PERSON,PHONE_00985,PHONE,USED,2026-05-14 04:03:35,0.05,0.96,TELCO_SUBSCRIBER_RECORD
PERSON_1461,PERSON,PHONE_01461,PHONE,USED,,0.05,0.98,TELCO_SUBSCRIBER_RECORD
PERSON_1184,PERSON,PHONE_01653,PHONE,USED,,0.05,0.56,TELCO_SUBSCRIBER_RECORD
PERSON_1498,PERSON,PHONE_01498,PHONE,USED,,0.05,0.71,TELCO_SUBSCRIBER_RECORD
PERSON_0912,PERSON,PHONE_01509,PHONE,USED,,0.05,0.87,TELCO_SUBSCRIBER_RECORD
PERSON_0046,PERSON,PHONE_00046,PHONE,USED,,0.05,0.91,TELCO_SUBSCRIBER_RECORD
PERSON_0955,PERSON,PHONE_00955,PHONE,USED,,0.05,0.7,TELCO_SUBSCRIBER_RECORD
PERSON_1492,PERSON,PHONE_01492,PHONE,USED,,0.05,0.9,TELCO_SUBSCRIBER_RECORD
PERSON_1190,PERSON,PHONE_01190,PHONE,USED,,0.05,0.82,TELCO_SUBSCRIBER_RECORD
PERSON_0871,PERSON,PHONE_00871,PHONE,USED,,0.05,0.76,TELCO_SUBSCRIBER_RECORD
PERSON_0542,PERSON,PHONE_00542,PHONE,USED,,0.05,0.77,TELCO_SUBSCRIBER_RECORD
PERSON_0976,PERSON,PHONE_00976,PHONE,USED,2026-02-28 20:53:28,0.05,0.78,TELCO_SUBSCRIBER_RECORD
PERSON_1444,PERSON,PHONE_01680,PHONE,USED,,0.05,0.8,TELCO_SUBSCRIBER_RECORD
PERSON_0027,PERSON,PHONE_00027,PHONE,USED,,0.05,0.8,TELCO_SUBSCRIBER_RECORD
PERSON_1185,PERSON,PHONE_01185,PHONE,USED,,0.05,0.9,TELCO_SUBSCRIBER_RECORD
PERSON_0637,PERSON,PHONE_00637,PHONE,USED,,0.05,0.89,TELCO_SUBSCRIBER_RECORD
PERSON_0926,PERSON,PHONE_00926,PHONE,USED,,0.05,0.87,TELCO_SUBSCRIBER_RECORD
PERSON_0722,PERSON,PHONE_01714,PHONE,USED,,0.05,0.55,TELCO_SUBSCRIBER_RECORD
PERSON_1046,PERSON,PHONE_02023,PHONE,USED,2026-01-06 15:17:49,0.05,0.35,TELCO_SUBSCRIBER_RECORD
PERSON_1094,PERSON,PHONE_01094,PHONE,USED,,0.05,0.73,TELCO_SUBSCRIBER_RECORD
PERSON_0893,PERSON,PHONE_01737,PHONE,USED,,0.05,0.72,TELCO_SUBSCRIBER_RECORD
PERSON_0943,PERSON,PHONE_01891,PHONE,USED,,0.05,0.6,TELCO_SUBSCRIBER_RECORD
PERSON_1339,PERSON,PHONE_01339,PHONE,USED,,0.05,0.75,TELCO_SUBSCRIBER_RECORD
PERSON_0663,PERSON,PHONE_00663,PHONE,USED,,0.05,0.77,TELCO_SUBSCRIBER_RECORD
PERSON_0864,PERSON,PHONE_00864,PHONE,USED,,0.05,0.9,TELCO_SUBSCRIBER_RECORD
PERSON_0500,PERSON,PHONE_00500,PHONE,USED,,0.05,0.83,TELCO_SUBSCRIBER_RECORD
PERSON_0799,PERSON,PHONE_01664,PHONE,USED,,0.05,0.74,TELCO_SUBSCRIBER_RECORD
PERSON_0897,PERSON,PHONE_00897,PHONE,USED,,0.05,0.79,TELCO_SUBSCRIBER_RECORD
PERSON_1135,PERSON,PHONE_01541,PHONE,USED,,0.05,0.89,TELCO_SUBSCRIBER_RECORD
PERSON_0453,PERSON,PHONE_00453,PHONE,USED,,0.05,0.76,TELCO_SUBSCRIBER_RECORD
PERSON_0335,PERSON,PHONE_00335,PHONE,USED,,0.05,0.86,TELCO_SUBSCRIBER_RECORD
PERSON_0106,PERSON,PHONE_00106,PHONE,USED,,0.05,0.85,TELCO_SUBSCRIBER_RECORD
PERSON_0496,PERSON,PHONE_00496,PHONE,USED,,0.05,0.93,TELCO_SUBSCRIBER_RECORD
PERSON_0369,PERSON,PHONE_01924,PHONE,USED,,0.05,0.77,TELCO_SUBSCRIBER_RECORD
PERSON_0386,PERSON,PHONE_00386,PHONE,USED,,0.05,0.87,TELCO_SUBSCRIBER_RECORD
PERSON_0272,PERSON,PHONE_00272,PHONE,USED,,0.05,0.79,TELCO_SUBSCRIBER_RECORD
PERSON_1219,PERSON,PHONE_01219,PHONE,USED,,0.05,0.84,TELCO_SUBSCRIBER_RECORD
PERSON_0167,PERSON,PHONE_00167,PHONE,USED,,0.05,0.98,TELCO_SUBSCRIBER_RECORD
PERSON_0908,PERSON,PHONE_00908,PHONE,USED,,0.05,0.78,TELCO_SUBSCRIBER_RECORD
PERSON_0155,PERSON,PHONE_00155,PHONE,USED,,0.05,0.82,TELCO_SUBSCRIBER_RECORD
PERSON_1155,PERSON,PHONE_01155,PHONE,USED,,0.05,0.81,TELCO_SUBSCRIBER_RECORD
PERSON_1011,PERSON,PHONE_01761,PHONE,USED,,0.05,0.78,TELCO_SUBSCRIBER_RECORD
PERSON_0045,PERSON,PHONE_00045,PHONE,USED,,0.05,0.87,TELCO_SUBSCRIBER_RECORD
PERSON_1313,PERSON,PHONE_01313,PHONE,USED,,0.05,0.99,TELCO_SUBSCRIBER_RECORD
PERSON_0843,PERSON,PHONE_00843,PHONE,USED,,0.05,0.71,TELCO_SUBSCRIBER_RECORD
PERSON_0778,PERSON,PHONE_00778,PHONE,USED,,0.05,0.83,TELCO_SUBSCRIBER_RECORD
PERSON_0121,PERSON,PHONE_00121,PHONE,USED,,0.05,0.85,TELCO_SUBSCRIBER_RECORD
PERSON_0475,PERSON,PHONE_00475,PHONE,USED,,0.05,0.88,TELCO_SUBSCRIBER_RECORD
PERSON_1231,PERSON,PHONE_01739,PHONE,USED,,0.05,0.72,TELCO_SUBSCRIBER_RECORD
PERSON_1465,PERSON,PHONE_01465,PHONE,USED,,0.05,0.74,TELCO_SUBSCRIBER_RECORD
PERSON_1096,PERSON,PHONE_01096,PHONE,USED,,0.05,0.77,TELCO_SUBSCRIBER_RECORD
PERSON_1416,PERSON,PHONE_01416,PHONE,USED,,0.05,0.78,TELCO_SUBSCRIBER_RECORD
PERSON_1459,PERSON,PHONE_01459,PHONE,USED,,0.05,0.83,TELCO_SUBSCRIBER_RECORD
PERSON_1142,PERSON,PHONE_01142,PHONE,USED,,0.05,0.78,TELCO_SUBSCRIBER_RECORD
PERSON_0186,PERSON,PHONE_00186,PHONE,USED,,0.05,0.95,TELCO_SUBSCRIBER_RECORD
PERSON_1113,PERSON,PHONE_01113,PHONE,USED,,0.05,0.82,TELCO_SUBSCRIBER_RECORD
PERSON_1377,PERSON,PHONE_01594,PHONE,USED,,0.05,0.59,TELCO_SUBSCRIBER_RECORD
PERSON_0668,PERSON,PHONE_00668,PHONE,USED,,0.05,0.74,TELCO_SUBSCRIBER_RECORD
PERSON_0563,PERSON,VEHICLE_00197,VEHICLE,OWNED,2026-06-30 00:00:00,0.05,0.82,VEHICLE_00197
PERSON_1112,PERSON,VEHICLE_00261,VEHICLE,OWNED,2026-06-30 00:00:00,0.05,0.8,VEHICLE_00261
PERSON_1190,PERSON,VEHICLE_00040,VEHICLE,OWNED,2026-06-30 00:00:00,0.05,0.82,VEHICLE_00040
PERSON_0626,PERSON,VEHICLE_00450,VEHICLE,OWNED,2026-06-30 00:00:00,0.05,0.88,VEHICLE_00450
PERSON_0914,PERSON,VEHICLE_00596,VEHICLE,OWNED,2026-06-30 00:00:00,0.05,0.98,VEHICLE_00596
PERSON_0395,PERSON,VEHICLE_00406,VEHICLE,OWNED,2026-06-30 00:00:00,0.05,0.91,VEHICLE_00406
PERSON_1460,PERSON,VEHICLE_00672,VEHICLE,OWNED,2026-06-30 00:00:00,0.05,0.84,VEHICLE_00672
PERSON_0355,PERSON,VEHICLE_00119,VEHICLE,OWNED,2026-06-30 00:00:00,0.05,0.86,VEHICLE_00119
PERSON_1073,PERSON,VEHICLE_00625,VEHICLE,OWNED,2026-06-30 00:00:00,0.05,0.89,VEHICLE_00625
PERSON_0428,PERSON,VEHICLE_00110,VEHICLE,OWNED,2026-06-30 00:00:00,0.05,0.82,VEHICLE_00110
PERSON_0180,PERSON,VEHICLE_00067,VEHICLE,OWNED,2026-06-30 00:00:00,0.05,0.82,VEHICLE_00067
PERSON_0353,PERSON,VEHICLE_00507,VEHICLE,OWNED,2026-06-30 00:00:00,0.05,0.84,VEHICLE_00507
PERSON_0190,PERSON,VEHICLE_00320,VEHICLE,OWNED,2026-06-30 00:00:00,0.05,0.91,VEHICLE_00320
PERSON_0305,PERSON,VEHICLE_00300,VEHICLE,OWNED,2026-06-30 00:00:00,0.05,0.89,VEHICLE_00300
PERSON_0865,PERSON,VEHICLE_00663,VEHICLE,OWNED,2026-06-30 00:00:00,0.05,0.95,VEHICLE_00663
PERSON_0763,PERSON,VEHICLE_00216,VEHICLE,OWNED,2026-06-30 00:00:00,0.05,0.99,VEHICLE_00216
PERSON_1364,PERSON,VEHICLE_00265,VEHICLE,OWNED,2026-06-30 00:00:00,0.05,0.8,VEHICLE_00265
PERSON_0726,PERSON,VEHICLE_00293,VEHICLE,OWNED,2026-06-30 00:00:00,0.05,0.83,VEHICLE_00293
PERSON_0272,PERSON,VEHICLE_00426,VEHICLE,OWNED,2026-06-30 00:00:00,0.05,0.9,VEHICLE_00426
PERSON_0452,PERSON,VEHICLE_00583,VEHICLE,OWNED,2026-06-30 00:00:00,0.05,0.99,VEHICLE_00583
PERSON_0254,PERSON,VEHICLE_00358,VEHICLE,OWNED,2026-06-30 00:00:00,0.05,0.84,VEHICLE_00358
PERSON_1381,PERSON,VEHICLE_00585,VEHICLE,OWNED,2026-06-30 00:00:00,0.05,0.88,VEHICLE_00585
PERSON_1313,PERSON,VEHICLE_00685,VEHICLE,OWNED,2026-06-30 00:00:00,0.05,0.85,VEHICLE_00685
PERSON_1003,PERSON,VEHICLE_00480,VEHICLE,OWNED,2026-06-30 00:00:00,0.05,0.96,VEHICLE_00480
PERSON_0983,PERSON,VEHICLE_00451,VEHICLE,OWNED,2026-06-30 00:00:00,0.05,0.98,VEHICLE_00451
PERSON_1332,PERSON,VEHICLE_00495,VEHICLE,OWNED,2026-06-30 00:00:00,0.05,0.96,VEHICLE_00495
PERSON_1373,PERSON,VEHICLE_00624,VEHICLE,OWNED,2026-06-30 00:00:00,0.05,0.83,VEHICLE_00624
PERSON_0047,PERSON,VEHICLE_00333,VEHICLE,OWNED,2026-06-30 00:00:00,0.05,0.98,VEHICLE_00333
PERSON_0789,PERSON,VEHICLE_00447,VEHICLE,OWNED,2026-06-30 00:00:00,0.05,0.94,VEHICLE_00447
PERSON_1358,PERSON,VEHICLE_00569,VEHICLE,OWNED,2026-06-30 00:00:00,0.05,0.9,VEHICLE_00569
PERSON_0537,PERSON,VEHICLE_00425,VEHICLE,OWNED,2026-06-30 00:00:00,0.05,0.98,VEHICLE_00425
PERSON_0900,PERSON,VEHICLE_00577,VEHICLE,OWNED,2026-06-30 00:00:00,0.05,0.88,VEHICLE_00577
PERSON_0784,PERSON,VEHICLE_00078,VEHICLE,OWNED,2026-06-30 00:00:00,0.05,0.88,VEHICLE_00078
PERSON_0711,PERSON,VEHICLE_00481,VEHICLE,OWNED,2026-06-30 00:00:00,0.05,0.91,VEHICLE_00481
PERSON_1008,PERSON,VEHICLE_00032,VEHICLE,OWNED,2026-06-30 00:00:00,0.05,0.91,VEHICLE_00032
PERSON_0149,PERSON,VEHICLE_00324,VEHICLE,OWNED,2026-06-30 00:00:00,0.05,0.83,VEHICLE_00324
PERSON_0318,PERSON,VEHICLE_00295,VEHICLE,OWNED,2026-06-30 00:00:00,0.05,0.96,VEHICLE_00295
PERSON_1139,PERSON,VEHICLE_00749,VEHICLE,OWNED,2026-06-30 00:00:00,0.05,0.87,VEHICLE_00749
PERSON_1196,PERSON,VEHICLE_00681,VEHICLE,OWNED,2026-06-30 00:00:00,0.05,0.87,VEHICLE_00681
PERSON_1004,PERSON,VEHICLE_00228,VEHICLE,OWNED,2026-06-30 00:00:00,0.05,0.97,VEHICLE_00228
PERSON_0898,PERSON,VEHICLE_00343,VEHICLE,OWNED,2026-06-30 00:00:00,0.05,0.82,VEHICLE_00343
PERSON_0349,PERSON,VEHICLE_00232,VEHICLE,OWNED,2026-06-30 00:00:00,0.05,0.83,VEHICLE_00232
PERSON_0093,PERSON,VEHICLE_00370,VEHICLE,OWNED,2026-06-30 00:00:00,0.05,0.83,VEHICLE_00370
PERSON_1369,PERSON,VEHICLE_00757,VEHICLE,OWNED,2026-06-30 00:00:00,0.05,0.86,VEHICLE_00757
PERSON_0070,PERSON,VEHICLE_00397,VEHICLE,OWNED,2026-06-30 00:00:00,0.05,0.98,VEHICLE_00397
PERSON_0580,PERSON,VEHICLE_00079,VEHICLE,OWNED,2026-06-30 00:00:00,0.05,0.92,VEHICLE_00079
PERSON_0030,PERSON,VEHICLE_00068,VEHICLE,OWNED,2026-06-30 00:00:00,0.05,0.84,VEHICLE_00068
PERSON_0296,PERSON,VEHICLE_00730,VEHICLE,OWNED,2026-06-30 00:00:00,0.05,0.9,VEHICLE_00730
PERSON_1085,PERSON,VEHICLE_00276,VEHICLE,OWNED,2026-06-30 00:00:00,0.05,0.91,VEHICLE_00276
PERSON_0673,PERSON,VEHICLE_00526,VEHICLE,OWNED,2026-06-30 00:00:00,0.05,0.95,VEHICLE_00526
PERSON_0693,PERSON,VEHICLE_00741,VEHICLE,OWNED,2026-06-30 00:00:00,0.05,0.85,VEHICLE_00741
PERSON_1033,PERSON,VEHICLE_00711,VEHICLE,OWNED,2026-06-30 00:00:00,0.05,0.98,VEHICLE_00711
PERSON_0777,PERSON,VEHICLE_00362,VEHICLE,OWNED,2026-06-30 00:00:00,0.05,0.87,VEHICLE_00362
PERSON_0985,PERSON,VEHICLE_00213,VEHICLE,OWNED,2026-06-30 00:00:00,0.05,0.98,VEHICLE_00213
PERSON_0145,PERSON,VEHICLE_00410,VEHICLE,OWNED,2026-06-30 00:00:00,0.05,0.96,VEHICLE_00410
PERSON_0825,PERSON,VEHICLE_00618,VEHICLE,OWNED,2026-06-30 00:00:00,0.05,0.98,VEHICLE_00618
PERSON_0908,PERSON,VEHICLE_00085,VEHICLE,OWNED,2026-06-30 00:00:00,0.05,0.95,VEHICLE_00085
PERSON_0671,PERSON,VEHICLE_00055,VEHICLE,OWNED,2026-06-30 00:00:00,0.05,0.86,VEHICLE_00055
PERSON_1188,PERSON,VEHICLE_00334,VEHICLE,OWNED,2026-06-30 00:00:00,0.05,0.95,VEHICLE_00334
PERSON_0079,PERSON,VEHICLE_00715,VEHICLE,OWNED,2026-06-30 00:00:00,0.05,0.84,VEHICLE_00715
PERSON_0627,PERSON,VEHICLE_00570,VEHICLE,OWNED,2026-06-30 00:00:00,0.05,0.96,VEHICLE_00570
PERSON_0796,PERSON,VEHICLE_00719,VEHICLE,OWNED,2026-06-30 00:00:00,0.05,0.92,VEHICLE_00719
PERSON_0864,PERSON,VEHICLE_00098,VEHICLE,OWNED,2026-06-30 00:00:00,0.05,0.86,VEHICLE_00098
PERSON_1269,PERSON,VEHICLE_00034,VEHICLE,OWNED,2026-06-30 00:00:00,0.05,0.98,VEHICLE_00034
PERSON_1074,PERSON,VEHICLE_00205,VEHICLE,OWNED,2026-06-30 00:00:00,0.05,0.82,VEHICLE_00205
PERSON_0341,PERSON,VEHICLE_00194,VEHICLE,OWNED,2026-06-30 00:00:00,0.05,0.85,VEHICLE_00194
PERSON_1323,PERSON,VEHICLE_00486,VEHICLE,OWNED,2026-06-30 00:00:00,0.05,0.9,VEHICLE_00486
PERSON_0517,PERSON,VEHICLE_00729,VEHICLE,OWNED,2026-06-30 00:00:00,0.05,0.93,VEHICLE_00729
PERSON_1162,PERSON,VEHICLE_00483,VEHICLE,OWNED,2026-06-30 00:00:00,0.05,0.98,VEHICLE_00483
PERSON_0598,PERSON,VEHICLE_00478,VEHICLE,OWNED,2026-06-30 00:00:00,0.05,0.91,VEHICLE_00478
PERSON_0427,PERSON,VEHICLE_00011,VEHICLE,OWNED,2026-06-30 00:00:00,0.05,0.89,VEHICLE_00011
PERSON_0034,PERSON,VEHICLE_00632,VEHICLE,OWNED,2026-06-30 00:00:00,0.05,0.96,VEHICLE_00632
PERSON_1453,PERSON,VEHICLE_00744,VEHICLE,OWNED,2026-06-30 00:00:00,0.05,0.81,VEHICLE_00744
PERSON_1227,PERSON,VEHICLE_00589,VEHICLE,OWNED,2026-06-30 00:00:00,0.05,0.95,VEHICLE_00589
PERSON_0916,PERSON,VEHICLE_00209,VEHICLE,OWNED,2026-06-30 00:00:00,0.05,0.93,VEHICLE_00209
PERSON_1102,PERSON,VEHICLE_00175,VEHICLE,OWNED,2026-06-30 00:00:00,0.05,0.93,VEHICLE_00175
PERSON_1240,PERSON,VEHICLE_00332,VEHICLE,OWNED,2026-06-30 00:00:00,0.05,0.95,VEHICLE_00332
PERSON_1141,PERSON,VEHICLE_00622,VEHICLE,OWNED,2026-06-30 00:00:00,0.05,0.97,VEHICLE_00622
PERSON_1221,PERSON,VEHICLE_00382,VEHICLE,OWNED,2026-06-30 00:00:00,0.05,0.96,VEHICLE_00382
PERSON_0551,PERSON,VEHICLE_00066,VEHICLE,OWNED,2026-06-30 00:00:00,0.05,0.93,VEHICLE_00066
PERSON_0690,PERSON,VEHICLE_00636,VEHICLE,OWNED,2026-06-30 00:00:00,0.05,0.9,VEHICLE_00636
PERSON_0560,PERSON,VEHICLE_00686,VEHICLE,OWNED,2026-06-30 00:00:00,0.05,0.89,VEHICLE_00686
PERSON_0697,PERSON,VEHICLE_00743,VEHICLE,OWNED,2026-06-30 00:00:00,0.05,0.98,VEHICLE_00743
PERSON_1123,PERSON,VEHICLE_00082,VEHICLE,OWNED,2026-06-30 00:00:00,0.05,0.81,VEHICLE_00082
PERSON_0261,PERSON,VEHICLE_00463,VEHICLE,OWNED,2026-06-30 00:00:00,0.05,0.93,VEHICLE_00463
PERSON_1206,PERSON,VEHICLE_00713,VEHICLE,OWNED,2026-06-30 00:00:00,0.05,0.91,VEHICLE_00713
PERSON_1215,PERSON,VEHICLE_00465,VEHICLE,OWNED,2026-06-30 00:00:00,0.05,0.81,VEHICLE_00465
PERSON_1329,PERSON,VEHICLE_00352,VEHICLE,OWNED,2026-06-30 00:00:00,0.05,0.81,VEHICLE_00352
PERSON_0648,PERSON,VEHICLE_00620,VEHICLE,OWNED,2026-06-30 00:00:00,0.05,0.87,VEHICLE_00620
PERSON_0423,PERSON,VEHICLE_00077,VEHICLE,OWNED,2026-06-30 00:00:00,0.05,0.95,VEHICLE_00077
PERSON_1290,PERSON,VEHICLE_00500,VEHICLE,OWNED,2026-06-30 00:00:00,0.05,0.93,VEHICLE_00500
PERSON_0501,PERSON,VEHICLE_00482,VEHICLE,OWNED,2026-06-30 00:00:00,0.05,0.99,VEHICLE_00482
PERSON_1007,PERSON,VEHICLE_00073,VEHICLE,OWNED,2026-06-30 00:00:00,0.05,0.91,VEHICLE_00073
PERSON_0562,PERSON,VEHICLE_00236,VEHICLE,OWNED,2026-06-30 00:00:00,0.05,0.97,VEHICLE_00236
PERSON_0659,PERSON,VEHICLE_00389,VEHICLE,OWNED,2026-06-30 00:00:00,0.05,0.97,VEHICLE_00389
PERSON_1230,PERSON,VEHICLE_00484,VEHICLE,OWNED,2026-06-30 00:00:00,0.05,0.85,VEHICLE_00484
PERSON_0104,PERSON,VEHICLE_00064,VEHICLE,OWNED,2026-06-30 00:00:00,0.05,0.88,VEHICLE_00064
PERSON_1356,PERSON,VEHICLE_00654,VEHICLE,OWNED,2026-06-30 00:00:00,0.05,0.87,VEHICLE_00654
PERSON_0561,PERSON,VEHICLE_00759,VEHICLE,OWNED,2026-06-30 00:00:00,0.05,0.98,VEHICLE_00759
PERSON_0664,PERSON,VEHICLE_00169,VEHICLE,OWNED,2026-06-30 00:00:00,0.05,0.91,VEHICLE_00169
PERSON_0666,PERSON,VEHICLE_00050,VEHICLE,OWNED,2026-06-30 00:00:00,0.05,0.86,VEHICLE_00050
PERSON_0041,PERSON,VEHICLE_00617,VEHICLE,OWNED,2026-06-30 00:00:00,0.05,0.89,VEHICLE_00617
PERSON_1443,PERSON,VEHICLE_00138,VEHICLE,OWNED,2026-06-30 00:00:00,0.05,0.87,VEHICLE_00138
PERSON_1016,PERSON,VEHICLE_00357,VEHICLE,OWNED,2026-06-30 00:00:00,0.05,0.83,VEHICLE_00357
PERSON_1107,PERSON,VEHICLE_00156,VEHICLE,OWNED,2026-06-30 00:00:00,0.05,0.91,VEHICLE_00156
PERSON_0153,PERSON,VEHICLE_00723,VEHICLE,OWNED,2026-06-30 00:00:00,0.05,0.84,VEHICLE_00723
PERSON_1211,PERSON,VEHICLE_00399,VEHICLE,OWNED,2026-06-30 00:00:00,0.05,0.97,VEHICLE_00399
PERSON_0969,PERSON,VEHICLE_00008,VEHICLE,OWNED,2026-06-30 00:00:00,0.05,0.84,VEHICLE_00008
PERSON_0297,PERSON,VEHICLE_00412,VEHICLE,OWNED,2026-06-30 00:00:00,0.05,0.96,VEHICLE_00412
PERSON_0720,PERSON,VEHICLE_00024,VEHICLE,OWNED,2026-06-30 00:00:00,0.05,0.92,VEHICLE_00024
PERSON_1342,PERSON,VEHICLE_00452,VEHICLE,OWNED,2026-06-30 00:00:00,0.05,0.99,VEHICLE_00452
PERSON_0215,PERSON,VEHICLE_00102,VEHICLE,OWNED,2026-06-30 00:00:00,0.05,0.87,VEHICLE_00102
PERSON_1039,PERSON,VEHICLE_00758,VEHICLE,OWNED,2026-06-30 00:00:00,0.05,0.82,VEHICLE_00758
PERSON_0273,PERSON,VEHICLE_00121,VEHICLE,OWNED,2026-06-30 00:00:00,0.05,0.94,VEHICLE_00121
PERSON_0389,PERSON,VEHICLE_00251,VEHICLE,OWNED,2026-06-30 00:00:00,0.05,0.98,VEHICLE_00251
PERSON_0500,PERSON,VEHICLE_00266,VEHICLE,OWNED,2026-06-30 00:00:00,0.05,0.82,VEHICLE_00266
PERSON_0290,PERSON,VEHICLE_00245,VEHICLE,OWNED,2026-06-30 00:00:00,0.05,0.94,VEHICLE_00245
PERSON_0973,PERSON,VEHICLE_00248,VEHICLE,OWNED,2026-06-30 00:00:00,0.05,0.92,VEHICLE_00248
PERSON_1279,PERSON,VEHICLE_00731,VEHICLE,OWNED,2026-06-30 00:00:00,0.05,0.95,VEHICLE_00731
PERSON_0822,PERSON,VEHICLE_00087,VEHICLE,OWNED,2026-06-30 00:00:00,0.05,0.85,VEHICLE_00087
PERSON_0177,PERSON,VEHICLE_00579,VEHICLE,OWNED,2026-06-30 00:00:00,0.05,0.85,VEHICLE_00579
PERSON_0397,PERSON,VEHICLE_00003,VEHICLE,OWNED,2026-06-30 00:00:00,0.05,0.94,VEHICLE_00003
PERSON_0952,PERSON,VEHICLE_00260,VEHICLE,OWNED,2026-06-30 00:00:00,0.05,0.93,VEHICLE_00260
PERSON_0549,PERSON,VEHICLE_00604,VEHICLE,OWNED,2026-06-30 00:00:00,0.05,0.9,VEHICLE_00604
PERSON_0192,PERSON,VEHICLE_00532,VEHICLE,OWNED,2026-06-30 00:00:00,0.05,0.97,VEHICLE_00532
PERSON_0569,PERSON,VEHICLE_00468,VEHICLE,OWNED,2026-06-30 00:00:00,0.05,0.94,VEHICLE_00468
PERSON_0194,PERSON,VEHICLE_00031,VEHICLE,OWNED,2026-06-30 00:00:00,0.05,0.95,VEHICLE_00031
PERSON_0493,PERSON,VEHICLE_00635,VEHICLE,OWNED,2026-06-30 00:00:00,0.05,0.88,VEHICLE_00635
PERSON_0342,PERSON,VEHICLE_00709,VEHICLE,OWNED,2026-06-30 00:00:00,0.05,0.91,VEHICLE_00709
PERSON_0404,PERSON,VEHICLE_00591,VEHICLE,OWNED,2026-06-30 00:00:00,0.05,0.89,VEHICLE_00591
PERSON_1166,PERSON,VEHICLE_00611,VEHICLE,OWNED,2026-06-30 00:00:00,0.05,0.87,VEHICLE_00611
PERSON_0299,PERSON,VEHICLE_00405,VEHICLE,OWNED,2026-06-30 00:00:00,0.05,0.83,VEHICLE_00405
PERSON_1019,PERSON,VEHICLE_00335,VEHICLE,OWNED,2026-06-30 00:00:00,0.05,0.98,VEHICLE_00335
PERSON_0903,PERSON,VEHICLE_00080,VEHICLE,OWNED,2026-06-30 00:00:00,0.05,0.97,VEHICLE_00080
PERSON_0826,PERSON,VEHICLE_00726,VEHICLE,OWNED,2026-06-30 00:00:00,0.05,0.99,VEHICLE_00726
PERSON_0321,PERSON,VEHICLE_00149,VEHICLE,OWNED,2026-06-30 00:00:00,0.05,0.93,VEHICLE_00149
PERSON_1355,PERSON,VEHICLE_00345,VEHICLE,OWNED,2026-06-30 00:00:00,0.05,0.89,VEHICLE_00345
PERSON_1036,PERSON,VEHICLE_00427,VEHICLE,OWNED,2026-06-30 00:00:00,0.05,0.9,VEHICLE_00427
PERSON_1253,PERSON,VEHICLE_00134,VEHICLE,OWNED,2026-06-30 00:00:00,0.05,0.86,VEHICLE_00134
PERSON_0632,PERSON,VEHICLE_00211,VEHICLE,OWNED,2026-06-30 00:00:00,0.05,0.85,VEHICLE_00211
PERSON_0639,PERSON,VEHICLE_00056,VEHICLE,OWNED,2026-06-30 00:00:00,0.05,0.8,VEHICLE_00056
PERSON_0240,PERSON,VEHICLE_00235,VEHICLE,OWNED,2026-06-30 00:00:00,0.05,0.95,VEHICLE_00235
PERSON_0539,PERSON,VEHICLE_00351,VEHICLE,OWNED,2026-06-30 00:00:00,0.05,0.92,VEHICLE_00351
PERSON_1213,PERSON,VEHICLE_00531,VEHICLE,OWNED,2026-06-30 00:00:00,0.05,0.86,VEHICLE_00531
PERSON_0614,PERSON,VEHICLE_00643,VEHICLE,OWNED,2026-06-30 00:00:00,0.05,0.86,VEHICLE_00643
PERSON_1333,PERSON,VEHICLE_00315,VEHICLE,OWNED,2026-06-30 00:00:00,0.05,0.87,VEHICLE_00315
PERSON_0990,PERSON,VEHICLE_00668,VEHICLE,OWNED,2026-06-30 00:00:00,0.05,0.86,VEHICLE_00668
PERSON_0032,PERSON,VEHICLE_00061,VEHICLE,OWNED,2026-06-30 00:00:00,0.05,0.93,VEHICLE_00061
PERSON_0171,PERSON,VEHICLE_00551,VEHICLE,OWNED,2026-06-30 00:00:00,0.05,0.84,VEHICLE_00551
PERSON_0039,PERSON,VEHICLE_00383,VEHICLE,OWNED,2026-06-30 00:00:00,0.05,0.88,VEHICLE_00383
PERSON_1205,PERSON,VEHICLE_00413,VEHICLE,OWNED,2026-06-30 00:00:00,0.05,0.84,VEHICLE_00413
PERSON_1069,PERSON,VEHICLE_00182,VEHICLE,OWNED,2026-06-30 00:00:00,0.05,0.94,VEHICLE_00182
PERSON_0443,PERSON,VEHICLE_00336,VEHICLE,OWNED,2026-06-30 00:00:00,0.05,0.8,VEHICLE_00336
PERSON_0861,PERSON,VEHICLE_00200,VEHICLE,OWNED,2026-06-30 00:00:00,0.05,0.97,VEHICLE_00200
PERSON_0470,PERSON,VEHICLE_00600,VEHICLE,OWNED,2026-06-30 00:00:00,0.05,0.86,VEHICLE_00600
PERSON_0578,PERSON,VEHICLE_00437,VEHICLE,OWNED,2026-06-30 00:00:00,0.05,0.92,VEHICLE_00437
PERSON_0412,PERSON,VEHICLE_00091,VEHICLE,OWNED,2026-06-30 00:00:00,0.05,0.89,VEHICLE_00091
PERSON_1081,PERSON,VEHICLE_00372,VEHICLE,OWNED,2026-06-30 00:00:00,0.05,0.92,VEHICLE_00372
PERSON_0939,PERSON,VEHICLE_00602,VEHICLE,OWNED,2026-06-30 00:00:00,0.05,0.87,VEHICLE_00602
PERSON_0636,PERSON,VEHICLE_00159,VEHICLE,OWNED,2026-06-30 00:00:00,0.05,0.8,VEHICLE_00159
PERSON_0256,PERSON,VEHICLE_00070,VEHICLE,OWNED,2026-06-30 00:00:00,0.05,0.9,VEHICLE_00070
PERSON_1458,PERSON,VEHICLE_00255,VEHICLE,OWNED,2026-06-30 00:00:00,0.05,0.94,VEHICLE_00255
PERSON_0218,PERSON,VEHICLE_00132,VEHICLE,OWNED,2026-06-30 00:00:00,0.05,0.96,VEHICLE_00132
PERSON_1449,PERSON,VEHICLE_00045,VEHICLE,OWNED,2026-06-30 00:00:00,0.05,0.84,VEHICLE_00045
PERSON_1376,PERSON,VEHICLE_00071,VEHICLE,OWNED,2026-06-30 00:00:00,0.05,0.85,VEHICLE_00071
PERSON_1179,PERSON,VEHICLE_00520,VEHICLE,OWNED,2026-06-30 00:00:00,0.05,0.83,VEHICLE_00520
PERSON_1189,PERSON,VEHICLE_00491,VEHICLE,OWNED,2026-06-30 00:00:00,0.05,0.95,VEHICLE_00491
PERSON_1027,PERSON,VEHICLE_00282,VEHICLE,OWNED,2026-06-30 00:00:00,0.05,0.86,VEHICLE_00282
PERSON_0044,PERSON,VEHICLE_00219,VEHICLE,OWNED,2026-06-30 00:00:00,0.05,0.9,VEHICLE_00219
PERSON_0379,PERSON,VEHICLE_00136,VEHICLE,OWNED,2026-06-30 00:00:00,0.05,0.87,VEHICLE_00136
PERSON_0320,PERSON,VEHICLE_00214,VEHICLE,OWNED,2026-06-30 00:00:00,0.05,0.93,VEHICLE_00214
PERSON_0755,PERSON,VEHICLE_00166,VEHICLE,OWNED,2026-06-30 00:00:00,0.05,0.91,VEHICLE_00166
PERSON_1032,PERSON,VEHICLE_00165,VEHICLE,OWNED,2026-06-30 00:00:00,0.05,0.93,VEHICLE_00165
PERSON_0962,PERSON,VEHICLE_00029,VEHICLE,OWNED,2026-06-30 00:00:00,0.05,0.8,VEHICLE_00029
PERSON_0050,PERSON,VEHICLE_00689,VEHICLE,OWNED,2026-06-30 00:00:00,0.05,0.94,VEHICLE_00689
PERSON_0892,PERSON,VEHICLE_00193,VEHICLE,OWNED,2026-06-30 00:00:00,0.05,0.94,VEHICLE_00193
PERSON_0972,PERSON,VEHICLE_00628,VEHICLE,OWNED,2026-06-30 00:00:00,0.05,0.94,VEHICLE_00628
PERSON_0173,PERSON,VEHICLE_00395,VEHICLE,OWNED,2026-06-30 00:00:00,0.05,0.93,VEHICLE_00395
PERSON_0062,PERSON,VEHICLE_00137,VEHICLE,OWNED,2026-06-30 00:00:00,0.05,0.95,VEHICLE_00137
PERSON_0889,PERSON,VEHICLE_00633,VEHICLE,OWNED,2026-06-30 00:00:00,0.05,0.92,VEHICLE_00633
PERSON_0438,PERSON,VEHICLE_00590,VEHICLE,OWNED,2026-06-30 00:00:00,0.05,0.8,VEHICLE_00590
PERSON_1040,PERSON,VEHICLE_00610,VEHICLE,OWNED,2026-06-30 00:00:00,0.05,0.96,VEHICLE_00610
PERSON_1212,PERSON,VEHICLE_00761,VEHICLE,OWNED,2026-06-30 00:00:00,0.05,0.91,VEHICLE_00761
PERSON_1226,PERSON,VEHICLE_00007,VEHICLE,OWNED,2026-06-30 00:00:00,0.05,0.85,VEHICLE_00007
PERSON_1017,PERSON,VEHICLE_00364,VEHICLE,OWNED,2026-06-30 00:00:00,0.05,0.85,VEHICLE_00364
PERSON_0048,PERSON,VEHICLE_00074,VEHICLE,OWNED,2026-06-30 00:00:00,0.05,0.88,VEHICLE_00074
PERSON_0246,PERSON,VEHICLE_00353,VEHICLE,OWNED,2026-06-30 00:00:00,0.05,0.85,VEHICLE_00353
PERSON_1309,PERSON,VEHICLE_00221,VEHICLE,OWNED,2026-06-30 00:00:00,0.05,0.86,VEHICLE_00221
PERSON_0108,PERSON,VEHICLE_00146,VEHICLE,OWNED,2026-06-30 00:00:00,0.05,0.98,VEHICLE_00146
PERSON_0061,PERSON,VEHICLE_00378,VEHICLE,OWNED,2026-06-30 00:00:00,0.05,0.83,VEHICLE_00378
PERSON_0715,PERSON,VEHICLE_00287,VEHICLE,OWNED,2026-06-30 00:00:00,0.05,0.89,VEHICLE_00287
PERSON_1091,PERSON,VEHICLE_00133,VEHICLE,OWNED,2026-06-30 00:00:00,0.05,0.97,VEHICLE_00133
PERSON_0738,PERSON,VEHICLE_00341,VEHICLE,OWNED,2026-06-30 00:00:00,0.05,0.81,VEHICLE_00341
PERSON_0897,PERSON,VEHICLE_00725,VEHICLE,OWNED,2026-06-30 00:00:00,0.05,0.85,VEHICLE_00725
PERSON_1209,PERSON,VEHICLE_00714,VEHICLE,OWNED,2026-06-30 00:00:00,0.05,0.82,VEHICLE_00714
PERSON_0702,PERSON,VEHICLE_00693,VEHICLE,OWNED,2026-06-30 00:00:00,0.05,0.97,VEHICLE_00693
PERSON_0266,PERSON,VEHICLE_00042,VEHICLE,OWNED,2026-06-30 00:00:00,0.05,0.83,VEHICLE_00042
PERSON_1481,PERSON,VEHICLE_00702,VEHICLE,OWNED,2026-06-30 00:00:00,0.05,0.83,VEHICLE_00702
PERSON_0131,PERSON,VEHICLE_00109,VEHICLE,OWNED,2026-06-30 00:00:00,0.05,0.84,VEHICLE_00109
PERSON_0927,PERSON,VEHICLE_00312,VEHICLE,OWNED,2026-06-30 00:00:00,0.05,0.81,VEHICLE_00312
PERSON_1203,PERSON,VEHICLE_00057,VEHICLE,OWNED,2026-06-30 00:00:00,0.05,0.88,VEHICLE_00057
PERSON_0661,PERSON,VEHICLE_00212,VEHICLE,OWNED,2026-06-30 00:00:00,0.05,0.85,VEHICLE_00212
PERSON_1296,PERSON,VEHICLE_00368,VEHICLE,OWNED,2026-06-30 00:00:00,0.05,0.91,VEHICLE_00368
PERSON_0301,PERSON,VEHICLE_00595,VEHICLE,OWNED,2026-06-30 00:00:00,0.05,0.92,VEHICLE_00595
PERSON_0974,PERSON,VEHICLE_00568,VEHICLE,OWNED,2026-06-30 00:00:00,0.05,0.94,VEHICLE_00568
PERSON_0456,PERSON,VEHICLE_00301,VEHICLE,OWNED,2026-06-30 00:00:00,0.05,0.87,VEHICLE_00301
PERSON_0950,PERSON,VEHICLE_00025,VEHICLE,OWNED,2026-06-30 00:00:00,0.05,0.83,VEHICLE_00025
PERSON_1472,PERSON,VEHICLE_00292,VEHICLE,OWNED,2026-06-30 00:00:00,0.05,0.94,VEHICLE_00292
PERSON_1380,PERSON,VEHICLE_00339,VEHICLE,OWNED,2026-06-30 00:00:00,0.05,0.96,VEHICLE_00339
PERSON_1005,PERSON,VEHICLE_00457,VEHICLE,OWNED,2026-06-30 00:00:00,0.05,0.95,VEHICLE_00457
PERSON_1450,PERSON,VEHICLE_00347,VEHICLE,OWNED,2026-06-30 00:00:00,0.05,0.91,VEHICLE_00347
PERSON_0366,PERSON,VEHICLE_00488,VEHICLE,OWNED,2026-06-30 00:00:00,0.05,0.91,VEHICLE_00488
PERSON_0745,PERSON,VEHICLE_00111,VEHICLE,OWNED,2026-06-30 00:00:00,0.05,0.91,VEHICLE_00111
PERSON_0577,PERSON,VEHICLE_00083,VEHICLE,OWNED,2026-06-30 00:00:00,0.05,0.98,VEHICLE_00083
PERSON_0398,PERSON,VEHICLE_00052,VEHICLE,OWNED,2026-06-30 00:00:00,0.05,0.87,VEHICLE_00052
PERSON_1145,PERSON,VEHICLE_00444,VEHICLE,OWNED,2026-06-30 00:00:00,0.05,0.87,VEHICLE_00444
PERSON_1447,PERSON,VEHICLE_00698,VEHICLE,OWNED,2026-06-30 00:00:00,0.05,0.96,VEHICLE_00698
PERSON_0774,PERSON,VEHICLE_00755,VEHICLE,OWNED,2026-06-30 00:00:00,0.05,0.81,VEHICLE_00755
PERSON_0263,PERSON,VEHICLE_00199,VEHICLE,OWNED,2026-06-30 00:00:00,0.05,0.8,VEHICLE_00199
PERSON_0233,PERSON,VEHICLE_00535,VEHICLE,OWNED,2026-06-30 00:00:00,0.05,0.85,VEHICLE_00535
PERSON_0642,PERSON,VEHICLE_00325,VEHICLE,OWNED,2026-06-30 00:00:00,0.05,0.81,VEHICLE_00325
PERSON_0164,PERSON,VEHICLE_00545,VEHICLE,OWNED,2026-06-30 00:00:00,0.05,0.97,VEHICLE_00545
PERSON_0067,PERSON,VEHICLE_00330,VEHICLE,OWNED,2026-06-30 00:00:00,0.05,0.83,VEHICLE_00330
PERSON_1135,PERSON,VEHICLE_00140,VEHICLE,OWNED,2026-06-30 00:00:00,0.05,0.96,VEHICLE_00140
PERSON_0703,PERSON,VEHICLE_00303,VEHICLE,OWNED,2026-06-30 00:00:00,0.05,0.99,VEHICLE_00303
PERSON_0879,PERSON,VEHICLE_00291,VEHICLE,OWNED,2026-06-30 00:00:00,0.05,0.81,VEHICLE_00291
PERSON_0818,PERSON,VEHICLE_00019,VEHICLE,OWNED,2026-06-30 00:00:00,0.05,0.96,VEHICLE_00019
PERSON_0686,PERSON,VEHICLE_00559,VEHICLE,OWNED,2026-06-30 00:00:00,0.05,0.92,VEHICLE_00559
PERSON_0136,PERSON,VEHICLE_00141,VEHICLE,OWNED,2026-06-30 00:00:00,0.05,0.86,VEHICLE_00141
PERSON_1386,PERSON,VEHICLE_00396,VEHICLE,OWNED,2026-06-30 00:00:00,0.05,0.94,VEHICLE_00396
PERSON_0915,PERSON,VEHICLE_00446,VEHICLE,OWNED,2026-06-30 00:00:00,0.05,0.9,VEHICLE_00446
PERSON_0201,PERSON,VEHICLE_00669,VEHICLE,OWNED,2026-06-30 00:00:00,0.05,0.84,VEHICLE_00669
PERSON_0089,PERSON,VEHICLE_00084,VEHICLE,OWNED,2026-06-30 00:00:00,0.05,0.93,VEHICLE_00084
PERSON_0938,PERSON,VEHICLE_00062,VEHICLE,OWNED,2026-06-30 00:00:00,0.05,0.84,VEHICLE_00062
PERSON_1419,PERSON,VEHICLE_00720,VEHICLE,OWNED,2026-06-30 00:00:00,0.05,0.98,VEHICLE_00720
PERSON_1473,PERSON,VEHICLE_00469,VEHICLE,OWNED,2026-06-30 00:00:00,0.05,0.95,VEHICLE_00469
PERSON_0998,PERSON,VEHICLE_00030,VEHICLE,OWNED,2026-06-30 00:00:00,0.05,0.83,VEHICLE_00030
PERSON_0663,PERSON,VEHICLE_00267,VEHICLE,OWNED,2026-06-30 00:00:00,0.05,0.83,VEHICLE_00267
PERSON_1231,PERSON,VEHICLE_00680,VEHICLE,OWNED,2026-06-30 00:00:00,0.05,0.81,VEHICLE_00680
PERSON_0732,PERSON,VEHICLE_00544,VEHICLE,OWNED,2026-06-30 00:00:00,0.05,0.91,VEHICLE_00544
PERSON_0312,PERSON,VEHICLE_00307,VEHICLE,OWNED,2026-06-30 00:00:00,0.05,0.84,VEHICLE_00307
PERSON_0811,PERSON,VEHICLE_00599,VEHICLE,OWNED,2026-06-30 00:00:00,0.05,0.86,VEHICLE_00599
PERSON_0124,PERSON,VEHICLE_00183,VEHICLE,OWNED,2026-06-30 00:00:00,0.05,0.84,VEHICLE_00183
PERSON_0829,PERSON,VEHICLE_00582,VEHICLE,OWNED,2026-06-30 00:00:00,0.05,0.92,VEHICLE_00582
PERSON_0280,PERSON,VEHICLE_00327,VEHICLE,OWNED,2026-06-30 00:00:00,0.05,0.92,VEHICLE_00327
PERSON_0698,PERSON,VEHICLE_00750,VEHICLE,OWNED,2026-06-30 00:00:00,0.05,0.86,VEHICLE_00750
PERSON_0758,PERSON,VEHICLE_00224,VEHICLE,OWNED,2026-06-30 00:00:00,0.05,0.84,VEHICLE_00224
PERSON_1446,PERSON,VEHICLE_00695,VEHICLE,OWNED,2026-06-30 00:00:00,0.05,0.83,VEHICLE_00695
PERSON_0769,PERSON,VEHICLE_00430,VEHICLE,OWNED,2026-06-30 00:00:00,0.05,0.98,VEHICLE_00430
PERSON_0904,PERSON,VEHICLE_00310,VEHICLE,OWNED,2026-06-30 00:00:00,0.05,0.83,VEHICLE_00310
PERSON_0354,PERSON,VEHICLE_00297,VEHICLE,OWNED,2026-06-30 00:00:00,0.05,0.91,VEHICLE_00297
PERSON_0106,PERSON,VEHICLE_00608,VEHICLE,OWNED,2026-06-30 00:00:00,0.05,0.84,VEHICLE_00608
PERSON_0919,PERSON,VEHICLE_00631,VEHICLE,OWNED,2026-06-30 00:00:00,0.05,0.84,VEHICLE_00631
PERSON_0326,PERSON,VEHICLE_00210,VEHICLE,OWNED,2026-06-30 00:00:00,0.05,0.82,VEHICLE_00210
PERSON_0352,PERSON,VEHICLE_00627,VEHICLE,OWNED,2026-06-30 00:00:00,0.05,0.81,VEHICLE_00627
PERSON_0247,PERSON,VEHICLE_00240,VEHICLE,OWNED,2026-06-30 00:00:00,0.05,0.89,VEHICLE_00240
PERSON_1463,PERSON,VEHICLE_00690,VEHICLE,OWNED,2026-06-30 00:00:00,0.05,0.93,VEHICLE_00690
PERSON_0483,PERSON,VEHICLE_00177,VEHICLE,OWNED,2026-06-30 00:00:00,0.05,0.82,VEHICLE_00177
PERSON_1153,PERSON,VEHICLE_00522,VEHICLE,OWNED,2026-06-30 00:00:00,0.05,0.97,VEHICLE_00522
PERSON_1099,PERSON,VEHICLE_00329,VEHICLE,OWNED,2026-06-30 00:00:00,0.05,0.92,VEHICLE_00329
PERSON_0772,PERSON,VEHICLE_00164,VEHICLE,OWNED,2026-06-30 00:00:00,0.05,0.93,VEHICLE_00164
PERSON_0137,PERSON,VEHICLE_00249,VEHICLE,OWNED,2026-06-30 00:00:00,0.05,0.95,VEHICLE_00249
PERSON_0307,PERSON,VEHICLE_00677,VEHICLE,OWNED,2026-06-30 00:00:00,0.05,0.81,VEHICLE_00677
PERSON_0376,PERSON,VEHICLE_00075,VEHICLE,OWNED,2026-06-30 00:00:00,0.05,0.81,VEHICLE_00075
PERSON_1418,PERSON,VEHICLE_00434,VEHICLE,OWNED,2026-06-30 00:00:00,0.05,0.98,VEHICLE_00434
PERSON_1042,PERSON,VEHICLE_00369,VEHICLE,OWNED,2026-06-30 00:00:00,0.05,0.86,VEHICLE_00369
PERSON_0471,PERSON,VEHICLE_00105,VEHICLE,OWNED,2026-06-30 00:00:00,0.05,0.91,VEHICLE_00105
PERSON_0924,PERSON,VEHICLE_00115,VEHICLE,OWNED,2026-06-30 00:00:00,0.05,0.82,VEHICLE_00115
PERSON_1010,PERSON,VEHICLE_00612,VEHICLE,OWNED,2026-06-30 00:00:00,0.05,0.96,VEHICLE_00612
PERSON_0170,PERSON,VEHICLE_00093,VEHICLE,OWNED,2026-06-30 00:00:00,0.05,0.85,VEHICLE_00093
PERSON_0373,PERSON,VEHICLE_00496,VEHICLE,OWNED,2026-06-30 00:00:00,0.05,0.98,VEHICLE_00496
PERSON_1360,PERSON,VEHICLE_00090,VEHICLE,OWNED,2026-06-30 00:00:00,0.05,0.92,VEHICLE_00090
PERSON_0910,PERSON,VEHICLE_00394,VEHICLE,OWNED,2026-06-30 00:00:00,0.05,0.85,VEHICLE_00394
PERSON_0803,PERSON,VEHICLE_00594,VEHICLE,OWNED,2026-06-30 00:00:00,0.05,0.98,VEHICLE_00594
PERSON_1474,PERSON,VEHICLE_00708,VEHICLE,OWNED,2026-06-30 00:00:00,0.05,0.84,VEHICLE_00708
PERSON_0426,PERSON,VEHICLE_00449,VEHICLE,OWNED,2026-06-30 00:00:00,0.05,0.84,VEHICLE_00449
PERSON_0105,PERSON,VEHICLE_00454,VEHICLE,OWNED,2026-06-30 00:00:00,0.05,0.89,VEHICLE_00454
PERSON_0107,PERSON,VEHICLE_00012,VEHICLE,OWNED,2026-06-30 00:00:00,0.05,0.85,VEHICLE_00012
PERSON_0037,PERSON,VEHICLE_00044,VEHICLE,OWNED,2026-06-30 00:00:00,0.05,0.92,VEHICLE_00044
PERSON_1499,PERSON,VEHICLE_00043,VEHICLE,OWNED,2026-06-30 00:00:00,0.05,0.97,VEHICLE_00043
PERSON_1216,PERSON,VEHICLE_00168,VEHICLE,OWNED,2026-06-30 00:00:00,0.05,0.91,VEHICLE_00168
PERSON_0966,PERSON,VEHICLE_00670,VEHICLE,OWNED,2026-06-30 00:00:00,0.05,0.85,VEHICLE_00670
PERSON_0191,PERSON,VEHICLE_00588,VEHICLE,OWNED,2026-06-30 00:00:00,0.05,0.94,VEHICLE_00588
PERSON_0295,PERSON,VEHICLE_00376,VEHICLE,OWNED,2026-06-30 00:00:00,0.05,0.85,VEHICLE_00376
PERSON_0094,PERSON,VEHICLE_00179,VEHICLE,OWNED,2026-06-30 00:00:00,0.05,0.83,VEHICLE_00179
PERSON_1113,PERSON,VEHICLE_00502,VEHICLE,OWNED,2026-06-30 00:00:00,0.05,0.85,VEHICLE_00502
PERSON_1024,PERSON,VEHICLE_00515,VEHICLE,OWNED,2026-06-30 00:00:00,0.05,0.82,VEHICLE_00515
PERSON_0054,PERSON,VEHICLE_00178,VEHICLE,OWNED,2026-06-30 00:00:00,0.05,0.89,VEHICLE_00178
PERSON_0603,PERSON,VEHICLE_00529,VEHICLE,OWNED,2026-06-30 00:00:00,0.05,0.94,VEHICLE_00529
PERSON_1006,PERSON,VEHICLE_00536,VEHICLE,OWNED,2026-06-30 00:00:00,0.05,0.82,VEHICLE_00536
PERSON_1082,PERSON,VEHICLE_00258,VEHICLE,OWNED,2026-06-30 00:00:00,0.05,0.96,VEHICLE_00258
PERSON_0516,PERSON,VEHICLE_00657,VEHICLE,OWNED,2026-06-30 00:00:00,0.05,0.82,VEHICLE_00657
PERSON_1120,PERSON,VEHICLE_00435,VEHICLE,OWNED,2026-06-30 00:00:00,0.05,0.93,VEHICLE_00435
PERSON_0833,PERSON,VEHICLE_00016,VEHICLE,OWNED,2026-06-30 00:00:00,0.05,0.94,VEHICLE_00016
PERSON_1424,PERSON,VEHICLE_00519,VEHICLE,OWNED,2026-06-30 00:00:00,0.05,0.98,VEHICLE_00519
PERSON_0731,PERSON,VEHICLE_00257,VEHICLE,OWNED,2026-06-30 00:00:00,0.05,0.93,VEHICLE_00257
PERSON_1439,PERSON,VEHICLE_00337,VEHICLE,OWNED,2026-06-30 00:00:00,0.05,0.86,VEHICLE_00337
PERSON_1292,PERSON,VEHICLE_00356,VEHICLE,OWNED,2026-06-30 00:00:00,0.05,0.87,VEHICLE_00356
PERSON_0072,PERSON,VEHICLE_00740,VEHICLE,OWNED,2026-06-30 00:00:00,0.05,0.88,VEHICLE_00740
PERSON_0122,PERSON,VEHICLE_00441,VEHICLE,OWNED,2026-06-30 00:00:00,0.05,0.9,VEHICLE_00441
PERSON_0278,PERSON,VEHICLE_00381,VEHICLE,OWNED,2026-06-30 00:00:00,0.05,0.96,VEHICLE_00381
PERSON_0605,PERSON,VEHICLE_00516,VEHICLE,OWNED,2026-06-30 00:00:00,0.05,0.92,VEHICLE_00516
PERSON_0559,PERSON,VEHICLE_00363,VEHICLE,OWNED,2026-06-30 00:00:00,0.05,0.82,VEHICLE_00363
PERSON_0760,PERSON,VEHICLE_00421,VEHICLE,OWNED,2026-06-30 00:00:00,0.05,0.83,VEHICLE_00421
PERSON_0971,PERSON,VEHICLE_00010,VEHICLE,OWNED,2026-06-30 00:00:00,0.05,0.88,VEHICLE_00010
PERSON_0899,PERSON,VEHICLE_00250,VEHICLE,OWNED,2026-06-30 00:00:00,0.05,0.94,VEHICLE_00250
PERSON_1060,PERSON,VEHICLE_00023,VEHICLE,OWNED,2026-06-30 00:00:00,0.05,0.84,VEHICLE_00023
PERSON_0896,PERSON,VEHICLE_00222,VEHICLE,OWNED,2026-06-30 00:00:00,0.05,0.82,VEHICLE_00222
PERSON_0570,PERSON,VEHICLE_00523,VEHICLE,OWNED,2026-06-30 00:00:00,0.05,0.88,VEHICLE_00523
PERSON_0264,PERSON,VEHICLE_00658,VEHICLE,OWNED,2026-06-30 00:00:00,0.05,0.99,VEHICLE_00658
PERSON_0827,PERSON,VEHICLE_00747,VEHICLE,OWNED,2026-06-30 00:00:00,0.05,0.85,VEHICLE_00747
PERSON_1435,PERSON,VEHICLE_00659,VEHICLE,OWNED,2026-06-30 00:00:00,0.05,0.86,VEHICLE_00659
PERSON_1487,PERSON,VEHICLE_00640,VEHICLE,OWNED,2026-06-30 00:00:00,0.05,0.9,VEHICLE_00640
PERSON_0550,PERSON,VEHICLE_00204,VEHICLE,OWNED,2026-06-30 00:00:00,0.05,0.98,VEHICLE_00204
PERSON_0378,PERSON,VEHICLE_00494,VEHICLE,OWNED,2026-06-30 00:00:00,0.05,0.86,VEHICLE_00494
PERSON_0310,PERSON,VEHICLE_00094,VEHICLE,OWNED,2026-06-30 00:00:00,0.05,0.85,VEHICLE_00094
PERSON_1183,PERSON,VEHICLE_00479,VEHICLE,OWNED,2026-06-30 00:00:00,0.05,0.94,VEHICLE_00479
PERSON_1396,PERSON,VEHICLE_00328,VEHICLE,OWNED,2026-06-30 00:00:00,0.05,0.9,VEHICLE_00328
PERSON_0371,PERSON,VEHICLE_00753,VEHICLE,OWNED,2026-06-30 00:00:00,0.05,0.83,VEHICLE_00753
PERSON_0195,PERSON,VEHICLE_00285,VEHICLE,OWNED,2026-06-30 00:00:00,0.05,0.95,VEHICLE_00285
PERSON_1169,PERSON,VEHICLE_00185,VEHICLE,OWNED,2026-06-30 00:00:00,0.05,0.87,VEHICLE_00185
PERSON_0082,PERSON,VEHICLE_00619,VEHICLE,OWNED,2026-06-30 00:00:00,0.05,0.86,VEHICLE_00619
PERSON_1132,PERSON,VEHICLE_00361,VEHICLE,OWNED,2026-06-30 00:00:00,0.05,0.92,VEHICLE_00361
PERSON_1122,PERSON,VEHICLE_00154,VEHICLE,OWNED,2026-06-30 00:00:00,0.05,0.91,VEHICLE_00154
PERSON_1464,PERSON,VEHICLE_00076,VEHICLE,OWNED,2026-06-30 00:00:00,0.05,0.9,VEHICLE_00076
PERSON_0942,PERSON,VEHICLE_00424,VEHICLE,OWNED,2026-06-30 00:00:00,0.05,0.97,VEHICLE_00424
PERSON_0802,PERSON,VEHICLE_00278,VEHICLE,OWNED,2026-06-30 00:00:00,0.05,0.98,VEHICLE_00278
PERSON_1242,PERSON,VEHICLE_00069,VEHICLE,OWNED,2026-06-30 00:00:00,0.05,0.94,VEHICLE_00069
PERSON_1262,PERSON,VEHICLE_00471,VEHICLE,OWNED,2026-06-30 00:00:00,0.05,0.85,VEHICLE_00471
PERSON_0545,PERSON,VEHICLE_00189,VEHICLE,OWNED,2026-06-30 00:00:00,0.05,0.92,VEHICLE_00189
PERSON_0176,PERSON,VEHICLE_00272,VEHICLE,OWNED,2026-06-30 00:00:00,0.05,0.91,VEHICLE_00272
PERSON_0074,PERSON,VEHICLE_00237,VEHICLE,OWNED,2026-06-30 00:00:00,0.05,0.93,VEHICLE_00237
PERSON_0752,PERSON,VEHICLE_00089,VEHICLE,OWNED,2026-06-30 00:00:00,0.05,0.82,VEHICLE_00089
PERSON_0514,PERSON,VEHICLE_00649,VEHICLE,OWNED,2026-06-30 00:00:00,0.05,0.82,VEHICLE_00649
PERSON_1130,PERSON,VEHICLE_00118,VEHICLE,OWNED,2026-06-30 00:00:00,0.05,0.99,VEHICLE_00118
PERSON_0947,PERSON,VEHICLE_00126,VEHICLE,OWNED,2026-06-30 00:00:00,0.05,0.95,VEHICLE_00126
PERSON_0454,PERSON,VEHICLE_00629,VEHICLE,OWNED,2026-06-30 00:00:00,0.05,0.84,VEHICLE_00629
PERSON_1297,PERSON,VEHICLE_00290,VEHICLE,OWNED,2026-06-30 00:00:00,0.05,0.98,VEHICLE_00290
PERSON_1400,PERSON,VEHICLE_00239,VEHICLE,OWNED,2026-06-30 00:00:00,0.05,0.86,VEHICLE_00239
PERSON_1476,PERSON,VEHICLE_00001,VEHICLE,OWNED,2026-06-30 00:00:00,0.05,0.93,VEHICLE_00001
PERSON_0135,PERSON,VEHICLE_00754,VEHICLE,OWNED,2026-06-30 00:00:00,0.05,0.92,VEHICLE_00754
PERSON_0260,PERSON,VEHICLE_00366,VEHICLE,OWNED,2026-06-30 00:00:00,0.05,0.82,VEHICLE_00366
PERSON_1393,PERSON,VEHICLE_00667,VEHICLE,OWNED,2026-06-30 00:00:00,0.05,0.86,VEHICLE_00667
PERSON_1047,PERSON,VEHICLE_00429,VEHICLE,OWNED,2026-06-30 00:00:00,0.05,0.85,VEHICLE_00429
PERSON_0481,PERSON,VEHICLE_00279,VEHICLE,OWNED,2026-06-30 00:00:00,0.05,0.93,VEHICLE_00279
PERSON_1404,PERSON,VEHICLE_00598,VEHICLE,OWNED,2026-06-30 00:00:00,0.05,0.98,VEHICLE_00598
PERSON_0842,PERSON,VEHICLE_00117,VEHICLE,OWNED,2026-06-30 00:00:00,0.05,0.86,VEHICLE_00117
PERSON_0920,PERSON,VEHICLE_00229,VEHICLE,OWNED,2026-06-30 00:00:00,0.05,0.89,VEHICLE_00229
PERSON_0633,PERSON,VEHICLE_00542,VEHICLE,OWNED,2026-06-30 00:00:00,0.05,0.87,VEHICLE_00542
PERSON_1182,PERSON,VEHICLE_00508,VEHICLE,OWNED,2026-06-30 00:00:00,0.05,0.98,VEHICLE_00508
PERSON_0450,PERSON,VEHICLE_00513,VEHICLE,OWNED,2026-06-30 00:00:00,0.05,0.98,VEHICLE_00513
PERSON_0129,PERSON,VEHICLE_00275,VEHICLE,OWNED,2026-06-30 00:00:00,0.05,0.9,VEHICLE_00275
PERSON_0634,PERSON,VEHICLE_00319,VEHICLE,OWNED,2026-06-30 00:00:00,0.05,0.81,VEHICLE_00319
PERSON_0213,PERSON,VEHICLE_00527,VEHICLE,OWNED,2026-06-30 00:00:00,0.05,0.93,VEHICLE_00527
PERSON_1267,PERSON,VEHICLE_00145,VEHICLE,OWNED,2026-06-30 00:00:00,0.05,0.95,VEHICLE_00145
PERSON_1235,PERSON,VEHICLE_00474,VEHICLE,OWNED,2026-06-30 00:00:00,0.05,0.9,VEHICLE_00474
PERSON_0572,PERSON,VEHICLE_00466,VEHICLE,OWNED,2026-06-30 00:00:00,0.05,0.91,VEHICLE_00466
PERSON_0845,PERSON,VEHICLE_00691,VEHICLE,OWNED,2026-06-30 00:00:00,0.05,0.98,VEHICLE_00691
PERSON_0268,PERSON,VEHICLE_00560,VEHICLE,OWNED,2026-06-30 00:00:00,0.05,0.95,VEHICLE_00560
PERSON_0027,PERSON,VEHICLE_00269,VEHICLE,OWNED,2026-06-30 00:00:00,0.05,0.96,VEHICLE_00269
PERSON_1384,PERSON,VEHICLE_00543,VEHICLE,OWNED,2026-06-30 00:00:00,0.05,0.84,VEHICLE_00543
PERSON_0489,PERSON,VEHICLE_00308,VEHICLE,OWNED,2026-06-30 00:00:00,0.05,0.98,VEHICLE_00308
PERSON_0403,PERSON,VEHICLE_00311,VEHICLE,OWNED,2026-06-30 00:00:00,0.05,0.9,VEHICLE_00311
PERSON_1245,PERSON,VEHICLE_00546,VEHICLE,OWNED,2026-06-30 00:00:00,0.05,0.88,VEHICLE_00546
PERSON_1250,PERSON,VEHICLE_00047,VEHICLE,OWNED,2026-06-30 00:00:00,0.05,0.83,VEHICLE_00047
PERSON_0917,PERSON,VEHICLE_00350,VEHICLE,OWNED,2026-06-30 00:00:00,0.05,0.87,VEHICLE_00350
PERSON_0786,PERSON,VEHICLE_00656,VEHICLE,OWNED,2026-06-30 00:00:00,0.05,0.88,VEHICLE_00656
PERSON_0692,PERSON,VEHICLE_00262,VEHICLE,OWNED,2026-06-30 00:00:00,0.05,0.88,VEHICLE_00262
PERSON_1436,PERSON,VEHICLE_00196,VEHICLE,OWNED,2026-06-30 00:00:00,0.05,0.89,VEHICLE_00196
PERSON_0117,PERSON,VEHICLE_00762,VEHICLE,OWNED,2026-06-30 00:00:00,0.05,0.85,VEHICLE_00762
PERSON_0660,PERSON,VEHICLE_00641,VEHICLE,OWNED,2026-06-30 00:00:00,0.05,0.8,VEHICLE_00641
PERSON_0455,PERSON,VEHICLE_00108,VEHICLE,OWNED,2026-06-30 00:00:00,0.05,0.97,VEHICLE_00108
PERSON_0319,PERSON,VEHICLE_00060,VEHICLE,OWNED,2026-06-30 00:00:00,0.05,0.97,VEHICLE_00060
PERSON_0362,PERSON,VEHICLE_00616,VEHICLE,OWNED,2026-06-30 00:00:00,0.05,0.97,VEHICLE_00616
PERSON_0708,PERSON,VEHICLE_00555,VEHICLE,OWNED,2026-06-30 00:00:00,0.05,0.9,VEHICLE_00555
PERSON_0462,PERSON,VEHICLE_00101,VEHICLE,OWNED,2026-06-30 00:00:00,0.05,0.96,VEHICLE_00101
PERSON_1251,PERSON,VEHICLE_00440,VEHICLE,OWNED,2026-06-30 00:00:00,0.05,0.91,VEHICLE_00440
PERSON_0199,PERSON,VEHICLE_00684,VEHICLE,OWNED,2026-06-30 00:00:00,0.05,0.86,VEHICLE_00684
PERSON_0431,PERSON,VEHICLE_00558,VEHICLE,OWNED,2026-06-30 00:00:00,0.05,0.8,VEHICLE_00558
PERSON_1407,PERSON,VEHICLE_00418,VEHICLE,OWNED,2026-06-30 00:00:00,0.05,0.84,VEHICLE_00418
PERSON_0863,PERSON,VEHICLE_00180,VEHICLE,OWNED,2026-06-30 00:00:00,0.05,0.9,VEHICLE_00180
PERSON_0350,PERSON,VEHICLE_00305,VEHICLE,OWNED,2026-06-30 00:00:00,0.05,0.81,VEHICLE_00305
PERSON_0612,PERSON,VEHICLE_00423,VEHICLE,OWNED,2026-06-30 00:00:00,0.05,0.83,VEHICLE_00423
PERSON_0236,PERSON,VEHICLE_00571,VEHICLE,OWNED,2026-06-30 00:00:00,0.05,0.98,VEHICLE_00571
PERSON_0130,PERSON,VEHICLE_00734,VEHICLE,OWNED,2026-06-30 00:00:00,0.05,0.9,VEHICLE_00734
PERSON_0196,PERSON,VEHICLE_00150,VEHICLE,OWNED,2026-06-30 00:00:00,0.05,0.91,VEHICLE_00150
PERSON_0679,PERSON,VEHICLE_00125,VEHICLE,OWNED,2026-06-30 00:00:00,0.05,0.82,VEHICLE_00125
PERSON_0188,PERSON,VEHICLE_00607,VEHICLE,OWNED,2026-06-30 00:00:00,0.05,0.96,VEHICLE_00607
PERSON_0503,PERSON,VEHICLE_00746,VEHICLE,OWNED,2026-06-30 00:00:00,0.05,0.96,VEHICLE_00746
PERSON_0955,PERSON,VEHICLE_00186,VEHICLE,OWNED,2026-06-30 00:00:00,0.05,0.87,VEHICLE_00186
PERSON_0573,PERSON,VEHICLE_00517,VEHICLE,OWNED,2026-06-30 00:00:00,0.05,0.81,VEHICLE_00517
PERSON_1289,PERSON,VEHICLE_00550,VEHICLE,OWNED,2026-06-30 00:00:00,0.05,0.92,VEHICLE_00550
PERSON_0866,PERSON,VEHICLE_00432,VEHICLE,OWNED,2026-06-30 00:00:00,0.05,0.83,VEHICLE_00432
PERSON_1046,PERSON,VEHICLE_00752,VEHICLE,OWNED,2026-06-30 00:00:00,0.05,0.94,VEHICLE_00752
PERSON_0792,PERSON,VEHICLE_00433,VEHICLE,OWNED,2026-06-30 00:00:00,0.05,0.81,VEHICLE_00433
PERSON_0369,PERSON,VEHICLE_00322,VEHICLE,OWNED,2026-06-30 00:00:00,0.05,0.92,VEHICLE_00322
PERSON_0222,PERSON,VEHICLE_00354,VEHICLE,OWNED,2026-06-30 00:00:00,0.05,0.84,VEHICLE_00354
PERSON_0085,PERSON,VEHICLE_00704,VEHICLE,OWNED,2026-06-30 00:00:00,0.05,0.93,VEHICLE_00704
PERSON_0317,PERSON,VEHICLE_00143,VEHICLE,OWNED,2026-06-30 00:00:00,0.05,0.83,VEHICLE_00143
PERSON_0764,PERSON,VEHICLE_00498,VEHICLE,OWNED,2026-06-30 00:00:00,0.05,0.95,VEHICLE_00498
PERSON_1244,PERSON,VEHICLE_00142,VEHICLE,OWNED,2026-06-30 00:00:00,0.05,0.89,VEHICLE_00142
PERSON_0448,PERSON,VEHICLE_00400,VEHICLE,OWNED,2026-06-30 00:00:00,0.05,0.98,VEHICLE_00400
PERSON_0923,PERSON,VEHICLE_00487,VEHICLE,OWNED,2026-06-30 00:00:00,0.05,0.95,VEHICLE_00487
PERSON_0270,PERSON,VEHICLE_00321,VEHICLE,OWNED,2026-06-30 00:00:00,0.05,0.89,VEHICLE_00321
PERSON_0147,PERSON,VEHICLE_00020,VEHICLE,OWNED,2026-06-30 00:00:00,0.05,0.93,VEHICLE_00020
PERSON_0871,PERSON,VEHICLE_00173,VEHICLE,OWNED,2026-06-30 00:00:00,0.05,0.81,VEHICLE_00173
PERSON_0329,PERSON,VEHICLE_00623,VEHICLE,OWNED,2026-06-30 00:00:00,0.05,0.88,VEHICLE_00623
PERSON_1277,PERSON,VEHICLE_00313,VEHICLE,OWNED,2026-06-30 00:00:00,0.05,0.88,VEHICLE_00313
PERSON_0656,PERSON,VEHICLE_00391,VEHICLE,OWNED,2026-06-30 00:00:00,0.05,0.93,VEHICLE_00391
PERSON_0621,PERSON,VEHICLE_00710,VEHICLE,OWNED,2026-06-30 00:00:00,0.05,0.94,VEHICLE_00710
PERSON_0332,PERSON,VEHICLE_00013,VEHICLE,OWNED,2026-06-30 00:00:00,0.05,0.81,VEHICLE_00013
PERSON_0357,PERSON,VEHICLE_00408,VEHICLE,OWNED,2026-06-30 00:00:00,0.05,0.92,VEHICLE_00408
PERSON_0674,PERSON,VEHICLE_00409,VEHICLE,OWNED,2026-06-30 00:00:00,0.05,0.98,VEHICLE_00409
PERSON_1467,PERSON,VEHICLE_00306,VEHICLE,OWNED,2026-06-30 00:00:00,0.05,0.87,VEHICLE_00306
PERSON_0743,PERSON,VEHICLE_00355,VEHICLE,OWNED,2026-06-30 00:00:00,0.05,0.84,VEHICLE_00355
PERSON_0096,PERSON,VEHICLE_00026,VEHICLE,OWNED,2026-06-30 00:00:00,0.05,0.94,VEHICLE_00026
PERSON_1191,PERSON,VEHICLE_00572,VEHICLE,OWNED,2026-06-30 00:00:00,0.05,0.92,VEHICLE_00572
PERSON_1300,PERSON,VEHICLE_00170,VEHICLE,OWNED,2026-06-30 00:00:00,0.05,0.82,VEHICLE_00170
PERSON_0591,PERSON,VEHICLE_00039,VEHICLE,OWNED,2026-06-30 00:00:00,0.05,0.93,VEHICLE_00039
PERSON_0688,PERSON,VEHICLE_00501,VEHICLE,OWNED,2026-06-30 00:00:00,0.05,0.94,VEHICLE_00501
PERSON_0912,PERSON,VEHICLE_00246,VEHICLE,OWNED,2026-06-30 00:00:00,0.05,0.94,VEHICLE_00246
PERSON_1092,PERSON,VEHICLE_00299,VEHICLE,OWNED,2026-06-30 00:00:00,0.05,0.94,VEHICLE_00299
PERSON_0524,PERSON,VEHICLE_00637,VEHICLE,OWNED,2026-06-30 00:00:00,0.05,0.91,VEHICLE_00637
PERSON_0474,PERSON,VEHICLE_00417,VEHICLE,OWNED,2026-06-30 00:00:00,0.05,0.92,VEHICLE_00417
PERSON_1254,PERSON,VEHICLE_00524,VEHICLE,OWNED,2026-06-30 00:00:00,0.05,0.97,VEHICLE_00524
PERSON_0003,PERSON,VEHICLE_00273,VEHICLE,OWNED,2026-06-30 00:00:00,0.05,0.8,VEHICLE_00273
PERSON_0533,PERSON,VEHICLE_00586,VEHICLE,OWNED,2026-06-30 00:00:00,0.05,0.84,VEHICLE_00586
PERSON_0023,PERSON,VEHICLE_00155,VEHICLE,OWNED,2026-06-30 00:00:00,0.05,0.94,VEHICLE_00155
PERSON_1336,PERSON,VEHICLE_00127,VEHICLE,OWNED,2026-06-30 00:00:00,0.05,0.94,VEHICLE_00127
PERSON_0208,PERSON,VEHICLE_00644,VEHICLE,OWNED,2026-06-30 00:00:00,0.05,0.89,VEHICLE_00644
PERSON_1174,PERSON,VEHICLE_00342,VEHICLE,OWNED,2026-06-30 00:00:00,0.05,0.98,VEHICLE_00342
PERSON_1334,PERSON,VEHICLE_00431,VEHICLE,OWNED,2026-06-30 00:00:00,0.05,0.85,VEHICLE_00431
PERSON_0820,PERSON,VEHICLE_00288,VEHICLE,OWNED,2026-06-30 00:00:00,0.05,0.98,VEHICLE_00288
PERSON_0611,PERSON,VEHICLE_00114,VEHICLE,OWNED,2026-06-30 00:00:00,0.05,0.95,VEHICLE_00114
PERSON_0922,PERSON,VEHICLE_00458,VEHICLE,OWNED,2026-06-30 00:00:00,0.05,0.88,VEHICLE_00458
PERSON_0081,PERSON,VEHICLE_00174,VEHICLE,OWNED,2026-06-30 00:00:00,0.05,0.84,VEHICLE_00174
PERSON_0226,PERSON,VEHICLE_00360,VEHICLE,OWNED,2026-06-30 00:00:00,0.05,0.85,VEHICLE_00360
PERSON_0768,PERSON,VEHICLE_00445,VEHICLE,OWNED,2026-06-30 00:00:00,0.05,0.8,VEHICLE_00445
PERSON_0945,PERSON,VEHICLE_00058,VEHICLE,OWNED,2026-06-30 00:00:00,0.05,0.82,VEHICLE_00058
PERSON_0615,PERSON,VEHICLE_00528,VEHICLE,OWNED,2026-06-30 00:00:00,0.05,0.9,VEHICLE_00528
PERSON_0960,PERSON,VEHICLE_00223,VEHICLE,OWNED,2026-06-30 00:00:00,0.05,0.91,VEHICLE_00223
PERSON_0984,PERSON,VEHICLE_00281,VEHICLE,OWNED,2026-06-30 00:00:00,0.05,0.93,VEHICLE_00281
PERSON_0754,PERSON,VEHICLE_00018,VEHICLE,OWNED,2026-06-30 00:00:00,0.05,0.83,VEHICLE_00018
PERSON_1272,PERSON,VEHICLE_00639,VEHICLE,OWNED,2026-06-30 00:00:00,0.05,0.92,VEHICLE_00639
PERSON_0045,PERSON,VEHICLE_00323,VEHICLE,OWNED,2026-06-30 00:00:00,0.05,0.88,VEHICLE_00323
PERSON_1059,PERSON,VEHICLE_00256,VEHICLE,OWNED,2026-06-30 00:00:00,0.05,0.88,VEHICLE_00256
PERSON_0564,PERSON,VEHICLE_00514,VEHICLE,OWNED,2026-06-30 00:00:00,0.05,0.91,VEHICLE_00514
PERSON_0678,PERSON,VEHICLE_00573,VEHICLE,OWNED,2026-06-30 00:00:00,0.05,0.95,VEHICLE_00573
PERSON_0383,PERSON,VEHICLE_00732,VEHICLE,OWNED,2026-06-30 00:00:00,0.05,0.84,VEHICLE_00732
PERSON_1465,PERSON,VEHICLE_00191,VEHICLE,OWNED,2026-06-30 00:00:00,0.05,0.86,VEHICLE_00191
PERSON_1485,PERSON,ACCOUNT_00277,BANK_ACCOUNT,OWNED,2026-06-30 00:00:00,0.05,0.75,ACCOUNT_00277
PERSON_0096,PERSON,ACCOUNT_00092,BANK_ACCOUNT,OWNED,2026-06-30 00:00:00,0.05,0.84,ACCOUNT_00092
PERSON_0206,PERSON,ACCOUNT_00598,BANK_ACCOUNT,OWNED,2026-06-30 00:00:00,0.05,0.91,ACCOUNT_00598
PERSON_0582,PERSON,ACCOUNT_00652,BANK_ACCOUNT,OWNED,2026-06-30 00:00:00,0.05,0.82,ACCOUNT_00652
PERSON_0716,PERSON,ACCOUNT_00222,BANK_ACCOUNT,OWNED,2026-06-30 00:00:00,0.05,0.89,ACCOUNT_00222
PERSON_1404,PERSON,ACCOUNT_00615,BANK_ACCOUNT,OWNED,2026-06-30 00:00:00,0.05,0.93,ACCOUNT_00615
PERSON_1330,PERSON,ACCOUNT_00320,BANK_ACCOUNT,OWNED,2026-06-30 00:00:00,0.05,0.8,ACCOUNT_00320
PERSON_0199,PERSON,ACCOUNT_00814,BANK_ACCOUNT,OWNED,2026-06-30 00:00:00,0.05,0.94,ACCOUNT_00814
PERSON_0612,PERSON,ACCOUNT_00651,BANK_ACCOUNT,OWNED,2026-06-30 00:00:00,0.05,0.88,ACCOUNT_00651
PERSON_0368,PERSON,ACCOUNT_00343,BANK_ACCOUNT,OWNED,2026-06-30 00:00:00,0.05,0.96,ACCOUNT_00343
PERSON_0052,PERSON,ACCOUNT_00354,BANK_ACCOUNT,OWNED,2026-06-30 00:00:00,0.05,0.93,ACCOUNT_00354
PERSON_0225,PERSON,ACCOUNT_00634,BANK_ACCOUNT,OWNED,2026-06-30 00:00:00,0.05,0.84,ACCOUNT_00634
PERSON_0706,PERSON,ACCOUNT_00471,BANK_ACCOUNT,OWNED,2026-06-30 00:00:00,0.05,0.81,ACCOUNT_00471
PERSON_0634,PERSON,ACCOUNT_00781,BANK_ACCOUNT,OWNED,2026-06-30 00:00:00,0.05,0.86,ACCOUNT_00781
PERSON_0884,PERSON,ACCOUNT_00845,BANK_ACCOUNT,OWNED,2026-06-30 00:00:00,0.05,0.88,ACCOUNT_00845
PERSON_0286,PERSON,ACCOUNT_00285,BANK_ACCOUNT,OWNED,2026-06-30 00:00:00,0.05,0.93,ACCOUNT_00285
PERSON_0741,PERSON,ACCOUNT_00287,BANK_ACCOUNT,OWNED,2026-06-30 00:00:00,0.05,0.94,ACCOUNT_00287
PERSON_1499,PERSON,ACCOUNT_00016,BANK_ACCOUNT,OWNED,2026-06-30 00:00:00,0.05,0.93,ACCOUNT_00016
PERSON_0361,PERSON,ACCOUNT_00839,BANK_ACCOUNT,OWNED,2026-06-30 00:00:00,0.05,0.84,ACCOUNT_00839
PERSON_0594,PERSON,ACCOUNT_00524,BANK_ACCOUNT,OWNED,2026-06-30 00:00:00,0.05,0.86,ACCOUNT_00524
PERSON_1289,PERSON,ACCOUNT_00303,BANK_ACCOUNT,OWNED,2026-06-30 00:00:00,0.05,0.88,ACCOUNT_00303
PERSON_1151,PERSON,ACCOUNT_00898,BANK_ACCOUNT,OWNED,2026-06-30 00:00:00,0.05,0.98,ACCOUNT_00898
PERSON_0737,PERSON,ACCOUNT_00386,BANK_ACCOUNT,OWNED,2026-06-30 00:00:00,0.05,0.82,ACCOUNT_00386
PERSON_0839,PERSON,ACCOUNT_00847,BANK_ACCOUNT,OWNED,2026-06-30 00:00:00,0.05,0.99,ACCOUNT_00847
PERSON_0726,PERSON,ACCOUNT_00129,BANK_ACCOUNT,OWNED,2026-06-30 00:00:00,0.05,0.77,ACCOUNT_00129
PERSON_1082,PERSON,ACCOUNT_00242,BANK_ACCOUNT,OWNED,2026-06-30 00:00:00,0.05,0.84,ACCOUNT_00242
PERSON_0048,PERSON,ACCOUNT_00012,BANK_ACCOUNT,OWNED,2026-06-30 00:00:00,0.05,0.94,ACCOUNT_00012
PERSON_0983,PERSON,ACCOUNT_00905,BANK_ACCOUNT,OWNED,2026-06-30 00:00:00,0.05,0.87,ACCOUNT_00905
PERSON_0299,PERSON,ACCOUNT_00828,BANK_ACCOUNT,OWNED,2026-06-30 00:00:00,0.05,0.81,ACCOUNT_00828
PERSON_0698,PERSON,ACCOUNT_00070,BANK_ACCOUNT,OWNED,2026-06-30 00:00:00,0.05,0.85,ACCOUNT_00070
PERSON_1315,PERSON,ACCOUNT_00455,BANK_ACCOUNT,OWNED,2026-06-30 00:00:00,0.05,0.92,ACCOUNT_00455
PERSON_0653,PERSON,ACCOUNT_00447,BANK_ACCOUNT,OWNED,2026-06-30 00:00:00,0.05,0.79,ACCOUNT_00447
PERSON_0172,PERSON,ACCOUNT_00659,BANK_ACCOUNT,OWNED,2026-06-30 00:00:00,0.05,0.87,ACCOUNT_00659
PERSON_0351,PERSON,ACCOUNT_00362,BANK_ACCOUNT,OWNED,2026-06-30 00:00:00,0.05,0.99,ACCOUNT_00362
PERSON_0945,PERSON,ACCOUNT_00177,BANK_ACCOUNT,OWNED,2026-06-30 00:00:00,0.05,0.8,ACCOUNT_00177
PERSON_0957,PERSON,ACCOUNT_00345,BANK_ACCOUNT,OWNED,2026-06-30 00:00:00,0.05,0.77,ACCOUNT_00345
PERSON_0883,PERSON,ACCOUNT_00614,BANK_ACCOUNT,OWNED,2026-06-30 00:00:00,0.05,0.89,ACCOUNT_00614
PERSON_1252,PERSON,ACCOUNT_00836,BANK_ACCOUNT,OWNED,2026-06-30 00:00:00,0.05,0.8,ACCOUNT_00836
PERSON_1017,PERSON,ACCOUNT_00667,BANK_ACCOUNT,OWNED,2026-06-30 00:00:00,0.05,0.99,ACCOUNT_00667
PERSON_1229,PERSON,ACCOUNT_00417,BANK_ACCOUNT,OWNED,2026-06-30 00:00:00,0.05,0.82,ACCOUNT_00417
PERSON_0733,PERSON,ACCOUNT_00501,BANK_ACCOUNT,OWNED,2026-06-30 00:00:00,0.05,0.88,ACCOUNT_00501
PERSON_0029,PERSON,ACCOUNT_00120,BANK_ACCOUNT,OWNED,2026-06-30 00:00:00,0.05,0.8,ACCOUNT_00120
PERSON_0846,PERSON,ACCOUNT_00776,BANK_ACCOUNT,OWNED,2026-06-30 00:00:00,0.05,0.78,ACCOUNT_00776
PERSON_0531,PERSON,ACCOUNT_00284,BANK_ACCOUNT,OWNED,2026-06-30 00:00:00,0.05,0.9,ACCOUNT_00284
PERSON_0326,PERSON,ACCOUNT_00229,BANK_ACCOUNT,OWNED,2026-06-30 00:00:00,0.05,0.95,ACCOUNT_00229
PERSON_0264,PERSON,ACCOUNT_00294,BANK_ACCOUNT,OWNED,2026-06-30 00:00:00,0.05,0.97,ACCOUNT_00294
PERSON_0443,PERSON,ACCOUNT_00899,BANK_ACCOUNT,OWNED,2026-06-30 00:00:00,0.05,0.78,ACCOUNT_00899
PERSON_0222,PERSON,ACCOUNT_00760,BANK_ACCOUNT,OWNED,2026-06-30 00:00:00,0.05,0.92,ACCOUNT_00760
PERSON_1440,PERSON,ACCOUNT_00742,BANK_ACCOUNT,OWNED,2026-06-30 00:00:00,0.05,0.96,ACCOUNT_00742
PERSON_0566,PERSON,ACCOUNT_00613,BANK_ACCOUNT,OWNED,2026-06-30 00:00:00,0.05,0.86,ACCOUNT_00613
PERSON_0298,PERSON,ACCOUNT_00080,BANK_ACCOUNT,OWNED,2026-06-30 00:00:00,0.05,0.79,ACCOUNT_00080
PERSON_0311,PERSON,ACCOUNT_00083,BANK_ACCOUNT,OWNED,2026-06-30 00:00:00,0.05,0.98,ACCOUNT_00083
PERSON_0009,PERSON,ACCOUNT_00744,BANK_ACCOUNT,OWNED,2026-06-30 00:00:00,0.05,0.83,ACCOUNT_00744
PERSON_0979,PERSON,ACCOUNT_00190,BANK_ACCOUNT,OWNED,2026-06-30 00:00:00,0.05,0.8,ACCOUNT_00190
PERSON_1078,PERSON,ACCOUNT_00490,BANK_ACCOUNT,OWNED,2026-06-30 00:00:00,0.05,0.78,ACCOUNT_00490
PERSON_0607,PERSON,ACCOUNT_00205,BANK_ACCOUNT,OWNED,2026-06-30 00:00:00,0.05,0.81,ACCOUNT_00205
PERSON_0641,PERSON,ACCOUNT_00383,BANK_ACCOUNT,OWNED,2026-06-30 00:00:00,0.05,0.89,ACCOUNT_00383
PERSON_0173,PERSON,ACCOUNT_00324,BANK_ACCOUNT,OWNED,2026-06-30 00:00:00,0.05,0.94,ACCOUNT_00324
PERSON_1308,PERSON,ACCOUNT_00693,BANK_ACCOUNT,OWNED,2026-06-30 00:00:00,0.05,0.81,ACCOUNT_00693
PERSON_1323,PERSON,ACCOUNT_00581,BANK_ACCOUNT,OWNED,2026-06-30 00:00:00,0.05,0.82,ACCOUNT_00581
PERSON_0301,PERSON,ACCOUNT_00464,BANK_ACCOUNT,OWNED,2026-06-30 00:00:00,0.05,0.82,ACCOUNT_00464
PERSON_0271,PERSON,ACCOUNT_00540,BANK_ACCOUNT,OWNED,2026-06-30 00:00:00,0.05,0.8,ACCOUNT_00540
PERSON_1302,PERSON,ACCOUNT_00481,BANK_ACCOUNT,OWNED,2026-06-30 00:00:00,0.05,0.95,ACCOUNT_00481
PERSON_0319,PERSON,ACCOUNT_00106,BANK_ACCOUNT,OWNED,2026-06-30 00:00:00,0.05,0.9,ACCOUNT_00106
PERSON_0780,PERSON,ACCOUNT_00767,BANK_ACCOUNT,OWNED,2026-06-30 00:00:00,0.05,0.87,ACCOUNT_00767
PERSON_1068,PERSON,ACCOUNT_00318,BANK_ACCOUNT,OWNED,2026-06-30 00:00:00,0.05,0.78,ACCOUNT_00318
PERSON_1106,PERSON,ACCOUNT_00306,BANK_ACCOUNT,OWNED,2026-06-30 00:00:00,0.05,0.9,ACCOUNT_00306
PERSON_0785,PERSON,ACCOUNT_00068,BANK_ACCOUNT,OWNED,2026-06-30 00:00:00,0.05,0.92,ACCOUNT_00068
PERSON_1043,PERSON,ACCOUNT_00881,BANK_ACCOUNT,OWNED,2026-06-30 00:00:00,0.05,0.84,ACCOUNT_00881
PERSON_0035,PERSON,ACCOUNT_00313,BANK_ACCOUNT,OWNED,2026-06-30 00:00:00,0.05,0.78,ACCOUNT_00313
PERSON_0670,PERSON,ACCOUNT_00655,BANK_ACCOUNT,OWNED,2026-06-30 00:00:00,0.05,0.77,ACCOUNT_00655
PERSON_0639,PERSON,ACCOUNT_00035,BANK_ACCOUNT,OWNED,2026-06-30 00:00:00,0.05,0.8,ACCOUNT_00035
PERSON_0370,PERSON,ACCOUNT_00123,BANK_ACCOUNT,OWNED,2026-06-30 00:00:00,0.05,0.86,ACCOUNT_00123
PERSON_1461,PERSON,ACCOUNT_00126,BANK_ACCOUNT,OWNED,2026-06-30 00:00:00,0.05,0.86,ACCOUNT_00126
PERSON_1369,PERSON,ACCOUNT_00909,BANK_ACCOUNT,OWNED,2026-06-30 00:00:00,0.05,0.9,ACCOUNT_00909
PERSON_0187,PERSON,ACCOUNT_00180,BANK_ACCOUNT,OWNED,2026-06-30 00:00:00,0.05,0.84,ACCOUNT_00180
PERSON_0675,PERSON,ACCOUNT_00401,BANK_ACCOUNT,OWNED,2026-06-30 00:00:00,0.05,0.97,ACCOUNT_00401
PERSON_1307,PERSON,ACCOUNT_00861,BANK_ACCOUNT,OWNED,2026-06-30 00:00:00,0.05,0.83,ACCOUNT_00861
PERSON_1132,PERSON,ACCOUNT_00514,BANK_ACCOUNT,OWNED,2026-06-30 00:00:00,0.05,0.92,ACCOUNT_00514
PERSON_1360,PERSON,ACCOUNT_00384,BANK_ACCOUNT,OWNED,2026-06-30 00:00:00,0.05,0.95,ACCOUNT_00384
PERSON_1474,PERSON,ACCOUNT_00833,BANK_ACCOUNT,OWNED,2026-06-30 00:00:00,0.05,0.84,ACCOUNT_00833
PERSON_0880,PERSON,ACCOUNT_00339,BANK_ACCOUNT,OWNED,2026-06-30 00:00:00,0.05,0.77,ACCOUNT_00339
PERSON_1140,PERSON,ACCOUNT_00798,BANK_ACCOUNT,OWNED,2026-06-30 00:00:00,0.05,0.79,ACCOUNT_00798
PERSON_1347,PERSON,ACCOUNT_00855,BANK_ACCOUNT,OWNED,2026-06-30 00:00:00,0.05,0.82,ACCOUNT_00855
PERSON_0099,PERSON,ACCOUNT_00315,BANK_ACCOUNT,OWNED,2026-06-30 00:00:00,0.05,0.97,ACCOUNT_00315
PERSON_0869,PERSON,ACCOUNT_00298,BANK_ACCOUNT,OWNED,2026-06-30 00:00:00,0.05,0.85,ACCOUNT_00298
PERSON_0347,PERSON,ACCOUNT_00452,BANK_ACCOUNT,OWNED,2026-06-30 00:00:00,0.05,0.82,ACCOUNT_00452
PERSON_0519,PERSON,ACCOUNT_00442,BANK_ACCOUNT,OWNED,2026-06-30 00:00:00,0.05,0.94,ACCOUNT_00442
PERSON_0445,PERSON,ACCOUNT_00704,BANK_ACCOUNT,OWNED,2026-06-30 00:00:00,0.05,0.98,ACCOUNT_00704
PERSON_0682,PERSON,ACCOUNT_00332,BANK_ACCOUNT,OWNED,2026-06-30 00:00:00,0.05,0.81,ACCOUNT_00332
PERSON_0944,PERSON,ACCOUNT_00520,BANK_ACCOUNT,OWNED,2026-06-30 00:00:00,0.05,0.92,ACCOUNT_00520
PERSON_0888,PERSON,ACCOUNT_00609,BANK_ACCOUNT,OWNED,2026-06-30 00:00:00,0.05,0.82,ACCOUNT_00609
PERSON_1125,PERSON,ACCOUNT_00623,BANK_ACCOUNT,OWNED,2026-06-30 00:00:00,0.05,0.88,ACCOUNT_00623
PERSON_1194,PERSON,ACCOUNT_00669,BANK_ACCOUNT,OWNED,2026-06-30 00:00:00,0.05,0.95,ACCOUNT_00669
PERSON_0203,PERSON,ACCOUNT_00841,BANK_ACCOUNT,OWNED,2026-06-30 00:00:00,0.05,0.84,ACCOUNT_00841
PERSON_0611,PERSON,ACCOUNT_00584,BANK_ACCOUNT,OWNED,2026-06-30 00:00:00,0.05,0.91,ACCOUNT_00584
PERSON_0105,PERSON,ACCOUNT_00002,BANK_ACCOUNT,OWNED,2026-06-30 00:00:00,0.05,0.87,ACCOUNT_00002
PERSON_0658,PERSON,ACCOUNT_00806,BANK_ACCOUNT,OWNED,2026-06-30 00:00:00,0.05,0.77,ACCOUNT_00806
PERSON_0836,PERSON,ACCOUNT_00191,BANK_ACCOUNT,OWNED,2026-06-30 00:00:00,0.05,0.88,ACCOUNT_00191
PERSON_1271,PERSON,ACCOUNT_00469,BANK_ACCOUNT,OWNED,2026-06-30 00:00:00,0.05,0.82,ACCOUNT_00469
PERSON_0254,PERSON,ACCOUNT_00456,BANK_ACCOUNT,OWNED,2026-06-30 00:00:00,0.05,0.89,ACCOUNT_00456
PERSON_1405,PERSON,ACCOUNT_00148,BANK_ACCOUNT,OWNED,2026-06-30 00:00:00,0.05,0.79,ACCOUNT_00148
PERSON_0800,PERSON,ACCOUNT_00498,BANK_ACCOUNT,OWNED,2026-06-30 00:00:00,0.05,0.98,ACCOUNT_00498
PERSON_1246,PERSON,ACCOUNT_00430,BANK_ACCOUNT,OWNED,2026-06-30 00:00:00,0.05,0.77,ACCOUNT_00430
PERSON_0018,PERSON,ACCOUNT_00269,BANK_ACCOUNT,OWNED,2026-06-30 00:00:00,0.05,0.96,ACCOUNT_00269
PERSON_1076,PERSON,ACCOUNT_00262,BANK_ACCOUNT,OWNED,2026-06-30 00:00:00,0.05,0.83,ACCOUNT_00262
PERSON_1349,PERSON,ACCOUNT_00112,BANK_ACCOUNT,OWNED,2026-06-30 00:00:00,0.05,0.98,ACCOUNT_00112
PERSON_0763,PERSON,ACCOUNT_00360,BANK_ACCOUNT,OWNED,2026-06-30 00:00:00,0.05,0.94,ACCOUNT_00360
PERSON_0210,PERSON,ACCOUNT_00871,BANK_ACCOUNT,OWNED,2026-06-30 00:00:00,0.05,0.99,ACCOUNT_00871
PERSON_0320,PERSON,ACCOUNT_00761,BANK_ACCOUNT,OWNED,2026-06-30 00:00:00,0.05,0.98,ACCOUNT_00761
PERSON_0058,PERSON,ACCOUNT_00710,BANK_ACCOUNT,OWNED,2026-06-30 00:00:00,0.05,0.81,ACCOUNT_00710
PERSON_0998,PERSON,ACCOUNT_00025,BANK_ACCOUNT,OWNED,2026-06-30 00:00:00,0.05,0.87,ACCOUNT_00025
PERSON_0200,PERSON,ACCOUNT_00145,BANK_ACCOUNT,OWNED,2026-06-30 00:00:00,0.05,0.92,ACCOUNT_00145
PERSON_0281,PERSON,ACCOUNT_00484,BANK_ACCOUNT,OWNED,2026-06-30 00:00:00,0.05,0.77,ACCOUNT_00484
PERSON_0004,PERSON,ACCOUNT_00599,BANK_ACCOUNT,OWNED,2026-06-30 00:00:00,0.05,0.96,ACCOUNT_00599
PERSON_1062,PERSON,ACCOUNT_00504,BANK_ACCOUNT,OWNED,2026-06-30 00:00:00,0.05,0.76,ACCOUNT_00504
PERSON_0469,PERSON,ACCOUNT_00467,BANK_ACCOUNT,OWNED,2026-06-30 00:00:00,0.05,0.95,ACCOUNT_00467
PERSON_0673,PERSON,ACCOUNT_00448,BANK_ACCOUNT,OWNED,2026-06-30 00:00:00,0.05,0.83,ACCOUNT_00448
PERSON_0842,PERSON,ACCOUNT_00396,BANK_ACCOUNT,OWNED,2026-06-30 00:00:00,0.05,0.93,ACCOUNT_00396
PERSON_1299,PERSON,ACCOUNT_00566,BANK_ACCOUNT,OWNED,2026-06-30 00:00:00,0.05,0.91,ACCOUNT_00566
PERSON_0864,PERSON,ACCOUNT_00429,BANK_ACCOUNT,OWNED,2026-06-30 00:00:00,0.05,0.98,ACCOUNT_00429
PERSON_0818,PERSON,ACCOUNT_00018,BANK_ACCOUNT,OWNED,2026-06-30 00:00:00,0.05,0.77,ACCOUNT_00018
PERSON_0463,PERSON,ACCOUNT_00135,BANK_ACCOUNT,OWNED,2026-06-30 00:00:00,0.05,0.87,ACCOUNT_00135
PERSON_0873,PERSON,ACCOUNT_00215,BANK_ACCOUNT,OWNED,2026-06-30 00:00:00,0.05,0.78,ACCOUNT_00215
PERSON_0569,PERSON,ACCOUNT_00575,BANK_ACCOUNT,OWNED,2026-06-30 00:00:00,0.05,0.89,ACCOUNT_00575
PERSON_0318,PERSON,ACCOUNT_00797,BANK_ACCOUNT,OWNED,2026-06-30 00:00:00,0.05,0.86,ACCOUNT_00797
PERSON_1250,PERSON,ACCOUNT_00164,BANK_ACCOUNT,OWNED,2026-06-30 00:00:00,0.05,0.98,ACCOUNT_00164
PERSON_0385,PERSON,ACCOUNT_00823,BANK_ACCOUNT,OWNED,2026-06-30 00:00:00,0.05,0.83,ACCOUNT_00823
PERSON_0916,PERSON,ACCOUNT_00451,BANK_ACCOUNT,OWNED,2026-06-30 00:00:00,0.05,0.99,ACCOUNT_00451
PERSON_0321,PERSON,ACCOUNT_00142,BANK_ACCOUNT,OWNED,2026-06-30 00:00:00,0.05,0.97,ACCOUNT_00142
PERSON_1343,PERSON,ACCOUNT_00089,BANK_ACCOUNT,OWNED,2026-06-30 00:00:00,0.05,0.91,ACCOUNT_00089
PERSON_0718,PERSON,ACCOUNT_00189,BANK_ACCOUNT,OWNED,2026-06-30 00:00:00,0.05,0.8,ACCOUNT_00189
PERSON_1468,PERSON,ACCOUNT_00037,BANK_ACCOUNT,OWNED,2026-06-30 00:00:00,0.05,0.78,ACCOUNT_00037
PERSON_0909,PERSON,ACCOUNT_00095,BANK_ACCOUNT,OWNED,2026-06-30 00:00:00,0.05,0.87,ACCOUNT_00095
PERSON_0028,PERSON,ACCOUNT_00291,BANK_ACCOUNT,OWNED,2026-06-30 00:00:00,0.05,0.8,ACCOUNT_00291
PERSON_0656,PERSON,ACCOUNT_00785,BANK_ACCOUNT,OWNED,2026-06-30 00:00:00,0.05,0.77,ACCOUNT_00785
PERSON_1050,PERSON,ACCOUNT_00882,BANK_ACCOUNT,OWNED,2026-06-30 00:00:00,0.05,0.93,ACCOUNT_00882
PERSON_0088,PERSON,ACCOUNT_00802,BANK_ACCOUNT,OWNED,2026-06-30 00:00:00,0.05,0.82,ACCOUNT_00802
PERSON_1016,PERSON,ACCOUNT_00696,BANK_ACCOUNT,OWNED,2026-06-30 00:00:00,0.05,0.8,ACCOUNT_00696
PERSON_0665,PERSON,ACCOUNT_00539,BANK_ACCOUNT,OWNED,2026-06-30 00:00:00,0.05,0.98,ACCOUNT_00539
PERSON_0562,PERSON,ACCOUNT_00718,BANK_ACCOUNT,OWNED,2026-06-30 00:00:00,0.05,0.79,ACCOUNT_00718
PERSON_0247,PERSON,ACCOUNT_00810,BANK_ACCOUNT,OWNED,2026-06-30 00:00:00,0.05,0.89,ACCOUNT_00810
PERSON_0739,PERSON,ACCOUNT_00663,BANK_ACCOUNT,OWNED,2026-06-30 00:00:00,0.05,0.89,ACCOUNT_00663
PERSON_0631,PERSON,ACCOUNT_00594,BANK_ACCOUNT,OWNED,2026-06-30 00:00:00,0.05,0.89,ACCOUNT_00594
PERSON_1110,PERSON,ACCOUNT_00521,BANK_ACCOUNT,OWNED,2026-06-30 00:00:00,0.05,0.94,ACCOUNT_00521
PERSON_0501,PERSON,ACCOUNT_00445,BANK_ACCOUNT,OWNED,2026-06-30 00:00:00,0.05,0.93,ACCOUNT_00445
PERSON_1419,PERSON,ACCOUNT_00371,BANK_ACCOUNT,OWNED,2026-06-30 00:00:00,0.05,0.81,ACCOUNT_00371
PERSON_1281,PERSON,ACCOUNT_00510,BANK_ACCOUNT,OWNED,2026-06-30 00:00:00,0.05,0.97,ACCOUNT_00510
PERSON_0671,PERSON,ACCOUNT_00048,BANK_ACCOUNT,OWNED,2026-06-30 00:00:00,0.05,0.83,ACCOUNT_00048
PERSON_1238,PERSON,ACCOUNT_00712,BANK_ACCOUNT,OWNED,2026-06-30 00:00:00,0.05,0.88,ACCOUNT_00712
PERSON_0216,PERSON,ACCOUNT_00864,BANK_ACCOUNT,OWNED,2026-06-30 00:00:00,0.05,0.92,ACCOUNT_00864
PERSON_1117,PERSON,ACCOUNT_00491,BANK_ACCOUNT,OWNED,2026-06-30 00:00:00,0.05,0.91,ACCOUNT_00491
PERSON_0317,PERSON,ACCOUNT_00680,BANK_ACCOUNT,OWNED,2026-06-30 00:00:00,0.05,0.78,ACCOUNT_00680
PERSON_0553,PERSON,ACCOUNT_00058,BANK_ACCOUNT,OWNED,2026-06-30 00:00:00,0.05,0.81,ACCOUNT_00058
PERSON_1396,PERSON,ACCOUNT_00372,BANK_ACCOUNT,OWNED,2026-06-30 00:00:00,0.05,0.92,ACCOUNT_00372
PERSON_0789,PERSON,ACCOUNT_00499,BANK_ACCOUNT,OWNED,2026-06-30 00:00:00,0.05,0.97,ACCOUNT_00499
PERSON_0871,PERSON,ACCOUNT_00543,BANK_ACCOUNT,OWNED,2026-06-30 00:00:00,0.05,0.9,ACCOUNT_00543
PERSON_1367,PERSON,ACCOUNT_00862,BANK_ACCOUNT,OWNED,2026-06-30 00:00:00,0.05,0.8,ACCOUNT_00862
PERSON_0985,PERSON,ACCOUNT_00141,BANK_ACCOUNT,OWNED,2026-06-30 00:00:00,0.05,0.93,ACCOUNT_00141
PERSON_0217,PERSON,ACCOUNT_00454,BANK_ACCOUNT,OWNED,2026-06-30 00:00:00,0.05,0.96,ACCOUNT_00454
PERSON_0875,PERSON,ACCOUNT_00439,BANK_ACCOUNT,OWNED,2026-06-30 00:00:00,0.05,0.88,ACCOUNT_00439
PERSON_0484,PERSON,ACCOUNT_00817,BANK_ACCOUNT,OWNED,2026-06-30 00:00:00,0.05,0.96,ACCOUNT_00817
PERSON_0697,PERSON,ACCOUNT_00870,BANK_ACCOUNT,OWNED,2026-06-30 00:00:00,0.05,0.83,ACCOUNT_00870
PERSON_0559,PERSON,ACCOUNT_00276,BANK_ACCOUNT,OWNED,2026-06-30 00:00:00,0.05,0.78,ACCOUNT_00276
PERSON_0972,PERSON,ACCOUNT_00638,BANK_ACCOUNT,OWNED,2026-06-30 00:00:00,0.05,0.92,ACCOUNT_00638
PERSON_0950,PERSON,ACCOUNT_00104,BANK_ACCOUNT,OWNED,2026-06-30 00:00:00,0.05,0.85,ACCOUNT_00104
PERSON_0524,PERSON,ACCOUNT_00775,BANK_ACCOUNT,OWNED,2026-06-30 00:00:00,0.05,0.9,ACCOUNT_00775
PERSON_0779,PERSON,ACCOUNT_00036,BANK_ACCOUNT,OWNED,2026-06-30 00:00:00,0.05,0.9,ACCOUNT_00036
PERSON_0732,PERSON,ACCOUNT_00537,BANK_ACCOUNT,OWNED,2026-06-30 00:00:00,0.05,0.92,ACCOUNT_00537
PERSON_0393,PERSON,ACCOUNT_00184,BANK_ACCOUNT,OWNED,2026-06-30 00:00:00,0.05,0.79,ACCOUNT_00184
PERSON_0978,PERSON,ACCOUNT_00868,BANK_ACCOUNT,OWNED,2026-06-30 00:00:00,0.05,0.93,ACCOUNT_00868
PERSON_1119,PERSON,ACCOUNT_00903,BANK_ACCOUNT,OWNED,2026-06-30 00:00:00,0.05,0.75,ACCOUNT_00903
PERSON_1424,PERSON,ACCOUNT_00774,BANK_ACCOUNT,OWNED,2026-06-30 00:00:00,0.05,0.93,ACCOUNT_00774
PERSON_0197,PERSON,ACCOUNT_00711,BANK_ACCOUNT,OWNED,2026-06-30 00:00:00,0.05,0.8,ACCOUNT_00711
PERSON_0124,PERSON,ACCOUNT_00559,BANK_ACCOUNT,OWNED,2026-06-30 00:00:00,0.05,0.85,ACCOUNT_00559
PERSON_1480,PERSON,ACCOUNT_00889,BANK_ACCOUNT,OWNED,2026-06-30 00:00:00,0.05,0.84,ACCOUNT_00889
PERSON_1490,PERSON,ACCOUNT_00611,BANK_ACCOUNT,OWNED,2026-06-30 00:00:00,0.05,0.8,ACCOUNT_00611
PERSON_0356,PERSON,ACCOUNT_00560,BANK_ACCOUNT,OWNED,2026-06-30 00:00:00,0.05,0.79,ACCOUNT_00560
PERSON_1146,PERSON,ACCOUNT_00270,BANK_ACCOUNT,OWNED,2026-06-30 00:00:00,0.05,0.89,ACCOUNT_00270
PERSON_1046,PERSON,ACCOUNT_00144,BANK_ACCOUNT,OWNED,2026-06-30 00:00:00,0.05,0.86,ACCOUNT_00144
PERSON_0714,PERSON,ACCOUNT_00508,BANK_ACCOUNT,OWNED,2026-06-30 00:00:00,0.05,0.79,ACCOUNT_00508
PERSON_1060,PERSON,ACCOUNT_00128,BANK_ACCOUNT,OWNED,2026-06-30 00:00:00,0.05,0.93,ACCOUNT_00128
PERSON_1433,PERSON,ACCOUNT_00072,BANK_ACCOUNT,OWNED,2026-06-30 00:00:00,0.05,0.86,ACCOUNT_00072
PERSON_0622,PERSON,ACCOUNT_00679,BANK_ACCOUNT,OWNED,2026-06-30 00:00:00,0.05,0.95,ACCOUNT_00679
PERSON_0114,PERSON,ACCOUNT_00352,BANK_ACCOUNT,OWNED,2026-06-30 00:00:00,0.05,0.82,ACCOUNT_00352
PERSON_1133,PERSON,ACCOUNT_00187,BANK_ACCOUNT,OWNED,2026-06-30 00:00:00,0.05,0.94,ACCOUNT_00187
PERSON_0684,PERSON,ACCOUNT_00597,BANK_ACCOUNT,OWNED,2026-06-30 00:00:00,0.05,0.86,ACCOUNT_00597
PERSON_1384,PERSON,ACCOUNT_00644,BANK_ACCOUNT,OWNED,2026-06-30 00:00:00,0.05,0.9,ACCOUNT_00644
PERSON_1181,PERSON,ACCOUNT_00859,BANK_ACCOUNT,OWNED,2026-06-30 00:00:00,0.05,0.89,ACCOUNT_00859
PERSON_0889,PERSON,ACCOUNT_00271,BANK_ACCOUNT,OWNED,2026-06-30 00:00:00,0.05,0.81,ACCOUNT_00271
PERSON_1293,PERSON,ACCOUNT_00853,BANK_ACCOUNT,OWNED,2026-06-30 00:00:00,0.05,0.76,ACCOUNT_00853
PERSON_0591,PERSON,ACCOUNT_00110,BANK_ACCOUNT,OWNED,2026-06-30 00:00:00,0.05,0.81,ACCOUNT_00110
PERSON_1163,PERSON,ACCOUNT_00519,BANK_ACCOUNT,OWNED,2026-06-30 00:00:00,0.05,0.85,ACCOUNT_00519
PERSON_0881,PERSON,ACCOUNT_00387,BANK_ACCOUNT,OWNED,2026-06-30 00:00:00,0.05,0.93,ACCOUNT_00387
PERSON_0831,PERSON,ACCOUNT_00069,BANK_ACCOUNT,OWNED,2026-06-30 00:00:00,0.05,0.81,ACCOUNT_00069
PERSON_0862,PERSON,ACCOUNT_00676,BANK_ACCOUNT,OWNED,2026-06-30 00:00:00,0.05,0.8,ACCOUNT_00676
PERSON_0098,PERSON,ACCOUNT_00563,BANK_ACCOUNT,OWNED,2026-06-30 00:00:00,0.05,0.92,ACCOUNT_00563
PERSON_1071,PERSON,ACCOUNT_00358,BANK_ACCOUNT,OWNED,2026-06-30 00:00:00,0.05,0.77,ACCOUNT_00358
PERSON_0069,PERSON,ACCOUNT_00461,BANK_ACCOUNT,OWNED,2026-06-30 00:00:00,0.05,0.84,ACCOUNT_00461
PERSON_0392,PERSON,ACCOUNT_00039,BANK_ACCOUNT,OWNED,2026-06-30 00:00:00,0.05,0.9,ACCOUNT_00039
PERSON_0031,PERSON,ACCOUNT_00866,BANK_ACCOUNT,OWNED,2026-06-30 00:00:00,0.05,0.86,ACCOUNT_00866
PERSON_0801,PERSON,ACCOUNT_00399,BANK_ACCOUNT,OWNED,2026-06-30 00:00:00,0.05,0.79,ACCOUNT_00399
PERSON_0511,PERSON,ACCOUNT_00432,BANK_ACCOUNT,OWNED,2026-06-30 00:00:00,0.05,0.82,ACCOUNT_00432
PERSON_1169,PERSON,ACCOUNT_00850,BANK_ACCOUNT,OWNED,2026-06-30 00:00:00,0.05,0.9,ACCOUNT_00850
PERSON_0604,PERSON,ACCOUNT_00477,BANK_ACCOUNT,OWNED,2026-06-30 00:00:00,0.05,0.99,ACCOUNT_00477
PERSON_0766,PERSON,ACCOUNT_00062,BANK_ACCOUNT,OWNED,2026-06-30 00:00:00,0.05,0.91,ACCOUNT_00062
PERSON_1339,PERSON,ACCOUNT_00603,BANK_ACCOUNT,OWNED,2026-06-30 00:00:00,0.05,0.81,ACCOUNT_00603
PERSON_0432,PERSON,ACCOUNT_00309,BANK_ACCOUNT,OWNED,2026-06-30 00:00:00,0.05,0.79,ACCOUNT_00309
PERSON_0563,PERSON,ACCOUNT_00251,BANK_ACCOUNT,OWNED,2026-06-30 00:00:00,0.05,0.76,ACCOUNT_00251
PERSON_0610,PERSON,ACCOUNT_00645,BANK_ACCOUNT,OWNED,2026-06-30 00:00:00,0.05,0.76,ACCOUNT_00645
PERSON_0307,PERSON,ACCOUNT_00672,BANK_ACCOUNT,OWNED,2026-06-30 00:00:00,0.05,0.83,ACCOUNT_00672
PERSON_1452,PERSON,ACCOUNT_00405,BANK_ACCOUNT,OWNED,2026-06-30 00:00:00,0.05,0.97,ACCOUNT_00405
PERSON_1429,PERSON,ACCOUNT_00787,BANK_ACCOUNT,OWNED,2026-06-30 00:00:00,0.05,0.91,ACCOUNT_00787
PERSON_1105,PERSON,ACCOUNT_00799,BANK_ACCOUNT,OWNED,2026-06-30 00:00:00,0.05,0.9,ACCOUNT_00799
PERSON_0284,PERSON,ACCOUNT_00476,BANK_ACCOUNT,OWNED,2026-06-30 00:00:00,0.05,0.85,ACCOUNT_00476
PERSON_0595,PERSON,ACCOUNT_00770,BANK_ACCOUNT,OWNED,2026-06-30 00:00:00,0.05,0.82,ACCOUNT_00770
PERSON_1171,PERSON,ACCOUNT_00020,BANK_ACCOUNT,OWNED,2026-06-30 00:00:00,0.05,0.77,ACCOUNT_00020
PERSON_0489,PERSON,ACCOUNT_00346,BANK_ACCOUNT,OWNED,2026-06-30 00:00:00,0.05,0.9,ACCOUNT_00346
PERSON_0030,PERSON,ACCOUNT_00160,BANK_ACCOUNT,OWNED,2026-06-30 00:00:00,0.05,0.93,ACCOUNT_00160
PERSON_1365,PERSON,ACCOUNT_00877,BANK_ACCOUNT,OWNED,2026-06-30 00:00:00,0.05,0.91,ACCOUNT_00877
PERSON_0973,PERSON,ACCOUNT_00852,BANK_ACCOUNT,OWNED,2026-06-30 00:00:00,0.05,0.8,ACCOUNT_00852
PERSON_0383,PERSON,ACCOUNT_00654,BANK_ACCOUNT,OWNED,2026-06-30 00:00:00,0.05,0.83,ACCOUNT_00654
PERSON_0708,PERSON,ACCOUNT_00713,BANK_ACCOUNT,OWNED,2026-06-30 00:00:00,0.05,0.97,ACCOUNT_00713
PERSON_0474,PERSON,ACCOUNT_00333,BANK_ACCOUNT,OWNED,2026-06-30 00:00:00,0.05,0.96,ACCOUNT_00333
PERSON_0596,PERSON,ACCOUNT_00206,BANK_ACCOUNT,OWNED,2026-06-30 00:00:00,0.05,0.8,ACCOUNT_00206
PERSON_0548,PERSON,ACCOUNT_00181,BANK_ACCOUNT,OWNED,2026-06-30 00:00:00,0.05,0.83,ACCOUNT_00181
PERSON_1313,PERSON,ACCOUNT_00630,BANK_ACCOUNT,OWNED,2026-06-30 00:00:00,0.05,0.77,ACCOUNT_00630
PERSON_0147,PERSON,ACCOUNT_00010,BANK_ACCOUNT,OWNED,2026-06-30 00:00:00,0.05,0.98,ACCOUNT_00010
PERSON_0913,PERSON,ACCOUNT_00580,BANK_ACCOUNT,OWNED,2026-06-30 00:00:00,0.05,0.98,ACCOUNT_00580
PERSON_1034,PERSON,ACCOUNT_00538,BANK_ACCOUNT,OWNED,2026-06-30 00:00:00,0.05,0.96,ACCOUNT_00538
PERSON_0329,PERSON,ACCOUNT_00375,BANK_ACCOUNT,OWNED,2026-06-30 00:00:00,0.05,0.85,ACCOUNT_00375
PERSON_0678,PERSON,ACCOUNT_00670,BANK_ACCOUNT,OWNED,2026-06-30 00:00:00,0.05,0.91,ACCOUNT_00670
PERSON_1297,PERSON,ACCOUNT_00250,BANK_ACCOUNT,OWNED,2026-06-30 00:00:00,0.05,0.91,ACCOUNT_00250
PERSON_0565,PERSON,ACCOUNT_00503,BANK_ACCOUNT,OWNED,2026-06-30 00:00:00,0.05,0.84,ACCOUNT_00503
PERSON_0572,PERSON,ACCOUNT_00542,BANK_ACCOUNT,OWNED,2026-06-30 00:00:00,0.05,0.92,ACCOUNT_00542
PERSON_0735,PERSON,ACCOUNT_00512,BANK_ACCOUNT,OWNED,2026-06-30 00:00:00,0.05,0.97,ACCOUNT_00512
PERSON_0129,PERSON,ACCOUNT_00395,BANK_ACCOUNT,OWNED,2026-06-30 00:00:00,0.05,0.91,ACCOUNT_00395
PERSON_0133,PERSON,ACCOUNT_00505,BANK_ACCOUNT,OWNED,2026-06-30 00:00:00,0.05,0.75,ACCOUNT_00505
PERSON_0700,PERSON,ACCOUNT_00424,BANK_ACCOUNT,OWNED,2026-06-30 00:00:00,0.05,0.84,ACCOUNT_00424
PERSON_1074,PERSON,ACCOUNT_00507,BANK_ACCOUNT,OWNED,2026-06-30 00:00:00,0.05,0.76,ACCOUNT_00507
PERSON_0475,PERSON,ACCOUNT_00486,BANK_ACCOUNT,OWNED,2026-06-30 00:00:00,0.05,0.79,ACCOUNT_00486
PERSON_0926,PERSON,ACCOUNT_00197,BANK_ACCOUNT,OWNED,2026-06-30 00:00:00,0.05,0.86,ACCOUNT_00197
PERSON_1383,PERSON,ACCOUNT_00809,BANK_ACCOUNT,OWNED,2026-06-30 00:00:00,0.05,0.87,ACCOUNT_00809
PERSON_0253,PERSON,ACCOUNT_00245,BANK_ACCOUNT,OWNED,2026-06-30 00:00:00,0.05,0.92,ACCOUNT_00245
PERSON_1465,PERSON,ACCOUNT_00625,BANK_ACCOUNT,OWNED,2026-06-30 00:00:00,0.05,0.98,ACCOUNT_00625
PERSON_0327,PERSON,ACCOUNT_00427,BANK_ACCOUNT,OWNED,2026-06-30 00:00:00,0.05,0.97,ACCOUNT_00427
PERSON_1295,PERSON,ACCOUNT_00607,BANK_ACCOUNT,OWNED,2026-06-30 00:00:00,0.05,0.78,ACCOUNT_00607
PERSON_0598,PERSON,ACCOUNT_00221,BANK_ACCOUNT,OWNED,2026-06-30 00:00:00,0.05,0.91,ACCOUNT_00221
PERSON_0478,PERSON,ACCOUNT_00716,BANK_ACCOUNT,OWNED,2026-06-30 00:00:00,0.05,0.88,ACCOUNT_00716
PERSON_0013,PERSON,ACCOUNT_00573,BANK_ACCOUNT,OWNED,2026-06-30 00:00:00,0.05,0.95,ACCOUNT_00573
PERSON_1051,PERSON,ACCOUNT_00209,BANK_ACCOUNT,OWNED,2026-06-30 00:00:00,0.05,0.95,ACCOUNT_00209
PERSON_1331,PERSON,ACCOUNT_00596,BANK_ACCOUNT,OWNED,2026-06-30 00:00:00,0.05,0.95,ACCOUNT_00596
PERSON_0974,PERSON,ACCOUNT_00121,BANK_ACCOUNT,OWNED,2026-06-30 00:00:00,0.05,0.91,ACCOUNT_00121
PERSON_0557,PERSON,ACCOUNT_00550,BANK_ACCOUNT,OWNED,2026-06-30 00:00:00,0.05,0.8,ACCOUNT_00550
PERSON_0720,PERSON,ACCOUNT_00091,BANK_ACCOUNT,OWNED,2026-06-30 00:00:00,0.05,0.8,ACCOUNT_00091
PERSON_1280,PERSON,ACCOUNT_00678,BANK_ACCOUNT,OWNED,2026-06-30 00:00:00,0.05,0.76,ACCOUNT_00678
PERSON_0174,PERSON,ACCOUNT_00758,BANK_ACCOUNT,OWNED,2026-06-30 00:00:00,0.05,0.79,ACCOUNT_00758
PERSON_1262,PERSON,ACCOUNT_00440,BANK_ACCOUNT,OWNED,2026-06-30 00:00:00,0.05,0.78,ACCOUNT_00440
PERSON_0502,PERSON,ACCOUNT_00569,BANK_ACCOUNT,OWNED,2026-06-30 00:00:00,0.05,0.9,ACCOUNT_00569
PERSON_0218,PERSON,ACCOUNT_00756,BANK_ACCOUNT,OWNED,2026-06-30 00:00:00,0.05,0.77,ACCOUNT_00756
PERSON_0468,PERSON,ACCOUNT_00390,BANK_ACCOUNT,OWNED,2026-06-30 00:00:00,0.05,0.8,ACCOUNT_00390
PERSON_0153,PERSON,ACCOUNT_00457,BANK_ACCOUNT,OWNED,2026-06-30 00:00:00,0.05,0.93,ACCOUNT_00457
PERSON_0049,PERSON,ACCOUNT_00551,BANK_ACCOUNT,OWNED,2026-06-30 00:00:00,0.05,0.88,ACCOUNT_00551
PERSON_0446,PERSON,ACCOUNT_00392,BANK_ACCOUNT,OWNED,2026-06-30 00:00:00,0.05,0.84,ACCOUNT_00392
PERSON_1333,PERSON,ACCOUNT_00892,BANK_ACCOUNT,OWNED,2026-06-30 00:00:00,0.05,0.91,ACCOUNT_00892
PERSON_1372,PERSON,ACCOUNT_00757,BANK_ACCOUNT,OWNED,2026-06-30 00:00:00,0.05,0.79,ACCOUNT_00757
PERSON_1165,PERSON,ACCOUNT_00724,BANK_ACCOUNT,OWNED,2026-06-30 00:00:00,0.05,0.98,ACCOUNT_00724
PERSON_0242,PERSON,ACCOUNT_00211,BANK_ACCOUNT,OWNED,2026-06-30 00:00:00,0.05,0.76,ACCOUNT_00211
PERSON_1202,PERSON,ACCOUNT_00350,BANK_ACCOUNT,OWNED,2026-06-30 00:00:00,0.05,0.98,ACCOUNT_00350
PERSON_0352,PERSON,ACCOUNT_00237,BANK_ACCOUNT,OWNED,2026-06-30 00:00:00,0.05,0.93,ACCOUNT_00237
PERSON_0465,PERSON,ACCOUNT_00337,BANK_ACCOUNT,OWNED,2026-06-30 00:00:00,0.05,0.95,ACCOUNT_00337
PERSON_0139,PERSON,ACCOUNT_00768,BANK_ACCOUNT,OWNED,2026-06-30 00:00:00,0.05,0.78,ACCOUNT_00768
PERSON_0619,PERSON,ACCOUNT_00783,BANK_ACCOUNT,OWNED,2026-06-30 00:00:00,0.05,0.97,ACCOUNT_00783
PERSON_1084,PERSON,ACCOUNT_00465,BANK_ACCOUNT,OWNED,2026-06-30 00:00:00,0.05,0.86,ACCOUNT_00465
PERSON_1483,PERSON,ACCOUNT_00001,BANK_ACCOUNT,OWNED,2026-06-30 00:00:00,0.05,0.96,ACCOUNT_00001
PERSON_1157,PERSON,ACCOUNT_00610,BANK_ACCOUNT,OWNED,2026-06-30 00:00:00,0.05,0.87,ACCOUNT_00610
PERSON_0659,PERSON,ACCOUNT_00682,BANK_ACCOUNT,OWNED,2026-06-30 00:00:00,0.05,0.89,ACCOUNT_00682
PERSON_1127,PERSON,ACCOUNT_00813,BANK_ACCOUNT,OWNED,2026-06-30 00:00:00,0.05,0.78,ACCOUNT_00813
PERSON_1438,PERSON,ACCOUNT_00103,BANK_ACCOUNT,OWNED,2026-06-30 00:00:00,0.05,0.88,ACCOUNT_00103
PERSON_1335,PERSON,ACCOUNT_00888,BANK_ACCOUNT,OWNED,2026-06-30 00:00:00,0.05,0.92,ACCOUNT_00888
PERSON_1064,PERSON,ACCOUNT_00231,BANK_ACCOUNT,OWNED,2026-06-30 00:00:00,0.05,0.83,ACCOUNT_00231
PERSON_0597,PERSON,ACCOUNT_00832,BANK_ACCOUNT,OWNED,2026-06-30 00:00:00,0.05,0.89,ACCOUNT_00832
PERSON_0964,PERSON,ACCOUNT_00419,BANK_ACCOUNT,OWNED,2026-06-30 00:00:00,0.05,0.94,ACCOUNT_00419
PERSON_1029,PERSON,ACCOUNT_00434,BANK_ACCOUNT,OWNED,2026-06-30 00:00:00,0.05,0.88,ACCOUNT_00434
PERSON_0232,PERSON,ACCOUNT_00653,BANK_ACCOUNT,OWNED,2026-06-30 00:00:00,0.05,0.75,ACCOUNT_00653
PERSON_0753,PERSON,ACCOUNT_00874,BANK_ACCOUNT,OWNED,2026-06-30 00:00:00,0.05,0.9,ACCOUNT_00874
PERSON_0111,PERSON,ACCOUNT_00326,BANK_ACCOUNT,OWNED,2026-06-30 00:00:00,0.05,0.85,ACCOUNT_00326
PERSON_0456,PERSON,ACCOUNT_00829,BANK_ACCOUNT,OWNED,2026-06-30 00:00:00,0.05,0.86,ACCOUNT_00829
PERSON_0961,PERSON,ACCOUNT_00612,BANK_ACCOUNT,OWNED,2026-06-30 00:00:00,0.05,0.99,ACCOUNT_00612
PERSON_1227,PERSON,ACCOUNT_00410,BANK_ACCOUNT,OWNED,2026-06-30 00:00:00,0.05,0.77,ACCOUNT_00410
PERSON_1500,PERSON,ACCOUNT_00441,BANK_ACCOUNT,OWNED,2026-06-30 00:00:00,0.05,0.86,ACCOUNT_00441
PERSON_0302,PERSON,ACCOUNT_00151,BANK_ACCOUNT,OWNED,2026-06-30 00:00:00,0.05,0.77,ACCOUNT_00151
PERSON_1477,PERSON,ACCOUNT_00904,BANK_ACCOUNT,OWNED,2026-06-30 00:00:00,0.05,0.86,ACCOUNT_00904
PERSON_1114,PERSON,ACCOUNT_00311,BANK_ACCOUNT,OWNED,2026-06-30 00:00:00,0.05,0.95,ACCOUNT_00311
PERSON_0579,PERSON,ACCOUNT_00778,BANK_ACCOUNT,OWNED,2026-06-30 00:00:00,0.05,0.82,ACCOUNT_00778
PERSON_1436,PERSON,ACCOUNT_00449,BANK_ACCOUNT,OWNED,2026-06-30 00:00:00,0.05,0.92,ACCOUNT_00449
PERSON_0376,PERSON,ACCOUNT_00131,BANK_ACCOUNT,OWNED,2026-06-30 00:00:00,0.05,0.9,ACCOUNT_00131
PERSON_0518,PERSON,ACCOUNT_00567,BANK_ACCOUNT,OWNED,2026-06-30 00:00:00,0.05,0.83,ACCOUNT_00567
PERSON_0861,PERSON,ACCOUNT_00568,BANK_ACCOUNT,OWNED,2026-06-30 00:00:00,0.05,0.81,ACCOUNT_00568
PERSON_0238,PERSON,ACCOUNT_00556,BANK_ACCOUNT,OWNED,2026-06-30 00:00:00,0.05,0.8,ACCOUNT_00556
PERSON_1428,PERSON,ACCOUNT_00124,BANK_ACCOUNT,OWNED,2026-06-30 00:00:00,0.05,0.84,ACCOUNT_00124
PERSON_0442,PERSON,ACCOUNT_00895,BANK_ACCOUNT,OWNED,2026-06-30 00:00:00,0.05,0.85,ACCOUNT_00895
PERSON_0649,PERSON,ACCOUNT_00238,BANK_ACCOUNT,OWNED,2026-06-30 00:00:00,0.05,0.85,ACCOUNT_00238
PERSON_0458,PERSON,ACCOUNT_00640,BANK_ACCOUNT,OWNED,2026-06-30 00:00:00,0.05,0.98,ACCOUNT_00640
PERSON_0397,PERSON,ACCOUNT_00143,BANK_ACCOUNT,OWNED,2026-06-30 00:00:00,0.05,0.93,ACCOUNT_00143
PERSON_1083,PERSON,ACCOUNT_00349,BANK_ACCOUNT,OWNED,2026-06-30 00:00:00,0.05,0.95,ACCOUNT_00349
PERSON_1378,PERSON,ACCOUNT_00759,BANK_ACCOUNT,OWNED,2026-06-30 00:00:00,0.05,0.82,ACCOUNT_00759
PERSON_0934,PERSON,ACCOUNT_00901,BANK_ACCOUNT,OWNED,2026-06-30 00:00:00,0.05,0.97,ACCOUNT_00901
PERSON_1090,PERSON,ACCOUNT_00515,BANK_ACCOUNT,OWNED,2026-06-30 00:00:00,0.05,0.97,ACCOUNT_00515
PERSON_0571,PERSON,ACCOUNT_00690,BANK_ACCOUNT,OWNED,2026-06-30 00:00:00,0.05,0.77,ACCOUNT_00690
PERSON_0554,PERSON,ACCOUNT_00064,BANK_ACCOUNT,OWNED,2026-06-30 00:00:00,0.05,0.77,ACCOUNT_00064
PERSON_0205,PERSON,ACCOUNT_00314,BANK_ACCOUNT,OWNED,2026-06-30 00:00:00,0.05,0.81,ACCOUNT_00314
PERSON_0337,PERSON,ACCOUNT_00589,BANK_ACCOUNT,OWNED,2026-06-30 00:00:00,0.05,0.84,ACCOUNT_00589
PERSON_1267,PERSON,ACCOUNT_00591,BANK_ACCOUNT,OWNED,2026-06-30 00:00:00,0.05,0.82,ACCOUNT_00591
PERSON_0788,PERSON,ACCOUNT_00065,BANK_ACCOUNT,OWNED,2026-06-30 00:00:00,0.05,0.81,ACCOUNT_00065
PERSON_0938,PERSON,ACCOUNT_00013,BANK_ACCOUNT,OWNED,2026-06-30 00:00:00,0.05,0.82,ACCOUNT_00013
PERSON_1026,PERSON,ACCOUNT_00391,BANK_ACCOUNT,OWNED,2026-06-30 00:00:00,0.05,0.81,ACCOUNT_00391
PERSON_1128,PERSON,ACCOUNT_00257,BANK_ACCOUNT,OWNED,2026-06-30 00:00:00,0.05,0.75,ACCOUNT_00257
PERSON_1261,PERSON,ACCOUNT_00402,BANK_ACCOUNT,OWNED,2026-06-30 00:00:00,0.05,0.97,ACCOUNT_00402
PERSON_0405,PERSON,ACCOUNT_00050,BANK_ACCOUNT,OWNED,2026-06-30 00:00:00,0.05,0.87,ACCOUNT_00050
PERSON_1401,PERSON,ACCOUNT_00535,BANK_ACCOUNT,OWNED,2026-06-30 00:00:00,0.05,0.89,ACCOUNT_00535
PERSON_1282,PERSON,ACCOUNT_00122,BANK_ACCOUNT,OWNED,2026-06-30 00:00:00,0.05,0.78,ACCOUNT_00122
PERSON_1065,PERSON,ACCOUNT_00842,BANK_ACCOUNT,OWNED,2026-06-30 00:00:00,0.05,0.79,ACCOUNT_00842
PERSON_0719,PERSON,ACCOUNT_00516,BANK_ACCOUNT,OWNED,2026-06-30 00:00:00,0.05,0.92,ACCOUNT_00516
PERSON_0169,PERSON,ACCOUNT_00660,BANK_ACCOUNT,OWNED,2026-06-30 00:00:00,0.05,0.79,ACCOUNT_00660
PERSON_1264,PERSON,ACCOUNT_00203,BANK_ACCOUNT,OWNED,2026-06-30 00:00:00,0.05,0.78,ACCOUNT_00203
PERSON_0400,PERSON,ACCOUNT_00628,BANK_ACCOUNT,OWNED,2026-06-30 00:00:00,0.05,0.92,ACCOUNT_00628
PERSON_0636,PERSON,ACCOUNT_00732,BANK_ACCOUNT,OWNED,2026-06-30 00:00:00,0.05,0.81,ACCOUNT_00732
PERSON_1184,PERSON,ACCOUNT_00292,BANK_ACCOUNT,OWNED,2026-06-30 00:00:00,0.05,0.87,ACCOUNT_00292
PERSON_0065,PERSON,ACCOUNT_00094,BANK_ACCOUNT,OWNED,2026-06-30 00:00:00,0.05,0.9,ACCOUNT_00094
PERSON_0759,PERSON,ACCOUNT_00506,BANK_ACCOUNT,OWNED,2026-06-30 00:00:00,0.05,0.95,ACCOUNT_00506
PERSON_0621,PERSON,ACCOUNT_00495,BANK_ACCOUNT,OWNED,2026-06-30 00:00:00,0.05,0.82,ACCOUNT_00495
PERSON_1022,PERSON,ACCOUNT_00186,BANK_ACCOUNT,OWNED,2026-06-30 00:00:00,0.05,0.91,ACCOUNT_00186
PERSON_0936,PERSON,ACCOUNT_00428,BANK_ACCOUNT,OWNED,2026-06-30 00:00:00,0.05,0.78,ACCOUNT_00428
PERSON_0083,PERSON,ACCOUNT_00137,BANK_ACCOUNT,OWNED,2026-06-30 00:00:00,0.05,0.97,ACCOUNT_00137
PERSON_0466,PERSON,ACCOUNT_00283,BANK_ACCOUNT,OWNED,2026-06-30 00:00:00,0.05,0.92,ACCOUNT_00283
PERSON_1221,PERSON,ACCOUNT_00179,BANK_ACCOUNT,OWNED,2026-06-30 00:00:00,0.05,0.78,ACCOUNT_00179
PERSON_1469,PERSON,ACCOUNT_00175,BANK_ACCOUNT,OWNED,2026-06-30 00:00:00,0.05,0.77,ACCOUNT_00175
PERSON_0526,PERSON,ACCOUNT_00389,BANK_ACCOUNT,OWNED,2026-06-30 00:00:00,0.05,0.9,ACCOUNT_00389
PERSON_0161,PERSON,ACCOUNT_00621,BANK_ACCOUNT,OWNED,2026-06-30 00:00:00,0.05,0.89,ACCOUNT_00621
PERSON_1231,PERSON,ACCOUNT_00602,BANK_ACCOUNT,OWNED,2026-06-30 00:00:00,0.05,0.83,ACCOUNT_00602
PERSON_0729,PERSON,ACCOUNT_00755,BANK_ACCOUNT,OWNED,2026-06-30 00:00:00,0.05,0.87,ACCOUNT_00755
PERSON_0603,PERSON,ACCOUNT_00274,BANK_ACCOUNT,OWNED,2026-06-30 00:00:00,0.05,0.83,ACCOUNT_00274
PERSON_0882,PERSON,ACCOUNT_00577,BANK_ACCOUNT,OWNED,2026-06-30 00:00:00,0.05,0.95,ACCOUNT_00577
PERSON_1077,PERSON,ACCOUNT_00235,BANK_ACCOUNT,OWNED,2026-06-30 00:00:00,0.05,0.84,ACCOUNT_00235
PERSON_1243,PERSON,ACCOUNT_00246,BANK_ACCOUNT,OWNED,2026-06-30 00:00:00,0.05,0.97,ACCOUNT_00246
PERSON_0747,PERSON,ACCOUNT_00825,BANK_ACCOUNT,OWNED,2026-06-30 00:00:00,0.05,0.83,ACCOUNT_00825
PERSON_0573,PERSON,ACCOUNT_00627,BANK_ACCOUNT,OWNED,2026-06-30 00:00:00,0.05,0.84,ACCOUNT_00627
PERSON_1209,PERSON,ACCOUNT_00741,BANK_ACCOUNT,OWNED,2026-06-30 00:00:00,0.05,0.91,ACCOUNT_00741
PERSON_0453,PERSON,ACCOUNT_00548,BANK_ACCOUNT,OWNED,2026-06-30 00:00:00,0.05,0.8,ACCOUNT_00548
PERSON_0408,PERSON,ACCOUNT_00381,BANK_ACCOUNT,OWNED,2026-06-30 00:00:00,0.05,0.85,ACCOUNT_00381
PERSON_0042,PERSON,ACCOUNT_00565,BANK_ACCOUNT,OWNED,2026-06-30 00:00:00,0.05,0.85,ACCOUNT_00565
PERSON_0073,PERSON,ACCOUNT_00656,BANK_ACCOUNT,OWNED,2026-06-30 00:00:00,0.05,0.9,ACCOUNT_00656
PERSON_1024,PERSON,ACCOUNT_00422,BANK_ACCOUNT,OWNED,2026-06-30 00:00:00,0.05,0.75,ACCOUNT_00422
PERSON_0061,PERSON,ACCOUNT_00219,BANK_ACCOUNT,OWNED,2026-06-30 00:00:00,0.05,0.99,ACCOUNT_00219
PERSON_1345,PERSON,ACCOUNT_00400,BANK_ACCOUNT,OWNED,2026-06-30 00:00:00,0.05,0.8,ACCOUNT_00400
PERSON_0316,PERSON,ACCOUNT_00819,BANK_ACCOUNT,OWNED,2026-06-30 00:00:00,0.05,0.91,ACCOUNT_00819
PERSON_1129,PERSON,ACCOUNT_00662,BANK_ACCOUNT,OWNED,2026-06-30 00:00:00,0.05,0.84,ACCOUNT_00662
PERSON_1189,PERSON,ACCOUNT_00632,BANK_ACCOUNT,OWNED,2026-06-30 00:00:00,0.05,0.96,ACCOUNT_00632
PERSON_0100,PERSON,ACCOUNT_00335,BANK_ACCOUNT,OWNED,2026-06-30 00:00:00,0.05,0.87,ACCOUNT_00335
PERSON_0059,PERSON,ACCOUNT_00234,BANK_ACCOUNT,OWNED,2026-06-30 00:00:00,0.05,0.8,ACCOUNT_00234
PERSON_0857,PERSON,ACCOUNT_00166,BANK_ACCOUNT,OWNED,2026-06-30 00:00:00,0.05,0.81,ACCOUNT_00166
PERSON_0233,PERSON,ACCOUNT_00590,BANK_ACCOUNT,OWNED,2026-06-30 00:00:00,0.05,0.81,ACCOUNT_00590
PERSON_0811,PERSON,ACCOUNT_00786,BANK_ACCOUNT,OWNED,2026-06-30 00:00:00,0.05,0.92,ACCOUNT_00786
PERSON_1459,PERSON,ACCOUNT_00146,BANK_ACCOUNT,OWNED,2026-06-30 00:00:00,0.05,0.94,ACCOUNT_00146
PERSON_0929,PERSON,ACCOUNT_00393,BANK_ACCOUNT,OWNED,2026-06-30 00:00:00,0.05,0.96,ACCOUNT_00393
PERSON_1415,PERSON,ACCOUNT_00243,BANK_ACCOUNT,OWNED,2026-06-30 00:00:00,0.05,0.93,ACCOUNT_00243
PERSON_0701,PERSON,ACCOUNT_00673,BANK_ACCOUNT,OWNED,2026-06-30 00:00:00,0.05,0.93,ACCOUNT_00673
PERSON_0523,PERSON,ACCOUNT_00751,BANK_ACCOUNT,OWNED,2026-06-30 00:00:00,0.05,0.92,ACCOUNT_00751
PERSON_0863,PERSON,ACCOUNT_00247,BANK_ACCOUNT,OWNED,2026-06-30 00:00:00,0.05,0.77,ACCOUNT_00247
PERSON_1434,PERSON,ACCOUNT_00463,BANK_ACCOUNT,OWNED,2026-06-30 00:00:00,0.05,0.97,ACCOUNT_00463
PERSON_0870,PERSON,ACCOUNT_00530,BANK_ACCOUNT,OWNED,2026-06-30 00:00:00,0.05,0.85,ACCOUNT_00530
PERSON_1052,PERSON,ACCOUNT_00217,BANK_ACCOUNT,OWNED,2026-06-30 00:00:00,0.05,0.78,ACCOUNT_00217
PERSON_0340,PERSON,ACCOUNT_00528,BANK_ACCOUNT,OWNED,2026-06-30 00:00:00,0.05,0.92,ACCOUNT_00528
PERSON_0532,PERSON,ACCOUNT_00370,BANK_ACCOUNT,OWNED,2026-06-30 00:00:00,0.05,0.8,ACCOUNT_00370
PERSON_1353,PERSON,ACCOUNT_00004,BANK_ACCOUNT,OWNED,2026-06-30 00:00:00,0.05,0.93,ACCOUNT_00004
PERSON_1175,PERSON,ACCOUNT_00643,BANK_ACCOUNT,OWNED,2026-06-30 00:00:00,0.05,0.83,ACCOUNT_00643
PERSON_0782,PERSON,ACCOUNT_00780,BANK_ACCOUNT,OWNED,2026-06-30 00:00:00,0.05,0.99,ACCOUNT_00780
PERSON_1170,PERSON,ACCOUNT_00043,BANK_ACCOUNT,OWNED,2026-06-30 00:00:00,0.05,0.89,ACCOUNT_00043
PERSON_0987,PERSON,ACCOUNT_00730,BANK_ACCOUNT,OWNED,2026-06-30 00:00:00,0.05,0.97,ACCOUNT_00730
PERSON_1273,PERSON,ACCOUNT_00478,BANK_ACCOUNT,OWNED,2026-06-30 00:00:00,0.05,0.83,ACCOUNT_00478
PERSON_0336,PERSON,ACCOUNT_00752,BANK_ACCOUNT,OWNED,2026-06-30 00:00:00,0.05,0.85,ACCOUNT_00752
PERSON_0395,PERSON,ACCOUNT_00558,BANK_ACCOUNT,OWNED,2026-06-30 00:00:00,0.05,0.91,ACCOUNT_00558
PERSON_0201,PERSON,ACCOUNT_00218,BANK_ACCOUNT,OWNED,2026-06-30 00:00:00,0.05,0.77,ACCOUNT_00218
PERSON_1059,PERSON,ACCOUNT_00570,BANK_ACCOUNT,OWNED,2026-06-30 00:00:00,0.05,0.82,ACCOUNT_00570
PERSON_1364,PERSON,ACCOUNT_00740,BANK_ACCOUNT,OWNED,2026-06-30 00:00:00,0.05,0.9,ACCOUNT_00740
PERSON_0419,PERSON,ACCOUNT_00727,BANK_ACCOUNT,OWNED,2026-06-30 00:00:00,0.05,0.86,ACCOUNT_00727
PERSON_0005,PERSON,ACCOUNT_00336,BANK_ACCOUNT,OWNED,2026-06-30 00:00:00,0.05,0.93,ACCOUNT_00336
PERSON_0727,PERSON,ACCOUNT_00173,BANK_ACCOUNT,OWNED,2026-06-30 00:00:00,0.05,0.91,ACCOUNT_00173
PERSON_1087,PERSON,ACCOUNT_00773,BANK_ACCOUNT,OWNED,2026-06-30 00:00:00,0.05,0.83,ACCOUNT_00773
PERSON_0803,PERSON,ACCOUNT_00138,BANK_ACCOUNT,OWNED,2026-06-30 00:00:00,0.05,0.87,ACCOUNT_00138
PERSON_0026,PERSON,ACCOUNT_00114,BANK_ACCOUNT,OWNED,2026-06-30 00:00:00,0.05,0.81,ACCOUNT_00114
PERSON_1027,PERSON,ACCOUNT_00633,BANK_ACCOUNT,OWNED,2026-06-30 00:00:00,0.05,0.8,ACCOUNT_00633
PERSON_1237,PERSON,ACCOUNT_00588,BANK_ACCOUNT,OWNED,2026-06-30 00:00:00,0.05,0.86,ACCOUNT_00588
PERSON_0112,PERSON,ACCOUNT_00207,BANK_ACCOUNT,OWNED,2026-06-30 00:00:00,0.05,0.78,ACCOUNT_00207
PERSON_1222,PERSON,ACCOUNT_00646,BANK_ACCOUNT,OWNED,2026-06-30 00:00:00,0.05,0.88,ACCOUNT_00646
PERSON_1325,PERSON,ACCOUNT_00795,BANK_ACCOUNT,OWNED,2026-06-30 00:00:00,0.05,0.76,ACCOUNT_00795
PERSON_0359,PERSON,ACCOUNT_00288,BANK_ACCOUNT,OWNED,2026-06-30 00:00:00,0.05,0.87,ACCOUNT_00288
PERSON_0300,PERSON,ACCOUNT_00900,BANK_ACCOUNT,OWNED,2026-06-30 00:00:00,0.05,0.98,ACCOUNT_00900
PERSON_0415,PERSON,ACCOUNT_00319,BANK_ACCOUNT,OWNED,2026-06-30 00:00:00,0.05,0.89,ACCOUNT_00319
PERSON_0178,PERSON,ACCOUNT_00824,BANK_ACCOUNT,OWNED,2026-06-30 00:00:00,0.05,0.93,ACCOUNT_00824
PERSON_0055,PERSON,ACCOUNT_00557,BANK_ACCOUNT,OWNED,2026-06-30 00:00:00,0.05,0.89,ACCOUNT_00557
PERSON_0666,PERSON,ACCOUNT_00097,BANK_ACCOUNT,OWNED,2026-06-30 00:00:00,0.05,0.76,ACCOUNT_00097
PERSON_0165,PERSON,ACCOUNT_00366,BANK_ACCOUNT,OWNED,2026-06-30 00:00:00,0.05,0.91,ACCOUNT_00366
PERSON_0118,PERSON,ACCOUNT_00239,BANK_ACCOUNT,OWNED,2026-06-30 00:00:00,0.05,0.84,ACCOUNT_00239
PERSON_1266,PERSON,ACCOUNT_00691,BANK_ACCOUNT,OWNED,2026-06-30 00:00:00,0.05,0.76,ACCOUNT_00691
PERSON_0512,PERSON,ACCOUNT_00397,BANK_ACCOUNT,OWNED,2026-06-30 00:00:00,0.05,0.96,ACCOUNT_00397
PERSON_1107,PERSON,ACCOUNT_00545,BANK_ACCOUNT,OWNED,2026-06-30 00:00:00,0.05,0.83,ACCOUNT_00545
PERSON_1328,PERSON,ACCOUNT_00531,BANK_ACCOUNT,OWNED,2026-06-30 00:00:00,0.05,0.82,ACCOUNT_00531
PERSON_0214,PERSON,ACCOUNT_00443,BANK_ACCOUNT,OWNED,2026-06-30 00:00:00,0.05,0.96,ACCOUNT_00443
PERSON_0841,PERSON,ACCOUNT_00261,BANK_ACCOUNT,OWNED,2026-06-30 00:00:00,0.05,0.89,ACCOUNT_00261
PERSON_0534,PERSON,ACCOUNT_00683,BANK_ACCOUNT,OWNED,2026-06-30 00:00:00,0.05,0.78,ACCOUNT_00683
PERSON_0696,PERSON,ACCOUNT_00140,BANK_ACCOUNT,OWNED,2026-06-30 00:00:00,0.05,0.77,ACCOUNT_00140
PERSON_0128,PERSON,ACCOUNT_00236,BANK_ACCOUNT,OWNED,2026-06-30 00:00:00,0.05,0.77,ACCOUNT_00236
PERSON_1088,PERSON,ACCOUNT_00720,BANK_ACCOUNT,OWNED,2026-06-30 00:00:00,0.05,0.86,ACCOUNT_00720
PERSON_0638,PERSON,ACCOUNT_00579,BANK_ACCOUNT,OWNED,2026-06-30 00:00:00,0.05,0.96,ACCOUNT_00579
PERSON_0410,PERSON,ACCOUNT_00374,BANK_ACCOUNT,OWNED,2026-06-30 00:00:00,0.05,0.85,ACCOUNT_00374
PERSON_1341,PERSON,ACCOUNT_00045,BANK_ACCOUNT,OWNED,2026-06-30 00:00:00,0.05,0.91,ACCOUNT_00045
PERSON_1092,PERSON,ACCOUNT_00056,BANK_ACCOUNT,OWNED,2026-06-30 00:00:00,0.05,0.76,ACCOUNT_00056
PERSON_0168,PERSON,ACCOUNT_00299,BANK_ACCOUNT,OWNED,2026-06-30 00:00:00,0.05,0.96,ACCOUNT_00299
PERSON_0564,PERSON,ACCOUNT_00908,BANK_ACCOUNT,OWNED,2026-06-30 00:00:00,0.05,0.77,ACCOUNT_00908
PERSON_1327,PERSON,ACCOUNT_00585,BANK_ACCOUNT,OWNED,2026-06-30 00:00:00,0.05,0.96,ACCOUNT_00585
PERSON_0084,PERSON,ACCOUNT_00533,BANK_ACCOUNT,OWNED,2026-06-30 00:00:00,0.05,0.93,ACCOUNT_00533
PERSON_0535,PERSON,ACCOUNT_00675,BANK_ACCOUNT,OWNED,2026-06-30 00:00:00,0.05,0.98,ACCOUNT_00675
PERSON_0807,PERSON,ACCOUNT_00139,BANK_ACCOUNT,OWNED,2026-06-30 00:00:00,0.05,0.96,ACCOUNT_00139
PERSON_0152,PERSON,ACCOUNT_00407,BANK_ACCOUNT,OWNED,2026-06-30 00:00:00,0.05,0.92,ACCOUNT_00407
PERSON_1174,PERSON,ACCOUNT_00595,BANK_ACCOUNT,OWNED,2026-06-30 00:00:00,0.05,0.96,ACCOUNT_00595
PERSON_0308,PERSON,ACCOUNT_00846,BANK_ACCOUNT,OWNED,2026-06-30 00:00:00,0.05,0.85,ACCOUNT_00846
PERSON_0854,PERSON,ACCOUNT_00167,BANK_ACCOUNT,OWNED,2026-06-30 00:00:00,0.05,0.98,ACCOUNT_00167
PERSON_0976,PERSON,ACCOUNT_00361,BANK_ACCOUNT,OWNED,2026-06-30 00:00:00,0.05,0.85,ACCOUNT_00361
PERSON_1395,PERSON,ACCOUNT_00331,BANK_ACCOUNT,OWNED,2026-06-30 00:00:00,0.05,0.89,ACCOUNT_00331
PERSON_0749,PERSON,ACCOUNT_00348,BANK_ACCOUNT,OWNED,2026-06-30 00:00:00,0.05,0.75,ACCOUNT_00348
PERSON_1371,PERSON,ACCOUNT_00848,BANK_ACCOUNT,OWNED,2026-06-30 00:00:00,0.05,0.96,ACCOUNT_00848
PERSON_0669,PERSON,ACCOUNT_00289,BANK_ACCOUNT,OWNED,2026-06-30 00:00:00,0.05,0.88,ACCOUNT_00289
PERSON_0748,PERSON,ACCOUNT_00049,BANK_ACCOUNT,OWNED,2026-06-30 00:00:00,0.05,0.78,ACCOUNT_00049
PERSON_1158,PERSON,ACCOUNT_00496,BANK_ACCOUNT,OWNED,2026-06-30 00:00:00,0.05,0.84,ACCOUNT_00496
PERSON_0805,PERSON,ACCOUNT_00192,BANK_ACCOUNT,OWNED,2026-06-30 00:00:00,0.05,0.85,ACCOUNT_00192
PERSON_0874,PERSON,ACCOUNT_00118,BANK_ACCOUNT,OWNED,2026-06-30 00:00:00,0.05,0.76,ACCOUNT_00118
PERSON_0362,PERSON,ACCOUNT_00316,BANK_ACCOUNT,OWNED,2026-06-30 00:00:00,0.05,0.95,ACCOUNT_00316
PERSON_0076,PERSON,ACCOUNT_00708,BANK_ACCOUNT,OWNED,2026-06-30 00:00:00,0.05,0.84,ACCOUNT_00708
PERSON_1180,PERSON,ACCOUNT_00600,BANK_ACCOUNT,OWNED,2026-06-30 00:00:00,0.05,0.87,ACCOUNT_00600
PERSON_0702,PERSON,ACCOUNT_00529,BANK_ACCOUNT,OWNED,2026-06-30 00:00:00,0.05,0.94,ACCOUNT_00529
PERSON_0072,PERSON,ACCOUNT_00193,BANK_ACCOUNT,OWNED,2026-06-30 00:00:00,0.05,0.95,ACCOUNT_00193
PERSON_0798,PERSON,ACCOUNT_00525,BANK_ACCOUNT,OWNED,2026-06-30 00:00:00,0.05,0.92,ACCOUNT_00525
PERSON_0509,PERSON,ACCOUNT_00706,BANK_ACCOUNT,OWNED,2026-06-30 00:00:00,0.05,0.95,ACCOUNT_00706
PERSON_0886,PERSON,ACCOUNT_00252,BANK_ACCOUNT,OWNED,2026-06-30 00:00:00,0.05,0.88,ACCOUNT_00252
PERSON_1183,PERSON,ACCOUNT_00224,BANK_ACCOUNT,OWNED,2026-06-30 00:00:00,0.05,0.89,ACCOUNT_00224
PERSON_1179,PERSON,ACCOUNT_00426,BANK_ACCOUNT,OWNED,2026-06-30 00:00:00,0.05,0.99,ACCOUNT_00426
PERSON_1334,PERSON,ACCOUNT_00272,BANK_ACCOUNT,OWNED,2026-06-30 00:00:00,0.05,0.87,ACCOUNT_00272
PERSON_0027,PERSON,ACCOUNT_00385,BANK_ACCOUNT,OWNED,2026-06-30 00:00:00,0.05,0.99,ACCOUNT_00385
